t,selected_action,selection_reason,target_source,min_score,selected_score,max_objectness,selected_objectness,selected_terminal_distance,selected_terminal_progress,selected_terminal_lateral_error,detected,confidence
2.554307222366333,7,target_distance_terminal,truth,0.789569616317749,1.0222954750061035,0.9903685450553894,0.9903685450553894,3.4210715856356932,4.053153390133761,0.4681419034170691,True,0.9903685450553894
2.591071128845215,7,target_distance_terminal,truth,0.7885100841522217,1.0154659748077393,0.989800751209259,0.989800751209259,3.431037707088515,4.042631513239971,0.4647796500302829,True,0.989800751209259
2.614920139312744,7,target_distance_terminal,truth,0.7790427207946777,1.0031015872955322,0.9911693334579468,0.9911693334579468,3.431858670101859,4.040195179736301,0.452862198046184,True,0.9911693334579468
2.6471216678619385,7,target_distance_terminal,truth,0.7745069265365601,0.9945883750915527,0.9913179874420166,0.9913179874420166,3.4423332345298876,4.03011581864266,0.45651925950570266,True,0.9913179874420166
2.679661512374878,7,target_distance_terminal,truth,0.7784126400947571,1.001386284828186,0.9853622913360596,0.9853622913360596,3.4855511537527994,3.988939643615749,0.47449222231692917,True,0.9853622913360596
2.7132744789123535,7,target_distance_terminal,truth,0.7791333794593811,1.0071227550506592,0.9890273809432983,0.9890273809432983,3.4468485367065247,4.028196508338888,0.47583168593365727,True,0.9890273809432983
2.748074531555176,7,target_distance_terminal,truth,0.7782271504402161,1.0002326965332031,0.989401638507843,0.989401638507843,3.4554873722555692,4.019059435318478,0.472837519203536,True,0.989401638507843
2.7804946899414062,7,target_distance_terminal,truth,0.7798405885696411,0.9988061189651489,0.9850895404815674,0.9850895404815674,3.4880052545075944,3.9870229220686646,0.4785558790652383,True,0.9850895404815674
2.8149573802948,7,target_distance_terminal,truth,0.7799369692802429,0.9971567392349243,0.9864209890365601,0.9864209890365601,3.4889236760372215,3.986019480256641,0.47800487515907,True,0.9864209890365601
2.8494303226470947,7,target_distance_terminal,truth,0.781312882900238,1.001293659210205,0.9847807884216309,0.9847807884216309,3.500806009477764,3.974769583345292,0.4833803665566544,True,0.9847807884216309
2.8800454139709473,7,target_distance_terminal,truth,0.7810670733451843,1.010701298713684,0.9893965125083923,0.9893965125083923,3.457483292031885,4.0194346215307775,0.48983816334981334,True,0.9893965125083923
2.9140737056732178,7,target_distance_terminal,truth,0.7812873721122742,1.0107536315917969,0.9867423176765442,0.9867423176765442,3.4753864116164306,4.000953833379255,0.48704709733456947,True,0.9867423176765442
2.9491751194000244,7,target_distance_terminal,truth,0.7823088765144348,1.0086151361465454,0.9889840483665466,0.9889840483665466,3.4640142384627466,4.01312611611515,0.49185614713261944,True,0.9889840483665466
2.9868922233581543,7,target_distance_terminal,truth,0.7839080095291138,1.0060091018676758,0.9890803694725037,0.9890803694725037,3.467712969853369,4.008952796375721,0.48879823590889293,True,0.9890803694725037
3.0140066146850586,7,target_distance_terminal,truth,0.7843817472457886,1.006612777709961,0.9893226027488708,0.9893226027488708,3.4637432979003098,4.01390450487575,0.4953613974264692,True,0.9893226027488708
3.04691743850708,7,target_distance_terminal,truth,0.7866076827049255,1.0103693008422852,0.9894040822982788,0.9894040822982788,3.460022588740812,4.017104321568585,0.49147755467107307,True,0.9894040822982788
3.079732894897461,7,target_distance_terminal,truth,0.7853817939758301,1.0114386081695557,0.9926243424415588,0.9926243424415588,3.424125256514315,4.052691898660032,0.4867563245965236,True,0.9926243424415588
3.1129488945007324,7,target_distance_terminal,truth,0.783592164516449,1.0030159950256348,0.9881526827812195,0.9881526827812195,3.478586198742204,3.9963532169940916,0.4772658351449514,True,0.9881526827812195
3.1482954025268555,7,target_distance_terminal,truth,0.7828913927078247,0.9993953704833984,0.9870963096618652,0.9870963096618652,3.490115307752672,3.9846475743720564,0.47678144286603164,True,0.9870963096618652
3.1847527027130127,7,target_distance_terminal,truth,0.7807983160018921,0.9966468811035156,0.9876848459243774,0.9876848459243774,3.4897520737473475,3.984525966162608,0.4732275445406713,True,0.9876848459243774
3.218276262283325,7,target_distance_terminal,truth,0.7813531160354614,0.99698805809021,0.9866480231285095,0.9866480231285095,3.4996910377925587,3.9745179419952406,0.473398500883281,True,0.9866480231285095
3.2472729682922363,7,target_distance_terminal,truth,0.7764173746109009,0.985619068145752,0.9878532886505127,0.9878532886505127,3.501681877894078,3.9711587812241285,0.46339780015822857,True,0.9878532886505127
3.2798373699188232,7,target_distance_terminal,truth,0.7747952938079834,0.9898422956466675,0.9891479015350342,0.9891479015350342,3.4919258396499426,3.9817323388336794,0.4688230037373299,True,0.9891479015350342
3.313525676727295,7,target_distance_terminal,truth,0.7767109274864197,0.9968398213386536,0.9913205504417419,0.9913205504417419,3.4653984481645033,4.008009567292431,0.4651877122389689,True,0.9913205504417419
3.359036922454834,7,target_distance_terminal,truth,0.7746518850326538,0.9915807247161865,0.9893932342529297,0.9893932342529297,3.49087119698452,3.983637971661813,0.4749896688960975,True,0.9893932342529297
3.3898913860321045,7,target_distance_terminal,truth,0.775631308555603,0.9951505064964294,0.9885810017585754,0.9885810017585754,3.490896760724826,3.983014147573017,0.4706149206702972,True,0.9885810017585754
3.4139387607574463,7,target_distance_terminal,truth,0.7710835933685303,0.9957204461097717,0.9883584976196289,0.9883584976196289,3.4930344894979775,3.980865499623632,0.47067936688724604,True,0.9883584976196289
3.4458892345428467,7,target_distance_terminal,truth,0.7728116512298584,0.9893518686294556,0.9852768778800964,0.9852768778800964,3.514518213320241,3.958103084967145,0.46260106256016614,True,0.9852768778800964
3.4801526069641113,7,target_distance_terminal,truth,0.7666937112808228,0.9881126880645752,0.9869168996810913,0.9869168996810913,3.497605304859594,3.977005139021935,0.4761872591255025,True,0.9869168996810913
3.5230274200439453,7,target_distance_terminal,truth,0.7496280074119568,0.9735414981842041,0.988972008228302,0.988972008228302,3.474908530727551,4.000693580905726,0.4817734319495479,True,0.988972008228302
3.548517942428589,7,target_distance_terminal,truth,0.7531788349151611,0.9859665632247925,0.9773461818695068,0.9773461818695068,3.4895258680484864,3.9907007602980804,0.5148579207489771,True,0.9773461818695068
3.5946545600891113,7,target_distance_terminal,truth,0.7461448311805725,0.9484539031982422,0.9811370372772217,0.9461086392402649,3.6607820885842544,3.8497601734039386,0.7053650405612886,True,0.9811370372772217
3.6149754524230957,1,target_distance_terminal,truth,0.738368034362793,0.8848018646240234,0.9876266121864319,0.5997788906097412,3.937576502007136,3.516380598034762,0.30860892495680364,True,0.9876266121864319
3.6469085216522217,6,target_distance_terminal,truth,0.7792506217956543,1.088270664215088,0.9913274645805359,0.37325242161750793,3.5569878875627134,3.8999766217558527,0.33040538710992906,True,0.9913274645805359
3.6842267513275146,6,target_distance_terminal,truth,1.041648268699646,1.695176601409912,0.9994727969169617,0.3407088816165924,3.055273151112931,4.3998246318710335,0.29346529930169246,True,0.9994727969169617
3.7252609729766846,6,target_distance_terminal,truth,1.3985393047332764,2.465294599533081,0.9961646795272827,0.9468004107475281,3.275234271724334,4.220168970459808,0.6000521303381969,True,0.9961646795272827
3.7519876956939697,6,target_distance_terminal,truth,1.0788578987121582,2.074280261993408,0.9850782155990601,0.9254944920539856,3.233506015215674,4.217933042859176,0.2844500120183882,True,0.9850782155990601
3.791574001312256,6,target_distance_terminal,truth,0.8808395266532898,1.4688551425933838,0.9875345230102539,0.9044930934906006,3.3076987281857093,4.148554272133091,0.3563932417961381,True,0.9875345230102539
3.81416654586792,6,target_distance_terminal,truth,0.8507395386695862,1.384859561920166,0.9854045510292053,0.927669882774353,3.2810283551389126,4.1696315287163195,0.31184621974891236,True,0.9854045510292053
3.8459088802337646,6,target_distance_terminal,truth,0.9642484188079834,1.5625666379928589,0.9564633369445801,0.7054851055145264,3.4251032202784626,4.022460844689781,0.3079966811731131,True,0.9564633369445801
3.882018566131592,6,target_distance_terminal,truth,1.0111535787582397,1.8982890844345093,0.9527367353439331,0.9326217174530029,3.1902959267838766,4.275299004997034,0.47404585081007167,True,0.9527367353439331
3.923027992248535,6,target_distance_terminal,truth,1.1417219638824463,2.1939637660980225,0.9964627623558044,0.815534770488739,3.4241109886911123,4.029926560859934,0.4295374886036026,True,0.9964627623558044
3.946195363998413,1,target_distance_terminal,truth,1.0197672843933105,1.1691069602966309,0.9988755583763123,0.8914230465888977,3.4436193227075744,3.9947395751844113,0.3218219282220811,True,0.9988755583763123
3.9790525436401367,1,target_distance_terminal,truth,0.9078212380409241,1.041309118270874,0.9994738698005676,0.889394223690033,3.3989804172259666,4.036140728385911,0.34553945464848385,True,0.9994738698005676
4.01289701461792,1,target_distance_terminal,truth,0.9665181040763855,1.1893298625946045,0.999570906162262,0.8786048293113708,3.323628137998002,4.106686840583319,0.3435289503237193,True,0.999570906162262
4.0489044189453125,1,target_distance_terminal,truth,0.944588840007782,1.1919448375701904,0.998701810836792,0.9291902780532837,3.196237578910037,4.228310296482521,0.3536726788828744,True,0.998701810836792
4.079633951187134,1,target_distance_terminal,truth,0.841821014881134,1.0937198400497437,0.9986642599105835,0.8783146739006042,3.192457872811312,4.222803765070826,0.3266073618929555,True,0.9986642599105835
4.114187479019165,1,target_distance_terminal,truth,0.9433830976486206,1.209913730621338,0.9973121881484985,0.9308153986930847,3.1320142367740993,4.275800124677195,0.3194248724397836,True,0.9973121881484985
4.145910978317261,1,target_distance_terminal,truth,0.9343206286430359,1.1856316328048706,0.9983929991722107,0.8671055436134338,3.2595444000438922,4.1358683005266315,0.2744690016348391,True,0.9983929991722107
4.182671785354614,1,target_distance_terminal,truth,1.014064908027649,1.4254735708236694,0.9988875985145569,0.7441430687904358,3.1674092035895813,4.217802862317406,0.2815136696119269,True,0.9988875985145569
4.213205099105835,1,target_distance_terminal,truth,0.9800017476081848,1.440453290939331,0.9991766810417175,0.6085780262947083,3.137165778198003,4.238440721773606,0.2743833558019505,True,0.9991766810417175
4.247298240661621,1,target_distance_terminal,truth,0.8515477776527405,1.2747505903244019,0.999349057674408,0.6606488823890686,3.1757762215371725,4.1900794189320845,0.27563477518197993,True,0.999349057674408
4.279362440109253,1,target_distance_terminal,truth,0.8839718103408813,1.4114822149276733,0.998557984828949,0.7186822891235352,2.934213175343768,4.421275696053907,0.3015109039241301,True,0.998557984828949
4.329906702041626,1,target_distance_terminal,truth,0.8355018496513367,1.2803208827972412,0.9998156428337097,0.5079613924026489,3.1028490267172453,4.2312157671883295,0.28426235267041083,True,0.9998156428337097
4.36419415473938,2,target_distance_terminal,truth,0.7374433875083923,0.965438961982727,0.9998433589935303,0.9278280138969421,3.030647058215513,4.342776504425436,0.6223720730024029,True,0.9998433589935303
4.397669076919556,6,target_distance_terminal,truth,0.8619869947433472,1.1820639371871948,0.9999117851257324,0.6505493521690369,3.024245938054236,4.297207190736656,0.3913038968093195,True,0.9999117851257324
4.432369947433472,5,target_distance_terminal,truth,0.8586909770965576,1.5119383335113525,0.9998352527618408,0.9610159993171692,3.0289664087332158,4.63395320445046,1.4776869670115076,True,0.9998352527618408
4.464926481246948,5,target_distance_terminal,truth,0.872429370880127,1.5996452569961548,0.999554455280304,0.960427463054657,3.111989547787565,4.49721797416585,1.4249488510843062,True,0.999554455280304
4.497941970825195,5,target_distance_terminal,truth,0.9687293171882629,1.6662001609802246,0.9994339346885681,0.9824904799461365,3.0721262939567997,4.54543646979166,1.4590183984076943,True,0.9994339346885681
4.5306737422943115,5,target_distance_terminal,truth,0.8249478340148926,1.6819677352905273,0.9993267059326172,0.9933215975761414,3.1310511785397823,4.471066712590085,1.4835699606526922,True,0.9993267059326172
4.5638487339019775,1,target_distance_terminal,truth,0.9767599105834961,1.381199836730957,0.9992920160293579,0.2962440252304077,2.966056140421219,4.294847185589582,0.5355763988941776,True,0.9992920160293579
4.596481084823608,1,target_distance_terminal,truth,0.7538408041000366,1.0333871841430664,0.9991167187690735,0.28474950790405273,3.214375106566978,4.0280443331728115,0.5478722945023429,True,0.9991167187690735
4.630627632141113,1,target_distance_terminal,truth,0.7840178608894348,1.0481644868850708,0.9990703463554382,0.12143401056528091,3.0873367801413103,4.1123544599255615,0.41157058771380217,True,0.9990703463554382
4.662848711013794,5,target_distance_terminal,truth,0.7754406929016113,1.2799360752105713,0.9995001554489136,0.9900890588760376,3.0211823237988202,4.529174195044572,1.4958775629027998,True,0.9995001554489136
4.696217775344849,5,target_distance_terminal,truth,0.7572848796844482,1.188351035118103,0.996385931968689,0.8561542630195618,3.294113747943909,4.100697122106995,1.281374673959067,True,0.996385931968689
4.72979736328125,0,target_distance_terminal,truth,0.7377938032150269,1.1148996353149414,0.9884827733039856,0.7027376890182495,3.2550447497821486,4.103231680937681,1.2477414750295786,True,0.9884827733039856
4.765894174575806,5,target_distance_terminal,truth,0.6906489133834839,1.0124945640563965,0.9849324822425842,0.7470657229423523,3.266371258427787,4.053707366279089,1.2049714223470027,True,0.9849324822425842
4.804595232009888,0,target_distance_terminal,truth,0.7015876173973083,0.9560513496398926,0.7974462509155273,0.785478413105011,3.2464242171718674,4.090275922577865,1.2387095184759738,True,0.7974462509155273
4.8300206661224365,0,target_distance_terminal,truth,0.7226276397705078,0.8995990753173828,0.8704679012298584,0.7832003235816956,3.2445040912849237,4.0948863305725345,1.2198236769558246,True,0.8704679012298584
4.871031761169434,0,target_distance_terminal,truth,0.6441566348075867,0.7400850057601929,0.8707934021949768,0.7314624786376953,3.3566935616718183,3.955930824668203,1.171399411365346,True,0.8707934021949768
4.897926568984985,0,target_distance_terminal,truth,0.6250048279762268,0.7140251398086548,0.9141126275062561,0.7798428535461426,3.348553928278866,3.9803969655778593,1.2009019719244143,True,0.9141126275062561
4.931693077087402,6,target_distance_terminal,truth,0.6455298066139221,0.7693911194801331,0.9348275661468506,0.4757421016693115,3.298366674335116,3.8195538337554638,0.31929431465138647,True,0.9348275661468506
4.964573621749878,6,target_distance_terminal,truth,0.6927040219306946,0.8669372200965881,0.975614070892334,0.7139138579368591,3.203098332667413,3.922390428115639,0.3545088540836822,True,0.975614070892334
4.997517824172974,6,target_distance_terminal,truth,0.6506373286247253,0.7577534914016724,0.9684939980506897,0.6288273930549622,3.2182139398177743,3.9095565281946643,0.3491544938529687,True,0.9684939980506897
5.031473159790039,6,target_distance_terminal,truth,0.6826276779174805,0.7837874889373779,0.9447209239006042,0.3811054825782776,3.3021834191117243,3.8169677821716865,0.32540589506768547,True,0.9447209239006042
5.064226865768433,5,target_distance_terminal,truth,0.6339322924613953,0.7142496705055237,0.902837872505188,0.5188727378845215,3.4655785168451896,3.8338732544765945,1.144520347312772,True,0.902837872505188
5.097809314727783,5,target_distance_terminal,truth,0.6639236807823181,0.7321309447288513,0.9089851975440979,0.5670896768569946,3.387412918438208,3.934126413772627,1.1875704447926674,True,0.9089851975440979
5.131778717041016,5,target_distance_terminal,truth,0.6104553937911987,0.6804935932159424,0.9352058172225952,0.5770837068557739,3.3777092678807983,3.94419561093943,1.2065142009970233,True,0.9352058172225952
5.175033092498779,5,target_distance_terminal,truth,0.6218094825744629,0.6868625283241272,0.9482845067977905,0.5245548486709595,3.416314613005952,3.90469243082203,1.2095930286226424,True,0.9482845067977905
5.198817729949951,6,target_distance_terminal,truth,0.6066867113113403,0.6428194046020508,0.9374818205833435,0.23395653069019318,3.174620255779106,3.942639760251689,0.3307953664928503,True,0.9374818205833435
5.231072425842285,5,target_distance_terminal,truth,0.6211429238319397,0.6688726544380188,0.9820142388343811,0.46400824189186096,3.3521770153292745,3.9980886301927594,1.2929435310712258,True,0.9820142388343811
5.265900611877441,7,target_distance_terminal,truth,0.6355770230293274,0.7139674425125122,0.9742531776428223,0.8885884284973145,3.232645718258178,3.8922427936722266,0.4713730542243683,True,0.9742531776428223
5.2971577644348145,5,target_distance_terminal,truth,0.6339186429977417,0.6899271607398987,0.9531127214431763,0.5427660346031189,3.354406498907217,4.02977361342375,1.3736570819384784,True,0.9531127214431763
5.329035520553589,5,target_distance_terminal,truth,0.6136558055877686,0.6771920919418335,0.9541648626327515,0.6092981100082397,3.3538511379202416,4.030143609664766,1.397749463044627,True,0.9541648626327515
5.37102198600769,7,target_distance_terminal,truth,0.5987727642059326,0.6929112076759338,0.9536231756210327,0.9536231756210327,3.2421862726068085,3.8658489771707627,0.44617311763469486,True,0.9536231756210327
5.397624969482422,5,target_distance_terminal,truth,0.6158997416496277,0.6975533366203308,0.9475398063659668,0.3188190460205078,3.517542659360815,3.8297406799768967,1.3564462442587724,True,0.9475398063659668
5.431211233139038,5,target_distance_terminal,truth,0.5932270288467407,0.6474014520645142,0.995096743106842,0.601261556148529,3.4096165289937623,3.9903711387402265,1.4774676316903983,True,0.995096743106842
5.465502500534058,5,target_distance_terminal,truth,0.5826331973075867,0.6266930103302002,0.9845975637435913,0.6882280111312866,3.323672980617437,4.121980107610822,1.5528602145026424,True,0.9845975637435913
5.496793746948242,7,target_distance_terminal,truth,0.570715606212616,0.6320973038673401,0.9960002303123474,0.9834434986114502,3.053731801760201,4.03548220925916,0.43817806022441047,True,0.9960002303123474
5.530809164047241,7,target_distance_terminal,truth,0.5879096388816833,0.6513861417770386,0.986260712146759,0.9391499161720276,3.163133969888936,3.9103761737948486,0.42817242468288663,True,0.986260712146759
5.575049638748169,7,target_distance_terminal,truth,0.5896962881088257,0.6514855027198792,0.9938287138938904,0.7892143130302429,3.435126123552558,3.6252214860359,0.3657364676558973,True,0.9938287138938904
5.598088502883911,5,target_distance_terminal,truth,0.5992586016654968,0.6183138489723206,0.9878814220428467,0.2898314297199249,3.4325584085136573,4.004278225799929,1.607820509923019,True,0.9878814220428467
5.631511449813843,5,target_distance_terminal,truth,0.6100096702575684,0.6250261664390564,0.8007455468177795,0.29905152320861816,3.467243495556861,3.9436480166184884,1.593834770572545,True,0.8007455468177795
5.670130014419556,5,target_distance_terminal,truth,0.6006377339363098,0.6205930709838867,0.9014629125595093,0.4021645784378052,3.469427443699748,3.9670184289049057,1.6705275513543267,True,0.9014629125595093
5.699876070022583,7,target_distance_terminal,truth,0.6171128153800964,0.6614738702774048,0.9779572486877441,0.9779572486877441,3.147852133198523,3.8494298898433463,0.35486277517445114,True,0.9779572486877441
5.733095645904541,7,target_distance_terminal,truth,0.6245088577270508,0.6634005308151245,0.9957644939422607,0.9957644939422607,2.947947744799064,4.022879667750619,0.3789632032837088,True,0.9957644939422607
5.767801523208618,7,target_distance_terminal,truth,0.6608400940895081,0.7662570476531982,0.9722225069999695,0.9722225069999695,3.3188262981656833,3.6235300721995976,0.4218049648268729,True,0.9722225069999695
5.798495292663574,7,target_distance_terminal,truth,0.6783108711242676,0.785735547542572,0.9901214838027954,0.9901214838027954,3.146061027412699,3.771213098124077,0.45251633303920324,True,0.9901214838027954
5.830445289611816,7,target_distance_terminal,truth,0.6751007437705994,0.7674294114112854,0.9821690917015076,0.9821690917015076,3.0427675762423365,3.829073817027111,0.42037431142003245,True,0.9821690917015076
5.863510847091675,7,target_distance_terminal,truth,0.6648173332214355,0.7796729803085327,0.9481261968612671,0.9481261968612671,3.232299804432578,3.6050622524113356,0.40819969370544545,True,0.9481261968612671
5.907043933868408,7,target_distance_terminal,truth,0.6988955736160278,0.9167076945304871,0.9641674757003784,0.9641674757003784,3.197101420790919,3.615968209281247,0.5265626271436261,True,0.9641674757003784
5.9324352741241455,7,target_distance_terminal,truth,0.6496710181236267,0.8038567304611206,0.9112008810043335,0.9112008810043335,3.345598488720035,3.4397123539981185,0.5596953997693106,True,0.9112008810043335
5.965257406234741,5,target_distance_terminal,truth,0.6465179920196533,0.6465179920196533,0.8780556321144104,0.6745619177818298,3.431524845874797,3.808156879534539,1.836460358847566,True,0.8780556321144104
5.997362852096558,5,target_distance_terminal,truth,0.6576129794120789,0.6576129794120789,0.8956930637359619,0.666489839553833,3.428523263475233,3.7831526727979807,1.8407667207316885,True,0.8956930637359619
6.031029462814331,5,target_distance_terminal,truth,0.6605232954025269,0.6605232954025269,0.8905108571052551,0.6197720170021057,3.4845963990038467,3.664937458802298,1.8250797814553605,True,0.8905108571052551
6.065546035766602,7,target_distance_terminal,truth,0.6410300731658936,0.802693247795105,0.9841070175170898,0.9841070175170898,3.4376598118066264,3.2476484603421336,0.7516226995876237,True,0.9841070175170898
6.098896026611328,2,target_distance_terminal,truth,0.6365621089935303,0.7884922027587891,0.9558389782905579,0.32437872886657715,3.4844393939525915,3.1056609989796233,0.364667763889439,True,0.9558389782905579
6.13090181350708,2,target_distance_terminal,truth,0.6359037756919861,0.7906798124313354,0.9290671944618225,0.2413579523563385,3.43013717874798,3.1424146634692844,0.3640223995357736,True,0.9290671944618225
6.164779424667358,3,target_distance_terminal,truth,0.63149094581604,0.7546200752258301,0.9186742305755615,0.9186742305755615,3.2894824944904215,3.3265916278001084,0.6733794334448105,True,0.9186742305755615
6.197005271911621,3,target_distance_terminal,truth,0.588819682598114,0.6916499137878418,0.9531514644622803,0.9531514644622803,3.240516689994879,3.339777910820694,0.510950891297605,True,0.9531514644622803
6.231793642044067,3,target_distance_terminal,truth,0.6008949279785156,0.7146455645561218,0.9712634086608887,0.9712634086608887,3.2527529409299927,3.3158815806911366,0.5516236010425926,True,0.9712634086608887
6.264807939529419,3,target_distance_terminal,truth,0.5899879932403564,0.6991139054298401,0.9831211566925049,0.9831211566925049,3.305516247106457,3.2500620025948437,0.5190591498336773,True,0.9831211566925049
6.29748797416687,3,target_distance_terminal,truth,0.602940559387207,0.6928896903991699,0.9830544590950012,0.9830544590950012,3.2553850940493994,3.2836007133632115,0.45098955927356604,True,0.9830544590950012
6.33171820640564,3,target_distance_terminal,truth,0.6046122908592224,0.694516658782959,0.9906285405158997,0.9906285405158997,3.210310898452436,3.3077567260266076,0.42782682112884296,True,0.9906285405158997
6.365114688873291,3,target_distance_terminal,truth,0.5827964544296265,0.6835050582885742,0.9849905371665955,0.9849905371665955,3.2169038149010465,3.2956922972534723,0.43927839688604253,True,0.9849905371665955
6.397130966186523,3,target_distance_terminal,truth,0.597650408744812,0.6704813241958618,0.9973621964454651,0.9973621964454651,3.192671242401441,3.3113830505159427,0.4246330930555824,True,0.9973621964454651
6.433197259902954,3,target_distance_terminal,truth,0.5719833374023438,0.6652731895446777,0.997088611125946,0.997088611125946,3.1959545341132474,3.284604501463627,0.38275249929615274,True,0.997088611125946
6.469473838806152,3,target_distance_terminal,truth,0.5787793397903442,0.6620952486991882,0.9929558038711548,0.9929558038711548,3.2626244538467946,3.199826990829997,0.3801636458983903,True,0.9929558038711548
6.503253936767578,3,target_distance_terminal,truth,0.5735749006271362,0.6697801351547241,0.9833990335464478,0.9833990335464478,3.336022699981544,3.1225498785572467,0.38028779306674887,True,0.9833990335464478
6.532003164291382,3,target_distance_terminal,truth,0.5955564975738525,0.6584693789482117,0.9852310419082642,0.9852310419082642,3.3587683502051666,3.0683704829216802,0.3753465089772854,True,0.9852310419082642
6.565359592437744,3,target_distance_terminal,truth,0.6091359853744507,0.6607394218444824,0.9799341559410095,0.9799341559410095,3.382620885687225,3.0122073396861353,0.3637999205098739,True,0.9799341559410095
6.597838640213013,3,target_distance_terminal,truth,0.5958667993545532,0.6583570241928101,0.9886094331741333,0.9886094331741333,3.3535652989317755,3.010236052973242,0.35497722275913285,True,0.9886094331741333
6.632174491882324,3,target_distance_terminal,truth,0.5857948660850525,0.6476925015449524,0.963939368724823,0.963939368724823,3.46963898838694,2.851304420142681,0.33960074917028743,True,0.963939368724823
6.6638593673706055,3,target_distance_terminal,truth,0.6054189205169678,0.6722044348716736,0.902265727519989,0.902265727519989,3.4463194617206416,2.8453010620108117,0.33976171383453363,True,0.902265727519989
6.696991205215454,5,target_distance_terminal,truth,0.6271666288375854,0.6574041247367859,0.6793004274368286,0.6038566827774048,3.4990468428822914,3.35897948641303,1.9774577021763937,True,0.6793004274368286
6.732187986373901,3,target_distance_terminal,truth,0.6140283346176147,0.6658769845962524,0.7640460729598999,0.5798026323318481,3.5227523596508754,2.6989885824434667,0.32850166712273343,True,0.7640460729598999
6.7632787227630615,6,target_distance_terminal,truth,0.6419457793235779,0.6419457793235779,0.9568747282028198,0.8994690775871277,3.4884677444222305,3.0313259177284095,1.5055140634713258,True,0.9568747282028198
6.802472352981567,6,target_distance_terminal,truth,0.6328190565109253,0.6328190565109253,0.9821684956550598,0.879517674446106,3.4778929220890507,3.102765695518827,1.6945949662170887,True,0.9821684956550598
6.832149028778076,6,target_distance_terminal,truth,0.6319134831428528,0.6319134831428528,0.9748365879058838,0.5329576134681702,3.4536694311995606,2.969306343389166,1.430302592801059,True,0.9748365879058838
6.864096164703369,6,target_distance_terminal,truth,0.6765949130058289,0.6765949130058289,0.9420753121376038,0.9188282489776611,3.278956975598426,3.157657103298973,1.4760969382680993,True,0.9420753121376038
6.8974034786224365,6,target_distance_terminal,truth,0.6721504330635071,0.6721504330635071,0.8524637222290039,0.6479794979095459,3.19692783119186,3.1247013118384412,1.269411828788494,True,0.8524637222290039
6.931399822235107,6,target_distance_terminal,truth,0.6823998093605042,0.6823998093605042,0.757921576499939,0.4523359537124634,3.2664327081304356,3.054252416328971,1.3633650181470753,True,0.757921576499939
6.962974309921265,6,target_distance_terminal,truth,0.6831637620925903,0.6831637620925903,0.702206015586853,0.702206015586853,3.2501192067771165,3.1286025637905275,1.528794733821394,True,0.702206015586853
7.00303316116333,6,target_distance_terminal,truth,0.7280087471008301,0.7280087471008301,0.582307755947113,0.582307755947113,3.321109058013446,2.973531572592386,1.4295618559357433,True,0.582307755947113
7.030658006668091,6,target_distance_terminal,truth,0.7214233875274658,0.7214233875274658,0.334850549697876,0.334850549697876,3.424871068360703,2.8186079679996343,1.4174431015032094,False,0.334850549697876
7.064060926437378,6,target_distance_terminal,truth,0.6938146352767944,0.7252741456031799,0.18194535374641418,0.08047409355640411,3.765894626145446,2.4648830113718154,1.5174822493903641,False,0.18194535374641418
7.099644899368286,8,target_distance_terminal,truth,0.687616229057312,0.7302267551422119,0.449674516916275,0.449674516916275,3.4854535415958177,2.4094408430036283,0.348923311518826,False,0.449674516916275
7.1323699951171875,8,target_distance_terminal,truth,0.6830981969833374,0.7090038061141968,0.14467835426330566,0.14467835426330566,3.7136493981553986,2.154749140168336,0.33405207011651816,False,0.14467835426330566
7.165804386138916,8,target_distance_terminal,truth,0.7008147239685059,0.7500247955322266,0.33501213788986206,0.2230897843837738,3.7288011084940953,2.1203694453432145,0.38352183933386974,False,0.33501213788986206
7.198297023773193,8,target_distance_terminal,truth,0.7083691954612732,0.7371662855148315,0.49356210231781006,0.2263423502445221,3.720859412336389,2.1038844038468536,0.37467912632429906,False,0.49356210231781006
7.231482982635498,7,target_distance_terminal,truth,0.720242977142334,0.7871447801589966,0.6477026343345642,0.6477026343345642,3.5299790746555475,2.337273347466045,0.809416212867579,True,0.6477026343345642
7.264197111129761,7,target_distance_terminal,truth,0.7325208187103271,0.8115543723106384,0.8084099888801575,0.8084099888801575,3.4815009433286246,2.3885076781344616,0.9050566925445578,True,0.8084099888801575
7.298489809036255,7,target_distance_terminal,truth,0.7605010867118835,0.8378212451934814,0.9408431053161621,0.9408431053161621,3.244992923601368,2.590781289814044,0.8300337433550955,True,0.9408431053161621
7.33034348487854,7,target_distance_terminal,truth,0.7671497464179993,0.8749575018882751,0.8715677857398987,0.8715677857398987,3.372257665294866,2.4333845538715284,0.8504539713164928,True,0.8715677857398987
7.365939378738403,7,target_distance_terminal,truth,0.7538508772850037,0.8453433513641357,0.9316450953483582,0.9316450953483582,3.368528849217492,2.452228098727548,0.9803334507641904,True,0.9316450953483582
7.397601127624512,7,target_distance_terminal,truth,0.7530087232589722,0.8569874167442322,0.8458218574523926,0.8458218574523926,3.5353700143275195,2.2409265753090146,0.9218233525609212,True,0.8458218574523926
7.430667877197266,7,target_distance_terminal,truth,0.7668725848197937,0.907942533493042,0.9196564555168152,0.9196564555168152,3.710171578714105,2.046807937669749,0.983793828988757,True,0.9196564555168152
7.464329719543457,8,target_distance_terminal,truth,0.7633112668991089,0.8355828523635864,0.9076613783836365,0.0602346770465374,3.716095728332653,1.8956253738663096,0.2397772989368276,True,0.9076613783836365
7.497025012969971,8,target_distance_terminal,truth,0.7841211557388306,0.8136580586433411,0.8113996982574463,0.05690579488873482,3.768351417656173,1.8243380674103398,0.2522298289876054,True,0.8113996982574463
7.539018392562866,8,target_distance_terminal,truth,0.7531769871711731,0.7770432829856873,0.6784462332725525,0.048338890075683594,3.6961871346745787,1.868297924402374,0.24414548616586623,True,0.6784462332725525
7.563717842102051,8,target_distance_terminal,truth,0.7760196924209595,0.7909448742866516,0.7026594281196594,0.035005711019039154,3.731719671962154,1.815737136674222,0.26910884124765183,True,0.7026594281196594
7.597364902496338,7,target_distance_terminal,truth,0.8102244734764099,0.8390531539916992,0.8096341490745544,0.8096341490745544,3.679182004852413,2.0078538657971903,1.0974971888444403,True,0.8096341490745544
7.6314802169799805,7,target_distance_terminal,truth,0.8347493410110474,0.8904273509979248,0.9038350582122803,0.9038350582122803,3.592355512986221,2.0918677820436367,1.1544460480138565,True,0.9038350582122803
7.665495872497559,7,target_distance_terminal,truth,0.8063716292381287,0.8879502415657043,0.8528624176979065,0.8528624176979065,3.831676370133769,1.78565222443785,1.0287133264370245,True,0.8528624176979065
7.698637247085571,7,target_distance_terminal,truth,0.8140039443969727,0.8793411254882812,0.7248165607452393,0.7248165607452393,3.712935831438322,1.905053939655523,1.0705704219069412,True,0.7248165607452393
7.732362747192383,8,target_distance_terminal,truth,0.8380436897277832,0.8664469122886658,0.5509442090988159,0.030169934034347534,3.7452737456847083,1.6998207657697948,0.25129636616705114,True,0.5509442090988159
7.764822959899902,8,target_distance_terminal,truth,0.8344678282737732,0.8544019460678101,0.5363434553146362,0.04633477330207825,3.7092522082809563,1.7181790336836296,0.21233830710909304,True,0.5363434553146362
7.798101186752319,7,target_distance_terminal,truth,0.8408341407775879,1.0101304054260254,0.5459125638008118,0.5459125638008118,3.77487212645398,1.7635713596780997,0.9879420286084466,True,0.5459125638008118
7.832235336303711,7,target_distance_terminal,truth,0.8358727097511292,0.9680136442184448,0.40500548481941223,0.40500548481941223,3.76490788463424,1.7450831548243666,0.960590637399497,False,0.40500548481941223
7.864750623703003,13,target_distance_terminal,truth,0.8624076843261719,0.962230920791626,0.24397920072078705,0.03513473644852638,3.782616320612393,1.5911343775670255,0.11272187754410097,False,0.24397920072078705
7.903080940246582,13,target_distance_terminal,truth,0.883232831954956,0.9607383012771606,0.26215967535972595,0.050268057733774185,3.5611295235901026,1.7932253431944902,0.1191611291917217,False,0.26215967535972595
7.9325501918792725,13,target_distance_terminal,truth,0.8712698221206665,0.9681196212768555,0.256690114736557,0.05104466900229454,3.575399705608559,1.7677108650202638,0.09762143982703513,False,0.256690114736557
7.965659141540527,13,target_distance_terminal,truth,0.8737593293190002,0.969270646572113,0.2680092453956604,0.07021591067314148,3.577548002199366,1.75621219278555,0.18453381293996854,False,0.2680092453956604
7.998447418212891,13,target_distance_terminal,truth,0.8939233422279358,1.0057399272918701,0.1947523057460785,0.06765929609537125,3.5482562399921944,1.773664171993505,0.15888267598269473,False,0.1947523057460785
8.032290697097778,13,target_distance_terminal,truth,0.8722992539405823,0.9905984401702881,0.09898697584867477,0.05034356936812401,3.5769436216092556,1.7261258566457407,0.10360198334457311,False,0.09898697584867477
8.066034317016602,13,target_distance_terminal,truth,0.8354490399360657,0.970362663269043,0.10866736620664597,0.07266900688409805,3.54556802606974,1.7474001486476443,0.07213609081143761,False,0.10866736620664597
8.107058763504028,13,target_distance_terminal,truth,0.8330042362213135,0.9669298529624939,0.11888649314641953,0.06849554181098938,3.553941771132592,1.724106386564975,0.07137670290620717,False,0.11888649314641953
8.131868839263916,13,target_distance_terminal,truth,0.8307910561561584,0.9468610286712646,0.04649565368890762,0.037924885749816895,3.56518982888778,1.7068319221531627,0.11723859704516401,False,0.04649565368890762
8.163325548171997,13,target_distance_terminal,truth,0.8697727918624878,0.9949365854263306,0.043327696621418,0.0292422566562891,3.545765759147764,1.718874897723093,0.16820174139004704,False,0.043327696621418
8.199297428131104,13,target_distance_terminal,truth,0.7849604487419128,0.9356735348701477,0.0795227587223053,0.0795227587223053,3.769237400274908,1.4787206751121735,0.060877120615768526,False,0.0795227587223053
8.233463525772095,13,target_distance_terminal,truth,0.7896245718002319,0.9330638647079468,0.0604698583483696,0.0604698583483696,3.9233577473426204,1.3182965449229171,0.08626112362188536,False,0.0604698583483696
8.264914512634277,13,target_distance_terminal,truth,0.8110089302062988,0.9349369406700134,0.08939065784215927,0.08939065784215927,3.975320447429316,1.260739879402471,0.11460614079621134,False,0.08939065784215927
8.29906940460205,13,target_distance_terminal,truth,0.8666737675666809,0.9674007296562195,0.13769496977329254,0.13769496977329254,3.8363158568851414,1.396104176197256,0.2721275743390645,False,0.13769496977329254
8.331828117370605,13,target_distance_terminal,truth,0.8342521786689758,0.9281302690505981,0.09179642796516418,0.09179642796516418,4.037993332525748,1.1841239818494231,0.19290452560792645,False,0.09179642796516418
8.364615678787231,4,target_distance_terminal,truth,0.8333567380905151,1.0367186069488525,0.10748922824859619,0.0006601755740121007,4.148306597868794,1.087896403296681,0.44679493121868985,False,0.10748922824859619
8.401942729949951,13,target_distance_terminal,truth,0.9248520135879517,0.9600396156311035,0.07971847802400589,0.07971847802400589,3.9273406292748274,1.2921521023328386,0.36911262614854934,False,0.07971847802400589
8.43222713470459,13,target_distance_terminal,truth,0.941555380821228,0.9730587005615234,0.06072324141860008,0.0518169142305851,3.916027814828619,1.3015801267527338,0.38219156579156643,False,0.06072324141860008
8.4663667678833,4,target_distance_terminal,truth,0.9895973205566406,1.0853641033172607,0.10185214877128601,0.0005182812456041574,4.002715873037343,1.2029608984162077,0.3055776223625387,False,0.10185214877128601
8.498347520828247,8,target_distance_terminal,truth,0.998515248298645,1.1915301084518433,0.14843860268592834,0.017384614795446396,3.8433998701303413,1.3526366478997371,0.2060790920673582,False,0.14843860268592834
8.532417058944702,8,target_distance_terminal,truth,0.847596287727356,0.9253038763999939,0.362032026052475,0.00684254290536046,3.8455326003176875,1.3395844788556408,0.15028614271577737,False,0.362032026052475
8.566440105438232,8,target_distance_terminal,truth,0.8885433077812195,0.9325932264328003,0.5104733109474182,0.023444216698408127,3.8488841186951643,1.3425842819410596,0.30386784938575734,True,0.5104733109474182
8.60420298576355,8,target_distance_terminal,truth,0.8844423294067383,0.9610589742660522,0.6123274564743042,0.023667441681027412,3.7447757786691533,1.4441634858039942,0.3511264961285613,True,0.6123274564743042
8.637171268463135,8,target_distance_terminal,truth,0.8522189855575562,0.9049480557441711,0.7744975090026855,0.047280386090278625,3.7154580484467603,1.4741438602698194,0.35869065298231306,True,0.7744975090026855
8.66552734375,8,target_distance_terminal,truth,0.8735273480415344,0.9229222536087036,0.9541847109794617,0.05950512737035751,3.789990245244159,1.3973698671638457,0.35087604078945145,True,0.9541847109794617
8.697089433670044,8,target_distance_terminal,truth,0.8118394017219543,0.9327034950256348,0.9689815640449524,0.173703134059906,3.569737315072794,1.6203829137419132,0.39496918751932386,True,0.9689815640449524
8.731553792953491,8,target_distance_terminal,truth,0.7966579794883728,0.8473623991012573,0.946033239364624,0.1840289980173111,3.6886042576296068,1.4922160640589561,0.3649092014514007,True,0.946033239364624
8.763891458511353,7,target_distance_terminal,truth,0.7831176519393921,0.9643005132675171,0.998562753200531,0.998562753200531,3.37574823978099,1.8773821891015054,0.7771364120298856,True,0.998562753200531
8.805150747299194,7,target_distance_terminal,truth,0.8032993078231812,1.0862398147583008,0.9811275005340576,0.9811275005340576,3.7860909189897898,1.430168793876238,0.659724891336666,True,0.9811275005340576
8.835842609405518,7,target_distance_terminal,truth,0.80731600522995,1.1474683284759521,0.8870156407356262,0.8870156407356262,3.5999574271153927,1.624513059661377,0.6687407141827584,True,0.8870156407356262
8.879025936126709,7,target_distance_terminal,truth,0.7697835564613342,1.0443530082702637,0.9863622188568115,0.9863622188568115,3.543470570948753,1.6757864617687066,0.6542796937288771,True,0.9863622188568115
8.906059503555298,7,target_distance_terminal,truth,0.7677080631256104,1.0456314086914062,0.9825978875160217,0.9825978875160217,3.320324455699346,1.904734276419061,0.6534604049309106,True,0.9825978875160217
8.931178569793701,7,target_distance_terminal,truth,0.7872113585472107,1.028635025024414,0.9662975668907166,0.9662975668907166,3.648956511796241,1.565131175662753,0.6113044137008354,True,0.9662975668907166
8.962201833724976,3,target_distance_terminal,truth,0.79982990026474,0.83025062084198,0.6948232054710388,0.34379634261131287,3.842898429578706,1.3363396791140603,0.3690843533258383,True,0.6948232054710388
9.00303030014038,7,target_distance_terminal,truth,0.7897761464118958,0.9404999613761902,0.7721145749092102,0.7721145749092102,3.867584239004237,1.3157312826245409,0.38841532015818314,True,0.7721145749092102
9.03062653541565,8,target_distance_terminal,truth,0.8105868101119995,0.8581783771514893,0.9392249584197998,0.0422385148704052,3.8506392345181406,1.3321891333889686,0.39359673074132384,True,0.9392249584197998
9.064587354660034,7,target_distance_terminal,truth,0.8276936411857605,1.0281600952148438,0.909905195236206,0.8252205848693848,3.8766648345204358,1.3185526336716247,0.47814992104115367,True,0.909905195236206
9.094789028167725,3,target_distance_terminal,truth,0.8187330961227417,0.8739138841629028,0.9990485310554504,0.6577247381210327,3.816286738106451,1.3818266716787937,0.4716525036846443,True,0.9990485310554504
9.128504514694214,3,target_distance_terminal,truth,0.8283267021179199,0.8891422748565674,0.9990597367286682,0.6928713321685791,3.798720681793957,1.4043616982704876,0.4815571985414614,True,0.9990597367286682
9.16487455368042,13,target_distance_terminal,truth,0.8247111439704895,0.9653375744819641,0.9990774393081665,0.23788313567638397,3.676057851200605,1.5139628572183508,0.35494808865719346,True,0.9990774393081665
9.195272445678711,13,target_distance_terminal,truth,0.8297396302223206,0.9785990715026855,0.9957574009895325,0.3032357692718506,3.3927514541288173,1.789379761648097,0.1841242592475228,True,0.9957574009895325
9.229748487472534,13,target_distance_terminal,truth,0.8042728900909424,1.0106110572814941,0.9889417290687561,0.3282199501991272,3.359177799623954,1.8351620423794606,0.32859895412427953,True,0.9889417290687561
9.264424085617065,7,target_distance_terminal,truth,0.812827467918396,0.9639599323272705,0.9985163807868958,0.9985163807868958,3.4572218372424053,1.791764265461581,0.6718689121349807,True,0.9985163807868958
9.299036741256714,7,target_distance_terminal,truth,0.791563868522644,1.0108680725097656,0.9994345307350159,0.9994345307350159,3.4405195116172473,1.8000555247708632,0.5979751945305708,True,0.9994345307350159
9.329219341278076,13,target_distance_terminal,truth,0.8121731281280518,1.005656361579895,0.9997621178627014,0.5215680599212646,3.444277751115852,1.781968631401878,0.49201862642349187,True,0.9997621178627014
9.36313772201538,13,target_distance_terminal,truth,0.8600808382034302,1.053800106048584,0.9997279047966003,0.5898317098617554,3.440768211066761,1.8074007120956674,0.5956407477674189,True,0.9997279047966003
9.395764589309692,7,target_distance_terminal,truth,0.9008907675743103,1.0871658325195312,0.9998321533203125,0.9998321533203125,3.394190864143925,1.8131142963138351,0.186880136505802,True,0.9998321533203125
9.428187131881714,7,target_distance_terminal,truth,0.8868594765663147,1.097369909286499,0.9998865127563477,0.9998865127563477,3.4635177542517033,1.752589579743226,0.2323388694289375,True,0.9998865127563477
9.45539116859436,7,target_distance_terminal,truth,0.9083210229873657,1.2186951637268066,0.9999121427536011,0.9999089241027832,3.441809167503329,1.7894664436436585,0.33788800542755826,True,0.9999121427536011
9.484086513519287,7,target_distance_terminal,truth,0.8863757848739624,1.5005836486816406,0.999942421913147,0.999942421913147,3.212817381335763,2.047024002426187,0.49698292781981845,True,0.999942421913147
9.517768621444702,7,target_distance_terminal,truth,0.8293509483337402,1.2126349210739136,0.9999768733978271,0.9998981952667236,3.3031320418970913,2.0208476078927715,0.7911025849839571,True,0.9999768733978271
9.551206827163696,7,target_distance_terminal,truth,0.8185853958129883,1.200295090675354,0.9999865293502808,0.9999281167984009,3.2878603433354687,2.031006622506138,0.7518594207947804,True,0.9999865293502808
9.585529088973999,7,target_distance_terminal,truth,0.8634760975837708,1.2144850492477417,0.9999973773956299,0.9999973773956299,2.985209304711842,2.42551193660547,0.9988410143751124,True,0.9999973773956299
9.616440773010254,7,target_distance_terminal,truth,0.9691317081451416,1.5034067630767822,0.9999994039535522,0.9999994039535522,2.3847379374530973,3.2491710766079547,1.3042481154471561,True,0.9999994039535522
9.650667428970337,7,target_distance_terminal,truth,0.9050292372703552,1.3896201848983765,0.9999980926513672,0.9999980926513672,2.5195773738470333,3.0036141853438787,1.1415412538096157,True,0.9999980926513672
9.685887336730957,7,target_distance_terminal,truth,0.8702787160873413,1.0495009422302246,0.9995250701904297,0.9995250701904297,3.4545635944237088,1.8602659277184097,0.6304129269156367,True,0.9995250701904297
9.718260288238525,7,target_distance_terminal,truth,0.8641738891601562,0.9334244728088379,0.9995823502540588,0.9995823502540588,3.38063372256216,1.9393753218582483,0.613330832822917,True,0.9995823502540588
9.750120639801025,5,target_distance_terminal,truth,0.7695134282112122,0.8631990551948547,0.9825265407562256,0.001306799123995006,3.6166157454832537,2.1894340319903343,1.897965249294664,True,0.9825265407562256
9.787009000778198,6,target_distance_terminal,truth,0.856369137763977,1.1603753566741943,0.9962712526321411,0.011209518648684025,3.26806577731696,2.3821065707668794,1.5201319629509402,True,0.9962712526321411
9.816315650939941,6,target_distance_terminal,truth,0.8713211417198181,1.2069973945617676,0.9983547329902649,0.0021266727708280087,3.1490942085393847,2.5506423846328485,1.566935604752779,True,0.9983547329902649
9.853721618652344,6,target_distance_terminal,truth,0.83392333984375,1.1678400039672852,0.9985961318016052,0.12515561282634735,2.811936516010895,3.2021066335797004,1.8876612658897116,True,0.9985961318016052
9.88347339630127,7,target_distance_terminal,truth,0.7805215120315552,0.950134813785553,0.9988321661949158,0.9988321661949158,3.4730064653004766,1.8392857336775243,0.36192987827118134,True,0.9988321661949158
9.918120384216309,7,target_distance_terminal,truth,0.7668675184249878,0.9576618671417236,0.9998980760574341,0.9994670748710632,3.3829042645777045,1.9376991168099216,0.36808165552821287,True,0.9998980760574341
9.952407121658325,7,target_distance_terminal,truth,0.7621932029724121,1.0143814086914062,0.9998582601547241,0.9998582601547241,3.344058944962876,1.981916563025723,0.377974186247667,True,0.9998582601547241
9.985373497009277,7,target_distance_terminal,truth,0.7559562921524048,1.001978874206543,0.9997232556343079,0.9997232556343079,3.367945607535465,1.9646577164222534,0.37439876753926404,True,0.9997232556343079
10.015357494354248,7,target_distance_terminal,truth,0.7719057202339172,0.9911929368972778,0.9993191957473755,0.9993191957473755,3.428786506759588,1.9107788893740112,0.37545557164099663,True,0.9993191957473755
10.048840045928955,7,target_distance_terminal,truth,0.7645233869552612,0.9818943738937378,0.9990823268890381,0.9990823268890381,3.47781466786105,1.8702014331282832,0.38894420665226687,True,0.9990823268890381
10.083628177642822,7,target_distance_terminal,truth,0.7767744660377502,0.9895636439323425,0.9993174076080322,0.9986912608146667,3.610491738853588,1.7411106690890528,0.391671552801702,True,0.9993174076080322
10.119651794433594,7,target_distance_terminal,truth,0.772641658782959,0.9452769756317139,0.9990065693855286,0.9990065693855286,3.497889754990732,1.8648230122144498,0.44415518490546707,True,0.9990065693855286
10.149922609329224,7,target_distance_terminal,truth,0.7879707217216492,0.9433882832527161,0.9987711310386658,0.9985952973365784,3.617460515456911,1.7529003402748244,0.45409824550782935,True,0.9987711310386658
10.185167789459229,6,target_distance_terminal,truth,0.8567361831665039,1.414936900138855,0.9936216473579407,0.5981768369674683,3.109579421118092,3.0391022550284164,2.0816385896220373,True,0.9936216473579407
10.216687440872192,6,target_distance_terminal,truth,0.8408031463623047,1.2582110166549683,0.9992117881774902,0.04097345471382141,3.4349580417718513,2.3553582340159513,1.6708156461397798,True,0.9992117881774902
10.263051986694336,7,target_distance_terminal,truth,0.7936210632324219,0.9325767159461975,0.9976490139961243,0.9968096613883972,3.6981342543741964,1.7041579619254135,0.5524451460625128,True,0.9976490139961243
10.28721308708191,7,target_distance_terminal,truth,0.7956797480583191,0.8903880715370178,0.996587872505188,0.9886518120765686,3.757956524695687,1.6554361954381742,0.5803180271850792,True,0.996587872505188
10.316812515258789,6,target_distance_terminal,truth,0.7875573039054871,0.9143489599227905,0.9919673800468445,0.02123178355395794,3.7069482447635216,2.0452460878893657,1.6273508625161497,True,0.9919673800468445
10.35038709640503,7,target_distance_terminal,truth,0.8104997873306274,0.9296183586120605,0.9949630498886108,0.965456485748291,3.929791582942548,1.494459319427671,0.586428541956616,True,0.9949630498886108
10.384139060974121,7,target_distance_terminal,truth,0.8342818021774292,1.024927020072937,0.9893863201141357,0.9893863201141357,4.050309047927238,1.3782632488978936,0.5720732608139424,True,0.9893863201141357
10.416355609893799,7,target_distance_terminal,truth,0.8252847194671631,1.0299606323242188,0.9990208148956299,0.9990208148956299,3.889148439381732,1.5656543594482264,0.6750986864234515,True,0.9990208148956299
10.449638366699219,7,target_distance_terminal,truth,0.8252758383750916,1.0292936563491821,0.9982709884643555,0.9982709884643555,4.1322329353958445,1.309480796535594,0.5832380218051193,True,0.9982709884643555
10.482744455337524,7,target_distance_terminal,truth,0.8221386075019836,1.0995266437530518,0.9988775849342346,0.9988775849342346,3.9725951541565823,1.4996227814528504,0.7097828575202405,True,0.9988775849342346
10.520827054977417,7,target_distance_terminal,truth,0.8618418574333191,1.1807136535644531,0.9997010231018066,0.9997010231018066,4.0287599174285695,1.4480426100682269,0.7139653358447919,True,0.9997010231018066
10.554475545883179,7,target_distance_terminal,truth,0.82770836353302,1.2514688968658447,0.9999393224716187,0.9999393224716187,3.816016915657427,1.7092981475224696,0.8854820306531827,True,0.9999393224716187
10.585025787353516,7,target_distance_terminal,truth,0.8354783058166504,1.2537016868591309,0.9998738765716553,0.9998738765716553,3.9482566796966116,1.5724697139210544,0.8443411335761687,True,0.9998738765716553
10.61755084991455,7,target_distance_terminal,truth,0.8635314106941223,1.4091815948486328,0.9999547004699707,0.9999547004699707,3.74018525469216,1.8408696726041447,1.0255016124462561,True,0.9999547004699707
10.650034666061401,7,target_distance_terminal,truth,0.9065464735031128,1.63448166847229,0.9999521970748901,0.9999521970748901,3.3190438015749315,2.4370973818525012,1.4075391677279643,True,0.9999521970748901
10.683999300003052,7,target_distance_terminal,truth,0.9666730761528015,1.6892428398132324,0.9999872446060181,0.9999872446060181,3.24896479014247,2.5945878365373485,1.547212662327787,True,0.9999872446060181
10.718351602554321,7,target_distance_terminal,truth,0.9926914572715759,1.7803620100021362,0.9999936819076538,0.9999936819076538,2.9150249357153513,3.4555472924238138,2.116290284592253,True,0.9999936819076538
10.750751256942749,7,target_distance_terminal,truth,1.000382423400879,1.7850637435913086,0.9999891519546509,0.9999891519546509,3.026956927596783,3.1959580885313863,2.0024644259515307,True,0.9999891519546509
10.783349752426147,7,target_distance_terminal,truth,0.9610342979431152,1.6799976825714111,0.9999942779541016,0.9999942779541016,2.9667280680768155,3.887698333120396,2.50639721647819,True,0.9999942779541016
10.817821025848389,7,target_distance_terminal,truth,0.9908761978149414,1.666447639465332,0.9999920129776001,0.9999920129776001,3.0828071822235854,3.2929224680736477,2.1683562058045553,True,0.9999920129776001
10.852770328521729,7,target_distance_terminal,truth,1.0497937202453613,1.662018895149231,0.999992847442627,0.999992847442627,3.1484551126278473,3.2364889844902534,2.1980600413544873,True,0.999992847442627
10.885887145996094,7,target_distance_terminal,truth,1.1832071542739868,1.7609716653823853,0.999992847442627,0.999992847442627,3.145432289924247,3.7522962976100693,2.6149404717554585,True,0.999992847442627
10.917541980743408,7,target_distance_terminal,truth,1.2520155906677246,1.907634973526001,0.9999783039093018,0.9999783039093018,3.2263836241365054,3.899298808076594,2.79538974536948,True,0.9999783039093018
10.959013938903809,7,target_distance_terminal,truth,1.266587257385254,1.899771809577942,0.9999908208847046,0.9999908208847046,3.332716128840274,3.9989957438716015,2.9666911613473093,True,0.9999908208847046
10.987560272216797,2,target_distance_terminal,truth,1.2849891185760498,2.209657907485962,0.9999754428863525,0.9991629123687744,3.395017604664207,3.37729652278944,2.6270712757192527,True,0.9999754428863525
11.0215163230896,2,target_distance_terminal,truth,1.2056881189346313,2.118022918701172,0.9999791383743286,0.9984858632087708,3.468294944002145,3.2987566248606264,2.650737223087048,True,0.9999791383743286
11.05344557762146,2,target_distance_terminal,truth,1.236545443534851,2.0554192066192627,0.9999375343322754,0.9988001585006714,3.5531294595104677,3.348084457255182,2.7916508904810646,True,0.9999375343322754
11.085428714752197,7,target_distance_terminal,truth,1.3344953060150146,2.610653877258301,0.9996206760406494,0.9962183833122253,3.6503782420711297,3.651412980960316,3.1135099633125414,True,0.9996206760406494
11.119073629379272,7,target_distance_terminal,truth,1.5688961744308472,2.852626085281372,0.9999195337295532,0.9656652808189392,3.6878735077525318,3.3628425298658016,2.955898686895091,True,0.9999195337295532
11.152623891830444,7,target_distance_terminal,truth,1.6994941234588623,3.2414932250976562,0.9994231462478638,0.8534484505653381,3.7853031744691417,3.3380608017220776,3.0524542777161114,True,0.9994231462478638
11.195032358169556,7,target_distance_terminal,truth,1.5861791372299194,3.024296283721924,0.9967653751373291,0.9615586400032043,3.8521813265293217,3.360527909010717,3.1427839445756804,True,0.9967653751373291
11.21890926361084,7,target_distance_terminal,truth,1.646592378616333,3.635561227798462,0.9965072274208069,0.9911463856697083,3.912193433567887,3.443909628142681,3.264509345260038,True,0.9965072274208069
11.253145456314087,7,target_distance_terminal,truth,1.5409812927246094,3.2122397422790527,0.999428927898407,0.999428927898407,3.918842461068938,3.5234552121366685,3.3176593294715095,True,0.999428927898407
11.287462711334229,6,target_distance_terminal,truth,2.0521483421325684,5.895681858062744,0.9991403818130493,4.093281313544139e-05,3.8973628020085314,2.5920026311856077,2.451942819712791,True,0.9991403818130493
11.318527221679688,7,target_distance_terminal,truth,1.7246557474136353,2.9940996170043945,0.9985204339027405,0.986735463142395,3.9114682664041216,3.4220139179094002,3.22608386386458,True,0.9985204339027405
11.35175108909607,7,target_distance_terminal,truth,1.5657896995544434,2.8717894554138184,0.9986053109169006,0.9780560731887817,3.9854678261119587,3.0855052041834568,3.0560293252355915,True,0.9986053109169006
11.386070966720581,7,target_distance_terminal,truth,1.4687995910644531,2.7751474380493164,0.9952860474586487,0.9671594500541687,4.056228277709192,2.8305019472318933,2.9098460803217043,True,0.9952860474586487
11.418070793151855,2,target_distance_terminal,truth,1.9600613117218018,2.516451358795166,0.9983264803886414,0.09118715673685074,4.166037330881343,2.6974203501611433,2.919685666708665,True,0.9983264803886414
11.464489936828613,6,target_distance_terminal,truth,2.4311025142669678,6.071107864379883,0.9963966012001038,6.173644214868546e-05,4.1560710958609395,2.191704724022682,2.2642872905048854,True,0.9963966012001038
11.486264944076538,6,target_distance_terminal,truth,2.9170010089874268,6.470935344696045,0.9972391128540039,3.4148797567468137e-05,4.050393509402278,2.718671760696396,2.7942356749463886,True,0.9972391128540039
11.519196271896362,6,target_distance_terminal,truth,4.319731712341309,7.69389533996582,0.9984221458435059,2.268599928356707e-05,3.9160349462654964,3.1443569712011143,3.0346677736680374,True,0.9984221458435059
11.553219079971313,7,target_distance_terminal,truth,3.4871127605438232,5.202094078063965,0.9995579123497009,0.9995579123497009,3.7713116748305286,3.6150987518493456,3.2125848421815397,True,0.9995579123497009
11.589987993240356,7,target_distance_terminal,truth,3.673182964324951,4.943457126617432,0.9998059868812561,0.9968782663345337,3.592695406098399,3.7232363767726175,3.088661395912032,True,0.9998059868812561
11.631074666976929,3,target_distance_terminal,truth,3.5805797576904297,3.869694471359253,0.9999217987060547,0.9992871880531311,3.196538234029032,2.760227317240902,1.597835329466906,True,0.9999217987060547
11.657240390777588,3,target_distance_terminal,truth,3.8184969425201416,3.8969857692718506,0.9999263286590576,0.9992584586143494,3.134776141221134,2.8216685970163264,1.6308125832256706,True,0.9999263286590576
11.68578577041626,3,target_distance_terminal,truth,4.335541725158691,4.619076728820801,0.9999746084213257,0.999428927898407,2.927000093470584,3.1942820558056186,1.8425573387478518,True,0.9999746084213257
11.724259853363037,3,target_distance_terminal,truth,3.4959561824798584,3.668750762939453,0.9999501705169678,0.9991157650947571,3.0468853333781505,2.8847748217223304,1.6680835819178113,True,0.9999501705169678
11.752595663070679,3,target_distance_terminal,truth,3.37697172164917,3.602680206298828,0.9999334812164307,0.999680757522583,3.037456885297025,2.8477003933933367,1.641707848094093,True,0.9999334812164307
11.785729169845581,3,target_distance_terminal,truth,2.7490880489349365,2.7490880489349365,0.9999688863754272,0.9998247027397156,3.1257148301773023,2.637387073670563,1.5145286411470176,True,0.9999688863754272
11.818114757537842,3,target_distance_terminal,truth,2.958578109741211,2.958578109741211,0.9999797344207764,0.9998278617858887,2.9338766490080617,2.934045788322333,1.6794408487186885,True,0.9999797344207764
11.85367202758789,3,target_distance_terminal,truth,2.392158269882202,2.4905660152435303,0.9999232292175293,0.9994962215423584,3.161791668384924,2.4762326017972223,1.4155208827556012,True,0.9999232292175293
11.88570785522461,3,target_distance_terminal,truth,2.560136318206787,2.560136318206787,0.9999710321426392,0.9996123909950256,2.8306989387388017,3.0253907778285702,1.7238029916205344,True,0.9999710321426392
11.92228889465332,3,target_distance_terminal,truth,1.795100450515747,2.1291050910949707,0.9999357461929321,0.9988530874252319,2.833661960485123,2.9522573595551855,1.6809051550367091,True,0.9999357461929321
11.955556631088257,3,target_distance_terminal,truth,1.758237600326538,2.0990753173828125,0.9999837875366211,0.9996907711029053,2.7780546142590583,3.0097500318151074,1.7087463350270757,True,0.9999837875366211
11.9900221824646,3,target_distance_terminal,truth,1.768601894378662,2.0634307861328125,0.9999719858169556,0.9994428753852844,2.7004150516930916,3.1368873357896465,1.7860550638914217,True,0.9999719858169556
12.01976466178894,3,target_distance_terminal,truth,1.4624502658843994,1.9575787782669067,0.9999834299087524,0.999213457107544,3.053787781607502,2.4717313204766187,1.4285974211881611,True,0.9999834299087524
12.051900148391724,3,target_distance_terminal,truth,1.7898218631744385,2.1699209213256836,0.9999880790710449,0.9991747736930847,2.817362701324276,2.957741855825838,1.7325517905184704,True,0.9999880790710449
12.085505723953247,3,target_distance_terminal,truth,1.260096549987793,1.8441327810287476,0.999983549118042,0.9990103244781494,3.249763580732826,2.218027577400285,1.3185288642706623,True,0.999983549118042
12.118640422821045,3,target_distance_terminal,truth,1.8174268007278442,2.2098937034606934,0.9999920129776001,0.9991455078125,2.9645660239400824,2.7313820793384833,1.6453748827741326,True,0.9999920129776001
12.153073072433472,8,target_distance_terminal,truth,1.9699671268463135,2.419930934906006,0.9999957084655762,0.9999957084655762,2.8047090302573907,3.0965009682013,1.851960139433463,True,0.9999957084655762
12.18688678741455,8,target_distance_terminal,truth,1.8411786556243896,2.3482720851898193,0.9999942779541016,0.9999942779541016,2.7970478297490233,3.165887461945576,1.9063326870559199,True,0.9999942779541016
12.219645738601685,8,target_distance_terminal,truth,1.8025444746017456,2.3929779529571533,0.9999914169311523,0.9999914169311523,2.885166477781438,2.9747264295328484,1.813023926561627,True,0.9999914169311523
12.25168514251709,8,target_distance_terminal,truth,1.8961877822875977,2.555229425430298,0.9999921321868896,0.9999921321868896,2.7380263480517404,3.6575166071377816,2.2415515854979464,True,0.9999921321868896
12.28611421585083,8,target_distance_terminal,truth,1.833794355392456,2.627800703048706,0.9999735355377197,0.9999735355377197,2.7865190699899194,3.415676207290392,2.1053716594007135,True,0.9999735355377197
12.327028512954712,3,target_distance_terminal,truth,1.4106154441833496,2.0757956504821777,0.9999209642410278,0.9963284134864807,2.8546352307487655,3.417218232011842,2.1891222604523737,True,0.9999209642410278
12.352922439575195,3,target_distance_terminal,truth,1.168972373008728,1.8298546075820923,0.9998300075531006,0.9863342642784119,2.9510768796362052,3.1173689679588845,2.027475122581652,True,0.9998300075531006
12.390238761901855,3,target_distance_terminal,truth,1.1552975177764893,1.8966995477676392,0.9995753169059753,0.9964169263839722,3.0606474052784924,2.8663676446014135,1.892903760060146,True,0.9995753169059753
12.421886444091797,3,target_distance_terminal,truth,1.113700032234192,1.7472742795944214,0.9943146109580994,0.9328034520149231,3.457634174097986,2.1450322091903966,1.4475990955497977,True,0.9943146109580994
12.452799558639526,3,target_distance_terminal,truth,0.8658016324043274,1.440003752708435,0.9886946082115173,0.9473236799240112,3.6102171603257203,1.9383329850392585,1.3184930391333944,True,0.9886946082115173
12.48371410369873,3,target_distance_terminal,truth,0.8273158669471741,1.5390032529830933,0.994472324848175,0.9665026664733887,3.4253458526751355,2.258118526852838,1.5477596231578654,True,0.994472324848175
12.51989221572876,3,target_distance_terminal,truth,0.8331042528152466,1.652427315711975,0.9938427209854126,0.9850509166717529,3.266824278473249,2.603744645470264,1.8051780237369328,True,0.9938427209854126
12.552285432815552,3,target_distance_terminal,truth,0.9022393226623535,1.8226804733276367,0.9989319443702698,0.9844897985458374,3.206168473513756,2.802703876433036,1.9568546287436444,True,0.9989319443702698
12.58350920677185,3,target_distance_terminal,truth,0.8434422612190247,1.818253993988037,0.9995796084403992,0.9872389435768127,3.276073537548991,2.671281430972259,1.8732779779965798,True,0.9995796084403992
12.627057075500488,3,target_distance_terminal,truth,0.8233035206794739,1.8957278728485107,0.9989217519760132,0.9904807209968567,3.215159602252366,2.892258150760526,2.0416084300315998,True,0.9989217519760132
12.65222954750061,3,target_distance_terminal,truth,0.7724179625511169,1.648788332939148,0.9983755350112915,0.9426034688949585,3.2851391031829387,2.785492565426356,1.9998205636924804,True,0.9983755350112915
12.688773155212402,3,target_distance_terminal,truth,0.9167680144309998,2.186049461364746,0.9985149502754211,0.9935420751571655,3.1675719517384633,3.2924212289746313,2.355488009873648,True,0.9985149502754211
12.721715450286865,3,target_distance_terminal,truth,0.9061403274536133,2.1109273433685303,0.9996095299720764,0.9919285774230957,3.193151429143353,3.2684681132432662,2.352381431768499,True,0.9996095299720764
12.752179861068726,8,target_distance_terminal,truth,0.9499280452728271,1.9548650979995728,0.9992413520812988,0.9992413520812988,3.166169101374575,3.410395059609666,2.4237977661749275,True,0.9992413520812988
12.783555746078491,8,target_distance_terminal,truth,1.0230215787887573,1.9619966745376587,0.9991402626037598,0.9991402626037598,3.174498924399871,3.803214255232301,2.7030463787911816,True,0.9991402626037598
12.819243907928467,3,target_distance_terminal,truth,1.006550908088684,2.3875598907470703,0.996189534664154,0.9904933571815491,3.263018724855304,3.3561716781262523,2.470564911701648,True,0.996189534664154
12.85175895690918,3,target_distance_terminal,truth,0.8602951765060425,2.2486720085144043,0.989150881767273,0.989150881767273,3.392193765247494,2.897496084319076,2.16454589682756,True,0.989150881767273
12.885644912719727,8,target_distance_terminal,truth,1.0183119773864746,2.0601818561553955,0.9934571385383606,0.9380831718444824,3.365750557914708,2.947511448534455,2.1567225600161546,True,0.9934571385383606
12.917246341705322,3,target_distance_terminal,truth,1.1243271827697754,2.1572554111480713,0.961706280708313,0.961706280708313,3.4508196490718106,2.8531286527325936,2.147756270521454,True,0.961706280708313
12.952717542648315,3,target_distance_terminal,truth,1.0437073707580566,2.2768468856811523,0.9947968125343323,0.9947968125343323,3.4015329226544244,3.1312739894909725,2.3642352761679963,True,0.9947968125343323
12.995033264160156,3,target_distance_terminal,truth,1.017215371131897,2.093531847000122,0.9929880499839783,0.9929880499839783,3.6169378563485783,2.5503671250727202,1.9437895368149503,True,0.9929880499839783
13.01753282546997,3,target_distance_terminal,truth,0.9252501726150513,2.1291515827178955,0.9948397278785706,0.9948397278785706,3.6126954837625904,2.6192977125568073,2.004589952282799,True,0.9948397278785706
13.051684141159058,3,target_distance_terminal,truth,1.016107201576233,2.157539129257202,0.9946709275245667,0.9946709275245667,3.621002735968712,2.6761487809001077,2.066563422697706,True,0.9946709275245667
13.082977771759033,3,target_distance_terminal,truth,1.1189987659454346,2.0729880332946777,0.9894193410873413,0.9894193410873413,3.6304468617357672,2.7068166079718887,2.0907485325037056,True,0.9894193410873413
13.118422508239746,3,target_distance_terminal,truth,0.9725874662399292,1.6579465866088867,0.9867299795150757,0.9867299795150757,3.746574871592097,2.4899374041823186,1.9310575610947276,True,0.9867299795150757
13.155762195587158,3,target_distance_terminal,truth,0.8282459378242493,1.4173768758773804,0.9528301358222961,0.9528301358222961,3.8281312779029064,2.3813363639733947,1.860154543777481,True,0.9528301358222961
13.183583498001099,3,target_distance_terminal,truth,0.9601205587387085,1.5759576559066772,0.8983169198036194,0.8983169198036194,3.780892039695801,2.5299964298314683,1.9752066553597998,True,0.8983169198036194
13.221141576766968,3,target_distance_terminal,truth,0.9382641315460205,1.3505756855010986,0.8755592703819275,0.8755592703819275,3.9382123955493435,2.273525242851768,1.7890897941331914,True,0.8755592703819275
13.252407550811768,3,target_distance_terminal,truth,0.9235087037086487,1.273043155670166,0.6903406381607056,0.6903406381607056,4.010944913609519,2.1833267681947754,1.7137426247244951,True,0.6903406381607056
13.283581018447876,3,target_distance_terminal,truth,0.8481554985046387,1.1490898132324219,0.6011568903923035,0.4930874705314636,4.205722909015937,1.9089203179482055,1.5001098735658447,True,0.6011568903923035
13.32114863395691,3,target_distance_terminal,truth,0.9116367101669312,1.203376054763794,0.5809217691421509,0.4333397448062897,4.049654325787238,2.198406670699403,1.7131395402434964,True,0.5809217691421509
13.35275912284851,3,target_distance_terminal,truth,1.001286268234253,1.2164804935455322,0.6102666258811951,0.18115073442459106,4.161192807314757,2.055228492635771,1.5984544248462198,True,0.6102666258811951
13.386911630630493,8,target_distance_terminal,truth,1.0323762893676758,1.4539252519607544,0.46595126390457153,0.2860948145389557,3.9226351494601075,2.473956043554457,1.8613095926862722,False,0.46595126390457153
13.416040658950806,8,target_distance_terminal,truth,1.0736401081085205,1.528954029083252,0.4317704737186432,0.3648722469806671,3.870287069173156,2.62165285342552,1.9633648410029283,False,0.4317704737186432
13.450773239135742,8,target_distance_terminal,truth,1.0749346017837524,1.9892587661743164,0.8039431571960449,0.8039431571960449,3.603260477781409,3.064753316231735,2.105186604818128,True,0.8039431571960449
13.484524726867676,8,target_distance_terminal,truth,1.1599375009536743,3.1806159019470215,0.6063264012336731,0.45052555203437805,3.7086982979167815,2.991093684379556,2.1401224613733953,True,0.6063264012336731
13.51808214187622,8,target_distance_terminal,truth,1.0451855659484863,1.9628349542617798,0.6806484460830688,0.6806484460830688,3.6541849587214763,3.0873445917407363,2.1373507841433748,True,0.6806484460830688
13.552528142929077,8,target_distance_terminal,truth,1.0023232698440552,1.6471362113952637,0.7181586027145386,0.7181586027145386,3.774044484121751,2.9211565354941875,2.0579847113023257,True,0.7181586027145386
13.588319778442383,8,target_distance_terminal,truth,0.9812947511672974,1.50897216796875,0.9677252173423767,0.9677252173423767,3.333011779967964,3.5486088719018465,2.124722519569882,True,0.9677252173423767
13.62119460105896,8,target_distance_terminal,truth,0.9687708616256714,1.4220261573791504,0.9771432876586914,0.9771432876586914,3.4430730240745984,3.396300457567669,2.0659168904996377,True,0.9771432876586914
13.652079820632935,8,target_distance_terminal,truth,0.870499849319458,1.1207877397537231,0.7650532722473145,0.7650532722473145,4.248672513995797,2.3004990030052257,1.7255821889895306,True,0.7650532722473145
13.684033870697021,3,target_distance_terminal,truth,0.8872652649879456,1.080383539199829,0.7130061984062195,0.7130061984062195,4.518925333818286,1.9344200492995869,1.447173737480355,True,0.7130061984062195
13.716696739196777,3,target_distance_terminal,truth,0.8511835336685181,1.0545488595962524,0.9279656410217285,0.9279656410217285,4.435641433063382,2.088134258497525,1.5401725541914235,True,0.9279656410217285
13.751281261444092,3,target_distance_terminal,truth,0.8650503754615784,1.0569971799850464,0.8127489686012268,0.8127489686012268,4.332984990925172,2.2845322984755674,1.6710218753821309,True,0.8127489686012268
13.78295087814331,3,target_distance_terminal,truth,0.8780760169029236,1.0261754989624023,0.5770350694656372,0.5496655702590942,4.525662629471564,2.0459075990740496,1.5027305735309566,True,0.5770350694656372
13.816972970962524,3,target_distance_terminal,truth,0.8331316709518433,1.0261895656585693,0.655951201915741,0.44043824076652527,4.690506856758756,1.864064818977355,1.3791148465021257,True,0.655951201915741
13.849315404891968,3,target_distance_terminal,truth,0.8155954480171204,1.0267053842544556,0.8197658061981201,0.7634259462356567,4.629652430468574,1.9991358110439084,1.4922902418320716,True,0.8197658061981201
13.884120464324951,8,target_distance_terminal,truth,0.7889456748962402,1.0805500745773315,0.9535779356956482,0.9340267181396484,4.55560490129252,2.1649739616297774,1.6428044408152258,True,0.9535779356956482
13.916990518569946,8,target_distance_terminal,truth,0.8207910656929016,1.1777313947677612,0.9689889550209045,0.9689889550209045,4.272040511518638,2.65548569640256,1.9696639597328252,True,0.9689889550209045
13.963051557540894,8,target_distance_terminal,truth,0.8308377265930176,1.2108392715454102,0.9752952456474304,0.9752952456474304,4.133945132699809,2.9147060645625436,2.091360561215383,True,0.9752952456474304
13.986698627471924,8,target_distance_terminal,truth,0.8964477181434631,1.4051086902618408,0.9857778549194336,0.9857778549194336,3.8836929215791294,3.260903521286512,2.1232069103820814,True,0.9857778549194336
14.019979238510132,8,target_distance_terminal,truth,0.8720251321792603,1.3521177768707275,0.9627771377563477,0.9627771377563477,4.098080521292535,3.047145992260937,2.1321261780092264,True,0.9627771377563477
14.053828716278076,8,target_distance_terminal,truth,0.8595277070999146,1.2388854026794434,0.9627485275268555,0.9627485275268555,4.198940253612219,2.922316032365427,2.0638684557492337,True,0.9627485275268555
14.083716869354248,8,target_distance_terminal,truth,0.8217250108718872,1.2446099519729614,0.7912415266036987,0.782255232334137,4.411306229913144,2.6435036923564876,1.928124044541097,True,0.7912415266036987
14.116729497909546,8,target_distance_terminal,truth,0.8308179378509521,1.23665189743042,0.903739333152771,0.903739333152771,4.243335535060991,2.922359294955555,2.0399740414055043,True,0.903739333152771
14.150309085845947,8,target_distance_terminal,truth,0.8616143465042114,1.2313222885131836,0.8913600444793701,0.8913600444793701,4.392638655496605,2.7490302212320805,1.966367954174456,True,0.8913600444793701
14.183475732803345,8,target_distance_terminal,truth,0.9166253805160522,1.3220518827438354,0.9023701548576355,0.9023701548576355,4.28582247537216,2.8962784437836855,1.9576524908697,True,0.9023701548576355
14.219685792922974,8,target_distance_terminal,truth,0.8941063284873962,1.265668272972107,0.9857776761054993,0.9857776761054993,4.02895647133247,3.230373397063791,1.9742412565013436,True,0.9857776761054993
14.251803874969482,8,target_distance_terminal,truth,0.9360237121582031,1.2673356533050537,0.9579731822013855,0.9579731822013855,4.271114105973416,2.9704914252423698,1.9426512793441724,True,0.9579731822013855
14.283360242843628,4,target_distance_terminal,truth,0.9078972935676575,1.3824880123138428,0.9781991243362427,0.8549973368644714,4.283718588111621,2.623719230743667,0.9269585844054333,True,0.9781991243362427
14.315510988235474,4,target_distance_terminal,truth,0.9235072731971741,1.372361421585083,0.9909932017326355,0.816843569278717,4.26473404914543,2.678379373893363,0.9429327814402306,True,0.9909932017326355
14.351837158203125,4,target_distance_terminal,truth,0.9146273136138916,1.3034560680389404,0.998054027557373,0.8855849504470825,4.160575821649907,2.8306763208290584,0.9941464986381466,True,0.998054027557373
14.386693477630615,4,target_distance_terminal,truth,0.9324180483818054,1.3069547414779663,0.9966880679130554,0.9141395688056946,4.057066760750006,2.977911833290088,1.0296383145125185,True,0.9966880679130554
14.42055892944336,4,target_distance_terminal,truth,0.9993901252746582,1.3443350791931152,0.997802197933197,0.9005655646324158,4.0396136145562025,3.0369565599915735,1.060003876404615,True,0.997802197933197
14.467039585113525,4,target_distance_terminal,truth,0.9851253032684326,1.286431908607483,0.9983612895011902,0.9211242198944092,3.853522344512052,3.277922886398861,1.1163516910571687,True,0.9983612895011902
14.484097719192505,4,target_distance_terminal,truth,0.949592113494873,1.3697787523269653,0.9990610480308533,0.9083304405212402,3.723106311017186,3.4608549529120807,1.1640768861444108,True,0.9990610480308533
14.51675271987915,4,target_distance_terminal,truth,1.0138273239135742,1.315068006515503,0.999377429485321,0.9340274333953857,3.6764314563654747,3.5442045026746802,1.1735469251222914,True,0.999377429485321
14.548434019088745,4,target_distance_terminal,truth,1.0560201406478882,1.3996092081069946,0.9985305070877075,0.8671488165855408,3.6717254624197393,3.5869824419739507,1.1938407305933862,True,0.9985305070877075
14.582532167434692,4,target_distance_terminal,truth,0.9727573394775391,1.1941077709197998,0.9948467016220093,0.7742015719413757,3.93185925565703,3.3241143673956235,1.1257054388247258,True,0.9948467016220093
14.617397785186768,4,target_distance_terminal,truth,1.0407683849334717,1.2702791690826416,0.9945921301841736,0.7494642734527588,3.8475618291009055,3.449145426662696,1.1460595693879694,True,0.9945921301841736
14.650540351867676,4,target_distance_terminal,truth,1.0344276428222656,1.218625783920288,0.9977715015411377,0.5978241562843323,3.9835090693577784,3.323642267652415,1.094220825436029,True,0.9977715015411377
14.683242082595825,4,target_distance_terminal,truth,1.0629055500030518,1.3470813035964966,0.9980993866920471,0.770001232624054,3.9267744954784862,3.4174697742744296,1.1091253671242596,True,0.9980993866920471
14.717219591140747,4,target_distance_terminal,truth,1.0539305210113525,1.3520714044570923,0.99846351146698,0.504037082195282,4.043079855938536,3.3148152043983172,1.0665884972057555,True,0.99846351146698
14.749764442443848,4,target_distance_terminal,truth,1.1117342710494995,1.4944677352905273,0.999444305896759,0.6093984246253967,4.031911427833586,3.3649908130814437,1.0925281626306946,True,0.999444305896759
14.78251576423645,4,target_distance_terminal,truth,1.1769053936004639,1.7189122438430786,0.9982743263244629,0.6338269114494324,3.86738395231053,3.581563520805673,1.1432059963349204,True,0.9982743263244629
14.81729245185852,4,target_distance_terminal,truth,1.124394416809082,1.6178935766220093,0.9983246922492981,0.7592559456825256,3.9164534997294465,3.555206350460044,1.1267821562363496,True,0.9983246922492981
14.850080251693726,4,target_distance_terminal,truth,1.1900737285614014,1.5111751556396484,0.999072790145874,0.7778107523918152,3.894277495450087,3.571882602021071,0.99471039654027,True,0.999072790145874
14.88254165649414,8,target_distance_terminal,truth,1.472694993019104,2.5203192234039307,0.9998512268066406,0.9998512268066406,3.5446677775328137,4.1864155690452,1.5654208879619456,True,0.9998512268066406
14.917084455490112,8,target_distance_terminal,truth,1.4174824953079224,2.634371042251587,0.9999376535415649,0.9999376535415649,3.431966383826285,4.361755337213032,1.6031294995071728,True,0.9999376535415649
14.951194524765015,4,target_distance_terminal,truth,1.445667028427124,1.9727078676223755,0.9998477697372437,0.9093754291534424,3.4159233558570974,4.217395719973414,1.1698659591841976,True,0.9998477697372437
14.981672525405884,4,target_distance_terminal,truth,1.2218858003616333,1.7232095003128052,0.9999425411224365,0.8985032439231873,3.3287929578422792,4.318095505833895,1.110733057581767,True,0.9999425411224365
15.020399808883667,9,target_distance_terminal,truth,1.5679664611816406,2.676330089569092,0.9999653100967407,0.9998294115066528,3.049815036051611,4.800539241973177,1.4451709103653114,True,0.9999653100967407
15.04984736442566,4,target_distance_terminal,truth,1.941400408744812,2.6563477516174316,0.9999343156814575,0.9837362170219421,2.9157255280073318,4.803545834529786,1.0715747062705177,True,0.9999343156814575
15.083830118179321,4,target_distance_terminal,truth,1.8238019943237305,2.4354913234710693,0.9998767375946045,0.9818581342697144,3.0009859541380894,4.7482086253998315,1.0905119121091875,True,0.9998767375946045
15.114604234695435,4,target_distance_terminal,truth,1.9828219413757324,2.9209094047546387,0.999941349029541,0.9921485185623169,2.7917823908873065,4.947127987601715,0.9490477297023907,True,0.999941349029541
15.15503454208374,4,target_distance_terminal,truth,2.327329635620117,3.327327013015747,0.9999167919158936,0.9926799535751343,2.807660061680578,4.941390266349941,0.8980441507907848,True,0.9999167919158936
15.184736728668213,4,target_distance_terminal,truth,3.84664249420166,5.244118690490723,0.9998903274536133,0.9848237037658691,2.4776286980928806,5.30351607258176,0.8534350067633809,True,0.9998903274536133
15.216135263442993,4,target_distance_terminal,truth,3.4380438327789307,4.916155815124512,0.9998892545700073,0.9957777261734009,2.4556160157044564,5.354557743876197,0.8532908538608611,True,0.9998892545700073
15.250437021255493,4,target_distance_terminal,truth,2.029219388961792,3.1607112884521484,0.9999591112136841,0.9961448907852173,2.663742326370826,5.126557989062447,0.7429354214144609,True,0.9999591112136841
15.282418966293335,4,target_distance_terminal,truth,1.986723780632019,3.7758679389953613,0.9999176263809204,0.9977693557739258,2.5667476177221396,5.2004952135043885,0.5328033258387086,True,0.9999176263809204
15.316795349121094,4,target_distance_terminal,truth,1.520613670349121,2.4800572395324707,0.9999754428863525,0.9996492862701416,2.4285273431258148,5.378645048855062,0.5770383955379823,True,0.9999754428863525
15.35039210319519,9,target_distance_terminal,truth,1.6576651334762573,3.8184092044830322,0.9999508857727051,0.9999508857727051,2.460741874638458,5.412752754122123,0.7286953599461883,True,0.9999508857727051
15.38421082496643,9,target_distance_terminal,truth,1.4835433959960938,3.52652645111084,0.9998602867126465,0.9998602867126465,2.8370397550170567,5.01919181090747,0.7378435741929629,True,0.9998602867126465
15.415226936340332,9,target_distance_terminal,truth,1.367763876914978,2.6670637130737305,0.9998623132705688,0.9998623132705688,3.0060422750799662,4.8288713796510105,0.6950545232624945,True,0.9998623132705688
15.453637838363647,4,target_distance_terminal,truth,1.549777626991272,2.3750641345977783,0.9997448325157166,0.9985972046852112,3.0986925908036214,4.68734121112374,0.4924021959724757,True,0.9997448325157166
15.48826265335083,9,target_distance_terminal,truth,1.5750788450241089,3.2030086517333984,0.9998732805252075,0.9998732805252075,2.871076857102618,4.944984833207559,0.6566298057227536,True,0.9998732805252075
15.519181966781616,9,target_distance_terminal,truth,1.7381268739700317,3.4841740131378174,0.9998830556869507,0.9998830556869507,2.8265784444050337,4.9697668827751444,0.5970492362516809,True,0.9998830556869507
15.553932189941406,4,target_distance_terminal,truth,1.365265130996704,1.7881615161895752,0.9998152852058411,0.9918762445449829,3.4013016793594164,4.359085993961862,0.5049456736795085,True,0.9998152852058411
15.581864595413208,4,target_distance_terminal,truth,1.4144927263259888,1.7412078380584717,0.9995167255401611,0.9730753302574158,3.747291739202472,3.9957793041634795,0.4688668188174546,True,0.9995167255401611
15.615246057510376,9,target_distance_terminal,truth,1.4711719751358032,2.7624189853668213,0.9996587038040161,0.9986973404884338,3.6764592431792273,4.041588833303509,0.32314094962377576,True,0.9996587038040161
15.651427030563354,9,target_distance_terminal,truth,1.503615140914917,2.6769485473632812,0.9997403025627136,0.9962365031242371,3.78299231717755,3.919120182051015,0.29309090636389945,True,0.9997403025627136
15.682839393615723,9,target_distance_terminal,truth,1.8226613998413086,3.6037933826446533,0.9997000694274902,0.9973264932632446,3.368314566272136,4.3258233114930515,0.31635339044994076,True,0.9997000694274902
15.714143991470337,9,target_distance_terminal,truth,2.1043472290039062,5.145407199859619,0.9984654188156128,0.9981698989868164,3.1632963357661583,4.5201863992113935,0.32202241099005524,True,0.9984654188156128
15.750369310379028,9,target_distance_terminal,truth,2.391700029373169,6.3853254318237305,0.9994528889656067,0.9994528889656067,2.618637868003072,5.053339258134149,0.3319583802518824,True,0.9994528889656067
15.790914535522461,9,target_distance_terminal,truth,3.3451759815216064,7.513943672180176,0.9991403818130493,0.9991403818130493,2.668732202287508,4.985846689735595,0.3351276828905174,True,0.9991403818130493
15.815242290496826,9,target_distance_terminal,truth,5.514137268066406,8.532609939575195,0.9995627999305725,0.9995627999305725,2.5442422967947187,5.100689697834502,0.3366634458635033,True,0.9995627999305725
15.847550630569458,9,target_distance_terminal,truth,4.532253742218018,7.119131088256836,0.999678373336792,0.999678373336792,2.602646016038357,5.029865799234913,0.3607838956907454,True,0.999678373336792
15.888014793395996,9,target_distance_terminal,truth,5.873291492462158,8.313236236572266,0.9995366334915161,0.9995366334915161,2.406443976420774,5.205726835541619,0.345576428969667,True,0.9995366334915161
15.914359092712402,9,target_distance_terminal,truth,6.351831912994385,9.227875709533691,0.9994027614593506,0.9994027614593506,2.43753772390684,5.1571339644647916,0.34291367985090776,True,0.9994027614593506
15.959038972854614,4,target_distance_terminal,truth,7.292420387268066,7.909290790557861,0.9990090131759644,0.9957013726234436,2.349715615784622,5.2514829808734085,0.49665985494359605,True,0.9990090131759644
15.982203483581543,4,target_distance_terminal,truth,4.4393839836120605,4.6738433837890625,0.9993544220924377,0.9955667853355408,2.4439383763781786,5.160623187182663,0.6003417050578429,True,0.9993544220924377
16.01385188102722,4,target_distance_terminal,truth,4.785383701324463,4.940093040466309,0.9992714524269104,0.9978654980659485,2.486558658823413,5.085147243973397,0.5480781589674967,True,0.9992714524269104
16.04981756210327,4,target_distance_terminal,truth,6.002274036407471,6.002274036407471,0.9991931319236755,0.9983501434326172,2.3213956407330447,5.232833938751477,0.5621749022110185,True,0.9991931319236755
16.084904193878174,4,target_distance_terminal,truth,5.960840225219727,6.173284530639648,0.9989846348762512,0.9981815814971924,2.1423170759658903,5.382614206129776,0.5057770610678487,True,0.9989846348762512
16.11484980583191,4,target_distance_terminal,truth,6.186481952667236,6.266880989074707,0.9990854263305664,0.9985236525535583,2.086297938868112,5.425944363729132,0.5333217079426285,True,0.9990854263305664
16.150665760040283,4,target_distance_terminal,truth,6.859389781951904,6.895702362060547,0.9994720816612244,0.9990824460983276,2.0183845899071318,5.46384166567467,0.5186470226231393,True,0.9994720816612244
16.18609118461609,4,target_distance_terminal,truth,6.767904281616211,7.2988080978393555,0.9992679953575134,0.9982341527938843,2.169687621823041,5.264818122303129,0.43009567326248094,True,0.9992679953575134
16.218798875808716,4,target_distance_terminal,truth,5.866681098937988,6.220737457275391,0.9994949102401733,0.996536135673523,2.06898798587311,5.343372364988071,0.427099762423393,True,0.9994949102401733
16.253180742263794,4,target_distance_terminal,truth,4.066878795623779,4.7737250328063965,0.9997501969337463,0.9986733198165894,2.0744628638078506,5.3187672427228945,0.4821373379584413,True,0.9997501969337463
16.28557825088501,4,target_distance_terminal,truth,3.650686264038086,5.22044038772583,0.9993984699249268,0.997864305973053,2.084467873433833,5.280643235348018,0.4707226019102248,True,0.9993984699249268
16.318288803100586,4,target_distance_terminal,truth,1.9160524606704712,2.4198203086853027,0.9997299313545227,0.9993358254432678,2.4919734073508564,4.833950472416515,0.44720045664045993,True,0.9997299313545227
16.347851991653442,4,target_distance_terminal,truth,1.7652173042297363,2.4006857872009277,0.9995228052139282,0.9993777275085449,2.6472612439398184,4.648051424574313,0.43673500969447704,True,0.9995228052139282
16.382851362228394,4,target_distance_terminal,truth,1.631054401397705,2.3315601348876953,0.998938262462616,0.998938262462616,3.327122624907125,3.916726267823812,0.3630497543405919,True,0.998938262462616
16.414552927017212,4,target_distance_terminal,truth,1.6444642543792725,2.298210382461548,0.9993613362312317,0.9993613362312317,3.102352437090163,4.115591559407439,0.36752103171170913,True,0.9993613362312317
16.44861888885498,4,target_distance_terminal,truth,1.9200700521469116,2.505800247192383,0.9992306232452393,0.9992306232452393,2.5751982435184084,4.622871254192252,0.3948725642946704,True,0.9992306232452393
16.488423347473145,4,target_distance_terminal,truth,1.572487711906433,2.400015115737915,0.9995911717414856,0.9995911717414856,3.395852088241813,3.7484359097921804,0.3119600591456015,True,0.9995911717414856
16.514569759368896,4,target_distance_terminal,truth,1.7688627243041992,2.7788045406341553,0.9995664954185486,0.9993101358413696,3.3604328752277017,3.753543020050113,0.30403136883657644,True,0.9995664954185486
16.550726175308228,4,target_distance_terminal,truth,1.859332799911499,2.8649075031280518,0.999447762966156,0.999447762966156,3.3042717590419235,3.7704050323915177,0.3005712122870794,True,0.999447762966156
16.581393003463745,4,target_distance_terminal,truth,1.685125708580017,2.7308099269866943,0.9989610910415649,0.9980342984199524,3.246143520212864,3.7977256626363407,0.2975214823546811,True,0.9989610910415649
16.6170551776886,4,target_distance_terminal,truth,1.3749200105667114,2.302074432373047,0.9951377511024475,0.962956428527832,3.962033173822353,3.04405573861558,0.23592827852598963,True,0.9951377511024475
16.650327682495117,2,target_distance_terminal,truth,1.0083856582641602,1.2401719093322754,0.991028368473053,0.9549375772476196,4.489878897104486,2.7306532771204193,1.5123368647024162,True,0.991028368473053
16.685402393341064,8,target_distance_terminal,truth,0.9624783396720886,1.3412142992019653,0.9995754361152649,0.9972794651985168,4.337180070610172,2.686426438534769,0.9135235702970805,True,0.9995754361152649
16.715092182159424,7,target_distance_terminal,truth,0.9264534711837769,1.066569209098816,0.9996048808097839,0.9996048808097839,4.122493599753384,3.062329815830193,1.5203611889895061,True,0.9996048808097839
16.748072624206543,7,target_distance_terminal,truth,0.8681648969650269,1.128958821296692,0.9997722506523132,0.9997722506523132,3.642012421946055,3.400743957358731,1.133214105869065,True,0.9997722506523132
16.782241344451904,7,target_distance_terminal,truth,1.050188660621643,1.4946635961532593,0.999931812286377,0.999931812286377,3.4787480822334116,3.5743193211080664,1.252195406298607,True,0.999931812286377
16.81538486480713,8,target_distance_terminal,truth,1.0349770784378052,1.4306538105010986,0.9994151592254639,0.9975530505180359,3.493225258556163,3.3060119747191834,0.28761997318194726,True,0.9994151592254639
16.847814559936523,8,target_distance_terminal,truth,0.9776672124862671,1.3612968921661377,0.9985014200210571,0.9985014200210571,3.456529442960463,3.307755601364841,0.2555251224088114,True,0.9985014200210571
16.882468938827515,8,target_distance_terminal,truth,1.1125880479812622,1.361732006072998,0.9995738863945007,0.9995738863945007,3.4111865422977377,3.3154033245650436,0.3094663103688006,True,0.9995738863945007
16.915785312652588,8,target_distance_terminal,truth,1.5808541774749756,2.0031449794769287,0.9995009899139404,0.9995009899139404,3.3395167812626703,3.3859378423983033,0.5495022196298226,True,0.9995009899139404
16.95267105102539,8,target_distance_terminal,truth,2.7114005088806152,3.6434595584869385,0.9998337030410767,0.9958167672157288,3.7136404814948096,2.9537524416965217,0.4693154482017241,True,0.9998337030410767
16.987229585647583,8,target_distance_terminal,truth,3.890374183654785,6.098470211029053,0.9992615580558777,0.9988542795181274,2.8282776187243464,3.877433078983092,0.7478072242582982,True,0.9992615580558777
17.018864154815674,8,target_distance_terminal,truth,4.968780040740967,8.348003387451172,0.9995137453079224,0.9969037175178528,2.2507367167434267,4.521060830197491,0.9258668757999292,True,0.9995137453079224
17.04740285873413,8,target_distance_terminal,truth,3.8770289421081543,6.403924465179443,0.9998181462287903,0.999512791633606,2.2027646494524205,4.53381293873496,0.9094016462815718,True,0.9998181462287903
17.08115530014038,8,target_distance_terminal,truth,2.8093628883361816,4.788439750671387,0.9998286962509155,0.9910224676132202,2.654890987858351,3.9656142677317052,0.7969839566408093,True,0.9998286962509155
17.11833095550537,8,target_distance_terminal,truth,2.395604133605957,4.386211395263672,0.9998189806938171,0.9749573469161987,2.3577155810550696,4.276648174468572,0.8755465636344079,True,0.9998189806938171
17.149476051330566,8,target_distance_terminal,truth,1.947189211845398,3.7774851322174072,0.9998985528945923,0.9966036081314087,2.149267540676133,4.471992963569606,0.8996390730830245,True,0.9998985528945923
17.188686847686768,8,target_distance_terminal,truth,1.6917600631713867,2.714293956756592,0.9997801184654236,0.9968511462211609,2.314449968527635,4.254767213355825,0.8888905158889996,True,0.9997801184654236
17.21426224708557,8,target_distance_terminal,truth,1.6341063976287842,2.9353668689727783,0.9995915293693542,0.9875698685646057,2.4214893258693926,4.087020492843499,0.8362744922608567,True,0.9995915293693542
17.24767780303955,12,target_distance_terminal,truth,1.0692052841186523,3.6720213890075684,0.9997848868370056,0.9997848868370056,3.3981975809622242,3.0121856915067906,0.7468141228316953,True,0.9997848868370056
17.280986785888672,7,target_distance_terminal,truth,1.2908689975738525,2.4710121154785156,0.9999656677246094,0.9999656677246094,2.879437778865144,3.800565493509482,1.4549405176022836,True,0.9999656677246094
17.313810110092163,8,target_distance_terminal,truth,1.4718635082244873,3.8878636360168457,0.999961256980896,0.351617693901062,3.2993749200975158,3.013956921340516,0.6278918100901121,True,0.999961256980896
17.347899913787842,8,target_distance_terminal,truth,1.7120087146759033,2.689955711364746,0.9999871253967285,0.9416455626487732,3.5981447752158493,2.6630430378108323,0.5388298552753692,True,0.9999871253967285
17.38057804107666,8,target_distance_terminal,truth,2.1835265159606934,4.574579238891602,0.9997755885124207,0.9915176033973694,2.013862478735963,4.436055292080462,1.010007853092438,True,0.9997755885124207
17.416667461395264,8,target_distance_terminal,truth,1.1641639471054077,2.148228168487549,0.9978589415550232,0.9806376695632935,2.9824448772963876,3.2523742540000127,0.723658552606814,True,0.9978589415550232
17.450375080108643,9,target_distance_terminal,truth,1.2747353315353394,2.6662237644195557,0.9934547543525696,0.990665078163147,3.210776558340488,3.301603772053581,1.5686626820593026,True,0.9934547543525696
17.48408317565918,9,target_distance_terminal,truth,1.2505449056625366,2.0925872325897217,0.9955673813819885,0.9955673813819885,2.8973456832289295,3.893378525059873,1.9120400934121955,True,0.9955673813819885
17.514076471328735,9,target_distance_terminal,truth,1.5178278684616089,2.670664072036743,0.9907872080802917,0.9895052313804626,2.967698993120901,3.844820134007641,2.0000924881326894,True,0.9907872080802917
17.552987098693848,9,target_distance_terminal,truth,1.295453667640686,1.7450504302978516,0.9705472588539124,0.9705472588539124,2.8944021794881145,3.8176952273942644,1.907963019473127,True,0.9705472588539124
17.583195686340332,9,target_distance_terminal,truth,1.1070634126663208,1.6358463764190674,0.9945980310440063,0.9228746891021729,2.9342441651956372,3.5012590338282386,1.5997543483752805,True,0.9945980310440063
17.613533973693848,9,target_distance_terminal,truth,0.8813177943229675,1.1066339015960693,0.9579149484634399,0.9579149484634399,2.7862301471191984,3.5121185588742274,1.3882981857319554,True,0.9579149484634399
17.647549867630005,9,target_distance_terminal,truth,1.048780918121338,1.6821421384811401,0.9314982295036316,0.9009981155395508,2.7970114372926678,3.461953833219519,1.3804024317212336,True,0.9314982295036316
17.67984175682068,8,target_distance_terminal,truth,1.2984660863876343,2.205591917037964,0.7725890874862671,0.7725890874862671,3.1804883239427624,2.731354263805581,0.6180487758366153,True,0.7725890874862671
17.713371753692627,8,target_distance_terminal,truth,1.7832947969436646,3.190865993499756,0.9253360629081726,0.8581790924072266,2.777549764782182,3.1841719464851566,0.8821140481670496,True,0.9253360629081726
17.750260591506958,7,target_distance_terminal,truth,1.2101011276245117,1.3511191606521606,0.9989197254180908,0.9989197254180908,2.9514905538581626,2.8656663900781827,0.5000808901805966,True,0.9989197254180908
17.782355308532715,8,target_distance_terminal,truth,0.975624680519104,1.0436986684799194,0.9914815425872803,0.7882955074310303,3.07571632206231,2.8055138449296266,0.9174064758757663,True,0.9914815425872803
17.813969135284424,8,target_distance_terminal,truth,1.3887706995010376,1.947015643119812,0.985569417476654,0.02514222264289856,3.355612953828524,2.4786055986380697,0.9116169280348296,True,0.985569417476654
17.855028867721558,7,target_distance_terminal,truth,1.9435817003250122,2.3558216094970703,0.9923455119132996,0.9847314357757568,3.3134747615893914,2.3683346720761937,0.21429255240611156,True,0.9923455119132996
17.8882794380188,2,target_distance_terminal,truth,3.4035091400146484,3.7413740158081055,0.9982031583786011,0.9973815083503723,2.864608431330183,2.8360516236054285,0.6250655639276337,True,0.9982031583786011
17.913856983184814,2,target_distance_terminal,truth,2.7992491722106934,2.7992491722106934,0.9975482821464539,0.9975482821464539,3.751452445097715,1.8833455433712525,0.5192648021143342,True,0.9975482821464539
17.94903254508972,2,target_distance_terminal,truth,2.8384552001953125,3.2723047733306885,0.9566853046417236,0.758882999420166,3.6508300108885297,1.9202327829869754,0.19438819568294116,True,0.9566853046417236
17.983242988586426,7,target_distance_terminal,truth,2.2501473426818848,3.0767409801483154,0.9995290040969849,0.9995290040969849,3.3202943899504804,2.209036524193634,0.20238552376766497,True,0.9995290040969849
18.017026901245117,8,target_distance_terminal,truth,3.0866196155548096,3.0866196155548096,0.9987826943397522,0.05233230069279671,3.237778714188693,2.457876625106899,1.1334418230884458,True,0.9987826943397522
18.04644227027893,8,target_distance_terminal,truth,1.6501649618148804,2.0880630016326904,0.9970717430114746,0.09740851074457169,3.5392695980004016,2.053831923421249,0.966204640534112,True,0.9970717430114746
18.081642627716064,8,target_distance_terminal,truth,2.0272486209869385,2.5325655937194824,0.6301704049110413,0.1733311116695404,2.9453966814381207,2.812014631629519,1.3747191007313204,True,0.6301704049110413
18.117676973342896,8,target_distance_terminal,truth,1.22267746925354,1.6459405422210693,0.5212066173553467,0.08971495181322098,3.137903661317809,2.484785985628529,1.1968573913166043,True,0.5212066173553467
18.149763822555542,8,target_distance_terminal,truth,0.8841918706893921,1.1748906373977661,0.9019778966903687,0.12845975160598755,3.0718984653010697,2.5578517769037954,1.2924590985932303,True,0.9019778966903687
18.188737630844116,8,target_distance_terminal,truth,0.8193025588989258,1.014465570449829,0.8701139688491821,0.06362240016460419,3.1138683747398814,2.457496979957202,1.2396830959808354,True,0.8701139688491821
18.212252855300903,12,target_distance_terminal,truth,0.804426908493042,0.9305565357208252,0.38247546553611755,0.12069114297628403,3.300967518182225,1.9942861395082634,0.2764770919062625,False,0.38247546553611755
18.247286796569824,7,target_distance_terminal,truth,0.8337496519088745,1.141528844833374,0.43987002968788147,0.43987002968788147,3.3595841175379535,1.9191043625050892,0.4087358838055818,False,0.43987002968788147
18.280261039733887,7,target_distance_terminal,truth,0.9408422708511353,1.3383046388626099,0.950819194316864,0.950819194316864,3.0859821015932294,2.167365534511571,0.48609603755747016,True,0.950819194316864
18.31366777420044,7,target_distance_terminal,truth,1.5790340900421143,2.264164686203003,0.9978260397911072,0.9978260397911072,3.202127533606223,2.032318139351706,0.5560319757478455,True,0.9978260397911072
18.34855818748474,8,target_distance_terminal,truth,1.7047696113586426,2.664609432220459,0.9994082450866699,0.7485047578811646,2.924776801498869,2.915260288692615,1.8782899465195915,True,0.9994082450866699
18.38173484802246,8,target_distance_terminal,truth,1.9290359020233154,2.336542844772339,0.9999667406082153,0.7024679183959961,3.1086521971763914,2.4139294647431937,1.5299684904073803,True,0.9999667406082153
18.41738224029541,8,target_distance_terminal,truth,1.3166488409042358,1.756435513496399,0.9621993899345398,0.2258756011724472,3.0561610253193443,2.787396129711029,2.006708334894191,True,0.9621993899345398
18.449814796447754,12,target_distance_terminal,truth,1.144329309463501,1.528261661529541,0.6700558066368103,0.19370360672473907,3.1420373067503298,1.9643893566630042,0.5577113662644534,True,0.6700558066368103
18.480494022369385,7,target_distance_terminal,truth,1.3430051803588867,1.724132776260376,0.8235509991645813,0.8235509991645813,2.831905028720525,2.3667800629771145,0.9627138312560859,True,0.8235509991645813
18.515528917312622,7,target_distance_terminal,truth,0.8579237461090088,1.2024627923965454,0.5839163064956665,0.5839163064956665,3.040217957691259,2.1055025836180623,0.9173867531810684,True,0.5839163064956665
18.545634746551514,5,target_distance_terminal,truth,0.7987537384033203,1.0023912191390991,0.3805190622806549,0.006290269084274769,3.1271009995771415,2.232301634287743,1.4957323469071642,False,0.3805190622806549
18.58280348777771,8,target_distance_terminal,truth,0.8262499570846558,1.0378538370132446,0.8559980392456055,0.0737973004579544,3.341397123994572,2.270263752332322,2.0024966923643075,True,0.8559980392456055
18.61263942718506,7,target_distance_terminal,truth,0.8346125483512878,1.1101324558258057,0.9434731006622314,0.8917843699455261,3.4826058266908637,1.5213894339696508,0.7569499632992106,True,0.9434731006622314
18.6550452709198,7,target_distance_terminal,truth,0.8423078060150146,1.1659817695617676,0.9489558339118958,0.9489558339118958,3.562053303814235,1.4095380534438469,0.7258530921736679,True,0.9489558339118958
18.678057432174683,7,target_distance_terminal,truth,0.8664916753768921,1.1847138404846191,0.9575332403182983,0.9575332403182983,3.4886352621400514,1.4739356630037919,0.783340454545473,True,0.9575332403182983
18.7172372341156,7,target_distance_terminal,truth,0.9484995603561401,1.2426996231079102,0.9219951629638672,0.9219951629638672,3.444466575725201,1.499454820816443,0.8284896882120154,True,0.9219951629638672
18.747286796569824,8,target_distance_terminal,truth,0.933335542678833,1.120316743850708,0.6935892105102539,0.04252907261252403,3.7474032105802277,1.3406360948940714,1.3901913547245672,True,0.6935892105102539
18.78223967552185,7,target_distance_terminal,truth,0.9594085216522217,1.2103209495544434,0.3413344919681549,0.2820315361022949,3.4014656861545403,1.5078667245088073,0.8876370627271065,False,0.3413344919681549
18.813743114471436,7,target_distance_terminal,truth,0.9901771545410156,1.2488348484039307,0.353251188993454,0.353251188993454,3.271705249064938,1.6579239177726879,1.0076119359293414,False,0.353251188993454
18.847095012664795,7,target_distance_terminal,truth,1.0388506650924683,1.5856819152832031,0.765594482421875,0.560569167137146,2.681042568773256,2.632076819445213,1.6434449723185036,True,0.765594482421875
18.877612590789795,7,target_distance_terminal,truth,1.0580570697784424,1.6094390153884888,0.773026168346405,0.773026168346405,2.6659008774662554,2.7112211042404994,1.7402833078670212,True,0.773026168346405
18.913657665252686,7,target_distance_terminal,truth,0.9363767504692078,1.1697887182235718,0.9728182554244995,0.6331762671470642,3.262618815583984,1.6254193093373293,1.0778737328716121,True,0.9728182554244995
18.945199251174927,7,target_distance_terminal,truth,1.064684510231018,1.3122862577438354,0.8922259211540222,0.4136480987071991,3.3311745233710286,1.5209361842451268,1.036459871039222,True,0.8922259211540222
18.979176998138428,7,target_distance_terminal,truth,1.1364693641662598,1.9107749462127686,0.9991728663444519,0.960167407989502,2.672858613103334,3.115276325558272,2.1792557690337637,True,0.9991728663444519
19.012397527694702,7,target_distance_terminal,truth,1.1238377094268799,1.849363088607788,0.999842643737793,0.998538613319397,2.7076456128566395,3.0926316413786252,2.217434011234293,True,0.999842643737793
19.045228719711304,7,target_distance_terminal,truth,1.27077054977417,1.8538647890090942,0.9999629259109497,0.9756552577018738,2.7498515397405012,3.148613010321416,2.3162016392205005,True,0.9999629259109497
19.079050540924072,7,target_distance_terminal,truth,1.711730718612671,2.0426712036132812,0.999990701675415,0.9942758679389954,2.794740812551436,3.2852351609819945,2.4575841914494245,True,0.999990701675415
19.113929510116577,7,target_distance_terminal,truth,1.3195998668670654,1.6329113245010376,0.999890923500061,0.9426825642585754,2.8531898598280216,3.259599725659272,2.5207324184010815,True,0.999890923500061
19.145487308502197,7,target_distance_terminal,truth,1.2133256196975708,1.52156662940979,0.9994838237762451,0.6754763126373291,2.933711055941925,3.2836515568636773,2.630129594321076,True,0.9994838237762451
19.18702268600464,7,target_distance_terminal,truth,1.0390675067901611,1.4199860095977783,0.9443920850753784,0.8188419938087463,2.9665383447335043,3.1658817733221314,2.6125293692837612,True,0.9443920850753784
19.213030099868774,7,target_distance_terminal,truth,0.9848304986953735,1.3631987571716309,0.9393806457519531,0.5060771703720093,3.0117834713576253,3.046525127987902,2.6067376898232544,True,0.9393806457519531
19.245599269866943,7,target_distance_terminal,truth,1.0408424139022827,1.4006303548812866,0.855685293674469,0.4797663986682892,3.0434200535450855,2.9281022126650345,2.578333772208706,True,0.855685293674469
19.28172206878662,7,target_distance_terminal,truth,1.1167974472045898,1.5046757459640503,0.9961077570915222,0.7567129731178284,3.048233065277266,2.507390209891978,2.2791949646839806,True,0.9961077570915222
19.313020944595337,6,target_distance_terminal,truth,1.3941060304641724,2.0628044605255127,0.9999140501022339,0.9999140501022339,3.121037414621971,1.483678570971964,0.7071791326027153,True,0.9999140501022339
19.344202518463135,6,target_distance_terminal,truth,1.8442718982696533,2.673430919647217,0.9997425675392151,0.9997425675392151,2.8531790603168656,1.8077944673172461,0.896391954473099,True,0.9997425675392151
19.37990164756775,6,target_distance_terminal,truth,1.994776964187622,3.179842233657837,0.9998007416725159,0.9998007416725159,2.096001293160962,3.212480172340475,1.6487571823243026,True,0.9998007416725159
19.411235094070435,6,target_distance_terminal,truth,2.414273738861084,3.367616653442383,0.9993202686309814,0.9993202686309814,2.115765560633702,3.368580500766456,1.786779862362891,True,0.9993202686309814
19.44645357131958,6,target_distance_terminal,truth,2.9268627166748047,3.8176651000976562,0.9998093247413635,0.9998093247413635,2.1684295037782975,3.5184205156119717,1.9347331289559073,True,0.9998093247413635
19.48114037513733,6,target_distance_terminal,truth,2.995375633239746,3.9839112758636475,0.9977338314056396,0.9977338314056396,2.2254526798492056,3.4517264615127137,1.9675551609637865,True,0.9977338314056396
19.52305006980896,6,target_distance_terminal,truth,2.5935540199279785,3.4964077472686768,0.9877859354019165,0.9877859354019165,2.285699033100827,3.450769451208051,2.0358893698334937,True,0.9877859354019165
19.546700477600098,6,target_distance_terminal,truth,3.0022776126861572,3.7630136013031006,0.9977286458015442,0.9977286458015442,2.344785866883781,3.461716640352363,2.107787823929099,True,0.9977286458015442
19.578043699264526,6,target_distance_terminal,truth,2.6408069133758545,3.241112470626831,0.9957106113433838,0.9957106113433838,2.4001256142290948,3.442208586678831,2.159749960802007,True,0.9957106113433838
19.611318111419678,6,target_distance_terminal,truth,2.7157745361328125,3.4486234188079834,0.9997206330299377,0.9997206330299377,2.446648473997404,3.334708177676573,2.1575659099246467,True,0.9997206330299377
19.655031442642212,6,target_distance_terminal,truth,2.2468860149383545,3.036752462387085,0.99921715259552,0.99921715259552,2.500552148432572,3.2857984669341387,2.191023373858872,True,0.99921715259552
19.679487943649292,6,target_distance_terminal,truth,2.782743453979492,3.5818073749542236,0.9998542070388794,0.9998542070388794,2.549503437135447,3.2516234515130047,2.2268624471362264,True,0.9998542070388794
19.711942672729492,6,target_distance_terminal,truth,2.539619207382202,3.199693202972412,0.9998555183410645,0.9998555183410645,2.5960490703988297,3.217442938634159,2.25833007625856,True,0.9998555183410645
19.745094299316406,6,target_distance_terminal,truth,2.45922589302063,3.4232964515686035,0.9998062252998352,0.9998062252998352,2.6347768161264,3.161130112412573,2.2670366555149357,True,0.9998062252998352
19.77900743484497,6,target_distance_terminal,truth,2.435671091079712,3.829951047897339,0.9994224309921265,0.9994224309921265,2.690366010536457,3.1780955114282174,2.3371300525769647,True,0.9994224309921265
19.81902575492859,6,target_distance_terminal,truth,2.5028584003448486,3.709977626800537,0.999396800994873,0.999396800994873,2.7368675660671626,3.138224188814246,2.3632606049537923,True,0.999396800994873
19.8437557220459,6,target_distance_terminal,truth,2.7294278144836426,3.8445634841918945,0.9950177073478699,0.9950177073478699,2.776039533940851,3.080866552075912,2.3689542462226694,True,0.9950177073478699
19.88007378578186,6,target_distance_terminal,truth,1.9866961240768433,2.560112237930298,0.9709341526031494,0.9709341526031494,2.8196819403213254,2.927845317387733,2.3139237372284063,True,0.9709341526031494
19.91118359565735,6,target_distance_terminal,truth,1.7772568464279175,2.0016045570373535,0.9953933954238892,0.9953933954238892,2.8741389158894357,3.0839741025766787,2.4713893822106616,True,0.9953933954238892
19.945098400115967,6,target_distance_terminal,truth,1.5480467081069946,1.9331494569778442,0.9882107973098755,0.9882107973098755,2.9097368260430634,3.0151665640973317,2.4629406809878516,True,0.9882107973098755
19.98276376724243,6,target_distance_terminal,truth,1.743882179260254,2.189420461654663,0.9640173316001892,0.9640173316001892,2.949302468648751,2.9431389584262,2.4531091561692584,True,0.9640173316001892
20.014244556427002,6,target_distance_terminal,truth,1.7046279907226562,2.122425079345703,0.9708191156387329,0.9708191156387329,2.964493775423173,2.91560307891686,2.4419749174717325,True,0.9708191156387329
20.04644775390625,6,target_distance_terminal,truth,2.3232364654541016,2.5192952156066895,0.8978618383407593,0.8978618383407593,2.9996685778614727,2.9054948174144606,2.4658810333149397,True,0.8978618383407593
20.077720165252686,6,target_distance_terminal,truth,2.0872349739074707,2.336813449859619,0.984064519405365,0.984064519405365,3.033675679095487,2.9289568636050185,2.5105910347095115,True,0.984064519405365
20.120754718780518,6,target_distance_terminal,truth,1.6492083072662354,2.2264468669891357,0.9929539561271667,0.9785029292106628,3.083605629662012,2.940713667200735,2.5618014218407574,True,0.9929539561271667
20.144450664520264,6,target_distance_terminal,truth,1.4538865089416504,2.0174527168273926,0.9995774626731873,0.947017252445221,3.101215805714068,2.9113628379595045,2.550696136303097,True,0.9995774626731873
20.1870379447937,6,target_distance_terminal,truth,1.3818111419677734,1.9468854665756226,0.9999161958694458,0.9174589514732361,3.144400165419365,2.9580438671349487,2.61941722397851,True,0.9999161958694458
20.21355366706848,6,target_distance_terminal,truth,1.2962517738342285,1.8941305875778198,0.9999208450317383,0.9753677248954773,3.1794911570344535,2.999008129464843,2.6704381915846596,True,0.9999208450317383
20.24790644645691,6,target_distance_terminal,truth,1.2419359683990479,1.921917200088501,0.9998902082443237,0.8804900050163269,3.2114717532703514,2.997888195075978,2.6917058122597157,True,0.9998902082443237
20.284036874771118,6,target_distance_terminal,truth,1.4798204898834229,2.1370770931243896,0.9992738366127014,0.6894329786300659,3.2445256414026766,3.0241908294559807,2.728479508074021,True,0.9992738366127014
20.32704496383667,6,target_distance_terminal,truth,1.368194341659546,2.2215845584869385,0.9968400001525879,0.3803863227367401,3.279000109031727,2.989485268031115,2.729061632472364,True,0.9968400001525879
20.34679913520813,6,target_distance_terminal,truth,1.5204453468322754,2.258236885070801,0.9941940903663635,0.47729551792144775,3.288666794351326,3.01301909741162,2.737442917382474,True,0.9941940903663635
20.377636432647705,6,target_distance_terminal,truth,1.282997488975525,2.0232930183410645,0.97601318359375,0.3204765021800995,3.3078685209953984,3.00185413162516,2.733264145484734,True,0.97601318359375
20.41540765762329,6,target_distance_terminal,truth,1.3343042135238647,2.156360387802124,0.9895735383033752,0.3793850839138031,3.3246005509709033,2.9948864486093028,2.7240947681850827,True,0.9895735383033752
20.449267864227295,6,target_distance_terminal,truth,1.4080196619033813,2.042985200881958,0.9908074736595154,0.6269347071647644,3.354975698533693,3.0590019580485124,2.783309675293292,True,0.9908074736595154
20.479676485061646,6,target_distance_terminal,truth,1.4124573469161987,2.1238741874694824,0.9969825148582458,0.10732926428318024,3.3739845399677293,2.9010336772651346,2.6648143652041822,True,0.9969825148582458
20.51288104057312,6,target_distance_terminal,truth,1.372910499572754,2.2279045581817627,0.9957209229469299,0.03727668896317482,3.384320376498253,2.905312467915241,2.6551433457304623,True,0.9957209229469299
20.54647731781006,6,target_distance_terminal,truth,1.2873708009719849,2.084960699081421,0.9904725551605225,0.108934186398983,3.4085739827637536,2.925147565309208,2.6747554839666003,True,0.9904725551605225
20.58650279045105,6,target_distance_terminal,truth,1.7494572401046753,2.8149213790893555,0.9629477858543396,0.2635628283023834,3.4585955981666685,3.148718937396259,2.869695509803338,True,0.9629477858543396
20.614420175552368,1,target_distance_terminal,truth,2.2628653049468994,3.557569742202759,0.9878554940223694,0.0030894423834979534,3.484889526817527,2.95449167249503,2.7344778638236624,True,0.9878554940223694
20.648993968963623,1,target_distance_terminal,truth,2.052626609802246,3.242163896560669,0.9755909442901611,0.007309518288820982,3.507268676474083,3.0232839891320076,2.788084890169111,True,0.9755909442901611
20.67811894416809,0,target_distance_terminal,truth,2.5844268798828125,3.6542439460754395,0.9964649677276611,0.9713918566703796,3.432746370088325,1.8690676506996677,0.8770521079814145,True,0.9964649677276611
20.71249032020569,1,target_distance_terminal,truth,2.3285558223724365,3.620175838470459,0.9975753426551819,0.00964439008384943,3.543153008253018,3.0418016661421583,2.785119470922063,True,0.9975753426551819
20.748081922531128,0,target_distance_terminal,truth,2.1779470443725586,3.8747987747192383,0.9962441921234131,0.987032413482666,3.268198289110577,2.161340242227182,1.009021576030663,True,0.9962441921234131
20.791025161743164,0,target_distance_terminal,truth,2.233811616897583,3.8991096019744873,0.9988952875137329,0.993285596370697,3.250123697567926,2.2403888276251998,1.053187797509293,True,0.9988952875137329
20.81277060508728,0,target_distance_terminal,truth,2.451127290725708,4.0593390464782715,0.9993557333946228,0.997079610824585,3.2711298356721743,2.2572391506245144,1.0540315885202933,True,0.9993557333946228
20.846287727355957,0,target_distance_terminal,truth,2.0326993465423584,3.561532497406006,0.998365581035614,0.9941593408584595,3.4904283327746564,2.034856090021041,0.9517209015755742,True,0.998365581035614
20.888017416000366,0,target_distance_terminal,truth,2.0837998390197754,3.747537851333618,0.9995542168617249,0.9921566247940063,3.3313390089586794,2.2837788477332133,1.066840911063324,True,0.9995542168617249
20.912543773651123,0,target_distance_terminal,truth,2.9727251529693604,4.804415225982666,0.9994841814041138,0.9943200349807739,3.3187516202834284,2.347884321771973,1.098448169491783,True,0.9994841814041138
20.94842553138733,0,target_distance_terminal,truth,2.7909305095672607,4.461222171783447,0.9984903335571289,0.9977495074272156,3.180964865278167,2.575838290405907,1.2047344562101214,True,0.9984903335571289
20.98150324821472,0,target_distance_terminal,truth,2.838113784790039,4.5091938972473145,0.9984173774719238,0.9972444772720337,3.105855517108347,2.7371405454591606,1.2782786230784564,True,0.9984173774719238
21.015291929244995,0,target_distance_terminal,truth,2.8051722049713135,4.505674839019775,0.9970508813858032,0.995577335357666,2.9960025895000864,2.9490448564139315,1.3791645513599224,True,0.9970508813858032
21.04588770866394,0,target_distance_terminal,truth,2.9906821250915527,4.587911605834961,0.9972555041313171,0.9933812618255615,3.1121573046598425,2.838191883689559,1.3338009521855214,True,0.9972555041313171
21.08320689201355,0,target_distance_terminal,truth,2.439779043197632,4.053203582763672,0.9966256618499756,0.9915187954902649,3.0002946807765785,3.066340030984134,1.4388059498756611,True,0.9966256618499756
21.11221933364868,5,target_distance_terminal,truth,2.9130971431732178,5.4102325439453125,0.9988542795181274,0.9988542795181274,2.8594320141651735,3.327689451898189,1.53349709740755,True,0.9988542795181274
21.14628553390503,5,target_distance_terminal,truth,3.495358467102051,6.217382431030273,0.9996500015258789,0.9996500015258789,2.8971091516994174,3.3252179434078304,1.5330691290894247,True,0.9996500015258789
21.185028314590454,5,target_distance_terminal,truth,3.5272648334503174,6.110556125640869,0.9996880292892456,0.9996880292892456,2.8900936051510264,3.404898937376069,1.5664239071857138,True,0.9996880292892456
21.213507890701294,5,target_distance_terminal,truth,3.485349416732788,5.781729221343994,0.9995611310005188,0.9995611310005188,3.0404369720624507,3.223472419276869,1.4849460292679577,True,0.9995611310005188
21.247798919677734,5,target_distance_terminal,truth,3.3071553707122803,5.454506874084473,0.9991248250007629,0.9989903569221497,3.0859330048581612,3.2132086468810495,1.4823085593564238,True,0.9991248250007629
21.28130006790161,0,target_distance_terminal,truth,4.290590286254883,5.660373210906982,0.9994344115257263,0.9994344115257263,3.0695894443252665,3.331071594200814,1.5663702955816587,True,0.9994344115257263
21.313230514526367,0,target_distance_terminal,truth,3.8923134803771973,5.36460018157959,0.998856782913208,0.998856782913208,3.130067913455569,3.2992029423206763,1.5569309123230157,True,0.998856782913208
21.347893476486206,0,target_distance_terminal,truth,4.028344631195068,5.591749668121338,0.9992127418518066,0.9992127418518066,3.1474702774247554,3.3335621549879018,1.5753669535559771,True,0.9992127418518066
21.381902933120728,0,target_distance_terminal,truth,4.3189826011657715,5.987471103668213,0.9979131817817688,0.9979131817817688,3.111482178903372,3.4579637028372336,1.6271379823765755,True,0.9979131817817688
21.423032522201538,0,target_distance_terminal,truth,4.531765937805176,6.180417060852051,0.9987678527832031,0.9987678527832031,3.1053004263556763,3.529712444513212,1.659775658711427,True,0.9987678527832031
21.447716236114502,0,target_distance_terminal,truth,4.948763847351074,6.728739261627197,0.9993677735328674,0.9993677735328674,3.1597143729071164,3.4982523978181814,1.6408952502986622,True,0.9993677735328674
21.481424570083618,0,target_distance_terminal,truth,5.537362098693848,7.027588367462158,0.9987379908561707,0.998676598072052,3.124756319098148,3.6395167077138533,1.7165675639886542,True,0.9987379908561707
21.514803409576416,0,target_distance_terminal,truth,4.668820381164551,5.49208927154541,0.9992853999137878,0.9992853999137878,3.115238977619095,3.70378236259437,1.7291725321918243,True,0.9992853999137878
21.547239065170288,0,target_distance_terminal,truth,4.2043633460998535,5.181897163391113,0.9990087747573853,0.9990087747573853,3.1164026950853287,3.7676196668442707,1.7597045647027871,True,0.9990087747573853
21.595337629318237,0,target_distance_terminal,truth,2.754240036010742,4.137666702270508,0.9975652694702148,0.9975652694702148,3.189528137230182,3.7218744680253555,1.7328819637636033,True,0.9975652694702148
21.613940715789795,0,target_distance_terminal,truth,2.9610676765441895,4.37490701675415,0.9989311099052429,0.9987448453903198,3.2234317544399964,3.720468375973688,1.735574324530516,True,0.9989311099052429
21.655022859573364,0,target_distance_terminal,truth,2.139493227005005,3.6308646202087402,0.998938262462616,0.9984748959541321,3.2938279545564444,3.6678233769434025,1.7121868026890752,True,0.998938262462616
21.6817946434021,0,target_distance_terminal,truth,1.3056306838989258,2.8819572925567627,0.9989114999771118,0.9989114999771118,3.356946707446763,3.636549918046945,1.6949998562862505,True,0.9989114999771118
21.714579105377197,0,target_distance_terminal,truth,1.0614042282104492,2.23980975151062,0.9991303086280823,0.9991303086280823,3.3762846908688675,3.6624721913692944,1.7007424847167725,True,0.9991303086280823
21.746920585632324,0,target_distance_terminal,truth,1.0200316905975342,2.0547118186950684,0.9996923208236694,0.9996923208236694,3.540769721931455,3.467241992277901,1.6035285305742457,True,0.9996923208236694
21.780885219573975,0,target_distance_terminal,truth,1.0195324420928955,2.1014585494995117,0.999420166015625,0.999420166015625,3.473216331891327,3.639711109304499,1.685508797356364,True,0.999420166015625
21.817975521087646,0,target_distance_terminal,truth,1.0599359273910522,2.080772638320923,0.9993540644645691,0.999281108379364,3.474108305969984,3.6816494463430423,1.6819348691609493,True,0.9993540644645691
21.85077404975891,0,target_distance_terminal,truth,1.410691738128662,2.3987619876861572,0.9994280934333801,0.9991901516914368,3.5446673075051662,3.643038923271486,1.6625425647975778,True,0.9994280934333801
21.88985848426819,0,target_distance_terminal,truth,1.7131919860839844,2.6962366104125977,0.9997326731681824,0.9980208873748779,3.477449264620279,3.803193440151067,1.7199421537305963,True,0.9997326731681824
21.91323232650757,0,target_distance_terminal,truth,2.5544228553771973,3.2116639614105225,0.9998859167098999,0.9998859167098999,3.311262795501274,4.10551410288299,1.8333275361406052,True,0.9998859167098999
21.949225425720215,0,target_distance_terminal,truth,2.868804454803467,3.6877596378326416,0.999874472618103,0.9997960925102234,3.3025029375554062,4.1760098822111384,1.8564591693173522,True,0.999874472618103
21.981848001480103,0,target_distance_terminal,truth,2.6101269721984863,3.431025505065918,0.9998801946640015,0.9998801946640015,3.3337989743873737,4.197494653538935,1.8686933146473041,True,0.9998801946640015
22.01417589187622,0,target_distance_terminal,truth,1.9785411357879639,3.1642143726348877,0.9999620914459229,0.9999256134033203,3.4186135865111074,4.092817772073002,1.7952871367312344,True,0.9999620914459229
22.048138856887817,0,target_distance_terminal,truth,1.9326398372650146,3.1010067462921143,0.9999080896377563,0.9998646974563599,3.5158673697634377,3.9898481871562983,1.7390170309736614,True,0.9999080896377563
22.083666563034058,0,target_distance_terminal,truth,1.653320074081421,2.497936964035034,0.9999585151672363,0.9999585151672363,3.716677066400996,3.7485691896671014,1.6173042542652172,True,0.9999585151672363
22.11448097229004,0,target_distance_terminal,truth,1.3920350074768066,2.1437010765075684,0.9999488592147827,0.9999488592147827,4.087535552804343,3.3026381821768904,1.4151425070512291,True,0.9999488592147827
22.15002417564392,0,target_distance_terminal,truth,1.2653812170028687,1.863505482673645,0.9999290704727173,0.9999290704727173,4.2483101323127945,3.1578419179871298,1.3519577063271926,True,0.9999290704727173
22.184109210968018,0,target_distance_terminal,truth,1.210749864578247,1.7986781597137451,0.99993896484375,0.99993896484375,4.346140430929475,3.07857684816693,1.2972020826383281,True,0.99993896484375
22.214560985565186,0,target_distance_terminal,truth,1.0164570808410645,1.705930233001709,0.9999502897262573,0.9999502897262573,4.400360181623655,3.057672032802586,1.2811195290636006,True,0.9999502897262573
22.249350547790527,0,target_distance_terminal,truth,1.0933181047439575,1.7615547180175781,0.9999732971191406,0.9999732971191406,4.449832244634327,3.0503025455282593,1.2773588403869913,True,0.9999732971191406
22.28528141975403,0,target_distance_terminal,truth,1.018183946609497,1.6970542669296265,0.9999877214431763,0.9999877214431763,4.433735960466471,3.107907941384581,1.2816495655076718,True,0.9999877214431763
22.3153817653656,0,target_distance_terminal,truth,0.9894298315048218,1.7053298950195312,0.9999738931655884,0.9999738931655884,4.358339723120038,3.238694895510846,1.3232130192747678,True,0.9999738931655884
22.351325273513794,0,target_distance_terminal,truth,1.0102758407592773,1.6965904235839844,0.9999674558639526,0.9999674558639526,4.281193241787517,3.380864724070895,1.3780734281602016,True,0.9999674558639526
22.390578508377075,0,target_distance_terminal,truth,1.1267069578170776,1.7355910539627075,0.9999639987945557,0.9999639987945557,4.324773090758682,3.3694301586084023,1.356169159770432,True,0.9999639987945557
22.414124488830566,0,target_distance_terminal,truth,1.0386031866073608,1.6167140007019043,0.9999213218688965,0.9999213218688965,4.534117870744018,3.1505375585196793,1.2497962478558229,True,0.9999213218688965
22.448182582855225,0,target_distance_terminal,truth,1.0066362619400024,1.5982718467712402,0.9998892545700073,0.9998892545700073,4.61443042607433,3.0947790135330058,1.217795298318766,True,0.9998892545700073
22.495042324066162,0,target_distance_terminal,truth,1.0979197025299072,1.6738669872283936,0.9998923540115356,0.9998923540115356,4.5790645552120095,3.1756079638676526,1.2338335086410304,True,0.9998923540115356
22.518110275268555,0,target_distance_terminal,truth,1.0544025897979736,1.5989011526107788,0.9998413324356079,0.9998413324356079,4.694039518545058,3.077513941948911,1.1805223640106315,True,0.9998413324356079
22.553285837173462,6,target_distance_terminal,truth,1.1602891683578491,2.3280179500579834,0.9998763799667358,0.9991797804832458,4.814984851026396,3.6611536397137767,2.6839976425007532,True,0.9998763799667358
22.59026575088501,6,target_distance_terminal,truth,1.4710757732391357,2.970682382583618,0.9995959401130676,0.9995959401130676,4.773869857897381,3.8407217269885656,2.81581064676347,True,0.9995959401130676
22.6147038936615,6,target_distance_terminal,truth,1.3684403896331787,2.8219642639160156,0.9995162487030029,0.9994437098503113,4.784641868786166,3.8394770580807105,2.7899638042686257,True,0.9995162487030029
22.648401975631714,6,target_distance_terminal,truth,1.3666703701019287,3.0784528255462646,0.9995689988136292,0.9991525411605835,4.790214334001502,3.8892184692227567,2.822403164378316,True,0.9995689988136292
22.685014247894287,6,target_distance_terminal,truth,1.5433528423309326,3.3232645988464355,0.9998643398284912,0.9935851693153381,4.837090310018011,3.8979667549330355,2.8659328863644427,True,0.9998643398284912
22.71891713142395,0,target_distance_terminal,truth,1.0128041505813599,1.689607858657837,0.9998059868812561,0.9998059868812561,4.937263188863287,3.0137646059847705,1.1016238753675855,True,0.9998059868812561
22.750949382781982,0,target_distance_terminal,truth,1.1393684148788452,1.756508469581604,0.9999072551727295,0.9999072551727295,4.948530406915264,3.0376485182726807,1.1111105872099436,True,0.9999072551727295
22.783287525177002,0,target_distance_terminal,truth,1.4196208715438843,2.0174715518951416,0.9996675252914429,0.9996675252914429,4.784405582136351,3.2512377583836236,1.1695573369559997,True,0.9996675252914429
22.816656827926636,0,target_distance_terminal,truth,1.440075397491455,1.887981653213501,0.9998646974563599,0.9998646974563599,4.519703568907502,3.5871772570975877,1.2841985322238951,True,0.9998646974563599
22.849486827850342,0,target_distance_terminal,truth,1.6308445930480957,1.876880168914795,0.9998192191123962,0.9998192191123962,4.531797471699483,3.6077795109844146,1.292547078774956,True,0.9998192191123962
22.886780738830566,0,target_distance_terminal,truth,1.0701537132263184,1.5570529699325562,0.9999308586120605,0.9999308586120605,4.541887705657734,3.615164097076309,1.255228612403646,True,0.9999308586120605
22.917560815811157,0,target_distance_terminal,truth,1.1023718118667603,1.6349753141403198,0.999957799911499,0.999957799911499,4.491467152854519,3.6946833396786105,1.2509404094587262,True,0.999957799911499
22.94911766052246,0,target_distance_terminal,truth,0.9602489471435547,1.5836317539215088,0.9999403953552246,0.9999403953552246,4.724300819651947,3.462994717068344,1.1832401482379662,True,0.9999403953552246
22.985233068466187,6,target_distance_terminal,truth,1.2484939098358154,2.8905274868011475,0.9999231100082397,0.9999231100082397,4.554912421542907,4.355165059957726,2.6445258425429548,True,0.9999231100082397
23.016844034194946,6,target_distance_terminal,truth,1.0134954452514648,1.903628945350647,0.9998980760574341,0.9998836517333984,4.584982652296514,4.2742387988056425,2.5416483960009777,True,0.9998980760574341
23.05115795135498,6,target_distance_terminal,truth,1.2979928255081177,2.5290369987487793,0.9999741315841675,0.9999741315841675,4.301323267848424,4.5387821156842305,2.388239606398568,True,0.9999741315841675
23.095046997070312,6,target_distance_terminal,truth,1.3448160886764526,2.464885711669922,0.9999641180038452,0.9999641180038452,4.317803827238689,4.531467545035403,2.3688340454308703,True,0.9999641180038452
23.116398334503174,6,target_distance_terminal,truth,1.4956510066986084,2.894796133041382,0.9999886751174927,0.9999886751174927,4.527045139694685,4.455861324701376,2.593724122361543,True,0.9999886751174927
23.150500535964966,0,target_distance_terminal,truth,1.2014977931976318,2.126711845397949,0.9999828338623047,0.9999747276306152,4.425247715410598,3.947333969079896,1.2590529827535444,True,0.9999828338623047
23.184067010879517,0,target_distance_terminal,truth,1.4077593088150024,2.181809663772583,0.9999736547470093,0.9999736547470093,4.3163846241419455,4.094599830870267,1.2917991255429768,True,0.9999736547470093
23.219841480255127,0,target_distance_terminal,truth,1.9931273460388184,3.390228033065796,0.9999924898147583,0.999935507774353,4.281162522381651,4.162748229373447,1.3216357241341576,True,0.9999924898147583
23.252890825271606,6,target_distance_terminal,truth,1.4981399774551392,3.4918179512023926,0.9999934434890747,0.9999934434890747,4.458011222889533,4.735956784933989,2.734423003638789,True,0.9999934434890747
23.295069456100464,6,target_distance_terminal,truth,1.334631085395813,2.369117498397827,0.9999961853027344,0.9999961853027344,4.432786007981644,4.67607347476153,2.583278470893557,True,0.9999961853027344
23.31952428817749,6,target_distance_terminal,truth,1.1826355457305908,2.061002016067505,0.999992847442627,0.999992847442627,4.452536308208057,4.79903808202533,2.7545088322298796,True,0.999992847442627
23.34894895553589,6,target_distance_terminal,truth,1.1569360494613647,2.4001951217651367,0.9999945163726807,0.9999945163726807,4.447589892545178,4.875845761079281,2.8146896694034904,True,0.9999945163726807
23.38635778427124,0,target_distance_terminal,truth,1.215053915977478,1.907417893409729,0.9999963045120239,0.9998337030410767,4.376449934259661,4.134069464165125,1.2206769595606182,True,0.9999963045120239
23.418237447738647,0,target_distance_terminal,truth,1.2560958862304688,2.085115909576416,0.9999964237213135,0.9997573494911194,4.333451465942989,4.199209784630259,1.2256160888514231,True,0.9999964237213135
23.45234227180481,0,target_distance_terminal,truth,1.067468285560608,1.841118335723877,0.9999978542327881,0.9998049139976501,4.486584189067422,4.040087777165405,1.1708546015997583,True,0.9999978542327881
23.482810258865356,0,target_distance_terminal,truth,2.0831730365753174,3.5586562156677246,0.9999986886978149,0.9998838901519775,4.012528150834044,4.593593298891061,1.302927303129022,True,0.9999986886978149
23.516257524490356,0,target_distance_terminal,truth,2.0953965187072754,3.461786985397339,0.999997615814209,0.999915361404419,4.079705099690002,4.529024652537363,1.271285308041559,True,0.999997615814209
23.54981756210327,0,target_distance_terminal,truth,1.8639779090881348,2.5877091884613037,0.9999972581863403,0.9999537467956543,4.177714978273724,4.42643223946572,1.2317130162101535,True,0.9999972581863403
23.59045648574829,5,target_distance_terminal,truth,1.5863200426101685,2.698282480239868,0.9999948740005493,0.9997497200965881,4.139016142322034,4.479235404401064,1.233090896292091,True,0.9999948740005493
23.62029194831848,5,target_distance_terminal,truth,1.3920038938522339,2.3555169105529785,0.9999972581863403,0.9997105002403259,4.195647847403988,4.424780053933482,1.199963456320299,True,0.9999972581863403
23.650853395462036,5,target_distance_terminal,truth,1.4447929859161377,2.1840553283691406,0.9999949932098389,0.9993410706520081,4.480627155587899,4.115395921765201,1.097569887351442,True,0.9999949932098389
23.68384861946106,6,target_distance_terminal,truth,1.8896790742874146,3.1114578247070312,0.9999948740005493,0.9999948740005493,4.544900211471498,4.773962216989029,2.6401933926551333,True,0.9999948740005493
23.71566152572632,6,target_distance_terminal,truth,3.0319228172302246,5.0198187828063965,0.9999940395355225,0.9999940395355225,4.606881836140409,4.618792911264706,2.5025336258593565,True,0.9999940395355225
23.750880479812622,6,target_distance_terminal,truth,3.1626133918762207,5.074159145355225,0.9999849796295166,0.9999849796295166,4.676834748405296,4.580725561242709,2.559703097407327,True,0.9999849796295166
23.78757929801941,6,target_distance_terminal,truth,3.561272621154785,5.476874351501465,0.9999842643737793,0.9999842643737793,4.718238002137899,4.516693639677348,2.5176209986736873,True,0.9999842643737793
23.831095457077026,5,target_distance_terminal,truth,2.7246954441070557,3.948549747467041,0.9999959468841553,0.9999821186065674,4.553035479618985,4.074375786452725,0.9883823357189508,True,0.9999959468841553
23.851442098617554,6,target_distance_terminal,truth,1.7918769121170044,2.5588502883911133,0.9999980926513672,0.9999980926513672,4.656472891888919,4.682095517118655,2.6297491040298033,True,0.9999980926513672
23.885396242141724,5,target_distance_terminal,truth,1.0288432836532593,1.5971347093582153,0.9999973773956299,0.9999762773513794,4.711199641882998,3.9121896711568,0.9055482032927171,True,0.9999973773956299
23.91548776626587,5,target_distance_terminal,truth,1.1030560731887817,1.6238081455230713,0.9999978542327881,0.9999884366989136,4.523337209452349,4.1134859233506536,0.9032788415781715,True,0.9999978542327881
23.95134997367859,5,target_distance_terminal,truth,0.9445208311080933,1.7195814847946167,0.999998927116394,0.9999886751174927,4.664683899813702,3.975963277532511,0.9165282848334279,True,0.999998927116394
23.984520196914673,5,target_distance_terminal,truth,0.9353163242340088,1.60683274269104,0.9999924898147583,0.9999872446060181,4.147635115753794,4.541504094608141,1.0313963584496375,True,0.9999924898147583
24.015991687774658,6,target_distance_terminal,truth,0.9013410210609436,1.3846197128295898,0.9999904632568359,0.9999904632568359,4.711086129587545,4.438421878830265,2.2681362774993414,True,0.9999904632568359
24.0507652759552,6,target_distance_terminal,truth,0.8950063586235046,1.298574447631836,0.9999806880950928,0.9999681711196899,5.065382233940653,4.001772298033041,2.18905132241039,True,0.9999806880950928
24.08919382095337,0,target_distance_terminal,truth,1.045830488204956,1.7575814723968506,0.999992847442627,0.9999358654022217,5.094510558005601,3.535411949754428,0.7711911822251993,True,0.999992847442627
24.1151123046875,0,target_distance_terminal,truth,0.9845322370529175,1.7845113277435303,0.9999959468841553,0.9997168183326721,5.158186513830681,3.4815276608340935,0.7490955259125035,True,0.9999959468841553
24.150357484817505,0,target_distance_terminal,truth,0.9465477466583252,1.8226367235183716,0.9999963045120239,0.9998565912246704,5.072019790894662,3.572069499219176,0.7679330957810129,True,0.9999963045120239
24.186546087265015,0,target_distance_terminal,truth,1.0632691383361816,2.0902981758117676,0.9999973773956299,0.9998459815979004,5.0869388284831505,3.560651828066869,0.7476315262511162,True,0.9999973773956299
24.215840816497803,6,target_distance_terminal,truth,1.4298107624053955,2.1271421909332275,0.9999980926513672,0.9998960494995117,5.000194587352029,4.096120996778252,2.1743434773108405,True,0.9999980926513672
24.251561880111694,6,target_distance_terminal,truth,1.645904302597046,2.673954725265503,0.9999712705612183,0.9998525381088257,4.963578849248343,4.164578388480131,2.2317113752319693,True,0.9999712705612183
24.283737897872925,6,target_distance_terminal,truth,2.1022396087646484,3.1727375984191895,0.9999967813491821,0.9999574422836304,4.9239084139003415,4.185416528888109,2.1726591231737284,True,0.9999967813491821
24.32075810432434,6,target_distance_terminal,truth,2.0801730155944824,3.7052481174468994,0.9999951124191284,0.999987006187439,4.527014102041126,4.597054419392654,2.1090715077065325,True,0.9999951124191284
24.35107684135437,0,target_distance_terminal,truth,1.5484213829040527,3.2779643535614014,0.9999926090240479,0.9988890290260315,4.589247943410878,4.093799166671175,0.8253304956165518,True,0.9999926090240479
24.386139631271362,6,target_distance_terminal,truth,0.8804717063903809,1.6501314640045166,0.9999946355819702,0.9999887943267822,4.772683762441894,4.454416100714197,2.3410187912723703,True,0.9999946355819702
24.416545629501343,6,target_distance_terminal,truth,1.185844898223877,2.842977523803711,0.9999933242797852,0.9999933242797852,4.607664602444792,4.598634662757443,2.2516407706457877,True,0.9999933242797852
24.45222234725952,6,target_distance_terminal,truth,0.9267534017562866,1.9327423572540283,0.9999938011169434,0.9999938011169434,4.660542520886256,4.552031470598694,2.2806489906836935,True,0.9999938011169434
24.49507737159729,6,target_distance_terminal,truth,1.0081031322479248,2.415217638015747,0.9999903440475464,0.9999903440475464,4.799563887608112,4.372296556239465,2.232106588219121,True,0.9999903440475464
24.51603674888611,6,target_distance_terminal,truth,0.8939028978347778,1.8538919687271118,0.9999905824661255,0.9999905824661255,4.7148265422151185,4.487701103691714,2.2593641751073927,True,0.9999905824661255
24.55130410194397,6,target_distance_terminal,truth,0.8774008750915527,1.9563500881195068,0.9999759197235107,0.9999759197235107,4.782504378269695,4.360902073167702,2.1693408189751207,True,0.9999759197235107
24.584033966064453,5,target_distance_terminal,truth,0.7372187972068787,1.6298898458480835,0.9999642372131348,0.9938015341758728,4.297984473143598,4.4177153628253025,0.8663026102752422,True,0.9999642372131348
24.61600971221924,5,target_distance_terminal,truth,0.67325359582901,1.3704731464385986,0.9999527931213379,0.9959723353385925,4.192163983097368,4.534267258609098,0.8858568503862978,True,0.9999527931213379
24.65071725845337,5,target_distance_terminal,truth,0.6307663917541504,1.1580370664596558,0.999974250793457,0.9992777705192566,3.92780860618072,4.812821059358648,0.9320466188806498,True,0.999974250793457
24.6910183429718,5,target_distance_terminal,truth,0.6415517330169678,1.1552494764328003,0.9998773336410522,0.9996095299720764,3.897272351880764,4.844692009859734,0.9173170138237389,True,0.9998773336410522
24.71862268447876,5,target_distance_terminal,truth,0.6530293822288513,1.137453556060791,0.9999706745147705,0.9996439218521118,4.294470086263044,4.420439192731746,0.8174530459718453,True,0.9999706745147705
24.7519690990448,5,target_distance_terminal,truth,0.64628666639328,1.0966297388076782,0.9999767541885376,0.9998125433921814,4.050194236188179,4.66281825494071,0.803130272083139,True,0.9999767541885376
24.78994655609131,5,target_distance_terminal,truth,0.6555975079536438,1.1462020874023438,0.9999929666519165,0.9996091723442078,4.424491915431023,4.262343446135543,0.7156792127132556,True,0.9999929666519165
24.82194209098816,5,target_distance_terminal,truth,0.625245213508606,1.1090919971466064,0.9999881982803345,0.9999850988388062,4.11933156674248,4.5673218025629705,0.6685629794932533,True,0.9999881982803345
24.851536989212036,5,target_distance_terminal,truth,0.6970843076705933,1.179379940032959,0.9999746084213257,0.9999746084213257,4.250873395802022,4.435614784896178,0.6573755391263312,True,0.9999746084213257
24.88417100906372,5,target_distance_terminal,truth,0.7046065926551819,1.1067521572113037,0.999977707862854,0.9991760849952698,4.421346913274369,4.262512620870869,0.6315666875201185,True,0.999977707862854
24.916478872299194,5,target_distance_terminal,truth,0.6691340804100037,1.0131089687347412,0.9999750852584839,0.9977843165397644,4.3596166889624985,4.32753717412031,0.6290913434335982,True,0.9999750852584839
24.95449137687683,5,target_distance_terminal,truth,0.7296754121780396,1.148459553718567,0.9999409914016724,0.9963710308074951,4.3038116133404065,4.3647573607263634,0.5248498497151975,True,0.9999409914016724
24.9876651763916,5,target_distance_terminal,truth,0.8031013607978821,1.1659669876098633,0.9997732043266296,0.9668372869491577,4.781200048117246,3.889152412467632,0.5461213793273686,True,0.9997732043266296
25.01685380935669,5,target_distance_terminal,truth,0.7722424864768982,1.150084137916565,0.9991726279258728,0.990000307559967,4.5422340909256285,4.120782255007428,0.4415607807760194,True,0.9991726279258728
25.052217960357666,5,target_distance_terminal,truth,0.7220875024795532,1.1421254873275757,0.997837245464325,0.9940296411514282,4.477671226738894,4.174335429502272,0.38234099551830375,True,0.997837245464325
25.08489990234375,5,target_distance_terminal,truth,0.7054279446601868,1.1207526922225952,0.9997641444206238,0.9520162343978882,4.748948713279194,3.9106762577927783,0.45614935792033445,True,0.9997641444206238
25.12270474433899,5,target_distance_terminal,truth,0.6240776777267456,1.003622055053711,0.9993109703063965,0.9944573640823364,4.712691760317155,3.9601560368530877,0.6247929222498159,True,0.9993109703063965
25.152244567871094,5,target_distance_terminal,truth,0.6201642751693726,1.0394926071166992,0.999871015548706,0.9961711764335632,4.580422469636842,4.084089661391809,0.5379359174503832,True,0.999871015548706
25.190646171569824,5,target_distance_terminal,truth,0.661244809627533,1.0803965330123901,0.9999600648880005,0.9994839429855347,4.418318562154767,4.214723140767189,0.25270303669348254,True,0.9999600648880005
25.2178475856781,5,target_distance_terminal,truth,0.620307207107544,1.0875658988952637,0.9997270703315735,0.9990691542625427,4.585143797788409,4.056695251601951,0.24358444444256735,True,0.9997270703315735
25.26303482055664,5,target_distance_terminal,truth,0.6512084603309631,1.1034194231033325,0.9991878867149353,0.9978553652763367,4.785325893872667,3.850356622999897,0.27379936217561535,True,0.9991878867149353
25.283831357955933,1,target_distance_terminal,truth,0.6124320030212402,0.979671835899353,0.9995096921920776,0.9984076619148254,4.8190356282961,4.010676018857082,1.3777386507918448,True,0.9995096921920776
25.31827735900879,1,target_distance_terminal,truth,0.6545712351799011,1.012896180152893,0.9994578957557678,0.9969794750213623,4.912169317203237,3.9856415537365693,1.602421601170359,True,0.9994578957557678
25.3550443649292,1,target_distance_terminal,truth,0.7717688679695129,1.2381842136383057,0.9991793036460876,0.9897683262825012,5.07540468673028,3.781889482161966,1.531453698891883,True,0.9991793036460876
25.389330625534058,1,target_distance_terminal,truth,0.7390140891075134,1.322143793106079,0.9995571970939636,0.9995571970939636,4.847599593360873,4.0770122033029725,1.6890919049649216,True,0.9995571970939636
25.421473503112793,5,target_distance_terminal,truth,0.7255868315696716,1.23091721534729,0.9998409748077393,0.9982210993766785,4.638441671771286,3.9988493234156683,0.4844442872025523,True,0.9998409748077393
25.45171618461609,11,target_distance_terminal,truth,0.8759485483169556,1.6560596227645874,0.9998608827590942,0.9998608827590942,4.633544007956224,4.124532293617286,1.155688513383058,True,0.9998608827590942
25.486119747161865,5,target_distance_terminal,truth,1.2274919748306274,1.6118152141571045,0.9997851252555847,0.9997851252555847,4.328605941343333,4.290328135226227,0.25827403758631967,True,0.9997851252555847
25.52386975288391,5,target_distance_terminal,truth,1.0004669427871704,1.4803720712661743,0.9996850490570068,0.9996850490570068,4.479216704702216,4.129826250885595,0.2553108772033869,True,0.9996850490570068
25.55607843399048,5,target_distance_terminal,truth,0.821547269821167,1.3500213623046875,0.999481737613678,0.9992280006408691,4.751998638162868,3.8545074434267828,0.22679867898396264,True,0.999481737613678
25.590768098831177,10,target_distance_terminal,truth,0.8387236595153809,1.4777013063430786,0.9992526173591614,0.9953568577766418,5.115565081553542,3.480160766537196,0.21243805442460745,True,0.9992526173591614
25.619755744934082,5,target_distance_terminal,truth,0.7406831979751587,1.2211183309555054,0.9986390471458435,0.9971746206283569,5.133820174748001,3.4723076256706027,0.40157486668850184,True,0.9986390471458435
25.656577825546265,5,target_distance_terminal,truth,0.7272574305534363,1.181084156036377,0.9994151592254639,0.9994151592254639,4.910707558311834,3.738073624233762,0.7618074982006248,True,0.9994151592254639
25.685566902160645,5,target_distance_terminal,truth,0.7552139163017273,1.138849139213562,0.999927282333374,0.999927282333374,4.907140027545084,3.7419843435804605,0.771076908088266,True,0.999927282333374
25.720205545425415,5,target_distance_terminal,truth,0.7478560209274292,1.155622959136963,0.9997890591621399,0.9997890591621399,4.961725380360145,3.6957778766122753,0.8861742579175573,True,0.9997890591621399
25.75551724433899,5,target_distance_terminal,truth,0.7306796908378601,1.0995049476623535,0.9995729327201843,0.9995729327201843,4.993958736877343,3.6300315489844697,0.6887092736782725,True,0.9995729327201843
25.78559708595276,5,target_distance_terminal,truth,0.7358764410018921,1.1621167659759521,0.9999232292175293,0.9999232292175293,5.164839346745569,3.5309157044646584,1.1116665170358335,True,0.9999232292175293
25.820383310317993,5,target_distance_terminal,truth,0.7962879538536072,1.0856337547302246,0.9997947812080383,0.9997947812080383,5.2601186849654225,3.3762965399706157,0.8712790565846188,True,0.9997947812080383
25.863038778305054,5,target_distance_terminal,truth,0.7590172290802002,1.1456571817398071,0.9999420642852783,0.9999420642852783,5.385986791475917,3.2879053125218864,1.0925940645174157,True,0.9999420642852783
25.88771080970764,5,target_distance_terminal,truth,0.8081057667732239,1.2099188566207886,0.9998875856399536,0.9998875856399536,5.484731336530014,3.1702220411520585,1.0164421729564872,True,0.9998875856399536
25.91886329650879,5,target_distance_terminal,truth,0.8151209354400635,1.157143235206604,0.9996020197868347,0.9994671940803528,5.657024969000391,2.952702889501368,0.7641757322135997,True,0.9996020197868347
25.95443606376648,5,target_distance_terminal,truth,0.7960147261619568,1.1702454090118408,0.9997132420539856,0.9991564750671387,5.49508937698945,3.0987835498125014,0.7214238785529731,True,0.9997132420539856
25.985957145690918,12,target_distance_terminal,truth,0.8064501285552979,1.0655688047409058,0.999954342842102,0.9999145269393921,5.560124652095648,3.9186764066019553,3.0856653248926436,True,0.999954342842102
26.018757581710815,12,target_distance_terminal,truth,0.7942137122154236,1.0904688835144043,0.9999871253967285,0.9999388456344604,5.553268818073664,3.958228484742413,3.135502680085413,True,0.9999871253967285
26.053489446640015,12,target_distance_terminal,truth,0.8444789052009583,1.1777527332305908,0.999987006187439,0.9999326467514038,5.4570069907919,3.988103257707584,3.025379345624875,True,0.999987006187439
26.08482074737549,12,target_distance_terminal,truth,0.9003469347953796,1.272827386856079,0.9999847412109375,0.9999722242355347,5.386842884246162,4.080960268916466,3.0413184479132873,True,0.9999847412109375
26.12305998802185,6,target_distance_terminal,truth,0.8219202160835266,1.4332332611083984,0.9999957084655762,0.9997627139091492,5.159226622396024,3.593237090571926,1.547098503721418,True,0.9999957084655762
26.157810926437378,6,target_distance_terminal,truth,0.9464292526245117,1.5783753395080566,0.9999973773956299,0.9979223608970642,5.2974412011976515,3.419618616437324,1.4583800496703003,True,0.9999973773956299
26.18515396118164,6,target_distance_terminal,truth,0.7943128943443298,1.4315320253372192,0.9999969005584717,0.998884379863739,5.194589707751238,3.5331270904731564,1.4892953995346963,True,0.9999969005584717
26.218738079071045,6,target_distance_terminal,truth,0.9422037601470947,1.6877646446228027,0.9999959468841553,0.9995365142822266,5.010250305558085,3.7493973856136527,1.5711784694508701,True,0.9999959468841553
26.25486397743225,6,target_distance_terminal,truth,0.8938573002815247,1.6730804443359375,0.9999939203262329,0.999096155166626,5.16222420126489,3.5449043119613886,1.4656173725813344,True,0.9999939203262329
26.288083791732788,6,target_distance_terminal,truth,0.8768526911735535,1.5698862075805664,0.999994158744812,0.9998401403427124,4.853099307587577,3.9125935811258685,1.6067524896591643,True,0.999994158744812
26.319436073303223,6,target_distance_terminal,truth,0.8806257843971252,1.5446676015853882,0.9999938011169434,0.999039351940155,5.073286866004552,3.6283165447420247,1.4834117289802333,True,0.9999938011169434
26.35411047935486,6,target_distance_terminal,truth,0.9340126514434814,1.6752095222473145,0.9999861717224121,0.9998639822006226,4.878299490227701,3.8564521377225915,1.5639074253755834,True,0.9999861717224121
26.38775134086609,6,target_distance_terminal,truth,0.8965454697608948,1.4189612865447998,0.9999963045120239,0.9999195337295532,4.970822017071914,3.7386941298351184,1.5096676081303038,True,0.9999963045120239
26.418773412704468,6,target_distance_terminal,truth,0.9540116786956787,1.512010931968689,0.9999657869338989,0.9996032118797302,5.05002848163772,3.64044464021358,1.468622904540871,True,0.9999657869338989
26.461442947387695,6,target_distance_terminal,truth,0.8965600728988647,1.3943722248077393,0.9999394416809082,0.9984220266342163,5.2706291536414005,3.358736215148318,1.3587824123776415,True,0.9999394416809082
26.4859938621521,6,target_distance_terminal,truth,0.8816072940826416,1.3695435523986816,0.9999452829360962,0.999487042427063,5.028540969422025,3.6511276852945698,1.4758810558259234,True,0.9999452829360962
26.520937204360962,6,target_distance_terminal,truth,0.9318371415138245,1.4413702487945557,0.9999473094940186,0.9994649291038513,5.206472839080773,3.4295413702417283,1.3909696761527865,True,0.9999473094940186
26.557734727859497,6,target_distance_terminal,truth,0.89825439453125,1.431406855583191,0.9999483823776245,0.9997778534889221,5.127870650709506,3.5189875091041793,1.425655170301794,True,0.9999483823776245
26.586280345916748,6,target_distance_terminal,truth,0.8878865838050842,1.387532353401184,0.9999802112579346,0.9999223947525024,5.0834172972009455,3.5701980705507643,1.4489940463631816,True,0.9999802112579346
26.620289087295532,12,target_distance_terminal,truth,0.9603235721588135,1.2778031826019287,0.9999289512634277,0.9998906850814819,5.243311377314886,3.842746546125054,2.5363080011156462,True,0.9999289512634277
26.65298867225647,12,target_distance_terminal,truth,1.012408971786499,1.3132736682891846,0.9999127388000488,0.9999041557312012,5.224721216244615,3.905983741647421,2.613372798900162,True,0.9999127388000488
26.687420129776,12,target_distance_terminal,truth,1.0007059574127197,1.2382586002349854,0.999954342842102,0.999954342842102,5.224113667934703,3.9391664045572465,2.671353034867733,True,0.999954342842102
26.721034049987793,12,target_distance_terminal,truth,0.8742249608039856,1.164033055305481,0.9999005794525146,0.9998805522918701,5.193571067556255,3.857944826155502,2.4851060412607175,True,0.9999005794525146
26.763039112091064,6,target_distance_terminal,truth,0.9964430928230286,1.5679305791854858,0.9998925924301147,0.9998255372047424,5.16616525723157,3.4536890876161976,1.4327290437970748,True,0.9998925924301147
26.79303288459778,6,target_distance_terminal,truth,0.9673682451248169,1.621466040611267,0.9999839067459106,0.9999839067459106,4.566520711342367,4.188873037369548,1.7483077195378527,True,0.9999839067459106
26.82085084915161,6,target_distance_terminal,truth,0.9623960256576538,1.6196999549865723,0.9999929666519165,0.9999929666519165,4.566370743919817,4.192823678201868,1.759277634933655,True,0.9999929666519165
26.852571964263916,6,target_distance_terminal,truth,1.0985345840454102,1.7596254348754883,0.999948263168335,0.999948263168335,4.574101255025445,4.187644691955861,1.7683949559200285,True,0.999948263168335
26.888643741607666,6,target_distance_terminal,truth,1.3632856607437134,2.2363874912261963,0.9999638795852661,0.9999638795852661,4.096673463720661,4.868879809469138,2.0673901410452125,True,0.9999638795852661
26.91948676109314,6,target_distance_terminal,truth,1.5564477443695068,2.4564080238342285,0.9999581575393677,0.9999361038208008,4.096064674902649,4.873849983824472,2.089561831014155,True,0.9999581575393677
26.95740532875061,6,target_distance_terminal,truth,1.261648416519165,2.1472864151000977,0.9998770952224731,0.9998770952224731,4.0573916060959405,4.945720019271837,2.133691996348374,True,0.9998770952224731
26.985049962997437,6,target_distance_terminal,truth,1.2303240299224854,2.040328025817871,0.9999444484710693,0.9995393753051758,4.085930230271857,4.913845178821032,2.136214741361767,True,0.9999444484710693
27.021124839782715,6,target_distance_terminal,truth,1.1866511106491089,1.9208040237426758,0.9999672174453735,0.9980602860450745,4.174208321739307,4.782415477140603,2.101905831912171,True,0.9999672174453735
27.0588059425354,6,target_distance_terminal,truth,1.0378797054290771,1.8337737321853638,0.9999337196350098,0.9935966730117798,4.126768606680037,4.870781687179957,2.156570443890197,True,0.9999337196350098
27.089669704437256,6,target_distance_terminal,truth,0.9952911138534546,1.6252057552337646,0.9999547004699707,0.9913399815559387,4.196667790549207,4.76812241225483,2.1342052746591533,True,0.9999547004699707
27.131043434143066,6,target_distance_terminal,truth,0.9308943748474121,1.4776098728179932,0.9998869895935059,0.9991890788078308,4.0927577315539425,4.951828503613205,2.232135550422837,True,0.9998869895935059
27.153621196746826,6,target_distance_terminal,truth,1.0410844087600708,1.6767665147781372,0.9999767541885376,0.9980854988098145,4.102394716866219,4.954810823113955,2.2530409106860194,True,0.9999767541885376
27.187166690826416,6,target_distance_terminal,truth,0.8952603936195374,1.538405179977417,0.9999986886978149,0.9896950721740723,4.249343649521661,4.73063061015226,2.1700802195037308,True,0.9999986886978149
27.220457553863525,6,target_distance_terminal,truth,0.8007506728172302,1.4130865335464478,0.9999961853027344,0.9436794519424438,4.241728009105731,4.756109503643423,2.209230842434607,True,0.9999961853027344
27.254579782485962,6,target_distance_terminal,truth,0.8384716510772705,1.4314172267913818,0.9999963045120239,0.952421247959137,4.254008727114704,4.753480656377407,2.226603304459661,True,0.9999963045120239
27.28564739227295,6,target_distance_terminal,truth,0.8002222180366516,1.3479796648025513,0.9999871253967285,0.9835070371627808,4.1887132156015205,4.879715473350015,2.3015836983379314,True,0.9999871253967285
27.32026767730713,6,target_distance_terminal,truth,0.7895690202713013,1.3168549537658691,0.9999898672103882,0.9431850910186768,4.2651368351424725,4.764473060886973,2.2740592007568443,True,0.9999898672103882
27.352733612060547,6,target_distance_terminal,truth,0.7695951461791992,1.314652442932129,0.9999620914459229,0.5659803748130798,4.601683059581705,4.255382525167475,2.0521374296236288,True,0.9999620914459229
27.390021562576294,6,target_distance_terminal,truth,0.84248948097229,1.463681697845459,0.9998043179512024,0.8553043007850647,4.453629685423194,4.4865311322888335,2.184347816510176,True,0.9998043179512024
27.42542028427124,6,target_distance_terminal,truth,0.8899431228637695,1.6135355234146118,0.9999402761459351,0.9775922894477844,4.305567101941682,4.743041299816206,2.3214887505534114,True,0.9999402761459351
27.456845998764038,6,target_distance_terminal,truth,0.9225034117698669,1.5785340070724487,0.9999823570251465,0.9823874235153198,4.4028199141589885,4.594252131019708,2.2636369675001253,True,0.9999823570251465
27.492966890335083,6,target_distance_terminal,truth,0.8307489156723022,1.3989585638046265,0.9999924898147583,0.9770113825798035,4.676899071158054,4.173853525488901,2.0769426887273936,True,0.9999924898147583
27.51954746246338,6,target_distance_terminal,truth,0.9324502944946289,1.6429417133331299,0.9999897480010986,0.9964988231658936,4.283836138076296,4.821746436732348,2.406496094439058,True,0.9999897480010986
27.556297540664673,6,target_distance_terminal,truth,1.012692928314209,1.714390754699707,0.9999927282333374,0.999202311038971,4.199280506885074,4.9956615770957296,2.5033003966880507,True,0.9999927282333374
27.586079835891724,6,target_distance_terminal,truth,1.0637273788452148,1.7332004308700562,0.9999932050704956,0.9999477863311768,4.114763538491928,5.147093078865326,2.559820812458597,True,0.9999932050704956
27.619497537612915,6,target_distance_terminal,truth,0.9764780402183533,1.6273372173309326,0.9999898672103882,0.9999425411224365,4.107720196930262,5.175127009434122,2.5913139594287835,True,0.9999898672103882
27.652782917022705,6,target_distance_terminal,truth,0.9897547960281372,1.6427032947540283,0.9999946355819702,0.9998007416725159,4.161458855250098,5.075004834799879,2.549853545897198,True,0.9999946355819702
27.6872718334198,6,target_distance_terminal,truth,1.0703675746917725,1.6689655780792236,0.9999839067459106,0.9999116659164429,4.151934569851463,5.137150011750751,2.611208554358255,True,0.9999839067459106
27.719571352005005,6,target_distance_terminal,truth,1.0722379684448242,1.6681971549987793,0.9999659061431885,0.9998666048049927,4.183828453343597,5.0918921812209295,2.6137133889856505,True,0.9999659061431885
27.7630455493927,5,target_distance_terminal,truth,1.2083183526992798,2.8738553524017334,0.9999576807022095,0.9996129870414734,3.915602195269202,4.52547331800156,0.7916349457483822,True,0.9999576807022095
27.795495986938477,5,target_distance_terminal,truth,1.500697135925293,3.573282241821289,0.9999817609786987,0.9998377561569214,3.7066941197737613,4.745330176814036,0.8473480862536227,True,0.9999817609786987
27.84307551383972,5,target_distance_terminal,truth,1.4585362672805786,3.859807252883911,0.9999877214431763,0.9994093179702759,3.422252563731113,5.064039647512369,0.9105660539656156,True,0.9999877214431763
27.85287618637085,5,target_distance_terminal,truth,1.3008675575256348,3.4255337715148926,0.9999533891677856,0.9994953870773315,3.3080355275116857,5.187119544251131,0.9474266919442874,True,0.9999533891677856
27.89175271987915,5,target_distance_terminal,truth,1.1466821432113647,2.878450870513916,0.9998657703399658,0.9994484782218933,3.1889223176972425,5.318806504936904,0.9897242620788244,True,0.9998657703399658
27.923217296600342,5,target_distance_terminal,truth,1.0800906419754028,2.798288583755493,0.9999204874038696,0.9993569254875183,3.0993080519638467,5.424077777083199,1.0175287525628416,True,0.9999204874038696
27.954808235168457,5,target_distance_terminal,truth,1.142174482345581,2.7505440711975098,0.9999402761459351,0.9993129968643188,3.078649627166959,5.452688426061731,1.0328406416439386,True,0.9999402761459351
27.989760160446167,5,target_distance_terminal,truth,0.9110736846923828,2.020375967025757,0.9999513626098633,0.9986125230789185,3.0091628126990226,5.531350027970815,1.0627707661847101,True,0.9999513626098633
28.01963233947754,5,target_distance_terminal,truth,0.8416427969932556,1.874659776687622,0.9999306201934814,0.9961279034614563,3.046453263133677,5.49299321379277,1.0632463813000756,True,0.9999306201934814
28.052408456802368,5,target_distance_terminal,truth,0.7823891043663025,1.5939176082611084,0.9998899698257446,0.9961870312690735,3.0498413379055966,5.489006022382962,1.0588782260257288,True,0.9998899698257446
28.088161945343018,5,target_distance_terminal,truth,0.5533528327941895,1.1854387521743774,0.999686598777771,0.996292233467102,2.9768829331953035,5.570683801412221,1.0655655086908904,True,0.999686598777771
28.119348287582397,5,target_distance_terminal,truth,0.5505085587501526,1.144146203994751,0.9996559619903564,0.9968279004096985,3.1040564793253784,5.4237046692272415,1.052739198359,True,0.9996559619903564
28.153393030166626,5,target_distance_terminal,truth,0.5373741984367371,1.1572381258010864,0.9994033575057983,0.994705855846405,3.2606245560713942,5.248688565535949,1.0226599720520606,True,0.9994033575057983
28.185901641845703,5,target_distance_terminal,truth,0.532393753528595,1.0516119003295898,0.9998082518577576,0.9984311461448669,3.1496377685445136,5.348019560819774,0.9666380695800043,True,0.9998082518577576
28.22248935699463,5,target_distance_terminal,truth,0.505085825920105,0.9674073457717896,0.9995002746582031,0.9961221814155579,3.2344947144864182,5.221862049804679,0.8647281703615299,True,0.9995002746582031
28.253822565078735,5,target_distance_terminal,truth,0.48040544986724854,0.887563943862915,0.9971351623535156,0.9971351623535156,3.3441804985077517,5.071956477140961,0.7136798262244,True,0.9971351623535156
28.290618419647217,5,target_distance_terminal,truth,0.49897685647010803,0.8330531120300293,0.9994644522666931,0.9994644522666931,3.1328964969338178,5.221223220785903,0.3760342252349398,True,0.9994644522666931
28.323075532913208,5,target_distance_terminal,truth,0.516101598739624,0.8550198078155518,0.999106228351593,0.999106228351593,3.1525991669838884,5.1969535936533635,0.33789404164805176,True,0.999106228351593
28.352681159973145,5,target_distance_terminal,truth,0.49619555473327637,0.8296147584915161,0.9990612864494324,0.9990612864494324,3.1822238247374885,5.166545424415137,0.33552629037841625,True,0.9990612864494324
28.385716915130615,5,target_distance_terminal,truth,0.5126073956489563,0.8440099954605103,0.9981774091720581,0.9981774091720581,3.183559901902189,5.165519957143193,0.3446613932220051,True,0.9981774091720581
28.420387029647827,5,target_distance_terminal,truth,0.4935843348503113,0.8222788572311401,0.9967896342277527,0.9957917928695679,3.2593804481518345,5.081714736241739,0.3600249216034688,True,0.9967896342277527
28.454883098602295,5,target_distance_terminal,truth,0.5237449407577515,0.837874710559845,0.9986425042152405,0.9927298426628113,3.369659768184492,4.975277540846343,0.411408137968458,True,0.9986425042152405
28.49277424812317,5,target_distance_terminal,truth,0.5433385968208313,0.8408671617507935,0.9979314804077148,0.9979314804077148,3.1557730330125624,5.171746965522128,0.3368321614719191,True,0.9979314804077148
28.52074432373047,5,target_distance_terminal,truth,0.564772367477417,0.848746657371521,0.9986271858215332,0.9956379532814026,3.2849501872656552,5.043918374759687,0.3762231137259655,True,0.9986271858215332
28.555472373962402,5,target_distance_terminal,truth,0.6021395921707153,0.865447461605072,0.99910968542099,0.9957079887390137,3.3514142238654334,4.9691957185738245,0.3268291507854758,True,0.99910968542099
28.590972661972046,5,target_distance_terminal,truth,0.623759388923645,0.8845864534378052,0.9994304776191711,0.9957041144371033,3.372601397911021,4.935744953427803,0.32327010439174986,True,0.9994304776191711
28.619929552078247,5,target_distance_terminal,truth,0.6380795836448669,0.9252002239227295,0.9994107484817505,0.9941694736480713,3.366558997588822,4.93832280292797,0.32331874686532425,True,0.9994107484817505
28.654685974121094,5,target_distance_terminal,truth,0.6380269527435303,0.9432435035705566,0.9994651675224304,0.9982427358627319,3.323887268993283,4.976912941939085,0.31928980722236705,True,0.9994651675224304
28.691622734069824,5,target_distance_terminal,truth,0.6376526355743408,0.9738745093345642,0.9994731545448303,0.9979479908943176,3.322522923835108,4.966040107588755,0.33183274120663103,True,0.9994731545448303
28.720417737960815,5,target_distance_terminal,truth,0.6345765590667725,0.9538290500640869,0.9994595646858215,0.9942172765731812,3.3406464422223077,4.940996166398638,0.31101868667660776,True,0.9994595646858215
28.754589796066284,5,target_distance_terminal,truth,0.7155452370643616,1.0595016479492188,0.9990609288215637,0.9944196343421936,3.3113043926960106,4.966096484050609,0.3199022413007474,True,0.9990609288215637
28.79248595237732,5,target_distance_terminal,truth,0.7435222864151001,1.2291905879974365,0.9985129237174988,0.9976370334625244,3.29863211685155,4.962820668080149,0.3117188250128281,True,0.9985129237174988
28.820896863937378,5,target_distance_terminal,truth,0.7658485174179077,1.0918999910354614,0.9994655251502991,0.9970114231109619,3.3382719482352163,4.9206263190654695,0.34980495470820117,True,0.9994655251502991
28.854069471359253,5,target_distance_terminal,truth,0.8743048906326294,1.1417200565338135,0.9997046589851379,0.997414231300354,3.412516030178917,4.837405492976882,0.33011090996480724,True,0.9997046589851379
28.887853145599365,5,target_distance_terminal,truth,0.9453647136688232,1.2153515815734863,0.999919056892395,0.9983129501342773,3.612184485866887,4.631008591101679,0.34270689241172364,True,0.999919056892395
28.919615507125854,5,target_distance_terminal,truth,0.7962279319763184,1.102011799812317,0.9999593496322632,0.9981995820999146,3.5668289569642795,4.654741330928751,0.2951342267273971,True,0.9999593496322632
28.96305751800537,5,target_distance_terminal,truth,0.862346887588501,1.190366506576538,0.9998844861984253,0.9959591031074524,3.737306763394241,4.475271403012889,0.2895810147389278,True,0.9998844861984253
28.992571115493774,5,target_distance_terminal,truth,1.1117427349090576,1.1772420406341553,0.9997852444648743,0.9982641339302063,3.7877057788653996,4.405307634380793,0.2815692182014763,True,0.9997852444648743
29.02103590965271,5,target_distance_terminal,truth,1.0936444997787476,1.1315252780914307,0.9998493194580078,0.9985911250114441,3.696762837121995,4.488890223100656,0.2983800849294598,True,0.9998493194580078
29.059417486190796,5,target_distance_terminal,truth,1.0188608169555664,1.078026533126831,0.9996223449707031,0.9987976551055908,3.3418046352755337,4.849305391650225,0.49936670024258284,True,0.9996223449707031
29.103130102157593,5,target_distance_terminal,truth,1.0552998781204224,1.0552998781204224,0.9994091987609863,0.9975228905677795,3.4815592764454077,4.704850415391027,0.4700357617106864,True,0.9994091987609863
29.120630502700806,5,target_distance_terminal,truth,0.9914706945419312,0.9914706945419312,0.998548686504364,0.9944989085197449,3.4434047848736116,4.739595308029871,0.5813801412001339,True,0.998548686504364
29.154696464538574,5,target_distance_terminal,truth,1.0524110794067383,1.0524110794067383,0.9986047148704529,0.9956362843513489,3.4923416695618226,4.69837763283234,0.6843237749392881,True,0.9986047148704529
29.19633460044861,5,target_distance_terminal,truth,0.9250147342681885,0.9250147342681885,0.999729335308075,0.9988553524017334,3.2547312710004017,4.900287924436711,0.590337721588634,True,0.999729335308075
29.2261061668396,5,target_distance_terminal,truth,0.9617770910263062,0.9617770910263062,0.9995977282524109,0.9965885877609253,3.3862117643509024,4.740607916796364,0.4997479841572134,True,0.9995977282524109
29.255295991897583,5,target_distance_terminal,truth,1.0187251567840576,1.0187251567840576,0.999895453453064,0.9992044568061829,3.476473919695055,4.7121120443763775,0.8694064346695209,True,0.999895453453064
29.288599729537964,5,target_distance_terminal,truth,0.7162054181098938,0.9453834295272827,0.999852180480957,0.9988968372344971,3.4930284501300473,4.707577564519452,0.9596542161104326,True,0.999852180480957
29.321876049041748,5,target_distance_terminal,truth,0.7433106899261475,0.9518217444419861,0.9998607635498047,0.9998008608818054,3.3751440837699933,4.859541602446488,1.1227316806847445,True,0.9998607635498047
29.36031222343445,5,target_distance_terminal,truth,0.7086580991744995,0.916283130645752,0.9997783303260803,0.9997783303260803,3.3711842595731443,4.799012846998152,1.0006944378824156,True,0.9997783303260803
29.38725471496582,5,target_distance_terminal,truth,0.670290470123291,0.8924770951271057,0.9997021555900574,0.9981512427330017,3.6959612149619363,4.443860644422495,0.9451007621083356,True,0.9997021555900574
29.425381660461426,5,target_distance_terminal,truth,0.6945594549179077,0.8758509159088135,0.9996688365936279,0.9962469935417175,3.85983026513537,4.273510980790616,1.0350927314737002,True,0.9996688365936279
29.462844610214233,5,target_distance_terminal,truth,0.75031578540802,0.9364216327667236,0.9996505975723267,0.9963428378105164,4.072944151543393,4.011646377340092,0.9736398452374315,True,0.9996505975723267
29.49768090248108,5,target_distance_terminal,truth,0.801521360874176,0.8615450263023376,0.9997472167015076,0.9880877137184143,3.9617629071565474,4.129917106338493,1.0406533050277937,True,0.9997472167015076
29.52119016647339,5,target_distance_terminal,truth,0.8180844783782959,0.9067801237106323,0.9997054934501648,0.9835256338119507,4.125257865669901,3.9640707584324204,1.1058448992790253,True,0.9997054934501648
29.55455231666565,0,target_distance_terminal,truth,0.8350147008895874,1.0236666202545166,0.9997362494468689,0.9356722831726074,4.205131756754437,3.9267822304430515,1.3063315721770048,True,0.9997362494468689
29.590485334396362,5,target_distance_terminal,truth,0.7705095410346985,0.8118919134140015,0.9998997449874878,0.9929647445678711,3.8192532000555657,4.269824377967141,1.196218081798183,True,0.9998997449874878
29.621145486831665,5,target_distance_terminal,truth,0.7421481013298035,0.7995579838752747,0.999963641166687,0.993626594543457,3.7925232571261174,4.257141534198671,1.1156442869377579,True,0.999963641166687
29.667054176330566,5,target_distance_terminal,truth,0.7270309329032898,0.7933377623558044,0.9999657869338989,0.9961827397346497,3.700585556860927,4.396472422434948,1.285585664660011,True,0.9999657869338989
29.69460701942444,5,target_distance_terminal,truth,0.7983813881874084,0.830166757106781,0.9999674558639526,0.9975767731666565,3.8093924849146252,4.324005102591977,1.469286646798154,True,0.9999674558639526
29.720744371414185,5,target_distance_terminal,truth,0.8862593173980713,0.9250180125236511,0.9999635219573975,0.9985331296920776,3.704885047295181,4.473365693325969,1.5833213840146112,True,0.9999635219573975
29.755505323410034,5,target_distance_terminal,truth,0.9177254438400269,0.9285678267478943,0.9999572038650513,0.9889577031135559,4.057008342178147,4.068335762591338,1.5755011082482464,True,0.9999572038650513
29.8010892868042,5,target_distance_terminal,truth,0.9245131015777588,0.9493557810783386,0.9999475479125977,0.9860208630561829,4.153150692824914,3.9587790723596488,1.66045224300977,True,0.9999475479125977
29.83500027656555,5,target_distance_terminal,truth,0.919213056564331,0.919213056564331,0.9999967813491821,0.9091761112213135,4.3487327618165645,3.7018842464394894,1.585871294734488,True,0.9999967813491821
29.869412422180176,5,target_distance_terminal,truth,0.9319676160812378,0.9436824321746826,0.9999868869781494,0.9725040793418884,4.284928100955607,3.7840700723675273,1.6582863215727268,True,0.9999868869781494
29.904191732406616,5,target_distance_terminal,truth,0.9329454302787781,0.9329454302787781,0.9999979734420776,0.8142067790031433,4.448484261788325,3.5702147731587632,1.639454241243077,True,0.9999979734420776
29.938171863555908,5,target_distance_terminal,truth,0.9891319274902344,0.9891319274902344,0.9999948740005493,0.8724884390830994,4.481888623517406,3.495795534565447,1.5795518620197508,True,0.9999948740005493
29.97904086112976,5,target_distance_terminal,truth,0.9062734842300415,0.9763985276222229,0.9999955892562866,0.7095944285392761,4.651540189974577,3.2285963372461164,1.4116010054679304,True,0.9999955892562866
30.00444722175598,5,target_distance_terminal,truth,0.8785809278488159,0.956210732460022,0.9999990463256836,0.6901231408119202,4.446625330074419,3.4864312817540735,1.57085093830801,True,0.9999990463256836
30.04187822341919,5,target_distance_terminal,truth,0.9080842733383179,1.032014012336731,0.9999942779541016,0.4227685034275055,4.747099441290149,3.157245529826073,1.6377143072124158,True,0.9999942779541016
30.075395584106445,6,target_distance_terminal,truth,0.9870872497558594,2.169372081756592,0.999994158744812,0.9759411811828613,4.486320247259472,3.2398006317382566,1.0631560536204028,True,0.999994158744812
30.102444648742676,6,target_distance_terminal,truth,1.0800179243087769,2.6602542400360107,0.9999954700469971,0.9383496046066284,4.399484427746345,3.3295724408909235,1.1319483339441774,True,0.9999954700469971
30.142529249191284,6,target_distance_terminal,truth,1.0420868396759033,2.1431570053100586,0.9999969005584717,0.9893488883972168,3.983204926760074,3.7962413479894273,1.3415739926634187,True,0.9999969005584717
30.177130460739136,6,target_distance_terminal,truth,1.062673807144165,1.949305534362793,0.9999990463256836,0.9880467653274536,4.151033206877158,3.5988058149745243,1.3245923315495862,True,0.9999990463256836
30.20574975013733,1,target_distance_terminal,truth,0.8912796974182129,1.3372408151626587,0.9999997615814209,0.9997462630271912,4.002158762244343,3.803323729521654,1.492938963970762,True,0.9999997615814209
