t,x,y,z,vx,vy,vz,ax,ay,az,yaw,yaw_dot
3.469249963760376,2.642879365981383e-06,-6.883584850192279e-07,2.0080004486081044,0.0003956348390138854,-0.00010298451305699873,8.003371158764697e-05,0.039404225424160756,-0.010244657776046849,0.007954783021619158,-0.031415926535897754,-1.5707963267948966
3.489147186279297,1.0424739550064748e-05,-2.7482724117014314e-06,2.007998828093958,0.0011684477472292947,-0.00030942749034171746,9.78672466894536e-05,0.0772666864894117,-0.020638350101491006,0.015493887024961857,-0.06283185307179551,-1.5707963267948966
3.5091819763183594,5.17251277033013e-05,-1.3740693589193031e-05,2.0080043728880144,0.0030847322268184726,-0.0008233478759955156,0.0004808150648138255,0.11420918407747951,-0.0306983860792396,0.0227548154697047,-0.09424777960769326,-1.5707963267948966
3.5291357040405273,2.6768275355335604e-05,-7.110470702621366e-06,2.007942363397785,0.0026899449388347887,-0.0007220092450484029,-0.0013610485499334726,0.1489429020719388,-0.040280985361787196,0.029615747989780148,-0.12566370614359101,-1.5707963267948966
3.549431800842285,4.9784903304173854e-05,-1.2466835156958102e-05,2.007771793935593,0.003829024456945678,-0.0010177307370913843,-0.004548825000828358,0.18180876706853794,-0.050500071341538035,0.036322547975846005,-0.15707963267948877,-1.5707963267948966
3.5691986083984375,0.00016487766300931635,-4.3585452008910394e-05,2.0076885160009073,0.0077871053512465595,-0.002127044056131748,-0.003757481920109296,0.2138650499621564,-0.06037406825774279,0.042768566211608176,-0.18849555921538652,-1.5707963267948966
3.589144706726074,0.00036548971980966303,-9.884232221084243e-05,2.007622336907878,0.012378281877500286,-0.003430418676777625,-0.002839799318118166,0.24511964616602794,-0.06990684658042694,0.04895703958425011,-0.2182112878031961,-1.4857864293904788
3.609184980392456,0.00022330984052141602,-5.3085358642029334e-05,2.0073732711606898,0.008891087730583998,-0.002374047513548802,-0.006817254223440885,0.2694841563376675,-0.0831593782413182,0.05480066659571325,-0.19479467528331584,1.1708306259940127
3.6292009353637695,0.0003755468854245758,-8.957788394777235e-05,2.007217607551053,0.011792472236444905,-0.0031451266956138667,-0.0066822092950499165,0.28856262742194205,-0.0873036601294449,0.06033115250986228,-0.20467989089997118,-0.49426078083276703
3.649080753326416,0.0007342704075052581,-0.0001754291346234644,2.006836956255035,0.01710097234318478,-0.0043719797624468095,-0.011364802313793936,0.30945562192547243,-0.08165592414702191,0.0658722196141814,-0.19267889545321015,0.6000497723380516
3.669135570526123,0.0011395509474292258,-0.0002788307499632552,2.0066231922045916,0.023495200267789645,-0.005949845300085155,-0.009993921283531014,0.3298912727272785,-0.07615495567401463,0.0711767039384678,-0.1978123448844853,-0.25667247156375694
3.68904185295105,0.0015225184540731537,-0.0003696244017332347,2.0058336348643055,0.02656426269518517,-0.006381739203394968,-0.02389334528288841,0.3599819052393967,-0.06392289477750054,0.07695200691582695,-0.1793812669670789,0.9215538958703196
3.709118127822876,0.0021277664478207814,-0.000509249972259041,2.0053715309153843,0.0340581968869971,-0.007541487147740813,-0.022298628122011582,0.38928009912233164,-0.052123598650398256,0.08247850589749785,-0.17482326011028304,0.227900342839793
3.7291035652160645,0.0027441507241793236,-0.0006789891256957747,2.004506271104276,0.038543922992696045,-0.008808901937423737,-0.03079723349908461,0.4227272445974426,-0.039948108019337014,0.08810537059073162,-0.17883666135147225,-0.20067006205946036
3.749220371246338,0.003601753006279118,-0.0008623642518866296,2.0039083101619966,0.047324371841906014,-0.009489301391667312,-0.02898093441887764,0.45514742030633026,-0.02815524894353169,0.0934833167111629,-0.16020723567482387,0.9314712838324191
3.76910400390625,0.004000480767468359,-0.0009923671754630385,2.003541895796888,0.0492527248009221,-0.010774234498844569,-0.030126573081461723,0.4708490921519024,-0.03080657445649791,0.09849390320945647,-0.17797686919168454,-0.8884816758430336
3.789050340652466,0.00508073393915533,-0.0012141833341113694,2.0029593854382677,0.058823737950659497,-0.011415779811952255,-0.028108540535775755,0.48619281750332993,-0.033326136248492906,0.10327062721366972,-0.15710304015888,1.0436914516402274
3.809274673461914,0.006193789573595169,-0.0015117434140210348,2.0023615840637277,0.06478621248287586,-0.013530967170993136,-0.027633246409040402,0.504392828050788,-0.027244198881149612,0.1076120814334462,-0.17315138472365765,-0.8024172282388831
3.8291447162628174,0.007546281045775385,-0.0018034318182217324,2.0017850957450314,0.07357086113979133,-0.014563627451861103,-0.026900869255625792,0.5233076663531291,-0.023291484460206204,0.11168056148489015,-0.16197092296902538,0.5590230877316138
3.849055051803589,0.009928916203489749,-0.002275396102385106,2.00096178197293,0.0877361400598969,-0.015932932353901422,-0.025410389443120854,0.53916216068633,-0.02054344170166336,0.11544191963611775,-0.15201884551261857,0.49760387282034024
3.869050979614258,0.011792504206581107,-0.002597984305816005,2.0004769032259384,0.09867389780735959,-0.016316998805835595,-0.023065619431076618,0.5545335125734042,-0.01787667115466993,0.11900171208294927,-0.1411944943008714,0.5412175605873593
3.889073371887207,0.013829718530753248,-0.0029616922196722246,2.0000663498010502,0.10881691026236828,-0.017506941207158653,-0.01956875761678505,0.5738000336136369,-0.015496081015547022,0.1220088062869282,-0.139527956544927,0.0833268877972193
3.9091908931732178,0.01612206999052175,-0.0033147734011019043,1.9996995678397056,0.12048038149112882,-0.017793364633460748,-0.01710001660799037,0.5924438806924659,-0.013152385220689644,0.1248354203796446,-0.12908358444750956,0.5222186048708721
3.929124116897583,0.017339591882071483,-0.0035181026578133975,1.9996434152560654,0.12606713339870596,-0.018613164551301044,-0.01264037432279494,0.6066277701839209,-0.01077254485868182,0.12709642106640323,-0.13065762563148065,-0.07870205919855433
3.9490549564361572,0.02137268997619256,-0.004108286568653569,1.9994543703384207,0.14372178328929083,-0.019732733327322068,-0.004989584413196899,0.6128927560896924,-0.014610644944342619,0.12875141450486435,-0.12183434925446868,0.4411638188505984
3.9691293239593506,0.024370111909150807,-0.004506109965078592,1.9993804322248259,0.1560406308452306,-0.02006178292518013,-0.0023991787710897364,0.6189590390373231,-0.018263667772406848,0.13026590087006648,-0.1156336935793929,0.3100327837537886
3.989086866378784,0.027618241498099137,-0.004937268841824844,1.9995758697996466,0.16862390263976643,-0.021057193008025735,0.005641036635681476,0.621562346869651,-0.021934187336808453,0.1310774071788921,-0.1132461261205786,0.11937837294071496
4.009134531021118,0.031115202164309644,-0.005363034542298563,1.9997149543628094,0.18108061451479063,-0.02153096673547681,0.008269742080214963,0.6240975127420796,-0.025411139189273842,0.13177415606485302,-0.1083774933754369,0.2434316372570855
4.0291924476623535,0.03298693137668052,-0.005581737696778651,1.9999430522913744,0.18823058379421742,-0.021865946137890033,0.013549913465876253,0.6253888339194399,-0.030007759857261635,0.1320024143258969,-0.10655175464648847,0.09128693644742114
4.049609899520874,0.04109185955077402,-0.006466737006963917,2.0007925710833687,0.21518985694828735,-0.022767394239027763,0.023841207411094523,0.6252663228660843,-0.036414731529172635,0.1315621107103902,-0.09766157448266677,0.4445090081910852
4.069178104400635,0.04552070408866044,-0.006929778990546008,2.00129567452712,0.2276943414080975,-0.023557097372996227,0.02646741834841232,0.6251896747516797,-0.0425027776881144,0.13104654758352133,-0.09647760725699372,0.05919836128365219
4.089094161987305,0.04789122480422577,-0.007156196019169629,2.0016879504903926,0.23575225903467825,-0.023713699950292325,0.031207346556001513,0.6269958605468939,-0.049445703696864525,0.1301860376936472,-0.0940247267561154,0.12264402504391647
4.109402656555176,0.05273178728018868,-0.007640804739439016,2.002338074186133,0.24830985660422686,-0.02476916517582166,0.03380195013717339,0.6287562747137597,-0.05604370880206415,0.1292641923249441,-0.09350377348893435,0.026047663359052287
4.129101276397705,0.055310708371270854,-0.007872134027202939,2.002792547650115,0.2564556520359342,-0.02485746956699861,0.03820135233011974,0.631276745064852,-0.06543410314643194,0.1280502913647707,-0.09101289740026397,0.12454380443351898
4.149017333984375,0.06334888675319802,-0.008619110913968237,2.004094127143421,0.2771353150295844,-0.02610253237934249,0.044801461549598284,0.6338568640386223,-0.07717457083744794,0.12647850969045543,-0.0887584040358238,0.11272466822200844
4.169100761413574,0.06901853018044483,-0.009157351951421831,2.0050153454257327,0.28983721175246785,-0.027758894658474732,0.04731500345978945,0.6363121028402867,-0.0883716741327503,0.12486955738293157,-0.09038310377068903,-0.08123498674326157
4.189071893692017,0.07502957169611175,-0.009678447470952508,2.006116439579804,0.3047466885312751,-0.028315376704679485,0.05300083423667633,0.6390173603460112,-0.10285969408481134,0.12294034515716996,-0.08764442185472188,0.1369340957983578
4.209093809127808,0.08125248278696945,-0.010266258877320989,2.007200914498814,0.3175530051759984,-0.030511799029157564,0.05544014590816472,0.6415927678813184,-0.11667036717215343,0.12098683003343422,-0.0907419663615352,-0.15487722534066606
4.2291600704193115,0.08451298476537807,-0.01053315875020555,2.007834758140707,0.32551165440687935,-0.030539610166843617,0.058709512182721184,0.646082068571279,-0.13154815970204203,0.118895695901499,-0.08841109918332979,0.11654335891027046
4.249054670333862,0.09461471894903173,-0.011449558909776227,2.0097152613971803,0.3461806582975364,-0.03290260533646969,0.06411595888792504,0.6454266015351473,-0.14399478518483394,0.1165685608023091,-0.08970709233182284,-0.06479965742465232
4.269128084182739,0.10166737221007358,-0.012137208166199976,2.0110207386944636,0.3590823811793028,-0.0359017073406305,0.06642398394335772,0.6447406165837505,-0.1558110314940285,0.11423250030294112,-0.09402363565545047,-0.21582716618138154
4.28904390335083,0.10904344707773014,-0.01280286298501419,2.012456793296459,0.373620236930483,-0.03701328291037744,0.07077367550535399,0.645735036308721,-0.16457349226666101,0.11172355894504185,-0.09276819317222795,0.06277212416112565
4.309085369110107,0.11664506159492534,-0.013576601889593918,2.0138944441991593,0.38654429488641956,-0.04038811115043336,0.0729830480589199,0.6466590746412052,-0.17282468624582661,0.10921355422138991,-0.09772363908712922,-0.24777229574506343
4.329836368560791,0.12450533741416596,-0.014419453852701184,2.0153757805021177,0.3994861343539163,-0.04392290716605202,0.07514221338810173,0.6475132786414383,-0.18057140110121922,0.10670290658155818,-0.10203179329092738,-0.21540771018990768
4.349129676818848,0.12861754672660847,-0.014768768605079812,2.016229269147665,0.407790946926729,-0.04368344140627637,0.07828412795078657,0.6441903726962658,-0.1891261140531829,0.10410712185989203,-0.09905932988262967,0.14862317041488549
4.369082927703857,0.14117613591777647,-0.016126390358809858,2.018662266460638,0.4280742865066999,-0.0483263419245001,0.08244632251863027,0.6390580292151952,-0.19343008242744092,0.10138102784919839,-0.10444343973517833,-0.26920549262743343
4.389106273651123,0.14986509758596048,-0.017131877974184168,2.020331287889702,0.4408052042774754,-0.05223595621954025,0.08444676771631511,0.6340551906800895,-0.1974911160259989,0.09866523099541942,-0.10870408130056575,-0.21303207826937065
4.409071207046509,0.15434089248934724,-0.01763699205913703,2.0212109460067595,0.44818559910763306,-0.05338106807754431,0.08626303242189096,0.6351488165953993,-0.18752001739578483,0.0959791891794317,-0.10869695802087875,0.0003561639843496778
4.429137706756592,0.16343170049741942,-0.01874146200858201,2.022955223989737,0.4608984048229053,-0.057033310735773925,0.0881558502644885,0.6361097808281821,-0.17773515077819219,0.09330450997977784,-0.11269073909901017,-0.199689053906571
4.449059724807739,0.17283275657587818,-0.019908315670191353,2.0247783270046793,0.4749880857166895,-0.060439987567940154,0.09101517840744054,0.6366932712021964,-0.17275831185388435,0.09059460211901434,-0.11515967739743171,-0.12344691492107707
4.469040870666504,0.1873952197321395,-0.021823258789592785,2.0275718791677693,0.4948267909934908,-0.06629244300663158,0.09433997407471066,0.6371802939191709,-0.16706772770497627,0.0878137649204692,-0.1205318584138304,-0.2686090508199346
4.489238262176514,0.19741921967202858,-0.023182134324205676,2.0294760569068364,0.5075745330208091,-0.06957564331882678,0.09606859003375771,0.6375793163918327,-0.161227637245667,0.08505082823164256,-0.12237113422955703,-0.09196379078633132
4.50914192199707,0.2025447548460459,-0.0239208925208273,2.0304590359055963,0.514424323082809,-0.07215488088761898,0.09740340878114895,0.6347243200906953,-0.15595558245198937,0.08236341755495906,-0.1247721736452605,-0.12005197078517327
4.529100179672241,0.21295999808935068,-0.025394821204967218,2.032423398467441,0.5270906342990518,-0.0752198435945063,0.09902394700490602,0.6319142231904196,-0.15051245939988617,0.07969330078606858,-0.12642933043157178,-0.08285783931556434
4.549163341522217,0.22364902997952588,-0.02699662912389673,2.0344455095477088,0.5401827336313825,-0.07983130814616479,0.10122769699263683,0.6234702484409255,-0.14001758442320134,0.07704106238563903,-0.1303721800827886,-0.19714248256084144
4.5690906047821045,0.24015411169710843,-0.029501943536737366,2.037530700770259,0.5594413730110084,-0.08531250032761624,0.1039009798858138,0.6229772631030471,-0.13019492283968828,0.07435646109038782,-0.13358597639132475,-0.1606898154268066
4.589205980300903,0.2514674961224069,-0.031233587096625097,2.039623413719263,0.5718950521131995,-0.08781974018484731,0.10536143522814916,0.6223720654960627,-0.1205602512942148,0.07169252703905046,-0.13389602222541308,-0.015502291704416749
4.609167098999023,0.2572366428470503,-0.03216721284266329,2.040690744332083,0.5786111260382887,-0.0903468028743552,0.1063399430417828,0.617053260599263,-0.10933369970779798,0.06913102423745697,-0.13593895883232276,-0.10214683034548422
4.629202604293823,0.2689319228617535,-0.03399527988758441,2.0428311995810713,0.590899241311542,-0.09242332423221507,0.10769710691488951,0.6117630235554055,-0.09836044212023344,0.06658854362240686,-0.1357666274332514,0.008616569953567854
4.649253845214844,0.2808985842852694,-0.03595924008719686,2.045013436238838,0.6037597659982135,-0.09673313158503503,0.10937579503436316,0.6076774472033051,-0.08893330156621633,0.06409930889955798,-0.1388403260524571,-0.15368493096028502
4.669062852859497,0.2993009782138241,-0.03896679107156158,2.048331361741556,0.6223972326379189,-0.10112789417279118,0.11149656075699775,0.6018516206300908,-0.07229179289944893,0.061604471817952665,-0.14006307130759188,-0.061137262756738586
4.689244270324707,0.31186891056727395,-0.04100271441809573,2.0505734485359475,0.6343769670680993,-0.10241007001620298,0.11270386976064709,0.5961409091162183,-0.05598060571113613,0.059129796989566656,-0.13893733014471144,0.05628705814402224
4.709181785583496,0.31825625186961465,-0.04209238267264113,2.051708982839791,0.6406812456667009,-0.10465488940783137,0.11342945915864577,0.5904417137574507,-0.043570632474042206,0.05677059764122937,-0.14064156019454943,-0.0852115024918998
4.729422569274902,0.34438252629954463,-0.046424141336555806,2.0563000108757583,0.6648704524217579,-0.10903765750938237,0.11587926695536946,0.5808260350378948,-0.03459414151263229,0.054378023991830206,-0.14072157295244025,-0.0040006378945411925
4.749084949493408,0.35779546926559364,-0.04861121965175759,2.058628313316253,0.6763924413983625,-0.10964057020756465,0.11694306865511495,0.571405166751536,-0.025712995880544674,0.05200549372572349,-0.13909160208162996,0.08149854354051467
4.769090890884399,0.36460325856181836,-0.049763268124552916,2.0598027593001107,0.6824962595130738,-0.11133381364583791,0.11750937515720705,0.5657225184006386,-0.015314741970703205,0.04975722609888777,-0.14016068848898344,-0.05345432036767406
4.789149284362793,0.3783659507386734,-0.05199232287034897,2.062162749236337,0.6937541045301092,-0.11153758223225525,0.11848218244781954,0.5600664296513219,-0.0050911093421639846,0.047526422629286344,-0.13799448706836825,0.1083100710307594
4.809088468551636,0.39238648509555674,-0.05429970438710278,2.0645465911771232,0.7057001962724215,-0.11342544887993891,0.11953022372262893,0.5508462464457096,0.003814915974055907,0.04538262287137777,-0.13819105458283065,-0.009828375723119898
4.829885482788086,0.4138241643051462,-0.057741500635127264,2.0681553894715807,0.7226835324916786,-0.11439710183806884,0.12094267304596516,0.5418027572335608,0.010842416247948896,0.04326041563496178,-0.13601175800854026,0.10896482871451951
4.849087715148926,0.4283856011941868,-0.060026808602506074,2.0705827543480333,0.7334305831541428,-0.11411046417898414,0.12178679481873168,0.5329307522720234,0.017811631737951403,0.04115448332717236,-0.1340865213604756,0.09626183240323272
4.869079351425171,0.4357617467704316,-0.06119607866219207,2.0718037647223135,0.739115186444236,-0.11469009041138423,0.12220985423702449,0.5243958764270343,0.023554977893945644,0.03917175737374789,-0.13399123900495535,0.004764117776012711
4.889093399047852,0.4506483672860145,-0.0634847876843816,2.07425566465669,0.7495188552501361,-0.11416174083111097,0.12297357550216523,0.5159928997299036,0.029276262727353376,0.037202650050764154,-0.13159141152057874,0.11999137421883077
4.909104824066162,0.4581898536322711,-0.06464905243044555,2.07548910580317,0.7551884188922852,-0.11447937782506756,0.12337990025285483,0.5079646419708019,0.035758012174681574,0.03535120445882175,-0.13130612516500095,0.014264317778889257
4.9292051792144775,0.47339468584700367,-0.06693105908926902,2.0779636511735267,0.7652684496460076,-0.11369987034706174,0.12406850231071241,0.5000587451319389,0.04218332420226381,0.03351086539617396,-0.12876143683986552,0.1272344162567718
4.949245452880859,0.48883724939681134,-0.06922568701602141,2.0804556085099066,0.7760938502903698,-0.11354770638857432,0.12481964609417198,0.48834294842522735,0.04335076486433419,0.031759939459423285,-0.12721683295954245,0.0772301940161535
4.969050168991089,0.5123633967400771,-0.07262181811297029,2.084216540851936,0.7913342791524623,-0.11247313263602053,0.12581532154916286,0.47838706366599293,0.04474343793124235,0.030036726037546646,-0.12385804914760046,0.1679391905970995
4.989048480987549,0.5282851055068839,-0.0748622406774631,2.0867387402127906,0.800804043549392,-0.11156457768695761,0.12639890160600226,0.4686208409330772,0.046107281751623694,0.02832284975122846,-0.12195656741036442,0.09507408686180163
5.009055852890015,0.5363364305513613,-0.07597293827215036,2.0880051049507666,0.8059587005864851,-0.11099574918480062,0.12669380378828524,0.4579323204300805,0.04736597758438583,0.026722696380845734,-0.12084030062548656,0.05581333924389309
5.029128551483154,0.5525464899826765,-0.07818329752790476,2.090544219230781,0.815012381302247,-0.11003607262122843,0.12721231324720655,0.4474739088283821,0.04859711412128877,0.025129409757809636,-0.11864057466604905,0.10998629797187576
5.049038648605347,0.5689761201117365,-0.08035686197355132,2.0930961266899657,0.8248654516708386,-0.10860040370884542,0.12776731430668792,0.43602094231383964,0.048535232765852525,0.023627174957154995,-0.11608195056066695,0.12793120526910506
5.069061517715454,0.5939447742979026,-0.08357390627861089,2.0969411205000217,0.838670385016903,-0.10652487708198285,0.12850084508238752,0.4329681172202496,0.05623399525850105,0.022156419760357645,-0.11240684449893124,0.18375530308678556
5.089191198348999,0.6108045679762872,-0.08569265070619976,2.0995154708705144,0.8472985325647784,-0.10532436500799983,0.1289293052274799,0.42983306689059025,0.06379421451294663,0.020690401386377313,-0.11055409981820619,0.09263723403625246
5.109116077423096,0.6193150172144155,-0.08672433954158607,2.1008062407273234,0.851996685081123,-0.10411014871223469,0.1291359581258971,0.4265804005396161,0.07120134900727992,0.019332162576349954,-0.10895076940592174,0.08016652061422214
5.12926173210144,0.6364400471982405,-0.08879181519724128,2.1033927358907847,0.8604952747626413,-0.10261317657172643,0.12950903870847025,0.42326885984284324,0.07847345189960002,0.017976312854407872,-0.1065640853388592,0.1193342033531275
5.149104595184326,0.6537410986126717,-0.09082214686434677,2.1059888400926847,0.8690522583059903,-0.10086311346768205,0.12991718460743268,0.4201154722271836,0.08531082911554047,0.016709662622366898,-0.10408870342922638,0.12376909548164061
5.168977499008179,0.6799951759227887,-0.09381224923706312,2.109895492114309,0.8814274203627163,-0.09833073313983347,0.13045372066159827,0.41681467584331316,0.09124575307297764,0.01547478500675948,-0.10042227801268533,0.18332127082705263
5.189133167266846,0.6977068638978758,-0.09576022360656401,2.1125075791646535,0.8897301541588568,-0.09644722173037586,0.1307508685807025,0.4134478019126429,0.09709038643675715,0.01424005149880381,-0.09808654445480203,0.11678667789416508
5.209125280380249,0.7066119691852318,-0.09672102857328971,2.1138167924369284,0.8933997545665373,-0.09552490935069913,0.13091067570965145,0.4025658640366947,0.09417882263464748,0.013104713320377251,-0.09703162244760488,0.05274610035985727
5.229079008102417,0.7245597644027826,-0.09861288106515248,2.1164375511030764,0.9013443205776999,-0.09366977643287334,0.13116139980164893,0.39193183708767526,0.09134782989264734,0.011967386741226703,-0.09447085037361891,0.12803860369929865
5.249177932739258,0.7426570793162076,-0.10046068792695761,2.119065634509269,0.9090041147180543,-0.09151983182563696,0.13145245617727427,0.38875682498908726,0.10081663008243039,0.010915912155208651,-0.09188379068432395,0.12935298446474786
5.269063472747803,0.770103585932086,-0.10314911520257147,2.123015199636442,0.9206224768819787,-0.0882374205723835,0.13180092040291813,0.3793064882149394,0.09232407329672224,0.00989699739975779,-0.08783434732826123,0.20247216780313604
5.289205074310303,0.7885912751753323,-0.104895953486012,2.125653129299378,0.9281155077471696,-0.08647395182683724,0.13198863517801587,0.3700245579497506,0.08406081645408042,0.00887378839649198,-0.08585561975562817,0.09893637863165328
5.309076309204102,0.7978907164441986,-0.10573789073564495,2.126973791304586,0.9317798036043277,-0.08498302212534052,0.13207740544855495,0.36690250490494486,0.0961906649056813,0.007943651208254259,-0.08427223460816125,0.07916925737334601
5.329349517822266,0.8354589099286074,-0.10902601367013919,2.132264169461616,0.9464701281867636,-0.08023155439094927,0.13240776367767554,0.3632473466154112,0.10744557623433981,0.007040906001444813,-0.07860786873024539,0.2832182938957928
5.349088430404663,0.854460717161268,-0.11060842005199013,2.1349136723937328,0.953698336687554,-0.07797254846767195,0.1325394978857293,0.3595698416130345,0.11840622465232321,0.006131416699575128,-0.0763897348859981,0.11090669221236471
5.369033098220825,0.8640062300264495,-0.11137466916079328,2.1362390306179435,0.9569235453639391,-0.07667589157392872,0.13258345722904333,0.34910727491571264,0.10874783341007008,0.005311900332910658,-0.07508197466208077,0.06538801119586601
5.389145374298096,0.8832138353928085,-0.11288706816313195,2.1388917070737814,0.9638028157962717,-0.07459532757238022,0.13268142782706588,0.3388546025841738,0.09935211328102506,0.004483747519948585,-0.07269486316486296,0.11935557486089099
5.409100532531738,0.8928619501975077,-0.11362837152717968,2.1402191087714133,0.966958890644226,-0.07350045788384219,0.1327294423602814,0.33391448545184516,0.10953738400229039,0.0037407797698889396,-0.07160571244408409,0.05445753603894321
5.429128885269165,0.9122675820447746,-0.11507580746695525,2.1428743957214347,0.973587859128424,-0.07121006904705646,0.1327967414461426,0.3289840067009005,0.11945754386637318,0.0029874268452342906,-0.06903896489431816,0.12833737748829677
5.449190855026245,0.931811374405102,-0.11645870260488994,2.145531641949489,0.9802893294497044,-0.06832089833231751,0.1328668188198327,0.32488027201454844,0.13193730527766054,0.0023136699131173786,-0.06606015575887092,0.14894045677236178
5.469048023223877,0.9613683313368532,-0.1184516770855636,2.1495188371874296,0.9900574320124168,-0.06435792667308762,0.1329351457174059,0.32158641389464826,0.14530435836067862,0.001670664122101819,-0.06191652019582916,0.20718177815208794
5.4891676902771,0.9812335772550868,-0.11970890337255939,2.1521778307316395,0.9964561528913638,-0.0613214606594344,0.13296202312778088,0.31828434610009076,0.15827684031059613,0.0010149975356328184,-0.05896226910065838,0.14771255475853895
5.509116888046265,0.9912088791031138,-0.12033085699816204,2.153507530819724,0.9993916743847414,-0.06031459958352652,0.13296761056639397,0.30797862605498794,0.14854903196215008,0.00043759687823747634,-0.058018872034495406,0.047169853308148824
5.52913761138916,1.0112576336364651,-0.12150807650764808,2.1561669313436305,1.005450249997657,-0.05743903195560552,0.13297046977212046,0.2979199000617559,0.13904481931083731,-0.0001540123592144994,-0.05503808895910023,0.14903915376975885
5.549089193344116,1.0314227573390145,-0.12266065999679998,2.158827159296596,1.0112653711036466,-0.05541143946264692,0.13298492491079403,0.28730825338590704,0.13059425082676404,-0.0006715981544780162,-0.05300052553618695,0.101878171145664
5.569045305252075,1.0618970138801826,-0.12425332874220128,2.1628167692711386,1.0199869624841162,-0.05119680756643777,0.13296993612803223,0.273951991256848,0.12301631699964134,-0.001161255020680417,-0.04874264982617538,0.21289378550057858
5.589182376861572,1.0823506691646796,-0.12525315783386806,2.1654759022807286,1.0253351139125235,-0.04881076273302236,0.1329416782840919,0.2609163231958855,0.11561794800254596,-0.0016672123152118286,-0.04646776494359717,0.11374424412891049
5.609079599380493,1.0926298864060293,-0.12570498935379557,2.166804841566947,1.0283017107600763,-0.04664386433116755,0.13290836229533784,0.2590824599166508,0.13000534988419743,-0.0021010566527683763,-0.044408265917495804,0.10297495130506817
5.630341053009033,1.1132476123984403,-0.12661092752438968,2.169462558792085,1.03346461220712,-0.04390340019779212,0.1328618551659747,0.25719959280462074,0.14397118566455278,-0.0025525653979483545,-0.04171510526884736,0.13465803243242203
5.649271488189697,1.133998967966798,-0.12742105110685614,2.17211865950484,1.0393027034036104,-0.04008617184751092,0.13279256165992193,0.25475630961863027,0.15511095466236102,-0.002932883048562243,-0.03803198949526809,0.18415578867896354
5.669085264205933,1.154835808501673,-0.1281910257125659,2.1747738978534206,1.0443730788885546,-0.03687522196502543,0.13272994210666675,0.2522749649607666,0.16593103951846677,-0.003332203270765375,-0.03495910350319509,0.15364429960365023
5.689201593399048,1.1757783672082163,-0.12891816886427543,2.177427949761307,1.0494535412502857,-0.03412881169223861,0.13266568866098033,0.24864621205989917,0.17832402583564982,-0.0036637967793118043,-0.032302481114106385,0.13283111945443515
5.709124565124512,1.2073651525465157,-0.12990053579091754,2.181406818304245,1.0565625336336906,-0.029952515005900734,0.13256907180510777,0.23752538754959454,0.1716787360358071,-0.003971945298844442,-0.028334405252042227,0.19840379310320788
5.729135036468506,1.2285431808832994,-0.130465687276768,2.1840573837624113,1.0612041610173104,-0.026584379246785698,0.1324863773498235,0.22668363353891824,0.16515501917335296,-0.004300936278721009,-0.025077216785635237,0.16285942332034953
5.749099969863892,1.2391593599856687,-0.13074986425350638,2.1853824217331796,1.063213176319415,-0.02569874420669152,0.13245114399150926,0.21881099351487537,0.15816433842011976,-0.004568357331624869,-0.024244639974647875,0.04162884054936811
5.769174337387085,1.2711631113078323,-0.13144395707164697,2.1893540414112884,1.0699419867543263,-0.020811346490654636,0.13231483603960256,0.20677272410922182,0.14957381104224324,-0.004813144952878578,-0.01975317872909521,0.22457306227763318
5.789134979248047,1.2926025177959313,-0.13183082971624546,2.191999358055837,1.0739595171655019,-0.017903739336922776,0.13221593746874258,0.19502921061358247,0.14122735517558693,-0.005080421087140201,-0.01718140995512174,0.12858843869867354
5.809098243713379,1.3033648243950964,-0.13197749308592252,2.1933206875000124,1.076202323581755,-0.015796019246876705,0.13214582122062382,0.18515590488353767,0.13495982412322116,-0.005287739452201025,-0.015664440521471423,0.07584847168251585
5.8292319774627686,1.324925256227779,-0.13226683103654585,2.195962531377987,1.0798087742847775,-0.013158114773898416,0.13203779724955822,0.17553024552018165,0.12885810607048495,-0.005518529629101371,-0.01369586234776321,0.09842890868541065
5.8491480350494385,1.3465940035137345,-0.1324445604726499,2.198601277076529,1.0841845154602954,-0.009153441135802983,0.13190336029216868,0.16734043490882505,0.12179132647315404,-0.005687546256432893,-0.010267440222028412,0.1714211062867399
5.869104862213135,1.3792154093033122,-0.13262935461011388,2.2025552289009775,1.0896989286430423,-0.00458388492275195,0.13171468869739356,0.15794681580412928,0.11297418980578243,-0.005835716302291063,-0.007015786963665338,0.1625826629181537
5.88922119140625,1.4010403619133176,-0.1326990121827897,2.20518834439424,1.092765747084356,-0.0024103910341090186,0.13159628299757353,0.14877120171164174,0.10441853397856707,-0.006008997387704962,-0.0054093407002206995,0.08032231317223193
5.909085988998413,1.422945635748194,-0.13267803248009255,2.207818253757245,1.0961736229800616,0.0008300197143778941,0.1314551912620891,0.1406895594447805,0.09601788967346556,-0.0061238579026289056,-0.0034372444187238393,0.098604814074843
5.929096698760986,1.4448967162661384,-0.1326427742603654,2.2104461238474395,1.098908084178325,0.002668751239625412,0.13133134805067484,0.13278614455531082,0.08790252760195938,-0.006264761436986536,-0.002811784189551414,0.03127301145862127
5.9490745067596436,1.4559038928840518,-0.13257506699010682,2.211758665408691,1.1004684469830899,0.004545507220026288,0.1312547281875629,0.12262798524930074,0.08200764069273772,-0.006353502382354735,-0.0013416862377932937,0.07350489758790602
5.969069242477417,1.48898979476165,-0.1323577788361096,2.215693023629724,1.1046243778847682,0.008335373000559735,0.13105114018477393,0.12311425067893969,0.091923053516077,-0.006424628301053719,0.0007483040594835622,0.10449951486384279
5.989015340805054,1.5111069330954388,-0.13217203722665927,2.218312755396964,1.1070907775440406,0.010271074453583913,0.1309217084232141,0.12351088777015803,0.10160904412339121,-0.0065230544419038975,0.0020345396750900413,0.06431178078032396
6.00910210609436,1.5221912324490405,-0.13203672209933873,2.2196212161612614,1.1085139674192237,0.012092145749243255,0.13084430731488306,0.12489380374570017,0.10985357033285936,-0.00657214704202267,0.00246461481923399,0.021503757207197438
6.029184341430664,1.5443865761723499,-0.13177236803313572,2.2222367832044347,1.1110245768063438,0.014370130262904426,0.13071214021334027,0.12614540296282056,0.117914417877206,-0.0066491749713772025,0.0032168491856370274,0.037611718320151866
6.0492072105407715,1.5666173756343016,-0.13147526397974726,2.224849794782277,1.1131192224973756,0.016347836234261143,0.13058314336766227,0.12664984027446913,0.12550243629811936,-0.006675030807538302,0.004600327951481464,0.06917393829222185
6.069048881530762,1.6000435950383967,-0.13095923796577982,2.2287647307723515,1.1161013626683507,0.019188928491752858,0.13039583572705699,0.11331576149627252,0.1221492352326486,-0.00668758751453262,0.005487219586346903,0.04434458174327194
6.089213132858276,1.6223874136049743,-0.1305512485845591,2.2313713076758535,1.11823718553283,0.021599132540157138,0.13026171592300811,0.1003231707438961,0.1188860904818455,-0.006729188552296346,0.007133569286771113,0.0823174850212105
6.1091108322143555,1.633555562006072,-0.13035684667960787,2.2326740577748225,1.1186621651226276,0.02186392849828571,0.13020751946449485,0.09386599925613076,0.09875456693814856,-0.006726906897782388,0.005961728106631536,-0.058592059006978836
6.129111289978027,1.6559471507914219,-0.12990112573063164,2.2352768614556977,1.1204753737206032,0.023643295567482136,0.13007275787157566,0.08746409666031506,0.0792931889981973,-0.006754123245174481,0.0074602232129250545,0.0749247553146759
6.149162292480469,1.6783810992617536,-0.12940234462597325,2.237877197965489,1.122381891067566,0.025498109941332045,0.129942297155156,0.08178287571306324,0.06150811475296504,-0.006733618885425827,0.008543324695292842,0.05415507411838938
6.169074773788452,1.7120971854624936,-0.12856408583808335,2.241772255479944,1.1248967571994273,0.02854782971631993,0.12973494763196516,0.06278963966571344,0.045289622059013476,-0.006700952495091783,0.01061004327996784,0.1033359292337499
6.1890952587127686,1.7346064433668795,-0.12798513059409933,2.2443656148918603,1.1259677890723039,0.029295094888923224,0.12960100083997123,0.04441627224673195,0.029509611258661902,-0.006698759136407342,0.010751305406816236,0.0070631063424198
6.209122657775879,1.7458787260522712,-0.12763750584130218,2.245660898350443,1.126585424810509,0.031039291138107796,0.12952263800163738,0.028202523772902922,0.021641886761433297,-0.006654362311642941,0.012079652592440038,0.06641735928119008
6.229261159896851,1.768415021330948,-0.12701290822870337,2.248250021650172,1.1269918673093442,0.03139477236090117,0.12938973704524562,0.01253169606899138,0.013932540165215314,-0.006640830755859358,0.012129560038012688,0.0024953722786325017
6.2490553855896,1.791011958106293,-0.12629469118283757,2.2508357965440284,1.1285117973775356,0.03372413231420526,0.1292406936351581,-0.003768543603368791,0.004786648596505219,-0.006581462400425905,0.013734355628690409,0.08023977953388606
6.269038438796997,1.8249101311533376,-0.12523980075763097,2.2547097708402846,1.1295278674342688,0.034954392791977,0.1290353935721636,-0.021243986082672788,-0.0024422310332738993,-0.006579834612893596,0.014319241336585797,0.02924428539476942
6.289140939712524,1.8474953057881753,-0.1245416757626264,2.2572891613858292,1.1289334154046191,0.03483451067236084,0.128903568826019,-0.03809830054663901,-0.009521059246315293,-0.00660747248607582,0.01403808362405945,-0.014057885626317379
6.309068441390991,1.8588247443307147,-0.12416470943260816,2.2585777554843682,1.129616591238652,0.03551900600301409,0.12883386016356874,-0.05325505793375352,-0.013359048697019218,-0.006714912443507393,0.014618399156726802,0.02901577663336763
6.329132318496704,1.8814054429538618,-0.12345725497388589,2.2611530812763174,1.1284046294855754,0.03521378096678657,0.12869827671474357,-0.06784764653173823,-0.01715671565370528,-0.0068475992153759525,0.014311589322540286,-0.015340491709325832
6.349060773849487,1.9040411757208806,-0.12271580059499809,2.263725887021142,1.1289588761659757,0.03585638863189862,0.1285656086422592,-0.0809244979156291,-0.017313773474828403,-0.007089492009861016,0.014708384203982572,0.019839744072114307
6.369083642959595,1.937921244778486,-0.12163177759608429,2.267580140490001,1.127772707574013,0.03575741421459077,0.1283643390232434,-0.09309581945431099,-0.019129743421683627,-0.007428780574735531,0.014523330221332564,-0.009252699132500375
6.3891847133636475,1.960457292603438,-0.12092057796708408,2.2701459180712176,1.1257931183942427,0.035356386492754875,0.1282122333876045,-0.10478287503132007,-0.020978383101481052,-0.007784487449169555,0.014178057357235652,-0.017263643204845636
6.409099102020264,1.9717451486164286,-0.12056320432077021,2.271428395284555,1.125626283352452,0.035272575870438264,0.12815264612256633,-0.11653158134753931,-0.019913771769082756,-0.008196707389646613,0.014214528208276178,0.0018235425520263249
6.429250717163086,1.9942336093788708,-0.1198616715307245,2.273989780717804,1.1231822716613187,0.034883789761828474,0.1279844788681245,-0.12778805102974217,-0.01898774518770555,-0.008622201921160514,0.013955933364583117,-0.012929742184653037
6.4491095542907715,2.0167258078136743,-0.11917634193978975,2.27654978077425,1.1218656827765252,0.03427787497371955,0.1278598057301225,-0.1387494296691662,-0.015173828812748268,-0.009135324544340115,0.013451226983099751,-0.025235319074168316
6.469528675079346,2.061531062727458,-0.11784586469557831,2.2816592573273193,1.11721055941204,0.03294298911129328,0.12754812214488487,-0.14971272903368313,-0.013543684669223868,-0.009764697518690956,0.012494256626571332,-0.047848517826420967
6.489112377166748,2.083844624470498,-0.11718961258274593,2.2842082246515396,1.114110666958957,0.032687149869734276,0.1273464977422558,-0.16019720791628855,-0.012065334542921913,-0.010398454159835011,0.012397661876610844,-0.0048297374980244
6.509095668792725,2.094990464085966,-0.1168873013154031,2.2854824674209793,1.1127777301762272,0.03187837693400107,0.12727369152824577,-0.16936436028300067,-0.012096597544736113,-0.011066387697732456,0.011884523047934525,-0.025656941433815916
6.529092073440552,2.1172115553312123,-0.11625215958556347,2.288025683338431,1.1093022119583402,0.031635398938621835,0.12704566675256015,-0.17811916252882082,-0.012215703079340124,-0.011736423704478697,0.010410923003815409,-0.07368000220595583
6.549135684967041,2.1283096066869462,-0.11596178486273753,2.2892972988956664,1.1078205749574883,0.030788969472490654,0.1269717822109323,-0.18744421723675783,-0.012616357601352265,-0.012437014648369337,0.009967923412260049,-0.022149979577767986
6.5690038204193115,2.161473193503056,-0.11506667177875966,2.293102996767256,1.1024879560088925,0.029765219842170242,0.12665318270006254,-0.19649462852089028,-0.012244951113592714,-0.013202136961071373,0.008075478543995374,-0.09462224341323378
6.589069366455078,2.1834830714368887,-0.1144737966834906,2.2956333691292397,1.0984710735603085,0.029523190433912244,0.12638151272024037,-0.20512386097953506,-0.011974695886500722,-0.013964368168212725,0.008144387412301057,0.0034454434152841884
6.609093189239502,2.194462633362155,-0.11420030520369355,2.296898317086037,1.0964778939949955,0.028800595354386702,0.12628686774442094,-0.21379092822689846,-0.012091545038239712,-0.014747587722508636,0.006216054307884633,-0.09641665522082121
6.629267454147339,2.2163488765463017,-0.11362672343261941,2.299421052939178,1.0921189513127243,0.02855692385565854,0.12598412224939495,-0.22203295059437286,-0.012288887706221099,-0.015526182038094154,0.004900222307524071,-0.06579160001802808
6.649126768112183,2.2381579492109167,-0.1130886643410091,2.30194113605081,1.0878723085219404,0.02756894666634873,0.12575425673238197,-0.230924597534821,-0.01011846619755923,-0.016354917378416108,0.00430496867463015,-0.029762681644696087
6.669065952301025,2.2706950445542966,-0.11228627655412034,2.305708647718699,1.081013063105496,0.026669792527599472,0.12531998239612932,-0.23847185317401884,-0.012390515884391162,-0.01723298230231309,0.002174749426247402,-0.10651096241913738
6.689021587371826,2.2922671275541275,-0.11175550987401044,2.308211542724748,1.0761713609873218,0.026399329063245294,0.12496662415856427,-0.24563470258051057,-0.014654433603945985,-0.018101196775228222,0.0022689132603752604,0.004708191706392917
6.709128379821777,2.3030171888991,-0.11150904205417381,2.309462145682612,1.0738158241606583,0.025888042560567474,0.12482999741903834,-0.23376738878083275,-0.0015899426762469853,-0.018976804939584688,0.0003669339711387387,-0.09509896446182609
6.729194641113281,2.324447528980599,-0.11099074221772512,2.311954892446669,1.0692568045380844,0.025984557767281282,0.12444179700289049,-0.22218117431913206,0.011195105387974427,-0.019841399807022694,-0.0008203406578339845,-0.05936373144863616
6.749178647994995,2.345764679958881,-0.11050425215343677,2.314443218901276,1.06403827674206,0.025205819401496972,0.12412283149642438,-0.22850368958773418,0.006362139444666789,-0.02074023366672802,-0.0012798431750895567,-0.02297512586277861
6.769091844558716,2.3775446750936955,-0.10977685243526215,2.3181593532726943,1.0561759791603005,0.02461483843594699,0.12354246753200429,-0.21774022825298778,0.01890203057538102,-0.021673879250469468,-0.003381741195578325,-0.10509490102443841
6.789109706878662,2.398625348350151,-0.10927995710364817,2.3206258063622163,1.0519261701570581,0.025115307112694885,0.1230997797662757,-0.2072930614432717,0.031085812063418802,-0.022592376146951743,-0.0027116512439460116,0.033504497581615666
6.80908465385437,2.4195491639488047,-0.1088222850298158,2.3230850262087768,1.0459894060610322,0.02455002260372095,0.12268297312393747,-0.19547513303797123,0.04646552433624244,-0.02353202668325454,-0.004909813676395203,-0.10990812162245955
6.829036712646484,2.4404306270858047,-0.10832098952515942,2.325533917462186,1.0421951147953399,0.025629238241270533,0.12220307599209934,-0.18401291308803663,0.06137872577449514,-0.024454895282745834,-0.005636136772446232,-0.03631615480255146
6.849087238311768,2.4507821010902413,-0.10810719694938237,2.326755563783867,1.0386882581204064,0.025020531539715497,0.12197357881043851,-0.17329577253328515,0.07163097796419558,-0.025369529134778097,-0.006000609373308485,-0.01822363004311267
6.869077920913696,2.481791305666681,-0.10738406148902456,2.3304045728035097,1.0314792154578432,0.025550888999618195,0.12123875912008267,-0.16265351818119725,0.08122627017056933,-0.026306256896497075,-0.007254413094020862,-0.06269018603561882
6.889223098754883,2.502389052557779,-0.10685617419635206,2.3328240252287835,1.0283298698256493,0.027268797709423927,0.12070342378470184,-0.1523345989894675,0.09051356155017078,-0.027224145410179427,-0.00582162723010482,0.07163929319580209
6.909241437911987,2.5125947440630534,-0.10663119188015659,2.3340304173059487,1.0249107857863906,0.026749273646560826,0.12044321175591925,-0.14114161308675194,0.09603011576242511,-0.028129403001034815,-0.008253081963248032,-0.12157273665716062
6.929156064987183,2.533065459276026,-0.10607664250477403,2.3364335962658576,1.0221968223055984,0.028723394111226607,0.11987173038382998,-0.1303154983310262,0.10134922137694025,-0.029015560226153505,-0.008207111992147631,0.0022984985550200676
6.949145317077637,2.553368132321893,-0.10555399725198254,2.338827036228013,1.0167929386353804,0.029062874826974158,0.11932882477440716,-0.12116764472513004,0.10879852141141981,-0.02990977698618272,-0.008075321256654444,0.006589536774659344
6.969092845916748,2.583746337703913,-0.10466721886129392,2.3423946174495525,1.01122513251737,0.031467287065769865,0.11845731188518624,-0.11158059197489201,0.12048294166561606,-0.03081592410921279,-0.008357704680129974,-0.014119171173776479
6.989175081253052,2.603949147718187,-0.10401301897713286,2.344757541162658,1.0090867839399449,0.033990224657713695,0.1178321102006202,-0.10230601738326683,0.13174001892468368,-0.03170069403956483,-0.006550211964845953,0.09037463576420102
7.0091118812561035,2.6139741641477046,-0.10369507974921012,2.3459351734812093,1.0064122718467128,0.03457680435935788,0.11753293658175236,-0.09495134639930265,0.14131706790088935,-0.03256783717148255,-0.008506643958746896,-0.09782159969504711
7.029223203659058,2.63408389650383,-0.10297466060924489,2.348279261904977,1.0045846060688204,0.03749577985628336,0.11687308651944563,-0.08785859805592645,0.1505182094083781,-0.03341362246575927,-0.008099886070126239,0.020337894431032844
7.049169301986694,2.6540702776206078,-0.10225233705410114,2.350612360928303,1.000720854892445,0.039137918297242134,0.11625603323889762,-0.0822249306052134,0.1595046862356894,-0.034259746406352154,-0.007117578256980561,0.049115390657283875
7.0690155029296875,2.6840095094577965,-0.1010418840776239,2.354086260449846,0.9969940358190759,0.04301604200776258,0.11526775022368654,-0.08099602791487735,0.17072906544112804,-0.035109947977861065,-0.006752063910169248,0.018275717340565656
7.08912467956543,2.70393326789612,-0.10014669174199722,2.3563845379350585,0.9953855718553604,0.04653910141425455,0.11455724090192373,-0.07986684696362718,0.18150211563088134,-0.035937169773502746,-0.0044209333234359605,0.11655652933666438
7.109114408493042,2.7237812720770136,-0.09922431173389418,2.3586707344711098,0.9925939240416669,0.04898216347833178,0.11388811400205848,-0.099770625297516,0.17220946535513038,-0.03675876094391171,-0.00553407128415806,-0.05565689803610496
7.129222393035889,2.7436119056529478,-0.09821084175765593,2.360941091396843,0.9904054929294794,0.052334146886110905,0.11314491788403512,-0.11895295391690845,0.1630032875508647,-0.03755697039270963,-0.005269857568649616,0.01321068577542217
7.149200916290283,2.7535112025869513,-0.09769334040984781,2.362072132653582,0.9891486399794235,0.05354630032738496,0.11280405700722866,-0.13942388304548883,0.15394961613830732,-0.038333957926861374,-0.0045612873302300905,0.03542851192097629
7.169068813323975,2.7831746405116053,-0.09599626540485545,2.3654407858736546,0.9863094453933569,0.058730702616238584,0.11169758136201346,-0.1628970677922406,0.1424205631318233,-0.0391078090452496,-0.0035614278102733543,0.04999297599783681
7.189140558242798,2.8028667289928397,-0.09479392652952726,2.3676668655388835,0.9828240783235042,0.061465375102058295,0.11090788488367848,-0.1854945643939464,0.13107759842709946,-0.03985789572960028,-0.002030321157456605,0.07655533264083747
7.209155321121216,2.8127595679275794,-0.09413151848189151,2.3687751872832083,0.9829319201429568,0.06389361438167288,0.11053751845185138,-0.2067682265805044,0.12043102329309843,-0.04058520491800215,-0.0032156813258961137,-0.05926800842197544
7.229136228561401,2.8323754758140183,-0.09283026131447152,2.3709777732937005,0.9785907098675625,0.06619717639514476,0.10971873611596447,-0.22721598325224415,0.1099532156801505,-0.04128915288792064,-0.003869346385530825,-0.03268325298173558
7.249144554138184,2.8520666707068734,-0.0913865820557313,2.373166248808154,0.9781902973843638,0.07087302514616597,0.10894552147323022,-0.22846770002634603,0.11040085608477744,-0.04198110827627538,-0.000677837727456776,0.15957543290370246
7.269092559814453,2.8814094645621835,-0.08914897576779654,2.3764170197876577,0.9741172302550308,0.07593584691208655,0.10771676011357849,-0.2297134330081471,0.11283504292198414,-0.04266288077654773,-0.0008452552204056829,-0.008370874647445348
7.289138078689575,2.9008457891823287,-0.08760753828097982,2.3785627781545946,0.9695114620810199,0.07821543419019812,0.10685688338728667,-0.23084435825948948,0.11509480774422083,-0.043320842412721355,0.0006275216125515293,0.07363884164786061
7.309103012084961,2.9105985579927,-0.08677557499177296,2.3796301544503002,0.9691213418678244,0.08057486920967745,0.10644587426240142,-0.23070172539159406,0.11319162082106018,-0.04395481151785364,-0.0008946399471616573,-0.07610807798565933
7.329113483428955,2.9299348585873566,-0.0851415675047403,2.3817502398740076,0.9645094987594773,0.08281944633130843,0.10556063246415093,-0.23046739547815745,0.11126168199861483,-0.04456550858190597,-0.0017649388132179311,-0.04351494330281369
7.349175214767456,2.949242145455309,-0.08341867516522018,2.383854736513532,0.9613965178073658,0.08612217329526783,0.10471897170952918,-0.23038983322049325,0.11024638775736299,-0.045160025975871425,0.0005258506403631458,0.11453947267905384
7.369063377380371,2.978003479825776,-0.08075955048799643,2.3869771905866526,0.9551251288737169,0.09018282826397563,0.10339309597656067,-0.2305811387849391,0.11233204924384937,-0.04573921844493324,-0.00033285690781159616,-0.042935377408737097
7.389140844345093,2.9970598581587797,-0.07893329665043318,2.389035867214718,0.9505123820399254,0.092448963254087,0.10247271374915022,-0.2306778728258377,0.11425441380234308,-0.04629514665828098,0.0012812764520808706,0.08070666799462334
7.40910005569458,3.0065694464904418,-0.07798040049682327,2.390059180686216,0.9486341515542014,0.09424371468030367,0.10203067489876508,-0.23286897951466912,0.115896698157741,-0.046827241910036496,-0.0009686543089939548,-0.11249653805374127
7.42930269241333,3.0254954169050907,-0.07607224518607192,2.392090394396762,0.9439560690316622,0.09657677111720972,0.10108899799452156,-0.2349152698623741,0.11738315021858244,-0.047336694224685075,-0.0016170613702763958,-0.032420353064122054
7.449140310287476,3.04434527338144,-0.07409552148931223,2.39410458002906,0.9396344313547152,0.09947322103978067,0.10018457540109733,-0.24136266012488222,0.12176565895454201,-0.04782668911011696,0.00034104363240583524,0.09790525013411155
7.469054937362671,3.072434783775775,-0.07105348588587601,2.3970897002829763,0.9325113041368975,0.10311245897314944,0.09877703877409566,-0.25880634306539013,0.1116733244972263,-0.04829727538428664,-0.001011265899844016,-0.06761547661249256
7.489157199859619,3.0910321220243855,-0.06896956623937836,2.3990555513450813,0.9271667940390522,0.10524643893962289,0.09780657297960806,-0.2755244993424725,0.10175328236418277,-0.04874561641173986,0.0006875304971067919,0.0849398198475404
7.509169578552246,3.100305605232125,-0.0679073605786026,2.400032067067833,0.9247501458738498,0.10634596400142349,0.09734079152947465,-0.2908772452811961,0.09344731636009929,-0.049171263912158536,-0.002184378598944825,-0.14359545480258085
7.529057502746582,3.1187414426418276,-0.06576229907258808,2.4019690213500686,0.9187846458776576,0.1081329325723336,0.09635328982207435,-0.3055621516856505,0.08527109390084375,-0.04957532943573795,-0.003206027215346907,-0.05108243082010411
7.549085855484009,3.1371229932930573,-0.063543972042235,2.403888042710432,0.914285667184099,0.1107767368123563,0.09540523396159446,-0.31897302621819296,0.07649862634939934,-0.049958234740500304,-0.0013317533727481567,0.09371369212993752
7.569135904312134,3.1644603885071625,-0.06015089676677567,2.406728938836315,0.9060962588232866,0.11401958051386869,0.09393819596558642,-0.3323062180546153,0.06840246490523641,-0.05031896199361,-0.0031196726161861754,-0.08939596217190093
7.589184045791626,3.1825149955011875,-0.05785735736344855,2.408597615961272,0.8993221221382346,0.11530784175352386,0.09292838376545397,-0.34500188868532206,0.06044702833519832,-0.05065879531335764,-0.001769507022826744,0.06750827966797157
7.609048843383789,3.191537179841674,-0.05666670350997457,2.409525437441486,0.8971859838841318,0.11695907244108877,0.09244956067223964,-0.34303014500082146,0.0692719816939478,-0.05097801094060479,-0.004347412160301101,-0.12889525687371783
7.629125118255615,3.2094124289766097,-0.054313098600496885,2.4113642127848856,0.8903457706461719,0.11842955278363956,0.0914269770542153,-0.34097785391520097,0.07771234252577622,-0.05127699886654896,-0.005748282208687172,-0.07004350241930357
7.6491007804870605,3.227206331404556,-0.05189580288779684,2.41318443469211,0.8848087850107432,0.12076789664489791,0.09044696936114968,-0.3390089073262756,0.08690484108752261,-0.05155398955530097,-0.0038768389606067544,0.09357216240402089
7.669004440307617,3.2536041967174483,-0.04824443331261445,2.415875651602026,0.8747537490791308,0.12307318666504603,0.08892622188513048,-0.3414445490331439,0.09272917809296548,-0.0518061637070074,-0.006356330877071326,-0.12397459582322856
7.689054012298584,3.2710308317495485,-0.0457640500438235,2.4176437989616337,0.8679023897819009,0.12498358370245709,0.08788773780671603,-0.3436539007172071,0.09826228398690173,-0.052039048182951506,-0.004263521833989259,0.10464045215410334
7.709173679351807,3.2796858950187957,-0.0445333755398917,2.418520662954103,0.8642729891047758,0.12530252087162197,0.08738195110085135,-0.3418934825468207,0.10255478318887708,-0.05225260449693699,-0.008157510873072482,-0.19469945195416116
7.729161024093628,3.296903098000647,-0.04200654030962651,2.4202578381500626,0.8574534788628806,0.12739449123608684,0.08633491866595872,-0.3400425699556584,0.10660155956907916,-0.05244755695786252,-0.008736346278201523,-0.02894177025645206
7.7491161823272705,3.3139660014578634,-0.03948628529195964,2.421974897728872,0.8500788807463663,0.12814024875424262,0.08530477747141398,-0.351628119671026,0.08610656116075567,-0.05261858632047984,-0.008105432631547949,0.03154568233267874
7.7690746784210205,3.339300610577791,-0.035616568560777676,2.424510784869328,0.8392041692537973,0.13028300461219705,0.08373706571190648,-0.3611023052266422,0.07012004702057444,-0.052762409285120146,-0.0102551001644966,-0.10748337664743257
7.789175033569336,3.3560118672929473,-0.032997929357950186,2.4261749649850173,0.831891612160636,0.13152901654261326,0.08268052444750483,-0.37006944535560565,0.054550236637321586,-0.052888835723032955,-0.008659635160877865,0.07977325018093673
7.809171438217163,3.364311911393483,-0.03166554732960169,2.4269995278032157,0.8281966361183659,0.132558601681898,0.08216214199129743,-0.36935812403351265,0.05899720703519069,-0.05299832447648159,-0.012000316902990082,-0.16703408710561085
7.829446792602539,3.38080202759168,-0.0290022909671292,2.428632164517308,0.8208178657052441,0.13378108731950875,0.0811012202518887,-0.36849355940602624,0.06321308142230356,-0.053091077813254346,-0.013349759833417796,-0.06747214652138567
7.849117279052734,3.3971534432979675,-0.026267958116982477,2.4302442055433082,0.8136482848061772,0.1361524299423719,0.08005396589705659,-0.36573811431721054,0.06658821863021722,-0.05316015926007912,-0.011183654179485192,0.1083052826966302
7.869045972824097,3.4213899085688064,-0.022148601364572792,2.4326235679893493,0.8024397130152546,0.13809846402817816,0.07867970881076136,-0.36197598412916426,0.04838414272381365,-0.03184996515498226,-0.014143855729080279,-0.14801007747975437
7.8891074657440186,3.4373665571872993,-0.019378141835335504,2.434192170542117,0.7952376057235985,0.13888860756982566,0.07824876434779125,-0.35823891606215236,0.030719645934318984,-0.011384436122908898,-0.012534644152010443,0.08046057885349178
7.909095048904419,3.4531665251801154,-0.01658633988725061,2.4357341200842333,0.7872504446179509,0.13961985543985195,0.07756785192973632,-0.35218051633594777,0.010470670335544585,0.006107033007797391,-0.016138989003328774,-0.18021724256591654
7.9290337562561035,3.468841497670993,-0.01379316633068289,2.437287828081572,0.7802667199953572,0.1396321499332845,0.07785882030616824,-0.3462058480482935,-0.009134536878399704,0.02286892729511287,-0.01904986752065385,-0.14554392586625386
7.949158430099487,3.4765948213526285,-0.012363659443751573,2.438040832904257,0.7759159485482692,0.14034154674105281,0.077469406081572,-0.3422543016659543,-0.032881214566946475,0.03890274941528122,-0.01732190810650147,0.08639797070761901
7.9690327644348145,3.4996799863265236,-0.00809759305875956,2.4403455173913575,0.7645742637840512,0.14119332924899616,0.07772118344365729,-0.34046033013183674,-0.058716176372890116,0.05418331015675338,-0.020457678937910728,-0.15678854157046285
7.989092588424683,3.5149035022934867,-0.005287147997492842,2.441911762134467,0.7577835229486656,0.1397679917650007,0.0789519437489519,-0.3386033365463171,-0.08367188045121765,0.06877931153349948,-0.020532844715724252,-0.003758288890676198
8.009065628051758,3.5224314913426817,-0.003814715875831145,2.442676988547566,0.7534877391674752,0.1409895526964776,0.07898302881095996,-0.33660272027813387,-0.10740295623807843,0.0826457428351609,-0.023202923716500123,-0.13350395003879356
8.029111862182617,3.5374340620745888,-0.0010179454463578673,2.4442740700154792,0.7467762101232639,0.13861118466534925,0.08076916401928154,-0.33453990830145747,-0.13029479629708143,0.09585968566149755,-0.027845731255933703,-0.232140376971679
8.049182415008545,3.552259849193931,0.0018822823763165282,2.4458578588693523,0.7390489765784962,0.13968818273700767,0.0815410529249095,-0.3324799875979296,-0.14989171596772408,0.10891487859604375,-0.025174872323312503,0.13354294663106003
8.068980932235718,3.57425767350583,0.006099237921954818,2.4483241040731385,0.7284172335734067,0.1376893499619308,0.08409379597622786,-0.3296051042938328,-0.16774562560544543,0.12093309104932619,-0.03183037415055612,-0.33277509136218075
8.08907675743103,3.5887602906098066,0.00881831917722334,2.450030936899564,0.7218541790262809,0.13416150160317186,0.08662748918633537,-0.32669445715705897,-0.1849279479011919,0.13233397342072564,-0.03228412728848218,-0.022687656896303032
8.10912799835205,3.6030989417818025,0.011577650658393083,2.4517588686158835,0.7145176704006128,0.13311303213832615,0.08860698713596238,-0.3240544440523665,-0.2011868407852809,0.1439509919003249,-0.036877681508421745,-0.2296777109969783
8.129082679748535,3.61732466242717,0.014198622140079054,2.4535605417701647,0.7080633354639203,0.12893205832578894,0.09159697161648045,-0.32137206019159115,-0.21680428219018155,0.15494411796511026,-0.04292254520050509,-0.3022431846041673
8.149106979370117,3.6243694037723744,0.015539896734547892,2.4544677521759413,0.7043406100882426,0.12845208395429666,0.09277225566722547,-0.31530648765108815,-0.2252283913118524,0.1646600106337979,-0.04094705722923786,0.09877439856336157
8.169076919555664,3.645337080159023,0.019350291401211656,2.457305354306448,0.6943347585133687,0.12325761914144254,0.09724537491048452,-0.31001373759496925,-0.2318597451222713,0.17444090563033357,-0.04962676700526192,-0.4339854888012029
8.189156293869019,3.6591621231109768,0.021768645904058456,2.459285772688995,0.6881870244873811,0.11855680199680528,0.10082711267173121,-0.3047673950878261,-0.2381685581777434,0.18363582777133924,-0.050502485757069504,-0.0437859375903793
8.2090482711792,3.672834830169263,0.024140998867207282,2.461319406108641,0.6813359678350093,0.11485468584718159,0.1040948149368166,-0.30496379829929854,-0.24713560078221974,0.19291750385088383,-0.057329364588517784,-0.341343941572414
8.22927212715149,3.686400549695737,0.026388089425463352,2.463440475730574,0.6752357309065364,0.1098259281755637,0.10804115914740632,-0.3050399974389449,-0.2556682357734222,0.20162119244197738,-0.06312869824022815,-0.2899666825855185
8.24915885925293,3.6931212957320474,0.027485100141578494,2.464520724272965,0.6717167242454137,0.1075107500702174,0.10984445904222531,-0.30739811599923644,-0.26244908484353946,0.20970353183436047,-0.06296375748744154,0.008247037639330657
8.269126653671265,3.7131282315188567,0.030598638384782616,2.4678974108378733,0.6623106940237511,0.09975187875503165,0.11582515147151473,-0.31083593062649745,-0.2676824616850734,0.21578861204745073,-0.07429288976788762,-0.5664566140223037
8.289127826690674,3.7263120608697022,0.03253980716294954,2.470257453572963,0.6560615698798354,0.09434865819044459,0.12019782917777772,-0.3140373355729983,-0.2725847984553387,0.22140085459960265,-0.07509205190344792,-0.03995810677801526
8.309064149856567,3.739379230153522,0.03436374682739631,2.4726949889837067,0.6500376588323961,0.08863466766439022,0.12440582568888113,-0.31454970195305676,-0.274570163983394,0.22567492236169878,-0.08413880048243261,-0.45233742894923434
8.329241514205933,3.752317047574782,0.036081405250137914,2.4752285044999254,0.6437429304580489,0.08312531915282614,0.12895858068573868,-0.31489559337156925,-0.2763268575388988,0.22953143888576713,-0.08992075569141722,-0.28909776044923063
8.349174976348877,3.7587521535762245,0.0368826215870415,2.476526372683062,0.6409540738035355,0.07985953149041157,0.13120405644636593,-0.31792202139013037,-0.2781503668588583,0.2333421171353298,-0.09096971292659806,-0.052447861759041814
8.369061708450317,3.777851605258967,0.03912842734042937,2.48056304082977,0.6316791563746148,0.07081654280745381,0.13791885595363024,-0.3347324854747102,-0.2745804270423703,0.2130871147134591,-0.10351963965424149,-0.6274963363821717
8.389041185379028,3.7904171581806385,0.04049007643547861,2.483362712457613,0.6248225626757224,0.0653600220228313,0.14198261541300375,-0.35080457033128054,-0.2710838184689239,0.193379592278863,-0.1043475993274039,-0.0413979836581202
8.409093141555786,3.8028871066564855,0.041686024886773,2.486264057954061,0.6190197252064001,0.05849889791314534,0.1465568609446842,-0.3482682036573573,-0.266775492213267,0.19800296567786818,-0.11504773842796023,-0.5350069550278169
8.429137706756592,3.8151980208924656,0.04280293559629944,2.4892350829680585,0.6120804376202935,0.05320657553679879,0.15055965269717855,-0.34564646237233326,-0.2624547593651312,0.20220672923239155,-0.12066382183581847,-0.28080417039291206
8.449169635772705,3.821344285166682,0.043273022933106635,2.490770687334724,0.6098498308413519,0.04923014608471688,0.15314431753621568,-0.34269484940248596,-0.2558512774864591,0.20536650813584995,-0.12287267256056555,-0.110442536237354
8.469044923782349,3.839512474542362,0.04457683237229573,2.4954617010939963,0.600241874719241,0.03996485098015891,0.15925039376092529,-0.3506302834537373,-0.24664636929332256,0.18474764971527405,-0.13574900806755785,-0.6438167753496149
8.489182233810425,3.851446679314676,0.04532739922316301,2.4986823126140196,0.5931536393244548,0.03512154826860437,0.1627439395479034,-0.3581193349788106,-0.23773206681645392,0.16470193872066252,-0.1364711807222201,-0.03610863273311171
8.509088277816772,3.857380365961137,0.045605662014467294,2.5003307269969874,0.590144143433329,0.03112187725309833,0.1646156511390161,-0.35785337217264107,-0.22237876386923627,0.14570849433930352,-0.1443496756571414,-0.39392474674606603
8.529217720031738,3.8691117059828763,0.04618462169799664,2.5036509424888833,0.5829914168868282,0.02682356075531281,0.16734438384738437,-0.35738598256570037,-0.20753776649000624,0.12725413567820792,-0.15006236803132467,-0.28563461870916296
8.549168825149536,3.880735301757178,0.046560922370694126,2.5070831596664274,0.5766784505901629,0.01970378405287171,0.1712602523766245,-0.3603679596351871,-0.20168565934242882,0.10957766891915685,-0.15635750704766327,-0.3147569508169301
8.569050312042236,3.897892858712373,0.04697721291271871,2.5123117664536054,0.5663850898471043,0.011243436186625023,0.1755781002596244,-0.3645452851089738,-0.2050926143244991,0.09238323172746778,-0.1679890623572522,-0.5815777654794463
8.589106798171997,3.909147390465497,0.047160843940579504,2.5158406841828453,0.5590553256117486,0.007108839730272195,0.1772580468523595,-0.3683733206180274,-0.20834070535287957,0.07569539491128462,-0.16905293857510628,-0.05319381089270436
8.60907530784607,3.920283856644009,0.04716587212768768,2.519450406847203,0.5523873001828448,0.000606294527084682,0.1798654003975117,-0.371896245733513,-0.21521868600660646,0.059768722216268715,-0.1804501556216711,-0.5698608523282411
8.629108667373657,3.931257005996876,0.04713451060608996,2.5230586309332446,0.5449170537725334,-0.003764384440179605,0.18090552426802992,-0.37507072610785863,-0.22180007049797568,0.04432345115792571,-0.18215735347067374,-0.08535989245013198
8.649116516113281,3.936706126457614,0.047054741779136586,2.5248991335773026,0.5416681753729436,-0.006874981019090897,0.18203969021236424,-0.37818908722165195,-0.22819042199682188,0.02972099546064798,-0.18955001202699595,-0.36963292781611035
8.668988704681396,3.952804308559498,0.04674080023826034,2.5304085230591253,0.5308138515697114,-0.013867437258629742,0.1837923677372427,-0.3811774460120553,-0.23216088735465287,0.015593461267382945,-0.20012781128292945,-0.5288899627966748
8.689048767089844,3.963344167770708,0.046416764807300386,2.5340865695517585,0.5231632323549293,-0.018548662556499486,0.1839666728303162,-0.38382868398508246,-0.23592794363874928,0.0019107685963851706,-0.2029695373748006,-0.1420863045935583
8.70915961265564,3.968571126159747,0.046222522043200515,2.5359509038234798,0.5197250680791685,-0.020849170376944504,0.18455844815525976,-0.38458600194477505,-0.2398797002619511,-0.010992203311900822,-0.20820171822264077,-0.2616090423920081
8.729228258132935,3.9788886742548653,0.045757308960081185,2.539639035095448,0.5120281764954463,-0.025684663885436537,0.18421306343071506,-0.38505555499227173,-0.2436375246103256,-0.023476966306260148,-0.21668873208902273,-0.4243506933190977
8.749162912368774,3.9890700701683803,0.045207323269518936,2.5433635764364375,0.5047426338796829,-0.030246545619246442,0.18475531877241208,-0.3860662789824529,-0.24424988080248441,-0.03530522365747819,-0.2206220068748368,-0.19666373929070335
8.769090414047241,4.004045830281229,0.04419933967499889,2.548915191613374,0.49347635469269663,-0.03717746643029452,0.18429854475774554,-0.3716042756029495,-0.22772392002335926,-0.046664917403903654,-0.2334134313881795,-0.6395712256671349
8.789147138595581,4.0138419897352025,0.043411323979973986,2.552591091565008,0.48618707038269443,-0.04157056848445138,0.1832548728710646,-0.35736034018221396,-0.21166346231537742,-0.05763825267117321,-0.23601282307304672,-0.12996958424336125
8.809065580368042,4.023478767743326,0.04252685035458233,2.5562690916678683,0.4786261123876326,-0.04603773860752808,0.1826096353922753,-0.34762913724692374,-0.19449930685941771,-0.0679614402525459,-0.24583410521248128,-0.4910641069717281
8.829243421554565,4.032982406964765,0.04156831516610819,2.559907022090667,0.4717698512073772,-0.04976021942407258,0.18115020864875805,-0.33801668426447457,-0.17783097464402617,-0.07792098320497237,-0.24893412119844083,-0.1550007992979774
8.849318504333496,4.037648812666867,0.04102657241746769,2.5617264657353958,0.46747972224692297,-0.052465500399634594,0.18061462246183066,-0.3276582975553843,-0.16547380268277814,-0.08723480160627885,-0.25638120991170643,-0.3723544356632802
8.870599508285522,4.046933560099241,0.03994497407969974,2.5653207073682376,0.46102915518121884,-0.05565429983677733,0.17877963056040086,-0.3174180266921067,-0.15346368006305736,-0.09620794776649416,-0.2626344852438893,-0.31266376660914474
8.88922667503357,4.055111243005009,0.03883558794404077,2.568544136171088,0.4535977812822325,-0.060457654304434706,0.17750410623669097,-0.30816129944052834,-0.14261655653007338,-0.10458925663776789,-0.2690725317271121,-0.3219023241611385
8.91015362739563,4.068529625348432,0.036900156049017925,2.57383452607987,0.4430036534357815,-0.06627929813677481,0.17464201020375797,-0.29676404103515275,-0.13296511318308699,-0.1125213873901611,-0.2813067665286977,-0.6117117400792793
8.929149389266968,4.077331098554638,0.0355486060465435,2.5773043486949696,0.4371812004012233,-0.06884449232510165,0.17231484228049382,-0.2855040596329412,-0.12360212645364714,-0.12014415764324714,-0.2858710691628694,-0.22821513170858676
8.949165344238281,4.0816428358738515,0.03480932045536146,2.579027137220096,0.4330639975708453,-0.07124979288148063,0.17120048902151552,-0.28124702851278727,-0.11402902091294191,-0.1272135186047811,-0.28912394721768697,-0.1626439027408777
8.969106197357178,4.0944580705429825,0.03257721195089964,2.5841135104865827,0.4231032979226531,-0.07590391295276837,0.16753937636645047,-0.2950662658808523,-0.11571059023904796,-0.1338451075785323,-0.30056344339882424,-0.5719748090568633
8.989121437072754,4.1028602392320765,0.031035881220890307,2.5874371008470782,0.4170699867258256,-0.0782346485489501,0.16479848349654663,-0.3081417082515247,-0.11735714230128806,-0.1401980210470793,-0.30246742278985783,-0.09519896955167972
9.009094476699829,4.106989206182044,0.03021987977024216,2.589080766099792,0.41334825358632304,-0.0801476922727158,0.1634156971172359,-0.3014750369623831,-0.11521400165848732,-0.14605053735072782,-0.30903907401685604,-0.3285825613499105
9.029216527938843,4.115196318629143,0.028594026640042115,2.5923194927869924,0.4073850760087065,-0.0824304346060686,0.16043832970986777,-0.29484956734131323,-0.11305816998917853,-0.1516431596001794,-0.31557413374098786,-0.326752986206591
9.049144983291626,4.12328610026618,0.026906379077482244,2.595507128536221,0.40143416340921256,-0.08511143139652615,0.1575895391350496,-0.3032284430067285,-0.11881271329277576,-0.1567357422510182,-0.3200481590174533,-0.2237012638232727
9.069076538085938,4.135196544098773,0.024303374414854483,2.6001691639489484,0.39252641852972064,-0.08847487916036507,0.1529835210241407,-0.29592141050491344,-0.11114513220954045,-0.16142037805926512,-0.33052743663316075,-0.5239638807853719
9.089157819747925,4.142988372870568,0.022512149210014817,2.6031962495556646,0.3866806520471267,-0.09062273301788909,0.14971019421283974,-0.2886633876166537,-0.10367260978973455,-0.16587405796223834,-0.33330783325359237,-0.13901983102158066
9.109061479568481,4.146841160465434,0.02160801169932295,2.6046865530776477,0.38365954097297833,-0.09148544881462045,0.14805170317205144,-0.30466041273139366,-0.10723169863501045,-0.16991470355887323,-0.3379755548183927,-0.23338607824001656
9.12912917137146,4.158213888450049,0.018817953091467013,2.609054668505415,0.374433946351505,-0.09462352382058953,0.14300705154279691,-0.320604421003906,-0.10926190742885433,-0.17356516038025618,-0.34883226565472736,-0.542835541816733
9.149083614349365,4.1656374271089565,0.016903496490719972,2.6118798633903144,0.36786967086125566,-0.09682879669373913,0.13950095083493513,-0.33567921572059173,-0.11126004065564409,-0.17701103904778068,-0.3525522490115143,-0.18599916783934578
9.169078826904297,4.172968220037059,0.014961011959870076,2.614637220238742,0.362329874491817,-0.0987324771630681,0.13621481884196884,-0.3308866922177008,-0.12584819390577506,-0.15452911024503135,-0.36029320817555144,-0.3870479582018582
9.1892569065094,4.180148963622575,0.012960248971712853,2.6173320682714207,0.3557607204630497,-0.10139053629503474,0.1333421740871897,-0.3260158017055549,-0.13986270520030436,-0.13287205382388856,-0.36632574803129847,-0.3016269927873516
9.209136009216309,4.183733639880345,0.011967290726363303,2.6186483613334115,0.3538030104838986,-0.10204132532738702,0.13186881242564916,-0.3154813855960106,-0.15027027430701392,-0.11084771449898688,-0.3694463220107176,-0.15602869897095584
9.2296621799469,4.197658705015267,0.007850123134330516,2.623775923519927,0.341785300889647,-0.10605204419632462,0.12617761361465474,-0.30824517659628903,-0.16565835736507814,-0.09044296698290254,-0.38555728209479323,-0.8055480042037821
9.249162673950195,4.204433245408018,0.005694955558848916,2.626282707546681,0.33569292490739255,-0.10951395368419092,0.12456614464235494,-0.30098924153685935,-0.18043058416178595,-0.07083613651913508,-0.39157951400759483,-0.30111159564008005
9.269078016281128,4.20777105749883,0.004649598048441041,2.6274948665081475,0.33268041787303504,-0.10955674319405262,0.12295527479640364,-0.2839786793830213,-0.17019274594220637,-0.07897083831990334,-0.39440245530003626,-0.14114706462207138
9.289129734039307,4.214368987216009,0.002425094471286496,2.6299376509696435,0.32716812787427446,-0.11286033308271398,0.12129708373042276,-0.26730641246010006,-0.1602082752101747,-0.08679718742072133,-0.4039421572333701,-0.4769850966666933
9.309096097946167,4.2176017499970735,0.00134389479466611,2.63112039832046,0.32387255433703865,-0.11293242577544685,0.11968111545772875,-0.2518489327184142,-0.15910768329760797,-0.09400862907922809,-0.40620398868455077,-0.11309157255903202
9.329543828964233,4.230281895367304,-0.0032740188802080016,2.6358327570395144,0.31199811538703254,-0.11883840559705425,0.11609589584797964,-0.2507567798281227,-0.1760024724844319,-0.07623394567344538,-0.42891545918724816,-1.1355735251348698
9.349149703979492,4.236471789238059,-0.005687080394037153,2.6381405780002556,0.30699558460021054,-0.1225218380686647,0.11474310989943859,-0.24946296088530284,-0.1922302933351775,-0.05916090713104896,-0.43511819548891717,-0.3101368150834505
9.369069576263428,4.239498037390985,-0.006906441474921683,2.639275242098566,0.303638131380928,-0.12414601802102218,0.11398084324694749,-0.25053172684422387,-0.2132084921311765,-0.04443102200775805,-0.4420243823180865,-0.34530934145846626
9.389117240905762,4.245520636384636,-0.009433359520817789,2.6415469245045835,0.29861913436433973,-0.12861288144902,0.11323448375381172,-0.2513218811069951,-0.2333371309893911,-0.030304985689011948,-0.4545366591979705,-0.6256138439941994
9.409092903137207,4.248480368265778,-0.01067975021363121,2.642651772590972,0.2957920464181032,-0.12952055228139084,0.11212967013036855,-0.24507373666879456,-0.2427067681653177,-0.040350826858874714,-0.4583312173019851,-0.18972790520073168
9.429217100143433,4.257239013945024,-0.014595860788383647,2.645980216585267,0.28836915433185045,-0.13461663046451292,0.11041054926724478,-0.23671120301942847,-0.24921066691214486,-0.04987047285424793,-0.4779839025804109,-0.9826342639212893
9.44928765296936,4.262959608870027,-0.017338447588243804,2.6481778359709263,0.28371798531819326,-0.13966229622529278,0.10932079778386924,-0.22841704890830303,-0.25528477808573313,-0.059047995408840565,-0.49021529998613245,-0.6115698702860772
9.469135046005249,4.265777455712481,-0.018682944397581412,2.6492683264473786,0.2812712049453213,-0.14045342848947873,0.10867846514383793,-0.2193091119287506,-0.26096850198429566,-0.06758845039980572,-0.49409141547503976,-0.19380577444536584
9.489064455032349,4.274094537733881,-0.022966704740530506,2.652512250622903,0.2741296853043881,-0.14703514606388773,0.10699081589812451,-0.20841615248328013,-0.2677807042426542,-0.07568046545527347,-0.5183886666432325,-1.214862558409635
9.50915241241455,4.279536168247999,-0.025961393999817558,2.654636406851978,0.27006926587354113,-0.15245489372520177,0.10539886334421493,-0.19764620515404535,-0.2741149762363021,-0.08346362761045337,-0.5321919841080494,-0.6901658732408444
9.529148578643799,4.282201749611785,-0.027471491261003112,2.655697435049395,0.26749874569094817,-0.15439806697385788,0.10480908268135163,-0.18235644460364497,-0.271217245471611,-0.09069184728981783,-0.5394928315779404,-0.3650423734945507
9.549224615097046,4.287516258162636,-0.030613495765762787,2.657775010897983,0.2640021171940849,-0.1597922523051895,0.10292536951535848,-0.16735405571003137,-0.2681779352241525,-0.09763170513903394,-0.5573162999164007,-0.891173416923019
9.569159507751465,4.292703843591827,-0.03383800361527677,2.6598387672564385,0.25925764086861325,-0.1645818056718149,0.1015479586466618,-0.15479953377737196,-0.26599090667978187,-0.10404735768900733,-0.573732267577097,-0.8207983830348153
9.589035034179688,4.3003694667891255,-0.03889384106498951,2.6628542527925565,0.25351077612738016,-0.1723563902346494,0.09882525603118622,-0.14246432889620383,-0.2428562135319288,-0.1100526528087669,-0.6010497900237439,-1.3658761223323435
9.609192848205566,4.305412006840619,-0.042388031790220375,2.6648083599991215,0.25078401621486374,-0.176987829487452,0.0965663101006109,-0.13022817120362173,-0.2204002578793983,-0.11579906454964561,-0.6157655845599161,-0.7357897268086111
9.628993272781372,4.307878172034043,-0.04418960632202004,2.665777299587615,0.24868933453529457,-0.1796231705697389,0.0955951507280544,-0.1062067285513087,-0.19404075227756334,-0.12108089971483518,-0.6260623644807013,-0.5148389960392574
9.6490957736969,4.312832296873209,-0.047819164279577366,2.6676646463783396,0.24680176007775034,-0.18324766895530287,0.09312272603231285,-0.08262346284063773,-0.168553728844471,-0.12612164463655162,-0.6387901829639144,-0.6363909241606569
9.669142007827759,4.317671625104966,-0.051638734966138085,2.6695162106614165,0.24321304997200505,-0.18955831628596753,0.09092044154541346,-0.06548926109185578,-0.1401434866143362,-0.13068922321431217,-0.6619128568437977,-1.1561336939941658
9.689109802246094,4.324871333535701,-0.05750375811145917,2.6721896917611474,0.2394064570567502,-0.19694382372413585,0.08708352045594714,-0.05665867500112165,-0.12370670592754729,-0.1348614874390152,-0.687137265037979,-1.261220409709063
9.709182977676392,4.329648712935744,-0.06146630493721429,2.6739041223787283,0.2383604712210902,-0.19925772035563333,0.08434634292517808,-0.047962176993706446,-0.10776507592198858,-0.13882104693884692,-0.6925664102786757,-0.27145726203483544
9.729033946990967,4.3319754130922,-0.0635748587876552,2.6747414994618284,0.2364347634642022,-0.20334969212348394,0.0829455887397567,-0.03943834308748817,-0.09467542983847649,-0.14238934518116794,-0.705717448511717,-0.6575519116520656
9.749129056930542,4.336696782718838,-0.06765993517699154,2.6763717053585783,0.2357301970418834,-0.20511565309056576,0.08006376389590453,-0.031038977045671375,-0.08198724805816542,-0.14576050072510446,-0.7104188730959176,-0.23507122921002654
9.769102811813354,4.341343446325964,-0.07193571496696358,2.6779492020521074,0.23387087644802118,-0.2103608365445488,0.07724446623549502,-0.0027417450172248503,-0.052890448589609965,-0.14870911240285709,-0.7247823992236877,-0.7181763063885072
9.789109706878662,4.34832230954909,-0.07836212814162827,2.680196401225234,0.23288357522446607,-0.2142974951607823,0.07265554905756436,0.01524027076805169,-0.018972855006558428,-0.1512857107074955,-0.7340169255251943,-0.46172631507532813
9.80911660194397,4.352984208009132,-0.08264967273031874,2.681619091822459,0.23336488591140078,-0.2143479844020977,0.06960548968340102,0.03282487221683143,0.013721170345595347,-0.15369204415227322,-0.7320297513640139,0.09935870805901637
9.829246282577515,4.355279984432204,-0.08488876717369205,2.6823052208180638,0.23270345459270989,-0.21671911039119088,0.06799724905387476,0.04949901550332504,0.04459167599170026,-0.15578181482014314,-0.7393410389257875,-0.3655643780886786
9.84918999671936,4.359945048215217,-0.08921223166506645,2.683633877987813,0.2338573906570927,-0.21552834092276393,0.0648620256462989,0.0658391445637138,0.07429124990553343,-0.1577145339085098,-0.7338463935643436,0.2747322680721975
9.869207620620728,4.364549850549698,-0.09371705095792172,2.6849015546302457,0.23325902388194944,-0.21910313673881962,0.06175057112911751,0.09293322852907628,0.09954393926703045,-0.15928271642262792,-0.7438489553308147,-0.5001280883235593
9.889103651046753,4.371529385073627,-0.10038440035954113,2.686685691598767,0.23433138031936102,-0.22007117716081045,0.05705593950230464,0.09276553909283913,0.09631937387270532,-0.16052940950854186,-0.7434608090977401,0.019407311653729664
9.909119129180908,4.37623455787109,-0.10476677255307366,2.6877946280569533,0.23618555751022383,-0.2181766280079997,0.053833993969754315,0.09266294772245345,0.0931436174479883,-0.16164314576589356,-0.736281604201666,0.3589602448037077
9.929157972335815,4.37856278314804,-0.10703763541046489,2.68832865275077,0.23608807506844018,-0.219822395276199,0.052319312490737485,0.09256912761867765,0.09075882699963668,-0.16251991099961388,-0.74150756919405,-0.2612982496192018
9.949182510375977,4.383303055915082,-0.11141609002590702,2.689342482696948,0.23793913470175057,-0.21803098162459278,0.04906116737131662,0.09254902861980126,0.08838421633510407,-0.16327436809765716,-0.7346874840545428,0.3410042569753635
9.969112634658813,4.3880771311527305,-0.11580267309898427,2.690299787991691,0.2398246551565058,-0.21717384298937786,0.0460032165686267,0.09249070806940662,0.08638265545028366,-0.16372988287435106,-0.7300490129801882,0.23192355371772777
9.98908257484436,4.395337647297123,-0.12226385545445191,2.6916105504302803,0.24331546508344767,-0.21413151056763174,0.041217457294918124,0.09235345487019193,0.08340448000130059,-0.16390107001349777,-0.7182012277766963,0.5923892601745973
10.009148836135864,4.40022242181488,-0.1265300016412862,2.692402113010912,0.2451617736957881,-0.2124929240322007,0.037938566824443964,0.09228953765784409,0.0804596966281286,-0.16397127960546154,-0.7119336119480573,0.31338079143194975
10.02918553352356,4.402711756633839,-0.12862174096557114,2.6927783454410115,0.24703143269104283,-0.2108598035880563,0.03644279990668245,0.0913693042221351,0.07823058623312165,-0.16386544789748184,-0.7055006573866369,0.32164772807101727
10.049127101898193,4.410200055071453,-0.13487583821200064,2.693803255971212,0.2508056530933777,-0.20748726918067184,0.031683843088345556,0.09052710616420323,0.07536856815637445,-0.1634971367680616,-0.6910826914314736,0.7208982977581657
10.069066047668457,4.415234221883027,-0.1390106987142891,2.6944042621704622,0.25260851848077237,-0.2060081901142695,0.02841828461196552,0.08977420991795355,0.0725458387608378,-0.16304482742548626,-0.6841554522567774,0.3463619587348088
10.089028596878052,4.420363876523344,-0.14305263173066557,2.6949468070365934,0.25589159543845197,-0.20294243143998245,0.02532789894210852,0.08801452007073694,0.07130679870918825,-0.16235418473249122,-0.6708601873267699,0.6647632465003772
10.109098196029663,4.425499199556325,-0.14709730209199878,2.6954209439034496,0.25763521038840914,-0.2015287674889763,0.02208833476967614,0.08636525366186482,0.0700579592345774,-0.1615900980836323,-0.6649590196248676,0.29505838509511495
10.12912917137146,4.4307366986077925,-0.1510364918869858,2.695834937691691,0.26106847772455893,-0.19819649172328607,0.01897295588953538,0.08651428615418327,0.06738983765948309,-0.16060210332218788,-0.6520288021040583,0.6465108760404625
10.149121761322021,4.435975383454949,-0.15498711960734537,2.6961823454334297,0.26280067007465946,-0.19687503958929103,0.015771322949937428,0.08671319849755937,0.0647620440736727,-0.15955072293874506,-0.6478072254917753,0.2110788306141531
10.169131517410278,4.4386538616492235,-0.15689776176588058,2.696332328879386,0.26496975218153723,-0.19467516797736514,0.01419026380244675,0.08529510381715988,0.06277722390788064,-0.1583827265149503,-0.6397349290447596,0.40361482235078405
10.189058780670166,4.446686621841588,-0.16265120770535754,2.6966836885015972,0.26903197893461334,-0.19083552446782995,0.009353371886685204,0.111832052825756,0.09848858130474762,-0.1569812402125759,-0.6265557630653142,0.6589582989722675
10.209205389022827,4.4520913622519345,-0.16644591097297665,2.696839455573331,0.27152820791238663,-0.18852050680773147,0.00622816975809692,0.13767591310732602,0.13277750587272444,-0.1555309152943115,-0.619494890648673,0.35304362083206087
10.229115724563599,4.454836543851742,-0.16829498156856995,2.6968897076918745,0.27358336136260797,-0.18619055599869794,0.0045713342507382815,0.1477336477022205,0.1626404472423337,-0.15398253436487985,-0.6135861920164598,0.2954349316106608
10.249149322509766,4.4603384184406565,-0.17198433582717543,2.6969504432486193,0.27663696508454133,-0.18264945925431275,0.001507525816032495,0.15759393867741553,0.1912638764196673,-0.15239123196755694,-0.6038910484238547,0.48475717963025744
10.269134521484375,4.465862382580806,-0.17567958543317347,2.69694756663758,0.2786905873067553,-0.18108382950312757,-0.0015816027737998535,0.15235321373020513,0.18228537367774317,-0.150619641490357,-0.5995084130039676,0.21913177099435188
10.289046287536621,4.474268634272109,-0.18109520578427696,2.6968323277280075,0.2826060379542002,-0.177474399805515,-0.006080361120908568,0.14662665219829052,0.17267790590489634,-0.1486525234326471,-0.589057856901968,0.5225278050999815
10.309185266494751,4.47994970886259,-0.18461078624531177,2.696681122515527,0.2854830162283492,-0.17411484245956826,-0.00903351184460319,0.14110515264703005,0.16331900754957915,-0.1466580508740839,-0.5806271538266237,0.4215351537672163
10.329149961471558,4.482815102088651,-0.18636424862044015,2.6965843716600477,0.28713262397351186,-0.17293901296852635,-0.010457322187127865,0.15192117265876345,0.16747202794884736,-0.14461301279053856,-0.579553648111244,0.05367528576898373
10.349085330963135,4.488588844634151,-0.18978926856330586,2.6963464401106587,0.2902766697669627,-0.16954986721625206,-0.013328938869110327,0.16243298586369678,0.17140630076970936,-0.1425448592863156,-0.5709024903474447,0.4325578881899661
10.36909031867981,4.494452857277413,-0.1931110746071883,2.696049171946241,0.29407768924741706,-0.1652771584270646,-0.016216005144291237,0.15618332159879555,0.16223975885832687,-0.14033337202970333,-0.5600921887138246,0.5405150816810034
10.388965845108032,4.503354700831018,-0.1979635849183346,2.695498055258486,0.2989737396629447,-0.15949867718533567,-0.02044947431710757,0.14876447607632493,0.15785993873074539,-0.13795216434508234,-0.548002984592999,0.6044602060412796
10.40912675857544,4.509363445008449,-0.20112227436879854,2.6950616345632903,0.30187668608546286,-0.15638459494813772,-0.02318462629099773,0.14156683852524146,0.15356179147582194,-0.13556149940425935,-0.5422432547323961,0.2879864930301457
10.429151058197021,4.512402834799993,-0.20264758462937854,2.6948202386007107,0.30363610591938794,-0.15399630077649734,-0.02460538572378764,0.13485974589269414,0.15160795713141234,-0.13314487963726782,-0.5394612564617662,0.13909991353149298
10.449793577194214,4.524700235159643,-0.20864157121557161,2.6937231160499615,0.3100788194340058,-0.14687135985322278,-0.03005371251488925,0.12543173717783718,0.14666312576279125,-0.13047510240167656,-0.5229343105557387,0.8263472953013773
10.469134330749512,4.530926284257358,-0.211549989766371,2.693096124610387,0.31249565523694445,-0.14398660033637925,-0.03263654261218188,0.11630115520249325,0.1418315649909306,-0.1278084591994455,-0.5204434101730726,0.12454501913330418
10.489044904708862,4.534093488161709,-0.2129523217068774,2.6927608378892898,0.31467460325497004,-0.1416996867561782,-0.0339601440482373,0.11200446538067294,0.14049749343821513,-0.12513939595591594,-0.517341160104972,0.15511250340503047
10.50914478302002,4.540409101835866,-0.21575830608162183,2.692056784792508,0.31687291865542655,-0.13890327771561886,-0.03643628717796031,0.10785078963055429,0.13913939140613432,-0.12247586563481963,-0.5115366049278829,0.2902277588544555
10.52914547920227,4.54683698132929,-0.21845076249783987,2.691297817774829,0.3206855465476899,-0.13465033130846707,-0.03901244361190828,0.10259389354156194,0.14270058882846437,-0.11971898804276031,-0.5050168388084528,0.32598830597150297
10.549193620681763,4.553270869532492,-0.2211150023090509,2.690493808356827,0.3226863468120386,-0.13176249260086026,-0.041379344710489895,0.09751577446088923,0.14604778662050846,-0.11697294881532871,-0.5006223504944458,0.21972441570035084
10.569206237792969,4.5565403280445365,-0.22239420470989266,2.69007011949186,0.3247037373953428,-0.12940326764315294,-0.042636058537465424,0.09551953936254318,0.15004512568462272,-0.11423487769423944,-0.49878739914061043,0.09174756769176895
10.589029312133789,4.566357350390965,-0.2261930729625233,2.6887357415787307,0.3284755419874221,-0.12443774598907104,-0.046146279041084245,0.09372806555472002,0.15491025826966698,-0.11137528052448482,-0.4907295880063729,0.4028905567118768
10.609140157699585,4.572945491054749,-0.22865053539890806,2.687790730681911,0.3303327953391847,-0.12129320660662886,-0.048345338700046724,0.09200933903231107,0.15949761776309074,-0.10853370076969025,-0.4870126714074994,0.18584582994367604
10.629054546356201,4.576277195738578,-0.2298492064977316,2.6872999912477997,0.3318555915576488,-0.11939555987186691,-0.04945621221319181,0.0844500515177965,0.17638475692674777,-0.10571643436848294,-0.48659603999267276,0.020831570741330907
10.649141550064087,4.58293071292144,-0.232200754286698,2.6862899105704563,0.33347221298499335,-0.11570554783801386,-0.05154252895523883,0.07727584281592387,0.19248626423938497,-0.10291846669148548,-0.4821263257165498,0.22348571380614857
10.669132709503174,4.589653190056397,-0.23449929766295252,2.6852344178697076,0.33600943910332737,-0.11233893498177802,-0.05367492383647923,0.08114173250443704,0.21456905384776778,-0.10006159027393739,-0.47674570421215545,0.2690310752197167
10.689074754714966,4.59979287761305,-0.2378145832810031,2.6835772796799455,0.3391053037965462,-0.1069664340254578,-0.056704200727776204,0.08517005901225894,0.23426438672022473,-0.09710948489777364,-0.47085883639101755,0.2943433910568949
10.70913028717041,4.606592290158636,-0.23990579520473831,2.682423969187512,0.3408496377299489,-0.10209237799916174,-0.05861710069781487,0.08927611442135341,0.25297868663497636,-0.09418513977244992,-0.464199708888303,0.33295637513572895
10.729138851165771,4.61001706635473,-0.24096632735945733,2.6818318849364364,0.34228104075777877,-0.10088812793620772,-0.05956899885047684,0.11722479084465486,0.27441777628216707,-0.0913027608283522,-0.46677326843926625,-0.1286779775481639
10.749084234237671,4.616887958180222,-0.24292783361398665,2.6806224351519288,0.34489882799548505,-0.09519479572314958,-0.06136646592978562,0.14443077730133466,0.29472854505699664,-0.08844865959480669,-0.45798999460480516,0.4391636917230546
10.76910924911499,4.62377150086862,-0.24489127008252637,2.6793713755006476,0.3466624858051823,-0.09214751218210372,-0.06325757296961748,0.16406490789957576,0.31293277212420073,-0.08555390452388885,-0.4560062184485525,0.0991888078126335
10.789048671722412,4.634171659229163,-0.247597119656177,2.6774327334171595,0.34975731368984003,-0.08498270645461971,-0.06586367916481722,0.20167578231250438,0.32629457444975574,-0.08258366383341356,-0.4470224086275123,0.4491904910520095
10.809134483337402,4.641209592151493,-0.24923066798741655,2.6760991393469524,0.35415762708084986,-0.07833050913487836,-0.06748594501788849,0.23817054493341905,0.33878001900963184,-0.07964881070680557,-0.4385093610770192,0.42565237752465457
10.829149723052979,4.644670111504537,-0.2500647906827966,2.675420149484457,0.3540283373503245,-0.07670280198815514,-0.06826034929059764,0.2592019929851845,0.35568304283575813,-0.07677085422377908,-0.44246388466529263,-0.19772617941367088
10.84922981262207,4.651803889995878,-0.25152663439596823,2.6740397784292855,0.35941756953840687,-0.06942862998490765,-0.06976728047092343,0.27961942671859463,0.3715650601470534,-0.07392812562979552,-0.43061044073563925,0.5926721964826687
10.86913013458252,4.6588474459620945,-0.25294297342854244,2.6726256885420323,0.3601683713743346,-0.06442426143454089,-0.07132331765591385,0.2976016089711025,0.38464191997774677,-0.07106585708290551,-0.4280543456108301,0.12780475624045717
10.888981819152832,4.669671134537415,-0.2547632900097227,2.670451434695696,0.3661336771018593,-0.05449555368827053,-0.07349799345259178,0.3320315725562357,0.39681174402591735,-0.0681461618922774,-0.41573338904675605,0.616047828203703
10.909088850021362,4.677062453584188,-0.25577307193242,2.6689680381935657,0.3731092572519662,-0.04644503518348316,-0.07483206082177722,0.36534068581573764,0.4080929532776709,-0.06526737699668884,-0.4078670600725065,0.3933164487124774
10.929163217544556,4.680711728309102,-0.2562645400557136,2.668216240770832,0.3742076635288902,-0.04355632080813115,-0.07546583621218564,0.40031773786605707,0.4243997664468148,-0.062454411136186494,-0.41010696686937154,-0.1119953398432516
10.949172258377075,4.688278218380081,-0.25704975382630124,2.6666946186803555,0.3825540365115129,-0.034914322315624205,-0.07668713052700994,0.4341258418877115,0.4396201796468198,-0.05968171525018903,-0.3955036429745977,0.7301661947386906
10.969125509262085,4.695810935281207,-0.2577349627472906,2.6651463081300415,0.3863237625126141,-0.027819712275641593,-0.0779232281344222,0.4670337504907434,0.4596023274555844,-0.05690688410594174,-0.3952066516871895,0.014849564370411628
10.989055156707764,4.707464528147056,-0.25841126683172577,2.6627814327853607,0.3962063419309804,-0.01522164795790871,-0.07964411926172349,0.47087077092294316,0.483006259904944,-0.054092665950173334,-0.38082555751895475,0.7190547084117371
11.009153127670288,4.71548308156255,-0.25861760865115524,2.661177917248514,0.4056615644601335,-0.005339204149807948,-0.08069820243560445,0.47464022408276,0.5050055112474373,-0.05132306526676323,-0.3745796568270858,0.3122950345934461
11.02930498123169,4.723531543773153,-0.25869721875523227,2.659554748518149,0.4113848792287857,0.0030615796533005075,-0.0816744123528071,0.4754636516793908,0.5266031459235018,-0.04856887512923465,-0.3704175925305564,0.20810321482647165
11.049132585525513,4.7318543906208665,-0.25852929554250587,2.65791172783078,0.42090265896655094,0.0137981518699234,-0.08261862747974633,0.4763196605367375,0.546826518363079,-0.04586019896272321,-0.3628474553085814,0.37850686109874854
11.069125413894653,4.736044090043936,-0.25841909988848305,2.657084930723586,0.4245118452531751,0.017749504589599337,-0.08300425058318779,0.47370310138767,0.5511206300861057,-0.04322807958044589,-0.36229524038146677,0.027610746355732907
11.089057207107544,4.748993083224941,-0.2576939812542273,2.654575241043459,0.43894263710202336,0.032691657555070204,-0.08428237802186431,0.4906111986766359,0.5422748437960762,-0.04057249427970131,-0.3499849514159572,0.6155144482754782
11.109100103378296,4.7578711581281,-0.25693229162010756,2.6528816536966393,0.44891939720386614,0.04344723683015139,-0.08506765966411804,0.5069744919192811,0.5332541851324616,-0.03796339015984692,-0.3458053326746433,0.20898093706569476
11.129204988479614,4.762398706393971,-0.256487754979732,2.652028014645256,0.4544480700440798,0.04830417959216387,-0.08545535454412238,0.5184342285372032,0.5225009958581115,-0.03542699142216195,-0.3469160094864461,-0.05553384059013844
11.149171590805054,4.771592097861545,-0.2554178921359633,2.6503119889842797,0.46492789383021255,0.05864599046920337,-0.08613890774848877,0.5294794389126626,0.5116667316690563,-0.032935844614167355,-0.337376315584343,0.47698469510515373
11.169122219085693,4.780981489880306,-0.25408532154820074,2.6485788514548543,0.47519464886980517,0.07030037550400836,-0.08687604462688345,0.539794130103346,0.49192857389326944,-0.030461907452640612,-0.33606591728210544,0.06551991511187794
11.18900990486145,4.795467578884766,-0.25167902967803896,2.645955396937493,0.4911474083658583,0.08711536987319375,-0.08786498807179824,0.5524162549158936,0.47254648513794134,-0.02797090599641314,-0.3276026097227005,0.4231653779702471
11.209110975265503,4.805401827154784,-0.24984349025409044,2.644192666668037,0.502317853427293,0.09637495546391939,-0.08839989493966843,0.5645467857135733,0.45346131949214424,-0.02552771969599587,-0.3266709294393948,0.046584014165285126
11.229130029678345,4.810451859532139,-0.2487671077348125,2.6433048704372393,0.5080675587820673,0.1032979137069468,-0.0887081589330391,0.5785809249563699,0.42982656305336125,-0.023156224725280998,-0.32581170104691193,0.04296141962414346
11.24915885925293,4.820729834757862,-0.2466167347727517,2.641526231788166,0.5197748975776256,0.11166226577809431,-0.08914795583409595,0.5920611668690803,0.40669145377840843,-0.02083117667629162,-0.32238925444640154,0.17112233002551935
11.269157886505127,4.831238856364005,-0.24411968489474906,2.639732139352901,0.5316022949832989,0.12423403979098138,-0.08972006660469856,0.6042092239392931,0.3841777052978796,-0.01852678082046115,-0.3205045443471173,0.09423550496421296
11.28897738456726,4.8474556233894806,-0.2400880027103122,2.6370276519600857,0.5496214079688192,0.13922078881619826,-0.0903848201572943,0.601454818617815,0.3470965296882053,-0.0162143837993341,-0.31857790907731953,0.09633176348988748
11.309128046035767,4.8585681524146,-0.2372365869541829,2.635216864417813,0.5616218827831881,0.14580069426397244,-0.09068638737380673,0.598571326230858,0.31106857437294627,-0.013950368336794283,-0.3186752321453534,-0.004866153401694717
11.329134225845337,4.864224719190277,-0.2356265844295523,2.6343058209239043,0.5680314445216446,0.15263754138659708,-0.09090619958972586,0.6095897720970445,0.28933719773901145,-0.011756888722581644,-0.31887114541346717,-0.009795663405687272
11.349059820175171,4.875707975258202,-0.2325173901072682,2.632485489438923,0.5803292038958465,0.1582111045567165,-0.09111979362333317,0.6201023605847964,0.26810121887198246,-0.009610296724430804,-0.3223656209175254,-0.17472377520291182
11.369105100631714,4.887469653528971,-0.22904473170170359,2.6306523161754094,0.5934965025445311,0.16973206815153966,-0.09151775697425642,0.6210402971159988,0.24754238489406025,-0.007488056246776065,-0.3164582793216666,0.29536707979294086
11.38906192779541,4.905572691736284,-0.22369272504670507,2.6278974994826334,0.6125996690870239,0.18117424836154664,-0.09189234522297059,0.6117071230309625,0.2260970261058133,-0.00536504852793525,-0.3222702074338657,-0.29059640560995526
11.409100770950317,4.917946413128136,-0.22002542231546984,2.626058718686916,0.6247419451481072,0.18548640708939781,-0.09197881848780358,0.6025496075930707,0.2052116126885456,-0.003290283199552682,-0.32059466927054014,0.08377690816627759
11.429066896438599,4.924254092758091,-0.21804078338021224,2.625133951168911,0.6314030128073467,0.1907654786501549,-0.09212909051095863,0.5709503813541694,0.1898543265036946,-0.0012831111845661234,-0.3238507657092202,-0.16280482193400392
11.44928526878357,4.936994291353658,-0.2141885092053459,2.623291244210209,0.6425151682955568,0.19441191634680494,-0.09213507044191196,0.5404466202971004,0.17484751077671226,0.000677370891470354,-0.32408091924630167,-0.01150767685407228
11.469094276428223,4.9566921356588045,-0.20805022436991424,2.6205153148121143,0.6629589585735207,0.20421439513354459,-0.09236974672088648,0.5322175562418607,0.13681979989331494,0.002640012608079317,-0.32861741157414315,-0.22682461639207396
11.489022493362427,4.970122678268389,-0.20389146930556465,2.618665291215322,0.6757975206219803,0.20823643705973333,-0.09240768195326717,0.5363917732889544,0.09853942550165241,0.004561664809902132,-0.3250322689293652,0.17925713223889694
11.50907850265503,4.983746167135099,-0.19970952089879082,2.6168181756489477,0.6865640702613971,0.2098350491812966,-0.09229762700261317,0.5402031182397947,0.06153284676212671,0.006435976538265975,-0.3308183847909927,-0.2893057930813736
11.529122829437256,4.997726859927085,-0.19534175007151217,2.6149645952934826,0.7008745210480539,0.21478705666043896,-0.0923757105220645,0.55520134620353,0.022827728085289854,0.008275597808416068,-0.32629850947890304,0.22599376560448192
11.549211978912354,5.011856352892914,-0.19104395745014738,2.613118856499445,0.7121222669310163,0.2148676001167301,-0.09219219291223156,0.5694489229620893,-0.014554139483137295,0.010068395988825989,-0.3337098111547707,-0.3705650837933838
11.5691237449646,5.0190490016636575,-0.18877568153856908,2.6121932053852284,0.719126970352352,0.2180101165901497,-0.09219436858334018,0.5897883132287435,-0.028913028875894812,0.011795485549673784,-0.3266802399451074,0.35147856048316495
11.58903455734253,5.0335508085526905,-0.18442219969779103,2.6103517899899127,0.7311184457128833,0.21729149395094907,-0.09194156445522385,0.6092066488497986,-0.042885168184764906,0.013477440606269084,-0.33281288754620286,-0.3066323800547721
11.609121799468994,5.048271142722994,-0.17989807235663735,2.6085105034691685,0.7427409442093157,0.2208329999089916,-0.0917808348982964,0.6315847613661058,-0.054218079317262566,0.015117988259642104,-0.3319683545379557,0.04222665041235807
11.629104375839233,5.070786436800398,-0.1732283926483321,2.6057629044054367,0.760038816879813,0.22103719907104005,-0.09133465322834856,0.6110191935047736,-0.05965766756960413,0.016732329569934434,-0.3362207963844841,-0.21262209232641993
11.649319410324097,5.08610806455758,-0.1688199417649388,2.6039396631998075,0.772056646621068,0.21978982872540703,-0.09098423464351374,0.5908254715922879,-0.06507583867459732,0.018302144140416247,-0.3393224805954662,-0.1550842105491057
11.66917634010315,5.093829855126607,-0.16660302708732377,2.6030324019593274,0.7770912464870242,0.21971674894124,-0.09074061128824439,0.5723560194865119,-0.06190925700435082,0.019799944010590716,-0.3364295538367035,0.14464633793813686
11.68906044960022,5.117433502289428,-0.16004995540169625,2.600318608630399,0.7952321708459011,0.21752813200260682,-0.09014989663290911,0.5657264088640203,-0.057313177480848715,0.021268770674409798,-0.3432958008544129,-0.34331235088547185
11.709176778793335,5.133450844742749,-0.15571056998384508,2.598519960241345,0.8064796918710125,0.21642433297165103,-0.0897101881399066,0.5590116546420064,-0.053136134655871366,0.022695017539144408,-0.3446326586598003,-0.06684289026936963
11.729072093963623,5.149767846899012,-0.1514553275924371,2.5967290019551323,0.8194112334389937,0.21380635728030578,-0.08927890913957139,0.5428711197997146,-0.040649545278876695,0.024072227725253362,-0.34686624054569704,-0.11167909429483647
11.74914813041687,5.166263581949319,-0.14718653429467501,2.594948327961004,0.8301092817739808,0.21311217338315222,-0.08878403743755714,0.5269741415227521,-0.02888913049785409,0.025408085441877965,-0.3471901181690118,-0.016193881165738055
11.769107103347778,5.174636678780017,-0.14512534848546102,2.5940615581138595,0.8365337653764089,0.21093954298871256,-0.08852180561865636,0.5110329224388106,-0.015029745177163932,0.026680998003158627,-0.3506390363806089,-0.1724459105798548
11.789060831069946,5.200016422645297,-0.13890347160161348,2.591417430869467,0.8532165966644616,0.2077139902177506,-0.08772437978383117,0.4894465460152203,-0.0022673225626379237,0.02792138184196477,-0.3539901695012553,-0.1675566560323194
11.809115648269653,5.21717722669511,-0.13474883213190142,2.589668608270846,0.8627933117413965,0.20778998924133388,-0.08715387671399424,0.4682975041027361,0.009742578581564404,0.029122397954124336,-0.35650785737905455,-0.12588439388996342
11.829068183898926,5.225882633272108,-0.1327814872107354,2.5887983921485125,0.8689219243182258,0.2047935313414899,-0.0868567731003098,0.4556571781603057,0.020468582238804798,0.03026412126810232,-0.35563017281137643,0.04388422838390582
11.849139213562012,5.243351368276338,-0.12868084362261362,2.587067383742963,0.8779099592653175,0.20530419685157364,-0.08624038703960743,0.4431721096491102,0.030479546735939448,0.03136825237938215,-0.3603083720834519,-0.23390996360377336
11.869178533554077,5.26111201359469,-0.1247581231566061,2.5853463862658357,0.8894414312467741,0.20129702862791204,-0.08566968460546201,0.4227443213839069,0.04404087936988924,0.03242784590362079,-0.36101652945479756,-0.035407868567283174
11.889041185379028,5.288059192945405,-0.11882005235046338,2.582788879378402,0.9041625913360021,0.19929601033507094,-0.08474362111014719,0.4156893639986976,0.05760626372870991,0.0334551444332466,-0.36504107337306557,-0.20122719591340044
11.909116744995117,5.306225110350213,-0.11482175034044877,2.5811007646623665,0.9124055022817212,0.20057649324908153,-0.08406454660383007,0.4085953269835438,0.0702972255254729,0.03444631778658613,-0.36648072413025146,-0.0719825378592942
11.929169654846191,5.324638192319822,-0.11096738816446924,2.5794249030909224,0.922495525872126,0.19784203313282284,-0.08340117175601897,0.39930793218327043,0.08551004758910245,0.03539072022190993,-0.36822832046199894,-0.08737981658737404
11.94912838935852,5.343167347328652,-0.1069924797725996,2.577764019018489,0.930389154833325,0.1996962900436899,-0.08268420340431491,0.3900618848455428,0.09975545369137827,0.036300351437902535,-0.37071438695329517,-0.12430332456481175
11.969138145446777,5.352523589455431,-0.1050991232040051,2.5769390561484187,0.9351427053874569,0.19773651863901368,-0.08230976810303042,0.384136080150103,0.11500276025436122,0.03715832768420345,-0.36912552233687945,0.07944323082078597
11.989082098007202,5.3713028717650735,-0.10112042606381269,2.575300347991537,0.9427655096995264,0.20018067437594525,-0.08155829807945326,0.37813134714382907,0.12924667821105626,0.037983185498331594,-0.36982762073565567,-0.03510491993881093
12.009169578552246,5.390271941110816,-0.0972648509927641,2.5736769045809833,0.9512291846944029,0.19855218563479562,-0.08078843647835823,0.37725543090369396,0.14279870054720825,0.038761216331538194,-0.37476476660199554,-0.24685729331699324
12.029141426086426,5.418988410825642,-0.09134849761080088,2.571270959472318,0.9626665875086202,0.20002364166956174,-0.07961091892908365,0.36118095447917004,0.16007880307552774,0.039500916519217916,-0.38139987413804377,-0.33175537680241174
12.049216270446777,5.438312919093821,-0.08731491147136583,2.5696866890316534,0.9697314541603519,0.2033889484148648,-0.07881376322219533,0.3453453802983941,0.17627188149733444,0.04020949697367154,-0.38387297360490935,-0.12365497334327902
12.069175481796265,5.4480333616794105,-0.08536205289571172,2.56890071362092,0.9733290998348776,0.20274806593562367,-0.0784057746634783,0.3423535842060412,0.19241919909108773,0.04087305236754032,-0.3850081135590031,-0.056756997704687784
12.089005708694458,5.477402383069018,-0.0792850732429923,2.5665658972909777,0.9838587045067592,0.20604174373503809,-0.07720107604680902,0.3241967366107922,0.20758476926863767,0.041500261631555464,-0.39300984600938227,-0.4000866225189581
12.109140157699585,5.497143201167763,-0.07512176205631622,2.5650302161821568,0.9901635892494368,0.21033648779369302,-0.07636504092583558,0.30634185988640045,0.22171885392114554,0.04209844008109316,-0.3909208571032652,0.1044494453058542
12.129066944122314,5.507072016178239,-0.0730839340444225,2.564268915613257,0.9935113661933727,0.21052817885434302,-0.07593241032460954,0.299899058356995,0.2373896380427886,0.042654775959054,-0.397697839411447,-0.33884911540909
12.149158716201782,5.527001790946438,-0.06882490415281167,2.5627588340693763,0.9994444455086403,0.2154232977328925,-0.07507398156956449,0.2933995482733654,0.2519361159979829,0.043183529546488554,-0.399402325063551,-0.08522428260520076
12.169095993041992,5.547084050692102,-0.0645807941867624,2.561266268017874,1.0061997384695798,0.21781067905761467,-0.07419720879988051,0.3010524099396118,0.27365524326073454,0.043669300641396146,-0.4020360043488802,-0.13168396426646023
12.189012050628662,5.577406094616614,-0.057991822825009726,2.5590611665281817,1.0152424770902198,0.22421788470385523,-0.07284865145518866,0.3078476408749213,0.29103652322983115,0.04411477369062174,-0.4079744873304292,-0.2969241490774488
12.209124326705933,5.597772939785418,-0.05344816390725663,2.557613044880705,1.0214628995078543,0.23020163056367463,-0.07196211299450332,0.3141056780659103,0.3071238621423111,0.044534868181034776,-0.40662676835800937,0.06738594862099045
12.22919249534607,5.618219799037556,-0.0488716921131444,2.55618604973595,1.026552280367221,0.23426606768066255,-0.07098103940598595,0.3188187170162845,0.322021379276621,0.04490879255888655,-0.41365954565897,-0.35163886504803177
12.249080419540405,5.638814897456945,-0.044121034288634814,2.5547754344409004,1.0329715993588011,0.2408453160039797,-0.07007932313078967,0.3230301703063045,0.33570202638146757,0.04525888787751504,-0.41479210469207084,-0.05662795165504164
12.269142150878906,5.649110656448681,-0.04174560931749654,2.5540794497690675,1.0349056544719284,0.24287619003935845,-0.06954990752480754,0.3410385918960968,0.34302086487299366,0.0455717445486559,-0.4156001591454763,-0.040402722670274116
12.2890625,5.680246061372479,-0.03434772390631417,2.552016497622612,1.0433357215264787,0.2520255662656402,-0.068092876367657,0.3521650063244245,0.34692383009953437,0.045841936839343234,-0.42190588673150264,-0.3152863793013161
12.309081077575684,5.70118391461182,-0.0292376105224679,2.550663825418885,1.0504842979495725,0.25899592744242056,-0.06717351500888256,0.3625738268636294,0.34997063534970785,0.046090640212953345,-0.4203878999293358,0.07589934010834298
12.329043626785278,5.722155058481561,-0.024011596533311315,2.5493343377437183,1.0549941505856326,0.2654369659378712,-0.06613148848872906,0.3695609268043841,0.3434249876827974,0.04629528424682741,-0.42684564295468874,-0.3228871512676479
12.349251747131348,5.743329290975487,-0.018634631040359267,2.5480209796738373,1.0624504920794424,0.27223627158773017,-0.06520370289267105,0.3759790378995749,0.33643158321014804,0.046479970551469095,-0.4255042332069019,0.0670704873893424
12.369167566299438,5.753897206989186,-0.01588189447021275,2.547374042932224,1.064073037938536,0.2759828951266407,-0.06465981959425016,0.37603824428497307,0.32950120122903565,0.04663377129533534,-0.4304623914483998,-0.24790791207489615
12.38909387588501,5.7752538616636935,-0.010296818530544115,2.54609018260863,1.071591450641965,0.2825002555949112,-0.06372576260530183,0.37574467164458475,0.32216834298894437,0.046768823352574034,-0.43340227855995295,-0.1469943555776565
12.409071445465088,5.796657490748716,-0.0045121541120293086,2.544828177367245,1.0765535154934687,0.29076713092000617,-0.0627133790264959,0.3711251998174887,0.320527940715849,0.04686566999214521,-0.4336167473453596,-0.010723439270332591
12.429144144058228,5.829074002060953,0.00441543076594743,2.54296916394043,1.0862126762522955,0.3021169391879216,-0.06127052863592489,0.35035014298345685,0.32180288766996157,0.04692551285384972,-0.4405083030879857,-0.34457778713130605
12.449213981628418,5.850866956845385,0.01052218242606978,2.541753141634407,1.093014633154569,0.3085603012672476,-0.06033155741257646,0.32989939055699624,0.32242538118215525,0.046968882744693116,-0.44242679584802813,-0.09592463800212059
12.469154357910156,5.861793521456511,0.013678982342517229,2.5411528118436806,1.0956091563733714,0.3133058860704443,-0.05984661792598556,0.3066679720728076,0.3180546998856256,0.046991228162557165,-0.4422022951298574,0.011225035908535297
12.489058256149292,5.894829494030319,0.023271192988167964,2.5393782784505587,1.1055759450004208,0.3242640611251917,-0.05844577798499566,0.29005514747530287,0.31704458400597996,0.04698041672544825,-0.44997942977990224,-0.38885673250224073
12.509113311767578,5.916997927499292,0.029819786210163887,2.538218757515454,1.111212762559291,0.3305899264687318,-0.05750640066622512,0.27366332237859087,0.31544435340789406,0.046954877991915916,-0.44842770190529446,0.07758639373038889
12.529050827026367,5.939347467470408,0.03656676063101179,2.5370761604591467,1.1184172705279298,0.33866391464305345,-0.05661726325146168,0.26459417316638,0.311562761653929,0.04690375018850973,-0.4555153712757356,-0.35438346852205704
12.549172639846802,5.961768126946077,0.04340206691986016,2.535953191848196,1.1236184363921882,0.3448520605427314,-0.05567981400662912,0.25552199673640114,0.30716679032644933,0.04683890459667571,-0.457495946422354,-0.0990287573309212
12.569116592407227,5.973065279536267,0.046913315179066994,2.5353970112312325,1.1274962265565722,0.34922559629723643,-0.05526147370113238,0.2528939579645574,0.3008217692483954,0.04676163778197527,-0.45775728724879006,-0.013067041321801476
12.58901071548462,6.007042233730544,0.05757825777373763,2.5337589333713884,1.1361057499599112,0.3597264754828502,-0.05389510689993909,0.2493037380488922,0.2965280600450942,0.04665423877023151,-0.4658740101719192,-0.40583614615645747
12.609148263931274,6.02981395954262,0.06483178125743372,2.532690354306715,1.1410541597509074,0.36560987160885644,-0.05296319844453294,0.2455023496756685,0.29172781342962095,0.04653457870194498,-0.4645037299306045,0.0685140120657346
12.629186868667603,6.041257919653857,0.06855254372987188,2.532161688595344,1.1441031303397922,0.3699042913817925,-0.0525383487341963,0.24762755520980664,0.2866081555019298,0.04640416130013139,-0.4699185855366337,-0.2707427803014584
12.649194240570068,6.064189629049222,0.07600758509253226,2.53112019317539,1.149073535798393,0.37558113075474064,-0.05161166677214404,0.24934563553929026,0.28099405225244956,0.04626211102740321,-0.47331945085801186,-0.17004326606890885
12.669175148010254,6.087235465133256,0.08364964975596106,2.5300957311386587,1.1543312703141793,0.3829615078077607,-0.050723187021506244,0.2446222230461929,0.2714597032546807,0.04609700761621825,-0.474776757513113,-0.07286533275505658
12.689060926437378,6.121977220498044,0.095306872909892,2.5285944478564306,1.1617954683260756,0.39236522586713984,-0.04935037440033227,0.2539714528805392,0.2642042047067264,0.04590158725552422,-0.4828336571262093,-0.4028449806548151
12.709079027175903,6.145264515131849,0.10320651215721381,2.5276166071654336,1.166963009531695,0.3975730233520276,-0.04843437885378363,0.26267594229170993,0.2565016787011257,0.045696343611816376,-0.4819981195875176,0.04177687693458498
12.729037523269653,6.168640167687197,0.11127479586258297,2.5266563727059195,1.1717961681186941,0.40427106965271636,-0.047540494240725296,0.2702405770129977,0.2484126924758571,0.0454691805617944,-0.4894889479152189,-0.3745414163850658
12.749083995819092,6.1921306133649265,0.1194093398674819,2.5257146410675975,1.1772716117042508,0.40915499352700196,-0.04663345642606597,0.27720433135471834,0.23991162077047756,0.04523313273538781,-0.49195109874530996,-0.12310754150455239
12.769091129302979,6.203886683164327,0.123554505445548,2.5252503202069163,1.1792308799378413,0.4126913998192579,-0.046190240112088235,0.286576824523711,0.23514188882975764,0.04498958254617973,-0.49230168563176147,-0.01752934432257547
12.789135694503784,6.2393477392688625,0.13608246967632612,2.523885277431138,1.1867117674144292,0.4208018209987457,-0.044829862420943,0.3083189599284998,0.22197636095026926,0.04471625162930822,-0.5018880850549388,-0.4793199711588647
12.809170961380005,6.263145031534929,0.14454201021608792,2.522997604836912,1.1930861830845882,0.42510745387663934,-0.04393833297955904,0.32893637127267816,0.20854272773516555,0.044435460534471644,-0.5005944664243445,0.06468093152971477
12.82912015914917,6.286980126947445,0.15314297024356743,2.5221280839232683,1.1972975407933701,0.43067230595902406,-0.043042790962819474,0.33335815629784654,0.2020901748356966,0.04413406658273323,-0.508882052120831,-0.41437928482432884
12.849199533462524,6.310993017429156,0.16179638055291093,2.521276034495902,1.2040044668522847,0.4346456418636882,-0.04216317826126627,0.3372461281334509,0.1951653747397222,0.04382612245940524,-0.5112298313483223,-0.11738896137456489
12.86911392211914,6.322977315747937,0.166190686723154,2.5208571253844805,1.2053055003061595,0.43764579142284254,-0.04171249096424091,0.33401640832046264,0.19302747534012676,0.043512916480918665,-0.5118715915988004,-0.03208801252390092
12.88903260231018,6.359230874788871,0.17943785234077683,2.5196264792536005,1.2137820445615812,0.44417578237451644,-0.040376861966686536,0.33411370124463713,0.17905940515515564,0.04317084440443488,-0.5221061655354147,-0.5117286968307155
12.909086465835571,6.383573322797582,0.188356241805515,2.5188275531187805,1.220461609828113,0.44761614839083064,-0.0395169090078034,0.33376986989498064,0.16495475738304866,0.04282359852244551,-0.5207605955839631,0.06727849757257598
12.929157733917236,6.395760041320813,0.19286425205645347,2.518434878792521,1.2227947523282559,0.4498882771503552,-0.039084438765199805,0.3273868686064661,0.15946900740514902,0.04247374883422317,-0.5268615057142911,-0.3050455065163993
12.949126243591309,6.420280978323841,0.20189352344295727,2.517661661203678,1.2292770141961458,0.45301909635441145,-0.03823850223449842,0.3208068004391637,0.15353958764083375,0.042119116011560806,-0.5285487824946147,-0.08436383901617717
12.969163179397583,6.444910122449135,0.21103217820412556,2.5169058434236127,1.2352407285352327,0.4572272330185272,-0.037385397805222854,0.31909007115274673,0.15063174386286826,0.04174733637150282,-0.5354536527143887,-0.345243510988702
12.989013433456421,6.482111090725211,0.2248377471791754,2.515803693722648,1.244735591284645,0.46232863099975574,-0.03611897573065255,0.3083665596484484,0.15178480271895742,0.04135002400853093,-0.5418999978279491,-0.3223172556780174
13.009088516235352,6.507066757217183,0.23411471933923056,2.5150895575676646,1.2507950644224235,0.4653701472345656,-0.0352959746128098,0.2975685560241565,0.15225364311308448,0.040949571951261095,-0.5434184027546811,-0.07592024633660266
13.029181480407715,6.519596344701914,0.23878108395481018,2.514738904667826,1.2539278965513059,0.46700233313803774,-0.03488384327549228,0.2912194009675885,0.1521496382793385,0.04054971553272127,-0.5476758040163432,-0.21287006308310374
13.049103021621704,6.5447327116427925,0.24815152121395884,2.514049310944967,1.2596868628882865,0.4700388908192297,-0.03407687138271148,0.28463908177491837,0.15139921537544695,0.040147005261543224,-0.5530128639663379,-0.26685299749973357
13.06916356086731,6.570020904810698,0.2575659356726485,2.5133767859303644,1.2662880610343656,0.4725929223989366,-0.03325190077969053,0.2780925736859651,0.14918909475451025,0.03972925501794542,-0.555568650906209,-0.12778934699355649
13.08905553817749,6.608164385508117,0.27179275762461863,2.512397840903898,1.275432377183982,0.4765170280931034,-0.03204260791281574,0.27226138555751234,0.1451795049166662,0.03928805410208193,-0.5655043558574255,-0.496785247560827
13.10909390449524,6.6337270848399434,0.28135184121967505,2.511764816877186,1.280817337910299,0.4793762658323037,-0.03126126978855189,0.26619603388126134,0.14065996905513334,0.03884554619408524,-0.5645506072527273,0.04768743023491062
13.129077672958374,6.646575558636992,0.28613515796392935,2.511454223665709,1.2841383795928214,0.4802294063476222,-0.030877550760939242,0.25354062912945424,0.13344664024403224,0.038406849182892965,-0.5707541834309118,-0.3101788089092228
13.149127960205078,6.672308191188528,0.295765936704229,2.510844324716826,1.2890827267789517,0.482823237782901,-0.03011381022256744,0.2408960210294638,0.1258777761632815,0.037967021732861955,-0.5725878317058304,-0.09168241374593045
13.169138431549072,6.698191714406921,0.30543687765952715,2.5102496814313056,1.2951624338632568,0.48501923103060013,-0.029357161964528578,0.2266853985216223,0.11511460996794176,0.03751641949513948,-0.5799366188133446,-0.3674393553757094
13.18907642364502,6.73719431334506,0.3200420537521252,2.5093858546723005,1.3031908682847202,0.4884753475732807,-0.028236781898518293,0.21594955187313777,0.10413907619734233,0.03704603018166539,-0.5863644048979917,-0.3213893042323557
13.209142208099365,6.763300602802757,0.32983164669176296,2.508828496890132,1.3074021526531547,0.4904466883860899,-0.02750056365579534,0.20517213853290941,0.09296175032575496,0.036575829785938284,-0.5881686484355435,-0.09021217687759098
13.229065656661987,6.7895585799475855,0.33967073051927515,2.5082850963098853,1.3130759519273116,0.49251403512041986,-0.026790653032803455,0.1868159704223026,0.07968151293975156,0.03609815663348105,-0.5954973466055127,-0.3664349084984586
13.249064683914185,6.815856250350293,0.3495360588534989,2.5077564710695204,1.3166306948843296,0.49397431067021813,-0.026073460970976403,0.16869791327113262,0.06633526903514515,0.03562116719656042,-0.5985819904272973,-0.15423219108923192
13.269178628921509,6.82907851100625,0.3544943971423112,2.507497155008923,1.3195240251386742,0.4949510098422035,-0.025732388840370272,0.15086209693101593,0.05131452804701607,0.035151485519404634,-0.5996669230955254,-0.054246633411403344
13.289005041122437,6.868795513835349,0.3693959532533083,2.5067409847681597,1.3256770278239498,0.4972113342848977,-0.024682830058140533,0.12869803874818125,0.03416416664169432,0.03466405728023366,-0.6108524731573866,-0.5592775030930586
13.309103965759277,6.895333334650098,0.37934587731729086,2.506254228553368,1.3280323892264727,0.4977244309882294,-0.02399441149011893,0.1068986685773338,0.017171826247967033,0.03417803713460025,-0.6092523711767939,0.08000509902963415
13.329028844833374,6.922012450769581,0.3893542633133376,2.5057794882291957,1.3324850655395732,0.4992007459603367,-0.023359366192413758,0.08925015570007941,-0.002652918630296279,0.033688352442272786,-0.6191000057117297,-0.49238172674679337
13.34916090965271,6.948678838400494,0.3993364387147986,2.5053190060186434,1.3340957255992585,0.49895155882233816,-0.022690481234179945,0.0718585455895075,-0.022223548889406797,0.0332004415356919,-0.6203067517484917,-0.060337301838098156
13.369117021560669,6.962090599205749,0.4043671253118894,2.505092417709345,1.3365472116213857,0.49975951789076,-0.022401548386629146,0.05237085567451661,-0.043291930065984204,0.032723077173446025,-0.6228338932144877,-0.12635707329979873
13.389073133468628,7.002284011731353,0.4194012776513173,2.5044347578510755,1.3401336190631858,0.5000647063076716,-0.021432344470797303,0.044884871468132116,-0.059616245767368944,0.032230306236167086,-0.6330358518417158,-0.5100979313614085
13.409153699874878,7.0290951585376495,0.42938956561965574,2.504012524287495,1.3409558769986725,0.49871003509100365,-0.02079264671419432,0.03732953554156923,-0.0758328638239844,0.031739858536389616,-0.632395423746102,0.03202140478069104
13.429083347320557,7.042559765901471,0.43442613095967597,2.5038057565930116,1.3427754205076277,0.4993264576932987,-0.020493238069287552,0.03495777199626616,-0.09050477625921322,0.03125903411762867,-0.6379194955828584,-0.2762035918378203
13.449058055877686,7.069422095265701,0.44439358343953805,2.5034021116973397,1.343448779807511,0.49737004516630673,-0.019872846645623023,0.03233700998833523,-0.10512829028832926,0.03078049019089727,-0.6425139596736096,-0.22972320453755746
13.46910309791565,7.096344443983083,0.4544054142975146,2.5030116427015594,1.345194349817313,0.49716986943824126,-0.019236662495256393,0.03604029035863167,-0.1293594492409837,0.030295571519834984,-0.6459691641520307,-0.1727602239210535
13.489018440246582,7.136718100186682,0.46931422566122816,2.502449717637521,1.3463685561582726,0.4945375636153794,-0.018286670830224606,0.04783653813119348,-0.1581723022189,0.029793805506878965,-0.6556689349079563,-0.4849885377962826
13.509129285812378,7.16365578519338,0.47917145306366404,2.502089909700746,1.3474366143415877,0.49109122754078627,-0.01769578407698081,0.05883766881431526,-0.1863571270862471,0.029295436730934963,-0.6557748170534059,-0.00529410727247992
13.529160499572754,7.177108400525288,0.4841257536205775,2.5019157653275856,1.3472718627200815,0.4905154169194031,-0.017371664228603267,0.05871092798593321,-0.213054563385876,0.028804994981228425,-0.660611919087116,-0.2418551016855064
13.549168586730957,7.204065555113716,0.49389169969291447,2.501574060515545,1.3484420825533492,0.48599209484585326,-0.016800440467877497,0.05825694281647052,-0.23918329013519557,0.028317947400536798,-0.6660787085435103,-0.2733394728197114
13.569123983383179,7.230971235342896,0.5036929806949664,2.5012466756861693,1.3476929722795146,0.4842961238200196,-0.016160801621694743,0.053356130752079324,-0.2606325756359781,0.02782326286480323,-0.6688581498244055,-0.13897206404476226
13.589061260223389,7.271382851832525,0.5181894540149876,2.500777013703704,1.3480653528075175,0.4786316143566748,-0.015254079517501627,0.05117967441712478,-0.2897262045204187,0.02731203574301369,-0.6793706947287532,-0.525627245217386
13.609117269515991,7.298354237815686,0.5277022344753942,2.5004773606660637,1.3490651984805064,0.47255164930489874,-0.014712913182246575,0.048765633654446666,-0.31816102307181143,0.026805354904411213,-0.6792591642505323,0.005576523911043907
13.629086256027222,7.325294311577224,0.5371983793199002,2.500191701913417,1.3487693450647085,0.4687278886607123,-0.014102737867390226,0.04562302114023207,-0.33980139936519105,0.02629308410402075,-0.6880989156847934,-0.4419875717130539
13.649119853973389,7.352278602883561,0.5465035553687553,2.499914871868668,1.3496485991765532,0.4617189964764718,-0.013581957705153698,0.042267166818509144,-0.36101738308497067,0.02578575461010476,-0.6906176671568685,-0.12593757360375157
13.669097661972046,7.365749123888186,0.5511701307607579,2.4997824779849394,1.349151362539333,0.4600010933619034,-0.013267587694511118,0.027541123317851288,-0.3594381446051101,0.025286895908088868,-0.6922940869869905,-0.08382099150610056
13.68900728225708,7.406218290727481,0.5648629680732292,2.4993986898112306,1.34930077821376,0.4506864245439553,-0.012431906212319169,0.003356653364332064,-0.3595750807386435,0.02477346570055897,-0.70411839612124,-0.5912154567124794
13.709113121032715,7.4332033903411565,0.5738047624354756,2.499154972428023,1.3491302340623694,0.44349189121311655,-0.011941525113716423,-0.020328145121634,-0.35991116531902745,0.024265563776818443,-0.7029783290206613,0.057003355028939495
13.729101419448853,7.44669385950191,0.5782354894209915,2.4990382074916035,1.3488002551734135,0.4402094770485797,-0.01166647762639689,-0.04116146014226645,-0.3602957055036752,0.02376848840124552,-0.7089450151964218,-0.2983343087880286
13.74918508529663,7.473660264615354,0.5869675838157863,2.4988095987683345,1.3477722227994196,0.43299799097552455,-0.011196033632472024,-0.06157153034565529,-0.3608870839407232,0.023276808485175233,-0.7133390200476537,-0.21970024256159348
13.769138097763062,7.500673123563226,0.5955242318924819,2.4985919380645067,1.3482403934897975,0.42487701974174913,-0.010695359127412669,-0.07711359176159657,-0.3646653096031514,0.022784127879010393,-0.7182485018758245,-0.24547409140853738
13.789073467254639,7.541145083454153,0.6080685334130354,2.498282422629375,1.3474589745421175,0.4128295388005408,-0.009984742713906874,-0.09612929136299926,-0.3665121404144657,0.02228208945150022,-0.727710945190652,-0.4731221657413798
13.809101104736328,7.5680737887250205,0.6162516921220343,2.4980871510286726,1.3453494555177374,0.4054797427051467,-0.009544070504339398,-0.11475845234157533,-0.3684889166766213,0.02178614453522358,-0.7281973362891998,-0.0243195549273878
13.829177856445312,7.58157269627101,0.6202466881541046,2.4979932975062202,1.34548164008227,0.40060789138970654,-0.009319832411582182,-0.1340970350317928,-0.3685481757945029,0.02130332190191648,-0.7330466060061003,-0.24246348584502364
13.849624156951904,7.635374193659939,0.6359108526388099,2.497638494616857,1.3421551162540424,0.3842332254506812,-0.008448154080582668,-0.15081108122072379,-0.3662647095658192,0.020801895160664788,-0.7463012009241989,-0.662729745904933
13.869132280349731,7.662186036474563,0.6435224025559373,2.4974736588174724,1.3389745821511698,0.37692845438693534,-0.008037075188550818,-0.1671860441752872,-0.3642582010262916,0.020307095311082934,-0.7436284835328433,0.13363586956778306
13.88904619216919,7.675609339600012,0.6472239180494894,2.497392779609448,1.3384161177676106,0.3719532238217534,-0.00788437397349764,-0.17469445130038147,-0.3522693806001315,0.01982979914097467,-0.750795898100379,-0.35837072837678896
13.909151554107666,7.702342224417741,0.6545932928519411,2.4972390265827675,1.3348474637330523,0.3650218867821366,-0.007492498851264919,-0.1821645253664893,-0.340980112385153,0.019358751538511763,-0.7527622142031798,-0.0983158051400368
13.929162979125977,7.715726289913684,0.6581621786435693,2.497163864007482,1.3343052568950315,0.3597965844341128,-0.007336519264695074,-0.17694873295891425,-0.33523110659509303,0.018903561506067527,-0.7562524432253452,-0.17451145110827238
13.949041604995728,7.74237733270003,0.6652914206173995,2.497020884284587,1.330815055386686,0.3531449959149201,-0.006962950600179472,-0.17213854387786592,-0.33001608530202986,0.018454288317089805,-0.761714210910637,-0.2730883842645859
13.969120025634766,7.768991923076156,0.6721611828512969,2.4968841816423573,1.3281110137161827,0.34337042024261266,-0.006627446268926019,-0.16500051699007226,-0.3292903859567419,0.0180103495158662,-0.7656765705584148,-0.1981179823888901
13.989032983779907,7.808745349990716,0.6822372627768614,2.496692755602427,1.3227291683727875,0.33126545087202214,-0.006109861830542184,-0.15678240079626043,-0.33695166123474346,0.017562946664105007,-0.7748574842822205,-0.45904568619028474
14.009090662002563,7.835169099302696,0.6887946668247984,2.496574041437859,1.319671463083236,0.32444915844101424,-0.005763025348935037,-0.1490722086611218,-0.3446902643257297,0.01712172922805406,-0.7751028348802862,-0.012267529903287056
14.02907109260559,7.861473461583285,0.6951367291496512,2.4964609922804426,1.315212640942813,0.3157089391157736,-0.00545601647051578,-0.14020328330346632,-0.34649824411366764,0.016686714967011716,-0.7833169330139049,-0.4107049066809365
14.049171209335327,7.8877502374482855,0.7013814743708336,2.4963551806003603,1.312492674830464,0.30875866656028356,-0.0051265811175777555,-0.13188437724826063,-0.34857309833541045,0.016257840373681578,-0.7843231677571874,-0.05031173716412152
14.069207906723022,7.900814838405759,0.70442616556288,2.4963043553232542,1.3096718620047259,0.3045664809666773,-0.004978640076140102,-0.12727519316391242,-0.3480935112828115,0.0158426814718878,-0.7878793468944156,-0.17780895686141385
14.089148759841919,7.939986855784441,0.7133871388031404,2.4961624068165116,1.3041434721660914,0.2935955528167348,-0.004498509763757726,-0.12501074003779267,-0.3447237126910198,0.01542334923537488,-0.7967405090975754,-0.44305811015799
14.109205722808838,7.966044857145309,0.7191903091562073,2.4960754936432883,1.3016630878758482,0.28673134382787213,-0.004194184839002771,-0.1230834703364186,-0.3417652054475739,0.015010164420847108,-0.7971417583175624,-0.020062460999348275
14.12921142578125,7.979001917620782,0.7220170419211189,2.496034194370522,1.2989620248723743,0.28261925331500887,-0.004052711007789399,-0.1183973666322578,-0.3434588336700489,0.014610142266569492,-0.801043088706118,-0.19506651942777786
14.14909029006958,8.004957770027847,0.7276006098450238,2.4959560358044186,1.2966374373484681,0.2757310645735128,-0.0037644594450215525,-0.1141308126765749,-0.3454011098731859,0.014215988915032337,-0.8057424436589913,-0.23496774764366624
14.169178247451782,8.030792581954637,0.7330073447623962,2.4958837911805802,1.292500061066448,0.26789994306949916,-0.0034774277333612822,-0.11238261533754015,-0.34331272330693624,0.013825805428132828,-0.8094802378181187,-0.1868897079563725
14.189053773880005,8.0694713692218,0.7408724471896437,2.4957861818829006,1.287850807097279,0.25709521107632516,-0.0030510896357315537,-0.11064321877398588,-0.3457833628887436,0.013432133299329118,-0.8178870876704876,-0.4203424926184418
14.209128618240356,8.095206356566662,0.7459450198305126,2.4957278205794804,1.2856526534010138,0.25015313941153977,-0.0027863324706734476,-0.10922533477712047,-0.3484573783563603,0.01304460325764921,-0.8185594311991053,-0.03361717643088902
14.229146003723145,8.120838433066176,0.7508663719722278,2.4956751507324073,1.2820179949459225,0.24285321267118817,-0.002519044030139656,-0.10903654528618824,-0.3571766143541203,0.012661571428630275,-0.8256185448165527,-0.35295568087236884
14.249164581298828,8.146456985373641,0.7556514202168562,2.495627276937082,1.279837009069927,0.235622588013941,-0.002269591865826016,-0.10910449748975176,-0.3658837268778551,0.012284661632935949,-0.8276792703633746,-0.10303627734109533
14.26914381980896,8.15921989389875,0.7579954065678121,2.4956056751323707,1.2779073743783633,0.2321438676889975,-0.0021360598835292554,-0.10903104344175654,-0.36737976453220417,0.011919255286633861,-0.8296178870330335,-0.0969308334829444
14.289020776748657,8.197486021927567,0.7648139280372832,2.4955481128802877,1.2739554056479556,0.22173146533913274,-0.0017482923358663252,-0.11737109945211092,-0.36076042062977387,0.011550230418175565,-0.8390799004492044,-0.4731006708085461
14.309126138687134,8.222941095435742,0.7691768214628576,2.4955154327853495,1.2715238540853266,0.21457827260162107,-0.0015209267720388098,-0.12579838237372812,-0.3546416850828692,0.011187345405090218,-0.8388725572492457,0.010367159997937136
14.329095125198364,8.235640021576675,0.7713159804690772,2.495501342938479,1.269922831549022,0.21136752313234178,-0.0013983430697034364,-0.13615192372240667,-0.34927802716598244,0.010835848961008934,-0.8427312419389934,-0.19293423448738523
14.349116563796997,8.261010558221185,0.7754738095490803,2.4954755201084176,1.2670963639643442,0.20443170995202697,-0.0011850919693574017,-0.14649258436910456,-0.3443803872999632,0.010490238316386721,-0.8469891379441843,-0.21289480025954433
14.369061470031738,8.286347195255068,0.7794801976121154,2.4954548402278673,1.2647589136191506,0.1971902892294669,-0.0009551170304373022,-0.15613389820389761,-0.3413015031661082,0.010148555543840308,-0.8508210814523411,-0.1915971754078427
14.389020681381226,8.324251758954397,0.7852259252916469,2.4954314361939662,1.2609268358131824,0.18650331251116306,-0.0006337232032290143,-0.16541913393922314,-0.33917982372304306,0.00980512312818203,-0.8586251438229642,-0.39020311853115164
14.409100770950317,8.349436593129477,0.7888882777483531,2.4954207001626423,1.2575256515819517,0.17973772329664947,-0.0004410044855444571,-0.1746981467183606,-0.3374426814014292,0.009467755391111396,-0.8594870821978375,-0.043096918743668056
14.429044723510742,8.374605778309704,0.7923979641450313,2.4954143449357997,1.2553142917992544,0.17259529212259392,-0.0002419294986282551,-0.1833761272849425,-0.33491162247576145,0.00913559934175758,-0.8660030295039167,-0.3257973653039592
14.449130773544312,8.399674810788246,0.7957830359694579,2.495411311622001,1.2515600566167984,0.1659189680805389,-6.248908782829896e-05,-0.19204594092832047,-0.3327881881307719,0.008809436564611665,-0.8678793246243566,-0.09381475602199263
14.469106197357178,8.412217957071023,0.7974201170974214,2.495411635478639,1.2506307052482133,0.16246543283988424,3.728301867496421e-05,-0.19939957827562152,-0.33008534438163734,0.008494039143091143,-0.8699144151322349,-0.1017545253939156
14.489073991775513,8.44968817115534,0.8021402317138002,2.4954175109151366,1.2457608510783356,0.15243535647443443,0.00031604797707831714,-0.20559298073965293,-0.3272274650198296,0.00817728279398509,-0.8786536548304609,-0.43696198491129934
14.509111404418945,8.474561854154745,0.8051236588161343,2.4954254465104384,1.241586636086798,0.14591521308252758,0.00047647542842385826,-0.21183678698102623,-0.32486953517685063,0.007866444583588171,-0.8786209166034142,0.0016369113523317935
14.529158353805542,8.487002037300549,0.8065608370329226,2.495430979197039,1.240407174477205,0.14251304130677125,0.000561512191067407,-0.21722539199690036,-0.3235017956509774,0.007566462386909519,-0.8821027087265421,-0.17408960615639124
14.549134254455566,8.524151020350631,0.810683154157927,2.4954517637261557,1.2348312241541366,0.1326220198245885,0.0008012860304186415,-0.22123307439956943,-0.32056378025920135,0.0072663062554564695,-0.8895084153242299,-0.37028532988439
14.569117546081543,8.548803125307987,0.8132716512912848,2.495469222987423,1.2303655315325281,0.12623573248840791,0.0009436588742671896,-0.22535505219165108,-0.318151946303722,0.006971938787542496,-0.8904151188195901,-0.045335174768013076
14.588993787765503,8.573405228912181,0.8157236490018448,2.495490088806998,1.2267552099713732,0.11964983072603123,0.0010954658673887076,-0.23441378939968324,-0.3181647223562073,0.0066829643677712965,-0.896373532188905,-0.2979206684657454
14.609136819839478,8.597892850487154,0.8180529942688589,2.4955133157371616,1.2219770216658585,0.11328348603692033,0.0012262828717593576,-0.24339154803790258,-0.31852760543318237,0.006399680362137209,-0.8983584791969199,-0.09924735040074406
14.629119396209717,8.61012311958013,0.8191674666214447,2.4955264573952296,1.22011851482484,0.11006623697070421,0.00130386029856808,-0.25168152716408587,-0.3152534221642069,0.006126208668339632,-0.9000580898068171,-0.08498053049486032
14.64915919303894,8.634474604591711,0.8213059333910304,2.4955537418840366,1.215002598743944,0.10378965340633285,0.001423695157678651,-0.25989780548898217,-0.3124892612800601,0.005858180549191682,-0.905167824464344,-0.25548673287634216
14.66906452178955,8.658769878032624,0.8233198312785723,2.4955849639790935,1.2109102899129742,0.09758998054140472,0.001578274225369043,-0.26974549375811047,-0.3078054356887018,0.005593733119625721,-0.9077345035952202,-0.12833395654381352
14.689026355743408,8.695008649328058,0.826106722199332,2.4956358159514505,1.2037079942924491,0.08833151443089018,0.0017723657847497777,-0.27530054240949553,-0.3019896561812596,0.00532918820495385,-0.9153082737772289,-0.3786885091004333
14.70910382270813,8.719027377954303,0.8278133118558629,2.4956723117447446,1.19814629762306,0.08234481348355341,0.0018763501243401494,-0.28087173987954306,-0.2967808231483169,0.005070161274138554,-0.9158455324507604,-0.026862933676574663
14.729143381118774,8.731021207105407,0.8286164637058203,2.495691908188711,1.1959940341687447,0.07927971305595036,0.0019386448808227377,-0.2905414395584185,-0.28897289696447237,0.004820614097823457,-0.9184803320329946,-0.13173997911171131
14.749027490615845,8.75488234279854,0.830144749993076,2.4957316288364897,1.190087831831787,0.07357268524165796,0.002032605639086857,-0.30005245504946626,-0.2818418569781813,0.004576335910163037,-0.922513967549432,-0.2016817758218714
14.769119501113892,8.778664746435126,0.8315363263020743,2.495773939621254,1.185070163528097,0.0673941701965557,0.0021416314754243737,-0.30429556975793026,-0.2734679784748125,0.0043370913993024405,-0.9257981026314681,-0.1642067541018033
14.78900408744812,8.81410428672283,0.8334141516410922,2.495840764159324,1.1766211120150967,0.058626192927802634,0.002287731249190336,-0.3042983477569193,-0.2691355609840014,0.00409895899806869,-0.9324345194686767,-0.3318208418604307
14.80917501449585,8.837575839380243,0.8345331076600746,2.495887322962859,1.1705334972345802,0.05328188427416027,0.002367372790005807,-0.3044952480089586,-0.265392816531018,0.003866063904364301,-0.9334186870633987,-0.049208379736098706
14.829123258590698,8.849279452061527,0.8350352398962938,2.495911518202584,1.1678683521734001,0.050192218406806904,0.0024117235504761683,-0.30210837900413084,-0.25945747383851053,0.0036423951907496996,-0.935580365446167,-0.10808391913841309
14.849245548248291,8.8725765418373,0.8359875556779107,2.495960466490986,1.1618476024310125,0.045056963439720966,0.0024823763458301255,-0.3000152026245096,-0.25417620182176165,0.003423711245837118,-0.9396381425410101,-0.2028888547421559
14.869126558303833,8.895750782324825,0.8368131309166343,2.4960112694424574,1.155668675482262,0.03940461616214851,0.002560613276246296,-0.30653478363719017,-0.24922042865008462,0.0032105156877140577,-0.9426425142517396,-0.15021858553647682
14.889101505279541,8.930272811539375,0.8378675115961507,2.4960896948366416,1.146127018318328,0.03131784350119487,0.002659835950056194,-0.31433843653550064,-0.270281661414684,0.002999666517049449,-0.9490630364162915,-0.3210261082275956
14.909108638763428,8.953131973543204,0.838438425767068,2.4961434776766205,1.1397638068136389,0.02570454937899275,0.002717761481420771,-0.32195104638185257,-0.29098896542453456,0.0027936957999464126,-0.9502207500333975,-0.05788568085529633
14.929083824157715,8.964508328686057,0.838685023173626,2.496170883031409,1.1363558354053152,0.022782433328316882,0.002746265159990848,-0.3284154863833275,-0.3138990989789976,0.0025965257853274686,-0.952074646312743,-0.09269481396727564
14.949141025543213,8.987169339162122,0.8390763868493243,2.496226314726903,1.129724185135779,0.0162790435411164,0.002796262588986188,-0.33472363445961695,-0.33636636907920603,0.0024039849171851643,-0.9566366565108764,-0.2281005099066702
14.96913743019104,9.009712259547513,0.8394283402537778,2.4962842206438527,1.1234985233378532,0.011979569980969154,0.002883818684007338,-0.3278212019943525,-0.34394125038235035,0.0022148279929500433,-0.9587587537504745,-0.10610486197990543
14.989022493362427,9.043275423624854,0.8397181219463867,2.496373471034424,1.1137601643919017,0.003986473293963445,0.0029991878473736165,-0.3318231547668218,-0.3552726759132436,0.0020253999522896774,-0.9656351949648556,-0.34382206071905674
15.00908088684082,9.06548399495185,0.839726042063122,2.4964338474759877,1.1070835931650527,-0.00323219116857405,0.003037840405049879,-0.33583568905514993,-0.36659150760058007,0.001840627987406935,-0.966916570626867,-0.06406878310056818
15.029109716415405,9.087552533896858,0.8396978294509425,2.4964969921254574,1.1002876162935173,-0.008132600354659575,0.0031205961715754967,-0.3261905188352888,-0.39880714960843067,0.0016591003074390293,-0.9712904666196795,-0.21869479964062855
15.049062728881836,9.109493666231371,0.8394533093751995,2.4965597239964383,1.0938561106267437,-0.016424058368422683,0.0031520011019305983,-0.31704237625890375,-0.430202628332782,0.0014821521545997547,-0.974412861371849,-0.1561197376084733
15.06910252571106,9.120402531096872,0.8393406800043853,2.4965924041172864,1.0902744726162075,-0.018768322200129715,0.0031966175149599546,-0.3157665351259138,-0.44753724754859936,0.0013114674332841687,-0.9748703900992761,-0.02287643637135517
15.089011907577515,9.152939441033555,0.8386815236959394,2.4966904452542984,1.080011408337468,-0.0293234511551469,0.0032796630269614157,-0.3104113465104391,-0.46323759444912954,0.0011413108782148658,-0.983710543602585,-0.4420076751654456
15.109189510345459,9.17447792371639,0.8380013722945158,2.496756255656966,1.0738533645881263,-0.03874323527103221,0.0033008249448692384,-0.30545986413216314,-0.47870149706009535,0.0009756216609849175,-0.9842866521581386,-0.02880542777767836
15.129096746444702,9.18517235714736,0.8376851265034242,2.4967905975927573,1.0700233432340651,-0.04099863110480643,0.0033442902607341536,-0.30001274186780147,-0.49748078057511513,0.0008156974703223225,-0.9861877694894678,-0.09505586656646248
15.149077892303467,9.206513162320537,0.8367644240524115,2.496857636091016,1.06407384832109,-0.0511329942019654,0.003359040808134046,-0.2950103696482571,-0.5158948862283257,0.0006600696289853695,-0.9917704729291099,-0.27913517198210336
15.169177770614624,9.227686558195716,0.83578503971557,2.49692723250101,1.0569928165926246,-0.0579535854245818,0.0034287637633523926,-0.28967508401855174,-0.5315262917593498,0.0005069048355730133,-0.9939416465973405,-0.10855868341153041
15.189099788665771,9.259234600945867,0.8338896992496163,2.497031853655813,1.0474785287601047,-0.07179065801639957,0.0034869195259315776,-0.28124046628161,-0.5573595876750488,0.000354717903846251,-1.0026025543476487,-0.4330453875154072
15.20912218093872,9.280128455342911,0.8323407243560146,2.497101653058522,1.0419330039928874,-0.08319078480202434,0.003492527728076408,-0.27341241346818496,-0.5825457237096201,0.00020681205914194236,-1.004157397546971,-0.077742159966121
15.229099988937378,9.290502819666646,0.8315506048214758,2.4971377878392906,1.0383443392462068,-0.08716863775456714,0.003524922730632055,-0.26860530918871073,-0.6022813801457475,6.449187968344732e-05,-1.0059047383887432,-0.08736704208860413
15.249122381210327,9.311216282406534,0.8296854821556939,2.4972082899099686,1.033016397668683,-0.09940794423224257,0.00352482362968625,-0.26426632226193775,-0.6215760605108057,-7.372108899184065e-05,-1.0123923430903368,-0.32438023507967984
15.269104719161987,9.331766772214127,0.8277083111893268,2.497281097323743,1.0262974690533704,-0.10855183527731939,0.0035836274129051227,-0.26700519486501517,-0.6313226997668656,-0.00020969167103017028,-1.0148698694661458,-0.12387631879045014
15.288991689682007,9.36240823647302,0.8242429823290988,2.497390531312596,1.0175309565970674,-0.1254782671419543,0.00363479977809616,-0.2680892680413607,-0.6416752903035525,-0.0003452926150377846,-1.0245372844540572,-0.483370749395573
15.309161901473999,9.382705150912928,0.8216043998787338,2.4974631494151036,1.012155904836214,-0.13841394521388448,0.003626572150855279,-0.26946395802932316,-0.6518654945081204,-0.0004767898852581466,-1.0262064218278995,-0.08345686869211111
15.328980207443237,9.392799484899536,0.8202348953806239,2.4975009357984645,1.009007565907326,-0.1437498252079588,0.003661058912567535,-0.2800338031526516,-0.665204213254983,-0.0006036441463437248,-1.0284025891035498,-0.10980836378251535
15.349077701568604,9.412922930256618,0.8172259830458902,2.4975740279888816,1.0033021005186893,-0.15718492094450073,0.00364775045785833,-0.29049459479777423,-0.6782580511682839,-0.0007265462552909638,-1.035177531148805,-0.3387471022627597
15.369103908538818,9.432943419864824,0.8139980188466316,2.4976485569053763,0.9978969156424948,-0.16969744074676438,0.0036751535614638338,-0.29093778762153477,-0.700733323081397,-0.0008459741751943144,-1.0389206633366816,-0.18715660939383483
15.389009475708008,9.46277422196503,0.808622063470095,2.497759666890606,0.9898657525346168,-0.18996047139528327,0.003685851709098921,-0.2922266329223477,-0.7145468086725313,-0.0009633912015270951,-1.0452883818530045,-0.3183859258161448
15.409106731414795,9.482512995673288,0.8046790452901638,2.4978331836111685,0.9840066507370154,-0.20438595962311604,0.0036654417653307473,-0.293716846906427,-0.7279307879010014,-0.0010769664697841284,-1.0502838080004255,-0.24977130737104947
15.429059743881226,9.492359885526877,0.8026255638629534,2.4978716495705457,0.9816053134009353,-0.21096404345845465,0.0037074681693762845,-0.30210452912005314,-0.7333912821452593,-0.0011872755600549046,-1.0468517355097524,0.17160362453365607
15.449414491653442,9.51193101621357,0.7982592485904058,2.497945554311587,0.9754800963426244,-0.22568516026281937,0.0036826506652120577,-0.3104022142137016,-0.7386942419849892,-0.0012938571203271636,-1.058871324612444,-0.600979455134576
15.469125032424927,9.531414698186177,0.7936354497623583,2.4980213507877855,0.9701394914225862,-0.23950499285803958,0.003706589801194019,-0.31841334508419417,-0.7280370243009411,-0.0013975731457653347,-1.055575376333076,0.1647974139683983
15.489026069641113,9.560408498061497,0.7861141387465556,2.4981308188643023,0.9615188971243869,-0.2617098796042595,0.0036325469400812103,-0.3207241130755334,-0.7331216469395281,-0.0014946917090825633,-1.0681291056376567,-0.6276864652290381
15.509103059768677,9.579574570318567,0.7807329853122349,2.4982031645642917,0.9550801729620089,-0.27642191559858753,0.003601710918429348,-0.32317076159065167,-0.738057195989589,-0.001588334504726474,-1.0695964798191318,-0.07336870907375115
15.533484697341919,9.5891418040948,0.7778994367909933,2.4982366874982964,0.9527107441288624,-0.2847920197561627,0.0035108215874611166,-0.33063443989239494,-0.7427986499274754,-0.0016711921969663156,-1.069626785874938,-0.0015153027903114236
15.549143552780151,9.608129398085548,0.7720547282644199,2.4983065643237303,0.9460240141937907,-0.29969412526616646,0.003476595144763374,-0.3380266704664517,-0.7473863792023361,-0.0017509361503278962,-1.0796515392683133,-0.5012376696687637
15.569167613983154,9.627033542358939,0.7658619327106154,2.498372236464558,0.9404162199299099,-0.3157157975189446,0.0033585081227429114,-0.35462186567463794,-0.7293652787985834,-0.001820013333667965,-1.0792875900453378,0.018197461148772298
15.589065790176392,9.655127182198212,0.7560219391508142,2.498470482144776,0.9308083050943458,-0.33860272131909247,0.003256832431582651,-0.373291696560801,-0.7059019810326593,-0.001882195467053328,-1.0907289126874904,-0.5720661321076292
15.609154224395752,9.67366747293544,0.7491102284975787,2.498535238338081,0.9231603750569761,-0.3524927985615426,0.003218588227034975,-0.391409869073196,-0.683238186751656,-0.0019417975578189023,-1.093331770404177,-0.13014288583432787
15.629128694534302,9.682927934787672,0.745485270233681,2.498565081849336,0.9204177694949064,-0.3612307022219328,0.003128284360369837,-0.4188895710368633,-0.6802719092085528,-0.0019925239992930077,-1.0931169721218366,0.010739914117019467
15.64915657043457,9.701250726325005,0.7381247999836128,2.498627245764043,0.9117728497372674,-0.3748064070236509,0.003087945613617508,-0.4454500993179438,-0.6772971852365094,-0.002040973499304046,-1.0992079384108457,-0.30454831445045905
15.66910719871521,9.719523149322152,0.7303424797639247,2.498683037189549,0.905883205306425,-0.39207555024230406,0.002906428775713935,-0.47282961150148606,-0.6743715699642798,-0.0020762718618214226,-1.1065481689063494,-0.36701152477518484
15.68911862373352,9.746591115128176,0.7181906552066782,2.4987661110960047,0.894559746667504,-0.41474030281527097,0.0027565816184162628,-0.4877249374522065,-0.6759221958331929,-0.002102909572926062,-1.1138352185734925,-0.3643524833571554
15.709128141403198,9.764383795943239,0.709760569446603,2.498820820450146,0.8846602739615302,-0.42827290215220676,0.0027142702962687825,-0.502143291356365,-0.677310916369847,-0.0021279597457811183,-1.119799742637352,-0.298226203192975
15.729180335998535,9.773298045825225,0.7053808406778285,2.4988463026584102,0.8821917469689805,-0.4368243971673461,0.002650626598743775,-0.5081947888897177,-0.6802487732659723,-0.0021477635462429333,-1.117670177335551,0.10647826509004865
15.749183416366577,9.790839845724268,0.6965081167271048,2.498898884387606,0.8719685606099292,-0.4504571514305647,0.0026074849785030175,-0.5140995120476898,-0.6829948655927388,-0.0021661665397468615,-1.1256432162011114,-0.3986519432780167
15.769155979156494,9.808292098120639,0.6873045132245504,2.4989497526276145,0.8644855587177391,-0.46560646337874273,0.002542016839610266,-0.5103420856607156,-0.6967151844639411,-0.002180411873316689,-1.1315903256669806,-0.2973554732934591
15.789064168930054,9.825479977612611,0.6778521542491788,2.499000155995088,0.8543139996515174,-0.47967330363740185,0.0024982765984118676,-0.50685927012222,-0.7098761319891889,-0.00219340493673787,-1.1350581815836978,-0.17339279583585832
15.809173583984375,9.842515746062961,0.668098354053853,2.499048634534728,0.8454340960650716,-0.4942975958697421,0.0024326038078552933,-0.49124194043803215,-0.7177692558290695,-0.0022024672699744847,-1.1438944817173708,-0.4418150066836546
15.829218626022339,9.859324547627903,0.6580735293979897,2.499097056933392,0.8356762801787224,-0.508538452917257,0.0023960752108621772,-0.4719754068148964,-0.7240506738366002,-0.002210291485177969,-1.145846017965074,-0.09757681238515836
15.84906268119812,9.884147851341815,0.6425068465949766,2.4991680177130067,0.8206750855784529,-0.5298078323710661,0.0023318025430135777,-0.4464096977327786,-0.7229623312907387,-0.0022159071011387415,-1.157462963979277,-0.5808473007101522
15.869182109832764,9.900473717895377,0.6317661713332268,2.4992142102593173,0.8119929556160627,-0.5442559795465894,0.0022874367790374868,-0.42199370347876053,-0.7218480517586826,-0.0022205000602897773,-1.1616901002094573,-0.21135681150901142
15.889081954956055,9.916524739217225,0.6207531436451286,2.499257748560262,0.8009320711739274,-0.5583513701051898,0.0021890673968864233,-0.40606418387053217,-0.7261519705375232,-0.002219423888147917,-1.166914991551058,-0.2612445670800323
15.909097671508789,9.932463189049278,0.6094406101547994,2.4993010861364566,0.792963300493565,-0.572915577378002,0.002144696556843752,-0.39094746861520036,-0.7302315407006749,-0.0022175238277922327,-1.174700745136815,-0.389287679287853
15.929125785827637,9.940277552946075,0.6036799321594194,2.4993201030028827,0.7863997267683908,-0.5801229764778489,0.0020566056108882597,-0.38208588612140526,-0.7360211586607732,-0.0022102203664961157,-1.1727310047169746,0.09848702099202189
15.94913649559021,9.955929693851251,0.5919298977125375,2.4993607935895428,0.7788420907400844,-0.5948987490973267,0.0020124795031968177,-0.373767666737069,-0.7415054759818094,-0.0022022861193398686,-1.1808054699692483,-0.40372326261368663
15.96911334991455,9.971280469590157,0.5799037984349139,2.499396810260685,0.7677030663718073,-0.6092132086138234,0.0018682965607949625,-0.3668803578706325,-0.74401891390367,-0.0021863234779597885,-1.1879664810687482,-0.35805055497499794
15.98913025856018,9.994066832582211,0.5613133149147977,2.499448836615857,0.7545528168992796,-0.6308501709203912,0.001720726487816817,-0.35538747613961374,-0.7328197774293055,-0.002163527132366034,-1.1967594132848292,-0.4396466108040453
16.00914716720581,10.009087549486408,0.5485504774263961,2.499482819966813,0.7475553109677537,-0.645397360390637,0.0016776850514647625,-0.3444561259685334,-0.7219544473561024,-0.0021405941079327513,-1.2023763203388542,-0.2808453527012533
16.031001329421997,10.016480266448879,0.5420713607238892,2.4994978396350396,0.742380103839816,-0.6522267210441614,0.0016083796482777761,-0.32924004927023026,-0.7084805002089026,-0.0021146442735626037,-1.2013247452426508,0.052578754810173045
16.04987406730652,10.045802853078962,0.5153846039842038,2.4995569968583333,0.7266245286545808,-0.6813440426477538,0.0014318880464681619,-0.31485386683032535,-0.7027851666132122,-0.0020807812934753455,-1.219338079372259,-0.900666706480413
16.06907892227173,10.060273296480972,0.5016175395894125,2.4995852207087688,0.7204654044858066,-0.6953438247491166,0.001390609089048004,-0.3011758373620492,-0.697213513193261,-0.0020471537124383808,-1.2196823104474,-0.017211553757046083
16.08904719352722,10.067399147154449,0.4946030309985252,2.499592725345804,0.7156954841975705,-0.7030472584089876,0.0011888316412696999,-0.2953426798886438,-0.6957480624936333,-0.0020025917015011386,-1.2216633108174864,-0.09905001850432082
16.10911202430725,10.08165435736186,0.4804030350409507,2.4996161044008933,0.7098436615918134,-0.716947377378253,0.0011492203963304598,-0.2899050799808973,-0.6942600699256575,-0.001958633023561394,-1.2300608547403056,-0.41987719614096086
16.129210948944092,10.088674007875392,0.4731744420853488,2.499623021212381,0.7051884586719682,-0.7245504167999972,0.001006036776025154,-0.28523677175681655,-0.6928668777974233,-0.0019081018431848149,-1.2278539184169035,0.11034681617010378
16.14903688430786,10.102721023706128,0.4585449544658588,2.4996427636547702,0.699527540208966,-0.7383936202848708,0.0009683731359668171,-0.2809119561579441,-0.691449416731809,-0.001858399804960046,-1.234726949503615,-0.3436515543355778
16.16916847229004,10.116585136940166,0.44361969080102115,2.49965775675927,0.6922552431914484,-0.752643579392895,0.0008340750683428291,-0.2785486675692024,-0.6895199874618081,-0.0018033355901607183,-1.2411934286709374,-0.3233239583661174
16.18904185295105,10.1372030581426,0.42072557841671177,2.4996802660388755,0.6832097382031229,-0.7734436225916635,0.0007365426207873012,-0.2817924705809707,-0.6883617316321547,-0.0017456966966858006,-1.2483682948116654,-0.3587433070364021
16.20913052558899,10.15081067616532,0.40511911495159797,2.499694651538631,0.6775411188109474,-0.7871985890031089,0.0007021957613896241,-0.2850760359599451,-0.687121268727516,-0.0016891745262895515,-1.2537952343716694,-0.2713469780001976
16.229016304016113,10.157564944754656,0.397209929484779,2.499701309087518,0.6745027936001922,-0.7941531071329795,0.0006779470718025943,-0.2879087589439262,-0.6875741140090494,-0.0016344539794224508,-1.252292981268012,0.07511265518287402
16.249150276184082,10.170997227499749,0.3811893296649272,2.4997145447326496,0.6687158704243892,-0.8079078960304037,0.0006457962781070322,-0.2907918903751173,-0.6878804931600059,-0.0015808028140111,-1.258528739401609,-0.3117879066798501
16.26913285255432,10.184332039886002,0.3648908398379597,2.4997273338538193,0.663483903704321,-0.8217016453298275,0.0006233626041703996,-0.2825563776948844,-0.6856290859446266,-0.0015291108812087663,-1.264132017267158,-0.28016389327745195
16.28904914855957,10.204126614701014,0.3399329824145831,2.499746549674045,0.6555660716001297,-0.842168292130932,0.000614306570406283,-0.27264949121948046,-0.6795220277603373,-0.0014801527880000075,-1.2708117009572222,-0.333984184503211
16.3091082572937,10.21718403963271,0.32295411558166875,2.4997585429913376,0.6502076435322955,-0.8556982820478345,0.0005851851943175313,-0.2632827912595995,-0.6734892801932245,-0.0014321419952501259,-1.2760310086256887,-0.2609653834233283
16.329137325286865,10.22368269807267,0.3143657178411677,2.499765858304037,0.6479387822035205,-0.8621912028265084,0.0006137362108352199,-0.2509348239677209,-0.6512706237615254,-0.0013888165036898847,-1.2741529448633586,0.09390318811650644
16.34904193878174,10.242999930841043,0.288190678080145,2.499784610055026,0.6403268766742534,-0.8820539872040787,0.0005990811732009824,-0.2309632842433336,-0.6287488203656475,-0.0013474203367907307,-1.2837762359425038,-0.48116455395725843
16.36907720565796,10.255761559261325,0.2704253187828901,2.4997963249161224,0.6358993497963062,-0.894408949534496,0.0005725403904283682,-0.2119477547893765,-0.6068508107871545,-0.0013067840374163659,-1.2867456152620873,-0.14846896597917603
16.3890597820282,10.26840451097819,0.25235699195888195,2.499806469557352,0.6309415725550007,-0.9078522211532157,0.0005159055029198299,-0.1912086548228468,-0.5746290046227627,-0.0012651049745170733,-1.289982514772876,-0.161844975539438
16.409124851226807,10.28098643293441,0.23408712400170145,2.499816537384894,0.6273164011035672,-0.9190302208628475,0.0004910135098261283,-0.1714750372219335,-0.5433227288502276,-0.0012242273037255402,-1.2951091303693492,-0.2563307798236547
16.429227590560913,10.2872120769247,0.22480152726315716,2.4998198379785532,0.6246507530400149,-0.9262065884669329,0.0004332780737641205,-0.15170169229845687,-0.5162360800810172,-0.0011820569505441199,-1.2935981182111664,0.07555060790913615
16.449063301086426,10.30582570205687,0.19667900441730873,2.499829865814177,0.618660150427868,-0.944484277916525,0.0003268253084934985,-0.12693175771008366,-0.49462412576347053,-0.0011356790053914335,-1.3014215958523176,-0.39117388205756054
16.469055891036987,10.318175108001528,0.17769180118390104,2.499836178226189,0.616358881614113,-0.9541662451143367,0.0003045671423925488,-0.1034002251919962,-0.4736839036420965,-0.0010903039505283374,-1.3033737709669628,-0.09760875573225913
16.48908495903015,10.330393634809454,0.158375379719238,2.4998369727882,0.6122435486905642,-0.9668136398611983,0.00015941946441737232,-0.08074736920798942,-0.44463990265817555,-0.0010383591164779798,-1.3062420617723598,-0.14341454026984835
16.509135961532593,10.342623807549153,0.138952073224876,2.499839956907549,0.6108453116131003,-0.9754229909390257,0.00013916155187635527,-0.059271222195884515,-0.4164341610740748,-0.000987634484231288,-1.3096659535773467,-0.17119459024934613
16.529130220413208,10.348665298366006,0.12909562084308096,2.4998392159520932,0.6086876072551406,-0.9816566576914793,7.192158770183051e-05,-0.029507285237898497,-0.3889158370979366,-0.0009355847093758744,-1.3083761362475146,0.06449086649160662
16.54912281036377,10.360835057646778,0.10938649799852371,2.499840470673417,0.6083824981561635,-0.9891666334082193,5.3719818355909485e-05,-0.0012537659799429569,-0.3622176805755414,-0.0008848023886933841,-1.3096121046942968,-0.061798422339109926
16.569098949432373,10.372872996594781,0.08937802475584321,2.4998389535573082,0.6053373278740405,-1.000002266258258,-2.3729926221773296e-05,0.02994208872682659,-0.334295715914054,-0.0008320613005643237,-1.3149501566502217,-0.26690259779624803
16.58910369873047,10.390952113280848,0.05912718990102206,2.4998363277928854,0.603833941076894,-1.012705931797598,-9.178698180962933e-05,0.06581685715240138,-0.3132949197465619,-0.0007776861590524873,-1.3159442168096276,-0.049703007970292035
16.609062433242798,10.403044254064007,0.03881178142775454,2.4998343400704397,0.6054935268405953,-1.0187669702114768,-0.00010680871126532964,0.09983413758906641,-0.2929112130808929,-0.0007247204586454764,-1.3181282845009554,-0.109203384566392
16.62915349006653,10.40901332280882,0.028528938914386872,2.4998321839746085,0.6041227890033919,-1.0236849815172513,-0.000141401379813162,0.12537226719410682,-0.2612783016638498,-0.0006726736175668215,-1.316645830490236,0.07412270053597236
16.64909338951111,10.42112248134632,0.008005044710608663,2.499829224812894,0.6068732516390556,-1.0286021759163446,-0.00015434590767312228,0.14942865870636599,-0.23059924450657207,-0.0006220081791880388,-1.315916721850499,0.0364554319868482
16.66909623146057,10.433117304615859,-0.012743322659474868,2.499826315460732,0.6055841963858124,-1.0362203446522749,-0.0001541322103313156,0.14812656762179305,-0.20015469012405054,-0.0005743234617516643,-1.320448329036212,-0.22658035928564413
16.689038515090942,10.45127153801477,-0.0440045218170342,2.4998225992403253,0.6078508598889709,-1.044331616132184,-0.00013695609769159392,0.14755157105216693,-0.16489864460643244,-0.0005300907008178874,-1.318983339217635,0.07324949092883948
16.709157943725586,10.463458010305299,-0.0649218401434458,2.499819756989161,0.6107933290199513,-1.0472864689931465,-0.00014712556515446295,0.14663961432232803,-0.1307741778353191,-0.0004870543839078121,-1.3209349665027026,-0.09758136425337405
16.729125022888184,10.469544367204193,-0.075476198258089,2.4998197677413705,0.6114205264541394,-1.0505491984785003,-0.00010756230023867294,0.13324929852798553,-0.11124583315965271,-0.00044913662173174805,-1.3182695572709724,0.1332704615865099
16.749043464660645,10.487966174078938,-0.10713217365362113,2.4998181474070873,0.615822452141682,-1.056303509536614,-6.871666479066983e-05,0.10402626481619875,-0.10136403728584155,-0.00041559739451587643,-1.3184845077897638,-0.010747525939569513
16.769126653671265,10.500301522661719,-0.1282778714652332,2.4998166921448104,0.6176178243169679,-1.0582342378349185,-7.670079106582073e-05,0.07565156343361139,-0.0917538599058367,-0.0003829656711934659,-1.319976165911405,-0.07458290608206575
16.789053678512573,10.512781438108963,-0.14953360047406983,2.4998182801637983,0.621942709576544,-1.0617208512446588,-2.862654153199445e-06,0.04899794870612442,-0.09101711300679281,-0.0003570394495889817,-1.3169720003839513,0.15020827637268752
16.809171676635742,10.525228355367183,-0.170786168513158,2.499818153196607,0.6226628589926285,-1.063533278189576,-9.749949534573178e-06,0.023150622490081322,-0.09021479984587744,-0.0003318047205479618,-1.3203127852161796,-0.16703924161141082
16.829188108444214,10.5315794215564,-0.1814248265221971,2.499820342152054,0.6261749396109885,-1.0641661179579789,5.309880222790286e-05,-0.009416173438752106,-0.0718034873795442,-0.00031214571218064286,-1.3152101355711379,0.25513248225208507
16.849117755889893,10.550522116176502,-0.21335767000790634,2.499823887018969,0.6303475129214414,-1.065471642568339,0.00010266586575456622,-0.03203459839177578,-0.05466337124130155,-0.0002967553627320798,-1.3155994691883448,-0.019466680860347196
16.86911678314209,10.563121178488213,-0.23467692191541495,2.499825881992058,0.6294851122062609,-1.0663983485124762,9.688146775312139e-05,-0.05411650106854412,-0.038103360915727004,-0.0002817479219389129,-1.3179366258539194,-0.11685783327872734
16.889127731323242,10.575941438177365,-0.25597631933187065,2.4998307433429603,0.6342036264961752,-1.0661583481378036,0.00016604858433413012,-0.08055298686557341,-0.020288109125757833,-0.0002721641014951965,-1.3135413177804818,0.2197654036718788
16.9091477394104,10.588607672063379,-0.2773023875826715,2.4998340105103005,0.6323339295468609,-1.0663911794710585,0.00016069940015805268,-0.10630287416215618,-0.003098749797477847,-0.0002627889166279025,-1.3182355007340054,-0.234709147676182
16.92914319038391,10.595079144150388,-0.2879562550144106,2.4998373347048672,0.6353862834975432,-1.0659925747650532,0.00020797941943703614,-0.1351859623959244,0.013650734395045576,-0.00025705188306661674,-1.3124584474304504,0.2888526651777523
16.94912314414978,10.607757945832633,-0.30927229030453685,2.4998414432607223,0.6324001869531725,-1.065557157725612,0.00020289498142348638,-0.16329542943058534,0.029789805235423347,-0.0002514072551974558,-1.3146626369894614,-0.11020947795055136
16.969073057174683,10.620632524731157,-0.3305854097222791,2.499847618495297,0.6354554440151149,-1.0650021554400662,0.00025168567640887544,-0.1833244683313547,0.04797579422141535,-0.00024935180988461665,-1.3143240999417372,0.016926852386212055
16.989003658294678,10.639776745890945,-0.36251621368708326,2.4998570398538984,0.6343877652172109,-1.0636053684103428,0.0003023444934600201,-0.20531815731781156,0.0487115662643598,-0.0002509036264258673,-1.3141328211663796,0.009563938767875868
17.009082794189453,10.652421996217992,-0.38377853350975905,2.4998630364665244,0.6300656131756706,-1.0626244156129476,0.000297312058003316,-0.2268145236865696,0.04937104976052403,-0.0002523169996875545,-1.3177206080805335,-0.17938934570769227
17.029183387756348,10.658847981364175,-0.3943853742582054,2.4998686312785017,0.6314070708804013,-1.061717706815506,0.00037106413220930925,-0.2556947538828792,0.03423978043823071,-0.00025842442362802035,-1.3129518647265255,0.23843716770040047
17.0490562915802,10.677810913983722,-0.4261729970676142,2.4998822270297985,0.6273819112028809,-1.059354132456955,0.00043631790139398954,-0.28022205934681477,0.01912868032352256,-0.0002687685613642595,-1.3156390337715602,-0.13435845225173715
17.06909680366516,10.690300902940912,-0.447357237856397,2.4998908989659445,0.6215372442794627,-1.0591187506580777,0.0004308426595440639,-0.30414421913637,0.004487314470662428,-0.0002786847266253786,-1.3187870437113043,-0.15740049698720338
17.08901309967041,10.702845074515995,-0.46841253566891067,2.4999035253928654,0.6195706415245327,-1.0558478129251223,0.0005283913060856384,-0.32756289397935984,-0.006263248951146111,-0.00029446742195084685,-1.3159578975610016,0.14145730751513597
17.109108924865723,10.71516944575909,-0.489531440685482,2.4999140333040866,0.612790566753639,-1.0560771533984907,0.0005223492544246081,-0.3503378068543315,-0.01660273955413281,-0.00030963600444996564,-1.322009997889308,-0.3026050164153249
17.129133701324463,10.721379786739664,-0.49998890510311284,2.4999221473171795,0.6119027231639419,-1.0533975053234672,0.0006024595300291735,-0.3733887041704532,-0.03207749636156707,-0.00032907744126247035,-1.3166205045871777,0.2694746651065172
17.149840593338013,10.745703425138368,-0.5419799080623354,2.4999500206993357,0.6002806128009883,-1.0505556253695312,0.000687732185216984,-0.3991912730859503,-0.04414777500673463,-0.0003537798487101204,-1.3235398467871402,-0.3459671099981243
17.16912055015564,10.757627517956879,-0.5630006342911901,2.499963702986744,0.5920452560703592,-1.0515558662475746,0.0006804173091663981,-0.42421529810011127,-0.05580848046780035,-0.0003775539608733397,-1.3262240223763677,-0.13420877946137555
17.189234972000122,10.763589225946694,-0.5734199847631243,2.4999728111754287,0.5893430507120718,-1.049313016181447,0.000743950591611192,-0.4486888518784671,-0.05644241085141735,-0.00040400685813344516,-1.3231621458423022,0.15309382670327665
17.209163188934326,10.775284756929453,-0.5944175762097402,2.499987607672874,0.5801310858645362,-1.050448266871989,0.000735614338367856,-0.47237749845227384,-0.05708392976177716,-0.0004294514137835196,-1.3305803223361852,-0.37090882469414943
17.229135751724243,10.781131777562786,-0.604830534405317,2.4999978022728953,0.5772342340025602,-1.0483698206174346,0.0008131101273384093,-0.48559336437827194,-0.057520650612909834,-0.00045836407729432643,-1.3256466227682115,0.2466849783986813
17.249011754989624,10.798297166365014,-0.6362335058267181,2.5000242508481563,0.5644279810484233,-1.0480490603915948,0.0007987817458767054,-0.496323843137789,-0.060939515439137774,-0.008445336199953642,-1.3325491741795292,-0.34512757056588406
17.269076108932495,10.809485776993952,-0.6572068889265588,2.5000380194450553,0.5543993858828183,-1.0492997187187034,0.0005524193453457387,-0.5064327694680302,-0.06408032303284032,-0.01614297435744453,-1.3361959986816037,-0.18234122510372153
17.288999319076538,10.820522260473362,-0.6781185021099734,2.5000570688558716,0.5454463509036335,-1.0483827846324054,0.0005462832552821226,-0.5015565208530043,-0.05662761591468269,-0.01533795579780321,-1.3367884640244956,-0.029623267144596177
17.30907893180847,10.831331207257453,-0.6990970011164014,2.5000649796514005,0.5354649795473374,-1.049443248055878,0.0002474166920376822,-0.49656095315109955,-0.04946717748031006,-0.014551834331942116,-1.3430495263075044,-0.3130531141504411
17.32915949821472,10.836655518020809,-0.7095551562363545,2.500075136964956,0.5302138215914332,-1.0489328888091785,0.0003357113302856665,-0.502809655321942,-0.057214702783682736,-0.013817016581860702,-1.3401597245196917,0.14449008939063646
17.349052667617798,10.852298238994932,-0.7410254374234331,2.5000815362772726,0.5139748073100485,-1.0498919917178955,-7.026230387011897e-06,-0.5097454772776192,-0.04648006400239324,-0.013099049002014002,-1.348160232058384,-0.4000253769346207
17.36903953552246,10.862475339201225,-0.76203186741133,2.5000788229510658,0.5037131284067582,-1.0507158767254177,-0.0002619701723865782,-0.5163710140569314,-0.03594094430093439,-0.012398180768272472,-1.351562218252476,-0.17009930970459664
17.389009952545166,10.872376427368613,-0.7830414717024256,2.500070813769895,0.4915365770067076,-1.0513854061942773,-0.000515818588877269,-0.5295746360071016,-0.05445172141037933,-0.01172167825030159,-1.3543232522644422,-0.1380517005983073
17.409101247787476,10.882100385357118,-0.8040812700491221,2.500058197342358,0.4808166490184682,-1.0526538568036183,-0.000743623764711693,-0.5423465514933647,-0.07228036230930286,-0.011061555454775178,-1.3602224920334578,-0.2949619884507815
17.429221868515015,10.886844876735497,-0.8146074415577557,2.500049658783634,0.4743951110914634,-1.0530986721831233,-0.0008633260631924733,-0.5383268060104713,-0.05615216369233915,-0.010432089677793792,-1.3584872388494795,0.08676265919891346
17.449138164520264,10.896225374817368,-0.8356795958870963,2.500030347035235,0.46366764635878865,-1.0540647086258945,-0.0010658020567406706,-0.534441994787385,-0.04053643467179605,-0.009818071074564444,-1.3627918934321452,-0.21523272913328562
17.469138145446777,10.905343543251195,-0.8567461613935716,2.500005542203544,0.4514671528467233,-1.0541119400090853,-0.0012990586591567958,-0.5618674778940922,-0.003042635878823661,-0.009224483341550054,-1.3686419765090858,-0.29250415384702855
17.48903179168701,10.918598934780263,-0.888406451295014,2.499960086493387,0.4333714474055093,-1.055241477205506,-0.0016381571921617753,-0.5932978762560884,0.007024216050689615,-0.008638963953259566,-1.3745554078046744,-0.2956715647794317
17.50909686088562,10.927145665478935,-0.9095092250372694,2.4999256338482767,0.42120062752932363,-1.0550036830660006,-0.0018052050565006733,-0.6235965715035181,0.016688477934247697,-0.008068282691518625,-1.3798685637816703,-0.26565779884979435
17.529064178466797,10.93131086603562,-0.9201205322551202,2.4999053009371774,0.4142607903937938,-1.0565380145301893,-0.0019329329465428689,-0.6603246950930995,0.027348404072596852,-0.0075226569466421925,-1.37916565219503,0.035145579332018784
17.549203157424927,10.93946163837128,-0.9412451341723914,2.499865173417679,0.4006986757540148,-1.055888106371706,-0.002078047131348232,-0.695655192823614,0.03756973634760651,-0.0069910929177348455,-1.3844542620777576,-0.26443049413638064
17.56922221183777,10.947411944072126,-0.9624668832384699,2.499820897411869,0.3886137168988775,-1.0578654587003895,-0.002239408071386827,-0.7230505888166635,0.04206452980459884,-0.0064795608223181065,-1.3905824963416245,-0.30641171319334415
17.58900213241577,10.958828329584717,-0.9942425344241872,2.499751859142128,0.3692569467954215,-1.0581930572985472,-0.002396070886045838,-0.7282861783243412,0.04707350906961085,-0.005982594248902758,-1.3974766599637642,-0.34470818110698964
17.60910391807556,10.966067477727142,-1.0153966566444463,2.4997027736754345,0.3546414458680563,-1.057203114327621,-0.0025108632452791415,-0.7332127136916474,0.051888665199663446,-0.005498830495852218,-1.4040137531700885,-0.32685466031621146
17.629202127456665,10.96963686814725,-1.0260047772310568,2.4996792839936597,0.3489744732155209,-1.0576766972693836,-0.0025094351327732962,-0.7277286663415927,0.06175805738865334,-0.00504350587033048,-1.4023705641822217,0.08215944939333752
17.64906597137451,10.979796917093918,-1.0577429306771715,2.499601931965431,0.32765530489170813,-1.056819871169096,-0.0026541806316069173,-0.7166312350273105,0.064399906265961,-0.00460030545020025,-1.4133097890223025,-0.5469612420040404
17.66912579536438,10.986207422624085,-1.0788662779589047,2.4995479572317043,0.3134312977615771,-1.0555064477228007,-0.00274185579284158,-0.7058162903145003,0.06692271381376211,-0.004169218814575739,-1.4185631841558939,-0.2626697566795677
17.68905234336853,10.992286490500485,-1.1000102686887818,2.499488926197243,0.29809786806379146,-1.055263972055975,-0.0029117307289001095,-0.6874160390912143,0.0748306990223592,-0.00375171705443845,-1.4236705062523702,-0.2553661048238176
17.709100008010864,10.998112169838771,-1.1211000656203107,2.499429968487746,0.2845299686876372,-1.0536900822093795,-0.0029826874869687096,-0.6694450906235969,0.08252239715359705,-0.0033458947980676786,-1.430710856188813,-0.35201749682214345
17.729048490524292,11.000854132018123,-1.1316613880493964,2.4993969739897817,0.2758745820675567,-1.0537279384618135,-0.0030988885179601446,-0.6616255316835143,0.07577561238343039,-0.002956552670743872,-1.4311423237490053,-0.021573378009609456
17.749048233032227,11.0062398160368,-1.1527212266008386,2.4993344303070066,0.26271963046421304,-1.0522774158147963,-0.003154219097564937,-0.6538823269267358,0.0693258037516964,-0.0025783520624534343,-1.4367450573461196,-0.28013667985571367
17.769212245941162,11.011224608448819,-1.1737816196902948,2.49926496462157,0.2463497385068171,-1.05138326960801,-0.0033526159007252854,-0.6350393331422846,0.08398348913084631,-0.002208781680477565,-1.4457885328632996,-0.4521737758589994
17.789003372192383,11.018239230453847,-1.2052885588422635,2.4991588451445867,0.224770029707928,-1.048810707964311,-0.0035454652830556547,-0.6286776429469471,0.10333425169194772,-0.0018429114298525967,-1.4546344789958816,-0.4422973066291025
17.80917453765869,11.02260931829018,-1.2262428525200855,2.499087591101638,0.21225987003937982,-1.0465565812608173,-0.003578755811595628,-0.6223428108277325,0.1219579626684762,-0.001487949355513787,-1.4604953896074937,-0.29304553058060456
17.82916021347046,11.024615747528625,-1.2367158987364437,2.499047132296334,0.2035754572800005,-1.0456396266663721,-0.0037233715366753665,-0.6288544385082057,0.13555158304042045,-0.001144852302900183,-1.4620132657086717,-0.07589380505890198
17.849019289016724,11.030366769290026,-1.268066887764875,2.498930346595767,0.1826648530010212,-1.0426769003165381,-0.0038823251462379673,-0.628915377399244,0.15192954883621726,-0.000805877257249682,-1.4734140689716693,-0.5700401631498764
17.869110107421875,11.03389430061008,-1.288888976025497,2.498852560988195,0.17008949935416087,-1.039479198398362,-0.003895140807942937,-0.6285493826003841,0.16774784990040528,-0.0004774343698764808,-1.4790845785651685,-0.283525479674962
17.889009952545166,11.037091985897318,-1.3097182229727438,2.4987693137616542,0.15572849397122693,-1.03782686968576,-0.004029160754258066,-0.6158851097404353,0.18587930986942114,-0.00015884109529738948,-1.485384102244542,-0.3149761839686738
17.909167766571045,11.040084224041669,-1.330436413081095,2.4986887195077045,0.14353760047816294,-1.0339341883975002,-0.004029236622491732,-0.603201142539947,0.20326527676803366,0.00014956630348876917,-1.492437643835085,-0.35267707952715277
17.92924404144287,11.04144641230985,-1.3408157547692985,2.4986465027528055,0.1363621798599144,-1.0330894834643745,-0.004078755123022194,-0.5924141271861553,0.2309063460822936,0.00044252450605201043,-1.49362174766028,-0.05920519125974799
17.949389934539795,11.045211571677289,-1.371770142244698,2.498522441468633,0.11680713347505665,-1.0278848102496876,-0.0041177084103245455,-0.6033778781235289,0.2505623742199167,0.0007266249724457901,-1.505400744094446,-0.5889498217082956
17.969093084335327,11.047426351325807,-1.392276450113053,2.4984402510892783,0.10463717803238422,-1.0226827558885123,-0.0041004142174902525,-0.6134740830053428,0.2695287013258783,0.001001219097664355,-1.5117561395988215,-0.31776977521877914
17.989005088806152,11.049338628917381,-1.4127738393636964,2.4983546327498134,0.09124743171829726,-1.0197133481773812,-0.004167946901669449,-0.5910726186840829,0.2728331619894605,0.001264717881745457,-1.5185671694220249,-0.34055149116016814
18.00910711288452,11.05104683449967,-1.433113325908664,2.4982715438657577,0.07964633579924922,-1.0142247251476781,-0.004140093537577804,-0.569109771092505,0.27600752727065403,0.0015191095640216734,-1.5260668145638334,-0.3749822570904282
18.029181957244873,11.0517927982595,-1.4432957497775487,2.4982298637425755,0.07325723883387202,-1.0129336943052636,-0.004131033753453624,-0.5756380553491518,0.2779985503405178,0.0017572574983607504,-1.5277850136016746,-0.0859099518920603
18.048990726470947,11.05369430650264,-1.4735875479757485,2.498106233082155,0.0550196357112294,-1.0053094955822393,-0.004090877200709899,-0.5687762298250494,0.28470384725295006,0.001984393162634391,-1.5402203456060541,-0.6217666002189759
18.069172143936157,11.054681402480677,-1.4936363628176184,2.4980248271435226,0.04371290459550092,-0.9995504844686824,-0.00404898720637084,-0.5618934992119838,0.29115512805801075,0.0022032316488691146,-1.5474045878206142,-0.3592121107280022
18.089093923568726,11.055401841054426,-1.5135811446503544,2.4979423455085783,0.031420608819525284,-0.9940704701637807,-0.004053304037583768,-0.5655269432558186,0.2812412115888414,0.0024099684403377356,-1.5550836693575332,-0.3839540768459493
18.10910415649414,11.055916923875719,-1.5334069524996392,2.497861774810459,0.02007677705972758,-0.9885424135896714,-0.004003102841799226,-0.5687959015373628,0.2716115017241826,0.002608849793121115,-1.5637666821248017,-0.4341506383634286
18.129040479660034,11.056073872341965,-1.5432685874842764,2.4978210794507776,0.014041913772833016,-0.9854909375720906,-0.003996288949475626,-0.5619894101110924,0.2718341159857486,0.0027947057902573077,-1.5666951339353425,-0.14642259052704
18.14969491958618,11.056185438209006,-1.582419117494507,2.4976631125392452,-0.008374184910763346,-0.9732454087084729,-0.0038894826155528215,-0.5555279252349508,0.2792599434144229,0.0029691578030557244,-1.5855588830468315,-0.9431874555744457
18.169216871261597,11.055907279431949,-1.6018276986236213,2.497585927992463,-0.019420172079467536,-0.9675892824175852,-0.0038284142597380354,-0.5490717202732628,0.2862865611015784,0.0031365001180691655,-1.5945018510621511,-0.4471484007659843
18.189040422439575,11.055689402210023,-1.611457429844551,2.497544791881261,-0.024728185643315127,-0.9637740583447044,-0.003885896564732964,-0.539729390958523,0.2933990037660378,0.0032966791095258843,-1.5984550347567192,-0.19765918472840482
18.209171295166016,11.05508750977807,-1.6306737768971395,2.497467743623034,-0.0354302936528173,-0.9578382597354714,-0.003818418045691192,-0.530500209460766,0.3001152409949657,0.0034500442104177034,-1.6089460456012454,-0.5245505422263097
18.229115962982178,11.054701567327,-1.6402208321240064,2.4974288748254247,-0.04064579419455285,-0.9543658083753853,-0.0036077450727191383,-0.5006714551464936,0.30216845297597933,0.02756902854932618,-1.6136597034038584,-0.2356828901306507
18.24906015396118,11.053225450121847,-1.6687075678773018,2.497317133936163,-0.05655087270813256,-0.9450159475349048,-0.003289058123383519,-0.4926403609600977,0.3072603623149561,0.026425370679120656,-1.6304502387549182,-0.8395267675529894
18.269110679626465,11.051996443573877,-1.6875461079708958,2.497256562831373,-0.06632277463858403,-0.9388219324927419,-0.002771782829025537,-0.4845381620575375,0.31209921101149657,0.025306224804547313,-1.640843045333869,-0.5196403289475349
18.289024353027344,11.050516527800509,-1.706242640245344,2.4971847461783803,-0.07733753743980581,-0.9321074308912205,-0.0027671163507733284,-0.47637852383574647,0.31574761370153787,0.024251744080744226,-1.6516156185313675,-0.538628659874929
18.309162378311157,11.048875047855477,-1.7248214080637478,2.49713418503336,-0.08678309028550363,-0.9257579850127508,-0.00229243772613919,-0.46816852138859,0.31915744041765876,0.023219868058183,-1.6608356958557482,-0.4610038662190341
18.32901692390442,11.047956210105271,-1.7340497009712263,2.4971082416605177,-0.09223216083920294,-0.9221379769271599,-0.0021784858251700356,-0.4695300381134356,0.3241700978367461,0.022239376277300906,-1.6648235875213175,-0.19939458327846715
18.349111557006836,11.04496177583593,-1.7615578956171711,2.4970532148679307,-0.10677467889281347,-0.91216737221922,-0.0015063014016808206,-0.47442434122868604,0.3194001358442024,0.02126927559070158,-1.6783718132766632,-0.6774112877672822
18.369102001190186,11.042731087894664,-1.7797376822940902,2.497027279083084,-0.1163093120943489,-0.905827279289144,-0.001090440082275148,-0.47898347013091047,0.3146049983224557,0.02032037242191902,-1.6863553213812787,-0.3991754052307783
18.38906717300415,11.040323159428986,-1.797766688429856,2.4970104407235247,-0.12534249371506942,-0.8988727149344548,-0.0006609919293741261,-0.46573524518161485,0.31500873695562676,0.019398249920683175,-1.6929599232200223,-0.3302300919371781
18.40907049179077,11.037724030413363,-1.8156811213692632,2.4970010400854687,-0.13452726617190677,-0.8925697194631911,-0.00028207735036833405,-0.45279269175282255,0.3152666244293706,0.01849660438562808,-1.7011446163573098,-0.40923465686437677
18.42916488647461,11.036371961255325,-1.8245669507460178,2.4970017758038554,-0.1386717344746111,-0.8887414430684331,-2.9491042422793058e-05,-0.45894923100389917,0.3135938938769149,0.017629917008422206,-1.702235445877489,-0.05454147600896242
18.449718475341797,11.030464562059171,-1.859829576402907,2.4970203115926934,-0.15676826891010506,-0.8753520431710825,0.0009752078647384154,-0.45137902077043107,0.3071976419336098,0.037518172977105795,-1.718142268842083,-0.7953411482297001
18.469170570373535,11.027239430123815,-1.8772755962490129,2.497048604115923,-0.16571938732012004,-0.869270736106363,0.00191759966774152,-0.4437178705894106,0.3009592103635504,0.0565848983927805,-1.7235954718278386,-0.2726601492877734
18.489071130752563,11.025567553523778,-1.885928633525249,2.4970638512872125,-0.16991549873252146,-0.8655976427785121,0.0022615853759511252,-0.44049722241681966,0.29540922246843376,0.05358640694926788,-1.7243488470663557,-0.03766876192585755
18.509150981903076,11.022081368435638,-1.903181870696794,2.4971196039600727,-0.17869163471863425,-0.8597443188643921,0.0033039254979776752,-0.43708466889372427,0.2899358599782933,0.05065947132055508,-1.7325840736641052,-0.41176132988747227
18.52912402153015,11.020275781932076,-1.9117308902096304,2.4971405838300913,-0.18290532029839823,-0.8558129598475269,0.0034038338200946074,-0.4307625245350441,0.2977403812430044,0.047895203202844606,-1.732426651632887,0.007871101560907867
18.5490505695343,11.014601835416984,-1.9372419131492302,2.497263720839469,-0.19529974076132262,-0.846107008114866,0.004817156725586213,-0.39118402960810644,0.2940560986264546,0.04518180257474839,-1.7417884897940472,-0.4680919080580104
18.56907892227173,11.010620198161021,-1.9541054868512537,2.4973689227546525,-0.2027349993588163,-0.8402625858830157,0.005694210715158448,-0.35248824629918224,0.2903889546916777,0.0425345680829001,-1.7464579678547993,-0.2334739030376065
18.589046716690063,11.006459872967062,-1.9708225261281902,2.4974964988892263,-0.2109434882528659,-0.8336583047345606,0.006659779518215171,-0.359074030261262,0.29680095897606606,0.03997674306705293,-1.750208677953757,-0.18753550494787774
18.609148740768433,11.002168767142772,-1.9874359250136293,2.4976375224869605,-0.2181878621938964,-0.8276615714381262,0.007434265898997824,-0.36530450796868635,0.3028047539968809,0.03748242534615908,-1.7560097781556059,-0.2900550100924493
18.629071950912476,10.99991721925567,-1.9956852520726474,2.497718306830161,-0.2231911346424185,-0.8242224570567785,0.007919657448357537,-0.3571350155809462,0.3134571250733948,0.0351012596554882,-1.756005778372336,0.0001999891634962836
18.649072408676147,10.993037509318087,-2.0202780892497882,2.497978696392281,-0.23447096239755713,-0.8149778234567249,0.009154884163931913,-0.3495784180762548,0.322836922770665,0.03275787525744681,-1.7633256147256238,-0.3659918176643906
18.669100284576416,10.988278679064006,-2.0365124725645876,2.498168192423952,-0.24138681461211242,-0.8084305435577257,0.00978710736502065,-0.3420039182690387,0.3318263276000641,0.03047437346093779,-1.7676565456139826,-0.2165465444179393
18.68905782699585,10.98584244416294,-2.04459839858273,2.498274517857411,-0.24487818070919834,-0.8055930549336354,0.010269887687899723,-0.3361076439952378,0.3383476762719161,0.028292280032168906,-1.7661985641161397,0.07289907489214098
18.7090482711792,10.980878055526468,-2.0606421707402975,2.498485431435537,-0.2515408013785991,-0.7987634449955583,0.01081438562212486,-0.33014320469514896,0.34456247424054504,0.026166919360530286,-1.7729462145548047,-0.33738252193324936
18.72901749610901,10.975777166630165,-2.076596864367847,2.4987197730188284,-0.25820267805301816,-0.7930141041622959,0.0116397294256942,-0.3256491005674906,0.35347050823919146,0.024108612383495664,-1.7733595105999354,-0.020664802256531445
18.74908208847046,10.967882123527811,-2.100260840093386,2.499087429586351,-0.2679436974733792,-0.7832054452127234,0.01256233294290213,-0.3138227718258257,0.3699811779870537,0.02208759322317807,-1.778658966821014,-0.2649728110539318
18.76912832260132,10.962461260085702,-2.115849888615131,2.499342961754023,-0.27410411509287835,-0.7756468051960763,0.01298432847793861,-0.3022632341882335,0.38576184545841957,0.0201209796738733,-1.782877734336061,-0.2109383757523453
18.789063692092896,10.956907928542284,-2.1313443175743636,2.4996164789739006,-0.2804073349720729,-0.7693251234600768,0.013614146628148393,-0.296241433501339,0.40149004401953475,0.018224500579017467,-1.7834326611879625,-0.027746342595080797
18.80912160873413,10.95124093576884,-2.1466495117851703,2.499892282988564,-0.28627181935337465,-0.7611444192558267,0.01396010724329246,-0.2902045375603223,0.4164537034947844,0.016380212796721506,-1.7891246190794226,-0.2845978945730021
18.82916808128357,10.948352282809955,-2.1542931719659872,2.5000387080745394,-0.2894704515977906,-0.7583930641995162,0.014279239291680273,-0.28874209245635246,0.4291194496769054,0.01462323815804425,-1.7860094952553038,0.15575619120593576
18.84900665283203,10.939531140252237,-2.176918494727097,2.50048037835471,-0.29846466546135997,-0.7473425530063676,0.014893436711779543,-0.3081717454995479,0.4376732276977262,0.01290497214628556,-1.7916783830262317,-0.2834443885463944
18.86913514137268,10.933498964037137,-2.19177727739771,2.500780715983804,-0.3048146099053227,-0.7385096308700249,0.015134761830447567,-0.32666809125319723,0.44549834340489025,0.011235653125348778,-1.7959958837412127,-0.21587503574904687
18.889034509658813,10.930454164933456,-2.199195941097609,2.500937898183802,-0.3076007460112551,-0.7355756876020382,0.015383204349266438,-0.3444861331138294,0.45060889516336206,0.009648436132191225,-1.7927308275517713,0.16325280947206977
18.909271240234375,10.924232109711545,-2.213817023583646,2.5012473884603095,-0.31466118841280327,-0.7265176030410316,0.015560686793626708,-0.3614099848587797,0.4550964232666997,0.008107475291479841,-1.8008962332977716,-0.4082702873000166
18.929052591323853,10.91797704146764,-2.2283245904940947,2.501569818047881,-0.31894786736201103,-0.7190009481114686,0.015949026759738777,-0.35327348858464935,0.46156242643903267,0.006627430199883601,-1.7979603124291041,0.1467960434333726
18.949079275131226,10.90832888012278,-2.2497156050104397,2.5020565719110195,-0.32727487347351836,-0.7058666537750593,0.016285548099078225,-0.3455347761948004,0.4721961770995432,0.0051877662528477045,-1.80333043538567,-0.26850614782829574
18.969053506851196,10.90171479152359,-2.2637378232543512,2.5023832266347914,-0.33410819687738863,-0.6963219424007423,0.016375270915095056,-0.337797914003799,0.48216477669051316,0.0037917492285807,-1.808133804341478,-0.24016844779040092
18.98904800415039,10.895031248644166,-2.2776047385460223,2.502717712011729,-0.3395785412940717,-0.6875421375970514,0.01659189302654197,-0.36452873391295126,0.4910462104399483,0.0024594738156621175,-1.8073838426046005,0.03749808684387901
19.00915503501892,10.888165051435351,-2.2912568265734468,2.503049955027553,-0.3471261946046526,-0.6776401619193537,0.01662810601378338,-0.39003348565005924,0.4989973939124309,0.0011687033953456738,-1.815243452992287,-0.39298051938432277
19.029096126556396,10.884704302551842,-2.2980355326393354,2.5032195154004855,-0.35029625582178314,-0.6733563113074206,0.016721522514553337,-0.4098768516835622,0.5066908744631279,-5.102920256101354e-05,-1.8104773118162365,0.23830705880252268
19.049060583114624,10.874086234040512,-2.3180377986621137,2.503724947277905,-0.36054812357679394,-0.6589328383649153,0.01681834397912716,-0.42790296930646343,0.5131091513061092,-0.0012294003396057993,-1.81809399423129,-0.3808341207526711
19.069100379943848,10.866788535997546,-2.3311134499513075,2.5040609916401575,-0.3692786554741634,-0.6486138396304154,0.016782292193040105,-0.4449955853912261,0.5186446380465835,-0.00236942356800172,-1.8233119134594435,-0.2608959614076811
19.089048862457275,10.863162096461416,-2.3375941107381073,2.5042318882741488,-0.37132253159034523,-0.6439931525661402,0.01684076625405147,-0.46112481995086574,0.5180233538873167,-0.003444521013521027,-1.8186196260528025,0.23461437033205357
19.109091997146606,10.855642389607528,-2.3503704427004313,2.504567944829886,-0.380698987961064,-0.6336442542920556,0.016761426002631603,-0.47637524866783637,0.5167603285128615,-0.004483523064476745,-1.8295417282279494,-0.5461051087573443
19.12919783592224,10.848090327618335,-2.3629544350708263,2.5049081112112925,-0.3864199402471717,-0.6236501634529728,0.01680426464192316,-0.4872492877715829,0.5106079789122401,-0.00546766188768712,-1.825928511082246,0.18066085728516423
19.14907693862915,10.836364369386114,-2.381422942043892,2.505411700253432,-0.3986892713813154,-0.6080636210897079,0.01668629278183652,-0.49385264824407316,0.4997835645017102,-0.0064090906334908476,-1.8344640002608616,-0.4267744589307787
19.169198513031006,10.828291399744913,-2.393484992145471,2.505744083196591,-0.4086279376886702,-0.5981783190668634,0.016548974427719503,-0.4999262443694907,0.48870465084086867,-0.007317229080711666,-1.8393846027854077,-0.24603012622730347
19.189024448394775,10.824238978112048,-2.399414695707194,2.5059100605517677,-0.4120363250458363,-0.5925994537497377,0.016490568771893116,-0.5045427808363119,0.47319816235732104,-0.008165764913741977,-1.8355176995510658,0.1933451617170956
19.209105253219604,10.815897059145996,-2.4111730803230444,2.5062381837664716,-0.4221693721924718,-0.583290788980899,0.01631902816061904,-0.5086830735039598,0.457663853869675,-0.008983132462778423,-1.8405616521029224,-0.2521976275928317
19.22917914390564,10.8074149013965,-2.422659646238561,2.5065635806801163,-0.43083514949069757,-0.5719588958819398,0.01614826120399355,-0.5091660074586278,0.446127599976025,-0.009744028012744313,-1.846611366931283,-0.30248574141802376
19.249071836471558,10.794285309690057,-2.4395442924458366,2.5070431057138474,-0.44544116465864003,-0.5565366523668386,0.015834415399811168,-0.5096400659335812,0.4389710794242863,-0.010460708826905332,-1.8509472348972889,-0.21679339830029676
19.269150257110596,10.785274544027335,-2.450587724262032,2.507357655510338,-0.455635834137455,-0.5478314406655408,0.015618269086895918,-0.5097699009575193,0.4314977472867365,-0.011149263223010313,-1.8566578247435448,-0.2855294923127971
19.289098024368286,10.776074893794439,-2.461356087463913,2.5076664622410134,-0.4654623940416988,-0.5366328078383914,0.01535582289008579,-0.504289243269192,0.43764032012314774,-0.01178231970431753,-1.8568149012846118,-0.007853827053350138
19.30917739868164,10.766665161150318,-2.472000844704488,2.507971181339972,-0.475492088796491,-0.5278250128974362,0.01511406392605303,-0.498654812901654,0.44301149392155564,-0.012389249006783088,-1.8642343949004663,-0.3709746807927239
19.32914710044861,10.761877328514487,-2.477208318061148,2.50812069903317,-0.4807262107847265,-0.5220058660566392,0.014957072829990543,-0.49707472986700724,0.44918498464999,-0.012946952726317696,-1.8590932035330248,0.25705956837207555
19.349008560180664,10.747205303055388,-2.492645848165431,2.508562808468936,-0.49649106927255915,-0.5078751492324759,0.01454013472518476,-0.506590645613603,0.4626075224569925,-0.013463328000273393,-1.8674808333642074,-0.4193814915591343
19.369120359420776,10.73717357782772,-2.5027099832444875,2.5088508852386506,-0.506709933922331,-0.49849683984438076,0.014265898581508106,-0.5151349946527838,0.47506338778050367,-0.013956432316629812,-1.870276545806488,-0.13978562211403034
19.389035940170288,10.726901517557241,-2.5125915480587535,2.50913006851023,-0.5180731397731746,-0.48933138537590287,0.013908107419730998,-0.5449661392089135,0.4661291700219298,-0.014398330679388043,-1.8702368131115077,0.001986634749018279
19.409113883972168,10.716429161604854,-2.5222855639874404,2.5094053226041213,-0.5292559824103693,-0.4801012143138793,0.013615900282936652,-0.5730246086900179,0.45682724183287615,-0.014818841196313265,-1.8713404020521769,-0.055179447033459894
19.429134130477905,10.711114803282923,-2.527076517096833,2.5095410835685636,-0.5349546012598448,-0.47597327851577864,0.013476725482770551,-0.5999978588174749,0.4437701139766984,-0.015201627932747869,-1.874026360047257,-0.13429789975401007
19.449005603790283,10.69485606892558,-2.5411399449917136,2.509940161515093,-0.551433364049296,-0.4622562734315467,0.013065325042518963,-0.6279828645371113,0.4314414926284358,-0.015551182325843576,-1.8762049785695116,-0.10893092611272692
19.469183444976807,10.683700028107372,-2.55029961851126,2.5101983354310065,-0.5642580984403394,-0.45375313370204434,0.01275096492856196,-0.6541974550245803,0.418825046278775,-0.015881672577975285,-1.8816939243776365,-0.2744472904062434
19.48906445503235,10.6723951481553,-2.559237799135241,2.510453365933834,-0.574790857807604,-0.44406699909198083,0.012510025166060887,-0.687250389839318,0.4093428662607189,-0.016177045501807683,-1.8782106904697433,0.17416169539465898
19.509044647216797,10.660759780066593,-2.5680379222162837,2.5107003122225606,-0.5888492951742227,-0.43597821451186075,0.012183678089824505,-0.7182540776672941,0.3994713450741311,-0.01645473448640785,-1.8801257073423612,-0.09575084363089292
19.529195070266724,10.654919150387753,-2.572334892410071,2.5108229960356128,-0.5938161857031115,-0.4308642947214403,0.01206596854563294,-0.7375780162559716,0.3888229048242904,-0.016703957719339378,-1.881805941466843,-0.08401170622409637
19.54900574684143,10.636871709663177,-2.585042007291534,2.5111802429546235,-0.6133642835080415,-0.4180464946048289,0.011644391935197746,-0.7626139444461553,0.3786999496682269,-0.016924935001352878,-1.8825805601973675,-0.03873093652622117
19.5692036151886,10.624450322602641,-2.59332789007454,2.5114097318633766,-0.6288518562831967,-0.4105767246437383,0.011303814840383716,-0.7858444738399255,0.36821778697157204,-0.017130168537727898,-1.887518894480369,-0.24691671415006944
19.589119911193848,10.618202910555175,-2.5973807120471046,2.5115252001442556,-0.6346050646527148,-0.4060012372253985,0.01122539651521683,-0.8047086434022276,0.3589761604668376,-0.017313447330210185,-1.880057889161364,0.3730502659502477
19.609087228775024,10.605348690240728,-2.6054295768120492,2.5117462339061922,-0.6508745030210715,-0.3989173174943263,0.01087741796604254,-0.8219698806817866,0.34935281778465765,-0.017481964482112332,-1.8827483846603217,-0.13452477494788617
19.629148960113525,10.59229704073588,-2.6132782697154733,2.511964507596023,-0.6642496808792809,-0.39049675234584624,0.010626294557809585,-0.8389004554640503,0.3420641191593656,-0.01762304972335372,-1.885246172143463,-0.12488937415706669
19.649094820022583,10.572062408581633,-2.6248019240950833,2.5122775138002162,-0.6875088950330256,-0.37924395627905394,0.010159279615087622,-0.8466350238138772,0.3343286820932629,-0.01773724600413172,-1.8824827330775755,0.13817195329437482
19.669124364852905,10.558142449196755,-2.6323204737131523,2.5124771449743597,-0.7045087562399811,-0.3726381556573224,0.009803500000784447,-0.8531491515910035,0.32618377050718494,-0.017838588634711813,-1.887581464754418,-0.2549365838421247
19.689069509506226,10.54394561290581,-2.639662888566113,2.5126730289503687,-0.7202083575954202,-0.3650507705038221,0.009527770256699975,-0.8688025863350456,0.3206962259329866,-0.0179142513254438,-1.880107597473362,0.3736933640527962
19.709117650985718,10.529366721185486,-2.6469001555002594,2.512859997050447,-0.7377277021769114,-0.35869587286535715,0.009168826754084154,-0.882869281659477,0.31471138563966466,-0.017978153328251093,-1.8803866467713553,-0.013952464899658068
19.729169607162476,10.521965352041262,-2.6504493418378785,2.512951465035275,-0.746108655039493,-0.35498397048605806,0.009005725365634393,-0.8946079080319744,0.3097154429923497,-0.018022429320947074,-1.8813929268291592,-0.05031400289019494
19.74909734725952,10.49920121040959,-2.660942112105255,2.5132142205566614,-0.7724516113606736,-0.34524525860655275,0.008486440771304274,-0.9071229237704073,0.3058962408545909,-0.018039960013742744,-1.8760091649556063,0.2691880936776414
19.769137859344482,10.483569995998533,-2.6677861204696702,2.513380340714769,-0.7907064409782194,-0.33917015925737154,0.00812555009174829,-0.9181066609339327,0.30152197192444813,-0.018047446923388034,-1.8809041128925665,-0.24474739684801072
19.78908085823059,10.475629134105741,-2.671155093127022,2.513461800516423,-0.7996321296233209,-0.33601140631849097,0.007976381055741236,-0.9266741830559828,0.2945198402065733,-0.018039335594459697,-1.8705262307553934,0.5188941068586583
19.809170484542847,10.459450655777228,-2.677816905530251,2.513617721275489,-0.8182395865613482,-0.33019459988755134,0.007615752775144888,-0.9338395252814627,0.2870902059820444,-0.018021960778657396,-1.8783666433826038,-0.39202063136052345
19.829042673110962,10.442917122051,-2.6843522181676125,2.5137666439924065,-0.83652892386349,-0.3242324232125949,0.007253492791884809,-0.9363463904225702,0.27934952922730905,-0.017979218257717085,-1.865334806736743,0.6515918322930414
19.84904384613037,10.417395918587783,-2.693944126196685,2.513974036983765,-0.864836886430068,-0.31562697219236147,0.006648142705207811,-0.9445028781738043,0.27416065648568216,-0.017907066147573477,-1.8666504693310633,-0.06578312971601274
19.869098901748657,10.399909809119457,-2.7002022039417257,2.5141034235979762,-0.8837964185001462,-0.3101997284029577,0.006290783378476258,-0.951210664668898,0.26848297290030076,-0.01782766943617109,-1.8646450230829523,0.10027231240554713
19.889092206954956,10.382019266680247,-2.706343170858407,2.514220940365486,-0.9033974985943749,-0.30463779155004383,0.00582413811305538,-0.9452278022610664,0.26466806396408765,-0.01771922391764974,-1.8572703272686621,0.3687347907145089
19.90907859802246,10.363762715370472,-2.7123832727942507,2.5143338868158347,-0.9222346719801742,-0.2993868071260444,0.005470888567060533,-0.9383399265006206,0.26034667913338594,-0.017604732186284243,-1.853373334917443,0.19484961756095487
19.929177045822144,10.354467564650834,-2.715362987895947,2.514385869923473,-0.9322315714747054,-0.2968564961033896,0.005242555934299081,-0.9189532336592918,0.2493415934295462,-0.017476417956181874,-1.8553366459487202,-0.09816555156385576
19.94900918006897,10.326032048516629,-2.7241532139699447,2.5145329059830877,-0.961234647808687,-0.28933498434886,0.004649229690596685,-0.8949737607602841,0.24218148447396654,-0.017321991818731387,-1.842413072855305,0.6461786546707593
19.969266653060913,10.306629967055068,-2.7298919740707563,2.5146224366972953,-0.9788930614245345,-0.28456618081296675,0.004304371353441375,-0.8708427680256694,0.23463507877280282,-0.01716310635438921,-1.8494316675372597,-0.350929734097738
19.989067554473877,10.286747708090791,-2.7355303432559275,2.5146963796364923,-0.9995162938295198,-0.27974668218841736,0.0037302988118199354,-0.8487506545656833,0.23037005849547615,-0.016972164677344755,-1.8329801129119399,0.8225777312659943
20.009180068969727,10.266589115577013,-2.7410795118119538,2.5147676040685036,-1.0162686074317004,-0.27518602554675353,0.0033927914435467168,-0.826445715749024,0.22561455865437158,-0.016778049695922965,-1.8422953679861465,-0.4657627537103304
20.02908205986023,10.256271749072619,-2.7438157092373907,2.514790111810523,-1.0275925536949242,-0.2728516536714191,0.0029190534987254563,-0.8047135187238311,0.221343985924881,-0.016558913781051322,-1.825202300253261,0.8546533866442774
20.049052000045776,10.224949728938382,-2.751898460432701,2.514857528359487,-1.0553672547855335,-0.26617451806439524,0.002055418225921389,-0.7893788518239252,0.2160285711464696,-0.016298788719622453,-1.8248867039503724,0.01577981514442328
20.069117546081543,10.203685554533726,-2.757179121700675,2.514895394343948,-1.0709974643858167,-0.2619108071509185,0.0017320496824802885,-0.7735626175546825,0.21026917634084363,-0.016037950852441002,-1.820398481256324,0.22441113470241802
20.089033365249634,10.192822662333175,-2.7597898923314927,2.5149002975148487,-1.0817767189426402,-0.25993197550097585,0.0012530896825728682,-0.7525210517343426,0.20386054735086362,-0.015755655408224947,-1.8138955301063908,0.32514755749666335
20.109174966812134,10.171038038104683,-2.7649482071518747,2.514922226986518,-1.0966147954811745,-0.25592221042605845,0.0009407977455920242,-0.7312486238968448,0.19704950310383373,-0.015473577650866417,-1.8141284749701576,-0.011647243188339651
20.129144430160522,10.137570066658126,-2.772533122509505,2.5149284509132057,-1.1236589812052187,-0.2499839041416849,0.000160995696985484,-0.709054130521709,0.18828665608224,-0.015152604183392737,-1.7980592905739545,0.8034592198101542
20.14903497695923,10.114899315172904,-2.7774939334020177,2.514925075018434,-1.1395203276135986,-0.2462492639900658,-0.00026204437722015915,-0.6860496345080845,0.17854629600663205,-0.014821527992478909,-1.7980842013496767,-0.0012455387861098899
20.16912269592285,10.091973239146697,-2.7823838714325495,2.5149168917890514,-1.1530101409098106,-0.24277784796094257,-0.000555182179074328,-0.6629094851617969,0.1685537157583666,-0.01449261361485323,-1.7919921854680085,0.30460079408340945
20.189131498336792,10.080311760552279,-2.7847963971848055,2.514903305570138,-1.162209722703522,-0.24100725820667077,-0.0009002898744026287,-0.637361321170041,0.15501668660262977,-0.014154923336779505,-1.786336531438804,0.2827827014602269
20.2091064453125,10.05694179726905,-2.7895864462171187,2.5148824911676693,-1.1747014315470334,-0.2380430826956927,-0.0011800336079690122,-0.6118091503605988,0.14138544115193763,-0.013819894078812555,-1.7848035303522534,0.07665005432753169
20.229195833206177,10.033154754117652,-2.794285930665123,2.5148482907787244,-1.1909988271149303,-0.23447543580953573,-0.0016427102618693096,-0.5878617534408881,0.1261263945676764,-0.013468613788259464,-1.7718664632866234,0.6468533532814957
20.249103546142578,9.997055596918774,-2.8012321348635334,2.5147887294099065,-1.2113703055922553,-0.2299266566961069,-0.0021663562180468435,-0.5610782636033644,0.10951563992900928,-0.01310066603442964,-1.7652738449469743,0.3296309169824596
20.26916003227234,9.97271775696352,-2.8058098700711103,2.514742806477691,-1.2223246630040947,-0.22790208700720235,-0.002424724138965619,-0.5343702181812776,0.09294878397967275,-0.012736806480041883,-1.7639992125493311,0.06373161988215692
20.289067029953003,9.948033104981295,-2.810297722747797,2.5146861836476426,-1.2360585504956183,-0.2248684066818007,-0.002808974802561514,-0.5087439619456408,0.0753867615045045,-0.012363139484122281,-1.7502038543871512,0.6897679081089958
20.309064149856567,9.923211890796882,-2.8147811794061885,2.5146275562046783,-1.245977634693311,-0.22353547048835962,-0.0030525392720168383,-0.48317402187496683,0.057923378308602315,-0.011994072612982874,-1.747270880659725,0.146648686371309
20.329131364822388,9.910650334374832,-2.816973069351013,2.5145936096764534,-1.2527736900343738,-0.22194060310084557,-0.0032512747793301414,-0.45768378752289357,0.04171521224111719,-0.011628227658840107,-1.7463821541860964,0.04443632368142936
20.34900450706482,9.87277711136456,-2.8235599325751126,2.5144888518765556,-1.2686597361412444,-0.21934032067639658,-0.0036516151179852283,-0.4315950788369224,0.024307524985023306,-0.011252824630209206,-1.7278847862527131,0.9248683966691651
20.36912512779236,9.847319331350791,-2.8279430313322793,2.514413593777998,-1.2770316716699375,-0.21902713622527134,-0.0038729605912682236,-0.4056170318908487,0.0070331760826418226,-0.010882580241264045,-1.7370835425443545,-0.4599378145820676
20.38908576965332,9.834464150365573,-2.8300881509511826,2.5143711092076777,-1.2826618950670925,-0.2178426944236829,-0.0040758914327462155,-0.377873997318227,-0.010824292550490477,-0.010515488318553212,-1.716787175853785,1.0148183345284778
20.40915274620056,9.808737176842317,-2.8344483511569347,2.5142875124925306,-1.2899436710698247,-0.21823624856003418,-0.004282573870357219,-0.3503381425913051,-0.028501019505707593,-0.010153624365053687,-1.7276233345015939,-0.5418079323904479
20.429232597351074,9.782754470515616,-2.838733809184142,2.514190739340391,-1.2995770748978699,-0.2168189729444605,-0.004718532839742472,-0.3260867735565091,-0.045169329829447345,-0.009778185272032797,-1.701622043471069,1.3000645515262477
20.449663162231445,9.743554476408182,-2.8452050102463113,2.514036910789853,-1.3110024188096505,-0.21682316405469773,-0.005248691426501157,-0.3011256534213494,-0.06556333604086953,-0.009383925010429449,-1.706120499882779,-0.22492282058550472
20.469148635864258,9.717275860581209,-2.849555929948605,2.5139300861290126,-1.3167763869621032,-0.21833573072526566,-0.005432482523371562,-0.2762925934434757,-0.08564073569657463,-0.008996283983929865,-1.6931711056963321,0.6474697093223458
20.489141702651978,9.690815233241437,-2.8538677494149978,2.513807116716145,-1.3238139555624497,-0.21836909151779163,-0.00588801244443012,-0.251807150544885,-0.10160316133756024,-0.008595072092174841,-1.6895548516825194,0.1808127006906357
20.50912117958069,9.66429021815561,-2.8582565058943423,2.5136876638394243,-1.3286063957368397,-0.22055908857486578,-0.006055961887428644,-0.22745997892555328,-0.11736282336626018,-0.00820106911266112,-1.6842880337072081,0.26334089876556277
20.529229879379272,9.650956583520554,-2.860421752827977,2.513626360591115,-1.3316867314855385,-0.2205529581726517,-0.006132936847249712,-0.20474311006502197,-0.13078652610613736,-0.00782007521552479,-1.677546524307954,0.337075469962711
20.549037218093872,9.610871955596464,-2.8670508057127995,2.5134422314041562,-1.338806890335229,-0.22332407909012744,-0.006262879998555641,-0.18192355432307405,-0.1481398020968494,-0.007444866885504733,-1.663456082424589,0.7045220941682473
20.56912064552307,9.584060949024026,-2.8715480572901235,2.513315509497894,-1.3422180594715887,-0.2264579338979565,-0.006408083028426771,-0.15921134167121495,-0.16519641480418432,-0.007076586210066697,-1.6684161822220327,-0.2480049898721859
20.589040279388428,9.557147467544599,-2.8760600054767234,2.513192739475073,-1.3461572420018615,-0.22867245902582362,-0.0063798251076839065,-0.14089932228894883,-0.1838448279121497,-0.006724796072367752,-1.6472114490955705,1.0602366563231103
20.609110832214355,9.530197366106655,-2.880671450722406,2.5130638211395775,-1.3487916987579185,-0.2325331527437742,-0.006510857571465847,-0.12253846137619653,-0.20217102504868675,-0.006379534090172026,-1.6592572790754958,-0.6022914989962658
20.629186391830444,9.516688697127973,-2.8829757926934247,2.5130002325919065,-1.3502992114013037,-0.23378752981205309,-0.006527204514678651,-0.11144855065613989,-0.21460251994703392,-0.006048633739933101,-1.6353955828923916,1.1930848091552093
20.649195671081543,9.476120218845185,-2.890047782077912,2.512799434794086,-1.3537409288212647,-0.23927557176313236,-0.0067845369418904474,-0.09668741326092171,-0.2287634612837768,-0.005712330146260432,-1.6383627992958352,-0.14836082017217755
20.669174432754517,9.449027055093865,-2.8948799790038136,2.512662623682821,-1.3555256956886153,-0.24399057369549979,-0.006895474924097992,-0.0817622973905945,-0.2426993465952511,-0.005382551090618696,-1.6262680531724079,0.6047373061713657
20.689109802246094,9.435478728820389,-2.8973070285655718,2.5125918202186748,-1.3559854188710105,-0.24578500867148712,-0.006976462611460166,-0.08112840979789594,-0.24886449627776208,-0.005062228158114404,-1.6266932988846303,-0.02126228561112331
20.70916199684143,9.408342879884042,-2.9022728990054567,2.5124512995590185,-1.3575945104045057,-0.2508216778567991,-0.0070745566976429235,-0.07963932490466806,-0.25475731437577614,-0.004748230318593052,-1.617155041440788,0.47691287219211453
20.729115962982178,9.381210150286188,-2.9073113986449726,2.5123143205776755,-1.3580848879706657,-0.2553787177980291,-0.007017208280943712,-0.06528529908772951,-0.2678039730986862,-0.004449557753148898,-1.6105818244536767,0.3286608493555665
20.749049425125122,9.340478645440783,-2.9150896339377583,2.512107859992216,-1.3589398647683595,-0.263373316362529,-0.006971119078084033,-0.07214010616519077,-0.27389012582248706,-0.004162789414309656,-1.5965396425769516,0.7021090938362562
20.769118547439575,9.313285022559299,-2.920412272138382,2.511967623884683,-1.3604413194771263,-0.2689099990570105,-0.007051554824271323,-0.07780923128207975,-0.27973877623652366,-0.003881733343326449,-1.6018043871779044,-0.26323723004764155
20.789017915725708,9.286149778204773,-2.9258577907607446,2.511834765363431,-1.3597129650911186,-0.2748606586249959,-0.0069133350018533764,-0.08212149844100523,-0.28460919529242945,-0.0036195141616133706,-1.5803567388683142,1.0723824154795114
20.809176921844482,9.258938862323022,-2.9314122410008405,2.5116957919813143,-1.361389324797023,-0.28059996995051345,-0.006983146494750399,-0.08533229213870461,-0.289290597683727,-0.0033624989319169674,-1.5863664102406934,-0.30048356861895886
20.8291335105896,9.245400353237441,-2.9342481329948575,2.511628222140699,-1.3599911612416777,-0.28397178477676605,-0.0069571154334310764,-0.09049773863188439,-0.29180539830357277,-0.0031179995113272928,-1.575586214529626,0.5390097855533682
20.849056243896484,9.204650191124768,-2.9429185192669003,2.5114195953830443,-1.3600823956940422,-0.2933762944470272,-0.00700408127103975,-0.08587367133091979,-0.2995843919779803,-0.0028766335600230344,-1.5662919567956544,0.4647128866985817
20.869131565093994,9.177431713501909,-2.948846461582744,2.5112789542758005,-1.3617475083336714,-0.29944259925394245,-0.007059241293012854,-0.08051639457769573,-0.3069831065038829,-0.0026401847817975293,-1.5669184252398982,-0.03132342221219275
20.889017581939697,9.150306210392637,-2.9549329659311336,2.5111433143617274,-1.3602646805528218,-0.30653568535633346,-0.006951347657213537,-0.07788244627533131,-0.3139882992067899,-0.0024182563382946576,-1.550517547445346,0.8200438897276063
20.90943932533264,9.123085557631459,-2.961126928513136,2.5110038183255203,-1.3617890391282086,-0.3128828719926707,-0.0069975313196845735,-0.074415739541608,-0.3206781048271886,-0.0022008625827845936,-1.5519270026851855,-0.07047276199196872
20.92917799949646,9.109528008424865,-2.964292113920862,2.5109373122690926,-1.360800982426875,-0.3167163268841973,-0.00691986531715689,-0.08406249955031304,-0.32610746671167135,-0.001997260658503956,-1.545908467429736,0.30092676277246877
20.94905376434326,9.068726611021013,-2.9739552970612526,2.51073259247363,-1.3616128100166727,-0.32700255148041524,-0.006868971937617046,-0.08813049983238433,-0.33504885728877104,-0.0018009669481070898,-1.5322710505796135,0.6818708425061271
20.969260454177856,9.04147651505617,-2.980562935443555,2.5105948657253876,-1.363406518954109,-0.333789859208991,-0.006903062048771318,-0.09105054030021677,-0.343620664218948,-0.0016087150434037458,-1.537558130715904,-0.2643540068145267
20.989092350006104,9.014290741414474,-2.987328435592032,2.5104621254500548,-1.3627192310890341,-0.3412438940858966,-0.006797391895375314,-0.09325165008870313,-0.3531847409909373,-0.0014285819447196625,-1.516783580623151,1.0387275046376487
21.00926971435547,8.987017614654166,-2.994224568545959,2.5103259037181265,-1.364597127766956,-0.3483999848147122,-0.006824193273407291,-0.09435678331133089,-0.36235986509905943,-0.0012521742234500766,-1.5295330759882795,-0.6374747682564186
21.029040813446045,8.973433230302131,-2.9977345301618294,2.5102580712664877,-1.3636413289141274,-0.3523565288553784,-0.006833761613077772,-0.09221254208020739,-0.37579603607771106,-0.0010818289593176496,-1.505545604619166,1.199373568455675
21.049025058746338,8.93253934577561,-3.0084693349453246,2.5100484700534373,-1.3648056395115156,-0.363557650462577,-0.006996022623741018,-0.09108380825477075,-0.38585364993998833,-0.0009034380438443203,-1.5110221102604982,-0.2738252820666087
21.06917929649353,8.905225140456688,-3.0158183075569633,2.5099083806083073,-1.3666078716165497,-0.3713716959847433,-0.0070123404220731565,-0.08897784133305492,-0.3954793159839643,-0.000728997305711035,-1.4964868983059954,0.7267605977251401
21.089072227478027,8.877937990125837,-3.0233137719714067,2.5097613444668405,-1.3668463338612267,-0.37913062675051873,-0.007169470049835207,-0.08546820334286265,-0.4121672674241142,-0.0005488966366113112,-1.4967473855352122,-0.013024361460844958
21.10908007621765,8.850584249122095,-3.0309798958870813,2.5096178570832137,-1.3685130521062518,-0.3875350881583531,-0.007178681960713073,-0.08105413109602007,-0.4281644029700869,-0.0003729903712696179,-1.481697032167331,0.7525176683940593
21.129152059555054,8.83692133883641,-3.0348643671775877,2.509546711455573,-1.3685521062722832,-0.3917719293435453,-0.007153327043801146,-0.07625859225108085,-0.4662074433092928,-0.00020563016560212532,-1.4930453508902404,-0.5674159361454656
21.149022102355957,8.795843802212227,-3.046782362922702,2.5093333003764675,-1.3704747918215971,-0.4046997493304962,-0.007124841430856772,-0.07633240311901021,-0.5010160646641212,-4.1997071025992235e-05,-1.4622193411929136,1.541300484866337
21.169127702713013,8.76841908919809,-3.054978806982818,2.5091908058596917,-1.371993148785637,-0.41505571298353683,-0.007124077960771496,-0.07532445167527137,-0.5343332617579438,0.00011768930926290366,-1.4854742824743865,-1.1627470640736437
21.18904757499695,8.74098121867638,-3.063277718615355,2.5090362183286685,-1.3730634205326595,-0.4231592322517689,-0.007469467870486635,-0.07411991886893651,-0.5665652644808506,0.0002957008292396558,-1.4540583559384885,1.5707963267948966
21.209164142608643,8.71350525892302,-3.071856292702709,2.508886899749198,-1.3745250583203596,-0.43480079743548083,-0.007461811995191945,-0.07187125785804814,-0.5973518498280102,0.0004691259953651358,-1.4703814085653455,-0.816152631342848
21.229218006134033,8.699766978750192,-3.0761367137665587,2.5087938080714918,-1.3749333435777664,-0.43820561272888137,-0.007983018103503915,-0.07052643335360236,-0.621745905331872,0.0006689808744562088,-1.443480562008874,1.3450423278235757
21.24904179573059,8.658493718145088,-3.0894482647026096,2.5085414050035832,-1.3768440342467252,-0.4538160592209878,-0.008335681517078452,-0.06720000973721119,-0.644358065905432,0.0008887340973774122,-1.452638379206762,-0.45789085989440537
21.26916217803955,8.63094366660553,-3.0986549056938997,2.5083748834583464,-1.3781468798478984,-0.46691946856745997,-0.00831576126138638,-0.0629283130285632,-0.6657869170381885,0.001102258728169818,-1.4339205218036242,0.9358928701568958
21.28899884223938,8.603369882526545,-3.1079917114519735,2.508197966399237,-1.37941423463154,-0.4770406646215838,-0.008522686601923514,-0.0654791254845736,-0.6782939465341964,0.0013221784073225709,-1.4391753607776454,-0.2627419487010618
21.309186458587646,8.575768392325163,-3.1176689779068805,2.508027791440402,-1.3807392723833585,-0.4907250470645955,-0.008494097770549245,-0.06682550775265916,-0.6900139738159065,0.0015356328551486733,-1.4245008788967286,0.73372409404584
21.329102754592896,8.561955386634377,-3.1225462108520294,2.507944519488729,-1.3814676622878064,-0.4959319737070167,-0.008418011928297891,-0.0671054949148481,-0.700446715514231,0.00173442300612167,-1.4300730892465665,-0.27861051749189514
21.349024057388306,8.520483353154702,-3.1376911563113894,2.5076984316314173,-1.3834090984292733,-0.5157011730918977,-0.008194905819553878,-0.06642870494063335,-0.7108690050872633,0.001916594020846351,-1.4055163406094395,1.227837431856349
21.369140625,8.49280198509943,-3.1481480105064783,2.507534928698586,-1.3847218236953058,-0.5300164661637595,-0.008154798864608164,-0.06466398036243881,-0.7205350942456952,0.002093174710546984,-1.4217052239818002,-0.8094441686180343
21.38901686668396,8.465100023215202,-3.1588525895992343,2.5073769488223956,-1.3858714728897896,-0.5435941783475311,-0.008022059827234172,-0.0629600917824164,-0.7341279883753035,0.0022559651707631996,-1.3908648446509007,1.542018966544978
21.409123182296753,8.437370168970318,-3.1698721598734405,2.5072169694129336,-1.3871047042761364,-0.5584051585746785,-0.007975355701690171,-0.060186190777402254,-0.7468210336932709,0.0024135912862014346,-1.4133593528736286,-1.1247254111363958
21.429192304611206,8.423497214106105,-3.175477732146844,2.507131579340849,-1.387658470011564,-0.5655539753289786,-0.008133406948483761,-0.05762293795737725,-0.7605457531405934,0.0025745284950378353,-1.3819434263377306,1.5707963267948966
21.448978900909424,8.381837198712958,-3.1927659942094646,2.5068755683986286,-1.3895116835860886,-0.5878991799063719,-0.008449285522050116,-0.0569077344559796,-0.7733324898244772,0.0027551835114741586,-1.3941010234117779,-0.6078798537023644
21.46914052963257,8.354035687664005,-3.20467945037312,2.50670714546751,-1.3906332799560075,-0.6034859724614821,-0.008392425445440962,-0.05506563871104027,-0.7851934939098293,0.0029298279111307393,-1.3722920662588014,1.0904478576488241
21.4890615940094,8.326205223319324,-3.2168885739521595,2.5065251569914495,-1.3918677357743434,-0.6188925049123796,-0.00866038592624274,-0.05086920178961663,-0.7999395699810469,0.0031164576234257884,-1.380493491648695,-0.41007126949468287
21.509211540222168,8.298358024852861,-3.229427343777146,2.506352584685816,-1.3928347755835302,-0.6350302201327347,-0.008596243879128045,-0.045668902051394886,-0.8136625580621221,0.003296686209049977,-1.3627050987358489,0.8894196456423087
21.52908205986023,8.284422751741207,-3.2358114453644564,2.5062661879706623,-1.3933543923181837,-0.643098365660506,-0.008563379069727546,-0.03703452837241571,-0.8270532512360536,0.0034663132909101627,-1.3715048042650944,-0.4399852764622736
21.54905414581299,8.242592377389904,-3.2554635089435315,2.506014857089917,-1.3947619757444445,-0.6676584115128148,-0.008334635066520662,-0.025881465846994006,-0.8403068629990788,0.00362065195068382,-1.3440282892406423,1.3738257512226015
21.56918454170227,8.214692741311623,-3.268985571123419,2.5058488985246323,-1.395162048694246,-0.6845885916855651,-0.008260725875694012,-0.014006676014073767,-0.8525426530421047,0.00376932889913651,-1.3622136167115992,-0.9092663735478457
21.58914303779602,8.18678752616661,-3.2828486168914197,2.505684447504338,-1.3953175220508633,-0.7017534230139244,-0.008183899224440632,-0.0014237760595491402,-0.8637742499989332,0.003912408764774512,-1.3343184212603267,1.3947597725636252
21.60920739173889,8.172785821273278,-3.2898940504162644,2.505603526571202,-1.3963458111253169,-0.7101543614483287,-0.008173928043039779,0.0135998939610074,-0.8734970052490926,0.0040464421881568355,-1.353277701393269,-0.9479640066471173
21.629146099090576,8.144837166314641,-3.3042657623638623,2.505437354169277,-1.3967876824624543,-0.7274830008473848,-0.008206580000027483,0.027766343616365933,-0.880808756278856,0.004180843501829183,-1.321861774857371,1.5707963267948966
21.64898991584778,8.102896746522172,-3.3264806101908975,2.50518533204775,-1.3971990131175276,-0.7537899798248195,-0.008318830143357395,0.048080308776572704,-0.8849809211782099,0.004323355229424203,-1.3331673079673407,-0.5652766554984812
21.669114112854004,8.074963750926194,-3.3417336455139153,2.505019829331303,-1.396031880867258,-0.7715248913327754,-0.00823098545846295,0.06867986219077503,-0.8883827618448346,0.0044601692149458935,-1.3121809530437252,1.0493177461807779
21.68905520439148,8.04697704271461,-3.3573527125243205,2.5048452160615207,-1.3964552515916087,-0.7896153417597548,-0.008373383983953191,0.09812189639719157,-0.8887346277004856,0.004602398267614238,-1.3192414773009185,-0.35302621285966396
21.709054470062256,8.019069518041626,-3.37332275694261,2.504678678050228,-1.3941995314559967,-0.8073880908203457,-0.008279962563332098,0.12742713514080956,-0.8884320165919267,0.004738774036394611,-1.3024383281886018,0.8401574556158309
21.72912096977234,8.00506650570266,-3.381461505999528,2.504597178485978,-1.3945393144913645,-0.8168697470834012,-0.00818761496562259,0.16629889600518458,-0.8871112287777437,0.004862644842513363,-1.3102101422103452,-0.38859070108716587
21.749067306518555,7.963199140839668,-3.406397066193907,2.5043587731000376,-1.392246303371077,-0.8442642232808262,-0.007890232777871107,0.21073346788873845,-0.8746795130443396,0.004968864488486758,-1.2840916432986471,1.305924945584902
21.76911950111389,7.935399280967214,-3.4234564477793636,2.5042019690515356,-1.3875944188584561,-0.861631831506156,-0.007789834455807428,0.254313092706927,-0.8620484601315808,0.005070150445136683,-1.299683879481085,-0.779611809121894
21.789016246795654,7.907512890965968,-3.4409318998860967,2.5040498675158807,-1.386899304778968,-0.88065874586476,-0.007645974453907867,0.29666748031592066,-0.8550650334362914,0.005159960595085344,-1.2709550507747995,1.436441435314273
21.809157848358154,7.8798370205608705,-3.4587156022071244,2.503897985779007,-1.380549313271984,-0.8976868752778254,-0.007541914990630364,0.33819433531972803,-0.8476818608474723,0.005245234350478167,-1.288801650635621,-0.8923299930410744
21.829129934310913,7.865906174172199,-3.467797204681786,2.503817669570376,-1.3808439282709464,-0.9078758296561634,-0.0076469581504567214,0.38161579903163834,-0.8393628954485202,0.005333374609866135,-1.2629421578882887,1.2929746373666173
21.849074363708496,7.838368466488326,-3.4861220216718696,2.503665802728439,-1.3727852340534763,-0.9245769701290574,-0.0075394475404046615,0.42409776248428893,-0.8306932349766597,0.005416926429286452,-1.2742735361044792,-0.5665689108095284
21.869125366210938,7.810734976082173,-3.5048844491851012,2.503504788206326,-1.37055291933286,-0.9437419591302864,-0.007710787685546904,0.46187354314820755,-0.8227579539791191,0.005510112518372043,-1.2533678714289087,1.0452832337785267
21.889177799224854,7.783418771355507,-3.5239232918696386,2.5033516804437888,-1.3609442597412797,-0.9601145901920852,-0.007599694168606249,0.4988617382159176,-0.8144423278948372,0.00559843338868604,-1.2597933291180843,-0.32127288445877866
21.9091215133667,7.756048792139066,-3.54338953257319,2.5031986816681466,-1.356840865278713,-0.9788415986257538,-0.007525407600708154,0.5402029171291686,-0.8055091855088135,0.005680195260973477,-1.2435831497000074,0.8105089709038449
21.92915368080139,7.72893349970771,-3.563163543822663,2.503051976833917,-1.3486776649450454,-0.9961063603314858,-0.007318049304527555,0.5708804617362611,-0.7994239384271568,0.005749267821051848,-1.2455042402335554,-0.09605452667740266
21.94928503036499,7.688590183183316,-3.5934665652675144,2.502842483152151,-1.3351868663258273,-1.0217792080442099,-0.0069221761074636425,0.6069681169473083,-0.7981935593055843,0.0057964029127419514,-1.225184997329053,1.0159621452251244
21.969092845916748,7.662010205949755,-3.61406167597216,2.502705201871752,-1.3226931864824618,-1.0377257559106339,-0.006805806871324443,0.6422694003051567,-0.7963617603165504,0.00583992203291834,-1.233915436814921,-0.43652197429340234
21.989009141921997,7.635518953518786,-3.635044815158315,2.502583794898648,-1.3136815667897717,-1.0553050115828606,-0.0063629341848461425,0.6741634133542658,-0.7938009059325811,0.005855241028229719,-1.21237771566971,1.076886057260551
22.00911259651184,7.609382246954386,-3.656309476447802,2.502457708150776,-1.2998850520412426,-1.07115069199368,-0.006245698431498012,0.705374797576155,-0.7906734427830491,0.005867892914695672,-1.2219569087437383,-0.47895965370141624
22.02909207344055,7.596326478007038,-3.667090125183438,2.5024034167137756,-1.2951804796682667,-1.0798557106006859,-0.005964989214618951,0.7316368054607508,-0.7879381694007758,0.005862358695862939,-1.204898112828919,0.8529397957409701
22.049113988876343,7.557710359992764,-3.69986227166431,2.5022349020399854,-1.2755092685558782,-1.1040600178438673,-0.0055691280068676146,0.7594026646420743,-0.782683380838595,0.005837471398561855,-1.202060507028729,0.14188029000949953
22.06911540031433,7.532353874885581,-3.7220996320521187,2.502124685243227,-1.2600487750472318,-1.1196567539560502,-0.005452639398851411,0.7865428953043843,-0.7769034322892363,0.005811152844718234,-1.1940465938099376,0.4006956609395651
22.08895492553711,7.507223192756316,-3.744672453243906,2.5020339807395087,-1.2462640955415745,-1.1357110899559615,-0.004891881305372749,0.8059467266014917,-0.7661268511996864,0.005752549221516553,-1.1880545096976898,0.29960420561239154
22.109111547470093,7.482460374920194,-3.7675391641024287,2.5019372896986067,-1.2299542644888874,-1.1509228857205587,-0.0047774193067947075,0.8249738527768903,-0.75499391491102,0.005693592808688772,-1.182830370987155,0.26120693552673657
22.129131078720093,7.4701678308142325,-3.7791034744083047,2.5019037254296275,-1.2224832683653373,-1.1587629761470088,-0.00432272429598665,0.8408524394769442,-0.7296662431000158,0.005609309291272245,-1.1795592275044877,0.16355717413336635
22.149130821228027,7.44588737846955,-3.8024229873911954,2.501818387211921,-1.2055101054575283,-1.1731044784184725,-0.004211376735205467,0.8564106764269565,-0.7045131379285823,0.00552553117107815,-1.1692263462895618,0.5166440607462963
22.1690833568573,7.421917314567549,-3.8260924307210797,2.5017553867610194,-1.188986002976949,-1.1887654738785463,-0.003607415460996732,0.8665850125665954,-0.6804036102336747,0.005409543034645669,-1.1677573708079552,0.07344877408033135
22.18909978866577,7.386643330251925,-3.8621303257203996,2.5016595546556832,-1.1627155322119478,-1.2109454232507593,-0.003165738428841069,0.8738537013734295,-0.6545056750492755,0.005274750093632098,-1.1504069089829907,0.8675230912482235
22.209115743637085,7.363564272649483,-3.8864784185163734,2.5015972859619504,-1.1451661512344953,-1.2237781784595152,-0.003061572861032684,0.8810767293748537,-0.628802317287704,0.005142174804670312,-1.155204434044122,-0.23987625305657012
22.22926378250122,7.352187798452076,-3.898817564074819,2.501572630225602,-1.1353777167875043,-1.2318382882935723,-0.002866601992922951,0.8860736359374467,-0.60272756392849,0.0050051875439008145,-1.142908755868013,0.6147839088054496
22.249726057052612,7.307553402996975,-3.9487063635352415,2.5014648754604014,-1.0980226342327895,-1.2589715108523678,-0.002598857138342801,0.8906522942631292,-0.5756184669434191,0.00486185698674692,-1.1297538890443146,0.6577433411849354
22.269224405288696,7.285771386875436,-3.9739991236970558,2.5014138612658594,-1.080163658975903,-1.2702150430997659,-0.0025030312818847653,0.8952479559424855,-0.5487797907149319,0.004721166786525843,-1.130736783494498,-0.04914472250916457
22.289071798324585,7.275079844040108,-3.9867933953272954,2.501388709732763,-1.0692992697416799,-1.2773205959663971,-0.002469406616305259,0.8983156897162359,-0.5244517591478595,0.0045868864785017,-1.121950699074572,0.43930422099629496
22.309109210968018,7.253873729879695,-4.0124430854439135,2.50134023014898,-1.0513016827349808,-1.2875679700566467,-0.0023789911552345015,0.9014547252316681,-0.5003180741684781,0.004455068165148261,-1.1191718676112363,0.13894157316678424
22.329081773757935,7.243474914458377,-4.0254215065884456,2.5013164149240557,-1.0402290403588335,-1.2945613242739749,-0.002341904224537874,0.9100596358378651,-0.4767647690835882,0.004328903851885989,-1.1136747635948372,0.27485520081995674
22.349109172821045,7.222852911516737,-4.0514065260889645,2.5012704343248586,-1.0219430852524258,-1.3038628002667096,-0.002256568553615145,0.918510213939794,-0.45341711817582403,0.00420504596572741,-1.1059375281364896,0.38686177291737955
22.36910891532898,7.202696786922434,-4.077706271394322,2.5012257427948694,-1.0010619150831932,-1.3160261457591185,-0.0021855731147487753,0.9269862010435423,-0.4324418125227326,0.004084923757210448,-1.1015567565306466,0.2190385802921524
22.389108180999756,7.1828615027553,-4.104111891522638,2.501182840419736,-0.9824387926929024,-1.3244664300231606,-0.0021050574444136144,0.9352988970725152,-0.4116107102403091,0.0039670096859888175,-1.0929469924055182,0.4304882062564186
22.409234285354614,7.163479919076794,-4.130799663211446,2.501142029671779,-0.9617194111361971,-1.3353761583089456,-0.0020083972818149736,0.9413760277972926,-0.3896363323627646,0.0038507665447307243,-1.0893722259738454,0.178738321583638
22.42925190925598,7.144458941371153,-4.157621945629747,2.501103272056554,-0.942023694050671,-1.3442103677714554,-0.0019104352569196202,0.9457051896693667,-0.36639993576272734,0.0037356274689542765,-1.0799150152674035,0.47286053532209493
22.449027061462402,7.116665599106799,-4.198172827973756,2.501049231120041,-0.912425210344875,-1.356693889193371,-0.0017550122628277375,0.9495876604678459,-0.34343576447429686,0.003618391665582203,-1.0702525412463673,0.483123701051813
22.469067096710205,7.098607268165367,-4.225373873125941,2.501014846852278,-0.8933951488699114,-1.3633348227452986,-0.0016837976503682381,0.9534081350978781,-0.3206947785779886,0.0035034502295235503,-1.068132085283922,0.10602279812226278
22.48901057243347,7.080995178422593,-4.252773599410004,2.500982329889209,-0.8726759151423239,-1.371246731682488,-0.0016069754467443807,0.956685312196836,-0.29547684315559963,0.0033910935880214583,-1.0574841139223299,0.5323985680796062
22.50913667678833,7.063733213170477,-4.280255965524884,2.5009508612201508,-0.8535098523206384,-1.3769069731380963,-0.0015402585505614344,0.9599126309338814,-0.2706048152141972,0.0032809657952397467,-1.0561669448052422,0.06585845585438399
22.529056549072266,7.055286829610707,-4.294080026887158,2.500935947643986,-0.8427282346166904,-1.3805702663330284,-0.001499495682069071,0.9625378514170091,-0.24646891139404958,0.0031748918570152045,-1.0501237911653138,0.3021576819964178
22.549278259277344,7.038624944887185,-4.321739132953429,2.500906585743111,-0.8234516615303331,-1.3852609545010335,-0.0014370409282545454,0.965110708733795,-0.22265315123442736,0.003070934689150416,-1.0433279141681897,0.339793849856207
22.569137573242188,7.0224017851691825,-4.349574636914243,2.500879452064178,-0.8027873214743265,-1.3918783425147538,-0.0013520621356724269,0.9723428798735958,-0.22632632915644774,0.002968292492547955,-1.038436119590577,0.2445897288806398
22.589052438735962,7.006540976115755,-4.37745768836454,2.50085299774178,-0.78327036505293,-1.3964373470749343,-0.0012937052784885914,0.9793085685499434,-0.2294898263802584,0.002867739857206752,-1.030695801699867,0.3870158945354918
22.609126329421997,6.991107859745409,-4.405475439884586,2.500829667796652,-0.762778420255361,-1.4019854979086495,-0.0011823733981768396,0.9848785002274199,-0.2385777653686093,0.0027665535415004315,-1.026635957498593,0.2029922100637016
22.62910294532776,6.976056392924825,-4.433550352460531,2.5008080838383453,-0.7428014470887037,-1.4063643766781286,-0.0010762572494881473,0.9909939363475827,-0.24613072859593368,0.0026646246517495835,-1.0181844771372814,0.42257401806558015
22.649099826812744,6.954224339397044,-4.475795900454242,2.5007807659415158,-0.7128716176981339,-1.4121491298955933,-0.0008884557639594302,0.9955526867872516,-0.2546446450781601,0.0025570143158367654,-1.008309576598713,0.49374502692842714
22.669124603271484,6.940166311753187,-4.504090343856632,2.500763501175814,-0.6929165995338353,-1.4173212135441333,-0.0008383714693033648,0.9999168658398483,-0.26244577607461933,0.0024518150063566396,-1.0059528592751215,0.11783586617957198
22.689066648483276,6.926512943238242,-4.5323635914214675,2.500752575482528,-0.6727479913040288,-1.4194332564149914,-0.0006590210380117762,1.006611292963947,-0.27069438655239936,0.002341699914948159,-0.996392531297809,0.47801639886562164
22.709121704101562,6.913259736616217,-4.560806909435405,2.5007398561899143,-0.6525513778588331,-1.424923651857423,-0.000613266674446548,1.012999262247928,-0.2782266221987181,0.0022341641643277817,-0.993624713173813,0.13839090619980343
22.729042053222656,6.906783529299591,-4.574974791556349,2.500737448463713,-0.6425286320432061,-1.4247963273092428,-0.000488839700478399,1.004908224278442,-0.2544706450020075,0.002125123792059395,-0.9894859395151263,0.20693868293433226
22.74911594390869,6.894133410232574,-4.6035200407674495,2.5007280895571387,-0.6225094907253884,-1.4296502249176022,-0.0004474056350078285,0.997043354654136,-0.23095997496403553,0.002018719922129397,-0.9811250634679842,0.41804380235710425
22.769110918045044,6.881885020710416,-4.632049800028918,2.50072530966843,-0.6025164907096952,-1.4315490329924976,-0.0002684407069936511,0.9876618825261329,-0.20768956304036523,0.0019073718250973916,-0.9777123231522076,0.1706370157888326
22.789029121398926,6.86427508099265,-4.6750722054371145,2.500720085041694,-0.5723077470690157,-1.4371531959822672,-0.00015806079738015988,0.9815926811611292,-0.1845159673281101,0.001795020551616095,-0.9638485965002275,0.6931863325990051
22.80914282798767,6.853024848065452,-4.703850642347008,2.5007172754840656,-0.5527352378914517,-1.4406142293567967,-0.00012325986415935914,0.975684973173045,-0.16163625269777482,0.0016855504392320811,-0.9644607564099426,-0.030607995485754103
22.82909917831421,6.847574496046488,-4.718269180957319,2.5007157390291668,-0.5421710532688724,-1.4422117617668497,-0.00012700744695699206,0.9756532385074886,-0.14168734708880396,0.001582936830712665,-0.9575326513932723,0.3464052508335147
22.849647045135498,6.826710893113493,-4.776118250216047,2.500709950908075,-0.5021385577851831,-1.4488458771517176,-0.00011067426206534103,0.9738005671655839,-0.12126407122054886,0.0014848237797130766,-0.9414165310996623,0.8058060146804991
22.86911416053772,6.816862760183418,-4.805118072067185,2.5007080279750413,-0.482680802974091,-1.4510690996108788,-8.193754248515543e-05,0.9719802264867405,-0.1011015489113958,0.0013892729492463623,-0.9436258602787992,-0.11046645895684826
22.889034748077393,6.812099826863646,-4.819650313709402,2.5007042271246354,-0.4725461715442609,-1.4523637126319535,-0.00015739233198408767,0.9716461039086108,-0.08052004956103187,0.0013043868019715888,-0.9357001418353983,0.39628592217004766
22.909104108810425,6.802843209331837,-4.848712334024776,2.500701334607466,-0.4531167654105703,-1.4537706568700623,-0.0001321349372072451,0.9712909630221224,-0.060221418957479615,0.0012217207189403332,-0.9317840589513495,0.1958041442024383
22.929086923599243,6.798369669501438,-4.8632840357155604,2.5006984225674387,-0.44315430971437014,-1.455081650898502,-0.0001641223736762379,0.9717324122185595,-0.040311284896575816,0.001146177070449941,-0.9285043045876322,0.1639877181858651
22.949535846710205,6.781426300670847,-4.921589967923739,2.5006923133414856,-0.40420524657880363,-1.4582520150350613,-0.0001303657314602799,0.9667782808215962,-0.020995923100347584,0.001072632706136688,-0.9101259448844874,0.9189179851572415
22.969152212142944,6.773535226544351,-4.950757932398424,2.500689915748548,-0.3849183190624615,-1.458480892839472,-0.00010963217927164421,0.9619323529529078,-0.0019340306513143076,0.0010010472443583748,-0.913836077935358,-0.18550665254353227
22.989023685455322,6.769738169943526,-4.965378083962579,2.5006853955048114,-0.37509526288710604,-1.4595685190173597,-0.00020206686079530067,0.9723002255623553,-0.011876651692065636,0.0009398164911777147,-0.9050426068998645,0.4396735517746775
23.009162425994873,6.762431392608912,-4.994572461219709,2.500681538130231,-0.355549462686895,-1.4599002664370706,-0.00018386928199774343,0.9822026833683618,-0.021194718166594972,0.0008802107727289371,-0.9016116627657302,0.17154720670671253
23.0290744304657,6.758925815440947,-5.009199875798187,2.5006777290707998,-0.3457081927274698,-1.4608368272183856,-0.00022706843958298945,0.9853177781008433,-0.024172066648858574,0.0008271012822983505,-0.8980733794230913,0.1769141671319474
23.049126863479614,6.752208912521995,-5.038421626165904,2.500673349652513,-0.32597240062702765,-1.4613468647214347,-0.0002110457024610717,0.9882273795959666,-0.02676871301545276,0.0007754070310765522,-0.8897195117415184,0.4176933840786434
23.069118976593018,6.745855021738907,-5.067622050365247,2.5006713578708806,-0.3069124382705392,-1.4609363637300197,-0.00013558189978747645,1.0038543210670685,-0.022423480734129416,0.0007221833014123601,-0.8860420032191234,0.1838754261197506
23.089064359664917,6.737064437938282,-5.111419669782945,2.500670586003301,-0.27771518299929504,-1.460383328046401,-2.6674761409569494e-05,1.017377477756928,-0.01417524801274868,0.0006648783135406591,-0.8730112006198811,0.6515401299621137
23.109112977981567,6.731714479491701,-5.14062962406532,2.5006701817443924,-0.25723770260929135,-1.4605847765730127,-1.3936754972865759e-05,1.030265321790375,-0.005978170597351042,0.0006091903501062695,-0.8721435963419313,0.04338021389749258
23.129196166992188,6.729148099459564,-5.155202515698173,2.5006731496946615,-0.24822781809428973,-1.459738331402043,7.36503439891348e-05,1.0323503421031683,-0.008444452295614968,0.0005513551086678126,-0.8671318778162393,0.25058592628459664
23.14907932281494,6.724390140857093,-5.184399118508551,2.500674729201176,-0.22756184476829955,-1.4599290311842967,8.411313440368074e-05,1.0342096057552586,-0.010569003371075822,0.0004952028713505459,-0.8595902286631936,0.3770824576522891
23.169137001037598,6.71996294849046,-5.21356780004726,2.5006818429447173,-0.20897370019818012,-1.4591734769575293,0.0002325646380285446,1.025423354598407,0.007470002494743651,0.00043299291399066087,-0.8552791720995967,0.21555282817984356
23.18902277946472,6.71412190128593,-5.257322593255555,2.500692954099495,-0.17917745115316325,-1.4583634716484295,0.0003568355482795994,1.0171452228591054,0.023032450062572426,0.0003658211531602952,-0.8424995240203317,0.6389824039632508
23.20915675163269,6.710741237932244,-5.286484226711543,2.5007001595998157,-0.15891591227058585,-1.4577485331077613,0.00036349744997586853,1.0090367715208786,0.0384347023294145,0.00030071060630234604,-0.8412533345999704,0.06230947101806272
23.22903847694397,6.707752084262133,-5.315624949668991,2.5007103171186746,-0.13902511608461052,-1.4568352488351597,0.00042846513426319426,1.001812628584789,0.043898950094612615,0.00023535544163303364,-0.8313091527607575,0.49720909196064866
23.24956250190735,6.705171469019097,-5.344752500408313,2.500718929238724,-0.119060078495958,-1.4559009352117256,0.0004325358949889526,0.9947115227557848,0.04956584779165634,0.00017206234269716492,-0.8280932262348903,0.16079632629335538
23.269159078598022,6.704040706809186,-5.359316018059755,2.500723565506438,-0.10886230235839658,-1.455670841732388,0.0004410768521448293,0.989137255416923,0.03985920543537644,0.00011219359531108958,-0.8244316639391713,0.1830781147859506
23.289018154144287,6.7012380626978425,-5.4029645145533385,2.5007371206992066,-0.07869517651134973,-1.4543458246262526,0.00045092837157372927,0.9867872826453168,0.036651746300364815,5.439118768474853e-05,-0.8110667905894986,0.6682436674836367
23.309109687805176,6.699861357556401,-5.432044297533816,2.5007461463867617,-0.05898333072503865,-1.4536420343573477,0.0004514540576056221,0.9843893672866781,0.033783382764428486,-1.5070699867633466e-06,-0.8100881415634973,0.048932451300065516
23.329076051712036,6.698896100877936,-5.461073927276705,2.5007541463609404,-0.038905166636375374,-1.4520766428391687,0.0004248513046125617,0.9816070794884879,0.02433842422282952,-5.2278363652752506e-05,-0.7999523571220264,0.5067892220735448
23.34934163093567,6.698317912791608,-5.490089301788881,2.500762455498843,-0.01918269659295055,-1.450959018075931,0.00041703537122764835,0.9780267213319871,0.012899495639027468,-0.00010017436074915214,-0.7960394490128206,0.1956454054602874
23.369121074676514,6.69812962624801,-5.519106632551449,2.5007707730614874,0.0003421565992071708,-1.4508100388860667,0.0004145667747178602,0.9744610284359457,0.002105141957609437,-0.00014641024087252955,-0.7886901614985953,0.36746437571126833
23.389095067977905,6.698340743431565,-5.548044059019565,2.5007791026464656,0.019972196663643218,-1.4486849687804142,0.0004140549544838439,0.9624280926242016,0.01171117393036154,-0.00018974200183938212,-0.7829245660374728,0.2882797730561215
23.409101247787476,6.698931884787266,-5.5770147709720925,2.5007873429863285,0.03910276091346369,-1.4483538886360965,0.00040983978093835506,0.9506746401898283,0.021412476234928465,-0.00023151753355212957,-0.7768793623905239,0.3022601823474469
23.42910385131836,6.699383794016632,-5.591450159874047,2.500791516136117,0.048925329331888805,-1.446786373057587,0.0004088298387054131,0.9408585280865682,0.027939498957411758,-0.00027047880767487576,-0.7752254583118141,0.08269520393549001
23.44908332824707,6.700549828242104,-5.620379854228114,2.500799636112554,0.06764606109782749,-1.44616063600992,0.000403042782217034,0.9312488524106924,0.03466733229041316,-0.00030798595477647385,-0.7660003502842576,0.4612554013778247
23.469157934188843,6.702137873516158,-5.6492752555999095,2.5008066439286534,0.087403856353991,-1.4449465253162332,0.00036753457340002406,0.9177098211562258,0.04439863069226112,-0.00034083482234196035,-0.7619705389839302,0.2014905650163712
23.489027976989746,6.705209969577575,-5.692611073080069,2.5008158513861343,0.1158552865633286,-1.4439488651425196,0.0003106745555618214,0.9008080605250561,0.03172259444172736,-0.00036867292149963735,-0.7493691296665328,0.6300704658698697
23.5091335773468,6.707706137540061,-5.721484503932118,2.5008219893442574,0.13370699425652033,-1.4434333460854418,0.00030303228774499803,0.8844533201681022,0.019984572611914848,-0.000395363860796672,-0.7480117444722802,0.06786925971262736
23.529074668884277,6.7091241148694865,-5.735915859745602,2.500822583893965,0.1434864159058359,-1.4432106621294727,0.00022267447387175118,0.8712513593529774,0.010664723518823119,-0.00041501530937138953,-0.7433810047436098,0.2315369864335226
23.549740314483643,6.715634315537676,-5.793581696803151,2.5008266751316897,0.18004719088188278,-1.441345652200854,9.762652062272983e-05,0.8606693336558875,0.015522828349757963,-0.00042587342379662177,-0.7267760666369583,0.8302469053325767
23.569082260131836,6.7194067010587455,-5.822405167100516,2.5008285417953715,0.19715697341448077,-1.4409842324319528,8.900577185032476e-05,0.8503529401694906,0.0206662730507984,-0.0004360963002198497,-0.7280718497813718,-0.06478915722067935
23.589168548583984,6.723519236509703,-5.851220361550186,2.500830234041421,0.21406305925250396,-1.4405171335837892,8.018684595184542e-05,0.8402991612593317,0.02608987200679935,-0.00044569257595664195,-0.7176991481225481,0.5186350829411879
23.609131813049316,6.723568654559744,-5.851172240679625,2.500822794416667,0.21518863726791523,-1.439342568826265,-0.000103455262092712,0.8382637560484999,0.027593844379369854,-0.00044212575853517085,-0.7238313766271038,-0.3066114252277874
23.62906503677368,6.730432170346308,-5.8943353556965095,2.5008159860497594,0.2411466391106282,-1.4383741681094184,-0.00021784223787269465,0.8351349283170537,0.03132864428567265,-0.00043130213094462087,-0.7057774717764782,0.9026952425312817
23.649101734161377,6.735421919531869,-5.923096307611525,2.500811543663621,0.25781771746305227,-1.4377074613340342,-0.00022636046622039334,0.8319663466707821,0.035397163837259375,-0.00042052923121305516,-0.7075593485478202,-0.08909383856710029
23.66917657852173,6.738053567189717,-5.937476308713698,2.5008025223450017,0.2663719202204292,-1.4374319887355442,-0.00042018958275256616,0.8231588997428712,0.04351056040194752,-0.00039762003086892027,-0.7018975595510217,0.2830894498399239
23.688990831375122,6.746420322501525,-5.980594347932433,2.500786584954482,0.2911715090812001,-1.4366294622307374,-0.0005161124844443633,0.8188966386163525,0.034106183978308335,-0.000369337842983843,-0.6916493548649236,0.5124102343049053
23.709139108657837,6.752407248945738,-6.009320712057862,2.5007761906909405,0.30750700019706656,-1.4360362460738012,-0.0005232217104736345,0.8146560964593051,0.025317315263555656,-0.00034168999480759736,-0.6891123227447875,0.1268516060068059
23.729095935821533,6.755521946555641,-6.023684694845703,2.500769987277928,0.31556597384363494,-1.4359601588013735,-0.0005520471029625125,0.8094929140714127,0.01647136744368662,-0.00031352430294020144,-0.6859319347319413,0.1590194006423129
23.749102354049683,6.761994821705142,-6.052401161336351,2.5007588854758307,0.3317044173885011,-1.43571383812154,-0.0005580414108900208,0.8043558019974525,0.008266860686928142,-0.0002860154432939386,-0.6788095387146278,0.35611980086567296
23.76912760734558,6.768787240954751,-6.08107969153547,2.5007488866605225,0.3477139851285831,-1.4347775113888297,-0.0005267325499026384,0.8036164970614635,-0.009107853969368909,-0.0002616787284334603,-0.6744508492771213,0.2179344718753251
23.78916907310486,6.779572905054224,-6.124087134348103,2.5007348755138707,0.37157262066053426,-1.4340468623762366,-0.0004781750210601215,0.8012062134848994,-0.0289783696392081,-0.00024123172012978746,-0.6638666884195414,0.5292080428789925
23.80929708480835,6.787164431921615,-6.152775135181466,2.5007252651078082,0.3875716259572565,-1.4348156771339162,-0.0004827989219453678,0.7986742138666958,-0.047715476147076316,-0.00022123269872339327,-0.6617303610487149,0.10681636854132925
23.8291015625,6.7910636417467565,-6.167075255543204,2.5007224011399436,0.3949864552780679,-1.4337917309723855,-0.00043219480325521836,0.7880329666227868,-0.0412039180870743,-0.00020540110633123887,-0.6585294539027435,0.16004535729856606
23.849161386489868,6.7991202762150085,-6.195758878692006,2.5007137172031357,0.4106420658772399,-1.434547671888487,-0.00043614716839940787,0.7775552452088129,-0.034330427545618415,-0.00018988832509723885,-0.6517969362222598,0.3366258840241887
23.869110345840454,6.8074688940902375,-6.224377917802155,2.5007083937877463,0.4256500489029567,-1.4334931042901737,-0.00035047793305601773,0.7667193724903069,-0.045789727971943854,-0.00018040649413786328,-0.6475293340218831,0.21338011001883483
23.88901376724243,6.820581372338603,-6.267375900630023,2.500700197866081,0.4484407393115982,-1.4339242414061402,-0.0002875032875995598,0.7464092252307675,-0.024743632936725348,-0.00017513605418440368,-0.6375068250962483,0.501125446281736
23.909160614013672,6.829698142057193,-6.296057940896314,2.5006944131244806,0.4631703357858135,-1.4342102840370603,-0.0002909533047117278,0.7266400979459681,-0.0038932828823641874,-0.00016986575744396841,-0.6354008459968874,0.1052989549680472
23.929049015045166,6.834374222779621,-6.310396585904917,2.50069310064795,0.4705541599891747,-1.4340454942477558,-0.0002508890011475207,0.7105268607245324,0.015900633899367626,-0.00016723167044519982,-0.632359681161152,0.15205824178676774
23.9491024017334,6.843926358417946,-6.339073004976463,2.500688049601165,0.4846071097147791,-1.4335310272585553,-0.0002542066334269856,0.6948385447257451,0.03551632052396422,-0.0001645185318518407,-0.6260507974822582,0.31544418394469087
23.969173192977905,6.853812929660196,-6.367812963105016,2.500683639120861,0.49975422292858485,-1.4347258802583165,-0.0002434566860787132,0.6749908819179573,0.050445254621398955,-0.00016233139003433996,-0.6217516129031044,0.2149592289576896
23.989032745361328,6.869152179499859,-6.41090478829392,2.50067604109586,0.5211543363021867,-1.4352123717829708,-0.0002540629885061422,0.6662619054701764,0.060248430220079065,-0.00015934631160990462,-0.6123699532732148,0.46908298149448413
24.009116411209106,6.879707947313237,-6.439596324890392,2.5006709281689607,0.5343940565761924,-1.433908105297704,-0.0002572195433877307,0.6577453290626423,0.0702031320147049,-0.00015629892297481046,-0.6101943297609282,0.10878117561432532
24.029074907302856,6.885115365916617,-6.45399726713537,2.5006679901386417,0.5416890282361038,-1.4350485360971148,-0.0002704676795514325,0.6431684983018325,0.06951490666893366,-0.0001523356091303949,-0.6074585189572024,0.13679054018629344
24.04919171333313,6.896076829881225,-6.482684363062554,2.5006625505835216,0.554410209106934,-1.4336621736562873,-0.0002734745305425406,0.6290206809469014,0.06917970164257824,-0.00014834504510961025,-0.6014091361016716,0.30246914277654025
24.069138765335083,6.907331753412592,-6.511422417954991,2.500657356390683,0.5678290604870483,-1.4341446678230756,-0.00026602204017897455,0.6075493031017735,0.06896428666386548,-0.0001447385368691547,-0.5974640984554758,0.19725188230979018
24.08926820755005,6.93057756357244,-6.568768915281338,2.500647383552167,0.593114153212644,-1.432046032569808,-0.0002521230793453042,0.5870628858952169,0.09018151147903647,-0.0001418804747334613,-0.5848802280056744,0.629193522490068
24.10914707183838,6.942555920906699,-6.597390397942531,2.500642312907788,0.6046551196997129,-1.4300323621420123,-0.0002549316480565961,0.5671246338571453,0.11114294236378422,-0.0001389673372555812,-0.5849694284078408,-0.004460020108321139
24.12910294532776,6.9425675816325505,-6.597399010190158,2.5006412649827454,0.604792262595943,-1.4300634396286103,-0.0002923335810732722,0.5480332194798491,0.13144995281329844,-0.00013367511366373281,-0.584767189234471,0.010111958668490573
24.149083137512207,6.9547717865994745,-6.625972647989508,2.5006353919276023,0.6155663155918859,-1.4272335031447596,-0.0002949543804593462,0.5294575747143876,0.1515011131718236,-0.00012840926193199975,-0.5777651915980071,0.35009988182319596
24.169156789779663,6.967271073230423,-6.654587645008816,2.5006265989836356,0.6280767510203439,-1.426656873938775,-0.0003686987674122152,0.5126485388491133,0.16953386179756635,-0.00011837629036257939,-0.5745615390710515,0.16018262634778235
24.189008235931396,6.986394690069041,-6.697392981047403,2.5006140383965882,0.6447312347873775,-1.4237551965888458,-0.0004099089634199611,0.4949693898525963,0.1878992518265163,-0.0001058630120133726,-0.5658655921366726,0.4347973467189403
24.209083318710327,6.999387154840024,-6.725829292095249,2.5006058198653847,0.6544579631207545,-1.4198154450339284,-0.00041190334838718187,0.47778554261531936,0.2060382092180329,-9.362040139760292e-05,-0.5640067970303004,0.09293975531861065
24.229068279266357,7.005991685517807,-6.740091090370861,2.5006013110514904,0.6601530221398573,-1.4198923086146795,-0.0004237394830325356,0.4680887932844808,0.19882957620527655,-8.11184403850701e-05,-0.5616238330903598,0.11914819699703205
24.249085426330566,7.019287731537999,-6.768449624429575,2.500592820857455,0.6694202070824655,-1.415983344670802,-0.00042523918948875666,0.4586768985772999,0.19215522376013636,-6.889909813481812e-05,-0.5562602025660808,0.26818152621395086
24.269139528274536,7.032819576335103,-6.796814092829213,2.500585098553018,0.6797405246566343,-1.4141393710368095,-0.00040270695573123365,0.4488618121315879,0.1786371006216809,-5.849801791806789e-05,-0.5526195196289776,0.18203414685515895
24.289090871810913,7.05343084687037,-6.839157944246519,2.5005742799236597,0.6935771489707648,-1.4088242208725097,-0.00036644269805241006,0.4380804392513329,0.16341780141077125,-5.0585412761068954e-05,-0.5447722497049834,0.3923634961997102
24.309085607528687,7.067389304502468,-6.867302715447594,2.5005669414724196,0.7022338293432235,-1.4057006840669182,-0.0003673765636312624,0.4276449037519956,0.14908215123566956,-4.282669857259321e-05,-0.5428431345132747,0.09645575958543429
24.329033374786377,7.081526598646919,-6.895329764451034,2.5005614765124236,0.7109391514284872,-1.4012884002251347,-0.00032321418538755736,0.4270789591109516,0.13502001352041879,-3.8053988714606745e-05,-0.5373807116388947,0.27312114371900176
24.349100828170776,7.095830760063077,-6.92332942226771,2.5005550049330236,0.7194751253748314,-1.398721350040494,-0.0003239280504993513,0.4265195144942881,0.12182923473160269,-3.3342758499801285e-05,-0.534236269278697,0.15722211800988095
24.36916470527649,7.103039778001841,-6.937247319465777,2.5005531150624747,0.7234442738049729,-1.3956064646951911,-0.00028475878610003714,0.41953137249965056,0.13241226492894032,-3.122737553185315e-05,-0.5327233187133373,0.07564752826798582
24.389058351516724,7.124911878908257,-6.978995388674311,2.5005464768650745,0.7353600232722513,-1.3900517680955289,-0.00023000492856965158,0.40945646897814686,0.12180283734494099,-3.246973880144761e-05,-0.5242758497544351,0.42237344794511245
24.409155130386353,7.139700317982631,-7.0067727351867175,2.5005418701959825,0.7434515639798658,-1.3877158806835115,-0.00023066570598666617,0.3997603342776727,0.11190341047832673,-3.35873788484735e-05,-0.5229655652203107,0.06551422670622031
24.42916703224182,7.147130661208017,-7.020598729946187,2.500541390795531,0.746751489124638,-1.3854195526373871,-0.00017950264262384238,0.39939712205669387,0.09781074928529482,-3.773508181027758e-05,-0.5207678085524119,0.10988783339493935
24.449148416519165,7.162145546631311,-7.048288453879786,2.5005377929300905,0.7547358711511795,-1.383596856598289,-0.00018029699902854718,0.39904250425613697,0.08460578226904042,-4.16644156180962e-05,-0.5161223114569675,0.23227485477221865
24.46912384033203,7.177287189537707,-7.075851972572244,2.5005370937308626,0.7618067998719875,-1.3796257407882977,-0.00010865668243495646,0.3931939837569895,0.07699397488095307,-4.972974644109163e-05,-0.5127343670721394,0.16939721924140727
24.489184856414795,7.200288790495878,-7.117135537618674,2.5005357292255144,0.7726902330205789,-1.3754006891957524,-5.4792413342097833e-05,0.3854617584320991,0.06507020429802597,-6.0733936907581935e-05,-0.5059090258490104,0.3412670611564472
24.509153604507446,7.215819185452702,-7.144631290439416,2.500534620519129,0.7803243822029778,-1.3742115548494116,-5.6113423075091605e-05,0.37799756793997513,0.05398141768265331,-7.129337987181733e-05,-0.5040037357553051,0.09526450468526626
24.52920889854431,7.2236106322553955,-7.158302594616691,2.5005358935972426,0.7831751502180636,-1.3718147991054188,-6.1932021776883075e-06,0.37163544638708335,0.04465155929914218,-8.424900095741524e-05,-0.5023047742513991,0.08494807519530134
24.54909110069275,7.239348050432301,-7.185730544983189,2.500535752045577,0.7905462739757987,-1.3710088556934124,-8.003427094075639e-06,0.36551734681537845,0.03606593788865639,-9.668791142630363e-05,-0.49778503495722726,0.22598696470859103
24.569054126739502,7.255199196442501,-7.213037014943636,2.5005381496591146,0.7969885234098174,-1.3677125757009578,5.500164139311138e-05,0.35816207622237084,0.030356087534791718,-0.00011225757921671911,-0.49460851643637893,0.1588259260424163
24.589040517807007,7.279253400871738,-7.253997721834256,2.500541472002461,0.8072906882798329,-1.3650935132237236,0.00010093551457902069,0.36174001924091437,0.04427277858738977,-0.00013002324919265585,-0.4881494645365687,0.322952594990511
24.60914397239685,7.2954717931635935,-7.281289807233939,2.500543463558267,0.814559934381785,-1.3640684704583836,9.816314601060716e-05,0.3651580911406953,0.058239616568600716,-0.0001470993960031147,-0.4861811860868932,0.09841392248377545
24.629141807556152,7.303612423731451,-7.294898080340781,2.5005460568457734,0.8175557159447917,-1.3625802938334046,0.00014189976341617518,0.3689837100291493,0.0740126275105603,-0.00016578289744554312,-0.48466927966773854,0.07559532095773314
24.6491117477417,7.320037581923269,-7.3221338343562135,2.500548860475696,0.8249723286921499,-1.3609426783641752,0.00013840339957360779,0.3726513735866239,0.08974140227970769,-0.00018373181236846305,-0.47997921349256467,0.2345033087586934
24.66914701461792,7.336551069849906,-7.349367721357883,2.500554436456658,0.8309107531997872,-1.3599992757807788,0.0002070667646899386,0.3779402951113057,0.10324930589248243,-0.00020488955594302969,-0.4774005802927932,0.1289316599885737
24.6890549659729,7.361598143090207,-7.390173043494031,2.5005626540172132,0.8408466793645833,-1.3583116466103524,0.0002612770254672358,0.3833838775839623,0.11426651445726291,-0.0002286307485787221,-0.47092127627883373,0.3239652006979732
24.70907950401306,7.378492106776634,-7.417315682307948,2.5005678322951166,0.8485671966167637,-1.355915090253335,0.0002564747082752556,0.3886361099454906,0.12540980719474099,-0.00025144791074691665,-0.468636422062211,0.11424271083113613
24.729174613952637,7.386944960424419,-7.430922368246152,2.5005724477776075,0.8509578100016115,-1.3561186556760985,0.0003115853299561677,0.3877938895069641,0.13384176663662167,-0.0002762524101364293,-0.4677811190821335,0.04276514900387607
24.74919605255127,7.404041617826824,-7.458017399238722,2.5005786226291598,0.8587050278037792,-1.3533555637202346,0.0003058204091994427,0.38692316379098013,0.14250563590107082,-0.0003000774224881573,-0.462523176374968,0.2628971353582754
24.76918125152588,7.421217790581657,-7.485144104101442,2.500587685365897,0.86463775568598,-1.3526064203110575,0.00037429572598636295,0.39049168058825817,0.1522052272412121,-0.0003267940634604784,-0.46029902610067586,0.11120751371460624
24.789057970046997,7.438588873126697,-7.512165135999558,2.500595104193786,0.8724818077455258,-1.3494638514706505,0.00036750155425946743,0.39388439238206635,0.1620805585498756,-0.00035244690107743925,-0.4557409777598651,0.22790241704053749
24.809154272079468,7.456057469964375,-7.539204369112654,2.5006049487221884,0.8788574818151029,-1.348211367797858,0.0004245931292863432,0.3918271746216687,0.17070508857864086,-0.0003801611217400156,-0.4529339895974802,0.14034940811924468
24.82906150817871,7.4825655481311735,-7.579627917436738,2.500619171588743,0.8896620159099463,-1.344560371302312,0.0004603729384365399,0.3924023202309281,0.17889347912921336,-0.00040914401545684187,-0.44613924996152843,0.33973698179758927
24.8491370677948,7.500437302329601,-7.606482788217549,2.5006282953453858,0.897514993256509,-1.3408986109085947,0.00045191003419532775,0.3928791399181845,0.18732214856531731,-0.00043695176189194166,-0.44407234431098264,0.10334528252728958
24.869091510772705,7.509403294078876,-7.619931035907418,2.5006341601789983,0.9006059003805512,-1.3403374680061397,0.0004844201745189727,0.39000995801637506,0.19490313189214417,-0.00046497113689806277,-0.4425928803845802,0.07397319632012067
24.88904333114624,7.536574007419807,-7.6601025470542385,2.500649637339274,0.9116552231799804,-1.3358119733755798,0.0005034980997540373,0.3886004930374408,0.20274879786856928,-0.0004932281431846009,-0.4349069406364827,0.38429698740487517
24.909108877182007,7.554884734280858,-7.686777701893776,2.5006596068315714,0.9194125161509665,-1.3316765725797663,0.000493360915149228,0.38711648112347535,0.21083010781264772,-0.0005202928402308742,-0.4330054820418314,0.09507292973256476
24.929235219955444,7.5640821353227095,-7.700123208689471,2.5006653269954273,0.9228398616822611,-1.3305947016612378,0.0005096259769638347,0.3876343688345812,0.21995819281354287,-0.0005465532252102252,-0.4315746165563161,0.0715432742757649
24.949177265167236,7.582616487044828,-7.726690493833745,2.500675408511444,0.9305965769270382,-1.3261028071902428,0.0004984419378092325,0.3880143185348858,0.22925978883672574,-0.0005716595625379872,-0.426162069809902,0.27062733732070576
24.969081163406372,7.6012900052326815,-7.753226465684656,2.500686314250363,0.9379689468255281,-1.3228740465670539,0.0005128411302079646,0.3886951985701749,0.24467546638586807,-0.0005961141261999655,-0.42358992875503887,0.1286070527431571
24.989033460617065,7.6295940927186745,-7.792842850937864,2.5007020553385373,0.94931031471041,-1.3165731636560856,0.000513373751159462,0.38414221912722074,0.2589629736925164,-0.0006198289922416909,-0.41621544002097544,0.3687244367031717
25.009045124053955,7.6486568228960925,-7.8191215720680605,2.5007121973223683,0.9569474581831902,-1.311251521940534,0.0005007492822418846,0.379568776401356,0.2731911724967188,-0.0006424341292771506,-0.4139675567051122,0.11239416579316153
25.029075860977173,7.6582388091882265,-7.832260091546089,2.5007177928830737,0.9605390576063303,-1.3095002394997632,0.0005104485710545975,0.3758858320365027,0.29109352475470046,-0.0006640511622133575,-0.4126292852315374,0.06691357367873962
25.0491304397583,7.677524521077428,-7.858390694500248,2.5007278676564515,0.9680197951001045,-1.3035010719714273,0.0004969602585585702,0.37218497679979223,0.3087887101801636,-0.0006846038447061083,-0.407356207873379,0.26365386790792034
25.069113731384277,7.696966164111883,-7.884483417864565,2.5007385066173846,0.97563305119935,-1.2993102867537811,0.000504090005232842,0.36900101576996625,0.3274289511317245,-0.0007042808994138064,-0.4041717620510914,0.15922229111438035
25.089041233062744,7.726411144371536,-7.923376063114393,2.500753813173928,0.9869562715705849,-1.2910687246989736,0.0004977238106482574,0.36487074154111576,0.34529288837309385,-0.0007230176124104819,-0.39687133168115585,0.36502151849677755
25.10911536216736,7.746222966741747,-7.9491272012627565,2.5007636218477662,0.9942120744179352,-1.28398642063993,0.0004830844620876431,0.3607034464397487,0.36289375394032536,-0.0007407511499051936,-0.39435030049103714,0.12605155950593527
25.12911581993103,7.76619594087693,-7.974818320990347,2.50077381669884,1.0018060969145348,-1.278774739129193,0.00048390591680960525,0.35570275439505605,0.3691153741660304,-0.0007573511058675351,-0.3898940562271105,0.22281221319633282
25.149128675460815,7.786302870627372,-8.00031957041998,2.5007833422880337,1.0088702519494093,-1.2713289666851455,0.00046860084629451147,0.3507149030791165,0.3754864535216568,-0.0007729981955369341,-0.3862189619037353,0.18375471616876027
25.16911220550537,7.796421738420031,-8.013059644584386,2.5007885621706167,1.0127023368815935,-1.2687584171063184,0.0004772470943826122,0.34657002582339175,0.38404307070813737,-0.000787966332695481,-0.3851063258864236,0.05563180086558539
25.189159870147705,7.816744822625764,-8.038357430863323,2.5007979485672718,1.019592253474063,-1.2609914895186818,0.00046134573223610833,0.342420966612941,0.3926594039932196,-0.0008020182024648305,-0.3796094540217223,0.27484359323506347
25.209115028381348,7.837230834773422,-8.063545139189687,2.500807708687388,1.0270385508241213,-1.2541037742165884,0.0004604897941164815,0.3369820498802678,0.4098050192616138,-0.0008150249051240701,-0.3760964732799268,0.17564903708977564
25.229243993759155,7.857848672793282,-8.088558060166495,2.5008167459558535,1.0340439867935585,-1.246201341378886,0.0004440394378707468,0.3295612139286395,0.42753570280205816,-0.0008266022772223021,-0.3718657904639344,0.21153414079961852
25.2491397857666,7.878594975132794,-8.113395411235695,2.5008254606938776,1.040561849608424,-1.23747555792554,0.0004273985377545955,0.3222419379004623,0.4449980061893701,-0.0008373504998117205,-0.36752939019652864,0.2168200133702891
25.26909828186035,7.899502063408613,-8.138105995364555,2.5008343038183876,1.0477518042930514,-1.2297919671987767,0.0004236198904700228,0.31532269006007374,0.4548188295334249,-0.0008470334095678415,-0.363756641768183,0.18863742141728146
25.289039373397827,7.9310999770309865,-8.174834705479327,2.5008472546842246,1.0577406901968698,-1.2172770392308823,0.0004163020945920385,0.29816134337427275,0.45293365474664343,-0.0008561617383542514,-0.3564082890685589,0.36741763498120417
25.309075117111206,7.952313306877476,-8.199089773676464,2.500855408923712,1.0635369443643246,-1.2082352971106312,0.0003990939878045163,0.2815562027063506,0.4512786052057286,-0.0008645218021716003,-0.35384015259961954,0.1284068234469693
25.32918620109558,7.962990536566635,-8.211170176201707,2.5008595867822274,1.0670248341742457,-1.2043194871159635,0.00039372845708287045,0.26525782465577813,0.44362308623117175,-0.0008717053142811775,-0.3524390069699952,0.07005728148121726
25.34913921356201,7.984383025838092,-8.235168330298833,2.500867286567234,1.072171600610744,-1.1955200173663234,0.0003762284821776518,0.24951000097259884,0.4363945558193625,-0.0008781738766668498,-0.346888749137765,0.2775128916115088
25.369205713272095,8.005956612860626,-8.258967526342968,2.5008733040866153,1.0790674384697163,-1.1860886400460755,0.00032137387758981415,0.2325332925484101,0.43278174257772256,-0.000880511910088555,-0.34351328388232405,0.1687732627720484
25.38917636871338,8.038493962990167,-8.294310973970967,2.500880571013279,1.0876594130579518,-1.1718934073625278,0.00023795145205096922,0.21855660742916722,0.4230666957305399,-0.0008776895912249266,-0.33597508014455535,0.37691018688843503
25.409149408340454,8.060289956120595,-8.317664851117476,2.5008851547127726,1.0918949964700664,-1.163525005227109,0.0002204292496575771,0.20508544439514992,0.4138571987060903,-0.0008744640038420504,-0.33398973732944626,0.09926714075545462
25.429194927215576,8.082251314358647,-8.340768375381707,2.5008858258432185,1.0980183425266683,-1.1530292095834922,0.00011296270677728734,0.2025598477527802,0.4233735231930185,-0.0008642285465467823,-0.32868835181433775,0.26506927575542516
25.449158430099487,8.104252024669579,-8.363743652605269,2.5008879129422055,1.102044260895462,-1.144466936192572,9.57818546918084e-05,0.20003154829765663,0.4328464747972974,-0.0008538297837935424,-0.3260605075032519,0.13139221555429348
25.46906852722168,8.115323186475582,-8.37511665427677,2.5008862514111336,1.1051576711414726,-1.1386434051247707,-4.9128167221977545e-05,0.19979414628598383,0.4460303405687381,-0.00876608989364468,-0.3238647170838589,0.10978952096964978
25.489020824432373,8.14858788984581,-8.409056952671518,2.500884476579441,1.111680197628172,-1.1246253507402653,-0.00018728973918455603,0.19968842834719985,0.4658241562480288,-0.008325545906616565,-0.31624939480404635,0.3807661139906271
25.509134769439697,8.170861420967555,-8.431454997034269,2.5008790945313253,1.1156723313034398,-1.115114555711644,-0.00034948079552613856,0.19951346972181883,0.48518315951298785,-0.00789526113089953,-0.3140705849643801,0.10894049198331146
25.52901315689087,8.193214455905373,-8.453672316262303,2.5008758174710497,1.1195776321853992,-1.105663137425736,-0.0003826390822152499,0.1968314949237236,0.5044835848344014,-0.007487487180730871,-0.3096374053057245,0.22165898293278197
25.54914355278015,8.215645195742056,-8.47568341741045,2.5008666938970214,1.123487391199797,-1.0953840951452798,-0.0005283910219057467,0.19414341519249492,0.5233483155668543,-0.00708929596824435,-0.3056151019975659,0.20111516540792795
25.569133520126343,8.226879235024631,-8.486643751785548,2.5008627851773055,1.125088071442448,-1.0909969914717248,-0.0005474516486261307,0.19013688786863547,0.5344472069286109,-0.0067127012696280765,-0.30538967246153303,0.011271476801644198
25.589052200317383,8.24941875654276,-8.508356070073022,2.500850518263199,1.1288507131306804,-1.0801983625857672,-0.0006780142181235854,0.18612672616544182,0.5453896169812877,-0.006345036580088061,-0.29966290823290764,0.2863382114312696
25.609140634536743,8.272020114698591,-8.5299241082692,2.500836738798907,1.1322256781352649,-1.07103480372905,-0.0008442532803727964,0.1819850931807796,0.5525191487331166,-0.01392040258517719,-0.2966854856526817,0.1488711290112965
25.62911081314087,8.306061534678388,-8.561843445154825,2.5008103049275103,1.1374000185584112,-1.055379275835167,-0.0010926051219427085,0.17263527228593387,0.565528154522604,-0.013151673239461759,-0.2894149624585385,0.3635261597071615
25.64917778968811,8.32884344532204,-8.582837069937142,2.500785872808101,1.1407603154522936,-1.0439406493085202,-0.001348106364027816,0.1634161570776234,0.5782941040181796,-0.01240153358690391,-0.2866636020538138,0.13756802023623393
25.66912579536438,8.340253018543782,-8.593274519789357,2.500776229432466,1.142154198376572,-1.0387492287413063,-0.0013484854492941385,0.15532777372699033,0.5988016116381157,-0.011694716009239013,-0.28564102463829144,0.05112887077611816
25.6890811920166,8.374591746961471,-8.62420943027413,2.50073163669158,1.1468455881658097,-1.0218567796264295,-0.0016626388105582964,0.14419688620959245,0.6163629621002475,-0.011003471412691753,-0.27715639789018853,0.4242313374051454
25.709118366241455,8.397556768518239,-8.644522143499584,2.50069622844923,1.149620295260003,-1.0093574022115561,-0.0018759381836810723,0.13331517549572416,0.6335052346796871,-0.010329296278211069,-0.27484513976568437,0.11556290622520837
25.7290301322937,8.420586962455852,-8.664655912894956,2.5006575877690773,1.152510460047442,-0.9983971953426771,-0.0020553827202548533,0.12321798421860712,0.6527074780023694,-0.0096820473991653,-0.27035285930402253,0.22461402308309175
25.749083757400513,8.443661152651284,-8.684492060671746,2.5006145860411224,1.1548756043394406,-0.9851552736321451,-0.0022426867678185993,0.1133314096946474,0.6714001696079437,-0.009051052385003184,-0.26585474521937247,0.2249057042325031
25.769129276275635,8.455229347945606,-8.694365919671862,2.5005924687240704,1.1563463780439112,-0.9799486256169321,-0.002305247938380602,0.10716037119303266,0.6804666532370545,-0.00845256586733631,-0.2657055313487775,0.007460693529748319
25.78905749320984,8.48998622364482,-8.723518792624805,2.5005200959067664,1.1599440501072837,-0.9610804448134822,-0.002537024058477037,0.09183175647373946,0.6984841616251489,-0.007868325642888856,-0.25646752081856095,0.4619005265108278
25.809147119522095,8.513202469184531,-8.742599528205945,2.500467819955795,1.1616307462938253,-0.9469346983470888,-0.0026886737667440783,0.07690442128818717,0.716008727656755,-0.007299141441401235,-0.25421864962993856,0.11244355943111906
25.82907009124756,8.536478622786065,-8.76146661898221,2.5004125816188596,1.1638165872431174,-0.934315328927595,-0.0028307907329491963,0.06550945362439581,0.7259396888000744,-0.006753035060315659,-0.2493761130266945,0.2421268301622037
25.849069356918335,8.5597673091201,-8.78000708812563,2.5003546508860177,1.1650148862328769,-0.9196993190160048,-0.0029605100111542723,0.05436144296590441,0.7356196435120925,-0.006221270495566713,-0.24482323017727792,0.22764414247082865
25.86912965774536,8.571445791974396,-8.789207909601382,2.5003251251318925,1.1661495491109266,-0.9133575733476208,-0.003006311009390378,0.038261656199935774,0.7493932126821276,-0.0057174686012100556,-0.24443734121750627,0.019294447988582597
25.889068841934204,8.606483008991404,-8.816310052517268,2.5002326067089586,1.168191889771875,-0.8918730438826666,-0.003166384477511142,0.023239397644364324,0.7606178178511551,-0.005226866294994969,-0.2348415503137784,0.47978954518639316
25.909163236618042,8.629850512263074,-8.8339946585094,2.5001682656886937,1.1685096336364622,-0.8765512707654506,-0.0032661264276995393,0.00859821232920237,0.7715032432145573,-0.004749527542439123,-0.23254824824796794,0.11466510329052326
25.92911410331726,8.641569562139278,-8.84275086833072,2.5001352997592257,1.169441391173689,-0.8696032246404612,-0.003312911310537843,-0.003788920126709502,0.7771876084777215,-0.004297018270988042,-0.23086864776184912,0.08398002430594076
25.94916582107544,8.664956820029762,-8.859987125886429,2.500068211672128,1.1692440171106688,-0.8540042183841511,-0.0033944306074754427,-0.015903184484605225,0.7826814016960754,-0.0038569785155326444,-0.22461166082532102,0.31284934682640486
25.969133138656616,8.68840414216613,-8.876950467392174,2.499999269031593,1.1705000181679923,-0.8392623433722417,-0.0034743618610553377,-0.022539950817935785,0.7863033116540896,-0.00343645728428765,-0.22121653394453356,0.16975634403937345
25.989058017730713,8.72354431238539,-8.901788206253066,2.4998926213230606,1.1707919575617893,-0.816425715410708,-0.0036634100021999605,-0.02379152461365329,0.7381597510850817,-0.010983510961162322,-0.2128948830636861,0.4160825440423732
26.009122133255005,8.746955317704913,-8.917972230147196,2.4998166671340085,1.1703049289387708,-0.8021326236596019,-0.003956243970210265,-0.024885194923211822,0.6913746105535502,-0.018254087338053344,-0.21022517640571348,0.13348533289863074
26.029075622558594,8.758673992139684,-8.92592630226285,2.4997785550478757,1.1704890969991126,-0.7945369083890415,-0.004126556772827626,-0.025935540089607627,0.645540966319823,-0.024999409521859053,-0.20862792723587908,0.07986245849171958
26.049169540405273,8.78207852503286,-8.941690921183294,2.4996905872224358,1.1699612291071368,-0.7820733271316205,-0.004691852977964554,-0.026824539742340173,0.6010376827186177,-0.031487624495362215,-0.20321372755038114,0.27070998427489723
26.069133281707764,8.805470245581736,-8.956985329593117,2.499602985234528,1.169310840758966,-0.7644544754266572,-0.005064732691741899,-0.02727167805655787,0.560793156355565,-0.037483455064648376,-0.1987192357080687,0.22472459211562157
26.08908247947693,8.840523120659203,-8.979466462443442,2.4994396999571933,1.1680778778006549,-0.7422387291333897,-0.006085138762420934,-0.026708907990180945,0.51988911260825,-0.04310171975716765,-0.19119055622274406,0.3764339742662326
26.109066247940063,8.863879379660133,-8.99420992431386,2.4993090137687357,1.167550278015192,-0.7322396892365225,-0.007001443522253003,-0.026032218057341298,0.48021948924565755,-0.048490799608127945,-0.18935305063809205,0.09187527923260053
26.129043340682983,8.88719343578423,-9.008466251221252,2.4991626110382765,1.1661528188812516,-0.7156183171244542,-0.007864547305509275,-0.03383508330292654,0.4468967355839266,-0.04544006744562139,-0.1834563080247027,0.2948371306694675
26.14916443824768,8.910509222791678,-9.022691397442498,2.4989964315941533,1.1654010592621284,-0.7070032351806247,-0.00874348540730635,-0.041281943475059084,0.4148174269315493,-0.042466544259782704,-0.18131166392169806,0.10723220515023169
26.169099807739258,8.922141180980873,-9.029562498090954,2.4989048855693747,1.1643703126503617,-0.6980819923388644,-0.009214042780448437,-0.048347534821182744,0.38524115246013635,-0.039636331488335695,-0.17913919567532188,0.10862341231880901
26.18905234336853,8.957043368800912,-9.050154563756891,2.4986019814947076,1.1626772072705756,-0.6817485938603072,-0.010630764621329565,-0.05412770900838576,0.3579005557099004,-0.03685448473791396,-0.17238995468023832,0.33746204975417804
26.20912528038025,8.980285716189224,-9.06371972427413,2.4983821771329824,1.1615392044959694,-0.6748550024164847,-0.011340640296581335,-0.05962589290122159,0.33163696488480254,-0.0341450956934183,-0.17129174735463248,0.05491036628029189
26.22903561592102,8.991893106211464,-9.070305454672956,2.4982579989978895,1.1607976700682197,-0.6676337437714737,-0.011917414513349423,-0.05954372873217872,0.30618822296658255,-0.03155721188665826,-0.1691074061758142,0.1092170589409136
26.249186754226685,9.01509716083607,-9.083598536647832,2.498013508353338,1.1596083649457,-0.6617558329788724,-0.012523252492547578,-0.05937198983128065,0.2817742267206919,-0.02903796498954915,-0.16622170563450034,0.14428502706569368
26.26918625831604,9.03826860713998,-9.09655887639165,2.497741728437272,1.1581440472887126,-0.6508990868933402,-0.013467566937052592,-0.061550482325924305,0.2621933244621419,-0.02660189395753547,-0.1626808976808709,0.17704039768147162
26.28913378715515,9.072971097876168,-9.115851679750024,2.497317153929819,1.1559009949409385,-0.6399618887649515,-0.01448609990509703,-0.05966036920785144,0.24034052563965377,-0.02421492698542072,-0.15854899329992644,0.2065952190472231
26.309109449386597,9.096077314244184,-9.12860425905769,2.4970227447942883,1.1547271106689174,-0.6353657425565933,-0.014947075642824893,-0.05771974835306742,0.21943015717861866,-0.021893513701539493,-0.15703587000569286,0.07565616471167935
26.32912278175354,9.119129922182388,-9.141144072988123,2.4967104623373415,1.1527798677149126,-0.6281272551486708,-0.015584815368602336,-0.059245540589214524,0.20107724895679363,-0.01966321603926187,-0.15424663078886924,0.13946196084118068
26.349156618118286,9.14217357547917,-9.153667584090394,2.4963949789365922,1.1515808263522753,-0.6242822313110294,-0.015956299178301474,-0.06063625905570558,0.1835641962067025,-0.017495546306588537,-0.1523877516147345,0.0929439587067371
26.369128227233887,9.15366492200328,-9.159845376253669,2.4962305116320618,1.1503850017932378,-0.6210510131420006,-0.016224062345767815,-0.058602265436235,0.16668298825909345,-0.015438800165834104,-0.15208630519838007,0.015072320817721696
26.389015197753906,9.188131146286699,-9.178355543519599,2.4957330676905523,1.148054030513681,-0.6149119204864074,-0.016774515331769144,-0.06238155028999599,0.1497517890897715,-0.013438637235601321,-0.1482374501875623,0.19244275054088877
26.40912413597107,9.211079511154193,-9.190624918947856,2.4953950200885435,1.1467706915860123,-0.6120793067207518,-0.017023771504518972,-0.06591100540223865,0.13364629210998988,-0.01149661721262674,-0.14727437226692652,0.048153896031788435
26.429072856903076,9.222528348248849,-9.196715534292801,2.495222449296726,1.1456559288144612,-0.6102276420031088,-0.017169851029923133,-0.06841864666845117,0.12017545248960453,-0.009660682743255171,-0.14706464318314127,0.010486454189262417
26.44914937019348,9.245427625424819,-9.208896914412394,2.494877239798882,1.144264062329012,-0.6079528981359422,-0.017345161113919042,-0.0707366302870687,0.1074168385826804,-0.007879380463455208,-0.14463567827047852,0.12144824563313783
26.46910309791565,9.279708154794504,-9.227053544901768,2.49434958031699,1.1417655419204997,-0.6042065846051878,-0.017642778295748042,-0.07665740086968015,0.09542776124067304,-0.006174303420574907,-0.14273592490813103,0.09498766811737447
26.489062547683716,9.302526051690009,-9.239123911669475,2.4939955595981873,1.1401434290600945,-0.6025995433655102,-0.017750820980299776,-0.07980752880011222,0.08067474403209084,-0.004539995168292668,-0.14220285996350146,0.02665324723147844
26.509145259857178,9.32531276014901,-9.251160711723372,2.4936397415985936,1.138517674353866,-0.6011270169685835,-0.017825700009863228,-0.08273032977145273,0.06670808695169278,-0.002956294892386644,-0.14027532003257148,0.0963769965464989
26.529175519943237,9.3480672427863,-9.263193154387977,2.4932832782449137,1.1368345940422653,-0.6004983213173984,-0.017854626960023236,-0.08913266104703496,0.05409744689936332,-0.0014604677137917948,-0.14014920373503292,0.00630581487692794
26.549206018447876,9.37078569759679,-9.275193105481062,2.4929259909478203,1.134990629489525,-0.5995363911331312,-0.017869275484878443,-0.09520998853627577,0.042216340357296864,-1.2279337258791165e-05,-0.1382638308195041,0.09426864577644078
26.56912660598755,9.382135082354454,-9.281206945144769,2.492748181476736,1.1341176986432182,-0.5998041832043207,-0.017830675528884097,-0.10096254119985947,0.032568944146276355,0.0013456348129560495,-0.13928011494791281,-0.050814206420435326
26.589006185531616,9.416125946738008,-9.299205990884504,2.4922142382248267,1.1314097112436103,-0.5994974885045117,-0.017767569322228234,-0.10683216433620674,0.021591208810738803,0.0026457907160689358,-0.13713273549252092,0.10736897276959478
26.60911536216736,9.43873240042964,-9.311192319669706,2.4918595005023736,1.1292172375473928,-0.599169680679346,-0.01770201358509,-0.11235835340384695,0.011303852918716337,0.0039026004705705205,-0.13650498553417378,0.03138749791735673
26.629129648208618,9.46131658662775,-9.323217800683071,2.4915073322916057,1.1275565290107723,-0.6001605932025559,-0.01765529647828753,-0.11013565812658027,-0.00015774690079970726,-0.003134113282397027,-0.1363949025182727,0.005504150795054841
26.6491277217865,9.483845843289156,-9.33522178119652,2.491153143294286,1.1253768808782598,-0.6002738660281516,-0.017786202475346954,-0.10781256155262127,-0.01108022057719241,-0.009913932075753655,-0.13496017948674854,0.07173615157620716
26.66912531852722,9.495105747045965,-9.341256818387414,2.490979649838467,1.1246353572164167,-0.601411045385255,-0.01778960192201196,-0.10437940457866546,-0.024242932790505684,-0.016222066416599436,-0.13609210914796455,-0.05659648306080012
26.689033031463623,9.52879627178555,-9.359333367016308,2.490452316644845,1.1214639001132747,-0.602900259293566,-0.017935291513183224,-0.10113448467166289,-0.036080286753361855,-0.02219217395530406,-0.13465571521753494,0.07181969652148013
26.70904040336609,9.55120554297446,-9.371399348610817,2.4900887859601877,1.1194742849097263,-0.6037354408641337,-0.01843690613968122,-0.09781466823256049,-0.04734261538370062,-0.027930978088379438,-0.13406968547541354,0.02930148710607039
26.72915244102478,9.573558760055159,-9.38351893878422,2.489733252487668,1.117096343454986,-0.6055776277785979,-0.01856938710153407,-0.09493445409608822,-0.050320981663667365,-0.03325044832894513,-0.13441139817539538,-0.017085634999092214
26.749290227890015,9.595881895628253,-9.395640740723122,2.4893548708181177,1.1152270526382169,-0.6066116041981688,-0.0192857931130118,-0.09198284174542568,-0.05303246463813364,-0.03835447149956086,-0.13300984603756438,0.07007760689154985
26.769140243530273,9.607013059365311,-9.401735200445554,2.4891724217431164,1.113793592100378,-0.6079605279789573,-0.019296274172443253,-0.09731435406842556,-0.06028205029737446,-0.0347917930582151,-0.1343682384498739,-0.0679196206154753
26.789127111434937,9.629269127914077,-9.413906919643155,2.4887797704388364,1.111796490020682,-0.6092334892701241,-0.01995731177003656,-0.10234624659049547,-0.06691144286124798,-0.031328429477147285,-0.1325825814719086,0.08928284889826443
26.80915355682373,9.651468315565944,-9.426153049051495,2.488385514941098,1.1094544410302747,-0.6118751122967518,-0.020324133741843504,-0.09553963918069194,-0.07811481919680018,-0.028041951085192775,-0.13378787491850286,-0.06026467232971289
26.829053163528442,9.684705251867404,-9.444573578034039,2.4877615296366256,1.1065201681006502,-0.6151048087664575,-0.021191367077875292,-0.08940124580193944,-0.08604737652760601,-0.024852107176834098,-0.1328642977006136,0.04617886089446355
26.849140167236328,9.706818182575267,-9.456893379463693,2.4873329399238275,1.10479325512472,-0.6168995764465633,-0.021657277991887134,-0.08329551860166604,-0.09332020444547809,-0.021754227327515554,-0.13319840884102074,-0.01670555702035781
26.86910104751587,9.717852028085867,-9.463093311982343,2.487112499611258,1.103720198938858,-0.618687081822814,-0.021929858087050183,-0.07626038841980019,-0.10642683765996959,-0.018824773155161033,-0.1328965091120331,0.01509498644938212
26.889099836349487,9.75090637453474,-9.48171680706423,2.4864406477184477,1.1009213399528646,-0.622536238789627,-0.02262683140493577,-0.056612732959218495,-0.13625004898822912,-0.015982577401244237,-0.13287296177198948,0.0011773670021808513
26.90911841392517,9.772914764963698,-9.494196692561747,2.4859850998002697,1.099981619497948,-0.6255465640162299,-0.02291876960957342,-0.03743768785272079,-0.16452629500560415,-0.013225320626349983,-0.13210173658954627,0.038561259122160685
26.92909812927246,9.794846030084448,-9.50673035905975,2.4855171721680684,1.0977167468222513,-0.6287168520362816,-0.02333387474825159,-0.025035089912229476,-0.19762328736598103,-0.010600891454345493,-0.13296677526532807,-0.0432519337890902
26.94915461540222,9.816796174738148,-9.5193463402941,2.485048545425903,1.0973383875320857,-0.6329858096929984,-0.023520319674941774,-0.01283437180818738,-0.2289851472883441,-0.008056938362028523,-0.1320684389181248,0.044916817360163286
26.969125032424927,9.827711668283369,-9.525643041943395,2.4848088066406993,1.0957281415192441,-0.634147335078056,-0.02369518058275891,0.004734539349904714,-0.2494491054888758,-0.005656498651671736,-0.1331725464543707,-0.05520537681229509
26.989065647125244,9.860519362279744,-9.54470222673887,2.4840906012931456,1.094095991634019,-0.639609304270084,-0.02397983243230542,0.01876412083171078,-0.2706708830028317,-0.0033403168763447297,-0.13271858554012406,0.022698045712332693
27.009094715118408,9.88240595553744,-9.55754989518606,2.4836104872856186,1.0946091202906638,-0.6452238478162902,-0.024024094497472448,0.03250001025054131,-0.29056338515416275,-0.001098155888904472,-0.13270318472637666,0.0007700406873700771
27.029128074645996,9.904214215241918,-9.570416263238355,2.483125058755759,1.0931051237103313,-0.6488133268991768,-0.024144319033728802,0.043837610512727714,-0.30789222411359074,0.0010215857759459015,-0.1331278174925239,-0.021231638307361855
27.049127101898193,9.926085829778561,-9.583455202535207,2.4826425145120616,1.0940933694800925,-0.6551343103428022,-0.02410327224273504,0.05494949854076481,-0.3240047630207258,0.0030715271890629035,-0.13276515146366297,0.018133301443046257
27.06908679008484,9.936975819110497,-9.589973184534342,2.4823992628343334,1.09324918764834,-0.6571024031651832,-0.02412105102860477,0.068981037913711,-0.33609892992113455,0.004995591008009512,-0.13371842467589756,-0.047663660611729775
27.08972144126892,9.980678187466328,-9.61646115927244,2.4814344264755084,1.0940829713996532,-0.669073101208341,-0.023996899524334835,0.08041160863402234,-0.3430492241304152,0.0068422529055950825,-0.13381196040994814,-0.004676786702528801
27.10912823677063,10.00257667853466,-9.629911651926198,2.480955976846852,1.0958033903538142,-0.6759964995174417,-0.023842120756896915,0.09158811990475783,-0.3491500299352693,0.00862504073964215,-0.13352767156177858,0.014214442408477801
27.129069805145264,10.013500068098347,-9.636672639455368,2.48071758460261,1.0957174397760239,-0.6790984357655951,-0.023750930458505227,0.10331588986720196,-0.3542066586210861,0.01028982752371064,-0.13464331230389304,-0.055782037105722715
27.149121046066284,10.035435849247246,-9.650325747218268,2.480244731954755,1.0978989235704606,-0.6862265750113425,-0.023528984040668995,0.11479046107759688,-0.3584771931831165,0.011894925241547267,-0.13374381414176595,0.044974908106354405
27.169097423553467,10.04637989548948,-9.657201207490111,2.4800089092698867,1.097997858181173,-0.6897934801352855,-0.023427692864607965,0.1258253263580897,-0.3686446328214318,0.013391435707354233,-0.13527074526804572,-0.07634655631398868
27.189024448394775,10.079334453343623,-9.67806287086128,2.4793103071259175,1.100643590526219,-0.7009654583935135,-0.02306414932969924,0.1320974003716473,-0.37402903384303926,0.014809228255058595,-0.13521326390376442,0.0028740682140648843
27.209134101867676,10.101374158101027,-9.69215730305791,2.4788520777997713,1.103347480782132,-0.7084929323090218,-0.022754237320811634,0.13827607389281418,-0.37858054644152284,0.016173028415998696,-0.1347798170264327,0.021672343866585564
27.229178428649902,10.123427283757744,-9.706418532931917,2.478398830684631,1.105179171356295,-0.7164761560011643,-0.02245449149647988,0.14461391051030317,-0.37789998238242273,0.017436357232963634,-0.13589285792224315,-0.05565204479052177
27.249197244644165,10.145560207659953,-9.72082356052206,2.47795330982585,1.1081340230812144,-0.7240223283842345,-0.022093551147304057,0.1508551775620569,-0.376617747742439,0.018649337818764728,-0.13469833063602232,0.05972636431104128
27.269122838974,10.156635450321863,-9.728102937288591,2.4777325169451596,1.1093553397362022,-0.7283793643249409,-0.02191913901195875,0.16028615815665356,-0.37476505089593415,0.01977100185958216,-0.13631265033432616,-0.08071598491519172
27.28903079032898,10.189976678059114,-9.750156437739081,2.477082254139582,1.1139160104380887,-0.7405673684613004,-0.021362254771501814,0.16938442878513849,-0.37054753614356156,0.020819731741138624,-0.13574837930079342,0.02821355167663686
27.30915331840515,10.212289471042629,-9.765041589844618,2.476659240642559,1.1173929054140932,-0.7479322137543291,-0.02093574978669749,0.17826970622485558,-0.3658591642187535,0.02182328439411299,-0.13508516575316154,0.033160677381594006
27.329004287719727,10.234660630878794,-9.78014181801089,2.4762429538702913,1.120714502427213,-0.7569421944670548,-0.020540528517424828,0.18664732100509376,-0.3587969486887618,0.022739866363179564,-0.136084506021251,-0.04996701340447274
27.3491530418396,10.257112797822513,-9.795351932518859,2.475836750278209,1.1245293797390885,-0.7640445214594834,-0.020076915201999,0.19480369026641503,-0.35137659435861573,0.023614521893513603,-0.13433863027481685,0.08729378732170723
27.369150638580322,10.268359258242038,-9.80306455984319,2.4756358002045897,1.1262831793914576,-0.7690433088480206,-0.01987221183341176,0.19957537145485232,-0.34136769795613814,0.02441486079271829,-0.13623292857420566,-0.0947149149694404
27.38908624649048,10.290925145518791,-9.818513020268142,2.475243290339899,1.1303208216368494,-0.7757685708356028,-0.01937623701309084,0.2041574100707437,-0.33111893727710895,0.025176155961949786,-0.13490689306388326,0.06630177551611993
27.40906023979187,10.31355916573929,-9.834197583547484,2.4748577242135164,1.1341549347042783,-0.7849348295686408,-0.018944590148068995,0.21012214064673695,-0.32382835947366134,0.02586127986691359,-0.13488428530363183,0.0011303880125712595
27.429059505462646,10.347678126438641,-9.857963327619697,2.474298902437877,1.140531012330687,-0.7966734692474775,-0.018223748162616973,0.2182359339738791,-0.32081302009451806,0.026482952560573134,-0.13411067974387514,0.0386802779878348
27.449143886566162,10.370532922026332,-9.873960733142146,2.473939763784039,1.144974742555377,-0.8030553394035705,-0.017688159830494942,0.22609481078582114,-0.317290078680636,0.027070177404278663,-0.13269039493925305,0.07101424023110425
27.469242095947266,10.381997957995479,-9.88206994911113,2.473762530003612,1.147388592393003,-0.807962041349592,-0.017460614808291607,0.23018520051880823,-0.3130306779345673,0.027597714321544797,-0.13415288474208964,-0.07312449014182931
27.489171504974365,10.404992032430943,-9.898291489077005,2.4734188708153195,1.1520320100958605,-0.814176224984012,-0.016903652305873207,0.23413290676625434,-0.30831172865802753,0.028093236008781736,-0.13256554227756068,0.07936712322644812
27.509138822555542,10.42807834433284,-9.914718326399184,2.473083823524107,1.1566865597397549,-0.8222557969043677,-0.01640161515423844,0.2329640669882484,-0.297165411187378,0.02852216444705916,-0.1319250699434531,0.0320236167053789
27.529030323028564,10.462889495628172,-9.939568811900985,2.4726032896068375,1.1638480736627315,-0.8325609648196327,-0.015579901070546812,0.23150420472303945,-0.29552810110463684,0.028892129328181963,-0.1305785290699082,0.06732704367724551
27.549104928970337,10.48621266643836,-9.956278999620539,2.472297493286036,1.1684645282518986,-0.8384504839805214,-0.014998590253193783,0.23016044093313454,-0.29333130145223857,0.02923436266865779,-0.12907320549588075,0.07526617870137198
27.569132566452026,10.497924560747162,-9.964720854008347,2.4721478738665406,1.1712165718813272,-0.8425901840014185,-0.014734788807378201,0.22796451145314175,-0.2943829826019992,0.029528322612150874,-0.13021829796615547,-0.057254623513736114
27.589131116867065,10.533189368909394,-9.990163828116641,2.4717178643198165,1.178833612131492,-0.852387911437123,-0.013882277740864412,0.2316635337735667,-0.30143764213037183,0.029766799189654036,-0.12751581128973521,0.13512433382101285
27.60908079147339,10.556812618398347,-10.007272297726946,2.4714461868176856,1.183503529302335,-0.8584794741812956,-0.01328475776237814,0.23532129267802243,-0.30756524256792606,0.029981217925552157,-0.12667582304376301,0.04199941229861004
27.629167318344116,10.580568250902267,-10.02452126018384,2.471185231774952,1.1892178174868075,-0.8650197689954428,-0.012712642818339254,0.2442655308702054,-0.3116028514127475,0.030139162137909594,-0.12595065172026,0.03625856617515133
27.649325132369995,10.604402043382722,-10.041884203830437,2.4709370161913107,1.19419036206435,-0.8712852949094252,-0.012108461537162205,0.25294502744385483,-0.31481283068073085,0.03027537007582881,-0.12521304556898327,0.03688030756383576
27.66913414001465,10.616369445724363,-10.050603365267,2.4708174367403632,1.1971132594624256,-0.874176860032468,-0.011803641575584039,0.25877736704137705,-0.31853056418929315,0.030372271493232118,-0.12425419310150598,0.04794262337386446
27.689051866531372,10.652395102971317,-10.07695335847717,2.470477452889355,1.2047639945503765,-0.8832313614604769,-0.010878186318528426,0.26080420299473267,-0.3229944681679367,0.030416485586439102,-0.12224118564198472,0.10065037297606327
27.709105968475342,10.676542678167937,-10.094682838988122,2.4702659744882487,1.2100002372415757,-0.8897286948672424,-0.01026956757745349,0.26281783605733283,-0.3265962508438717,0.03044235473074586,-0.12084880426797184,0.06961906870064372
27.729010343551636,10.700790450127753,-10.112511104735624,2.470067770060654,1.2151377761245161,-0.8954874207567796,-0.009633391037819733,0.2606101462951142,-0.3296110447530929,0.030417325385718837,-0.12019885726205182,0.032497350296001315
27.749117374420166,10.725145187776148,-10.130486935430245,2.46988118322407,1.2203291137568906,-0.902102975968414,-0.009025430083290974,0.2585476209810401,-0.3318094276972951,0.030376090929084006,-0.118027532953759,0.10856621541464051
27.769139766693115,10.737368168664725,-10.139501996727468,2.469793123770749,1.2232335018765894,-0.9047619973875025,-0.00870318907093072,0.27146392584141715,-0.3297333216387917,0.03030449799379737,-0.11902086095666586,-0.04966640014534285
27.789132595062256,10.761887958427138,-10.157663000906792,2.4696251153783084,1.2287862562831184,-0.9113285716903167,-0.008097937887329385,0.28369864724831023,-0.32677890087087064,0.03021818780673761,-0.1158096945339171,0.1605583211374384
27.809186458587646,10.7865268034408,-10.175924519887307,2.4694700536338883,1.2345970798444192,-0.917180262527869,-0.007473595129588595,0.28988443519220897,-0.33220167035941656,0.03008743628562346,-0.11596232885858404,-0.007631716233347241
27.829041719436646,10.811269353272143,-10.194325503807338,2.469326946375096,1.2401698884736378,-0.9235519094627428,-0.006861190571146961,0.293430430380464,-0.3363972717170241,0.02992936959895236,-0.11442257151803226,0.0769878670275892
27.8495454788208,10.836131662464707,-10.212864042021188,2.469195697304312,1.246072114352575,-0.9303119632556656,-0.0062642829984799345,0.2967555407539626,-0.33941297525175385,0.029759425763427563,-0.11247641074387671,0.09730803870777738
27.869131803512573,10.861084679752922,-10.23150571050449,2.469077894745004,1.2513521913723031,-0.9362495077496765,-0.0056311862743891,0.30195650190041523,-0.33661808417254596,0.029548683574976285,-0.11198568305428758,0.024536384479456608
27.88916802406311,10.886172447551134,-10.250297792281273,2.468971166201416,1.2574409890550406,-0.9429463159183965,-0.0050424041591696795,0.3068767350356558,-0.33291212914968915,0.029327864325972036,-0.11070133765537404,0.06421726994567667
27.909143209457397,10.91135692623638,-10.269192095536669,2.468878021358433,1.263031035889551,-0.9487513512111945,-0.0044123137768665764,0.31698400790443915,-0.3198564615978745,0.02906898093549687,-0.10832812068271647,0.11866084863287885
27.929033994674683,10.949374247129414,-10.29779445753733,2.4687596926710698,1.2721689229046054,-0.9581429804179347,-0.003516182487241004,0.32888442083527686,-0.30424449291065137,0.028770748179769472,-0.10635925887889908,0.0984430901908695
27.949132204055786,10.974884168030925,-10.317017105784025,2.468695102936967,1.2788609849115333,-0.9640685107136149,-0.002943808414489303,0.34022983064943274,-0.2882445699404337,0.02846550332805715,-0.10409355676702825,0.11328510559354132
27.96914005279541,10.987670106458443,-10.326686469858137,2.4686675228039445,1.281773353775793,-0.9672773194350566,-0.0026504446193274397,0.3500563072398971,-0.2744916472370319,0.028146967980431467,-0.10521698027571036,-0.056171175434105436
27.989952564239502,11.039168548862156,-10.365661616309797,2.468584344623369,1.2945533015245463,-0.9796935657869281,-0.0015217334284416111,0.35992831105925643,-0.25325408320213866,0.027776380766014738,-0.0994013596646326,0.29078103055388826
28.009145259857178,11.065132233900782,-10.385304715432786,2.468559440308439,1.3018464592460157,-0.9845450789603404,-0.0009699477450416734,0.36930548206713376,-0.23187390590991927,0.027401478675936827,-0.09880203004653643,0.029966480904808357
28.029120206832886,11.078138915814524,-10.395204070078426,2.468550553158101,1.3047360452115273,-0.9878873656822018,-0.0007157587319697989,0.3754911825372444,-0.2091066921261671,0.027019906842528772,-0.09900425259591072,-0.010111127468714898
28.049168586730957,11.10430912877255,-10.415002118360373,2.46854161634353,1.3123046341249938,-0.9918414033050515,-0.00017920679023522917,0.3813063165017129,-0.18628899817500508,0.02663468921377734,-0.09618906643370817,0.1407593081101277
28.06914710998535,11.117419118752581,-10.424994798981913,2.468540739653371,1.315307746819986,-0.9953274629464648,7.091891345288889e-05,0.39177939071276785,-0.15871872778225576,0.026243698458294086,-0.09618053947532834,0.0004263479189914321
28.089008331298828,11.157024109781865,-10.455013283398621,2.468554209010282,1.3262831803154627,-1.0022808320669871,0.0008410042974075545,0.40243029532899666,-0.12104559276535666,0.025824009616477114,-0.09165954216408956,0.22604986556193918
28.10912322998047,11.183630940390044,-10.475080626784317,2.468576165822018,1.3344334456943787,-1.0043298722994143,0.0013532714976969282,0.4124999732940349,-0.08395527319569358,0.0254023976112546,-0.08942438787883278,0.11175771426283898
28.129270315170288,11.210359239844355,-10.495332243313353,2.4686070884891467,1.3416727785667086,-1.0095347310834277,0.0018267488988426776,0.4213119619651304,-0.050261019021221806,0.02496260190185828,-0.08826670402560044,0.05788419266161693
28.149168968200684,11.237277517230472,-10.515530768208455,2.4686485866217387,1.3501824670985074,-1.0102070666145733,0.002321595341602634,0.42956419762644255,-0.01705343289610261,0.024521897586582332,-0.08372093854714313,0.22728827392286544
28.16912579536438,11.250770385248227,-10.52575079355416,2.4686723314772165,1.353669184348301,-1.0134323428760836,0.0025435159963514394,0.4357278815782392,0.015566654448259613,0.024080635918683747,-0.08599073461779216,-0.11348980353245164
28.189053773880005,11.291544190379973,-10.556284313358294,2.4687591600296397,1.3658809524530984,-1.0166029720408567,0.003253211274129124,0.4415179818596367,0.047715651936231666,0.02361477538532618,-0.0789872931989386,0.3501720709426781
28.2091007232666,11.318950474062033,-10.576604710694767,2.468828916178202,1.3747650545469245,-1.0153312165718686,0.0037208524334255188,0.4468097327984163,0.07937920596672113,0.023149431809417333,-0.07719659431661707,0.08953494411607643
28.229055881500244,11.346500607309599,-10.597074101700464,2.468907242689524,1.3828685400272693,-1.0179053828347533,0.0041631077711084185,0.44683734478810827,0.11175697346523243,0.02266991019744447,-0.07500285214796376,0.1096871084326656
28.24912452697754,11.374247331996166,-10.617407726156399,2.468995006927273,1.391802994515644,-1.015350916142161,0.004611722181149142,0.4465571860430864,0.14360101280359774,0.0221917642364261,-0.07018759161699872,0.24076302654825188
28.269097805023193,11.388176052460521,-10.627659758368921,2.469042478990934,1.3959157697047189,-1.0165987554889075,0.0048374974262807595,0.44071566551012126,0.17827551634132524,0.021715246985427754,-0.07206636519616261,-0.09393867895819419
28.289142847061157,11.416182116096685,-10.647953800083378,2.4691435403061397,1.4046707594338446,-1.012692054742344,0.005267051397319974,0.4347653586261937,0.21228396357903168,0.021240438634040786,-0.06623776493288025,0.2914300131641179
28.309078454971313,11.444372098084777,-10.668347729496706,2.469254367649778,1.413571505623271,-1.012648399993523,0.0057179788827521425,0.42161008017561463,0.25482456871725173,0.02075113563239519,-0.06404129353457355,0.10982356991533493
28.32912278175354,11.486997444985716,-10.698732261901347,2.469435950605587,1.4269529808824548,-1.0080569968607167,0.0063574857195352955,0.4073211063049885,0.2983954095844419,0.02024115454314577,-0.05761399655387622,0.3213648490348664
28.34921145439148,11.51561702711075,-10.71883087029423,2.469567114724714,1.4349583265000012,-1.001662085779416,0.006757237770792407,0.393249539960912,0.34092256725576736,0.019734628192483145,-0.05445879070833248,0.15776029227718702
28.369107723236084,11.530028900855362,-10.728938752570913,2.469636386592967,1.4400175251610543,-1.0010004550116098,0.006969444749754924,0.37974406655790904,0.3788355046252232,0.019232585980218854,-0.05484969580582355,-0.019545254874553386
28.389057636260986,11.57346445851656,-10.75893018955109,2.4698552364789026,1.4531366231878124,-0.9930620997203847,0.007574530934134861,0.36562606983201196,0.4154387843365411,0.018711517453938585,-0.046300380478789815,0.42746576635168676
28.409115076065063,11.602599386480259,-10.778705947384944,2.4700104348890677,1.4603098779681858,-0.984394590001448,0.007943588250006284,0.35173747176097403,0.4511670175623093,0.01819496786393253,-0.04394715224813739,0.11766141153262133
28.42916202545166,11.631976422042605,-10.798462761800833,2.470174427553966,1.4697510619527805,-0.9790420339369287,0.008341337941550809,0.3372256446968311,0.4812277466827139,0.017669375482701075,-0.04014898336738204,0.1899084440377674
28.44921326637268,11.661437933597016,-10.817945387305812,2.4703447534060374,1.4763525624052047,-0.9691226063053043,0.008689512465626558,0.32296628023160606,0.5106009231496841,0.01714893546159262,-0.03494345523014175,0.2602764068620145
28.469120025634766,11.676285583668976,-10.827693780188278,2.4704342410939795,1.4814232014404394,-0.9661102552230889,0.008906983595872355,0.3125837251412914,0.533589411499647,0.016633855861236883,-0.035991539031180686,-0.05240419005194674
28.489089012145996,11.705975876673541,-10.84690775874328,2.4706156734634144,1.4875717837846543,-0.9552125635466338,0.009234554078639478,0.30228915140980195,0.5561004913248999,0.016124075058462417,-0.029569757229005234,0.3210890901087726
28.50915765762329,11.73589848605247,-10.866010788038531,2.4708071343699505,1.4962548022406494,-0.9465123991331286,0.009639561579464186,0.2902183688139694,0.5821912950054581,0.015604259124818685,-0.025796243275037156,0.18867569769840387
28.529051303863525,11.780981055826954,-10.894189596432268,2.471105361312764,1.5067021766906858,-0.9301285806200036,0.01016232908752316,0.2805886455568938,0.6030696914961512,0.015069016041840844,-0.018163481866301012,0.3816380704368072
28.54919981956482,11.81117057870789,-10.912670184979248,2.471311586349973,1.5122182522596996,-0.917862195487043,0.010458412819810225,0.27103090130930313,0.6234933288526535,0.01454047154164506,-0.014694762545698126,0.17343596603014433
28.569116592407227,11.826358744395764,-10.921837269972377,2.471419019284002,1.5163121608175412,-0.9119453603731539,0.010658364727385124,0.2603815526019547,0.646612154061578,0.014019349563946296,-0.014282391213358725,0.020618566616970035
28.58910346031189,11.856736358937303,-10.939945342776722,2.4716349560444018,1.5214141267919148,-0.898786806991128,0.01093359672029275,0.2498315845259462,0.6691461651381211,0.013504971411483062,-0.008349788756638166,0.29663012283602797
28.609153509140015,11.887292069498972,-10.95781810205298,2.471860137846616,1.528239274436473,-0.8859782968201806,0.011295367928074947,0.23949324773005803,0.6894252419183036,0.012983532919911446,-0.003623383585679818,0.23632025854791738
28.629061698913574,11.933291005431844,-10.984097659912562,2.472207378451494,1.5365818343893725,-0.8654026813209656,0.011753347524843557,0.229569592270681,0.7089593021828102,0.01244928399022355,0.004131245874873457,0.38773147302766375
28.64916443824768,11.964067898162972,-11.001262645280514,2.472444900039451,1.5410746067013628,-0.8510324645533233,0.011997056904303891,0.21971998694495867,0.7279766587349554,0.011922973309523216,0.007931942615801102,0.19003483704638224
28.66913938522339,11.979523456611343,-11.009729789833955,2.472567659736269,1.544148998333318,-0.8434056737353207,0.01217227740540175,0.21163135754176046,0.7420494646333029,0.01140606363208369,0.008419641013389434,0.0243849198794166
28.689109086990356,12.010448224128766,-11.026448571875438,2.4728133524310567,1.548300826466661,-0.828426729596036,0.0123952953264632,0.20355328963592262,0.7557897546308269,0.010897038808474499,0.014586817386894158,0.3083588186752362
28.70916199684143,12.041503779360054,-11.042855124124996,2.473066766592105,1.5534690878344928,-0.8128377351006896,0.012690441092962803,0.19267640231443864,0.7737380428232432,0.010384974961947032,0.019661725625511384,0.2537454119308613
28.729117155075073,12.088218924624643,-11.066873667403815,2.473453678564985,1.5598567148995794,-0.7889562093328951,0.013041127261561194,0.1833346563953722,0.7892701157971611,0.009865126799210885,0.027782986341077898,0.4060630357783257
28.749091625213623,12.11945210650143,-11.082493924616628,2.4737164399173266,1.5634305623713325,-0.7730192377699742,0.013233304337663761,0.17406153540772995,0.804352441019229,0.009354035355664389,0.031723591216454405,0.19703024376882539
28.76913571357727,12.135111554008757,-11.090155869262505,2.473850350530478,1.5655400552217582,-0.7640309284293241,0.013352273148760788,0.16389014175361605,0.8195313754093614,0.00885563285748512,0.032371997633315,0.03242032084302959
28.7890408039093,12.166454460520091,-11.105271592549423,2.474119134321822,1.5687170558309733,-0.7474923299027658,0.01352447319213029,0.1538281102910737,0.8342525579560466,0.008365793829639935,0.03871394801206307,0.3170975189374037
28.809154272079468,12.197889762086179,-11.120026862915948,2.474393236906272,1.5724845924241095,-0.7300643366426252,0.013735397572819906,0.1466765706403363,0.8409243346753242,0.00787740930946583,0.04405016084428581,0.2668106416111371
28.829075813293457,12.245145943240033,-11.141527776497632,2.4748097570589183,1.5772134920216818,-0.7040711455672682,0.013993814050805103,0.13427972886138825,0.8522379229517247,0.007384892401484267,0.052423386001210215,0.4186612578462201
28.849151372909546,12.276716252423077,-11.155438015459488,2.475091077941245,1.5797767596703813,-0.6869162286491106,0.014136662913186831,0.12207972107755416,0.8631945723263761,0.0069015106553404065,0.056525250438219654,0.20509322185047196
28.869155406951904,12.292529857958993,-11.162231081479788,2.475233063478799,1.581178349528228,-0.6772788031477301,0.014206477473318229,0.11139149414272713,0.8688799106537154,0.006432943973285333,0.05722445743295035,0.034960349736534724
28.889018058776855,12.3400326778575,-11.182127217828741,2.4756622103469255,1.5848929228855304,-0.6502894861982829,0.014396907414667096,0.0973259457386291,0.8702121905682227,0.005963104776615067,0.06820743115963968,0.5491486863344663
28.909123420715332,12.371749075853199,-11.194958877414074,2.47595131025111,1.5867007941585471,-0.6328721061108015,0.014511547343138094,0.08350115788855837,0.8715220518204244,0.00550240540195653,0.07102145258824111,0.1407010714300716
28.929101705551147,12.403523729127189,-11.207376035738871,2.4762408212312916,1.588904071886399,-0.6137980930036054,0.014568749259389844,0.07334342351986424,0.8660227272141736,0.005051786272205005,0.07686432511124597,0.29214362615024303
28.949191093444824,12.43531580794342,-11.219479148828752,2.4765331769829495,1.5902703421833861,-0.5965308254363763,0.014665353842029105,0.06330315106252682,0.8607398389799977,0.0046101657522750914,0.08227590460819867,0.27057897484763505
28.96918249130249,12.451238926658846,-11.225345095879515,2.4766784202743297,1.5912883141942622,-0.5863413471564025,0.01465958105382556,0.05235681325976985,0.8546369522292686,0.004186377830081638,0.08248944038014194,0.0106767885971637
28.989264726638794,12.483074441210444,-11.236901390980007,2.4769724213478868,1.5922270970191261,-0.5693077532420492,0.014739142272928255,0.041543621647632055,0.8487597941430576,0.003771167999086569,0.08897104968490543,0.3240804652381746
29.009154081344604,12.514957678661693,-11.248007615803306,2.4772646548174677,1.5937018056415881,-0.5496330762729242,0.014723193560797841,0.02890613401518083,0.8382923619046481,0.0033684234050750006,0.0948209510534328,0.2924950684263683
29.02902102470398,12.562799306477762,-11.26403894096339,2.4777044966635278,1.5949478827528836,-0.5222308642720255,0.014724797775281406,0.014650378253025063,0.8319458648869371,0.0029725635351613897,0.1031627451190329,0.4170897032800047
29.049174547195435,12.594700258591745,-11.274317580525882,2.4779995611591037,1.5951007927286327,-0.5056534718382131,0.014780360085296434,0.000689560221364252,0.8258318517502333,0.002585053276866313,0.10710442700858946,0.1970840944778285
29.06912660598755,12.62662660461418,-11.284145611084067,2.4782898078995643,1.5956309005839895,-0.48609747586514523,0.014679485774432526,-0.012353178898798728,0.8328903405661765,0.0022142477769673567,0.11248481499586793,0.2690193993639234
29.0890212059021,12.658547799908428,-11.293662583008217,2.4785817537555443,1.5956574356831659,-0.4681589734579679,0.014652157725094078,-0.024678452778398547,0.8353995999860204,0.0018551989902257419,0.11664098258790512,0.20780837960185927
29.109130859375,12.69045520403698,-11.302858520124326,2.478875144402708,1.595042744584535,-0.45142669700953625,0.01468573609479627,-0.036748266201794645,0.8378119553320825,0.001503928968283354,0.12270281169351493,0.30309145528049086
29.12906551361084,12.722380169432316,-11.311647742960167,2.479165574567753,1.5949904489110551,-0.4328894195258913,0.014628584320958978,-0.04858220648364276,0.8450453845959832,0.001164801445714115,0.12675444109386858,0.202581470017682
29.14919924736023,12.754269485394664,-11.320136054527712,2.479458356982509,1.5939025235179942,-0.4159185898620055,0.014648551803018151,-0.060169383851595135,0.8519896464232313,0.0008331948858662239,0.13294555019422516,0.3095554550178292
29.169151067733765,12.770223014382788,-11.324226227810398,2.4796038619228113,1.593675550329742,-0.40661606979872145,0.014626651333794578,-0.07311317897152095,0.8589021442638165,0.0005151921937341813,0.13260038150432285,-0.017258434495115438
29.189111948013306,12.802081054687102,-11.332186322446365,2.479896477147653,1.5920863230445268,-0.38937131747284903,0.014633835106410172,-0.08576034237977888,0.865525094641794,0.00020437796896970704,0.14100332348861544,0.42014709921462945
29.209158420562744,12.83394100052972,-11.33979309735518,2.4801890286059356,1.5912258917743438,-0.37191631227271,0.014631104568978604,-0.0893889120454272,0.8661281941692481,-9.976452204670774e-05,0.1436252599299528,0.13109682206686735
29.229023456573486,12.881655059758572,-11.350563896591444,2.4806278416986665,1.588984728375399,-0.34604247225362716,0.014625864267623167,-0.09311409110734702,0.8628654472499236,-0.0004016961362742497,0.1530691324100193,0.4721936240033253
29.24911594390869,12.913415881608481,-11.357312387432735,2.480920258876901,1.58708493627079,-0.32881728609205707,0.014614871146062657,-0.09687017570146342,0.8596631662122652,-0.0006964201509418729,0.15684199559621925,0.18864315930999798
29.269096851348877,12.929284544359424,-11.360555487304513,2.481066379578598,1.5860811952396483,-0.32012914216593574,0.01460249438132106,-0.10699135179946855,0.8621022780477339,-0.0009797415674269287,0.15750887131402713,0.033343785890393995
29.289104461669922,12.976816982084891,-11.369764174987587,2.4815037570836433,1.5827333229526765,-0.2940201679673258,0.01456438752744904,-0.11687573805956622,0.8676203628389962,-0.0012598153475550922,0.16797198843177785,0.523155855887536
29.309146642684937,13.008447623534497,-11.375470699444545,2.4817947745499787,1.5802984799364306,-0.2766147522313367,0.0145364488596249,-0.1265783812346883,0.872878061661607,-0.001532890357766358,0.1714201416670713,0.17240766176467304
29.329164505004883,13.040024375806018,-11.380829932186678,2.4820847806811894,1.5775994702164664,-0.25920580812358957,0.014494401480806735,-0.1374418375800469,0.8777172001679096,-0.0017982133204601128,0.17646203393607163,0.2520946134500157
29.34913396835327,13.07154816484346,-11.38583819356057,2.482374291722393,1.5747440364209833,-0.24160494833652346,0.014455841030018204,-0.1480610052095548,0.8823315213579548,-0.0020566972752862254,0.1825493932307345,0.3043679647331432
29.369125604629517,13.103021043141025,-11.39051785892845,2.4826646480844494,1.5719356365838324,-0.2245964124865156,0.014457816187437343,-0.1553116907676294,0.8819558957694661,-0.002310871814146398,0.18629860358508088,0.18746051771731942
29.3890278339386,13.134432780635503,-11.394844861967654,2.4829543944065886,1.5688855309672052,-0.2073399319359612,0.014444950079549887,-0.1653180269282657,0.8814518793110024,-0.002560211792944322,0.19123105232778448,0.24662243713517995
29.40910267829895,13.165776770373167,-11.39881540902189,2.483242765082372,1.5654807418488963,-0.18971679891681953,0.01439130894950566,-0.17512833650931983,0.8808442737649471,-0.0028027776519215742,0.19745551398193228,0.3112230827073903
29.429193019866943,13.197061473605924,-11.402455374588758,2.4835325759776925,1.5621203516281188,-0.17261234303879716,0.01439461866747287,-0.18831037976081652,0.8811995293454639,-0.0030417098067056073,0.20127552327598153,0.19100046470246212
29.44909954071045,13.22826535529388,-11.405731365887542,2.483819844417141,1.5582249113486015,-0.1549861368057287,0.014331451264178579,-0.20118217185895151,0.8813945763029897,-0.0032739148657930507,0.2080589660814538,0.33917214027361364
29.46905541419983,13.259404643894749,-11.408666326554252,2.4841075969461954,1.5545196461906858,-0.13768675967527438,0.01430727296460487,-0.2110110212278602,0.875423805138562,-0.0035010827633694536,0.21177776074731414,0.18593973329301683
29.48913550376892,13.290452187480394,-11.411245372911916,2.4843930273762833,1.5502024906795906,-0.12023763692926448,0.014235034912117682,-0.22067754303903456,0.8694955530779894,-0.003721623495565751,0.2186052613694427,0.34137503110642786
29.50914216041565,13.305957271116435,-11.412406981046905,2.484536207207389,1.5482905111399121,-0.11162536994839624,0.014224758411028018,-0.23259574366212032,0.8676824228335346,-0.0039338917502612395,0.21814598584071598,-0.022963776436335515
29.529112339019775,13.352321732811662,-11.415360137637085,2.484961907588989,1.5417799819353981,-0.08546206432660886,0.014124978577174858,-0.24636977326699905,0.8661394529848883,-0.004142347807842508,0.2294594321308887,0.5656723145086362
29.549216508865356,13.383107157096752,-11.416896260895285,2.4852435651155065,1.5367176563915514,-0.06815587019898779,0.014040100631044383,-0.2598068780320071,0.864456878596763,-0.004344381988948793,0.2330570635701794,0.17988157196453525
29.569181442260742,13.39847934181968,-11.417531616430812,2.4853833205138227,1.5345051754813155,-0.05946249521195167,0.013980407090540466,-0.2747051159390286,0.8607428916403199,-0.00453572881039675,0.23414061905722106,0.05417777435208215
29.589058876037598,13.429113530429186,-11.41854896710957,2.485662009059117,1.5288653122537652,-0.04228506914318296,0.013887829966846815,-0.2892171411315024,0.8569939620202505,-0.004720971483458792,0.24052417514203084,0.31917780424048914
29.609182596206665,13.459681427153539,-11.419217074701645,2.485938783374365,1.5242013378824895,-0.024960614089201274,0.0137932234009821,-0.30264499554406565,0.8596471921730318,-0.0048985521388120006,0.24639418583529915,0.29350053466341564
29.629131317138672,13.505306734301202,-11.419577001218201,2.4863506039672263,1.516056301664565,0.0008636534630026141,0.013651963434563364,-0.3112762059424117,0.85838768454436,-0.005071066193468106,0.2551552567824773,0.43805354735890756
29.649101495742798,13.535565042176875,-11.41938814235726,2.486622617815438,1.5097465472144669,0.018017516833379533,0.0135488658905879,-0.31965785418150316,0.8569729847329812,-0.005237716038282195,0.26010911536318115,0.24769292903519258
29.669127702713013,13.550672634549507,-11.419166693600607,2.4867579209075177,1.507182071427992,0.026574282854813936,0.013494856479553497,-0.33039104598961594,0.8615086825814832,-0.005395597581023742,0.2607530288284581,0.0321956732638462
29.68908166885376,13.580749499852748,-11.418462622302776,2.4870267286723,1.5004698551841669,0.04384673651076592,0.013385412375080017,-0.3407722223265619,0.8656756401891756,-0.005547885641694472,0.26920504891239094,0.42260100419664326
29.709144830703735,13.61072780341302,-11.41742344356959,2.487293409565668,1.4944563479130655,0.060888674903841755,0.013277535117403276,-0.35384740211250415,0.8705097479657106,-0.005692922919918738,0.272822990019435,0.18089705535220268
29.72905158996582,13.655424305810769,-11.415222610778669,2.4876897482641915,1.4843632609168522,0.08654017310332868,0.013124541719710833,-0.3665508364537614,0.8766989073979611,-0.005833355557412707,0.2828903650622343,0.5033687521399655
29.74917697906494,13.685037436409544,-11.413316076510485,2.487951063333296,1.4769089481338864,0.10413244782001728,0.013006514921161266,-0.37880616615394186,0.8824572339419766,-0.005968437426444166,0.28791295560486363,0.2511295271314662
29.76918363571167,13.699806692171068,-11.412253885050767,2.488081957246112,1.473543569830227,0.1123160452184183,0.01297721778556514,-0.39294025062073973,0.8862615335818927,-0.006097691825820087,0.28863491714846523,0.03609807718008007
29.78912663459778,13.729198057010896,-11.409830078525589,2.488340273705027,1.4655473825864351,0.13007593723761937,0.012854014466520219,-0.4065998043717393,0.8896606110181533,-0.006221784622604728,0.2975538774018087,0.44594801266717443
29.809114456176758,13.773048451872445,-11.40559329818715,2.4887265990208425,1.454724554192368,0.15533497334121973,0.012742948316443705,-0.42085676460826194,0.8923814780476637,-0.006343560990822052,0.3058333317010571,0.4139727149624184
29.829068899154663,13.802057845345093,-11.402307960622792,2.4889801814127366,1.4461688812496611,0.17320654934930615,0.01261490200390582,-0.4346303957012235,0.8947114498266584,-0.006460222662573813,0.3120983403014397,0.31325043001912967
29.849076747894287,13.816524975239853,-11.400557612194216,2.489107512759472,1.4424935270080557,0.18140178461943043,0.012592080115212857,-0.4457101069333141,0.8939299053753921,-0.0065721696273959625,0.31245637847666874,0.017901908761452923
29.870092630386353,13.859632181100363,-11.394735918491833,2.4894839820930903,1.4299664957724465,0.20754978254707057,0.012441882127099199,-0.4554433096681128,0.8891463170156586,-0.006680780522791077,0.3247882114438361,0.6165916483583667
29.8891122341156,13.888139789694813,-11.390407419344374,2.48973147658633,1.4207629996020648,0.22528373080341288,0.012307221635905106,-0.46485258383770806,0.8842259451264991,-0.006784449779166455,0.32987729294528156,0.2544540750722746
29.90908408164978,13.916495709511898,-11.385742982457096,2.4899769783091554,1.4122197849818419,0.24252431670986477,0.012185071729320523,-0.47216275953156245,0.8792495193178782,-0.006881470750363375,0.33599353241105323,0.30581197328858334
29.929118633270264,13.94464519657865,-11.380716986391608,2.490219297218222,1.402705304471754,0.2600581426088004,0.012046511527867275,-0.4792479587349695,0.874105407150687,-0.006973766509102714,0.3435166489792043,0.3761558284075539
29.94909954071045,13.958662070822868,-11.378072662625009,2.490339721160772,1.3982254393707534,0.2687346342617454,0.011984742200273148,-0.4862963261450804,0.8647831167269946,-0.007059815128517201,0.3441361119352835,0.030973147803958767
29.9691059589386,13.986528861706876,-11.372525635321296,2.4905779985306813,1.3884309037876263,0.2859369879255314,0.011842722970747859,-0.4931199307603629,0.8554506869689232,-0.00714136202786247,0.3536439113567025,0.4753899710709497
29.989140272140503,14.014215960692168,-11.366614771330232,2.490813322902419,1.3789358832958771,0.3034995541263793,0.011692482895282321,-0.4979949859219339,0.841343610458498,-0.007215292761904097,0.35885800449582295,0.2607046569560234
30.009090900421143,14.055365029785403,-11.357103760427176,2.4911595406662035,1.3640880329453327,0.32946407440869263,0.011438686458278419,-0.5026801026686756,0.8317426319512661,-0.007280361165424074,0.37048816495076364,0.5815080227470348
30.02916955947876,14.082545950342341,-11.350348770865248,2.491386854187581,1.3539889557232354,0.3460028534239828,0.011292462251039368,-0.5072002324278059,0.8221341500584949,-0.007341390531651153,0.37642279850155047,0.2967316775393414
30.04907202720642,14.109520024034147,-11.34321630588219,2.4916078808753475,1.343641617674008,0.3635345389622734,0.011054665114035092,-0.516605468584011,0.8071589287158291,-0.007389902836590355,0.3837178226015472,0.3647512049998358
30.069066524505615,14.136288924244793,-11.335785172343538,2.491827493144273,1.3332181156608847,0.3795295186216802,0.010906412140781243,-0.5256918374038341,0.7923700325742957,-0.007434794917988297,0.3911524037719851,0.37172905852189686
30.089136362075806,14.14958855644022,-11.331914315258533,2.491933551338706,1.327496815658074,0.388291575124459,0.010757176896816855,-0.560500970314948,0.7694609507577258,-0.007470015693397208,0.3927043116225777,0.077595392529628
30.109126806259155,14.189180580447449,-11.31986365161476,2.4922505170668567,1.3110366180830646,0.41282132936720867,0.010464941216445629,-0.5925518896956328,0.749476159944322,-0.007495032025676503,0.4062306801661584,0.6763184271790346
30.129093647003174,14.215280732988232,-11.311458640719525,2.492458315367583,1.2988762781124843,0.42761456831577566,0.010314815487352035,-0.6232595120338051,0.7299185277184749,-0.007517043327575649,0.4119938750417127,0.28815974377771614
30.14913058280945,14.241210062436569,-11.30266653603151,2.4926584172790385,1.2882354853687228,0.4445085805192549,0.010050000731784029,-0.6503743739203024,0.7195464672287623,-0.007526383787281624,0.41999452579982144,0.400032537905437
30.169314861297607,14.266842952488549,-11.29363314052634,2.4928579115232496,1.2749673218937974,0.4587968006840387,0.009899401140370943,-0.6762340012317163,0.7092956523315379,-0.0075331490696235815,0.4277153213257039,0.38603977629412256
30.189180612564087,14.279636276969452,-11.288947586639635,2.4929551168578064,1.2701347464892623,0.4675775630054706,0.009786730845711999,-0.7094819512850314,0.7032942505329112,-0.0075344658635739005,0.4297547923765479,0.10197355254220053
30.20912766456604,14.317521509069957,-11.274553694084728,2.4932453146549958,1.2515816753354598,0.48987515741549204,0.009563123535476203,-0.725438773079108,0.6805340104485283,-0.007530828276044383,0.44354671147107094,0.6895959547261521
