t,x,y,z,vx,vy,vz,target_x,target_y,target_z,dist3,dist_xy
0.1352550983428955,0.0,0.0,2.0079999126237733,0.0,0.0,-9.043032850071177e-09,2.0,0.0,2.0,2.0000159995865,2.0
0.1452040672302246,0.0,0.0,2.0079999125513,0.0,0.0,-5.401620854033621e-09,2.0,0.0,2.0,2.0000159995862106,2.0
0.1552438735961914,0.0,0.0,2.007999912516605,0.0,0.0,-1.5005843983902926e-09,2.0,0.0,2.0,2.0000159995860716,2.0
0.16522431373596191,0.0,0.0,2.0079999125219294,0.0,0.0,2.5927865954561313e-09,2.0,0.0,2.0,2.000015999586093,2.0
0.17527294158935547,0.0,0.0,2.0079999125689363,0.0,0.0,6.82864254721218e-09,2.0,0.0,2.0,2.000015999586281,2.0
0.18523645401000977,0.0,0.0,2.007999912658855,0.0,0.0,1.1170053929076155e-08,2.0,0.0,2.0,2.0000159995866404,2.0
0.19525814056396484,0.0,0.0,2.0079999127925987,0.0,0.0,1.558966273300951e-08,2.0,0.0,2.0,2.0000159995871756,2.0
0.20523667335510254,0.0,0.0,2.0079999129654,0.0,0.0,1.8473582964616962e-08,2.0,0.0,2.0,2.0000159995878666,2.0
0.2152409553527832,0.0,0.0,2.007999913153498,0.0,0.0,1.8777775277152e-08,2.0,0.0,2.0,2.0000159995886193,2.0
0.22522211074829102,0.0,0.0,2.0079999133346043,0.0,0.0,1.7170858150093725e-08,2.0,0.0,2.0,2.0000159995893436,2.0
0.2352304458618164,0.0,0.0,2.0079999134922106,0.0,0.0,1.4148156313533903e-08,2.0,0.0,2.0,2.0000159995899742,2.0
0.2452831268310547,0.0,0.0,2.007999913614083,0.0,0.0,1.007661541612503e-08,2.0,0.0,2.0,2.0000159995904614,2.0
0.25528621673583984,0.0,0.0,2.0079999136911617,0.0,0.0,5.2280754149039415e-09,2.0,0.0,2.0,2.00001599959077,2.0
0.26524925231933594,0.0,0.0,2.0079999137167315,0.0,0.0,-1.9607972357269378e-10,2.0,0.0,2.0,2.000015999590872,2.0
0.2755451202392578,0.0,0.0,2.007999913685823,0.0,0.0,-6.04666097486203e-09,2.0,0.0,2.0,2.0000159995907483,2.0
0.28536152839660645,0.0,0.0,2.0079999136001914,0.0,0.0,-1.0619527868483305e-08,2.0,0.0,2.0,2.000015999590406,2.0
0.2952558994293213,0.0,0.0,2.0079999134813704,0.0,0.0,-1.2803778930577675e-08,2.0,0.0,2.0,2.0000159995899307,2.0
0.3052365779876709,0.0,0.0,2.0079999133499955,0.0,0.0,-1.321849986810949e-08,2.0,0.0,2.0,2.0000159995894053,2.0
0.31526875495910645,0.0,0.0,2.0079999132213575,0.0,0.0,-1.2322320613447033e-08,2.0,0.0,2.0,2.0000159995888906,2.0
0.3252582550048828,0.0,0.0,2.0079999131067785,0.0,0.0,-1.0455002663559257e-08,2.0,0.0,2.0,2.0000159995884323,2.0
0.33529067039489746,0.0,0.0,2.007999913014648,0.0,0.0,-7.868247389831516e-09,2.0,0.0,2.0,2.0000159995880638,2.0
0.34525513648986816,0.0,0.0,2.007999912951184,0.0,0.0,-4.748519835941972e-09,2.0,0.0,2.0,2.0000159995878097,2.0
0.3553602695465088,0.0,0.0,2.0079999129209885,0.0,0.0,-1.2339566763419425e-09,2.0,0.0,2.0,2.000015999587689,2.0
0.36528587341308594,0.0,0.0,2.0079999129274744,0.0,0.0,2.5731078578879647e-09,2.0,0.0,2.0,2.000015999587715,2.0
0.37524938583374023,0.0,0.0,2.00799991297317,0.0,0.0,6.5968627157376905e-09,2.0,0.0,2.0,2.0000159995878977,2.0
0.3852508068084717,0.0,0.0,2.0079999130599453,0.0,0.0,1.0781145737799086e-08,2.0,0.0,2.0,2.000015999588245,2.0
0.39528632164001465,0.0,0.0,2.007999913189187,0.0,0.0,1.5084350955292586e-08,2.0,0.0,2.0,2.000015999588762,2.0
0.4052727222442627,0.0,0.0,2.0079999133564823,0.0,0.0,1.7882037217175876e-08,2.0,0.0,2.0,2.000015999589431,2.0
0.4152519702911377,0.0,0.0,2.007999913538328,0.0,0.0,1.8122345832352754e-08,2.0,0.0,2.0,2.0000159995901585,2.0
0.42525315284729004,0.0,0.0,2.0079999137126316,0.0,0.0,1.6468102484328835e-08,2.0,0.0,2.0,2.0000159995908557,2.0
0.43523430824279785,0.0,0.0,2.007999913863026,0.0,0.0,1.3410340601458146e-08,2.0,0.0,2.0,2.0000159995914575,2.0
0.44537353515625,0.0,0.0,2.0079999139773825,0.0,0.0,9.312826633897426e-09,2.0,0.0,2.0,2.000015999591915,2.0
0.4553341865539551,0.0,0.0,2.007999914046721,0.0,0.0,4.445045331309558e-09,2.0,0.0,2.0,2.000015999592192,2.0
0.46531248092651367,0.0,0.0,2.0079999140643863,0.0,0.0,-9.93364070284236e-10,2.0,0.0,2.0,2.0000159995922626,2.0
0.4752771854400635,0.0,0.0,2.007999914025449,0.0,0.0,-6.85450511997034e-09,2.0,0.0,2.0,2.0000159995921067,2.0
0.48528075218200684,0.0,0.0,2.0079999139316973,0.0,0.0,-1.1435194930551205e-08,2.0,0.0,2.0,2.000015999591732,2.0
0.4952547550201416,0.0,0.0,2.0079999138046887,0.0,0.0,-1.3625241340972001e-08,2.0,0.0,2.0,2.000015999591224,2.0
0.5052087306976318,0.0,0.0,2.007999913665079,0.0,0.0,-1.4044255489946743e-08,2.0,0.0,2.0,2.0000159995906657,2.0
0.5152649879455566,0.0,0.0,2.007999913528164,0.0,0.0,-1.3151256686134066e-08,2.0,0.0,2.0,2.0000159995901177,2.0
0.5252726078033447,0.0,0.0,2.0079999134052833,0.0,0.0,-1.1286294776134902e-08,2.0,0.0,2.0,2.0000159995896265,2.0
0.5352573394775391,0.0,0.0,2.0079999133048325,0.0,0.0,-8.701284911946044e-09,2.0,0.0,2.0,2.0000159995892246,2.0
0.5452806949615479,0.0,0.0,2.0079999132330304,0.0,0.0,-5.582850367927705e-09,2.0,0.0,2.0,2.0000159995889373,2.0
0.5552420616149902,0.0,0.0,2.007999913194488,0.0,0.0,-2.069245145607718e-09,2.0,0.0,2.0,2.000015999588783,2.0
0.5652341842651367,0.0,0.0,2.007999913192618,0.0,0.0,1.7371097110648097e-09,2.0,0.0,2.0,2.0000159995887756,2.0
0.5752511024475098,0.0,0.0,2.0079999132299493,0.0,0.0,5.760338880687868e-09,2.0,0.0,2.0,2.000015999588925,2.0
0.5853347778320312,0.0,0.0,2.0079999133083555,0.0,0.0,9.944232459907045e-09,2.0,0.0,2.0,2.000015999589239,2.0
0.5952620506286621,0.0,0.0,2.0079999134292263,0.0,0.0,1.4247149212468798e-08,2.0,0.0,2.0,2.000015999589722,2.0
0.6052772998809814,0.0,0.0,2.0079999135881472,0.0,0.0,1.7044621799719166e-08,2.0,0.0,2.0,2.000015999590358,2.0
0.6153702735900879,0.0,0.0,2.007999913761619,0.0,0.0,1.7284772139509836e-08,2.0,0.0,2.0,2.0000159995910516,2.0
0.6252367496490479,0.0,0.0,2.007999913927546,0.0,0.0,1.5630411611056603e-08,2.0,0.0,2.0,2.0000159995917155,2.0
0.6352746486663818,0.0,0.0,2.007999914069563,0.0,0.0,1.2572562925823724e-08,2.0,0.0,2.0,2.0000159995922835,2.0
0.6452512741088867,0.0,0.0,2.0079999141755422,0.0,0.0,8.474984600298119e-09,2.0,0.0,2.0,2.000015999592707,2.0
0.6552479267120361,0.0,0.0,2.007999914236503,0.0,0.0,3.6071555868612927e-09,2.0,0.0,2.0,2.000015999592951,2.0
0.6652607917785645,0.0,0.0,2.007999914245789,0.0,0.0,-1.8312891832574235e-09,2.0,0.0,2.0,2.0000159995929883,2.0
0.6752593517303467,0.0,0.0,2.0079999141984715,0.0,0.0,-7.692456481076642e-09,2.0,0.0,2.0,2.000015999592799,2.0
0.6852569580078125,0.0,0.0,2.0079999140963407,0.0,0.0,-1.227316571809004e-08,2.0,0.0,2.0,2.0000159995923905,2.0
0.695235013961792,0.0,0.0,2.0079999139609535,0.0,0.0,-1.4463226507903022e-08,2.0,0.0,2.0,2.000015999591849,2.0
0.70522141456604,0.0,0.0,2.0079999138129643,0.0,0.0,-1.4882251344128093e-08,2.0,0.0,2.0,2.000015999591257,2.0
0.7152917385101318,0.0,0.0,2.007999913667672,0.0,0.0,-1.3989260473119491e-08,2.0,0.0,2.0,2.000015999590676,2.0
0.7257118225097656,0.0,0.0,2.0079999135364095,0.0,0.0,-1.2124304492335312e-08,2.0,0.0,2.0,2.000015999590151,2.0
0.7352993488311768,0.0,0.0,2.0079999134275788,0.0,0.0,-9.539298998958865e-09,2.0,0.0,2.0,2.0000159995897153,2.0
0.745269775390625,0.0,0.0,2.0079999133473976,0.0,0.0,-6.4208677058034165e-09,2.0,0.0,2.0,2.0000159995893947,2.0
0.7552850246429443,0.0,0.0,2.007999913300477,0.0,0.0,-2.907264833994542e-09,2.0,0.0,2.0,2.0000159995892073,2.0
0.7652838230133057,0.0,0.0,2.0079999132902264,0.0,0.0,8.990882599001689e-10,2.0,0.0,2.0,2.000015999589166,2.0
0.7752752304077148,0.0,0.0,2.007999913319178,0.0,0.0,4.922316125287201e-09,2.0,0.0,2.0,2.000015999589282,2.0
0.7852659225463867,0.0,0.0,2.007999913383763,0.0,0.0,7.51259005199269e-09,2.0,0.0,2.0,2.0000159995895403,2.0
0.7952325344085693,0.0,0.0,2.0079999134611075,0.0,0.0,7.59924381315821e-09,2.0,0.0,2.0,2.0000159995898494,2.0
0.8053596019744873,0.0,0.0,2.007999913529584,0.0,0.0,5.8311701514500665e-09,2.0,0.0,2.0,2.0000159995901234,2.0
0.8152287006378174,0.0,0.0,2.0079999135731676,0.0,0.0,2.689080605719353e-09,2.0,0.0,2.0,2.000015999590298,2.0
0.8251869678497314,0.0,0.0,2.007999913579984,0.0,0.0,-1.4709048518745915e-09,2.0,0.0,2.0,2.000015999590325,2.0
0.8352041244506836,0.0,0.0,2.007999913541242,0.0,0.0,-6.384966116674299e-09,2.0,0.0,2.0,2.00001599959017,2.0
0.8452303409576416,0.0,0.0,2.00799991345587,0.0,0.0,-1.0264041937301396e-08,2.0,0.0,2.0,2.0000159995898286,2.0
0.8552885055541992,0.0,0.0,2.0079999133433013,0.0,0.0,-1.1934319959899386e-08,2.0,0.0,2.0,2.0000159995893783,2.0
0.8652796745300293,0.0,0.0,2.007999913222622,0.0,0.0,-1.196828023692321e-08,2.0,0.0,2.0,2.0000159995888955,2.0
0.8752110004425049,0.0,0.0,2.0079999131079647,0.0,0.0,-1.079002651408577e-08,2.0,0.0,2.0,2.0000159995884372,2.0
0.8852338790893555,0.0,0.0,2.007999913009805,0.0,0.0,-8.71374257450121e-09,2.0,0.0,2.0,2.000015999588044,2.0
0.8952600955963135,0.0,0.0,2.0079999129358996,0.0,0.0,-5.972181530700976e-09,2.0,0.0,2.0,2.000015999587749,2.0
0.9052553176879883,0.0,0.0,2.0079999128919974,0.0,0.0,-2.7377710136959947e-09,2.0,0.0,2.0,2.000015999587573,2.0
0.9152579307556152,0.0,0.0,2.0079999128823576,0.0,0.0,8.61751327180551e-10,2.0,0.0,2.0,2.000015999587535,2.0
0.9252197742462158,0.0,0.0,2.0079999129101322,0.0,0.0,4.731755177043998e-09,2.0,0.0,2.0,2.000015999587646,2.0
0.9352061748504639,0.0,0.0,2.007999912977659,0.0,0.0,8.802136642695722e-09,2.0,0.0,2.0,2.000015999587916,2.0
0.9452252388000488,0.0,0.0,2.0079999130812265,0.0,0.0,1.1427342870885203e-08,2.0,0.0,2.0,2.00001599958833,2.0
0.955275297164917,0.0,0.0,2.007999913197856,0.0,0.0,1.1539875132522122e-08,2.0,0.0,2.0,2.0000159995887965,2.0
0.96523118019104,0.0,0.0,2.0079999133058384,0.0,0.0,9.790972733819411e-09,2.0,0.0,2.0,2.0000159995892286,2.0
0.9752237796783447,0.0,0.0,2.007999913389092,0.0,0.0,6.663085677027348e-09,2.0,0.0,2.0,2.0000159995895617,2.0
0.9852731227874756,0.0,0.0,2.0079999134357047,0.0,0.0,2.513621629252193e-09,2.0,0.0,2.0,2.000015999589748,2.0
0.9956598281860352,0.0,0.0,2.0079999134368562,0.0,0.0,-2.3752508124232683e-09,2.0,0.0,2.0,2.0000159995897526,2.0
1.0051944255828857,0.0,0.0,2.007999913393182,0.0,0.0,-5.949492745025423e-09,2.0,0.0,2.0,2.000015999589578,2.0
1.0153112411499023,0.0,0.0,2.007999913324946,0.0,0.0,-7.393944217604292e-09,2.0,0.0,2.0,2.000015999589305,2.0
1.0253243446350098,0.0,0.0,2.007999913250548,0.0,0.0,-7.26060806291931e-09,2.0,0.0,2.0,2.0000159995890074,2.0
1.0352959632873535,0.0,0.0,2.0079999131836184,0.0,0.0,-5.958418131253532e-09,2.0,0.0,2.0,2.0000159995887397,2.0
1.0463650226593018,0.0,0.0,2.007999913134257,0.0,0.0,-3.790319998590137e-09,2.0,0.0,2.0,2.000015999588542,2.0
1.05513596534729,0.0,0.0,2.007999913109945,0.0,0.0,-9.807413542569592e-10,2.0,0.0,2.0,2.000015999588445,2.0
1.065009355545044,0.0,0.0,2.007999913112305,0.0,0.0,1.6155131782605517e-09,2.0,0.0,2.0,2.0000159995884546,2.0
1.0752248764038086,0.0,0.0,2.007999913157196,0.0,0.0,5.940909117013381e-09,2.0,0.0,2.0,2.000015999588634,2.0
1.085252285003662,0.0,0.0,2.0079999132359077,0.0,0.0,9.838566964057622e-09,2.0,0.0,2.0,2.000015999588949,2.0
1.0952486991882324,0.0,0.0,2.00799991335461,0.0,0.0,1.3929435031368722e-08,2.0,0.0,2.0,2.0000159995894236,2.0
1.1052324771881104,0.0,0.0,2.0079999135095306,0.0,0.0,1.656981806705095e-08,2.0,0.0,2.0,2.0000159995900435,2.0
1.1152725219726562,0.0,0.0,2.0079999136776436,0.0,0.0,1.6693593600388424e-08,2.0,0.0,2.0,2.000015999590716,2.0
1.1252362728118896,0.0,0.0,2.0079999138372084,0.0,0.0,1.4953020471986324e-08,2.0,0.0,2.0,2.000015999591354,2.0
1.13523530960083,0.0,0.0,2.0079999139721156,0.0,0.0,1.1831303864602613e-08,2.0,0.0,2.0,2.0000159995918936,2.0
1.1452507972717285,0.0,0.0,2.0079999140704348,0.0,0.0,7.6864110371049e-09,2.0,0.0,2.0,2.000015999592287,2.0
1.1552097797393799,0.0,0.0,2.0079999141233245,0.0,0.0,2.783530575915666e-09,2.0,0.0,2.0,2.0000159995924984,2.0
1.165212631225586,0.0,0.0,2.0079999141242375,0.0,0.0,-2.68088094024156e-09,2.0,0.0,2.0,2.000015999592502,2.0
1.1752266883850098,0.0,0.0,2.0079999140683236,0.0,0.0,-8.561284883858081e-09,2.0,0.0,2.0,2.0000159995922786,2.0
1.1852264404296875,0.0,0.0,2.0079999139574287,0.0,0.0,-1.3156244990625465e-08,2.0,0.0,2.0,2.000015999591835,2.0
1.1952462196350098,0.0,0.0,2.007999913813155,0.0,0.0,-1.5356863092416207e-08,2.0,0.0,2.0,2.0000159995912576,2.0
1.2052252292633057,0.0,0.0,2.007999913656187,0.0,0.0,-1.5783708978812792e-08,2.0,0.0,2.0,2.0000159995906297,2.0
1.2152214050292969,0.0,0.0,2.0079999135018487,0.0,0.0,-1.4896512085972517e-08,2.0,0.0,2.0,2.0000159995900124,2.0
1.2252421379089355,0.0,0.0,2.0079999133614916,0.0,0.0,-1.3035848370006824e-08,2.0,0.0,2.0,2.000015999589451,2.0
1.235208511352539,0.0,0.0,2.007999913243528,0.0,0.0,-1.0454022693213434e-08,2.0,0.0,2.0,2.0000159995889795,2.0
1.2452442646026611,0.0,0.0,2.0079999131541864,0.0,0.0,-7.3379471076752184e-09,2.0,0.0,2.0,2.000015999588622,2.0
1.2552564144134521,0.0,0.0,2.0079999130980837,0.0,0.0,-3.826089393235098e-09,2.0,0.0,2.0,2.0000159995883977,2.0
1.2652451992034912,0.0,0.0,2.0079999130786383,0.0,0.0,-2.102906486925211e-11,2.0,0.0,2.0,2.0000159995883195,2.0
1.2752366065979004,0.0,0.0,2.0079999130983834,0.0,0.0,4.001241106043255e-09,2.0,0.0,2.0,2.0000159995883986,2.0
1.285249948501587,0.0,0.0,2.0079999131591957,0.0,0.0,8.184424265566991e-09,2.0,0.0,2.0,2.000015999588642,2.0
1.2952349185943604,0.0,0.0,2.0079999132624664,0.0,0.0,1.2486814681690263e-08,2.0,0.0,2.0,2.000015999589055,2.0
1.305250644683838,0.0,0.0,2.0079999134037827,0.0,0.0,1.5283897340916828e-08,2.0,0.0,2.0,2.0000159995896203,2.0
1.3151867389678955,0.0,0.0,2.0079999135596474,0.0,0.0,1.5523758773829574e-08,2.0,0.0,2.0,2.000015999590244,2.0
1.3252089023590088,0.0,0.0,2.0079999137079625,0.0,0.0,1.3869184147477873e-08,2.0,0.0,2.0,2.000015999590837,2.0
1.3352601528167725,0.0,0.0,2.0079999138323665,0.0,0.0,1.0811176801535454e-08,2.0,0.0,2.0,2.0000159995913345,2.0
1.3452730178833008,0.0,0.0,2.0079999139207314,0.0,0.0,6.713480980980184e-09,2.0,0.0,2.0,2.000015999591688,2.0
1.3552136421203613,0.0,0.0,2.0079999139640745,0.0,0.0,1.8455649752227237e-09,2.0,0.0,2.0,2.0000159995918616,2.0
1.3652057647705078,0.0,0.0,2.0079999139557447,0.0,0.0,-3.59294424613304e-09,2.0,0.0,2.0,2.0000159995918283,2.0
1.375274896621704,0.0,0.0,2.0079999138908105,0.0,0.0,-9.454159311784492e-09,2.0,0.0,2.0,2.0000159995915685,2.0
1.3852558135986328,0.0,0.0,2.0079999137710627,0.0,0.0,-1.4034903966042099e-08,2.0,0.0,2.0,2.0000159995910893,2.0
1.3953461647033691,0.0,0.0,2.007999913618058,0.0,0.0,-1.6224990978763758e-08,2.0,0.0,2.0,2.0000159995904774,2.0
1.4052395820617676,0.0,0.0,2.0079999134524495,0.0,0.0,-1.6644035229191053e-08,2.0,0.0,2.0,2.000015999589815,2.0
1.415308952331543,0.0,0.0,2.0079999132895376,0.0,0.0,-1.57510587160982e-08,2.0,0.0,2.0,2.0000159995891633,2.0
1.4252898693084717,0.0,0.0,2.007999913140659,0.0,0.0,-1.388611331286182e-08,2.0,0.0,2.0,2.000015999588568,2.0
1.4352638721466064,0.0,0.0,2.007999913014209,0.0,0.0,-1.1301115680061859e-08,2.0,0.0,2.0,2.000015999588062,2.0
1.4452955722808838,0.0,0.0,2.0079999129164072,0.0,0.0,-8.182690236890806e-09,2.0,0.0,2.0,2.0000159995876707,2.0
1.4552721977233887,0.0,0.0,2.007999912851866,0.0,0.0,-4.669091697112811e-09,2.0,0.0,2.0,2.0000159995874127,2.0
1.465257167816162,0.0,0.0,2.0079999128239967,0.0,0.0,-8.627417254104199e-10,2.0,0.0,2.0,2.0000159995873013,2.0
1.4752719402313232,0.0,0.0,2.007999912835331,0.0,0.0,3.1604837964297005e-09,2.0,0.0,2.0,2.0000159995873465,2.0
1.485227346420288,0.0,0.0,2.007999912887741,0.0,0.0,7.344374721359768e-09,2.0,0.0,2.0,2.000015999587556,2.0
1.4952845573425293,0.0,0.0,2.0079999129826134,0.0,0.0,1.1647289440258301e-08,2.0,0.0,2.0,2.000015999587936,2.0
1.5053479671478271,0.0,0.0,2.007999913115537,0.0,0.0,1.4444760522236967e-08,2.0,0.0,2.0,2.0000159995884674,2.0
1.515287160873413,0.0,0.0,2.007999913263011,0.0,0.0,1.4684909773477196e-08,2.0,0.0,2.0,2.000015999589057,2.0
1.52531099319458,0.0,0.0,2.007999913402939,0.0,0.0,1.3030548400544218e-08,2.0,0.0,2.0,2.0000159995896167,2.0
1.5355303287506104,0.0,0.0,2.007999913518955,0.0,0.0,9.972699054264955e-09,2.0,0.0,2.0,2.000015999590081,2.0
1.5452711582183838,0.0,0.0,2.007999913598936,0.0,0.0,5.875120226600265e-09,2.0,0.0,2.0,2.000015999590401,2.0
1.555288553237915,0.0,0.0,2.0079999136338964,0.0,0.0,1.0072908479103234e-09,2.0,0.0,2.0,2.000015999590541,2.0
1.56528902053833,0.0,0.0,2.007999913617183,0.0,0.0,-4.4311541811598776e-09,2.0,0.0,2.0,2.000015999590474,2.0
1.5752694606781006,0.0,0.0,2.007999913543868,0.0,0.0,-1.0292321722428288e-08,2.0,0.0,2.0,2.0000159995901807,2.0
1.5852596759796143,0.0,0.0,2.00799991341574,0.0,0.0,-1.4873031177626957e-08,2.0,0.0,2.0,2.0000159995896682,2.0
1.5952510833740234,0.0,0.0,2.0079999132543547,0.0,0.0,-1.7063092155100396e-08,2.0,0.0,2.0,2.0000159995890225,2.0
1.6053054332733154,0.0,0.0,2.0079999130803654,0.0,0.0,-1.748211716844815e-08,2.0,0.0,2.0,2.0000159995883267,2.0
1.6152560710906982,0.0,0.0,2.0079999129090735,0.0,0.0,-1.6589126427900668e-08,2.0,0.0,2.0,2.0000159995876414,2.0
1.6252496242523193,0.0,0.0,2.0079999127518144,0.0,0.0,-1.472417053614277e-08,2.0,0.0,2.0,2.0000159995870126,2.0
1.6352617740631104,0.0,0.0,2.0079999126169854,0.0,0.0,-1.2139165146044072e-08,2.0,0.0,2.0,2.000015999586473,2.0
1.6452727317810059,0.0,0.0,2.007999912510806,0.0,0.0,-9.020733955400486e-09,2.0,0.0,2.0,2.0000159995860485,2.0
1.6552531719207764,0.0,0.0,2.0079999124378842,0.0,0.0,-5.507131208614355e-09,2.0,0.0,2.0,2.0000159995857567,2.0
1.665245532989502,0.0,0.0,2.007999912401636,0.0,0.0,-1.7007781877051472e-09,2.0,0.0,2.0,2.000015999585612,2.0
1.675283432006836,0.0,0.0,2.0079999124045904,0.0,0.0,2.322449609814699e-09,2.0,0.0,2.0,2.0000159995856235,2.0
1.6852431297302246,0.0,0.0,2.007999912448618,0.0,0.0,6.506342195571334e-09,2.0,0.0,2.0,2.0000159995858,2.0
1.6952331066131592,0.0,0.0,2.00799991253511,0.0,0.0,1.0809258148015003e-08,2.0,0.0,2.0,2.0000159995861457,2.0
1.7052783966064453,0.0,0.0,2.0079999126596526,0.0,0.0,1.3606730121544757e-08,2.0,0.0,2.0,2.000015999586644,2.0
1.715242624282837,0.0,0.0,2.007999912798746,0.0,0.0,1.3846879981945353e-08,2.0,0.0,2.0,2.0000159995872,2.0
1.725203514099121,0.0,0.0,2.0079999129302952,0.0,0.0,1.2192519035049946e-08,2.0,0.0,2.0,2.0000159995877262,2.0
1.735283613204956,0.0,0.0,2.007999913037933,0.0,0.0,9.134669988050803e-09,2.0,0.0,2.0,2.000015999588157,2.0
1.7452726364135742,0.0,0.0,2.0079999131095336,0.0,0.0,5.037091404517845e-09,2.0,0.0,2.0,2.0000159995884434,2.0
1.755260705947876,0.0,0.0,2.007999913136115,0.0,0.0,1.692621777298853e-10,2.0,0.0,2.0,2.0000159995885496,2.0
1.7652630805969238,0.0,0.0,2.0079999131110227,0.0,0.0,-5.269182740729171e-09,2.0,0.0,2.0,2.0000159995884492,2.0
1.7751977443695068,0.0,0.0,2.0079999130293253,0.0,0.0,-1.1130350163801784e-08,2.0,0.0,2.0,2.0000159995881224,2.0
1.7852380275726318,0.0,0.0,2.0079999128928163,0.0,0.0,-1.571105950604421e-08,2.0,0.0,2.0,2.0000159995875766,2.0
1.7952885627746582,0.0,0.0,2.0079999127230512,0.0,0.0,-1.7901120390175475e-08,2.0,0.0,2.0,2.0000159995868976,2.0
1.8053603172302246,0.0,0.0,2.0079999125406807,0.0,0.0,-1.832014531296409e-08,2.0,0.0,2.0,2.000015999586168,2.0
1.815335988998413,0.0,0.0,2.007999912361009,0.0,0.0,-1.74271544978772e-08,2.0,0.0,2.0,2.0000159995854494,2.0
1.825011968612671,0.0,0.0,2.0079999122593475,0.0,0.0,-1.6407017652393797e-08,2.0,0.0,2.0,2.0000159995850426,2.0
1.8349721431732178,0.0,0.0,2.007999912106311,0.0,0.0,-1.408441534252485e-08,2.0,0.0,2.0,2.0000159995844307,2.0
1.8449575901031494,0.0,0.0,2.007999911979657,0.0,0.0,-1.116037714144628e-08,2.0,0.0,2.0,2.000015999583924,2.0
1.85491943359375,0.0,0.0,2.007999911884581,0.0,0.0,-7.790784251133702e-09,2.0,0.0,2.0,2.0000159995835434,2.0
1.8649027347564697,0.0,0.0,2.0079999118249368,0.0,0.0,-4.091116352612331e-09,2.0,0.0,2.0,2.000015999583305,2.0
1.8749909400939941,0.0,0.0,2.007999911803572,0.0,0.0,-1.4692285015137521e-10,2.0,0.0,2.0,2.0000159995832196,2.0
1.8849313259124756,0.0,0.0,2.0079999118226004,0.0,0.0,3.978419677841285e-09,2.0,0.0,2.0,2.0000159995832956,2.0
1.8949315547943115,0.0,0.0,2.0079999118835863,0.0,0.0,8.23796070681802e-09,2.0,0.0,2.0,2.0000159995835394,2.0
1.9049320220947266,0.0,0.0,2.007999911982248,0.0,0.0,1.1003299762495906e-08,2.0,0.0,2.0,2.000015999583934,2.0
1.9149329662322998,0.0,0.0,2.0079999120951806,0.0,0.0,1.1219644981143711e-08,2.0,0.0,2.0,2.000015999584386,2.0
1.924964189529419,0.0,0.0,2.007999912200363,0.0,0.0,9.547649160752607e-09,2.0,0.0,2.0,2.000015999584807,2.0
1.9349045753479004,0.0,0.0,2.0079999122814836,0.0,0.0,6.476735915782699e-09,2.0,0.0,2.0,2.000015999585131,2.0
1.944953203201294,0.0,0.0,2.0079999123264534,0.0,0.0,2.3694791281854255e-09,2.0,0.0,2.0,2.000015999585311,2.0
1.9549148082733154,0.0,0.0,2.0079999123263206,0.0,0.0,-2.505519812718899e-09,2.0,0.0,2.0,2.0000159995853104,2.0
1.9649477005004883,0.0,0.0,2.0079999122798933,0.0,0.0,-6.3556575272664596e-09,2.0,0.0,2.0,2.0000159995851248,2.0
1.974914312362671,0.0,0.0,2.007999912206524,0.0,0.0,-8.0044976142862e-09,2.0,0.0,2.0,2.0000159995848312,2.0
1.9849495887756348,0.0,0.0,2.0079999121252268,0.0,0.0,-8.02257633490073e-09,2.0,0.0,2.0,2.000015999584506,2.0
1.9949307441711426,0.0,0.0,2.0079999120500895,0.0,0.0,-6.8325572258026445e-09,2.0,0.0,2.0,2.0000159995842055,2.0
2.0049102306365967,0.0,0.0,2.007999911991551,0.0,0.0,-4.74755726680385e-09,2.0,0.0,2.0,2.0000159995839715,2.0
2.0149645805358887,0.0,0.0,2.0079999119573415,0.0,0.0,-1.9995392053795183e-09,2.0,0.0,2.0,2.0000159995838347,2.0
2.024940252304077,0.0,0.0,2.007999911953191,0.0,0.0,1.2396547311130116e-09,2.0,0.0,2.0,2.000015999583818,2.0
2.035013198852539,0.0,0.0,2.007999911983341,0.0,0.0,4.842720721195381e-09,2.0,0.0,2.0,2.0000159995839386,2.0
2.044969320297241,0.0,0.0,2.0079999120509378,0.0,0.0,8.715349775569576e-09,2.0,0.0,2.0,2.000015999584209,2.0
2.054936170578003,0.0,0.0,2.007999912158311,0.0,0.0,1.2787676063627389e-08,2.0,0.0,2.0,2.0000159995846385,2.0
2.064929485321045,0.0,0.0,2.0079999123017407,0.0,0.0,1.5414323021294493e-08,2.0,0.0,2.0,2.0000159995852123,2.0
2.074949264526367,0.0,0.0,2.007999912458246,0.0,0.0,1.5527922577062186e-08,2.0,0.0,2.0,2.0000159995858384,2.0
2.084925651550293,0.0,0.0,2.007999912606112,0.0,0.0,1.3779810844747347e-08,2.0,0.0,2.0,2.0000159995864295,2.0
2.094970703125,0.0,0.0,2.0079999127292583,0.0,0.0,1.0652509449564697e-08,2.0,0.0,2.0,2.0000159995869224,2.0
2.104935884475708,0.0,0.0,2.0079999128157673,0.0,0.0,6.50347924298987e-09,2.0,0.0,2.0,2.0000159995872684,2.0
2.1149466037750244,0.0,0.0,2.007999912856811,0.0,0.0,1.5975337280076967e-09,2.0,0.0,2.0,2.0000159995874323,2.0
2.1249120235443115,0.0,0.0,2.0079999128512953,0.0,0.0,-2.275529809410847e-09,2.0,0.0,2.0,2.0000159995874105,2.0
2.1349189281463623,0.0,0.0,2.0079999128186374,0.0,0.0,-3.9413538053524895e-09,2.0,0.0,2.0,2.00001599958728,2.0
2.1470859050750732,0.0,0.0,2.0079999127859587,0.0,0.0,-4.074561099457457e-09,2.0,0.0,2.0,2.000015999587149,2.0
2.1550257205963135,0.0,0.0,2.007999912752311,0.0,0.0,-3.252244693071606e-09,2.0,0.0,2.0,2.0000159995870144,2.0
2.164999008178711,0.0,0.0,2.0079999127282715,0.0,0.0,-1.4157093288080174e-09,2.0,0.0,2.0,2.0000159995869184,2.0
2.1749861240386963,0.0,0.0,2.0079999127264156,0.0,0.0,1.148241643060956e-09,2.0,0.0,2.0,2.000015999586911,2.0
2.18502140045166,0.0,0.0,2.0079999127530277,0.0,0.0,4.2510753581037846e-09,2.0,0.0,2.0,2.0000159995870175,2.0
2.195044755935669,0.0,0.0,2.0079999128127635,0.0,0.0,7.753123218702381e-09,2.0,0.0,2.0,2.0000159995872564,2.0
2.205097198486328,0.0,0.0,2.007999912903631,0.0,0.0,9.957297480022589e-09,2.0,0.0,2.0,2.0000159995876197,2.0
2.2150990962982178,0.0,0.0,2.007999913003921,0.0,0.0,9.757921510521339e-09,2.0,0.0,2.0,2.0000159995880207,2.0
2.224999189376831,0.0,0.0,2.007999913092871,0.0,0.0,7.777951814305696e-09,2.0,0.0,2.0,2.000015999588377,2.0
2.23504900932312,0.0,0.0,2.007999913155096,0.0,0.0,4.478885869037625e-09,2.0,0.0,2.0,2.0000159995886255,2.0
2.2451088428497314,0.0,0.0,2.0079999131791997,0.0,0.0,2.0260938353028765e-10,2.0,0.0,2.0,2.000015999588722,2.0
2.2550127506256104,0.0,0.0,2.0079999131567385,0.0,0.0,-4.7976024925233535e-09,2.0,0.0,2.0,2.000015999588632,2.0
2.265068292617798,0.0,0.0,2.007999913086906,0.0,0.0,-8.740500282759124e-09,2.0,0.0,2.0,2.000015999588353,2.0
2.2750868797302246,0.0,0.0,2.007999912989324,0.0,0.0,-1.045805880689949e-08,2.0,0.0,2.0,2.0000159995879625,2.0
2.2846696376800537,0.0,0.0,2.0079999129043813,0.0,0.0,-1.0622818001046501e-08,2.0,0.0,2.0,2.0000159995876228,2.0
2.294663906097412,0.0,0.0,2.007999912801909,0.0,0.0,-9.686372316707286e-09,2.0,0.0,2.0,2.000015999587213,2.0
2.3046793937683105,0.0,0.0,2.0079999127138453,0.0,0.0,-7.789224100347297e-09,2.0,0.0,2.0,2.0000159995868607,2.0
2.314683675765991,0.0,0.0,2.0079999126484895,0.0,0.0,-5.18037003041933e-09,2.0,0.0,2.0,2.000015999586599,2.0
2.3246607780456543,0.0,0.0,2.0079999126119916,0.0,0.0,-2.0442713047737545e-09,2.0,0.0,2.0,2.000015999586453,2.0
2.33465838432312,0.0,0.0,2.0079999126089043,0.0,0.0,1.4824199423379769e-09,2.0,0.0,2.0,2.000015999586441,2.0
2.3448173999786377,0.0,0.0,2.0079999126426022,0.0,0.0,5.298469154352915e-09,2.0,0.0,2.0,2.0000159995865756,2.0
2.354672908782959,0.0,0.0,2.0079999127155856,0.0,0.0,9.328880003142865e-09,2.0,0.0,2.0,2.0000159995868674,2.0
2.3646504878997803,0.0,0.0,2.0079999128242654,0.0,0.0,1.1924475210063311e-08,2.0,0.0,2.0,2.000015999587302,2.0
2.374667167663574,0.0,0.0,2.007999912945751,0.0,0.0,1.2015071017617666e-08,2.0,0.0,2.0,2.0000159995877884,2.0
2.3846919536590576,0.0,0.0,2.0079999130584008,0.0,0.0,1.0249917695834377e-08,2.0,0.0,2.0,2.0000159995882387,2.0
2.3946783542633057,0.0,0.0,2.007999913146182,0.0,0.0,7.109991603200919e-09,2.0,0.0,2.0,2.00001599958859,2.0
2.4046552181243896,0.0,0.0,2.007999913197216,0.0,0.0,2.951608842366487e-09,2.0,0.0,2.0,2.000015999588794,2.0
2.4147088527679443,0.0,0.0,2.0079999132027053,0.0,0.0,-1.961265194173911e-09,2.0,0.0,2.0,2.000015999588816,2.0
2.424715518951416,0.0,0.0,2.0079999131601287,0.0,0.0,-6.12988311740745e-09,2.0,0.0,2.0,2.0000159995886455,2.0
2.434633731842041,0.0,0.0,2.007999913087709,0.0,0.0,-8.027805604969339e-09,2.0,0.0,2.0,2.000015999588356,2.0
2.4447057247161865,0.0,0.0,2.007999913005208,0.0,0.0,-8.230409057977147e-09,2.0,0.0,2.0,2.000015999588026,2.0
2.4547135829925537,0.0,0.0,2.007999912927276,0.0,0.0,-7.177089286633974e-09,2.0,0.0,2.0,2.0000159995877143,2.0
2.464674711227417,0.0,0.0,2.007999912864759,0.0,0.0,-5.193358695339526e-09,2.0,0.0,2.0,2.0000159995874642,2.0
2.4746694564819336,0.0,0.0,2.0079999128257,0.0,0.0,-2.520362853690885e-09,2.0,0.0,2.0,2.000015999587308,2.0
2.484653949737549,0.0,0.0,2.0079999128160497,0.0,0.0,6.632532266676312e-10,2.0,0.0,2.0,2.0000159995872693,2.0
2.4947516918182373,0.0,0.0,2.007999912840221,0.0,0.0,4.2251460782069995e-09,2.0,0.0,2.0,2.000015999587366,2.0
2.5047245025634766,0.0,0.0,2.007999912896041,0.0,0.0,6.473654659623316e-09,2.0,0.0,2.0,2.0000159995875895,2.0
2.514989137649536,0.0,0.0,2.0079999129553063,0.0,0.0,6.413181526020622e-09,2.0,0.0,2.0,2.0000159995878266,2.0
2.524949312210083,0.0,0.0,2.0079999130117545,0.0,0.0,4.6132813005244234e-09,2.0,0.0,2.0,2.000015999588052,2.0
2.5349180698394775,0.0,0.0,2.007999913043033,0.0,0.0,1.4476140800635758e-09,2.0,0.0,2.0,2.0000159995881774,2.0
2.5449652671813965,0.0,0.0,2.007999913042785,0.0,0.0,-1.1362195664678132e-09,2.0,0.0,2.0,2.0000159995881766,2.0
2.55501389503479,0.0,0.0,2.007999913026533,0.0,0.0,-1.846958588655131e-09,2.0,0.0,2.0,2.0000159995881113,2.0
2.565171718597412,0.0,0.0,2.0079999130104564,0.0,0.0,-1.1700748973519088e-09,2.0,0.0,2.0,2.000015999588047,2.0
2.5750181674957275,0.0,0.0,2.0079999130065453,0.0,0.0,5.347850059485203e-10,2.0,0.0,2.0,2.0000159995880313,2.0
2.585015058517456,0.0,0.0,2.0079999130236823,0.0,0.0,3.0011883559053524e-09,2.0,0.0,2.0,2.0000159995880997,2.0
2.5950257778167725,0.0,0.0,2.007999913068446,0.0,0.0,6.031756974465381e-09,2.0,0.0,2.0,2.000015999588279,2.0
2.604970693588257,0.0,0.0,2.0079999131402673,0.0,0.0,7.886650961845304e-09,2.0,0.0,2.0,2.0000159995885665,2.0
2.6149823665618896,0.0,0.0,2.0079999132184936,0.0,0.0,7.428521873910078e-09,2.0,0.0,2.0,2.000015999588879,2.0
2.6249687671661377,0.0,0.0,2.0079999132831436,0.0,0.0,5.256863175888471e-09,2.0,0.0,2.0,2.0000159995891376,2.0
2.63497257232666,0.0,0.0,2.0079999133194137,0.0,0.0,1.8157905385924925e-09,2.0,0.0,2.0,2.000015999589283,2.0
2.645024061203003,0.0,0.0,2.0079999133217754,0.0,0.0,-9.720684991028201e-10,2.0,0.0,2.0,2.000015999589292,2.0
2.6549646854400635,0.0,0.0,2.0079999133063713,0.0,0.0,-1.8339531919118551e-09,2.0,0.0,2.0,2.000015999589231,2.0
2.6649036407470703,0.0,0.0,2.0079999132898383,0.0,0.0,-1.2690410155918346e-09,2.0,0.0,2.0,2.0000159995891647,2.0
2.6749398708343506,0.0,0.0,2.007999913284505,0.0,0.0,3.528683362978631e-10,2.0,0.0,2.0,2.0000159995891433,2.0
2.684931993484497,0.0,0.0,2.0079999132995,0.0,0.0,2.757820416777963e-09,2.0,0.0,2.0,2.0000159995892033,2.0
2.694922685623169,0.0,0.0,2.0079999133415902,0.0,0.0,5.7428647883236984e-09,2.0,0.0,2.0,2.0000159995893716,2.0
2.7049472332000732,0.0,0.0,2.0079999134103446,0.0,0.0,7.56403348378251e-09,2.0,0.0,2.0,2.0000159995896465,2.0
2.714897871017456,-3.3122104761830096e-14,1.9987234857472683e-14,2.007999914011526,-1.6566595764999552e-10,9.992094912188739e-11,1.5934622139458911e-06,2.0,0.0,2.0,2.0000159995920845,2.0000000000000333
2.7249131202697754,-5.144486998318598e-09,3.031233702882699e-09,2.0080006963887156,-2.3177955285525615e-06,1.3586879556217205e-06,0.00022019260282366433,2.0,0.0,2.0,2.0000160078661002,2.000000005144487
2.734916925430298,-1.2496670582390773e-07,7.200605355503194e-08,2.0080057331996017,-2.9178829193163917e-05,1.665766578719134e-05,0.000859230075871726,2.0,0.0,2.0,2.0000161478425387,2.000000124966707
2.7449405193328857,-8.382309094978539e-07,4.740013384868592e-07,2.008019222840288,-0.00013209767393117692,7.401510225517674e-05,0.0019270439177629822,2.0,0.0,2.0,2.0000169151433513,2.0000008382309655
2.754873037338257,-3.3003420809802748e-06,1.8470323350736185e-06,2.008046518994199,-0.00039601702116530066,0.00022025083517780795,0.003655299823555445,2.0,0.0,2.0,2.0000194868677035,2.0000033003429336
2.7648708820343018,-9.675196711401758e-06,5.379512404734184e-06,2.008094465163118,-0.0009361990586968083,0.0005172452584355087,0.006064074413995844,2.0,0.0,2.0,2.0000260551492,2.000009675203946
2.7749059200286865,-2.3434282834207494e-05,1.2946565034633265e-05,2.0081709815824182,-0.0019000284040185376,0.0010407148122409948,0.009407469580045298,2.0,0.0,2.0,2.0000401252945244,2.000023434324737
2.7848877906799316,-4.9650822973888114e-05,2.7217215777976305e-05,2.008285790599127,-0.003457355241252339,0.0018714883274829717,0.013735588006247926,2.0,0.0,2.0,2.0000668140899016,2.000049651008163
2.7949161529541016,-9.518279243315668e-05,5.167474952935369e-05,2.008449580737092,-0.005794698447228742,0.0030912729248163675,0.019209966160403616,2.0,0.0,2.0,2.0001130313845787,2.0000951834599716
2.8049027919769287,-0.00016876263081238283,9.058207927326705e-05,2.0086738456417326,-0.009097394885108166,0.004772538344284924,0.025851099790460564,2.0,0.0,2.0,2.000187571906046,2.0001687646819173
2.8148927688598633,-0.0002809251626079288,0.00014885287330392255,2.008970487609258,-0.013536789089004598,0.006970935991571228,0.033645107218516226,2.0,0.0,2.0,2.0003010451865753,2.0002809307011247
2.8248720169067383,-0.0004437795140994258,0.0002318449897079911,2.0093506661773706,-0.01925868799436626,0.009721506117792277,0.0425984071529351,2.0,0.0,2.0,2.0004656467199617,2.0004437929491425
2.834879159927368,-0.0006707070304551818,0.00034514993867666867,2.009825881360313,-0.026360668258812562,0.013031070721567914,0.05257619414147472,2.0,0.0,2.0,2.0006948655511483,2.000670736802591
2.8449244499206543,-0.000975797875634148,0.000494292714986951,2.0104057062959013,-0.03490052860844169,0.016886924951406014,0.06357621453740656,2.0,0.0,2.0,2.001002915223472,2.000975858927168
2.854893445968628,-0.0013734941231012903,0.0006845804754379885,2.0111002194182364,-0.044871174320767905,0.021249688964468005,0.07542080349542975,2.0,0.0,2.0,2.0014043935447106,2.001373611205299
2.8648717403411865,-0.001877762743227856,0.0009207767210006449,2.011915905765549,-0.05620241470512727,0.026059328676413293,0.087793578045007,2.0,0.0,2.0,2.0019134380901225,2.0018779745018427
2.875009775161743,-0.0025017197348907,0.001207056275863762,2.0128569308312305,-0.06878596406959088,0.03125604014164536,0.10041994702926,2.0,0.0,2.0,2.0025433566333706,2.002502083526019
2.8849055767059326,-0.0032572721085180312,0.001547042098266839,2.01392473930143,-0.08250502924877413,0.03679626293090547,0.11316385814112136,2.0,0.0,2.0,2.0033062646434088,2.003257869470357
2.894901990890503,-0.0041551872798732455,0.0019440390797355136,2.015120103956791,-0.0972344507039902,0.0426544411432998,0.1258784255879499,2.0,0.0,2.0,2.0042131651928723,2.0041561301427513
2.9050512313842773,-0.005204980501452966,0.002401190398866688,2.016442077657883,-0.11286849336150298,0.048830487334942524,0.13851031715127454,2.0,0.0,2.0,2.0052738270522736,2.005206418188203
2.9149014949798584,-0.006415253303911145,0.002921765938827457,2.017889758791377,-0.12931202484393525,0.0553421060278009,0.15097792972185964,2.0,0.0,2.0,2.0064971340314477,2.0064173806580725
2.9248831272125244,-0.007793672086049806,0.0035092606211239454,2.019460907350195,-0.14648992933831462,0.062222055248258724,0.16321902284555678,2.0,0.0,2.0,2.0078910507031464,2.0077967388605082
2.934865951538086,-0.009347269424813884,0.004167572484808057,2.0211531781364243,-0.16433303956891823,0.06951165895738716,0.17517227802658158,2.0,0.0,2.0,2.009462931917542,2.0093515913859803
2.9449851512908936,-0.011082330332558952,0.004901010731625129,2.0229632814509793,-0.1827744921816145,0.07725605116026114,0.1868001549397258,2.0,0.0,2.0,2.011219399164851,2.011088302209038
2.9548983573913574,-0.01300451646990146,0.00571435555255227,2.024888034562935,-0.20174288034476193,0.08549877946267827,0.19808477329327653,2.0,0.0,2.0,2.0131664738545614,2.013012627180367
2.9649055004119873,-0.0151187796374411,0.006612809073696722,2.026924338915555,-0.2211862149690703,0.09428635476720942,0.2091626772334253,2.0,0.0,2.0,2.015309491199149,2.015129629897624
2.974897623062134,-0.0174296122842426,0.007601958886668178,2.029070824553987,-0.2410411677513776,0.10363559267373379,0.2201016047651647,2.0,0.0,2.0,2.0176533753696426,2.0174439348592226
2.984889268875122,-0.01994078142952249,0.008687340480282302,2.0313261140953984,-0.2612486489280293,0.11352877588881481,0.2309561151109461,2.0,0.0,2.0,2.0202023551592667,2.0199594625553083
2.994898796081543,-0.02265558438333088,0.009874161706268298,2.033689805611391,-0.2817559409767627,0.12390882187147464,0.24176696032015257,2.0,0.0,2.0,2.022960235671628,2.022679685987496
3.0049426555633545,-0.025576732434069188,0.011166824595353949,2.0361613107962193,-0.3025133664313324,0.13468028372230081,0.252535759307749,2.0,0.0,2.0,2.0259302646804813,2.0256075130562246
3.0149855613708496,-0.028706574631026886,0.012568674202107314,2.0387405073193743,-0.32348741981836426,0.14572296166103252,0.2632976971680274,2.0,0.0,2.0,2.029115364987835,2.0287455083184662
3.0249228477478027,-0.032047088932479026,0.01408171775401432,2.041427194243498,-0.3446453504045019,0.15689644837840733,0.27404460330391095,2.0,0.0,2.0,2.0325181127942633,2.0320958802216658
3.0348827838897705,-0.03560005159595968,0.01570659113691028,2.0442215348246067,-0.36597416025433194,0.16806664684574135,0.28483049159593776,2.0,0.0,2.0,2.036140911431441,2.035660646341284
3.0448858737945557,-0.039367303477895556,0.017442716686785313,2.0471250407275723,-0.38751784854674765,0.17913268434578314,0.29596268317174756,2.0,0.0,2.0,2.039986278464562,2.0394418959264615
3.0549156665802,-0.04335119274798182,0.01928840482154357,2.0501424274431663,-0.40929708293552175,0.18994532032815106,0.30758708051022265,2.0,0.0,2.0,2.0440573383579665,2.0434422280713394
3.064920425415039,-0.04755415543700742,0.021240141256739915,2.0532790809989176,-0.4313453545610651,0.20030908072353232,0.3198801511412675,2.0,0.0,2.0,2.0483573476129724,2.0476643189370574
3.0748679637908936,-0.05197904669052981,0.023292217821222098,2.0565424928860687,-0.4536782117539271,0.2099612732929348,0.33291496547102023,2.0,0.0,2.0,2.0528900576917843,2.0521112385706597
3.0849287509918213,-0.056628922801996766,0.025436055870582713,2.059941101799382,-0.47636356931840224,0.21861580660388047,0.34702287926195613,2.0,0.0,2.0,2.057659460340529,2.05678621131219
3.094877243041992,-0.06150756044257772,0.027660137545009914,2.0634867429015413,-0.4994221423047202,0.2259528935610823,0.3622698904968371,2.0,0.0,2.0,2.062670373931609,2.0616931160992213
3.1049463748931885,-0.0666184705405112,0.0299496697592984,2.067189364915685,-0.5228158151644897,0.2316595607887018,0.3783930330190851,2.0,0.0,2.0,2.067927294721859,2.0668354761562164
3.1148738861083984,-0.07196505167634679,0.032287077540910585,2.071057454606859,-0.5465622091400356,0.23549327060245462,0.3953724462428515,2.0,0.0,2.0,2.073434540225349,2.0722165984144367
3.124875545501709,-0.07755114864719809,0.03465274850623933,2.0751005061383605,-0.570732752659756,0.23729505340792614,0.4134271583110343,2.0,0.0,2.0,2.079196882030792,2.077840125761443
3.134908676147461,-0.08338119582070276,0.03702610825465589,2.0793292665370706,-0.5953507621571751,0.23704217653632023,0.43246257728943643,2.0759501457214355,0.0,2.0,2.1611052514368585,2.1596487620116975
3.1448800563812256,-0.08945951603023161,0.039387261461593215,2.0837514026274064,-0.6203779833429557,0.23489558389648604,0.4520143514875566,2.0759501457214355,0.0,2.0,2.1673865961140786,2.165767845262487
3.1550040245056152,-0.0957900473546904,0.04171876438274606,2.088370428613466,-0.6457907490848531,0.23117581113269456,0.4718274795137039,2.0759501457214355,0.0,2.0,2.1739377300597367,2.172140861344851
3.1649060249328613,-0.10237633822297905,0.04400696904728665,2.0931878790018548,-0.6715083098141036,0.22631452313900344,0.4916428373018576,2.1425790786743164,0.0,2.0,2.2473196074377366,2.245386701034198
3.174870729446411,-0.10922086972005746,0.04624284474451632,2.0982030705043284,-0.697420288734907,0.22078997726448593,0.5113925008543324,2.1425790786743164,0.0,2.0,2.2544146138932493,2.2522747186520053
3.1848533153533936,-0.11632497706552322,0.04842209655825159,2.103416057577519,-0.7233984106289849,0.21506073530885175,0.5312331041075389,2.1425790786743164,0.0,2.0,2.2617884767232037,2.2594229866213613
3.1949031352996826,-0.12368839424482042,0.05054461693685335,2.1088283513966157,-0.7492425327989952,0.2094938185559628,0.5512614291817421,2.1425790786743164,0.0,2.0,2.2694419197635987,2.2668310517355685
3.2049460411071777,-0.1313087072193713,0.052613252099400945,2.1144428264999324,-0.7747463244653036,0.20430579414222053,0.5717356067204835,2.201571226119995,0.0,2.0,2.336277829842002,2.333473149122132
3.2148818969726562,-0.13918137202507477,0.054632205137278976,2.120265077525509,-0.7996654007013462,0.19955416365423637,0.5928109851017527,2.201571226119995,0.0,2.0,2.3444767203862944,2.3413900579700635
3.2249035835266113,-0.1472990710287229,0.05660551042279891,2.12630053136837,-0.823704790131932,0.19515090740258909,0.6143450204615785,2.201571226119995,0.0,2.0,2.3529444704160922,2.34955226727088
3.2348883152008057,-0.15565171158609606,0.05853572116269798,2.1325533716499376,-0.8466172046303333,0.1908956246959319,0.6362882584183271,2.2753984928131104,0.0,2.0,2.435364843980718,2.4317548245991945
3.2448902130126953,-0.1642264184842429,0.060423174907896365,2.1390243635997765,-0.8680534494838352,0.1865607492718839,0.6577564178716027,2.2753984928131104,0.0,2.0,2.4443298553106314,2.440373059162998
3.254916191101074,-0.1730074206916656,0.0622656898741431,2.145706510778559,-0.8878815576410561,0.18185192491412042,0.6786161267027161,2.2753984928131104,0.0,2.0,2.4535278520334596,2.449197528461242
3.2649364471435547,-0.18197865852956732,0.06405790312108574,2.1525951530069283,-0.9060966767329518,0.17644946729333733,0.6990282370396271,2.3358402252197266,0.0,2.0,2.523251994359267,2.5186336268534193
3.274902582168579,-0.19112410304093352,0.06579131858257667,2.1596857283214934,-0.9227378481623089,0.1700396467996073,0.7190346718061743,2.3358402252197266,0.0,2.0,2.5328594010983414,2.5278206451215404
3.2848639488220215,-0.20042860825232553,0.06745429225197085,2.1669756756437217,-0.9379351944082746,0.1623091518609904,0.7389753883719224,2.3358402252197266,0.0,2.0,2.5426542339534834,2.5371656779140177
3.294929027557373,-0.20987843592173974,0.06903208361199946,2.174465764936834,-0.951821421171161,0.15295393047061503,0.7590736783649683,2.3976285457611084,0.0,2.0,2.6142487240558436,2.6084206118056597
3.30497407913208,-0.21946111398297877,0.07050696492533048,2.1821584048800395,-0.9645286071763396,0.14167796610268235,0.7795371359048904,2.3976285457611084,0.0,2.0,2.62436872480047,2.61803925089797
3.314887762069702,-0.2291654246153306,0.07185831817063802,2.190058142402176,-0.9761596828791598,0.12820586666730946,0.8004898869056257,2.3976285457611084,0.0,2.0,2.634640825271956,2.627776661114169
3.3250060081481934,-0.23898095826149357,0.07306291567261938,2.198170256532597,-0.9867830204488429,0.112286300338798,0.8220415545767813,2.4655134677886963,0.0,2.0,2.712729205202267,2.705481156870831
3.33489990234375,-0.24889780107914708,0.07409518885288706,2.206500851971057,-0.9964201100839729,0.09371251124983684,0.8441525236732125,2.4655134677886963,0.0,2.0,2.723262975812775,2.715422367435291
3.3448891639709473,-0.25890590082931736,0.07492813944620196,2.2150527954886337,-1.0050253481677276,0.0724231939911872,0.8661711469111832,2.4655134677886963,0.0,2.0,2.7339207792160547,2.7254495266252583
3.3548879623413086,-0.2689949163375174,0.07553432873110376,2.2238233615473,-1.0126132554752207,0.04834039616752093,0.887901711369246,2.4655134677886963,0.0,2.0,2.7446927760402886,2.7355514138238037
3.36493182182312,-0.27915486821509083,0.07588591800919604,2.232807549536288,-1.0192206810321673,0.021529613507867595,0.9087491894112019,2.5328783988952637,0.0,2.0,2.822674108537598,2.813057014688368
3.374891757965088,-0.2893765285185197,0.07595567073011229,2.241995801823002,-1.0249878689325596,-0.008051621002914152,0.9288124313936613,2.5328783988952637,0.0,2.0,2.833629140753496,2.8232768442410037
3.3849124908447266,-0.29965245325557077,0.07571556085587053,2.2513816001911553,-1.030103285703269,-0.04043196222911546,0.9482243439913298,2.5328783988952637,0.0,2.0,2.844671612586718,2.833542636796216
3.394979476928711,-0.30997698912965166,0.07513779083157816,2.260957915129322,-1.0347353930676415,-0.0755826695648453,0.9669184513592028,2.5328783988952637,0.0,2.0,2.855796119876555,2.8438481754188887
3.404947280883789,-0.32034593211902457,0.07419505732934102,2.270716549726092,-1.038997635686387,-0.11340258779156391,0.9846329243396477,2.5988261699676514,0.0,2.0,2.9326367177727364,2.9201148381755893
3.4148895740509033,-0.33075586445187705,0.07286082100674163,2.2806475860758013,-1.0429329650447674,-0.15389356836712195,1.001436253322589,2.5988261699676514,0.0,2.0,2.943895830901904,2.9304879449728913
3.4249508380889893,-0.34120329887678785,0.0711086894063362,2.2907412810007277,-1.046479330840635,-0.1969560285825359,1.0171038412026927,2.5988261699676514,0.0,2.0,2.95522591621364,2.940889274247299
3.434894561767578,-0.35168368193276844,0.06891295070673867,2.3009864497088723,-1.0494917730728655,-0.24263629348720614,1.0317865633391001,2.680379629135132,0.0,2.0,3.04774502870688,3.032846339183564
3.4448976516723633,-0.36219060313813684,0.0662474625081412,2.31137321226433,-1.051745109130534,-0.2908885571280797,1.045380795652533,2.680379629135132,0.0,2.0,3.0591789130287865,3.0432913670242256
3.4549190998077393,-0.37271520902031785,0.06308636103951432,2.3218909143625033,-1.0529856569450173,-0.34177813238972593,1.0580093656642893,2.680379629135132,0.0,2.0,3.070664706618062,3.0537465480489145
3.464909315109253,-0.3832460981594856,0.05940320511712131,2.3325298266801986,-1.0529622732905852,-0.3952901349035564,1.0695955569009452,2.7397847175598145,0.0,2.0,3.1412459792799585,3.1235957191529358
3.4748847484588623,-0.3937695187032396,0.055171707081775136,2.3432793949400184,-1.051460220730285,-0.4514505589235217,1.0801392408709733,2.7397847175598145,0.0,2.0,3.1527839779875237,3.1340398958635562
3.4848878383636475,-0.4042698497209986,0.05036545282105477,2.3541288453637383,-1.048324527356503,-0.5102373339872143,1.0895613388214862,2.7397847175598145,0.0,2.0,3.1643361136257107,3.144457950247898
3.494960308074951,-0.41473028031307196,0.04495833214853552,2.365066620937048,-1.0434731290689157,-0.5716082872322904,1.097777847160824,2.800299644470215,0.0,2.0,3.2360025195608237,3.2153442535569354
3.5049331188201904,-0.4251335668713713,0.038924866026598115,2.376080169221391,-1.0369004650283924,-0.6355023430879846,1.104720180180366,2.800299644470215,0.0,2.0,3.247517642708362,3.22566807747178
3.5149004459381104,-0.43546276514544674,0.032240225395109866,2.3871564781119488,-1.0286726771016532,-0.7018127967644757,1.1102987808173168,2.800299644470215,0.0,2.0,3.2590010650748997,3.235923021892715
3.5249457359313965,-0.4457018897018797,0.024880834867639284,2.398281599525459,-1.0189074024310165,-0.7704481938025648,1.114503143280097,2.800299644470215,0.0,2.0,3.270439305095244,3.246096889464531
3.5347392559051514,-0.45482795440768087,0.017661664568352647,2.4083246392777626,-1.0089308943719002,-0.8340920582306632,1.117083921413914,2.8661561012268066,0.0,2.0,3.346038858593117,3.32103101945372
3.54496693611145,-0.4658531086099976,0.008049367865915006,2.4206219763445396,-0.9954262505105964,-0.91390921020568,1.1184008401557133,2.8661561012268066,0.0,2.0,3.3584628945016366,3.3320189325332956
3.554913282394409,-0.47574154604784674,-0.001458831623796871,2.4318032555738944,-0.9821072143568363,-0.9879468723427135,1.1175349127623173,2.8661561012268066,0.0,2.0,3.3696789260363937,3.3418979656850043
3.564908504486084,-0.48549247837295834,-0.011712632860337956,2.4429653139778336,-0.9679485808389788,-1.062928726933729,1.1144967957022447,2.9350428581237793,0.0,2.0,3.44911835740365,3.420555389697903
3.574925422668457,-0.49509786064615247,-0.0227195666468847,2.4540861896822315,-0.9529908345277694,-1.1385553238606598,1.1093546269664865,2.9350428581237793,0.0,2.0,3.4601410082440647,3.4302159595675783
3.5849056243896484,-0.5045495672237273,-0.03448468738903841,2.465145530832749,-0.9372093558352668,-1.2144866376996808,1.1021751529483304,2.9350428581237793,0.0,2.0,3.4710726888133507,3.439765289401627
3.5949018001556396,-0.5138389994046996,-0.047009557201469356,2.4761236129952877,-0.9205134415904073,-1.2904925235368616,1.0931673003517033,3.0042598247528076,0.0,2.0,3.550482070065754,3.5184128858061436
3.6049065589904785,-0.5229564908263206,-0.0602938122642244,2.487003176189135,-0.9028100162772029,-1.366299880522758,1.0824704290173928,3.0042598247528076,0.0,2.0,3.561188337381675,3.527731605534207
3.6149024963378906,-0.5318914598558369,-0.07433437716998252,2.497768186898348,-0.8839860154848584,-1.4417509133099367,1.0703175926380422,3.0042598247528076,0.0,2.0,3.5717873222179235,3.536932499676608
3.624903678894043,-0.5406322649469242,-0.08912677416708731,2.5084048906179985,-0.863973813639139,-1.5166077290404074,1.0567973802448276,3.064551830291748,0.0,2.0,3.6419461109741333,3.6062856157596994
3.634953260421753,-0.5491667382889479,-0.10466425367960909,2.5189002400260483,-0.8427045101232716,-1.5907773665440812,1.0421023393072482,3.064551830291748,0.0,2.0,3.6522833896074265,3.615233948018195
3.6449615955352783,-0.5574821797085056,-0.12093938028305029,2.5292430776096495,-0.8201773867365756,-1.6640896025126868,1.0262752613094213,3.064551830291748,0.0,2.0,3.6624929950102976,3.6240525249093403
3.654909133911133,-0.5655661005536324,-0.13794316720868363,2.5394225239191424,-0.7963976006682996,-1.7365334394361762,1.0094743655670506,3.064551830291748,0.0,2.0,3.6725687425201463,3.6327378806108084
3.665735960006714,-0.5734062945853511,-0.15566667001026444,2.549429156622424,-0.7714590397344655,-1.807992009055775,0.9916811758972484,3.131983995437622,0.0,2.0,3.749136128722915,3.7086586946696265
3.6749110221862793,-0.5809916741135279,-0.17409993754540057,2.559253296242421,-0.7454414552221285,-1.878522697877592,0.9730236112629633,3.131983995437622,0.0,2.0,3.758891240816916,3.7170551665171883
3.6848952770233154,-0.5883121784594322,-0.19323343739576374,2.568886174847938,-0.7185259401839658,-1.9479854486040864,0.9533722108042535,3.131983995437622,0.0,2.0,3.768497613475954,3.7253110987997826
3.694993257522583,-0.595359480515041,-0.21305637898716898,2.5783178110601774,-0.690798834228758,-2.016458099851161,0.9328310888997287,3.1980817317962646,0.0,2.0,3.8431810707379412,3.7994195940813107
3.704944372177124,-0.6021259558322337,-0.23355869959831962,2.587539224900547,-0.6623925990117484,-2.0838038245278105,0.9112676104507391,3.1980817317962646,0.0,2.0,3.852444740170264,3.8073781182421054
3.7148916721343994,-0.6086049877187485,-0.2547290308048966,2.5965402647727607,-0.6332856740939085,-2.1501096942042768,0.888821344182942,3.1980817317962646,0.0,2.0,3.861555508750577,3.815199950155532
3.724921226501465,-0.6147894798764093,-0.2765567399442968,2.6053121442151608,-0.6034994449207927,-2.2152168091448456,0.8653773025106609,3.1980817317962646,0.0,2.0,3.8705133121002464,3.822887718363026
3.7348990440368652,-0.6206722174118658,-0.29902968050262024,2.6138451408893344,-0.5728902707384136,-2.279203374946848,0.8411164804564857,3.268934726715088,0.0,2.0,3.9490842972283544,3.901084583756435
3.744919776916504,-0.6262444101930542,-0.3221363130838297,2.6221312579166356,-0.54139481188295,-2.341890963281914,0.8159477216916874,3.268934726715088,0.0,2.0,3.9576810905994737,3.9084769812308866
3.754918336868286,-0.6314964659721434,-0.34586344209620934,2.6301618068642947,-0.5088133659153994,-2.4033439168903876,0.7900727458573097,3.268934726715088,0.0,2.0,3.966117612010094,3.9157355642926372
3.7649126052856445,-0.6364172387363392,-0.37019772482265595,2.637929224438022,-0.47516384404841966,-2.463229244903207,0.7632356508584406,3.3334877490997314,0.0,2.0,4.037839231978123,3.987128285860587
3.7788445949554443,-0.6409955527069979,-0.3951231621631701,2.6454242119354263,-0.4402691460499129,-2.521634190483504,0.7356824276485484,3.3334877490997314,0.0,2.0,4.045888313210192,3.9940755913750983
3.784886121749878,-0.6452182769122848,-0.4206252805007096,2.6526407829064107,-0.40403750754598466,-2.5785600125705157,0.707574585263075,3.3334877490997314,0.0,2.0,4.053759645012679,4.000878312073567
3.79490327835083,-0.6490709799317038,-0.4466905738540287,2.659575901294011,-0.366228196598476,-2.634320179253549,0.679492617636681,3.400202989578247,0.0,2.0,4.12688654053982,4.073837521173484
3.804945945739746,-0.6525381059565611,-0.47330703529240037,2.6662305891762417,-0.32694877504936054,-2.68876280315469,0.6514940324561177,3.400202989578247,0.0,2.0,4.134318944523763,4.080285521516106
3.8149287700653076,-0.6556046060054571,-0.5004623506324717,2.6726081813033167,-0.28609099641771607,-2.742125072564013,0.6241704115150511,3.400202989578247,0.0,2.0,4.141550383896252,4.086567975305812
3.824906587600708,-0.6582562158779341,-0.5281443072444675,2.6787151823903392,-0.2440663991418023,-2.793993466292139,0.597298722976864,3.400202989578247,0.0,2.0,4.148575879797055,4.092679749458386
3.834887742996216,-0.6604826877524781,-0.5563370598675007,2.684556400543061,-0.20108857972234487,-2.8442886399950007,0.5710647028397166,3.470529317855835,0.0,2.0,4.224143532147848,4.168305544782199
3.8449349403381348,-0.6622762664111034,-0.5850238302547002,2.690137964840782,-0.15756033428915486,-2.8927509845929635,0.5453332497662381,3.470529317855835,0.0,2.0,4.230676694079618,4.174007053098242
3.854936361312866,-0.6636328632347128,-0.6141858557803188,2.6954650555678934,-0.1137356654559185,-2.9393319941663,0.5201742672560551,3.470529317855835,0.0,2.0,4.237002814315328,4.179536003553499
3.8649184703826904,-0.664551117821658,-0.6438037791586921,2.7005428572211554,-0.06992304521609079,-2.9839360991960366,0.49548250951970485,3.548689126968384,0.0,2.0,4.319332930115603,4.2621446088064
3.8749029636383057,-0.6650316508468406,-0.6738583704465448,2.705376764949906,-0.026233097481873066,-3.026651275848567,0.4713619470954039,3.548689126968384,0.0,2.0,4.3251686992929885,4.267262342159504
3.8849105834960938,-0.6650814019290449,-0.7043258144173002,2.709963579048799,0.01604463925128094,-3.0663419371137484,0.44574851054742676,3.548689126968384,0.0,2.0,4.330818075910703,4.272228566340887
3.8949060440063477,-0.6647120248442181,-0.7351786440365963,2.7142925376416214,0.057827759010772056,-3.103941301215398,0.4201752096153002,3.548689126968384,0.0,2.0,4.3362945857118325,4.277059375873013
3.9049482345581055,-0.6639257103137868,-0.7663978714945341,2.7183679910920717,0.09933892367969309,-3.139497025349713,0.3948512700881165,3.606590747833252,0.0,2.0,4.39780957834258,4.3387413516751705
3.914898157119751,-0.6627267243886066,-0.7979603474332848,2.7221887525456423,0.1404788994540967,-3.172639153041533,0.3694104516932483,3.606590747833252,0.0,2.0,4.40288189587208,4.343249059712635
3.924929618835449,-0.6611131344314745,-0.8298448321816292,2.7257625797297553,0.18237814950271886,-3.203912252110182,0.3456344261647,3.606590747833252,0.0,2.0,4.407796523698884,4.3476360096259175
3.934892177581787,-0.6590784317410742,-0.8620291428195636,2.7291029490846177,0.22458814837503852,-3.232424404645867,0.3224724863358551,3.673600196838379,0.0,2.0,4.477364118762651,4.417600971298716
3.944894790649414,-0.6566202922523485,-0.8944823491827613,2.7322131899502495,0.2670995145430353,-3.25763206628787,0.29961867211765797,3.673600196838379,0.0,2.0,4.481857239212085,4.421640889663096
3.954909324645996,-0.6537361562988288,-0.9271689100660918,2.7350940702542292,0.3097018612226087,-3.278991721525502,0.276399438435328,3.673600196838379,0.0,2.0,4.486183834073109,4.425548790938359
3.964932441711426,-0.6504254024988894,-0.9600488962825233,2.737739936483519,0.3525118516712408,-3.2963450958008207,0.25272518366889873,3.737165689468384,0.0,2.0,4.551583206692652,4.491397274074502
3.974898099899292,-0.6466855169821302,-0.9930823586546236,2.740145790734825,0.39545228050283915,-3.309678385327318,0.22823808639539836,3.737165689468384,0.0,2.0,4.555456043351876,4.494926470073637
3.98488712310791,-0.6425144714514563,-1.026230265311857,2.742304080936618,0.43888732299716826,-3.3193290090660312,0.2034496813319754,3.737165689468384,0.0,2.0,4.559140513076125,4.4983048884437435
3.9949347972869873,-0.6379063887647898,-1.0594577676201231,2.7442135026396723,0.4827393692006606,-3.325637348368762,0.17828869126660996,3.737165689468384,0.0,2.0,4.5626264572740745,4.50152268139417
4.005005836486816,-0.6328573446902119,-1.092733470078216,2.7458709305802564,0.5272166208678145,-3.329066862440278,0.15332905068018704,3.799740791320801,0.0,2.0,4.625831397390327,4.565303130351531
4.014878511428833,-0.6273609609245411,-1.1260308773974297,2.7472804424178507,0.5720094434543952,-3.3300313407163302,0.12846065169316834,3.799740791320801,0.0,2.0,4.6287799171278845,4.568060360983226
4.0249388217926025,-0.6214156530921955,-1.15932725454691,2.7484428669247283,0.6171728088617582,-3.328932466630348,0.10428098179449032,3.87493634223938,0.0,2.0,4.703337928972148,4.643406179633386
4.0349037647247314,-0.615017394654189,-1.192603701403977,2.749368392859351,0.6623839859845623,-3.32608596507466,0.08082187464073404,3.87493634223938,0.0,2.0,4.7056924183656115,4.645641844572932
4.044932126998901,-0.6081671535689771,-1.2258437479979287,2.750064538145865,0.707734777642851,-3.321667161886048,0.05875630540910736,3.87493634223938,0.0,2.0,4.707813362912626,4.647677898546189
4.054891347885132,-0.6008630687350036,-1.2590320270569688,2.750548185534509,0.7530510216345038,-3.3157369498203297,0.0382121302068259,3.87493634223938,0.0,2.0,4.709698991575041,4.64950986797897
4.064958810806274,-0.5931055061208328,-1.2921532402869131,2.7508360826569747,0.7984875218329001,-3.3082366170835917,0.019739211205222647,3.9321820735931396,0.0,2.0,4.765673352058152,4.706154234138265
4.074897527694702,-0.584893650330357,-1.3251913285868362,2.7509490914978283,0.8438224946768996,-3.2991090223218804,0.003092467711560154,3.9321820735931396,0.0,2.0,4.766972801584055,4.707452087172075
4.084923267364502,-0.5762300297979237,-1.3581298379866906,2.7509028671590885,0.8888698188651186,-3.2883061500606856,-0.01206864872557424,3.9321820735931396,0.0,2.0,4.768034339928827,4.708534416443485
4.094902753829956,-0.5671169198507233,-1.3909516469801493,2.7507128005289,0.9337137170764012,-3.2757639856457907,-0.02571449871439441,3.996887683868408,0.0,2.0,4.829953852355544,4.771256072252486
4.104949951171875,-0.5575569988924265,-1.4236394040987397,2.750391928343873,0.9782087192332498,-3.2615040743113672,-0.03831175222146086,3.996887683868408,0.0,2.0,4.830404079096767,4.771762307704677
4.114900588989258,-0.547553686906835,-1.4561760813376756,2.749949656062018,1.022414941800258,-3.2455532583226394,-0.049994231775469175,3.996887683868408,0.0,2.0,4.830612863695564,4.772043184242314
4.124966382980347,-0.5371099370562388,-1.4885452498813487,2.7493936696516665,1.0662765997430734,-3.2280301829489835,-0.06113717607139721,4.061347484588623,0.0,2.0,4.891131616685349,4.833381592593847
4.1348795890808105,-0.5262288932738219,-1.5207318060662092,2.7487286681826104,1.1099084343098709,-3.209047095758954,-0.07176789348006718,4.061347484588623,0.0,2.0,4.89071332908211,4.833061374398518
4.144886255264282,-0.5149127939960358,-1.5527220520196439,2.747958817478644,1.1532623575962924,-3.1888104509434685,-0.08218465367208197,4.061347484588623,0.0,2.0,4.890045633818143,4.832504931004192
4.154946804046631,-0.5031641766083719,-1.5845042832910086,2.747086106938768,1.1964468888363569,-3.167456825652748,-0.09227841153249201,4.1269450187683105,0.0,2.0,4.950424490491718,4.893727105681238
4.164913177490234,-0.4909846945097097,-1.6160680708151787,2.7461137783296365,1.2394057714034135,-3.145154453001989,-0.10215773727236573,4.1269450187683105,0.0,2.0,4.9491046277582,4.892540326485242
4.174871444702148,-0.4783766368363736,-1.647404407197619,2.7450444032980212,1.2821818999593135,-3.1219646999583084,-0.1116190416347948,4.1269450187683105,0.0,2.0,4.9475266543315675,4.89110711725225
4.184905767440796,-0.4653421692991921,-1.6785047068262988,2.7438824388986935,1.3246470004387862,-3.097964764387592,-0.12071957031336532,4.1269450187683105,0.0,2.0,4.9456891078421865,4.889425290208141
4.194901704788208,-0.45188485875166046,-1.709360934593419,2.742631830410173,1.3667552770218883,-3.073137313643159,-0.12929073509539052,4.190366268157959,0.0,2.0,5.002390665026682,4.94695970571903
4.204949617385864,-0.4380088644454117,-1.7399647677118417,2.7412980600787438,1.4083431976874652,-3.047493297704585,-0.13739007083401764,4.190366268157959,0.0,2.0,4.999885656178179,4.944626756488279
4.214897394180298,-0.42371995348564645,-1.770307893543956,2.7398860552647935,1.449337998807542,-3.020980249416934,-0.14489430345009213,4.190366268157959,0.0,2.0,4.99712047818348,4.94204225990687
4.224915266036987,-0.4090243185069051,-1.8003813111462679,2.738402463572678,1.4896691706058138,-2.993549494240487,-0.15171257661985263,4.268284320831299,0.0,2.0,5.065947805826937,5.011844867227293
4.234886407852173,-0.3939291357772329,-1.8301758283561202,2.736853930432766,1.5292294611530517,-2.965204711267708,-0.15789851368278784,4.268284320831299,0.0,2.0,5.062482749844675,5.00857044251957
4.2448976039886475,-0.37844312737986785,-1.859682850147658,2.7352450582378824,1.5677873176431638,-2.936084104054124,-0.1638787376755836,4.268284320831299,0.0,2.0,5.058762850416651,5.0050470808067695
4.25492000579834,-0.3625770039233012,-1.8888952195411237,2.7335765337114943,1.6052583518102648,-2.9062788657167204,-0.16981233710994637,4.328945636749268,0.0,2.0,5.110425067365806,5.057500354755166
4.264922618865967,-0.3463424600741031,-1.917807025860779,2.7318468225194144,1.6414196959263092,-2.87602500175714,-0.17624685446640212,4.328945636749268,0.0,2.0,5.1060652510882605,5.053345681500452
4.274873971939087,-0.3297526293012164,-1.9464142885469893,2.730050684729687,1.6763649864570487,-2.845349054078065,-0.1829786857617247,4.328945636749268,0.0,2.0,5.101467643633149,5.048960102512365
4.2849085330963135,-0.3128199999176415,-1.974713602732259,2.7281841325434906,1.7099269089931597,-2.814497092006891,-0.1904703525250695,4.328945636749268,0.0,2.0,5.096639497693131,5.044351498315474
4.294882535934448,-0.29555768046919995,-2.0027031596935996,2.7262413685130475,1.7423931771697476,-2.783337771753415,-0.19798042275308425,4.390145778656006,0.0,2.0,5.147238422498451,5.095746937663275
4.304879426956177,-0.2779748600535565,-2.0303788223278643,2.7242270549862275,1.7740388237601692,-2.7517203780917012,-0.20473949376401673,4.390145778656006,0.0,2.0,5.141818091577889,5.090558757121232
4.314882755279541,-0.2600795583020828,-2.057736207213907,2.7221495288121256,1.8048835302954143,-2.719699321571207,-0.21062687494317014,4.390145778656006,0.0,2.0,5.136182816540862,5.085162139299596
4.326964616775513,-0.2418801524765627,-2.0847719790890453,2.7200168061025454,1.8348436009826954,-2.6874254726656095,-0.21581551371024735,4.457113742828369,0.0,2.0,5.19088066073359,5.140702075875228
4.33497953414917,-0.22524830201355395,-2.108827699231107,2.7180552601817154,1.8609867613190152,-2.658287326080215,-0.22002823718747666,4.457113742828369,0.0,2.0,5.185293814307463,5.135335294216007
4.344991207122803,-0.20649785933109388,-2.1352494620945803,2.715830994740341,1.8888829125494906,-2.6261275102443653,-0.22491461172995325,4.457113742828369,0.0,2.0,5.1788973202992254,5.129187405542085
4.354989528656006,-0.18747485883815546,-2.1613514857158362,2.71355563598317,1.915515645615967,-2.5943371734276273,-0.2301969268833261,4.531315326690674,0.0,2.0,5.239044064091521,5.190223604031838
4.365063905715942,-0.17013084215534546,-2.18457257735923,2.7114630980817824,1.9385812153620703,-2.56592797266392,-0.2347328305746596,4.531315326690674,0.0,2.0,5.232794011256223,5.184202293922071
4.375048637390137,-0.15062067494005876,-2.210074848265557,2.70909264879905,1.9632879904463423,-2.534572099520359,-0.2392851738400694,4.531315326690674,0.0,2.0,5.225683490499864,5.17735024489381
4.385068416595459,-0.13086898079147483,-2.2352657856504914,2.7066763732072583,1.9868497533700162,-2.5037181025337594,-0.24405767710387724,4.531315326690674,0.0,2.0,5.2184065715390435,5.170336125382228
4.395043134689331,-0.11088736337961111,-2.2601509966378295,2.7042107425815196,2.0093045885731264,-2.4734012589051537,-0.24906085080026796,4.590832710266113,0.0,2.0,5.264063729524305,5.216747471224395
4.40507698059082,-0.09068591430868538,-2.2847350146801233,2.7016965047279347,2.0308443547975017,-2.443453530811505,-0.25368584935172517,4.590832710266113,0.0,2.0,5.256330345810992,5.209283129140332
4.415032863616943,-0.07027323181138567,-2.3090210604542105,2.6991392049444665,2.05155674929569,-2.413804030930345,-0.25765879783802625,4.655876636505127,0.0,2.0,5.306304407334699,5.260044756027202
4.425036430358887,-0.049657477731053626,-2.3330120741925833,2.696545618084533,2.071459153785463,-2.3844483511258807,-0.26094512753137444,4.655876636505127,0.0,2.0,5.2981291449568895,5.252142099997757
4.435032844543457,-0.02884675632459659,-2.3567110348828115,2.6939225745413937,2.090548811576252,-2.3553953714448705,-0.26355089820335453,4.655876636505127,0.0,2.0,5.289825016833979,5.244112905846369
4.446972608566284,-0.007849279077960685,-2.3801210825961223,2.691276690651077,2.1088052799308463,-2.326672540609132,-0.26552768629279566,4.697053909301758,0.0,2.0,5.317795957244099,5.272673930734213
4.45505952835083,0.013326476264660325,-2.4032457137298184,2.6886139269940785,2.1261996799949734,-2.2983185194602584,-0.266933074095428,4.697053909301758,0.0,2.0,5.309150757700823,5.264303622279495
4.4650139808654785,0.034671722549734996,-2.4260888560203946,2.6859396769688497,2.1426971914104413,-2.270384399666295,-0.26783980298339866,4.756879806518555,0.0,2.0,5.353099061856314,5.308969422176665
4.475056409835815,0.05617732765156014,-2.4486549578981127,2.683258655366721,2.1582669055835777,-2.2429173135157683,-0.26829009722192554,4.756879806518555,0.0,2.0,5.344095553767621,5.300237249186617
4.485037803649902,0.0778338561921526,-2.4709489388275454,2.680575156585161,2.1728762428027943,-2.215969929345671,-0.2683512309040098,4.756879806518555,0.0,2.0,5.335001612682023,5.291413767941313
4.495054721832275,0.09963157710633862,-2.4929762333076244,2.6778927995012807,2.186503198810349,-2.189585583855429,-0.26806241041371076,4.823554039001465,0.0,2.0,5.38422813163128,5.341383147260079
4.505054473876953,0.12156059572083931,-2.514742671509059,2.6752148811338796,2.199133936945817,-2.163806074091235,-0.267476446944554,4.823554039001465,0.0,2.0,5.374810525057339,5.332229650396025
4.51505184173584,0.14361094081249412,-2.536254463197321,2.672544208079381,2.210770455126207,-2.13865902203296,-0.2666099825717304,4.823554039001465,0.0,2.0,5.365330354805381,5.323011751290326
4.525035381317139,0.16577273286674876,-2.5575180353391165,2.6698835361489355,2.2214262398901403,-2.1141659334771123,-0.26548329821998695,4.890221118927002,0.0,2.0,5.413876153518436,5.3722724292083495
4.535047292709351,0.18803628747378037,-2.5785399983711996,2.6672354131639686,2.2311287944334106,-2.0903379306720824,-0.2640969008993855,4.890221118927002,0.0,2.0,5.404129329404414,5.362780129032786
4.545099258422852,0.21039222294406723,-2.599327105593275,2.664602110611243,2.2399073052422644,-2.067200326953178,-0.26254301038090677,4.890221118927002,0.0,2.0,5.3943485114495235,5.35325133891066
4.5550572872161865,0.2328315069993883,-2.6198863111034694,2.6619851346239285,2.247807670842705,-2.04475502386807,-0.26081657114642315,4.890221118927002,0.0,2.0,5.384543304576689,5.343695563970556
4.565025091171265,0.25534561913213066,-2.640224496720529,2.659386483053453,2.2548808448430253,-2.0229967955443913,-0.25887756535985723,4.956882953643799,0.0,2.0,5.432313433052612,5.392146019989653
4.575026035308838,0.27792652034804544,-2.6603485438621655,2.656808364096179,2.2611726783813,-2.001928024354279,-0.2567061340949186,4.956882953643799,0.0,2.0,5.4223136119792965,5.382386801365103
4.585056781768799,0.30056657760184163,-2.6802654566933612,2.6542527833557026,2.2667167126463466,-1.9815780353978392,-0.25439711482944105,4.956882953643799,0.0,2.0,5.412314829781141,5.37262553246922
4.595033645629883,0.32325848118030187,-2.699982638021168,2.6517207777813576,2.2715487621858963,-1.9619887530040205,-0.25197885185945346,5.023555278778076,0.0,2.0,5.459618686622315,5.420580802010393
4.605081796646118,0.3459953795738082,-2.719507736460665,2.6492150684486675,2.2757258440545227,-1.9431588295696318,-0.249035055063356,5.023555278778076,0.0,2.0,5.449474208069441,5.410664371342326
4.615041732788086,0.3687708909083114,-2.738848630003843,2.6467424867994893,2.279270361697859,-1.925173963333828,-0.24536474049553655,5.023555278778076,0.0,2.0,5.439355233836232,5.400769344790612
4.6250410079956055,0.39157868873974006,-2.7580143965623694,2.644311221508532,2.282182948508726,-1.9081498456997086,-0.24069177418093426,5.090225696563721,0.0,2.0,5.4862613924183705,5.448295799218187
4.635037183761597,0.41441233697066776,-2.7770154193885968,2.6419322698814107,2.2844312648583367,-1.8922634153555642,-0.234932986855839,5.090225696563721,0.0,2.0,5.476049876725558,5.438294329407972
4.645110368728638,0.4372648906636365,-2.795864254639774,2.639615142890777,2.285952738507839,-1.8777508211624434,-0.22838520624758832,5.090225696563721,0.0,2.0,5.465895052288324,5.4283423981557
4.655059814453125,0.4601287449306794,-2.8145756506197177,2.6373666161207145,2.2866800521253854,-1.8648011196920853,-0.22122365695986718,5.090225696563721,0.0,2.0,5.455810671011977,5.418453088712958
4.665071249008179,0.48299561423696874,-2.8331659540755347,2.635192024107535,2.286544482151122,-1.8535507902311055,-0.21364136584688667,5.156879901885986,0.0,2.0,5.502317017871192,5.465530501027791
4.675050735473633,0.5058565446733909,-2.8516525461344453,2.6330948866141073,2.2854822248958397,-1.8440621437705336,-0.20572776124457523,5.156879901885986,0.0,2.0,5.49224450008092,5.455633832398596
4.685040235519409,0.528701983061827,-2.8700529557475845,2.6310799582775792,2.2834374508330324,-1.836302532482698,-0.197103222044395,5.156879901885986,0.0,2.0,5.482289369490323,5.4458456475635595
4.6950461864471436,0.5515218714957761,-2.888384158256599,2.6291556170105705,2.2803670517746046,-1.8302091896470944,-0.1876372601036357,5.22355842590332,0.0,2.0,5.528700154810709,5.492785141564159
4.705033540725708,0.57430583037223,-2.9066623404421725,2.627330526329995,2.2762498263428084,-1.8256764447705307,-0.17720404586366464,5.22355842590332,0.0,2.0,5.5188566975110716,5.48308632600266
4.71504545211792,0.5970434109657005,-2.924902454346979,2.625614641155471,2.2710965876879494,-1.8225729006753988,-0.1658354158872642,5.22355842590332,0.0,2.0,5.509182265102173,5.473545062469864
4.725056886672974,0.6197244274173078,-2.9431180687897367,2.6240171415475047,2.264944472140747,-1.8207510441742525,-0.15349152379483802,5.290221691131592,0.0,2.0,5.5556175219451855,5.520460909851572
4.735009670257568,0.6423391922117525,-2.961321263187296,2.6225478423435544,2.257860755382969,-1.8200658152308675,-0.1402382307061291,5.290221691131592,0.0,2.0,5.546151923953865,5.511101101192986
4.7450947761535645,0.6648788973288454,-2.979522719871709,2.621213919501991,2.2499525332964803,-1.8203818771181925,-0.1264996469671021,5.290221691131592,0.0,2.0,5.536899704003832,5.501940712004692
4.755030632019043,0.6873358436221817,-2.9977318583999883,2.62001868719205,2.241324323008053,-1.821586297532941,-0.1125116162652335,5.290221691131592,0.0,2.0,5.527872790914786,5.4929913908606
4.7650392055511475,0.7097033186687856,-3.015957120179431,2.6189636243424603,2.2320745476200465,-1.8235946084697587,-0.09852197994390077,5.356888294219971,0.0,2.0,5.574535094158869,5.540065482261891
4.775030851364136,0.7319754959718776,-3.0342062670025824,2.618047912605213,2.2222725594152313,-1.8263587992328898,-0.08463614425546816,5.356888294219971,0.0,2.0,5.565807154797264,5.531385546327137
4.7850329875946045,0.7541471069275,-3.0524867341248423,2.61726990986037,2.211969402703574,-1.8298552820325582,-0.07102668217126369,5.356888294219971,0.0,2.0,5.5573306398688995,5.522943209848047
4.795036315917969,0.776213282888564,-3.0708057760307637,2.616626320988338,2.2011857138538167,-1.8340723930754559,-0.0577386703974888,5.423553466796875,0.0,2.0,5.604270418065892,5.570244060997044
4.8050315380096436,0.7981692675022907,-3.089170502261953,2.6161136247742753,2.189934114550337,-1.8389856739240276,-0.04488610539408624,5.423553466796875,0.0,2.0,5.596137005270857,5.5621177066949405
4.815048933029175,0.8200103933421112,-3.107587677405036,2.6157270876266345,2.178211226228815,-1.8445543122661316,-0.0324906197799695,5.423553466796875,0.0,2.0,5.588276107025327,5.55425152490531
4.825053930282593,0.8417319369009019,-3.126063531528839,2.6154618947710695,2.1660199462320584,-1.8507061425083697,-0.020649796261484863,5.490221977233887,0.0,2.0,5.635559085143612,5.6018508421975595
4.8350303173065186,0.8633292095320995,-3.144603441844326,2.6153123333237693,2.1533545305733415,-1.8573494437478313,-0.009341403432513672,5.490221977233887,0.0,2.0,5.628079313390193,5.594342453789389
4.845118045806885,0.8847974959535484,-3.1632117498839767,2.6152729463802147,2.140227943739325,-1.864362550903455,0.0013520464337755953,5.490221977233887,0.0,2.0,5.620889967427552,5.5871140338622345
4.8550403118133545,0.9061322775987801,-3.181891498662176,2.6153374352899728,2.126655137124512,-1.871616928615716,0.011459033644094306,5.490221977233887,0.0,2.0,5.613996085038584,5.5801713131013555
4.865055084228516,0.9273292528692819,-3.2006444211889273,2.6154999333195623,2.1126772334373807,-1.8789725144586218,0.020924820983701235,5.556882381439209,0.0,2.0,5.66177772868697,5.628222355339153
4.8750200271606445,0.9483846304647741,-3.219470849996618,2.6157538789754717,2.098342547836946,-1.8862986067798615,0.029771609738753167,5.556882381439209,0.0,2.0,5.655298127790232,5.621676269113543
4.885038375854492,0.969295141491773,-3.2383698830523424,2.6160931832666345,2.083717542255238,-1.8934734119593002,0.03797946188127774,5.556882381439209,0.0,2.0,5.6491209045351995,5.6154248444431145
4.895035982131958,0.9900582272097525,-3.2573394858091675,2.6165115624063144,2.068866895996855,-1.90039890677864,0.04561150347287044,5.623557090759277,0.0,2.0,5.697337865258382,5.663883141831783
4.905155420303345,1.0106719999327494,-3.2763767454264596,2.617003345834049,2.053870157593346,-1.9069915877813084,0.052639962847528414,5.623557090759277,0.0,2.0,5.691576808575226,5.658034414807049
4.915056943893433,1.0311353614918974,-3.2954780169846503,2.6175625457660785,2.0387929962031874,-1.9131944453224348,0.059119499455635105,5.623557090759277,0.0,2.0,5.6861143321084695,5.652478456383206
4.925066232681274,1.0514478286033768,-3.314639185037492,2.618183750117877,2.0237041578710935,-1.9189640034416293,0.06501768507852623,5.623557090759277,0.0,2.0,5.680947736160542,5.64721312083029
4.935030460357666,1.0716095675228308,-3.3338557727362454,2.6188610718713243,2.0086520359851363,-1.9242765115366953,0.07036510628418427,5.6902289390563965,0.0,2.0,5.729679593030454,5.696160040984794
4.945083856582642,1.0916211177875068,-3.3531231479784585,2.6195892346581355,1.9936721121019403,-1.9291197093233108,0.07517943483995922,5.6902289390563965,0.0,2.0,5.724903454124674,5.691276547431548
4.955053091049194,1.111483275092682,-3.3724365922422503,2.6203631609506686,1.9787716318344593,-1.9334903443296918,0.07953992014565314,5.6902289390563965,0.0,2.0,5.720410026862213,5.686672174827826
4.965035915374756,1.1311968240347068,-3.3917913555109656,2.6211783997629183,1.96395098516822,-1.9373816984374626,0.08342228947260437,5.7568888664245605,0.0,2.0,5.769500678107227,5.735963342835075
4.97505521774292,1.1507624800931213,-3.411182607834042,2.6220300868421917,1.9491885546462215,-1.9407864224495797,0.08682560023779483,5.7568888664245605,0.0,2.0,5.765369762624517,5.731715892370119
4.985069513320923,1.170181678966788,-3.43060500526556,2.6229053939068283,1.934699118029319,-1.9435670904816456,0.08769879660819167,5.7568888664245605,0.0,2.0,5.761505415721495,5.72773371636897
4.995032072067261,1.189456149878864,-3.4500506076544277,2.62377788249702,1.9201098422624665,-1.9453249743032457,0.08667444339572657,5.823559761047363,0.0,2.0,5.8109262877026815,5.777349346752507
5.005059719085693,1.2085806760314837,-3.469505222353845,2.624638535167461,1.9045534998136942,-1.9451865393017695,0.08553332329332668,5.823559761047363,0.0,2.0,5.807380798836146,5.773690192855398
5.015073776245117,1.2275405999899416,-3.4889439107405793,2.6254915025813634,1.8870096940384904,-1.941914755285453,0.0852535266878096,5.823559761047363,0.0,2.0,5.804081439892296,5.770279173584302
5.025126934051514,1.246310638281869,-3.5083284505671166,2.6263477605439074,1.8663979298772893,-1.9341247625499955,0.08620794680391859,5.823559761047363,0.0,2.0,5.801024872042397,5.767111759703997
5.035037279129028,1.2648549107297222,-3.527606886448449,2.6272195303278387,1.8416982992671609,-1.9204871483124466,0.08831084308312977,5.823559761047363,0.0,2.0,5.798207015694833,5.764182531602215
5.04506516456604,1.2831281703395432,-3.546715031920886,2.6281164182627927,1.8120785578304195,-1.8999144828846135,0.09113864884179007,5.823559761047363,0.0,2.0,5.795622208395091,5.761484752001962
5.055017471313477,1.3010782634232652,-3.565579707781749,2.6290425720496233,1.7770060582110618,-1.8717186965472765,0.09404422300383385,5.823559761047363,0.0,2.0,5.79326264779598,5.759010118839634
5.065036773681641,1.3186495701951588,-3.5841233637942707,2.629995071710962,1.7363299804352281,-1.8357284973757844,0.09628572379401422,5.890223503112793,0.0,2.0,5.8431260726949965,5.809064340410421
5.075045108795166,1.3357869363072223,-3.6022694822601733,2.630963959351894,1.6902875369720045,-1.7923162661809597,0.09723814605284581,5.890223503112793,0.0,2.0,5.841006196014494,5.806826832606487
5.085021734237671,1.352439373480238,-3.619947813173266,2.6319342436433923,1.6394678512266319,-1.7423519722505085,0.09652841760696701,5.890223503112793,0.0,2.0,5.839079367976782,5.804783111989887
5.095039367675781,1.368563105028837,-3.6370987059024675,2.6328889530175923,1.5846956564233636,-1.6870485037787875,0.09415777841551873,5.890223503112793,0.0,2.0,5.837332282723835,5.802921656551824
5.105069398880005,1.384123259514293,-3.6536755897283864,2.633812980187493,1.5269144060361877,-1.6277855031908346,0.09047105192282826,5.890223503112793,0.0,2.0,5.835752189237449,5.8012313107077125
5.115040063858032,1.3990945096271497,-3.669645776668356,2.6346959356466204,1.467064922606302,-1.5659252686145255,0.08605552030701609,5.9938178062438965,0.0,2.0,5.9144417512914025,5.880287603399393
5.1250481605529785,1.4134604756604905,-3.6849894460024166,2.635533965348423,1.4059859129846597,-1.5026621858593063,0.081599565119583,5.9938178062438965,0.0,2.0,5.912928539572404,5.878675062714247
5.135063648223877,1.4272124474503436,-3.6996975394071563,2.6363298799025072,1.344366354189107,-1.4389447824997739,0.07772386326322953,6.094428539276123,0.0,2.0,5.9896229970633055,5.955725642681409
5.14509916305542,1.4403476671345645,-3.7137690148571525,2.6370919614893804,1.2827006877317741,-1.37542058897223,0.07489456145859513,6.094428539276123,0.0,2.0,5.98819131520874,5.954204317971209
5.155061721801758,1.4528673557137963,-3.7272078318091104,2.637832063090065,1.221297645744051,-1.312452103115656,0.07334456268397471,6.161201477050781,0.0,2.0,6.038817612774128,6.005038586024679
5.1650309562683105,1.4647751473694444,-3.7400204776849293,2.6385628281257327,1.1603429724908494,-1.2501978953099717,0.07298833287811447,6.161201477050781,0.0,2.0,6.037543865603848,6.0036799917739385
5.175049066543579,1.476075735403886,-3.752213908012855,2.639295070830948,1.0998426070439664,-1.188576296535381,0.0735969430963395,6.161201477050781,0.0,2.0,6.036407094797055,6.002458865042514
5.185060024261475,1.4867737557030933,-3.7637939563825324,2.6400358305482463,1.0398491111373194,-1.127519842472728,0.0745528440347505,6.161201477050781,0.0,2.0,6.0354010084327445,6.001368133034785
5.195053339004517,1.4968740085272765,-3.7747653434938973,2.6407856900652984,0.980245453721605,-1.0667778945473823,0.07537353271303653,6.227879047393799,0.0,2.0,6.086203116624969,6.052376564311165
5.205049991607666,1.5063798552002419,-3.785130041529974,2.641540780874269,0.9209812736471696,-1.0061769499582662,0.07547250895955131,6.227879047393799,0.0,2.0,6.085338004310186,6.05142661305391
5.21506404876709,1.5152943398029937,-3.7948885841370488,2.6422916356009827,0.8619340468621013,-0.9454928340013998,0.07451828066764059,6.227879047393799,0.0,2.0,6.0845848286793895,6.05058955740946
5.225049018859863,1.5236193840236547,-3.80403952357162,2.643026323290935,0.8031241599669391,-0.8846800386238973,0.07215402094592295,6.294540882110596,0.0,2.0,6.135624784017369,6.101836497137819
5.235125303268433,1.5313575577245333,-3.8125815877364313,2.643729833192224,0.7445405302496642,-0.8236951685192975,0.06832301230605442,6.294540882110596,0.0,2.0,6.134988332751579,6.101122334854163
5.245077610015869,1.5385114933579536,-3.8205134228301385,2.6443875375779924,0.6863287609724384,-0.7626915849012739,0.06295418374219486,6.294540882110596,0.0,2.0,6.134441593110975,6.100503123571374
5.255050182342529,1.5450857027985898,-3.8278357997868664,2.644984475848381,0.6285929956161262,-0.7018080486860309,0.05624959318615251,6.36121129989624,0.0,2.0,6.185741479502242,6.152023462012249
5.265039682388306,1.5510857687365385,-3.834551026970214,2.645508463432958,0.5715631946611887,-0.6413382599429667,0.04835795490835644,6.36121129989624,0.0,2.0,6.18528660454116,6.151511131742568
5.275043964385986,1.5565198277272272,-3.8406646955019625,2.6459488714020325,0.5153954998400303,-0.5815117805088398,0.03963175255043032,6.36121129989624,0.0,2.0,6.184902213493305,6.151078396997459
5.2850635051727295,1.5613974056968416,-3.84618454715321,2.64629901954999,0.46032712589736496,-0.5226506321839062,0.030310728006471454,6.36121129989624,0.0,2.0,6.18458174918733,6.1507193879829805
5.295015573501587,1.565730480735718,-3.851121627024119,2.6465543503404416,0.40649468511849485,-0.46496783108803863,0.02076191818717468,6.427877426147461,0.0,2.0,6.236156126401406,6.202548726524415
5.305027008056641,1.5695320862410802,-3.8554887447888198,2.646714096589643,0.3540805432699031,-0.40871790429812943,0.011190342396970566,6.427877426147461,0.0,2.0,6.235908275921886,6.202282878342723
5.3150317668914795,1.5728170553498075,-3.859301172775733,2.646779036647712,0.30315775714223175,-0.35402618341791686,0.0018749569882874687,6.427877426147461,0.0,2.0,6.235714864273778,6.202081646211859
5.325056076049805,1.5756006014358432,-3.8625749907780214,2.6467526972583535,0.25382706200955046,-0.3010335566595425,-0.007086299544509446,6.494546413421631,0.0,2.0,6.287591153378797,6.254239638887877
5.335008144378662,1.5778988952435529,-3.865327560182796,2.6466390283157555,0.20608803120191185,-0.24975758748584642,-0.015539406087885371,6.494546413421631,0.0,2.0,6.28747341930417,6.254133030685815
5.345066785812378,1.5797277947373838,-3.8675760179852943,2.6464434776350907,0.15996507308166635,-0.20022913513377222,-0.023499171479336993,6.494546413421631,0.0,2.0,6.287406101027456,6.2540855694066355
5.35509181022644,1.5811033836762771,-3.869337732997858,2.6461708816072047,0.11540037621519277,-0.15237979479317273,-0.030913982422959497,6.494546413421631,0.0,2.0,6.287386874273862,6.254094410748387
5.365059852600098,1.582040948402833,-3.8706291132408226,2.6458266493635754,0.07236798101207323,-0.10616773089778128,-0.03787096604143311,6.494546413421631,0.0,2.0,6.287413755840726,6.254156991642198
5.375091552734375,1.5825555600278014,-3.871466172488715,2.645415007496754,0.03078297707877918,-0.06148365322537887,-0.044369331367121755,6.494546413421631,0.0,2.0,6.287484791269963,6.254270898238183
5.3850719928741455,1.5826613218835859,-3.8718636980340904,2.64494036503489,-0.00939743802060428,-0.018262855601139622,-0.05051505082563677,6.5612287521362305,0.0,2.0,6.339827302709276,6.306937620884373
5.395028352737427,1.5823720180963772,-3.87183595536003,2.644405893186224,-0.048253283220328375,0.023597360138325967,-0.05630892037898677,6.5612287521362305,0.0,2.0,6.339983201751078,6.307148963145925
5.405041217803955,1.5817005970918965,-3.871396165157312,2.643815007543233,-0.08581491225348568,0.06414174926173764,-0.061835516381615746,6.639023780822754,0.0,2.0,6.40146263101131,6.369005106945383
5.415042161941528,1.5806598480370144,-3.870557284310901,2.6431701672753363,-0.12213572008710846,0.10343421262730705,-0.06707059294594936,6.639023780822754,0.0,2.0,6.401712835773936,6.36932173529017
5.425044298171997,1.5792620234177883,-3.8693316580271775,2.642474340435262,-0.15722117508310518,0.14148078221487878,-0.07206270707735668,6.694538593292236,0.0,2.0,6.445972009265597,6.413874169807031
5.435024261474609,1.5775194595582014,-3.8677317491041516,2.641729909073952,-0.19109409741155706,0.17830088499831903,-0.07675976118639413,6.694538593292236,0.0,2.0,6.446320731566847,6.414299158756822
5.445061206817627,1.5754442597434541,-3.8657698440921906,2.6409400097613767,-0.2237374729878173,0.2138662111596099,-0.08117977785100436,6.694538593292236,0.0,2.0,6.44671291274683,6.414772270569221
5.4550700187683105,1.573048801519762,-3.8634586420339736,2.6401074715877972,-0.2551518684144509,0.2481646574676584,-0.08525609436140238,6.694538593292236,0.0,2.0,6.447147271555008,6.415291915878548
5.465032339096069,1.5703454267846628,-3.860810938895286,2.6392359675897863,-0.2853100713514192,0.2811523235693044,-0.08899283272737231,6.761214256286621,0.0,2.0,6.500738645204019,6.469233363466534
5.475072383880615,1.5673468067661522,-3.8578400330786295,2.6383289699301593,-0.3142051900124451,0.3128075983259115,-0.09232670982226278,6.761214256286621,0.0,2.0,6.501280849022328,6.469867757845781
5.485073804855347,1.56406562406254,-3.854559370653104,2.6373907075271994,-0.34181434372986447,0.34309260796774904,-0.09526459704026832,6.761214256286621,0.0,2.0,6.501865021773392,6.470547260264644
5.495032072067261,1.5605148066095411,-3.850982784163423,2.6364251647776915,-0.36813676675286844,0.37199595313958106,-0.09775985023543984,6.82787561416626,0.0,2.0,6.555928253975172,6.524964235986864
5.505055665969849,1.5567072175776404,-3.8471241272833474,2.6354368810231774,-0.39316412377006754,0.3995006319311871,-0.09983187431072742,6.82787561416626,0.0,2.0,6.556627208076173,6.525762814868488
5.51506495475769,1.5526557967798218,-3.8429974018544897,2.6344300329248407,-0.4169091913001757,0.42561575848349587,-0.10145524623885044,6.82787561416626,0.0,2.0,6.557367964289024,6.526605025003962
5.5250403881073,1.5483732868683486,-3.838616428371977,2.6334091250806573,-0.4393811632536334,0.4503492099805569,-0.10266323595628817,6.89454984664917,0.0,2.0,6.611942756274632,6.581533247847125
5.534982681274414,1.5438723276577253,-3.8339949246827834,2.6323781859443973,-0.4606064860665741,0.47373016199082335,-0.1034485222433365,6.89454984664917,0.0,2.0,6.6128034270490845,6.582497018209259
5.545105457305908,1.5391652425260385,-3.8291462506548664,2.6313413904086405,-0.48060834620071136,0.4957858620279643,-0.10385354896291762,6.89454984664917,0.0,2.0,6.6137052563768215,6.583502507555023
5.555059909820557,1.5342641211737693,-3.824083486143513,2.630302377396308,-0.4994216828421307,0.5165575301310887,-0.10388206741670637,6.89454984664917,0.0,2.0,6.614647281199679,6.584548395124062
5.565026760101318,1.5291806754046304,-3.818819265213995,2.6292648258792046,-0.5170766256574819,0.5360813715810384,-0.1035790230812439,6.961213111877441,0.0,2.0,6.669807432928711,6.640057000603406
5.575451374053955,1.5239263271985195,-3.8133658735363847,2.6282318821193718,-0.5336096176790199,0.5544003099352272,-0.10295231859657467,6.961213111877441,0.0,2.0,6.670871169645477,6.641223295771342
5.585082769393921,1.5185121262974526,-3.8077351622726283,2.627206692584594,-0.549050750568799,0.5715494729145317,-0.10204410111047908,6.961213111877441,0.0,2.0,6.671973420185639,6.642427348826687
5.595032215118408,1.5129488424221678,-3.8019386594949816,2.6261919183717133,-0.5634324560108652,0.5875655758064177,-0.10086204946854707,7.027871131896973,0.0,2.0,6.72764607780036,6.698440522204293
5.605017185211182,1.5072469253495868,-3.7959875366737044,2.625190218958329,-0.576780506787325,0.6024767554641702,-0.09944307350064975,7.027871131896973,0.0,2.0,6.728868836467257,6.6997621605918996
5.615070819854736,1.501416589505358,-3.789892714511254,2.624203831338108,-0.5891211093935241,0.6163105504965569,-0.09779322734111948,7.027871131896973,0.0,2.0,6.730127563403502,6.701118309403767
5.625046730041504,1.495467794130952,-3.783664850847275,2.623234998397625,-0.6004750116245188,0.6290874313602375,-0.09594428866589289,7.027871131896973,0.0,2.0,6.731420968747195,6.702507470735243
5.6350257396698,1.4894103074370637,-3.777314420952334,2.62228559685844,-0.6108632829420627,0.640827574415345,-0.09390126767854559,7.094548225402832,0.0,2.0,6.787703196089938,6.759117939062174
5.645178556442261,1.4832536894526087,-3.7708517032875783,2.6213575092271673,-0.6203037174110152,0.651547055148255,-0.09169223734077078,7.094548225402832,0.0,2.0,6.789111436089752,6.7606174967506965
5.655064105987549,1.4770073290463315,-3.7642868239592957,2.6204522921433524,-0.6288152822948802,0.6612632148639334,-0.08932236071400694,7.094548225402832,0.0,2.0,6.790550939511263,6.762146184109847
5.665036916732788,1.4706804212702569,-3.75762973023813,2.6195714969079087,-0.6364159678765887,0.6699924261199618,-0.08681750943117794,7.161197185516357,0.0,2.0,6.847308308636036,6.819220060515382
5.67503547668457,1.4642819790610526,-3.750890201509973,2.6187163748824305,-0.6431258329463378,0.6777538210460826,-0.08418380409946677,7.161197185516357,0.0,2.0,6.848856118058904,6.820851865663497
5.685085773468018,1.4578208057577635,-3.744077813051461,2.617888155356403,-0.6489656253688337,0.6845677807190159,-0.08144577863023851,7.161197185516357,0.0,2.0,6.8504311230682555,6.822508394965334
5.695034503936768,1.4513054897868065,-3.737201925160408,2.6170877863159454,-0.6539584756098594,0.6904580091271997,-0.07861054338723905,7.227871894836426,0.0,2.0,6.907691003323098,6.880072504078031
5.705018043518066,1.4447443782916007,-3.73027164680371,2.6163161791325305,-0.6581288930319665,0.6954502888784474,-0.07570140149914675,7.227871894836426,0.0,2.0,6.9093658221450465,6.881823190954965
5.715056896209717,1.4381455652949093,-3.7232958175632858,2.615573982152993,-0.6615033311986591,0.6995731605128448,-0.0727258730206024,7.227871894836426,0.0,2.0,6.911063163043313,6.883593735547627
5.7250800132751465,1.4315168730839476,-3.716282981264627,2.614861800090112,-0.6641094359560996,0.7028568539964989,-0.06970566968853616,7.227871894836426,0.0,2.0,6.912781333749993,6.88538239570122
5.735023260116577,1.424865842346631,-3.7092413723073525,2.614179996089542,-0.6659758252862447,0.705333019492049,-0.06664794103603466,7.294541358947754,0.0,2.0,6.970565206338704,6.943454632113843
5.745115518569946,1.4181997252073775,-3.7021789050230534,2.613528891217081,-0.6671316380521898,0.7070339656127743,-0.06357237533293693,7.294541358947754,0.0,2.0,6.972369564329352,6.945323580743247
5.755030155181885,1.411525481455277,-3.695103169612974,2.6129085895113033,-0.6676058869344019,0.707991916589839,-0.06048512617265217,7.294541358947754,0.0,2.0,6.974189572130167,6.947205427286026
5.765049934387207,1.404849783085035,-3.688021436987042,2.612319160836519,-0.6674274028759488,0.7082387303190585,-0.05740362597250788,7.3611979484558105,0.0,2.0,7.032390798406991,7.005682378383405
5.775097608566284,1.3981790162859515,-3.680940663256727,2.6117604834579624,-0.6666240386898772,0.7078050435752496,-0.05433272005034535,7.3611979484558105,0.0,2.0,7.0342853113129955,7.00763290646942
5.7850751876831055,1.3915192940980725,-3.6738675051578173,2.611232412410898,-0.6652230528025318,0.7067205520107237,-0.05128761555538684,7.3611979484558105,0.0,2.0,7.036190073024646,7.009590978206142
5.795030117034912,1.3848764610452664,-3.666808328271887,2.610734635114824,-0.6632503098587378,0.7050132206325618,-0.04827180725559322,7.427879810333252,0.0,2.0,7.094812865066895,7.068477402934091
5.80504846572876,1.3782561092498666,-3.6597692264387187,2.6102668272039042,-0.6607310585685252,0.7027100712641197,-0.04529847791135664,7.427879810333252,0.0,2.0,7.09677978493649,7.070492041965515
5.815048933029175,1.371663582054167,-3.652756028347784,2.6098285179829492,-0.6576891510316721,0.699836463643854,-0.042369868974124654,7.427879810333252,0.0,2.0,7.0987514696351575,7.072508862228595
5.825053691864014,1.3651039896794281,-3.645774315536944,2.609419235732743,-0.6541480990141175,0.6964172324209953,-0.039497383505602,7.494551181793213,0.0,2.0,7.157736027936593,7.131745455408545
5.835017919540405,1.3585822094101976,-3.638829423930826,2.6090383809807975,-0.6501302570672118,0.6924759429437156,-0.03668211454248388,7.494551181793213,0.0,2.0,7.159757157615021,7.133806473861751
5.845071315765381,1.3521028988153998,-3.6319264578536035,2.6086853632959293,-0.6456580207573375,0.6880361901910726,-0.03393389378252495,7.494551181793213,0.0,2.0,7.1617776128419965,7.135864397836754
5.855033874511719,1.345670492008332,-3.625070285946554,2.6083594808551505,-0.6407529014769414,0.6831207170882904,-0.03125273858035258,7.494551181793213,0.0,2.0,7.163795751779106,7.137917645592588
5.86502742767334,1.3392892104879566,-3.6182655515238165,2.608060050593411,-0.6354367567023353,0.6777527273574181,-0.02864705323565053,7.561208248138428,0.0,2.0,7.2231474536762,7.1975080487917005
5.8750715255737305,1.3329630566203035,-3.61151666462497,2.607786292866477,-0.6297307129667817,0.6719548007033961,-0.026115814892413255,7.561208248138428,0.0,2.0,7.225198610580119,7.199589626119845
5.885083913803101,1.326695823474428,-3.6048278108507836,2.607537456337707,-0.623656372612868,0.6657501493428449,-0.02366612233256834,7.561208248138428,0.0,2.0,7.227242245838057,7.2016615248963936
5.895017147064209,1.3204910873949105,-3.5982029422798383,2.6073127064913133,-0.6172345868007558,0.6591613327738344,-0.021295962584007046,7.627883434295654,0.0,2.0,7.28691233342622,7.26156061956198
5.905041217803955,1.3143522185067344,-3.5916457872518186,2.607111246275166,-0.6104866362449162,0.6522114622961185,-0.019011258154063217,7.627883434295654,0.0,2.0,7.288976604378604,7.263648936576221
5.915035009384155,1.308282374029031,-3.5851598424926836,2.6069322073383003,-0.6034328947610489,0.6449227731138634,-0.016809093786273054,7.627883434295654,0.0,2.0,7.291028415899209,7.265722858542376
5.925037145614624,1.3022845105872591,-3.578748385474467,2.606774767108475,-0.596094014360369,0.6373178259219459,-0.014694372424391974,7.694546699523926,0.0,2.0,7.350961264803742,7.32587577690514
5.935021162033081,1.2963613791043376,-3.5724144688850017,2.606638041813195,-0.588489535763536,0.6294180157050066,-0.01266340909386732,7.694546699523926,0.0,2.0,7.353021844500842,7.327954730477776
5.9450743198394775,1.2905155391622591,-3.56616093587594,2.6065212005071676,-0.5806391141212095,0.6212448256706472,-0.010720262964669635,7.694546699523926,0.0,2.0,7.355065389927911,7.330014933371606
5.955028057098389,1.2847493553971876,-3.55999041670361,2.6064233592640074,-0.5725611262766369,0.6128183405907267,-0.008860632889469056,7.694546699523926,0.0,2.0,7.35709066482511,7.332055220727386
5.965033531188965,1.2790650133638604,-3.5539053460554166,2.6063436925925236,-0.5642739584304873,0.6041585856566503,-0.007087901913145458,7.761205196380615,0.0,2.0,7.417279638421926,7.392454569424269
5.975055932998657,1.273464516751943,-3.5479079608338413,2.6062813285717716,-0.5557946387687103,0.595284080958632,-0.005397291739177935,7.761205196380615,0.0,2.0,7.419299635008119,7.394486461185579
5.985084295272827,1.2679497038177008,-3.5420003182238866,2.606235458016889,-0.547140186484876,0.586213265430485,-0.0037916523676223735,7.761205196380615,0.0,2.0,7.421297364784241,7.396494652603797
5.995065212249756,1.26252224457524,-3.536184293391925,2.6062052304913927,-0.538326274721635,0.5769630952371548,-0.00226584311222872,7.827884197235107,0.0,2.0,7.481715158153286,7.457115858444572
6.005009889602661,1.257183656921971,-3.53046159707696,2.6061898615709365,-0.5293686204183088,0.5675505248229298,-0.000822282364308727,7.827884197235107,0.0,2.0,7.483697670749263,7.459106158173816
6.015040874481201,1.2519353031891558,-3.5248337723342154,2.606188529800603,-0.5202816681604641,0.5579911316719451,0.0005444495606482445,7.827884197235107,0.0,2.0,7.485654381104824,7.461069426006706
6.025048732757568,1.2467784054413873,-3.519302210961741,2.6062004822848754,-0.5110799905518306,0.548300613419639,0.00183230048823153,7.894545555114746,0.0,2.0,7.546242452577234,7.521854567083603
6.035011053085327,1.2417140411534184,-3.5138681489930215,2.60622493232568,-0.501777026214083,0.5384934659281739,0.0030464184541448987,7.894545555114746,0.0,2.0,7.548174957580003,7.523791366170689
6.045106649398804,1.2367431558868773,-3.508532680102988,2.606261145467694,-0.4923865461563169,0.5285845428724442,0.0041832819556687564,7.894545555114746,0.0,2.0,7.550078604294052,7.5256982635842515
6.055047512054443,1.2318665612072326,-3.5032967533138257,2.6063083708101087,-0.48292078421151624,0.5185870793428281,0.005251692852544303,7.894545555114746,0.0,2.0,7.551952685110655,7.527574610565851
6.06504225730896,1.2270849480754251,-3.4981611870277463,2.606365940522065,-0.4733925044168619,0.5085148979781341,0.006250013482140231,7.961206436157227,0.0,2.0,7.612700149125646,7.588512628089409
6.075041770935059,1.222398880580607,-3.493126662083845,2.6064331577320803,-0.46381339696888696,0.49838071024069824,0.007184026710362066,7.961206436157227,0.0,2.0,7.614540191190435,7.590353163618777
6.085126638412476,1.217808809314307,-3.4881937356984123,2.6065093971307927,-0.45419538227765144,0.48819749729418593,0.008052383484938159,7.961206436157227,0.0,2.0,7.616348254924031,7.592160897364884
6.0950257778167725,1.213315066437064,-3.483362835995493,2.6065940071340576,-0.44454932668534175,0.47797713785023305,0.008860960014915441,8.027878761291504,0.0,2.0,7.677242427324653,7.653240816701299
6.1050450801849365,1.208917878833323,-3.4786342758628983,2.606686408205493,-0.43488630402233824,0.4677317412750237,0.009608589635275968,8.027878761291504,0.0,2.0,7.67900985411559,7.655006462551357
6.115074396133423,1.2046173635166668,-3.474008248000631,2.6067859963205264,-0.42521634152040166,0.457472304086344,0.010301141793018139,8.027878761291504,0.0,2.0,7.6807433660337425,7.656737517346447
6.125041484832764,1.2004135406415024,-3.469484838810076,2.606892239096813,-0.41554963957939695,0.44721000047544035,0.01093756832702333,8.094545364379883,0.0,2.0,7.74175024394944,7.717925799709094
6.135034561157227,1.1963063293257965,-3.46506402403909,2.607004580875149,-0.40589536427379913,0.436954889281169,0.011523660406061146,8.094545364379883,0.0,2.0,7.7434375465059,7.719609476873419
6.14508843421936,1.1922955604213932,-3.460745682554901,2.607122536483247,-0.396262825996519,0.42671716560942186,0.01205842876831703,8.094545364379883,0.0,2.0,7.745089464291116,7.7212572185860635
6.155055999755859,1.1883809726910555,-3.456529592450379,2.6072455981650116,-0.38666032812059126,0.4165059306774395,0.012547525978059564,8.094545364379883,0.0,2.0,7.746705793110171,7.722868859984345
6.165043830871582,1.1845622251641945,-3.4524154444313577,2.60737332694326,-0.37709630105853276,0.40633040142335647,0.01298999017539676,8.161208152770996,0.0,2.0,7.807795025384751,7.784135199246012
6.175058841705322,1.1808388935548138,-3.4484028381792675,2.6075052617055787,-0.36757821395938167,0.39619875036040525,0.01339129636558786,8.161208152770996,0.0,2.0,7.809359754318728,7.785694389672195
6.185084342956543,1.1772104820104563,-3.444491295069482,2.6076410079936765,-0.3581136582595166,0.38611926558002785,0.013750484333237264,8.161208152770996,0.0,2.0,7.810887999555086,7.787216688072708
6.195057153701782,1.17367641967154,-3.4406802546220145,2.6077801494736854,-0.3487093231381908,0.37609925986021,0.014072824373168674,8.227885246276855,0.0,2.0,7.8720733923151665,7.848575844311002
6.205036640167236,1.1702360716922053,-3.43696908637629,2.607922334098969,-0.3393720209564295,0.36614617072089595,0.014357352267362266,8.227885246276855,0.0,2.0,7.87354671901539,7.850042571363652
6.215052127838135,1.1668887359083762,-3.4333570863732232,2.608067188196303,-0.33010772676510003,0.35626653711042816,0.014609118717235428,8.227885246276855,0.0,2.0,7.874983067114877,7.851472002241685
6.225049018859863,1.1636336530821307,-3.4298434881313833,2.608214399829562,-0.32092253883749405,0.3464670302305312,0.01482714987314095,8.294541358947754,0.0,2.0,7.936220499634005,7.912880073819582
6.235015869140625,1.1604700037113382,-3.426427459211421,2.6083636356608624,-0.31182178117547027,0.3367534952113856,0.015016264892106066,8.294541358947754,0.0,2.0,7.937599482717511,7.914251653494649
6.245114803314209,1.1573969175259569,-3.4231081113520605,2.6085146214200003,-0.3028108946577329,0.3271319066394994,0.015175479545701328,8.294541358947754,0.0,2.0,7.938941362940291,7.9155858860682144
6.25504207611084,1.1544134705141484,-3.419884497234475,2.6086670616793857,-0.29389460269395745,0.317607475123198,0.015309374641041977,8.294541358947754,0.0,2.0,7.9402463330545014,7.916882987490218
6.2650299072265625,1.1515186937312456,-3.4167556198805915,2.6088207173064033,-0.28507773177566914,0.3081855260524843,0.015416952047085946,8.361202239990234,0.0,2.0,8.00152600876887,7.978330389447606
6.275050640106201,1.1487115706186037,-3.4137204297372015,2.608975328229774,-0.2763644411642485,0.29887067244326476,0.015502543293278926,8.361202239990234,0.0,2.0,8.00277200590961,7.979568210635084
6.285081148147583,1.1459910451871014,-3.4107778334333694,2.6091306877887286,-0.26775897296810763,0.28966761777213873,0.015565134993430926,8.361202239990234,0.0,2.0,8.003981397370863,7.980769262085761
6.295087575912476,1.1433560196873342,-3.4079266912695942,2.609286568625143,-0.2592649475012673,0.2805803980070473,0.015608805673559633,8.427874565124512,0.0,2.0,8.065321127803461,8.042274228841361
6.30501389503479,1.140805362204266,-3.405165825384347,2.609442793849211,-0.25088604538412024,0.27161311202965405,0.015632525983392667,8.427874565124512,0.0,2.0,8.066470875512344,8.043415435405171
6.315035343170166,1.138337904692412,-3.402494017666474,2.6095991661112254,-0.2426253694975749,0.2627692348051962,0.015640116102336166,8.427874565124512,0.0,2.0,8.06758460800773,8.044520511754552
6.325060606002808,1.1359524499913602,-3.3999100173347814,2.6097555355355966,-0.23448606129806251,0.2540522784414832,0.01563053073470788,8.494545936584473,0.0,2.0,8.128965988366557,8.106064780576576
6.335011005401611,1.1336477702095884,-3.39741253924427,2.6099117320489973,-0.22647072922686054,0.24546517699290657,0.015607332150408118,8.494545936584473,0.0,2.0,8.130020055230267,8.10711007557905
6.345080375671387,1.1314226131507181,-3.3950002708510336,2.6100676300548344,-0.21858200202015168,0.2370108812387885,0.015569461066583067,8.494545936584473,0.0,2.0,8.131038951352615,8.108120122147472
6.355032920837402,1.129275701007138,-3.3926718708535333,2.6102230840567207,-0.21082202167153266,0.22869181331424393,0.015520225590649077,8.494545936584473,0.0,2.0,8.13202313564576,8.109095391371481
6.365034580230713,1.1272057361853196,-3.3904259755117896,2.6103779900729225,-0.20319293603175223,0.22051039740395742,0.015458556173824132,8.561216354370117,0.0,2.0,8.193415860157156,8.170648821648705
6.375068187713623,1.1252114002686393,-3.3882611975663064,2.6105322245712226,-0.19569645328060875,0.21246858056162027,0.015387513746537714,8.561216354370117,0.0,2.0,8.194341536547952,8.171565555042386
6.385073900222778,1.1232913592417624,-3.3861761319012524,2.610685702653428,-0.18833427590663582,0.20456830103369958,0.015306026671054684,8.561216354370117,0.0,2.0,8.195233618197724,8.172448655660851
6.395042419433594,1.1214442626911376,-3.38416935470187,2.6108383202995933,-0.1811077132088075,0.19681107129662936,0.015216917977090847,8.627885818481445,0.0,2.0,8.25665734455205,8.23403103296307
6.405047655105591,1.1196687484460999,-3.382239428477081,2.610990009347486,-0.17401805849909474,0.18919838560290766,0.015119123235371807,8.627885818481445,0.0,2.0,8.257492108009403,8.234856836783207
6.415050506591797,1.1179634420017655,-3.3803849014399847,2.6111406830375423,-0.16706625586904741,0.18173136090237324,0.015015240133148769,8.627885818481445,0.0,2.0,8.25829456468448,8.235650319351448
6.425039052963257,1.1163269606084134,-3.3786043119275115,2.6112902877873516,-0.16025322397650174,0.17441108677485653,0.014904213216459378,8.694546699523926,0.0,2.0,8.31973901777015,8.297251442969767
6.435035705566406,1.1147579129063867,-3.376896188000936,2.611438751963011,-0.15357957248915988,0.16723831910255488,0.014788424348392323,8.694546699523926,0.0,2.0,8.320485758756535,8.297989269351234
6.445094347000122,1.1132549025113005,-3.3752590513218426,2.6115860345596276,-0.14704587557022475,0.1602137757589181,0.014666837823712696,8.694546699523926,0.0,2.0,8.321201623122066,8.298696221394113
6.455035448074341,1.1118165278568828,-3.3736914169755585,2.6117320771494468,-0.14065243513912198,0.15333788020783223,0.01454163001240324,8.694546699523926,0.0,2.0,8.321887211894778,8.299372906026349
6.465039968490601,1.1104413853175874,-3.372191796853769,2.611876849481401,-0.13439950764171502,0.14661100671764432,0.014411788544485729,8.761221885681152,0.0,2.0,8.383347365965609,8.3609879667125
6.475127696990967,1.1091280692517242,-3.370758699699038,2.6120203045573467,-0.12828711038191792,0.14003327002348703,0.014279297341856683,8.761221885681152,0.0,2.0,8.383980131192148,8.361611925163366
6.485073566436768,1.1078751747020674,-3.369390634041187,2.612162421232642,-0.1223152060349976,0.13360472507470916,0.014143171534323996,8.761221885681152,0.0,2.0,8.384584184870961,8.362207192076673
6.495032548904419,1.1066812976216165,-3.3680861084457856,2.612303162315185,-0.11648354858967012,0.12732519927929156,0.014005212526711892,8.827884674072266,0.0,2.0,8.446058298224063,8.423834377195364
6.505084037780762,1.1055450371859992,-3.3668436340400163,2.6124425142663457,-0.11079182946844755,0.12119445108272558,0.013864468357951968,8.827884674072266,0.0,2.0,8.44661182704529,8.424379236685661
6.5150651931762695,1.1044649961799329,-3.3656617249397294,2.6125804482439006,-0.10523955976924214,0.1152120414397716,0.013722570230633961,8.827884674072266,0.0,2.0,8.447138283060688,8.424897053826758
6.525101184844971,1.1034397829476805,-3.3645389003894133,2.612716956973196,-0.0998261821081407,0.10937745568404374,0.01357860013311806,8.827884674072266,0.0,2.0,8.447638306510099,8.425388471059023
6.535024166107178,1.102468011912824,-3.3634736853348706,2.612852018620954,-0.09455098538179474,0.10369001021483788,0.013434028902301864,8.89454460144043,0.0,2.0,8.509112786050734,8.487014363661952
6.545134782791138,1.101548305192226,-3.3624646122006605,2.6129856309589345,-0.08941318591337631,0.09814894147462644,0.013287976421454694,8.89454460144043,0.0,2.0,8.509565848232333,8.487458956698404
6.555018186569214,1.1006792932228215,-3.3615102215767547,2.6131177779722776,-0.08441187124504602,0.09275334407386626,0.013141765690997257,8.89454460144043,0.0,2.0,8.509994172857501,8.487878852363703
6.565035343170166,1.0998596160639498,-3.3606090636573596,2.6132484614339155,-0.07954605391016815,0.08750223029570592,0.012994560258275232,8.961210250854492,0.0,2.0,8.57149932959857,8.549533734763415
6.575056076049805,1.09908792410768,-3.3597596990150063,2.613377670145929,-0.07481464082341718,0.08239449590747175,0.012847548472107378,8.961210250854492,0.0,2.0,8.571883391769266,8.549909515068338
6.585057973861694,1.0983628790946973,-3.3589606997265866,2.6135054090088166,-0.07021646292370093,0.07742895366016056,0.01269993794013156,8.961210250854492,0.0,2.0,8.572244435431173,8.550262321934786
6.595037221908569,1.0976831548875923,-3.3582106502121287,2.6136316707446077,-0.06575026663023982,0.0726043229082483,0.012552790167650799,9.027875900268555,0.0,2.0,8.633775511178863,8.61194146230053
6.605107069015503,1.0970474382291242,-3.357508148079644,2.6137564625840293,-0.06141472226684091,0.06791924004839407,0.01240535801918602,9.027875900268555,0.0,2.0,8.634095091790428,8.61225296067852
6.615054368972778,1.096454429564269,-3.356851805015468,2.613879780389091,-0.05720843441599228,0.06337226848135318,0.01225858940796538,9.027875900268555,0.0,2.0,8.634393376002455,8.612543212477052
6.625078201293945,1.095902843570061,-3.3562402473812556,2.6140016330848708,-0.05312993218570009,0.0589618893489379,0.012111784866449716,9.027875900268555,0.0,2.0,8.63467099406593,8.61281284890904
6.635027647018433,1.095391410012243,-3.355672117141808,2.6141220190233896,-0.04917769560838553,0.05468652884246074,0.011965786778176805,9.094558715820312,0.0,2.0,8.696226698880444,8.674515141728193
6.6451194286346436,1.0949188740753089,-3.3551460722460202,2.6142409482848334,-0.04535013025941416,0.05054453187818778,0.011819946219839077,9.094558715820312,0.0,2.0,8.696466794410922,8.67474741786422
6.655065536499023,1.0944839972431837,-3.3546607875822634,2.6143584211927653,-0.04164560731614951,0.04653420421133015,0.011675011179445458,9.094558715820312,0.0,2.0,8.69668791967663,8.674960778156809
6.665044784545898,1.094085557453315,-3.3542149551698204,2.6144744485622295,-0.03806242530515826,0.04265377208196574,0.011530380185866069,9.161208152770996,0.0,2.0,8.75824204856807,8.736659827037444
6.67538857460022,1.093722349988287,-3.353807285128456,2.6145890322112004,-0.03459886129374076,0.03890143642452861,0.011386712176915073,9.161208152770996,0.0,2.0,8.758428521281406,8.736838700804844
6.685075044631958,1.0933931874779204,-3.353436505706303,2.614702183313502,-0.031253121891384315,0.03527532086862844,0.011243455888884321,9.161208152770996,0.0,2.0,8.758597689480949,8.73700032688626
6.695052862167358,1.0930969007915652,-3.3531013642518794,2.6148139048206365,-0.028023403688757734,0.03177353606982081,0.011101191548503099,9.227877616882324,0.0,2.0,8.820200802441557,8.798746845876968
6.7050347328186035,1.092832338906086,-3.3528006270969932,2.614924207983718,-0.02490783592815805,0.028394118617639588,0.010959412278770871,9.227877616882324,0.0,2.0,8.82033817386555,8.798876844221963
6.715033292770386,1.0925983697867256,-3.3525330805177593,2.615033096548458,-0.021904547791125013,0.02513510291315197,0.010818627577027251,9.227877616882324,0.0,2.0,8.820459862957271,8.798991219690482
6.72587513923645,1.0923938801406317,-3.352297530492948,2.6151405816305475,-0.01901160465163541,0.021994453097430294,0.01067837983412479,9.294541358947754,0.0,2.0,8.882089840359638,8.86076305952547
6.735020160675049,1.092217776275848,-3.352092803641666,2.6152466675682478,-0.01622708084388988,0.018970140995436098,0.010539114156148615,9.294541358947754,0.0,2.0,8.882182546032015,8.860848622963939
6.745100736618042,1.092068983753783,-3.3519177468708845,2.6153513651940403,-0.013548991031495677,0.016060072672458934,0.010400417690956766,9.294541358947754,0.0,2.0,8.882261139499017,8.860920135494293
6.75501823425293,1.0919464482179149,-3.3517712282802385,2.6154546792433733,-0.010975366650228437,0.013262170495868277,0.010262677664325159,9.294541358947754,0.0,2.0,8.882326164832095,8.860978142183756
6.765041351318359,1.0918491349610657,-3.3516521367152556,2.6155566201653557,-0.008504183907074707,0.010574295954805893,0.0101255267430974,9.361204147338867,0.0,2.0,8.943976426563031,8.922768873297448
6.775086402893066,1.0917760297165673,-3.351559382631398,2.6156571929785324,-0.0061334426483727255,0.007994334392172548,0.009989300582626306,9.361204147338867,0.0,2.0,8.944016182179741,8.922801784631712
6.785056829452515,1.0917261381526804,-3.3514918975670946,2.6157564076942594,-0.00386109231745453,0.0055201154827776355,0.009853673170449264,9.361204147338867,0.0,2.0,8.94404385261434,8.922822674684946
6.795045375823975,1.0916984866198305,-3.3514486349607315,2.615854269502708,-0.0016851119338101251,0.003149499260689611,0.009718932835876104,9.427885055541992,0.0,2.0,9.005747661683793,8.984665517683917
6.805006265640259,1.0916921215840085,-3.3514285695566306,2.6159507879303483,0.0003965647061824319,0.0008802956600854835,0.009584791732502514,9.427885055541992,0.0,2.0,9.005752687152999,8.984663938568398
6.8150506019592285,1.0917061103231667,-3.3514306981675297,2.616045968244533,0.0023859689625651765,-0.0012896492155311324,0.009451495551452752,9.427885055541992,0.0,2.0,9.005747040991086,8.984651753481009
6.825064420700073,1.0917395403106023,-3.3514540390247634,2.616139819471538,0.004285172373306509,-0.0033625338523926326,0.009318796714375776,9.494537353515625,0.0,2.0,9.067462905489988,9.046505140953524
6.83501935005188,1.09179151986266,-3.3514976324879084,2.6162323469429647,0.006096207971685326,-0.005340516471515497,0.009186903811383184,9.494537353515625,0.0,2.0,9.067437136863047,9.046473010270041
6.845076084136963,1.0918611774923601,-3.3515605403613042,2.6163235592276517,0.007821145035898501,-0.007225795632766899,0.009055607455065753,9.494537353515625,0.0,2.0,9.06740203721413,9.046431615549633
6.8550755977630615,1.0919476625151519,-3.351641846558897,2.6164134617369648,0.00946201190841964,-0.009020526953719792,0.008925084346786577,9.494537353515625,0.0,2.0,9.067358057269091,9.046381408215781
6.865055799484253,1.0920501443819142,-3.351740656397779,2.616502062648,0.011020868851012822,-0.010726901772210381,0.008795159445522211,9.561203002929688,0.0,2.0,9.12911772092172,9.108277310732129
6.875091791152954,1.09216781323581,-3.351856097211019,2.616589367471263,0.01249973284417531,-0.012347065914649102,0.00866598078471721,9.561203002929688,0.0,2.0,9.12905684004446,9.108210380787432
6.88505482673645,1.0922998792277225,-3.3519873176215995,2.6166753840572095,0.013900648123719602,-0.013883195937179923,0.00853740522003249,9.561203002929688,0.0,2.0,9.128988313359102,9.108135873829779
6.895021677017212,1.0924455730202447,-3.352133488098875,2.6167601180371323,0.015225613638658996,-0.015337420680952736,0.008409553769766298,9.627882957458496,0.0,2.0,9.190804279762528,9.170086709824506
6.905024766921997,1.0926041450911823,-3.3522938002188583,2.616843576992284,0.01647665098841195,-0.016711894751612517,0.008282313338244363,9.627882957458496,0.0,2.0,9.190721088484233,9.169997716893509
6.915038108825684,1.0927748661844021,-3.352467467163403,2.616925766706739,0.017655734987286634,-0.018008723318626723,0.008155781828419462,9.627882957458496,0.0,2.0,9.190631406478458,9.169902303084886
6.925034523010254,1.0929570266071906,-3.352653722972582,2.6170066945664447,0.018764858562657208,-0.019230032392043447,0.008029873677868685,9.694539070129395,0.0,2.0,9.252469826956764,9.23187416712368
6.935019493103027,1.093149936627631,-3.352851822986227,2.617086366550091,0.019805966755505486,-0.020377897277108478,0.007904666863285089,9.694539070129395,0.0,2.0,9.25236758654812,9.23176637338837
6.945234537124634,1.0933529257708883,-3.3530610430940135,2.6171647899300563,0.020781018337561186,-0.021454409348563973,0.007780100236749041,9.694539070129395,0.0,2.0,9.252259930770908,9.231653234855576
6.955050706863403,1.0935653431638164,-3.3532806801198665,2.6172419709061163,0.021691923473542964,-0.022461608412761565,0.007656231503017713,9.694539070129395,0.0,2.0,9.252147211445857,9.231535103741809
6.965016841888428,1.0937865568347453,-3.3535100510747853,2.617317916683059,0.02254060188863974,-0.023401545805827737,0.007533022970636586,9.76120376586914,0.0,2.0,9.314034150054589,9.293554257555352
6.975060701370239,1.0940159540069334,-3.353748493485734,2.6173926337241644,0.02332892433830701,-0.02427622080213853,0.007410516469956166,9.76120376586914,0.0,2.0,9.313911487008426,9.29342636080206
6.98507022857666,1.0942529404054844,-3.353995364655126,2.6174661292432093,0.02405876712246691,-0.025087639849737487,0.007288694448671584,9.76120376586914,0.0,2.0,9.313784726838806,9.293294438310518
6.995019912719727,1.0944969405009495,-3.3542500419359027,2.617538409999727,0.024731957526519847,-0.025837757223421975,0.0071675845041683775,9.827885627746582,0.0,2.0,9.375735970800479,9.355376598851432
7.005047082901001,1.0947473968272317,-3.3545119220020263,2.6176094832789447,0.02535032464215395,-0.026528530303829335,0.0070471865217828595,9.827885627746582,0.0,2.0,9.375601051081205,9.355236693702563
7.015057563781738,1.0950037701776072,-3.3547804210720553,2.617679356154771,0.025915648783301798,-0.02716186449108858,0.006927513800512016,9.827885627746582,0.0,2.0,9.37546292184474,9.355093650619738
7.025033712387085,1.0952655389365298,-3.3550549741938935,2.617748036030357,0.026429708577185188,-0.02773966449856552,0.006808585105603466,9.894549369812012,0.0,2.0,9.43744681850919,9.417207113373363
7.035016775131226,1.0955321992302651,-3.3553350354193334,2.6178155303454753,0.026894234327817148,-0.0282637835036111,0.006690401969649768,9.894549369812012,0.0,2.0,9.437302177934164,9.41705773413888
7.045104742050171,1.095803264274881,-3.3556200771056766,2.617881846676964,0.027310951412886048,-0.02873607047496371,0.006572996748104616,9.894549369812012,0.0,2.0,9.437155138495523,9.416906027543204
7.055061340332031,1.0960782644843086,-3.3559095900440234,2.6179469928447676,0.02768153761180645,-0.02915832354372617,0.006456361043661247,9.894549369812012,0.0,2.0,9.437005958131097,9.416752251590562
7.065028667449951,1.0963567468369098,-3.356203082779997,2.6180109766418083,0.028007662783774215,-0.029532333355084296,0.006340539289442803,9.961212158203125,0.0,2.0,9.499036696662488,9.478911361400677
7.075067758560181,1.0966382749430983,-3.3565000816982895,2.6180738062799582,0.028290950036189134,-0.02985984060684487,0.006225513689810663,9.961212158203125,0.0,2.0,9.498882995396132,9.478753237120184
7.085069894790649,1.0969224284317738,-3.356800130364481,2.6181354898073694,0.02853301180895481,-0.030142575529983444,0.006111341661646726,9.961212158203125,0.0,2.0,9.498727862840594,9.478593752690577
7.095064401626587,1.0972088029802645,-3.3571027895686725,2.6181960358618515,0.02873541480613332,-0.030382219441696376,0.005997996590698509,10.027885437011719,0.0,2.0,9.560820603908457,9.540813606887264
7.1050193309783936,1.0974970097220387,-3.3574076366895107,2.6182554527737025,0.028899712569253392,-0.030580440440497195,0.005885543952526666,10.027885437011719,0.0,2.0,9.560662283861662,9.540651104676792
7.1150360107421875,1.0977866752416114,-3.357714265699542,2.618313749593897,0.029027414042852858,-0.030738858886805154,0.005773950151213077,10.027885437011719,0.0,2.0,9.560503170753467,9.540487879823035
7.125061511993408,1.098077441004353,-3.3580222865525955,2.6183709349559767,0.029120012720554526,-0.03085907942711911,0.005663288855253003,10.094537734985352,0.0,2.0,9.622629272260204,9.602739791234614
7.135027647018433,1.0983689633186993,-3.3583313251536406,2.618427018330042,0.029178958732113767,-0.03094266025755919,0.0055535191750254835,10.094537734985352,0.0,2.0,9.622468177906285,9.602574751482985
7.145114183425903,1.0986609127889764,-3.358641022770462,2.6184820086618337,0.029205684743842004,-0.030991141648244472,0.005444721795716157,10.094537734985352,0.0,2.0,9.622306860363837,9.602409558020662
7.15506649017334,1.0989529742477695,-3.3589510359710566,2.61853591583287,0.029201581365762175,-0.03100601880307109,0.0053368491724926515,10.094537734985352,0.0,2.0,9.622145495098298,9.602244386062315
7.165023565292358,1.09924484623196,-3.359261036060007,2.61858874911183,0.029168019929024163,-0.030988767000017393,0.005229989258738742,10.16120433807373,0.0,2.0,9.68433769447864,9.664561269926955
7.175050258636475,1.0995362408877576,-3.359570708985873,2.6186405188022435,0.02910633110177108,-0.030940817890742805,0.005124089691570741,10.16120433807373,0.0,2.0,9.684175759647168,9.664395689966026
7.18505859375,1.0998268834705365,-3.359879754802576,2.6186912345097766,0.029017824706852022,-0.030863581448492106,0.005019242105118996,10.16120433807373,0.0,2.0,9.684014259860552,9.664230613014329
7.195053577423096,1.1001165122252512,-3.360187887549633,2.6187409069406913,0.02890377135317933,-0.030758425526364555,0.004915388986160101,10.227885246276855,0.0,2.0,9.746274417021464,9.726614246589884
7.205018758773804,1.1004048779100435,-3.3604948347387524,2.6187895460204773,0.028765419422400754,-0.03062669477822902,0.004812624033002257,10.227885246276855,0.0,2.0,9.746113272042944,9.726449681627278
7.215039014816284,1.1006917436542485,-3.360800337209691,2.6188371628214426,0.0286039795514227,-0.030469693308948678,0.0047108851849980895,10.227885246276855,0.0,2.0,9.745952984444056,9.726286040462984
7.2250657081604,1.1009768845057784,-3.3611041486422084,2.6188837675801415,0.028420638995874284,-0.030288700730764385,0.004610270478962886,10.294538497924805,0.0,2.0,9.808242113423074,9.788697371854527
7.2350242137908936,1.1012600872694804,-3.361406035390274,2.618929371739855,0.028216548802881273,-0.030084957735470808,0.004510714751311262,10.294538497924805,0.0,2.0,9.808082995049629,9.788535052324196
7.245082378387451,1.1015411500783903,-3.3617057760196025,2.618973985844332,0.027992835683487854,-0.029859679472451793,0.00441231601084611,10.294538497924805,0.0,2.0,9.807925099489024,9.788374020338352
7.255100250244141,1.1018198822147132,-3.3620031611227956,2.6190176216651797,0.027750591685953063,-0.029614043797220813,0.0043150053009990575,10.294538497924805,0.0,2.0,9.807768534124088,9.788214382767805
7.265025854110718,1.1020961037045809,-3.362297992881684,2.6190602900276687,0.027490883732213863,-0.0293492021000367,0.0042188826849210185,10.361211776733398,0.0,2.0,9.870132039752722,9.8506990025817
7.27506947517395,1.1023696451236729,-3.36259008486529,2.6191020030156,0.02721474562087388,-0.029066270102725673,0.004123875801048209,10.361211776733398,0.0,2.0,9.86997755757548,9.850541594090432
7.285058498382568,1.1026403472149766,-3.362879261616795,2.619142771713542,0.026923185388748355,-0.02876633635890059,0.0040300839721941735,10.361211776733398,0.0,2.0,9.869824700341555,9.850385872832957
7.295030117034912,1.1029080606809616,-3.3631653584369174,2.6191826084728644,0.026617179465003367,-0.02845045539806568,0.003937432421087464,10.427877426147461,0.0,2.0,9.932236505325175,9.9129175773371
7.305019378662109,1.1031726458237603,-3.3634482209949725,2.619221524617657,0.026297678046535062,-0.028119654026494734,0.0038460212217789175,10.427877426147461,0.0,2.0,9.932086310139262,9.912764658535272
7.315049886703491,1.1034339723261175,-3.36372770509958,2.6192595327512875,0.025965601266065112,-0.027774926650861405,0.0037557733617080828,10.427877426147461,0.0,2.0,9.931937986438978,9.912613671356622
7.325032472610474,1.1036919189137466,-3.364003676333308,2.619296644415326,0.025621842710149636,-0.027417239574462522,0.0036667876907296075,10.494539260864258,0.0,2.0,9.994401576281948,9.975195964701797
7.335034370422363,1.1039463731268784,-3.364276009812957,2.619332872422748,0.025267267418770566,-0.027047528340523166,0.0035789843470645445,10.494539260864258,0.0,2.0,9.994256403569516,9.975048263212908
7.345102310180664,1.1041972310041108,-3.364544589847398,2.619368228485635,0.02490271370322567,-0.026666700160003765,0.003492459197104753,10.494539260864258,0.0,2.0,9.994113304204971,9.974902693000537
7.3550755977630615,1.104444396846299,-3.3648093096890452,2.6194027255748527,0.024528992827091516,-0.026275633051182672,0.0034071315567860967,10.494539260864258,0.0,2.0,9.993972332475014,9.974759307663845
7.365013837814331,1.1046877829212518,-3.3650700712137986,2.619436375552738,0.02414688925606753,-0.025875176582052718,0.0033230975854163353,10.561163902282715,0.0,2.0,10.056457557390198,10.037362062824698
7.375080347061157,1.1049273092214857,-3.3653267846655157,2.619469191540402,0.023757161881179732,-0.025466152703406044,0.003240275028109775,10.561163902282715,0.0,2.0,10.056320249017784,10.037222467970777
7.385096549987793,1.105162903189157,-3.3655793683576927,2.6195011855243355,0.02336054285108554,-0.02504935494463587,0.0031587569346537346,10.561163902282715,0.0,2.0,10.056185215997138,10.03708520336324
7.395022630691528,1.105394499469306,-3.3658277484127206,2.6195323707222267,0.022957740188509042,-0.024625550768721017,0.0030784591982757196,10.627870559692383,0.0,2.0,10.118802651889172,10.099819144395937
7.405052185058594,1.1056220396543062,-3.366071858484619,2.6195627592042374,0.02254943532698568,-0.024195479369487984,0.002999473421116705,10.627870559692383,0.0,2.0,10.118671585066993,10.09968596709073
7.415039539337158,1.105845472034014,-3.3663116394947297,2.619592364255995,0.022136287005146596,-0.02375985540096301,0.0029217145503112082,10.627870559692383,0.0,2.0,10.118542905084576,10.09955522902831
7.424982786178589,1.1060647513592565,-3.3665470393746824,2.619621198007527,0.02171892764309529,-0.02331936548469052,0.002845272551573225,10.69454574584961,0.0,2.0,10.18118545057723,10.162313061012496
7.4350244998931885,1.1062798385902595,-3.366778012799829,2.619649273788351,0.021297968352985246,-0.02287467319829242,0.002770062080766913,10.69454574584961,0.0,2.0,10.18106097213305,10.1621866394878
7.445076942443848,1.1064907006783202,-3.367004520951881,2.619676603763191,0.020873994276939645,-0.022426414437463564,0.002696169734455023,10.69454574584961,0.0,2.0,10.18093895898588,10.162062733192757
7.455045461654663,1.1066973103136983,-3.3672265312513536,2.6197032012666113,0.020447570601146273,-0.021975203488201523,0.0026235096346787683,10.69454574584961,0.0,2.0,10.180819426413157,10.161941356629226
7.465026378631592,1.1068996457247535,-3.367444017138872,2.6197290784603577,0.020019236962188273,-0.02152162737254485,0.002552165118404222,10.761202812194824,0.0,2.0,10.243501011342154,10.224737103646156
7.475250959396362,1.1070976904263004,-3.367656957807748,2.6197542486431047,0.01958951434197374,-0.021066252895698093,0.0024820499520628843,10.761202812194824,0.0,2.0,10.243385886333646,10.22462024173163
7.4850547313690186,1.107291433035355,-3.3678653380031585,2.6197787239440413,0.019158898657379377,-0.020609620096430352,0.002413244900030349,10.761202812194824,0.0,2.0,10.243273281438972,10.224505946576969
7.495081663131714,1.1074808670210436,-3.3680691477560836,2.619802517597478,0.01872786844808253,-0.0201522501584777,0.002345663612444387,10.827876091003418,0.0,2.0,10.306023881949134,10.287369590642973
7.505012035369873,1.1076659905362891,-3.368268382199534,2.6198256416720427,0.018296877722086262,-0.01969463804026341,0.002279384303123627,10.827876091003418,0.0,2.0,10.305915782589262,10.287259902021932
7.5150511264801025,1.1078468061699969,-3.3684630413045533,2.6198481093087724,0.01786636433749851,-0.01923726114813221,0.002214319573920938,10.827876091003418,0.0,2.0,10.305810217409773,10.28715279164522
7.525083780288696,1.1080233207940895,-3.3686531297127518,2.6198699324734105,0.0174367422348786,-0.018780571272396986,0.0021505440390317525,10.894536018371582,0.0,2.0,10.368601324255533,10.350055781886832
7.535034894943237,1.1081955453188506,-3.368838656475272,2.6198911241826988,0.01700841036413559,-0.01832500390070943,0.002087972976558516,10.894536018371582,0.0,2.0,10.368500313628417,10.349953321047979
7.545094013214111,1.1083634945542478,-3.369019634900922,2.6199116962939684,0.016581744393752287,-0.01787096959432308,0.0020266768199366366,10.894536018371582,0.0,2.0,10.36840182851086,10.34985342728414
7.555099725723267,1.1085271869690878,-3.369196082299265,2.6199316616614734,0.016157106116492865,-0.017418863842675547,0.001966569852427151,10.894536018371582,0.0,2.0,10.368305857486973,10.34975608839495
7.5650458335876465,1.1086866445657462,-3.3693680198436216,2.619951031994184,0.01573483469090313,-0.016969057932368966,0.0019077212255375377,10.96120548248291,0.0,2.0,10.431160414197846,10.41272146485526
7.575045108795166,1.1088418926437176,-3.3695354723189976,2.6199698199768195,0.015315256498473226,-0.016521909273159135,0.0018500463224354609,10.96120548248291,0.0,2.0,10.431068985645101,10.412628755775605
7.585078239440918,1.1089929596875572,-3.3696984679992243,2.6199880371671376,0.014898676019839682,-0.01607775180817544,0.0017936131410754912,10.96120548248291,0.0,2.0,10.430980036688416,10.41253856461343
7.595041990280151,1.109139877135762,-3.3698570383999633,2.620005696077279,0.014485386033478093,-0.015636906717565017,0.0017383375881341939,11.02788257598877,0.0,2.0,10.493893474229282,10.475561712161483
7.605031251907349,1.1092826792812713,-3.370011218169136,2.6200228080917705,0.014075658171274515,-0.0151996725037393,0.001684282593976848,11.02788257598877,0.0,2.0,10.493809022662163,10.475476099994301
7.615041732788086,1.1094214030459344,-3.3701610448459065,2.6200393855002524,0.013669753343267959,-0.014766335996219135,0.0016313649781761151,11.02788257598877,0.0,2.0,10.493726999829136,10.475392952408583
7.625056743621826,1.1095560878925241,-3.370306558763797,2.6200554394792,0.013267912088799263,-0.014337162167322934,0.0015796434781034953,11.0945405960083,0.0,2.0,10.556673276908121,10.538447794972384
7.635008811950684,1.1096867756055402,-3.370447802816077,2.620070982061572,0.012870365207806015,-0.013912405345511874,0.001529035503929322,11.0945405960083,0.0,2.0,10.55659567422728,10.538369143578112
7.64510703086853,1.1098135102142623,-3.3705848223706236,2.620086024195275,0.01247732389978174,-0.013492298802061157,0.0014795996836726424,11.0945405960083,0.0,2.0,10.55652043525643,10.53829288939078
7.655071258544922,1.1099363377798948,-3.37071766504179,2.6201005776734814,0.012088990541629726,-0.0130770661377029,0.0014312551696536154,11.0945405960083,0.0,2.0,10.556447532067244,10.538219003743356
7.6650285720825195,1.1100553063290466,-3.370846380616475,2.620114653215373,0.011705548702483715,-0.0126669107458979,0.001384056874935464,11.16116714477539,0.0,2.0,10.619416024142,10.601294944990043
7.675117492675781,1.1101704656474138,-3.3709710208332035,2.6201282623491555,0.01132717396558166,-0.012262027300335808,0.0013379256890585294,11.16116714477539,0.0,2.0,10.61934738714687,10.60122539460127
7.685062646865845,1.1102818672227113,-3.371091639318774,2.6201414155481237,0.010954023898446755,-0.01186259111791017,0.0012929124285596606,11.16116714477539,0.0,2.0,10.619281005722005,10.601158130280394
7.695062160491943,1.11038956404535,-3.37120829137452,2.6201541240448076,0.010586248905122051,-0.011468769642845414,0.001248938726672464,11.227875709533691,0.0,2.0,10.682376251824808,10.664359861144073
7.705010890960693,1.1104936105603729,-3.371321033922318,2.620166398048125,0.010223982171940028,-0.011080711780435225,0.001206055512046056,11.227875709533691,0.0,2.0,10.68231400079874,10.664296791180973
7.7150349617004395,1.1105940624753827,-3.371429925298325,2.620178248517887,0.00986735052307308,-0.010698559419938627,0.0011641866125712567,11.227875709533691,0.0,2.0,10.682253916053236,10.664235915765367
7.725070238113403,1.1106909767210849,-3.371535025208297,2.620189685404154,0.009516464363137075,-0.010322436765373174,0.0011233787116394646,11.227875709533691,0.0,2.0,10.682195962906903,10.664177199580978
7.735021114349365,1.110784411266344,-3.3716363945289824,2.6202007193599206,0.0091714284440753,-0.009952461785410285,0.0010835564942403243,11.294536590576172,0.0,2.0,10.745296150353635,10.727382738884172
7.745077133178711,1.1108744250864202,-3.3717340952718247,2.6202113600515973,0.008832331894963479,-0.009588735604197887,0.0010447642160463545,11.294536590576172,0.0,2.0,10.745242111799202,10.727327994894438
7.755016803741455,1.1109610779855539,-3.3718281903921796,2.620221617816876,0.008499258897206803,-0.009231353854751838,0.0010069286641049464,11.294536590576172,0.0,2.0,10.745190106339024,10.72727530951633
7.765044927597046,1.1110444305725273,-3.371918743760891,2.6202315020359856,0.008172278797294522,-0.008880396168145297,0.0009700920482947362,11.36120319366455,0.0,2.0,10.808342971946997,10.790532455959633
7.775292634963989,1.111124544090708,-3.3720058199815943,2.6202410227330497,0.007851456645391351,-0.008535937423635002,0.0009341828570437779,11.36120319366455,0.0,2.0,10.808294708172987,10.79048356527358
7.785043954849243,1.1112014804003878,-3.3720894843699907,2.620250188995856,0.0075368434420085536,-0.008198037353050561,0.0008992408077527267,11.36120319366455,0.0,2.0,10.808248373786862,10.790436627519618
7.795023679733276,1.1112753018164496,-3.372169802779156,2.6202590105248276,0.007228486523423422,-0.007866751590646896,0.0008651960620323154,11.427871704101562,0.0,2.0,10.871449385733026,10.853740853107638
7.805032968521118,1.1113460710971075,-3.3722468415855484,2.6202674961112984,0.006926419952091272,-0.0075421214506029,0.0008320866949604971,11.427871704101562,0.0,2.0,10.871406609255025,10.853697521905689
7.815044403076172,1.1114138512890546,-3.372320667522512,2.6202756551361124,0.006630674692615316,-0.00722418480244116,0.0007998450977847427,11.427871704101562,0.0,2.0,10.8713656548665,10.853656034417913
7.825066089630127,1.1114787057218734,-3.3723913476727527,2.6202834960999377,0.006341269185893821,-0.006912966006863931,0.0007685075232126034,11.494534492492676,0.0,2.0,10.934606645352481,10.916999169783457
7.834993362426758,1.1115406978606466,-3.372458949309709,2.6202910280661347,0.006058219313715304,-0.00660848654810916,0.0007380081346807052,11.494534492492676,0.0,2.0,10.934569057061449,10.916961092911633
7.845088481903076,1.1115998913056175,-3.3725235398957,2.620298259238906,0.005781529165413385,-0.006310755195434113,0.0007083804460254671,11.494534492492676,0.0,2.0,10.934533181169321,10.916924748283195
7.855045557022095,1.1116563496520822,-3.3725851869312526,2.6203051983550285,0.005511200757927126,-0.006019778383522795,0.0006795608987801206,11.494534492492676,0.0,2.0,10.934498978521665,10.916890096185133
7.865013837814331,1.1117101364948048,-3.37264395795835,2.620311853323594,0.0052472250442483544,-0.005735550578907504,0.0006515811076278033,11.561203002929688,0.0,2.0,10.99779137955436,10.980283622604036
7.8755199909210205,1.1117613152953845,-3.3726999204172943,2.620318232555806,0.0049895913889659105,-0.0054580643949403256,0.0006243789090420595,11.561203002929688,0.0,2.0,10.997760274078246,10.980252107144556
7.885085582733154,1.111809949391237,-3.372753141654535,2.6203243436581793,0.0047382788144734655,-0.0051873012101603085,0.0005979842337896816,11.561203002929688,0.0,2.0,10.997730731074165,10.98022217179043
7.895040988922119,1.1118561018703044,-3.372803688787084,2.620330194719962,0.004493265191376514,-0.004923241015014144,0.0005723373077155245,11.627888679504395,0.0,2.0,11.061082923811691,11.043674474420063
7.905017375946045,1.1118998355839382,-3.372851628714794,2.620335793048917,0.0042545187133500246,-0.004665853321610797,0.0005474652104761091,11.627888679504395,0.0,2.0,11.061056277359825,11.043647471500687
7.9150390625,1.1119412130284994,-3.372897027992688,2.620341146399131,0.004022006806533304,-0.0044151067254905195,0.0005233094050253153,11.627888679504395,0.0,2.0,11.061031082907167,11.043621936625806
7.925055980682373,1.1119802963617493,-3.372939952847278,2.620346261778821,0.003795687884542236,-0.00417096003202791,0.0004998979920759405,11.694540977478027,0.0,2.0,11.124394094939488,11.10708397803049
7.935004949569702,1.1120171472915126,-3.3729804690559506,2.62035114664219,0.00357551998111061,-0.003933371501884186,0.0004771751305090452,11.694540977478027,0.0,2.0,11.1243715960156,11.10706117121439
7.945099830627441,1.1120518270953805,-3.373018641966748,2.6203558077144318,0.003361452755364758,-0.003702290305235875,0.00045516494101109395,11.694540977478027,0.0,2.0,11.124350439696993,11.107039721591963
7.955021858215332,1.1120843965160425,-3.373054536385127,2.6203602521241685,0.00315343580767022,-0.0034776654389385244,0.00043381311604699196,11.694540977478027,0.0,2.0,11.124330588210217,11.107019590933199
7.96506404876709,1.1121149157836592,-3.3730882165968703,2.620364486309272,0.002951410965639741,-0.0032594374757205537,0.00041314442450366524,11.761199951171875,0.0,2.0,11.187742770717767,11.170529808736642
7.975078344345093,1.1121434445176908,-3.3731197462620526,2.620368517107251,0.002755320306029005,-0.0030475471750465795,0.0003931073036282297,11.761199951171875,0.0,2.0,11.187725345285994,11.170512132598791
7.9850592613220215,1.1121700417519704,-3.373149188440847,2.620372350680046,0.002565098764409562,-0.0028419275086687176,0.00037372219458607436,11.761199951171875,0.0,2.0,11.187709118165664,11.170495667569943
7.995035886764526,1.1121947658433176,-3.3731766054943213,2.6203759935460824,0.002380681833676367,-0.0026425119423041776,0.00035493879685974893,11.82787799835205,0.0,2.0,11.251180112534474,11.234063714939621
8.005033016204834,1.1122176744988623,-3.3732020591127965,2.6203794515847543,0.0022019984205305086,-0.002449226790108819,0.00033677901674224626,11.82787799835205,0.0,2.0,11.251166116085606,11.234049506202304
8.015081882476807,1.112238824690681,-3.373225610223526,2.6203827310384433,0.0020289782307864363,-0.002261999160119014,0.0003191957492590673,11.82787799835205,0.0,2.0,11.251153214250738,11.234036403607298
8.02507734298706,1.1122582726849561,-3.3732473190213543,2.620385837528551,0.0018615449267122728,-0.002080749610409761,0.00030220695932434805,11.89454174041748,0.0,2.0,11.314650363189703,11.297629585617633
8.035024166107178,1.1122760739625794,-3.3732672448829084,2.6203887769937064,0.0016996231963622374,-0.0019053997426499683,0.000285766055399536,11.89454174041748,0.0,2.0,11.314639501196307,11.29761854584461
8.045106887817383,1.1122922832499018,-3.3732854463988495,2.6203915547890366,0.001543132203598129,-0.0017358651286376989,0.0002698930679873657,11.89454174041748,0.0,2.0,11.314629633387492,11.29760851063077
8.055028915405273,1.112306954445128,-3.373301981293783,2.6203941765927485,0.0013919923456833525,-0.0015720625630231155,0.0002545440072188852,11.89454174041748,0.0,2.0,11.314620725909597,11.29759944575983
8.065049648284912,1.1123201406504435,-3.373316906459744,2.6203966475118743,0.0012461189964188292,-0.0014139033370070963,0.00023973484944928692,11.96120548248291,0.0,2.0,11.378157676525603,11.361231452251754
8.07505989074707,1.1123318941039975,-3.3733302778821197,2.6203989729396526,0.0011054289471334878,-0.0012613001764442894,0.00022542315060106454,11.96120548248291,0.0,2.0,11.3781505608744,11.361224199015782
8.085121154785156,1.1123422662131581,-3.373342150674546,2.620401157728804,0.0009698344380349639,-0.0011141608344415236,0.00021162534531918054,11.96120548248291,0.0,2.0,11.378144310359211,11.361217819883944
8.09503698348999,1.112351307491835,-3.3733525790108048,2.620403207019044,0.0008392492959157573,-0.0009723947052580912,0.00019830169649652163,12.027885437011719,0.0,2.0,11.44173470651683,11.424902317089291
8.105023384094238,1.1123590675948065,-3.373361616161074,2.6204051254251746,0.0007135832693344889,-0.000835906727279858,0.0001854652775667999,12.027885437011719,0.0,2.0,11.44173007173647,11.424897571305609
8.11504077911377,1.1123655952603253,-3.373369314429505,2.620406917814246,0.0005927478426950004,-0.0007046036348282572,0.0001730778286914449,12.027885437011719,0.0,2.0,11.441726211148156,11.424893607697314
8.125083446502686,1.1123709383452012,-3.373375725191042,2.6204085885623,0.00047665086264631675,-0.0005783881339837822,0.00016115319062168048,12.027885437011719,0.0,2.0,11.441723094476155,11.424890395706521
8.135022163391113,1.1123751437725031,-3.3733808988340437,2.6204101422944714,0.0003652020525975061,-0.00045716485613973926,0.00014965539036605692,12.094539642333984,0.0,2.0,11.50532678835088,11.488587196086494
8.145072937011719,1.112378257567228,-3.3733848847977868,2.6204115831725736,0.00025830790507431486,-0.00034083486109187135,0.00013859789270842244,12.094539642333984,0.0,2.0,11.50532506253426,11.488585389944415
8.155033111572266,1.1123803248086237,-3.373387731520285,2.6204129155930693,0.00015587687644607015,-0.00022930126181981426,0.00012794509973716533,12.094539642333984,0.0,2.0,11.505323995807998,11.488584249709824
8.165024518966675,1.1123813896658452,-3.373389486476278,2.620414143499283,5.7814530523194005e-05,-0.00012246402221929379,0.00011770950403701699,12.161198616027832,0.0,2.0,11.568968512295122,11.552320923910575
8.175090789794922,1.1123814953543856,-3.373390196129945,2.620415271052077,-3.5971533297276624e-05,-2.022526106143691e-05,0.00010785670526705228,12.161198616027832,0.0,2.0,11.56896867875382,11.55232103005419
8.185077428817749,1.112380684171949,-3.3733899059730335,2.6204163019749807,-0.00012557622297660676,7.751567052337701e-05,9.839703079209679e-05,12.161198616027832,0.0,2.0,11.568969424143932,11.55232172115289
8.195039749145508,1.1123789974593852,-3.3733886604821457,2.6204172401938184,-0.00021109231690517912,0.00017085718192483805,8.929963123071365e-05,12.227880477905273,0.0,2.0,11.632671308362234,11.616114850347522
8.205048322677612,1.1123764756367316,-3.3733865031569352,2.620418089237997,-0.0002926147449440154,0.0002599000768680513,8.0574567497063e-05,12.227880477905273,0.0,2.0,11.632673137743668,11.61611663698886
8.21505880355835,1.112373158168339,-3.3733834764818518,2.620418852820523,-0.0003702362386116593,0.0003447428395485289,7.219166305959706e-05,12.227880477905273,0.0,2.0,11.632675470735926,11.616118932523296
8.225017547607422,1.1123690835988003,-3.3733796219643706,2.6204195342655976,-0.0004440513649710944,0.00042548599521617707,6.415903884257059e-05,12.29454517364502,0.0,2.0,11.696395708985918,11.679929459662239
8.235021591186523,1.1123642895218167,-3.373374980100812,2.6204201370711173,-0.0005141524602657363,0.000502227713911648,5.644910826482096e-05,12.29454517364502,0.0,2.0,11.696398985504207,11.67993270877964
8.245123624801636,1.1123588126157895,-3.3733695904140553,2.6204206643825243,-0.0005806333946195634,0.0005750679192402121,4.9071430916689645e-05,12.29454517364502,0.0,2.0,11.69640269514996,11.679936395645244
8.255049228668213,1.112352688616448,-3.3733634914230395,2.6204211195008993,-0.0006435857563276915,0.0006441041417562042,4.1996025199283485e-05,12.29454517364502,0.0,2.0,11.69640681504444,11.67994049717272
8.265007734298706,1.1123459523520745,-3.3733567206802793,2.6204215053649955,-0.0007031024069332637,0.0007094353350680779,3.5231524297620674e-05,12.3612060546875,0.0,2.0,11.760157822546088,11.743780871885876
8.275106191635132,1.1123386377193272,-3.3733493147453277,2.6204218250774156,-0.0007592739194571658,0.000771158012493815,2.8752349950851732e-05,12.3612060546875,0.0,2.0,11.760162711665743,11.74378575093317
8.285061120986938,1.1123307777179074,-3.3733413092219373,2.6204220814118306,-0.0008121918924718376,0.000829369821774122,2.2566249317693247e-05,12.3612060546875,0.0,2.0,11.760167947118115,11.743790980144395
8.295074701309204,1.1123224044293196,-3.373332738735004,2.6204222773001487,-0.0008619456632042021,0.0008841659615152985,1.6650635093326333e-05,12.427875518798828,0.0,2.0,11.823960413182599,11.807671914917814
8.305014848709106,1.112313549050684,-3.3733236369670374,2.620422415367675,-0.0009086253608866236,0.0009356425227864806,1.1011458284439398e-05,12.427875518798828,0.0,2.0,11.823966298345987,11.80767780094507
8.315040588378906,1.1123042418767024,-3.373314036638054,2.6204224983689355,-0.000952318811297459,0.0009838931798486126,5.625532151863186e-06,12.427875518798828,0.0,2.0,11.82397247076323,11.807683977515843
8.325106620788574,1.1122945123333023,-3.3733039695411318,2.6204225287693426,-0.0009931143603190398,0.0010290122635020855,5.00518039390601e-07,12.427875518798828,0.0,2.0,11.823978911475184,11.807690425515283
8.33503532409668,1.112284388962804,-3.373293466525478,2.6204225091726645,-0.0010310980347679095,0.001071091669964337,-4.3853211820897086e-06,12.494537353515625,0.0,2.0,11.887796913232622,11.871595990446059
8.345092296600342,1.1122738994569068,-3.373282557531404,2.620422441890242,-0.0010663561844404812,0.0011102237235665123,-9.02836531474096e-06,12.494537353515625,0.0,2.0,11.887803857607484,11.87160294781401
8.355055332183838,1.1122630706443264,-3.373271271576199,2.6204223293466393,-0.0010989728743107511,0.0011464983354836013,-1.3447964610399478e-05,12.494537353515625,0.0,2.0,11.887811017546777,11.871610123405949
8.365015268325806,1.112251928522878,-3.3732596367882803,2.6204221737084232,-0.001129032304482733,0.001180005632190186,-1.7639768637751525e-05,12.561203002929688,0.0,2.0,11.95166452654085,11.935550313301261
8.3750901222229,1.1122404982496472,-3.3732476803958904,2.620421977240833,-0.0011566164017936683,0.0012108333287810386,-2.1623565484082208e-05,12.561203002929688,0.0,2.0,11.951672091247698,11.935557898433808
8.385059118270874,1.1122288041722992,-3.373235428760501,2.6204217419609437,-0.0011818070535927836,0.0012390691597033595,-2.5395268165344365e-05,12.561203002929688,0.0,2.0,11.951679823336772,11.935565653192036
8.395056009292603,1.1122168698214376,-3.3732229073680435,2.620421469977198,-0.0012046839249029598,0.0012647984738484795,-2.897337609245567e-05,12.62786865234375,0.0,2.0,12.015564554339946,11.999536189332563
8.405011177062988,1.1122047179408014,-3.373210140861342,2.620421163173733,-0.001225326500432979,0.001288106480608387,-3.235229542188968e-05,12.62786865234375,0.0,2.0,12.015572600764079,11.999544262367573
8.415035009384155,1.1121923704816017,-3.373197153033459,2.6204208235366284,-0.0012438120918788697,0.001309076052322169,-3.55486359065416e-05,12.62786865234375,0.0,2.0,12.015580770822247,11.999552460899343
8.425052404403687,1.1121798486315997,-3.3731839668592563,2.6204204528381494,-0.001260217708509157,0.001327789736124149,-3.855832345481952e-05,12.694539070129395,0.0,2.0,12.079500682908678,12.063557319882529
8.43501901626587,1.112167172811309,-3.373170604491092,2.6204200529401995,-0.0012746182167530985,0.001344327775237158,-4.139619222315928e-05,12.694539070129395,0.0,2.0,12.079509085094347,12.06356575373909
8.445109844207764,1.112154362702391,-3.3731570872893375,2.6204196255111634,-0.0012870880138422076,0.0013587699517479453,-4.405914776555595e-05,12.694539070129395,0.0,2.0,12.079517571413545,12.063574273256215
8.455047369003296,1.1121414372459315,-3.373143435819996,2.6204191722831216,-0.0012976993860192205,0.001371193797426215,-4.6563446270373616e-05,12.694539070129395,0.0,2.0,12.079526129537385,12.063582865999635
8.465013980865479,1.1121284146698407,-3.373129669884058,2.6204186947970216,-0.0013065240461696207,0.0013816762679272423,-4.890525080732457e-05,12.76120376586914,0.0,2.0,12.14347065976712,12.127611484038034
8.47503399848938,1.1121153124886096,-3.373115808516815,2.6204181946712097,-0.0013136316621116812,0.001390292126777497,-5.109838693786849e-05,12.76120376586914,0.0,2.0,12.143479352666136,12.127620213889848
8.48512077331543,1.1121021475295858,-3.373101870016062,2.620417673342337,-0.001319091231673129,0.0013971154603081102,-5.314114824479056e-05,12.76120376586914,0.0,2.0,12.143488083302204,12.127628982612682
8.495037078857422,1.1120889359342006,-3.373087871942943,2.6204171323005685,-0.0013229697604949537,0.0014022182244148016,-5.504742212847007e-05,12.827869415283203,0.0,2.0,12.20746294076684,12.191687087197725
8.505035877227783,1.1120756931832696,-3.3730738311490507,2.6204165728658984,-0.00132533348119648,0.0014056715937494307,-5.6815326320759345e-05,12.827869415283203,0.0,2.0,12.207471742054759,12.191695928343142
8.515048742294312,1.1120624340997078,-3.373059763778809,2.6204159964109697,-0.001326246680929485,0.0014075446634126572,-5.84574670530637e-05,12.827869415283203,0.0,2.0,12.207480550833335,12.19170477785496
8.525047063827515,1.1120491728728392,-3.373045685295586,2.62041540415582,-0.0013257727946126292,0.0014079056507510014,-5.9970954355952274e-05,12.894539833068848,0.0,2.0,12.271488851252368,12.255795500606942
8.53501296043396,1.1120359230622694,-3.373031610485438,2.6204147973824674,-0.001323973382328317,0.0014068207589518287,-6.136668036179783e-05,12.894539833068848,0.0,2.0,12.271497673693517,12.255804365061246
8.545088291168213,1.112022697621117,-3.3730175534820788,2.620414177230777,-0.0013209090731595564,0.0014043552346496826,-6.264265733528486e-05,12.894539833068848,0.0,2.0,12.271506476978553,12.255813211012054
8.555020809173584,1.112009508901109,-3.3730035277719144,2.6204135448930774,-0.0013166386780286226,0.0014005723660303123,-6.380908315445518e-05,12.894539833068848,0.0,2.0,12.271515253015044,12.255822030296217
8.565031051635742,1.1119963686746546,-3.3729895462179598,2.620412901423469,-0.0013112200436287873,0.0013955344168445972,-6.486563575452435e-05,12.96120834350586,0.0,2.0,12.335550051442032,12.319938429366394
8.575291156768799,1.1119832881406748,-3.3729756210658817,2.620412247911464,-0.0013047092748632323,0.00138930177566414,-6.582232990971238e-05,12.96120834350586,0.0,2.0,12.335558775765183,12.319947197654656
8.5850670337677,1.1119702779457388,-3.3729617639666825,2.620411585323755,-0.0012971614303097544,0.001381933754037109,-6.667734639576629e-05,12.96120834350586,0.0,2.0,12.335567450697358,12.3199559169463
8.595067024230957,1.1119573481910827,-3.3729479859836835,2.620410914673435,-0.0012886298731479189,0.0013734878608665194,-6.743923213717656e-05,13.027872085571289,0.0,2.0,12.39962547207423,12.384094724470827
8.605016708374023,1.11194450845275,-3.3729342976140924,2.62041023685752,-0.0012791668806859911,0.0013640204779600575,-6.810767676371397e-05,13.027872085571289,0.0,2.0,12.399634053517595,12.38410335063284
8.615062236785889,1.1119317677893854,-3.372920708796905,2.6204095528010862,-0.0012688231000099813,0.001353586248207973,-6.869132810287374e-05,13.027872085571289,0.0,2.0,12.399642566541107,12.384111908601735
8.625096321105957,1.1119191347613135,-3.3729072289333923,2.6204088633245135,-0.0012576480661844263,0.0013422386473258326,-6.918892004855118e-05,13.027872085571289,0.0,2.0,12.399651005516233,12.384120392700812
8.635016441345215,1.1119066174388987,-3.37289386689578,2.620408169282493,-0.0012456897634428924,0.001330029482555452,-6.960819506742291e-05,13.0945405960083,0.0,2.0,12.463740866939652,12.44829024813083
8.645098686218262,1.111894223420529,-3.372880631046645,2.6204074714269705,-0.0012329950391495395,0.0013170093625045954,-6.994910352710599e-05,13.0945405960083,0.0,2.0,12.46374916597662,12.44829859224868
8.655037879943848,1.1118819598415837,-3.372867529248282,2.6204067705414418,-0.0012196092522173138,0.0013032272938790735,-7.021749905076543e-05,13.0945405960083,0.0,2.0,12.463757375755188,12.44830684714826
8.665034294128418,1.1118698333914645,-3.372854568881085,2.620406067323764,-0.0012055766026361054,0.0012887310547004338,-7.041348399157283e-05,13.161203384399414,0.0,2.0,12.527868559920318,12.512497231418989
8.675073146820068,1.1118578503230265,-3.3728417568535045,2.620405362488517,-0.0011909398780786003,0.0012735668927934545,-7.054412080667534e-05,13.161203384399414,0.0,2.0,12.527876601010473,12.512505317335183
8.685059070587158,1.111846016468546,-3.3728290996194277,2.6204046566645727,-0.0011757406997223237,0.0012577798031167611,-7.060927734332356e-05,13.161203384399414,0.0,2.0,12.527884540231067,12.5125133013056
8.69501805305481,1.1118343372495152,-3.372816603188679,2.620403950499346,-0.0011600193463626868,0.0012414133108669856,-7.061522522016308e-05,13.22788143157959,0.0,2.0,12.592036772999222,12.576743975718415
8.705045223236084,1.1118228176917289,-3.372804273143507,2.620403244561696,-0.0011438149052067292,0.0012245096691639,-7.056205507261577e-05,13.22788143157959,0.0,2.0,12.59204451969433,12.576751766656656
8.715035676956177,1.1118114624355913,-3.372792114649477,2.6204025394344246,-0.001127165177542844,0.001207109739755488,-7.04560308094775e-05,13.22788143157959,0.0,2.0,12.592052154306359,12.576759445335462
8.725103855133057,1.111800275750246,-3.372780132470822,2.620401835615793,-0.001110106780959646,0.001189253123116145,-7.02987421726896e-05,13.22788143157959,0.0,2.0,12.59205967402745,12.576767008918976
8.735037326812744,1.1117892615441065,-3.372768330981579,2.620401133613651,-0.0010926751080387,0.0011709781005060775,-7.009498842309571e-05,13.294535636901855,0.0,2.0,12.656214798562551,12.640999780902009
8.745092391967773,1.111778423378233,-3.372756714179924,2.620400433874907,-0.001074904347523387,0.0011523216978460394,-6.984459240031662e-05,13.294535636901855,0.0,2.0,12.65622210120618,12.641007126677351
8.755023002624512,1.1117677644772583,-3.372745285699478,2.6203997368630993,-0.0010568275184953816,0.0011333196991823,-6.95516189875787e-05,13.294535636901855,0.0,2.0,12.656229281626056,12.641014349947909
8.765027523040771,1.11175728774183,-3.3727340488226827,2.6203990429923656,-0.0010384764633160435,0.0011140066378310294,-6.921475175053426e-05,13.361200332641602,0.0,2.0,12.720419994908859,12.705281967525604
8.775047540664673,1.1117469957593806,-3.372723006492214,2.620398352701233,-0.001019881952770934,0.0010944158878947944,-6.883769823224323e-05,13.361200332641602,0.0,2.0,12.72042694436831,12.70528895897204
8.785065650939941,1.1117368908154646,-3.3727121613233138,2.620397666371261,-0.0010010736040612107,0.0010745795860124137,-6.842162793438334e-05,13.361200332641602,0.0,2.0,12.720433766197289,12.705295822442437
8.795031309127808,1.1117269749046477,-3.3727015156154363,2.6203969843839263,-0.0009820800097251902,0.0010545287586777284,-6.79707878353844e-05,13.427877426147461,0.0,2.0,12.784661507811455,12.769599737309044
8.805063962936401,1.1117172497412127,-3.372691071363747,2.6203963070762586,-0.0009629286056779491,0.0010342932212102128,-6.74845835735495e-05,13.427877426147461,0.0,2.0,12.784668088440378,12.769606358606044
8.815037727355957,1.1117077167702218,-3.372680830270574,2.620395634798,-0.0009436458528121766,0.0010139017708143527,-6.696640059335663e-05,13.427877426147461,0.0,2.0,12.78467453777109,12.76961284820554
8.825013875961304,1.1116983771775375,-3.372670793755987,2.6203949678564107,-0.0009242570633717148,0.0009933819989208588,-6.641645390210818e-05,13.494543075561523,0.0,2.0,12.848915947405548,12.833929682967373
8.835009574890137,1.111689231900938,-3.372660962969472,2.6203943065619755,-0.0009047866352725967,0.0009727605181638517,-6.583841686561084e-05,13.494543075561523,0.0,2.0,12.84892214857777,12.833935923347829
8.845075845718384,1.1116802816393068,-3.3726513387998254,2.6203936511796417,-0.0008852578473698652,0.0009520627570664097,-6.523340370280609e-05,13.494543075561523,0.0,2.0,12.848928216339113,12.833942029875754
8.855045318603516,1.1116715268635669,-3.372641921886739,2.620393001974339,-0.0008656931431673551,0.0009313132255676173,-6.460419012854864e-05,13.494543075561523,0.0,2.0,12.848934150415744,12.833948002264197
8.865030765533447,1.1116629678248666,-3.3726327126301205,2.6203923591724787,-0.0008461138990144354,0.0009105352358981234,-6.395242026432811e-05,13.561206817626953,0.0,2.0,12.91319790608691,12.898286455279546
8.875041246414185,1.1116546045652143,-3.3726237112019692,2.6203917229912372,-0.0008265407222919935,0.000889751214251355,-6.328097406145583e-05,13.561206817626953,0.0,2.0,12.913203587532733,12.89829217389311
8.885081052780151,1.1116464369249792,-3.3726149175550275,2.620391093618733,-0.0008069931683644762,0.000868982422721095,-6.259023252826016e-05,13.561206817626953,0.0,2.0,12.913209134986564,12.89829775803222
8.895027160644531,1.111638464553531,-3.372606331434422,2.6203904712431463,-0.0007874900646379265,0.0008482493111265436,-6.188235081008328e-05,13.627876281738281,0.0,2.0,12.97750233673516,12.962664948349056
8.905036687850952,1.1116306869161898,-3.372597952385411,2.6203898560305374,-0.000768049203828221,0.000827571209962103,-6.115712766454258e-05,13.627876281738281,0.0,2.0,12.977507630966867,12.962670278084591
8.915049314498901,1.1116231033047856,-3.3725897797647337,2.620389248153341,-0.0007486876986257463,0.0008069667076961012,-6.0415987390236776e-05,13.627876281738281,0.0,2.0,12.977512792074004,12.96267547419205
8.925050973892212,1.111615712844027,-3.372581812747544,2.620388647761217,-0.0007294216474164534,0.0007864533154111566,-5.965995931690564e-05,13.69454288482666,0.0,2.0,13.04182680353352,13.027062765608155
8.935003519058228,1.1116085145019634,-3.3725740503384367,2.6203880549967167,-0.0007102665131773171,0.0007660478733013479,-5.889106587909079e-05,13.69454288482666,0.0,2.0,13.041831713056927,13.027067708924937
8.945091724395752,1.1116015070958012,-3.372566491377541,2.6203874699773597,-0.0006912367668382657,0.000745766193168767,-5.8111069035853016e-05,13.69454288482666,0.0,2.0,13.041836491348864,13.027072520492622
8.955032348632812,1.1115946893022723,-3.372559134551211,2.6203868928060845,-0.0006723462818838747,0.0007256234763797023,-5.7321801682148856e-05,13.69454288482666,0.0,2.0,13.04184113935072,13.02707720124876
8.965033292770386,1.11158805966291,-3.3725519783974582,2.620386323575654,-0.0006536079753992836,0.0007056339286126346,-5.652251061212616e-05,13.761157989501953,0.0,2.0,13.106128545354668,13.091437134893967
8.975183725357056,1.1115816165940806,-3.3725450213164523,2.620385762386844,-0.0006350342303803048,0.0006858111904636131,-5.571388984630968e-05,13.761157989501953,0.0,2.0,13.106132947174304,13.091441568247383
8.98508882522583,1.111575358391552,-3.3725382615753867,2.6203852093205486,-0.0006166365147999421,0.0006661679354617618,-5.489839036379453e-05,13.761157989501953,0.0,2.0,13.106137221737898,13.091445873816989
8.995046377182007,1.1115692832403101,-3.372531697318833,2.6203846644367736,-0.000598425798072878,0.0006467163070890824,-5.407755897078229e-05,13.827886581420898,0.0,2.0,13.170557042482882,13.155937658617386
9.005034685134888,1.111563389218652,-3.3725253265731703,2.6203841277879945,-0.0005804121706052353,0.0006274675084878338,-5.3251270784700024e-05,13.827886581420898,0.0,2.0,13.170561076618165,13.155941722541879
9.015047550201416,1.1115576743076216,-3.372519147256685,2.6203835994285845,-0.0005626052839138136,0.0006084322574412841,-5.241985268616643e-05,13.827886581420898,0.0,2.0,13.170564987233375,13.155945662418102
9.02506685256958,1.111552136394479,-3.372513157183543,2.620383079402755,-0.0005450139557968195,0.0005896203581402776,-5.1584775589616036e-05,13.894547462463379,0.0,2.0,13.234941997110704,13.220393886026066
9.035003900527954,1.1115467732817448,-3.3725073540736803,2.6203825677430146,-0.0005276466142112281,0.0005710411660348424,-5.074676808693287e-05,13.894547462463379,0.0,2.0,13.23494567435993,13.220397591332084
9.045091390609741,1.1115415826901989,-3.3725017355563183,2.620382064473772,-0.0005105108825911394,0.0005527031556393702,-4.990680745783509e-05,13.894547462463379,0.0,2.0,13.234949232413655,13.220401176917667
9.055060148239136,1.1115365622677007,-3.3724962991795913,2.6203815696117574,-0.0004936140275513458,0.000534614393726986,-4.9065403143516405e-05,13.894547462463379,0.0,2.0,13.234952672919368,13.220404644431333
9.065040826797485,1.1115317095917852,-3.372491042413568,2.620381083163464,-0.0004769625441831095,0.0005167821072895599,-4.822454955127213e-05,13.961198806762695,0.0,2.0,13.299342578775219,13.284865085475142
9.075045585632324,1.111527022178191,-3.3724859626594927,2.620380605117088,-0.0004605626087946028,0.0004992131634100967,-4.738481355915001e-05,13.961198806762695,0.0,2.0,13.29934579725965,13.284868329790944
9.08506965637207,1.1115224974830216,-3.3724810572522967,2.6203801354701044,-0.00044441966394817003,0.0004819136346612282,-4.654453259488289e-05,13.961198806762695,0.0,2.0,13.299348903133371,13.284871460981053
9.09503722190857,1.1115181329109556,-3.3724763234694177,2.620379674224172,-0.00042853886683552795,0.00046488927874164073,-4.570479185573148e-05,14.027874946594238,0.0,2.0,13.36378467466963,13.349377134935711
9.105038404464722,1.1115139258170612,-3.3724717585328623,2.620379221365711,-0.00041292467162375705,0.00044814509627305024,-4.486743614388644e-05,14.027874946594238,0.0,2.0,13.363787567881202,13.349380052315306
9.115046262741089,1.1115098735147384,-3.372467359617695,2.6203787768675117,-0.0003975812733803513,0.00043168581205977843,-4.40325971842815e-05,14.027874946594238,0.0,2.0,13.363790353770984,13.349382861868737
9.125056266784668,1.1115059732772823,-3.372463123853641,2.620378340701217,-0.00038251218446261006,0.00041551543893227994,-4.3201343180081726e-05,14.0945405960083,0.0,2.0,13.428237591821057,13.413899341235009
9.135013341903687,1.1115022223456437,-3.372459048333176,2.6203779128291473,-0.00036772068031120796,0.00039963774816614535,-4.237362412262073e-05,14.0945405960083,0.0,2.0,13.428240175071625,13.413901947035447
9.145103931427002,1.1114986179296644,-3.3724551301128574,2.6203774932083235,-0.0003532093971583407,0.00038405582083993824,-4.1551721806053996e-05,14.0945405960083,0.0,2.0,13.428242656552497,13.413904450575773
9.155011415481567,1.1114951572153549,-3.372451366221203,2.6203770817748255,-0.000338980782246757,0.0003687725219972551,-4.073584071639064e-05,14.0945405960083,0.0,2.0,13.42824503823493,13.413906853832316
9.165040969848633,1.1114918373656921,-3.3724477536596607,2.6203766784706586,-0.00032503668421309906,0.0003537900693115637,-3.992599919662044e-05,14.161205291748047,0.0,2.0,13.492712563300318,13.478442977312028
9.175135374069214,1.1114886555275403,-3.372444289410091,2.620376283237073,-0.0003113787907470987,0.0003391104978604281,-3.91215431668585e-05,14.161205291748047,0.0,2.0,13.492714756624332,13.478445191149644
9.185070037841797,1.1114856088322342,-3.3724409704354197,2.6203758960200934,-0.0002980082088042485,0.00032473523056825116,-3.832284079314284e-05,14.161205291748047,0.0,2.0,13.492716855923218,13.478447310493587
9.195034503936768,1.1114826944023515,-3.372437793686806,2.6203755167632927,-0.0002849258972545539,0.0003106655289826029,-3.752930011867009e-05,14.227872848510742,0.0,2.0,13.557208161302164,13.543006584472986
9.205045461654663,1.1114799093520509,-3.3724347561041115,2.6203751454098705,-0.00027213227651542966,0.00029690206635453513,-3.674275181627528e-05,14.227872848510742,0.0,2.0,13.557210083185748,13.54300852538279
9.215042114257812,1.1114772507933646,-3.372431854622737,2.620374781885762,-0.0002596276614086158,0.0002834453917897293,-3.5963108077314663e-05,14.227872848510742,0.0,2.0,13.557211916905842,13.543010377678
9.225069046020508,1.1114747158361276,-3.3724290861737063,2.620374426118839,-0.0002474118744021918,0.00027029550896178124,-3.519182880185137e-05,14.227872848510742,0.0,2.0,13.557213664491787,13.543012143393378
9.235038995742798,1.1114723015938985,-3.372426447690148,2.620374078022969,-0.00023548465058898492,0.00025745231677499515,-3.4428531281273494e-05,14.29454517364502,0.0,2.0,13.62173023119945,13.607596058631742
9.245081186294556,1.111470005183757,-3.3724239361072086,2.620373737517087,-0.00022384525421601014,0.00024491519390940026,-3.367430313793528e-05,14.29454517364502,0.0,2.0,13.621731816341478,13.607597660944005
9.255044221878052,1.11146782373198,-3.3724215483683015,2.6203734045081544,-0.0002124928792131332,0.00023268343019245446,-3.292875791332086e-05,14.29454517364502,0.0,2.0,13.621733321230089,13.607599182577692
9.265023708343506,1.1114657543736568,-3.372419281424764,2.6203730789084165,-0.0002014262790376951,0.00022075583959919255,-3.2192915521512686e-05,14.361128807067871,0.0,2.0,13.686184478396088,13.672116983834494
9.275038242340088,1.111463794258019,-3.37241713224164,2.62037276062073,-0.00019064416507686422,0.0002091311797733374,-3.146596887414933e-05,14.361128807067871,0.0,2.0,13.68618583198528,13.672118353258737
9.285068035125732,1.111461940547788,-3.372415097797078,2.6203724495557164,-0.00018014484203110793,0.00019780776886040442,-3.074870175452137e-05,14.361128807067871,0.0,2.0,13.686187111163488,13.672119647867692
9.295017004013062,1.111460190424188,-3.372413175087709,2.620372145617366,-0.0001699265890494783,0.00018678389534544938,-3.0040285327282296e-05,14.42786979675293,0.0,2.0,13.750810777044656,13.73680950683344
9.305033922195435,1.1114585410862154,-3.372411361127898,2.620371848721538,-0.0001599872940840491,0.00017605742574737144,-2.9340251837974045e-05,14.42786979675293,0.0,2.0,13.750811916006919,13.736810660364789
9.31504225730896,1.1114569897554447,-3.3724096529549152,2.620371558788239,-0.00015032483169055488,0.00016562621204477363,-2.8647459257495994e-05,14.42786979675293,0.0,2.0,13.750812986316973,13.736811744859509
9.325073719024658,1.1114555336751744,-3.3724080476279754,2.620371275743666,-0.00014093671150875272,0.0001554877236748284,-2.79630162455566e-05,14.42786979675293,0.0,2.0,13.750813989919813,13.736812762267915
9.33502721786499,1.1114541701149787,-3.372406542233051,2.6203709995007998,-0.0001318204378513424,0.0001456394261182555,-2.7286761474374854e-05,14.49454116821289,0.0,2.0,13.815390101686427,13.80145439744499
9.345122814178467,1.1114528963697856,-3.372405133881902,2.620370729971462,-0.00012297317340255183,0.00013607841487326555,-2.6621170173550234e-05,14.49454116821289,0.0,2.0,13.815390979685764,13.801455288446123
9.355038166046143,1.111451709764161,-3.372403819716721,2.6203704670413166,-0.00011439209095771156,0.00012680178854780857,-2.5966497017087658e-05,14.49454116821289,0.0,2.0,13.815391796560041,13.801456117963836
9.365046262741089,1.1114506076511974,-3.3724025969090596,2.6203702106024154,-0.00010607405885646106,0.00011780630475956435,-2.5323311865958928e-05,14.561197280883789,0.0,2.0,13.879972768272028,13.866102006323555
9.375062227249146,1.11144958741643,-3.372401462664111,2.620369960540496,-9.801597189736527e-05,0.00010908875148009581,-2.469059030649907e-05,14.561197280883789,0.0,2.0,13.879973470120559,13.866102720061956
9.385069608688354,1.1114486464766062,-3.372400414219391,2.6203697167531876,-9.021445051602172e-05,0.00010064561076911097,-2.406885119322952e-05,14.561197280883789,0.0,2.0,13.879974116259346,13.866103377754147
9.395029306411743,1.1114477822832487,-3.3723994488487126,2.620369479129477,-8.266615934788798e-05,9.247340319063704e-05,-2.3457348877850098e-05,14.627872467041016,0.0,2.0,13.944592951820415,13.930786564344608
9.405059337615967,1.1114469923214019,-3.3723985638608083,2.6203692475697737,-7.536749181149867e-05,8.456837210323521e-05,-2.2856510998508386e-05,14.627872467041016,0.0,2.0,13.944593493196928,13.930787116569538
9.415027856826782,1.1114462741131679,-3.3723977566029437,2.6203690219663107,-6.83148782591666e-05,7.692681794261292e-05,-2.2265615647479178e-05,14.627872467041016,0.0,2.0,13.94459398408652,13.930787617992264
9.425129652023315,1.1114456252164167,-3.3723970244594463,2.620368802221815,-6.150451005239241e-05,6.954478527070143e-05,-2.168511273842769e-05,14.627872467041016,0.0,2.0,13.944594426219414,13.930788070349049
9.435019731521606,1.1114450432278955,-3.3723963648550614,2.6203685882325454,-5.493264515812672e-05,6.241838639421057e-05,-2.1114156288166844e-05,14.694546699523926,0.0,2.0,14.009231421895535,13.995488839156694
9.44507646560669,1.1114445257817531,-3.372395775253428,2.6203683799027564,-4.8595326588949255e-05,5.554349427888483e-05,-2.0553651539510475e-05,14.694546699523926,0.0,2.0,14.00923177244383,13.995489199283695
9.455042123794556,1.1114440705524404,-3.3723952531603087,2.6203681771277485,-4.248866857490708e-05,4.891604428555725e-05,-2.000272016326035e-05,14.694546699523926,0.0,2.0,14.009232079164905,13.995489515294214
9.465025663375854,1.1114436752531491,-3.372394796122065,2.620367979813394,-3.6608598100505773e-05,4.253175669254103e-05,-1.9462035839205455e-05,14.761201858520508,0.0,2.0,14.07386945914176,14.060190081310616
9.475170850753784,1.1114433376384563,-3.372394401728604,2.620367787856046,-3.0951118530004946e-05,3.638642402287678e-05,-1.893074844782479e-05,14.761201858520508,0.0,2.0,14.073869683616232,14.060190314473079
9.48506212234497,1.1114430555027361,-3.372394067611797,2.620367601163976,-2.5512068974801408e-05,3.0475646926031525e-05,-1.840953414201384e-05,14.761201858520508,0.0,2.0,14.073869868959225,14.060190508233676
9.495019674301147,1.1114428266824874,-3.3723937914481232,2.620367419633866,-2.028738184453894e-05,2.479511675517291e-05,-1.789782581976663e-05,14.827868461608887,0.0,2.0,14.13853697588287,14.124920250502793
9.505003452301025,1.1114426490546618,-3.3723935709569477,2.6203672431731784,-1.5272842204857932e-05,1.9340358529266356e-05,-1.7396148829003643e-05,14.827868461608887,0.0,2.0,14.138537087872205,14.124920370350255
9.515045642852783,1.1114425205388638,-3.3723934039029446,2.620367071679139,-1.046432320830201e-05,1.4106988869191549e-05,-1.6903983856762516e-05,14.827868461608887,0.0,2.0,14.138537165179802,14.124920455264402
9.525144100189209,1.1114424390957065,-3.3723932880943552,2.620366905058934,-5.85756768273883e-06,9.09048144356969e-06,-1.6421910160717214e-05,14.894536018371582,0.0,2.0,14.203223584861014,14.189668956838272
9.535047769546509,1.111442402728802,-3.372393221385144,2.620366743208987,-1.4484128562314312e-06,4.28641242947316e-06,-1.594942464844537e-05,14.894536018371582,0.0,2.0,14.203223597243584,14.189668976308687
9.545101881027222,1.1114424094830695,-3.372393201673186,2.620366586035845,2.7674129573374866e-06,-3.0976393207751777e-07,-1.5487031004200647e-05,14.894536018371582,0.0,2.0,14.203223579143737,14.189668965063099
9.555047988891602,1.11144245744653,-3.372393226902238,2.620366433436931,6.794091164290039e-06,-4.702497445369925e-06,-1.5034050244971717e-05,14.894536018371582,0.0,2.0,14.203223531924186,14.189668924470002
9.565028190612793,1.1114425447487577,-3.372393295060253,2.6203662853258924,1.0635914597542843e-05,-8.896351000375401e-06,-1.4589552581766494e-05,14.961201667785645,0.0,2.0,14.267926220396566,14.254433145611609
9.575093030929565,1.1114426695626207,-3.372393404181147,2.620366141622038,1.4297088316112975e-05,-1.2895783036327733e-05,-1.4152238076307652e-05,14.961201667785645,0.0,2.0,14.267926118784578,14.254433050157557
9.585082769393921,1.1114428301027424,-3.3723935523430875,2.620366002252521,1.7781913000395753e-05,-1.6705352000873477e-05,-1.3723256211548755e-05,14.961201667785645,0.0,2.0,14.267925991909674,14.254432929228049
9.595033645629883,1.1114430246270266,-3.3723937376701296,2.6203658671287795,2.109459145156134e-05,-2.032951508974092e-05,-1.3302709667017448e-05,15.027872085571289,0.0,2.0,14.332651225061927,14.319219159233882
9.60500979423523,1.1114432514350814,-3.3723939583305915,2.6203657361661548,2.423940888253936e-05,-2.3772824610307204e-05,-1.2891521410766516e-05,15.027872085571289,0.0,2.0,14.332651051092093,14.319218990774683
9.61504054069519,1.1114435088695864,-3.3723942125385755,2.6203656092692342,2.722054920314167e-05,-2.70397295834623e-05,-1.2489114757196965e-05,15.027872085571289,0.0,2.0,14.33265085545474,14.319218800451491
9.62505841255188,1.1114437953146532,-3.3723944985522625,2.6203654863513406,3.0042252953504607e-05,-3.0134744230249398e-05,-1.2096220763804226e-05,15.094536781311035,0.0,2.0,14.397388216115544,14.384016619459487
9.635013341903687,1.1114441091969718,-3.3723948146751628,2.6203653673149905,3.270866250181451e-05,-3.306227773161411e-05,-1.171232849833424e-05,15.094536781311035,0.0,2.0,14.39738798018383,14.384016388442344
9.645110130310059,1.1114444489842827,-3.372395159254492,2.620365252077159,3.522397311744294e-05,-3.5826800818518424e-05,-1.1336605486149745e-05,15.094536781311035,0.0,2.0,14.397387725921778,14.384016138913996
9.655035734176636,1.1114448131863897,-3.372395530682354,2.6203651405592896,3.7592277348495904e-05,-3.843268444173167e-05,-1.0968002111250518e-05,15.094536781311035,0.0,2.0,14.397387454396698,14.384015871946135
9.66505217552185,1.1114452003536264,-3.3723959273941486,2.620365032688237,3.9817709111538215e-05,-4.088434541175691e-05,-1.060779220107417e-05,15.161200523376465,0.0,2.0,14.462141324910897,14.4488296732958
9.675100088119507,1.1114456090777687,-3.3723963478695254,2.6203649283765706,4.1904306083635784e-05,-4.3186091846155765e-05,-1.0255705710106008e-05,15.161200523376465,0.0,2.0,14.4621410214167,14.44882937400065
9.685078382492065,1.1114460379905498,-3.372396790630783,2.620364827542843,4.385613213030152e-05,-4.534226539710704e-05,-9.912728162845558e-06,15.161200523376465,0.0,2.0,14.462140703655551,14.448829060276077
9.69506573677063,1.1114464857643302,-3.37239725424367,2.620364730093711,4.5677139503133515e-05,-4.735709521707816e-05,-9.578337608723257e-06,15.227884292602539,0.0,2.0,14.52693126551873,14.513679050976748
9.705028295516968,1.1114469511105372,-3.372397737315718,2.6203646359496053,4.737129534921819e-05,-4.923482253714063e-05,-9.251858984447665e-06,15.227884292602539,0.0,2.0,14.526930921445825,14.513678710613723
9.715089082717896,1.1114474327802537,-3.3723982384968605,2.6203645450328974,4.894246069574737e-05,-5.0979577384666975e-05,-8.932504097396169e-06,15.227884292602539,0.0,2.0,14.526930565852508,14.51367835858181
9.725098609924316,1.111447929562684,-3.3723987564778772,2.620364457270148,5.039449544041949e-05,-5.259550446355472e-05,-8.621609060351247e-06,15.294548988342285,0.0,2.0,14.591719606547155,14.578526297820659
9.735059022903442,1.111448440285535,-3.372399289990962,2.6203643725740275,5.1731146095557936e-05,-5.408663998030658e-05,-8.318758156828581e-06,15.294548988342285,0.0,2.0,14.591719229829582,14.578525924366264
9.74509859085083,1.11144896381351,-3.3723998378081927,2.6203642908705445,5.295615889022085e-05,-5.545701953912221e-05,-8.02316737027417e-06,15.294548988342285,0.0,2.0,14.591718844098668,14.578525541763025
9.755051612854004,1.1114494990487624,-3.372400398741873,2.6203642120895365,5.407319080757122e-05,-5.67105586288152e-05,-7.734004924622582e-06,15.294548988342285,0.0,2.0,14.591718450144041,14.578525150804266
9.76503300666809,1.1114500449296185,-3.372400971642934,2.6203641361631758,5.508590208368739e-05,-5.785115866892665e-05,-7.452744944079694e-06,15.36120319366455,0.0,2.0,14.656514073095854,14.643379156240519
9.775086879730225,1.1114506004309572,-3.372401555401249,2.620364063008326,5.5997862741815494e-05,-5.888262208621946e-05,-7.179396517876402e-06,15.36120319366455,0.0,2.0,14.656513664235177,14.643378750112294
9.785053014755249,1.1114511645629601,-3.3724021489442517,2.620363992549076,5.681264113458456e-05,-5.9808739061703594e-05,-6.91377258296116e-06,15.36120319366455,0.0,2.0,14.65651324934891,14.643378337838872
9.795010328292847,1.1114517363714231,-3.372402751237135,2.6203639247130193,5.753371403163497e-05,-6.063319058812988e-05,-6.654262998576713e-06,15.427881240844727,0.0,2.0,14.721348629530885,14.708271620863734
9.80502963066101,1.1114523149363993,-3.3724033612814246,2.6203638594432057,5.816452720400261e-05,-6.135964266857449e-05,-6.4007226360553036e-06,15.427881240844727,0.0,2.0,14.721348203879636,14.708271197586987
9.81502652168274,1.1114528993722546,-3.3724039781152384,2.620363796679969,5.870842744186744e-05,-6.199167236091817e-05,-6.1527229540085775e-06,15.427881240844727,0.0,2.0,14.721347774180016,14.708270770152543
9.82508111000061,1.1114534888262393,-3.3724046008120148,2.620363736364569,5.91687067357309e-05,-6.253283721273581e-05,-5.911725477103247e-06,15.494543075561523,0.0,2.0,14.786183754337264,14.773164144882134
9.835036516189575,1.111454082478231,-3.3724052284806474,2.6203636784216737,5.95485400346911e-05,-6.298660395763355e-05,-5.677903520362345e-06,15.494543075561523,0.0,2.0,14.786183317595594,14.773163710188735
9.84510087966919,1.1114546795393778,-3.3724058602642675,2.620363622782126,5.985106774402095e-05,-6.335641497588622e-05,-5.451163132374764e-06,15.494543075561523,0.0,2.0,14.786182878572923,14.7731632731156
9.8550386428833,1.1114552792520689,-3.3724064953402193,2.620363569378488,6.0079341804621965e-05,-6.364560933764634e-05,-5.23044751117825e-06,15.494543075561523,0.0,2.0,14.786182437815748,14.773162834212544
9.865087270736694,1.1114558808887864,-3.372407132918773,2.6203635181529275,6.0236381760970035e-05,-6.385749139975373e-05,-5.015734626160787e-06,15.561201095581055,0.0,2.0,14.851030857632024,14.838068157266413
9.875053644180298,1.111456483752059,-3.3724077722430095,2.6203634690455258,6.0325129661141927e-05,-6.39952627128648e-05,-4.806562203368047e-06,15.561201095581055,0.0,2.0,14.851030414186496,14.838067715486615
9.885079622268677,1.111457087173509,-3.372408412587518,2.6203634220008953,6.034851111449761e-05,-6.406207434606266e-05,-4.603394504558127e-06,15.561201095581055,0.0,2.0,14.851029970515764,14.838067273395172
9.895046472549438,1.1114576905139393,-3.372409053258094,2.620363376960272,6.0309392062937937e-05,-6.406096480075835e-05,-4.405478907397208e-06,15.627882957458496,0.0,2.0,14.915917540424962,14.903011284746565
9.905091047286987,1.111458293162532,-3.3724096935903485,2.6203633338727275,6.021062195827374e-05,-6.399490912823313e-05,-4.2129610682059315e-06,15.627882957458496,0.0,2.0,14.915917096900747,14.903010842631845
9.915043830871582,1.1114588945367798,-3.3724103329493826,2.6203632926845914,6.005497338869137e-05,-6.386678519789572e-05,-4.025416893467277e-06,15.627882957458496,0.0,2.0,14.915916654475744,14.90301040153822
9.92505407333374,1.1114594940815383,-3.372410970728599,2.620363253340293,5.9845181081693484e-05,-6.367942052381512e-05,-3.844758953968615e-06,15.694547653198242,0.0,2.0,14.980803268788872,14.967952966657146
9.934999704360962,1.1114600912687318,-3.3724116063495018,2.620363215767365,5.958388773518314e-05,-6.343556942525176e-05,-3.67082507330318e-06,15.694547653198242,0.0,2.0,14.980802828988212,14.967952528036157
9.94513726234436,1.111460685596291,-3.3724122392607505,2.620363179901734,5.92736891689025e-05,-6.313794232051197e-05,-3.5034236411951135e-06,15.694547653198242,0.0,2.0,14.98080239143202,14.967952091590803
9.955069065093994,1.111461276587928,-3.3724128689378245,2.6203631456802663,5.891711394486858e-05,-6.27891582220458e-05,-3.3416974176718983e-06,15.694547653198242,0.0,2.0,14.98080195646325,14.967951657666948
9.965043544769287,1.1114618637922642,-3.3724134948819944,2.6203631130523837,5.851664157587856e-05,-6.239179357275354e-05,-3.1845068388368586e-06,15.761204719543457,0.0,2.0,15.045696690819318,15.032901866243101
9.975075721740723,1.1114624467823866,-3.3724141166201727,2.620363081979182,5.8074656328899344e-05,-6.194837160190323e-05,-3.0306322384643783e-06,15.761204719543457,0.0,2.0,15.045696261249741,15.032901437590207
9.98508620262146,1.111463025154731,-3.3724147337042294,2.6203630524256205,5.759346814817002e-05,-6.14613871467645e-05,-2.880858499828385e-06,15.761204719543457,0.0,2.0,15.045695835195914,15.032901012393346
9.995038032531738,1.1114635985284316,-3.3724153457108614,2.6203630243485887,5.7075282662531644e-05,-6.093328626901452e-05,-2.735087026982133e-06,15.827871322631836,0.0,2.0,15.110615204154177,15.097875399076404
10.005037069320679,1.1114641665441711,-3.3724159522409414,2.6203629977094804,5.652222935441683e-05,-6.036647701405284e-05,-2.59353021104613e-06,15.827871322631836,0.0,2.0,15.11061478522977,15.097874980893087
10.015046119689941,1.1114647288636514,-3.3724165529191446,2.6203629724633695,5.5936364723169426e-05,-5.976328997533231e-05,-2.4563205780811157e-06,15.827871322631836,0.0,2.0,15.110614370604205,15.097874566955005
10.025081157684326,1.1114652851687628,-3.3724171473931044,2.620362948567445,5.5319685669155646e-05,-5.912600939486506e-05,-2.3237155407502945e-06,15.827871322631836,0.0,2.0,15.110613960506898,15.097874157493518
10.035033702850342,1.1114658351610573,-3.372417735333117,2.620362925973754,5.467411373027596e-05,-5.845686278579754e-05,-2.195712835995343e-06,15.894548416137695,0.0,2.0,15.175558709236604,15.162873473638307
10.045091152191162,1.1114663785609895,-3.3724183164313613,2.620362904636558,5.400152506761925e-05,-5.7758013018549554e-05,-2.0726183215579357e-06,15.894548416137695,0.0,2.0,15.175558308153738,15.162873073092868
10.055033922195435,1.1114669151075935,-3.372418890401311,2.6203628845061404,5.330374496174713e-05,-5.703154202319105e-05,-1.9540825468393292e-06,15.894548416137695,0.0,2.0,15.175557912212216,15.162872677643708
10.065038919448853,1.111467444557838,-3.37241945697685,2.6203628655372677,5.2582548172327516e-05,-5.627946163410303e-05,-1.8405670252945518e-06,15.961206436157227,0.0,2.0,15.240499046860664,15.227867910919874
10.07511591911316,1.1114679666863043,-3.372420015911567,2.620362847680299,5.183967392107488e-05,-5.55036862149968e-05,-1.7314960950891794e-06,15.961206436157227,0.0,2.0,15.240498661073646,15.227867525540326
10.085073947906494,1.1114684812847195,-3.372420566977685,2.6203628308952633,5.107681954034758e-05,-5.470604147979145e-05,-1.6259826668059982e-06,15.961206436157227,0.0,2.0,15.240498280926106,15.22786714576126
10.095017671585083,1.11146898816167,-3.3724211099653445,2.620362815150871,5.029565707070022e-05,-5.3888279422006634e-05,-1.5233208574149854e-06,16.027873992919922,0.0,2.0,15.305463483061818,15.292886006536403
10.105015277862549,1.1114694871423494,-3.3724216446818467,2.6203628004176314,4.949783934620451e-05,-5.30520862466645e-05,-1.4239217053174035e-06,16.027873992919922,0.0,2.0,15.305463113987832,15.292885637756534
10.115039110183716,1.1114699780683026,-3.372422170951023,2.620362786660672,4.868497289837813e-05,-5.219907751398564e-05,-1.3280392110868491e-06,16.027873992919922,0.0,2.0,15.305462750942125,15.292885274970303
10.125075340270996,1.1114704607967936,-3.3724226886125286,2.6203627738421136,4.785860085928333e-05,-5.1330805840967046e-05,-1.23642578765448e-06,16.09453773498535,0.0,2.0,15.370438826028936,15.357914563296957
10.135042190551758,1.1114709352003023,-3.372423197521235,2.620362761918569,4.702022151184958e-05,-5.044876280508667e-05,-1.1488207240782789e-06,16.09453773498535,0.0,2.0,15.370438474759775,15.357914212222974
10.145081281661987,1.1114714011659748,-3.3724236975467567,2.6203627508571614,4.617126383930188e-05,-4.9554410574869276e-05,-1.0638687876811473e-06,16.09453773498535,0.0,2.0,15.370438129801558,15.357913867430256
10.155037641525269,1.1114718585948005,-3.372424188573175,2.6203627406327765,4.531307118916517e-05,-4.864917479618733e-05,-9.81378908009673e-07,16.09453773498535,0.0,2.0,15.370437791224354,15.357913528989945
10.165052890777588,1.1114723074009345,-3.372424670498516,2.6203627312186812,4.4446938490560155e-05,-4.773441702258654e-05,-9.02033583740258e-07,16.161197662353516,0.0,2.0,15.435424559628244,15.422953070592209
10.175061464309692,1.111472747511309,-3.3724251432341434,2.6203627225788617,4.357412400248116e-05,-4.681144635498899e-05,-8.265400467604701e-07,16.161197662353516,0.0,2.0,15.435424233454212,15.422952744501945
10.185083389282227,1.1114731788650882,-3.3724256067043026,2.620362714678912,4.269580955496495e-05,-4.588153339518571e-05,-7.538310847305923e-07,16.161197662353516,0.0,2.0,15.435423913823348,15.422952424930381
10.195048570632935,1.1114736014128872,-3.3724260608458665,2.620362707494557,4.1813108812567166e-05,-4.494593573030481e-05,-6.833014078268491e-07,16.227880477905273,0.0,2.0,15.500447228399207,15.488028098874908
10.205049991607666,1.1114740151161333,-3.372426505608163,2.6203627010055253,4.09270676962495e-05,-4.4005880455312264e-05,-6.150016606047587e-07,16.227880477905273,0.0,2.0,15.500446921452962,15.488027791942452
10.21503233909607,1.111474419946427,-3.372426940952611,2.6203626951841836,4.003868035021273e-05,-4.306256434692456e-05,-5.497543154059271e-07,16.227880477905273,0.0,2.0,15.500446621137536,15.488027491619388
10.225044012069702,1.1114748158850567,-3.372427366852453,2.620362690003497,3.914888823890879e-05,-4.2117147357794014e-05,-4.866736919168728e-07,16.29454231262207,0.0,2.0,15.565463527383812,15.553096314083808
10.23501467704773,1.1114752029225812,-3.372427783292283,2.6203626854450457,3.825861137699656e-05,-4.117074554176925e-05,-4.2523787276883743e-07,16.29454231262207,0.0,2.0,15.56546323989918,15.553096026552403
10.245098114013672,1.1114755810586268,-3.3724281902676223,2.6203626814900325,3.736873652374119e-05,-4.022441975249412e-05,-3.663148471553369e-07,16.29454231262207,0.0,2.0,15.565462959070825,15.553095745658494
10.2550208568573,1.111475950301543,-3.3724285877842846,2.6203626781077856,3.648013005929145e-05,-3.9279174145787954e-05,-3.1054362175649326e-07,16.29454231262207,0.0,2.0,15.565462684890639,15.5530954713952
10.265038013458252,1.1114763106682495,-3.372428975857828,2.620362675271498,3.5593630486897536e-05,-3.83359449328818e-05,-2.5705414828120086e-07,16.361204147338867,0.0,2.0,15.630493470732208,15.618177751893215
10.275083303451538,1.111476662183899,-3.3724293545128434,2.6203626729618335,3.471005301567663e-05,-3.739561131705099e-05,-2.0512131487008972e-07,16.361204147338867,0.0,2.0,15.630493209386426,15.618177490433087
10.285057306289673,1.1114770048816205,-3.372429723782418,2.620362671158761,3.383016806285513e-05,-3.645898635374229e-05,-1.5600210395094872e-07,16.361204147338867,0.0,2.0,15.630492954638878,15.61817723555628
10.295070171356201,1.111477338802035,-3.372430083707524,2.620362669833074,3.2954713562968495e-05,-3.552684522013256e-05,-1.095492988415286e-07,16.42788314819336,0.0,2.0,15.695554193132981,15.683289565249115
10.30502986907959,1.1114776639929853,-3.3724304343366764,2.620362668960426,3.208438737039137e-05,-3.4599910278046704e-05,-6.528730228882318e-08,16.42788314819336,0.0,2.0,15.695553951101033,15.683289323062414
10.31504774093628,1.1114779805091506,-3.372430775725376,2.6203626685225534,3.121987001841084e-05,-3.367886746175307e-05,-2.248806043754771e-08,16.42788314819336,0.0,2.0,15.695553715566064,15.683289087360572
10.325041055679321,1.1114782884118943,-3.372431107935785,2.620362668500195,3.0361805066645706e-05,-3.276435342595799e-05,1.7357598503154194e-08,16.494552612304688,0.0,2.0,15.760619184304002,15.748405228218592
10.3350248336792,1.11147858776881,-3.372431431036267,2.62036266885905,2.951080567961719e-05,-3.18569845290816e-05,5.403130069616469e-08,16.494552612304688,0.0,2.0,15.760618961268802,15.748405004996279
10.345102071762085,1.1114788786534575,-3.372431745101214,2.620362669573624,2.866744077851777e-05,-3.095733796064399e-05,8.852633660221869e-08,16.494552612304688,0.0,2.0,15.760618744583518,15.748404788114788
10.355018615722656,1.111479161144879,-3.372432050210629,2.6203626706243606,2.7832249885981662e-05,-3.006597002209969e-05,1.2135920654902058e-07,16.494552612304688,0.0,2.0,15.760618534187348,15.748404577514053
10.365019798278809,1.1114794353273487,-3.372432346449932,2.620362671995453,2.7005727150746137e-05,-2.9183396961576774e-05,1.5270110274521857e-07,16.561201095581055,0.0,2.0,15.825676894069955,15.81351318685049
10.375061511993408,1.111479701289893,-3.3724326339095527,2.6203626736754093,2.618834364924996e-05,-2.831011732080532e-05,1.8308132044512605e-07,16.561201095581055,0.0,2.0,15.825676695748776,15.813512988310856
10.385077953338623,1.111479959126108,-3.372432912684826,2.6203626756485767,2.538052641938316e-05,-2.7446602207051256e-05,2.1102369097368842e-07,16.561201095581055,0.0,2.0,15.825676503521752,15.813512795858568
10.395013332366943,1.1114802089336646,-3.3724331828756657,2.6203626778878832,2.4582680566658702e-05,-2.6593305896837863e-05,2.365498712335736e-07,16.627880096435547,0.0,2.0,15.890777856793088,15.878664019426488
10.405028104782104,1.1114804508141967,-3.372433444586374,2.620362680373861,2.3795177920831783e-05,-2.5750640516646892e-05,2.6036258258758483e-07,16.627880096435547,0.0,2.0,15.890777676249948,15.878663838648487
10.415045022964478,1.1114806848728473,-3.3724336979252776,2.6203626830891196,2.3018361191596216e-05,-2.4919014143417316e-05,2.824609148597676e-07,16.627880096435547,0.0,2.0,15.890777501576656,15.878663663735853
10.42505431175232,1.111480911218059,-3.372433943004694,2.6203626860196954,2.2252537093317415e-05,-2.409879858376795e-05,3.035185141687281e-07,16.694547653198242,0.0,2.0,15.955880723016973,15.94381634944843
10.435011386871338,1.1114811299612346,-3.372434179940436,2.6203626891575635,2.149800487519525e-05,-2.3290336137126436e-05,3.240002179412912e-07,16.694547653198242,0.0,2.0,15.955880559585523,15.943816185771226
10.44510817527771,1.1114813412166782,-3.3724344088515856,2.620362692497916,2.0755029434439292e-05,-2.2493925590790478e-05,3.440327825623107e-07,16.694547653198242,0.0,2.0,15.955880401778654,15.943816027714973
10.455034732818604,1.1114815451011657,-3.372434629860099,2.6203626960384465,2.0023855144363474e-05,-2.1709858075039508e-05,3.640675540954365e-07,16.694547653198242,0.0,2.0,15.955880249508,15.94381587519134
10.465029954910278,1.1114817417338203,-3.3724348430907325,2.620362699778268,1.9304693037451798e-05,-2.093838719325236e-05,3.83850052899135e-07,16.761198043823242,0.0,2.0,16.020979588840753,16.008964273393072
10.475069999694824,1.1114819312357371,-3.372435048670615,2.620362703713957,1.8597742424108832e-05,-2.0179746913604263e-05,4.0316250263143833e-07,16.761198043823242,0.0,2.0,16.020979447157476,16.00896413145095
10.485068559646606,1.1114821137299424,-3.3724352467291046,2.620362707834477,1.7903174360639128e-05,-1.943413805330136e-05,4.205308164778428e-07,16.761198043823242,0.0,2.0,16.020979310743414,16.008963994774827
10.495051622390747,1.111482289341025,-3.3724354373974705,2.620362712116286,1.722114474772168e-05,-1.8701755441622604e-05,4.3549296104109633e-07,16.827884674072266,0.0,2.0,16.08612677411142,16.07416015529894
10.505040407180786,1.1114824581950542,-3.37243562080882,2.6203627165391623,1.6551780936971016e-05,-1.7982755146123487e-05,4.4878303166080323e-07,16.827884674072266,0.0,2.0,16.086126647760864,16.074160028683625
10.515031099319458,1.1114826204192796,-3.372435797097655,2.6203627210882257,1.589520610370309e-05,-1.7277277167465558e-05,4.6085625971584035e-07,16.827884674072266,0.0,2.0,16.086126526399372,16.074159907056217
10.525053262710571,1.111482776142119,-3.372435966399822,2.620362725752638,1.5251514348322553e-05,-1.658543768943065e-05,4.7191048355836163e-07,16.89453125,0.0,2.0,16.15124742510986,16.139329090009124
10.535027027130127,1.1114829254927672,-3.372436128852265,2.6203627305236905,1.462078167554735e-05,-1.590735384612272e-05,4.821499373674279e-07,16.89453125,0.0,2.0,16.151247313267834,16.139328977901112
10.54508090019226,1.1114830686011328,-3.3724362845930265,2.620362735394411,1.400306475200297e-05,-1.5243108931469686e-05,4.919287611184573e-07,16.89453125,0.0,2.0,16.151247206128193,16.139328870495135
10.555076599121094,1.1114832055976736,-3.3724364337607833,2.620362740360117,1.3398429395938519e-05,-1.4592764427132491e-05,5.010756399018669e-07,16.89453125,0.0,2.0,16.15124710359223,16.13932876769258
10.565017461776733,1.1114833366134522,-3.372436576494767,2.620362745415055,1.2806913072505905e-05,-1.3956357119476977e-05,5.098905701028141e-07,16.961206436157227,0.0,2.0,16.216408379496063,16.204537969182933
10.575047492980957,1.1114834617796947,-3.372436712934555,2.6203627505559233,1.2228522829851856e-05,-1.3333936887050673e-05,5.181784321979492e-07,16.961206436157227,0.0,2.0,16.216408285731372,16.20453787515274
10.58511233329773,1.1114835812275596,-3.372436843220247,2.6203627557776765,1.1663229556572166e-05,-1.272554016174625e-05,5.261828366441601e-07,16.961206436157227,0.0,2.0,16.216408196279016,16.204537785434955
10.595029830932617,1.1114836950878548,-3.3724369674921832,2.6203627610806906,1.111100634828008e-05,-1.2131189428948443e-05,5.344371715440859e-07,17.02787208557129,0.0,2.0,16.281572419510326,16.26974955235709
10.605048894882202,1.111483803491133,-3.372437085890782,2.6203627664598383,1.0571818786926707e-05,-1.1550862858338707e-05,5.409694289672667e-07,17.02787208557129,0.0,2.0,16.28157233826757,16.269749470850186
10.615041494369507,1.1114839065676239,-3.3724371985560553,2.62036277189356,1.0045648489080248e-05,-1.098451898131924e-05,5.454646366325062e-07,17.02787208557129,0.0,2.0,16.281572261046648,16.269749393365966
10.625067234039307,1.1114840044474086,-3.372437305627532,2.6203627773635407,9.53247144838617e-06,-1.0432086503104878e-05,5.48349218550202e-07,17.094539642333984,0.0,2.0,16.346750468509157,16.334974775131002
10.63504147529602,1.111484097260321,-3.372437407243902,2.62036278285697,9.032273602119674e-06,-9.893486740164135e-06,5.50108652172509e-07,17.094539642333984,0.0,2.0,16.34675039893379,16.33497470529685
10.645070314407349,1.111484185136031,-3.3724375035430607,2.6203627883630656,8.54502084915823e-06,-9.368625199979123e-06,5.51057536406211e-07,17.094539642333984,0.0,2.0,16.346750333089286,16.33497463919577
10.655036211013794,1.1114842682037311,-3.372437594661891,2.620362793875762,8.070664153354668e-06,-8.85740793495598e-06,5.513296420996792e-07,17.094539642333984,0.0,2.0,16.346750270877333,16.334974576729614
10.665016174316406,1.1114843465920266,-3.372437680736348,2.620362799388211,7.609122139681397e-06,-8.359730277915192e-06,5.511348792942372e-07,17.16119956970215,0.0,2.0,16.411932995727465,16.400204104015998
10.675129652023315,1.1114844204285967,-3.37243776190129,2.620362804898898,7.160305937781956e-06,-7.875489596882565e-06,5.510148950601309e-07,17.16119956970215,0.0,2.0,16.411932940407134,16.40020404844765
10.685038566589355,1.1114844898402148,-3.372437838290554,2.62036281040736,6.724111123956444e-06,-7.404574305348754e-06,5.505796691616804e-07,17.16119956970215,0.0,2.0,16.41193288843267,16.400203996227653
10.69501256942749,1.1114845549525147,-3.372437910036874,2.6203628159084134,6.300424097644725e-06,-6.946887327343589e-06,5.495542632539392e-07,17.227867126464844,0.0,2.0,16.477134904823778,16.465452458052894
10.705050945281982,1.111484615889927,-3.3724379772720203,2.6203628213978107,5.889107113749448e-06,-6.50231761521816e-06,5.483032899738185e-07,17.227867126464844,0.0,2.0,16.47713485918848,16.465452412178404
10.715041637420654,1.111484672775433,-3.372438040126568,2.6203628268740413,5.49002168202682e-06,-6.0707494027602904e-06,5.469292056852901e-07,17.227867126464844,0.0,2.0,16.477134816619294,16.465452369372688
10.725099086761475,1.1114847257306137,-3.3724380987298996,2.6203628323362604,5.1030132161901595e-06,-5.652049009806999e-06,5.455013385864519e-07,17.227867126464844,0.0,2.0,16.477134777023743,16.465452329543243
10.735015630722046,1.1114847748754515,-3.3724381532100005,2.620362837783217,4.7279302250966515e-06,-5.246083328468039e-06,5.43828796398782e-07,17.294536590576172,0.0,2.0,16.54235035348313,16.530713994467416
10.745078802108765,1.1114848203284253,-3.372438203693535,2.6203628432128703,4.36460937444914e-06,-4.85271049967612e-06,5.421617306978789e-07,17.294536590576172,0.0,2.0,16.54235031951293,16.530713960269544
10.755019664764404,1.111484862206267,-3.3724382503057537,2.6203628486273622,4.012875646923876e-06,-4.471800268219698e-06,5.406906559678896e-07,17.294536590576172,0.0,2.0,16.54235028825041,16.530713928781825
10.765014171600342,1.111484900623936,-3.3724382931706094,2.620362854026797,3.672542400408972e-06,-4.103211514360287e-06,5.392455799486561e-07,17.361202239990234,0.0,2.0,16.607573685556886,16.595983057672274
10.775055885314941,1.1114849356945413,-3.372438332410579,2.6203628594117983,3.343436477005941e-06,-3.746800317717043e-06,5.377638511883478e-07,17.361202239990234,0.0,2.0,16.60757365941144,16.595983031307277
10.78506350517273,1.1114849675295178,-3.372438368146642,2.6203628647819053,3.0253875656908345e-06,-3.402397839352851e-06,5.36237358397575e-07,17.361202239990234,0.0,2.0,16.607573635719824,16.59598300739838
10.795026063919067,1.1114849962386488,-3.372438400497972,2.620362870137061,2.718244930129843e-06,-3.0698246797918107e-06,5.347732157421201e-07,17.427879333496094,0.0,2.0,16.67281964829839,16.661274409061274
10.80502700805664,1.1114850219302579,-3.372438429581925,2.6203628754767676,2.421855491379812e-06,-2.7488889903303362e-06,5.332019887115877e-07,17.427879333496094,0.0,2.0,16.672819629237544,16.661274389788403
10.815045356750488,1.111485044711106,-3.3724384555139295,2.62036288080155,2.13606869089954e-06,-2.4394054718447234e-06,5.317055045459977e-07,17.427879333496094,0.0,2.0,16.67281961238713,16.66127437272805
10.82509469985962,1.1114850646864103,-3.3724384784075556,2.620362886109366,1.8607166866997926e-06,-2.1411783546271135e-06,5.29853117613294e-07,17.427879333496094,0.0,2.0,16.672819597667075,16.661274357800167
10.835006475448608,1.1114850819597093,-3.372438498374348,2.6203628914000507,1.5956447892233486e-06,-1.8540052686736426e-06,5.283086591706284e-07,17.49454689025879,0.0,2.0,16.738067563398456,16.72656735973838
10.845093250274658,1.1114850966330585,-3.372438515523745,2.6203628966757004,1.3406991393342122e-06,-1.57765928918198e-06,5.267238432659538e-07,17.49454689025879,0.0,2.0,16.73806755268717,16.726567348824062
10.854997396469116,1.1114851088069235,-3.372438529962899,2.6203629019333277,1.0957219637843865e-06,-1.311922963342355e-06,5.248192402961193e-07,17.49454689025879,0.0,2.0,16.738067543875612,16.72656733981145
10.865031003952026,1.1114851185801324,-3.3724385417968596,2.6203629071677113,8.605358833727215e-07,-1.0565841129495611e-06,5.217237247048741e-07,17.561203002929688,0.0,2.0,16.803315456465015,16.791859938460853
10.875088214874268,1.1114851260496708,-3.372438551128578,2.620362912359993,6.349570427362944e-07,-8.114431075914317e-07,5.164263031364631e-07,17.561203002929688,0.0,2.0,16.803315451217237,16.79185993301767
10.885063648223877,1.1114851313105958,-3.3724385580590384,2.6203629174919314,4.1877594520756543e-07,-5.762973969761757e-07,5.097377258725925e-07,17.561203002929688,0.0,2.0,16.80331544764744,16.79185992925584
10.895029306411743,1.111485134455818,-3.3724385626872224,2.620362922550395,2.1178290582338917e-07,-3.509590660108269e-07,5.018016818948529e-07,17.627893447875977,0.0,2.0,16.86860799207776,16.85719684392142
10.905053853988647,1.111485135576136,-3.3724385651102726,2.620362927525127,1.3754906150708168e-08,-1.3523686383679945e-07,4.929829011078972e-07,17.627893447875977,0.0,2.0,16.86860799164821,16.857196843308508
10.915060997009277,1.1114851347600399,-3.372438565423394,2.620362932408292,-1.755362425764485e-07,7.105586479481317e-08,4.835735769198925e-07,17.627893447875977,0.0,2.0,16.86860799268945,16.857196844170748
10.925134897232056,1.111485132093761,-3.372438563719938,2.620362937195089,-3.563213680320261e-07,2.681139880748737e-07,4.736650975162314e-07,17.627893447875977,0.0,2.0,16.86860799513554,16.85719684644233
10.93502163887024,1.111485127661241,-3.3724385600912306,2.620362941880073,-5.288183890235565e-07,4.561377106537068e-07,4.632625379809392e-07,17.694564819335938,0.0,2.0,16.93389276219978,16.922525636027977
10.94507908821106,1.1114851215442973,-3.372438554626625,2.6203629464607614,-6.932429110070366e-07,6.353285314243795e-07,4.529017075052695e-07,17.694564819335938,0.0,2.0,16.933892767269516,16.922525640933195
10.955081462860107,1.1114851138226147,-3.372438547413442,2.6203629509370208,-8.497966874906303e-07,8.058868016216923e-07,4.42358205275604e-07,17.694564819335938,0.0,2.0,16.933892773558693,16.922525647062496
10.965029001235962,1.1114851045740168,-3.372438538536883,2.6203629553066867,-9.986534314129277e-07,9.680459474701007e-07,4.314729259918904e-07,17.761165618896484,0.0,2.0,16.999119186638318,16.98779570530615
10.975058794021606,1.1114850938746863,-3.372438528079727,2.6203629595647233,-1.1399686502249847e-06,1.122043434258143e-06,4.200587645191127e-07,17.761165618896484,0.0,2.0,16.999119195198514,16.987795713716558
10.98507046699524,1.1114850817992095,-3.3724385161224477,2.6203629637065635,-1.2739136271692806e-06,1.26810928931743e-06,4.0825715060327276e-07,17.761165618896484,0.0,2.0,16.999119204804725,16.987795723177918
10.99502444267273,1.1114850684204023,-3.372438502743265,2.620362967729259,-1.4006625412714918e-06,1.4064575068170383e-06,3.962487498764432e-07,17.827877044677734,0.0,2.0,17.06446460837244,17.0531845166428
11.005059480667114,1.1114850538093386,-3.372438488018331,2.620362971636631,-1.5203966163392158e-06,1.5372947564010425e-06,3.856318906554053e-07,17.827877044677734,0.0,2.0,17.064464619917445,17.053184528053297
11.01506757736206,1.111485038035254,-3.3724384720217397,2.6203629754509405,-1.6332954767824208e-06,1.6608218280018436e-06,3.7760102480047155e-07,17.827877044677734,0.0,2.0,17.064464632347047,17.053184540352362
11.025119304656982,1.1114850211655996,-3.3724384548255677,2.6203629791943026,-1.7395426913600934e-06,1.7772461084472826e-06,3.7129504519306064e-07,17.827877044677734,0.0,2.0,17.064464645610222,17.053184553488137
11.035020589828491,1.111485003265946,-3.3724384364998157,2.6203629828824138,-1.8393266856592955e-06,1.8867711072300444e-06,3.665154760519833e-07,17.89455223083496,0.0,2.0,17.1297850775663,17.118548027595168
11.045089721679688,1.1114849843999426,-3.3724384171124555,2.6203629865276064,-1.9328464362380652e-06,1.989600812939237e-06,3.626506543816554e-07,17.89455223083496,0.0,2.0,17.12978509236556,17.11854804227204
11.055028200149536,1.1114849646292817,-3.3724383967295153,2.6203629901361967,-2.020286559220805e-06,2.0859149350665343e-06,3.5915102217165227e-07,17.89455223083496,0.0,2.0,17.12978510785383,17.118548057639703
11.065049409866333,1.1114849440139074,-3.3724383754152973,2.6203629937124275,-2.1018176338496433e-06,2.1758868327525323e-06,3.5613086524889636e-07,17.961206436157227,0.0,2.0,17.19509538219367,17.183901040182068
11.075072526931763,1.1114849226120724,-3.372438353232336,2.620362997261166,-2.177605935147144e-06,2.2596920664242267e-06,3.537076922431469e-07,17.961206436157227,0.0,2.0,17.19509539894297,17.183901056814165
11.085044860839844,1.111484900480345,-3.372438330241392,2.6203630007874525,-2.2478270635876388e-06,2.337515438062952e-06,3.5152379324457156e-07,17.961206436157227,0.0,2.0,17.195095416248222,17.183901074003384
11.095020532608032,1.1114848776734974,-3.372438306501351,2.620363004291546,-2.312657952579558e-06,2.4095421054226586e-06,3.4938703383665157e-07,18.027877807617188,0.0,2.0,17.260432791459785,17.24928085142701
11.105024814605713,1.1114848542446163,-3.372438282069223,2.6203630077767928,-2.372259574299588e-06,2.4759663983671663e-06,3.4767568357883093e-07,18.027877807617188,0.0,2.0,17.260432809773256,17.24928086962698
11.115058898925781,1.1114848302452176,-3.3724382570000726,2.620363011243407,-2.4267882914851468e-06,2.5369766389419165e-06,3.4560153436454565e-07,18.027877807617188,0.0,2.0,17.260432828520738,17.249280888261904
11.125101327896118,1.111484805725189,-3.3724382313471155,2.6203630146829164,-2.4764153023629095e-06,2.59275878040484e-06,3.419342188167944e-07,18.027877807617188,0.0,2.0,17.26043284766343,17.249280907293272
11.135019063949585,1.1114847807326669,-3.3724382051617177,2.620363018075494,-2.5213159340135096e-06,2.6434950379629573e-06,3.362012514270594e-07,18.094539642333984,0.0,2.0,17.32577104067782,17.3146611829338
11.145105361938477,1.111484755314006,-3.3724381784934163,2.6203630214011797,-2.5616753308883674e-06,2.689371324308515e-06,3.287729701087028e-07,18.094539642333984,0.0,2.0,17.325771060521813,17.31466120267137
11.155040740966797,1.11148472951367,-3.372438151389883,2.6203630246474945,-2.5976809860170563e-06,2.7305691451542963e-06,3.203795555654835e-07,18.094539642333984,0.0,2.0,17.32577108065237,17.314661222698533
11.1650390625,1.1114847033743307,-3.3724381238971017,2.6203630278080263,-2.6295020123852925e-06,2.7672445795962396e-06,3.116569588845445e-07,18.161203384399414,0.0,2.0,17.391121191225178,17.380053106984754
11.175086736679077,1.1114846769371196,-3.372438096059646,2.620363030878198,-2.657275753258518e-06,2.799523451844823e-06,3.0235169035239413e-07,18.161203384399414,0.0,2.0,17.39112121185476,17.380053127517883
11.185062170028687,1.111484650241898,-3.3724380679209154,2.6203630338589052,-2.681124924230756e-06,2.827518301828289e-06,2.940136466721773e-07,18.161203384399414,0.0,2.0,17.391121232675673,17.38005314824566
11.195802450180054,1.1114846260275344,-3.372438042373415,2.620363036475143,-2.6993412182492703e-06,2.849149604039727e-06,2.875647265504974e-07,18.227876663208008,0.0,2.0,17.45649062718871,17.44546401561456
11.205151319503784,1.1114845962304192,-3.3724380109073304,2.6203630396026094,-2.71759925858905e-06,2.8711610276388317e-06,2.813933852698297e-07,18.227876663208008,0.0,2.0,17.456490650437473,17.445464038766808
11.215068101882935,1.1114845689868242,-3.3724379821127783,2.620363042394243,-2.7305562071053216e-06,2.887122972742355e-06,2.770207742551492e-07,18.227876663208008,0.0,2.0,17.456490671686648,17.445464059930142
11.225148439407349,1.111484541630324,-3.3724379531770694,2.6203630451450266,-2.740204045840927e-06,2.899424817535963e-06,2.732592858802502e-07,18.227876663208008,0.0,2.0,17.456490693017805,17.445464081176965
11.234940528869629,1.111484527919915,-3.372437938667501,2.620363046506933,-2.7438283094898684e-06,2.904258386039658e-06,2.7149950464253417e-07,18.294551849365234,0.0,2.0,17.52187177595354,17.51088633460585
11.245084047317505,1.1114844977055465,-3.3724379066748456,2.620363049473731,-2.749076459491248e-06,2.9119159190730327e-06,2.6803504385820275e-07,18.294551849365234,0.0,2.0,17.521871799531088,17.510886358093085
11.255070686340332,1.1114844702042592,-3.372437877535389,2.6203630521404278,-2.7506870062263055e-06,2.9154394018970906e-06,2.653097027056846e-07,18.294551849365234,0.0,2.0,17.521871820986547,17.51088637946753
11.265010118484497,1.1114844427015471,-3.3724378483766198,2.6203630547803347,-2.7493748799601156e-06,2.9157946639438347e-06,2.626683759698472e-07,18.361217498779297,0.0,2.0,17.587253278065937,17.576308700836606
11.275312662124634,1.1114844152262204,-3.372437819229736,2.6203630573928094,-2.7452255735638697e-06,2.9130788781538406e-06,2.598667406991096e-07,18.361217498779297,0.0,2.0,17.587253299517076,17.576308722208893
11.285045146942139,1.1114843878061524,-3.372437790124889,2.6203630599803946,-2.738341297639461e-06,2.9074083218184743e-06,2.5768068111755456e-07,18.361217498779297,0.0,2.0,17.587253320921207,17.576308743535023
11.295035123825073,1.111484360468148,-3.3724377610909917,2.6203630625453322,-2.728831616943452e-06,2.898910685405569e-06,2.5534006356548626e-07,18.427875518798828,0.0,2.0,17.652636900194715,17.641732885426688
11.305040121078491,1.11148433323788,-3.3724377321556553,2.6203630650882235,-2.716813770564046e-06,2.8877190101902415e-06,2.531783576049864e-07,18.427875518798828,0.0,2.0,17.65263692146773,17.641732906623435
11.31506896018982,1.1114843061398247,-3.3724377033451374,2.620363067610289,-2.702411134916753e-06,2.8739703288686194e-06,2.51286243270032e-07,18.427875518798828,0.0,2.0,17.652636942634167,17.641732927714266
11.325026512145996,1.111484279197119,-3.3724376746842637,2.62036307011329,-2.6857706942736674e-06,2.8578176336792356e-06,2.4940005246493133e-07,18.494543075561523,0.0,2.0,17.718039375908727,17.707175635529563
11.335014581680298,1.111484252431318,-3.3724376461962473,2.620363072597873,-2.667057650214105e-06,2.8394261968244257e-06,2.4743893581294283e-07,18.494543075561523,0.0,2.0,17.718039396833095,17.707175656379718
11.345088958740234,1.1114842258623296,-3.3724376179026594,2.6203630750570333,-2.6464354088898965e-06,2.8189595177884247e-06,2.4395272690676396e-07,18.494543075561523,0.0,2.0,17.718039417600487,17.7071756770737
11.355044603347778,1.111484199508461,-3.372437589823451,2.6203630774691056,-2.624056636152307e-06,2.7965737174285033e-06,2.3820354477372309e-07,18.494543075561523,0.0,2.0,17.718039438195984,17.707175697597325
11.365017414093018,1.1114841733866165,-3.3724375619771387,2.620363079818128,-2.600052003835936e-06,2.7724012775460163e-06,2.3144319579253618e-07,18.56121063232422,0.0,2.0,17.783451266612527,17.77262750977416
11.37502670288086,1.111484147512392,-3.372437534380936,2.6203630820951913,-2.574556464550734e-06,2.7465755039547923e-06,2.2387302225852042e-07,18.56121063232422,0.0,2.0,17.78345128684731,17.772627529941786
11.38508415222168,1.111484121899966,-3.372437507050665,2.620363084298914,-2.54771622249721e-06,2.719237760349692e-06,2.1714657207794232e-07,18.56121063232422,0.0,2.0,17.783451306873083,17.77262754990283
11.395008087158203,1.111484096562123,-3.372437480000812,2.6203630864428713,-2.519658222720604e-06,2.690509953456826e-06,2.1184471718961222e-07,18.62788200378418,0.0,2.0,17.848876170775245,17.83809211212476
11.40504503250122,1.1114840715105463,-3.372437453244792,2.6203630885386135,-2.4904755201804513e-06,2.660484097605106e-06,2.0745842792306532e-07,18.62788200378418,0.0,2.0,17.848876190377627,17.838092131666105
11.415027379989624,1.1114840467561522,-3.3724374267952273,2.6203630905945623,-2.460230246855185e-06,2.629228622338091e-06,2.0380977046210733e-07,18.62788200378418,0.0,2.0,17.848876209744883,17.83809215097357
11.425093173980713,1.111484022309334,-3.3724374006641304,2.620363092616754,-2.4289667186489023e-06,2.5967987065978795e-06,2.0072206139698669e-07,18.62788200378418,0.0,2.0,17.848876228869294,17.83809217003921
11.4350106716156,1.1114839981800984,-3.37243737486301,2.620363094610214,-2.39671900108068e-06,2.5632416480607257e-06,1.9800934319344566e-07,18.694541931152344,0.0,2.0,17.914299051059338,17.90355439910274
11.445101261138916,1.1114839743781262,-3.3724373494028965,2.6203630965781963,-2.3635190198357737e-06,2.528605157867306e-06,1.9564870098925283e-07,18.694541931152344,0.0,2.0,17.914299069696387,17.903554417682788
11.455073356628418,1.1114839509127938,-3.3724373242943586,2.620363098523622,-2.329396693753072e-06,2.492934171806557e-06,1.9339875314092458e-07,18.694541931152344,0.0,2.0,17.914299088068425,17.903554435998437
11.465025424957275,1.111483927793129,-3.3724372995474705,2.6203631004468755,-2.2943930415843533e-06,2.4562858673087784e-06,1.912963111407967e-07,18.76120948791504,0.0,2.0,17.979738487069156,17.969032964714597
11.47506332397461,1.1114839050277319,-3.3724372751717193,2.6203631023507894,-2.2585494120284016e-06,2.4187144605231413e-06,1.8961656601534036e-07,18.76120948791504,0.0,2.0,17.97973850491026,17.969032982500597
11.485079288482666,1.1114838826247848,-3.372437251176076,2.6203631042386983,-2.2219137789965953e-06,2.380276100010538e-06,1.8784658865064837e-07,18.76120948791504,0.0,2.0,17.979738522466313,17.969033000001932
11.49501633644104,1.1114838605918262,-3.3724372275688093,2.620363106106386,-2.184567749789377e-06,2.341054841148103e-06,1.8572190470827275e-07,18.827878952026367,0.0,2.0,18.045188784634977,18.034522114259026
11.505064725875854,1.1114838389354855,-3.3724372043572775,2.6203631079539242,-2.146604222953877e-06,2.301142855244898e-06,1.8382018795978018e-07,18.827878952026367,0.0,2.0,18.045188801622274,18.034522131192823
11.515042066574097,1.1114838176615542,-3.37243718154801,2.620363109783382,-2.1080962204646747e-06,2.260612296534109e-06,1.8209692890290803e-07,18.827878952026367,0.0,2.0,18.045188818308684,18.034522147826173
11.525063276290894,1.1114837967751943,-3.372437159146912,2.6203631115963035,-2.0690978413935848e-06,2.2195166210098655e-06,1.805058746792014e-07,18.827878952026367,0.0,2.0,18.045188834690304,18.034522164155117
11.53501844406128,1.1114837762810956,-3.372437137159427,2.6203631133931213,-2.0296501587820135e-06,2.177896347831412e-06,1.7875720915041307e-07,18.894540786743164,0.0,2.0,18.1106404987205,18.10001240003543
11.545104026794434,1.111483756183528,-3.3724371155905697,2.6203631151719216,-1.989802062270369e-06,2.1358020449632193e-06,1.7709292617749097e-07,18.894540786743164,0.0,2.0,18.11064051449907,18.100012415762297
11.55504560470581,1.1114837364861627,-3.3724370944446993,2.6203631169353,-1.949620854666962e-06,2.093312792998005e-06,1.7554490412086527e-07,18.894540786743164,0.0,2.0,18.110640529962915,18.100012431174786
11.565074682235718,1.1114837171919985,-3.3724370737253655,2.6203631186836724,-1.909173774878664e-06,2.0505088562570614e-06,1.7415333413248946e-07,18.961214065551758,0.0,2.0,18.17611222798802,18.165522434694598
11.575082540512085,1.1114836983033356,-3.3724370534352843,2.6203631204178004,-1.86853223590795e-06,2.0074758378868737e-06,1.726582620184802e-07,18.961214065551758,0.0,2.0,18.176112242832026,18.165522449488037
11.585060358047485,1.1114836798217675,-3.372437033576342,2.6203631221307573,-1.8277661443165564e-06,1.9642937439035477e-06,1.6958084472889594e-07,18.961214065551758,0.0,2.0,18.17611225735552,18.165522463961494
11.595040321350098,1.111483661748217,-3.372437014149671,2.6203631238022354,-1.7869393555847087e-06,1.9210329665360675e-06,1.6436196468532727e-07,19.027877807617188,0.0,2.0,18.24158329229972,18.23103152881193
11.60503888130188,1.1114836440829783,-3.3724369951557263,2.620363125414156,-1.7461135922817099e-06,1.8777589417143068e-06,1.5778122769088018e-07,19.027877807617188,0.0,2.0,18.241583306193334,18.231031542658734
11.615053176879883,1.11148362682574,-3.3724369765943303,2.6203631269525065,-1.7053489147468984e-06,1.8345333580629683e-06,1.4968363476810488e-07,19.027877807617188,0.0,2.0,18.24158331976368,18.23103155618459
11.625034809112549,1.1114836099756151,-3.3724369584647174,2.620363128409536,-1.6647001588050219e-06,1.791411447597449e-06,1.4197507157265552e-07,19.094552993774414,0.0,2.0,18.307074204045563,18.296560209540495
11.635008096694946,1.111483593531148,-3.3724369407655583,2.6203631297975054,-1.624227504943377e-06,1.7484521526738487e-06,1.3583384612932297e-07,19.094552993774414,0.0,2.0,18.307074216985576,18.29656022244088
11.645108699798584,1.111483577490321,-3.3724369234949787,2.6203631311295794,-1.5839775325527523e-06,1.7057009791650741e-06,1.307727853204873e-07,19.094552993774414,0.0,2.0,18.307074229606144,18.296560235023534
11.655060529708862,1.111483561850768,-3.3724369066507567,2.6203631324162755,-1.5439763140230855e-06,1.663183864723153e-06,1.2670902812316404e-07,19.094552993774414,0.0,2.0,18.30707424190955,18.29656024729038
11.665050983428955,1.111483546609903,-3.3724368902304556,2.620363133665631,-1.5042426758001133e-06,1.6209195742491957e-06,1.2325229355877657e-07,19.16121482849121,0.0,2.0,18.372560527708796,18.362084030052575
11.675077199935913,1.1114835317649758,-3.3724368742314748,2.6203631348832457,-1.4647905612445123e-06,1.5789220057797105e-06,1.2033984174620366e-07,19.16121482849121,0.0,2.0,18.37256053939725,18.36208404170656
11.68505048751831,1.1114835173131195,-3.3724368586510933,2.620363136073263,-1.4256299802881304e-06,1.5372011607081115e-06,1.1773325146898693e-07,19.16121482849121,0.0,2.0,18.37256055077544,18.362084053051042
11.69504165649414,1.1114835032513806,-3.3724368434865033,2.6203631372389,-1.3867682277368603e-06,1.495764640476278e-06,1.1540631249292381e-07,19.22787857055664,0.0,2.0,18.438057135176486,18.427617873669607
11.70502257347107,1.1114834895767582,-3.3724368287348296,2.6203631383821966,-1.3482058856377859e-06,1.4546187768648799e-06,1.132977553092763e-07,19.22787857055664,0.0,2.0,18.43805714595284,18.427617884413575
11.715067863464355,1.111483476286279,-3.3724368143931422,2.6203631395055886,-1.3099392194969079e-06,1.4137686114329074e-06,1.1139163547557813e-07,19.22787857055664,0.0,2.0,18.438057156426073,18.427617894854926
11.725096702575684,1.1114834633769712,-3.372436800458435,2.620363140610501,-1.2719735694159722e-06,1.3732254842170979e-06,1.0961885318487256e-07,19.22787857055664,0.0,2.0,18.438057166598597,18.427617904996016
11.73501706123352,1.1114834508457687,-3.3724367869275613,2.6203631416984483,-1.234319675879506e-06,1.3330040492252315e-06,1.0799546030086786e-07,19.294544219970703,0.0,2.0,18.503563960575015,18.493161677104123
11.745079755783081,1.1114834386895045,-3.3724367737972374,2.6203631427714678,-1.1969886065346227e-06,1.2931192815732513e-06,1.0653939282939301e-07,19.294544219970703,0.0,2.0,18.50356397016358,18.49316168666208
11.755058526992798,1.1114834269048186,-3.372436761063908,2.6203631438279498,-1.160011951676314e-06,1.2536155853174146e-06,1.0478064604146696e-07,19.294544219970703,0.0,2.0,18.503563979458796,18.49316169592709
11.765015840530396,1.1114834154879243,-3.3724367487234477,2.62036314486755,-1.1234376003082168e-06,1.2145548798449517e-06,1.031600160272955e-07,19.3612060546875,0.0,2.0,18.569075272165918,18.558709708162738
11.775187015533447,1.1114834044345967,-3.372436736771168,2.6203631458914995,-1.0873039428073686e-06,1.1759858072741673e-06,1.0164499221483523e-07,19.3612060546875,0.0,2.0,18.569075280892637,18.5587097168601
11.785059213638306,1.1114833937402802,-3.3724367252019687,2.6203631469007114,-1.051639419654192e-06,1.1379444027508012e-06,1.0020820361099007e-07,19.3612060546875,0.0,2.0,18.5690752893356,18.558709725274046
11.795069217681885,1.1114833834001732,-3.372436714010431,2.6203631478958576,-1.0164651003295892e-06,1.1004573620031823e-06,9.882502514480637e-08,19.427875518798828,0.0,2.0,18.63460224107202,18.62427314682909
11.805010795593262,1.1114833734092828,-3.372436703190903,2.6203631488766432,-9.818004234596287e-07,1.0635461449815921e-06,9.73417623494333e-08,19.427875518798828,0.0,2.0,18.63460224896687,18.62427315469565
11.815025091171265,1.111483363762351,-3.372436692737514,2.620363149842927,-9.47679742141684e-07,1.0272325814217663e-06,9.592521816111885e-08,19.427875518798828,0.0,2.0,18.634602256589414,18.624273162290233
11.825034618377686,1.1114833544537606,-3.372436682644197,2.620363150794961,-9.141375182824774e-07,9.91534847971571e-07,9.448878202074546e-08,19.49454689025879,0.0,2.0,18.700139159341916,18.68984628454415
11.835023880004883,1.1114833454775517,-3.372436672904709,2.6203631517327386,-8.812091525404034e-07,9.564691060189454e-07,9.305460699643407e-08,19.49454689025879,0.0,2.0,18.700139166440586,18.689846291615602
11.845081567764282,1.1114833368274557,-3.3724366635126866,2.6203631526562248,-8.489168521711622e-07,9.220413228259862e-07,9.164126962834193e-08,19.49454689025879,0.0,2.0,18.700139173280867,18.689846298428996
11.855050325393677,1.1114833284970749,-3.372436654461768,2.6203631535654637,-8.172657848018952e-07,8.882475368022352e-07,9.021679568090114e-08,19.49454689025879,0.0,2.0,18.700139179867893,18.68984630498947
11.865045309066772,1.1114833204800258,-3.3724366457456445,2.62036315446057,-7.86249008618602e-07,8.550813432455978e-07,8.87952214717271e-08,19.56119728088379,0.0,2.0,18.765663446670303,18.755406531192165
11.875046014785767,1.1114833127700139,-3.372436637358077,2.6203631553415194,-7.55856478634856e-07,8.225347706501855e-07,8.740363759871678e-08,19.56119728088379,0.0,2.0,18.765663452772273,18.755406537268332
11.885103464126587,1.1114833053608462,-3.37243662929291,2.6203631562086778,-7.260787884354846e-07,7.906001100091748e-07,8.596960181757254e-08,19.56119728088379,0.0,2.0,18.765663458635945,18.75540654310653
11.895038604736328,1.111483298246425,-3.372436621544053,2.620363157060013,-6.969044475224331e-07,7.592721205962997e-07,8.436524350902357e-08,19.56119728088379,0.0,2.0,18.765663464266154,18.755406548711655
11.905029058456421,1.1114832914208184,-3.372436614105449,2.6203631578960596,-6.683123276350065e-07,7.285500041411113e-07,8.282926122159674e-08,19.62787437438965,0.0,2.0,18.83122189081955,18.821000702768348
11.915025472640991,1.111483284878292,-3.3724366069710077,2.620363158716872,-6.402865362714938e-07,6.98441614814982e-07,8.134676558520346e-08,19.62787437438965,0.0,2.0,18.83122189600204,18.8210007079266
11.92504358291626,1.1114832786132307,-3.3724366001345403,2.6203631595231403,-6.128184725666092e-07,6.689566833866138e-07,7.989710910163985e-08,19.694538116455078,0.0,2.0,18.896775020565222,18.88658930903524
11.935038328170776,1.1114832726200599,-3.3724365935897658,2.6203631603149202,-5.859095859739538e-07,6.401044822717097e-07,7.846982453800776e-08,19.694538116455078,0.0,2.0,18.89677502531687,18.88658931376344
11.94506311416626,1.1114832668931447,-3.372436587330309,2.620363161092491,-5.595694471454155e-07,6.118944306885193e-07,7.703904870443456e-08,19.694538116455078,0.0,2.0,18.89677502985713,18.886589318280613
11.955059051513672,1.1114832614267178,-3.3724365813497013,2.62036316185587,-5.338153238887227e-07,5.843363504039314e-07,7.56348970682234e-08,19.694538116455078,0.0,2.0,18.896775034190533,18.886589322591274
11.965036630630493,1.1114832562148342,-3.3724365756413937,2.6203631626050794,-5.086624219465119e-07,5.574341859647206e-07,7.421722852690374e-08,19.761213302612305,0.0,2.0,18.962347157294158,18.9521966869338
11.97507643699646,1.1114832512514403,-3.372436570198853,2.62036316334043,-4.84118357740275e-07,5.311816000958783e-07,7.28688667986864e-08,19.761213302612305,0.0,2.0,18.962347161231833,18.95219669084951
11.985064268112183,1.1114832465304323,-3.372436565015636,2.6203631640624416,-4.601845855181834e-07,5.055661574169779e-07,7.153924381506053e-08,19.761213302612305,0.0,2.0,18.962347164976798,18.952196694572848
11.995030641555786,1.1114832420457328,-3.3724365600854784,2.6203631647713155,-4.368556574002282e-07,4.805667698248107e-07,7.023980535174821e-08,19.8278751373291,0.0,2.0,19.027913821169026,19.017798346013404
12.00503396987915,1.111483237791319,-3.372436555402306,2.620363165467195,-4.141267512368778e-07,4.561665436967089e-07,6.887838268814292e-08,19.8278751373291,0.0,2.0,19.027913824546445,19.017798349369922
12.015038251876831,1.1114832337612202,-3.3724365509601903,2.6203631661481843,-3.9199093308040884e-07,4.323537746237491e-07,6.733616404858815e-08,19.8278751373291,0.0,2.0,19.027913827745465,19.01779835254843
12.025057315826416,1.111483229949561,-3.3724365467533013,2.6203631668142013,-3.7043701675838423e-07,4.091195934026201e-07,6.587923105519817e-08,19.894561767578125,0.0,2.0,19.093512460292366,19.083431756699323
12.035022735595703,1.1114832263505705,-3.3724365427758918,2.6203631674659795,-3.494560166287037e-07,3.864571910669375e-07,6.448547930845949e-08,19.894561767578125,0.0,2.0,19.093512463151498,19.083431759538776
12.045063495635986,1.1114832229585538,-3.37243653902227,2.6203631681040656,-3.290412759619447e-07,3.643615234104364e-07,6.313853346753403e-08,19.894561767578125,0.0,2.0,19.093512465846107,19.08343176221406
12.055013418197632,1.1114832197678746,-3.372436535486785,2.620363168728864,-3.091878633304709e-07,3.4282885359400814e-07,6.182626273561489e-08,19.894561767578125,0.0,2.0,19.093512468380748,19.083431764729735
12.0650475025177,1.1114832167729378,-3.372436532163823,2.620363169340497,-2.8989225665713937e-07,3.2185678268221185e-07,6.046597461113715e-08,19.961204528808594,0.0,2.0,19.159075451773724,19.149029262729854
12.07509183883667,1.1114832139681747,-3.3724365290477545,2.6203631699381082,-2.7115287311155507e-07,3.014529380164517e-07,5.906574268034869e-08,19.961204528808594,0.0,2.0,19.15907545400405,19.149029264941994
12.085055112838745,1.111483211348031,-3.3724365261328164,2.620363170521972,-2.5296832970237867e-07,2.816329635357747e-07,5.771399845144935e-08,19.961204528808594,0.0,2.0,19.159075456087695,19.149029267007815
12.095016717910767,1.111483208906963,-3.3724365234131066,2.6203631710924706,-2.3533746226380695e-07,2.624089697174687e-07,5.6364153053200604e-08,20.027877807617188,0.0,2.0,19.224675892784564,19.214664002229235
12.1050386428833,1.1114832066394489,-3.372436520882627,2.620363171648895,-2.1825623556417365e-07,2.4378700391204794e-07,5.4931973052909926e-08,20.027877807617188,0.0,2.0,19.22467589458977,19.214664004017415
12.115040302276611,1.111483204540041,-3.3724365185353653,2.6203631721909497,-2.0171385453888006e-07,2.2576435172645006e-07,5.3483540064134565e-08,20.027877807617188,0.0,2.0,19.224675896261243,19.214664005672258
12.125048875808716,1.111483202603439,-3.372436516365382,2.6203631727187613,-1.8569170180978983e-07,2.0832918378028568e-07,5.207206679143403e-08,20.094547271728516,0.0,2.0,19.290279935125046,19.28030211146657
12.135011434555054,1.1114832008245308,-3.372436514366874,2.6203631732323593,-1.701728715156217e-07,1.9146661306944588e-07,5.06572478390383e-08,20.094547271728516,0.0,2.0,19.29027993654275,19.28030211286848
12.145093441009521,1.1114831991983356,-3.3724365125341866,2.620363173732079,-1.5514771096427815e-07,1.751623960533615e-07,4.929034635412663e-08,20.094547271728516,0.0,2.0,19.290279937838715,19.280302114149038
12.155032634735107,1.1114831977199577,-3.372436510861808,2.6203631742171756,-1.4060804825958121e-07,1.5940207003803647e-07,4.77082869246055e-08,20.094547271728516,0.0,2.0,19.290279939016774,19.280302115312097
12.165010929107666,1.1114831963845804,-3.372436509344432,2.620363174685995,-1.2654729443373644e-07,1.441573943918781e-07,4.6022240182038164e-08,20.16120147705078,0.0,2.0,19.35587624084257,19.345932248984727
12.175052881240845,1.1114831951873954,-3.372436507976988,2.6203631751379315,-1.1297144559296797e-07,1.294150889609754e-07,4.4386467988227964e-08,20.16120147705078,0.0,2.0,19.355876241797045,19.345932249925205
12.185035228729248,1.1114831941234995,-3.372436506754465,2.62036317557405,-9.989082093495491e-08,1.1517297363602196e-07,4.2826209496525585e-08,20.16120147705078,0.0,2.0,19.355876242645085,19.3459322507597
12.195027351379395,1.1114831931879101,-3.3724365056718666,2.6203631759942776,-8.731014888079561e-08,1.0143000449308078e-07,4.1238151862033616e-08,20.227876663208008,0.0,2.0,19.421500399185046,19.41159002465834
12.205052375793457,1.11148319237564,-3.3724365047242046,2.6203631763989237,-7.52263995112795e-08,8.818555206096511e-08,3.9665764751378036e-08,20.227876663208008,0.0,2.0,19.421500399832926,19.41159002529362
12.215041160583496,1.1114831916817522,-3.372436503906494,2.6203631767877487,-6.363149537585176e-08,7.54395457233953e-08,3.811619755034578e-08,20.227876663208008,0.0,2.0,19.421500400386343,19.41159002583489
12.22506833076477,1.111483191101415,-3.3724365032137524,2.62036317716095,-5.2514763578321146e-08,6.319180172473613e-08,3.6522023757009033e-08,20.29454231262207,0.0,2.0,19.487122304217795,19.477245319294138
12.23501706123352,1.1114831906298894,-3.3724365026409986,2.620363177518518,-4.186809884428388e-08,5.144213424900806e-08,3.500661659705642e-08,20.29454231262207,0.0,2.0,19.487122304594223,19.47724531965937
12.245071411132812,1.1114831902625102,-3.372436502183251,2.620363177860459,-3.1683745005869835e-08,4.019030250229935e-08,3.337205410472273e-08,20.29454231262207,0.0,2.0,19.48712230488754,19.477245319941943
12.255024194717407,1.1114831899947255,-3.372436501835544,2.620363178186316,-2.194597835824381e-08,2.943343689574718e-08,3.181652883174764e-08,20.29454231262207,0.0,2.0,19.487122305101348,19.477245320145478
12.265022277832031,1.111483189822153,-3.3724365015929467,2.620363178497095,-1.2639454560424858e-08,1.9167759911704564e-08,3.036261300997466e-08,20.361204147338867,0.0,2.0,19.55274751467859,19.542903696726714
12.275264501571655,1.111483189740547,-3.372436501450577,2.620363178792778,-3.748952489759155e-09,9.384898262558523e-09,2.870325722898611e-08,20.361204147338867,0.0,2.0,19.552747514743757,19.542903696782524
12.285036087036133,1.1114831897458999,-3.3724365014037527,2.6203631790713553,4.75900542748532e-09,5.1729386511347344e-11,2.7035053781896862e-08,20.361204147338867,0.0,2.0,19.552747514739245,19.542903696769173
12.295010089874268,1.1114831898345736,-3.3724365014481643,2.6203631793338706,1.2920322070249607e-08,-8.867808762911713e-09,2.5484789927928487e-08,20.427907943725586,0.0,2.0,19.61842102982059,19.60861018096472
12.305017709732056,1.1114831900032422,-3.3724365015798208,2.620363179581342,2.076184866989143e-08,-1.74006654576418e-08,2.4021897965414333e-08,20.427907943725586,0.0,2.0,19.61842102968497,19.608610180821216
12.315027236938477,1.1114831902488118,-3.3724365017949576,2.620363179814523,2.8303477108321546e-08,-2.5566805209214697e-08,2.2623732892397403e-08,20.427907943725586,0.0,2.0,19.61842102948754,19.6086101806163
12.32508111000061,1.1114831905683613,-3.3724365020899842,2.620363180033936,3.555992339652917e-08,-3.338099988838986e-08,2.1235149135175833e-08,20.494537353515625,0.0,2.0,19.68402822390575,19.67425009102955
12.335021495819092,1.1114831909590837,-3.372436502461435,2.6203631802385448,4.253790834058889e-08,-4.0852362380090256e-08,1.970272805467378e-08,20.494537353515625,0.0,2.0,19.684028223591085,19.67425009070828
12.345052719116211,1.1114831914181746,-3.372436502905903,2.6203631804282272,4.923263461985344e-08,-4.798509681616075e-08,1.8219034741744257e-08,20.494537353515625,0.0,2.0,19.684028223221144,19.674250090332173
12.355035066604614,1.1114831919427663,-3.3724365034200177,2.6203631806026806,5.5636006890879937e-08,-5.478203803279311e-08,1.668769894689984e-08,20.494537353515625,0.0,2.0,19.68402822279815,19.67425008990347
12.365009546279907,1.11148319252988,-3.3724365040004307,2.6203631807619634,6.173437792161172e-08,-6.124522292722616e-08,1.5172931805227855e-08,20.561206817626953,0.0,2.0,19.749681707364775,19.73993609579762
12.37502646446228,1.1114831931763671,-3.372436504643802,2.620363180906317,6.750716352302833e-08,-6.737351012636865e-08,1.3689376470144524e-08,20.561206817626953,0.0,2.0,19.749681706842505,19.739936095270554
12.385054588317871,1.1114831938788798,-3.372436505346784,2.620363181035888,7.293730780481586e-08,-7.316729731043992e-08,1.2232631550917353e-08,20.561206817626953,0.0,2.0,19.749681706274774,19.739936094698468
12.395026445388794,1.111483194633942,-3.372436506106047,2.6203631811504646,7.801666039727686e-08,-7.863103593151488e-08,1.069487110545395e-08,20.62788200378418,0.0,2.0,19.8153476109314,19.805634311112524
12.40503454208374,1.111483195438047,-3.372436506918336,2.620363181250067,8.274632381452177e-08,-8.377460495157248e-08,9.237954691167559e-09,20.62788200378418,0.0,2.0,19.81534761028079,19.805634310458473
12.415043830871582,1.1114831962877163,-3.3724365077805034,2.620363181334548,8.713140883268189e-08,-8.860848087538256e-08,7.646722793890955e-09,20.62788200378418,0.0,2.0,19.81534760959332,19.80563430976802
12.425053596496582,1.1114831971796113,-3.372436508689529,2.620363181403228,9.119724705614357e-08,-9.314936154767976e-08,6.0557513088207545e-09,20.694543838500977,0.0,2.0,19.88100708122334,19.87132587641831
12.43503212928772,1.111483198110717,-3.372436509642559,2.6203631814550117,9.498048731833393e-08,-9.741119925891004e-08,4.326682063709682e-09,20.694543838500977,0.0,2.0,19.88100708046947,19.871325875662453
12.445103645324707,1.1114831990784118,-3.3724365106368563,2.6203631814902053,9.852096053876948e-08,-1.0140458284721765e-07,2.7313292731290714e-09,20.694543838500977,0.0,2.0,19.881007079686043,19.87132587487755
12.455063104629517,1.1114832000804298,-3.372436511669783,2.620363181509445,1.0184893136829623e-07,-1.0513811337265924e-07,1.1101485598324938e-09,20.694543838500977,0.0,2.0,19.881007078874855,19.871325874065363
12.4650297164917,1.1114832011147358,-3.3724365127387754,2.6203631815127535,1.0498034708203999e-07,-1.0861857664956042e-07,-4.32175160458022e-10,20.76120948791504,0.0,2.0,19.946676957719074,19.93702764151729
12.475077390670776,1.111483202179404,-3.3724365138413277,2.620363181501085,1.0792158531156378e-07,-1.1185090586967166e-07,-1.8891840537100985e-09,20.76120948791504,0.0,2.0,19.946676956856304,19.93702764065447
12.48507285118103,1.1114832032725273,-3.37243651497498,2.620363181474967,1.1067063813643968e-07,-1.1483909117785632e-07,-3.364488096710063e-09,20.76120948791504,0.0,2.0,19.946676955970315,19.93702763976886
12.495016813278198,1.1114832043921525,-3.372436516137308,2.6203631814338664,1.1322003978839484e-07,-1.1758664204259385e-07,-4.842134592540224e-09,20.827882766723633,0.0,2.0,20.01236093602552,20.002743305778868
12.50502324104309,1.1114832055362283,-3.3724365173259185,2.6203631813780994,1.1555957051042425e-07,-1.2009602689159626e-07,-6.340289164762146e-09,20.827882766723633,0.0,2.0,20.012360935096932,20.00274330485157
12.515038013458252,1.1114832067026177,-3.372436518538439,2.620363181307193,1.1768146074564307e-07,-1.2236902471588955e-07,-7.827302618774394e-09,20.827882766723633,0.0,2.0,20.012360934149925,20.002743303906303
12.525092840194702,1.1114832078891121,-3.3724365197725157,2.62036318122179,1.195799546676683e-07,-1.2440695342510987e-07,-9.24333750687899e-09,20.8945369720459,0.0,2.0,20.07803264246846,20.068446484853112
12.534985542297363,1.1114832090934583,-3.372436521025799,2.6203631811220647,1.2125135498476132e-07,-1.2621131169254862e-07,-1.0769331720331938e-08,20.8945369720459,0.0,2.0,20.078032641489237,20.068446483876507
12.545118808746338,1.111483210313408,-3.372436522295997,2.620363181006351,1.2270334148033248e-07,-1.2779281259788654e-07,-1.2355270790800204e-08,20.8945369720459,0.0,2.0,20.078032640496982,20.068446482887357
12.555036544799805,1.111483211546846,-3.372436523580967,2.620363180875283,1.2395129510554105e-07,-1.291683251955507e-07,-1.3844591568642833e-08,20.8945369720459,0.0,2.0,20.078032639493447,20.068446481887392
12.565038919448853,1.1114832127917935,-3.3724365248787183,2.6203631807296976,1.2500706775576735e-07,-1.3035076797134925e-07,-1.526233569585187e-08,20.961217880249023,0.0,2.0,20.143737115014048,20.134182240229908
12.575069665908813,1.1114832140463755,-3.37243652618737,2.6203631805702137,1.258794395319793e-07,-1.3134971117481392e-07,-1.6627054476684558e-08,20.961217880249023,0.0,2.0,20.143737113991957,20.134182239212247
12.585041522979736,1.1114832153087926,-3.372436527505124,2.6203631803972867,1.2657491489369995e-07,-1.3217224462095492e-07,-1.79524905120531e-08,20.961217880249023,0.0,2.0,20.143737112963258,20.134182238188387
12.595034122467041,1.1114832165773012,-3.372436528830245,2.620363180211029,1.2709872105036454e-07,-1.3282399716017426e-07,-1.930781321959596e-08,21.027873992919922,0.0,2.0,20.209423548739224,20.199899744725812
12.605027675628662,1.1114832178502183,-3.37243653016106,2.6203631800112435,1.2745802038194287e-07,-1.3331217105548424e-07,-2.0643191027847055e-08,21.027873992919922,0.0,2.0,20.209423547700712,20.19989974369295
12.615050315856934,1.111483219125937,-3.372436531495968,2.620363179797978,1.2766028142008594e-07,-1.3364409502196613e-07,-2.201278840131846e-08,21.027873992919922,0.0,2.0,20.209423546659703,20.199899742658
12.625077962875366,1.111483220402931,-3.372436532833451,2.620363179571071,1.2771453552440385e-07,-1.338283425299412e-07,-2.338100692453089e-08,21.027873992919922,0.0,2.0,20.209423545617454,20.199899741622225
12.635008573532104,1.111483221679768,-3.372436534172062,2.620363179330345,1.2763066617392042e-07,-1.3387029875832926e-07,-2.4764447804116216e-08,21.09454345703125,0.0,2.0,20.275129469894214,20.265636544325574
12.645142078399658,1.111483222955118,-3.372436535510386,2.6203631790752215,1.2741867780861469e-07,-1.337710483790766e-07,-2.624684019239402e-08,21.09454345703125,0.0,2.0,20.27512946885204,20.265636543290718
12.655056953430176,1.1114832242277402,-3.3724365368470135,2.620363178805515,1.2708603271990277e-07,-1.3353133979892337e-07,-2.7703980975479328e-08,21.09454345703125,0.0,2.0,20.275129467811826,20.26563654225827
12.665037155151367,1.1114832254964462,-3.3724365381805543,2.6203631785212957,1.266356951808991e-07,-1.3315450923967302e-07,-2.9129248768507665e-08,21.16119956970215,0.0,2.0,20.340828502311048,20.331366252349213
12.675029754638672,1.1114832267600618,-3.3724365395096605,2.6203631782229375,1.2606792007239544e-07,-1.3264543643277756e-07,-3.059970793461718e-08,21.16119956970215,0.0,2.0,20.340828501276782,20.331366251323566
12.685058355331421,1.1114832280174305,-3.372436540833053,2.6203631779088057,1.253878595020384e-07,-1.3201505873738324e-07,-3.220688128791219e-08,21.16119956970215,0.0,2.0,20.340828500247238,20.331366250303134
12.695019245147705,1.1114832292674781,-3.37243654214962,2.6203631775776013,1.246053105998613e-07,-1.3128322278721718e-07,-3.404792939079485e-08,21.22787094116211,0.0,2.0,20.406548784108146,20.39711702192473
12.705055713653564,1.1114832305092324,-3.3724365434584396,2.620363177228386,1.2373105369130254e-07,-1.3046879654026364e-07,-3.576970095931344e-08,21.22787094116211,0.0,2.0,20.40654878308973,20.397117020916458
12.715021848678589,1.1114832317418257,-3.3724365447587714,2.620363176862474,1.227746476157626e-07,-1.2958720714409996e-07,-3.743358366949781e-08,21.22787094116211,0.0,2.0,20.406548782078435,20.39711701991583
12.725024223327637,1.1114832329644746,-3.3724365460500003,2.620363176479912,1.2174318624714637e-07,-1.286498948431234e-07,-3.9058493032601014e-08,21.294538497924805,0.0,2.0,20.472271455710743,20.462869986528688
12.735013484954834,1.1114832341764571,-3.372436547331612,2.620363176081138,1.2064206000011714e-07,-1.2766436826146105e-07,-4.070157025277812e-08,21.294538497924805,0.0,2.0,20.472271454714917,20.462869985544497
12.745070934295654,1.1114832353770963,-3.372436548603124,2.620363175666233,1.194751515676722e-07,-1.266297076127441e-07,-4.227733854850146e-08,21.294538497924805,0.0,2.0,20.472271453728126,20.46286998456983
12.755046606063843,1.1114832365657483,-3.3724365498640227,2.620363175235278,1.1824512103610987e-07,-1.255401153798164e-07,-4.3893685661250655e-08,21.294538497924805,0.0,2.0,20.472271452750917,20.462869983605234
12.765020370483398,1.111483237741793,-3.3724365511137053,2.6203631747886864,1.1695354379321339e-07,-1.2438469501199234e-07,-4.543128118266082e-08,21.36115074157715,0.0,2.0,20.537945680515545,20.528574288225016
12.775079488754272,1.1114832389046188,-3.3724365523514654,2.620363174326384,1.15601346338165e-07,-1.2315423377051074e-07,-4.70108241288237e-08,21.36115074157715,0.0,2.0,20.537945679558327,20.52857428728133
12.785050868988037,1.1114832400536219,-3.3724365535765166,2.620363173848785,1.1418921503454316e-07,-1.2184190668713797e-07,-4.84954065714343e-08,21.36115074157715,0.0,2.0,20.537945678612182,20.528574286349187
12.79503321647644,1.1114832411882056,-3.3724365547880137,2.620363173356621,1.1271763835336617e-07,-1.2044271957991034e-07,-4.997283850594866e-08,21.427881240844727,0.0,2.0,20.60374253535932,20.594401083705197
12.80502700805664,1.1114832423077812,-3.3724365559850846,2.620363172848936,1.1118820293486801e-07,-1.1895801054931158e-07,-5.154625325455667e-08,21.427881240844727,0.0,2.0,20.603742534436012,20.594401082796765
12.81505537033081,1.1114832434117938,-3.3724365571669237,2.620363172326006,1.0960594332945598e-07,-1.1739770504365329e-07,-5.3026295818708145e-08,21.427881240844727,0.0,2.0,20.603742533525097,20.594401081901186
12.825029373168945,1.1114832444997385,-3.372436558332814,2.620363171788638,1.0797522275717261e-07,-1.1577014542463437e-07,-5.443716649467327e-08,21.494544982910156,0.0,2.0,20.669479544409,20.660167815674452
12.834996461868286,1.1114832455711472,-3.3724365594821215,2.620363171237432,1.0629927357157802e-07,-1.1408151186581289e-07,-5.579679332914435e-08,21.494544982910156,0.0,2.0,20.669479543523416,20.660167814805018
12.845076084136963,1.1114832466255802,-3.372436560614257,2.62036317067283,1.0458049036003095e-07,-1.1233638275184041e-07,-5.711845737873691e-08,21.494544982910156,0.0,2.0,20.669479542651366,20.660167813949528
12.855059146881104,1.1114832476626195,-3.3724365617286725,2.6203631700949463,1.028209020878472e-07,-1.105383848726649e-07,-5.849349498192453e-08,21.494544982910156,0.0,2.0,20.669479541793184,20.66016781310831
12.86501693725586,1.1114832486818842,-3.3724365628248734,2.6203631695029475,1.0102725348149831e-07,-1.0869503614492095e-07,-5.989686114974982e-08,21.561206817626953,0.0,2.0,20.73522058909963,20.725938396524906
12.875032186508179,1.1114832496830842,-3.3724365639024567,2.6203631688970868,9.920932378976022e-08,-1.0681648217692101e-07,-6.128789463609697e-08,21.561206817626953,0.0,2.0,20.735220588269353,20.725938395712394
12.885017156600952,1.1114832506660075,-3.372436564961119,2.6203631682772413,9.737229468948138e-08,-1.0491288709351335e-07,-6.268044500987324e-08,21.561206817626953,0.0,2.0,20.7352205874536,20.725938394914827
12.895041227340698,1.111483251630471,-3.3724365660006654,2.6203631676429224,9.551760777310737e-08,-1.0299438144056704e-07,-6.416958522898595e-08,21.62787437438965,0.0,2.0,20.80097313957926,20.791720301450045
12.905023336410522,1.1114832525763032,-3.3724365670209835,2.6203631669940872,9.364620922116322e-08,-1.0106860222503372e-07,-6.558719464390915e-08,21.62787437438965,0.0,2.0,20.800973138792443,20.791720300682233
12.91504430770874,1.1114832535033417,-3.3724365680220347,2.620363166331302,9.175879998431803e-08,-9.914120708507454e-08,-6.699410831580919e-08,21.62787437438965,0.0,2.0,20.80097313802062,20.791720299929842
12.925049304962158,1.1114832544114288,-3.3724365690038187,2.620363165653967,8.98558993396461e-08,-9.721638730384275e-08,-6.8460293355396e-08,21.69454574584961,0.0,2.0,20.86673525963522,20.85751159506818
12.935004711151123,1.1114832553004108,-3.37243656996638,2.6203631649623147,8.793789197311173e-08,-9.529724785822199e-08,-6.986089862953837e-08,21.69454574584961,0.0,2.0,20.86673525889333,20.857511594346533
12.94505763053894,1.1114832561701389,-3.3724365709097874,2.620363164255923,8.600568674480663e-08,-9.338541209519917e-08,-7.145557525814668e-08,21.69454574584961,0.0,2.0,20.866735258166894,20.857511593640787
12.955047130584717,1.111483257020499,-3.3724365718340943,2.620363163532667,8.406618951917324e-08,-9.147532045758484e-08,-7.326406493999426e-08,21.69454574584961,0.0,2.0,20.86673525745598,20.857511592951067
12.965027093887329,1.1114832578514762,-3.372436572739261,2.6203631627909756,8.213076560772976e-08,-8.955607397841493e-08,-7.504593178631081e-08,21.76120376586914,0.0,2.0,20.932489960588605,20.923295282923167
12.97506856918335,1.1114832586631607,-3.3724365736251496,2.6203631620322274,8.020932339433625e-08,-8.76179832515365e-08,-7.669327198882744e-08,21.76120376586914,0.0,2.0,20.932489959908125,20.92329528226488
12.985048770904541,1.1114832594557287,-3.3724365744915366,2.6203631612572083,7.830791184737742e-08,-8.565527126395736e-08,-7.829109645936287e-08,21.76120376586914,0.0,2.0,20.932489959242876,20.92329528162232
12.995046854019165,1.1114832602293894,-3.3724365753381704,2.6203631604665643,7.642790646172517e-08,-8.366702788213748e-08,-7.986315734192206e-08,21.827877044677734,0.0,2.0,20.998265412597128,20.989099549218604
13.005020141601562,1.1114832609843601,-3.3724365761647923,2.6203631596600614,7.456986843093856e-08,-8.165307556038005e-08,-8.142004397749022e-08,21.827877044677734,0.0,2.0,20.99826541196122,20.98909954860626
13.015050649642944,1.111483261720861,-3.3724365769711473,2.620363158837937,7.273407835525356e-08,-7.961424928884954e-08,-8.301272924792192e-08,21.827877044677734,0.0,2.0,20.998265411339826,20.98909954800889
13.025094032287598,1.111483262439116,-3.3724365777570178,2.620363158000127,7.092085795532657e-08,-7.755764594298379e-08,-8.453394404228545e-08,21.827877044677734,0.0,2.0,20.998265410732674,20.98909954742624
13.035012245178223,1.1114832631393516,-3.372436578522272,2.6203631571468695,6.912957391452306e-08,-7.549262436426152e-08,-8.611382023769519e-08,21.894542694091797,0.0,2.0,21.06403898195694,21.054901752006735
13.04507064819336,1.1114832638217567,-3.3724365792668896,2.6203631562781693,6.735334901506928e-08,-7.343309540084269e-08,-8.761192914409084e-08,21.894542694091797,0.0,2.0,21.06403898137727,21.054901751452412
13.055063962936401,1.1114832644864445,-3.3724365799909934,2.6203631553948745,6.558506640727123e-08,-7.139155836660307e-08,-8.903618373086205e-08,21.894542694091797,0.0,2.0,21.064038980811368,21.054901750912286
13.065086364746094,1.1114832651334663,-3.372436580694812,2.6203631544963177,6.381945098610211e-08,-6.937727604509354e-08,-9.068273462379011e-08,21.894542694091797,0.0,2.0,21.0640389802592,21.054901750386353
13.075056076049805,1.1114832657628289,-3.372436581378652,2.6203631535815983,6.205259484799967e-08,-6.739711046477233e-08,-9.22435169578726e-08,21.961212158203125,0.0,2.0,21.12982190710566,21.120713136248042
13.085051536560059,1.1114832663745045,-3.372436582042884,2.6203631526517452,6.02816029507807e-08,-6.545614514649972e-08,-9.371420116523109e-08,21.961212158203125,0.0,2.0,21.129821906580805,21.12071313575027
13.095041036605835,1.1114832669684398,-3.372436582687918,2.6203631517075365,5.8504330593962265e-08,-6.355814605477153e-08,-9.511813897025822e-08,22.02788734436035,0.0,2.0,21.195616020134572,21.186535536349233
13.105056047439575,1.1114832675445645,-3.3724365833141987,2.620363150749546,5.671918894430083e-08,-6.17059030835624e-08,-9.647262965780762e-08,22.02788734436035,0.0,2.0,21.195616019637644,21.186535535880143
13.115057229995728,1.1114832681027933,-3.372436583922196,2.620363149778205,5.492500119850176e-08,-5.990148278385431e-08,-9.779483699608137e-08,22.02788734436035,0.0,2.0,21.195616019155075,21.186535535425808
13.125076055526733,1.1114832686430363,-3.3724365845123887,2.6203631487930275,5.3122656978002864e-08,-5.814450500829512e-08,-9.923292812798815e-08,22.02788734436035,0.0,2.0,21.195616018687023,21.1865355349864
13.135019540786743,1.1114832691652432,-3.3724365850852194,2.6203631477937384,5.131927501455553e-08,-5.6427679553877684e-08,-1.0062035375316321e-07,22.09454345703125,0.0,2.0,21.261396798027384,21.252344420511086
13.145108938217163,1.1114832696694423,-3.3724365856410476,2.620363146780415,4.952265567590097e-08,-5.474286433771226e-08,-1.0203415353882884e-07,22.09454345703125,0.0,2.0,21.261396797588386,21.25234442010148
13.155035257339478,1.1114832701557482,-3.37243658618015,2.6203631457530516,4.774204273490318e-08,-5.308026800037355e-08,-1.0344781612638287e-07,22.09454345703125,0.0,2.0,21.261396797163982,21.25234441970688
13.165021896362305,1.111483270624371,-3.37243658670269,2.6203631447114955,4.598775150384142e-08,-5.142887494466155e-08,-1.0489188766761196e-07,22.16115379333496,0.0,2.0,21.327137831348075,21.318113369761452
13.175048589706421,1.1114832710756226,-3.3724365872087305,2.6203631436551214,4.4269191355497765e-08,-4.97786068172052e-08,-1.0636954075756143e-07,22.16115379333496,0.0,2.0,21.327137830951987,21.318113369395935
13.185107231140137,1.1114832715098966,-3.372436587698242,2.6203631425840395,4.259282047557891e-08,-4.812255337865947e-08,-1.0784454052260115e-07,22.16115379333496,0.0,2.0,21.327137830569615,21.318113369044568
13.195021152496338,1.1114832719276257,-3.372436588171157,2.6203631414984607,4.09602470888819e-08,-4.645904139061911e-08,-1.092529717731322e-07,22.227876663208008,0.0,2.0,21.392995321456862,21.383998653117835
13.205090284347534,1.111483272329248,-3.372436588627399,2.620363140402578,3.9371515225652996e-08,-4.478807612262494e-08,-1.096708959084551e-07,22.227876663208008,0.0,2.0,21.392995321100575,21.38399865279319
13.215040922164917,1.111483272715202,-3.372436589066892,2.620363139309403,3.7826654868436935e-08,-4.31096643521403e-08,-1.0877708978039259e-07,22.227876663208008,0.0,2.0,21.392995320757194,21.383998652481377
13.225099802017212,1.1114832730859265,-3.3724365894895665,2.6203631382305326,3.632577913893304e-08,-4.142389489253116e-08,-1.0673946749016173e-07,22.227876663208008,0.0,2.0,21.392995320426607,21.38399865218195
13.235020875930786,1.1114832734418725,-3.372436589895354,2.620363137181622,3.487143143491791e-08,-3.973310097286251e-08,-1.0272311895434267e-07,22.294553756713867,0.0,2.0,21.458812969829157,21.44984390740721
13.245092868804932,1.1114832737835225,-3.3724365902842295,2.6203631361787623,3.3467088482108243e-08,-3.8042502155987614e-08,-9.775974046600397e-08,22.294553756713867,0.0,2.0,21.45881296952402,21.44984390713095
13.255076169967651,1.1114832741113778,-3.37243659065623,2.6203631352306953,3.211220032343627e-08,-3.635962144054251e-08,-9.171643072664191e-08,22.294553756713867,0.0,2.0,21.45881296923143,21.44984390686566
13.265022277832031,1.1114832744259222,-3.3724365910114757,2.620363134344928,3.0804176421750707e-08,-3.4693220540344395e-08,-8.527950823273739e-08,22.36121368408203,0.0,2.0,21.524618962060885,21.515677331737823
13.275044918060303,1.1114832747276124,-3.372436591350194,2.6203631335274165,2.95413313178118e-08,-3.305613858637166e-08,-7.830263776295393e-08,22.36121368408203,0.0,2.0,21.524618961792555,21.51567733149295
13.285094022750854,1.1114832750168886,-3.372436591672747,2.6203631327734374,2.8320754615460254e-08,-3.1462845706184446e-08,-7.28270661769814e-08,22.36121368408203,0.0,2.0,21.524618961535783,21.515677331257812
13.29501748085022,1.1114832752941555,-3.372436591979638,2.620363132064891,2.713880989393399e-08,-2.992560569859649e-08,-6.918820373569009e-08,22.427881240844727,0.0,2.0,21.590437726185108,21.581523365894533
13.30507755279541,1.1114832755597768,-3.372436592271469,2.6203631313851585,2.5990678123632377e-08,-2.845156827636923e-08,-6.693145972847768e-08,22.427881240844727,0.0,2.0,21.59043772594891,21.58152336567778
13.315036296844482,1.1114832758140591,-3.3724365925488886,2.620363130723272,2.486988186693101e-08,-2.7043350363369463e-08,-6.557405086822248e-08,22.427881240844727,0.0,2.0,21.59043772572217,21.58152336546997
13.325152158737183,1.1114832760572486,-3.3724365928125617,2.620363130071077,2.3771710913782055e-08,-2.5702172367705892e-08,-6.501625097787448e-08,22.427881240844727,0.0,2.0,21.59043772550451,21.581523365270975
13.335010766983032,1.1114832762895672,-3.3724365930631324,2.6203631294212393,2.26956036125966e-08,-2.442082579317117e-08,-6.501176191807984e-08,22.494548797607422,0.0,2.0,21.656261682837805,21.647374428858658
13.345097780227661,1.1114832765112386,-3.3724365933011367,2.6203631287697915,2.164239890957035e-08,-2.3187389922562752e-08,-6.532286455447497e-08,22.494548797607422,0.0,2.0,21.656261682637336,21.647374428676773
13.355037689208984,1.1114832767224945,-3.372436593527008,2.6203631281140063,2.0612683932824543e-08,-2.1992805856995065e-08,-6.586776322528512e-08,22.494548797607422,0.0,2.0,21.65626168244513,21.64737442850328
13.365027666091919,1.1114832769235727,-3.372436593741099,2.6203631274518604,1.960689363676473e-08,-2.083036259988548e-08,-6.658586217439915e-08,22.561208724975586,0.0,2.0,21.722083251509652,21.71322293846803
13.375150442123413,1.1114832771147136,-3.372436593943705,2.6203631267818626,1.8625350243721838e-08,-1.96950885221709e-08,-6.743227054136912e-08,22.561208724975586,0.0,2.0,21.722083251333224,21.713222938310675
13.385058879852295,1.1114832772961611,-3.3724365941350785,2.620363126102553,1.7668292463605726e-08,-1.8583300552276617e-08,-6.847746724825801e-08,22.561208724975586,0.0,2.0,21.722083251164364,21.713222938161152
13.395031690597534,1.1114832774681622,-3.3724365943154395,2.6203631254121134,1.6735897135856566e-08,-1.749227020291541e-08,-6.9614243821887e-08,22.62788200378418,0.0,2.0,21.787923102945413,21.779089575381505
13.40500020980835,1.1114832776309629,-3.372436594484986,2.620363124710025,1.5828047981253195e-08,-1.6420244458117934e-08,-7.082268212067151e-08,22.62788200378418,0.0,2.0,21.787923102790895,21.779089575246925
13.415014505386353,1.1114832777847963,-3.3724365946439128,2.6203631239955976,1.4941820209654413e-08,-1.5369004501215244e-08,-7.207751371811376e-08,22.62788200378418,0.0,2.0,21.787923102643237,21.77908957511956
13.425062417984009,1.1114832779298538,-3.372436594792449,2.6203631232683073,1.4071658039608626e-08,-1.4343546880969104e-08,-7.337628719581745e-08,22.694549560546875,0.0,2.0,21.853762356867666,21.844955453049913
13.435026168823242,1.11148327806626,-3.3724365949308917,2.6203631225274275,1.3210493303491398e-08,-1.3350776342176912e-08,-7.478068592494683e-08,22.694549560546875,0.0,2.0,21.853762356733284,21.84495545293651
13.445101499557495,1.111483278194075,-3.372436595059593,2.6203631217783205,1.2352780874801214e-08,-1.2396143163190643e-08,-7.476052818078566e-08,22.694549560546875,0.0,2.0,21.853762356605646,21.8449554528301
13.455054521560669,1.1114832783133168,-3.3724365951789514,2.6203631210398948,1.1495715704404415e-08,-1.1482271430700291e-08,-7.251271032557538e-08,22.694549560546875,0.0,2.0,21.85376235648534,21.844955452730716
13.465039730072021,1.111483278423996,-3.372436595289371,2.62036312033347,1.0640915392461523e-08,-1.06082792763535e-08,-6.871193365301511e-08,22.761207580566406,0.0,2.0,21.919597198605008,21.910816756753334
13.47508430480957,1.1114832785261592,-3.3724365953912576,2.6203631196663766,9.793482087053724e-09,-9.776192820953264e-09,-6.467627123844601e-08,22.761207580566406,0.0,2.0,21.9195971985009,21.91081675666807
13.485055923461914,1.1114832786199067,-3.3724365954850435,2.62036311904049,8.958440393350038e-09,-8.988660399179575e-09,-6.044872091400737e-08,22.761207580566406,0.0,2.0,21.91959719840502,21.910816756589874
13.495043516159058,1.111483278705381,-3.3724365955711857,2.6203631184617295,8.139515487611476e-09,-8.247646580517108e-09,-5.5064923639962895e-08,22.827877044677734,0.0,2.0,21.98544830538277,21.976694173371722
13.505056619644165,1.11148327878276,-3.3724365956501576,2.6203631179366518,7.3395508539278645e-09,-7.554515869827684e-09,-5.0272015165047126e-08,22.827877044677734,0.0,2.0,21.98544830530364,21.976694173307383
13.515040159225464,1.1114832788522504,-3.3724365957224327,2.620363117451019,6.562920192221296e-09,-6.907819269943863e-09,-4.707469209153932e-08,22.827877044677734,0.0,2.0,21.98544830523238,21.976694173249804
13.525064468383789,1.1114832789141158,-3.3724365957884572,2.6203631169908985,5.815260702154804e-09,-6.303882551177058e-09,-4.513846102866355e-08,22.894550323486328,0.0,2.0,22.05130809856558,22.04258012259321
13.535020589828491,1.111483278968667,-3.3724365958486446,2.6203631165455175,5.100870040117902e-09,-5.7398514245885585e-09,-4.4056649041475226e-08,22.894550323486328,0.0,2.0,22.05130809850837,22.04258012254851
13.545085430145264,1.111483279016252,-3.3724365959033795,2.6203631161074354,4.4218380447079535e-09,-5.2126031102621674e-09,-4.3641194261903344e-08,22.894550323486328,0.0,2.0,22.051308098457405,22.042580122509857
13.555047988891602,1.1114832790572153,-3.372436595953002,2.620363115671273,3.776221838304348e-09,-4.716606536032185e-09,-4.367359390865064e-08,22.894550323486328,0.0,2.0,22.05130809841226,22.042580122476966
13.565021276473999,1.111483279091881,-3.3724365959978013,2.6203631152324016,3.1618837276191485e-09,-4.247120503667175e-09,-4.4138060335586996e-08,22.961217880249023,0.0,2.0,22.117167113574236,22.10846513747684
13.575179100036621,1.1114832791205524,-3.372436596038024,2.620363114787867,2.5772400692102673e-09,-3.800632647256327e-09,-4.479657375944742e-08,22.961217880249023,0.0,2.0,22.117167113539576,22.10846513745464
13.585071086883545,1.1114832791435214,-3.3724365960738836,2.620363114335929,2.0211138954519073e-09,-3.374537464262809e-09,-4.565400977245047e-08,22.961217880249023,0.0,2.0,22.11716711350968,22.108465137437413
13.595019102096558,1.1114832791610627,-3.372436596105571,2.6203631138738004,1.4912197011233814e-09,-2.965601871720583e-09,-4.677614919221684e-08,23.027894973754883,0.0,2.0,22.183040381217722,22.17436425608817
13.60506796836853,1.111483279173416,-3.372436596133233,2.6203631134003276,9.824947585231593e-10,-2.5683250528063827e-09,-4.792187875090643e-08,23.027894973754883,0.0,2.0,22.18304038119648,22.174364256080175
13.615053415298462,1.111483279180768,-3.372436596156961,2.6203631129153058,4.906918120081263e-10,-2.178174106140965e-09,-4.908508426060755e-08,23.027894973754883,0.0,2.0,22.183040381179264,22.17436425607651
13.625036001205444,1.1114832791832745,-3.372436596176808,2.6203631124185836,1.2664418780297801e-11,-1.791790976445686e-09,-5.026123623379052e-08,23.09455108642578,0.0,2.0,22.248897707623723,22.240247274098696
13.635008335113525,1.1114832791810605,-3.372436596192801,2.6203631119100477,-4.5391836222828773e-10,-1.4066879560311184e-09,-5.144697879639225e-08,23.09455108642578,0.0,2.0,22.248897707614155,22.240247274103307
13.645066738128662,1.1114832791742293,-3.37243659620494,2.620363111389534,-9.106924298180379e-10,-1.0211058913807414e-09,-5.2676793771705036e-08,23.09455108642578,0.0,2.0,22.24889770760823,22.2402472741119
13.655085325241089,1.111483279162883,-3.372436596213225,2.6203631108564305,-1.356409842442095e-09,-6.360087674283679e-10,-5.394121381153981e-08,23.09455108642578,0.0,2.0,22.248897707605835,22.240247274124375
13.665026903152466,1.1114832791471496,-3.372436596217673,2.6203631103106266,-1.787381219421648e-09,-2.54659068231913e-10,-5.523687479683027e-08,23.161209106445312,0.0,2.0,22.314761662253133,22.30613677117864
13.67896318435669,1.1114832791272036,-3.372436596218347,2.6203631097517097,-2.197959490714376e-09,1.1784059763569e-10,-5.653381566464825e-08,23.161209106445312,0.0,2.0,22.314761662257407,22.30613677119846
13.684993267059326,1.1114832791108578,-3.3724365962166343,2.620363109354522,-2.469709429019397e-09,3.7012078218148504e-10,-5.671296169728834e-08,23.161209106445312,0.0,2.0,22.314761662262256,22.306136771214362
13.694974422454834,1.1114832790843223,-3.3724365962111915,2.6203631087949133,-2.8316884238653957e-09,7.148984609672568e-10,-5.4971117915932265e-08,23.22788429260254,0.0,2.0,22.3806472822608,22.37204779152356
13.704977750778198,1.1114832790543383,-3.372436596202406,2.6203631082615084,-3.1593498452664116e-09,1.0381543293392165e-09,-5.1427757745438235e-08,23.22788429260254,0.0,2.0,22.380647282274325,22.372047791551875
13.714982748031616,1.1114832790212605,-3.372436596190508,2.620363107768921,-3.449781458476471e-09,1.3372379123364263e-09,-4.6855117577658874e-08,23.22788429260254,0.0,2.0,22.380647282291562,22.37204779158278
13.724991083145142,1.1114832789854734,-3.372436596175749,2.6203631073293705,-3.7008692562920362e-09,1.610225717009213e-09,-4.091265376539737e-08,23.29454231262207,0.0,2.0,22.44652060052887,22.437946356229475
13.734960794448853,1.1114832789473732,-3.3724365961583906,2.6203631069500637,-3.913160700840026e-09,1.8576408140775754e-09,-3.5019950384459754e-08,23.29454231262207,0.0,2.0,22.446520600553438,22.437946356264536
13.745054244995117,1.1114832789073295,-3.3724365961386735,2.620363106624091,-4.090179698093432e-09,2.0824413092907596e-09,-3.055980207349345e-08,23.29454231262207,0.0,2.0,22.44652060058104,22.437946356301165
13.754985809326172,1.1114832788656572,-3.372436596116809,2.6203631063333845,-4.2411927773174925e-09,2.2878083844591764e-09,-2.7780740413067458e-08,23.29454231262207,0.0,2.0,22.446520600610903,22.437946356339076
13.76496934890747,1.1114832788225417,-3.3724365960929625,2.620363106065037,-4.381229638398243e-09,2.479433853006541e-09,-2.6036387683527186e-08,23.361207962036133,0.0,2.0,22.51240607880104,22.503856937722283
13.774991989135742,1.111483278778032,-3.372436596067246,2.620363105809747,-4.521296018442678e-09,2.6627937872234614e-09,-2.5131171621717406e-08,23.361207962036133,0.0,2.0,22.51240607883414,22.503856937762432
13.785064220428467,1.111483278732099,-3.372436596039708,2.620363105560538,-4.666303370989837e-09,2.8454622174192153e-09,-2.4820579774016625e-08,23.361207962036133,0.0,2.0,22.512406078868544,22.503856937803725
13.795050621032715,1.1114832786846802,-3.3724365960103175,2.6203631053116165,-4.819015464048131e-09,3.0339991754858493e-09,-2.501440408585284e-08,23.42788314819336,0.0,2.0,22.578305563357684,22.569781384185283
13.80497431755066,1.111483278635687,-3.372436595978993,2.6203631050592446,-4.98131546573764e-09,3.233113389010201e-09,-2.5516949854076274e-08,23.42788314819336,0.0,2.0,22.578305563394494,22.56978138422905
13.815002679824829,1.1114832785850266,-3.3724365959456164,2.6203631048006084,-5.1518166721610875e-09,3.443729240077093e-09,-2.623503538392555e-08,23.42788314819336,0.0,2.0,22.578305563432476,22.56978138427415
13.82500696182251,1.1114832785326345,-3.3724365959100835,2.6203631045336424,-5.327062041952717e-09,3.6642920694301035e-09,-2.7229698663722447e-08,23.494539260864258,0.0,2.0,22.64419073588393,22.63569136787355
13.834950685501099,1.111483278478488,-3.37243659587231,2.6203631042557123,-5.5016366422706434e-09,3.891019768734663e-09,-2.8360403288657476e-08,23.494539260864258,0.0,2.0,22.644190735924212,22.635691367921464
13.845035791397095,1.1114832784226267,-3.3724365958322586,2.620363103966363,-5.6692633533530806e-09,4.119022281034091e-09,-2.9512478094479593e-08,23.494539260864258,0.0,2.0,22.644190735965545,22.635691367970736
13.855004787445068,1.1114832783651418,-3.372436595789939,2.620363103664706,-5.825432346567644e-09,4.344050663424844e-09,-3.0887637135575986e-08,23.494539260864258,0.0,2.0,22.64419073600779,22.63569136802127
13.864965438842773,1.1114832783061663,-3.3724365957454188,2.6203631033486294,-5.9670531769747115e-09,4.557103326307948e-09,-3.231712349479907e-08,23.561201095581055,0.0,2.0,22.710086064292863,22.70161136720459
13.874982357025146,1.1114832782458608,-3.3724365956988716,2.620363103018551,-6.0910201634727575e-09,4.747850948561242e-09,-3.3690541242089285e-08,23.561201095581055,0.0,2.0,22.71008606433655,22.701611367257307
13.885028839111328,1.1114832781844144,-3.3724365956505644,2.620363102674956,-6.194971988281182e-09,4.908562410290389e-09,-3.502242229738115e-08,23.561201095581055,0.0,2.0,22.71008606438073,22.701611367310896
13.89500117301941,1.1114832781220345,-3.372436595600821,2.6203631023182035,-6.277159344204462e-09,5.033510358426141e-09,-3.632353210787533e-08,23.627878189086914,0.0,2.0,22.776000938632546,22.767550776881397
13.904963731765747,1.1114832780589474,-3.3724365955500275,2.620363101948561,-6.336286312633581e-09,5.118451863333153e-09,-3.7601845438931357e-08,23.627878189086914,0.0,2.0,22.776000938677324,22.767550776936268
13.914992094039917,1.111483277995386,-3.3724365954985935,2.620363101565339,-6.3724233397384035e-09,5.161949145645396e-09,-3.906076326353324e-08,23.627878189086914,0.0,2.0,22.776000938722106,22.76755077699151
13.925039291381836,1.1114832779315624,-3.3724365954468993,2.6203631011675506,-6.389553557773286e-09,5.172644949735846e-09,-4.0486165721850205e-08,23.694538116455078,0.0,2.0,22.841903265869945,22.83347749314742
13.934955358505249,1.111483277867645,-3.3724365953952153,2.620363100755443,-6.392189371624345e-09,5.161289783710666e-09,-4.191176692558413e-08,23.694538116455078,0.0,2.0,22.841903265914315,22.833477493203006
13.945018291473389,1.1114832778037442,-3.372436595343707,2.6203631003352004,-6.387591020387739e-09,5.139481536021112e-09,-4.183216572906006e-08,23.694538116455078,0.0,2.0,22.841903265958475,22.833477493258602
13.954968690872192,1.1114832777398849,-3.372436595292419,2.620363099926525,-6.385376039756381e-09,5.119719168068799e-09,-3.959548104139231e-08,23.694538116455078,0.0,2.0,22.841903266002937,22.83347749331418
13.96499252319336,1.1114832776759986,-3.3724365952412705,2.6203630995477316,-6.394242042389662e-09,5.112711730274755e-09,-3.5834504796918736e-08,23.76120376586914,0.0,2.0,22.90781563478891,22.899414114387266
13.97501015663147,1.1114832776119432,-3.372436595190098,2.6203630992134594,-6.419827748327323e-09,5.125651068088534e-09,-3.0940131023258734e-08,23.76120376586914,0.0,2.0,22.90781563483566,22.89941411444309
13.985005378723145,1.111483277547545,-3.372436595138686,2.6203630989265223,-6.462793165768451e-09,5.160623233233706e-09,-2.671853193014186e-08,23.76120376586914,0.0,2.0,22.90781563488399,22.89941411449921
13.994996309280396,1.111483277482632,-3.372436595086811,2.6203630986740896,-6.522379752883248e-09,5.218023820371992e-09,-2.4058492265323374e-08,23.82788848876953,0.0,2.0,22.973751210576385,22.96537381170321
14.004966259002686,1.1114832774170678,-3.372436595034271,2.6203630984413118,-6.590670417872989e-09,5.291366304302637e-09,-2.2633154385155352e-08,23.82788848876953,0.0,2.0,22.973751210627213,22.965373811760337
14.015007734298706,1.1114832773508334,-3.3724365949809734,2.6203630982177857,-6.65444454774318e-09,5.367042669933437e-09,-2.2174318711761653e-08,23.82788848876953,0.0,2.0,22.97375121067885,22.965373811818036
14.024995803833008,1.1114832772840293,-3.3724365949269783,2.620363097996392,-6.703256269717401e-09,5.4279143652959185e-09,-2.2165397900790004e-08,23.89453887939453,0.0,2.0,23.039657148686416,23.03130372244831
14.034958600997925,1.1114832772168466,-3.3724365948725126,2.6203630977731724,-6.7287659225940026e-09,5.459439106020759e-09,-2.256227491083968e-08,23.89453887939453,0.0,2.0,23.039657148738865,23.03130372250679
14.045045614242554,1.1114832771495522,-3.3724365948179242,2.6203630975443297,-6.724792466441725e-09,5.450841059645113e-09,-2.3233440613373077e-08,23.89453887939453,0.0,2.0,23.03965714879126,23.03130372256537
14.054988622665405,1.1114832770824639,-3.372436594763657,2.6203630973077447,-6.687346805004647e-09,5.394681021340057e-09,-2.4110978687357244e-08,23.89453887939453,0.0,2.0,23.039657148843286,23.03130372262379
14.064975261688232,1.1114832770159164,-3.372436594710198,2.6203630970618117,-6.616924783920296e-09,5.288658706506607e-09,-2.509836947144136e-08,23.96121597290039,0.0,2.0,23.105593764950264,23.097264185585104
14.078943490982056,1.1114832769502259,-3.3724365946580366,2.6203630968053098,-6.516689945755758e-09,5.136900920754984e-09,-2.620729243947189e-08,23.96121597290039,0.0,2.0,23.10559376500073,23.097264185642477
14.084959745407104,1.111483276904899,-3.372436594622513,2.6203630966190916,-6.432013418998507e-09,5.010085713034685e-09,-2.7000069261919242e-08,23.96121597290039,0.0,2.0,23.10559376503537,23.09726418568213
14.094972372055054,1.1114832768412497,-3.372436594573405,2.620363096342698,-6.295666936452194e-09,4.808943819290294e-09,-2.8289138482479533e-08,24.027877807617188,0.0,2.0,23.171519528203135,23.163213656023537
14.105021715164185,1.1114832767790077,-3.372436594526366,2.6203630960533753,-6.1525017438561985e-09,4.598702401828076e-09,-2.9571812298195446e-08,24.027877807617188,0.0,2.0,23.171519528250098,23.163213656078263
14.114983320236206,1.1114832767181841,-3.3724365944814174,2.620363095751308,-6.013606440784984e-09,4.39297168100517e-09,-3.085803990773783e-08,24.027877807617188,0.0,2.0,23.171519528295622,23.163213656131898
14.12499451637268,1.1114832766586988,-3.3724365944384567,2.6203630954349353,-5.885078700163226e-09,4.202497613643289e-09,-3.24040391439475e-08,24.027877807617188,0.0,2.0,23.171519528339726,23.163213656184492
14.134957075119019,1.1114832766004548,-3.372436594397289,2.6203630951035235,-5.764812841902384e-09,4.035368786039601e-09,-3.384966393669065e-08,24.094552993774414,0.0,2.0,23.237462696634395,23.229180403270984
14.1450355052948,1.111483276543385,-3.372436594357654,2.6203630947649996,-5.649842087796368e-09,3.897199339921552e-09,-3.335524505632113e-08,24.094552993774414,0.0,2.0,23.23746269667605,23.229180403321696
14.154983043670654,1.1114832764874478,-3.372436594319237,2.620363094445035,-5.537968406181552e-09,3.79214816134889e-09,-3.026771820514551e-08,24.094552993774414,0.0,2.0,23.23746269671726,23.229180403371466
14.164963960647583,1.1114832764326215,-3.372436594281689,2.620363094166031,-5.427563456776853e-09,3.723296229944181e-09,-2.525916951993418e-08,24.161203384399414,0.0,2.0,23.30338550525786,23.295126649968203
14.175113916397095,1.1114832763788989,-3.372436594244643,2.6203630939435687,-5.316744284801983e-09,3.6923018663574717e-09,-1.924948256838137e-08,24.161203384399414,0.0,2.0,23.303385505299715,23.295126650016
14.185004472732544,1.1114832763263123,-3.3724365942077377,2.620363093776111,-5.198770659918792e-09,3.693443657294138e-09,-1.4537936026796561e-08,24.161203384399414,0.0,2.0,23.303385505341932,23.295126650062688
14.194975852966309,1.1114832762749647,-3.372436594170705,2.6203630936476965,-5.068380057590558e-09,3.7157712102891522e-09,-1.1374836797849827e-08,24.227876663208008,0.0,2.0,23.36933508187821,23.36109954178406
14.204979181289673,1.111483276224994,-3.372436594133386,2.6203630935445696,-4.9235740095715275e-09,3.749017498026318e-09,-9.408999496822506e-09,24.227876663208008,0.0,2.0,23.369335081919516,23.36109954182812
14.214998006820679,1.111483276176536,-3.3724365940957255,2.6203630934563167,-4.765977702040987e-09,3.78220693713372e-09,-8.385074903058847e-09,24.227876663208008,0.0,2.0,23.369335081959672,23.361099541870637
14.225005626678467,1.1114832761297109,-3.372436594057771,2.620363093374923,-4.597252899254187e-09,3.806711918732877e-09,-7.97476704788453e-09,24.227876663208008,0.0,2.0,23.36933508199835,23.36109954191149
14.23496150970459,1.1114832760846232,-3.3724365940196424,2.6203630932954227,-4.418630665837033e-09,3.81614095225339e-09,-7.985231052001458e-09,24.2945499420166,0.0,2.0,23.435288754040396,23.427076399280583
14.24501657485962,1.1114832760413664,-3.3724365939815133,2.6203630932138204,-4.231840139931591e-09,3.806512251846397e-09,-8.380016761458927e-09,24.2945499420166,0.0,2.0,23.435288754075543,23.4270763993179
14.254960536956787,1.111483275999998,-3.3724365939435748,2.6203630931271187,-4.041679556784653e-09,3.778117834328134e-09,-8.990196606533514e-09,24.2945499420166,0.0,2.0,23.43528875410871,23.427076399353375
14.264992237091064,1.1114832759605269,-3.3724365939060075,2.6203630930324975,-3.8534998525777946e-09,3.733133178578594e-09,-1.0029809581101237e-08,24.3612060546875,0.0,2.0,23.501229504746536,23.493040200612015
14.274971723556519,1.1114832759228936,-3.372436593868932,2.620363092926175,-3.6754373199003768e-09,3.6821603047429057e-09,-1.1288753227843237e-08,24.3612060546875,0.0,2.0,23.501229504775637,23.493040200643936
14.285012483596802,1.111483275886961,-3.372436593832341,2.620363092805806,-3.5142486969508166e-09,3.6379157981513445e-09,-1.2771353669713299e-08,24.3612060546875,0.0,2.0,23.501229504802758,23.493040200674244
14.294975519180298,1.111483275852535,-3.3724365937961176,2.6203630926709782,-3.374888419304676e-09,3.609906619656418e-09,-1.4184117876220317e-08,24.427867889404297,0.0,2.0,23.56717994145665,23.559013562249344
14.304997205734253,1.1114832758193778,-3.3724365937600647,2.620363092521773,-3.261161966785064e-09,3.6042091803928053e-09,-1.5670033596843053e-08,24.427867889404297,0.0,2.0,23.567179941480372,23.559013562277
14.31499695777893,1.1114832757872175,-3.372436593723964,2.6203630923577945,-3.175770882863726e-09,3.618843214308762e-09,-1.712502459682543e-08,24.427867889404297,0.0,2.0,23.567179941502705,23.559013562303658
14.324950933456421,1.1114832757557662,-3.372436593687637,2.6203630921792076,-3.11887771615711e-09,3.6483445588919724e-09,-1.858035380156576e-08,24.427867889404297,0.0,2.0,23.56717994152392,23.559013562329586
14.334968328475952,1.1114832757247555,-3.37243659365097,2.620363091986184,-3.0869812745395206e-09,3.685625496220797e-09,-2.005441347632509e-08,24.494537353515625,0.0,2.0,23.633141918690942,23.624998340382763
14.345021724700928,1.1114832756939699,-3.372436593613914,2.6203630917781884,-3.0719673396399025e-09,3.725492112598132e-09,-2.1531138082762438e-08,24.494537353515625,0.0,2.0,23.633141918710653,23.62499834040795
14.35497236251831,1.111483275663295,-3.372436593576464,2.6203630915555354,-3.0631357720661464e-09,3.763965213254025e-09,-2.302860966047063e-08,24.494537353515625,0.0,2.0,23.633141918729812,23.624998340432956
14.364958047866821,1.1114832756327133,-3.372436593538649,2.6203630913177487,-3.0523611367253683e-09,3.79804727202467e-09,-2.451511714573571e-08,24.561199188232422,0.0,2.0,23.699100306217108,23.690979400587693
14.37504506111145,1.1114832756022752,-3.372436593500524,2.6203630910654714,-3.0336239622544584e-09,3.825517665092364e-09,-2.592207995928161e-08,24.561199188232422,0.0,2.0,23.699100306235195,23.690979400612395
14.385002374649048,1.1114832755720823,-3.372436593462166,2.620363090802904,-3.002464913632262e-09,3.844731312746922e-09,-2.6338915759497387e-08,24.561199188232422,0.0,2.0,23.699100306252742,23.69097940063682
14.395005226135254,1.111483275542277,-3.37243659342366,2.620363090544235,-2.955989020739154e-09,3.854846095043682e-09,-2.4983491380771717e-08,24.62788200378418,0.0,2.0,23.765083380590738,23.756985030140513
14.405009269714355,1.1114832755130102,-3.37243659338509,2.620363090311108,-2.895341603311798e-09,3.858270460502801e-09,-2.1301578700460128e-08,24.62788200378418,0.0,2.0,23.76508338060814,23.756985030164007
14.41499662399292,1.1114832754844106,-3.372436593346505,2.620363090124069,-2.822943711623807e-09,3.858238050668057e-09,-1.587009281386176e-08,24.62788200378418,0.0,2.0,23.76508338062608,23.756985030186836
14.425059080123901,1.111483275456585,-3.3724365933079268,2.6203630899912107,-2.7406014187145447e-09,3.857155940125417e-09,-1.1004888966911704e-08,24.62788200378418,0.0,2.0,23.76508338064467,23.756985030208906
14.434978485107422,1.1114832754296273,-3.3724365932693594,2.620363089898735,-2.649652696066352e-09,3.856807332384934e-09,-7.715084793480666e-09,24.694541931152344,0.0,2.0,23.83104770038844,23.82297177379179
14.445101261138916,1.1114832754036166,-3.3724365932307836,2.620363089832569,-2.551088736558581e-09,3.858513257308521e-09,-5.710341917762187e-09,24.694541931152344,0.0,2.0,23.831047700406994,23.82297177381208
14.455017566680908,1.1114832753786281,-3.372436593192177,2.620363089781737,-2.4456438336725584e-09,3.863252358275229e-09,-4.573425389058571e-09,24.694541931152344,0.0,2.0,23.83104770042494,23.822971773831352
14.464988231658936,1.1114832753547257,-3.372436593153506,2.620363089738492,-2.3338619658835708e-09,3.871749631858903e-09,-4.177401083718483e-09,24.761201858520508,0.0,2.0,23.89701588066777,23.88896225535504
14.475290775299072,1.1114832753319708,-3.3724365931147293,2.620363089696634,-2.216146121031475e-09,3.8845421688337314e-09,-4.2923676782403715e-09,24.761201858520508,0.0,2.0,23.897015880683732,23.888962255372096
14.484996795654297,1.1114832753104211,-3.3724365930758005,2.6203630896515047,-2.092795072283308e-09,3.902027603886777e-09,-4.774160310976732e-09,24.761201858520508,0.0,2.0,23.897015880698394,23.888962255387934
14.49497365951538,1.11148327529013,-3.3724365930366753,2.6203630896001653,-1.9650384266559742e-09,3.923406569700124e-09,-5.5170518383535996e-09,24.827877044677734,0.0,2.0,23.963002991312216,23.954971550780435
14.50497555732727,1.111483275271121,-3.372436592997333,2.62036308954041,-1.8370047595099754e-09,3.944595812855419e-09,-6.485562320487487e-09,24.827877044677734,0.0,2.0,23.963002991323947,23.95497155079372
14.514987230300903,1.1114832752533783,-3.372436592957796,2.6203630894701884,-1.7123962766930045e-09,3.961872009168858e-09,-7.565530562948985e-09,24.827877044677734,0.0,2.0,23.963002991334125,23.954971550805713
14.525030851364136,1.1114832752368529,-3.3724365929181195,2.620363089388709,-1.5939556409072612e-09,3.972476852316326e-09,-8.812308588130478e-09,24.894542694091797,0.0,2.0,24.02898446161872,24.0209750820827
14.534947872161865,1.1114832752214723,-3.3724365928783753,2.6203630892934906,-1.4837146673793487e-09,3.9743669386657265e-09,-1.022165184698589e-08,24.894542694091797,0.0,2.0,24.028984461625907,24.020975082092345
14.545037508010864,1.1114832752071462,-3.3724365928386653,2.620363089183811,-1.3829102654933762e-09,3.965781191514895e-09,-1.17499907537077e-08,24.894542694091797,0.0,2.0,24.028984461631683,24.02097508210096
14.55499529838562,1.1114832751937884,-3.3724365927991085,2.620363089058717,-1.2893951548797064e-09,3.942591298258595e-09,-1.3254470605725913e-08,24.894542694091797,0.0,2.0,24.02898446163612,24.020975082108635
14.564980506896973,1.1114832751813446,-3.372436592759877,2.6203630889188023,-1.1996607937214492e-09,3.8999713274560015e-09,-1.47573796297283e-08,24.961198806762695,0.0,2.0,24.09496025876846,24.08697281747
14.574998617172241,1.1114832751697907,-3.3724365927211855,2.6203630887636256,-1.1110740494232467e-09,3.834314858523924e-09,-1.626303673486514e-08,24.961198806762695,0.0,2.0,24.094960258770488,24.086972817476024
14.585004329681396,1.1114832751591244,-3.372436592683277,2.6203630885935625,-1.0220928359998798e-09,3.743326776185979e-09,-1.7751870655451717e-08,24.961198806762695,0.0,2.0,24.09496025877136,24.08697281748127
14.59496545791626,1.111483275149343,-3.3724365926463995,2.6203630884087965,-9.348647145958377e-10,3.628339123500395e-09,-1.9211905155048567e-08,25.02787971496582,0.0,2.0,24.160964335045627,24.152998721440095
14.60497522354126,1.1114832751404116,-3.372436592610781,2.6203630882089906,-8.525532145578026e-10,3.4917881204498596e-09,-2.0733989129822882e-08,25.02787971496582,0.0,2.0,24.160964335044365,24.152998721443964
14.615033626556396,1.1114832751322679,-3.372436592576627,2.620363087994348,-7.775032528045439e-10,3.3355098220728267e-09,-2.2201329017998256e-08,25.02787971496582,0.0,2.0,24.16096433504215,24.152998721447258
14.624990940093994,1.1114832751248327,-3.372436592544121,2.6203630877695483,-7.112441292378435e-10,3.16392650600808e-09,-2.226085524195214e-08,25.09455108642578,0.0,2.0,24.226962677414956,24.21901877063128
14.634992361068726,1.1114832751180095,-3.3724365925133646,2.620363087558231,-6.553570626703484e-10,2.9865894869638647e-09,-1.961460887379673e-08,25.09455108642578,0.0,2.0,24.226962677412022,24.219018770633753
14.645028829574585,1.1114832751116899,-3.372436592484377,2.620363087380945,-6.101895117810272e-10,2.8124652076143006e-09,-1.580132185530133e-08,25.09455108642578,0.0,2.0,24.2269626774097,24.219018770635973
14.655006647109985,1.1114832751057806,-3.3724365924570714,2.620363087243182,-5.72690317126763e-10,2.651603456921485e-09,-1.1618290358778665e-08,25.09455108642578,0.0,2.0,24.22696267740822,24.21901877063803
14.664977550506592,1.111483275100229,-3.37243659243128,2.6203630871468855,-5.37495599851866e-10,2.5098804816796503e-09,-7.888028659345458e-09,25.161209106445312,0.0,2.0,24.29295147759388,24.28502915651608
14.675016403198242,1.1114832750950452,-3.3724365924068014,2.6203630870811643,-4.980309234904701e-10,2.3892524221619852e-09,-5.43901100314145e-09,25.161209106445312,0.0,2.0,24.292951477593938,24.28502915651782
14.685009479522705,1.111483275090299,-3.372436592383419,2.620363087034951,-4.4929370567946453e-10,2.2910466508792707e-09,-3.939162246253859e-09,25.161209106445312,0.0,2.0,24.29295147759421,24.285029156519276
14.694987058639526,1.1114832750861026,-3.3724365923609043,2.620363087000046,-3.8757794165382247e-10,2.2162465099200795e-09,-3.142474741550698e-09,25.227882385253906,0.0,2.0,24.358959028868814,24.351058182559484
14.705002307891846,1.1114832750826,-3.3724365923390143,2.620363086970294,-3.101931541003129e-10,2.16552080572527e-09,-2.9170252942497828e-09,25.227882385253906,0.0,2.0,24.358959028868494,24.35105818255992
14.715001583099365,1.1114832750799468,-3.3724365923175235,2.6203630869401198,-2.1871566639662666e-10,2.1354922223929748e-09,-3.1658950766330424e-09,25.227882385253906,0.0,2.0,24.358959028867375,24.351058182559573
14.725027799606323,1.1114832750782493,-3.372436592296265,2.620363086905974,-1.199140224523752e-10,2.117582103388646e-09,-3.738624671647466e-09,25.227882385253906,0.0,2.0,24.358959028865243,24.351058182558308
14.734980821609497,1.1114832750775538,-3.3724365922751534,2.620363086864602,-1.9316921389242572e-11,2.104877073942864e-09,-4.563884485889887e-09,25.294538497924805,0.0,2.0,24.424953200359266,24.41707370837456
14.745050191879272,1.1114832750778543,-3.3724365922541657,2.620363086813654,7.897987442960744e-11,2.0922555802474545e-09,-5.632765505050593e-09,25.294538497924805,0.0,2.0,24.42495320035478,24.417073708371362
14.755006313323975,1.1114832750791135,-3.37243659223332,2.6203630867518224,1.7194214987821354e-10,2.075923480583275e-09,-6.7390392507358476e-09,25.294538497924805,0.0,2.0,24.424953200349083,24.41707370836724
14.764968633651733,1.111483275081267,-3.3724365922126704,2.620363086678727,2.573221029235507e-10,2.0530700042044724e-09,-7.915309732026431e-09,25.361207962036133,0.0,2.0,24.49096417703715,24.483105929632444
14.775003671646118,1.1114832750842298,-3.3724365921922894,2.620363086593077,3.3345451996125847e-10,2.0216128804474923e-09,-9.210630039258554e-09,25.361207962036133,0.0,2.0,24.490964177029237,24.483105929626703
14.78500247001648,1.111483275087902,-3.372436592172274,2.6203630864945824,3.9910578022068713e-10,1.9800095260103026e-09,-1.049335285140421e-08,25.361207962036133,0.0,2.0,24.490964177020352,24.483105929620308
14.794968605041504,1.111483275092174,-3.372436592152729,2.6203630863818383,4.533619949250668e-10,1.9271171684084353e-09,-1.204634364210094e-08,25.427879333496094,0.0,2.0,24.556980600151103,24.549143484799067
14.804986715316772,1.1114832750969292,-3.3724365921337727,2.620363086253657,4.956973935320818e-10,1.8622533277869999e-09,-1.3636294271196603e-08,25.427879333496094,0.0,2.0,24.55698060014055,24.54914348479175
14.815006017684937,1.1114832751020558,-3.3724365921155166,2.6203630861091893,5.282864049631308e-10,1.7876942011642476e-09,-1.52377959535463e-08,25.427879333496094,0.0,2.0,24.55698060012932,24.549143484784164
14.825022459030151,1.1114832751074752,-3.3724365920980395,2.620363085949224,5.54831569229963e-10,1.7073954539721748e-09,-1.6751518331183704e-08,25.494550704956055,0.0,2.0,24.62300055262707,24.615184457083892
14.83495807647705,1.111483275113147,-3.3724365920813764,2.6203630857741484,5.794451319189707e-10,1.6257732078002795e-09,-1.8232961822348464e-08,25.494550704956055,0.0,2.0,24.623000552614755,24.615184457075987
14.84504246711731,1.1114832751190797,-3.3724365920655073,2.6203630855902538,6.082754332202004e-10,1.5494720678376545e-09,-1.8263306184879904e-08,25.494550704956055,0.0,2.0,24.623000552602075,24.61518445706794
14.85500454902649,1.1114832751253392,-3.372436592050348,2.62036308541659,6.449180071266437e-10,1.4852102799198647e-09,-1.6074471149875525e-08,25.494550704956055,0.0,2.0,24.623000552589428,24.615184457059666
14.864975690841675,1.1114832751319974,-3.37243659203574,2.6203630852724857,6.874549322494958e-10,1.4395731616566993e-09,-1.2562542229635078e-08,25.561220169067383,0.0,2.0,24.689022117279887,24.681226929590974
14.875002145767212,1.1114832751390986,-3.372436592021496,2.6203630851710265,7.333078619636151e-10,1.4122440084269402e-09,-7.513943135908136e-09,25.561220169067383,0.0,2.0,24.689022117268365,24.681226929581996
14.885010480880737,1.1114832751466701,-3.372436592007452,2.6203630851187074,7.810882450908824e-10,1.3983351934238691e-09,-3.2449674315514527e-09,25.561220169067383,0.0,2.0,24.689022117257633,24.681226929572574
14.894998550415039,1.1114832751547132,-3.3724365919935093,2.6203630851014093,8.269784731058044e-10,1.3909348322317772e-09,-4.168466622673834e-10,25.62787437438965,0.0,2.0,24.75503204310225,24.747257648023606
14.90499758720398,1.1114832751631922,-3.372436591979631,2.620363085106893,8.678380277221798e-10,1.3845835690271864e-09,1.3638485508686544e-09,25.62787437438965,0.0,2.0,24.755032043092104,24.747257648013314
14.91495656967163,1.111483275172045,-3.372436591965828,2.6203630851248,9.013403553637825e-10,1.3752370135463878e-09,2.0915828623927943e-09,25.62787437438965,0.0,2.0,24.755032043081904,24.747257648002662
14.924971580505371,1.111483275181188,-3.372436591952146,2.6203630851470585,9.257619024645332e-10,1.3598990069587211e-09,2.289714312548604e-09,25.69455337524414,0.0,2.0,24.821069970264375,24.813316265895352
14.934956789016724,1.1114832751905244,-3.3724365919386567,2.6203630851693793,9.398258285984995e-10,1.336349939046461e-09,2.1220655406762907e-09,25.69455337524414,0.0,2.0,24.82106997025386,24.81331626588427
14.94511866569519,1.1114832751990034,-3.372436591926757,2.6203630851868893,9.42840420544859e-10,1.3067669241167935e-09,1.7373343747080836e-09,25.69455337524414,0.0,2.0,24.82106997024428,24.813316265874256
14.954990863800049,1.1114832752093362,-3.372436591912635,2.6203630852023805,9.3334235534999e-10,1.258467488293003e-09,1.0440705337149088e-09,25.69455337524414,0.0,2.0,24.82106997023251,24.813316265862092
14.96499228477478,1.1114832752185704,-3.3724365919003225,2.6203630852089828,9.115750887144903e-10,1.2020135301964997e-09,2.4728931732637716e-10,25.76120948791504,0.0,2.0,24.887088646219222,24.879355516718753
14.975002765655518,1.1114832752275234,-3.372436591888636,2.6203630852062574,8.768998528691089e-10,1.1329150733938708e-09,-8.004945495735931e-10,25.76120948791504,0.0,2.0,24.8870886462087,24.879355516708294
14.985023736953735,1.1114832752360646,-3.3724365918777055,2.620363085192822,8.290279729593784e-10,1.050680333720446e-09,-1.904012244037206e-09,25.76120948791504,0.0,2.0,24.88708864619843,24.879355516698347
14.994964599609375,1.1114832752440553,-3.372436591867661,2.6203630851678117,7.663320074087677e-10,9.56247867066682e-10,-3.098962441467172e-09,25.827882766723633,0.0,2.0,24.95312771469779,24.94541505745254
15.004995584487915,1.1114832752513268,-3.372436591858607,2.620363085130653,6.844840189484461e-10,8.536869592990338e-10,-4.350497264388545e-09,25.827882766723633,0.0,2.0,24.95312771468844,24.945415057444112
15.014982223510742,1.1114832752576784,-3.3724365918505934,2.620363085080704,5.826047708662643e-10,7.495336147182483e-10,-5.674461631824332e-09,25.827882766723633,0.0,2.0,24.95312771467982,24.945415057436733
15.025015830993652,1.1114832752629151,-3.3724365918436003,2.620363085016972,4.618105124703202e-10,6.505476207599562e-10,-7.06313715041816e-09,25.894550323486328,0.0,2.0,25.019164479254588,25.01147218543408
15.034961223602295,1.1114832752668573,-3.3724365918375487,2.6203630849389374,3.243203365310535e-10,5.616074732221731e-10,-8.544826099817688e-09,25.894550323486328,0.0,2.0,25.019164479247934,25.011472185429362
15.045040130615234,1.1114832752693737,-3.372436591832322,2.6203630848463084,1.7847155964201247e-10,4.865314476280635e-10,-9.970196660879627e-09,25.894550323486328,0.0,2.0,25.019164479242438,25.011472185426165
15.054982662200928,1.1114832752704267,-3.3724365918277632,2.6203630847389743,3.3130126745113996e-11,4.2780354221480857e-10,-1.1577448891034458e-08,25.894550323486328,0.0,2.0,25.01916447923812,25.011472185424502
15.0649893283844,1.1114832752700727,-3.372436591823731,2.6203630846148043,-1.0106192661590112e-10,3.7893480373587933e-10,-1.3276380082596586e-08,25.961210250854492,0.0,2.0,25.085197023019624,25.077524984076078
15.075045585632324,1.1114832752684651,-3.3724365918201866,2.620363084472767,-2.1784289102429444e-10,3.2854935225660617e-10,-1.5084335866466397e-08,25.961210250854492,0.0,2.0,25.085197023017223,25.07752498407719
15.085023880004883,1.1114832752657695,-3.372436591817192,2.6203630843204855,-3.190614316532371e-10,2.6809318168428547e-10,-1.486703426894907e-08,25.961210250854492,0.0,2.0,25.085197023015724,25.077524984079457
15.094977140426636,1.1114832752621284,-3.3724365918148784,2.6203630841810344,-4.0709781266742445e-10,1.9153410315789056e-10,-1.2789602397546678e-08,26.02788543701172,0.0,2.0,25.15124799305327,25.14359610819128
15.104962587356567,1.111483275257665,-3.3724365918134276,2.620363084071393,-4.837153778194158e-10,9.440336000573521e-11,-8.913430996528006e-09,26.02788543701172,0.0,2.0,25.151247993054792,25.143596108195506
15.114980697631836,1.1114832752524866,-3.3724365918130674,2.6203630840049756,-5.50629030734085e-10,-2.6232996991874283e-11,-4.146074096962779e-09,26.02788543701172,0.0,2.0,25.151247993058238,25.14359610820059
15.125014066696167,1.1114832752466703,-3.3724365918140298,2.620363083986461,-6.12315384615811e-10,-1.6942528036930163e-10,1.467005534685874e-10,26.094539642333984,0.0,2.0,25.217281462577237,25.20964962086677
15.13496708869934,1.1114832752402495,-3.372436591816519,2.6203630840030714,-6.713961758945313e-10,-3.305606824461538e-10,2.973514377619919e-09,26.094539642333984,0.0,2.0,25.217281462584335,25.20964962087347
15.145041465759277,1.1114832752332522,-3.372436591820681,2.620363084042241,-7.273687068743156e-10,-5.0336175191193e-10,4.671743830181346e-09,26.094539642333984,0.0,2.0,25.21728146259279,25.20964962088096
15.15499234199524,1.1114832752257136,-3.372436591826592,2.6203630840938463,-7.79634711963153e-10,-6.779969333287452e-10,5.545108510808484e-09,26.094539642333984,0.0,2.0,25.21728146260232,25.209649620889223
15.164967060089111,1.1114832752176709,-3.3724365918342065,2.6203630841513457,-8.282635567653107e-10,-8.42520100329239e-10,5.877684741571931e-09,26.161209106445312,0.0,2.0,25.28333330757227,25.275721409795917
15.17502474784851,1.1114832752091601,-3.372436591843376,2.620363084209729,-8.732813854414426e-10,-9.879712515392694e-10,5.6836079103742376e-09,26.161209106445312,0.0,2.0,25.28333330758336,25.275721409805577
15.184993982315063,1.111483275200225,-3.372436591853885,2.6203630842639294,-9.122477240821696e-10,-1.1099798507363137e-09,5.123755136054301e-09,26.161209106445312,0.0,2.0,25.283333307594944,25.27572140981583
15.195005416870117,1.1114832751909502,-3.372436591865493,2.6203630843116406,-9.40753849764412e-10,-1.2077052169151984e-09,4.394577769909452e-09,26.22787857055664,0.0,2.0,25.3493883862234,25.341796329369018
15.204979181289673,1.111483275181457,-3.372436591877956,2.6203630843514016,-9.554015821422415e-10,-1.28064632901488e-09,3.5399616871592018e-09,26.22787857055664,0.0,2.0,25.34938838623544,25.341796329380088
15.214992761611938,1.1114832751718973,-3.3724365918910206,2.6203630843821295,-9.536734875884423e-10,-1.3284320201144558e-09,2.592418439779141e-09,26.22787857055664,0.0,2.0,25.3493883862474,25.3417963293913
15.224998712539673,1.111483275162445,-3.372436591904437,2.6203630844030212,-9.337046054327399e-10,-1.3507873219309263e-09,1.576033601838105e-09,26.294540405273438,0.0,2.0,25.415439113683245,25.40786679327586
15.234967947006226,1.1114832751532888,-3.37243659191795,2.6203630844128476,-8.943606237742498e-10,-1.3477768297075422e-09,3.388057521626736e-10,26.294540405273438,0.0,2.0,25.415439113694347,25.407866793286725
15.245022773742676,1.111483275144616,-3.3724365919313186,2.6203630844097727,-8.37624897166325e-10,-1.3225120023192803e-09,-9.500134717877133e-10,26.294540405273438,0.0,2.0,25.415439113704643,25.4078667932971
15.255004405975342,1.1114832751365826,-3.3724365919443424,2.620363084393683,-7.671109204926135e-10,-1.2796242491468038e-09,-2.278208833877809e-09,26.294540405273438,0.0,2.0,25.415439113713937,25.40786679330679
15.26499080657959,1.1114832751293005,-3.372436591956875,2.6203630843641954,-6.885592248313702e-10,-1.2258685085796354e-09,-3.6518430584577135e-09,26.3612060546875,0.0,2.0,25.481496803911494,25.473944119655087
15.275022029876709,1.1114832751228194,-3.372436591968844,2.6203630843204992,-6.076719190484588e-10,-1.1678215380338906e-09,-5.077314306321256e-09,26.3612060546875,0.0,2.0,25.481496803918443,25.4739441196631
15.285051345825195,1.1114832751171408,-3.372436591980233,2.6203630842628356,-5.286847650481942e-10,-1.1103680313677124e-09,-6.447756759218585e-09,26.3612060546875,0.0,2.0,25.48149680392417,25.473944119670232
15.295020580291748,1.1114832751122288,-3.3724365919910655,2.6203630841914296,-4.5473569305494985e-10,-1.0571266578976587e-09,-7.866492555141632e-09,26.427894592285156,0.0,2.0,25.54758033363452,25.54004719156333
15.30496096611023,1.1114832751080206,-3.372436592001399,2.620363084105571,-3.8814933955624733e-10,-1.0107781937701955e-09,-9.294671724137371e-09,26.427894592285156,0.0,2.0,25.547580333637967,25.540047191568863
15.314977169036865,1.1114832751044346,-3.372436592011311,2.620363084005699,-3.306476054765614e-10,-9.733083541306826e-10,-1.0697218202547355e-08,26.427894592285156,0.0,2.0,25.547580333640408,25.540047191573727
15.325030088424683,1.1114832751013757,-3.3724365920208967,2.620363083890888,-2.824976027308513e-10,-9.450939949071475e-10,-1.2252606683615765e-08,26.427894592285156,0.0,2.0,25.547580333641918,25.540047191578026
15.334970235824585,1.1114832750987669,-3.372436592030231,2.6203630837592873,-2.3967128213090657e-10,-9.218292855197513e-10,-1.4050452116858035e-08,26.494544982910156,0.0,2.0,25.613629195908896,25.606115484974
15.345043897628784,1.1114832750965875,-3.3724365920393256,2.620363083617248,-1.953232475294048e-10,-8.96134943358507e-10,-1.3843522611996895e-08,26.494544982910156,0.0,2.0,25.613629195908814,25.60611548497736
15.354988098144531,1.111483275094884,-3.3724365920481256,2.6203630834898703,-1.4373862117228307e-10,-8.618458840901352e-10,-1.1480074941305484e-08,26.494544982910156,0.0,2.0,25.613629195908576,25.606115484980208
15.364962339401245,1.1114832750937498,-3.372436592056518,2.6203630833930296,-8.068394917666163e-11,-8.143951554047487e-10,-7.563669875943534e-09,26.561208724975586,0.0,2.0,25.679694398435547,25.672200023406738
15.375036716461182,1.1114832750933152,-3.3724365920643598,2.620363083341454,-4.122185761164789e-12,-7.514096393844825e-10,-2.654758165233439e-09,26.561208724975586,0.0,2.0,25.67969439843576,25.672200023408198
15.385032415390015,1.1114832750936983,-3.3724365920714927,2.6203630833376033,8.177501783260596e-11,-6.723591720569546e-10,1.5960268144089684e-09,26.561208724975586,0.0,2.0,25.679694398436226,25.672200023408756
15.394975423812866,1.1114832750949597,-3.372436592077752,2.6203630833680416,1.7046383444314692e-10,-5.775741411749345e-10,4.296096513849515e-09,26.627887725830078,0.0,2.0,25.745777809502783,25.73830267638253
15.404978275299072,1.1114832750971022,-3.3724365920830133,2.620363083420135,2.573497401196933e-10,-4.737647755179503e-10,5.9561812641845415e-09,26.627887725830078,0.0,2.0,25.745777809502602,25.738302676381096
15.414995908737183,1.1114832751000905,-3.3724365920872175,2.6203630834841425,3.392696077702487e-10,-3.6704251409076286e-10,6.745538169754292e-09,26.627887725830078,0.0,2.0,25.745777809501732,25.738302676378677
15.42499589920044,1.111483275103863,-3.372436592090359,2.6203630835533205,4.1388013647064204e-10,-2.6193482205825704e-10,7.015879907235461e-09,26.69455337524414,0.0,2.0,25.811851050860284,25.804395058136155
15.434994459152222,1.1114832751083374,-3.3724365920924706,2.6203630836231095,4.794453659882391e-10,-1.6179572701232269e-10,6.833682661579547e-09,26.69455337524414,0.0,2.0,25.811851050857808,25.804395058131995
15.445040941238403,1.1114832751134172,-3.3724365920936172,2.6203630836881535,5.346792653039995e-10,-6.910995376281976e-11,6.148754441431952e-09,26.69455337524414,0.0,2.0,25.811851050854482,25.80439505812711
15.455015182495117,1.1114832751189931,-3.372436592093883,2.6203630837456298,5.786291194674186e-10,1.4281767828778167e-11,5.3269188796596e-09,26.69455337524414,0.0,2.0,25.811851050850375,25.80439505812161
15.465036869049072,1.1114832751249497,-3.3724365920933668,2.620363083794355,6.105891403813701e-10,8.701579118973128e-11,4.40365997671557e-09,26.761201858520508,0.0,2.0,25.87791031615213,25.87047336202177
15.475069284439087,1.1114832751311636,-3.3724365920921815,2.620363083833452,6.30036468004811e-10,1.4808190277022035e-10,3.40526483448209e-09,26.761201858520508,0.0,2.0,25.877910316146746,25.87047336201545
15.485109567642212,1.1114832751375077,-3.3724365920904464,2.6203630838622742,6.365837577973822e-10,1.9673171763286454e-10,2.3512077262689607e-09,26.761201858520508,0.0,2.0,25.877910316140923,25.87047336200893
15.494997501373291,1.111483275143851,-3.37243659208829,2.6203630838802354,6.29944057563309e-10,2.3241081869088518e-10,1.1975629086889858e-09,26.827896118164062,0.0,2.0,25.944017970163227,25.936599971474884
15.505100011825562,1.1114832751500614,-3.3724365920858426,2.620363083885888,6.099047883079318e-10,2.5470848325227466e-10,-6.493615570085329e-11,26.827896118164062,0.0,2.0,25.944017970156885,25.936599971468407
15.515007257461548,1.1114832751560042,-3.3724365920832406,2.620363083878928,5.76348491486274e-10,2.6336386439799006e-10,-1.3438210312893527e-09,26.827896118164062,0.0,2.0,25.944017970150494,25.93659997146218
15.524999380111694,1.1114832751615502,-3.3724365920806134,2.620363083858923,5.311361861780395e-10,2.60297281721088e-10,-2.6523840658531567e-09,26.89455223083496,0.0,2.0,26.010090805232288,26.002691655684693
15.534966468811035,1.1114832751666046,-3.3724365920780572,2.6203630838256005,4.790794084325961e-10,2.506558958925468e-10,-4.0088234912251155e-09,26.89455223083496,0.0,2.0,26.01009080522615,26.002691655679346
15.545023202896118,1.1114832751711325,-3.3724365920755988,2.6203630837785212,4.2718650173950595e-10,2.419893185553351e-10,-5.4351471444549395e-09,26.89455223083496,0.0,2.0,26.010090805220223,26.002691655674543
15.55497145652771,1.1114832751751684,-3.3724365920731936,2.620363083717014,3.8152061977872713e-10,2.4083571806880554e-10,-6.867144553465988e-09,26.89455223083496,0.0,2.0,26.010090805214443,26.002691655670226
15.564981460571289,1.111483275178795,-3.3724365920707453,2.620363083641095,3.4527075362219694e-10,2.5062529392881147e-10,-8.30544100030097e-09,26.96120834350586,0.0,2.0,26.076166609208094,26.068786214084355
15.575032711029053,1.1114832751821033,-3.3724365920681474,2.6203630835510983,3.1769367748995287e-10,2.705296178243009e-10,-9.685385895731082e-09,26.96120834350586,0.0,2.0,26.07616660920234,26.06878621408074
15.58502197265625,1.111483275185176,-3.372436592065307,2.620363083446356,2.982215539298863e-10,2.982765439041675e-10,-1.1285494885004177e-08,26.96120834350586,0.0,2.0,26.07616660919643,26.068786214077317
15.59497857093811,1.1114832751880945,-3.372436592062184,2.6203630833253726,2.8672399074124964e-10,3.255269801398896e-10,-1.296443369840083e-08,27.027877807617188,0.0,2.0,26.14225859567519,26.13489686469033
15.60500979423523,1.1114832751909187,-3.37243659205883,2.6203630831916884,2.775179492097283e-10,3.4319870391311113e-10,-1.3277866880706529e-08,27.027877807617188,0.0,2.0,26.142258595668785,26.134896864687096
15.614992380142212,1.1114832751936106,-3.3724365920553643,2.6203630830689435,2.5809640806891284e-10,3.4799712746596163e-10,-1.0967366128749776e-08,27.027877807617188,0.0,2.0,26.14225859566276,26.13489686468398
15.625000715255737,1.1114832751960095,-3.372436592051916,2.6203630829756746,2.1733565811628046e-10,3.390609449300792e-10,-7.401480075456023e-09,27.094547271728516,0.0,2.0,26.20835350742266,26.20101034722353
15.634972095489502,1.1114832751978598,-3.3724365920486297,2.6203630829256905,1.4735912464552677e-10,3.161722069916692e-10,-2.568428713093352e-09,27.094547271728516,0.0,2.0,26.20835350741922,26.20101034722127
15.645036220550537,1.1114832751988497,-3.3724365920456294,2.6203630829207163,4.536400665977187e-11,2.8245942266460614e-10,1.3189630825952999e-09,27.094547271728516,0.0,2.0,26.208353507417733,26.201010347219903
15.655026197433472,1.1114832751986587,-3.372436592043004,2.6203630829476756,-8.849147111643366e-11,2.418448249843114e-10,3.884386012001683e-09,27.094547271728516,0.0,2.0,26.208353507418224,26.201010347219757
15.664991855621338,1.1114832751969954,-3.3724365920408053,2.6203630829951483,-2.477562877808889e-10,1.9750424898992487e-10,5.4704700503315005e-09,27.161205291748047,0.0,2.0,26.274439976175774,26.26711529092832
15.675041675567627,1.1114832751936474,-3.372436592039056,2.620363083054152,-4.236771004073055e-10,1.5212691460954007e-10,6.206154402318514e-09,27.161205291748047,0.0,2.0,26.27443997618026,26.267115290931415
15.685078859329224,1.1114832751885102,-3.3724365920377566,2.6203630831175864,-6.032791454407932e-10,1.08119710392906e-10,6.40983803106722e-09,27.161205291748047,0.0,2.0,26.274439976186684,26.267115290936342
15.69498872756958,1.111483275181612,-3.372436592036885,2.6203630831811284,-7.742305480692873e-10,6.706113464950697e-11,6.246302425067363e-09,27.22788429260254,0.0,2.0,26.34055012760797,26.333243831135846
15.705000638961792,1.1114832751730863,-3.3724365920364034,2.6203630832403,-9.273804741887964e-10,3.011190072830667e-11,5.533715111565794e-09,27.22788429260254,0.0,2.0,26.340550127617753,26.333243831144244
15.715010404586792,1.1114832751631467,-3.3724365920362684,2.6203630832913785,-1.0559498194430342e-09,-1.8681148217376317e-12,4.664830052442274e-09,27.22788429260254,0.0,2.0,26.340550127628795,26.333243831154082
15.725067615509033,1.1114832751520665,-3.3724365920364234,2.6203630833332987,-1.1549164991498648e-09,-2.824190017364506e-11,3.706715995651291e-09,27.22788429260254,0.0,2.0,26.340550127640785,26.33324383116509
15.734978914260864,1.1114832751401604,-3.3724365920368125,2.620363083365292,-1.2205600610044785e-09,-4.8537545273793783e-11,2.6824995097522456e-09,27.294546127319336,0.0,2.0,26.406646118802676,26.39935811508443
15.745072364807129,1.111483275127776,-3.372436592037372,2.6203630833867857,-1.2501243253638382e-09,-6.2405450904796e-11,1.6093133187112636e-09,27.294546127319336,0.0,2.0,26.406646118815534,26.39935811509678
15.75510025024414,1.111483275115285,-3.372436592038038,2.6203630833973564,-1.2415677175840638e-09,-6.958639521287093e-11,4.955015001652438e-10,27.294546127319336,0.0,2.0,26.406646118828252,26.399358115109255
15.764999628067017,1.1114832751030719,-3.372436592038739,2.6203630833958944,-1.1952248940097566e-09,-6.969721515040605e-11,-7.882063884066189e-10,27.361209869384766,0.0,2.0,26.472746838911558,26.465477037866922
15.77526068687439,1.1114832750914825,-3.372436592039406,2.620363083381645,-1.1180806487946904e-09,-6.275042762509898e-11,-2.074136120074067e-09,27.361209869384766,0.0,2.0,26.4727468389228,26.465477037878504
15.785022258758545,1.1114832750807837,-3.3724365920399686,2.620363083353848,-1.019304402282588e-09,-4.885174273221451e-11,-3.475763851405565e-09,27.361209869384766,0.0,2.0,26.47274683893283,26.465477037889194
15.794985055923462,1.1114832750711239,-3.37243659204036,2.620363083312116,-9.125237301225755e-10,-2.873333788783487e-11,-4.880409200582892e-09,27.427875518798828,0.0,2.0,26.538852266972683,26.53160057917849
15.804980278015137,1.1114832750625125,-3.3724365920405344,2.620363083256271,-8.117982416007355e-10,-6.241806293713865e-12,-6.317800625779023e-09,27.427875518798828,0.0,2.0,26.538852266979937,26.531600579187057
15.814993619918823,1.111483275054826,-3.372436592040492,2.6203630831856657,-7.293111532474056e-10,1.385542815968225e-11,-7.790504976710933e-09,27.427875518798828,0.0,2.0,26.538852266985902,26.531600579194674
15.82500410079956,1.1114832750478363,-3.3724365920402755,2.6203630831003952,-6.735755661310579e-10,2.8582561694675967e-11,-9.261838619496292e-09,27.49454116821289,0.0,2.0,26.604960490786393,26.597726826957057
15.834970712661743,1.1114832750412549,-3.372436592039935,2.6203630830006546,-6.477220257236954e-10,3.918105839185647e-11,-1.0676251167605349e-08,27.49454116821289,0.0,2.0,26.60496049079055,26.597726826963545
15.845053672790527,1.1114832750347792,-3.3724365920394996,2.6203630828864273,-6.52010418908996e-10,4.744660429320882e-11,-1.2230856017548194e-08,27.49454116821289,0.0,2.0,26.604960490794255,26.59772682696991
15.854988813400269,1.1114832750281503,-3.372436592038992,2.620363082756096,-6.754309605842607e-10,5.411424199671397e-11,-1.3846376731562044e-08,27.49454116821289,0.0,2.0,26.604960490797723,26.597726826976423
15.86497950553894,1.111483275021265,-3.372436592038411,2.6203630826128776,-7.002302906359892e-10,6.313712200911056e-11,-1.4389465777586625e-08,27.561201095581055,0.0,2.0,26.671065815014344,26.663850084985057
15.875028371810913,1.1114832750141952,-3.3724365920377015,2.6203630824776254,-7.101041292038725e-10,8.077071682700947e-11,-1.2263253994962116e-08,27.561201095581055,0.0,2.0,26.67106581501812,26.663850084991985
15.885058403015137,1.1114832750071504,-3.3724365920367534,2.6203630823713917,-6.940553843864994e-10,1.1065830022484877e-10,-8.797716494373853e-09,27.561201095581055,0.0,2.0,26.671065815022516,26.663850084998852
15.895110368728638,1.1114832750004093,-3.372436592035439,2.620363082307183,-6.49586527847597e-10,1.543055849257385e-10,-3.8999526354224885e-09,27.561201095581055,0.0,2.0,26.67106581502754,26.66385008500537
15.904994010925293,1.111483274994242,-3.372436592033616,2.6203630822900204,-5.801731174201132e-10,2.122685787604577e-10,2.0198097585149094e-10,27.627878189086914,0.0,2.0,26.73719091754546,26.729993037922906
15.915015935897827,1.1114832749888728,-3.372436592031152,2.6203630823064725,-4.909191205782148e-10,2.8248017661293824e-10,2.8524042210681987e-09,27.627878189086914,0.0,2.0,26.737190917550855,26.72999303792792
15.925050258636475,1.111483274984478,-3.372436592027932,2.6203630823435478,-3.8572742110160554e-10,3.6327691145376403e-10,4.423610337590198e-09,27.627878189086914,0.0,2.0,26.73719091755567,26.729993037931877
15.934988737106323,1.1114832749812018,-3.372436592023856,2.6203630823924198,-2.676406014342999e-10,4.5326235153384356e-10,5.228630875538807e-09,27.6945858001709,0.0,2.0,26.803349021828666,26.79616891333476
15.945064067840576,1.1114832749791521,-3.3724365920188504,2.620363082446324,-1.4147659280203032e-10,5.486202042105096e-10,5.479213985549178e-09,27.6945858001709,0.0,2.0,26.80334902183132,26.796168913336167
15.954987525939941,1.1114832749783807,-3.372436592012883,2.6203630825007456,-1.289280973600519e-11,6.44257648324262e-10,5.350422274937348e-09,27.6945858001709,0.0,2.0,26.80334902183259,26.79616891333618
15.964995384216309,1.111483274978888,-3.372436592005977,2.6203630825519735,1.136058880879001e-10,7.360614255274958e-10,4.7996563675621996e-09,27.761207580566406,0.0,2.0,26.86942471444293,26.86226226755526
15.97499704360962,1.1114832749806258,-3.372436591998197,2.6203630825960245,2.3185854337765324e-10,8.17920752097933e-10,3.990461101461882e-09,27.761207580566406,0.0,2.0,26.869424714441244,26.862262267552563
15.985055208206177,1.1114832749834769,-3.372436591989676,2.6203630826314335,3.355334034826231e-10,8.83390848187911e-10,3.0765663026816156e-09,27.761207580566406,0.0,2.0,26.869424714438164,26.86226226754866
15.994990110397339,1.1114832749872718,-3.372436591980601,2.620363082657298,4.1990850850139257e-10,9.27663361894646e-10,2.0851082239084027e-09,27.8278751373291,0.0,2.0,26.935548501254964,26.928403642049307
16.004995346069336,1.111483274991799,-3.3724365919712063,2.620363082672947,4.81485745665919e-10,9.471761785590896e-10,1.0361899216489885e-09,27.8278751373291,0.0,2.0,26.93554850124966,26.928403642043637
16.015000581741333,1.1114832749968169,-3.3724365919617503,2.6203630826778825,5.176736501987602e-10,9.392904195329324e-10,-5.529539690369993e-11,27.8278751373291,0.0,2.0,26.93554850124361,26.928403642037473
16.025044679641724,1.1114832750020627,-3.372436591952518,2.6203630826713344,5.271762906322587e-10,9.027280388511013e-10,-1.2891705709206475e-09,27.8278751373291,0.0,2.0,26.9355485012371,26.928403642031114
16.03497624397278,1.1114832750072878,-3.372436591943773,2.6203630826520827,5.148895985994991e-10,8.428958080784422e-10,-2.5586024435677503e-09,27.89454460144043,0.0,2.0,27.001676854159957,26.99454949767008
16.045077800750732,1.1114832750123118,-3.3724365919357107,2.6203630826199804,4.880341761764617e-10,7.676981214126915e-10,-3.8724352613334585e-09,27.89454460144043,0.0,2.0,27.001676854153228,26.99454949766409
16.055004596710205,1.1114832750170283,-3.3724365919284387,2.6203630825747104,4.550342980339254e-10,6.863271169869016e-10,-5.177076538634733e-09,27.89454460144043,0.0,2.0,27.001676854146602,26.9945494976585
16.064992666244507,1.1114832750214179,-3.3724365919219754,2.6203630825165143,4.2358023740527936e-10,6.071650750213199e-10,-6.4667027086337204e-09,27.96122169494629,0.0,2.0,27.067815429751132,27.06070549311167
16.07501530647278,1.111483275025525,-3.3724365919162675,2.620363082444732,3.993806216216688e-10,5.364342552494302e-10,-7.879595454955711e-09,27.96122169494629,0.0,2.0,27.0678154297447,27.06070549310688
16.085067749023438,1.111483275029444,-3.372436591911204,2.6203630823589665,3.8651325080950965e-10,4.785801151609026e-10,-9.285249674214058e-09,27.96122169494629,0.0,2.0,27.067815429738218,27.06070549310236
16.09498620033264,1.111483275033295,-3.37243659190665,2.620363082259136,3.854351042281716e-10,4.3411414149953297e-10,-1.0672375327940834e-08,28.027889251708984,0.0,2.0,27.13394718100343,27.126854577478273
16.10499334335327,1.1114832750371864,-3.3724365919024817,2.620363082145606,3.9439303685812507e-10,4.011458379032964e-10,-1.2069581067709165e-08,28.027889251708984,0.0,2.0,27.13394718099645,27.12685457747389
16.114986419677734,1.111483275041208,-3.3724365918985977,2.620363082017227,4.107189491985802e-10,3.7678899855809457e-10,-1.3582894774803153e-08,28.027889251708984,0.0,2.0,27.133947180989043,27.126854577469416
16.125073432922363,1.1114832750454082,-3.372436591894937,2.620363081877714,4.293305773503025e-10,3.555358854208812e-10,-1.4001775998672542e-08,28.094552993774414,0.0,2.0,27.200077763960508,27.193002408931275
16.134963274002075,1.1114832750497874,-3.372436591891492,2.6203630817459342,4.4600509013421263e-10,3.328095675903836e-10,-1.193325638350978e-08,28.094552993774414,0.0,2.0,27.20007776395273,27.1930024089265
16.145066022872925,1.1114832750543109,-3.372436591888296,2.620363081644337,4.57614135846375e-10,3.0521937121510934e-10,-8.296758792246617e-09,28.094552993774414,0.0,2.0,27.20007776394553,27.19300240892162
16.15498995780945,1.1114832750589154,-3.3724365918854122,2.620363081584812,4.618401756124029e-10,2.7025342271232177e-10,-3.3699991305471066e-09,28.094552993774414,0.0,2.0,27.200077763939248,27.19300240891669
16.16498351097107,1.1114832750635166,-3.3724365918829213,2.620363081574038,4.5637640485967614e-10,2.2659460849770546e-10,9.29360160004285e-10,28.161209106445312,0.0,2.0,27.266203374730676,27.25914518320768
16.175419092178345,1.1114832750679935,-3.372436591880901,2.620363081598624,4.3608288171593155e-10,1.7645954641322346e-10,3.7688357858038026e-09,28.161209106445312,0.0,2.0,27.266203374726544,27.259145183202985
16.18503189086914,1.1114832750721761,-3.372436591879398,2.6203630816457193,3.9752843733271253e-10,1.2439692304468615e-10,5.5031986410932535e-09,28.161209106445312,0.0,2.0,27.266203374723283,27.25914518319865
16.194993019104004,1.111483275075884,-3.372436591878398,2.6203630817061208,3.411056413676958e-10,7.693342887629963e-11,6.452470712315304e-09,28.227890014648438,0.0,2.0,27.332356162345757,27.3253150582418
16.20498824119568,1.1114832750789465,-3.372436591877832,2.6203630817727026,2.6917690061745744e-10,3.762161950499208e-11,6.786536027950766e-09,28.227890014648438,0.0,2.0,27.332356162344162,27.32531505823869
16.21500325202942,1.1114832750812322,-3.3724365918776207,2.6203630818405195,1.866615988404262e-10,6.172228321327534e-12,6.719589462317495e-09,28.227890014648438,0.0,2.0,27.332356162343405,27.325315058236395
16.225055932998657,1.111483275082657,-3.3724365918776864,2.620363081905976,9.755925676781327e-11,-1.79563777933982e-11,6.276065556919405e-09,28.227890014648438,0.0,2.0,27.332356162343483,27.32531505823499
16.234979391098022,1.1114832750831765,-3.372436591877963,2.620363081964884,6.592011816301691e-12,-3.6786893195844186e-11,5.484891095395849e-09,28.294540405273438,0.0,2.0,27.39848123277803,27.391457126436794
16.24506378173828,1.1114832750828048,-3.37243659187842,2.6203630820153077,-7.957261881207102e-11,-5.4738830381952166e-11,4.584346418882744e-09,28.294540405273438,0.0,2.0,27.3984812327796,27.391457126437217
16.254971027374268,1.1114832750816188,-3.372436591879067,2.620363082056301,-1.556563095927084e-10,-7.539860880732576e-11,3.60277831060543e-09,28.294540405273438,0.0,2.0,27.398481232781783,27.391457126438482
16.265002489089966,1.1114832750797392,-3.3724365918799464,2.6203630820871635,-2.1774878085215616e-10,-1.0142311158710722e-10,2.5611866428848965e-09,28.361221313476562,0.0,2.0,27.464639121625435,27.457631939544633
16.275025606155396,1.1114832750773205,-3.372436591881122,2.620363082107376,-2.629532270029401e-10,-1.347806056101944e-10,1.47512893831036e-09,28.361221313476562,0.0,2.0,27.464639121628437,27.45763193954718
16.285042762756348,1.1114832750745434,-3.372436591882672,2.620363082116381,-2.8939193984128723e-10,-1.7668193501190348e-10,3.042630730754306e-10,28.361221313476562,0.0,2.0,27.464639121631585,27.457631939550122
16.294994115829468,1.11148327507159,-3.3724365918846755,2.620363082113396,-2.9873748530919604e-10,-2.2520044178317233e-10,-9.015870105768805e-10,28.427879333496094,0.0,2.0,27.530776824140684,27.52378647982491
16.304974794387817,1.1114832750686148,-3.3724365918871855,2.620363082097994,-2.941467286361878e-10,-2.771412200107956e-10,-2.2130636862909766e-09,28.427879333496094,0.0,2.0,27.530776824143594,27.523786479828168
16.31499457359314,1.1114832750657462,-3.372436591890221,2.6203630820691095,-2.7799227249773e-10,-3.3010614264426985e-10,-3.5894000916776362e-09,28.427879333496094,0.0,2.0,27.53077682414616,27.523786479831386
16.325012922286987,1.1114832750630896,-3.3724365918937846,2.6203630820259396,-2.5203178418477147e-10,-3.823186320120914e-10,-5.032931012683472e-09,28.49454689025879,0.0,2.0,27.59692649324811,27.589952908988423
16.334963083267212,1.1114832750607342,-3.372436591897862,2.6203630819683545,-2.181111048339925e-10,-4.330524973348904e-10,-6.482651353084279e-09,28.49454689025879,0.0,2.0,27.59692649324965,27.589952908991258
16.345044374465942,1.1114832750587396,-3.3724365919024497,2.6203630818964045,-1.8086468473334199e-10,-4.851319725202209e-10,-7.918019589062535e-09,28.49454689025879,0.0,2.0,27.596926493250574,27.589952908993798
16.355615377426147,1.1114832750571053,-3.3724365919075714,2.620363081810089,-1.47333012294418e-10,-5.396269522799634e-10,-9.334719272189184e-09,28.49454689025879,0.0,2.0,27.596926493250884,27.589952908996047
16.364983320236206,1.1114832750557546,-3.3724365919132464,2.62036308170987,-1.2533145439046629e-10,-5.949392884816432e-10,-1.0720236139644079e-08,28.56121253967285,0.0,2.0,27.663076756217848,27.656119851983064
16.37499451637268,1.1114832750545474,-3.3724365919194725,2.6203630815941983,-1.1807143383540515e-10,-6.49659076226896e-10,-1.2396992912511761e-08,28.56121253967285,0.0,2.0,27.663076756217215,27.656119851985018
16.385037183761597,1.1114832750533699,-3.372436591926224,2.6203630814657646,-1.1814453656127123e-10,-6.988842689320519e-10,-1.3018278649993126e-08,28.56121253967285,0.0,2.0,27.663076756216324,27.656119851987008
16.394988298416138,1.111483275052188,-3.3724365919334143,2.6203630813417953,-1.1754369446124063e-10,-7.372472358584829e-10,-1.133522901765663e-08,28.56121253967285,0.0,2.0,27.66307675621559,27.656119851989065
16.405056476593018,1.1114832750510404,-3.372436591940918,2.6203630812456997,-1.1033430720535318e-10,-7.607684816398953e-10,-7.768964909590779e-09,28.56121253967285,0.0,2.0,27.663076756215492,27.656119851991118
16.41499423980713,1.1114832750500168,-3.3724365919485693,2.6203630811900696,-9.211991531086601e-11,-7.664999229572513e-10,-3.0838170852432717e-09,28.627887725830078,0.0,2.0,27.72923895129699,27.72229865046588
16.425041913986206,1.111483275049244,-3.3724365919561805,2.6203630811819427,-6.002012908992003e-11,-7.52666151700607e-10,1.1694983472111436e-09,28.627887725830078,0.0,2.0,27.7292389512985,27.72229865046757
16.43499183654785,1.111483275048859,-3.372436591963564,2.620363081208742,-1.493364501024969e-11,-7.212421328163937e-10,3.984752207072602e-09,28.627887725830078,0.0,2.0,27.729238951300378,27.722298650468854
16.445056915283203,1.1114832750489787,-3.3724365919705606,2.620363081257815,4.001607816128446e-11,-6.763574764358011e-10,5.684372311387708e-09,28.69548797607422,0.0,2.0,27.796321595952804,27.789398048771126
16.454997777938843,1.1114832750496733,-3.3724365919770682,2.620363081319912,9.928245240838926e-11,-6.245788301241815e-10,6.616179796965323e-09,28.69548797607422,0.0,2.0,27.796321595954293,27.789398048771233
16.46500039100647,1.1114832750509585,-3.3724365919830523,2.620363081388019,1.5680990414509838e-10,-5.728828473271929e-10,6.929033611659541e-09,28.76121711730957,0.0,2.0,27.861549857598316,27.8546425235487
16.475059032440186,1.1114832750527783,-3.372436591988556,2.6203630814571786,2.0500666653113704e-10,-5.298075433887367e-10,6.846373161412873e-09,28.76121711730957,0.0,2.0,27.861549857598717,27.85464252354756
16.48504114151001,1.1114832750550077,-3.3724365919937007,2.6203630815239274,2.378057967822988e-10,-5.021584867256152e-10,6.423813012824058e-09,28.76121711730957,0.0,2.0,27.86154985759861,27.85464252354597
16.49497389793396,1.1114832750574741,-3.3724365919986625,2.620363081584226,2.5233423589112575e-10,-4.932181472437605e-10,5.6155640779939745e-09,28.827884674072266,0.0,2.0,27.92771178294694,27.920820816701656
16.505000114440918,1.1114832750599968,-3.3724365920036257,2.6203630816358894,2.493846341708056e-10,-5.022489684888539e-10,4.702370287712489e-09,28.827884674072266,0.0,2.0,27.927711782946183,27.920820816699756
16.514991760253906,1.1114832750624062,-3.372436592008766,2.620363081678013,2.298565665246596e-10,-5.283656483894212e-10,3.711431519209589e-09,28.827884674072266,0.0,2.0,27.92771178294535,27.92082081669798
16.52513837814331,1.1114832750645407,-3.3724365920142487,2.620363081709925,1.9441645471459223e-10,-5.709123393112219e-10,2.6628978818703646e-09,28.894542694091797,0.0,2.0,27.99386664256127,27.986991964988945
16.534982204437256,1.1114832750662436,-3.3724365920202373,2.6203630817311283,1.435579959059074e-10,-6.294031780522383e-10,1.5716972489250486e-09,28.894542694091797,0.0,2.0,27.993866642560764,27.986991964987975
16.54504919052124,1.1114832750673616,-3.37243659202689,2.620363081741174,7.770192916420732e-11,-7.034185574973572e-10,3.9856473437037376e-10,28.894542694091797,0.0,2.0,27.993866642560683,27.98699196498767
16.554996967315674,1.1114832750677597,-3.3724365920343455,2.6203630817387173,7.294231693197396e-13,-7.887748444480993e-10,-8.864001372992612e-10,28.894542694091797,0.0,2.0,27.993866642561134,27.98699196498817
16.56498622894287,1.111483275067368,-3.372436592042672,2.620363081723509,-7.888350634288787e-11,-8.762960463246952e-10,-2.1527516444879866e-09,28.961206436157227,0.0,2.0,28.060029562882836,28.053171099123418
16.57500433921814,1.1114832750661967,-3.3724365920518538,2.6203630816957078,-1.5434323292477007e-10,-9.586262704215595e-10,-3.405314203536416e-09,28.961206436157227,0.0,2.0,28.06002956288449,28.053171099125688
16.585045337677002,1.1114832750643129,-3.37243659206181,2.620363081655435,-2.2061691556626072e-10,-1.0303161383297205e-09,-4.647662067176933e-09,28.961206436157227,0.0,2.0,28.060029562886665,28.053171099128754
16.594977617263794,1.1114832750618273,-3.3724365920724115,2.620363081602432,-2.739761341777097e-10,-1.0873286516433318e-09,-5.986178026485575e-09,29.027894973754883,0.0,2.0,28.126219458922854,28.119377139233993
16.60498547554016,1.111483275058886,-3.3724365920834956,2.620363081535755,-3.1166228723631746e-10,-1.1266769038548334e-09,-7.353125939309445e-09,29.027894973754883,0.0,2.0,28.126219458925632,28.119377139238246
16.614996671676636,1.1114832750556511,-3.3724365920948807,2.6203630814552294,-3.3293463126358193e-10,-1.1475617255718546e-09,-8.743232518468503e-09,29.027894973754883,0.0,2.0,28.126219458928436,28.119377139242825
16.62505602836609,1.1114832750522745,-3.372436592106394,2.620363081361045,-3.4035009823493275e-10,-1.1527606598698157e-09,-1.0087477518841303e-08,29.027894973754883,0.0,2.0,28.126219458931086,28.119377139247558
16.634965896606445,1.1114832750488812,-3.372436592117894,2.620363081252783,-3.3663729492572635e-10,-1.1452366436171436e-09,-1.157983674990135e-08,29.09455108642578,0.0,2.0,28.192379521008068,28.185553262335898
16.64505672454834,1.1114832750455617,-3.372436592129276,2.6203630811331124,-3.268499289166708e-10,-1.1304746392584788e-09,-1.2096824884315279e-08,29.09455108642578,0.0,2.0,28.192379521010093,28.185553262340555
16.654980182647705,1.1114832750423473,-3.3724365921404975,2.620363081016247,-3.161812947103399e-10,-1.1141105840198282e-09,-1.0874582430700533e-08,29.09455108642578,0.0,2.0,28.192379521012057,28.185553262345092
16.664987087249756,1.1114832750392285,-3.372436592151565,2.6203630809234215,-3.084902117558307e-10,-1.1003321957738101e-09,-7.443328707170362e-09,29.161216735839844,0.0,2.0,28.25855138081592,28.251741110771217
16.675037145614624,1.1114832750361585,-3.3724365921625226,2.620363080869752,-3.0663536254527414e-10,-1.092241812006017e-09,-3.0471684065269524e-09,29.161216735839844,0.0,2.0,28.2585513808191,28.251741110775573
16.68505048751831,1.1114832750330694,-3.372436592173439,2.620363080866773,-3.127345113347631e-10,-1.0921377007320743e-09,2.477348196754359e-09,29.161216735839844,0.0,2.0,28.2585513808234,28.25174111077994
16.695000410079956,1.1114832750298724,-3.3724365921844,2.6203630809219765,-3.2835630332471594e-10,-1.1017222080865051e-09,8.769337260292597e-09,29.22789192199707,0.0,2.0,28.324735023009964,28.3179406696807
16.704973697662354,1.1114832750264694,-3.372436592195506,2.620363081039757,-3.532779624234173e-10,-1.120753930742464e-09,1.4427659624643733e-08,29.22789192199707,0.0,2.0,28.324735023017244,28.3179406696854
16.714994430541992,1.1114832750227972,-3.372436592206822,2.620363081204601,-3.8108448609168853e-10,-1.1422729955417458e-09,1.8288116340898004e-08,29.22789192199707,0.0,2.0,28.324735023025845,28.317940669690394
16.725080966949463,1.1114832750188617,-3.3724365922183352,2.6203630814006877,-4.049304255290692e-10,-1.158852448610669e-09,2.071560798351837e-08,29.22789192199707,0.0,2.0,28.324735023035416,28.31794066969567
16.73496174812317,1.111483275014729,-3.3724365922299646,2.6203630816157606,-4.197330156063488e-10,-1.1649777524287395e-09,2.2165702705700486e-08,29.2945499420166,0.0,2.0,28.390903924995335,28.384125410610835
16.74504518508911,1.1114832750105101,-3.3724365922415847,2.6203630818417083,-4.2172685343153636e-10,-1.1565636361527444e-09,2.2925531121101987e-08,29.2945499420166,0.0,2.0,28.39090392500584,28.384125410616402
16.755001306533813,1.111483275006345,-3.372436592253039,2.6203630820716235,-4.088756067459846e-10,-1.1314007999313853e-09,2.296959411377522e-08,29.2945499420166,0.0,2.0,28.390903925016357,28.384125410621895
16.764991998672485,1.111483275002376,-3.3724365922641657,2.6203630823000204,-3.829125190606809e-10,-1.0913698098618777e-09,2.2664536003827483e-08,29.3612060546875,0.0,2.0,28.457073216544668,28.45031046751341
16.77499532699585,1.1114832749987238,-3.3724365922748256,2.620363082524131,-3.4599633522473727e-10,-1.0388128736876605e-09,2.212411516793637e-08,29.3612060546875,0.0,2.0,28.45707321655444,28.4503104675183
16.78501558303833,1.1114832749954873,-3.3724365922849056,2.6203630827419215,-2.9972646809402785e-10,-9.754653305277553e-10,2.1409333388760823e-08,29.3612060546875,0.0,2.0,28.457073216563597,28.450310467522705
16.79497194290161,1.1114832749927557,-3.372436592294303,2.620363082951888,-2.4528779184048505e-10,-9.026127517056665e-10,2.056538204509476e-08,29.427879333496094,0.0,2.0,28.52326181673054,28.516514764449543
16.804965257644653,1.1114832749906054,-3.372436592302928,2.6203630831529097,-1.8355808352540775e-10,-8.212075129249824e-10,1.961704298890376e-08,29.427879333496094,0.0,2.0,28.52326181673807,28.516514764452705
16.814998388290405,1.111483274989104,-3.3724365923107027,2.6203630833429314,-1.1594076363810956e-10,-7.327722956540603e-10,1.838437691378123e-08,29.427879333496094,0.0,2.0,28.52326181674461,28.516514764455113
16.825016498565674,1.111483274988291,-3.3724365923175763,2.6203630835206146,-4.671754041466717e-11,-6.419526394075935e-10,1.714913383336586e-08,29.49454116821289,0.0,2.0,28.5894413078454,28.582709877465117
16.834953784942627,1.1114832749881578,-3.3724365923235506,2.6203630836855805,1.9056624033509183e-11,-5.542330416867086e-10,1.5848073633953935e-08,29.49454116821289,0.0,2.0,28.589441307849818,28.582709877465952
16.84503149986267,1.1114832749886367,-3.3724365923286967,2.6203630838373053,7.441908837884708e-11,-4.771677762186686e-10,1.4466063133946825e-08,29.49454116821289,0.0,2.0,28.589441307853246,28.582709877466087
16.854993104934692,1.111483274989592,-3.372436592333152,2.6203630839749636,1.135830928975283e-10,-4.1703531678770404e-10,1.3058620878309708e-08,29.49454116821289,0.0,2.0,28.58944130785581,28.58270987746566
16.864993572235107,1.1114832749908445,-3.372436592337105,2.620363084098439,1.3388314126903352e-10,-3.7672765501701014e-10,1.1646790031569723e-08,29.561208724975586,0.0,2.0,28.65562871592518,28.64891283711903
16.87500786781311,1.1114832749922092,-3.3724365923407484,2.6203630842074834,1.3626564673181001e-10,-3.552179633123055e-10,1.0154653560388284e-08,29.561208724975586,0.0,2.0,28.655628715926618,28.648912837118107
16.88499426841736,1.1114832749935128,-3.372436592344267,2.620363084301775,1.2174409353248303e-10,-3.5140664374377696e-10,8.714836933344172e-09,29.561208724975586,0.0,2.0,28.655628715927776,28.648912837117223
16.89496612548828,1.1114832749945898,-3.3724365923478326,2.620363084381559,9.120807308913341e-11,-3.6432851958290043e-10,7.15741467509798e-09,29.62788200378418,0.0,2.0,28.72182402608133,28.715123628999393
16.90499186515808,1.1114832749953034,-3.372436592351587,2.6203630844445347,5.1193310071822203e-11,-3.8689252016800783e-10,5.388891093622785e-09,29.62788200378418,0.0,2.0,28.72182402608242,28.715123628999123
16.91498851776123,1.1114832749956303,-3.3724365923555486,2.620363084488716,1.6487490946402967e-11,-4.030544303723786e-10,3.4820688869419554e-09,29.62788200378418,0.0,2.0,28.721824026083514,28.71512362899927
16.92499303817749,1.1114832749956989,-3.372436592359575,2.6203630845147727,1.3615258325194833e-12,-3.973307212526939e-10,1.7550334409835747e-09,29.62788200378418,0.0,2.0,28.721824026084484,28.715123628999667
16.93495535850525,1.111483274995759,-3.3724365923633863,2.6203630845240293,1.6213051390448573e-11,-3.584402537044964e-10,1.0219892528786123e-10,29.694551467895508,0.0,2.0,28.78801775472061,28.781332767776217
16.94501829147339,1.1114832749961399,-3.372436592366618,2.6203630845171766,6.570880627806998e-11,-2.8131974912426527e-10,-1.4708041956764215e-09,29.694551467895508,0.0,2.0,28.788017754720464,28.781332767776213
16.954976081848145,1.1114832749971897,-3.3724365923688846,2.620363084494297,1.4954542793519943e-10,-1.6629834699764429e-10,-3.0851022633430523e-09,29.694551467895508,0.0,2.0,28.788017754719192,28.781332767775442
16.9649817943573,1.1114832749992234,-3.3724365923698416,2.6203630844557364,2.61079513485776e-10,-2.058394972276701e-11,-4.632399423458087e-09,29.761201858520508,0.0,2.0,28.854194735619906,28.847525084216844
16.974988222122192,1.111483275002476,-3.3724365923692248,2.620363084401843,3.9202083242397005e-10,1.4682877916328173e-10,-6.132017196665448e-09,29.761201858520508,0.0,2.0,28.854194735615444,28.847525084213537
16.985012531280518,1.1114832750070989,-3.372436592366864,2.620363084333131,5.335956996175242e-10,3.264206415914743e-10,-7.63888705943758e-09,29.761201858520508,0.0,2.0,28.8541947356091,28.847525084208673
16.99496603012085,1.1114832750131451,-3.372436592362695,2.620363084249165,6.743515117069919e-10,5.057658897223858e-10,-9.139918309503276e-09,29.827890396118164,0.0,2.0,28.920411768694738,28.913757391846495
17.00498914718628,1.1114832750205403,-3.372436592356795,2.620363084150581,8.013186766524198e-10,6.707928864422284e-10,-1.0566337814892141e-08,29.827890396118164,0.0,2.0,28.920411768684595,28.913757391838466
17.01500701904297,1.111483275029094,-3.3724365923493607,2.62036308403755,9.050993928763266e-10,8.113052854506104e-10,-1.2107816789189134e-08,29.827890396118164,0.0,2.0,28.920411768672807,28.9137573918291
17.02498698234558,1.1114832750385588,-3.372436592340655,2.6203630839084275,9.841192022160376e-10,9.25594844897976e-10,-1.3697435595202635e-08,29.894542694091797,0.0,2.0,28.986594978472098,28.97995579862239
17.034934759140015,1.1114832750487016,-3.3724365923309256,2.6203630837639285,1.0410675221601961e-09,1.0165795063100229e-09,-1.517208790534127e-08,29.894542694091797,0.0,2.0,28.986594978457802,28.979955798611186
17.045033931732178,1.1114832750593122,-3.372436592320393,2.620363083612069,1.0780344630617371e-09,1.0865269805674303e-09,-1.4699173130204414e-08,29.894542694091797,0.0,2.0,28.986594978442792,28.979955798599423
17.055007219314575,1.1114832750702002,-3.372436592309259,2.62036308347858,1.0965684160925355e-09,1.1371172283497717e-09,-1.1627576909826225e-08,29.894542694091797,0.0,2.0,28.986594978427828,28.979955798587312
17.06498074531555,1.111483275081185,-3.3724365922977104,2.6203630833858917,1.0978164566986665e-09,1.1695947937968483e-09,-6.66527489804187e-09,29.961212158203125,0.0,2.0,29.05279737914986,29.04617333141681
17.074999570846558,1.1114832750921009,-3.3724365922859247,2.6203630833460756,1.0826318396767464e-09,1.1848854337298828e-09,-1.3296130529303678e-09,29.961212158203125,0.0,2.0,29.052797379136802,29.046173331404592
17.085006952285767,1.111483275102789,-3.372436592274064,2.6203630833555476,1.05294955053815e-09,1.185088551805901e-09,2.9496779266864917e-09,29.961212158203125,0.0,2.0,29.052797379125014,29.046173331392605
17.094980716705322,1.1114832751131278,-3.372436592262256,2.6203630834001643,1.0135560354423112e-09,1.1753973051607216e-09,5.753561087684376e-09,30.027877807617188,0.0,2.0,29.11899812293524,29.112389138101673
17.104955911636353,1.1114832751230508,-3.372436592250565,2.620363083467102,9.712636792086347e-10,1.1632029366021852e-09,7.471130337572983e-09,30.027877807617188,0.0,2.0,29.118998122925458,29.112389138090464
17.114989280700684,1.1114832751325607,-3.3724365922389823,2.6203630835468568,9.312653801452924e-10,1.15413959232673e-09,8.374365550009125e-09,30.027877807617188,0.0,2.0,29.11899812291637,29.112389138079674
17.1250479221344,1.1114832751416874,-3.3724365922274697,2.6203630836320433,8.945183507052284e-10,1.1492458205077891e-09,8.583860503204115e-09,30.027877807617188,0.0,2.0,29.11899812290779,29.112389138069272
17.134984016418457,1.1114832751504646,-3.3724365922159807,2.6203630837171428,8.614193467235863e-10,1.148952089988344e-09,8.344120770993592e-09,30.094545364379883,0.0,2.0,29.185202877353515,29.178608887961826
17.14504837989807,1.1114832751589296,-3.372436592204472,2.6203630837978977,8.322622920482837e-10,1.1535772998264265e-09,7.77424059475974e-09,30.094545364379883,0.0,2.0,29.185202877345496,29.17860888795209
17.15499234199524,1.111483275167123,-3.3724365921928907,2.6203630838720544,8.072646976314676e-10,1.1633574432996363e-09,7.007537637185776e-09,30.094545364379883,0.0,2.0,29.185202877337595,29.17860888794261
17.16496753692627,1.1114832751750865,-3.372436592181188,2.620363083936764,7.855794301707798e-10,1.177373405009614e-09,5.927542196597663e-09,30.161205291748047,0.0,2.0,29.25140215723612,29.244823094155425
17.174975633621216,1.1114832751828319,-3.372436592169345,2.620363083989391,7.62817529428959e-10,1.1908632885162263e-09,4.525423571061333e-09,30.161205291748047,0.0,2.0,29.251402157228178,29.244823094146366
17.185024738311768,1.1114832751903154,-3.372436592157399,2.6203630840273617,7.319077755866241e-10,1.1961550223164528e-09,3.080432417209561e-09,30.161205291748047,0.0,2.0,29.251402157220173,29.24482309413755
17.19498610496521,1.1114832751974215,-3.372436592145472,2.620363084051146,6.865043464011944e-10,1.1863635703326952e-09,1.6663534989915726e-09,30.227872848510742,0.0,2.0,29.31761110167477,29.311046899641614
17.204978942871094,1.1114832752039876,-3.372436592133733,2.6203630840607186,6.238515327914753e-10,1.1584990666744091e-09,2.576355998119082e-10,30.227872848510742,0.0,2.0,29.317611101667104,29.311046899633745
17.214995861053467,1.1114832752098427,-3.37243659212236,2.62036308405612,5.445875681502554e-10,1.1132539761824382e-09,-1.2041303074966346e-09,30.227872848510742,0.0,2.0,29.31761110165988,29.31104689962662
17.224990844726562,1.1114832752148258,-3.372436592111525,2.620363084036791,4.4938757468294967e-10,1.051360787125652e-09,-2.65385843842443e-09,30.294540405273438,0.0,2.0,29.383822120005306,29.377272712491155
17.234979391098022,1.1114832752187822,-3.372436592101385,2.6203630840028906,3.3975996599495344e-10,9.744560851896409e-10,-4.1138146878628295e-09,30.294540405273438,0.0,2.0,29.383822119999497,29.377272712486068
17.245063066482544,1.1114832752215877,-3.372436592092069,2.6203630839547127,2.200433421511118e-10,8.872471276874345e-10,-5.531376181418928e-09,30.294540405273438,0.0,2.0,29.383822119994626,29.377272712482206
17.254989624023438,1.1114832752231658,-3.372436592083655,2.6203630838914562,9.539837799245469e-11,7.953330995018201e-10,-7.102064503820061e-09,30.294540405273438,0.0,2.0,29.38382211999076,29.377272712479677
17.264996767044067,1.1114832752235022,-3.3724365920761534,2.620363083812978,-2.724611669502897e-11,7.062315616189222e-10,-8.580087288591878e-09,30.3612117767334,0.0,2.0,29.450038986992404,29.443504308753987
17.2750723361969,1.1114832752226467,-3.372436592069501,2.620363083720034,-1.4231407521924045e-10,6.259918788575561e-10,-1.0040705929437385e-08,30.3612117767334,0.0,2.0,29.450038986990535,29.443504308754076
17.285041332244873,1.1114832752206938,-3.372436592063597,2.6203630836112746,-2.462021432974191e-10,5.563280417642181e-10,-1.1689510910345097e-08,30.3612117767334,0.0,2.0,29.450038986989508,29.44350430875534
17.295039176940918,1.1114832752177715,-3.372436592058357,2.6203630834866236,-3.3567088498495043e-10,4.921228755313234e-10,-1.320800945468245e-08,30.427875518798828,0.0,2.0,29.516250322530922,29.50973030623889
17.304980039596558,1.1114832752140376,-3.372436592053752,2.620363083354234,-4.0793445729163564e-10,4.286028949204935e-10,-1.2767576784136204e-08,30.427875518798828,0.0,2.0,29.51625032253132,29.509730306242066
17.315005779266357,1.1114832752096766,-3.3724365920497927,2.6203630832399347,-4.609290561353244e-10,3.622318153694343e-10,-9.720043942544433e-09,30.427875518798828,0.0,2.0,29.5162503225328,29.509730306245952
17.325021743774414,1.1114832752048887,-3.372436592046524,2.6203630831662506,-4.931257776414636e-10,2.9038989252354663e-10,-4.7411233934466845e-09,30.494537353515625,0.0,2.0,29.582461795652897,29.57595637568306
17.334982872009277,1.111483275199886,-3.372436592044009,2.6203630831481597,-5.039819116535925e-10,2.1168010234474247e-10,1.0742082313839008e-09,30.494537353515625,0.0,2.0,29.582461795657196,29.575956375687742
17.345072984695435,1.1114832751948698,-3.3724365920423054,2.6203630831832916,-4.965414034726272e-10,1.2824362276433861e-10,5.662395263466467e-09,30.494537353515625,0.0,2.0,29.58246179566272,29.57595637569253
17.354968070983887,1.1114832751900043,-3.3724365920414487,2.620363083256307,-4.743041148866772e-10,4.2814034894787765e-11,8.688628775518026e-09,30.494537353515625,0.0,2.0,29.582461795668987,29.575956375697267
17.364985942840576,1.1114832751854244,-3.372436592041448,2.6203630833531246,-4.3986567544815433e-10,-4.2580931880543453e-11,1.0522660327294578e-08,30.561208724975586,0.0,2.0,29.648684759876716,29.642193873520203
17.375033140182495,1.1114832751812416,-3.3724365920422947,2.620363083463413,-3.9514897441617743e-10,-1.2643909689741983e-10,1.1421706856197902e-08,30.561208724975586,0.0,2.0,29.648684759883274,29.642193873524448
17.385051488876343,1.111483275177551,-3.3724365920439676,2.620363083579744,-3.4157852050838856e-10,-2.0764761711803747e-10,1.1766736548662765e-08,30.561208724975586,0.0,2.0,29.648684759889562,29.64219387352831
17.394991636276245,1.111483275174436,-3.372436592046435,2.6203630836973844,-2.802096155453012e-10,-2.8538207816343773e-10,1.168216508980511e-08,30.6278076171875,0.0,2.0,29.71483773447032,29.70836130166534
17.404955625534058,1.1114832751719697,-3.3724365920496604,2.620363083811867,-2.118240461783785e-10,-3.5903173922862316e-10,1.1179048398457661e-08,30.6278076171875,0.0,2.0,29.714837734475527,29.70836130166816
17.41499376296997,1.1114832751702204,-3.3724365920536004,2.6203630839203527,-1.370009736949001e-10,-4.2814415285850703e-10,1.0491901651182251e-08,30.6278076171875,0.0,2.0,29.71483773447998,29.708361301670347
17.4250066280365,1.1114832751692485,-3.3724365920582047,2.6203630840204992,-5.675938293626112e-11,-4.918404077731194e-10,9.484546103351436e-09,30.694547653198242,0.0,2.0,29.78113290185712,29.77467088923169
17.434956550598145,1.1114832751690888,-3.3724365920634054,2.620363084109552,2.4548594726368022e-11,-5.464573808645953e-10,8.261585079831694e-09,30.694547653198242,0.0,2.0,29.781132901859717,29.774670889232443
17.445035934448242,1.1114832751697195,-3.3724365920691,2.620363084185492,9.989004105909102e-11,-5.909157959084822e-10,6.9319559630873155e-09,30.694547653198242,0.0,2.0,29.781132901861323,29.774670889232457
17.45499897003174,1.1114832751710428,-3.372436592075196,2.6203630842482895,1.619637715361197e-10,-6.266791023194867e-10,5.623818524027936e-09,30.694547653198242,0.0,2.0,29.781132901862005,29.774670889231835
17.465004444122314,1.1114832751728967,-3.3724365920816095,2.6203630842973413,2.052944774546368e-10,-6.549035563219233e-10,4.19721282513535e-09,30.761213302612305,0.0,2.0,29.84735615802532,29.840908485963574
17.475019454956055,1.1114832751750734,-3.372436592088271,2.6203630843323658,2.2586937491783256e-10,-6.764857586374919e-10,2.7967537609382545e-09,30.761213302612305,0.0,2.0,29.84735615802464,29.84090848596217
17.48503851890564,1.1114832751773351,-3.3724365920951254,2.620363084353294,2.2282928128324819e-10,-6.940379610259348e-10,1.398125154891666e-09,30.761213302612305,0.0,2.0,29.8473561580236,29.840908485960696
17.494993448257446,1.1114832751794592,-3.3724365921021535,2.6203630843600836,1.9908999452158002e-10,-7.120137775623662e-10,-6.328798436913151e-11,30.827877044677734,0.0,2.0,29.913579484709988,29.907146089716175
17.504994869232178,1.1114832751812758,-3.372436592109377,2.620363084352205,1.6312674797233142e-10,-7.33448307001255e-10,-1.5012855822961953e-09,30.827877044677734,0.0,2.0,29.913579484708837,29.907146089715184
17.5149986743927,1.111483275182713,-3.372436592116841,2.620363084329791,1.2458536343481183e-10,-7.607850299399673e-10,-2.998985430379909e-09,30.827877044677734,0.0,2.0,29.913579484707782,29.9071460897146
17.524997234344482,1.1114832751837829,-3.3724365921246164,2.620363084292451,9.065711513865099e-11,-7.958528902393795e-10,-4.456744111326263e-09,30.827877044677734,0.0,2.0,29.913579484706823,29.90714608971441
17.534972190856934,1.11148327518456,-3.3724365921327872,2.620363084240865,6.666943054967286e-11,-8.400068041707113e-10,-5.851106482605931e-09,30.894546508789062,0.0,2.0,29.979810448052024,29.973391268670962
17.545037031173706,1.111483275185162,-3.372436592141449,2.620363084174596,5.589208268545182e-11,-8.936266471293654e-10,-7.4411577741650245e-09,30.894546508789062,0.0,2.0,29.97981044805103,29.973391268671335
17.55499529838562,1.1114832751857078,-3.3724365921506734,2.620363084092333,5.4393806645765764e-11,-9.51137857461983e-10,-8.99443903239968e-09,30.894546508789062,0.0,2.0,29.97981044804982,29.97339126867183
17.564976453781128,1.1114832751862582,-3.37243659216046,2.6203630839950005,5.5771874255908176e-11,-1.0051936792797775e-09,-1.04595662639737e-08,30.961210250854492,0.0,2.0,30.046037666322366,30.039632639066653
17.575180530548096,1.1114832751868169,-3.3724365921707466,2.6203630838833605,5.52365736685297e-11,-1.0503086868987256e-09,-1.1859387345416575e-08,30.961210250854492,0.0,2.0,30.046037666320665,30.039632639067257
17.585036516189575,1.1114832751873454,-3.372436592181423,2.6203630837579746,4.923959815650668e-11,-1.0824191762144184e-09,-1.3210828321250687e-08,30.961210250854492,0.0,2.0,30.046037666318746,30.039632639067925
17.594985723495483,1.1114832751877755,-3.3724365921923436,2.6203630836192646,3.515229586017751e-11,-1.098514681166541e-09,-1.4517730590898659e-08,31.02787971496582,0.0,2.0,30.112272495875168,30.10588156009258
17.604990482330322,1.1114832751880153,-3.3724365922033344,2.620363083471483,1.1027312896457495e-11,-1.0963649941266906e-09,-1.4651408938308054e-08,31.02787971496582,0.0,2.0,30.112272495873118,30.105881560093575
17.614991426467896,1.1114832751879573,-3.3724365922142057,2.620363083335087,-2.4534560225663008e-11,-1.0743579605219028e-09,-1.2306243384530698e-08,31.02787971496582,0.0,2.0,30.11227249587158,30.105881560094847
17.625051736831665,1.111483275187489,-3.372436592224759,2.6203630832288103,-7.045632071401759e-11,-1.033247302044042e-09,-8.667960789470665e-09,31.02787971496582,0.0,2.0,30.112272495871036,30.105881560096496
17.634944438934326,1.111483275186527,-3.372436592234821,2.620363083165993,-1.2244276226911424e-10,-9.768148312149427e-10,-3.838120542419173e-09,31.094547271728516,0.0,2.0,30.17850734453797,30.17213043835945
17.645098209381104,1.1114832751850428,-3.372436592244267,2.6203630831493503,-1.7364667669466096e-10,-9.112403730519535e-10,2.132263345125817e-10,31.094547271728516,0.0,2.0,30.178507344540154,30.17213043836198
17.655008792877197,1.111483275183078,-3.372436592253037,2.620363083165316,-2.1775067719050936e-10,-8.422494103927296e-10,2.790621454856471e-09,31.094547271728516,0.0,2.0,30.178507344543412,30.172130438364913
17.664971113204956,1.1114832751807282,-3.3724365922611153,2.620363083201899,-2.5007186265553174e-10,-7.740861265806966e-10,4.385574449255334e-09,31.161203384399414,0.0,2.0,30.244732724330753,30.23836978428572
17.674983501434326,1.111483275178128,-3.372436592268531,2.620363083250608,-2.6714105497338703e-10,-7.098946897586438e-10,5.252715789594162e-09,31.161203384399414,0.0,2.0,30.24473272433516,30.23836978428913
17.68501377105713,1.111483275175445,-3.372436592275334,2.620363083304948,-2.666361146398582e-10,-6.519440071201535e-10,5.49918353528837e-09,31.161203384399414,0.0,2.0,30.2447327243397,30.23836978429256
17.694968938827515,1.1114832751728432,-3.3724365922815958,2.62036308335916,-2.5188599861321e-10,-6.01810607619784e-10,5.266959983982805e-09,31.227886199951172,0.0,2.0,30.310986523895117,30.304637494887746
17.704975605010986,1.1114832751704273,-3.3724365922874,2.6203630834085416,-2.31113534766548e-10,-5.601667156234686e-10,4.58291799691704e-09,31.227886199951172,0.0,2.0,30.310986523899174,30.304637494890795
17.71498703956604,1.1114832751682084,-3.3724365922928206,2.6203630834503624,-2.1409528718142962e-10,-5.243583297316632e-10,3.761740431234428e-09,31.227886199951172,0.0,2.0,30.310986523902837,30.30463749489361
17.72503352165222,1.1114832751661066,-3.3724365922979,2.6203630834832095,-2.0839569932393781e-10,-4.913670521161346e-10,2.7799819389324698e-09,31.294538497924805,0.0,2.0,30.377211878388703,30.370876693786283
17.734954357147217,1.1114832751639938,-3.3724365923026394,2.62036308350575,-2.1658633961225483e-10,-4.5566683325393247e-10,1.7126495665987225e-09,31.294538497924805,0.0,2.0,30.37721187839179,30.37087669378891
17.7450749874115,1.1114832751617276,-3.372436592306984,2.6203630835166276,-2.3912285322534143e-10,-4.115912980892092e-10,4.644361410455489e-10,31.294538497924805,0.0,2.0,30.377211878394746,30.370876693791644
17.754974603652954,1.1114832751591628,-3.372436592310827,2.6203630835150165,-2.762878308120357e-10,-3.5497020489019813e-10,-8.038672022735268e-10,31.294538497924805,0.0,2.0,30.377211878397688,30.370876693794624
17.764984369277954,1.1114832751561596,-3.372436592314036,2.6203630835004526,-3.26177058964946e-10,-2.8466219795778615e-10,-2.1045929645009846e-09,31.3612060546875,0.0,2.0,30.443454258067465,30.43713286115622
17.775031328201294,1.1114832751526116,-3.3724365923164816,2.620363083472777,-3.844290254893266e-10,-2.0254147558095018e-10,-3.4857351051810413e-09,31.3612060546875,0.0,2.0,30.443454258070698,30.43713286116002
17.785027742385864,1.1114832751484622,-3.3724365923180604,2.6203630834305462,-4.45479837569705e-10,-1.1214658537639257e-10,-4.9479019098588605e-09,31.3612060546875,0.0,2.0,30.443454258074137,30.437132861164322
17.79498863220215,1.111483275143717,-3.3724365923187163,2.620363083374032,-5.023002515823171e-10,-1.87786597017526e-11,-6.345529938620625e-09,31.427873611450195,0.0,2.0,30.509698489951035,30.503390821226862
17.804980039596558,1.1114832751384494,-3.372436592318441,2.62036308330337,-5.494636311837046e-10,7.343305161082544e-11,-7.858341762459415e-09,31.427873611450195,0.0,2.0,30.5096984899548,30.503390821232063
17.815006732940674,1.1114832751327741,-3.372436592317262,2.620363083216818,-5.829498249030437e-10,1.6142952392120403e-10,-9.434061326064914e-09,31.427873611450195,0.0,2.0,30.509698489958552,30.503390821237574
17.825008392333984,1.1114832751268464,-3.3724365923152355,2.620363083115002,-5.997806308140658e-10,2.429445757767481e-10,-1.0915811339123447e-08,31.49454116821289,0.0,2.0,30.57594456200326,30.56965056234377
17.83497452735901,1.1114832751208423,-3.3724365923124315,2.620363082998739,-5.977497419219102e-10,3.1629937858909324e-10,-1.2310552453457649e-08,31.49454116821289,0.0,2.0,30.575944562006562,30.569650562349427
17.84512448310852,1.1114832751149595,-3.372436592308941,2.6203630828758055,-5.752226857015299e-10,3.8025022692386316e-10,-1.1778437959443514e-08,31.49454116821289,0.0,2.0,30.575944562009525,30.569650562354894
17.855024576187134,1.1114832751094104,-3.372436592304862,2.620363082771715,-5.310086364315656e-10,4.338942115204149e-10,-8.705703805155441e-09,31.49454116821289,0.0,2.0,30.57594456201248,30.56965056235996
17.865006685256958,1.1114832751044055,-3.372436592300292,2.620363082704195,-4.674016956319438e-10,4.79482983813334e-10,-4.744200332633254e-09,31.561199188232422,0.0,2.0,30.642182985447853,30.63590259416699
17.87507176399231,1.111483275100095,-3.3724365922952777,2.6203630826811146,-3.9394310772717375e-10,5.232977761971857e-10,3.7948699725748575e-10,31.561199188232422,0.0,2.0,30.642182985451115,30.635902594170723
17.885037899017334,1.111483275096521,-3.3724365922898256,2.6203630827095585,-3.216424954119784e-10,5.673924201384151e-10,5.016670079697834e-09,31.561199188232422,0.0,2.0,30.642182985454642,30.63590259417367
17.894996404647827,1.1114832750936274,-3.3724365922839263,2.620363082776412,-2.591137863995255e-10,6.127917352307828e-10,8.13755342160997e-09,31.627883911132812,0.0,2.0,30.70844976065546,30.702182924805662
17.904977083206177,1.1114832750912835,-3.3724365922775617,2.620363082868578,-2.1273833338905514e-10,6.602549270480837e-10,1.0135133803852823e-08,31.627883911132812,0.0,2.0,30.708449760658947,30.702182924807293
17.915001392364502,1.1114832750893033,-3.3724365922707102,2.6203630829756275,-1.87243557498993e-10,7.103444279258637e-10,1.115533962829642e-08,31.627883911132812,0.0,2.0,30.70844976066233,30.702182924808508
17.924997568130493,1.1114832750874581,-3.372436592263345,2.6203630830896416,-1.8596751120037142e-10,7.633256439343601e-10,1.1545596013325646e-08,31.627883911132812,0.0,2.0,30.708449760665655,30.702182924809534
17.93496608734131,1.1114832750855046,-3.372436592255444,2.620363083205105,-2.0860129371613425e-10,8.168312631690151e-10,1.1488913671442518e-08,31.694547653198242,0.0,2.0,30.774697491276427,30.76844414858463
17.944846153259277,1.1114832750839496,-3.3724365922495996,2.620363083284821,-2.373120293075223e-10,8.525009593160483e-10,1.1261477533601465e-08,31.694547653198242,0.0,2.0,30.77469749127894,30.768444148585537
17.95485544204712,1.1114832750810137,-3.3724365922399415,2.6203630834044582,-2.9872487371229266e-10,9.012888525690361e-10,1.0447326855745494e-08,31.694547653198242,0.0,2.0,30.774697491283206,30.768444148587395
17.964922428131104,1.1114832750777273,-3.372436592230762,2.6203630835043175,-3.576112277026695e-10,9.319243368363714e-10,9.448754749015201e-09,31.694547653198242,0.0,2.0,30.77469749128748,30.76844414858966
17.97484302520752,1.111483275073904,-3.372436592221352,2.620363083593001,-4.037427786370545e-10,9.4745534372741e-10,8.285357095209973e-09,31.76120376586914,0.0,2.0,30.84093943264232,30.834699523952345
17.984938621520996,1.1114832750697399,-3.3724365922118587,2.6203630836699627,-4.238152313563027e-10,9.487796797405034e-10,7.0833161316934205e-09,31.76120376586914,0.0,2.0,30.84093943264697,30.834699523955447
17.994864463806152,1.1114832750655472,-3.37243659220242,2.6203630837341114,-4.0790606193596537e-10,9.366345623878557e-10,5.7523595165968045e-09,31.827871322631836,0.0,2.0,30.907194528341762,30.900967998706754
18.004826545715332,1.1114832750617252,-3.3724365921931683,2.6203630837849006,-3.489066398302943e-10,9.114858146345417e-10,4.370437863225426e-09,31.827871322631836,0.0,2.0,30.90719452834557,30.900967998709543
18.01486611366272,1.1114832750587138,-3.372436592184235,2.6203630838215126,-2.4657453369716137e-10,8.731639326328699e-10,2.961971216403184e-09,31.827871322631836,0.0,2.0,30.907194528348327,30.900967998711565
18.024890422821045,1.11148327505692,-3.3724365921757493,2.6203630838440772,-1.0696137046333982e-10,8.220051801590733e-10,1.5451372513874274e-09,31.894540786743164,0.0,2.0,30.973453289741933,30.96724008264264
18.034839391708374,1.1114832750566495,-3.3724365921678277,2.620363083852582,5.5339041826861924e-11,7.610707587402087e-10,1.641892759438304e-10,31.894540786743164,0.0,2.0,30.97345328974151,30.96724008264205
18.044928312301636,1.1114832750580501,-3.3724365921605477,2.6203630838468523,2.2420748228884638e-10,6.93706972272006e-10,-1.3117747228706059e-09,31.894540786743164,0.0,2.0,30.97345328973921,30.96724008263986
18.054866790771484,1.1114832750610937,-3.3724365921539667,2.6203630838265766,3.809967251005474e-10,6.220629905637256e-10,-2.732903591511398e-09,31.894540786743164,0.0,2.0,30.973453289735062,30.967240082636113
18.064866304397583,1.1114832750655765,-3.372436592148115,2.6203630837923733,5.097732247506032e-10,5.479295165523838e-10,-4.104478533028152e-09,31.961210250854492,0.0,2.0,31.039713809964653,31.033513868860837
18.074890613555908,1.11148327507116,-3.372436592143009,2.6203630837432565,6.003282802705349e-10,4.731858039924067e-10,-5.71764772086354e-09,31.961210250854492,0.0,2.0,31.03971380995757,31.033513868854737
18.084917783737183,1.1114832750774526,-3.372436592138647,2.6203630836783716,6.517627555704558e-10,3.9953899022871973e-10,-7.243707286752372e-09,31.961210250854492,0.0,2.0,31.03971380994954,31.033513868848004
18.09490442276001,1.1114832750840697,-3.3724365921350112,2.6203630835986527,6.652990841490063e-10,3.2780477164398786e-10,-8.68866821809185e-09,32.02788543701172,0.0,2.0,31.105981764951704,31.099795034791082
18.10483431816101,1.111483275090636,-3.372436592132083,2.6203630835047993,6.41845733441779e-10,2.585847893291626e-10,-1.0073549744586635e-08,32.02788543701172,0.0,2.0,31.10598176494299,31.099795034784236
18.11488676071167,1.111483275096786,-3.3724365921298314,2.6203630833973297,5.820757116636142e-10,1.923247499337929e-10,-1.141392321324998e-08,32.02788543701172,0.0,2.0,31.105981764934487,31.099795034777877
18.124885082244873,1.1114832751021588,-3.3724365921282256,2.6203630832766196,4.864918571037799e-10,1.2935138169066207e-10,-1.273419767557296e-08,32.09454345703125,0.0,2.0,31.17223439473112,31.16606081629447
18.134851694107056,1.1114832751064097,-3.3724365921272343,2.620363083142107,3.5973562898537283e-10,6.95066691959968e-11,-1.4144936980871415e-08,32.09454345703125,0.0,2.0,31.17223439472411,31.16606081629013
18.144900798797607,1.111483275109306,-3.3724365921268236,2.62036308300057,2.1856561059348016e-10,1.3358526723867084e-11,-1.3763052311093259e-08,32.09454345703125,0.0,2.0,31.17223439471837,31.16606081628721
18.154874801635742,1.1114832751107833,-3.372436592126953,2.6203630828723052,7.811034894088775e-11,-3.812637463143935e-11,-1.1507942607307455e-08,32.09454345703125,0.0,2.0,31.172234394714366,31.166060816285754
18.164830923080444,1.1114832751109078,-3.3724365921275705,2.6203630827757056,-5.0422475424826656e-11,-8.423171598811977e-11,-7.659126657281546e-09,32.16120147705078,0.0,2.0,31.23848874933402,31.23232826716249
18.174975872039795,1.1114832751098414,-3.3724365921286195,2.620363082723868,-1.5873000660854628e-10,-1.2442683434716158e-10,-2.6358009503149828e-09,32.16120147705078,0.0,2.0,31.238488749334167,31.232328267163666
18.184937715530396,1.1114832751078205,-3.372436592130039,2.6203630827193005,-2.4066133606794965e-10,-1.5831860344474956e-10,1.4575022370980298e-09,32.16120147705078,0.0,2.0,31.238488749336238,31.23232826716583
18.19487738609314,1.1114832751051316,-3.3724365921317663,2.620363082748155,-2.922034912824579e-10,-1.8620571935544234e-10,4.109568368388829e-09,32.22787094116211,0.0,2.0,31.304756193056814,31.298608754260822
18.204873085021973,1.1114832751020784,-3.3724365921337554,2.6203630827981637,-3.135597044197358e-10,-2.1175545622640478e-10,5.7498454899429145e-09,32.22787094116211,0.0,2.0,31.304756193061056,31.298608754264073
18.214901208877563,1.1114832750989545,-3.372436592136006,2.6203630828599516,-3.067885582892911e-10,-2.3839647921669135e-10,6.41368090593469e-09,32.22787094116211,0.0,2.0,31.304756193065625,31.298608754267416
18.22485589981079,1.1114832750960015,-3.3724365921385235,2.6203630829245514,-2.820385005755833e-10,-2.652755350124009e-10,6.414011749320399e-09,32.29453659057617,0.0,2.0,31.37102154853631,31.364887097582127
18.234838247299194,1.1114832750933283,-3.3724365921413075,2.620363082985933,-2.5271515162612127e-10,-2.911442741972399e-10,5.830706928433728e-09,32.29453659057617,0.0,2.0,31.37102154854048,31.364887097585086
18.244935035705566,1.1114832750909287,-3.37243659214434,2.620363083040623,-2.2891786354903835e-10,-3.1516720155043916e-10,5.084157283032503e-09,32.29453659057617,0.0,2.0,31.371021548544274,31.364887097587797
18.254863500595093,1.1114832750887063,-3.372436592147603,2.6203630830867533,-2.181284216611071e-10,-3.3672536726083595e-10,4.098696020806262e-09,32.29453659057617,0.0,2.0,31.371021548547745,31.36488709759036
18.264862060546875,1.111483275086504,-3.372436592151065,2.6203630831223816,-2.2588921605815126e-10,-3.5536047644006235e-10,3.016065654711269e-09,32.361202239990234,0.0,2.0,31.43728859664021,31.43116707908797
18.274929761886597,1.1114832750841162,-3.3724365921547013,2.620363083146607,-2.5521220628916697e-10,-3.7174128674189357e-10,1.828062581391984e-09,32.361202239990234,0.0,2.0,31.43728859664345,31.43116707909073
18.28491234779358,1.1114832750813322,-3.3724365921585058,2.6203630831588343,-3.047538546030891e-10,-3.894899809043666e-10,5.965725140254943e-10,32.361202239990234,0.0,2.0,31.437288596646866,31.43116707909391
18.294890880584717,1.111483275077967,-3.372436592162502,2.620363083158458,-3.7055327015117653e-10,-4.0947377447642574e-10,-6.690896237996571e-10,32.42787170410156,0.0,2.0,31.50356111871459,31.49745248120298
18.304840803146362,1.1114832750738854,-3.372436592166699,2.6203630831452873,-4.4703690224170876e-10,-4.2965401701426116e-10,-2.002640885550645e-09,32.42787170410156,0.0,2.0,31.50356111871883,31.497452481207485
18.314854383468628,1.1114832750690218,-3.372436592171089,2.6203630831183577,-5.249302180229914e-10,-4.4787372498877927e-10,-3.375274585933721e-09,32.42787170410156,0.0,2.0,31.503561118723606,31.497452481212786
18.32488226890564,1.1114832750634214,-3.372436592175645,2.620363083077919,-5.926734950537009e-10,-4.626664152021166e-10,-4.70657488425779e-09,32.494537353515625,0.0,2.0,31.56983152020528,31.563735708234862
18.33484935760498,1.1114832750572305,-3.372436592180327,2.6203630830238147,-6.418426921941449e-10,-4.731798695320678e-10,-6.1851491957170516e-09,32.494537353515625,0.0,2.0,31.56983152021087,31.56373570824152
18.344947814941406,1.111483275050649,-3.3724365921850943,2.6203630829542064,-6.714806450627662e-10,-4.795791607906606e-10,-7.72060569543957e-09,32.494537353515625,0.0,2.0,31.569831520216553,31.56373570824858
18.354864835739136,1.1114832750438535,-3.372436592189906,2.6203630828696816,-6.852466474259615e-10,-4.815072848069025e-10,-9.172528079723167e-09,32.494537353515625,0.0,2.0,31.569831520222163,31.563735708255848
18.36484670639038,1.111483275036987,-3.372436592194713,2.620363082770961,-6.860149710796881e-10,-4.786119352411289e-10,-1.0562566815888102e-08,32.56120681762695,0.0,2.0,31.636107374773157,31.630024335648418
18.374884366989136,1.111483275030169,-3.372436592199464,2.6203630826585873,-6.759149289999655e-10,-4.706321176465041e-10,-1.1889366472053373e-08,32.56120681762695,0.0,2.0,31.636107374778238,31.630024335655712
18.384929895401,1.1114832750234995,-3.3724365922041097,2.6203630825401056,-6.565239541711393e-10,-4.573744829884985e-10,-1.13413645408411e-08,32.56120681762695,0.0,2.0,31.63610737478304,31.63002433566284
18.39487624168396,1.1114832750170656,-3.3724365922085933,2.6203630824363673,-6.290141167292711e-10,-4.386995699129359e-10,-9.258502175064217e-09,32.62786865234375,0.0,2.0,31.702377295317913,31.69630697448267
18.404852867126465,1.1114832750109396,-3.372436592212867,2.620363082360843,-5.955565846902073e-10,-4.159176480779478e-10,-5.509152051550105e-09,32.62786865234375,0.0,2.0,31.702377295322982,31.696306974489215
18.414868354797363,1.1114832750051582,-3.372436592216912,2.620363082329452,-5.608654867425716e-10,-3.9336897341380124e-10,-6.89421227021535e-10,32.62786865234375,0.0,2.0,31.702377295328542,31.696306974495393
18.424857139587402,1.1114832749997134,-3.3724365922207475,2.6203630823446877,-5.288759584269117e-10,-3.747493398082515e-10,3.452449422183994e-09,32.62786865234375,0.0,2.0,31.702377295334664,31.69630697450122
18.43485116958618,1.1114832749945671,-3.3724365922244233,2.620363082393686,-5.008817757342394e-10,-3.610374411422113e-10,6.151651301665225e-09,32.69454574584961,0.0,2.0,31.76866402542769,31.762606373005767
18.444965839385986,1.111483274989689,-3.372436592227976,2.6203630824636313,-4.749203279951365e-10,-3.4978904105083805e-10,7.691631125333981e-09,32.69454574584961,0.0,2.0,31.768664025434287,31.762606373010996
18.45485830307007,1.1114832749850676,-3.3724365922314203,2.620363082544983,-4.4922531358557226e-10,-3.388544971681733e-10,8.437538842047347e-09,32.69454574584961,0.0,2.0,31.768664025440827,31.762606373015956
18.464869022369385,1.1114832749807084,-3.3724365922347492,2.620363082630504,-4.2248822472274194e-10,-3.26641314574183e-10,8.597844243416844e-09,32.761199951171875,0.0,2.0,31.834929630927533,31.82888459013003
18.474899768829346,1.1114832749766252,-3.372436592237944,2.6203630827157363,-3.937399284779955e-10,-3.1196999612419665e-10,8.372076016400009e-09,32.761199951171875,0.0,2.0,31.834929630933594,31.828884590134436
18.484918355941772,1.1114832749728396,-3.372436592240981,2.620363082796193,-3.632707442684019e-10,-2.9506069318986227e-10,7.692814846312622e-09,32.761199951171875,0.0,2.0,31.834929630939246,31.828884590138514
18.494901657104492,1.111483274969354,-3.3724365922438526,2.620363082868322,-3.3451340606986076e-10,-2.795675663667027e-10,6.653466482427518e-09,32.8278694152832,0.0,2.0,31.901212025952614,31.89517954754602
18.50483274459839,1.1114832749661339,-3.37243659224659,2.6203630829290376,-3.1065462934123274e-10,-2.688960600589419e-10,5.487215090762933e-09,32.8278694152832,0.0,2.0,31.901212025957285,31.895179547549507
18.514882564544678,1.111483274963117,-3.3724365922492554,2.6203630829779225,-2.9405519115614025e-10,-2.6556898973650083e-10,4.250455207419523e-09,32.8278694152832,0.0,2.0,31.901212025961513,31.895179547552793
18.524879217147827,1.1114832749602226,-3.3724365922519337,2.620363083013779,-2.8646399959469923e-10,-2.714553029453598e-10,2.926382956740211e-09,32.894535064697266,0.0,2.0,31.96749223809452,31.96147226956022
18.53483510017395,1.1114832749573536,-3.372436592254721,2.6203630830361977,-2.8917667911361417e-10,-2.87939550250977e-10,1.527324103131286e-09,32.894535064697266,0.0,2.0,31.9674922380981,31.961472269563362
18.54492163658142,1.1114832749544015,-3.3724365922577313,2.6203630830444284,-3.031528194713283e-10,-3.1604717875489255e-10,1.2405047634884028e-10,32.894535064697266,0.0,2.0,31.96749223810151,31.961472269566617
18.554862022399902,1.1114832749512538,-3.37243659226108,2.620363083038488,-3.280950325793944e-10,-3.5544391334377843e-10,-1.3014914431266108e-09,32.894535064697266,0.0,2.0,31.967492238104878,31.961472269570105
18.564851999282837,1.111483274947814,-3.3724365922648656,2.620363083018567,-3.605618687324981e-10,-4.023872732186881e-10,-2.69355813173614e-09,32.96125030517578,0.0,2.0,32.03382335600007,32.027815855107
18.575329065322876,1.1114832749440307,-3.372436592269141,2.620363082983787,-3.960572786475611e-10,-4.5199279943469135e-10,-4.245359416909323e-09,32.96125030517578,0.0,2.0,32.033823356003616,32.027815855111214
18.584871292114258,1.1114832749399044,-3.372436592273893,2.620363082933953,-4.2814481885298985e-10,-4.972724128178749e-10,-5.709390349014382e-09,32.96125030517578,0.0,2.0,32.033823356007254,32.02781585511582
18.594889879226685,1.1114832749354966,-3.372436592279052,2.620363082869771,-4.516134310302646e-10,-5.325687658120292e-10,-7.155294963061788e-09,33.027862548828125,0.0,2.0,32.100053658498666,32.0940585548775
18.60485553741455,1.1114832749309096,-3.3724365922845028,2.620363082790299,-4.6422411102102954e-10,-5.554500105555025e-10,-8.721656128016892e-09,33.027862548828125,0.0,2.0,32.10005365850226,32.094058554882636
18.61487364768982,1.1114832749262447,-3.3724365922901263,2.620363082695643,-4.672392278955699e-10,-5.672838598672927e-10,-1.0196473262077496e-08,33.027862548828125,0.0,2.0,32.100053658505665,32.094058554887866
18.62488603591919,1.1114832749215922,-3.372436592295817,2.6203630825865947,-4.6190633253542025e-10,-5.694224470028356e-10,-1.1603472849813991e-08,33.09454345703125,0.0,2.0,32.16635381164207,32.160371067223466
18.634855270385742,1.1114832749170307,-3.372436592301486,2.6203630824637463,-4.491496339997361e-10,-5.62867455926601e-10,-1.2942837468800569e-08,33.09454345703125,0.0,2.0,32.16635381164483,32.160371067228596
18.644956350326538,1.1114832749126318,-3.3724365923070487,2.620363082334706,-4.2965380369766234e-10,-5.483609517873614e-10,-1.236969875797389e-08,33.09454345703125,0.0,2.0,32.1663538116473,32.160371067233555
18.654858589172363,1.1114832749084604,-3.3724365923124293,2.6203630822229047,-4.0392605856732524e-10,-5.2645267087937e-10,-9.87545246366912e-09,33.09454345703125,0.0,2.0,32.166353811649856,32.160371067238266
18.664839267730713,1.1114832749045729,-3.3724365923175563,2.6203630821407464,-3.7288588467183797e-10,-4.981397986248202e-10,-6.23198325810979e-09,33.16120529174805,0.0,2.0,32.23263657040526,32.22666613111173
18.67487621307373,1.1114832749010073,-3.3724365923223845,2.620363082103216,-3.4039056934986164e-10,-4.676070614473389e-10,-1.2386673716266226e-09,33.16120529174805,0.0,2.0,32.2326365704086,32.22666613111578
18.684907913208008,1.1114832748977568,-3.372436592326916,2.6203630821122497,-3.1044501957961517e-10,-4.3919943155578326e-10,2.784356084623158e-09,33.16120529174805,0.0,2.0,32.232636570412474,32.22666613111949
18.694857835769653,1.1114832748947807,-3.3724365923311876,2.620363082153668,-2.8601878773026034e-10,-4.1613861137194887e-10,5.305047662512497e-09,33.227867126464844,0.0,2.0,32.29892088947221,32.29296270506447
18.70484185218811,1.1114832748920123,-3.3724365923352657,2.6203630822149644,-2.6904347613566956e-10,-4.010585809498738e-10,6.799554092140194e-09,33.227867126464844,0.0,2.0,32.29892088947656,32.29296270506765
18.714887380599976,1.1114832748893817,-3.372436592339251,2.6203630822872883,-2.57882964370549e-10,-3.9873053897372684e-10,7.555385386310044e-09,33.227867126464844,0.0,2.0,32.29892088948098,32.292962705070686
18.72486901283264,1.1114832748868502,-3.3724365923432975,2.620363082364102,-2.48104507457247e-10,-4.1304309335052833e-10,7.737872348631035e-09,33.294532775878906,0.0,2.0,32.36521055248431,32.359264573730364
18.73487901687622,1.1114832748844359,-3.3724365923475688,2.620363082440843,-2.3328462058340583e-10,-4.43538696747667e-10,7.55863330245031e-09,33.294532775878906,0.0,2.0,32.36521055248863,32.35926457373321
18.744922876358032,1.1114832748822163,-3.372436592352218,2.6203630825135003,-2.092373603693795e-10,-4.876762292863539e-10,6.9139281031891785e-09,33.294532775878906,0.0,2.0,32.3652105524927,32.359264573735906
18.754859447479248,1.1114832748802805,-3.37243659235733,2.620363082578278,-1.7698732675195528e-10,-5.339893858435395e-10,5.94406549595467e-09,33.294532775878906,0.0,2.0,32.36521055249641,32.35926457373837
18.764872789382935,1.111483274878684,-3.372436592362869,2.620363082631781,-1.427155359327043e-10,-5.712228153916368e-10,4.755220719569953e-09,33.36121368408203,0.0,2.0,32.431516930142124,32.42558311018945
18.774856567382812,1.1114832748774006,-3.3724365923686963,2.6203630826733573,-1.1598813489623825e-10,-5.906089470737294e-10,3.551378879926993e-09,33.36121368408203,0.0,2.0,32.43151693014481,32.425583110191326
18.784883499145508,1.1114832748763153,-3.372436592374599,2.620363082702091,-1.0417760291795016e-10,-5.855226383552361e-10,2.202037284814213e-09,33.36121368408203,0.0,2.0,32.43151693014705,32.425583110193024
18.79484724998474,1.1114832748752501,-3.3724365923803097,2.620363082717462,-1.127021827806664e-10,-5.510958881247379e-10,8.588169142804931e-10,33.4278678894043,0.0,2.0,32.497798286625425,32.49187657128771
18.804861307144165,1.1114832748739876,-3.372436592385519,2.6203630827192326,-1.4346224618559897e-10,-4.856704258855827e-10,-4.97408207515448e-10,33.4278678894043,0.0,2.0,32.497798286627244,32.49187657128951
18.81486487388611,1.1114832748723125,-3.3724365923899255,2.6203630827072306,-1.9506650223502273e-10,-3.9135335708255013e-10,-1.9274080878528505e-09,33.4278678894043,0.0,2.0,32.49779828662914,32.491876571291634
18.824852466583252,1.1114832748700212,-3.372436592393276,2.6203630826808335,-2.6623371445067403e-10,-2.760213780845683e-10,-3.3421341860687987e-09,33.494529724121094,0.0,2.0,32.564088752157936,32.5581790938017
18.8348331451416,1.111483274866927,-3.3724365923954083,2.6203630826403317,-3.5513775448772286e-10,-1.492264551698892e-10,-4.763605607654013e-09,33.494529724121094,0.0,2.0,32.564088752160465,32.55817909380499
18.84491491317749,1.1114832748628742,-3.372436592396258,2.620363082585729,-4.571134202361344e-10,-2.112095930267936e-11,-6.147989348293254e-09,33.494529724121094,0.0,2.0,32.56408875216354,32.55817909380911
18.854954481124878,1.1114832748577586,-3.372436592395858,2.620363082517518,-5.671320677254602e-10,9.932463134137724e-11,-7.487994242617666e-09,33.494529724121094,0.0,2.0,32.56408875216728,32.558179093814154
18.8648681640625,1.1114832748515204,-3.372436592394318,2.620363082434903,-6.802941379835443e-10,2.05893845501902e-10,-9.058514513665854e-09,33.561195373535156,0.0,2.0,32.63038452441563,32.62448687500196
18.87489104270935,1.1114832748441759,-3.3724365923918,2.620363082336653,-7.864381848831851e-10,2.944663598574874e-10,-1.057658887956523e-08,33.561195373535156,0.0,2.0,32.63038452442081,32.624486875009005
18.88490080833435,1.1114832748358483,-3.3724365923885005,2.6203630822236366,-8.755891209677256e-10,3.6148939837449484e-10,-1.2015634198936223e-08,33.561195373535156,0.0,2.0,32.6303845244266,32.624486875016956
18.89485788345337,1.111483274826745,-3.3724365923846515,2.620363082096541,-9.403445310839644e-10,4.043196563087022e-10,-1.3378738848528139e-08,33.62788391113281,0.0,2.0,32.69670456275447,32.69081887794218
18.904845714569092,1.1114832748171408,-3.3724365923805015,2.6203630819630495,-9.752205740064974e-10,4.2099892533131795e-10,-1.2823187388022451e-08,33.62788391113281,0.0,2.0,32.69670456276106,32.6908188779513
18.914865016937256,1.111483274807353,-3.3724365923763227,2.62036308184825,-9.764097291995396e-10,4.1031156582608366e-10,-9.906962653046405e-09,33.62788391113281,0.0,2.0,32.69670456276818,32.69081887796061
18.924874544143677,1.111483274797716,-3.372436592372372,2.620363081766972,-9.463329499023973e-10,3.7618813623945543e-10,-6.1554257011691946e-09,33.69453811645508,0.0,2.0,32.76299195338001,32.75711817886341
18.93483567237854,1.111483274788508,-3.3724365923688513,2.6203630817306927,-8.916503935737913e-10,3.26025994751537e-10,-9.158912023218293e-10,33.69453811645508,0.0,2.0,32.762991953388116,32.757118178872204
18.944926977157593,1.1114832747799441,-3.3724365923658857,2.6203630817450185,-8.185941973889703e-10,2.66501741573372e-10,3.5000451223382567e-09,33.69453811645508,0.0,2.0,32.7629919533966,32.75711817888042
18.954853773117065,1.1114832747721695,-3.3724365923635267,2.6203630817955927,-7.352723113600546e-10,2.0577918357411265e-10,6.367965649355626e-09,33.69453811645508,0.0,2.0,32.76299195340504,32.75711817888791
18.96486735343933,1.1114832747652506,-3.3724365923617516,2.620363081868748,-6.483896285047612e-10,1.5054989705892268e-10,8.115421438845803e-09,33.76119613647461,0.0,2.0,32.82928462325848,32.82342271186188
18.974862098693848,1.111483274759197,-3.3724365923604793,2.6203630819553485,-5.629132547866247e-10,1.0577112297267194e-10,9.095541053129354e-09,33.76119613647461,0.0,2.0,32.82928462326601,32.82342271186777
18.984915018081665,1.1114832747539753,-3.372436592359587,2.6203630820483084,-4.825229129768554e-10,7.511527627166808e-11,9.389226340471737e-09,33.76119613647461,0.0,2.0,32.82928462327287,32.82342271187287
18.99485445022583,1.1114832747495198,-3.372436592358921,2.620363082141817,-4.099446086700159e-10,6.130294878012985e-11,9.258557793761748e-09,33.8278694152832,0.0,2.0,32.89559394538531,32.889743852240414
19.00482416152954,1.1114832747457435,-3.3724365923582975,2.620363082232329,-3.471218845646737e-10,6.624957353272938e-11,8.730858871219778e-09,33.8278694152832,0.0,2.0,32.89559394539071,32.8897438522441
19.014861822128296,1.1114832747425434,-3.3724365923575395,2.6203630823152326,-2.9465615014609846e-10,8.734772080546024e-11,7.803956764336705e-09,33.8278694152832,0.0,2.0,32.89559394539537,32.88974385224721
19.02485156059265,1.1114832747398151,-3.372436592356522,2.620363082386546,-2.524960851303977e-10,1.1634625019447322e-10,6.461135376981488e-09,33.89453125,0.0,2.0,32.96189335386643,32.95605502965542
19.03482985496521,1.1114832747374703,-3.3724365923552178,2.62036308244457,-2.1726665942639913e-10,1.4343009275798178e-10,5.148635354396123e-09,33.89453125,0.0,2.0,32.96189335386972,32.95605502965762
19.044893503189087,1.1114832747354582,-3.3724365923536883,2.6203630824892556,-1.8551853586064478e-10,1.6045334109259972e-10,3.758149831318129e-09,33.89453125,0.0,2.0,32.96189335387242,32.95605502965947
19.054887533187866,1.1114832747337562,-3.3724365923520643,2.62036308251983,-1.5469619211318299e-10,1.6138118404868534e-10,2.3655766384594947e-09,33.89453125,0.0,2.0,32.961893353874515,32.95605502966099
19.06486201286316,1.1114832747323646,-3.372436592350528,2.620363082536361,-1.2372359265576435e-10,1.4249607097711702e-10,9.46900358555828e-10,33.96119689941406,0.0,2.0,33.02819801544125,33.02237141383131
19.074976921081543,1.1114832747312735,-3.37243659234928,2.620363082538868,-9.52970666345106e-11,1.0434416688921926e-10,-4.721191052044263e-10,33.96119689941406,0.0,2.0,33.02819801544226,33.022371413832275
19.084911823272705,1.1114832747304415,-3.3724365923484925,2.6203630825267483,-7.217433857961851e-11,5.193980852327857e-11,-1.939242562938162e-09,33.96119689941406,0.0,2.0,33.028198015442776,33.022371413833014
19.094842672348022,1.1114832747298038,-3.372436592348258,2.6203630825001993,-5.688812880347436e-11,-5.173642108925708e-12,-3.398895322624907e-09,34.027870178222656,0.0,2.0,33.09451171575091,33.088696791349236
19.104854822158813,1.1114832747292713,-3.372436592348586,2.6203630824586956,-5.14515556774299e-11,-5.939467893958492e-11,-4.88809201401966e-09,34.027870178222656,0.0,2.0,33.0945117157507,33.0886967913498
19.11484408378601,1.111483274728738,-3.3724365923494175,2.620363082402676,-5.7355973825661125e-11,-1.0509196782263784e-10,-6.3057442981760385e-09,34.027870178222656,0.0,2.0,33.09451171575026,33.088696791350415
19.124845504760742,1.111483274728084,-3.372436592350645,2.6203630823325086,-7.564653440789647e-11,-1.3814871171011868e-10,-7.79465538591577e-09,34.094539642333984,0.0,2.0,33.160823063850735,33.15501976953254
19.13483953475952,1.1114832747271937,-3.3724365923521393,2.6203630822464814,-1.032247254705189e-10,-1.5908458931711503e-10,-9.391403927243014e-09,34.094539642333984,0.0,2.0,33.16082306385017,33.15501976953358
19.144927501678467,1.1114832747260162,-3.372436592353807,2.6203630821450115,-1.3171843221121065e-10,-1.7388536299707292e-10,-1.0888732540931969e-08,34.094539642333984,0.0,2.0,33.160823063849605,33.155019769534924
19.154869318008423,1.1114832747245789,-3.372436592355611,2.620363082028958,-1.5436728904156255e-10,-1.8749983177593107e-10,-1.229501457888954e-08,34.094539642333984,0.0,2.0,33.160823063849044,33.15501976953654
19.16484785079956,1.1114832747229657,-3.372436592357564,2.6203630819061354,-1.6616309451969696e-10,-2.035941553362055e-10,-1.1771449802284322e-08,34.161197662353516,0.0,2.0,33.227124462204344,33.2213327498074
19.174848318099976,1.1114832747213053,-3.372436592359701,2.620363081802108,-1.6339945602161728e-10,-2.2488081166963948e-10,-8.683901873406271e-09,34.161197662353516,0.0,2.0,33.227124462204266,33.22133274980927
19.18487811088562,1.1114832747197532,-3.3724365923620807,2.6203630817351513,-1.4474767650836292e-10,-2.5207015154425106e-10,-4.656679638059704e-09,34.161197662353516,0.0,2.0,33.2271244622048,33.22133274981106
19.194846153259277,1.1114832747184533,-3.3724365923647563,2.620363081713201,-1.1389589424565137e-10,-2.8399631497593574e-10,5.156932446587659e-10,34.22787094116211,0.0,2.0,33.29344246239573,33.28766228865738
19.20484161376953,1.1114832747174959,-3.372436592367782,2.6203630817430184,-7.693145036696633e-11,-3.2243910004822545e-10,5.1370760358069226e-09,34.22787094116211,0.0,2.0,33.29344246239754,33.28766228865864
19.21483302116394,1.111483274716928,-3.372436592371222,2.6203630818108343,-3.59980811247427e-11,-3.6615010472236673e-10,8.179934588096891e-09,34.22787094116211,0.0,2.0,33.29344246239972,33.28766228865955
19.224852800369263,1.1114832747167895,-3.3724365923751134,2.6203630819025454,9.08369792203282e-12,-4.122866934880748e-10,1.001022380276254e-08,34.29453659057617,0.0,2.0,33.35975428995461,33.35398560791134
19.23491621017456,1.1114832747171228,-3.372436592379467,2.6203630820080557,5.766099182201959e-11,-4.5795590277152533e-10,1.0979102685411229e-08,34.29453659057617,0.0,2.0,33.359754289956676,33.353985607911454
19.244909286499023,1.1114832747179433,-3.372436592384254,2.6203630821200794,1.0573286720023909e-10,-4.977727746785354e-10,1.130521501004131e-08,34.29453659057617,0.0,2.0,33.35975428995843,33.35398560791113
19.254854917526245,1.1114832747192238,-3.372436592389389,2.6203630822326422,1.493863084858393e-10,-5.268733092403121e-10,1.115452834557231e-08,34.29453659057617,0.0,2.0,33.35975428995976,33.35398560791036
19.264846086502075,1.111483274720907,-3.372436592394746,2.6203630823422044,1.8573830465954543e-10,-5.416692180258965e-10,1.0677223978808015e-08,34.3612060546875,0.0,2.0,33.42607131967928,33.420314084615555
19.27495002746582,1.1114832747229102,-3.372436592400175,2.620363082444447,2.1340401605629344e-10,-5.422176172608217e-10,9.756875731754017e-09,34.3612060546875,0.0,2.0,33.426071319679735,33.420314084614105
19.284916877746582,1.111483274725144,-3.3724365924055664,2.6203630825355515,2.3171772449777683e-10,-5.353495375829664e-10,8.42464010101226e-09,34.3612060546875,0.0,2.0,33.42607131967974,33.42031408461243
19.294851303100586,1.1114832747275227,-3.3724365924108883,2.6203630826130406,2.4317144475855236e-10,-5.30168578148891e-10,7.079806055350936e-09,34.427879333496094,0.0,2.0,33.49239354344253,33.486647710909516
19.304853200912476,1.1114832747299963,-3.372436592416202,2.6203630826771236,2.512242418947567e-10,-5.347373411729032e-10,5.702957209238723e-09,34.427879333496094,0.0,2.0,33.49239354344179,33.48664771090759
19.31487226486206,1.1114832747325456,-3.3724365924216206,2.6203630827270015,2.586048029804446e-10,-5.506324048941373e-10,4.2828961307535124e-09,34.427879333496094,0.0,2.0,33.49239354344073,33.486647710905615
19.324875354766846,1.1114832747351713,-3.372436592427239,2.6203630827625006,2.668242709214621e-10,-5.73741237970682e-10,2.7984848628423235e-09,34.49455261230469,0.0,2.0,33.55871715845781,33.552982683614225
19.334864854812622,1.1114832747378875,-3.3724365924331092,2.6203630827831854,2.7690465566482967e-10,-6.006830091355082e-10,1.3418740696733778e-09,34.49455261230469,0.0,2.0,33.55871715845608,33.552982683612115
19.34489369392395,1.111483274740718,-3.372436592439257,2.620363082788842,2.8960308074654165e-10,-6.289531373014937e-10,-1.94724414012573e-10,34.49455261230469,0.0,2.0,33.55871715845399,33.55298268360992
19.3549222946167,1.1114832747436911,-3.3724365924456863,2.6203630827795514,3.054804368689137e-10,-6.566961836861264e-10,-1.6732407112433231e-09,34.49455261230469,0.0,2.0,33.55871715845151,33.5529826836076
19.36485004425049,1.1114832747468402,-3.372436592452386,2.6203630827550604,3.249522423582169e-10,-6.825376043213676e-10,-3.209016667594752e-09,34.56120300292969,0.0,2.0,33.62501938763073,33.619296222022506
19.374838829040527,1.1114832747502024,-3.372436592459328,2.6203630827156497,3.483263215872301e-10,-7.054591118962946e-10,-4.661175712304102e-09,34.56120300292969,0.0,2.0,33.625019387627354,33.61929622201986
19.38489031791687,1.1114832747538195,-3.372436592466482,2.620363082661969,3.758307138497124e-10,-7.247063427244058e-10,-6.119432897200904e-09,34.56120300292969,0.0,2.0,33.625019387623475,33.61929622201697
19.394878387451172,1.111483274757733,-3.372436592473808,2.6203630825925193,4.0763435210410244e-10,-7.397204513046282e-10,-7.749689549832547e-09,34.62786865234375,0.0,2.0,33.69133817026807,33.685626272182006
19.404836177825928,1.1114832747619874,-3.3724365924812596,2.6203630825073354,4.438623843729811e-10,-7.50087434326996e-10,-9.271841595820865e-09,34.62786865234375,0.0,2.0,33.69133817026301,33.68562627217851
19.41486644744873,1.111483274766625,-3.3724365924887922,2.6203630824073496,4.846075222867632e-10,-7.555005903605904e-10,-1.0713907722296049e-08,34.62786865234375,0.0,2.0,33.6913381702573,33.68562627217465
19.42486071586609,1.1114832747716943,-3.3724365924963524,2.620363082293254,5.299384487487154e-10,-7.557327106103248e-10,-1.2096644708934012e-08,34.69453430175781,0.0,2.0,33.757658319341914,33.751957644728726
19.434840440750122,1.1114832747772392,-3.37243659250389,2.6203630821655683,5.799060444098121e-10,-7.506154766921734e-10,-1.3418034805047263e-08,34.69453430175781,0.0,2.0,33.7576583193348,33.75195764472396
19.444929122924805,1.111483274783308,-3.372436592511347,2.620363082029849,6.345480024758983e-10,-7.400241951457138e-10,-1.3483178156921135e-08,34.69453430175781,0.0,2.0,33.757658319327014,33.751957644718665
19.454940795898438,1.1114832747899448,-3.3724365925186732,2.6203630819016643,6.933485174637743e-10,-7.244564217908661e-10,-1.1735751451140569e-08,34.69453430175781,0.0,2.0,33.757658319318786,33.751957644712796
19.464864253997803,1.1114832747971775,-3.372436592525834,2.620363081801732,7.527493571369508e-10,-7.077267492282689e-10,-8.129663988352474e-09,34.76119613647461,0.0,2.0,33.82397603176199,33.81828653619143
19.474907159805298,1.1114832748049899,-3.372436592532838,2.6203630817433803,8.089671615207226e-10,-6.939059447034612e-10,-3.2976749173880224e-09,34.76119613647461,0.0,2.0,33.823976031753844,33.81828653618436
19.484874725341797,1.1114832748133376,-3.37243659253973,2.6203630817328922,8.599496520567969e-10,-6.851954287956012e-10,9.247708108102541e-10,34.76119613647461,0.0,2.0,33.823976031746035,33.81828653617674
19.4949209690094,1.1114832748221766,-3.3724365925465527,2.6203630817570214,9.071499626251475e-10,-6.794615121668018e-10,3.6832543446718656e-09,34.82787322998047,0.0,2.0,33.8903102749481,33.884631917420116
19.504876852035522,1.1114832748314645,-3.3724365925533117,2.6203630818030863,9.494557199098383e-10,-6.713507905883686e-10,5.362588869353739e-09,34.82787322998047,0.0,2.0,33.89031027494038,33.88463191741155
19.514869689941406,1.1114832748411396,-3.3724365925599518,2.6203630818612327,9.84125234017907e-10,-6.551295701989633e-10,6.166205896307214e-09,34.82787322998047,0.0,2.0,33.890310274932474,33.88463191740258
19.524888277053833,1.1114832748511145,-3.3724365925663724,2.6203630819246726,1.009093470932928e-09,-6.265189420522658e-10,6.447111357259155e-09,34.894535064697266,0.0,2.0,33.95663068032108,33.95096341499469
19.534831047058105,1.1114832748612848,-3.372436592572435,2.6203630819877115,1.0232711718750482e-09,-5.835107443474206e-10,6.07739054152432e-09,34.894535064697266,0.0,2.0,33.95663068031271,33.950963414985175
19.5449001789093,1.1114832748715415,-3.3724365925780138,2.620363082045011,1.0263797699676501e-09,-5.311890809927911e-10,5.256718951711509e-09,34.894535064697266,0.0,2.0,33.956630680304116,33.95096341497552
19.554873943328857,1.111483274881779,-3.3724365925830546,2.620363082092056,1.019826093949481e-09,-4.777156852621319e-10,4.1470351523013375e-09,34.894535064697266,0.0,2.0,33.95663068029529,33.95096341496584
19.564841508865356,1.1114832748919194,-3.3724365925875923,2.6203630821278594,1.0075484150656295e-09,-4.3182931863604195e-10,3.001837225827591e-09,34.96119689941406,0.0,2.0,34.022952420194976,34.01729620403692
19.574889421463013,1.1114832749019221,-3.3724365925917397,2.620363082151324,9.926835194139197e-10,-4.002058886989275e-10,1.695940106319692e-09,34.96119689941406,0.0,2.0,34.02295242018586,34.01729620402737
19.584888696670532,1.1114832749117725,-3.3724365925956623,2.620363082161805,9.77511769989866e-10,-3.8775100404054453e-10,3.8490416226183854e-10,34.96119689941406,0.0,2.0,34.022952420176644,34.01729620401795
19.594853162765503,1.11148327492147,-3.3724365925995654,2.620363082158964,9.616089397823692e-10,-3.9615079501403565e-10,-9.474781962304387e-10,35.027870178222656,0.0,2.0,34.089286872846586,34.083641664961874
19.60487985610962,1.1114832749309929,-3.3724365926036493,2.6203630821427306,9.421299305170373e-10,-4.235660804354395e-10,-2.3079475093309916e-09,35.027870178222656,0.0,2.0,34.08928687283722,34.08364166495279
19.61487340927124,1.1114832749403036,-3.372436592608084,2.6203630821129242,9.197801051557349e-10,-4.6514232125416727e-10,-3.647139537193279e-09,35.027870178222656,0.0,2.0,34.089286872827856,34.08364166494397
19.624948740005493,1.1114832749493857,-3.3724365926129822,2.6203630820694377,8.96531426365284e-10,-5.157106091520612e-10,-5.0716424270070955e-09,35.027870178222656,0.0,2.0,34.089286872818505,34.08364166493541
19.634844303131104,1.111483274958236,-3.372436592618414,2.620363082011656,8.738562926395503e-10,-5.71429208929567e-10,-6.475175489086129e-09,35.09453201293945,0.0,2.0,34.15561125866087,34.1499770146224
19.6449031829834,1.1114832749668686,-3.372436592624417,2.6203630819400985,8.528454849368451e-10,-6.294520925370166e-10,-7.82936655076236e-09,35.09453201293945,0.0,2.0,34.155611258651575,34.1499770146144
19.654884099960327,1.111483274975301,-3.372436592631003,2.6203630818543773,8.338984884621678e-10,-6.872942826033492e-10,-9.337790749738456e-09,35.09453201293945,0.0,2.0,34.15561125864228,34.14997701460666
19.66485834121704,1.1114832749835433,-3.372436592638146,2.6203630817535912,8.140212835071001e-10,-7.400825559637245e-10,-1.0806576583622933e-08,35.16119384765625,0.0,2.0,34.22193695580873,34.216313633326195
19.674922466278076,1.1114832749915649,-3.3724365926457702,2.6203630816384713,7.894232699277097e-10,-7.827573228652212e-10,-1.2191713611094903e-08,35.16119384765625,0.0,2.0,34.221936955799414,34.21631363331897
19.684832334518433,1.1114832749993062,-3.3724365926537545,2.6203630815167647,7.572837882378228e-10,-8.115588152120877e-10,-1.1652484282774562e-08,35.16119384765625,0.0,2.0,34.221936955790284,34.21631363331205
19.694910526275635,1.1114832750066788,-3.372436592661946,2.620363081414001,7.155132416527317e-10,-8.237017285533224e-10,-8.531760872687002e-09,35.22787857055664,0.0,2.0,34.28828673011427,34.28267429086811
19.704879999160767,1.1114832750135792,-3.372436592670167,2.620363081352006,6.627277241652904e-10,-8.172739117408577e-10,-3.75217811528997e-09,35.22787857055664,0.0,2.0,34.288286730107096,34.28267429086205
19.714866876602173,1.1114832750199026,-3.372436592678236,2.620363081339311,6.006838040058402e-10,-7.934227396239241e-10,1.3234501455170323e-09,35.22787857055664,0.0,2.0,34.28828673010137,34.28267429085655
19.724883556365967,1.1114832750255739,-3.3724365926859896,2.620363081376107,5.329484208535808e-10,-7.550864132224226e-10,5.753889667790336e-09,35.29454040527344,0.0,2.0,34.35461502759435,34.349013426028364
19.734899044036865,1.1114832750305512,-3.372436592693297,2.620363081449528,4.622361349480621e-10,-7.045080634922356e-10,8.721613805491073e-09,35.29454040527344,0.0,2.0,34.354615027591436,34.34901342602413
19.74489688873291,1.1114832750348147,-3.3724365927000433,2.6203630815465897,3.9055794134327883e-10,-6.433494435838481e-10,1.0501996544272492e-08,35.29454040527344,0.0,2.0,34.35461502758961,34.34901342602055
19.754873991012573,1.1114832750383636,-3.372436592706132,2.6203630816568815,3.194470477045441e-10,-5.728816358184655e-10,1.1429283883577646e-08,35.29454040527344,0.0,2.0,34.354615027588665,34.34901342601761
19.764856576919556,1.1114832750412156,-3.3724365927114786,2.6203630817731884,2.521528456183387e-10,-4.959943163211875e-10,1.1755092193004138e-08,35.36119842529297,0.0,2.0,34.420940818032136,34.41535001195315
19.774904012680054,1.1114832750434371,-3.372436592716046,2.6203630818900754,1.939899553799887e-10,-4.175079226555337e-10,1.1550230461013376e-08,35.36119842529297,0.0,2.0,34.42094081803248,34.41535001195139
19.784886837005615,1.1114832750451402,-3.3724365927198368,2.62036308200333,1.4911478826128494e-10,-3.4119559538126837e-10,1.106405039474868e-08,35.36119842529297,0.0,2.0,34.42094081803321,34.41535001195007
19.79485583305359,1.1114832750464734,-3.3724365927228885,2.6203630821102206,1.2025440811684043e-10,-2.696961644682575e-10,1.0211555991646645e-08,35.42786407470703,0.0,2.0,34.487275481152366,34.48169543046351
19.804824590682983,1.1114832750475885,-3.372436592725255,2.6203630822069925,1.04098016867629e-10,-2.0460045890294288e-10,9.109814190268365e-09,35.42786407470703,0.0,2.0,34.48727548115323,34.481695430462636
19.81488800048828,1.1114832750485726,-3.372436592727008,2.6203630822914215,9.27840796198901e-11,-1.469118969312267e-10,7.781617260466704e-09,35.42786407470703,0.0,2.0,34.487275481153944,34.481695430461826
19.824862957000732,1.111483275049428,-3.372436592728211,2.620363082362724,7.68418485373199e-11,-9.425700624012588e-11,6.4832379590339015e-09,35.494537353515625,0.0,2.0,34.5536190100062,34.54804967483263
19.83483362197876,1.1114832750500687,-3.3724365927288997,2.6203630824207003,4.85568448042325e-11,-4.423379307988328e-11,5.088971256050841e-09,35.494537353515625,0.0,2.0,34.55361901000666,34.54804967483206
19.844920873641968,1.1114832750503398,-3.3724365927290942,2.6203630824646402,2.2142951049163423e-12,4.936950202931416e-12,3.703490394368494e-09,35.494537353515625,0.0,2.0,34.55361901000721,34.54804967483181
19.854883670806885,1.1114832750500412,-3.372436592728802,2.6203630824945647,-6.53254643027402e-11,5.3565022761097306e-11,2.2911301884399853e-09,35.494537353515625,0.0,2.0,34.55361901000801,34.54804967483208
19.864851474761963,1.1114832750489665,-3.372436592728036,2.620363082510498,-1.527700765030919e-10,9.87131501705311e-11,8.642557906422663e-10,35.561187744140625,0.0,2.0,34.61994103019049,34.61438236600105
19.87488055229187,1.111483275046939,-3.372436592726845,2.620363082511793,-2.5408300638700907e-10,1.3807347454034883e-10,-5.928661490116652e-10,35.561187744140625,0.0,2.0,34.619941030192415,34.61438236600296
19.884901523590088,1.1114832750438715,-3.372436592725298,2.62036308249868,-3.5948777478490164e-10,1.6985735637170754e-10,-2.0606929344999253e-09,35.561187744140625,0.0,2.0,34.61994103019508,34.614382366005856
19.89485454559326,1.1114832750397612,-3.3724365927234783,2.620363082470608,-4.6140077254449173e-10,1.9266978233003194e-10,-3.5403617827314286e-09,35.62786102294922,0.0,2.0,34.686287085279275,34.6807390551055
19.9048490524292,1.1114832750346737,-3.3724365927214794,2.6203630824281015,-5.542039254953758e-10,2.054773000391776e-10,-4.950955621579421e-09,35.62786102294922,0.0,2.0,34.68628708528338,34.680739055110365
19.914860486984253,1.1114832750287214,-3.3724365927194055,2.620363082371245,-6.335788810504633e-10,2.0786639197469203e-10,-6.48827205692506e-09,35.62786102294922,0.0,2.0,34.68628708528809,34.68073905511609
19.924898624420166,1.1114832750220591,-3.372436592717342,2.620363082298376,-6.959626936203819e-10,2.0486152138174258e-10,-8.067245815203402e-09,35.69453811645508,0.0,2.0,34.75263818893958,34.74710075297597
19.93484091758728,1.1114832750148649,-3.372436592715301,2.620363082210214,-7.395490402433092e-10,2.0449979249669593e-10,-9.551406560428892e-09,35.69453811645508,0.0,2.0,34.752638188944964,34.74710075298293
19.94492745399475,1.1114832750073345,-3.372436592713223,2.6203630821075814,-7.63100598407161e-10,2.1289095099924477e-10,-1.0965328064215258e-08,35.69453811645508,0.0,2.0,34.75263818895042,34.747100752990214
19.954850673675537,1.1114832749996733,-3.372436592710998,2.6203630819910875,-7.65700736634871e-10,2.345612090409248e-10,-1.2309820518979017e-08,35.69453811645508,0.0,2.0,34.75263818895576,34.74710075299763
19.9649715423584,1.1114832749935923,-3.3724365927090125,2.6203630818922,-7.52233177362406e-10,2.6374286410667906e-10,-1.2085250634845088e-08,35.76119613647461,0.0,2.0,34.818971557303364,34.81344467235217
19.9749813079834,1.111483274986236,-3.3724365927061246,2.620363081780117,-7.155294449376651e-10,3.1717321366790183e-10,-1.0193921638257007e-08,35.76119613647461,0.0,2.0,34.81897155730841,34.81344467235922
19.985023021697998,1.1114832749793553,-3.372436592702604,2.6203630816930508,-6.57138517218867e-10,3.9041762147419403e-10,-6.865173247361174e-09,35.76119613647461,0.0,2.0,34.81897155731336,34.81344467236572
19.994932413101196,1.1114832749731531,-3.3724365926982607,2.6203630816475947,-5.805669777921569e-10,4.808010434046216e-10,-2.1839575596098696e-09,35.82786178588867,0.0,2.0,34.88531375576259,34.87979738308305
20.004977226257324,1.1114832749677934,-3.3724365926929396,2.6203630816464463,-4.892875283086588e-10,5.853924504562037e-10,1.6957365684205261e-09,35.82786178588867,0.0,2.0,34.885313755767385,34.87979738308786
20.014971017837524,1.1114832749634054,-3.372436592686515,2.6203630816767682,-3.8688125409709743e-10,7.009263494381681e-10,4.183914517091551e-09,35.82786178588867,0.0,2.0,34.88531375577167,34.87979738309162
20.024991989135742,1.1114832749600732,-3.3724365926789046,2.620363081726476,-2.7921874700337896e-10,8.214925378388124e-10,5.5947979067761485e-09,35.89452362060547,0.0,2.0,34.951653388811295,34.94614748807707
20.034937858581543,1.1114832749578225,-3.372436592670085,2.62036308178633,-1.7129272850277375e-10,9.420142551323747e-10,6.249476164613556e-09,35.89452362060547,0.0,2.0,34.95165338881375,34.94614748807846
20.04502010345459,1.1114832749566363,-3.3724365926600774,2.6203630818494497,-6.680189699871169e-11,1.0587305453844706e-09,6.310555973558011e-09,35.89452362060547,0.0,2.0,34.95165338881509,34.94614748807867
20.055034160614014,1.1114832749564665,-3.3724365926489326,2.620363081911445,3.151368363411441e-11,1.1688552253174562e-09,6.041376318082552e-09,35.89452362060547,0.0,2.0,34.951653388815274,34.94614748807776
20.0649516582489,1.11148327495724,-3.3724365926367272,2.620363081968156,1.216241236500327e-10,1.270324238989375e-09,5.250525493180133e-09,35.961181640625,0.0,2.0,35.017990449236954,35.01249498035496
20.075061082839966,1.111483274958867,-3.372436592623558,2.620363082015412,2.02116547838975e-10,1.3615247128397695e-09,4.093899866783623e-09,35.961181640625,0.0,2.0,35.01799044923491,35.01249498035208
20.084998846054077,1.1114832749612549,-3.372436592609542,2.620363082049721,2.7440411543501034e-10,1.438994604242268e-09,2.772925450906924e-09,35.961181640625,0.0,2.0,35.01799044923179,35.01249498034835
20.09499216079712,1.11148327496434,-3.3724365925948407,2.620363082070945,3.4213449688136663e-10,1.497772075924365e-09,1.4541487277863864e-09,36.027854919433594,0.0,2.0,35.08434391205521,35.07885883813453
20.10494375228882,1.1114832749680916,-3.3724365925796627,2.620363082078349,4.081420696977578e-10,1.5340595370069034e-09,3.6712124874506956e-11,36.027854919433594,0.0,2.0,35.08434391205015,35.078858838129335
20.114962100982666,1.1114832749725039,-3.3724365925642448,2.620363082071771,4.744356875730642e-10,1.5451274478593422e-09,-1.3647459774236783e-09,36.027854919433594,0.0,2.0,35.08434391204416,35.078858838123466
20.124942541122437,1.1114832749775787,-3.372436592548843,2.6203630820511212,5.400437030291013e-10,1.5312209109230824e-09,-2.756323087297553e-09,36.09452438354492,0.0,2.0,35.15069478869581,35.14522007008172
20.134971380233765,1.1114832749832917,-3.3724365925336937,2.620363082016276,6.017806687594728e-10,1.4958851112505282e-09,-4.226544030315289e-09,36.09452438354492,0.0,2.0,35.15069478868806,35.145220070074586
20.145020484924316,1.1114832749895918,-3.3724365925189677,2.6203630819668047,6.570407782762577e-10,1.4483464586993586e-09,-5.657035001780584e-09,36.09452438354492,0.0,2.0,35.1506947886795,35.14522007006689
20.154987335205078,1.111483274996402,-3.372436592504736,2.62036308190274,7.034683833329101e-10,1.3981343130806141e-09,-7.1629950462904956e-09,36.09452438354492,0.0,2.0,35.15069478867023,35.14522007005875
20.16497254371643,1.111483275003625,-3.3724365924909896,2.6203630818238004,7.393085061166779e-10,1.3523225978520772e-09,-8.613051872464619e-09,36.16118621826172,0.0,2.0,35.217039275531064,35.21157487220655
20.174989938735962,1.1114832750111492,-3.372436592477655,2.620363081730684,7.632610271054786e-10,1.3161518047833011e-09,-1.000170858479232e-08,36.16118621826172,0.0,2.0,35.21703927552066,35.21157487219778
20.185002326965332,1.11148327501885,-3.372436592464621,2.6203630816229038,7.749527259934669e-10,1.292960456878522e-09,-1.1555988879252313e-08,36.16118621826172,0.0,2.0,35.21703927550985,35.21157487218887
20.19503092765808,1.111483275026618,-3.3724365924517556,2.6203630814998706,7.7755310786921e-10,1.2820456786116556e-09,-1.3021028007834317e-08,36.22808074951172,0.0,2.0,35.28361655369258,35.278162462848336
20.204965829849243,1.1114832750343824,-3.3724365924389437,2.62036308136956,7.746550494554087e-10,1.2817394106892123e-09,-1.2540991676110915e-08,36.22808074951172,0.0,2.0,35.283616553681334,35.278162462839376
20.214964866638184,1.1114832750421024,-3.372436592426089,2.620363081257682,7.689230858768049e-10,1.2908032825171222e-09,-9.46411970813713e-09,36.22808074951172,0.0,2.0,35.283616553670456,35.278162462830466
20.225005388259888,1.1114832750497579,-3.372436592413101,2.6203630811866696,7.623311527994525e-10,1.3083198870791519e-09,-4.463464362260151e-09,36.294525146484375,0.0,2.0,35.34974701818201,35.34430313214519
20.234957933425903,1.1114832750573505,-3.372436592399898,2.620363081172537,7.563415790388496e-10,1.3336095935313705e-09,1.646882309464738e-09,36.294525146484375,0.0,2.0,35.34974701817294,35.344303132136375
20.245032787322998,1.1114832750648904,-3.3724365923864035,2.6203630812142737,7.520376856290433e-10,1.3661689181034372e-09,6.40238405082454e-09,36.294525146484375,0.0,2.0,35.349747018164884,35.34430313212758
20.25498652458191,1.1114832750723993,-3.3724365923725514,2.6203630812954417,7.502217829870801e-10,1.4056246159504838e-09,9.606571476307486e-09,36.294525146484375,0.0,2.0,35.349747018157515,35.344303132118775
20.264981746673584,1.1114832750799029,-3.3724365923582735,2.6203630814022456,7.50479965811252e-10,1.4506062343193103e-09,1.1594322307837544e-08,36.36118698120117,0.0,2.0,35.41609507401378,35.4106613880455
20.27500557899475,1.111483275087404,-3.3724365923435355,2.6203630815242223,7.492879463579565e-10,1.4966074480741416e-09,1.2648723003898476e-08,36.36118698120117,0.0,2.0,35.41609507400705,35.41066138803664
20.285074472427368,1.1114832750948718,-3.37243659232835,2.620363081653211,7.43391185882545e-10,1.5395915124366422e-09,1.3067366087243078e-08,36.36118698120117,0.0,2.0,35.41609507400043,35.410661388027755
20.294976234436035,1.1114832751022459,-3.3724365923127633,2.620363081784164,7.303786621672792e-10,1.5765679318654976e-09,1.3063077012622142e-08,36.427860260009766,0.0,2.0,35.48245569661881,35.47703217448263
20.305059909820557,1.111483275109448,-3.372436592296848,2.620363081912845,7.084642460924278e-10,1.6053212918011276e-09,1.2613673221823772e-08,36.427860260009766,0.0,2.0,35.48245569661238,35.47703217447394
20.315013647079468,1.111483275116381,-3.372436592280692,2.6203630820357824,6.763247407296056e-10,1.6242103719135057e-09,1.1946331956065585e-08,36.427860260009766,0.0,2.0,35.48245569660609,35.477032174465506
20.32507300376892,1.1114832751229375,-3.372436592264401,2.6203630821509654,6.330636823967641e-10,1.63211022934182e-09,1.1011497520267761e-08,36.427860260009766,0.0,2.0,35.48245569660003,35.477032174457435
20.334966897964478,1.1114832751290105,-3.372436592248083,2.620363082255514,5.802991252115283e-10,1.6306635757345363e-09,9.847285189401529e-09,36.49468994140625,0.0,2.0,35.54897316254079,35.54355979016761
20.345032930374146,1.1114832751345292,-3.372436592231802,2.6203630823464112,5.232482876293627e-10,1.6254473579195645e-09,8.346521044698847e-09,36.49468994140625,0.0,2.0,35.54897316253534,35.54355979016057
20.355005502700806,1.1114832751394856,-3.3724365922155624,2.620363082422692,4.688190144748627e-10,1.6238944699817662e-09,6.920300839243366e-09,36.49468994140625,0.0,2.0,35.5489731625302,35.5435597901541
20.364988565444946,1.1114832751439323,-3.372436592199295,2.620363082484771,4.220645394982091e-10,1.6314416573951595e-09,5.490315732214627e-09,36.56118392944336,0.0,2.0,35.615157663584085,35.60975435253439
20.375059604644775,1.1114832751479549,-3.372436592182902,2.620363082532674,3.836960823339927e-10,1.6488265931060542e-09,4.090928942241491e-09,36.56118392944336,0.0,2.0,35.61515766357936,35.60975435252884
20.385082960128784,1.111483275151631,-3.3724365921662898,2.620363082566041,3.5279110942195395e-10,1.6750231821923826e-09,2.596723599232508e-09,36.56118392944336,0.0,2.0,35.61515766357471,35.60975435252361
20.394992351531982,1.1114832751550332,-3.372436592149374,2.620363082584713,3.2861429816804433e-10,1.709127832718808e-09,1.1092168225216857e-09,36.62786865234375,0.0,2.0,35.68153316749838,35.67613990931548
20.404969930648804,1.1114832751582238,-3.3724365921320962,2.6203630825882214,3.1046727205652026e-10,1.7460632678837843e-09,-3.9282268532541385e-10,36.62786865234375,0.0,2.0,35.68153316749363,35.67613990931067
20.41497492790222,1.1114832751612629,-3.372436592114474,2.6203630825769326,2.9834297995681126e-10,1.776787659403725e-09,-1.8939252591074823e-09,36.62786865234375,0.0,2.0,35.681533167488745,35.67613990930598
20.4250168800354,1.1114832751642103,-3.372436592096604,2.6203630825504005,2.923336716901974e-10,1.7942684632814799e-09,-3.3982454080369527e-09,36.62786865234375,0.0,2.0,35.68153316748366,35.676139909301355
20.4349365234375,1.111483275167129,-3.3724365920786488,2.6203630825092206,2.9250768824333753e-10,1.7932958424316065e-09,-4.827101397580971e-09,36.69452667236328,0.0,2.0,35.74788324262677,35.74249999614374
20.4450204372406,1.1114832751700812,-3.372436592060813,2.620363082453707,2.988247549083248e-10,1.7700940393036943e-09,-6.326079309442663e-09,36.69452667236328,0.0,2.0,35.747883242621185,35.74249999613913
20.45498013496399,1.1114832751731183,-3.3724365920433232,2.620363082382734,3.08795193718257e-10,1.7241331015909898e-09,-7.85262658217309e-09,36.69452667236328,0.0,2.0,35.74788324261528,35.74249999613445
20.464977264404297,1.1114832751762544,-3.3724365920264,2.6203630822969233,3.1797383081379196e-10,1.657417522679363e-09,-9.297948801064444e-09,36.76118087768555,0.0,2.0,35.81423066424117,35.80885739195814
20.47498607635498,1.1114832751794632,-3.372436592010241,2.620363082196975,3.229354818069739e-10,1.571554038664914e-09,-1.0683097993325554e-08,36.76118087768555,0.0,2.0,35.814230664234714,35.808857391953424
20.484996557235718,1.111483275182691,-3.372436591995028,2.6203630820834087,3.211427063854508e-10,1.4677329486455463e-09,-1.202366983300145e-08,36.76118087768555,0.0,2.0,35.81423066422811,35.80885739194878
20.49498152732849,1.111483275185859,-3.3724365919809407,2.620363081956613,3.107157218189851e-10,1.3468360456246714e-09,-1.332252017874962e-08,36.76118087768555,0.0,2.0,35.814230664221434,35.808857391944294
20.504981756210327,1.1114832751888726,-3.3724365919681443,2.6203630818205106,2.90276923795845e-10,1.2095328213225466e-09,-1.3603670343083212e-08,36.82785415649414,0.0,2.0,35.88059820921444,35.875234877249184
20.514979600906372,1.1114832751916328,-3.372436591956797,2.6203630816929566,2.604272003773182e-10,1.0580784650961827e-09,-1.1496558474685903e-08,36.82785415649414,0.0,2.0,35.88059820920842,35.875234877245376
20.52496027946472,1.1114832751940618,-3.3724365919470136,2.6203630815947303,2.2453276344678423e-10,8.973129357267554e-10,-7.945183797140715e-09,36.894527435302734,0.0,2.0,35.94696688573316,35.9416134575368
20.534963607788086,1.111483275196113,-3.372436591938869,2.620363081539247,1.853997281315042e-10,7.311606691451687e-10,-3.0709328500736873e-09,36.894527435302734,0.0,2.0,35.946966885729395,35.94161345753399
20.544992923736572,1.111483275197766,-3.3724365919323995,2.6203630815297454,1.451069147954599e-10,5.625289640818563e-10,9.032364848739376e-10,36.894527435302734,0.0,2.0,35.94696688572698,35.941613457531744
20.554970502853394,1.1114832751990165,-3.3724365919276194,2.6203630815521337,1.0519435006417816e-10,3.935715989388014e-10,3.3898593672951967e-09,36.894527435302734,0.0,2.0,35.94696688572567,35.94161345753005
20.564977884292603,1.1114832751998747,-3.3724365919245236,2.62036308159423,6.695416710353683e-11,2.2604823590026769e-10,4.873037388258071e-09,36.96118927001953,0.0,2.0,36.01332529543148,36.00798173296526
20.575143098831177,1.1114832752003725,-3.3724365919230794,2.620363081647215,3.3907529824728356e-11,6.404425483616929e-11,5.626011291881068e-09,36.96118927001953,0.0,2.0,36.01332529543176,36.00798173296463
20.585006952285767,1.1114832752005863,-3.3724365919232064,2.620363081704939,1.0704278916773836e-11,-8.711193107993187e-11,5.785053790199846e-09,36.96118927001953,0.0,2.0,36.01332529543256,36.00798173296443
20.594954013824463,1.1114832752006203,-3.372436591924769,2.6203630817609076,-2.5611133530928215e-12,-2.2286663526976335e-10,5.364875760358339e-09,37.02785110473633,0.0,2.0,36.07968482382118,36.07435109094911
20.604976177215576,1.111483275200546,-3.372436591927607,2.620363081810183,-1.2250098737437854e-11,-3.4217394904222787e-10,4.456519554996563e-09,37.02785110473633,0.0,2.0,36.07968482382237,36.07435109094944
20.61499285697937,1.1114832752003705,-3.3724365919315784,2.620363081849782,-2.3524062029711793e-11,-4.5122085290748963e-10,3.4525996488914086e-09,37.02785110473633,0.0,2.0,36.0796848238236,36.07435109094999
20.625078678131104,1.1114832752000607,-3.372436591936618,2.62036308187893,-3.945422821090086e-11,-5.562724018086574e-10,2.349921288548842e-09,37.02785110473633,0.0,2.0,36.079684823824884,36.07435109095077
20.634984970092773,1.1114832751995667,-3.3724365919426953,2.6203630818966293,-5.97490200050815e-11,-6.591907137354824e-10,1.1872475870011992e-09,37.094520568847656,0.0,2.0,36.146053059720415,36.14072912162597
20.645029067993164,1.1114832751988586,-3.37243659194979,2.620363081902047,-8.210422851870802e-11,-7.590896375635739e-10,-1.2030762020724792e-10,37.094520568847656,0.0,2.0,36.14605305972188,36.14072912162734
20.65507745742798,1.111483275197924,-3.3724365919578654,2.6203630818942862,-1.0474639645795293e-10,-8.552405906595316e-10,-1.4491299304069996e-09,37.094520568847656,0.0,2.0,36.14605305972342,36.140729121629015
20.664984464645386,1.1114832751967674,-3.372436591966881,2.6203630818726196,-1.2636171243497724e-10,-9.47103825089638e-10,-2.8740094721034533e-09,37.1611213684082,0.0,2.0,36.21235404626035,36.20703985716532
20.675050735473633,1.1114832751954042,-3.3724365919767916,2.6203630818369352,-1.4597687815615543e-10,-1.0342794856834666e-09,-4.286309245671737e-09,37.1611213684082,0.0,2.0,36.21235404626203,36.2070398571676
20.685044527053833,1.1114832751938575,-3.3724365919875505,2.620363081786657,-1.6287085576857757e-10,-1.1164713513238974e-09,-5.756483871799715e-09,37.1611213684082,0.0,2.0,36.212354046263705,36.207039857170145
20.694973468780518,1.1114832751921586,-3.3724365919991044,2.6203630817220267,-1.7650948761567892e-10,-1.1934599762676333e-09,-7.160044254674172e-09,37.227882385253906,0.0,2.0,36.27881563112952,36.27351117887988
20.705012321472168,1.1114832751903405,-3.3724365920114012,2.6203630816434607,-1.8649706108033113e-10,-1.2650827914080371e-09,-8.614903546291681e-09,37.227882385253906,0.0,2.0,36.278815631131124,36.273511178882835
20.714970111846924,1.1114832751884418,-3.3724365920243877,2.620363081549246,-1.9254042719191496e-10,-1.3312193620167541e-09,-1.019264373433052e-08,37.227882385253906,0.0,2.0,36.278815631132616,36.27351117888594
20.7289936542511,1.1114832751865031,-3.3724365920380075,2.6203630814467798,-1.9442241650740302e-10,-1.3917804680957607e-09,-9.796098423328108e-09,37.294532775878906,0.0,2.0,36.34516818078706,36.33987341388071
20.73501753807068,1.1114832751851451,-3.372436592047889,2.6203630813841174,-1.9317583613387825e-10,-1.430819706965627e-09,-7.916267893949232e-09,37.294532775878906,0.0,2.0,36.34516818078826,36.33987341388297
20.745056867599487,1.111483275183237,-3.3724365920624573,2.620363081325604,-1.876370516277263e-10,-1.4817601977044984e-09,-3.4835888074277936e-09,37.294532775878906,0.0,2.0,36.3451681807905,36.33987341388622
20.75502300262451,1.111483275181407,-3.3724365920775052,2.620363081319666,-1.7759229051449256e-10,-1.5269836524225926e-09,2.504078739717973e-09,37.294532775878906,0.0,2.0,36.34516818079362,36.33987341388944
20.76502251625061,1.1114832751796997,-3.372436592092978,2.620363081372693,-1.6296998085306878e-10,-1.5664606684376559e-09,7.755564787003527e-09,37.36121368408203,0.0,2.0,36.41155220034592,36.40626708804111
20.775071620941162,1.1114832751781623,-3.372436592108816,2.6203630814686627,-1.4371710036085656e-10,-1.6001694653615392e-09,1.1205498396656278e-08,37.36121368408203,0.0,2.0,36.41155220035056,36.40626708804412
20.785069942474365,1.1114832751768422,-3.372436592124963,2.62036308159276,-1.1981061398862916e-10,-1.6280789361730355e-09,1.3425698336335257e-08,37.36121368408203,0.0,2.0,36.41155220035548,36.40626708804693
20.795023202896118,1.1114832751757777,-3.3724365921413555,2.620363081734018,-9.299267456748297e-11,-1.648544592312525e-09,1.4701292141395992e-08,37.42787551879883,0.0,2.0,36.47791831387691,36.472642818428966
20.80503821372986,1.111483275174977,-3.3724365921578974,2.620363081884642,-6.772317071611831e-11,-1.6574271010434954e-09,1.5331848688673093e-08,37.42787551879883,0.0,2.0,36.47791831388181,36.4726428184313
20.815001487731934,1.111483275174405,-3.3724365921744552,2.6203630820388937,-4.7644975955368604e-11,-1.651347604114261e-09,1.541061310178256e-08,37.42787551879883,0.0,2.0,36.477918313886526,36.4726428184334
20.82508111000061,1.1114832751739971,-3.372436592190866,2.62036308219155,-3.5456798928080685e-11,-1.6278029816293516e-09,1.507668791216066e-08,37.42787551879883,0.0,2.0,36.47791831389105,36.472642818435325
20.83499026298523,1.1114832751736636,-3.3724365922069466,2.620363082338946,-3.315789135934905e-11,-1.5849388777583431e-09,1.4369670754822384e-08,37.49452209472656,0.0,2.0,36.54427031242352,36.539004396857194
20.845101594924927,1.1114832751732966,-3.3724365922224973,2.620363082478512,-4.222933389298728e-11,-1.5213815531219344e-09,1.3524897539902692e-08,37.49452209472656,0.0,2.0,36.54427031242768,36.539004396859
20.855050563812256,1.1114832751727797,-3.372436592237306,2.620363082608305,-6.265277873924909e-11,-1.4374450240935444e-09,1.2363360961686849e-08,37.49452209472656,0.0,2.0,36.54427031243177,36.539004396860875
20.865052461624146,1.11148327517203,-3.3724365922512187,2.6203630827254734,-8.718277302633038e-11,-1.3451723274202934e-09,1.099263977949509e-08,37.56120681762695,0.0,2.0,36.61066136038185,36.6054049955761
20.875025510787964,1.111483275171045,-3.37243659226423,2.6203630828273248,-1.0921831896070056e-10,-1.2588123031797692e-09,9.396819355145301e-09,37.56120681762695,0.0,2.0,36.61066136038575,36.605404995578276
20.8850839138031,1.1114832751698593,-3.372436592276441,2.6203630829137405,-1.2725599750565602e-10,-1.1859326256605563e-09,7.900179725535786e-09,37.56120681762695,0.0,2.0,36.61066136038952,36.605404995580585
20.895008087158203,1.111483275168515,-3.3724365922880115,2.6203630829849893,-1.4067874508278754e-10,-1.1316817696985245e-09,6.345216931341514e-09,37.62788391113281,0.0,2.0,36.677045877905535,36.67179902834407
20.90502643585205,1.1114832751670616,-3.3724365922991475,2.620363083040931,-1.4903320369558822e-10,-1.0998703398244068e-09,4.8459851664311085e-09,37.62788391113281,0.0,2.0,36.67704587790895,36.671799028346534
20.91499924659729,1.111483275165548,-3.372436592310087,2.6203630830818816,-1.5339710241580868e-10,-1.092018424097913e-09,3.357881577448092e-09,37.62788391113281,0.0,2.0,36.677045877912164,36.67179902834906
20.92501449584961,1.111483275163993,-3.3724365923210593,2.620363083108199,-1.5778717210272658e-10,-1.1059823387487719e-09,1.8965101244637137e-09,37.694522857666016,0.0,2.0,36.743393474460404,36.738156100492255
20.93497371673584,1.1114832751623884,-3.372436592332263,2.6203630831199676,-1.6311184971545081e-10,-1.1369344162865176e-09,4.681090364335279e-10,37.694522857666016,0.0,2.0,36.74339347446323,36.738156100494884
20.945099353790283,1.1114832751607329,-3.3724365923438344,2.6203630831174936,-1.6795591963571744e-10,-1.17903259313258e-09,-9.93563578402861e-10,37.694522857666016,0.0,2.0,36.7433934744659,36.73815610049759
20.95508360862732,1.1114832751590351,-3.3724365923558652,2.6203630831001963,-1.712045056872524e-10,-1.2278768572877984e-09,-2.4535505394936906e-09,37.694522857666016,0.0,2.0,36.7433934744684,36.738156100500376
20.965052366256714,1.1114832751573176,-3.372436592368404,2.620363083068636,-1.7203168719297007e-10,-1.2802075999629313e-09,-3.8495637051707875e-09,37.76118850708008,0.0,2.0,36.809768710373696,36.80454078176186
20.97503662109375,1.1114832751556056,-3.3724365923814728,2.620363083022889,-1.6998971325884077e-10,-1.3334587909355463e-09,-5.346448285692878e-09,37.76118850708008,0.0,2.0,36.80976871037582,36.804540781764764
20.985077619552612,1.1114832751539192,-3.372436592395062,2.62036308296184,-1.6752867210483534e-10,-1.3831655394741998e-09,-6.849207607278881e-09,37.76118850708008,0.0,2.0,36.80976871037772,36.804540781767685
20.99513530731201,1.111483275152241,-3.372436592409107,2.620363082886155,-1.6872927434327083e-10,-1.423931968604451e-09,-8.276907281902776e-09,37.76118850708008,0.0,2.0,36.80976871037941,36.80454078177065
21.005118131637573,1.1114832751505204,-3.372436592423497,2.6203630827964863,-1.7668668952822542e-10,-1.4516942556300924e-09,-9.649001354082747e-09,37.827877044677734,0.0,2.0,36.87616778304642,36.87094926915896
21.015002965927124,1.1114832751486756,-3.372436592438087,2.620363082693311,-1.9369387503581723e-10,-1.46344184733937e-09,-1.0979901709461745e-08,37.827877044677734,0.0,2.0,36.876167783047855,36.870949269162125
21.02505922317505,1.111483275146609,-3.372436592452704,2.6203630825769886,-2.2144949463359936e-10,-1.4569444714395966e-09,-1.2280284447022943e-08,37.827877044677734,0.0,2.0,36.87616778304929,36.87094926916552
21.034982204437256,1.111483275144207,-3.3724365924671593,2.6203630824475583,-2.6080336230641363e-10,-1.4309264894494631e-09,-1.3599652756385044e-08,37.89452362060547,0.0,2.0,36.942526118013454,36.93731697925612
21.04505705833435,1.1114832751413632,-3.3724365924812654,2.620363082311936,-3.090950699186619e-10,-1.3874751914847868e-09,-1.303729979503687e-08,37.89452362060547,0.0,2.0,36.9425261180153,36.937316979260245
21.055041551589966,1.1114832751380077,-3.3724365924948607,2.620363082192295,-3.627811599872916e-10,-1.3295862986094956e-09,-1.0630310657034966e-08,37.89452362060547,0.0,2.0,36.942526118017874,36.93731697926482
21.064988613128662,1.1114832751340988,-3.3724365925078166,2.6203630821051886,-4.1922406048611974e-10,-1.2594906290168845e-09,-6.664433690322608e-09,37.961185455322266,0.0,2.0,37.00890068203444,37.00370088706061
21.075992107391357,1.1114832751296202,-3.3724365925200166,2.6203630820634944,-4.764698108842627e-10,-1.1788408136470219e-09,-1.4908630143898084e-09,37.961185455322266,0.0,2.0,37.00890068203931,37.00370088706618
21.085036993026733,1.1114832751245713,-3.3724365925313613,2.6203630820714388,-5.330708810922337e-10,-1.0888611539364355e-09,2.8046614786446407e-09,37.961185455322266,0.0,2.0,37.00890068204551,37.00370088707225
21.094987869262695,1.1114832751189643,-3.372436592541767,2.6203630821146686,-5.876866191250788e-10,-9.90705920382534e-10,5.6205688479156325e-09,38.027854919433594,0.0,2.0,37.07528387356626,37.070093390115325
21.104985237121582,1.1114832751128367,-3.3724365925511637,2.6203630821803525,-6.362602400885617e-10,-8.880538936388348e-10,7.368190873689221e-09,38.027854919433594,0.0,2.0,37.07528387357432,37.07009339012228
21.11499047279358,1.1114832751062746,-3.3724365925595294,2.6203630822593684,-6.739155102192495e-10,-7.853617370616295e-10,8.264086837839225e-09,38.027854919433594,0.0,2.0,37.07528387358294,37.07009339012958
21.125060558319092,1.111483275099397,-3.372436592566881,2.6203630823429926,-7.004225268552715e-10,-6.854278618419895e-10,8.385434677207424e-09,38.027854919433594,0.0,2.0,37.07528387359186,37.070093390137096
21.13497495651245,1.1114832750922838,-3.3724365925732576,2.6203630824244977,-7.216240735476973e-10,-5.910152536602038e-10,7.872606367679267e-09,38.09451675415039,0.0,2.0,37.14166049381873,37.13647928767696
21.145053148269653,1.111483275084964,-3.372436592578728,2.6203630824998476,-7.42525632648445e-10,-5.04465406740127e-10,7.171693666968397e-09,38.09451675415039,0.0,2.0,37.14166049382778,37.13647928768475
21.15504550933838,1.1114832750774206,-3.372436592583379,2.6203630825673643,-7.666841026949107e-10,-4.2734883652258676e-10,6.2934885331919694e-09,38.09451675415039,0.0,2.0,37.14166049383684,37.13647928769269
21.164998531341553,1.1114832750696177,-3.372436592587304,2.6203630826253717,-7.941705692248775e-10,-3.58047216780414e-10,5.297108684938867e-09,38.16118240356445,0.0,2.0,37.208041932320185,37.20286997105214
21.175108194351196,1.1114832750615327,-3.372436592590556,2.620363082672535,-8.229494901875858e-10,-2.930960184452325e-10,4.112746981199216e-09,38.16118240356445,0.0,2.0,37.20804193232932,37.20286997106049
21.185025691986084,1.11148327505316,-3.372436592593171,2.620363082707584,-8.51446440461398e-10,-2.2985654830224315e-10,2.8751887038465233e-09,38.16118240356445,0.0,2.0,37.208041932338475,37.202869971069056
21.195067882537842,1.111483275044509,-3.372436592595153,2.6203630827295137,-8.784950576415821e-10,-1.663740143142125e-10,1.5179191881615747e-09,38.227867126464844,0.0,2.0,37.274443377889156,37.26928063133298
21.20499277114868,1.1114832750355976,-3.372436592596492,2.6203630827380118,-9.032312803506798e-10,-1.0120027111544205e-10,1.5570617442672534e-10,38.227867126464844,0.0,2.0,37.274443377898294,37.26928063134197
21.215017795562744,1.111483275026454,-3.372436592597167,2.6203630827323496,-9.250149975644966e-10,-3.3262505618259865e-11,-1.2773632459007653e-09,38.227867126464844,0.0,2.0,37.27444337790737,37.269280631351144
21.22503352165222,1.1114832750171089,-3.372436592597147,2.6203630827126556,-9.433720051389187e-10,3.823404241099395e-11,-2.653435430747334e-09,38.227867126464844,0.0,2.0,37.274443377916334,37.269280631360445
21.234974145889282,1.1114832750075996,-3.37243659259639,2.620363082679315,-9.579910296375464e-10,1.1383472072481213e-10,-4.058754490565556e-09,38.294525146484375,0.0,2.0,37.34081924304058,37.33566567488891
21.24504017829895,1.1114832749979566,-3.3724365925948616,2.620363082631094,-9.7058950983139e-10,1.9182996994247959e-10,-5.570473263159864e-09,38.294525146484375,0.0,2.0,37.34081924304924,37.33566567489838
21.255001544952393,1.1114832749881816,-3.3724365925925595,2.6203630825681614,-9.851194685590143e-10,2.6804590545295353e-10,-7.004810288561156e-09,38.294525146484375,0.0,2.0,37.34081924305772,37.33566567490791
21.264984607696533,1.1114832749782375,-3.3724365925895188,2.620363082491186,-1.0047107090606276e-09,3.3917119486990416e-10,-8.381821458752511e-09,38.361175537109375,0.0,2.0,37.4071885143568,37.40204409112567
21.275006771087646,1.1114832749680625,-3.3724365925858018,2.6203630824006656,-1.0316818467540435e-09,4.0275274399555376e-10,-9.716364555781429e-09,38.361175537109375,0.0,2.0,37.40718851436509,37.40204409113547
21.285032272338867,1.1114832749575745,-3.372436592581495,2.620363082296964,-1.0677505534042377e-09,4.569732548753228e-10,-1.1019446062437554e-08,38.361175537109375,0.0,2.0,37.40718851437344,37.40204409114554
21.29503893852234,1.1114832749466739,-3.372436592576696,2.6203630821800217,-1.1141052929164375e-09,5.005775980468955e-10,-1.2412201022839613e-08,38.4278564453125,0.0,2.0,37.47358917310538,37.46845386669897
21.30498719215393,1.1114832749352654,-3.3724365925715087,2.6203630820551704,-1.168351035621833e-09,5.361897407967474e-10,-1.2051806107644274e-08,38.4278564453125,0.0,2.0,37.473589173114206,37.46845386670986
21.315004110336304,1.1114832749233063,-3.3724365925659727,2.620363081945796,-1.2230987494699454e-09,5.718454106552719e-10,-9.638422812637157e-09,38.4278564453125,0.0,2.0,37.473589173123806,37.468453866721276
21.325047254562378,1.111483274910824,-3.37243659256005,2.620363081868517,-1.2721090523648167e-09,6.143281152573306e-10,-5.600229632188415e-09,38.4278564453125,0.0,2.0,37.47358917313443,37.46845386673317
21.334996700286865,1.1114832748979007,-3.372436592553647,2.620363081836677,-1.3107596967392648e-09,6.686632003380565e-10,-5.220568645161811e-10,38.4945182800293,0.0,2.0,37.53997183162209,37.53484560732433
21.34506392478943,1.1114832748846555,-3.3724365925466255,2.6203630818556607,-1.3360030242455464e-09,7.381649464947398e-10,4.015845348116904e-09,38.4945182800293,0.0,2.0,37.539971831634965,37.53484560733689
21.355030298233032,1.1114832748712231,-3.372436592538835,2.6203630819119774,-1.3485701553137318e-09,8.219586425042357e-10,7.017098135432737e-09,38.4945182800293,0.0,2.0,37.539971831648565,37.53484560734956
21.365017890930176,1.1114832748577264,-3.372436592530151,2.620363081992227,-1.3483385741156274e-09,9.15875675082033e-10,8.879336535808931e-09,38.56118392944336,0.0,2.0,37.606359276619784,37.601242103003834
21.375069618225098,1.1114832748443082,-3.3724365925205033,2.620363082086912,-1.3323216405709915e-09,1.0141356319977261e-09,9.935790799114215e-09,38.56118392944336,0.0,2.0,37.606359276633846,37.60124210301633
21.385111331939697,1.1114832748311383,-3.3724365925098714,2.620363082187034,-1.2990078695471886e-09,1.1112556868013387e-09,9.990817570757759e-09,38.56118392944336,0.0,2.0,37.60635927664766,37.6012421030285
21.395081996917725,1.1114832748183685,-3.372436592498318,2.6203630822848245,-1.2534859467671159e-09,1.1964381009309213e-09,9.461973224978463e-09,38.56118392944336,0.0,2.0,37.606359276660946,37.60124210304018
21.405033111572266,1.111483274806088,-3.3724365924860185,2.6203630823756106,-1.202122437263264e-09,1.258866284792986e-09,8.673912439908736e-09,38.62785720825195,0.0,2.0,37.672755301921434,37.667647148242146
21.415008783340454,1.1114832747943304,-3.372436592473243,2.62036308245791,-1.149633011695159e-09,1.2905279759211773e-09,7.754528421429873e-09,38.62785720825195,0.0,2.0,37.67275530193336,37.66764714825271
21.425292015075684,1.111483274783092,-3.3724365924603266,2.620363082530246,-1.0978896819544804e-09,1.287246762351212e-09,6.7042605909145025e-09,38.62785720825195,0.0,2.0,37.67275530194458,37.66764714826276
21.434992790222168,1.1114832747723744,-3.3724365924476154,2.620363082591729,-1.0455223115718389e-09,1.2492492045068106e-09,5.567246394236584e-09,38.69451904296875,0.0,2.0,37.73914090805261,37.73404174116003
21.44504427909851,1.11148327476218,-3.3724365924354474,2.6203630826414677,-9.939853031790662e-10,1.1796059774525177e-09,4.379135513545121e-09,38.69451904296875,0.0,2.0,37.7391409080625,37.73404174116911
21.45503258705139,1.111483274752482,-3.3724365924241093,2.620363082678636,-9.464585277809186e-10,1.0840409689832121e-09,3.0460290721917307e-09,38.69451904296875,0.0,2.0,37.739140908071754,37.73404174117775
21.465028047561646,1.1114832747432286,-3.372436592413815,2.620363082702495,-9.055739924244957e-10,9.73554371035467e-10,1.7307319299082963e-09,38.76118087768555,0.0,2.0,37.80552748629798,37.800437274757186
21.475183963775635,1.1114832747343406,-3.372436592404655,2.6203630827126174,-8.736516593505938e-10,8.583917368089386e-10,2.9669688215882045e-10,38.76118087768555,0.0,2.0,37.80552748630618,37.80043727476522
21.485060453414917,1.1114832747257184,-3.3724365923966375,2.6203630827086255,-8.524128909288473e-10,7.461459913153258e-10,-1.086663905297689e-09,38.76118087768555,0.0,2.0,37.805527486313984,37.80043727477309
21.49501085281372,1.1114832747172512,-3.372436592389704,2.620363082691028,-8.431329032295435e-10,6.424421119825163e-10,-2.4346082228710005e-09,38.827857971191406,0.0,2.0,37.87193022766189,37.86684894224135
21.50512146949768,1.1114832747088155,-3.3724365923837487,2.620363082658979,-8.459392562629052e-10,5.50694036686275e-10,-3.96331035744634e-09,38.827857971191406,0.0,2.0,37.87193022766924,37.86684894224923
21.515117168426514,1.1114832747003045,-3.3724365923786515,2.6203630826120374,-8.574091916142259e-10,4.701890747288947e-10,-5.413515610126444e-09,38.827857971191406,0.0,2.0,37.87193022767649,37.86684894225724
21.525123596191406,1.1114832746916508,-3.372436592374309,2.6203630825509143,-8.74058015156232e-10,3.9952452488843425e-10,-6.802282285400315e-09,38.827857971191406,0.0,2.0,37.87193022768373,37.86684894226548
21.53500461578369,1.1114832746828147,-3.372436592370629,2.620363082476143,-8.933040110168976e-10,3.3766106371248907e-10,-8.145534085882857e-09,38.89452362060547,0.0,2.0,37.938322534151126,37.933250142206106
21.54507303237915,1.1114832746737813,-3.372436592367527,2.6203630823881157,-9.132345970063555e-10,2.838287400504166e-10,-9.455067415917469e-09,38.89452362060547,0.0,2.0,37.9383225341584,37.933250142214824
21.555089950561523,1.1114832746645518,-3.3724365923649273,2.620363082287105,-9.324328981862518e-10,2.374571596041621e-10,-1.0765368928242984e-08,38.89452362060547,0.0,2.0,37.938322534165714,37.93325014222379
21.56499195098877,1.111483274655139,-3.372436592362756,2.6203630821723447,-9.498492672314032e-10,1.9812376334941271e-10,-1.2176527061936957e-08,38.961181640625,0.0,2.0,38.004708199355136,37.99964466892301
21.57892870903015,1.1114832746455636,-3.3724365923609443,2.6203630820437187,-9.646898610994429e-10,1.655005379256971e-10,-1.354881519712443e-08,38.961181640625,0.0,2.0,38.004708199362405,37.99964466893238
21.584968328475952,1.1114832746387813,-3.3724365923598545,2.620363081947385,-9.724509065514e-10,1.4581126851590486e-10,-1.3719703868255607e-08,38.961181640625,0.0,2.0,38.0047081993675,37.999644668939055
21.594964742660522,1.1114832746290295,-3.3724365923585284,2.620363081817455,-9.759592177633876e-10,1.1883036254528147e-10,-1.2056755309470607e-08,39.02785110473633,0.0,2.0,38.07110621390921,38.06605151572033
21.604960203170776,1.1114832746193046,-3.3724365923574813,2.620363081712603,-9.667312234014017e-10,8.983535004123653e-11,-8.664001578823115e-09,39.02785110473633,0.0,2.0,38.0711062139171,38.06605151572993
21.61500072479248,1.1114832746097496,-3.3724365923567463,2.6203630816476196,-9.415448540697893e-10,5.5989535131220554e-11,-4.046588343388839e-09,39.02785110473633,0.0,2.0,38.071106213925496,38.06605151573939
21.625003814697266,1.111483274600535,-3.372436592356383,2.620363081634203,-8.980131417718102e-10,1.519144208987343e-11,1.4270386157047895e-09,39.09452438354492,0.0,2.0,38.13750897484362,38.132463078763
21.634957790374756,1.1114832745918555,-3.372436592356471,2.6203630816801122,-8.343677766773694e-10,-3.411574099683605e-11,7.936870270218274e-09,39.09452438354492,0.0,2.0,38.13750897485303,38.13246307877166
21.645070791244507,1.111483274583918,-3.372436592357098,2.6203630817892027,-7.49553773821771e-10,-9.285028915443693e-11,1.3461081101281031e-08,39.09452438354492,0.0,2.0,38.13750897486276,38.13246307877962
21.654986143112183,1.11148327457692,-3.372436592358347,2.62036308194309,-6.480312160707495e-10,-1.568613502358352e-10,1.7075371204115017e-08,39.09452438354492,0.0,2.0,38.13750897487235,38.1324630787867
21.66498351097107,1.1114832745709844,-3.3724365923602275,2.6203630821255386,-5.385605611278758e-10,-2.1804487399271757e-10,1.922736596183213e-08,39.16118240356445,0.0,2.0,38.20389748088643,38.19886035441916
21.67534375190735,1.1114832745661405,-3.3724365923626656,2.6203630823247464,-4.312819337730655e-10,-2.670328884350079e-10,2.0490609816581192e-08,39.16118240356445,0.0,2.0,38.20389748089471,38.19886035442421
21.685014486312866,1.111483274562321,-3.3724365923654993,2.6203630825329647,-3.3495217528432616e-10,-2.9573807401583944e-10,2.1022958136719015e-08,39.16118240356445,0.0,2.0,38.20389748090215,38.19886035442827
21.695010662078857,1.111483274559383,-3.3724365923684934,2.6203630827435864,-2.5606138011509266e-10,-2.9816655567811085e-10,2.1040179482933637e-08,39.22785186767578,0.0,2.0,38.27029832194005,38.265269936273235
21.704975366592407,1.1114832745571268,-3.372436592371363,2.620363082952415,-1.9882759623414666e-10,-2.704216908822298e-10,2.0672611070353846e-08,39.22785186767578,0.0,2.0,38.27029832194594,38.265269936275736
21.714981079101562,1.1114832745553354,-3.372436592373804,2.620363083156274,-1.6294083386330712e-10,-2.1281261676385094e-10,2.0041867594427138e-08,39.22785186767578,0.0,2.0,38.27029832195124,38.26526993627774
21.725000381469727,1.1114832745538012,-3.3724365923755335,2.620363083352274,-1.471344544366678e-10,-1.2977780328282732e-10,1.914241099063677e-08,39.294517517089844,0.0,2.0,38.33669629599635,38.331676620469835
21.73496723175049,1.1114832745523315,-3.372436592376347,2.620363083538824,-1.500024765093445e-10,-3.089792488700198e-11,1.8140501573226983e-08,39.294517517089844,0.0,2.0,38.336696296000895,38.33167662047136
21.745047092437744,1.1114832745507492,-3.3724365923761304,2.6203630837146976,-1.6855977110435627e-10,7.431133422815285e-11,1.702909607513396e-08,39.294517517089844,0.0,2.0,38.3366962960053,38.33167662047292
21.755035400390625,1.111483274548926,-3.3724365923748727,2.620363083879319,-1.974256305984903e-10,1.75879521379326e-10,1.589131838309942e-08,39.294517517089844,0.0,2.0,38.33669629600967,38.33167662047464
21.765004873275757,1.1114832745467818,-3.3724365923726505,2.620363084032269,-2.3219123648095183e-10,2.661988834640278e-10,1.463868266497727e-08,39.361183166503906,0.0,2.0,38.40309519752788,38.398084202136424
21.775012969970703,1.111483274544282,-3.3724365923695974,2.6203630841717405,-2.6732325792095123e-10,3.4209330144594766e-10,1.3263924073401133e-08,39.361183166503906,0.0,2.0,38.40309519753235,38.39808420213865
21.78502607345581,1.1114832745414565,-3.372436592365857,2.620363084297686,-2.9632540976028887e-10,4.038106246780679e-10,1.1931049622434101e-08,39.361183166503906,0.0,2.0,38.40309519753688,38.39808420214113
21.794970512390137,1.1114832745383925,-3.372436592361568,2.620363084410465,-3.142633533958037e-10,4.516665839911855e-10,1.0629203777989572e-08,39.4278564453125,0.0,2.0,38.469502620751626,38.46450027663841
21.804959774017334,1.1114832745352203,-3.3724365923568667,2.6203630845103465,-3.1748164061350977e-10,4.858950786908163e-10,9.350344554467299e-09,39.4278564453125,0.0,2.0,38.46950262075599,38.46450027664117
21.814983129501343,1.1114832745321013,-3.3724365923518937,2.620363084597527,-3.032722491013276e-10,5.06669385425593e-10,8.088514619421979e-09,39.4278564453125,0.0,2.0,38.46950262076007,38.46450027664384
21.825053453445435,1.11148327452922,-3.372436592346781,2.620363084672071,-2.6971992968405115e-10,5.142016547934862e-10,6.802332750138616e-09,39.4278564453125,0.0,2.0,38.469502620763684,38.46450027664626
21.834985971450806,1.1114832745267678,-3.3724365923416473,2.620363084733541,-2.1786567420495299e-10,5.109162489638001e-10,5.496155203783569e-09,39.49452590942383,0.0,2.0,38.53590716252299,38.53091343949284
21.845067977905273,1.1114832745249112,-3.3724365923365838,2.6203630847819497,-1.51245551650062e-10,5.011575256589013e-10,4.1695595083245534e-09,39.49452590942383,0.0,2.0,38.53590716252517,38.53091343949424
21.85503339767456,1.1114832745237733,-3.372436592331627,2.620363084816972,-7.539305593945091e-11,4.90829564896451e-10,2.841004440316936e-09,39.49452590942383,0.0,2.0,38.53590716252644,38.53091343949496
21.865012884140015,1.1114832745234127,-3.3724365923267476,2.6203630848388664,3.326858650084344e-12,4.863944200766091e-10,1.5423598652242817e-09,39.56119155883789,0.0,2.0,38.60230881793441,38.59732368595193
21.875015020370483,1.1114832745238323,-3.3724365923218644,2.620363084847663,7.975022657302792e-11,4.922971706923473e-10,2.0688459978870318e-10,39.56119155883789,0.0,2.0,38.602308817933704,38.59732368595109
21.88504385948181,1.1114832745249772,-3.372436592316868,2.620363084843049,1.4706260664091967e-10,5.085008227384655e-10,-1.1429675743835824e-09,39.56119155883789,0.0,2.0,38.602308817932055,38.597323685949505
21.89498805999756,1.1114832745267287,-3.372436592311671,2.6203630848247776,2.0087987897968462e-10,5.314573593409002e-10,-2.5041069829608683e-09,39.62785339355469,0.0,2.0,38.668707582128036,38.66373101131231
21.904959201812744,1.1114832745289487,-3.3724365923062334,2.620363084793091,2.408500853881056e-10,5.558461177827282e-10,-3.835589767528938e-09,39.62785339355469,0.0,2.0,38.66870758212483,38.663731011309615
21.915000200271606,1.111483274531501,-3.37243659230056,2.6203630847470962,2.676848801647032e-10,5.783405217465187e-10,-5.352097378776668e-09,39.62785339355469,0.0,2.0,38.668707582121066,38.66373101130658
21.925041675567627,1.111483274534272,-3.372436592294669,2.6203630846857107,2.851532672032788e-10,5.999934390690154e-10,-6.9860620235471325e-09,39.69451904296875,0.0,2.0,38.73511104972055,38.73014301132056
21.93495273590088,1.1114832745371863,-3.3724365922885573,2.6203630846075665,2.9692211911353445e-10,6.225339046157449e-10,-8.621733934725964e-09,39.69451904296875,0.0,2.0,38.73511104971586,38.73014301131712
21.945061206817627,1.1114832745402006,-3.372436592282211,2.620363084513611,3.056931243818443e-10,6.47226762502507e-10,-1.0169043717921108e-08,39.69451904296875,0.0,2.0,38.73511104971081,38.730143011313565
21.955105781555176,1.1114832745432903,-3.3724365922756077,2.620363084404268,3.1184630158711017e-10,6.732498135549215e-10,-1.1684490398555641e-08,39.69451904296875,0.0,2.0,38.7351110497054,38.73014301130991
21.96501636505127,1.1114832745464187,-3.3724365922687536,2.62036308427993,3.127421117880174e-10,6.968246863650588e-10,-1.321064707280629e-08,39.76118469238281,0.0,2.0,38.801515416451394,38.79655588137661
21.974997758865356,1.1114832745495191,-3.37243659226169,2.6203630841402146,3.061127715195978e-10,7.148133867061606e-10,-1.4709707041014336e-08,39.76118469238281,0.0,2.0,38.801515416445454,38.7965558813729
21.985034704208374,1.1114832745525094,-3.3724365922544832,2.620363083989891,2.904423701067523e-10,7.247399778848444e-10,-1.4941210543178762e-08,39.76118469238281,0.0,2.0,38.80151541643944,38.7965558813693
21.994980335235596,1.1114832745553036,-3.3724365922472352,2.62036308385038,2.674297065277108e-10,7.22249737413631e-10,-1.2637154827230927e-08,39.82786560058594,0.0,2.0,38.867935877017054,38.8629848182574
22.004947662353516,1.111483274557853,-3.3724365922400903,2.620363083740033,2.425469585650583e-10,7.041419652838533e-10,-9.222123037793271e-09,39.82786560058594,0.0,2.0,38.86793587701213,38.86298481825424
22.014983654022217,1.1114832745601717,-3.372436592233202,2.620363083671853,2.2259983271381783e-10,6.708864764264216e-10,-4.159487849317906e-09,39.82786560058594,0.0,2.0,38.867935877008144,38.862984818251334
22.024980306625366,1.1114832745623384,-3.3724365922267205,2.620363083654655,2.1283567266552005e-10,6.230543377094833e-10,4.1089327698533694e-10,39.894527435302734,0.0,2.0,38.934338228588025,38.92939561491457
22.03496026992798,1.1114832745644763,-3.3724365922207813,2.620363083673747,2.1762754075519132e-10,5.632353388926978e-10,3.2035764462385384e-09,39.894527435302734,0.0,2.0,38.93433822858569,38.92939561491192
22.045055866241455,1.1114832745667476,-3.372436592215467,2.6203630837152794,2.3980351291003257e-10,4.999594226708411e-10,4.954732165460142e-09,39.894527435302734,0.0,2.0,38.93433822858363,38.929395614909204
22.05499839782715,1.1114832745693346,-3.372436592210769,2.6203630837702896,2.8096742473420895e-10,4.4091714909248075e-10,5.9375920490180454e-09,39.894527435302734,0.0,2.0,38.93433822858152,38.92939561490621
22.065045833587646,1.1114832745724335,-3.372436592206618,2.6203630838321397,3.4230723721992164e-10,3.9180599972530597e-10,6.351284424482424e-09,39.961185455322266,0.0,2.0,39.00073766555184,38.99580346782731
22.075125694274902,1.1114832745762517,-3.372436592202888,2.620363083895913,4.2470301299903845e-10,3.568467733739148e-10,6.343327417020493e-09,39.961185455322266,0.0,2.0,39.00073766554873,38.99580346782319
22.08506989479065,1.1114832745810008,-3.3724365921994237,2.6203630839579315,5.287869938827117e-10,3.3917751428786093e-10,5.988983948138643e-09,39.961185455322266,0.0,2.0,39.00073766554469,38.995803467818156
22.09500217437744,1.1114832745868928,-3.3724365921960384,2.620363084014478,6.519654593430854e-10,3.413308004468918e-10,5.294290470588424e-09,39.961185455322266,0.0,2.0,39.000737665539425,38.995803467811996
22.1050226688385,1.111483274594077,-3.3724365921925257,2.6203630840633436,7.86027002489124e-10,3.6471804619538014e-10,4.444075246440037e-09,39.961185455322266,0.0,2.0,39.00073766553274,38.99580346780452
22.114983797073364,1.111483274602622,-3.3724365921886754,2.6203630841028427,9.22470318854406e-10,4.0844130324128545e-10,3.4450495820880822e-09,40.02786636352539,0.0,2.0,39.067160783044436,39.06223497564018
22.125024557113647,1.1114832746125025,-3.372436592184304,2.6203630841317684,1.051532696615024e-09,4.680761556878442e-10,2.3246274780136106e-09,40.02786636352539,0.0,2.0,39.067160783034666,39.06223497562996
22.134974241256714,1.111483274623592,-3.3724365921792856,2.620363084149131,1.1626573679409231e-09,5.364087623389181e-10,1.125648774063706e-09,40.02786636352539,0.0,2.0,39.06716078302347,39.06223497561848
22.14505124092102,1.1114832746356744,-3.372436592173578,2.6203630841542096,1.2496581197791257e-09,6.042861993039814e-10,-1.1706383528070607e-10,40.09617233276367,0.0,2.0,39.13520358811664,39.13028634609203
22.15499520301819,1.111483274648497,-3.3724365921672326,2.6203630841461063,1.310215092137696e-09,6.628367419299956e-10,-1.4952034177396462e-09,40.09617233276367,0.0,2.0,39.13520358810319,39.130286346078705
22.165077447891235,1.1114832746617855,-3.3724365921603754,2.6203630841244467,1.342681796169635e-09,7.054215953299323e-10,-2.830583107300723e-09,40.09617233276367,0.0,2.0,39.13520358808902,39.13028634606487
22.17506170272827,1.111483274675255,-3.3724365921531922,2.6203630840887775,1.3472035382778399e-09,7.274198785988029e-10,-4.35556992321067e-09,40.16117858886719,0.0,2.0,39.19996024303363,39.19505112510145
22.185068607330322,1.1114832746886758,-3.3724365921458856,2.620363084037293,1.3358214057239644e-09,7.314734836432962e-10,-5.998488105725725e-09,40.16117858886719,0.0,2.0,39.19996024301882,39.19505112508747
22.19499373435974,1.1114832747019718,-3.372436592138586,2.6203630839685887,1.3245137068465455e-09,7.28229517037885e-10,-7.717118393394536e-09,40.22786331176758,0.0,2.0,39.26638977711207,39.26148896529702
22.20498514175415,1.1114832747152035,-3.372436592131299,2.6203630838833867,1.3244574284300366e-09,7.312133057819238e-10,-9.30473778220951e-09,40.22786331176758,0.0,2.0,39.26638977709691,39.26148896528321
22.21497631072998,1.111483274728524,-3.3724365921239072,2.620363083782456,1.342962402706715e-09,7.500719989034027e-10,-1.0867907355033678e-08,40.22786331176758,0.0,2.0,39.26638977708142,39.26148896526931
22.225020170211792,1.1114832747421326,-3.3724365921162316,2.620363083666226,1.382162062835741e-09,7.883916981310514e-10,-1.2415117038233874e-08,40.29451370239258,0.0,2.0,39.33278597325138,39.32789343534719
22.23497223854065,1.1114832747562324,-3.372436592108076,2.620363083533895,1.440814133773511e-09,8.45766440067105e-10,-1.4014555636534878e-08,40.29451370239258,0.0,2.0,39.33278597323455,39.32789343533245
22.245054006576538,1.1114832747709986,-3.372436592099266,2.6203630833908442,1.5145652805301607e-09,9.181707369875888e-10,-1.4281547926715259e-08,40.29451370239258,0.0,2.0,39.332785973216836,39.32789343531699
22.25499677658081,1.1114832747865515,-3.3724365920896853,2.6203630832568727,1.596746368928574e-09,9.98885680641251e-10,-1.2101569421830008e-08,40.29451370239258,0.0,2.0,39.332785973198405,39.32789343530067
22.264981031417847,1.1114832748029402,-3.372436592079282,2.6203630831529265,1.6805337850588483e-09,1.0808907821807772e-09,-8.599256697452776e-09,40.361183166503906,0.0,2.0,39.399202028862526,39.394317739442904
22.275002241134644,1.1114832748201398,-3.3724365920680905,2.6203630830898406,1.7576546365303634e-09,1.1554938765483408e-09,-3.752730031576862e-09,40.361183166503906,0.0,2.0,39.39920202884344,39.39431773942482
22.285043478012085,1.1114832748380477,-3.3724365920562205,2.6203630830758815,1.8213365306817078e-09,1.215557272423588e-09,6.791252348707991e-10,40.361183166503906,0.0,2.0,39.39920202882436,39.39431773940595
22.294992923736572,1.1114832748565053,-3.372436592043845,2.6203630830978084,1.8671060866010114e-09,1.2563831701799205e-09,3.4640201367984334e-09,40.361183166503906,0.0,2.0,39.39920202880527,39.39431773938651
22.304956436157227,1.1114832748753298,-3.3724365920311583,2.6203630831417013,1.8948254606708627e-09,1.2779373496732961e-09,5.168892716598923e-09,40.4278564453125,0.0,2.0,39.46562273928117,39.46074667114577
22.314992904663086,1.1114832748943455,-3.3724365920183472,2.6203630831986735,1.9055398936806395e-09,1.2814393084407595e-09,6.117465203603202e-09,40.4278564453125,0.0,2.0,39.46562273926203,39.46074667112573
22.325007915496826,1.1114832749133856,-3.3724365920055877,2.6203630832621894,1.9000263608710365e-09,1.2677953395066364e-09,6.505756825415834e-09,40.4945182800293,0.0,2.0,39.53203289911054,39.527165023326475
22.334960222244263,1.1114832749322932,-3.372436591993047,2.62036308332741,1.878860459248096e-09,1.2376768406824796e-09,6.478982304565948e-09,40.4945182800293,0.0,2.0,39.53203289909166,39.52716502330656
22.34508180618286,1.1114832749509116,-3.372436591980887,2.620363083390748,1.8424686019594067e-09,1.1915811955336142e-09,6.144719843634892e-09,40.4945182800293,0.0,2.0,39.532032899073066,39.52716502328697
22.35499620437622,1.111483274969093,-3.3724365919692665,2.620363083448532,1.791710414710857e-09,1.130466805466658e-09,5.371555177740551e-09,40.4945182800293,0.0,2.0,39.53203289905487,39.52716502326786
22.36499571800232,1.1114832749867107,-3.372436591958314,2.6203630834978067,1.7303988389073622e-09,1.0584896654872433e-09,4.467788128407023e-09,40.561180114746094,0.0,2.0,39.598443904667114,39.59358419385268
22.374996185302734,1.1114832750036816,-3.3724365919481145,2.6203630835372596,1.6632590737723792e-09,9.807906043176018e-10,3.411229470006403e-09,40.561180114746094,0.0,2.0,39.598443904649955,39.59358419383491
22.385032176971436,1.1114832750199797,-3.372436591938692,2.6203630835656457,1.5970360712037392e-09,9.046981644131479e-10,2.221739429328695e-09,40.561180114746094,0.0,2.0,39.59844390463336,39.59358419381786
22.394980669021606,1.111483275035645,-3.3724365919299952,2.6203630835815512,1.5375978588121526e-09,8.365867401651233e-10,9.505175190734928e-10,40.62785339355469,0.0,2.0,39.66486715300889,39.66001558131783
22.404988527297974,1.111483275050765,-3.372436591921924,2.620363083584434,1.4879888733612375e-09,7.797652040389744e-10,-3.6867223314788575e-10,40.62785339355469,0.0,2.0,39.66486715299319,39.66001558130208
22.414997577667236,1.1114832750654353,-3.3724365919143677,2.6203630835738094,1.4473587990277636e-09,7.333152459857914e-10,-1.77835721050865e-09,40.62785339355469,0.0,2.0,39.66486715297776,39.660015581286814
22.424978971481323,1.111483275079738,-3.3724365919072294,2.6203630835490173,1.4146199082971261e-09,6.960598678819896e-10,-3.1709134583524025e-09,40.694515228271484,0.0,2.0,39.73127983754443,39.726436376471455
22.434948921203613,1.1114832750937504,-3.372436591900419,2.620363083510412,1.3889514183540998e-09,6.671108827143386e-10,-4.59647364451702e-09,40.694515228271484,0.0,2.0,39.73127983752928,39.7264363764569
22.445078134536743,1.1114832751075336,-3.3724365918938655,2.6203630834567266,1.368108861610019e-09,6.440348408250894e-10,-6.1707513993392254e-09,40.694515228271484,0.0,2.0,39.73127983751416,39.726436376442614
22.454996585845947,1.1114832751211081,-3.37243659188754,2.6203630833858482,1.345886989044087e-09,6.201005072366949e-10,-7.975299574269703e-09,40.694515228271484,0.0,2.0,39.73127983749899,39.726436376428545
22.465074062347412,1.1114832751344201,-3.3724365918814962,2.6203630832977294,1.3144554113696312e-09,5.868130810569849e-10,-9.626568595096042e-09,40.76116943359375,0.0,2.0,39.79768575414533,39.79285037579719
22.47500514984131,1.111483275147347,-3.372436591875859,2.6203630831935194,1.2679481552055518e-09,5.37808848797831e-10,-1.121615292625412e-08,40.76116943359375,0.0,2.0,39.797685754130335,39.79285037578382
22.485108375549316,1.1114832751597246,-3.3724365918707995,2.6203630830737024,1.2048432767929553e-09,4.714370619209276e-10,-1.2732197545543118e-08,40.76116943359375,0.0,2.0,39.79768575411571,39.79285037577107
22.494975805282593,1.1114832751713917,-3.372436591866487,2.6203630829384195,1.1257808972639776e-09,3.8839261353325823e-10,-1.4297554659453021e-08,40.82785415649414,0.0,2.0,39.86412290397989,39.8592955852075
22.504995346069336,1.1114832751821906,-3.3724365918630834,2.62036308279414,1.0315137949287088e-09,2.894925277022222e-10,-1.4248364407418741e-08,40.82785415649414,0.0,2.0,39.86412290396661,39.859295585196456
22.514991998672485,1.1114832751919828,-3.372436591860735,2.6203630826601696,9.254233165705866e-10,1.7840567824094725e-10,-1.212731096734144e-08,40.82785415649414,0.0,2.0,39.86412290395456,39.85929558518649
22.525028467178345,1.1114832752006751,-3.3724365918595387,2.6203630825576267,8.121586156842705e-10,6.017641985245235e-11,-8.29555546301791e-09,40.82785415649414,0.0,2.0,39.86412290394421,39.85929558517773
22.534977674484253,1.1114832752082244,-3.3724365918595325,2.62036308249695,6.982274600236002e-10,-5.8134389483591303e-11,-3.5758424021834945e-09,40.89451599121094,0.0,2.0,39.9305380755479,39.9257187868754
22.5450382232666,1.1114832752146584,-3.372436591860679,2.620363082484231,5.899003405570647e-10,-1.6972335984091268e-10,7.554937866882356e-10,40.89451599121094,0.0,2.0,39.930538075541385,39.92571878686909
22.555059909820557,1.1114832752200565,-3.3724365918628862,2.620363082507007,4.918340836484341e-10,-2.6953790369136347e-10,3.5175091189914873e-09,40.89451599121094,0.0,2.0,39.930538075536546,39.92571878686389
22.56499147415161,1.11148327522454,-3.372436591866017,2.6203630825506767,4.0747854863705515e-10,-3.538349740159331e-10,5.077953292840989e-09,40.961185455322266,0.0,2.0,39.996961669142244,39.99215038490231
22.575019598007202,1.1114832752282604,-3.372436591869904,2.6203630826061772,3.3938945496421447e-10,-4.19841653479938e-10,5.9195305611754445e-09,40.961185455322266,0.0,2.0,39.99696166913973,39.992150384898935
22.585060596466064,1.1114832752313883,-3.372436591874347,2.6203630826672972,2.894601260936017e-10,-4.655037144949736e-10,6.228558175131116e-09,40.961185455322266,0.0,2.0,39.99696166913794,39.99215038489619
22.595043659210205,1.1114832752341137,-3.3724365918791386,2.620363082729438,2.590931697786108e-10,-4.892993479977347e-10,6.143063356291656e-09,41.027862548828125,0.0,2.0,40.06339368094102,40.058590375594235
22.605048656463623,1.1114832752366381,-3.372436591884054,2.6203630827891877,2.4932766431802267e-10,-4.901011700993522e-10,5.765299554038685e-09,41.027862548828125,0.0,2.0,40.06339368093984,40.05859037559213
22.615020990371704,1.1114832752391703,-3.3724365918888606,2.6203630828438116,2.6069833985326275e-10,-4.673290038649658e-10,5.0895204429091395e-09,41.027862548828125,0.0,2.0,40.06339368093856,40.05859037559001
22.625051021575928,1.1114832752419073,-3.372436591893337,2.620363082890363,2.887702081882869e-10,-4.2579467705372974e-10,4.204177877824865e-09,41.027862548828125,0.0,2.0,40.06339368093693,40.05859037558766
22.63497257232666,1.111483275244975,-3.37243659189734,2.6203630829274878,3.256212006411884e-10,-3.7409340254833165e-10,3.1893443809597307e-09,41.094520568847656,0.0,2.0,40.12980750193863,40.125012146889006
22.645066261291504,1.1114832752484196,-3.3724365919008146,2.620363082953922,3.6263034484747705e-10,-3.2157868403003935e-10,2.0917484229068743e-09,41.094520568847656,0.0,2.0,40.12980750193591,40.12501214688588
22.655016660690308,1.1114832752521988,-3.3724365919038,2.6203630829692233,3.9132286529102426e-10,-2.774454068536825e-10,9.642025313485453e-10,41.094520568847656,0.0,2.0,40.129807501932625,40.125012146882355
22.664997577667236,1.1114832752561958,-3.372436591906415,2.620363082972548,4.053540353798643e-10,-2.4857741559508614e-10,-3.173293520846049e-10,41.16118240356445,0.0,2.0,40.196225932158846,40.19143850168148
22.675034046173096,1.1114832752602406,-3.3724365919088406,2.620363082962886,4.0006359022211e-10,-2.400309628452368e-10,-1.6303016832977171e-09,41.16118240356445,0.0,2.0,40.196225932154874,40.19143850167765
22.685104608535767,1.1114832752641282,-3.372436591911291,2.620363082939883,3.739471536531155e-10,-2.5343825202520404e-10,-2.964119864131556e-09,41.16118240356445,0.0,2.0,40.19622593215085,40.191438501673986
22.694976091384888,1.1114832752676562,-3.372436591913976,2.6203630829037063,3.285702018078068e-10,-2.8710078514721814e-10,-4.271013938415157e-09,41.22785949707031,0.0,2.0,40.262660370252775,40.257880840100036
22.706872940063477,1.1114832752706454,-3.3724365919170896,2.620363082853536,2.6759968889679677e-10,-3.370400211845898e-10,-5.7636614380462856e-09,41.22785949707031,0.0,2.0,40.26266037024929,40.25788084009733
22.71498727798462,1.111483275272998,-3.372436591920726,2.620363082787846,2.0376432024971682e-10,-3.894456782498006e-10,-7.448931405183716e-09,41.22785949707031,0.0,2.0,40.26266037024624,40.25788084009529
22.725057363510132,1.1114832752747623,-3.3724365919248314,2.6203630827047837,1.521918241896066e-10,-4.279046030083347e-10,-9.13951478010855e-09,41.22785949707031,0.0,2.0,40.26266037024354,40.25788084009387
22.734990119934082,1.1114832752761254,-3.372436591929192,2.6203630826053863,1.2548633542086842e-10,-4.387416688984377e-10,-1.0756680393968671e-08,41.294532775878906,0.0,2.0,40.329091808379914,40.32432015216718
22.745039463043213,1.1114832752773742,-3.372436591933493,2.620363082489649,1.294272824528761e-10,-4.1568636062736356e-10,-1.2370593083157117e-08,41.294532775878906,0.0,2.0,40.32909180837725,40.3243201521663
22.755054712295532,1.11148327527881,-3.3724365919373995,2.6203630823580246,1.6229685544231728e-10,-3.606024525610187e-10,-1.3959638636476843e-08,41.294532775878906,0.0,2.0,40.32909180837412,40.3243201521652
22.764992713928223,1.111483275280693,-3.3724365919406254,2.620363082217505,2.169054545774674e-10,-2.8129045480313564e-10,-1.3682447778286967e-08,41.36118698120117,0.0,2.0,40.395505038739486,40.390741228418285
22.775309801101685,1.1114832752831856,-3.372436591942985,2.6203630820896064,2.824496440269532e-10,-1.894717869084337e-10,-1.1578434979941668e-08,41.36118698120117,0.0,2.0,40.39550503873524,40.390741228416
22.785038948059082,1.1114832752863413,-3.3724365919444144,2.6203630819929185,3.479072370924973e-10,-9.710520689098848e-11,-7.54200017973571e-09,41.36118698120117,0.0,2.0,40.395505038730725,40.39074122841298
22.794971704483032,1.1114832752901145,-3.372436591944956,2.6203630819400083,4.048004313210318e-10,-1.338888874266949e-11,-2.9077003867064858e-09,41.4278564453125,0.0,2.0,40.461934265487415,40.45717827717586
22.80511450767517,1.1114832752943873,-3.3724365919447337,2.620363081932776,4.4684871595892916e-10,5.486299244119534e-11,1.1957929327538686e-09,41.4278564453125,0.0,2.0,40.46193426548302,40.45717827717158
22.815001726150513,1.1114832752989867,-3.3724365919439276,2.6203630819593307,4.694028543110395e-10,1.0260614750485211e-10,3.8997360403127485e-09,41.4278564453125,0.0,2.0,40.46193426547878,40.45717827716693
22.82509732246399,1.111483275303703,-3.3724365919427575,2.6203630820064148,4.703214871614963e-10,1.2751726308956313e-10,5.382333343831187e-09,41.4278564453125,0.0,2.0,40.4619342654747,40.457178277162136
22.834985733032227,1.1114832753083261,-3.3724365919414456,2.620363082064656,4.511239454587545e-10,1.3124477026856e-10,6.166240196777649e-09,41.4945182800293,0.0,2.0,40.528356679154584,40.52360848640191
22.845128059387207,1.1114832753126633,-3.372436591940194,2.62036308212802,4.133935743380703e-10,1.1550655359076186e-10,6.43254450349718e-09,41.4945182800293,0.0,2.0,40.52835667915112,40.523608486397485
22.85511302947998,1.1114832753165367,-3.372436591939193,2.6203630821920347,3.583033445502366e-10,8.157525309246238e-11,6.315399403361438e-09,41.4945182800293,0.0,2.0,40.52835667914816,40.52360848639354
22.864989280700684,1.1114832753197752,-3.3724365919386194,2.620363082253386,2.8672221372289637e-10,3.03936632327536e-11,5.914188250731671e-09,41.561187744140625,0.0,2.0,40.594787479865126,40.59004705813473
22.875082969665527,1.1114832753222186,-3.3724365919386425,2.6203630823095985,1.9929415486884133e-10,-3.733952344192584e-11,5.272439741904221e-09,41.561187744140625,0.0,2.0,40.594787479863555,40.59004705813229
22.88501477241516,1.111483275323713,-3.3724365919394197,2.6203630823574433,9.750450464568415e-11,-1.2001275897154303e-10,4.285014511336213e-09,41.561187744140625,0.0,2.0,40.594787479862866,40.59004705813088
22.894983530044556,1.1114832753241353,-3.372436591941078,2.620363082395049,-1.4328714237732591e-11,-2.1294111201784214e-10,3.1967907328216738e-09,41.62785339355469,0.0,2.0,40.66121526071383,40.65648258425843
22.90501570701599,1.111483275323406,-3.3724365919436994,2.620363082420861,-1.3236295027218518e-10,-3.1195552406037395e-10,1.9666994750875427e-09,41.62785339355469,0.0,2.0,40.66121526071517,40.65648258425937
22.914976358413696,1.111483275321478,-3.3724365919473276,2.6203630824343973,-2.537515720000755e-10,-4.1396748134204715e-10,7.409988587398667e-10,41.62785339355469,0.0,2.0,40.661215260717604,40.6564825842616
22.92500400543213,1.1114832753183288,-3.372436591951979,2.620363082435607,-3.763019588671216e-10,-5.165980532983107e-10,-5.18417702764606e-10,41.69451904296875,0.0,2.0,40.72764381889995,40.7229188625414
22.93496036529541,1.1114832753139623,-3.372436591957644,2.620363082423973,-4.961225812498697e-10,-6.156250415915082e-10,-1.804767881714273e-09,41.69451904296875,0.0,2.0,40.72764381890459,40.72291886254622
22.945050954818726,1.1114832753084334,-3.372436591964258,2.620363082399573,-6.079334319999024e-10,-7.053197893995966e-10,-3.0721480298127707e-09,41.69451904296875,0.0,2.0,40.72764381891028,40.72291886255228
22.95501708984375,1.1114832753018433,-3.3724365919717028,2.620363082362576,-7.077012143095079e-10,-7.813062848681589e-10,-4.325475128240374e-09,41.69451904296875,0.0,2.0,40.727643818916896,40.72291886255945
22.965001106262207,1.1114832752943282,-3.3724365919798243,2.620363082312466,-7.926852741646181e-10,-8.40610996562491e-10,-5.738235827115997e-09,41.76117706298828,0.0,2.0,40.79406554824004,40.7893482860441
22.975022077560425,1.111483275286036,-3.3724365919884605,2.6203630822476924,-8.637627450533276e-10,-8.841855889814429e-10,-7.294710492798508e-09,41.76117706298828,0.0,2.0,40.794065548248035,40.789348286053084
22.985010623931885,1.1114832752770838,-3.372436591997474,2.6203630821660755,-9.256182228534045e-10,-9.171127146175059e-10,-9.004046347565204e-09,41.76117706298828,0.0,2.0,40.79406554825646,40.78934828606275
22.99496841430664,1.1114832752675343,-3.3724365920067907,2.620363082068038,-9.841505160514122e-10,-9.457924120135643e-10,-1.0584780264022035e-08,41.82785415649414,0.0,2.0,40.86050705336753,40.85579746259648
23.004998922348022,1.1114832752573987,-3.37243659201639,2.6203630819543346,-1.0430981931156937e-09,-9.74280921232218e-10,-1.2142848928690088e-08,41.82785415649414,0.0,2.0,40.860507053376686,40.85579746260737
23.015000581741333,1.111483275246672,-3.3724365920262733,2.6203630818254293,-1.1019890552451954e-09,-1.0020659200379294e-09,-1.3648406063382524e-08,41.82785415649414,0.0,2.0,40.86050705338624,40.855797462618874
23.02504563331604,1.1114832752353616,-3.3724365920364234,2.6203630816866386,-1.1595985643620274e-09,-1.0278188189896332e-09,-1.3596171975714862e-08,41.82785415649414,0.0,2.0,40.86050705339623,40.85579746263098
23.034980058670044,1.1114832752234858,-3.3724365920468182,2.6203630815605625,-1.2150031402427686e-09,-1.0505701596124776e-09,-1.143880216635178e-08,41.89451217651367,0.0,2.0,40.92693031835896,40.92222837200887
23.045036554336548,1.111483275211076,-3.372436592057429,2.6203630814641756,-1.2657593597704893e-09,-1.0712231924205671e-09,-7.518618488400073e-09,41.89451217651367,0.0,2.0,40.926930318370744,40.922228372022104
23.05497670173645,1.1114832751982038,-3.372436592068248,2.620363081412445,-1.30688782185303e-09,-1.0933681250431339e-09,-2.8160678701745347e-09,41.89451217651367,0.0,2.0,40.92693031838368,40.92222837203582
23.064974546432495,1.1114832751849846,-3.372436592079309,2.6203630814049212,-1.3343607891978957e-09,-1.1199770133272753e-09,1.0572190750889053e-09,41.961181640625,0.0,2.0,40.99336574944534,40.988671424126785
23.074991464614868,1.1114832751715715,-3.372436592090668,2.6203630814292076,-1.3451944397480113e-09,-1.1532516109262597e-09,3.612192406127134e-09,41.961181640625,0.0,2.0,40.99336574946001,40.98867142414109
23.085078477859497,1.111483275158143,-3.3724365921024,2.6203630814732843,-1.3374465997432013e-09,-1.194575732118088e-09,5.020690624444616e-09,41.961181640625,0.0,2.0,40.993365749475025,40.98867142415544
23.094969749450684,1.1114832751448789,-3.37243659211458,2.6203630815273184,-1.3127420775978908e-09,-1.2421508579992277e-09,5.691871826770169e-09,42.027854919433594,0.0,2.0,41.05980574058174,41.05511901214497
23.104971885681152,1.1114832751319341,-3.372436592127253,2.6203630815855004,-1.2742023579659087e-09,-1.2928770114271179e-09,5.8746669164894205e-09,42.027854919433594,0.0,2.0,41.05980574059656,41.05511901215891
23.114997148513794,1.1114832751194341,-3.372436592140439,2.6203630816436108,-1.2241738321545803e-09,-1.3444263923034314e-09,5.695656713407075e-09,42.027854919433594,0.0,2.0,41.059805740610976,41.055119012172455
23.125059604644775,1.1114832751074837,-3.3724365921541364,2.6203630816985233,-1.1643947487290972e-09,-1.3950745242973653e-09,5.2486146888793276e-09,42.027854919433594,0.0,2.0,41.05980574062484,41.05511901218548
23.134966135025024,1.1114832750961745,-3.37243659216833,2.620363081747923,-1.0961528336699683e-09,-1.443543883957031e-09,4.603010430943619e-09,42.094505310058594,0.0,2.0,41.12622367832484,41.12154451970902
23.14508605003357,1.1114832750855832,-3.3724365921829924,2.620363081789148,-1.021219202202182e-09,-1.4881349107174684e-09,3.605904498751683e-09,42.094505310058594,0.0,2.0,41.126223678337226,41.12154451972078
23.155001878738403,1.1114832750757553,-3.3724365921980635,2.6203630818198604,-9.444231865462638e-10,-1.5243467418695105e-09,2.5295313693870047e-09,42.094505310058594,0.0,2.0,41.12622367834871,41.12154451973181
23.164990425109863,1.111483275066684,-3.372436592213439,2.6203630818392605,-8.710446423929189e-10,-1.5487874738447972e-09,1.3451029950615042e-09,42.16117477416992,0.0,2.0,41.192661374246725,41.18798976327989
23.174997091293335,1.1114832750582995,-3.3724365922290036,2.6203630818464894,-8.08236968049768e-10,-1.5624614043535178e-09,6.088474360567775e-11,42.16117477416992,0.0,2.0,41.19266137425647,41.187989763289515
23.185221672058105,1.1114832750504642,-3.372436592244659,2.6203630818403996,-7.621580101238466e-10,-1.5670765615332677e-09,-1.2887870106056635e-09,42.16117477416992,0.0,2.0,41.192661374265455,41.1879897632986
23.19497299194336,1.1114832750429913,-3.372436592260325,2.620363081820627,-7.356105688239627e-10,-1.5655199167087245e-09,-2.6578204065859954e-09,42.227848052978516,0.0,2.0,41.25910361937544,41.25443953226215
23.204970598220825,1.1114832750356907,-3.3724365922759656,2.620363081787149,-7.271251506179625e-10,-1.562442669265808e-09,-4.0454419970509624e-09,42.227848052978516,0.0,2.0,41.259103619383495,41.254439532270695
23.215026378631592,1.111483275028403,-3.3724365922915713,2.62036308173986,-7.322419151875587e-10,-1.558312913038175e-09,-5.404749789018904e-09,42.227848052978516,0.0,2.0,41.25910361939131,41.254439532279235
23.225019216537476,1.1114832750210168,-3.3724365923071256,2.6203630816788297,-7.460033842369253e-10,-1.5520126731262474e-09,-6.873820697301072e-09,42.227848052978516,0.0,2.0,41.25910361939903,41.25443953228787
23.234962940216064,1.1114832750134813,-3.3724365923226047,2.620363081602199,-7.599990896516819e-10,-1.543155363571577e-09,-8.454060597636687e-09,42.29450607299805,0.0,2.0,41.325531402530906,41.32087481344693
23.245002508163452,1.1114832750058472,-3.372436592337979,2.6203630815087218,-7.65173072574686e-10,-1.5312958240955617e-09,-1.0217868551220908e-08,42.29450607299805,0.0,2.0,41.32553140253837,41.320874813455795
23.25498914718628,1.1114832749982084,-3.372436592353219,2.620363081398323,-7.611652787796143e-10,-1.5160792712846748e-09,-1.1824848636117041e-08,42.29450607299805,0.0,2.0,41.325531402545565,41.32087481346465
23.264972686767578,1.1114832749906507,-3.3724365923682873,2.6203630812767784,-7.491158230882972e-10,-1.4968648458871282e-09,-1.2170032260648012e-08,42.361167907714844,0.0,2.0,41.3919637275324,41.3873146129191
23.27503776550293,1.1114832749832495,-3.3724365923831408,2.620363081163524,-7.298695130682214e-10,-1.4731776120082731e-09,-1.012365665520173e-08,42.361167907714844,0.0,2.0,41.39196372753929,41.38731461292769
23.28501534461975,1.1114832749760741,-3.372436592397735,2.620363081078155,-7.040521975196719e-10,-1.4446657291905239e-09,-6.660008726520703e-09,42.361167907714844,0.0,2.0,41.391963727546354,41.38731461293603
23.294978380203247,1.111483274969188,-3.3724365924120168,2.620363081035764,-6.721275159582883e-10,-1.4110685473355323e-09,-1.7399744131254955e-09,42.427852630615234,0.0,2.0,41.45841959909132,41.45377793762599
23.304956436157227,1.1114832749626513,-3.372436592425938,2.6203630810397542,-6.344389412018449e-10,-1.3721929721692381e-09,2.2768081839536593e-09,42.427852630615234,0.0,2.0,41.45841959909903,41.45377793763364
23.31497359275818,1.1114832749565182,-3.372436592439444,2.620363081076691,-5.912409251010807e-10,-1.3278959567009522e-09,4.879732931789696e-09,42.427852630615234,0.0,2.0,41.45841959910679,41.45377793764085
23.32503318786621,1.1114832749508443,-3.372436592452479,2.6203630811337737,-5.427219713147027e-10,-1.2780715295514354e-09,6.40016767909438e-09,42.427852630615234,0.0,2.0,41.458419599114364,41.453777937647565
23.33499240875244,1.1114832749456809,-3.3724365924649873,2.6203630812023397,-4.890217267051566e-10,-1.2226411857770667e-09,7.212105216459251e-09,42.49451446533203,0.0,2.0,41.52485339440953,41.52021915976223
23.34506130218506,1.1114832749410806,-3.3724365924769137,2.6203630812760816,-4.303274276924624e-10,-1.1616376713745183e-09,7.4038540740004936e-09,42.49451446533203,0.0,2.0,41.52485339441619,41.520219159767784
23.354997873306274,1.1114832749370822,-3.37243659248821,2.6203630813488257,-3.6904497849527963e-10,-1.0975450891754722e-09,7.099121889655331e-09,42.49451446533203,0.0,2.0,41.52485339442219,41.52021915977269
23.364972591400146,1.1114832749336934,-3.372436592498869,2.620363081417284,-3.0935381027365356e-10,-1.0348044838062001e-09,6.558942520676685e-09,42.561180114746094,0.0,2.0,41.59129172117122,41.58666489011568
23.37500286102295,1.1114832749308792,-3.372436592508922,2.6203630814794248,-2.544718952165643e-10,-9.768379815472542e-10,5.84433963286465e-09,42.561180114746094,0.0,2.0,41.591291721175764,41.58666489011929
23.38502073287964,1.1114832749285797,-3.372436592518428,2.620363081533743,-2.0678316619803535e-10,-9.261807574700822e-10,5.000520674000564e-09,42.561180114746094,0.0,2.0,41.59129172117963,41.58666489012236
23.39499020576477,1.1114832749267143,-3.3724365925274733,2.6203630815791175,-1.68053684091289e-10,-8.847109162939593e-10,4.060976562672133e-09,42.62784957885742,0.0,2.0,41.65773457601551,41.653115125435356
23.40495228767395,1.111483274925185,-3.3724365925361566,2.620363081614386,-1.3950799511756866e-10,-8.537288885667785e-10,2.924490864093506e-09,42.62784957885742,0.0,2.0,41.65773457601826,41.65311512543758
23.415003776550293,1.1114832749238939,-3.372436592544579,2.6203630816373273,-1.1978606971007831e-10,-8.317382141246649e-10,1.6664859486856407e-09,42.62784957885742,0.0,2.0,41.65773457602057,41.65311512543955
23.425047636032104,1.1114832749227705,-3.37243659255281,2.620363081647752,-1.0548328204175954e-10,-8.150295140778541e-10,4.2010691699662123e-10,42.62784957885742,0.0,2.0,41.65773457602251,41.65311512544134
23.434974670410156,1.1114832749217753,-3.372436592560888,2.6203630816457575,-9.395565192594344e-11,-8.007226959843175e-10,-8.176597425753836e-10,42.69450759887695,0.0,2.0,41.72416674842723,41.71955465363325
23.445059061050415,1.1114832749208892,-3.3724365925688264,2.62036308163142,-8.324447066505921e-11,-7.866841349781866e-10,-2.0490466511798675e-09,42.69450759887695,0.0,2.0,41.724166748428544,41.71955465363478
23.454970359802246,1.1114832749201125,-3.3724365925766175,2.6203630816042076,-7.189869122942213e-11,-7.7133320218499e-10,-3.4075058644618855e-09,42.69450759887695,0.0,2.0,41.724166748429546,41.71955465363617
23.464969396591187,1.1114832749194574,-3.372436592584243,2.620363081563292,-5.884335038733834e-11,-7.534989393062605e-10,-4.806643847543571e-09,42.76117706298828,0.0,2.0,41.79061104559093,41.78600628453143
23.475017070770264,1.111483274918945,-3.372436592591675,2.6203630815079455,-4.3282094243596126e-11,-7.323138784469383e-10,-6.251010654528715e-09,42.76117706298828,0.0,2.0,41.79061104559122,41.78600628453254
23.48501706123352,1.1114832749186025,-3.372436592598875,2.62036308143847,-2.4624968560818994e-11,-7.071353828335163e-10,-7.644149784095956e-09,42.76117706298828,0.0,2.0,41.790611045591106,41.786006284533464
23.494986295700073,1.1114832749184622,-3.372436592605803,2.6203630813541503,-3.188071985598942e-12,-6.783045175621825e-10,-9.20633352208938e-09,42.827842712402344,0.0,2.0,41.857052256951924,41.85245480600268
23.50498914718628,1.1114832749185364,-3.37243659261244,2.620363081254045,1.755262662994431e-11,-6.495912062569468e-10,-1.0874135812158689e-08,42.827842712402344,0.0,2.0,41.85705225695091,41.85245480600315
23.514979600906372,1.1114832749187995,-3.3724365926188082,2.6203630811368934,3.4147339344568115e-11,-6.247373284505292e-10,-1.2517480805837026e-08,42.827842712402344,0.0,2.0,41.85705225694942,41.852454806003394
23.525167226791382,1.1114832749191976,-3.3724365926249575,2.620363081010321,4.404022404907501e-11,-6.06515125789023e-10,-1.2467623838958027e-08,42.89451599121094,0.0,2.0,41.923501784730036,41.91891162162946
23.534958600997925,1.1114832749196522,-3.3724365926309665,2.620363080893564,4.533786521875283e-11,-5.969783242819486e-10,-1.0467261647199026e-08,42.89451599121094,0.0,2.0,41.92350178472834,41.9189116216295
23.545042514801025,1.1114832749200714,-3.37243659263693,2.6203630808063805,3.663758622336077e-11,-5.97648360613102e-10,-6.845534965300663e-09,42.89451599121094,0.0,2.0,41.92350178472711,41.91891162162956
23.554985761642456,1.111483274920349,-3.3724365926429565,2.620363080761858,1.691523270190631e-11,-6.09636096576933e-10,-1.8413769538053315e-09,42.89451599121094,0.0,2.0,41.92350178472666,41.91891162162977
23.5649733543396,1.1114832749203774,-3.372436592649155,2.620363080766314,-1.2213315801331695e-11,-6.311881151337442e-10,2.453869050849998e-09,42.96116638183594,0.0,2.0,41.98992921014122,41.9853463094053
23.57501196861267,1.111483274920098,-3.3724365926555846,2.6203630808061917,-4.338812341922192e-11,-6.543189227346911e-10,5.318150925133347e-09,42.96116638183594,0.0,2.0,41.9899292101426,41.98534630940609
23.585002422332764,1.1114832749195247,-3.3724365926622237,2.62036308086844,-6.996972505061851e-11,-6.718247602067264e-10,6.980424197893394e-09,42.96116638183594,0.0,2.0,41.98992921014463,41.98534630940719
23.594985008239746,1.1114832749187302,-3.372436592668986,2.6203630809433274,-8.703930936682409e-11,-6.783687604547461e-10,7.890865047925995e-09,43.02783966064453,0.0,2.0,42.05638015306294,42.051804494299034
23.604954481124878,1.1114832749178276,-3.3724365926757414,2.620363081024428,-9.095316525324219e-11,-6.699975271326279e-10,8.246559432528507e-09,43.02783966064453,0.0,2.0,42.056380153065575,42.05180449430048
23.614973068237305,1.1114832749169608,-3.372436592682328,2.620363081105832,-8.002023661692569e-11,-6.448762565897208e-10,7.978881872588838e-09,43.02783966064453,0.0,2.0,42.05638015306817,42.05180449430187
23.62504506111145,1.1114832749162695,-3.3724365926885893,2.6203630811831977,-5.620541796389475e-11,-6.051367606678746e-10,7.459580017095984e-09,43.02783966064453,0.0,2.0,42.056380153070506,42.05180449430307
23.634963512420654,1.1114832749158723,-3.37243659269439,2.620363081254426,-2.160801982765904e-11,-5.530566995228649e-10,6.760443569192242e-09,43.09450912475586,0.0,2.0,42.12282799661794,42.11825955663502
23.6450092792511,1.1114832749158676,-3.372436592699616,2.6203630813179632,2.221674983090909e-11,-4.90323404150947e-10,5.928082393644312e-09,43.09450912475586,0.0,2.0,42.1228279966193,42.11825955663544
23.654969453811646,1.1114832749163426,-3.372436592704165,2.6203630813726573,7.411676404793749e-11,-4.1818688043093974e-10,4.997026170438601e-09,43.09450912475586,0.0,2.0,42.122827996619996,42.11825955663533
23.66495680809021,1.1114832749173742,-3.37243659270795,2.6203630814176377,1.3323850599300456e-10,-3.3757315553755676e-10,3.967107407381347e-09,43.161170959472656,0.0,2.0,42.18926893527858,42.184707690589434
23.675002574920654,1.111483274919029,-3.3724365927108906,2.620363081451294,1.9894967405114068e-10,-2.4916824626857573e-10,2.7636619123439134e-09,43.161170959472656,0.0,2.0,42.18926893527765,42.18470769058803
23.685014724731445,1.1114832749213732,-3.372436592712909,2.6203630814728927,2.707783677246567e-10,-1.5348414198202986e-10,1.5448272967009985e-09,43.161170959472656,0.0,2.0,42.18926893527579,42.18470769058585
23.694974184036255,1.1114832749244608,-3.372436592713939,2.6203630814819223,3.4707211585943945e-10,-5.2313719782377925e-11,2.6444819658640583e-10,43.227848052978516,0.0,2.0,42.25572577820495,42.25117170789454
23.7049720287323,1.1114832749283148,-3.3724365927139504,2.6203630814780112,4.2312446289919013e-10,4.923665614950309e-11,-1.0574950065963017e-09,43.227848052978516,0.0,2.0,42.25572577820105,42.25117170789069
23.71498703956604,1.1114832749328996,-3.372436592712976,2.6203630814606877,4.919586774737943e-10,1.4359743504373916e-10,-2.4420814933873664e-09,43.227848052978516,0.0,2.0,42.255725778196144,42.251171707886044
23.724996089935303,1.111483274938108,-3.372436592711127,2.620363081429127,5.469568530374919e-10,2.2358837908126357e-10,-3.86008371819214e-09,43.29450988769531,0.0,2.0,42.32216810534687,42.31762118532231
23.734966039657593,1.111483274943778,-3.37243659270857,2.6203630813833017,5.839579370244175e-10,2.8469486573240457e-10,-5.297599576813281e-09,43.29450988769531,0.0,2.0,42.32216810534034,42.317621185316455
23.74506664276123,1.1114832749497274,-3.372436592705497,2.6203630813233687,6.031211410925224e-10,3.2708963560430396e-10,-6.680252905693553e-09,43.29450988769531,0.0,2.0,42.32216810533329,42.31762118531028
23.755002975463867,1.1114832749557846,-3.3724365927020887,2.620363081249227,6.057141992398218e-10,3.5214814416371366e-10,-8.233385372940444e-09,43.29450988769531,0.0,2.0,42.32216810532589,42.31762118530396
23.764974355697632,1.1114832749618129,-3.3724365926984854,2.620363081158111,5.994556070426119e-10,3.682447390922148e-10,-1.0084801580210176e-08,43.36117172241211,0.0,2.0,42.38861112174885,42.384071329668025
23.77500081062317,1.1114832749677876,-3.3724365926947066,2.6203630810474916,5.972283739242521e-10,3.8935711830802297e-10,-1.1987400993185012e-08,43.36117172241211,0.0,2.0,42.38861112174098,42.384071329661765
23.78500008583069,1.1114832749738035,-3.372436592690645,2.6203630809257645,6.089517991888493e-10,4.2624743972896633e-10,-1.1887108673092616e-08,43.36117172241211,0.0,2.0,42.38861112173288,42.38407132965545
23.794947862625122,1.1114832749800327,-3.3724365926861073,2.620363080815133,6.4035283945098e-10,4.851292886289679e-10,-9.914144556409984e-09,43.4278450012207,0.0,2.0,42.45506623089609,42.45053354573691
23.80496382713318,1.1114832749866803,-3.372436592680864,2.620363080734281,6.926018116229905e-10,5.67272425803781e-10,-6.093257831369711e-09,43.4278450012207,0.0,2.0,42.45506623088786,42.45053354572986
23.815003395080566,1.1114832749939478,-3.372436592674692,2.620363080696091,7.636894128472827e-10,6.704968149303281e-10,-1.2852804983831068e-09,43.4278450012207,0.0,2.0,42.45506623087956,42.450533545722124
23.82498812675476,1.1114832750020047,-3.372436592667398,2.620363080706195,8.497916253532119e-10,7.906535054967039e-10,2.970517565610317e-09,43.494510650634766,0.0,2.0,42.52151441855172,42.51698881735627
23.834962129592896,1.1114832750109753,-3.3724365926588415,2.6203630807506473,9.451854130904092e-10,9.215331664219673e-10,5.722112729034754e-09,43.494510650634766,0.0,2.0,42.52151441854274,42.51698881734664
23.845069408416748,1.1114832750209194,-3.3724365926489517,2.6203630808170466,1.0436161597755588e-09,1.056349717600225e-09,7.394249066204736e-09,43.494510650634766,0.0,2.0,42.521514418533016,42.51698881733596
23.854973316192627,1.1114832750318318,-3.372436592637728,2.620363080896018,1.1375953750466487e-09,1.186978360781394e-09,8.294545275378137e-09,43.494510650634766,0.0,2.0,42.5215144185224,42.51698881732418
23.86500883102417,1.1114832750436303,-3.372436592625252,2.620363080981118,1.219807847094978e-09,1.3054823000766946e-09,8.64707294046776e-09,43.56117630004883,0.0,2.0,42.58796328589449,42.58344474662017
23.875044584274292,1.11148327505617,-3.372436592611678,2.620363081066803,1.2848030519600424e-09,1.4059478727139408e-09,8.372091830690012e-09,43.56117630004883,0.0,2.0,42.58796328588216,42.583444746606595
23.885000228881836,1.111483275069257,-3.372436592597208,2.620363081147676,1.3285431427329557e-09,1.483994130417584e-09,7.772096271692049e-09,43.56117630004883,0.0,2.0,42.58796328586916,42.583444746592406
23.89499258995056,1.1114832750826615,-3.372436592582083,2.620363081221714,1.3480368095932102e-09,1.5363755878215787e-09,7.013180383893281e-09,43.62784957885742,0.0,2.0,42.654420434467085,42.64990893598414
23.904951810836792,1.1114832750961305,-3.3724365925665745,2.6203630812875467,1.3410680362460854e-09,1.5606879309241096e-09,6.136533507657817e-09,43.62784957885742,0.0,2.0,42.65442043445339,42.64990893596949
23.914983987808228,1.11148327510939,-3.3724365925509687,2.6203630813441547,1.3059951576316913e-09,1.5551500004515475e-09,5.172669482857539e-09,43.62784957885742,0.0,2.0,42.654420434439764,42.64990893595504
23.924972772598267,1.1114832751221524,-3.372436592535575,2.620363081390787,1.2416019980833288e-09,1.5184422809869233e-09,4.144194043142861e-09,43.69450759887695,0.0,2.0,42.72086304700455,42.716358565872234
23.93495488166809,1.111483275134124,-3.3724365925207054,2.620363081426228,1.148284469592288e-09,1.450994326058955e-09,2.9293491687510067e-09,43.69450759887695,0.0,2.0,42.72086304699195,42.716358565859124
23.945024967193604,1.1114832751450447,-3.3724365925066335,2.6203630814493803,1.0327537824359667e-09,1.360087607230405e-09,1.7016640406478434e-09,43.69450759887695,0.0,2.0,42.72086304698029,42.71635856584712
23.95502209663391,1.1114832751547308,-3.372436592493553,2.6203630814599133,9.027569522658505e-10,1.2541274150241024e-09,4.0514097171707706e-10,43.69450759887695,0.0,2.0,42.72086304696976,42.71635856583643
23.96497941017151,1.1114832751630834,-3.372436592481568,2.6203630814574312,7.674289766085287e-10,1.1430249605004379e-09,-9.175895661484197e-10,43.76116943359375,0.0,2.0,42.787310132044716,42.78281264693733
23.975022315979004,1.1114832751700972,-3.372436592470673,2.620363081441573,6.369921286388837e-10,1.0378385176788049e-09,-2.264429480533461e-09,43.76116943359375,0.0,2.0,42.78731013203664,42.78281264692949
23.985028982162476,1.1114832751758772,-3.3724365924607613,2.6203630814120547,5.228668516735776e-10,9.474046448462476e-10,-3.6313650005584264e-09,43.76116943359375,0.0,2.0,42.78731013202967,42.78281264692294
23.994997262954712,1.1114832751806478,-3.372436592451664,2.6203630813688474,4.3637275937381094e-10,8.750120801124113e-10,-5.017432454629885e-09,43.82784652709961,0.0,2.0,42.85377309400801,42.84928258489282
24.0049729347229,1.1114832751847168,-3.3724365924432047,2.620363081311847,3.832022271062816e-10,8.194948507586175e-10,-6.375588887331992e-09,43.82784652709961,0.0,2.0,42.85377309400246,42.8492825848881
24.014982223510742,1.1114832751884332,-3.3724365924352258,2.62036308124116,3.65809366599968e-10,7.785881993177678e-10,-7.84086029689808e-09,43.82784652709961,0.0,2.0,42.85377309399711,42.84928258488377
24.024988174438477,1.111483275192127,-3.3724365924275888,2.6203630811544305,3.758682553914206e-10,7.501265776309631e-10,-9.518271549498946e-09,43.89450454711914,0.0,2.0,42.920217707702314,42.91573415105589
24.034947395324707,1.1114832751959647,-3.3724365924202107,2.6203630810496525,3.8989655362608467e-10,7.25125079720883e-10,-1.1391415838537252e-08,43.89450454711914,0.0,2.0,42.920217707696395,42.915734151051474
24.045047998428345,1.1114832751998422,-3.372436592413112,2.620363080934031,3.7977787965629707e-10,6.927640987168175e-10,-1.122134511341025e-08,43.89450454711914,0.0,2.0,42.9202177076903,42.915734151047054
24.05498957633972,1.1114832752034067,-3.372436592406401,2.620363080831459,3.247415527270745e-10,6.469635069447048e-10,-9.114254368354086e-09,43.89450454711914,0.0,2.0,42.92021770768474,42.915734151042976
24.064956188201904,1.1114832752061625,-3.372436592400212,2.620363080758005,2.1767375643541532e-10,5.886657643376883e-10,-5.310676026488319e-09,43.9611701965332,0.0,2.0,42.98667058725848,42.98219396244806
24.07507586479187,1.1114832752075974,-3.372436592394659,2.620363080727462,6.182989897647544e-11,5.209209246688492e-10,-6.064931906114397e-10,43.9611701965332,0.0,2.0,42.98667058725617,42.98219396244619
24.08499836921692,1.1114832752072759,-3.372436592389807,2.620363080743889,-1.3131861556161534e-10,4.4895781098263187e-10,3.585197043248303e-09,43.9611701965332,0.0,2.0,42.98667058725635,42.98219396244612
24.094982624053955,1.1114832752048949,-3.3724365923856823,2.6203630807941622,-3.471340712572602e-10,3.759327002486903e-10,6.274589545891812e-09,44.0278434753418,0.0,2.0,43.053131729870344,43.048662016345595
24.10498547554016,1.111483275200314,-3.3724365923822828,2.620363080865914,-5.688896614050528e-10,3.041388884180911e-10,7.894159522139786e-09,44.0278434753418,0.0,2.0,43.05313172987568,43.0486620163499
24.1149799823761,1.1114832751935415,-3.372436592379589,2.620363080949317,-7.836528829511894e-10,2.351821713128572e-10,8.686107144959836e-09,44.0278434753418,0.0,2.0,43.053131729883425,43.048662016356445
24.124993085861206,1.111483275184697,-3.3724365923775657,2.6203630810379086,-9.818431031496274e-10,1.7025215085600087e-10,8.958368147924e-09,44.09450912475586,0.0,2.0,43.11958592225608,43.11512309798628
24.134955883026123,1.111483275173984,-3.372436592376169,2.6203630811269796,-1.1564062383443177e-09,1.1027012888523323e-10,8.742523111324641e-09,44.09450912475586,0.0,2.0,43.11958592226794,43.11512309799685
24.14501142501831,1.1114832751616595,-3.3724365923753363,2.6203630812115644,-1.3042300566885179e-09,5.7866655848374845e-11,8.143629598931694e-09,44.09450912475586,0.0,2.0,43.11958592228137,43.11512309800907
24.15498924255371,1.1114832751479866,-3.372436592374972,2.6203630812893226,-1.4259163714026466e-09,1.767020415920582e-11,7.385530181596693e-09,44.09450912475586,0.0,2.0,43.11958592229608,43.115123098022664
24.164998292922974,1.1114832751332258,-3.372436592374931,2.6203630813588816,-1.5221302593224635e-09,-6.6882952432167964e-12,6.509488172119739e-09,44.16116714477539,0.0,2.0,43.186033161178756,43.18157720423976
24.175007104873657,1.1114832751176267,-3.3724365923750437,2.620363081419223,-1.593364420071363e-09,-1.251898302121392e-11,5.546072186036594e-09,44.16116714477539,0.0,2.0,43.18603316119518,43.18157720425532
24.18501877784729,1.11148327510144,-3.3724365923751134,2.620363081469588,-1.639983854827258e-09,2.1708369624413957e-12,4.517928404081827e-09,44.16116714477539,0.0,2.0,43.186033161212045,43.181577204271456
24.194972276687622,1.1114832750849077,-3.372436592374928,2.620363081509084,-1.6623427471594034e-09,3.876648696877644e-11,3.3158064591402226e-09,44.22785949707031,0.0,2.0,43.25251527296739,43.24806616584582
24.204954385757446,1.111483275068265,-3.372436592374271,2.6203630815356846,-1.662970677883046e-09,9.583439578661171e-11,2.009177041280631e-09,44.22785949707031,0.0,2.0,43.25251527298431,43.248066165862355
24.214988231658936,1.1114832750517059,-3.3724365923729556,2.62036308154922,-1.6462899513267862e-09,1.6954766431752873e-10,6.822465751616571e-10,44.22785949707031,0.0,2.0,43.25251527300091,43.24806616587877
24.225046157836914,1.111483275035377,-3.3724365923708435,2.6203630815493595,-1.618265870422006e-09,2.5415357243934687e-10,-6.594305871591038e-10,44.22785949707031,0.0,2.0,43.252515273017025,43.24806616589488
24.23495841026306,1.111483275019353,-3.3724365923678614,2.62036308153587,-1.5867087198209562e-09,3.417111755730981e-10,-2.0308142373107215e-09,44.29450607299805,0.0,2.0,43.31895239838127,43.31451011543695
24.245044708251953,1.1114832750036252,-3.37243659236403,2.6203630815082954,-1.5605766470199577e-09,4.2289598943886516e-10,-3.4929855857578964e-09,44.29450607299805,0.0,2.0,43.31895239839625,43.31451011545232
24.25500512123108,1.1114832749881003,-3.3724365923594495,2.620363081466173,-1.5469237852493071e-09,4.903469936152882e-10,-4.9397790060185866e-09,44.29450607299805,0.0,2.0,43.318952398410765,43.31451011546744
24.265003442764282,1.1114832749726324,-3.37243659235428,2.620363081409555,-1.5490279313470569e-09,5.407245702593843e-10,-6.372734313893246e-09,44.361167907714844,0.0,2.0,43.3854053773142,43.38096989926698
24.275073051452637,1.111483274957067,-3.3724365923486914,2.6203630813388683,-1.5666173710887597e-09,5.744438800547894e-10,-7.787092526978451e-09,44.361167907714844,0.0,2.0,43.38540537732827,43.380969899282064
24.285011291503906,1.1114832749412644,-3.372436592342851,2.620363081252795,-1.5943545182194212e-09,5.910184932098519e-10,-9.411214760484627e-09,44.361167907714844,0.0,2.0,43.38540537734234,43.38096989929737
24.29494285583496,1.1114832749252035,-3.3724365923369253,2.620363081150299,-1.6150743997970314e-09,5.916294682003263e-10,-1.1130663934705503e-08,44.42784118652344,0.0,2.0,43.45187040447702,43.44744171173962
24.304962873458862,1.1114832749090355,-3.3724365923310438,2.6203630810362832,-1.6142735064883056e-09,5.846360625577407e-10,-1.1151105356471831e-08,44.42784118652344,0.0,2.0,43.45187040449106,43.44744171175528
24.314993619918823,1.111483274893012,-3.3724365923252124,2.620363080935735,-1.5855406782209823e-09,5.831337320063322e-10,-8.746370263159354e-09,44.42784118652344,0.0,2.0,43.451870404505144,43.44744171177081
24.325047254562378,1.1114832748774313,-3.372436592319324,2.6203630808653493,-1.5251360347038983e-09,5.977775262560591e-10,-5.001471464910379e-09,44.42784118652344,0.0,2.0,43.45187040451922,43.44744171178589
24.33495783805847,1.1114832748626216,-3.3724365923131794,2.6203630808395335,-1.4315860714346185e-09,6.350540014374208e-10,-1.1146105422638939e-10,44.49451446533203,0.0,2.0,43.518336068770864,43.513914140679354
24.345029592514038,1.1114832748488919,-3.372436592306556,2.620363080860429,-1.310217105733105e-09,6.928052629017918e-10,4.0234688205274626e-09,44.49451446533203,0.0,2.0,43.518336068784336,43.51391414069253
24.35498857498169,1.1114832748364876,-3.3724365922992696,2.6203630809150367,-1.167750201602112e-09,7.664216566442396e-10,6.699667006574819e-09,44.49451446533203,0.0,2.0,43.51833606879692,43.51391414070434
24.3650004863739,1.1114832748255785,-3.3724365922911956,2.6203630809910736,-1.0124092935498358e-09,8.489676977177598e-10,8.360180106513926e-09,44.56116485595703,0.0,2.0,43.58477955001029,43.58036436367574
24.374979734420776,1.1114832748162555,-3.3724365922822837,2.620363081078687,-8.52169818814343e-10,9.332624548502404e-10,9.059136104586801e-09,44.56116485595703,0.0,2.0,43.58477955002014,43.58036436368434
24.384995222091675,1.1114832748085206,-3.3724365922725545,2.6203630811706144,-6.961579608097343e-10,1.0104949048920016e-09,9.255933996138525e-09,44.56116485595703,0.0,2.0,43.58477955002841,43.58036436369131
24.394973754882812,1.1114832748022936,-3.3724365922621207,2.6203630812625773,-5.517747655252514e-10,1.0734430814471533e-09,9.065725985494267e-09,44.627845764160156,0.0,2.0,43.651254085382405,43.6468456234127
24.404994249343872,1.1114832747974326,-3.372436592251147,2.620363081350064,-4.232001834814586e-10,1.1181704073581783e-09,8.404283410515403e-09,44.627845764160156,0.0,2.0,43.65125408538764,43.646845623416695
24.414966821670532,1.1114832747937768,-3.3724365922398167,2.620363081430186,-3.1042510731431285e-10,1.1451301785175366e-09,7.599846446192605e-09,44.627845764160156,0.0,2.0,43.65125408539156,43.64684562341947
24.425014972686768,1.111483274791172,-3.372436592228303,2.6203630815017074,-2.129849915934365e-10,1.1551549013436044e-09,6.68947669047278e-09,44.69449996948242,0.0,2.0,43.71770262869753,43.71330086802342
24.434962511062622,1.1114832747894674,-3.3724365922167685,2.620363081563714,-1.3053569185660536e-10,1.148861312292033e-09,5.700630032261469e-09,44.69449996948242,0.0,2.0,43.71770262869922,43.71330086802423
24.4450466632843,1.1114832747885124,-3.3724365922053785,2.620363081615526,-6.282225836739415e-11,1.126706301834129e-09,4.653646575403517e-09,44.69449996948242,0.0,2.0,43.71770262870003,43.71330086802429
24.45502281188965,1.1114832747881627,-3.3724365921942883,2.6203630816565786,-9.652338728579712e-12,1.0890321196165896e-09,3.508425847682982e-09,44.69449996948242,0.0,2.0,43.7177026287001,43.713300868023794
24.46499228477478,1.111483274788276,-3.372436592183646,2.6203630816849555,3.041944513278206e-11,1.037505897897891e-09,2.1730916102190353e-09,44.761165618896484,0.0,2.0,43.78416320615216,43.77976812763917
24.475006103515625,1.1114832747887415,-3.372436592173568,2.6203630817001184,6.1584518674751e-11,9.767485078772266e-10,8.482780294927824e-10,44.761165618896484,0.0,2.0,43.78416320615114,43.77976812763794
24.485023975372314,1.1114832747894943,-3.3724365921641217,2.620363081701814,8.902720601436456e-11,9.124390896839134e-10,-5.023387686731807e-10,44.761165618896484,0.0,2.0,43.784163206149685,43.77976812763646
24.494973182678223,1.1114832747905308,-3.3724365921553074,2.620363081689898,1.189654835097926e-10,8.513641908898027e-10,-1.883225978642252e-09,44.827842712402344,0.0,2.0,43.85063581522739,43.84624739982407
24.504985094070435,1.1114832747918872,-3.3724365921470776,2.620363081664042,1.5314199149669235e-10,7.954443218826586e-10,-3.3196914924400955e-09,44.827842712402344,0.0,2.0,43.85063581522504,43.84624739982209
24.51499319076538,1.1114832747936074,-3.3724365921393806,2.6203630816235792,1.9170035364581024e-10,7.448573812140434e-10,-4.769701172504523e-09,44.827842712402344,0.0,2.0,43.85063581522216,43.84624739981979
24.525041341781616,1.1114832747957357,-3.3724365921321633,2.6203630815681445,2.347443273889843e-10,6.997322922921415e-10,-6.301410205510776e-09,44.894508361816406,0.0,2.0,43.91709763510797,43.91271586156604
24.53494381904602,1.1114832747983177,-3.3724365921253683,2.6203630814978256,2.823507780146039e-10,6.601645633472503e-10,-7.750556913276122e-09,44.894508361816406,0.0,2.0,43.91709763510388,43.91271586156294
24.545058012008667,1.1114832748013976,-3.372436592118942,2.6203630814127035,3.343293632373129e-10,6.259566513810733e-10,-9.308384297619453e-09,44.894508361816406,0.0,2.0,43.91709763509912,43.91271586155937
24.55501103401184,1.1114832748050085,-3.372436592112842,2.620363081311437,3.876719736070195e-10,5.939386332393102e-10,-1.1018185334464984e-08,44.894508361816406,0.0,2.0,43.91709763509361,43.9127158615553
24.56497049331665,1.1114832748091354,-3.3724365921070625,2.6203630811971608,4.3626898280959106e-10,5.617924068155421e-10,-1.1326855892103484e-08,44.96117401123047,0.0,2.0,43.9835600719188,43.979184920227624
24.57500433921814,1.111483274813693,-3.372436592101602,2.620363081094035,4.726555752876295e-10,5.304464500706115e-10,-8.995923399287991e-09,44.96117401123047,0.0,2.0,43.983560071912386,43.97918492022267
24.585057258605957,1.111483274818528,-3.3724365920964474,2.620363081020561,4.910824339441097e-10,5.007906706482901e-10,-5.414901156982483e-09,44.96117401123047,0.0,2.0,43.98356007190614,43.97918492021746
24.59498929977417,1.1114832748234398,-3.3724365920915784,2.6203630809909035,4.875376448687498e-10,4.737526249984999e-10,-4.597807197306703e-10,44.96117401123047,0.0,2.0,43.98356007190044,43.979184920212184
24.605010271072388,1.1114832748282044,-3.372436592086953,2.620363081007705,4.618727857748632e-10,4.5308307142943487e-10,3.558970217206362e-09,45.02785110473633,0.0,2.0,44.050034532242016,44.04566598360657
24.61500310897827,1.1114832748326093,-3.3724365920824817,2.620363081057403,4.160138037906324e-10,4.432311537519361e-10,6.169838971090251e-09,45.02785110473633,0.0,2.0,44.05003453223798,44.04566598360183
24.62506866455078,1.1114832748364722,-3.3724365920780492,2.6203630811277803,3.5448236315705156e-10,4.447031442903416e-10,7.765565500938394e-09,45.094505310058594,0.0,2.0,44.11648678522405,44.11212481754219
24.634986877441406,1.111483274839664,-3.3724365920735533,2.6203630812098355,2.8254599318143806e-10,4.5610649543522324e-10,8.515303762026704e-09,45.094505310058594,0.0,2.0,44.116486785221674,44.112124817538664
24.645047903060913,1.111483274842102,-3.372436592068899,2.6203630812963796,2.0414091519974817e-10,4.763782998711555e-10,8.722488154760462e-09,45.094505310058594,0.0,2.0,44.116486785220104,44.11212481753588
24.654998302459717,1.1114832748437353,-3.372436592064,2.6203630813830623,1.2218315345534066e-10,5.047311363076677e-10,8.561545920976443e-09,45.094505310058594,0.0,2.0,44.11648678521932,44.11212481753388
24.665021419525146,1.1114832748445416,-3.3724365920587784,2.6203630814658894,3.924153896982162e-11,5.402050806982428e-10,7.9371021461478e-09,45.161170959472656,0.0,2.0,44.18295105618886,44.17859565084357
24.675013065338135,1.1114832748445347,-3.372436592053184,2.62036308154129,-3.949092506852754e-11,5.790566969632631e-10,7.123185092530983e-09,45.161170959472656,0.0,2.0,44.1829510561895,44.17859565084314
24.685064792633057,1.1114832748437846,-3.3724365920472006,2.6203630816080086,-1.0859459118405486e-10,6.170633613899713e-10,6.205792324427463e-09,45.161170959472656,0.0,2.0,44.18295105619073,44.17859565084345
24.694971323013306,1.1114832748424088,-3.372436592040855,2.6203630816651517,-1.640419724805172e-10,6.5108534460467e-10,5.211742905853271e-09,45.22785186767578,0.0,2.0,44.24943114593864,44.245082284770035
24.704983234405518,1.1114832748405594,-3.3724365920342,2.6203630817120565,-2.0284943226487108e-10,6.787966773101868e-10,4.160904976919725e-09,45.22785186767578,0.0,2.0,44.249431145940626,44.24508228477137
24.714980125427246,1.1114832748384145,-3.372436592027307,2.620363081748227,-2.2280663751291344e-10,6.984742379309433e-10,3.0593005185097475e-09,45.22785186767578,0.0,2.0,44.24943114594275,44.245082284772984
24.72499418258667,1.111483274836172,-3.3724365920202635,2.6203630817724384,-2.2227613377814004e-10,7.088415058747156e-10,1.7856980131915149e-09,45.29450988769531,0.0,2.0,44.315889019549665,44.31154668074469
24.73495316505432,1.1114832748340422,-3.372436592013167,2.6203630817839842,-2.0004887369366501e-10,7.089560367590749e-10,5.105411498541788e-10,45.29450988769531,0.0,2.0,44.31588901955141,44.31154668074628
24.74504780769348,1.1114832748322394,-3.3724365920061206,2.6203630817820773,-1.5765102812861567e-10,6.983285847031962e-10,-8.831058564454215e-10,45.29450988769531,0.0,2.0,44.31588901955264,44.31154668074754
24.7549831867218,1.1114832748309296,-3.3724365919992403,2.620363081766129,-1.0280045313076312e-10,6.762113284957178e-10,-2.333706345831745e-09,45.29450988769531,0.0,2.0,44.315889019553204,44.31154668074832
24.76498532295227,1.1114832748302017,-3.372436591992639,2.6203630817354973,-4.239848068498149e-11,6.418497131055269e-10,-3.799990269494674e-09,45.36117172241211,0.0,2.0,44.38235129675145,44.37801546120641
24.775014877319336,1.1114832748300771,-3.37243659198644,2.620363081690201,1.632869494551277e-11,5.966327830958164e-10,-5.247383164401793e-09,45.36117172241211,0.0,2.0,44.38235129675047,44.378015461206054
24.785001277923584,1.1114832748304948,-3.3724365919807333,2.620363081630165,6.512036632281302e-11,5.442692810137432e-10,-6.765864676045851e-09,45.36117172241211,0.0,2.0,44.38235129674877,44.3780154612052
24.79497766494751,1.1114832748313244,-3.372436591975571,2.620363081555148,9.763760775672918e-11,4.877087855627667e-10,-8.225198190646527e-09,45.42784118652344,0.0,2.0,44.44882177827719,44.44449242734236
24.804970502853394,1.1114832748323777,-3.372436591970987,2.6203630814653627,1.095365105560261e-10,4.2898001740876625e-10,-9.798622345519853e-09,45.42784118652344,0.0,2.0,44.448821778274535,44.444492427340954
24.814993619918823,1.1114832748334527,-3.3724365919669963,2.620363081359206,1.0294480578575745e-10,3.6923830447232174e-10,-1.1442543676749601e-08,45.42784118652344,0.0,2.0,44.44882177827168,44.44449242733958
24.825004816055298,1.1114832748343995,-3.3724365919635946,2.6203630812399163,8.53750882614667e-11,3.119319270367825e-10,-1.2006672424924809e-08,45.4945068359375,0.0,2.0,44.51528905156984,44.51096616556698
24.834966897964478,1.1114832748351529,-3.3724365919607275,2.6203630811284198,6.546959999908382e-11,2.6288554182058166e-10,-9.883173209266385e-09,45.4945068359375,0.0,2.0,44.515289051567315,44.510966165566
24.845038890838623,1.1114832748357244,-3.372436591958292,2.620363081046307,5.003393986681448e-11,2.266692859402102e-10,-6.356627238052351e-09,45.4945068359375,0.0,2.0,44.51528905156541,44.51096616556525
24.855014085769653,1.1114832748361934,-3.3724365919561476,2.6203630810067464,4.648587772493476e-11,2.0431070111566883e-10,-1.4136671804077033e-09,45.4945068359375,0.0,2.0,44.51528905156423,44.51096616556461
24.864975690841675,1.111483274836713,-3.3724365919541723,2.620363081014622,6.065421085027453e-11,1.9171407478175931e-10,2.721748592107398e-09,45.5611686706543,0.0,2.0,44.58175311387156,44.57743667320846
24.87500548362732,1.1114832748374723,-3.3724365919523,2.6203630810564014,9.459204229504926e-11,1.8312268043618633e-10,5.396976028109069e-09,45.5611686706543,0.0,2.0,44.58175311387124,44.57743667320756
24.885000228881836,1.111483274838675,-3.372436591950511,2.6203630811190184,1.496985752226761e-10,1.741397115855212e-10,6.986557532573143e-09,45.5611686706543,0.0,2.0,44.581753113870775,44.57743667320622
24.894999504089355,1.1114832748405399,-3.372436591948828,2.620363081193506,2.2676820820397168e-10,1.6142761248982932e-10,7.768222769679683e-09,45.62784957885742,0.0,2.0,44.648236783020145,44.64392677039202
24.90498185157776,1.1114832748432697,-3.372436591947304,2.6203630812725107,3.2136567405995185e-10,1.4199926650642727e-10,7.96257998681226e-09,45.62784957885742,0.0,2.0,44.64823678301841,44.643926770389186
24.915011167526245,1.1114832748469987,-3.3724365919460175,2.6203630813515457,4.2551626724976134e-10,1.1377321306141294e-10,7.792135132646836e-09,45.62784957885742,0.0,2.0,44.64823678301569,44.64392677038537
24.92503571510315,1.1114832748517909,-3.3724365919450627,2.6203630814271195,5.330226992149002e-10,7.53409190461741e-11,7.225411104087235e-09,45.62784957885742,0.0,2.0,44.64823678301189,44.64392677038052
24.934966564178467,1.111483274857647,-3.372436591944541,2.6203630814952903,6.368340624600933e-10,2.7926115019872065e-11,6.389494462825821e-09,45.69450759887695,0.0,2.0,44.71469821876992,44.71039461291729
24.94505476951599,1.1114832748644892,-3.3724365919445227,2.6203630815545855,7.291261401052119e-10,-2.5167543669269154e-11,5.4558039681012965e-09,45.69450759887695,0.0,2.0,44.71469821876392,44.71039461291047
24.955023288726807,1.1114832748721708,-3.372436591945054,2.6203630816041663,8.039704912157939e-10,-8.13708761475317e-11,4.44968087978099e-09,45.69450759887695,0.0,2.0,44.714698218756986,44.710394612902846
24.96498203277588,1.1114832748804955,-3.372436591946154,2.6203630816434043,8.569752188194799e-10,-1.387805867156642e-10,3.3898984911568176e-09,45.761173248291016,0.0,2.0,44.78116784588628,44.776870628577576
24.97500491142273,1.1114832748892272,-3.372436591947828,2.620363081671833,8.848867257964493e-10,-1.9598667936919683e-10,2.2903648722206548e-09,45.761173248291016,0.0,2.0,44.7811678458781,44.77687062856899
24.985016584396362,1.1114832748981027,-3.3724365919500685,2.620363081688478,8.855419742954417e-10,-2.516763050194297e-10,9.915388872506449e-10,45.761173248291016,0.0,2.0,44.78116784586964,44.77687062856032
24.994959115982056,1.1114832749068515,-3.3724365919528423,2.620363081691691,8.60162222287724e-10,-3.0181327445533773e-10,-3.4291326232355557e-10,45.827842712402344,0.0,2.0,44.847641858442906,44.84335101115922
25.00497317314148,1.1114832749152292,-3.3724365919560717,2.6203630816814334,8.120097330654383e-10,-3.4203343591887783e-10,-1.7118249184411008e-09,45.827842712402344,0.0,2.0,44.847641858434656,44.84335101115111
25.015033960342407,1.1114832749230352,-3.3724365919596506,2.6203630816575374,7.470185503812906e-10,-3.7220249630099046e-10,-3.0795354520713435e-09,45.827842712402344,0.0,2.0,44.84764185842682,44.843351011143604
25.024980783462524,1.1114832749301384,-3.3724365919634764,2.620363081619829,6.727778566205418e-10,-3.912549980776253e-10,-4.458251397647715e-09,45.89451599121094,0.0,2.0,44.91412025396165,44.90983575826448
25.034952402114868,1.1114832749364914,-3.372436591967425,2.620363081568161,5.986863771173697e-10,-3.9650513404480507e-10,-5.865600062140365e-09,45.89451599121094,0.0,2.0,44.91412025395489,44.90983575825844
25.045039892196655,1.1114832749421493,-3.372436591971363,2.6203630815025583,5.352487472042771e-10,-3.891257312964014e-10,-7.267147120098395e-09,45.89451599121094,0.0,2.0,44.91412025394864,44.90983575825309
25.054982900619507,1.1114832749472525,-3.3724365919751804,2.6203630814229233,4.883814408777247e-10,-3.734111111221107e-10,-8.65123010404864e-09,45.89451599121094,0.0,2.0,44.914120253942734,44.90983575824829
25.064988613128662,1.1114832749519803,-3.3724365919788215,2.6203630813295633,4.603323822370067e-10,-3.547719753651838e-10,-1.0075358222307191e-08,45.96117401123047,0.0,2.0,44.980584011986984,44.97630584770988
25.075024604797363,1.1114832749565176,-3.372436591982277,2.620363081220774,4.492839761600283e-10,-3.3675432609370615e-10,-1.1664029312339234e-08,45.96117401123047,0.0,2.0,44.980584011981215,44.97630584770562
25.085030555725098,1.1114832749609986,-3.3724365919855694,2.6203630810993523,4.478766154463177e-10,-3.226749770970091e-10,-1.2324118546520644e-08,45.96117401123047,0.0,2.0,44.980584011975324,44.9763058477014
25.09497618675232,1.1114832749654873,-3.3724365919887522,2.620363080982837,4.499811273823904e-10,-3.152857090114678e-10,-1.054377925993003e-08,46.02785110473633,0.0,2.0,45.04706736224351,45.04279551255958
25.104992628097534,1.1114832749699952,-3.3724365919919053,2.6203630808945877,4.5105313439012885e-10,-3.16621609970145e-10,-7.001846847027466e-09,46.02785110473633,0.0,2.0,45.047067362238025,45.04279551255532
25.11499047279358,1.1114832749744898,-3.3724365919951174,2.62036308084743,4.4631597211000674e-10,-3.268836563513968e-10,-2.1753007528651803e-09,46.02785110473633,0.0,2.0,45.04706736223314,45.04279551255108
25.12499237060547,1.1114832749788834,-3.3724365919984582,2.6203630808485454,4.3070802501597616e-10,-3.411115299275965e-10,2.112836497924984e-09,46.09450912475586,0.0,2.0,45.11353226605997,45.109266710607855
25.134986877441406,1.1114832749830745,-3.3724365920019155,2.62036308088494,4.0626844011180774e-10,-3.483606396982502e-10,4.9522721103689325e-09,46.09450912475586,0.0,2.0,45.11353226605655,45.10926671060393
25.145030975341797,1.1114832749869945,-3.372436592005371,2.6203630809438274,3.775265964965339e-10,-3.4008436449035964e-10,6.67833186313801e-09,46.09450912475586,0.0,2.0,45.11353226605371,45.10926671060028
25.15499448776245,1.111483274990634,-3.372436592008652,2.620363081015949,3.511951933770031e-10,-3.130702772158377e-10,7.621452833245097e-09,46.09450912475586,0.0,2.0,45.113532266051315,45.1092667105969
25.164974451065063,1.1114832749940395,-3.3724365920115678,2.620363081094196,3.311223759423512e-10,-2.671555681008168e-10,7.950961325253247e-09,46.16117477416992,0.0,2.0,45.18000534628613,45.17574606730982
25.17501139640808,1.111483274997276,-3.372436592013943,2.620363081173639,3.172378564367987e-10,-2.05388894805912e-10,7.88063898949136e-09,46.16117477416992,0.0,2.0,45.18000534628417,45.17574606730677
25.18501091003418,1.1114832750004024,-3.372436592015632,2.620363081250659,3.0906963671210745e-10,-1.3051696820313887e-10,7.426822629326602e-09,46.16117477416992,0.0,2.0,45.180005346282236,45.17574606730378
25.194972276687622,1.1114832750034667,-3.3724365920165367,2.6203630813210763,3.0381203920373143e-10,-5.07694514192959e-11,6.6358150076996465e-09,46.22785186767578,0.0,2.0,45.24649040433641,45.242237384517594
25.20501446723938,1.1114832750064756,-3.3724365920166792,2.620363081383012,2.9747903248164974e-10,1.9327719607028187e-11,5.735393904598643e-09,46.22785186767578,0.0,2.0,45.246490404334274,45.242237384514596
25.214983224868774,1.1114832750094028,-3.3724365920162196,2.620363081435517,2.871327545911416e-10,6.834973908130573e-11,4.753917370412127e-09,46.22785186767578,0.0,2.0,45.246490404332036,45.24223738451165
25.22506332397461,1.1114832750121975,-3.37243659201541,2.6203630814778918,2.7059678395142013e-10,8.783290215688787e-11,3.712393546422479e-09,46.22785186767578,0.0,2.0,45.24649040432977,45.2422373845088
25.23495578765869,1.1114832750147883,-3.3724365920145805,2.6203630815096175,2.462587879186356e-10,7.150714245827299e-11,2.6263860317095325e-09,46.294517517089844,0.0,2.0,45.31296461544517,45.3087178353977
25.245091199874878,1.1114832750170922,-3.3724365920141137,2.6203630815302246,2.1299525296757437e-10,1.5133745100765472e-11,1.4704566018981502e-09,46.294517517089844,0.0,2.0,45.31296461544312,45.30871783539537
25.254985094070435,1.1114832750190229,-3.3724365920143975,2.6203630815388816,1.7202319426996664e-10,-7.662184428568641e-11,2.607723496264182e-10,46.294517517089844,0.0,2.0,45.31296461544133,45.308717835393466
25.265024662017822,1.111483275020518,-3.372436592015732,2.6203630815353125,1.2661510522993595e-10,-1.9318465304681722e-10,-9.943393957228556e-10,46.361175537109375,0.0,2.0,45.379431780640914,45.37519122142529
25.27545189857483,1.1114832750215566,-3.37243659201831,2.6203630815189545,8.187536295298999e-11,-3.236680757415395e-10,-2.295685986038044e-09,46.361175537109375,0.0,2.0,45.37943178063985,45.37519122142445
25.285038709640503,1.1114832750221766,-3.372436592022216,2.620363081488926,4.3673586971682304e-11,-4.577414763589165e-10,-3.7002099682150973e-09,46.361175537109375,0.0,2.0,45.37943178063911,45.375191221424124
25.294965505599976,1.1114832750224668,-3.3724365920274506,2.620363081445113,1.642455817164688e-11,-5.876796268986878e-10,-5.055134156612677e-09,46.42786407470703,0.0,2.0,45.44592993549682,45.441695581803124
25.304955005645752,1.1114832750225523,-3.372436592033936,2.6203630813878935,3.355402558619795e-12,-7.077195137204962e-10,-6.402490969041246e-09,46.42786407470703,0.0,2.0,45.44592993549643,45.44169558180352
25.31499981880188,1.111483275022582,-3.372436592041551,2.620363081317034,4.743272930566267e-12,-8.116437568795699e-10,-7.761781784928257e-09,46.42786407470703,0.0,2.0,45.445929935496,45.44169558180406
25.324984312057495,1.1114832750226875,-3.3724365920500925,2.6203630812327803,1.7886332603201805e-11,-8.921669296274788e-10,-9.087546467653669e-09,46.494503021240234,0.0,2.0,45.51237919737361,45.50815102652459
25.334969758987427,1.1114832750229737,-3.372436592059302,2.620363081133783,4.073739719032498e-11,-9.456965690176957e-10,-1.0717070290014332e-08,46.494503021240234,0.0,2.0,45.51237919737266,45.50815102652497
25.345052480697632,1.1114832750235206,-3.3724365920689396,2.6203630810222247,6.906252220464141e-11,-9.795249319272266e-10,-1.1332252497735488e-08,46.494503021240234,0.0,2.0,45.51237919737131,45.50815102652515
25.354973077774048,1.1114832750243564,-3.3724365920788553,2.62036308091439,9.782672476642922e-11,-1.002515362379143e-09,-9.787768070401635e-09,46.494503021240234,0.0,2.0,45.51237919736975,45.50815102652505
25.36497926712036,1.1114832750254657,-3.3724365920889756,2.6203630808335783,1.2328582171401673e-10,-1.0212493685037151e-09,-6.220420727837901e-09,46.56117248535156,0.0,2.0,45.578859444208945,45.57463744104711
25.37501883506775,1.111483275026801,-3.3724365920992825,2.6203630807929668,1.426660539645648e-10,-1.040602651371711e-09,-1.6316319964740559e-09,46.56117248535156,0.0,2.0,45.57885944420782,45.57463744104654
25.38508629798889,1.111483275028292,-3.3724365921098007,2.6203630807991822,1.539125691861201e-10,-1.0641872186451868e-09,2.6027141504790183e-09,46.56117248535156,0.0,2.0,45.57885944420719,45.57463744104583
25.39498519897461,1.111483275029848,-3.3724365921205894,2.6203630808403284,1.5550309578434684e-10,-1.0946789103073682e-09,5.425167350967085e-09,46.62784957885742,0.0,2.0,45.64534785083968,45.64113199814488
25.404967069625854,1.1114832750313683,-3.3724365921317223,2.6203630809038465,1.4706305630377297e-10,-1.1332428941866737e-09,7.129058903152167e-09,46.62784957885742,0.0,2.0,45.64534785083984,45.64113199814418
25.415004014968872,1.111483275032766,-3.3724365921432717,2.6203630809803964,1.3155698862976732e-10,-1.1772248371518799e-09,8.069269592786256e-09,46.62784957885742,0.0,2.0,45.64534785084034,45.64113199814364
25.42503523826599,1.111483275033989,-3.372436592155272,2.6203630810622984,1.130640721751207e-10,-1.2226153648699546e-09,8.2346124421253e-09,46.694522857666016,0.0,2.0,45.711833003197874,45.70762328277315
25.43497943878174,1.1114832750350385,-3.372436592167705,2.620363081143906,9.782407209123541e-11,-1.2629530018176363e-09,8.036099950758853e-09,46.694522857666016,0.0,2.0,45.71183300319886,45.70762328277302
25.445122957229614,1.1114832750359744,-3.3724365921804935,2.620363081222134,9.109972186395112e-11,-1.2927563696336838e-09,7.553038795036917e-09,46.694522857666016,0.0,2.0,45.71183300319993,45.707623282773035
25.45501446723938,1.111483275036898,-3.372436592193516,2.620363081293355,9.548687122458032e-11,-1.3093783514659927e-09,6.674645276251818e-09,46.694522857666016,0.0,2.0,45.711833003200944,45.70762328277307
25.464991569519043,1.1114832750379178,-3.3724365922066437,2.620363081355339,1.0980288397272117e-10,-1.314227498678122e-09,5.7094871352960406e-09,46.76117706298828,0.0,2.0,45.77829968287155,45.774096075204895
25.47501230239868,1.1114832750391228,-3.3724365922197665,2.620363081407334,1.3271384440370772e-10,-1.308843988608375e-09,4.680052244427012e-09,46.76117706298828,0.0,2.0,45.77829968287202,45.77409607520466
25.485085248947144,1.1114832750405963,-3.3724365922327895,2.620363081448783,1.632315634796649e-10,-1.2943688114708045e-09,3.602999956966468e-09,46.76117706298828,0.0,2.0,45.77829968287207,45.774096075204156
25.49499273300171,1.1114832750424093,-3.372436592245627,2.6203630814792755,2.0062397317736183e-10,-1.27164723204171e-09,2.490672135900231e-09,46.82785415649414,0.0,2.0,45.844789731135506,45.84059222064179
25.505005359649658,1.1114832750446284,-3.3724365922581985,2.6203630814984544,2.443487451121111e-10,-1.2413054367203142e-09,1.309917172244691e-09,46.82785415649414,0.0,2.0,45.844789731134476,45.84059222064051
25.515015602111816,1.1114832750473143,-3.3724365922704314,2.620363081505039,2.940041127613723e-10,-1.2038073162092133e-09,1.127646331536772e-11,46.82785415649414,0.0,2.0,45.844789731132785,45.84059222063873
25.525012731552124,1.111483275050527,-3.3724365922822535,2.6203630814987284,3.492774659650183e-10,-1.15951277493769e-09,-1.2863539186861999e-09,46.89451217651367,0.0,2.0,45.91126130171182,45.90706986904277
25.53497290611267,1.111483275054314,-3.3724365922936053,2.620363081479183,4.083157765806792e-10,-1.1104476562603373e-09,-2.616832882391232e-09,46.89451217651367,0.0,2.0,45.91126130170861,45.907069869039816
25.545056581497192,1.1114832750586907,-3.372436592304465,2.620363081446202,4.662814961795243e-10,-1.0618719440711052e-09,-3.982801622352758e-09,46.89451217651367,0.0,2.0,45.91126130170459,45.907069869036256
25.55508017539978,1.1114832750636123,-3.37243659231487,2.6203630813994105,5.161024010776106e-10,-1.0214672312822253e-09,-5.408215250128052e-09,46.89451217651367,0.0,2.0,45.91126130169982,45.90706986903211
25.565062761306763,1.1114832750689636,-3.3724365923249433,2.6203630813381062,5.513921356030973e-10,-9.961687793567848e-10,-6.845688839617773e-09,46.961177825927734,0.0,2.0,45.97774102029142,45.973555648615005
25.574998140335083,1.1114832750745782,-3.3724365923348585,2.620363081262336,5.684251991219843e-10,-9.900232797751715e-10,-8.296567480947689e-09,46.961177825927734,0.0,2.0,45.97774102028553,45.97355564861014
25.585084676742554,1.1114832750802728,-3.3724365923448065,2.620363081172379,5.676593333806876e-10,-1.0025375274438025e-09,-9.685833572712483e-09,46.961177825927734,0.0,2.0,45.97774102027935,45.973555648605185
25.595030546188354,1.111483275085877,-3.3724365923549664,2.6203630810682426,5.508524506636891e-10,-1.0318067808217825e-09,-1.1176144096419023e-08,47.027862548828125,0.0,2.0,46.044240297044254,46.04006097063297
25.604797840118408,1.11148327509074,-3.3724365923643984,2.6203630809641636,5.299406908291637e-10,-1.0638729225492666e-09,-1.1739200873689207e-08,47.027862548828125,0.0,2.0,46.04424029703869,46.04006097062881
25.615018367767334,1.1114832750964518,-3.3724365923762876,2.62036308083878,5.107898608910014e-10,-1.0954020147224029e-09,-1.0633609787342994e-08,47.027862548828125,0.0,2.0,46.044240297032175,46.04006097062398
25.625038385391235,1.1114832751015364,-3.372436592387312,2.6203630807477407,5.094019334616025e-10,-1.1060045132351916e-09,-7.266349191757026e-09,47.027862548828125,0.0,2.0,46.04424029702669,46.04006097061973
25.634989976882935,1.1114832751067103,-3.37243659239833,2.6203630806960208,5.288757148260191e-10,-1.0933286997190326e-09,-2.8731554436018417e-09,47.094520568847656,0.0,2.0,46.110713480483135,46.10654017953763
25.645079851150513,1.111483275112187,-3.3724365924090995,2.62036308069499,5.700746622491727e-10,-1.0564383138402849e-09,2.7406814985797877e-09,47.094520568847656,0.0,2.0,46.110713480478445,46.106540179532956
25.65504765510559,1.1114832751181754,-3.3724365924193855,2.6203630807524756,6.299450027702847e-10,-9.970073077871112e-10,8.94951439023907e-09,47.094520568847656,0.0,2.0,46.110713480474,46.106540179527734
25.66503667831421,1.111483275124823,-3.3724365924289668,2.6203630808706455,7.003716999681595e-10,-9.155679198816982e-10,1.433543742136936e-08,47.16120147705078,0.0,2.0,46.17721002181543,46.17304273108655
25.675025463104248,1.1114832751321853,-3.372436592437632,2.620363081033471,7.715038012586466e-10,-8.147754303861311e-10,1.7986974744015512e-08,47.16120147705078,0.0,2.0,46.177210021810914,46.17304273107984
25.685080528259277,1.1114832751402242,-3.372436592445212,2.62036308122579,8.341674600735568e-10,-6.991704126282474e-10,2.0266816102191782e-08,47.16120147705078,0.0,2.0,46.17721002180604,46.173042731072385
25.695977926254272,1.1114832751488175,-3.3724365924515993,2.620363081435762,8.815665420026909e-10,-5.78264186139124e-10,2.1600407708943848e-08,47.227867126464844,0.0,2.0,46.243691877323506,46.23953057819714
25.705078125,1.1114832751577894,-3.3724365924567956,2.6203630816556043,9.091347274411461e-10,-4.6244308677631675e-10,2.2273928448178697e-08,47.227867126464844,0.0,2.0,46.24369187731789,46.239530578188564
25.71499490737915,1.1114832751669244,-3.372436592460891,2.620363081878689,9.143236373648349e-10,-3.5910265131111017e-10,2.2222713207890613e-08,47.227867126464844,0.0,2.0,46.243691877312074,46.23953057817975
25.72509217262268,1.111483275176016,-3.372436592464037,2.6203630820990127,9.014851083391626e-10,-2.7309930833761843e-10,2.180251914714779e-08,47.227867126464844,0.0,2.0,46.2436918773062,46.239530578170914
25.735034704208374,1.1114832751849149,-3.3724365924664244,2.6203630823140562,8.769082153493624e-10,-2.0855354238145745e-10,2.117680353655559e-08,47.294517517089844,0.0,2.0,46.31015904435082,46.306003718299536
25.745112895965576,1.1114832751935295,-3.3724365924682886,2.6203630825220428,8.452886035155628e-10,-1.6854629908311114e-10,2.039883384019556e-08,47.294517517089844,0.0,2.0,46.310159044345156,46.30600371829107
25.755022287368774,1.1114832752018071,-3.372436592469886,2.6203630827216577,8.101048920225015e-10,-1.5535999916458767e-10,1.9508071651377116e-08,47.294517517089844,0.0,2.0,46.31015904433969,46.30600371828294
25.76503324508667,1.1114832752097281,-3.3724365924714905,2.6203630829119273,7.739341056263254e-10,-1.7068550238306254e-10,1.8533751349512763e-08,47.36119842529297,0.0,2.0,46.376657171347745,46.372507804021986
25.774996042251587,1.1114832752172872,-3.372436592473394,2.6203630830912434,7.376548645732192e-10,-2.1406996509231707e-10,1.730003715157962e-08,47.36119842529297,0.0,2.0,46.37665717134274,46.37250780401459
25.78505039215088,1.1114832752244699,-3.3724365924758315,2.6203630832579385,6.979871204782553e-10,-2.7547003191515877e-10,1.604146963220212e-08,47.36119842529297,0.0,2.0,46.37665717133799,46.372507804007604
25.794978857040405,1.1114832752312231,-3.3724365924789224,2.6203630834117475,6.50939325272634e-10,-3.4309759454395927e-10,1.4722068308889687e-08,47.427860260009766,0.0,2.0,46.44313680105678,46.438993373741575
25.805009365081787,1.1114832752374424,-3.372436592482673,2.620363083552387,5.901294701957914e-10,-4.0487177596436543e-10,1.3389950570168775e-08,47.427860260009766,0.0,2.0,46.443136801052724,46.43899337373565
25.815109729766846,1.1114832752429677,-3.3724365924869604,2.620363083679545,5.121515680555189e-10,-4.485117541499507e-10,1.2036868596050203e-08,47.427860260009766,0.0,2.0,46.44313680104923,46.43899337373045
25.825064659118652,1.1114832752476318,-3.372436592491548,2.620363083792973,4.182928920477355e-10,-4.6362160122187754e-10,1.0657035445333083e-08,47.427860260009766,0.0,2.0,46.44313680104643,46.438993373726134
25.83498215675354,1.111483275251297,-3.3724365924961255,2.6203630838924243,3.131597345389696e-10,-4.4611827824502543e-10,9.209545882398272e-09,47.4945182800293,0.0,2.0,46.50961314804419,46.50547564346448
25.845064401626587,1.1114832752538728,-3.3724365925003745,2.6203630839773275,2.0112750921246352e-10,-3.995307069951887e-10,7.781862261528032e-09,47.4945182800293,0.0,2.0,46.50961314804306,46.50547564346221
25.855010747909546,1.1114832752553068,-3.3724365925040365,2.6203630840480807,8.536193081158839e-11,-3.299804479463018e-10,6.322487391472155e-09,47.4945182800293,0.0,2.0,46.50961314804283,46.505475643461054
25.865017414093018,1.1114832752555854,-3.372436592506929,2.6203630841035226,-2.8858587916384406e-11,-2.4802238838458496e-10,4.75209826137378e-09,47.56117248535156,0.0,2.0,46.57608620999734,46.57195461095644
25.874953985214233,1.1114832752547588,-3.3724365925090103,2.620363084141813,-1.3421943653154834e-10,-1.7047500155187016e-10,2.9325699352488752e-09,47.56117248535156,0.0,2.0,46.576086209998834,46.57195461095741
25.885069370269775,1.1114832752529604,-3.3724365925104083,2.620363084162696,-2.2174556488512752e-10,-1.1370226511470275e-10,1.2669167281736753e-09,47.56117248535156,0.0,2.0,46.57608621000101,46.57195461095931
25.89505124092102,1.1114832752504098,-3.3724365925113977,2.62036308416724,-2.8375586190108607e-10,-9.028208537033463e-11,-3.778532104545523e-10,47.62786865234375,0.0,2.0,46.642601637097506,46.63847593051013
25.90505576133728,1.1114832752473907,-3.372436592512339,2.6203630841554255,-3.1451794584817545e-10,-1.0390504205455608e-10,-1.9661428359635355e-09,47.62786865234375,0.0,2.0,46.64260163710043,46.63847593051321
25.915003061294556,1.1114832752442327,-3.3724365925135937,2.620363084127586,-3.1169027459369997e-10,-1.5200230623684121e-10,-3.595708475110296e-09,47.62786865234375,0.0,2.0,46.6426016371033,46.63847593051646
25.924997568130493,1.1114832752412511,-3.3724365925154673,2.6203630840838468,-2.8055851048253363e-10,-2.2613755934880875e-10,-5.151775064125976e-09,47.69451141357422,0.0,2.0,46.70906431800313,46.70494448243418
25.93501114845276,1.1114832752386912,-3.3724365925181705,2.6203630840246435,-2.2899148903816397e-10,-3.1641749754857504e-10,-6.67370995246287e-09,47.69451141357422,0.0,2.0,46.70906431800509,46.70494448243692
25.945071935653687,1.1114832752367094,-3.3724365925218143,2.6203630839505068,-1.6600716129538352e-10,-4.1257412537835875e-10,-8.195115538443428e-09,47.69451141357422,0.0,2.0,46.70906431800634,46.70494448243917
25.95503282546997,1.1114832752353798,-3.3724365925264097,2.6203630838605134,-1.00384315738033e-10,-5.050669174066002e-10,-9.784804333838399e-09,47.69451141357422,0.0,2.0,46.7090643180068,46.70494448244082
25.965011596679688,1.1114832752346784,-3.37243659253187,2.6203630837551346,-4.179570881478437e-11,-5.839070160928526e-10,-1.127690299857133e-08,47.76118850708008,0.0,2.0,46.77556175124355,46.77144777306677
25.97528886795044,1.1114832752344959,-3.372436592538018,2.6203630836349636,2.3136687821968993e-12,-6.414371256681727e-10,-1.2820965344604985e-08,47.76118850708008,0.0,2.0,46.77556175124257,46.771447773067386
25.98504066467285,1.1114832752346708,-3.3724365925446227,2.62036308349846,3.0301211416874675e-11,-6.755540559748849e-10,-1.4458570918020286e-08,47.76118850708008,0.0,2.0,46.77556175124107,46.7714477730677
25.994983673095703,1.1114832752350647,-3.3724365925514665,2.620363083346162,4.7026726974314164e-11,-6.903004991777051e-10,-1.5968772713006814e-08,47.82785415649414,0.0,2.0,46.842048281872884,46.837940143500454
26.00500750541687,1.1114832752355877,-3.3724365925583784,2.6203630831861986,5.664860096615771e-11,-6.891857932343678e-10,-1.552219365957034e-08,47.82785415649414,0.0,2.0,46.84204828187074,46.837940143500425
26.014994621276855,1.1114832752361843,-3.3724365925652084,2.620363083044378,6.224744039158648e-11,-6.748097191765173e-10,-1.2470107406794648e-08,47.82785415649414,0.0,2.0,46.84204828186875,46.837940143500326
26.024993419647217,1.111483275236827,-3.3724365925718356,2.620363082943207,6.610541394654223e-11,-6.490982436257529e-10,-7.496510739317748e-09,47.8945198059082,0.0,2.0,46.908535320938434,46.90443300585831
26.034964561462402,1.111483275237507,-3.372436592578156,2.6203630828957736,6.991319309697663e-11,-6.134781596289783e-10,-2.0393197478552318e-09,47.8945198059082,0.0,2.0,46.90853532093759,46.90443300585809
26.045039653778076,1.1114832752382295,-3.372436592584076,2.6203630828982902,7.49232581410785e-11,-5.690064626696546e-10,2.266984178350447e-09,47.8945198059082,0.0,2.0,46.908535320937325,46.90443300585778
26.055023670196533,1.1114832752390127,-3.372436592589511,2.6203630829363593,8.206346994134922e-11,-5.164661951228429e-10,5.14274646260603e-09,47.8945198059082,0.0,2.0,46.90853532093744,46.9044330058574
26.065019607543945,1.1114832752398804,-3.372436592594381,2.6203630829976134,9.201772597015343e-11,-4.564412256311059e-10,6.945863143369521e-09,47.961185455322266,0.0,2.0,46.97502286628749,46.97092635805138
26.07503843307495,1.1114832752408603,-3.3724365925986204,2.620363083072405,1.0398979228311112e-10,-3.907776799905437e-10,7.904200088979412e-09,47.961185455322266,0.0,2.0,46.97502286628781,46.97092635805071
26.085074424743652,1.1114832752419548,-3.3724365926021935,2.6203630831532423,1.1428411656319414e-10,-3.242127830705509e-10,8.167928187923674e-09,47.961185455322266,0.0,2.0,46.975022866288036,46.97092635804987
26.095011472702026,1.1114832752431298,-3.372436592605115,2.620363083234389,1.1970516861280494e-10,-2.6075265204402256e-10,7.970536112647648e-09,48.027862548828125,0.0,2.0,47.041522329417205,47.03743161264247
26.10508418083191,1.111483275244325,-3.372436592607431,2.620363083311488,1.1788564253069046e-10,-2.033650901868048e-10,7.416444590837258e-09,48.027862548828125,0.0,2.0,47.041522329417205,47.03743161264144
26.115028619766235,1.1114832752454575,-3.3724365926092115,2.6203630833821463,1.0707179516893871e-10,-1.542487012644357e-10,6.682837586205949e-09,48.027862548828125,0.0,2.0,47.041522329417134,47.03743161264045
26.12501883506775,1.1114832752464339,-3.372436592610548,2.620363083443661,8.671756740690999e-11,-1.1421510757997711e-10,5.609247273882265e-09,48.09452819824219,0.0,2.0,47.10801088098197,47.10392593836968
26.134968280792236,1.111483275247171,-3.3724365926115185,2.6203630834935088,6.020091708397043e-11,-8.009098234668843e-11,4.288944960822541e-09,48.09452819824219,0.0,2.0,47.10801088098196,47.10392593836901
26.145068407058716,1.111483275247648,-3.372436592612158,2.62036308352941,3.671311841614535e-11,-4.785037631910688e-11,2.9000987568978123e-09,48.09452819824219,0.0,2.0,47.108010880982,47.10392593836858
26.154991626739502,1.11148327524795,-3.372436592612472,2.6203630835516067,2.6778467837839604e-11,-1.5026229079213894e-11,1.5144944466234818e-09,48.09452819824219,0.0,2.0,47.108010880982015,47.103925938368306
26.165029048919678,1.1114832752482544,-3.3724365926124475,2.6203630835594396,3.827719401499136e-11,2.0155157568466968e-11,6.40976270940931e-11,48.16117858886719,0.0,2.0,47.17448471399566,47.17040552799569
26.175036191940308,1.1114832752488062,-3.3724365926120554,2.6203630835529657,7.688300845367766e-11,5.915902667259552e-11,-1.369339431811288e-09,48.16117858886719,0.0,2.0,47.174484713995,47.170405527995115
26.185054779052734,1.111483275249888,-3.3724365926112396,2.620363083532186,1.4401731006261087e-10,1.0563478700660949e-10,-2.777045770722442e-09,48.16117858886719,0.0,2.0,47.174484713993586,47.170405527993985
26.194974899291992,1.1114832752517747,-3.3724365926099016,2.6203630834969385,2.3712437715298343e-10,1.6410077441374179e-10,-4.272832489989015e-09,48.16117858886719,0.0,2.0,47.17448471399115,47.170405527992
26.20500946044922,1.111483275254688,-3.3724365926079067,2.620363083446974,3.475507549731502e-10,2.3762931871782616e-10,-5.712994740642917e-09,48.22785186767578,0.0,2.0,47.24098187234628,47.23690842877046
26.214990854263306,1.1114832752587525,-3.3724365926050934,2.620363083381796,4.657579622583835e-10,3.276008207767602e-10,-7.311075511048992e-09,48.22785186767578,0.0,2.0,47.24098187234117,47.2369084287662
26.22502326965332,1.1114832752639947,-3.37243659260131,2.620363083301088,5.814590179790564e-10,4.3154929238251593e-10,-8.815964318670232e-09,48.29450988769531,0.0,2.0,47.30746430781977,47.30339658925687
26.23500108718872,1.1114832752703465,-3.372436592596426,2.620363083205713,6.863859785312089e-10,5.469457335600349e-10,-1.026681283819496e-08,48.29450988769531,0.0,2.0,47.307464307811834,47.303396589250184
26.245070219039917,1.1114832752776658,-3.3724365925903443,2.6203630830946136,7.739280654031816e-10,6.697498814865536e-10,-1.1934766251610906e-08,48.29450988769531,0.0,2.0,47.30746430780264,47.30339658924245
26.255053520202637,1.1114832752857533,-3.372436592583039,2.6203630829674207,8.395994621973338e-10,7.903572571727525e-10,-1.3470736906243426e-08,48.29450988769531,0.0,2.0,47.30746430779239,47.303396589233856
26.265047550201416,1.1114832752943753,-3.3724365925745747,2.6203630828323354,8.805682486324312e-10,9.002812669120268e-10,-1.3043247896888444e-08,48.36117935180664,0.0,2.0,47.37395865080578,47.3698966422106
26.275017261505127,1.1114832753032748,-3.37243659256509,2.6203630827152296,8.947366746259124e-10,9.9323471206765e-10,-1.0005303920763641e-08,48.36117935180664,0.0,2.0,47.3739586507947,47.36989664220105
26.28506851196289,1.1114832753121753,-3.3724365925547812,2.620363082638655,8.805506884579521e-10,1.064559919941708e-09,-5.033487065564292e-09,48.36117935180664,0.0,2.0,47.37395865078408,47.36989664219143
26.29499340057373,1.1114832753207868,-3.3724365925438824,2.620363082617904,8.3685902143817e-10,1.110806401595169e-09,8.424810403682295e-10,48.427860260009766,0.0,2.0,47.440464899515995,47.4364085858946
26.30499839782715,1.111483275328811,-3.372436592532657,2.6203630826510067,7.628087953544397e-10,1.1294179731724857e-09,5.485581477822584e-09,48.427860260009766,0.0,2.0,47.44046489950763,47.436408585885786
26.315001726150513,1.1114832753359398,-3.3724365925213906,2.620363082722535,6.57786636167551e-10,1.1185209905251921e-09,8.576827088734516e-09,48.427860260009766,0.0,2.0,47.44046489950065,47.436408585877864
26.325005769729614,1.1114832753418704,-3.3724365925103768,2.62036308281836,5.242624663122411e-10,1.0799002288464743e-09,1.0434689425423001e-08,48.494510650634766,0.0,2.0,47.50694119992133,47.50289056276743
26.334973335266113,1.1114832753463588,-3.372436592499857,2.6203630829280633,3.7105931909625036e-10,1.0212815899049982e-09,1.1371713577870148e-08,48.494510650634766,0.0,2.0,47.50694119991754,47.502890562762204
26.345113277435303,1.1114832753492734,-3.372436592489998,2.6203630830438502,2.1204570675728137e-10,9.4942891816374e-10,1.1687586428183996e-08,48.494510650634766,0.0,2.0,47.506941199915445,47.5028905627586
26.355029582977295,1.1114832753506314,-3.3724365924808892,2.6203630831604015,6.245714092683681e-11,8.722380542613452e-10,1.1568239359595681e-08,48.494510650634766,0.0,2.0,47.50694119991497,47.5028905627566
26.36503291130066,1.1114832753505999,-3.372436592472543,2.6203630832742717,-6.400814028163701e-11,7.981690268469171e-10,1.1165396364368507e-08,48.56117630004883,0.0,2.0,47.573433206606325,47.56938823138619
26.375004053115845,1.1114832753494641,-3.3724365924648945,2.6203630833830123,-1.5708046114593099e-10,7.336212973009923e-10,1.0552534137454469e-08,48.56117630004883,0.0,2.0,47.57343320660833,47.56938823138679
26.385016202926636,1.111483275347595,-3.3724365924578232,2.6203630834841936,-2.100427674464309e-10,6.831889845036697e-10,9.591732352727217e-09,48.56117630004883,0.0,2.0,47.573433206611014,47.56938823138815
26.39497995376587,1.1114832753453776,-3.3724365924511894,2.6203630835741003,-2.291149940525561e-10,6.447625282194881e-10,8.293312244258165e-09,48.62785720825195,0.0,2.0,47.63994091786186,47.635901590102264
26.404993295669556,1.111483275343063,-3.3724365924449224,2.6203630836494898,-2.333208010849756e-10,6.078241377196257e-10,6.798529874467477e-09,48.62785720825195,0.0,2.0,47.639940917864706,47.63590159010413
26.414984226226807,1.1114832753406874,-3.372436592439061,2.620363083710315,-2.4463985378606356e-10,5.624100543735136e-10,5.376741083697075e-09,48.62785720825195,0.0,2.0,47.63994091786745,47.63590159010608
26.42498779296875,1.111483275338092,-3.3724365924337256,2.620363083756842,-2.7912907897133787e-10,5.020642268372461e-10,3.936421838534666e-09,48.69450759887695,0.0,2.0,47.70641867401246,47.70238497543364
26.434959888458252,1.1114832753349984,-3.372436592429074,2.6203630837892127,-3.454269695998509e-10,4.2553739826345286e-10,2.530545935394015e-09,48.69450759887695,0.0,2.0,47.70641867401564,47.702384975436395
26.44506549835205,1.111483275331064,-3.372436592425264,2.620363083807414,-4.4743691038544884e-10,3.346123682985982e-10,1.1198755185291153e-09,48.69450759887695,0.0,2.0,47.70641867401954,47.70238497544005
26.454976797103882,1.1114832753259314,-3.372436592422415,2.620363083811606,-5.84566717049154e-10,2.3406047847998876e-10,-2.914699296660101e-10,48.69450759887695,0.0,2.0,47.706418674024505,47.70238497544497
26.46496820449829,1.1114832753192856,-3.37243659242059,2.6203630838017276,-7.478959302761369e-10,1.3103680071383397e-10,-1.6754729386149294e-09,48.76116943359375,0.0,2.0,47.77290832582515,47.768880241763576
26.474995851516724,1.1114832753109292,-3.372436592419775,2.6203630837780683,-9.244473807040546e-10,3.320547510299076e-11,-3.067063079933062e-09,48.76116943359375,0.0,2.0,47.77290832583312,47.76888024177185
26.48501205444336,1.1114832753007942,-3.372436592419878,2.620363083740513,-1.1016138253226204e-09,-5.065257131018972e-11,-4.436431279327175e-09,48.76116943359375,0.0,2.0,47.77290832584276,47.768880241781964
26.494972229003906,1.111483275288933,-3.372436592420713,2.6203630836894756,-1.2682879869788644e-09,-1.1211447019790744e-10,-5.765312399228644e-09,48.82784652709961,0.0,2.0,47.839413676426375,47.83539119259554
26.50501823425293,1.1114832752754913,-3.3724365924220265,2.6203630836246106,-1.4168621292166519e-09,-1.4615226994112768e-10,-7.2409549050535266e-09,48.82784652709961,0.0,2.0,47.83941367643904,47.83539119260904
26.5149986743927,1.1114832752606647,-3.3724365924235635,2.6203630835448477,-1.5448451187049707e-09,-1.5860080768348092e-10,-8.699487107789114e-09,48.82784652709961,0.0,2.0,47.8394136764529,47.83539119262392
26.525058269500732,1.111483275244667,-3.3724365924251565,2.620363083450833,-1.6510704553416014e-09,-1.5836766590193934e-10,-1.0094422520334798e-08,48.82784652709961,0.0,2.0,47.83941367646775,47.83539119264
26.534980058670044,1.11148327522772,-3.372436592426711,2.6203630833431157,-1.734654210282453e-09,-1.520984060381557e-10,-1.1442244261655908e-08,48.89451217651367,0.0,2.0,47.905908089777846,47.90189118971262
26.5450439453125,1.1114832752100519,-3.3724365924281945,2.6203630832221045,-1.794941552816482e-09,-1.4471618069040517e-10,-1.2755163212974265e-08,48.89451217651367,0.0,2.0,47.905908089794,47.90189118973035
26.554988622665405,1.1114832751919,-3.3724365924296134,2.620363083088101,-1.8314473726612596e-09,-1.3986815160663263e-10,-1.4033527663743044e-08,48.89451217651367,0.0,2.0,47.90590808981047,47.90189118974855
26.564985275268555,1.1114832751735033,-3.3724365924310096,2.6203630829452704,-1.843812291850074e-09,-1.4025620217110656e-10,-1.4146064643561198e-08,48.96118927001953,0.0,2.0,47.9724143932516,47.968403062465725
26.5749933719635,1.1114832751551051,-3.372436592432445,2.6203630828140625,-1.8317700750621335e-09,-1.4788193708183733e-10,-1.1756060776498377e-08,48.96118927001953,0.0,2.0,47.97241439326836,47.968403062484185
26.585077047348022,1.1114832751369499,-3.3724365924339974,2.620363082713706,-1.7951234892296923e-09,-1.642281808648728e-10,-8.037845627190478e-09,48.96118927001953,0.0,2.0,47.97241439328527,47.968403062502404
26.594974756240845,1.111483275119283,-3.3724365924357604,2.620363082657501,-1.73431635117169e-09,-1.8984970601728352e-10,-3.1487898685624563e-09,49.02785110473633,0.0,2.0,48.03890595035948,48.03490017219937
26.605072021484375,1.1114832751023316,-3.3724365924378152,2.620363082648009,-1.6531396908557973e-09,-2.2196640715529679e-10,9.675724296906784e-10,49.02785110473633,0.0,2.0,48.03890595037642,48.03490017221642
26.61498236656189,1.1114832750862702,-3.372436592440202,2.6203630826720565,-1.5574060407333139e-09,-2.557499323905377e-10,3.6478766565648546e-09,49.02785110473633,0.0,2.0,48.0389059503929,48.03490017223261
26.625038862228394,1.1114832750712071,-3.37243659244291,2.620363082717151,-1.454593567675301e-09,-2.8469964466214695e-10,5.201089691500689e-09,49.02785110473633,0.0,2.0,48.0389059504087,48.03490017224783
26.634972095489502,1.1114832750571821,-3.3724365924458626,2.620363082773677,-1.3505811411241422e-09,-3.0368738850901715e-10,6.003502288505466e-09,49.094512939453125,0.0,2.0,48.105397978801065,48.10139773794904
26.645033359527588,1.1114832750441854,-3.372436592448939,2.620363082835181,-1.2497389092766785e-09,-3.089303793723487e-10,6.1300787353536055e-09,49.094512939453125,0.0,2.0,48.105397978815034,48.10139773796222
26.655028104782104,1.1114832750321624,-3.372436592451992,2.620363082894416,-1.1569257994038852e-09,-2.9938548096487327e-10,5.648951870459834e-09,49.094512939453125,0.0,2.0,48.105397978828,48.10139773797442
26.665005445480347,1.1114832750210009,-3.372436592454888,2.6203630829459126,-1.0778453135232955e-09,-2.7820233638887015e-10,4.636368936621886e-09,49.16117477416992,0.0,2.0,48.17189047658597,48.16789575779196
26.675007581710815,1.1114832750105568,-3.372436592457536,2.620363082986973,-1.0135178186901525e-09,-2.512949631093835e-10,3.568515587623075e-09,49.16117477416992,0.0,2.0,48.17189047659711,48.16789575780257
26.685043573379517,1.1114832750006827,-3.372436592459909,2.620363083016809,-9.637501683096265e-10,-2.2391929947536754e-10,2.3592688093381725e-09,49.16117477416992,0.0,2.0,48.171890476607516,48.16789575781259
26.694969177246094,1.1114832749912338,-3.372436592462024,2.620363083034099,-9.283990837646142e-10,-1.9996921511678198e-10,1.1009606195006798e-09,49.227848052978516,0.0,2.0,48.2383948569322,48.23440564595475
26.705028533935547,1.1114832749820671,-3.37243659246393,2.6203630830381437,-9.07358419969676e-10,-1.823293585749462e-10,-2.908551225724205e-10,49.227848052978516,0.0,2.0,48.23839485694153,48.23440564596404
26.714993238449097,1.1114832749730394,-3.3724365924656987,2.620363083028388,-9.005095185760215e-10,-1.7309330513572634e-10,-1.6721149089134152e-09,49.227848052978516,0.0,2.0,48.23839485695054,48.23440564597317
26.725019693374634,1.111483274964016,-3.3724365924674182,2.620363083004703,-9.05816440201384e-10,-1.7169845214847514e-10,-3.056520790374628e-09,49.29451370239258,0.0,2.0,48.304892092783675,48.30090837386726
26.734955310821533,1.111483274954897,-3.3724365924691484,2.620363082967301,-9.190912108305706e-10,-1.7482060188127006e-10,-4.454894825924436e-09,49.29451370239258,0.0,2.0,48.304892092792414,48.30090837387647
26.745052099227905,1.1114832749456192,-3.37243659247092,2.620363082915476,-9.370292275344758e-10,-1.7977788437397964e-10,-5.898695071500938e-09,49.29451370239258,0.0,2.0,48.30489209280112,48.30090837388585
26.75499129295349,1.1114832749361494,-3.3724365924727424,2.620363082849526,-9.571823800683818e-10,-1.8458352181751636e-10,-7.282716834160324e-09,49.29451370239258,0.0,2.0,48.30489209280986,48.30090837389543
26.765066862106323,1.1114832749264736,-3.3724365924746054,2.620363082769746,-9.776936393149446e-10,-1.8780569743008257e-10,-8.72556629940503e-09,49.361183166503906,0.0,2.0,48.37139359737337,48.36741535576972
26.775027990341187,1.1114832749166048,-3.372436592476497,2.6203630826748756,-9.95073723533294e-10,-1.9033173030769695e-10,-1.023344704644893e-08,49.361183166503906,0.0,2.0,48.37139359738212,48.3674153557797
26.7850501537323,1.1114832749066013,-3.372436592478422,2.620363082565331,-1.00383029913779e-09,-1.954986753440111e-10,-1.1664940792015677e-08,49.361183166503906,0.0,2.0,48.37139359739083,48.36741535578981
26.794972896575928,1.1114832748965715,-3.372436592480425,2.620363082441772,-9.996753020768815e-10,-2.0598075853348818e-10,-1.3022451151851031e-08,49.427852630615234,0.0,2.0,48.43789556372765,48.433922784434166
26.80494785308838,1.1114832748866614,-3.3724365924825674,2.620363082311865,-9.79432056380484e-10,-2.2375909650400195e-10,-1.2462755448481255e-08,49.427852630615234,0.0,2.0,48.43789556373603,48.4339227844442
26.81497836112976,1.1114832748770442,-3.3724365924849304,2.620363082201067,-9.407512509317388e-10,-2.5029762388769237e-10,-9.344092521012717e-09,49.427852630615234,0.0,2.0,48.43789556374436,48.43392278445395
26.8249831199646,1.1114832748679062,-3.3724365924876007,2.6203630821279935,-8.844002379782594e-10,-2.843699542180424e-10,-5.239498967675918e-09,49.427852630615234,0.0,2.0,48.437895563752726,48.43392278446325
26.834980964660645,1.1114832748593872,-3.372436592490621,2.6203630820998103,-8.188164082868007e-10,-3.1983815441875e-10,-1.4436946073920485e-10,49.49452209472656,0.0,2.0,48.50439798996351,48.500430658037914
26.84504199028015,1.1114832748515255,-3.3724365924939934,2.6203630821227755,-7.545118136765012e-10,-3.543806148970951e-10,4.427127931402002e-09,49.49452209472656,0.0,2.0,48.504397989971885,48.50043065804599
26.855085611343384,1.1114832748442733,-3.37243659249769,2.620363082183302,-6.973502466608929e-10,-3.841902555093964e-10,7.455113566728355e-09,49.49452209472656,0.0,2.0,48.50439798998015,48.50043065805348
26.865023612976074,1.111483274837551,-3.372436592501638,2.620363082267949,-6.482846299345597e-10,-4.0276749457790194e-10,9.320855727516926e-09,49.56117248535156,0.0,2.0,48.570881848281104,48.56691994728347
26.875001430511475,1.11148327483129,-3.372436592505682,2.6203630823667736,-6.042588282118079e-10,-4.0239936359659606e-10,1.0322705212107255e-08,49.56117248535156,0.0,2.0,48.57088184828889,48.56691994729002
26.885087490081787,1.1114832748254697,-3.372436592509612,2.6203630824724446,-5.59145033626574e-10,-3.8009479777477053e-10,1.0711296316035599e-08,49.56117248535156,0.0,2.0,48.570881848296324,48.566919947296086
26.894993782043457,1.111483274820125,-3.3724365925132114,2.6203630825794755,-5.091068394757785e-10,-3.368988789595107e-10,1.0638027307538293e-08,49.627845764160156,0.0,2.0,48.637388993672246,48.63343251064604
26.905057430267334,1.1114832748153058,-3.37243659251629,2.6203630826842113,-4.5397523490905665e-10,-2.764993542563091e-10,1.0247748302187594e-08,49.627845764160156,0.0,2.0,48.6373889936786,48.63343251065106
26.914993286132812,1.1114832748110652,-3.372436592518697,2.620363082782379,-3.9316664745053553e-10,-2.0396743937502701e-10,9.36548362720743e-09,49.627845764160156,0.0,2.0,48.63738899368425,48.63343251065545
26.925040245056152,1.1114832748074617,-3.3724365925203634,2.620363082870533,-3.2666166321369784e-10,-1.2994026128191813e-10,8.186918806732375e-09,49.69451141357422,0.0,2.0,48.703888982886795,48.69993790245294
26.934972286224365,1.1114832748045294,-3.3724365925213236,2.6203630829459645,-2.6063802600792705e-10,-6.443088392672628e-11,6.9030743125142736e-09,49.69451141357422,0.0,2.0,48.703888982890746,48.69993790245593
26.94503116607666,1.1114832748022196,-3.372436592521702,2.6203630830086286,-2.0337257973541864e-10,-1.4325484501734223e-11,5.61640472602721e-09,49.69451141357422,0.0,2.0,48.70388898289388,48.69993790245827
26.955180644989014,1.1114832748004173,-3.372436592521673,2.620363083058152,-1.5945915705497143e-10,1.70876956671559e-11,4.2940450564484905e-09,49.69451141357422,0.0,2.0,48.7038889828963,48.69993790246006
26.96536087989807,1.1114832747989851,-3.3724365925214186,2.6203630830943485,-1.293798896791787e-10,3.0541939459748374e-11,2.910930762220143e-09,49.76116943359375,0.0,2.0,48.7703818139111,48.76643612075629
26.975017547607422,1.1114832747977839,-3.372436592521118,2.6203630831164015,-1.1317958482368096e-10,2.6919384561989334e-11,1.5091419346461895e-09,49.76116943359375,0.0,2.0,48.77038181391256,48.766436120757476
26.98504638671875,1.111483274797117,-3.372436592520983,2.620363083122872,-1.0998424568815551e-10,1.6992570330431547e-11,6.479018079588777e-10,49.76116943359375,0.0,2.0,48.770381813913296,48.76643612075813
26.99494171142578,1.1114832747960093,-3.3724365925209367,2.6203630831223346,-1.1307715637208685e-10,-9.434432979835965e-12,-7.463277659191536e-10,49.82785415649414,0.0,2.0,48.83690173228274,48.83296141392349
27.005027055740356,1.1114832747948324,-3.372436592521199,2.620363083107675,-1.2297325435519355e-10,-4.382037945288553e-11,-2.234552982181088e-09,49.82785415649414,0.0,2.0,48.83690173228374,48.83296141392468
27.01498246192932,1.1114832747935477,-3.372436592521815,2.62036308307774,-1.3359884000097836e-10,-7.925939733061643e-11,-3.7382351662760845e-09,49.82785415649414,0.0,2.0,48.83690173228469,48.832961413926
27.025053024291992,1.1114832747921786,-3.372436592522763,2.6203630830331632,-1.3868680257449644e-10,-1.0871769171537927e-10,-5.166618535564446e-09,49.82785415649414,0.0,2.0,48.836901732285554,48.832961413927436
27.034955263137817,1.1114832747908063,-3.372436592523954,2.6203630829740163,-1.3393965690968504e-10,-1.2735914472196904e-10,-6.701942500864411e-09,49.894508361816406,0.0,2.0,48.903391657089394,48.89945669649064
27.04505729675293,1.1114832747895336,-3.372436592525274,2.6203630828993365,-1.1920605505223847e-10,-1.3489103796353318e-10,-8.218719428608083e-09,49.894508361816406,0.0,2.0,48.903391657089806,48.899456696491995
27.055005073547363,1.1114832747884513,-3.372436592526621,2.6203630828099023,-9.582329437346346e-11,-1.3266909663620522e-10,-9.656803598184554e-09,49.894508361816406,0.0,2.0,48.90339165708984,48.89945669649317
27.064975261688232,1.1114832747876424,-3.3724365925278996,2.6203630827063944,-6.479360298724995e-11,-1.2171018048631384e-10,-1.1036590734512448e-08,49.961181640625,0.0,2.0,48.96990105522268,48.965971439397734
27.074944734573364,1.1114832747871786,-3.37243659252903,2.620363082589319,-2.6859449179560677e-11,-1.0276760099671948e-10,-1.2355795772535606e-08,49.961181640625,0.0,2.0,48.96990105522174,48.96597143939828
27.085010528564453,1.1114832747871266,-3.3724365925299304,2.6203630824660453,1.7429133066383508e-11,-7.639942648376046e-11,-1.1902815440435588e-08,49.961181640625,0.0,2.0,48.96990105522029,48.96597143939838
27.094937086105347,1.1114832747875476,-3.3724365925305335,2.6203630823553743,6.762464323635566e-11,-4.306251014711761e-11,-1.0008921263838911e-08,50.02786636352539,0.0,2.0,49.03642231452807,49.03249802992701
27.104994297027588,1.1114832747884915,-3.3724365925307773,2.620363082272739,1.214475305779026e-10,-5.2088577976824286e-12,-6.214784878650006e-09,50.02786636352539,0.0,2.0,49.0364223145261,49.03249802992609
27.11498785018921,1.111483274789974,-3.3724365925306388,2.6203630822334762,1.7452935029732306e-10,3.243762960505666e-11,-1.468003050233898e-09,50.02786636352539,0.0,2.0,49.03642231452411,49.0324980299246
27.125080585479736,1.1114832747919692,-3.372436592530139,2.6203630822412367,2.2343180573895412e-10,6.615815554559408e-11,2.7076095682203568e-09,50.02786636352539,0.0,2.0,49.036422314522184,49.03249802992258
27.134966373443604,1.111483274794421,-3.3724365925293354,2.6203630822827852,2.6560396924555224e-10,9.320124730351831e-11,5.3958307203550485e-09,50.09450912475586,0.0,2.0,49.102902158044394,49.09898318691154
27.145036935806274,1.1114832747972494,-3.3724365925283,2.6203630823455186,2.977424822684678e-10,1.1283144380754365e-10,7.009868525779093e-09,50.09450912475586,0.0,2.0,49.10290215804229,49.09898318690863
27.154998779296875,1.1114832748003236,-3.3724365925270954,2.6203630824201976,3.1403057345639555e-10,1.2760959183949507e-10,7.787414155148755e-09,50.09450912475586,0.0,2.0,49.10290215804009,49.09898318690549
27.164981603622437,1.1114832748034609,-3.372436592525757,2.6203630824994955,3.096623758375056e-10,1.3989061201305153e-10,8.000956069420168e-09,50.16120529174805,0.0,2.0,49.16943571838377,49.16552205062146
27.174999237060547,1.1114832748064363,-3.3724365925243,2.620363082578634,2.813510784122363e-10,1.512040547213346e-10,7.67085097757039e-09,50.16120529174805,0.0,2.0,49.1694357183817,49.16552205061839
27.185104608535767,1.111483274809025,-3.3724365925227398,2.6203630826512305,2.3482794126040646e-10,1.610249705437202e-10,6.826046137255237e-09,50.16120529174805,0.0,2.0,49.16943571837992,49.1655220506157
27.194929122924805,1.1114832748111263,-3.372436592521079,2.620363082713466,1.8683015675119278e-10,1.715682422916614e-10,5.6031186902308485e-09,50.22785568237305,0.0,2.0,49.23592405351278,49.23201567119597
27.204978942871094,1.1114832748128243,-3.3724365925192963,2.6203630827633067,1.5739498142966202e-10,1.8543702498284002e-10,4.366158676848451e-09,50.22785568237305,0.0,2.0,49.235924053511596,49.23201567119415
27.21495509147644,1.1114832748143924,-3.372436592517354,2.620363082800683,1.6310365896528239e-10,2.0394669756335027e-10,3.090839952612543e-09,50.22785568237305,0.0,2.0,49.235924053510374,49.232015671192464
27.224942684173584,1.1114832748162367,-3.372436592515209,2.620363082825119,2.1367881610206485e-10,2.2528728395755265e-10,1.8002711115366214e-09,50.29450607299805,0.0,2.0,49.302412826265815,49.298509715173005
27.23493218421936,1.1114832748188304,-3.3724365925128517,2.6203630828361013,3.1289187016265654e-10,2.455788648953361e-10,3.9126248185835413e-10,50.29450607299805,0.0,2.0,49.3024128262632,49.298509715170255
27.24504590034485,1.1114832748226438,-3.372436592510312,2.620363082833078,4.5676375878567925e-10,2.6152111099507395e-10,-1.0142854995577279e-09,50.29450607299805,0.0,2.0,49.302412826259186,49.298509715166276
27.254950046539307,1.111483274828088,-3.372436592507646,2.620363082815502,6.371921177507776e-10,2.7041104139429686e-10,-2.4877314379079534e-09,50.29450607299805,0.0,2.0,49.30241282625335,49.29850971516067
27.2649929523468,1.1114832748354688,-3.3724365925049336,2.6203630827834674,8.418246088671045e-10,2.701566556876383e-10,-3.9440390734088735e-09,50.36117172241211,0.0,2.0,49.3689172567954,49.36501940396489
27.274956703186035,1.1114832748449608,-3.3724365925022792,2.6203630827364837,1.0569940800927086e-09,2.5883493201244183e-10,-5.438786596642041e-09,50.36117172241211,0.0,2.0,49.36891725678517,49.36501940395525
27.285020112991333,1.1114832748565902,-3.3724365924997994,2.620363082674934,1.2667266762908584e-09,2.350349107925045e-10,-6.860551031008399e-09,50.36117172241211,0.0,2.0,49.36891725677262,49.36501940394347
27.29497456550598,1.1114832748702363,-3.372436592497624,2.6203630825992317,1.4587152331206755e-09,1.979103246512771e-10,-8.344716836477066e-09,50.42786407470703,0.0,2.0,49.435448760167844,49.431556153584
27.305042505264282,1.1114832748856764,-3.3724365924958755,2.6203630825076827,1.6243503562286675e-09,1.5091552773878648e-10,-9.945741634688369e-09,50.42786407470703,0.0,2.0,49.43544876015117,49.43155615356848
27.31495428085327,1.1114832749026105,-3.3724365924946125,2.620363082400658,1.7564818725001908e-09,1.0213140728610928e-10,-1.1428843749947767e-08,50.42786407470703,0.0,2.0,49.43544876013285,49.4315561535515
27.324950456619263,1.1114832749206751,-3.3724365924938176,2.6203630822861994,1.8495956693034375e-09,5.7988914914468386e-11,-1.0962188758360113e-08,50.494510650634766,0.0,2.0,49.50193503000446,49.49804765201269
27.33492159843445,1.1114832749394585,-3.372436592493419,2.6203630821900576,1.899606788751892e-09,2.3252218076682475e-11,-7.895229898394635e-09,50.494510650634766,0.0,2.0,49.50193502998449,49.498047651993915
27.345009088516235,1.1114832749585142,-3.3724365924933073,2.6203630821346953,1.9034892706292622e-09,1.4504670111838988e-12,-2.906266725089469e-09,50.494510650634766,0.0,2.0,49.50193502996477,49.4980476519749
27.3549907207489,1.1114832749773726,-3.372436592493342,2.6203630821339625,1.8609125156809008e-09,-6.563297150554772e-12,2.706456819359504e-09,50.494510650634766,0.0,2.0,49.501935029945955,49.498047651956085
27.36498188972473,1.1114832749956005,-3.3724365924934094,2.6203630821845603,1.7786399377742155e-09,-6.616583410975697e-12,7.131268611828765e-09,50.561180114746094,0.0,2.0,49.5684445637278,49.564562402119705
27.374961376190186,1.1114832750128354,-3.372436592493465,2.6203630822715227,1.6635773165758298e-09,-4.605275207935168e-12,1.0013326044165141e-08,50.561180114746094,0.0,2.0,49.5684445637117,49.56456240210252
27.38502597808838,1.1114832750287968,-3.3724365924935085,2.6203630823811466,1.5258899885787622e-09,-5.001159241853503e-12,1.1759345371764764e-08,50.561180114746094,0.0,2.0,49.56844456369715,49.564562402086594
27.394952297210693,1.1114832750433217,-3.372436592493579,2.620363082503809,1.3787796222398072e-09,-9.510498681366306e-12,1.2666858186086688e-08,50.627864837646484,0.0,2.0,49.634969748936385,49.63109279094806
27.40502429008484,1.1114832750563846,-3.3724365924937048,2.6203630826322013,1.2354377905560626e-09,-1.584059640431708e-11,1.2906756066638434e-08,50.627864837646484,0.0,2.0,49.634969748924966,49.63109279093503
27.41496205329895,1.1114832750680776,-3.3724365924938926,2.620363082760622,1.1062807333517478e-09,-2.1594606018752604e-11,1.2693946948814362e-08,50.627864837646484,0.0,2.0,49.63496974891492,49.631092790923375
27.42496943473816,1.1114832750785841,-3.3724365924941284,2.6203630828848117,9.990249901308484e-10,-2.4996899665668946e-11,1.21123763293169e-08,50.694515228271484,0.0,2.0,49.70146111128271,49.69758934034669
27.434937238693237,1.1114832750881511,-3.3724365924943793,2.6203630830023243,9.193868601070817e-10,-2.473182514181671e-11,1.1362760909780567e-08,50.694515228271484,0.0,2.0,49.70146111127466,49.697589340337174
27.44503378868103,1.1114832750970713,-3.372436592494603,2.6203630831104303,8.687696777559516e-10,-1.9061823030561625e-11,1.02239671004318e-08,50.694515228271484,0.0,2.0,49.701461111267115,49.69758934032828
27.454977989196777,1.1114832751055816,-3.37243659249474,2.6203630832062244,8.346581228501745e-10,-7.160695254017835e-12,8.857822445947268e-09,50.694515228271484,0.0,2.0,49.70146111125983,49.697589340319794
27.464938640594482,1.1114832751137564,-3.372436592494733,2.6203630832874825,7.982528975343207e-10,9.488189774405191e-12,7.405657127823955e-09,50.76118469238281,0.0,2.0,49.76797192722918,49.764105330995015
27.474968910217285,1.1114832751214778,-3.3724365924945374,2.620363083354533,7.412478761266571e-10,3.025378626083837e-11,6.002565842295971e-09,50.76118469238281,0.0,2.0,49.7679719272223,49.7641053309873
27.48499870300293,1.11148327512847,-3.372436592494111,2.620363083407422,6.512210282128687e-10,5.617001941477332e-11,4.585685413391591e-09,50.76118469238281,0.0,2.0,49.76797192721596,49.76410533098029
27.49493384361267,1.1114832751343717,-3.372436592493383,2.6203630834462084,5.2231773464024e-10,9.145274475492134e-11,3.140109804589509e-09,50.82785415649414,0.0,2.0,49.83448316716658,49.830621731855864
27.505059957504272,1.11148327513879,-3.372436592492236,2.6203630834702705,3.5568235706147414e-10,1.4023643603651117e-10,1.6844871452921772e-09,50.82785415649414,0.0,2.0,49.83448316716239,49.83062173185138
27.514973163604736,1.111483275141381,-3.3724365924905237,2.620363083479879,1.583938835774743e-10,2.051221506481254e-10,2.3271913170001767e-10,50.82785415649414,0.0,2.0,49.83448316715981,49.83062173184868
27.524948120117188,1.111483275141908,-3.3724365924880835,2.6203630834751235,-5.419279128053224e-11,2.852247058439286e-10,-1.1741086202390188e-09,50.89451599121094,0.0,2.0,49.90098721803899,49.89713092933853
27.534913301467896,1.1114832751402994,-3.3724365924847772,2.6203630834562714,-2.6614776807928615e-10,3.7799268739749214e-10,-2.5966394353061233e-09,50.89451599121094,0.0,2.0,49.900987218040136,49.89713092933991
27.54506516456604,1.1114832751366384,-3.3724365924804998,2.6203630834233733,-4.6220587031661186e-10,4.783485373721894e-10,-3.9748974065105165e-09,50.89451599121094,0.0,2.0,49.90098721804309,49.897130929343284
27.555036783218384,1.1114832751311507,-3.372436592475203,2.620363083376915,-6.298137594487096e-10,5.813830983204886e-10,-5.314712815282254e-09,50.89451599121094,0.0,2.0,49.900987218047625,49.8971309293484
27.56495952606201,1.111483275124163,-3.3724365924688815,2.620363083316179,-7.62020174275974e-10,6.820895761528937e-10,-6.831748563150887e-09,50.961181640625,0.0,2.0,49.96749549513945,49.96364433967602
27.57496166229248,1.1114832751160122,-3.372436592461595,2.6203630832405436,-8.635809465932257e-10,7.729266361358913e-10,-8.283304103554704e-09,50.961181640625,0.0,2.0,49.96749549514615,49.96364433968366
27.584999322891235,1.1114832751069716,-3.372436592453475,2.6203630831507194,-9.407825400884077e-10,8.478074483760756e-10,-9.673071094883906e-09,50.961181640625,0.0,2.0,49.96749549515351,49.96364433969214
27.594932079315186,1.1114832750972612,-3.372436592444708,2.6203630830472355,-9.982851232883927e-10,9.022252299518643e-10,-1.1017063963880159e-08,51.027889251708984,0.0,2.0,50.034046054129846,50.03020002150679
27.605002641677856,1.1114832750870594,-3.372436592435512,2.620363082930492,-1.039541033493241e-09,9.32841274392818e-10,-1.2327146284694912e-08,51.027889251708984,0.0,2.0,50.03404605413795,50.03020002151636
27.614925384521484,1.1114832750765165,-3.372436592426137,2.6203630828007727,-1.0671116002052292e-09,9.371856875384064e-10,-1.3616283219851227e-08,51.027889251708984,0.0,2.0,50.03404605414624,50.030200021526234
27.624946117401123,1.1114832750657533,-3.372436592416855,2.6203630826621693,-1.084060603884155e-09,9.14999903213382e-10,-1.3658892125047767e-08,51.094547271728516,0.0,2.0,50.10054755607655,50.0967066289228
27.63492512702942,1.1114832750548604,-3.372436592407905,2.620363082536283,-1.0932036581908564e-09,8.722616668916647e-10,-1.1262623752871466e-08,51.094547271728516,0.0,2.0,50.10054755608525,50.09670662893306
27.645007371902466,1.1114832750439114,-3.372436592399454,2.62036308244103,-1.0953559687097892e-09,8.157752322082163e-10,-7.465620192506875e-09,51.094547271728516,0.0,2.0,50.10054755609443,50.09670662894343
27.654991626739502,1.1114832750329715,-3.3724365923916135,2.620363082390021,-1.0921841177726e-09,7.516235237890958e-10,-2.614767719421999e-09,51.094547271728516,0.0,2.0,50.10054755610418,50.09670662895381
27.664952278137207,1.1114832750220707,-3.37243659238442,2.6203630823863886,-1.0884138091521672e-09,6.875305438289783e-10,1.575216705328467e-09,51.16119384765625,0.0,2.0,50.16703805615886,50.1632022200946
27.674957513809204,1.1114832750111914,-3.3724365923778414,2.620363082416678,-1.0882443055052016e-09,6.29862053723233e-10,4.286958183732673e-09,51.16119384765625,0.0,2.0,50.167038056169645,50.16320222010501
27.684996366500854,1.1114832750002828,-3.3724365923717894,2.620363082468024,-1.0947864973682467e-09,5.833339250812947e-10,5.836226300739342e-09,51.16119384765625,0.0,2.0,50.16703805618076,50.16320222011549
27.694962978363037,1.1114832749892656,-3.372436592366127,2.620363082531029,-1.1103449905643264e-09,5.514397623301686e-10,6.6629503294582505e-09,51.22788619995117,0.0,2.0,50.23357463948617,50.229743884541755
27.705076932907104,1.1114832749780408,-3.372436592360701,2.6203630825986997,-1.135950196775398e-09,5.36143818787915e-10,6.68712262043186e-09,51.22788619995117,0.0,2.0,50.23357463949783,50.2297438845526
27.714948654174805,1.1114832749665313,-3.372436592355364,2.6203630826628896,-1.165968466643892e-09,5.330052423095759e-10,6.016929185837056e-09,51.22788619995117,0.0,2.0,50.233574639509754,50.22974388456372
27.724987268447876,1.1114832749547394,-3.372436592350031,2.6203630827181215,-1.1906223547905484e-09,5.335691135878442e-10,5.018722226752796e-09,51.22788619995117,0.0,2.0,50.23357463952185,50.22974388457513
27.734912395477295,1.1114832749427712,-3.3724365923447115,2.620363082763078,-1.1997146873546282e-09,5.288493466840408e-10,3.964805547303612e-09,51.29450988769531,0.0,2.0,50.30004313059852,50.29621743814951
27.74502205848694,1.1114832749308223,-3.372436592339493,2.620363082796266,-1.1860618987554163e-09,5.125305417604458e-10,2.6585081988156755e-09,51.29450988769531,0.0,2.0,50.3000431306105,50.296217438161094
27.754990816116333,1.1114832749191326,-3.372436592334506,2.6203630828162825,-1.1477882664182364e-09,4.831102521011546e-10,1.3174910349849816e-09,51.29450988769531,0.0,2.0,50.30004313062207,50.29621743817241
27.764950275421143,1.1114832749079497,-3.3724365923298776,2.620363082822318,-1.0847490706120038e-09,4.406227947101952e-10,-9.987532646116672e-11,51.361183166503906,0.0,2.0,50.36656150780271,50.36274086827229
27.774946928024292,1.1114832748975205,-3.3724365923257387,2.6203630828143325,-9.970040733053237e-10,3.8524748731984933e-10,-1.508843336260741e-09,51.361183166503906,0.0,2.0,50.36656150781273,50.36274086828243
27.785022020339966,1.1114832748880819,-3.3724365923222077,2.620363082792251,-8.873793358162876e-10,3.1968109958769106e-10,-2.8984229907574128e-09,51.361183166503906,0.0,2.0,50.36656150782164,50.36274086829161
27.794923543930054,1.1114832748798302,-3.3724365923193664,2.620363082756215,-7.606454859362355e-10,2.478926059378543e-10,-4.338673911452235e-09,51.4278564453125,0.0,2.0,50.43308029408771,50.42926469417783
27.805001735687256,1.111483274872895,-3.372436592317261,2.6203630827055884,-6.260142608128662e-10,1.7238907477598558e-10,-5.775453396892602e-09,51.4278564453125,0.0,2.0,50.43308029409387,50.42926469418462
27.81496238708496,1.1114832748673007,-3.3724365923159225,2.6203630826408983,-4.943431250871726e-10,9.519819170103323e-11,-7.15427403133265e-09,51.4278564453125,0.0,2.0,50.43308029409856,50.42926469419011
27.82495141029358,1.1114832748629728,-3.3724365923153568,2.6203630825620685,-3.7340228717446274e-10,1.826320635477915e-11,-8.65288102473605e-09,51.49452209472656,0.0,2.0,50.49959187604664,50.49578130193719
27.8349347114563,1.1114832748597865,-3.3724365923155415,2.620363082468023,-2.659157514768286e-10,-5.368632296842062e-11,-1.0142457330303094e-08,51.49452209472656,0.0,2.0,50.49959187604867,50.49578130194037
27.844998121261597,1.1114832748576067,-3.372436592316398,2.620363082359457,-1.7245209271626022e-10,-1.1557407658070883e-10,-1.156039080401269e-08,51.49452209472656,0.0,2.0,50.499591876049564,50.495781301942614
27.858267784118652,1.1114832748562895,-3.3724365923178086,2.620363082236996,-9.342098899857422e-11,-1.63626909346092e-10,-1.2907855467508285e-08,51.49452209472656,0.0,2.0,50.49959187604947,50.49578130194402
27.864943981170654,1.1114832748556889,-3.3724365923196173,2.6203630821082737,-2.912593650903661e-11,-1.9504960613985733e-10,-1.2340717666493291e-08,51.56117630004883,0.0,2.0,50.56609244601644,50.56228688365903
27.874953985214233,1.1114832748556573,-3.372436592321647,2.6203630819985206,2.0342557026095532e-11,-2.0789522775498193e-10,-9.342203641480569e-09,51.56117630004883,0.0,2.0,50.56609244601526,50.56228688365919
27.88500714302063,1.1114832748560612,-3.372436592323721,2.6203630819233963,5.945082329638511e-11,-2.0498010275747208e-10,-5.55474005665339e-09,51.56117630004883,0.0,2.0,50.56609244601407,50.56228688365893
27.894937753677368,1.1114832748568357,-3.372436592325724,2.6203630818926635,9.506775730856316e-11,-1.9558098656587325e-10,-3.665101750946714e-10,51.627864837646484,0.0,2.0,50.632627673467496,50.62882711229455
27.90500020980835,1.1114832748579604,-3.372436592327644,2.6203630819132333,1.2995361074028558e-10,-1.8980152615893174e-10,4.192451177717421e-09,51.627864837646484,0.0,2.0,50.63262767346676,50.62882711229355
27.91495990753174,1.1114832748594392,-3.3724365923295574,2.620363081971455,1.6603493953617494e-10,-1.9525502901519526e-10,7.218418219452323e-09,51.627864837646484,0.0,2.0,50.632627673466125,50.6288271122922
27.924951553344727,1.1114832748612977,-3.3724365923315975,2.6203630820538457,2.070023929717102e-10,-2.1511825100871433e-10,9.093884848073492e-09,51.69450759887695,0.0,2.0,50.69911763223135,50.695322055720844
27.934886693954468,1.1114832748636092,-3.372436592333903,2.6203630821504,2.565735759646651e-10,-2.478409371796761e-10,1.0105819309782529e-08,51.69450759887695,0.0,2.0,50.69911763223038,50.6953220557187
27.945026636123657,1.1114832748664574,-3.3724365923365824,2.620363082253698,3.14254744963e-10,-2.8903682308161574e-10,1.0437315919468894e-08,51.69450759887695,0.0,2.0,50.699117632228976,50.69532205571602
27.954983472824097,1.1114832748699197,-3.3724365923397,2.6203630823577617,3.7918342866799313e-10,-3.349986870184389e-10,1.0320416630655482e-08,51.69450759887695,0.0,2.0,50.69911763222701,50.69532205571278
27.9649498462677,1.1114832748740628,-3.372436592343291,2.6203630824588475,4.5046568319979547e-10,-3.8274511315941467e-10,9.779536213963902e-09,51.761173248291016,0.0,2.0,50.76563082762498,50.761840224450395
27.97496509552002,1.11148327487893,-3.37243659234734,2.6203630825523323,5.221976246771595e-10,-4.2523628850472726e-10,8.900696234539614e-09,51.761173248291016,0.0,2.0,50.76563082762154,50.76184022444581
27.98503613471985,1.1114832748844758,-3.3724365923517485,2.620363082635397,5.84794571212913e-10,-4.5396542632238084e-10,7.671816238214042e-09,51.761173248291016,0.0,2.0,50.7656308276173,50.76184022444056
27.994951248168945,1.1114832748905705,-3.3724365923563737,2.620363082705777,6.309999638805551e-10,-4.689918767631263e-10,6.406836595016653e-09,51.8278694152832,0.0,2.0,50.83217487050164,50.828389229945834
28.0051109790802,1.1114832748970245,-3.372436592361091,2.6203630827633244,6.561358637661567e-10,-4.727580760524345e-10,5.066230898373251e-09,51.8278694152832,0.0,2.0,50.83217487049621,50.82838922993972
28.015016317367554,1.1114832749036103,-3.3724365923657977,2.620363082807096,6.567491066485767e-10,-4.670851482718508e-10,3.695933774247765e-09,51.8278694152832,0.0,2.0,50.83217487049049,50.82838922993346
28.02512216567993,1.1114832749100703,-3.3724365923704056,2.6203630828370854,6.308714553405774e-10,-4.5386594443923026e-10,2.3004663813058895e-09,51.8278694152832,0.0,2.0,50.83217487048472,50.82838922992731
28.03524684906006,1.1114832749143786,-3.372436592373543,2.6203630828498334,5.98000752256271e-10,-4.425507426157023e-10,1.345249802647911e-09,51.89451599121094,0.0,2.0,50.89866983319495,50.89488913863578
28.045368194580078,1.11148327492005,-3.3724365923778885,2.6203630828559494,5.334735752973461e-10,-4.2678985956184137e-10,-1.2398761367097998e-10,51.89451599121094,0.0,2.0,50.89866983318966,50.89488913863042
28.05531072616577,1.1114832749250105,-3.3724365923820887,2.6203630828475792,4.5766012161711506e-10,-4.1424249615459784e-10,-1.540133046217666e-09,51.89451599121094,0.0,2.0,50.89866983318488,50.894889138625736
28.065256595611572,1.1114832749291976,-3.3724365923861916,2.620363082824599,3.8000567850938564e-10,-4.0743203078086683e-10,-3.0488783327819545e-09,51.961204528808594,0.0,2.0,50.96520705855546,50.96143130021859
28.075902462005615,1.1114832749326287,-3.3724365923902635,2.62036308278686,3.075105294275765e-10,-4.0823028128234786e-10,-4.487585817846355e-09,51.961204528808594,0.0,2.0,50.96520705855185,50.96143130021543
28.085323810577393,1.111483274935382,-3.3724365923943864,2.6203630827350386,2.453606124909185e-10,-4.1802392622397887e-10,-5.876531948129134e-09,51.961204528808594,0.0,2.0,50.96520705854874,50.96143130021297
28.09528660774231,1.1114832749375807,-3.3724365923986563,2.6203630826684114,1.9658062215345337e-10,-4.370870947921248e-10,-7.435609001771059e-09,52.02785110473633,0.0,2.0,51.03170281210937,51.027931974058234
28.105313062667847,1.1114832749393544,-3.3724365924031496,2.620363082586627,1.598940503261962e-10,-4.623810697847e-10,-8.908316556683537e-09,52.02785110473633,0.0,2.0,51.031702812106914,51.02793197405676
28.11524724960327,1.1114832749408132,-3.372436592407914,2.6203630824904693,1.334061833193623e-10,-4.907799886034475e-10,-1.0313753324628606e-08,52.02785110473633,0.0,2.0,51.0317028121046,51.02793197405562
28.12533712387085,1.1114832749420516,-3.3724365924129667,2.6203630823805177,1.1571319108233715e-10,-5.199679787970148e-10,-1.1669354633751984e-08,52.02785110473633,0.0,2.0,51.03170281210236,51.02793197405472
28.13523244857788,1.1114832749431531,-3.3724365924183086,2.6203630822572506,1.0577509084644435e-10,-5.4822939917289e-10,-1.291914600010636e-08,52.09451675415039,0.0,2.0,51.09821798914005,51.094452060002055
28.14535164833069,1.1114832749441896,-3.372436592423923,2.6203630821289337,1.0241285882107877e-10,-5.73916683859785e-10,-1.2488389338263118e-08,52.09451675415039,0.0,2.0,51.09821798913783,51.09445206000139
28.155243158340454,1.1114832749452093,-3.3724365924297635,2.620363082012065,1.0146308507462364e-10,-5.92776978246657e-10,-1.052057753783889e-08,52.09451675415039,0.0,2.0,51.09821798913578,51.094452060000755
28.165269136428833,1.1114832749462118,-3.37243659243574,2.620363081925255,9.826886168797743e-11,-6.002102719125299e-10,-6.6999872730087026e-09,52.161190032958984,0.0,2.0,51.164741170092036,51.16098013768984
28.1752769947052,1.1114832749471562,-3.372436592441719,2.6203630818815538,8.936775216533688e-11,-5.927972585942163e-10,-1.7783801287285258e-09,52.161190032958984,0.0,2.0,51.164741170090956,51.1609801376893
28.185317993164062,1.1114832749479722,-3.372436592447539,2.620363081887339,7.278465152756917e-11,-5.685485825191302e-10,2.6431986689413525e-09,52.161190032958984,0.0,2.0,51.164741170090586,51.16098013768886
28.195246934890747,1.111483274948592,-3.3724365924530386,2.6203630819294816,5.0418577846500273e-11,-5.292575114794683e-10,5.557396597716704e-09,52.22786331176758,0.0,2.0,51.231264741289024,51.227508592929084
28.20527720451355,1.1114832749489627,-3.372436592458093,2.620363081994835,2.265426461146415e-11,-4.798599628686135e-10,7.35858742259717e-09,52.22786331176758,0.0,2.0,51.231264741289785,51.22750859292905
28.215245723724365,1.111483274949023,-3.3724365924626283,2.620363082073702,-1.1523551240119414e-11,-4.2762424058673465e-10,8.306970388387764e-09,52.22786331176758,0.0,2.0,51.23126474129097,51.22750859292928
28.225287914276123,1.1114832749487198,-3.372436592466666,2.6203630821591113,-4.9497699494159695e-11,-3.8128461486408625e-10,8.695121018264277e-09,52.29452133178711,0.0,2.0,51.297773476552386,51.2940221984782
28.235222578048706,1.1114832749480297,-3.3724365924702986,2.6203630822456643,-8.839592080242333e-11,-3.4770026440519323e-10,8.483008848803686e-09,52.29452133178711,0.0,2.0,51.29777347655436,51.294022198479134
28.245341539382935,1.111483274946972,-3.372436592473661,2.620363082327272,-1.2112426020413362e-10,-3.265318802554479e-10,7.69514248720751e-09,52.29452133178711,0.0,2.0,51.29777347655662,51.29402219848041
28.255348920822144,1.1114832749456627,-3.3724365924768387,2.6203630823984594,-1.3713738168393677e-10,-3.0825844472619156e-10,6.539663784148265e-09,52.29452133178711,0.0,2.0,51.297773476559,51.294022198481926
28.265238761901855,1.1114832749443073,-3.372436592479796,2.620363082458012,-1.2951594612225996e-10,-2.8043568532186034e-10,5.3692373526619205e-09,52.3611946105957,0.0,2.0,51.364297823604765,51.36055140434039
28.275310516357422,1.111483274943165,-3.3724365924823867,2.6203630825054423,-9.415957876999308e-11,-2.342773324207575e-10,4.115131943230874e-09,52.3611946105957,0.0,2.0,51.36429782360664,51.360551404341706
28.28530263900757,1.1114832749425154,-3.3724365924844104,2.620363082540272,-3.132744198377729e-11,-1.6685128566348344e-10,2.818030144021023e-09,52.3611946105957,0.0,2.0,51.36429782360784,51.36055140434248
28.29526710510254,1.1114832749426156,-3.372436592485661,2.6203630825615294,5.4344269872832335e-11,-8.08072249102828e-11,1.4412260205785337e-09,52.4278678894043,0.0,2.0,51.43082255636109,51.42708098336611
28.305290460586548,1.1114832749436483,-3.3724365924859927,2.620363082569063,1.5357274283698869e-10,1.5546748779992838e-11,5.496936522133355e-11,52.4278678894043,0.0,2.0,51.43082255636017,51.427080983365094
28.315271139144897,1.1114832749456984,-3.372436592485351,2.620363082562748,2.5614298570074623e-10,1.1243408525242053e-10,-1.3104474083301477e-09,52.4278678894043,0.0,2.0,51.43082255635802,51.427080983363005
28.325278759002686,1.1114832749487513,-3.3724365924837745,2.620363082542637,3.527199439126033e-10,2.0069433907157336e-10,-2.740135964742297e-09,52.4278678894043,0.0,2.0,51.43082255635462,51.42708098335986
28.33522343635559,1.1114832749527102,-3.3724365924813875,2.6203630825080757,4.363567579235319e-10,2.735073455941811e-10,-4.16175274331059e-09,52.4945182800293,0.0,2.0,51.49732483593077,51.49358809505542
28.345321655273438,1.111483274957418,-3.3724365924783712,2.620363082459581,5.019070698168383e-10,3.2582060414056226e-10,-5.52934056982192e-09,52.4945182800293,0.0,2.0,51.4973248359253,51.493588095050534
28.35530734062195,1.1114832749626766,-3.372436592474949,2.6203630823967505,5.464786818393443e-10,3.5488964722109536e-10,-7.085525135591426e-09,52.4945182800293,0.0,2.0,51.49732483591906,51.493588095045055
28.3652560710907,1.1114832749682915,-3.372436592471335,2.6203630823181028,5.741374261400377e-10,3.654172856514264e-10,-8.627748951129707e-09,52.561279296875,0.0,2.0,51.56393787929652,51.56020596609412
28.37535262107849,1.1114832749741228,-3.3724365924676825,2.6203630822244794,5.904921216903668e-10,3.637048753319905e-10,-1.0084684657159996e-08,52.561279296875,0.0,2.0,51.56393787928934,51.56020596608806
28.385299682617188,1.1114832749800785,-3.3724365924640867,2.6203630821166173,5.997120595792057e-10,3.5443595751940214e-10,-1.1478437318357663e-08,52.561279296875,0.0,2.0,51.56393787928186,51.56020596608187
28.39523673057556,1.1114832749861034,-3.3724365924606077,2.6203630819951096,6.048859276506011e-10,3.4108018440590407e-10,-1.2756492035141827e-08,52.62787628173828,0.0,2.0,51.630387635091544,51.62666052531688
28.40530753135681,1.1114832749921704,-3.3724365924572703,2.6203630818691406,6.083018836748851e-10,3.2620793694022984e-10,-1.2094891163819755e-08,52.62787628173828,0.0,2.0,51.63038763508377,51.62666052531061
28.415257692337036,1.1114832749982697,-3.372436592454082,2.6203630817571737,6.116550375464051e-10,3.117234010799668e-10,-1.0021182093739129e-08,52.62787628173828,0.0,2.0,51.630387635076126,51.62666052530431
28.425281524658203,1.1114832750044072,-3.372436592451029,2.6203630816757144,6.162011571922542e-10,2.9903723326402575e-10,-6.011567313442783e-09,52.694515228271484,0.0,2.0,51.6968796390554,51.69315732340088
28.435214042663574,1.1114832750106003,-3.372436592448091,2.620363081639054,6.228705379812113e-10,2.891944733085388e-10,-1.162405553286486e-09,52.694515228271484,0.0,2.0,51.696879639048596,51.693157323394516
28.44529628753662,1.111483275016874,-3.372436592445233,2.6203630816491166,6.323523596032112e-10,2.8296930429032857e-10,2.869906449378416e-09,52.694515228271484,0.0,2.0,51.696879639042265,51.69315732338807
28.455265522003174,1.111483275023259,-3.3724365924424164,2.620363081691809,6.45153699487218e-10,2.8093147824846807e-10,5.467090634953874e-09,52.694515228271484,0.0,2.0,51.69687963903622,51.69315732338151
28.465271711349487,1.1114832750297858,-3.3724365924396014,2.6203630817549017,6.603473319969661e-10,2.82089491348769e-10,7.013686612087057e-09,52.76118850708008,0.0,2.0,51.76340627780318,51.75968874643384
28.475518703460693,1.1114832750364607,-3.3724365924367774,2.620363081829475,6.737320770344101e-10,2.827158238721573e-10,7.78601642550914e-09,52.76118850708008,0.0,2.0,51.76340627779722,51.75968874642699
28.485289335250854,1.1114832750432322,-3.372436592433953,2.620363081908901,6.784478591454513e-10,2.825846697880792e-10,8.026840034101407e-09,52.76118850708008,0.0,2.0,51.76340627779123,51.75968874642004
28.495230197906494,1.111483275049979,-3.3724365924311273,2.620363081988641,6.678869388305758e-10,2.829419156600384e-10,7.806472344390726e-09,52.82786560058594,0.0,2.0,51.82993709975415,51.826224340684675
28.505282163619995,1.1114832750565327,-3.372436592428293,2.6203630820633004,6.405733367225815e-10,2.842036331216766e-10,7.0583248586361465e-09,52.82786560058594,0.0,2.0,51.829937099748314,51.82622434067795
28.51525092124939,1.111483275062759,-3.3724365924254345,2.620363082128302,6.041421076656939e-10,2.8811887488272237e-10,5.937332428494053e-09,52.82786560058594,0.0,2.0,51.82993709974269,51.82622434067155
28.525291919708252,1.1114832750686292,-3.372436592422518,2.620363082181968,5.713386128617094e-10,2.9622960525995585e-10,4.7924539479531275e-09,52.8945198059082,0.0,2.0,51.896445458989874,51.89273745837828
28.535245180130005,1.111483275074233,-3.3724365924194943,2.6203630822239177,5.523683048820221e-10,3.091050687536331e-10,3.578012968143304e-09,52.8945198059082,0.0,2.0,51.89644545898459,51.89273745837249
28.545310735702515,1.1114832750797379,-3.3724365924163284,2.620363082253501,5.519678962264743e-10,3.241033664023772e-10,2.3398813538245407e-09,52.8945198059082,0.0,2.0,51.89644545897924,51.89273745836679
28.55529761314392,1.1114832750853392,-3.372436592413018,2.6203630822700164,5.718788273449976e-10,3.373495340492942e-10,9.630127818596471e-10,52.8945198059082,0.0,2.0,51.89644545897363,51.89273745836099
28.565269708633423,1.111483275091247,-3.3724365924095965,2.6203630822728834,6.133436607532103e-10,3.459539630745943e-10,-3.991449183711683e-10,52.961181640625,0.0,2.0,51.962961804736494,51.959258550971036
28.57530426979065,1.1114832750976757,-3.3724365924061153,2.6203630822619597,6.755236913062113e-10,3.493974228333976e-10,-1.7774286038820567e-09,52.961181640625,0.0,2.0,51.96296180472972,51.9592585509644
28.585299730300903,1.1114832751048136,-3.3724365924026167,2.620363082237347,7.546120747628883e-10,3.502312956379482e-10,-3.192414759750179e-09,52.961181640625,0.0,2.0,51.96296180472208,51.959258550957045
28.595255851745605,1.1114832751128085,-3.3724365923991075,2.6203630821977937,8.456905044808787e-10,3.522794997430257e-10,-4.703266085831018e-09,53.02787780761719,0.0,2.0,52.02951278051868,52.025814263924815
28.605327367782593,1.1114832751217452,-3.3724365923955464,2.620363082143537,9.419461382894205e-10,3.61295927875352e-10,-6.136960499401054e-09,53.02787780761719,0.0,2.0,52.02951278050889,52.02581426391567
28.615267276763916,1.1114832751316468,-3.372436592391842,2.6203630820749266,1.037757953102373e-09,3.8160052466951184e-10,-7.65334622120618e-09,53.02787780761719,0.0,2.0,52.02951278049795,52.02581426390555
28.625253915786743,1.1114832751424684,-3.372436592387883,2.6203630819902903,1.1241306664567847e-09,4.111519504338948e-10,-9.254858140050691e-09,53.094512939453125,0.0,2.0,52.096003224851856,52.092309429034515
28.635234594345093,1.1114832751540593,-3.37243659238361,2.6203630818902113,1.1899151142331782e-09,4.4357152637983923e-10,-1.0686824925153234e-08,53.094512939453125,0.0,2.0,52.096003224838825,52.092309429022684
28.645334482192993,1.1114832751661694,-3.3724365923790187,2.620363081784693,1.226663564538901e-09,4.739295870330165e-10,-9.930216091229902e-09,53.094512939453125,0.0,2.0,52.09600322482518,52.092309429010285
28.655258417129517,1.1114832751784756,-3.3724365923741515,2.6203630816999985,1.2281177822807395e-09,4.985741469497507e-10,-6.648454132251263e-09,53.094512939453125,0.0,2.0,52.096003224811575,52.09230942899769
28.665242671966553,1.1114832751905992,-3.372436592369077,2.6203630816579295,1.1896455804115071e-09,5.147960358894337e-10,-1.5132348904093535e-09,53.16118240356445,0.0,2.0,52.16252829643973,52.15883921181329
28.67564845085144,1.1114832752021304,-3.372436592363897,2.620363081671007,1.110323114572203e-09,5.182773541732072e-10,4.085260350758631e-09,53.16118240356445,0.0,2.0,52.16252829642804,52.15883921180144
28.685283184051514,1.111483275212693,-3.3724365923587825,2.6203630817364463,9.97334909154456e-10,5.005899181780041e-10,8.710875364704012e-09,53.16118240356445,0.0,2.0,52.16252829641796,52.158839211790585
28.695284605026245,1.1114832752219983,-3.372436592353968,2.620363081840071,8.605673788351388e-10,4.58043672365345e-10,1.177865967394998e-08,53.227848052978516,0.0,2.0,52.22904992981337,52.225365544126426
28.705269813537598,1.111483275229861,-3.3724365923497026,2.6203630819682657,7.105556492270938e-10,3.9138889683707257e-10,1.3692667306546564e-08,53.227848052978516,0.0,2.0,52.22904992980678,52.22536554411831
28.715250492095947,1.1114832752362023,-3.3724365923462076,2.620363082110958,5.584954147957089e-10,3.0486063719900114e-10,1.4733154246992175e-08,53.227848052978516,0.0,2.0,52.22904992980192,52.22536554411175
28.725264310836792,1.1114832752410633,-3.3724365923436475,2.6203630822606954,4.1639652546696425e-10,2.056279108249108e-10,1.51236396055708e-08,53.29454803466797,0.0,2.0,52.295606188376404,52.29192649210699
28.735231637954712,1.111483275244605,-3.3724365923421065,2.620363082411964,2.966991045194489e-10,1.0302813238222307e-10,1.5051529346768767e-08,53.29454803466797,0.0,2.0,52.29560618837457,52.29192649210336
28.745303630828857,1.1114832752470982,-3.3724365923415642,2.6203630825606474,2.0730653472898167e-10,7.49067630877431e-12,1.4644756036524107e-08,53.29454803466797,0.0,2.0,52.29560618837381,52.291926492100835
28.755271673202515,1.111483275248863,-3.372436592341898,2.6203630827041273,1.5145569308805808e-10,-7.08472828983641e-11,1.3990612063094306e-08,53.29454803466797,0.0,2.0,52.29560618837377,52.29192649209909
28.76523447036743,1.111483275250233,-3.372436592342902,2.620363082838786,1.2658888378237253e-10,-1.260574011209731e-10,1.2929670372726781e-08,53.36117935180664,0.0,2.0,52.3620942955535,52.35841927199375
28.775286197662354,1.1114832752514463,-3.3724365923443558,2.620363082961721,1.171565882487991e-10,-1.6220321485057305e-10,1.1597368914305415e-08,53.36117935180664,0.0,2.0,52.362094295553845,52.358419271992645
28.785308122634888,1.1114832752525596,-3.3724365923461224,2.6203630830707727,1.0311590580623102e-10,-1.9086278854519028e-10,1.0221003104164092e-08,53.36117935180664,0.0,2.0,52.36209429555414,52.35841927199164
28.79524040222168,1.111483275253434,-3.372436592348187,2.620363083166203,6.707800969323753e-11,-2.234025290854631e-10,8.836615553675038e-09,53.427860260009766,0.0,2.0,52.42863225123755,52.424961892027646
28.80532455444336,1.1114832752537955,-3.3724365923506303,2.6203630832473044,-1.4598360074261716e-13,-2.6776613834171134e-10,7.395149072074011e-09,53.427860260009766,0.0,2.0,52.42863225123831,52.42496189202745
28.8152494430542,1.1114832752533255,-3.372436592353601,2.620363083313897,-9.889051279354608e-11,-3.2917522316648254e-10,5.902001391349796e-09,53.427860260009766,0.0,2.0,52.42863225123976,52.4249618920281
28.825237274169922,1.1114832752517332,-3.3724365923572632,2.6203630833655454,-2.2300613973810687e-10,-4.0523733971529356e-10,4.436146135378822e-09,53.49452590942383,0.0,2.0,52.49515534349969,52.49148963577774
28.8352153301239,1.111483275248811,-3.372436592361735,2.62036308340212,-3.6289481336900696e-10,-4.903489499075021e-10,2.891637241867266e-09,53.49452590942383,0.0,2.0,52.49515534350333,52.49148963578095
28.845296144485474,1.111483275244469,-3.372436592367084,2.6203630834236638,-5.046683925907856e-10,-5.800631243552165e-10,1.421025049237848e-09,53.49452590942383,0.0,2.0,52.495155343508266,52.491489635785626
28.855284929275513,1.1114832752387511,-3.37243659237334,2.620363083430054,-6.364455589650642e-10,-6.712618449378742e-10,-1.2594625519672948e-10,53.49452590942383,0.0,2.0,52.49515534351444,52.49148963579172
28.865269660949707,1.1114832752318033,-3.3724365923805064,2.620363083421429,-7.494242275206828e-10,-7.61635401985438e-10,-1.5863990529426739e-09,53.561180114746094,0.0,2.0,52.561667377299344,52.55800630852147
28.875264644622803,1.111483275223847,-3.3724365923885635,2.6203630833985154,-8.37083908651914e-10,-8.494724871753113e-10,-3.0128539931130092e-09,53.561180114746094,0.0,2.0,52.56166737730753,52.55800630852992
28.885311365127563,1.1114832752151587,-3.3724365923974786,2.6203630833604543,-8.956880514606482e-10,-9.324970618078443e-10,-4.581605383435205e-09,53.561180114746094,0.0,2.0,52.56166737731633,52.55800630853916
28.895243644714355,1.1114832752060275,-3.3724365924071806,2.6203630833071894,-9.259596198258843e-10,-1.0058053363672665e-09,-6.058193226049201e-09,53.62786102294922,0.0,2.0,52.62820641698322,52.62454997730112
28.905349016189575,1.11148327519673,-3.372436592417547,2.6203630832395177,-9.29132573614151e-10,-1.0651208138554223e-09,-7.466504592566096e-09,53.62786102294922,0.0,2.0,52.62820641699236,52.62454997731106
28.915262699127197,1.1114832751875325,-3.372436592428425,2.6203630831580287,-9.061210517667795e-10,-1.1072753872844468e-09,-8.824235453107499e-09,53.62786102294922,0.0,2.0,52.62820641700128,52.62454997732094
28.925289154052734,1.1114832751786938,-3.3724365924396276,2.620363083063159,-8.576022638808966e-10,-1.1299220630254233e-09,-1.0144495009833873e-08,53.62786102294922,0.0,2.0,52.6282064170097,52.62454997733048
28.935224533081055,1.1114832751704657,-3.372436592450952,2.6203630829551003,-7.840928729580186e-10,-1.1313383907116944e-09,-1.1516494964244e-08,53.694515228271484,0.0,2.0,52.69471916905563,52.691067344958434
28.94531750679016,1.1114832751630899,-3.372436592462183,2.620363082832475,-6.875970739495101e-10,-1.1120075671609204e-09,-1.2995499953561538e-08,53.694515228271484,0.0,2.0,52.69471916906226,52.69106734496651
28.955251455307007,1.1114832751567751,-3.3724365924731323,2.620363082695394,-5.725606963574766e-10,-1.0755002481799956e-09,-1.4391633776290765e-08,53.694515228271484,0.0,2.0,52.69471916906765,52.69106734497352
28.965240955352783,1.1114832751516823,-3.372436592483652,2.6203630825520086,-4.4455393420741217e-10,-1.0268991329560406e-09,-1.3836821653360109e-08,53.76118087768555,0.0,2.0,52.76124369802873,52.75759647869284
28.975293397903442,1.1114832751478994,-3.3724365924936484,2.620363082423995,-3.1214222158487323e-10,-9.712555449330686e-10,-1.142340602120849e-08,53.76118087768555,0.0,2.0,52.76124369803164,52.75759647869725
28.98531174659729,1.1114832751454211,-3.3724365925030577,2.6203630823286788,-1.850423334494196e-10,-9.096097758475917e-10,-7.491121873029935e-09,53.76118087768555,0.0,2.0,52.76124369803359,52.75759647870033
28.995245933532715,1.1114832751441552,-3.3724365925118214,2.6203630822790576,-7.079154203010005e-11,-8.424201284596709e-10,-2.36839923201254e-09,53.82786560058594,0.0,2.0,52.827787616050315,52.82414499121272
29.005297899246216,1.1114832751439432,-3.372436592519888,2.620363082276557,2.5026400433125084e-11,-7.700261231933607e-10,1.6091909501141908e-09,53.82786560058594,0.0,2.0,52.827787616051,52.824144991213444
29.015274047851562,1.1114832751445798,-3.372436592527205,2.6203630823067723,9.827494949438349e-11,-6.926792824125076e-10,4.241433532053729e-09,53.82786560058594,0.0,2.0,52.8277876160512,52.82414499121328
29.02525568008423,1.1114832751458263,-3.3724365925337283,2.6203630823567883,1.4754403653859342e-10,-6.115945181487212e-10,5.568669226889084e-09,53.8945198059082,0.0,2.0,52.894301435338065,52.8906633913629
29.03524136543274,1.111483275147481,-3.372436592539439,2.6203630824150848,1.8195256974539332e-10,-5.306175798114224e-10,5.914588235627456e-09,53.8945198059082,0.0,2.0,52.894301435337475,52.89066339136161
29.045289754867554,1.111483275149462,-3.3724365925443403,2.6203630824735575,2.152498125128865e-10,-4.4941178705807494e-10,5.728746565571114e-09,53.8945198059082,0.0,2.0,52.894301435336494,52.89066339135996
29.05529761314392,1.1114832751518207,-3.372436592548419,2.6203630825287636,2.59101746209854e-10,-3.6612779719493653e-10,5.2637708954649755e-09,53.8945198059082,0.0,2.0,52.894301435335045,52.89066339135786
29.06524634361267,1.1114832751547044,-3.372436592551653,2.6203630825779145,3.2085939662130327e-10,-2.807966560026391e-10,4.5418635911365966e-09,53.9611930847168,0.0,2.0,52.96083464108105,52.95720116778931
29.075259923934937,1.1114832751583066,-3.372436592554037,2.6203630826190922,4.0277906367720166e-10,-1.9690184905021045e-10,3.6556662804019726e-09,53.9611930847168,0.0,2.0,52.960834641078094,52.95720116778587
29.085310697555542,1.1114832751628245,-3.3724365925556117,2.6203630826506488,5.038072608294735e-10,-1.1998054681122407e-10,2.645803767231402e-09,53.9611930847168,0.0,2.0,52.96083464107405,52.95720116778145
29.095232725143433,1.111483275168435,-3.372436592556479,2.6203630826716,6.20357868266213e-10,-5.635897530614315e-11,1.5242630110403494e-09,54.02785873413086,0.0,2.0,53.0273605852586,53.02373167068397
29.105277061462402,1.1114832751752637,-3.3724365925567867,2.6203630826810445,7.463624867125584e-10,-7.823529575590623e-12,3.6207365176879303e-10,54.02785873413086,0.0,2.0,53.027360585251905,53.02373167067718
29.115262985229492,1.1114832751833728,-3.372436592556685,2.620363082677984,8.753443731248264e-10,2.612840092099851e-11,-1.0041121043714219e-09,54.02785873413086,0.0,2.0,53.02736058524377,53.02373167066907
29.125264644622803,1.1114832751927537,-3.372436592556304,2.620363082661087,9.99202959954153e-10,4.891299864912477e-11,-2.367525138829936e-09,54.09451675415039,0.0,2.0,53.09387926642286,53.09025489864556
29.135245084762573,1.1114832752033155,-3.372436592555734,2.620363082630762,1.1103646220161266e-09,6.451045149286827e-11,-3.691994562481592e-09,54.09451675415039,0.0,2.0,53.09387926641193,53.09025489863498
29.145323038101196,1.1114832752149022,-3.372436592555028,2.620363082586398,1.2039593127379534e-09,7.669803236832621e-11,-5.192017380301161e-09,54.09451675415039,0.0,2.0,53.09387926639981,53.09025489862337
29.15524458885193,1.1114832752273345,-3.3724365925541897,2.6203630825271755,1.279621009563727e-09,9.179127186348075e-11,-6.640962388924847e-09,54.09451675415039,0.0,2.0,53.09387926638665,53.09025489861091
29.16524863243103,1.1114832752404364,-3.3724365925531625,2.620363082453783,1.337953280172624e-09,1.1541788281580122e-10,-8.028795440029956e-09,54.16118240356445,0.0,2.0,53.16040591013734,53.15678607832206
29.17530608177185,1.111483275254037,-3.372436592551839,2.6203630823667496,1.3794034327037707e-09,1.5174716962303278e-10,-9.371355578280271e-09,54.16118240356445,0.0,2.0,53.16040591012267,53.15678607830839
29.185274600982666,1.111483275267969,-3.372436592550076,2.6203630822664685,1.4043028412801247e-09,2.038678294784772e-10,-1.0680376502437828e-08,54.16118240356445,0.0,2.0,53.160405910107485,53.15678607829439
29.195265293121338,1.1114832752820685,-3.3724365925477016,2.6203630821532493,1.4128969932383684e-09,2.7406802492909677e-10,-1.193010499271099e-08,54.22785186767578,0.0,2.0,53.22693670847011,53.22332140156028
29.205309629440308,1.111483275296173,-3.372436592544528,2.6203630820326533,1.4051204637146423e-09,3.637745734522501e-10,-1.1754465519729098e-08,54.22785186767578,0.0,2.0,53.22693670845443,53.223321401546
29.215248107910156,1.1114832753101072,-3.372436592540368,2.6203630819266595,1.3781011087192835e-09,4.70980882530415e-10,-9.196514774015445e-09,54.22785186767578,0.0,2.0,53.22693670843903,53.22332140153183
29.225266218185425,1.1114832753236579,-3.3724365925350623,2.6203630818526955,1.3279438421569448e-09,5.922823993392683e-10,-5.27973395683354e-09,54.294525146484375,0.0,2.0,53.293471660172685,53.28986086715093
29.235224962234497,1.1114832753365815,-3.372436592528486,2.6203630818239705,1.2528257764973599e-09,7.24114759041933e-10,-3.916444690351645e-10,54.294525146484375,0.0,2.0,53.29347166015904,53.289860867137605
29.245315551757812,1.111483275348638,-3.3724365925205633,2.620363081841478,1.1549784582374709e-09,8.605359672832355e-10,3.610822083316772e-09,54.294525146484375,0.0,2.0,53.29347166014671,53.28986086712508
29.255297660827637,1.1114832753596215,-3.372436592511282,2.6203630818916017,1.0392132785856474e-09,9.942332071884956e-10,6.222570758025064e-09,54.294525146484375,0.0,2.0,53.293471660135744,53.289860867113525
29.26526117324829,1.1114832753693835,-3.372436592500711,2.6203630819619153,9.116953801238661e-10,1.1173919181160563e-09,7.697762361955753e-09,54.361209869384766,0.0,2.0,53.3600183776326,53.35641208803143
29.275448083877563,1.1114832753778319,-3.3724365924889876,2.620363082043247,7.77124131001559e-10,1.2241011599722786e-09,8.469609181401466e-09,54.361209869384766,0.0,2.0,53.36001837762437,53.35641208802226
29.28529191017151,1.1114832753849142,-3.3724365924762987,2.62036308212918,6.391196931000272e-10,1.3101325761812095e-09,8.550627485558631e-09,54.361209869384766,0.0,2.0,53.3600183776175,53.356412088014395
29.295250415802002,1.111483275390631,-3.3724365924628423,2.620363082211937,5.064044828200242e-10,1.378994670492076e-09,7.849071165809757e-09,54.427860260009766,0.0,2.0,53.42653117777701,53.42292937808828
29.305322647094727,1.1114832753951107,-3.3724365924487207,2.6203630822852433,3.941482068642462e-10,1.446975705783257e-09,6.803605437075304e-09,54.427860260009766,0.0,2.0,53.4265311777725,53.42292937808291
29.31523871421814,1.1114832753986172,-3.3724365924338477,2.620363082347865,3.130852638691124e-10,1.5314301045206082e-09,5.714678595637368e-09,54.427860260009766,0.0,2.0,53.42653117776879,53.42292937807847
29.32524609565735,1.1114832754015012,-3.3724365924179938,2.6203630823990682,2.70226783703431e-10,1.644633211262788e-09,4.520949536429849e-09,54.49451446533203,0.0,2.0,53.493048127293875,53.48945080663079
29.335243225097656,1.1114832754041557,-3.372436592400841,2.6203630824381907,2.674699435037905e-10,1.7921018973419515e-09,3.268575623163515e-09,54.49451446533203,0.0,2.0,53.4930481272906,53.48945080662706
29.34531331062317,1.1114832754069743,-3.37243659238204,2.6203630824641255,3.0177600429139356e-10,1.9731013293473145e-09,1.9249067226523997e-09,54.49451446533203,0.0,2.0,53.49304812728691,53.48945080662306
29.355239868164062,1.1114832754102872,-3.3724365923612893,2.620363082476501,3.6489432338792766e-10,2.1805778538310635e-09,5.186677259834516e-10,54.49451446533203,0.0,2.0,53.493048127282435,53.48945080661845
29.365257501602173,1.1114832754143278,-3.372436592338379,2.6203630824745794,4.4481063158253744e-10,2.4029024469780764e-09,-8.929147886256208e-10,54.56118392944336,0.0,2.0,53.55958064556473,53.55598779384668
29.37530207633972,1.111483275419196,-3.3724365923132265,2.620363082458509,5.286855536543181e-10,2.6268571246857827e-09,-2.3494658535239334e-09,54.56118392944336,0.0,2.0,53.5595806455581,53.55598779384024
29.385287046432495,1.1114832754248818,-3.3724365922858883,2.620363082427711,6.068678200857077e-10,2.8369161825297178e-09,-3.798320791076963e-09,54.56118392944336,0.0,2.0,53.55958064555035,53.55598779383284
29.395233631134033,1.1114832754312922,-3.3724365922565855,2.620363082382745,6.727056332263803e-10,3.0175718941283446e-09,-5.186087136151656e-09,54.62785720825195,0.0,2.0,53.626117310879984,53.6225289172963
29.40528130531311,1.1114832754382793,-3.3724365922256716,2.620363082323435,7.215245261916539e-10,3.1577952931906816e-09,-6.735850779728427e-09,54.62785720825195,0.0,2.0,53.62611731087037,53.622528917287376
29.415257930755615,1.1114832754456554,-3.37243659219357,2.6203630822481956,7.501120872860472e-10,3.2552698173719687e-09,-8.294687413606633e-09,54.62785720825195,0.0,2.0,53.626117310860124,53.622528917278004
29.4252507686615,1.1114832754532027,-3.3724365921607022,2.620363082157839,7.552722814099115e-10,3.31194009504634e-09,-9.763930207559011e-09,54.69451141357422,0.0,2.0,53.69263528057193,53.68905133282589
29.435315132141113,1.111483275460674,-3.372436592127463,2.6203630820531845,7.345768533386135e-10,3.32932571353864e-09,-1.1097909550255443e-08,54.69451141357422,0.0,2.0,53.692635280561184,53.68905133281635
29.445300340652466,1.1114832754678015,-3.372436592094241,2.620363081943938,6.862269046092151e-10,3.308552410593227e-09,-1.0268709738863067e-08,54.69451141357422,0.0,2.0,53.69263528055071,53.68905133280713
29.45526933670044,1.1114832754743016,-3.3724365920614163,2.62036308185596,6.088897765444744e-10,3.250454152651366e-09,-7.068263720223901e-09,54.69451141357422,0.0,2.0,53.692635280541154,53.68905133279859
29.46524167060852,1.1114832754798787,-3.3724365920293553,2.6203630818044035,5.017020200339779e-10,3.1557830881427925e-09,-3.102028750846126e-09,54.76118850708008,0.0,2.0,53.759176429314046,53.755596917947514
29.475271463394165,1.1114832754842467,-3.3724365919984063,2.6203630817990784,3.682392044739914e-10,3.029669825411524e-09,2.2318139986771744e-09,54.76118850708008,0.0,2.0,53.75917642930767,53.75559691794122
29.485329151153564,1.1114832754871826,-3.3724365919688344,2.620363081845245,2.1677071364019438e-10,2.8820133336646916e-09,6.706713065113799e-09,54.76118850708008,0.0,2.0,53.75917642930342,53.75559691793643
29.495235443115234,1.1114832754885553,-3.3724365919408004,2.6203630819282293,5.700639994379062e-11,2.724035209222949e-09,9.660412247887303e-09,54.827850341796875,0.0,2.0,53.825702686750446,53.822127599798904
29.505303859710693,1.111483275488331,-3.372436591914347,2.620363082034747,-1.004459495690571e-10,2.5677533069288765e-09,1.1469467480724718e-08,54.827850341796875,0.0,2.0,53.82570268675023,53.82212759979747
29.51525378227234,1.1114832754865878,-3.3724365918893993,2.6203630821544692,-2.4532815948056536e-10,2.4246743154191286e-09,1.23691852085706e-08,54.827850341796875,0.0,2.0,53.8257026867518,53.822127599797646
29.525267601013184,1.111483275483492,-3.3724365918657795,2.6203630822801376,-3.701662989352264e-10,2.303186420732943e-09,1.2669416958672648e-08,54.89445114135742,0.0,2.0,53.892168367784556,53.8885976903072
29.53524613380432,1.1114832754792612,-3.3724365918432517,2.6203630824065245,-4.722472164045449e-10,2.206440139267928e-09,1.2553380626367728e-08,54.89445114135742,0.0,2.0,53.892168367788834,53.88859769031002
29.545312881469727,1.1114832754741235,-3.3724365918215673,2.620363082530085,-5.512961364282852e-10,2.134704403669828e-09,1.2052823934438942e-08,54.89445114135742,0.0,2.0,53.89216836779403,53.88859769031378
29.555265426635742,1.1114832754683053,-3.372436591800498,2.62036308264625,-6.095535280999297e-10,2.0805906884767193e-09,1.1159823470300434e-08,54.89445114135742,0.0,2.0,53.892168367799854,53.88859769031828
29.565269470214844,1.1114832754619723,-3.372436591779957,2.620363082751636,-6.5638306156946e-10,2.0262318686162205e-09,9.901191855123043e-09,54.96117401123047,0.0,2.0,53.95875620562365,53.95518993482914
29.575287580490112,1.1114832754551682,-3.3724365917600245,2.6203630828443165,-7.062252867284921e-10,1.95690007877516e-09,8.637781567470986e-09,54.96117401123047,0.0,2.0,53.95875620563026,53.955189934834685
29.585284948349,1.1114832754477963,-3.3724365917409047,2.6203630829243068,-7.71515303469322e-10,1.8622977360154951e-09,7.342867981276369e-09,54.96117401123047,0.0,2.0,53.95875620563734,53.955189934840845
29.59525966644287,1.1114832754396633,-3.372436591722879,2.620363082991186,-8.589041985649974e-10,1.737580635892325e-09,6.037782950520036e-09,55.02787780761719,0.0,2.0,54.025325341633554,54.02176346542766
29.605419158935547,1.1114832754305386,-3.372436591706255,2.62036308304478,-9.69344207912443e-10,1.5822890892978457e-09,4.683919527423205e-09,55.02787780761719,0.0,2.0,54.02532534164224,54.021763465435725
29.61525845527649,1.1114832754202302,-3.372436591691324,2.620363083084962,-1.0935954276959911e-09,1.3999580402208923e-09,3.342091096075155e-09,55.02787780761719,0.0,2.0,54.02532534165206,54.02176346544508
29.625297784805298,1.1114832754086592,-3.3724365916783317,2.62036308311153,-1.2199243949417048e-09,1.196012005814271e-09,1.9788677304581243e-09,55.02787780761719,0.0,2.0,54.02532534166309,54.02176346545581
29.635263442993164,1.111483275395864,-3.3724365916674564,2.620363083124591,-1.3366882203034268e-09,9.776976525147816e-10,6.042149957128549e-10,55.09450912475586,0.0,2.0,54.09182247597497,54.08826497880559
29.6453058719635,1.1114832753819877,-3.372436591658797,2.6203630831234066,-1.434760459884147e-09,7.544573538724738e-10,-8.300410655783982e-10,55.09450912475586,0.0,2.0,54.091822475988266,54.08826497881889
29.65530753135681,1.1114832753672514,-3.372436591652341,2.6203630831081806,-1.5078696352117109e-09,5.391146660480865e-10,-2.2069923243985135e-09,55.09450912475586,0.0,2.0,54.0918224760024,54.0882649788332
29.665228843688965,1.111483275351928,-3.3724365916479537,2.62036308307919,-1.5516065829447277e-09,3.4162519273067077e-10,-3.6579596539431385e-09,55.16117477416992,0.0,2.0,54.15835420354769,54.15480107693208
29.675321578979492,1.1114832753363155,-3.3724365916454264,2.6203630830346376,-1.5667313297449545e-09,1.6852582470896968e-10,-5.234390418049417e-09,55.16117477416992,0.0,2.0,54.1583542035626,54.15480107694751
29.685322999954224,1.111483275320669,-3.3724365916444867,2.6203630829748144,-1.5593732792115805e-09,2.4979495180947617e-11,-6.71666727005854e-09,55.16117477416992,0.0,2.0,54.158354203577474,54.15480107696307
29.695240020751953,1.111483275305187,-3.3724365916448145,2.6203630829005364,-1.5345338823532962e-09,-8.500875456692844e-11,-8.129193150942164e-09,55.227848052978516,0.0,2.0,54.22489387421144,54.22134510794497
29.70530939102173,1.111483275290024,-3.3724365916460615,2.6203630828124043,-1.4959183035448075e-09,-1.5847191774728364e-10,-9.490046175411356e-09,55.227848052978516,0.0,2.0,54.224893874225636,54.221345107960175
29.715253591537476,1.1114832752753052,-3.372436591647853,2.620363082710864,-1.4462713949802332e-09,-1.932119821223326e-10,-1.0812618603728554e-08,55.227848052978516,0.0,2.0,54.22489387423928,54.221345107974976
29.725266695022583,1.1114832752611292,-3.3724365916497914,2.6203630825960667,-1.387495392410934e-09,-1.8796998732831398e-10,-1.218053752565858e-08,55.29451370239258,0.0,2.0,54.2914262585392,54.28788184145842
29.7352397441864,1.1114832752475847,-3.372436591651507,2.6203630824672284,-1.3199731035512633e-09,-1.512178041880408e-10,-1.3517530907116129e-08,55.29451370239258,0.0,2.0,54.29142625855134,54.287881841472036
29.74533224105835,1.111483275234757,-3.3724365916527668,2.620363082332411,-1.2442134777367772e-09,-9.924127509638145e-11,-1.3154769519376306e-08,55.29451370239258,0.0,2.0,54.29142625856269,54.28788184148493
29.755295753479004,1.1114832752227217,-3.3724365916534897,2.6203630822118105,-1.162334616244202e-09,-4.640405949289085e-11,-1.0670473013139465e-08,55.29451370239258,0.0,2.0,54.29142625857336,54.28788184149698
29.765247583389282,1.1114832752115162,-3.3724365916537398,2.620363082123231,-1.0788267107510832e-09,-6.516288889564852e-12,-6.7260607763831495e-09,55.361202239990234,0.0,2.0,54.35798181201964,54.35444173498792
29.77530789375305,1.1114832752011392,-3.3724365916537,2.620363082080568,-9.973285425157733e-10,9.852331038614723e-12,-1.6944624857689574e-09,55.361202239990234,0.0,2.0,54.357981812029514,54.354441734998275
29.785304307937622,1.1114832751915544,-3.3724365916536474,2.6203630820869357,-9.205642399123528e-10,-5.07216145172795e-12,2.653033301580048e-09,55.361202239990234,0.0,2.0,54.35798181203914,54.35444173500784
29.795252084732056,1.111483275182703,-3.372436591653914,2.6203630821284927,-8.510440053964066e-10,-5.334160572940658e-11,5.457848564311016e-09,55.427860260009766,0.0,2.0,54.42450723411508,54.42097148455343
29.80528712272644,1.111483275174503,-3.3724365916548122,2.6203630821926196,-7.906178204366394e-10,-1.3062334625181708e-10,7.204055432972527e-09,55.427860260009766,0.0,2.0,54.42450723412406,54.420971484561676
29.81525707244873,1.1114832751668526,-3.3724365916566037,2.6203630822687423,-7.417737197167608e-10,-2.2944846841197636e-10,7.91018276171631e-09,55.427860260009766,0.0,2.0,54.42450723413267,54.42097148456941
29.82526206970215,1.1114832751596226,-3.3724365916594126,2.6203630823483426,-7.064210377053654e-10,-3.3058867832170167e-10,7.853805148141885e-09,55.494510650634766,0.0,2.0,54.491025366021354,54.48749393288741
29.835229873657227,1.1114832751526875,-3.3724365916631553,2.620363082424645,-6.821149287517391e-10,-4.1321395898327294e-10,7.36993488414041e-09,55.494510650634766,0.0,2.0,54.491025366029376,54.487493932894566
29.845324516296387,1.111483275145955,-3.372436591667559,2.620363082495079,-6.656031695445193e-10,-4.603371457058206e-10,6.663026700741846e-09,55.494510650634766,0.0,2.0,54.49102536603717,54.48749393290155
29.85527205467224,1.1114832751393573,-3.3724365916722117,2.6203630825569935,-6.546727761625329e-10,-4.6242342313460013e-10,5.707146869050853e-09,55.494510650634766,0.0,2.0,54.491025366044745,54.48749393290843
29.86527132987976,1.1114832751328505,-3.372436591676656,2.620363082608999,-6.472229572050352e-10,-4.189995457449588e-10,4.68458655352348e-09,55.56117630004883,0.0,2.0,54.5575590493813,54.55403192315361
29.87526535987854,1.1114832751264085,-3.372436591680459,2.620363082650519,-6.41295215436065e-10,-3.358573473225165e-10,3.612627706195075e-09,55.56117630004883,0.0,2.0,54.55755904938844,54.554031923160274
29.88534140586853,1.1114832751200245,-3.372436591683273,2.620363082680475,-6.354244396907432e-10,-2.2300224003814156e-10,2.365568818525429e-09,55.56117630004883,0.0,2.0,54.55755904939532,54.55403192316682
29.89525842666626,1.1114832751137045,-3.3724365916848686,2.620363082697863,-6.283154050787633e-10,-9.467835178734296e-11,1.1140172970726087e-09,55.627845764160156,0.0,2.0,54.62409686170034,54.62057403215427
29.905465602874756,1.1114832751074668,-3.3724365916851564,2.6203630827020645,-6.186384605365145e-10,3.6465598806507957e-11,-2.727938054570104e-10,55.627845764160156,0.0,2.0,54.624096861706626,54.62057403216052
29.915268182754517,1.1114832751013435,-3.3724365916841603,2.6203630826925597,-6.054058838460195e-10,1.6105637852234548e-10,-1.6211702508287098e-09,55.627845764160156,0.0,2.0,54.624096861712566,54.62057403216657
29.92527413368225,1.111483275095373,-3.372436591681981,2.620363082669755,-5.878859529481929e-10,2.721501255889818e-10,-2.9431974881495876e-09,55.69453430175781,0.0,2.0,54.69065403063389,54.687135488560294
29.935259103775024,1.1114832750896013,-3.3724365916787793,2.620363082632359,-5.655365958976823e-10,3.6460270140690874e-10,-4.5253051985912226e-09,55.69453430175781,0.0,2.0,54.690654030639024,54.68713548856586
29.944840908050537,1.1114832750851609,-3.372436591675621,2.620363082591315,-5.43906325745446e-10,4.2254673907207335e-10,-5.726258190524339e-09,55.69453430175781,0.0,2.0,54.6906540306428,54.68713548857009
29.95478582382202,1.1114832750798769,-3.372436591671126,2.620363082526831,-5.119229387231754e-10,4.725147458348121e-10,-7.159591292352737e-09,55.69453430175781,0.0,2.0,54.69065403064706,54.687135488575095
29.964780807495117,1.1114832750749413,-3.3724365916662635,2.6203630824483137,-4.74229614238858e-10,4.95485754309493e-10,-8.53585873904218e-09,55.76117706298828,0.0,2.0,54.75716583271607,54.75365156478153
29.97564935684204,1.1114832750708452,-3.372436591661804,2.6203630823660586,-4.352793522283325e-10,4.917081107758715e-10,-9.738016654486928e-09,55.76117706298828,0.0,2.0,54.75716583271895,54.75365156478534
29.98561429977417,1.111483275066731,-3.3724365916570234,2.6203630822621284,-3.862969175956052e-10,4.5920716115902906e-10,-1.1043415965934092e-08,55.76117706298828,0.0,2.0,54.75716583272159,54.75365156478916
29.995548963546753,1.1114832750631354,-3.3724365916527184,2.6203630821446597,-3.3262295929599613e-10,3.9731779621006063e-10,-1.239452045186802e-08,55.82786178588867,0.0,2.0,54.823719832371246,54.820209830906784
30.005605697631836,1.1114832750600667,-3.3724365916491523,2.6203630820222865,-2.8219048326707944e-10,3.127294183937469e-10,-1.162573053302331e-08,55.82786178588867,0.0,2.0,54.8237198323727,54.820209830909626
30.015520811080933,1.1114832750574524,-3.372436591646517,2.6203630819171555,-2.4307030787525244e-10,2.1241974226476006e-10,-9.102786104915203e-09,55.82786178588867,0.0,2.0,54.82371983237397,54.82020983091208
30.02562117576599,1.1114832750551475,-3.37243659164494,2.62036308184613,-2.21229527107849e-10,1.0157705003083061e-10,-4.967134877818944e-09,55.82786178588867,0.0,2.0,54.82371983237536,54.82020983091427
30.03550958633423,1.1114832750529604,-3.372436591644501,2.620363081822216,-2.1946723255782424e-10,-1.4195864755675256e-11,2.858002331218339e-10,55.894508361816406,0.0,2.0,54.890236076873485,54.88673032912069
30.04559636116028,1.1114832750506942,-3.3724365916452146,2.620363081847173,-2.369359796732361e-10,-1.2757907791853342e-10,4.437703173871993e-09,55.894508361816406,0.0,2.0,54.89023607687608,54.88673032912298
30.055542707443237,1.1114832750481616,-3.3724365916470247,2.6203630819061745,-2.724483162794051e-10,-2.3254265384190345e-10,7.147212976332114e-09,55.894508361816406,0.0,2.0,54.89023607687939,54.88673032912562
30.065587282180786,1.1114832750451973,-3.3724365916498105,2.620363081986708,-3.2230088192436627e-10,-3.2155590088390396e-10,8.816013756904888e-09,55.961185455322266,0.0,2.0,54.95678309529482,54.953281592911175
30.075572967529297,1.1114832750416817,-3.3724365916533743,2.620363082079818,-3.8184822824147017e-10,-3.872459560202593e-10,9.62942347658617e-09,55.961185455322266,0.0,2.0,54.95678309529959,54.953281592914905
30.08565378189087,1.1114832750375538,-3.3724365916574706,2.6203630821768917,-4.430479493476077e-10,-4.2833618825295187e-10,9.70523267481852e-09,55.961185455322266,0.0,2.0,54.956783095305056,54.95328159291927
30.095491886138916,1.1114832750328487,-3.3724365916618804,2.6203630822711697,-4.961551174089322e-10,-4.520089107276903e-10,9.101294932250827e-09,56.027854919433594,0.0,2.0,55.02332281409918,55.019825546349395
30.105602502822876,1.1114832750276726,-3.372436591666505,2.620363082358399,-5.36476507429897e-10,-4.739455235603232e-10,8.322893800195468e-09,56.027854919433594,0.0,2.0,55.02332281410561,55.019825546354845
30.11552596092224,1.1114832750221733,-3.3724365916714003,2.6203630824369997,-5.603919235350707e-10,-5.081055237980064e-10,7.342754326735642e-09,56.027854919433594,0.0,2.0,55.023322814112284,55.019825546360636
30.125601768493652,1.1114832750165287,-3.3724365916767423,2.620363082504938,-5.652165907678674e-10,-5.648330044796941e-10,6.239497141327124e-09,56.027854919433594,0.0,2.0,55.02332281411901,55.0198255463666
30.135512113571167,1.1114832750109385,-3.372436591682797,2.6203630825614033,-5.49551510292153e-10,-6.512473306327439e-10,5.041857780339199e-09,56.09451675415039,0.0,2.0,55.08985523204155,55.08636218823213
30.145591259002686,1.1114832750055983,-3.372436591689875,2.620363082605754,-5.158113213431611e-10,-7.694118438604244e-10,3.817330137257392e-09,56.09451675415039,0.0,2.0,55.08985523204782,55.0863621882379
30.15550994873047,1.111483275000668,-3.372436591698279,2.6203630826374837,-4.685810455000174e-10,-9.150242094391437e-10,2.5327318690148064e-09,56.09451675415039,0.0,2.0,55.08985523205361,55.08636218824333
30.16551399230957,1.111483274996248,-3.372436591708223,2.6203630826563886,-4.14854228613841e-10,-1.0756401182863232e-09,1.2163260440671511e-09,56.09451675415039,0.0,2.0,55.089855232058845,55.08636218824836
30.175684690475464,1.1114832749923742,-3.372436591719793,2.6203630826615534,-3.6014623930818956e-10,-1.2371965272163237e-09,-1.747796417485155e-10,56.16117858886719,0.0,2.0,55.156387962501235,55.15289913246285
30.18585753440857,1.1114832749890333,-3.3724365917329147,2.6203630826530477,-3.090325196262976e-10,-1.3834468030844891e-09,-1.5197643080343427e-09,56.16117858886719,0.0,2.0,55.15638796250527,55.15289913246698
30.195773124694824,1.1114832749861703,-3.3724365917473698,2.620363082631057,-2.6510701249765914e-10,-1.5019294110362762e-09,-2.9470502525079026e-09,56.16117858886719,0.0,2.0,55.15638796250876,55.15289913247073
