pred_t,truth_t,dt,pred_x,pred_y,pred_z,truth_x,truth_y,truth_z,err_x,err_y,err_z,err_xy,err_3d,err_z_abs
1783054001.3992453,1783054001.3992453,0.0,19.156605258912876,2.291818690499147,2.358459727107357,58.5726203918457,0.0,0.3937999904155731,-39.41601513293283,2.291818690499147,1.9646597366917837,39.482587071640964,39.531437739483856,1.9646597366917837
1783054001.4310427,1783054001.4310427,0.0,19.26949852535555,2.569568278058099,2.331205292080931,58.66801452636719,0.0,0.3937999904155731,-39.398516001011636,2.569568278058099,1.937405301665358,39.48222060899783,39.52972658039129,1.937405301665358
1783054001.4726987,1783054001.4726987,0.0,19.494096509587944,2.5650347719671283,2.292720557679798,58.7929801940918,0.0,0.3937999904155731,-39.29888368450385,2.5650347719671283,1.8989205672642249,39.382504519514285,39.42825841386279,1.8989205672642249
1783054001.4996963,1783054001.4996963,0.0,19.6649749448027,2.5062296573419456,2.277680878977575,58.87397384643555,0.0,0.3937999904155731,-39.208998901632846,2.5062296573419456,1.8838808885620018,39.28901604728205,39.33415550340283,1.8838808885620018
1783054001.5386472,1783054001.5386472,0.0,19.74308725326206,2.778083361711932,2.2929294660964703,58.99082946777344,0.0,0.3937999904155731,-39.247742214511376,2.778083361711932,1.8991294756808972,39.345940274713975,39.39174671002492,1.8991294756808972
1783054001.5665002,1783054001.5665002,0.0,19.789462573862657,2.973485251236967,2.320232791640327,59.07438659667969,0.0,0.3937999904155731,-39.28492402281703,2.973485251236967,1.9264328012247538,39.397295211953704,39.44436605341078,1.9264328012247538
1783054001.5977159,1783054001.5977159,0.0,19.872536428875758,3.1528632853740928,2.352697180818022,59.168033599853516,0.0,0.3937999904155731,-39.295497170977754,3.1528632853740928,1.9588971904024488,39.42177881337397,39.47041832832719,1.9588971904024488
1783054001.6380606,1783054001.6380606,0.0,19.982419106209143,3.327351650834439,2.3657686846750527,59.289066314697266,0.0,0.3937999904155731,-39.30664720848812,3.327351650834439,1.9719686942594796,39.44722783391575,39.4964864805972,1.9719686942594796
1783054001.6755903,1783054001.6755903,0.0,20.094939135167657,3.459996581902107,2.386275073953962,59.40165710449219,0.0,0.3937999904155731,-39.30671796932453,3.459996581902107,1.9924750835383889,39.458708213356324,39.50898139442873,1.9924750835383889
1783054001.7009635,1783054001.7009635,0.0,20.133063235305833,3.609653015430266,2.1639240187154813,59.47777557373047,0.0,0.3937999904155731,-39.344712338424635,3.609653015430266,1.7701240282999082,39.50994791043375,39.549580566179884,1.7701240282999082
1783054001.7360866,1783054001.7360866,0.0,20.218965685,3.773451103144154,1.9610224004844454,59.58314514160156,0.0,0.3937999904155731,-39.36417945660156,3.773451103144154,1.5672224100688723,39.54462741662073,39.57567110741111,1.5672224100688723
1783054001.7657523,1783054001.7657523,0.0,20.38015855909199,3.8272414205981193,2.030071145400146,59.672142028808594,0.0,0.3937999904155731,-39.291983469716605,3.8272414205981193,1.636271154984573,39.47793993961722,39.51183525437232,1.636271154984573
1783054001.8060787,1783054001.8060787,0.0,20.553581697673295,3.899944512885309,2.09325859254833,59.793121337890625,0.0,0.3937999904155731,-39.23953964021733,3.899944512885309,1.699458602132757,39.43286748867968,39.46947172081398,1.699458602132757
1783054001.8322854,1783054001.8322854,0.0,20.695870458359536,3.924582066920056,2.1523839597555634,59.871742248535156,0.0,0.3937999904155731,-39.17587179017562,3.924582066920056,1.7585839693399903,39.3719605165944,39.41121531363234,1.7585839693399903
1783054001.868383,1783054001.868383,0.0,20.854915155720025,3.963691375831605,2.2052473383398774,59.98003387451172,0.0,0.3937999904155731,-39.1251187187917,3.963691375831605,1.8114473479243043,39.3253832032491,39.36708149681264,1.8114473479243043
1783054001.8974342,1783054001.8974342,0.0,21.00224657380861,3.965359247546414,2.2583812424023235,60.06718826293945,0.0,0.3937999904155731,-39.06494168913085,3.965359247546414,1.8645812519867504,39.265681493351096,39.30992758047966,1.8645812519867504
1783054001.9356754,1783054001.9356754,0.0,21.167690093586963,3.9803618339728013,2.3063118992319507,60.18191146850586,0.0,0.3937999904155731,-39.0142213749189,3.9803618339728013,1.9125119088163776,39.21674068329144,39.26334743271249,1.9125119088163776
1783054001.9634092,1783054001.9634092,0.0,21.291269337074024,3.9715010997583975,2.350316755087852,60.265113830566406,0.0,0.3937999904155731,-38.97384449349238,3.9715010997583975,1.956516764672279,39.17567326273166,39.22449914834799,1.956516764672279
1783054001.9972572,1783054001.9972572,0.0,21.45341279132286,3.9711152531103417,2.3846480627614866,60.36665725708008,0.0,0.3937999904155731,-38.91324446575722,3.9711152531103417,1.9908480723459134,39.115346747859334,39.16597793050026,1.9908480723459134
1783054002.0302687,1783054002.0302687,0.0,21.622632919881465,3.9653816665832355,2.419253974103507,60.46569061279297,0.0,0.3937999904155731,-38.8430576929115,3.9653816665832355,2.025453983687934,39.04494055183751,39.09744040901607,2.025453983687934
1783054002.0667634,1783054002.0667634,0.0,21.79378582301589,3.9590787746514358,2.4507953656930868,60.57517623901367,0.0,0.3937999904155731,-38.78139041599778,3.9590787746514358,2.0569953752775136,38.982952009076214,39.037184546478926,2.0569953752775136
1783054002.0967143,1783054002.0967143,0.0,21.951534350861586,3.9465292189284398,2.473276865933714,60.6650276184082,0.0,0.3937999904155731,-38.71349326754662,3.9465292189284398,2.0794768755181408,38.914131801342215,38.96965329494282,2.0794768755181408
1783054002.1428294,1783054002.1428294,0.0,22.16610846192892,3.9581543330000684,2.4995579444020475,60.803375244140625,0.0,0.3937999904155731,-38.637266782211704,3.9581543330000684,2.1057579539864744,38.83948210421513,38.89652409514794,2.1057579539864744
1783054002.185076,1783054002.185076,0.0,22.332824555816472,3.9674242264758877,2.519031415037365,60.93011474609375,0.0,0.3937999904155731,-38.59729019027728,3.9674242264758877,2.125231424621792,38.8006606261453,38.8588197663478,2.125231424621792
1783054002.219891,1783054002.219891,0.0,22.482954647150628,3.9865291821788285,2.5229798428080707,61.03456115722656,0.0,0.3937999904155731,-38.551606510075935,3.9865291821788285,2.1291798523924976,38.75717713441077,38.81561781386362,2.1291798523924976
1783054002.2533474,1783054002.2533474,0.0,22.63441955690491,4.003737533049011,2.5210195201718895,61.13492965698242,0.0,0.3937999904155731,-38.50051010007751,4.003737533049011,2.1272195297563163,38.708128244591165,38.76653524791057,2.1272195297563163
1783054002.286618,1783054002.286618,0.0,22.76911512262895,4.016546791296621,2.5351614318493043,61.2347412109375,0.0,0.3937999904155731,-38.465626088308554,4.016546791296621,2.141361441433731,38.674759708267594,38.733996273494654,2.141361441433731
1783054002.3206534,1783054002.3206534,0.0,22.918618102793864,4.032171917857395,2.5305518365109174,61.33684539794922,0.0,0.3937999904155731,-38.418227295155354,4.032171917857395,2.1367518460953443,38.629245383224585,38.68829677472465,2.1367518460953443
1783054002.3532822,1783054002.3532822,0.0,23.036252432206204,4.045514845409968,2.531394316716049,61.43473434448242,0.0,0.3937999904155731,-38.39848191227622,4.045514845409968,2.137594326300476,38.611003658696006,38.670129467531765,2.137594326300476
1783054002.3866143,1783054002.3866143,0.0,23.164746538507643,4.0776675736981405,2.538040504544778,61.53472900390625,0.0,0.3937999904155731,-38.36998246539861,4.0776675736981405,2.144240514129205,38.58604575797559,38.645577943912535,2.144240514129205
1783054002.4223485,1783054002.4223485,0.0,23.279835574205027,4.090160704221068,2.565383914142662,61.64193344116211,0.0,0.3937999904155731,-38.362097866957086,4.090160704221068,2.171583923727089,38.57952782681959,38.64059709784694,2.171583923727089
1783054002.453282,1783054002.453282,0.0,23.39343845039861,4.084297284539578,2.590932846393253,61.73473358154297,0.0,0.3937999904155731,-38.34129513114436,4.084297284539578,2.1971328559776797,38.55822086977058,38.62076888707459,2.1971328559776797
1783054002.4866195,1783054002.4866195,0.0,23.525469272224,3.8222962903267708,2.6410398000979622,61.83474349975586,0.0,0.3937999904155731,-38.30927422753186,3.8222962903267708,2.247239809682389,38.499486240354976,38.565016887504456,2.247239809682389
1783054002.5265856,1783054002.5265856,0.0,23.701759378878833,3.529084625966873,2.6659785943418806,61.95464324951172,0.0,0.3937999904155731,-38.252883870632886,3.529084625966873,2.2721786039263074,38.415329787955244,38.48246819430248,2.2721786039263074
1783054002.5632389,1783054002.5632389,0.0,23.874822083486524,3.286615423849665,2.7104903544404633,62.06460189819336,0.0,0.3937999904155731,-38.18977981470684,3.286615423849665,2.31669036402489,38.330942112607616,38.400887717380215,2.31669036402489
1783054002.6005363,1783054002.6005363,0.0,24.02203770999182,3.1115725974058397,2.4406938424365663,62.17649459838867,0.0,0.3937999904155731,-38.15445688839685,3.1115725974058397,2.046893852020993,38.28112412766194,38.33580883350321,2.046893852020993
1783054002.6360395,1783054002.6360395,0.0,24.175827370336137,2.9414224548224657,2.196347650106922,62.28300476074219,0.0,0.3937999904155731,-38.10717739040605,2.9414224548224657,1.8025476596913488,38.220530277870395,38.26301233289228,1.8025476596913488
1783054002.6618903,1783054002.6618903,0.0,24.265452112693957,3.0762235093060117,2.273217744114868,62.360557556152344,0.0,0.3937999904155731,-38.09510544345839,3.0762235093060117,1.879417753699295,38.2191079151178,38.265290027913544,1.879417753699295
1783054002.6962843,1783054002.6962843,0.0,24.368971874412022,3.197310812681648,2.3253719883749753,62.46373748779297,0.0,0.3937999904155731,-38.09476561338094,3.197310812681648,1.9315719979594022,38.22870601486954,38.27747293062361,1.9315719979594022
1783054002.7294705,1783054002.7294705,0.0,24.419341130127112,3.3175101188908025,2.3977926052375085,62.563297271728516,0.0,0.3937999904155731,-38.14395614160141,3.3175101188908025,2.0039926148219354,38.287951936886806,38.340360586744815,2.0039926148219354
1783054002.7623205,1783054002.7623205,0.0,24.504365777238778,2.862095641179487,2.2651483515652684,62.66184616088867,0.0,0.3937999904155731,-38.1574803836499,2.862095641179487,1.8713483611496953,38.264669091576955,38.31040126880249,1.8713483611496953
1783054002.796316,1783054002.796316,0.0,24.611727934705822,2.805182440160302,2.311506402838203,62.76383590698242,0.0,0.3937999904155731,-38.152107972276596,2.805182440160302,1.9177064124226297,38.25509627815404,38.303132889296165,1.9177064124226297
1783054002.8302898,1783054002.8302898,0.0,24.743993637745362,2.711348264793249,2.370480531475643,62.86575698852539,0.0,0.3937999904155731,-38.12176335078003,2.711348264793249,1.97668054106007,38.218061834502706,38.26914574885724,1.97668054106007
1783054002.8696516,1783054002.8696516,0.0,24.885961770683213,2.9342361418814322,2.202228760829238,62.98384094238281,0.0,0.3937999904155731,-38.0978791716996,2.9342361418814322,1.808428770413665,38.210707126638546,38.25347766851278,1.808428770413665
1783054002.9027956,1783054002.9027956,0.0,25.08002917255771,2.8478034509194043,2.2485181638277183,63.083274841308594,0.0,0.3937999904155731,-38.003245668750885,2.8478034509194043,1.8547181734121452,38.10979750476905,38.15490329377453,1.8547181734121452
1783054002.9320853,1783054002.9320853,0.0,25.179179302136887,2.4553572760683795,2.3073462967414406,63.171142578125,0.0,0.3937999904155731,-37.99196327598811,2.4553572760683795,1.9135463063258675,38.07122342291053,38.11928268453677,1.9135463063258675
1783054002.9636228,1783054002.9636228,0.0,25.337461167266184,2.4393862407993074,2.370529717283147,63.26575469970703,0.0,0.3937999904155731,-37.92829353244085,2.4393862407993074,1.9767297268675739,38.00665804191149,38.05802827167846,1.9767297268675739
1783054003.005039,1783054003.005039,0.0,25.519058476731207,2.4211175976263366,2.4394866416330148,63.3900032043457,0.0,0.3937999904155731,-37.8709447276145,2.4211175976263366,2.0456866512174416,37.94825773317621,38.00335641569752,2.0456866512174416
1783054003.029309,1783054003.029309,0.0,25.481845302823327,2.80228372440597,2.7462844550471783,63.46281433105469,0.0,0.3937999904155731,-37.98096902823136,2.80228372440597,2.352484464631605,38.08420673186642,38.15679474945286,2.352484464631605
1783054003.0625238,1783054003.0625238,0.0,25.468672115624866,3.115570596147791,3.033100349320456,63.56245803833008,0.0,0.3937999904155731,-38.09378592270521,3.115570596147791,2.6393003589048827,38.220979920254194,38.31199828316176,2.6393003589048827
1783054003.0965645,1783054003.0965645,0.0,25.456884290290173,3.4447598682288483,3.3072356204577504,63.664581298828125,0.0,0.3937999904155731,-38.20769700853795,3.4447598682288483,2.9134356300421773,38.36267041338494,38.47314113009749,2.9134356300421773
1783054003.129761,1783054003.129761,0.0,25.623144370250895,3.6626993016743787,3.3133550145220796,63.76416778564453,0.0,0.3937999904155731,-38.14102341539363,3.6626993016743787,2.9195550241065065,38.31648513822858,38.42755306920904,2.9195550241065065
1783054003.1621158,1783054003.1621158,0.0,25.5515679466273,3.91026666019878,3.5544171616109534,63.86123275756836,0.0,0.3937999904155731,-38.30966481094106,3.91026666019878,3.1606171711953803,38.50870814868395,38.638194887745115,3.1606171711953803
1783054003.1977649,1783054003.1977649,0.0,25.462012667818346,4.132985561608009,3.772636504050305,63.96818161010742,0.0,0.3937999904155731,-38.50616894228908,4.132985561608009,3.378836513634732,38.72733680831369,38.87445372542796,3.378836513634732
1783054003.230598,1783054003.230598,0.0,25.387286216446277,4.338090492051429,3.9630778364487806,64.06668090820312,0.0,0.3937999904155731,-38.67939469175685,4.338090492051429,3.5692778460332075,38.9219038953381,39.08521903712602,3.5692778460332075
1783054003.2663515,1783054003.2663515,0.0,25.51672715310116,4.511720122355303,3.894002554184431,64.17393493652344,0.0,0.3937999904155731,-38.65720778342228,4.511720122355303,3.500202563768858,38.919600872480046,39.07667782783695,3.500202563768858
1783054003.296038,1783054003.296038,0.0,25.6625266137762,4.666329761378935,3.825312503434129,64.26300048828125,0.0,0.3937999904155731,-38.60047387450505,4.666329761378935,3.4315125130185558,38.881502244361364,39.032633717253574,3.4315125130185558
1783054003.3384674,1783054003.3384674,0.0,25.977877527406292,4.492627333198286,3.8107957050296033,64.39028930664062,0.0,0.3937999904155731,-38.41241177923433,4.492627333198286,3.41699571461403,38.674243096051164,38.82490101424795,3.41699571461403
1783054003.3624232,1783054003.3624232,0.0,26.216895109206035,4.298052172963574,3.73588399733157,64.462158203125,0.0,0.3937999904155731,-38.245263093918965,4.298052172963574,3.342084006915997,38.48601566289497,38.63085459983873,3.342084006915997
1783054003.3974423,1783054003.3974423,0.0,26.31992960205437,4.1982460727473825,3.653527141279169,64.56721496582031,0.0,0.3937999904155731,-38.24728536376594,4.1982460727473825,3.259727150863596,38.47700752117663,38.61484078541255,3.259727150863596
1783054003.4288113,1783054003.4288113,0.0,26.435907430495842,4.140584510295618,3.5507023469392434,64.66131591796875,0.0,0.3937999904155731,-38.225408487472905,4.140584510295618,3.1569023565236702,38.44900901351121,38.5783919650585,3.1569023565236702
1783054003.4633899,1783054003.4633899,0.0,26.552349764200624,4.0828519160929275,3.4747497900482824,64.76506042480469,0.0,0.3937999904155731,-38.21271066060406,4.0828519160929275,3.0809497996327093,38.430208635912805,38.553510702238825,3.0809497996327093
1783054003.4966857,1783054003.4966857,0.0,26.688008649800196,4.03943905773521,3.4010194251414614,64.86494445800781,0.0,0.3937999904155731,-38.17693580820762,4.03943905773521,3.0072194347258883,38.39004422510037,38.50764682934747,3.0072194347258883
1783054003.5304015,1783054003.5304015,0.0,26.87571734300265,3.9699115768318403,3.359067847690784,64.96609497070312,0.0,0.3937999904155731,-38.09037762770048,3.9699115768318403,2.9652678572752107,38.296697843922374,38.41132488230623,2.9652678572752107
1783054003.5688753,1783054003.5688753,0.0,26.826915860964455,3.8218837697919303,3.469598412827841,65.08151245117188,0.0,0.3937999904155731,-38.25459659020742,3.8218837697919303,3.075798422412268,38.44503811715249,38.56788160846564,3.075798422412268
1783054003.602756,1783054003.602756,0.0,26.978798034444708,3.563706389391478,3.364717378526808,65.18315124511719,0.0,0.3937999904155731,-38.20435321067248,3.563706389391478,2.9709173881112347,38.3702046837857,38.48504849422165,2.9709173881112347
1783054003.6391258,1783054003.6391258,0.0,27.150898408898655,3.637357896069844,3.231319714821518,65.29226684570312,0.0,0.3937999904155731,-38.14136843680447,3.637357896069844,2.837519724405945,38.31441450284952,38.41934248373544,2.837519724405945
1783054003.6650693,1783054003.6650693,0.0,27.311818014583913,3.657526534310319,3.0797827972221996,65.3700942993164,0.0,0.3937999904155731,-38.05827628473249,3.657526534310319,2.6859828068066265,38.23362256070193,38.32785407184541,2.6859828068066265
1783054003.6961524,1783054003.6961524,0.0,27.52541571164765,3.691262217269466,2.893590896361118,65.46334838867188,0.0,0.3937999904155731,-37.93793267702422,3.691262217269466,2.4997909059455448,38.117084785737,38.198967356939264,2.4997909059455448
1783054003.7319007,1783054003.7319007,0.0,27.75149968359123,3.7211462437822367,2.6805830302903493,65.57058715820312,0.0,0.3937999904155731,-37.81908747461189,3.7211462437822367,2.286783039874776,38.00171452421536,38.070456832712416,2.286783039874776
1783054003.7689552,1783054003.7689552,0.0,27.926441722776012,3.7936637453507442,2.4779270658898005,65.68174743652344,0.0,0.3937999904155731,-37.755305713747426,3.7936637453507442,2.0841270754742274,37.94542125410281,38.00261280251717,2.0841270754742274
1783054003.80263,1783054003.80263,0.0,28.071544957551566,3.5845397418736615,2.270577552035315,65.78277587890625,0.0,0.3937999904155731,-37.711230921354684,3.5845397418736615,1.876777561619742,37.88120725062507,37.92767006791491,1.876777561619742
1783054003.8303998,1783054003.8303998,0.0,28.191072642739748,3.739891423210495,2.1262415170312834,65.8660888671875,0.0,0.3937999904155731,-37.67501622444775,3.739891423210495,1.7324415266157103,37.860185358365655,37.89980196535263,1.7324415266157103
1783054003.8637867,1783054003.8637867,0.0,28.316528942873365,3.9202748927226354,1.9739798300330595,65.96624755859375,0.0,0.3937999904155731,-37.64971861572039,3.9202748927226354,1.5801798396174864,37.85326758785077,37.88623543456076,1.5801798396174864
1783054003.8967037,1783054003.8967037,0.0,28.494636108779364,4.049876364442442,1.817941736741363,66.06500244140625,0.0,0.3937999904155731,-37.57036633262689,4.049876364442442,1.42414174632579,37.788012979449626,37.81483974114767,1.42414174632579
1783054003.9363995,1783054003.9363995,0.0,28.67880439807778,4.154740034257778,1.660236676554516,66.18408203125,0.0,0.3937999904155731,-37.50527763317222,4.154740034257778,1.266436686138943,37.73470173585042,37.75594757086082,1.266436686138943
1783054003.9635713,1783054003.9635713,0.0,28.774665278362885,4.249221420571133,1.5692724385759573,66.26559448242188,0.0,0.3937999904155731,-37.490929204058986,4.249221420571133,1.1754724481603842,37.73096414438417,37.749270068985275,1.1754724481603842
1783054003.996151,1783054003.996151,0.0,28.882796547367814,4.336630964598884,1.494217570964924,66.36334228515625,0.0,0.3937999904155731,-37.48054573778843,4.336630964598884,1.1004175805493508,37.730593381572575,37.746636880352014,1.1004175805493508
1783054004.043888,1783054004.043888,0.0,29.042542060484436,4.198966606855076,1.3450321778045526,66.50654602050781,0.0,0.3937999904155731,-37.464003960023376,4.198966606855076,0.9512321873889795,37.69857972499934,37.71057883348459,0.9512321873889795
1783054004.0804207,1783054004.0804207,0.0,29.16619963440691,4.0736370672768025,1.262860381965886,66.61614990234375,0.0,0.3937999904155731,-37.44995026793684,4.0736370672768025,0.8690603915503128,37.670854702632305,37.680877908973876,0.8690603915503128
1783054004.1126556,1783054004.1126556,0.0,29.253249281707316,4.1630632719725575,1.2807811187090752,66.71285247802734,0.0,0.3937999904155731,-37.45960319632003,4.1630632719725575,0.8869811282935021,37.69022376468727,37.70065918461036,0.8869811282935021
1783054004.1464176,1783054004.1464176,0.0,29.363957886666192,4.276042856246669,1.2950270924181937,66.81414031982422,0.0,0.3937999904155731,-37.45018243315803,4.276042856246669,0.9012271020026206,37.69351014147231,37.70428247659223,0.9012271020026206
1783054004.1801252,1783054004.1801252,0.0,29.465997772863854,4.3721308123629745,1.3203506235780373,66.9152603149414,0.0,0.3937999904155731,-37.44926254207755,4.3721308123629745,0.9265506331624642,37.70361776787297,37.715000846635014,0.9265506331624642
1783054004.2136273,1783054004.2136273,0.0,29.546382093118428,4.462851604076365,1.3470246635632934,67.0157699584961,0.0,0.3937999904155731,-37.46938786537767,4.462851604076365,0.9532246731477203,37.734229440206114,37.74626748068762,0.9532246731477203
1783054004.2469144,1783054004.2469144,0.0,29.63963285041156,4.536016028971876,1.3825442900332052,67.11563110351562,0.0,0.3937999904155731,-37.475998253104066,4.536016028971876,0.9887442996176321,37.74951504962347,37.76246154280432,0.9887442996176321
1783054004.281321,1783054004.281321,0.0,29.73116770287623,4.59011838512086,1.4060859408134174,67.2188491821289,0.0,0.3937999904155731,-37.48768147925267,4.59011838512086,1.0122859503978443,37.76765083347558,37.78121454274202,1.0122859503978443
1783054004.3135302,1783054004.3135302,0.0,29.852235823847316,4.622463943596842,1.4290099047322269,67.31547546386719,0.0,0.3937999904155731,-37.46323964001987,4.622463943596842,1.0352099143166538,37.74733761784279,37.76153011733116,1.0352099143166538
1783054004.3458521,1783054004.3458521,0.0,29.903282967034286,4.36016391538638,1.3904531325871459,67.41244506835938,0.0,0.3937999904155731,-37.50916210132509,4.36016391538638,0.9966531421715727,37.761730242568596,37.774880388934655,0.9966531421715727
1783054004.3856235,1783054004.3856235,0.0,30.084730347821267,4.3580324319035855,1.409387614654247,67.53175354003906,0.0,0.3937999904155731,-37.4470231922178,4.3580324319035855,1.0155876242386739,37.699761174787575,37.713438067332554,1.0155876242386739
1783054004.4186485,1783054004.4186485,0.0,30.097851787606654,4.487189078273206,1.1685346099497107,67.63082885742188,0.0,0.3937999904155731,-37.53297706981522,4.487189078273206,0.7747346195341376,37.80025441114715,37.80819285919593,0.7747346195341376
1783054004.4453373,1783054004.4453373,0.0,30.25959268119838,4.436967498406309,1.2584670119078267,67.71089935302734,0.0,0.3937999904155731,-37.45130667182896,4.436967498406309,0.8646670214922536,37.71322118315133,37.72313217466639,0.8646670214922536
1783054004.4790244,1783054004.4790244,0.0,30.42180721052107,4.369053943931598,1.3567471744468194,67.81195831298828,0.0,0.3937999904155731,-37.390151102467215,4.369053943931598,0.9629471840312462,37.644548500816356,37.656862576555,0.9629471840312462
1783054004.5146108,1783054004.5146108,0.0,30.59502533213131,4.301868001704263,1.4555431129817202,67.91871643066406,0.0,0.3937999904155731,-37.32369109853275,4.301868001704263,1.0617431225661471,37.57078633090848,37.58578566401261,1.0617431225661471
1783054004.5449984,1783054004.5449984,0.0,30.68746655204903,4.351515673294945,1.3210083794677283,68.00988006591797,0.0,0.3937999904155731,-37.32241351386894,4.351515673294945,0.9272083890521552,37.57523438589783,37.58667256557684,0.9272083890521552
1783054004.5785441,1783054004.5785441,0.0,30.801667793194586,4.395066253223124,1.2283693301504623,68.11051940917969,0.0,0.3937999904155731,-37.308851615985105,4.395066253223124,0.8345693397348892,37.566833993215546,37.5761030743828,0.8345693397348892
1783054004.6127572,1783054004.6127572,0.0,30.9522535380459,4.402207347023095,1.1533239428864703,68.2131576538086,0.0,0.3937999904155731,-37.2609041157627,4.402207347023095,0.7595239524708972,37.520053372166814,37.52774016224029,0.7595239524708972
1783054004.6451058,1783054004.6451058,0.0,31.027955969639695,4.357824650761602,1.1180028120091163,68.3102035522461,0.0,0.3937999904155731,-37.2822475826064,4.357824650761602,0.7242028215935432,37.53607092514541,37.543056484846176,0.7242028215935432
1783054004.678772,1783054004.678772,0.0,31.11849557384932,4.271779179042668,1.0834852096716863,68.41120147705078,0.0,0.3937999904155731,-37.292705903201465,4.271779179042668,0.6896852192561131,37.53656898195651,37.54290447792819,0.6896852192561131
1783054004.7119257,1783054004.7119257,0.0,31.243798008441313,4.123894681538874,1.346467991320432,68.51066589355469,0.0,0.3937999904155731,-37.26686788511337,4.123894681538874,0.9526680009048589,37.494345564510375,37.50644645432125,0.9526680009048589
1783054004.7530415,1783054004.7530415,0.0,31.34326007036624,3.9940202336075545,1.5910512012533007,68.6340103149414,0.0,0.3937999904155731,-37.290750244575165,3.9940202336075545,1.1972512108377276,37.50402980253921,37.52313502216468,1.1972512108377276
1783054004.7846222,1783054004.7846222,0.0,31.556262872929018,4.1570298280756335,1.858384976091585,68.72875213623047,0.0,0.3937999904155731,-37.17248926330145,4.1570298280756335,1.4645849856760118,37.404209054888085,37.4328714394453,1.4645849856760118
1783054004.8182168,1783054004.8182168,0.0,31.737883268740337,4.263673559443549,2.1234198796625705,68.82953643798828,0.0,0.3937999904155731,-37.09165316924795,4.263673559443549,1.7296198892469974,37.33590292264645,37.375944563456294,1.7296198892469974
1783054004.8508656,1783054004.8508656,0.0,31.912960073340532,4.357885890277543,2.3876014593985366,68.92748260498047,0.0,0.3937999904155731,-37.01452253163994,4.357885890277543,1.9938014689829635,37.270176383778505,37.32346838084156,1.9938014689829635
1783054004.883407,1783054004.883407,0.0,31.98415778164549,4.17569339096611,2.541043280429635,69.02510833740234,0.0,0.3937999904155731,-37.04095055575685,4.17569339096611,2.1472432900140617,37.275574219177116,37.33736850818349,2.1472432900140617
1783054004.9166315,1783054004.9166315,0.0,32.128586472077444,4.270587072440373,2.77818635691874,69.1247787475586,0.0,0.3937999904155731,-36.99619227548115,4.270587072440373,2.384386366503167,37.241860276141765,37.31811162388087,2.384386366503167
1783054004.950918,1783054004.950918,0.0,32.26559449869038,4.3208839455472186,2.972919575121614,69.2276382446289,0.0,0.3937999904155731,-36.96204374593852,4.3208839455472186,2.579119584706041,37.21374364327728,37.30301025091374,2.579119584706041
1783054004.976649,1783054004.976649,0.0,32.390170095898775,4.36790397162196,3.123008035869086,69.3048324584961,0.0,0.3937999904155731,-36.91466236259732,4.36790397162196,2.729208045453513,37.17217887681418,37.27223442463892,2.729208045453513
1783054005.0108569,1783054005.0108569,0.0,32.49520762385612,4.411659898807361,3.2481255556388797,69.40745544433594,0.0,0.3937999904155731,-36.91224782047982,4.411659898807361,2.8543255652233066,37.17494831500458,37.284366115780344,2.8543255652233066
1783054005.0448637,1783054005.0448637,0.0,32.56058234605183,4.472018151564927,3.3539148224872233,69.50947570800781,0.0,0.3937999904155731,-36.94889336195598,4.472018151564927,2.96011483207165,37.21853929187873,37.33606764028814,2.96011483207165
1783054005.0766108,1783054005.0766108,0.0,32.63279017782789,4.4808057011821525,3.4192648098025975,69.60472106933594,0.0,0.3937999904155731,-36.971930891508045,4.4808057011821525,3.0254648193870244,37.24246626605431,37.36515396665109,3.0254648193870244
1783054005.110783,1783054005.110783,0.0,32.70807938183616,4.454081638322253,3.451981544611864,69.70723724365234,0.0,0.3937999904155731,-36.99915786181619,4.454081638322253,3.058181554196291,37.26629208446198,37.39156322143887,3.058181554196291
1783054005.1451735,1783054005.1451735,0.0,32.73094248964055,4.487008508629857,3.460257326512672,69.81040954589844,0.0,0.3937999904155731,-37.07946705625789,4.487008508629857,3.066457336097099,37.34996817311403,37.475635860205685,3.066457336097099
1783054005.177393,1783054005.177393,0.0,32.802450694251284,4.432548410518621,3.2796533700458537,69.90706634521484,0.0,0.3937999904155731,-37.10461565096356,4.432548410518621,2.8858533796302805,37.36843571809397,37.47970301037675,2.8858533796302805
1783054005.2161262,1783054005.2161262,0.0,33.00006998139617,4.7068179752330765,3.3850140995020204,70.02326202392578,0.0,0.3937999904155731,-37.02319204252961,4.7068179752330765,2.9912141090864472,37.32118546442496,37.44086332226332,2.9912141090864472
1783054005.243543,1783054005.243543,0.0,33.17304822797546,4.902709597912895,3.435126519387294,70.10551452636719,0.0,0.3937999904155731,-36.93246629839173,4.902709597912895,3.041326528971721,37.2564575380337,37.380386506015896,3.041326528971721
1783054005.279167,1783054005.279167,0.0,33.195471816307844,4.738025701698124,3.4442156914366566,70.21238708496094,0.0,0.3937999904155731,-37.016915268653094,4.738025701698124,3.0504157010210835,37.31890812385318,37.443369766964494,3.0504157010210835
1783054005.3097863,1783054005.3097863,0.0,33.2640208123124,4.907629205161096,3.4612115934643723,70.30424499511719,0.0,0.3937999904155731,-37.040224182804785,4.907629205161096,3.0674116030487992,37.363926880452304,37.489625843295705,3.0674116030487992
1783054005.3444898,1783054005.3444898,0.0,33.30250266673316,4.692258851492406,3.416762663488871,70.40835571289062,0.0,0.3937999904155731,-37.10585304615746,4.692258851492406,3.0229626730732977,37.40135857709506,37.52332510233117,3.0229626730732977
1783054005.377321,1783054005.377321,0.0,33.2040422070184,4.682208453215229,3.6644777683623477,70.50685119628906,0.0,0.3937999904155731,-37.302808989270666,4.682208453215229,3.2706777779467746,37.59551348883764,37.737514062488636,3.2706777779467746
1783054005.409769,1783054005.409769,0.0,33.11137329904983,4.64947957586828,3.8838542829428957,70.60419464111328,0.0,0.3937999904155731,-37.49282134206345,4.64947957586828,3.4900542925273226,37.78001207668289,37.94087230783042,3.4900542925273226
1783054005.447128,1783054005.447128,0.0,33.07818635193492,4.399329250489616,3.7149184944409246,70.71627044677734,0.0,0.3937999904155731,-37.63808409484243,4.399329250489616,3.3211185040253515,37.89431978786061,38.03957544850394,3.3211185040253515
1783054005.4809918,1783054005.4809918,0.0,33.14666192423744,4.431498896423508,3.594894253700832,70.81786346435547,0.0,0.3937999904155731,-37.67120154011803,4.431498896423508,3.201094263285259,37.930958436944266,38.065793206337254,3.201094263285259
1783054005.5103102,1783054005.5103102,0.0,32.926873338478515,3.9510988969922236,3.1256384425678534,70.90581512451172,0.0,0.3937999904155731,-37.978941786033204,3.9510988969922236,2.7318384521522803,38.18391286498428,38.281511764941705,2.7318384521522803
1783054005.543492,1783054005.543492,0.0,33.07463480132915,3.9398638400037274,3.0697357178580966,71.00536346435547,0.0,0.3937999904155731,-37.93072866302632,3.9398638400037274,2.6759357274425235,38.13479649855097,38.228567014777035,2.6759357274425235
1783054005.5769925,1783054005.5769925,0.0,33.0651132393232,3.9391397188903468,3.2858797302334617,71.10586547851562,0.0,0.3937999904155731,-38.04075223919242,3.9391397188903468,2.8920797398178886,38.244158412083834,38.35335419321272,2.8920797398178886
1783054005.6132464,1783054005.6132464,0.0,33.2158231879889,3.9795331989623546,3.2586294912485787,71.2146224975586,0.0,0.3937999904155731,-37.99879930956969,3.9795331989623546,2.8648295008330056,38.20661504832111,38.313870615215066,2.8648295008330056
1783054005.6461477,1783054005.6461477,0.0,33.39510901911547,3.945337195448729,3.237004582971963,71.3133316040039,0.0,0.3937999904155731,-37.91822258488843,3.945337195448729,2.84320459255639,38.12292341338652,38.228799378715365,2.84320459255639
1783054005.6755333,1783054005.6755333,0.0,33.66462222486297,4.214860974810795,3.253403461647321,71.4014892578125,0.0,0.3937999904155731,-37.73686703294953,4.214860974810795,2.8596034712317477,37.971518095797755,38.07904303566696,2.8596034712317477
1783054005.6955807,1783054005.6955807,0.0,33.874698583811586,4.443467452533346,3.2237304536536864,71.46163177490234,0.0,0.3937999904155731,-37.58693319109076,4.443467452533346,2.8299304632381133,37.848671703419704,37.954320651804665,2.8299304632381133
1783054005.7283282,1783054005.7283282,0.0,34.02563811705021,4.6157966398543415,3.1790260199033082,71.55986785888672,0.0,0.3937999904155731,-37.53422974183651,4.6157966398543415,2.785226029487735,37.816980060991845,37.91940749759668,2.785226029487735
1783054005.7598245,1783054005.7598245,0.0,34.06341796002038,4.744655174780667,3.1243410781957577,71.65435791015625,0.0,0.3937999904155731,-37.59093995013587,4.744655174780667,2.7305410877801846,37.88918736344571,37.98745021312104,2.7305410877801846
1783054005.793005,1783054005.793005,0.0,34.12986900583633,4.847457552427992,3.0793843402715857,71.75389862060547,0.0,0.3937999904155731,-37.624029614769135,4.847457552427992,2.6855843498560126,37.9350161351701,38.029959406707334,2.6855843498560126
1783054005.8199477,1783054005.8199477,0.0,34.17244527853523,4.883533163904601,3.2070086473173416,71.83473205566406,0.0,0.3937999904155731,-37.662286777128834,4.883533163904601,2.8132086569017685,37.977582090565605,38.081634476383975,2.8132086569017685
1783054005.8532865,1783054005.8532865,0.0,34.10520279266039,4.419560592314491,3.051579365179118,71.93474578857422,0.0,0.3937999904155731,-37.829542995913826,4.419560592314491,2.6577793747635448,38.08683288367296,38.179452986046705,2.6577793747635448
1783054005.8866158,1783054005.8866158,0.0,34.2557037418251,4.5400365541064005,2.9703851132835823,72.03473663330078,0.0,0.3937999904155731,-37.77903289147568,4.5400365541064005,2.5765851228680092,38.05085095142845,38.13798695556975,2.5765851228680092
1783054005.9199595,1783054005.9199595,0.0,34.450860918548535,4.66297881581506,2.8670662127861757,72.134765625,0.0,0.3937999904155731,-37.683904706451465,4.66297881581506,2.4732662223706026,37.97130555250444,38.05176856820684,2.4732662223706026
1783054005.9532828,1783054005.9532828,0.0,34.29178527381443,4.157063413119689,2.683898570044298,72.23473358154297,0.0,0.3937999904155731,-37.942948307728535,4.157063413119689,2.290098579628725,38.16999479307874,38.238633003914714,2.290098579628725
1783054005.9866161,1783054005.9866161,0.0,34.37399499631478,4.040437728892199,2.518437027433484,72.33473205566406,0.0,0.3937999904155731,-37.960737059349285,4.040437728892199,2.124637037017911,38.17515808913055,38.23423567523193,2.124637037017911
1783054006.0199502,1783054006.0199502,0.0,34.5850346718794,4.1853584794856395,2.35013946704367,72.43473815917969,0.0,0.3937999904155731,-37.84970348730029,4.1853584794856395,1.9563394766280968,38.080405455803046,38.13062475001121,1.9563394766280968
1783054006.0532818,1783054006.0532818,0.0,34.769176975065655,4.265623194090017,2.1654588653778646,72.53472900390625,0.0,0.3937999904155731,-37.765552028840595,4.265623194090017,1.7716588749622915,38.0056898539814,38.04696093574699,1.7716588749622915
1783054006.0866148,1783054006.0866148,0.0,34.91670633313863,4.329448652972389,1.9749198287433567,72.63472747802734,0.0,0.3937999904155731,-37.718021144888716,4.329448652972389,1.5811198383277836,37.96568509489848,37.99859450911508,1.5811198383277836
1783054006.1199477,1783054006.1199477,0.0,34.827799434950435,3.811419918871194,2.100001556363523,72.73472595214844,0.0,0.3937999904155731,-37.906926517198,3.811419918871194,1.70620156594795,38.098057690362864,38.1362442246462,1.70620156594795
1783054006.1532817,1783054006.1532817,0.0,34.97401894989232,3.95064518869232,2.1598226735817603,72.83473205566406,0.0,0.3937999904155731,-37.860713105771744,3.95064518869232,1.7660226831661872,38.06627371157432,38.10721756310675,1.7660226831661872
1783054006.1866164,1783054006.1866164,0.0,35.07073941137618,4.024459196102068,1.9345034837608701,72.93473815917969,0.0,0.3937999904155731,-37.86399874780351,4.024459196102068,1.540703493345297,38.07727239436611,38.10843004177897,1.540703493345297
1783054006.2199483,1783054006.2199483,0.0,35.194725672518054,4.074557237039163,1.728552181423388,73.03472900390625,0.0,0.3937999904155731,-37.840003331388196,4.074557237039163,1.3347521910078148,38.05874234387387,38.08214059383714,1.3347521910078148
1783054006.253281,1783054006.253281,0.0,35.24914692873963,3.850538746457215,1.6574157216532353,73.13472747802734,0.0,0.3937999904155731,-37.88558054928772,3.850538746457215,1.2636157312376621,38.08075448562615,38.10171370044617,1.2636157312376621
1783054006.2866135,1783054006.2866135,0.0,35.09874710093816,3.3575337011664144,1.7193797652477647,73.23472595214844,0.0,0.3937999904155731,-38.135978851210275,3.3575337011664144,1.3255797748321916,38.28349403456306,38.306436498764405,1.3255797748321916
1783054006.3199522,1783054006.3199522,0.0,34.99803197046574,2.915268568172371,1.782508273967927,73.3347396850586,0.0,0.3937999904155731,-38.336707714592855,2.915268568172371,1.3887082835523539,38.447391969010035,38.47246365799185,1.3887082835523539
1783054006.3532815,1783054006.3532815,0.0,35.10871404589434,2.8085226712844515,1.7686294701228953,73.43473052978516,0.0,0.3937999904155731,-38.32601648389082,2.8085226712844515,1.3748294797073222,38.428782691084415,38.45336780071236,1.3748294797073222
1783054006.386613,1783054006.386613,0.0,35.0535816174192,2.454085617179164,1.8508225572906627,73.53472137451172,0.0,0.3937999904155731,-38.48113975709252,2.454085617179164,1.4570225668750896,38.55931344333471,38.586831535923174,1.4570225668750896
1783054006.4199483,1783054006.4199483,0.0,35.05370519308446,2.148351675348706,1.9417842575504594,73.63472747802734,0.0,0.3937999904155731,-38.58102228494288,2.148351675348706,1.5479842671348862,38.64079056479348,38.671784944110485,1.5479842671348862
1783054006.4532812,1783054006.4532812,0.0,35.074831280312075,1.8798439171974273,2.035062176388734,73.73472595214844,0.0,0.3937999904155731,-38.65989467183636,1.8798439171974273,1.641262185973161,38.70557155230375,38.74035377682567,1.641262185973161
1783054006.4866133,1783054006.4866133,0.0,35.3154712688773,1.956483709498288,1.9900215583191514,73.83472442626953,0.0,0.3937999904155731,-38.51925315739223,1.956483709498288,1.5962215679035783,38.568908362939226,38.60192502457156,1.5962215679035783
1783054006.519949,1783054006.519949,0.0,35.54077177778778,2.0524772048333757,1.9770836913521534,73.93473052978516,0.0,0.3937999904155731,-38.393958751997374,2.0524772048333757,1.5832837009365803,38.448780622100834,38.48136586198686,1.5832837009365803
1783054006.5532835,1783054006.5532835,0.0,35.80351524658996,2.1772778128953223,1.969242041142102,74.03473663330078,0.0,0.3937999904155731,-38.23122138671082,2.1772778128953223,1.575442050726529,38.293169461331104,38.3255638582059,1.575442050726529
1783054006.5866199,1783054006.5866199,0.0,35.86339288122112,1.9586463377985264,2.116428900532295,74.1347427368164,0.0,0.3937999904155731,-38.27134985559529,1.9586463377985264,1.7226289101167218,38.321436758633475,38.36013510935428,1.7226289101167218
1783054006.6199489,1783054006.6199489,0.0,36.09186293738772,2.3999826634917647,2.003543374459788,74.23473358154297,0.0,0.3937999904155731,-38.14287064415525,2.3999826634917647,1.609743384044215,38.2183005608808,38.25218649337964,1.609743384044215
1783054006.6532815,1783054006.6532815,0.0,36.13966734410062,2.1925479126464262,2.181082708941592,74.33473205566406,0.0,0.3937999904155731,-38.19506471156344,2.1925479126464262,1.787282718526019,38.25794341923999,38.299668591068915,1.787282718526019
1783054006.6866121,1783054006.6866121,0.0,36.09156793793676,1.8593575684038353,2.0549857801861444,74.43472290039062,0.0,0.3937999904155731,-38.343154962453866,1.8593575684038353,1.6611857897705713,38.38821099037999,38.42413670168878,1.6611857897705713
1783054006.7199488,1783054006.7199488,0.0,35.91051650873688,1.4128301935020597,2.29911935144276,74.53472900390625,0.0,0.3937999904155731,-38.62421249516937,1.4128301935020597,1.9053193610271868,38.65004372607706,38.69697820108404,1.9053193610271868
1783054006.753285,1783054006.753285,0.0,35.927500109575256,1.2066760487151045,2.1906014836496914,74.6347427368164,0.0,0.3937999904155731,-38.70724262724115,1.2066760487151045,1.7968014932341183,38.72604677591888,38.76770814088376,1.7968014932341183
1783054006.7866135,1783054006.7866135,0.0,35.99972700534065,1.0243647508190574,2.082571543031674,74.73472595214844,0.0,0.3937999904155731,-38.734998946807785,1.0243647508190574,1.688771552616101,38.74854147644684,38.78532474930236,1.688771552616101
1783054006.81995,1783054006.81995,0.0,35.85971539297632,0.6513625408524932,2.1371876451377885,74.8347396850586,0.0,0.3937999904155731,-38.975024292082274,0.6513625408524932,1.7433876547222154,38.98046679720536,39.01943352026868,1.7433876547222154
1783054006.8532813,1783054006.8532813,0.0,35.91533511194892,0.5801452341130602,2.0254771986583138,74.93473052978516,0.0,0.3937999904155731,-39.019395417836236,0.5801452341130602,1.6316772082427407,39.023708015335025,39.05780533744852,1.6316772082427407
1783054006.886615,1783054006.886615,0.0,36.0142843753903,0.5387072870179495,1.9070762519177624,75.03472900390625,0.0,0.3937999904155731,-39.02044462851595,0.5387072870179495,1.5132762615021893,39.02416308581346,39.05349292434406,1.5132762615021893
1783054006.919952,1783054006.919952,0.0,36.145143287455525,0.5432197526404094,1.8203578797144722,75.1347427368164,0.0,0.3937999904155731,-38.98959944936088,0.5432197526404094,1.426557889298899,38.993383450545316,39.019469759759446,1.426557889298899
1783054006.9532833,1783054006.9532833,0.0,36.166541586643824,0.40968602671574955,2.1047242885101674,75.23473358154297,0.0,0.3937999904155731,-39.068191994899145,0.40968602671574955,1.7109242980945942,39.07034000864067,39.10778350078918,1.7109242980945942
1783054006.9866168,1783054006.9866168,0.0,36.34642267565517,0.4444439239789734,1.9651735390090195,75.3347396850586,0.0,0.3937999904155731,-38.988317009403424,0.4444439239789734,1.5713735485934464,38.9908501270144,39.02250130958441,1.5713735485934464
1783054007.0199175,1783054007.0199175,0.0,36.45250457757174,0.239377599142779,1.9653344364595482,75.43463897705078,0.0,0.3937999904155731,-38.982134399479044,0.239377599142779,1.571534446043975,38.982869365581834,39.014533503415386,1.571534446043975
1783054007.0532806,1783054007.0532806,0.0,36.7036669634044,0.40589524549162787,1.8293411930799144,75.53472900390625,0.0,0.3937999904155731,-38.83106204050185,0.40589524549162787,1.4355412026643413,38.83318336350519,38.85970803657901,1.4355412026643413
1783054007.0866141,1783054007.0866141,0.0,37.03554464721437,0.7479058765524627,1.8977954444470524,75.63472747802734,0.0,0.3937999904155731,-38.59918283081297,0.7479058765524627,1.5039954540314793,38.606427941557975,38.63571250452689,1.5039954540314793
1783054007.1199477,1783054007.1199477,0.0,37.34090667239962,1.0940447745575894,1.9504654343865908,75.73472595214844,0.0,0.3937999904155731,-38.39381927974882,1.0940447745575894,1.5566654439710177,38.40940370345196,38.44093521441957,1.5566654439710177
1783054007.1532815,1783054007.1532815,0.0,37.63785122413104,1.4565518904732928,2.0069833682265186,75.83473205566406,0.0,0.3937999904155731,-38.19688083153302,1.4565518904732928,1.6131833778109455,38.22464190372457,38.258667113197,1.6131833778109455
1783054007.186614,1783054007.186614,0.0,37.90803533710595,1.810421724392157,2.061116733981344,75.93473052978516,0.0,0.3937999904155731,-38.026695192679206,1.810421724392157,1.6673167435657708,38.069767192577935,38.10626089267297,1.6673167435657708
1783054007.2199466,1783054007.2199466,0.0,38.12974798597263,2.0863883148539633,2.1216589704594564,76.03472900390625,0.0,0.3937999904155731,-37.90498101793362,2.0863883148539633,1.7278589800438833,37.96235770036244,38.001659158847076,1.7278589800438833
1783054007.2532797,1783054007.2532797,0.0,38.0272629171981,2.450865107648397,2.5092327316508696,76.13472747802734,0.0,0.3937999904155731,-38.10746456082924,2.450865107648397,2.1154327412352965,38.18619639386391,38.2447467074033,2.1154327412352965
1783054007.2866142,1783054007.2866142,0.0,38.14344935434204,2.680853648565968,2.5741384260275213,76.23472595214844,0.0,0.3937999904155731,-38.0912765978064,2.680853648565968,2.180338435611948,38.18549893789032,38.24769541854032,2.180338435611948
1783054007.3199477,1783054007.3199477,0.0,38.16227831211245,2.9046551333586326,2.6380660956885116,76.33473205566406,0.0,0.3937999904155731,-38.172453743551614,2.9046551333586326,2.2442661052729385,38.28280614384654,38.348532913249905,2.2442661052729385
1783054007.353284,1783054007.353284,0.0,38.16623755095548,3.095661610943113,2.711386758291407,76.43473815917969,0.0,0.3937999904155731,-38.26850060822421,3.095661610943113,2.317586767875834,38.39350543530928,38.46339127063234,2.317586767875834
1783054007.3866143,1783054007.3866143,0.0,38.202673973551185,3.262109379080447,2.789763944802807,76.53472900390625,0.0,0.3937999904155731,-38.332055030355065,3.262109379080447,2.3959639543872338,38.47060956693114,38.54514812167644,2.3959639543872338
1783054007.4199474,1783054007.4199474,0.0,38.242956581392725,3.4165680907909377,2.852546440407857,76.63472747802734,0.0,0.3937999904155731,-38.39177089663462,3.4165680907909377,2.458746449992284,38.543495042596895,38.62183895419846,2.458746449992284
1783054007.453282,1783054007.453282,0.0,38.04910472499515,3.6685346252641415,3.169680102271858,76.73473358154297,0.0,0.3937999904155731,-38.685628856547815,3.6685346252641415,2.775880111856285,38.85918200790293,38.95820243182077,2.775880111856285
1783054007.4866176,1783054007.4866176,0.0,38.071992380491515,3.8212819147873365,3.1375080218168767,76.8347396850586,0.0,0.3937999904155731,-38.76274730456708,3.8212819147873365,2.7437080314013036,38.950645361405805,39.04716004822347,2.7437080314013036
1783054007.519988,1783054007.519988,0.0,38.20112330284066,3.7333479566851646,3.206730132877369,76.93485260009766,0.0,0.3937999904155731,-38.733729297257,3.7333479566851646,2.812930142461796,38.91323261101383,39.01476961645731,2.812930142461796
1783054007.5532815,1783054007.5532815,0.0,38.21748749356769,3.8817334109500563,3.136032790589078,77.03472900390625,0.0,0.3937999904155731,-38.81724151033856,3.8817334109500563,2.742232800173505,39.01084583478852,39.10710847756434,2.742232800173505
1783054007.5866125,1783054007.5866125,0.0,38.283942423134576,4.048069607998718,3.132617599286941,77.13472747802734,0.0,0.3937999904155731,-38.85078505489277,4.048069607998718,2.738817608871368,39.06111067203136,39.157010723845424,2.738817608871368
1783054007.6199472,1783054007.6199472,0.0,38.53041225056797,3.5975724215988816,3.1615937009387705,77.23472595214844,0.0,0.3937999904155731,-38.70431370158047,3.5975724215988816,2.7677937105231973,38.87115159651175,38.96956643924859,2.7677937105231973
1783054007.6532805,1783054007.6532805,0.0,38.66647330482289,3.537527898044259,3.1830971649487063,77.33472442626953,0.0,0.3937999904155731,-38.668251121446644,3.537527898044259,2.789297174533133,38.82972763773526,38.92978200746261,2.789297174533133
1783054007.6866138,1783054007.6866138,0.0,38.6699968631161,3.606234780757775,3.398883741949851,77.43473052978516,0.0,0.3937999904155731,-38.76473366666906,3.606234780757775,3.005083751534278,38.932114064634774,39.04791971277686,3.005083751534278
1783054007.719948,1783054007.719948,0.0,38.71736906779909,3.6260642823203804,3.5753663244014584,77.53472900390625,0.0,0.3937999904155731,-38.81735993610716,3.6260642823203804,3.1815663339858853,38.986353697015794,39.11595759950623,3.1815663339858853
1783054007.7532845,1783054007.7532845,0.0,38.878376875670604,3.543194541933808,3.4939076459664915,77.6347427368164,0.0,0.3937999904155731,-38.7563658611458,3.543194541933808,3.1001076555509184,38.917992269963996,39.041270340512526,3.1001076555509184
1783054007.7866182,1783054007.7866182,0.0,39.09400265777539,3.342847445520927,3.6967732810034426,77.7347412109375,0.0,0.3937999904155731,-38.64073855316211,3.342847445520927,3.3029732905878695,38.785065488894745,38.92545359448225,3.3029732905878695
1783054007.8199503,1783054007.8199503,0.0,39.27202235651229,3.173562562412875,3.811595065269558,77.8347396850586,0.0,0.3937999904155731,-38.562717328546306,3.173562562412875,3.4177950748539847,38.69308293608709,38.843738108897426,3.4177950748539847
1783054007.853283,1783054007.853283,0.0,39.520355198149545,3.00721296268543,3.9047754194846673,77.93473815917969,0.0,0.3937999904155731,-38.41438296103014,3.00721296268543,3.510975429069094,38.5319107763893,38.69153778984693,3.510975429069094
1783054007.886614,1783054007.886614,0.0,39.72369851249867,2.900717936236953,3.914550178632128,78.03472900390625,0.0,0.3937999904155731,-38.31103049140758,2.900717936236953,3.520750188216555,38.42068742044015,38.581665383274924,3.520750188216555
1783054007.9199476,1783054007.9199476,0.0,39.96605450485624,2.830914929222319,3.846118847383715,78.13472747802734,0.0,0.3937999904155731,-38.168672973171105,2.830914929222319,3.452318856968142,38.27351141284761,38.428897738024624,3.452318856968142
1783054007.953281,1783054007.953281,0.0,40.24747319635416,2.7735238803743405,3.748445517774312,78.23472595214844,0.0,0.3937999904155731,-37.98725275579428,2.7735238803743405,3.354645527358739,38.08836839046282,38.23581375179342,3.354645527358739
1783054007.9866135,1783054007.9866135,0.0,40.50298813819363,2.774462359351677,3.6956299975586906,78.33472442626953,0.0,0.3937999904155731,-37.8317362880759,2.774462359351677,3.3018300071431175,37.933335101912384,38.076764481111695,3.3018300071431175
1783054008.0199494,1783054008.0199494,0.0,40.759317171413315,2.786951325178085,3.643166148111474,78.43473815917969,0.0,0.3937999904155731,-37.67542098776637,2.786951325178085,3.249366157695901,37.77835947065911,37.91784309162532,3.249366157695901
1783054008.0532806,1783054008.0532806,0.0,40.8248847951728,3.093027408682977,3.5151329838968346,78.53472900390625,0.0,0.3937999904155731,-37.70984420873345,3.093027408682977,3.1213329934812615,37.83647933935995,37.96500873770486,3.1213329934812615
1783054008.086614,1783054008.086614,0.0,41.031611462738105,3.089102124090262,3.403930338877196,78.63472747802734,0.0,0.3937999904155731,-37.60311601528924,3.089102124090262,3.010130348461623,37.72978778090808,37.8496733236509,3.010130348461623
1783054008.1199472,1783054008.1199472,0.0,41.10088665879751,3.360047461472663,3.3057751822854886,78.73472595214844,0.0,0.3937999904155731,-37.633839293350924,3.360047461472663,2.9119751918699155,37.78353846453655,37.895585210142606,2.9119751918699155
1783054008.1532807,1783054008.1532807,0.0,41.1752799914148,3.5803490763015278,3.204378963717733,78.83472442626953,0.0,0.3937999904155731,-37.659444434854734,3.5803490763015278,2.8105789733021598,37.829256596582546,37.933520912449616,2.8105789733021598
1783054008.1866155,1783054008.1866155,0.0,41.22270014905707,3.7758518265367167,3.1000037754190686,78.93473052978516,0.0,0.3937999904155731,-37.71203038072809,3.7758518265367167,2.7062037850034955,37.900584328647476,37.997076616219914,2.7062037850034955
1783054008.2199516,1783054008.2199516,0.0,41.269321075042846,3.954390880015897,3.0182961226443736,79.03474426269531,0.0,0.3937999904155731,-37.765423187652466,3.954390880015897,2.6244961322288005,37.971889547064045,38.06247989454334,2.6244961322288005
1783054008.2532809,1783054008.2532809,0.0,41.30601408980145,4.123324869748465,2.9731198929969795,79.13472747802734,0.0,0.3937999904155731,-37.82871338822589,4.123324869748465,2.5793199025814064,38.052770787289944,38.140087254093686,2.5793199025814064
1783054008.286614,1783054008.286614,0.0,41.32355732664669,4.28818447265444,2.9542590804315343,79.23472595214844,0.0,0.3937999904155731,-37.911168625501745,4.28818447265444,2.560459090015961,38.15291905769128,38.23873930158247,2.560459090015961
1783054008.31995,1783054008.31995,0.0,41.45346146257853,4.466721400750478,2.83519769031422,79.3347396850586,0.0,0.3937999904155731,-37.88127822248006,4.466721400750478,2.441397699898647,38.1437129792167,38.22176425245092,2.441397699898647
1783054008.3532865,1783054008.3532865,0.0,41.60207966230652,4.652520180965698,2.7381880452085783,79.43474578857422,0.0,0.3937999904155731,-37.832666126267696,4.652520180965698,2.344388054793005,38.117667429368446,38.18969397111467,2.344388054793005
1783054008.386615,1783054008.386615,0.0,41.76802418611694,4.542418276167059,2.8082196020427044,79.53472900390625,0.0,0.3937999904155731,-37.76670481778931,4.542418276167059,2.4144196116271313,38.038895312425765,38.11544278439772,2.4144196116271313
1783054008.422891,1783054008.422891,0.0,41.883311264850654,4.442120618105033,2.881254234772764,79.64356231689453,0.0,0.3937999904155731,-37.76025105204388,4.442120618105033,2.487454244357191,38.02063906747458,38.1019215226338,2.487454244357191
1783054008.454221,1783054008.454221,0.0,41.94791119393263,4.354325175901044,2.9403851954506535,79.737548828125,0.0,0.3937999904155731,-37.78963763419237,4.354325175901044,2.5465852050350803,38.03967481802458,38.1248207401367,2.5465852050350803
1783054008.4866157,1783054008.4866157,0.0,41.907965814003624,4.309625693339594,3.000969900160181,79.83473205566406,0.0,0.3937999904155731,-37.92676624166044,4.309625693339594,2.607169909744608,38.17083272822649,38.25976746014702,2.607169909744608
1783054008.5199516,1783054008.5199516,0.0,41.869954921743364,4.27999284814363,3.073821772704416,79.93473815917969,0.0,0.3937999904155731,-38.06478323743632,4.27999284814363,2.680021782288843,38.304648042935646,38.3982887437281,2.680021782288843
1783054008.5532873,1783054008.5532873,0.0,41.97914774803534,4.550146912564325,2.9396487868651127,80.03474426269531,0.0,0.3937999904155731,-38.055596514659975,4.550146912564325,2.5458487964495395,38.32665212371828,38.41111309382875,2.5458487964495395
1783054008.5866158,1783054008.5866158,0.0,42.03511572219415,4.402419437485107,3.0466135813012283,80.13473510742188,0.0,0.3937999904155731,-38.099619385227726,4.402419437485107,2.652813590885655,38.35312626374501,38.44476185582055,2.652813590885655
1783054008.6199493,1783054008.6199493,0.0,41.905391026769685,4.989278007394053,3.029562428944737,80.23473358154297,0.0,0.3937999904155731,-38.329342554773284,4.989278007394053,2.635762438529164,38.65270230806922,38.7424655816919,2.635762438529164
1783054008.6536734,1783054008.6536734,0.0,41.805881523758025,5.530282430314571,3.0364405359544118,80.33590698242188,0.0,0.3937999904155731,-38.53002545866385,5.530282430314571,2.6426405455388386,38.9248877404204,39.01449006019759,2.6426405455388386
1783054008.6866145,1783054008.6866145,0.0,41.74195766626476,6.027226349901449,3.0229287325350653,80.43473052978516,0.0,0.3937999904155731,-38.692772863520396,6.027226349901449,2.629128742119492,39.15939388372765,39.247553392327085,2.629128742119492
1783054008.7199483,1783054008.7199483,0.0,41.70507108235232,6.474062726352643,3.03426264890061,80.53472900390625,0.0,0.3937999904155731,-38.82965792155393,6.474062726352643,2.640462658485037,39.36566806863113,39.45412355559934,2.640462658485037
1783054008.7532806,1783054008.7532806,0.0,41.6899674150911,6.884796309003214,3.0665314211540995,80.63472747802734,0.0,0.3937999904155731,-38.94476006293625,6.884796309003214,2.6727314307385264,39.54863785993315,39.63884773649451,2.6727314307385264
1783054008.7866137,1783054008.7866137,0.0,41.68034730196574,7.250157093412266,3.0992027233371537,80.73472595214844,0.0,0.3937999904155731,-39.0543786501827,7.250157093412266,2.7054027329215806,39.721647368041054,39.81367194291808,2.7054027329215806
1783054008.8199496,1783054008.8199496,0.0,41.67574686166793,7.569391308645816,3.1359708073273365,80.83473205566406,0.0,0.3937999904155731,-39.15898519399613,7.569391308645816,2.7421708169117633,39.883853953787,39.97801029311156,2.7421708169117633
1783054008.8532846,1783054008.8532846,0.0,41.69775634315462,7.850081094319417,3.170165171707729,80.93473815917969,0.0,0.3937999904155731,-39.236981816025065,7.850081094319417,2.7763651812921557,40.014553792569934,40.110755650303624,2.7763651812921557
1783054008.886616,1783054008.886616,0.0,41.738220695977795,8.102785594679126,3.1931128018191077,81.03473663330078,0.0,0.3937999904155731,-39.29651593732299,8.102785594679126,2.7993128114035346,40.12320150742733,40.22073409849337,2.7993128114035346
1783054008.91995,1783054008.91995,0.0,41.777811046108226,8.321243867800993,3.2259360319133155,81.13473510742188,0.0,0.3937999904155731,-39.35692406131365,8.321243867800993,2.8321360414977423,40.22698809351037,40.32656153992025,2.8321360414977423
1783054008.953279,1783054008.953279,0.0,41.81578511271571,8.516441634442385,3.251101112281159,81.23472595214844,0.0,0.3937999904155731,-39.41894083943273,8.516441634442385,2.8573011218655857,40.32843506777273,40.42952936550926,2.8573011218655857
1783054008.9866152,1783054008.9866152,0.0,41.8787949300056,8.691897761301068,3.2553213475489104,81.33473205566406,0.0,0.3937999904155731,-39.455937125658465,8.691897761301068,2.8615213571333373,40.40198090634696,40.503189573589815,2.8615213571333373
1783054009.0199523,1783054009.0199523,0.0,41.93554087941184,8.845988370792968,3.26009889098386,81.43474578857422,0.0,0.3937999904155731,-39.49920490916238,8.845988370792968,2.866298900568287,40.47763207886798,40.57898924443044,2.866298900568287
1783054009.0532858,1783054009.0532858,0.0,41.98761320998852,8.967522612635772,3.2689596965700063,81.53474426269531,0.0,0.3937999904155731,-39.547131052706796,8.967522612635772,2.875159706154433,40.55110400849895,40.652903704950695,2.875159706154433
1783054009.0866194,1783054009.0866194,0.0,42.0811947144078,9.077929505699492,3.2719214309431095,81.6347427368164,0.0,0.3937999904155731,-39.553548022408606,9.077929505699492,2.8781214405275364,40.58191672742224,40.6838487399835,2.8781214405275364
1783054009.119952,1783054009.119952,0.0,42.17918908891312,9.180052175498378,3.269815343427639,81.7347412109375,0.0,0.3937999904155731,-39.55555212202438,9.180052175498378,2.876015353012066,40.606835158912105,40.70855593034247,2.876015353012066
1783054009.1532805,1783054009.1532805,0.0,42.28060094594441,9.27446754802566,3.250058167258548,81.83472442626953,0.0,0.3937999904155731,-39.554123480325124,9.27446754802566,2.856258176842975,40.62689297246577,40.72717327987508,2.856258176842975
1783054009.1866164,1783054009.1866164,0.0,42.20518987197313,9.261949150007295,3.4703751323987144,81.93473815917969,0.0,0.3937999904155731,-39.729548287206555,9.261949150007295,3.0765751419831413,40.79486130829223,40.910707935295704,3.0765751419831413
1783054009.2199485,1783054009.2199485,0.0,42.146946073177574,9.248803753291199,3.6701831921376025,82.03472900390625,0.0,0.3937999904155731,-39.887782930728676,9.248803753291199,3.2763832017220293,40.946008327989965,41.07688260908257,3.2763832017220293
1783054009.2532825,1783054009.2532825,0.0,42.11217991901742,9.23550220188636,3.8591404609230096,82.13473510742188,0.0,0.3937999904155731,-40.02255518840445,9.23550220188636,3.4653404705074364,41.074315876590425,41.22023786086714,3.4653404705074364
1783054009.2866123,1783054009.2866123,0.0,42.272590745890646,9.285909195288632,3.7697088619806864,82.23472595214844,0.0,0.3937999904155731,-39.96213520625779,9.285909195288632,3.3759088715651133,41.0268248811235,41.16548457792628,3.3759088715651133
1783054009.3199487,1783054009.3199487,0.0,42.45971978563079,9.335179141841802,3.68150557486438,82.33473205566406,0.0,0.3937999904155731,-39.875012270033274,9.335179141841802,3.287705584448807,40.95317048954308,41.08492644700241,3.287705584448807
1783054009.3532808,1783054009.3532808,0.0,42.657619118722224,8.984597842396278,3.853851242384585,82.43473052978516,0.0,0.3937999904155731,-39.77711141106293,8.984597842396278,3.460051251969012,40.77918084755633,40.92570763302642,3.460051251969012
1783054009.3866146,1783054009.3866146,0.0,42.831446145429325,8.665889420278198,4.01164862600897,82.53472900390625,0.0,0.3937999904155731,-39.703282858476925,8.665889420278198,3.617848635593397,40.63801556651995,40.798739416001354,3.617848635593397
1783054009.4199495,1783054009.4199495,0.0,42.999614350823855,8.373117101832424,4.169534454304919,82.63473510742188,0.0,0.3937999904155731,-39.63512075659802,8.373117101832424,3.7757344638893455,40.50989863466837,40.685477238603305,3.7757344638893455
1783054009.4532816,1783054009.4532816,0.0,43.153616989557825,8.500370368070381,4.054358156485089,82.73473358154297,0.0,0.3937999904155731,-39.58111659198514,8.500370368070381,3.6605581660695155,40.48359034303517,40.64874872797278,3.6605581660695155
1783054009.486617,1783054009.486617,0.0,43.25299808926602,8.166255153021979,4.23231307112166,82.8347396850586,0.0,0.3937999904155731,-39.58174159579257,8.166255153021979,3.838513080706087,40.41536825244023,40.597243424290596,3.838513080706087
1783054009.519958,1783054009.519958,0.0,43.35646660109228,8.288047045161253,4.148763834108735,82.93476104736328,0.0,0.3937999904155731,-39.578294446271,8.288047045161253,3.7549638436931616,40.43677923745327,40.610748190177134,3.7549638436931616
1783054009.55327,1783054009.55327,0.0,43.46012412853055,8.3936290958214,4.091503820895747,83.03469848632812,0.0,0.3937999904155731,-39.57457435779757,8.3936290958214,3.697703830480174,40.45491249525907,40.62355177254959,3.697703830480174
1783054009.5866182,1783054009.5866182,0.0,43.50708141235488,8.482247924629712,4.024602283268648,83.1347427368164,0.0,0.3937999904155731,-39.62766132446153,8.482247924629712,3.630802292853075,40.52530162628169,40.68762461966656,3.630802292853075
1783054009.6199534,1783054009.6199534,0.0,43.57559177784597,8.566546209357373,3.9633542919491624,83.23474884033203,0.0,0.3937999904155731,-39.65915706248606,8.566546209357373,3.5695543015335893,40.573814867029604,40.730531187005035,3.5695543015335893
1783054009.6532845,1783054009.6532845,0.0,43.63311281622495,8.637944599545557,3.8878831426317415,83.3347396850586,0.0,0.3937999904155731,-39.70162686883364,8.637944599545557,3.4940831522161684,40.63044748629913,40.780410493415985,3.4940831522161684
1783054009.6866133,1783054009.6866133,0.0,43.6898760106652,8.706300004716375,3.8004335805521277,83.43472290039062,0.0,0.3937999904155731,-39.74484688972542,8.706300004716375,3.4066335901365545,40.687252476172944,40.82961751568691,3.4066335901365545
1783054009.719947,1783054009.719947,0.0,43.74595540349719,8.781719708920564,3.7059189056308837,83.53472900390625,0.0,0.3937999904155731,-39.78877360040906,8.781719708920564,3.3121189152153105,40.746350826431716,40.880744090331575,3.3121189152153105
1783054009.7532835,1783054009.7532835,0.0,43.73547761216879,8.45676633695412,3.8717039702081926,83.63473510742188,0.0,0.3937999904155731,-39.89925749525308,8.45676633695412,3.4779039797926194,40.78563038069106,40.933647060126546,3.4779039797926194
1783054009.7866132,1783054009.7866132,0.0,43.775978555179016,8.187553494893702,3.988253396030807,83.73472595214844,0.0,0.3937999904155731,-39.95874739696942,8.187553494893702,3.594453405615234,40.78893876734912,40.947009915886355,3.594453405615234
1783054009.819948,1783054009.819948,0.0,43.82937371495563,7.947570478437115,4.061177502967568,83.83473205566406,0.0,0.3937999904155731,-40.00535834070843,7.947570478437115,3.6673775125519947,40.7871618585826,40.951706073102585,3.6673775125519947
1783054009.853283,1783054009.853283,0.0,43.894998793048316,7.73575476403431,4.094706091625283,83.93473815917969,0.0,0.3937999904155731,-40.03973936613137,7.73575476403431,3.7009061012097098,40.780174475803925,40.94776350726595,3.7009061012097098
1783054009.8866138,1783054009.8866138,0.0,43.926568113328756,7.569335886317217,4.068645713927018,84.03472900390625,0.0,0.3937999904155731,-40.108160890577494,7.569335886317217,3.674845723511445,40.81616610834902,40.981262875562415,3.674845723511445
1783054009.9199529,1783054009.9199529,0.0,43.96724634362168,7.393950390776081,3.996278169813971,84.1347427368164,0.0,0.3937999904155731,-40.167496393194725,7.393950390776081,3.602478179398398,40.84235875752733,41.00092825670671,3.602478179398398
1783054009.9532802,1783054009.9532802,0.0,44.121478920191855,7.259072730776448,3.736246172901017,84.23472595214844,0.0,0.3937999904155731,-40.11324703195658,7.259072730776448,3.342446182485444,40.764773081147844,40.90157296291046,3.342446182485444
1783054009.9866166,1783054009.9866166,0.0,44.254930611751995,7.1035824607824996,3.476230877095133,84.3347396850586,0.0,0.3937999904155731,-40.0798090733066,7.1035824607824996,3.08243088667956,40.70444667514653,40.82099165014249,3.08243088667956
1783054010.0199482,1783054010.0199482,0.0,44.39067416548776,6.926997813221296,3.2162765787352074,84.43473052978516,0.0,0.3937999904155731,-40.0440563642974,6.926997813221296,2.8224765883196343,40.638771497320135,40.736668038795365,2.8224765883196343
1783054010.0532804,1783054010.0532804,0.0,44.496707701254515,6.816959371636308,2.9610664012545973,84.53472900390625,0.0,0.3937999904155731,-40.038021302651735,6.816959371636308,2.567266410839024,40.61421038141865,40.695269279491896,2.567266410839024
1783054010.086615,1783054010.086615,0.0,44.54398861759863,6.69871576679712,2.799079151537334,84.63473510742188,0.0,0.3937999904155731,-40.090746489823246,6.69871576679712,2.405279161121761,40.6465342561406,40.717638866694344,2.405279161121761
1783054010.119949,1783054010.119949,0.0,44.54582404405802,6.670094543628161,2.6466944708485407,84.73473358154297,0.0,0.3937999904155731,-40.188909537484946,6.670094543628161,2.2528944804329676,40.73866236185334,40.800908624356055,2.2528944804329676
1783054010.1532853,1783054010.1532853,0.0,44.57141836163624,6.639250858431502,2.5011699813855617,84.8347396850586,0.0,0.3937999904155731,-40.26332132342235,6.639250858431502,2.1073699909699886,40.80704223481947,40.861420731946914,2.1073699909699886
1783054010.1866162,1783054010.1866162,0.0,44.62184250909096,6.6530216608024,2.3825340707445655,84.93473815917969,0.0,0.3937999904155731,-40.31289565008873,6.6530216608024,1.9887340803289923,40.85819688769988,40.90656812977973,1.9887340803289923
1783054010.2199464,1783054010.2199464,0.0,44.695386058675,6.638859178224628,2.2950494709009037,85.03472900390625,0.0,0.3937999904155731,-40.33934294523125,6.638859178224628,1.9012494804853306,40.881989193791384,40.92617487657894,1.9012494804853306
1783054010.2532809,1783054010.2532809,0.0,44.73630574957274,6.601105972239355,1.9641687845376212,85.13472747802734,0.0,0.3937999904155731,-40.3984217284546,6.601105972239355,1.570368794122048,40.93417982819256,40.964290990524404,1.570368794122048
1783054010.2866137,1783054010.2866137,0.0,44.79565063497434,6.555062491720405,1.6753659594114416,85.23472595214844,0.0,0.3937999904155731,-40.439075317174094,6.555062491720405,1.2815659689958685,40.96690929004089,40.98694997326987,1.2815659689958685
1783054010.3199475,1783054010.3199475,0.0,44.8630332144262,6.498571620903618,1.432520020457641,85.33473205566406,0.0,0.3937999904155731,-40.47169884123786,6.498571620903618,1.0387200300420678,40.99011881182913,41.00327766787283,1.0387200300420678
1783054010.35328,1783054010.35328,0.0,44.9205264837062,6.447950777120264,1.2429547649490729,85.43472290039062,0.0,0.3937999904155731,-40.51419641668443,6.447950777120264,0.8491547745334997,41.02409268361521,41.03288003960926,0.8491547745334997
1783054010.3866162,1783054010.3866162,0.0,45.09246050079766,6.026968099041593,1.472224745787837,85.53473663330078,0.0,0.3937999904155731,-40.442276132503125,6.026968099041593,1.078424755372264,40.88889877759606,40.90311776866767,1.078424755372264
1783054010.4199495,1783054010.4199495,0.0,45.22843143354193,5.685191956881841,1.7153839964785935,85.63473510742188,0.0,0.3937999904155731,-40.40630367387995,5.685191956881841,1.3215840060630204,40.804298599196606,40.825694953760184,1.3215840060630204
1783054010.4532838,1783054010.4532838,0.0,45.27919113457739,5.457754415597561,1.9477281383862393,85.7347412109375,0.0,0.3937999904155731,-40.45555007636011,5.457754415597561,1.5539281479706661,40.82203590270646,40.85160104489065,1.5539281479706661
1783054010.4866133,1783054010.4866133,0.0,45.36684483079037,5.86820875100796,2.055665020170337,85.83472442626953,0.0,0.3937999904155731,-40.46787959547916,5.86820875100796,1.6618650297547637,40.89113782838042,40.92489399224789,1.6618650297547637
1783054010.519949,1783054010.519949,0.0,45.37581766676907,5.6565665318467495,2.274591317305844,85.93473052978516,0.0,0.3937999904155731,-40.55891286301608,5.6565665318467495,1.8807913268902707,40.951460994193354,40.99462810630492,1.8807913268902707
1783054010.5532806,1783054010.5532806,0.0,45.33585218115215,5.499976746453047,2.4290588315915342,86.03472900390625,0.0,0.3937999904155731,-40.6988768227541,5.499976746453047,2.035258841175961,41.068824171690565,41.119224182805546,2.035258841175961
1783054010.5866165,1783054010.5866165,0.0,45.336267240009484,5.315526403521889,2.4203977470049107,86.13473510742188,0.0,0.3937999904155731,-40.79846786741239,5.315526403521889,2.0265977565893376,41.143283793042336,41.19316569216103,2.0265977565893376
1783054010.619948,1783054010.619948,0.0,45.32282513435594,5.174678162289308,2.420875500834073,86.23473358154297,0.0,0.3937999904155731,-40.91190844718703,5.174678162289308,2.0270755104185,41.23786545002405,41.28765653314833,2.0270755104185
1783054010.6532807,1783054010.6532807,0.0,45.376150222810885,5.337919474737613,2.3747513244509375,86.33473205566406,0.0,0.3937999904155731,-40.95858183285318,5.337919474737613,1.9809513340353644,41.304948978025784,41.35242409176432,1.9809513340353644
1783054010.6866148,1783054010.6866148,0.0,45.376264140380286,5.257835979120023,2.4077628430446296,86.43473052978516,0.0,0.3937999904155731,-41.05846638940487,5.257835979120023,2.0139628526290565,41.39374954547146,41.44271404969742,2.0139628526290565
1783054010.7199495,1783054010.7199495,0.0,45.46510636398882,5.805380717883843,2.521892405348944,86.53473663330078,0.0,0.3937999904155731,-41.06963026931196,5.805380717883843,2.128092414933371,41.477909490927374,41.53246625308999,2.128092414933371
1783054010.753281,1783054010.753281,0.0,45.538778738563146,6.304985958950903,2.654990792455614,86.63472747802734,0.0,0.3937999904155731,-41.0959487394642,6.304985958950903,2.261190802040041,41.576794618383424,41.638237649814954,2.261190802040041
1783054010.7866156,1783054010.7866156,0.0,45.67440753280091,6.394276380991452,2.6216543373861634,86.73473358154297,0.0,0.3937999904155731,-41.060326048742056,6.394276380991452,2.2278543469705903,41.55523006392228,41.614906952399,2.2278543469705903
1783054010.8199506,1783054010.8199506,0.0,45.788223311917776,6.2454079937329245,2.623637155626174,86.8347396850586,0.0,0.3937999904155731,-41.04651637314082,6.2454079937329245,2.229837165210601,41.518930951780305,41.57876622943561,2.229837165210601
1783054010.8532858,1783054010.8532858,0.0,45.91018542573109,6.086849313271478,2.6040627666442893,86.93474578857422,0.0,0.3937999904155731,-41.024560362843125,6.086849313271478,2.210262776228716,41.47365775437504,41.532511952288836,2.210262776228716
1783054010.8866258,1783054010.8866258,0.0,46.10040175860714,6.192523788872884,2.5631167733283897,87.03475952148438,0.0,0.3937999904155731,-40.934357762877234,6.192523788872884,2.1693167829128166,41.40010865124612,41.4569045110656,2.1693167829128166
1783054010.9199488,1783054010.9199488,0.0,46.30606346725521,6.325233306593146,2.5047596785307156,87.13473510742188,0.0,0.3937999904155731,-40.82867164016667,6.325233306593146,2.1109596881151425,41.315723451046885,41.36961632754445,2.1109596881151425
1783054010.953283,1783054010.953283,0.0,46.51130980953244,6.425320942151126,2.4717682129439416,87.23473358154297,0.0,0.3937999904155731,-40.72342377201053,6.425320942151126,2.0779682225283684,41.22719967356985,41.27953421319378,2.0779682225283684
1783054010.9866154,1783054010.9866154,0.0,46.698859458672274,6.539234206834698,2.466178896595361,87.33473205566406,0.0,0.3937999904155731,-40.63587259699179,6.539234206834698,2.0723789061797877,41.15866525691504,41.21080537991904,2.0723789061797877
1783054011.0199544,1783054011.0199544,0.0,46.90499102001864,6.620291014358028,2.4122422122885934,87.43474578857422,0.0,0.3937999904155731,-40.52975476855558,6.620291014358028,2.0184422218730202,41.06688781383419,41.1164612256099,2.0184422218730202
1783054011.0532866,1783054011.0532866,0.0,47.13477544649823,6.692007629982883,2.3591371987184426,87.53474426269531,0.0,0.3937999904155731,-40.39996881619708,6.692007629982883,1.9653372083028695,40.95046332423414,40.99759745170179,1.9653372083028695
1783054011.0866203,1783054011.0866203,0.0,47.327033672382335,6.793783759274824,2.3117384268911056,87.63475036621094,0.0,0.3937999904155731,-40.3077166938286,6.793783759274824,1.9179384364755325,40.876246437726344,40.921217121242194,1.9179384364755325
1783054011.119953,1783054011.119953,0.0,47.491930756364056,6.857762110936239,2.286568910179875,87.7347412109375,0.0,0.3937999904155731,-40.242810454573444,6.857762110936239,1.8927689197643018,40.82294323603969,40.86679909947125,1.8927689197643018
1783054011.1532834,1783054011.1532834,0.0,47.64847181135435,6.9192310115368025,2.287399083148845,87.8347396850586,0.0,0.3937999904155731,-40.186267873704246,6.9192310115368025,1.8935990927332718,40.77759045613322,40.821533544590494,1.8935990927332718
1783054011.186614,1783054011.186614,0.0,47.82155469814647,6.924790320630654,2.2865712119110384,87.93473052978516,0.0,0.3937999904155731,-40.113175831638685,6.924790320630654,1.8927712214954653,40.706505576930354,40.75048685821537,1.8927712214954653
1783054011.2199476,1783054011.2199476,0.0,47.967312973757316,6.946687411152532,2.2964617268017715,88.03472900390625,0.0,0.3937999904155731,-40.067416030148934,6.946687411152532,1.9026617363861984,40.66514838681031,40.70963540741195,1.9026617363861984
1783054011.2532825,1783054011.2532825,0.0,48.10995592824419,6.94828582708002,2.324155089842366,88.13473510742188,0.0,0.3937999904155731,-40.024779179177685,6.94828582708002,1.930355099426793,40.623412267764216,40.66924999414938,1.930355099426793
1783054011.2866168,1783054011.2866168,0.0,48.241841663606195,6.970881633968425,2.385290729732704,88.23473358154297,0.0,0.3937999904155731,-39.992891917936774,6.970881633968425,1.9914907393171308,40.59586918289311,40.644687599726446,1.9914907393171308
1783054011.319948,1783054011.319948,0.0,48.36129948952405,7.012147038442475,2.450376246909935,88.33473205566406,0.0,0.3937999904155731,-39.97343256614001,7.012147038442475,2.056576256494362,40.58380855967661,40.63588344194398,2.056576256494362
1783054011.3532825,1783054011.3532825,0.0,48.48328493490838,7.052603776847647,2.522240126052641,88.43473052978516,0.0,0.3937999904155731,-39.95144559487677,7.052603776847647,2.1284401356370677,40.56916594106421,40.624961323853526,2.1284401356370677
1783054011.3866138,1783054011.3866138,0.0,48.5844440927519,7.085768092381184,2.5936174482329406,88.53472900390625,0.0,0.3937999904155731,-39.95028491115435,7.085768092381184,2.1998174578173675,40.57380157122838,40.63339231210129,2.1998174578173675
1783054011.4199505,1783054011.4199505,0.0,48.68079108737547,7.094964807037441,2.6666763429766207,88.63473510742188,0.0,0.3937999904155731,-39.95394402004641,7.094964807037441,2.2728763525610476,40.57901142672283,40.64261476928045,2.2728763525610476
1783054011.4532833,1783054011.4532833,0.0,48.71841614595059,6.785210598504147,2.678145542231035,88.73473358154297,0.0,0.3937999904155731,-40.01631743559238,6.785210598504147,2.284345551815462,40.587494921122534,40.65172786699535,2.284345551815462
1783054011.486618,1783054011.486618,0.0,48.797583137614886,6.4596269820874905,2.6896015729782023,88.8347396850586,0.0,0.3937999904155731,-40.03715654744371,6.4596269820874905,2.2958015825626292,40.55490950738551,40.61983985762037,2.2958015825626292
1783054011.519948,1783054011.519948,0.0,48.871990642657785,6.539087557388263,2.752337878661638,88.93473052978516,0.0,0.3937999904155731,-40.06273988712737,6.539087557388263,2.358537888246065,40.592890921278524,40.66135135871788,2.358537888246065
1783054011.5532815,1783054011.5532815,0.0,48.95150701716132,6.60024004318525,2.8059728374925137,89.03472900390625,0.0,0.3937999904155731,-40.08322198674493,6.60024004318525,2.4121728470769406,40.622996608649366,40.69455038835684,2.4121728470769406
1783054011.5866158,1783054011.5866158,0.0,49.02730442172406,6.654745077754442,2.8468165270986723,89.13473510742188,0.0,0.3937999904155731,-40.107430685697814,6.654745077754442,2.453016536683099,40.65576992577993,40.72970560152863,2.453016536683099
1783054011.619948,1783054011.619948,0.0,49.07513766509541,6.730893652916268,2.866481231536322,89.23472595214844,0.0,0.3937999904155731,-40.159588287053026,6.730893652916268,2.472681241120749,40.71974288662043,40.79474982485694,2.472681241120749
1783054011.653282,1783054011.653282,0.0,49.12969267087164,6.78878395921885,2.877653006573701,89.33473205566406,0.0,0.3937999904155731,-40.20503938479242,6.78878395921885,2.483853016158128,40.7741680427407,40.84975281912407,2.483853016158128
1783054011.6866162,1783054011.6866162,0.0,49.19958737115369,6.857246321611972,2.860254189966879,89.43473815917969,0.0,0.3937999904155731,-40.235150788026,6.857246321611972,2.466454199551306,40.815305781660506,40.889761339104616,2.466454199551306
1783054011.7199507,1783054011.7199507,0.0,49.27737186975123,6.9448947454976775,2.8476736826464535,89.53473663330078,0.0,0.3937999904155731,-40.25736476354955,6.9448947454976775,2.4538736922308804,40.85201317844106,40.92564571059258,2.4538736922308804
1783054011.7532816,1783054011.7532816,0.0,49.37334576263265,6.9867859060524244,2.8359685107284953,89.63472747802734,0.0,0.3937999904155731,-40.26138171539469,6.9867859060524244,2.442168520312922,40.86311337783418,40.93602596749394,2.442168520312922
1783054011.7866144,1783054011.7866144,0.0,49.46441210722622,7.036350693024004,2.8198276693322937,89.73472595214844,0.0,0.3937999904155731,-40.27031384492222,7.036350693024004,2.4260276789167206,40.88041594998458,40.95233837697945,2.4260276789167206
1783054011.8199198,1783054011.8199198,0.0,49.45940469323844,6.79028636638119,2.7959334934442173,89.83464813232422,0.0,0.3937999904155731,-40.37524343908578,6.79028636638119,2.402133503028644,40.94225533239347,41.01266288683623,2.402133503028644
1783054011.8532865,1783054011.8532865,0.0,49.483018073259146,6.568366805567975,2.7629810353148554,89.93474578857422,0.0,0.3937999904155731,-40.45172771531507,6.568366805567975,2.3691810448992823,40.981528981316416,41.04995415917035,2.3691810448992823
1783054011.886615,1783054011.886615,0.0,49.52741638407782,6.378493386657496,2.7514762859755133,90.03472900390625,0.0,0.3937999904155731,-40.50731261982843,6.378493386657496,2.35767629555994,41.006433075362025,41.07415478228116,2.35767629555994
1783054011.9199476,1783054011.9199476,0.0,49.578973221629234,6.205490274624406,2.7135882225144736,90.13472747802734,0.0,0.3937999904155731,-40.55575425639811,6.205490274624406,2.3197882320989005,41.027762708363845,41.09329300866014,2.3197882320989005
1783054011.9532824,1783054011.9532824,0.0,49.65073721579358,6.015968291086927,2.6816455525924443,90.23473358154297,0.0,0.3937999904155731,-40.583996365749385,6.015968291086927,2.287845562176871,41.02746196749834,41.09120189056162,2.287845562176871
1783054011.98662,1783054011.98662,0.0,49.746488011297004,6.54499425155801,2.9111568236481427,90.33474731445312,0.0,0.3937999904155731,-40.58825930315612,6.54499425155801,2.5173568332325695,41.112574025633165,41.18957184092825,2.5173568332325695
1783054012.0199506,1783054012.0199506,0.0,49.87497541224074,7.001206831177614,2.9047301085366617,90.43473815917969,0.0,0.3937999904155731,-40.55976274693895,7.001206831177614,2.5109301181210886,41.15958273817781,41.23610094612477,2.5109301181210886
1783054012.0532837,1783054012.0532837,0.0,49.97597088433037,7.444060411185895,2.8961306186870988,90.53473663330078,0.0,0.3937999904155731,-40.55876574897041,7.444060411185895,2.5023306282715256,41.236240304921594,41.312094755149204,2.5023306282715256
1783054012.0866146,1783054012.0866146,0.0,50.04274300400059,7.860412030634021,3.0601499121531885,90.63472747802734,0.0,0.3937999904155731,-40.59198447402675,7.860412030634021,2.6663499217376154,41.34604310972169,41.43192854232247,2.6663499217376154
1783054012.119953,1783054012.119953,0.0,50.16783728130775,7.88679813756853,3.2252774613882944,90.7347412109375,0.0,0.3937999904155731,-40.56690392962975,7.88679813756853,2.8314774709727213,41.326447697552766,41.42333332757264,2.8314774709727213
1783054012.153284,1783054012.153284,0.0,50.24903367258418,8.258122230544807,3.338060049133073,90.8347396850586,0.0,0.3937999904155731,-40.58570601247441,8.258122230544807,2.9442600587175,41.41734075608452,41.5218590937229,2.9442600587175
1783054012.1866133,1783054012.1866133,0.0,50.38897718328447,8.573475110729076,3.4645046963302786,90.93472290039062,0.0,0.3937999904155731,-40.54574571710616,8.573475110729076,3.0707047059147055,41.44227275657698,41.5558804337178,3.0707047059147055
1783054012.2199469,1783054012.2199469,0.0,50.53753595198585,8.865306650672974,3.3662309790244764,91.03472900390625,0.0,0.3937999904155731,-40.4971930519204,8.865306650672974,2.9724309886089033,41.45619745098405,41.56262326991667,2.9724309886089033
1783054012.2532814,1783054012.2532814,0.0,50.69219583908098,9.094032726569782,3.2657111476826897,91.13472747802734,0.0,0.3937999904155731,-40.44253163894636,9.094032726569782,2.8719111572671165,41.45237986652998,41.551746898227215,2.8719111572671165
1783054012.2866173,1783054012.2866173,0.0,50.78230218000711,8.901271309504823,2.8627914221016035,91.2347412109375,0.0,0.3937999904155731,-40.45243903093039,8.901271309504823,2.4689914316860304,41.42019380056731,41.49371486341387,2.4689914316860304
1783054012.3199468,1783054012.3199468,0.0,50.914974741963874,9.105806480631054,2.8081397583805154,91.33472442626953,0.0,0.3937999904155731,-40.41974968430566,9.105806480631054,2.4143397679649423,41.432739182977386,41.50302293471895,2.4143397679649423
1783054012.35328,1783054012.35328,0.0,50.900009394903144,8.652507499753092,2.5126150775993463,91.43472290039062,0.0,0.3937999904155731,-40.53471350548748,8.652507499753092,2.118815087183773,41.44790567694866,41.50202720806431,2.118815087183773
1783054012.386614,1783054012.386614,0.0,50.98855142614219,8.531131716688838,2.231651233194381,91.53472900390625,0.0,0.3937999904155731,-40.54617757776406,8.531131716688838,1.8378512427788078,41.43395617769406,41.474696161945,1.8378512427788078
1783054012.4199479,1783054012.4199479,0.0,51.1503016704957,8.745711219429902,2.2466973050529817,91.63472747802734,0.0,0.3937999904155731,-40.48442580753164,8.745711219429902,1.8528973146374086,41.4183075185261,41.45973258666518,1.8528973146374086
1783054012.4532812,1783054012.4532812,0.0,51.315400164617635,8.964234907993626,2.268007584121641,91.73472595214844,0.0,0.3937999904155731,-40.4193257875308,8.964234907993626,1.874207593706068,41.401442059477155,41.443842229076076,1.874207593706068
1783054012.486614,1783054012.486614,0.0,51.50291956927609,9.125756586552276,2.289541041646122,91.83473205566406,0.0,0.3937999904155731,-40.331812486387975,9.125756586552276,1.8957410512305488,41.3513546539187,41.394786698900674,1.8957410512305488
1783054012.5199509,1783054012.5199509,0.0,51.65915951485168,9.299204975994735,2.31904527266585,91.93473815917969,0.0,0.3937999904155731,-40.27557864432801,9.299204975994735,1.9252452822502768,41.3351841452414,41.37999538083399,1.9252452822502768
1783054012.553284,1783054012.553284,0.0,51.798554228913915,9.46398999054396,2.350454206933053,92.03473663330078,0.0,0.3937999904155731,-40.23618240438687,9.46398999054396,1.9566542165174798,41.33421683085585,41.38050237422479,1.9566542165174798
1783054012.5866177,1783054012.5866177,0.0,51.86870265888422,9.34530204179723,2.4497414863339966,92.1347427368164,0.0,0.3937999904155731,-40.26604007793219,9.34530204179723,2.0559414959184235,41.33628737332443,41.38738393816043,2.0559414959184235
1783054012.619953,1783054012.619953,0.0,51.975074342747966,9.222452491668129,2.539383616806061,92.23474884033203,0.0,0.3937999904155731,-40.259674497584065,9.222452491668129,2.1455836263904877,41.30248201515856,41.3581739165347,2.1455836263904877
1783054012.6532874,1783054012.6532874,0.0,51.95213416348002,9.778816505969848,2.4720260132451277,92.33474731445312,0.0,0.3937999904155731,-40.38261315097311,9.778816505969848,2.0782260228295546,41.549737630442074,41.601679299765536,2.0782260228295546
1783054012.6866152,1783054012.6866152,0.0,52.00409227936363,10.317544768451663,2.4078082581569937,92.43473052978516,0.0,0.3937999904155731,-40.430638250421524,10.317544768451663,2.0140082677414206,41.72634946152674,41.77492631576964,2.0140082677414206
1783054012.7199523,1783054012.7199523,0.0,52.00451641853213,10.40614256519078,2.578034608517026,92.53474426269531,0.0,0.3937999904155731,-40.530227844163186,10.40614256519078,2.1842346181014527,41.844798627629416,41.901766705638664,2.1842346181014527
1783054012.7532828,1783054012.7532828,0.0,52.053489923860326,10.51235581437339,2.720574639953498,92.63473510742188,0.0,0.3937999904155731,-40.58124518356155,10.51235581437339,2.3267746495379247,41.92072381789617,41.98524700041742,2.3267746495379247
1783054012.7866144,1783054012.7866144,0.0,52.11872596445046,10.366278004052306,2.9073135941611854,92.73472595214844,0.0,0.3937999904155731,-40.615999987697975,10.366278004052306,2.5135136037456123,41.91800537547058,41.99329619468082,2.5135136037456123
1783054012.8199477,1783054012.8199477,0.0,52.17113132154951,10.20823213813528,3.0766827540986528,92.83473205566406,0.0,0.3937999904155731,-40.66360073411455,10.20823213813528,2.6828827636830797,41.92536735735943,42.01112100352962,2.6828827636830797
1783054012.85328,1783054012.85328,0.0,52.3481783144005,9.944177513089677,3.0640611315871022,92.93472290039062,0.0,0.3937999904155731,-40.586544585990126,9.944177513089677,2.670261141171529,41.78701075504687,41.872240952741635,2.670261141171529
1783054012.886616,1783054012.886616,0.0,52.41664954283832,9.50394727710622,3.289132399772165,93.03473663330078,0.0,0.3937999904155731,-40.61808709046246,9.50394727710622,2.895332409356592,41.71515327473229,41.81551102754908,2.895332409356592
1783054012.919956,1783054012.919956,0.0,52.53237212431474,9.652465334229985,3.1432545351484458,93.13475036621094,0.0,0.3937999904155731,-40.6023782418962,9.652465334229985,2.7494545447328727,41.73395746782849,41.82442714754225,2.7494545447328727
1783054012.953283,1783054012.953283,0.0,52.70648288580222,9.453496903456506,3.2511803610542724,93.23473358154297,0.0,0.3937999904155731,-40.52825069574075,9.453496903456506,2.8573803706386993,41.61619526290783,41.71417421863921,2.8573803706386993
1783054012.9866157,1783054012.9866157,0.0,52.8218561513463,9.639891474168676,3.3156875012929206,93.33473205566406,0.0,0.3937999904155731,-40.51287590431776,9.639891474168676,2.9218875108773474,41.64397461425123,41.74635371261329,2.9218875108773474
1783054013.0199492,1783054013.0199492,0.0,52.92366245972637,9.811444335823676,3.392720761679593,93.43473052978516,0.0,0.3937999904155731,-40.51106807005878,9.811444335823676,2.99892077126402,41.68226332784609,41.790006005314495,2.99892077126402
1783054013.053282,1783054013.053282,0.0,53.04415402996993,9.98601259099711,3.5171359816906533,93.53472900390625,0.0,0.3937999904155731,-40.49057497393632,9.98601259099711,3.12333599127508,41.70380209510292,41.82059704143289,3.12333599127508
1783054013.0866165,1783054013.0866165,0.0,53.1704965804552,10.163523271891746,3.330863088510438,93.63473510742188,0.0,0.3937999904155731,-40.464238526966675,10.163523271891746,2.937063098094865,41.721119410504066,41.82437261343833,2.937063098094865
1783054013.1199493,1783054013.1199493,0.0,53.258077392017206,10.330484155716135,3.15502792465688,93.73473358154297,0.0,0.3937999904155731,-40.47665618952576,10.330484155716135,2.761227934241307,41.77413792260202,41.865295638289844,2.761227934241307
1783054013.1532815,1783054013.1532815,0.0,53.40314695097799,10.201483725178846,3.0433781415265764,93.83473205566406,0.0,0.3937999904155731,-40.43158510468607,10.201483725178846,2.6495781511110033,41.69872113473699,41.78281475261577,2.6495781511110033
1783054013.1866162,1783054013.1866162,0.0,53.48663545221738,10.369776266013558,2.9007705376216615,93.93473815917969,0.0,0.3937999904155731,-40.44810270696231,10.369776266013558,2.5069705472060884,41.75621238091585,41.83140176619364,2.5069705472060884
1783054013.21995,1783054013.21995,0.0,53.570679663626784,10.519902878607223,2.7815619367816935,94.03473663330078,0.0,0.3937999904155731,-40.464056969674,10.519902878607223,2.3877619463661204,41.809188739084036,41.87731689271491,2.3877619463661204
1783054013.2532842,1783054013.2532842,0.0,53.67106356034136,10.662550092411141,2.6686470607441146,94.1347427368164,0.0,0.3937999904155731,-40.46367917647505,10.662550092411141,2.2748470703285415,41.84494362488587,41.90673258753609,2.2748470703285415
1783054013.286616,1783054013.286616,0.0,53.81157827155065,10.793872937301703,2.5560753993212493,94.23473358154297,0.0,0.3937999904155731,-40.42315530999232,10.793872937301703,2.162275408905676,41.839445242526516,41.89528151410767,2.162275408905676
1783054013.3199472,1783054013.3199472,0.0,53.98311913630672,10.900854595551914,2.4737688996648117,94.33472442626953,0.0,0.3937999904155731,-40.35160528996281,10.900854595551914,2.0799689092492386,41.79809421959715,41.849814229620705,2.0799689092492386
1783054013.3532813,1783054013.3532813,0.0,54.204525495100185,10.647399807666776,2.677232569425455,94.43473052978516,0.0,0.3937999904155731,-40.23020503468497,10.647399807666776,2.2834325790098817,41.61533995772586,41.67793881827625,2.2834325790098817
1783054013.3866136,1783054013.3866136,0.0,54.41134372909624,10.428993425310997,2.874703166945913,94.53472900390625,0.0,0.3937999904155731,-40.12338527481001,10.428993425310997,2.4809031765303398,41.45660321077959,41.53076968161485,2.4809031765303398
1783054013.4199526,1783054013.4199526,0.0,54.617052896274245,10.191183105423914,3.080938005275921,94.6347427368164,0.0,0.3937999904155731,-40.01768984054216,10.191183105423914,2.687138014860348,41.294984117470115,41.38232018595643,2.687138014860348
1783054013.4532807,1783054013.4532807,0.0,54.8286529667106,10.344547207037525,2.951039175898845,94.73472595214844,0.0,0.3937999904155731,-39.90607298543784,10.344547207037525,2.557239185483272,41.225044791215446,41.304282953339,2.557239185483272
1783054013.4866135,1783054013.4866135,0.0,55.03166324520905,10.510494163422221,2.8320941618424795,94.83472442626953,0.0,0.3937999904155731,-39.80306118106048,10.510494163422221,2.4382941714269064,41.16739203474731,41.23953740537096,2.4382941714269064
1783054013.519951,1783054013.519951,0.0,55.226800877906655,10.67466427513641,2.7438122719181393,94.93473815917969,0.0,0.3937999904155731,-39.70793728127303,10.67466427513641,2.350012281502566,41.11774240544325,41.18484306445272,2.350012281502566
1783054013.5532851,1783054013.5532851,0.0,55.427528895396755,10.80038818136249,2.7188134755704407,95.03474426269531,0.0,0.3937999904155731,-39.60721536729856,10.80038818136249,2.3250134851548676,41.05337859445536,41.11916319340458,2.3250134851548676
1783054013.586614,1783054013.586614,0.0,55.57830676633163,10.90437644701654,2.7424105796542326,95.13472747802734,0.0,0.3937999904155731,-39.556420711695715,10.90437644701654,2.3486105892386595,41.03188815078973,41.099048856619575,2.3486105892386595
1783054013.6199505,1783054013.6199505,0.0,55.72852612002403,11.003913102299109,2.8273352626858137,95.2347412109375,0.0,0.3937999904155731,-39.50621509091347,11.003913102299109,2.4335352722702406,41.01008576402236,41.08222521107946,2.4335352722702406
1783054013.6532857,1783054013.6532857,0.0,55.575414367499945,11.051135487274061,3.229469611336814,95.33474731445312,0.0,0.3937999904155731,-39.75933294695318,11.051135487274061,2.835669620921241,41.266598502236214,41.363911494729074,2.835669620921241
1783054013.6866179,1783054013.6866179,0.0,55.79562351177739,11.14530971986575,3.016813676488118,95.43473815917969,0.0,0.3937999904155731,-39.639114647402295,11.14530971986575,2.623013686072545,41.17617440682946,41.259635717962425,2.623013686072545
1783054013.7199523,1783054013.7199523,0.0,55.823981835540884,10.473945885001351,3.0321079157699584,95.53474426269531,0.0,0.3937999904155731,-39.71076242715443,10.473945885001351,2.6383079253543853,41.06882266327873,41.15347936270789,2.6383079253543853
1783054013.7532837,1783054013.7532837,0.0,56.01674449051288,10.610369568568332,2.893581004549159,95.63473510742188,0.0,0.3937999904155731,-39.617990616909,10.610369568568332,2.499781014133586,41.01420635466558,41.090315501608316,2.499781014133586
1783054013.7866154,1783054013.7866154,0.0,56.12122741893991,10.704313706238997,3.1070935615309767,95.73473358154297,0.0,0.3937999904155731,-39.61350616260306,10.704313706238997,2.7132935711154036,41.03428082001884,41.12388800222108,2.7132935711154036
1783054013.819955,1783054013.819955,0.0,56.188687456938204,10.763061764149025,3.297956243048173,95.83475494384766,0.0,0.3937999904155731,-39.64606748690945,10.763061764149025,2.9041562526325997,41.08106821536491,41.18359247631477,2.9041562526325997
1783054013.8532863,1783054013.8532863,0.0,56.27409330296685,10.811577611841669,3.468456559268643,95.93474578857422,0.0,0.3937999904155731,-39.66065248560737,10.811577611841669,3.07465656885307,41.107877177506865,41.22270101603462,3.07465656885307
1783054013.886622,1783054013.886622,0.0,56.39826650533141,10.831970314066998,3.5863490122030695,96.03475189208984,0.0,0.3937999904155731,-39.63648538675844,10.831970314066998,3.1925490217874963,41.0899325224506,41.213771047503776,3.1925490217874963
1783054013.9199502,1783054013.9199502,0.0,56.49339456025674,10.813774215972108,3.649338171476926,96.13473510742188,0.0,0.3937999904155731,-39.641340547165136,10.813774215972108,3.255538181061353,41.089823474558045,41.21858952000529,3.255538181061353
1783054013.9532838,1783054013.9532838,0.0,56.598518801173775,10.762054498305055,3.673140592549194,96.2347412109375,0.0,0.3937999904155731,-39.636222409763725,10.762054498305055,3.2793406021336207,41.07130316827973,41.20201474109666,3.2793406021336207
1783054013.9866164,1783054013.9866164,0.0,56.710331076454246,10.693254717809463,3.682250184562369,96.33473205566406,0.0,0.3937999904155731,-39.62440097920982,10.693254717809463,3.288450194146796,41.04191576207376,41.173447197199096,3.288450194146796
1783054014.0199547,1783054014.0199547,0.0,56.59527092598801,10.594823442228066,3.9724723307731815,96.43475341796875,0.0,0.3937999904155731,-39.83948249198074,10.594823442228066,3.5786723403576084,41.22419979818681,41.37924050439381,3.5786723403576084
1783054014.053284,1783054014.053284,0.0,56.50552529970095,10.522187816919445,4.214791856668583,96.53473663330078,0.0,0.3937999904155731,-40.02921133359983,10.522187816919445,3.82099186625301,41.38905889778753,41.56505954869423,3.82099186625301
1783054014.0866,1783054014.0866,0.0,56.411694255192366,10.432293017436328,4.399883099668186,96.63468933105469,0.0,0.3937999904155731,-40.22299507586232,10.432293017436328,4.006083109252613,41.55384543546476,41.746506109526514,4.006083109252613
1783054014.1199486,1783054014.1199486,0.0,56.31069042738496,10.32410968562226,4.5470403595521525,96.73473358154297,0.0,0.3937999904155731,-40.42404315415801,10.32410968562226,4.153240369136579,41.72158321216955,41.9277940189299,4.153240369136579
1783054014.1532834,1783054014.1532834,0.0,56.22767413465835,10.18613330439174,4.671377810985067,96.8347396850586,0.0,0.3937999904155731,-40.60706555040024,10.18613330439174,4.277577820569494,41.865153580386405,42.083117236254836,4.277577820569494
1783054014.186614,1783054014.186614,0.0,56.155008873843464,10.034138324422608,4.774571601604733,96.93473052978516,0.0,0.3937999904155731,-40.77972165594169,10.034138324422608,4.38077161118916,41.99606684261904,42.22393622294263,4.38077161118916
1783054014.2199516,1783054014.2199516,0.0,56.048253960928065,9.949003502044969,4.852992419319894,97.03474426269531,0.0,0.3937999904155731,-40.98649030176725,9.949003502044969,4.459192428904321,42.176712270405375,42.41178438899455,4.459192428904321
1783054014.2532835,1783054014.2532835,0.0,55.92722544441813,9.870570871345148,4.91544078658935,97.13473510742188,0.0,0.3937999904155731,-41.20750966300375,9.870570871345148,4.521640796173777,42.373187535902865,42.61375666897273,4.521640796173777
1783054014.2866173,1783054014.2866173,0.0,55.80417740278699,9.772895556008915,4.969130712887922,97.2347412109375,0.0,0.3937999904155731,-41.43056380815051,9.772895556008915,4.575330722472349,42.56760628705695,42.81278729807123,4.575330722472349
1783054014.3199515,1783054014.3199515,0.0,55.68071285464024,9.694674935288157,5.008232774275755,97.3347396850586,0.0,0.3937999904155731,-41.65402683041835,9.694674935288157,4.614432783860182,42.767331846750935,43.015551411168495,4.614432783860182
1783054014.3532803,1783054014.3532803,0.0,55.604205781991475,9.59096471360741,5.043985556777866,97.43473052978516,0.0,0.3937999904155731,-41.83052474779368,9.59096471360741,4.650185566362293,42.915957461222305,43.16715916776371,4.650185566362293
1783054014.386621,1783054014.386621,0.0,55.55469320747102,9.474997433065575,5.066119498692251,97.53475189208984,0.0,0.3937999904155731,-41.980058684618825,9.474997433065575,4.6723195082766775,43.0360419128042,43.28893014510826,4.6723195082766775
1783054014.4199505,1783054014.4199505,0.0,55.54741699373497,9.325422491678939,5.081083924413129,97.63473510742188,0.0,0.3937999904155731,-42.087318113686905,9.325422491678939,4.687283933997556,43.10807175751415,43.362154943324725,4.687283933997556
1783054014.4532807,1783054014.4532807,0.0,55.56565617452479,9.188691013314024,5.087518212585385,97.73472595214844,0.0,0.3937999904155731,-42.16906977762365,9.188691013314024,4.693718222169812,43.15857375363846,43.41305655211781,4.693718222169812
1783054014.4866145,1783054014.4866145,0.0,55.57512644234392,9.073015132556977,5.083399786618505,97.83473205566406,0.0,0.3937999904155731,-42.25960561332014,9.073015132556977,4.689599796202931,43.222608322369524,43.476271878319025,4.689599796202931
1783054014.5199504,1783054014.5199504,0.0,55.57984248855948,8.944475107701383,5.072239488065778,97.93473815917969,0.0,0.3937999904155731,-42.35489567062021,8.944475107701383,4.678439497650205,43.28903813000945,43.54111411476038,4.678439497650205
1783054014.5532808,1783054014.5532808,0.0,55.72687383258198,9.148077981319796,5.045838172280832,98.03472900390625,0.0,0.3937999904155731,-42.30785517132427,9.148077981319796,4.652038181865259,43.28558582195761,43.53485269523247,4.652038181865259
1783054014.5866156,1783054014.5866156,0.0,56.01963405179825,9.226555412318884,4.6628687491046685,98.13473510742188,0.0,0.3937999904155731,-42.115101055623626,9.226555412318884,4.269068758689095,43.11393117893543,43.32477362627988,4.269068758689095
1783054014.6199503,1783054014.6199503,0.0,56.2591615455942,9.286472544885383,4.312562121091586,98.23473358154297,0.0,0.3937999904155731,-41.975572035948765,9.286472544885383,3.918762130676013,42.99054803177129,43.16878405409231,3.918762130676013
1783054014.6532843,1783054014.6532843,0.0,56.46545839634733,9.346327364930982,4.000752749976363,98.3347396850586,0.0,0.3937999904155731,-41.869281288711264,9.346327364930982,3.60695275956079,42.89977331928089,43.05114004362008,3.60695275956079
1783054014.686614,1783054014.686614,0.0,56.67572263041852,9.409932214113962,3.709876251055527,98.43473052978516,0.0,0.3937999904155731,-41.75900789936664,9.409932214113962,3.316076260639954,42.80609261557968,42.934344373472904,3.316076260639954
1783054014.7199492,1783054014.7199492,0.0,56.882410465383394,9.483059932908064,3.437551266341287,98.53473663330078,0.0,0.3937999904155731,-41.65232616791739,9.483059932908064,3.0437512759257137,42.718201049315056,42.82650023898055,3.0437512759257137
1783054014.7532747,1783054014.7532747,0.0,56.8617945149233,9.375330400849684,3.5678309668930224,98.63471221923828,0.0,0.3937999904155731,-41.772917704314985,9.375330400849684,3.1740309764774493,42.81207158800621,42.92956960296955,3.1740309764774493
1783054014.7866116,1783054014.7866116,0.0,56.834069987243495,9.344107429394485,3.66096851684373,98.7347183227539,0.0,0.3937999904155731,-41.90064833551041,9.344107429394485,3.267168526428157,42.92990419961564,43.05404818095808,3.267168526428157
1783054014.8199534,1783054014.8199534,0.0,56.81601915362391,9.349614300114483,3.740590734643425,98.83474731445312,0.0,0.3937999904155731,-42.01872816082921,9.349614300114483,3.3467907442278517,43.04635645225466,43.17626445282427,3.3467907442278517
1783054014.8532805,1783054014.8532805,0.0,56.81285243698666,9.395160389328415,3.805977962287665,98.93473052978516,0.0,0.3937999904155731,-42.1218780927985,9.395160389328415,3.412177971872092,43.15694211602328,43.29162287692057,3.412177971872092
1783054014.8866167,1783054014.8866167,0.0,56.796494834013544,9.429718976571968,3.8681748672350893,99.03473663330078,0.0,0.3937999904155731,-42.23824179928724,9.429718976571968,3.474374876819516,43.27803912230979,43.41727710320917,3.474374876819516
1783054014.9199505,1783054014.9199505,0.0,56.799770699315914,9.508004992276497,3.928186492003131,99.13473510742188,0.0,0.3937999904155731,-42.33496440810596,9.508004992276497,3.5343865015875577,43.38953065393487,43.53324314028714,3.5343865015875577
1783054014.9532826,1783054014.9532826,0.0,56.81044771825992,9.593912949068132,3.9831739647568867,99.23473358154297,0.0,0.3937999904155731,-42.424285863283046,9.593912949068132,3.5893739743413136,43.49555375764119,43.64340502540485,3.5893739743413136
1783054014.9866164,1783054014.9866164,0.0,56.820148731427224,9.6969391204808,4.029595149186092,99.33473205566406,0.0,0.3937999904155731,-42.51458332423684,9.6969391204808,3.6357951587705193,43.60642640184802,43.757735658696134,3.6357951587705193
1783054015.0199502,1783054015.0199502,0.0,56.77928456656404,9.867755378738114,4.034211067567486,99.43473815917969,0.0,0.3937999904155731,-42.65545359261565,9.867755378738114,3.6404110771519127,43.78196337998563,43.933050317694224,3.6404110771519127
1783054015.0532846,1783054015.0532846,0.0,56.74908611599908,10.064525852382177,4.02337523628904,99.53473663330078,0.0,0.3937999904155731,-42.785650517301704,10.064525852382177,3.6295752458734665,43.95345914512246,44.103065508957606,3.6295752458734665
1783054015.086617,1783054015.086617,0.0,56.7581793646091,10.295777916750893,3.9975003929653923,99.63473510742188,0.0,0.3937999904155731,-42.876555742812776,10.295777916750893,3.603700402549819,44.09537476059804,44.24238614574178,3.603700402549819
1783054015.1199467,1783054015.1199467,0.0,56.83355716790087,10.557896172679252,3.972481849836303,99.73472595214844,0.0,0.3937999904155731,-42.90116878424757,10.557896172679252,3.5786818594207297,44.181211557036015,44.32591136681253,3.5786818594207297
1783054015.1532807,1783054015.1532807,0.0,56.901108368632066,10.816149653162979,3.928023277748184,99.83473205566406,0.0,0.3937999904155731,-42.933623687032,10.816149653162979,3.534223287332611,44.275107410590124,44.415941625322056,3.534223287332611
1783054015.186614,1783054015.186614,0.0,57.09851901805061,10.77074450052163,3.958506623439929,99.93473052978516,0.0,0.3937999904155731,-42.83621151173455,10.77074450052163,3.5647066330243558,44.169559130396316,44.313170583395454,3.5647066330243558
1783054015.2199492,1783054015.2199492,0.0,57.340391360315586,10.640036462887222,3.6421023215938666,100.03473663330078,0.0,0.3937999904155731,-42.694345272985196,10.640036462887222,3.2483023311782935,44.00019879751048,44.11993837546899,3.2483023311782935
1783054015.2532818,1783054015.2532818,0.0,57.60006800109698,10.390787436132223,3.7270625745957027,100.13473510742188,0.0,0.3937999904155731,-42.534667106324896,10.390787436132223,3.3332625841801296,43.785458423873564,43.91215103868012,3.3332625841801296
1783054015.2866163,1783054015.2866163,0.0,57.85359055937752,10.163218479471988,3.7898055145138487,100.23473358154297,0.0,0.3937999904155731,-42.381143022165446,10.163218479471988,3.3960055240982756,43.58270636074272,43.71481610674383,3.3960055240982756
1783054015.3199487,1783054015.3199487,0.0,58.075483796190746,9.94854288559258,3.8044971222687107,100.33473205566406,0.0,0.3937999904155731,-42.25924825947332,9.94854288559258,3.4106971318531376,43.414485704684715,43.54825397105496,3.4106971318531376
1783054015.3532825,1783054015.3532825,0.0,58.306746850365094,9.748576794865373,3.805855729118119,100.43473052978516,0.0,0.3937999904155731,-42.12798367942006,9.748576794865373,3.412055738702546,43.241204405276115,43.375613918224644,3.412055738702546
1783054015.3866148,1783054015.3866148,0.0,58.52715099678785,9.537657464512758,3.7777723859960406,100.53472900390625,0.0,0.3937999904155731,-42.0075780071184,9.537657464512758,3.3839723955804675,43.0767166800641,43.209429400404765,3.3839723955804675
1783054015.4199545,1783054015.4199545,0.0,58.636386867965335,9.347474007790364,3.4433162478589963,100.63475036621094,0.0,0.3937999904155731,-41.9983634982456,9.347474007790364,3.049516257443423,43.02601314155292,43.13394668079304,3.049516257443423
1783054015.4532807,1783054015.4532807,0.0,58.697848178805664,9.523063306745856,3.0787640285902174,100.73472595214844,0.0,0.3937999904155731,-42.03687777334277,9.523063306745856,2.6849640381746442,43.102062916700966,43.1856094036143,2.6849640381746442
1783054015.486627,1783054015.486627,0.0,58.73571805195959,9.717180175090414,2.740775299589795,100.83477020263672,0.0,0.3937999904155731,-42.09905215067713,9.717180175090414,2.346975309174222,43.20594614796213,43.26964381229035,2.346975309174222
1783054015.5199475,1783054015.5199475,0.0,58.904734218079334,9.497138732804038,2.712970242361632,100.93473052978516,0.0,0.3937999904155731,-42.02999631170582,9.497138732804038,2.319170251946059,43.089630238285075,43.15199630063067,2.319170251946059
1783054015.5532804,1783054015.5532804,0.0,58.95643272358638,9.332538025508628,2.6340852861028035,101.03472900390625,0.0,0.3937999904155731,-42.07829628031987,9.332538025508628,2.2402852956872303,43.100803749488776,43.1589870369778,2.2402852956872303
1783054015.586614,1783054015.586614,0.0,58.97413705720687,9.217643708378294,2.5222695670929567,101.13472747802734,0.0,0.3937999904155731,-42.160590420820476,9.217643708378294,2.1284695766773836,43.15646348076711,43.2089194831996,2.1284695766773836
1783054015.6199489,1783054015.6199489,0.0,58.96033869449949,9.40130106635826,2.493882286670731,101.23473358154297,0.0,0.3937999904155731,-42.27439488704348,9.40130106635826,2.1000822962551577,43.30714634798738,43.35803582332854,2.1000822962551577
1783054015.6532857,1783054015.6532857,0.0,58.94910922631778,9.570063400071419,2.4647226075998185,101.3347396850586,0.0,0.3937999904155731,-42.38563045874081,9.570063400071419,2.0709226171842454,43.45259236071334,43.50191378954136,2.0709226171842454
1783054015.6866167,1783054015.6866167,0.0,58.95116060496576,9.703693758237716,2.419544366116907,101.43473815917969,0.0,0.3937999904155731,-42.48357755421393,9.703693758237716,2.025744375701334,43.57770111374132,43.62475988053409,2.025744375701334
1783054015.7199502,1783054015.7199502,0.0,58.9617030504429,9.79893867379785,2.3738726065364824,101.53473663330078,0.0,0.3937999904155731,-42.57303358285788,9.79893867379785,1.9800726161209092,43.68618073922228,43.7310310322671,1.9800726161209092
1783054015.7532814,1783054015.7532814,0.0,58.99194263337731,9.878270785664684,2.329851850128829,101.63472747802734,0.0,0.3937999904155731,-42.64278484465003,9.878270785664684,1.9360518597132557,43.7719925639904,43.81478779847655,1.9360518597132557
1783054015.786615,1783054015.786615,0.0,59.02682138340904,9.9256515287964,2.3105952776165006,101.73473358154297,0.0,0.3937999904155731,-42.707912198133926,9.9256515287964,1.9167952872009275,43.84614375968102,43.8880214496809,1.9167952872009275
1783054015.8199499,1783054015.8199499,0.0,59.02386931022437,9.97713147237183,2.2893442199792795,101.83473205566406,0.0,0.3937999904155731,-42.81086274543969,9.97713147237183,1.8955442295637064,43.95808368691552,43.9989341842743,1.8955442295637064
1783054015.853284,1783054015.853284,0.0,59.020849503504635,10.018673165480122,2.2761944365633178,101.93473815917969,0.0,0.3937999904155731,-42.91388865567505,10.018673165480122,1.8823944461477446,44.067852813001764,44.10803850092719,1.8823944461477446
1783054015.886614,1783054015.886614,0.0,59.03467223220505,10.042525818018024,2.2946779987019807,102.03472900390625,0.0,0.3937999904155731,-43.0000567717012,10.042525818018024,1.9008780082864076,44.15718749167666,44.1980830396237,1.9008780082864076
1783054015.9199514,1783054015.9199514,0.0,58.93685917243877,10.444138136091883,2.184130983722991,102.1347427368164,0.0,0.3937999904155731,-43.19788356437763,10.444138136091883,1.790330993307418,44.44251529613615,44.47856170013699,1.790330993307418
1783054015.9532833,1783054015.9532833,0.0,58.87369549819784,10.792979767372547,2.0805538281480485,102.23473358154297,0.0,0.3937999904155731,-43.36103808334513,10.792979767372547,1.6867538377324753,44.68409153070273,44.71591634343777,1.6867538377324753
1783054015.9866207,1783054015.9866207,0.0,58.81663304293257,11.086721420257666,1.991077413917396,102.33474731445312,0.0,0.3937999904155731,-43.51811427152055,11.086721420257666,1.5972774235018228,44.90814694016578,44.936543667344395,1.5972774235018228
1783054016.019951,1783054016.019951,0.0,58.781787168803596,11.33103897828864,1.912782212245398,102.43473815917969,0.0,0.3937999904155731,-43.65295099037609,11.33103897828864,1.5189822218298248,45.099585081191975,45.12515796632638,1.5189822218298248
1783054016.053283,1783054016.053283,0.0,58.75154330087243,11.521676819930905,1.8403571822890523,102.53473663330078,0.0,0.3937999904155731,-43.783193332428354,11.521676819930905,1.4465571918734792,45.273800979459764,45.29690478208299,1.4465571918734792
1783054016.086616,1783054016.086616,0.0,58.85818421211884,11.254308198326163,1.9421660785953185,102.63473510742188,0.0,0.3937999904155731,-43.77655089530303,11.254308198326163,1.5483660881797454,45.20006483747527,45.22657735065736,1.5483660881797454
1783054016.11995,1783054016.11995,0.0,58.93207267059029,10.99113978419706,2.0355333173790147,102.73473358154297,0.0,0.3937999904155731,-43.80266091095268,10.99113978419706,1.6417333269634415,45.16058299707458,45.190414303837976,1.6417333269634415
1783054016.1532845,1783054016.1532845,0.0,58.96967287776442,10.730962941630443,2.109798978665883,102.8347396850586,0.0,0.3937999904155731,-43.86506680729418,10.730962941630443,1.71599898825031,45.158583366432424,45.19117506981539,1.71599898825031
1783054016.1866138,1783054016.1866138,0.0,59.0154667057562,10.860901957580053,2.090222141571971,102.93473052978516,0.0,0.3937999904155731,-43.91926382402896,10.860901957580053,1.6964221511563977,45.24224713889469,45.27404084342107,1.6964221511563977
1783054016.219951,1783054016.219951,0.0,59.09811182841183,10.958100057119054,2.059026057314727,103.03473663330078,0.0,0.3937999904155731,-43.93662480488895,10.958100057119054,1.6652260668991539,45.28252373827475,45.31313202550996,1.6652260668991539
1783054016.253285,1783054016.253285,0.0,59.17651257992493,11.027649839781168,2.04808375574601,103.1347427368164,0.0,0.3937999904155731,-43.958230156891474,11.027649839781168,1.6542837653304368,45.320360319784186,45.350542601950245,1.6542837653304368
1783054016.2866151,1783054016.2866151,0.0,59.26761754111282,11.069800430401548,2.0460882936945564,103.23473358154297,0.0,0.3937999904155731,-43.96711604043015,11.069800430401548,1.6522883032789832,45.33925202825437,45.36934902683442,1.6522883032789832
1783054016.319948,1783054016.319948,0.0,59.355372170451105,11.083738811919078,2.050201031953371,103.33473205566406,0.0,0.3937999904155731,-43.97935988521296,11.083738811919078,1.6564010415377979,45.354529674156254,45.384766457197145,1.6564010415377979
1783054016.353281,1783054016.353281,0.0,59.36834978919326,11.171351241348342,1.7970728548828974,103.43473052978516,0.0,0.3937999904155731,-44.066380740591896,11.171351241348342,1.4032728644673242,45.46036735588906,45.482020347215595,1.4032728644673242
1783054016.3866143,1783054016.3866143,0.0,59.404132444060295,11.210365302402577,1.5827581492141207,103.53472900390625,0.0,0.3937999904155731,-44.130596559845955,11.210365302402577,1.1889581587985476,45.53220665574203,45.547727324692865,1.1889581587985476
1783054016.4199514,1783054016.4199514,0.0,59.45406386039904,11.201577767369944,1.411841271552723,103.6347427368164,0.0,0.3937999904155731,-44.18067887641737,11.201577767369944,1.01804128113715,45.578588508855205,45.589956553057256,1.01804128113715
1783054016.4532814,1783054016.4532814,0.0,59.53991817144346,11.144531819986545,1.265128689288598,103.73473358154297,0.0,0.3937999904155731,-44.19481541009951,11.144531819986545,0.8713286988730249,45.57830951910636,45.58663743160863,0.8713286988730249
1783054016.48662,1783054016.48662,0.0,59.59790434657594,11.021372628734541,1.1648211998722118,103.83474731445312,0.0,0.3937999904155731,-44.23684296787719,11.021372628734541,0.7710212094566387,45.58913171344728,45.5956511532786,0.7710212094566387
1783054016.5199356,1783054016.5199356,0.0,59.650849653662604,10.867582426792206,1.0897349938066805,103.9346923828125,0.0,0.3937999904155731,-44.283842729149896,10.867582426792206,0.6959350033911074,45.5978406798305,45.60315120901351,0.6959350033911074
1783054016.553284,1783054016.553284,0.0,59.69172314762267,10.692987088719992,1.041116813046393,104.03473663330078,0.0,0.3937999904155731,-44.343013485678114,10.692987088719992,0.6473168226308199,45.614063816662544,45.61865667618265,0.6473168226308199
1783054016.5866141,1783054016.5866141,0.0,59.771383269866675,10.496645115653184,0.9999213517934615,104.13472747802734,0.0,0.3937999904155731,-44.36334420816067,10.496645115653184,0.6061213613778884,45.588220715615876,45.59224990193429,0.6061213613778884
1783054016.6199496,1783054016.6199496,0.0,59.91475239912464,10.273034876292778,0.9634299877194582,104.23473358154297,0.0,0.3937999904155731,-44.31998118241833,10.273034876292778,0.5696299973038851,45.49501046905521,45.49857641633715,0.5696299973038851
1783054016.6532822,1783054016.6532822,0.0,60.085888625565474,10.061141158500973,0.9275902713136338,104.33473205566406,0.0,0.3937999904155731,-44.24884343009859,10.061141158500973,0.5337902808980607,45.378262486709005,45.381401899639926,0.5337902808980607
1783054016.6866179,1783054016.6866179,0.0,60.26234850356111,9.819477249751257,0.8585110455678904,104.43473815917969,0.0,0.3937999904155731,-44.17238965561858,9.819477249751257,0.46471105515231725,45.250659015600895,45.253045176109005,0.46471105515231725
1783054016.7199502,1783054016.7199502,0.0,60.390590083784325,9.57820968235745,0.8091210364861171,104.53473663330078,0.0,0.3937999904155731,-44.144146549516456,9.57820968235745,0.415321046070544,45.171315846501436,45.17322511040916,0.415321046070544
1783054016.7532842,1783054016.7532842,0.0,60.50449068787936,9.347263876025849,0.7969803919171682,104.63473510742188,0.0,0.3937999904155731,-44.130244419542514,9.347263876025849,0.40318040150159506,45.109309621148284,45.11111136884987,0.40318040150159506
1783054016.7866166,1783054016.7866166,0.0,60.78193823361501,9.496919269490641,0.9386029464583471,104.73473358154297,0.0,0.3937999904155731,-43.95279534792796,9.496919269490641,0.544802956042774,44.96709568682483,44.97039587071669,0.544802956042774
1783054016.819952,1783054016.819952,0.0,60.85803362260457,9.234183092447152,0.9771680324873195,104.8347396850586,0.0,0.3937999904155731,-43.97670606245402,9.234183092447152,0.5833680420717464,44.93574093623379,44.93952749819281,0.5833680420717464
1783054016.853281,1783054016.853281,0.0,61.15052337166275,9.385578613405471,1.1276583009314842,104.93473052978516,0.0,0.3937999904155731,-43.784207158122406,9.385578613405471,0.7338583105159111,44.77885530441562,44.784868319486044,0.7338583105159111
1783054016.8866162,1783054016.8866162,0.0,61.152617586069184,9.124022910979427,1.1900811933944568,105.03473663330078,0.0,0.3937999904155731,-43.8821190472316,9.124022910979427,0.7962812029788837,44.82062210808194,44.82769489846317,0.7962812029788837
1783054016.919952,1783054016.919952,0.0,61.139229714789636,8.870691979859332,1.2547960211068943,105.1347427368164,0.0,0.3937999904155731,-43.99551302202677,8.870691979859332,0.8609960306913211,44.880890613632744,44.88914853767817,0.8609960306913211
1783054016.953285,1783054016.953285,0.0,61.426022904844054,8.982184575097415,1.3873246905563092,105.2347412109375,0.0,0.3937999904155731,-43.808718306093446,8.982184575097415,0.9935247001407361,44.72005634347708,44.73109132017186,0.9935247001407361
1783054016.9866166,1783054016.9866166,0.0,61.64166153539392,9.046563980315804,1.5041592010198699,105.3347396850586,0.0,0.3937999904155731,-43.69307814966467,9.046563980315804,1.1103592106042968,44.619787068548995,44.63360052269171,1.1103592106042968
1783054017.019951,1783054017.019951,0.0,61.788876549491654,9.067876976701177,1.601804176061832,105.43473815917969,0.0,0.3937999904155731,-43.64586160968803,9.067876976701177,1.2080041856462589,44.57788272805952,44.59424741633349,1.2080041856462589
1783054017.0532827,1783054017.0532827,0.0,61.88504739116843,9.0703250535644,1.6867328749023467,105.53473663330078,0.0,0.3937999904155731,-43.649689242132354,9.0703250535644,1.2929328844867736,44.582128342106365,44.60087267033943,1.2929328844867736
1783054017.0866168,1783054017.0866168,0.0,61.93201131167959,9.048458730555337,1.763803603209614,105.63473510742188,0.0,0.3937999904155731,-43.70272379574229,9.048458730555337,1.370003612794041,44.62961654065047,44.65063921675222,1.370003612794041
1783054017.1199481,1783054017.1199481,0.0,61.95096313652986,9.01885754589984,1.8403660418829526,105.73473358154297,0.0,0.3937999904155731,-43.78377044501311,9.01885754589984,1.4465660514673795,44.70300153026459,44.726400471713525,1.4465660514673795
1783054017.1532845,1783054017.1532845,0.0,61.98006129530711,8.984237028875848,1.8941713277082826,105.8347396850586,0.0,0.3937999904155731,-43.854678389751484,8.984237028875848,1.5003713372927094,44.76549264399488,44.790628995464324,1.5003713372927094
1783054017.1866167,1783054017.1866167,0.0,61.7892218586008,9.386482704382477,2.515174115656354,105.93473815917969,0.0,0.3937999904155731,-44.14551630057889,9.386482704382477,2.1213741252407807,45.13239044194699,45.18221879438402,2.1213741252407807
1783054017.2199483,1783054017.2199483,0.0,61.949604572483324,9.651328587315533,2.551683856162265,106.03472900390625,0.0,0.3937999904155731,-44.085124431422926,9.651328587315533,2.1578838657466917,45.1292182475431,45.18077912577899,2.1578838657466917
1783054017.2532818,1783054017.2532818,0.0,62.063661107878936,9.90712794954613,2.5490778318459375,106.13473510742188,0.0,0.3937999904155731,-44.07107399954294,9.90712794954613,2.1552778414303644,45.17090598694992,45.22229505736776,2.1552778414303644
1783054017.2866135,1783054017.2866135,0.0,62.05565826334394,9.761174862229442,2.4923210699319744,106.23472595214844,0.0,0.3937999904155731,-44.179067688804494,9.761174862229442,2.0985210795164013,45.24456383415569,45.293204206195924,2.0985210795164013
1783054017.3199477,1783054017.3199477,0.0,62.11495669743805,9.973041549207256,2.6021634200943162,106.33473205566406,0.0,0.3937999904155731,-44.21977535822601,9.973041549207256,2.208363429678743,45.33045433783106,45.38421487160187,2.208363429678743
1783054017.3532825,1783054017.3532825,0.0,61.99517734991711,9.914037812760494,2.7009798682730635,106.43473052978516,0.0,0.3937999904155731,-44.43955317986805,9.914037812760494,2.3071798778574903,45.5319891129211,45.59040591580597,2.3071798778574903
1783054017.386614,1783054017.386614,0.0,61.93599341352675,9.84073454091155,2.7342707406732254,106.53472900390625,0.0,0.3937999904155731,-44.5987355903795,9.84073454091155,2.3404707502576523,45.6715148923842,45.731445154270865,2.3404707502576523
1783054017.4199502,1783054017.4199502,0.0,61.8449939403551,9.75040934944315,2.735555048419212,106.63473510742188,0.0,0.3937999904155731,-44.78974116706677,9.75040934944315,2.341755058003639,45.8387543056587,45.89853170904522,2.341755058003639
1783054017.4532852,1783054017.4532852,0.0,61.501295291853786,9.548246444856193,3.0036079375727103,106.7347412109375,0.0,0.3937999904155731,-45.233445919083714,9.548246444856193,2.609807947157137,46.23022431144348,46.3038306990623,2.609807947157137
1783054017.486621,1783054017.486621,0.0,61.634403822273505,9.877429884851693,2.9638057057751834,106.83474731445312,0.0,0.3937999904155731,-45.20034349217962,9.877429884851693,2.5700057153596103,46.26699334235137,46.33831678339392,2.5700057153596103
1783054017.5199504,1783054017.5199504,0.0,61.68442072796116,10.178575035220922,2.883759959679537,106.93473815917969,0.0,0.3937999904155731,-45.25031743121853,10.178575035220922,2.489959969263964,46.3809725789969,46.447761173410704,2.489959969263964
1783054017.5532827,1783054017.5532827,0.0,61.7347022134505,10.475971872338592,2.804229291969921,107.03473663330078,0.0,0.3937999904155731,-45.300034419850284,10.475971872338592,2.410429301554348,46.49558156545253,46.55802051770931,2.410429301554348
1783054017.5866172,1783054017.5866172,0.0,61.547727532073075,10.124311712874611,3.0029594972132467,107.13473510742188,0.0,0.3937999904155731,-45.5870075753488,10.124311712874611,2.6091595067976736,46.69771886649667,46.7705533500115,2.6091595067976736
1783054017.6199267,1783054017.6199267,0.0,61.38413624777712,9.847607444598506,3.1153851144704676,107.23466491699219,0.0,0.3937999904155731,-45.850528669215066,9.847607444598506,2.7215851240548945,46.89612299145234,46.97502929447624,2.7215851240548945
1783054017.6532822,1783054017.6532822,0.0,61.31782850545168,9.601458753535088,3.265085138650298,107.33473205566406,0.0,0.3937999904155731,-46.01690355021238,9.601458753535088,2.871285148234725,47.007908085186955,47.09551678183241,2.871285148234725
1783054017.6866148,1783054017.6866148,0.0,61.429573154770054,9.815358291676509,3.1917208082894444,107.43473052978516,0.0,0.3937999904155731,-46.0051573750151,9.815358291676509,2.7979208178738713,47.04057571388651,47.123710851300544,2.7979208178738713
1783054017.71995,1783054017.71995,0.0,61.545983237512424,10.040511553492752,3.099222828770004,107.53473663330078,0.0,0.3937999904155731,-45.98875339578836,10.040511553492752,2.7054228383544308,47.072043838720845,47.14972559717338,2.7054228383544308
1783054017.7532809,1783054017.7532809,0.0,61.678814209802574,10.270604069456637,2.9974579552416385,107.63472747802734,0.0,0.3937999904155731,-45.95591326822477,10.270604069456637,2.6036579648260654,47.089608962786436,47.161534189060674,2.6036579648260654
1783054017.786616,1783054017.786616,0.0,61.76900128595646,10.22270919909408,3.0005441338113603,107.73473358154297,0.0,0.3937999904155731,-45.965732295586506,10.22270919909408,2.606744143395787,47.08877072974794,47.160867717503834,2.606744143395787
1783054017.8199506,1783054017.8199506,0.0,61.857877534347004,10.206061859617828,2.9903316010503924,107.8347396850586,0.0,0.3937999904155731,-45.97686215071159,10.206061859617828,2.5965316106348193,47.09602479942316,47.1675474061659,2.5965316106348193
1783054017.8532815,1783054017.8532815,0.0,61.926031019935955,10.55763110189373,2.8732021470763844,107.93473052978516,0.0,0.3937999904155731,-46.0086995098492,10.55763110189373,2.4794021566608113,47.20449136545454,47.269561454764165,2.4794021566608113
1783054017.886624,1783054017.886624,0.0,61.794343984727725,9.986569108795516,2.949507907832521,108.03475952148438,0.0,0.3937999904155731,-46.24041553675665,9.986569108795516,2.5557079174169477,47.30652800171109,47.37551302662402,2.5557079174169477
1783054017.919951,1783054017.919951,0.0,61.71646537570334,9.514257498967892,2.9622886890906073,108.1347427368164,0.0,0.3937999904155731,-46.41827736111306,9.514257498967892,2.568488698675034,47.38330474892911,47.45286822864462,2.568488698675034
1783054017.9532833,1783054017.9532833,0.0,61.689910827701034,9.121086332474272,2.9452414873926487,108.23473358154297,0.0,0.3937999904155731,-46.544822753841935,9.121086332474272,2.5514414969770756,47.43010374299228,47.49867992674647,2.5514414969770756
1783054017.986617,1783054017.986617,0.0,61.80721483947039,9.386174682854993,2.8647356980130163,108.3347396850586,0.0,0.3937999904155731,-46.527524845588204,9.386174682854993,2.470935707597443,47.464837969110306,47.52911072916235,2.470935707597443
1783054018.0199506,1783054018.0199506,0.0,61.922982343054244,9.69433645071295,2.781527912463886,108.43473815917969,0.0,0.3937999904155731,-46.511755816125444,9.69433645071295,2.3877279220483127,47.51129958566173,47.57126057766632,2.3877279220483127
1783054018.0532846,1783054018.0532846,0.0,61.955749103110676,9.397488188242981,2.720156939231871,108.53473663330078,0.0,0.3937999904155731,-46.578987530190105,9.397488188242981,2.326356948816298,47.517521648185436,47.574434313390185,2.326356948816298
1783054018.0866122,1783054018.0866122,0.0,62.0128019985415,9.148490287332374,2.665807080366845,108.63471984863281,0.0,0.3937999904155731,-46.621917850091315,9.148490287332374,2.272007089951272,47.51103133544965,47.565324710074954,2.272007089951272
1783054018.1199489,1783054018.1199489,0.0,62.15209689484418,9.165848211928614,2.6179586542776367,108.73473358154297,0.0,0.3937999904155731,-46.58263668669879,9.165848211928614,2.2241586638620636,47.475834001406355,47.527904391958245,2.2241586638620636
1783054018.1532717,1783054018.1532717,0.0,62.28886671987242,9.185850541017203,2.587779102857842,108.83470153808594,0.0,0.3937999904155731,-46.545834818213514,9.185850541017203,2.193979112442269,47.44359376234397,47.4942957988868,2.193979112442269
1783054018.1866176,1783054018.1866176,0.0,62.426713533543314,9.210711032332092,2.5753493617012317,108.93473815917969,0.0,0.3937999904155731,-46.508024625636374,9.210711032332092,2.1815493712856586,47.41132303891048,47.46148659660041,2.1815493712856586
1783054018.2199492,1783054018.2199492,0.0,62.546098023849304,9.239911743174133,2.57788814725485,109.03473663330078,0.0,0.3937999904155731,-46.48863860945148,9.239911743174133,2.1840881568392767,47.39799034539154,47.448284793643225,2.1840881568392767
1783054018.2532814,1783054018.2532814,0.0,62.589886128457735,9.004614996506072,2.5839009639488926,109.13472747802734,0.0,0.3937999904155731,-46.54484134956961,9.004614996506072,2.1901009735333195,47.40786166335607,47.45842274840346,2.1901009735333195
1783054018.2866209,1783054018.2866209,0.0,62.65549084381286,9.362695560532794,2.385839804777912,109.23474884033203,0.0,0.3937999904155731,-46.57925799651917,9.362695560532794,1.992039814362339,47.51091815220492,47.55266098009153,1.992039814362339
1783054018.3199499,1783054018.3199499,0.0,62.74555313713612,9.697648169118304,2.218601635817989,109.33473205566406,0.0,0.3937999904155731,-46.58917891852794,9.697648169118304,1.8248016454024159,47.58777124760742,47.62274533623272,1.8248016454024159
1783054018.3532836,1783054018.3532836,0.0,62.862366338113105,10.014156056211906,2.0893023107902415,109.43473815917969,0.0,0.3937999904155731,-46.57237182106658,10.014156056211906,1.6955023203746684,47.63684643800261,47.66701025527233,1.6955023203746684
1783054018.3866165,1783054018.3866165,0.0,62.978605868654824,9.994642167250156,1.9867905286468477,109.53473663330078,0.0,0.3937999904155731,-46.55613076464596,9.994642167250156,1.5929905382312746,47.61686868984761,47.64350745569729,1.5929905382312746
1783054018.4199476,1783054018.4199476,0.0,63.08861709334037,9.968726096182845,1.9098580310228153,109.63472747802734,0.0,0.3937999904155731,-46.546110384686976,9.968726096182845,1.5160580406072421,47.60163749204623,47.625773735517114,1.5160580406072421
1783054018.4532816,1783054018.4532816,0.0,63.20452426422941,9.950104354565264,1.854071241689971,109.73473358154297,0.0,0.3937999904155731,-46.530209317313556,9.950104354565264,1.4602712512743978,47.582191582353076,47.60459376895312,1.4602712512743978
1783054018.4866147,1783054018.4866147,0.0,63.331794871700325,9.92063409449672,1.8201756119903643,109.83473205566406,0.0,0.3937999904155731,-46.50293718396374,9.92063409449672,1.4263756215747911,47.54936537507696,47.57075461863508,1.4263756215747911
1783054018.5199475,1783054018.5199475,0.0,63.487076014597086,10.22697432945476,1.8513629997032843,109.93473052978516,0.0,0.3937999904155731,-46.44765451518807,10.22697432945476,1.4575630092877112,47.560231432338476,47.58256092124131,1.4575630092877112
1783054018.553281,1783054018.553281,0.0,63.64824897075063,10.49624157955484,1.8918234489929704,110.03472900390625,0.0,0.3937999904155731,-46.38648003315562,10.49624157955484,1.4980234585773973,47.55919066976141,47.58277725653652,1.4980234585773973
1783054018.5866177,1783054018.5866177,0.0,63.81668281912108,10.743999680503867,1.9402546136654517,110.1347427368164,0.0,0.3937999904155731,-46.31805991769533,10.743999680503867,1.5464546232498786,47.54783069366974,47.57297263757703,1.5464546232498786
1783054018.6199503,1783054018.6199503,0.0,63.963226607552464,10.9621278482572,1.9978343556268672,110.23473358154297,0.0,0.3937999904155731,-46.271506973990505,10.9621278482572,1.604034365211294,47.552293368517866,47.579339327594354,1.604034365211294
1783054018.6532812,1783054018.6532812,0.0,64.11759104013069,11.15613444117167,2.061701445857413,110.33473205566406,0.0,0.3937999904155731,-46.21714101553337,11.15613444117167,1.6679014554418399,47.54454184571762,47.57378852460942,1.6679014554418399
1783054018.6866157,1783054018.6866157,0.0,64.29438012051328,11.328417424258909,2.129178162462394,110.43473052978516,0.0,0.3937999904155731,-46.140350409271875,11.328417424258909,1.735378172046821,47.51068276954824,47.54236547153144,1.735378172046821
1783054018.7199485,1783054018.7199485,0.0,64.47268496145831,11.48037712888742,2.1862704235250625,110.53472900390625,0.0,0.3937999904155731,-46.06204404244794,11.48037712888742,1.7924704331094894,47.471159248430986,47.50498827116439,1.7924704331094894
1783054018.7532809,1783054018.7532809,0.0,64.65949753477116,11.591302972397445,2.2424588815303808,110.63472747802734,0.0,0.3937999904155731,-45.97522994325618,11.591302972397445,1.8486588911148076,47.413922775205904,47.44994849974958,1.8486588911148076
1783054018.786614,1783054018.786614,0.0,64.84593446864018,11.679044559087293,2.2960146269855337,110.73472595214844,0.0,0.3937999904155731,-45.88879148350826,11.679044559087293,1.9022146365699606,47.35167648172604,47.38986902444053,1.9022146365699606
1783054018.8199475,1783054018.8199475,0.0,65.023007559616,11.746031598774728,2.3567295113402795,110.83473205566406,0.0,0.3937999904155731,-45.81172449604806,11.746031598774728,1.9629295209247064,47.29358687624807,47.334305233364745,1.9629295209247064
1783054018.853282,1783054018.853282,0.0,65.1748634125073,11.805429392132853,2.4160160685994296,110.93473052978516,0.0,0.3937999904155731,-45.75986711727785,11.805429392132853,2.0222160781838565,47.258159102144056,47.30140547161814,2.0222160781838565
1783054018.8866208,1783054018.8866208,0.0,65.32107916514734,11.856311136406827,2.4689496446852326,111.03475189208984,0.0,0.3937999904155731,-45.713672726942505,11.856311136406827,2.0751496542696595,47.226179053034684,47.271748793935124,2.0751496542696595
1783054018.9199517,1783054018.9199517,0.0,65.45578791682354,11.901299703207592,2.5121165481555234,111.1347427368164,0.0,0.3937999904155731,-45.67895481999287,11.901299703207592,2.1183165577399503,47.20389653484677,47.251403292508826,2.1183165577399503
1783054018.9532833,1783054018.9532833,0.0,65.59197042735514,11.945303512754549,2.555385747296274,111.23473358154297,0.0,0.3937999904155731,-45.64276315418783,11.945303512754549,2.161585756880701,47.179996866904446,47.22948821811922,2.161585756880701
1783054018.9866126,1783054018.9866126,0.0,65.73745688726174,11.978303920608678,2.603944931294447,111.33472442626953,0.0,0.3937999904155731,-45.59726753900779,11.978303920608678,2.210144940878874,47.14435885488658,47.196136626825876,2.210144940878874
1783054019.0199513,1783054019.0199513,0.0,65.88307271216496,12.007567509727094,2.649663692897663,111.43473815917969,0.0,0.3937999904155731,-45.55166544701473,12.007567509727094,2.25586370248209,47.10770534103109,47.16168809045733,2.25586370248209
1783054019.0532837,1783054019.0532837,0.0,66.02454587648809,12.034250852602634,2.691864911766934,111.53473663330078,0.0,0.3937999904155731,-45.51019075681269,12.034250852602634,2.298064921351361,47.074416154689025,47.130475901348504,2.298064921351361
1783054019.08662,1783054019.08662,0.0,66.16922824536691,12.055986863882053,2.721705473908409,111.63475036621094,0.0,0.3937999904155731,-45.46552212084403,12.055986863882053,2.327905483492836,47.03679964647951,47.094369779445294,2.327905483492836
1783054019.1199474,1783054019.1199474,0.0,66.32138788484058,12.061160242669466,2.7492776196456785,111.73472595214844,0.0,0.3937999904155731,-45.41333806730786,12.061160242669466,2.3554776292301054,46.98768839616335,47.04669101729416,2.3554776292301054
1783054019.1532826,1783054019.1532826,0.0,66.46464347838882,12.065538300363894,2.7640151462977998,111.83473205566406,0.0,0.3937999904155731,-45.37008857727524,12.065538300363894,2.3702151558822266,46.94701430322645,47.00680878205329,2.3702151558822266
1783054019.186619,1783054019.186619,0.0,66.59472350864974,12.060943751566613,2.7729933344668023,111.93474578857422,0.0,0.3937999904155731,-45.34002227992448,12.060943751566613,2.379193344051229,46.91677721798996,46.97706403651552,2.379193344051229
1783054019.2199512,1783054019.2199512,0.0,66.72135353808444,12.05145846204161,2.789263329799259,112.03473663330078,0.0,0.3937999904155731,-45.31338309521634,12.05145846204161,2.395463339383686,46.88859497357702,46.949745294372825,2.395463339383686
1783054019.2532842,1783054019.2532842,0.0,66.84864937693833,12.039685300979382,2.7947871858691897,112.13473510742188,0.0,0.3937999904155731,-45.28608573048355,12.039685300979382,2.4009871954536166,46.85918888473556,46.92065986799479,2.4009871954536166
1783054019.2866163,1783054019.2866163,0.0,66.99835478076386,11.732436331249957,2.546132654023083,112.23473358154297,0.0,0.3937999904155731,-45.23637880077911,11.732436331249957,2.1523326636075097,46.73307211466428,46.782609644709254,2.1523326636075097
1783054019.3199494,1783054019.3199494,0.0,67.14263385385901,11.450921232062509,2.323098787146698,112.33473205566406,0.0,0.3937999904155731,-45.19209820180505,11.450921232062509,1.9292987967311248,46.62026744822997,46.660170711127485,1.9292987967311248
1783054019.3532827,1783054019.3532827,0.0,67.29754420982631,11.186684306758366,2.1218453178034977,112.43473815917969,0.0,0.3937999904155731,-45.137193949353374,11.186684306758366,1.7280453273879246,46.50277608273098,46.53487212891128,1.7280453273879246
1783054019.3866181,1783054019.3866181,0.0,67.44450030915475,10.950755177683792,1.9488026281444115,112.53473663330078,0.0,0.3937999904155731,-45.090236324146034,10.950755177683792,1.5550026377288384,46.400953123065335,46.4270016685576,1.5550026377288384
1783054019.4199493,1783054019.4199493,0.0,67.5914585819096,10.731746803550498,1.8023270314263478,112.63473510742188,0.0,0.3937999904155731,-45.04327652551227,10.731746803550498,1.4085270410107746,46.30407271082406,46.32549080187429,1.4085270410107746
1783054019.45328,1783054019.45328,0.0,67.74049258202801,10.859383879170451,1.9150033741986947,112.73472595214844,0.0,0.3937999904155731,-44.994233370120426,10.859383879170451,1.5212033837831216,46.28614538714631,46.311135966793984,1.5212033837831216
1783054019.4866176,1783054019.4866176,0.0,67.90031407980199,10.643174803131767,1.7910520921888051,112.8347396850586,0.0,0.3937999904155731,-44.93442560525661,10.643174803131767,1.397252101773232,46.17769780277444,46.19883210428884,1.397252101773232
1783054019.5199482,1783054019.5199482,0.0,68.0549914741558,10.45524342235929,1.689349532291335,112.93473052978516,0.0,0.3937999904155731,-44.87973905562936,10.45524342235929,1.2955495418757619,46.081483187091216,46.09969133668494,1.2955495418757619
1783054019.5532835,1783054019.5532835,0.0,68.19844259369053,10.296878905013482,1.6084289668140443,113.03473663330078,0.0,0.3937999904155731,-44.83629403961025,10.296878905013482,1.2146289763984712,46.00346702576776,46.019499149178145,1.2146289763984712
1783054019.5866148,1783054019.5866148,0.0,68.35068967488124,10.163925267498232,1.5428362310164918,113.13472747802734,0.0,0.3937999904155731,-44.784037803146106,10.163925267498232,1.1490362406009187,45.92292911821838,45.93730186982168,1.1490362406009187
1783054019.6199477,1783054019.6199477,0.0,68.49860527466187,10.051370810646612,1.488336441760446,113.23472595214844,0.0,0.3937999904155731,-44.73612067748657,10.051370810646612,1.094536451344873,45.851396363074485,45.864458554387,1.094536451344873
1783054019.6532845,1783054019.6532845,0.0,68.64671269801477,9.955781725704039,1.4413335637546554,113.3347396850586,0.0,0.3937999904155731,-44.68802698704383,9.955781725704039,1.0475335733390823,45.78359253886287,45.79557481189523,1.0475335733390823
1783054019.6866157,1783054019.6866157,0.0,68.71444488060685,9.8848287296195,1.6362284246528156,113.43473052978516,0.0,0.3937999904155731,-44.72028564917831,9.8848287296195,1.2424284342372425,45.79971383707561,45.81656268176624,1.2424284342372425
1783054019.719953,1783054019.719953,0.0,68.78157855064896,9.841690103795267,1.8141855892168404,113.53474426269531,0.0,0.3937999904155731,-44.75316571204635,9.841690103795267,1.4203855988012672,45.82253490749964,45.8445438476413,1.4203855988012672
1783054019.7532854,1783054019.7532854,0.0,68.8385326902223,9.800563357372962,1.970082047641403,113.6347427368164,0.0,0.3937999904155731,-44.79621004659411,9.800563357372962,1.5762820572258298,45.85576819398472,45.88285237193077,1.5762820572258298
1783054019.7866187,1783054019.7866187,0.0,68.95098700835666,10.108385076043751,1.8903306725830826,113.7347412109375,0.0,0.3937999904155731,-44.78375420258084,10.108385076043751,1.4965306821675095,45.91039195348653,45.93477651415569,1.4965306821675095
1783054019.8199728,1783054019.8199728,0.0,69.04721680867705,10.06916642585004,2.030154539134103,113.83480072021484,0.0,0.3937999904155731,-44.787583911537794,10.06916642585004,1.63635454871853,45.9055093114596,45.93466492044561,1.63635454871853
1783054019.8532815,1783054019.8532815,0.0,69.17506524385728,10.378901212005166,2.1738152367896633,113.93473052978516,0.0,0.3937999904155731,-44.75966528592788,10.378901212005166,1.7800152463740901,45.94724395300396,45.98171028957257,1.7800152463740901
1783054019.886618,1783054019.886618,0.0,69.30689735320888,10.661982155913291,2.292081629805385,114.03473663330078,0.0,0.3937999904155731,-44.7278392800919,10.661982155913291,1.898281639389812,45.9810555572482,46.02022319960204,1.898281639389812
1783054019.919949,1783054019.919949,0.0,69.42643023759399,10.912031646003209,2.403375768194091,114.13473510742188,0.0,0.3937999904155731,-44.708304869827884,10.912031646003209,2.009575777778518,46.020701417697346,46.064556372372515,2.009575777778518
1783054019.9532845,1783054019.9532845,0.0,69.55166304073038,11.127982983528002,2.4996448168280776,114.2347412109375,0.0,0.3937999904155731,-44.683078170207125,11.127982983528002,2.1058448264125045,46.04790418734092,46.09603087554782,2.1058448264125045
1783054019.9866176,1783054019.9866176,0.0,69.67271328513606,11.326216997127345,2.588113921808472,114.3347396850586,0.0,0.3937999904155731,-44.66202639992254,11.326216997127345,2.194313931392899,46.07580486126525,46.12802626649984,2.194313931392899
1783054020.0199475,1783054020.0199475,0.0,69.82692550145791,11.49643722297741,2.655241985726639,114.43473052978516,0.0,0.3937999904155731,-44.60780502832725,11.49643722297741,2.261441995311066,46.06543539647833,46.12091128940618,2.261441995311066
1783054020.0532818,1783054020.0532818,0.0,69.95963719286914,11.650051529553158,2.706957053002101,114.53472900390625,0.0,0.3937999904155731,-44.57509181103711,11.650051529553158,2.313157062586528,46.07236167816483,46.13039351880521,2.313157062586528
1783054020.086619,1783054020.086619,0.0,70.06194575520668,11.470747474591912,2.7674715438426167,114.6347427368164,0.0,0.3937999904155731,-44.57279698160973,11.470747474591912,2.3736715534270436,46.02512659830121,46.086295089030564,2.3736715534270436
1783054020.1199496,1783054020.1199496,0.0,70.16282454148391,11.307108738534211,2.807134643193826,114.73473358154297,0.0,0.3937999904155731,-44.571909040059055,11.307108738534211,2.413334652778253,45.98375564805831,46.04704081313624,2.413334652778253
1783054020.1532817,1783054020.1532817,0.0,70.28186238006617,11.481879084963952,2.809569679034826,114.83473205566406,0.0,0.3937999904155731,-44.55286967559789,11.481879084963952,2.415769688619253,46.00860510439914,46.07198375196139,2.415769688619253
1783054020.1866174,1783054020.1866174,0.0,70.3758438009033,11.290336861001068,2.830269214982005,114.93473815917969,0.0,0.3937999904155731,-44.55889435827639,11.290336861001068,2.436469224566432,45.967018316037375,46.031545217917404,2.436469224566432
1783054020.2199569,1783054020.2199569,0.0,70.5063310630503,11.462074879545138,2.809897315163751,115.03475952148438,0.0,0.3937999904155731,-44.52842845843408,11.462074879545138,2.416097324748178,45.97999675426458,46.04343197248482,2.416097324748178
1783054020.2532835,1783054020.2532835,0.0,70.63748142541569,11.61033439551246,2.793811173871347,115.13473510742188,0.0,0.3937999904155731,-44.49725368200619,11.61033439551246,2.400011183455774,45.98701392802573,46.04959830114858,2.400011183455774
1783054020.2866209,1783054020.2866209,0.0,70.76078170048918,11.745919194601882,2.7702504148581215,115.23474884033203,0.0,0.3937999904155731,-44.473967139842856,11.745919194601882,2.3764504244425484,45.99891706205635,46.0602636499377,2.3764504244425484
1783054020.31995,1783054020.31995,0.0,70.88358631025008,11.866449523385679,2.745392927513127,115.3347396850586,0.0,0.3937999904155731,-44.45115337480851,11.866449523385679,2.351592937097554,46.007799997846135,46.06785918602706,2.351592937097554
1783054020.3532853,1783054020.3532853,0.0,71.0132179073057,11.975134047195182,2.7171819675628375,115.43474578857422,0.0,0.3937999904155731,-44.42152788126852,11.975134047195182,2.3233819771472644,46.0073469649643,46.06597528074644,2.3233819771472644
1783054020.3866174,1783054020.3866174,0.0,71.15510594167733,12.064760629338302,2.6899212887944266,115.53473663330078,0.0,0.3937999904155731,-44.37963069162345,12.064760629338302,2.2961212983788535,45.99032582367859,46.047608432849,2.2961212983788535
1783054020.4199538,1783054020.4199538,0.0,71.28558391279206,12.147595312141675,2.6599688036068474,115.63475036621094,0.0,0.3937999904155731,-44.349166453418874,12.147595312141675,2.2661688131912743,45.982742817068015,46.038550781605856,2.2661688131912743
1783054020.4532857,1783054020.4532857,0.0,71.40820651504053,12.230214268914894,2.6313603538204156,115.7347412109375,0.0,0.3937999904155731,-44.32653469589697,12.230214268914894,2.2375603634048424,45.9828209140123,46.037229451716655,2.2375603634048424
1783054020.486613,1783054020.486613,0.0,71.5328548436421,12.301839612670605,2.6043019048595997,115.83472442626953,0.0,0.3937999904155731,-44.30186958262743,12.301839612670605,2.2105019144440265,45.97815683965596,46.03126356168992,2.2105019144440265
1783054020.5199525,1783054020.5199525,0.0,71.65681366581524,12.370826882391933,2.5774359378409044,115.93474578857422,0.0,0.3937999904155731,-44.27793212275898,12.370826882391933,2.1836359474253313,45.97360798133819,46.02543749680877,2.1836359474253313
1783054020.5532882,1783054020.5532882,0.0,71.79078569167196,12.432401315633392,2.550688985402306,116.03475189208984,0.0,0.3937999904155731,-44.24396620041789,12.432401315633392,2.156888994986733,45.957514593553505,46.00810056667606,2.156888994986733
1783054020.5866158,1783054020.5866158,0.0,71.91968809097973,12.486219804767433,2.524573991919992,116.13473510742188,0.0,0.3937999904155731,-44.21504701644214,12.486219804767433,2.130774001504419,45.94427132602231,45.99365462240028,2.130774001504419
1783054020.6199493,1783054020.6199493,0.0,72.04276429289808,12.535668547850424,2.499521792182866,116.23473358154297,0.0,0.3937999904155731,-44.191969288644884,12.535668547850424,2.105721801767293,45.935532385617336,45.983771048670384,2.105721801767293
1783054020.6532834,1783054020.6532834,0.0,72.1755359970081,12.574515867124553,2.47274185043808,116.3347396850586,0.0,0.3937999904155731,-44.159203688050496,12.574515867124553,2.078941860022507,45.914635135818074,45.96167663295861,2.078941860022507
1783054020.6866167,1783054020.6866167,0.0,72.31733087253708,12.605722458233979,2.447476276286614,116.43473815917969,0.0,0.3937999904155731,-44.1174072866426,12.605722458233979,2.053676285871041,45.88300191126917,45.92893914164227,2.053676285871041
1783054020.7199566,1783054020.7199566,0.0,72.4596112862967,12.632673204050418,2.4284512206212177,116.53475952148438,0.0,0.3937999904155731,-44.07514823518767,12.632673204050418,2.0346512302056445,45.8497887043561,45.89491180798453,2.0346512302056445
1783054020.753285,1783054020.753285,0.0,72.59921329554597,12.649030850120676,2.4146193677873202,116.6347427368164,0.0,0.3937999904155731,-44.03552944127044,12.649030850120676,2.020819377371747,45.81621803052169,45.86076259261572,2.020819377371747
1783054020.7866182,1783054020.7866182,0.0,72.74613417734143,12.660405107084909,2.4042376551794824,116.7347412109375,0.0,0.3937999904155731,-43.98860703359607,12.660405107084909,2.0104376647639093,45.77426576398183,45.8183944048189,2.0104376647639093
1783054020.81995,1783054020.81995,0.0,72.89351482654149,12.666900849832448,2.395249848005978,116.8347396850586,0.0,0.3937999904155731,-43.9412248585171,12.666900849832448,2.001449857590405,45.73053268010605,45.77430961509628,2.001449857590405
1783054020.8532825,1783054020.8532825,0.0,73.03963185964356,12.671135958833718,2.3912755639327976,116.93473052978516,0.0,0.3937999904155731,-43.89509867014159,12.671135958833718,1.9974755735172245,45.687387469067595,45.73103194129248,1.9974755735172245
1783054020.8866177,1783054020.8866177,0.0,73.18820290432446,12.670577933998306,2.3899724471367585,117.03473663330078,0.0,0.3937999904155731,-43.846533728976326,12.670577933998306,1.9961724567211854,45.64057476881489,45.6842070053181,1.9961724567211854
1783054020.9199498,1783054020.9199498,0.0,73.32663274982328,12.665417970921773,2.391992918316758,117.13473510742188,0.0,0.3937999904155731,-43.8081023575986,12.665417970921773,1.9981929279011847,45.60222192560341,45.6459792263141,1.9981929279011847
1783054020.953281,1783054020.953281,0.0,73.46683406646316,12.662123419361063,2.395525554150575,117.23472595214844,0.0,0.3937999904155731,-43.76789188568527,12.662123419361063,2.0017255637350018,45.562679131106485,45.60662928606626,2.0017255637350018
1783054020.9866192,1783054020.9866192,0.0,73.61254701068125,12.658270641173923,2.4004206249718987,117.33474731445312,0.0,0.3937999904155731,-43.72220030377187,12.658270641173923,2.0066206345563256,45.51771759467246,45.561926445217196,2.0066206345563256
1783054021.0199468,1783054021.0199468,0.0,73.75569219305513,12.644815553422221,2.4109158190443165,117.43472290039062,0.0,0.3937999904155731,-43.6790307073355,12.644815553422221,2.0171158286287434,45.472509100691,45.51722575221969,2.0171158286287434
1783054021.0532813,1783054021.0532813,0.0,73.90449468346986,12.635436406487369,2.4205521276704114,117.53472900390625,0.0,0.3937999904155731,-43.63023432043639,12.635436406487369,2.0267521372548383,45.42302940181964,45.46822323628271,2.0267521372548383
1783054021.0866153,1783054021.0866153,0.0,74.04382008168584,12.629882405811205,2.428048074541512,117.63473510742188,0.0,0.3937999904155731,-43.59091502573604,12.629882405811205,2.034248084125939,45.3837173705015,45.42928535243901,2.034248084125939
1783054021.1199474,1783054021.1199474,0.0,74.18980486536498,12.623044790793617,2.4391869169929796,117.73472595214844,0.0,0.3937999904155731,-43.54492108678346,12.623044790793617,2.0453869265774065,45.337637920877405,45.38375281886674,2.0453869265774065
1783054021.1532829,1783054021.1532829,0.0,74.3445046527739,12.610043720517087,2.4566503205630346,117.83473205566406,0.0,0.3937999904155731,-43.490227402890156,12.610043720517087,2.0628503301474614,45.28148719055559,45.32845059863661,2.0628503301474614
1783054021.1866171,1783054021.1866171,0.0,74.4956115382149,12.606549974073637,2.470811667194216,117.93473815917969,0.0,0.3937999904155731,-43.439126620964785,12.606549974073637,2.077011676778643,45.23143623455957,45.279098945832644,2.077011676778643
1783054021.2199514,1783054021.2199514,0.0,74.63529840228614,12.605166297697261,2.490186273184347,118.03473663330078,0.0,0.3937999904155731,-43.39943823101464,12.605166297697261,2.096386282768774,45.192935909943465,45.241532816725375,2.096386282768774
1783054021.2532835,1783054021.2532835,0.0,74.77380706987901,12.594172928114716,2.5160374852047607,118.13473510742188,0.0,0.3937999904155731,-43.36092803754286,12.594172928114716,2.1222374947891876,45.15288774840683,45.20273403240691,2.1222374947891876
1783054021.286617,1783054021.286617,0.0,74.9093691069396,12.587627137008074,2.5497874712873903,118.23473358154297,0.0,0.3937999904155731,-43.325364474603376,12.587627137008074,2.155987480871817,45.11690995400245,45.16839432407623,2.155987480871817
1783054021.3199472,1783054021.3199472,0.0,74.97241141056904,12.250889940506728,2.5988159063051297,118.33472442626953,0.0,0.3937999904155731,-43.362313015700494,12.250889940506728,2.2050159158895566,45.05967703397348,45.113596504771415,2.2050159158895566
1783054021.3532808,1783054021.3532808,0.0,75.03896830154955,11.943322390773602,2.6438276252109483,118.43473052978516,0.0,0.3937999904155731,-43.39576222823561,11.943322390773602,2.250027634795375,45.0092782557054,45.065482949335596,2.250027634795375
1783054021.386617,1783054021.386617,0.0,75.18157584858916,12.004366734247556,2.672102936651327,118.53473663330078,0.0,0.3937999904155731,-43.35316078471162,12.004366734247556,2.278302946235754,44.984456990335744,45.04211401599833,2.278302946235754
1783054021.4199526,1783054021.4199526,0.0,75.32297701311681,12.069248822326609,2.6968575058382322,118.6347427368164,0.0,0.3937999904155731,-43.311765723699594,12.069248822326609,2.303057515422659,44.961937427560564,45.02088283407175,2.303057515422659
1783054021.4532907,1783054021.4532907,0.0,75.46617216728092,12.126503355754378,2.7237600837202454,118.73475646972656,0.0,0.3937999904155731,-43.268584302445646,12.126503355754378,2.3299600933046722,44.93575938130976,44.996124113209575,2.3299600933046722
1783054021.486618,1783054021.486618,0.0,75.61620283769678,12.18614879943156,2.745516639651933,118.8347396850586,0.0,0.3937999904155731,-43.21853684736182,12.18614879943156,2.35171664923636,44.90372089024091,44.965261268972455,2.35171664923636
1783054021.5199509,1783054021.5199509,0.0,75.76120546901393,12.239770059980001,2.7670122164059534,118.93473815917969,0.0,0.3937999904155731,-43.17353269016576,12.239770059980001,2.3732122259903803,44.875003020278385,44.93771280716882,2.3732122259903803
1783054021.5532854,1783054021.5532854,0.0,75.90261032359341,12.29990694463552,2.791839675177576,119.03474426269531,0.0,0.3937999904155731,-43.132133939101905,12.29990694463552,2.398039684762003,44.85162972498679,44.91569083646619,2.398039684762003
1783054021.586617,1783054021.586617,0.0,76.04383187087592,12.361389933395307,2.8116706867840766,119.13473510742188,0.0,0.3937999904155731,-43.090903236545955,12.361389933395307,2.4178706963685035,44.82889584661677,44.89405307533695,2.4178706963685035
1783054021.6199515,1783054021.6199515,0.0,76.18054706522192,12.419174987083057,2.8217478709225405,119.2347412109375,0.0,0.3937999904155731,-43.054194145715584,12.419174987083057,2.4279478805069674,44.80959206349417,44.87532141174275,2.4279478805069674
1783054021.6532815,1783054021.6532815,0.0,76.31414310631476,12.477539366432921,2.8317938535324085,119.33473205566406,0.0,0.3937999904155731,-43.0205889493493,12.477539366432921,2.4379938631168354,44.79352701216727,44.8598247462733,2.4379938631168354
1783054021.6866164,1783054021.6866164,0.0,76.44189246806465,12.536830912462165,2.8311722961976984,119.43473815917969,0.0,0.3937999904155731,-42.992845691115036,12.536830912462165,2.4373723057821253,44.7834445967223,44.849723451819514,2.4373723057821253
1783054021.7199478,1783054021.7199478,0.0,76.57621267669145,12.595240613472255,2.8330177172752604,119.53472900390625,0.0,0.3937999904155731,-42.958516327214795,12.595240613472255,2.4392177268596873,44.76688744090704,44.833291138013365,2.4392177268596873
1783054021.7532823,1783054021.7532823,0.0,76.7010695512833,12.64937666625899,2.8379663925298018,119.63473510742188,0.0,0.3937999904155731,-42.93366555613858,12.64937666625899,2.4441664021142286,44.758310604079526,44.8249965703566,2.4441664021142286
1783054021.7866147,1783054021.7866147,0.0,76.83315368268178,12.69982831577135,2.836940404905558,119.73473358154297,0.0,0.3937999904155731,-42.901579898861186,12.69982831577135,2.443140414489985,44.74182827141106,44.808482814678655,2.443140414489985
1783054021.819954,1783054021.819954,0.0,76.95926121897094,12.748715201772754,2.8335203957544843,119.83474731445312,0.0,0.3937999904155731,-42.87548609548219,12.748715201772754,2.439720405338911,44.73071704343446,44.797201730420895,2.439720405338911
1783054021.8532822,1783054021.8532822,0.0,77.08406590120175,12.794951507126752,2.831528266973584,119.93473052978516,0.0,0.3937999904155731,-42.8506646285834,12.794951507126752,2.437728276558011,44.720132414618966,44.78652433859301,2.437728276558011
1783054021.8866177,1783054021.8866177,0.0,77.20351103521028,12.83785196790485,2.829709414946086,120.03473663330078,0.0,0.3937999904155731,-42.8312255980905,12.83785196790485,2.435909424530513,44.71380468473199,44.78010701314678,2.435909424530513
1783054021.9199474,1783054021.9199474,0.0,77.32946406145417,12.88603759099557,2.821938621442355,120.13472747802734,0.0,0.3937999904155731,-42.80526341657317,12.88603759099557,2.428138631026782,44.702802383729455,44.76869886617494,2.428138631026782
1783054021.953285,1783054021.953285,0.0,77.45346551495768,12.93119068757755,2.8135904880443507,120.2347412109375,0.0,0.3937999904155731,-42.781275695979815,12.93119068757755,2.4197904976287776,44.69287686839957,44.75833585854528,2.4197904976287776
1783054021.9866166,1783054021.9866166,0.0,77.58512704303735,12.965938250401907,2.8133571702131817,120.33473205566406,0.0,0.3937999904155731,-42.749605012626716,12.965938250401907,2.4195571797976085,44.6726346150396,44.738110603769854,2.4195571797976085
1783054022.0199482,1783054022.0199482,0.0,77.72725418850786,12.998457359044009,2.8046891536039076,120.43473052978516,0.0,0.3937999904155731,-42.7074763412773,12.998457359044009,2.4108891631883345,44.64177896495217,44.70683186843846,2.4108891631883345
1783054022.0532813,1783054022.0532813,0.0,77.86870054733964,13.027377061891906,2.7987040854380667,120.53472900390625,0.0,0.3937999904155731,-42.66602845656661,13.027377061891906,2.4049040950224936,44.610565311025354,44.675341085161456,2.4049040950224936
1783054022.0866177,1783054022.0866177,0.0,78.01592094586478,13.058630314111166,2.791438587990342,120.6347427368164,0.0,0.3937999904155731,-42.61882179095163,13.058630314111166,2.397638597574769,44.57456445698058,44.63900163953151,2.397638597574769
1783054022.1199527,1783054022.1199527,0.0,78.1654544729891,13.080367421951024,2.787283817837679,120.7347412109375,0.0,0.3937999904155731,-42.5692867379484,13.080367421951024,2.3934838274221057,44.533584913758155,44.59785813358125,2.3934838274221057
1783054022.153283,1783054022.153283,0.0,78.30301567434711,13.097234775559903,2.772723209089096,120.83473205566406,0.0,0.3937999904155731,-42.531716381316954,13.097234775559903,2.3789232186735227,44.502634271545325,44.56617251668876,2.3789232186735227
1783054022.186619,1783054022.186619,0.0,78.40530947164582,12.788835245210553,2.76460617904808,120.93474578857422,0.0,0.3937999904155731,-42.5294363169284,12.788835245210553,2.370806188632507,44.41066606531372,44.473902261313505,2.370806188632507
1783054022.219951,1783054022.219951,0.0,78.51236943400565,12.523538570858456,2.763744205000364,121.03473663330078,0.0,0.3937999904155731,-42.52236719929513,12.523538570858456,2.369944214584791,44.3282159641855,44.391523584437984,2.369944214584791
1783054022.2532828,1783054022.2532828,0.0,78.62527302260835,12.278403350082174,2.7653028977903573,121.13473510742188,0.0,0.3937999904155731,-42.50946208481352,12.278403350082174,2.371502907374784,44.247186979146,44.310693761294175,2.371502907374784
1783054022.2866142,1783054022.2866142,0.0,78.7389478886307,12.059318472467695,2.7692673383664976,121.23472595214844,0.0,0.3937999904155731,-42.49577806351773,12.059318472467695,2.3754673479509245,44.173728790358595,44.23755373396382,2.3754673479509245
1783054022.3199492,1783054022.3199492,0.0,78.89806519606934,12.162799166576207,2.7696569855938717,121.33473205566406,0.0,0.3937999904155731,-42.43666685959472,12.162799166576207,2.3758569951782986,44.145264499362696,44.20915147546071,2.3758569951782986
1783054022.3532836,1783054022.3532836,0.0,79.0424067278055,12.266611428993896,2.7641957585241386,121.43473815917969,0.0,0.3937999904155731,-42.39233143137419,12.266611428993896,2.3703957681085654,44.13138928401643,44.195003068614746,2.3703957681085654
1783054022.386618,1783054022.386618,0.0,79.15302552880524,12.053860508332967,2.756984494868357,121.53473663330078,0.0,0.3937999904155731,-42.38171110449554,12.053860508332967,2.363184504452784,44.06251228991908,44.125838579015756,2.363184504452784
1783054022.4199545,1783054022.4199545,0.0,79.2604528389645,11.85461241997409,2.7567971891101646,121.63475036621094,0.0,0.3937999904155731,-42.37429752724644,11.85461241997409,2.3629971986945915,44.00128323759896,44.06468747553358,2.3629971986945915
1783054022.453283,1783054022.453283,0.0,79.42096360102157,11.988254327275826,2.739189129411142,121.73473358154297,0.0,0.3937999904155731,-42.3137699805214,11.988254327275826,2.345389138995569,43.97923796270146,44.041732731504105,2.345389138995569
1783054022.4866157,1783054022.4866157,0.0,79.5402502476149,11.799016382487691,2.7292256129076895,121.83473205566406,0.0,0.3937999904155731,-42.294481808049156,11.799016382487691,2.3354256224921164,43.90945204629197,43.971515687360686,2.3354256224921164
1783054022.5199516,1783054022.5199516,0.0,79.65350598406737,11.638973516072529,2.7302479201291754,121.93473815917969,0.0,0.3937999904155731,-42.28123217511232,11.638973516072529,2.3364479297136023,43.85394279598576,43.916139262028196,2.3364479297136023
1783054022.5532808,1783054022.5532808,0.0,79.82817296557594,11.807211985380137,2.7230423030617392,122.03472900390625,0.0,0.3937999904155731,-42.206556038330305,11.807211985380137,2.329242312646166,43.82697374316895,43.888825425561826,2.329242312646166
1783054022.5866153,1783054022.5866153,0.0,79.98915469623307,11.964373696682356,2.721664449615699,122.13473510742188,0.0,0.3937999904155731,-42.1455804111888,11.964373696682356,2.327864459200126,43.81091400724078,43.872715200797096,2.327864459200126
1783054022.6199524,1783054022.6199524,0.0,80.14726704265745,12.11290354681345,2.7295847109952334,122.2347412109375,0.0,0.3937999904155731,-42.08747416828005,12.11290354681345,2.3357847205796602,43.795866405404595,43.85810990524945,2.3357847205796602
1783054022.6532815,1783054022.6532815,0.0,80.30345917389239,12.252164523338223,2.7374918248323135,122.33473205566406,0.0,0.3937999904155731,-42.03127288177167,12.252164523338223,2.3436918344167403,43.78062854241477,43.843315647697246,2.3436918344167403
1783054022.6866152,1783054022.6866152,0.0,80.4549288182026,12.379019715457076,2.7396067495709078,122.43473052978516,0.0,0.3937999904155731,-41.97980171158255,12.379019715457076,2.3458067591553347,43.76692679249326,43.829746636397104,2.3458067591553347
1783054022.71995,1783054022.71995,0.0,80.62123397641383,12.487427020172914,2.754247172126218,122.53473663330078,0.0,0.3937999904155731,-41.91350265688695,12.487427020172914,2.360447181710645,43.73416900494411,43.79782242818311,2.360447181710645
1783054022.7532847,1783054022.7532847,0.0,80.77963118283125,12.589739656240805,2.7626486677087336,122.6347427368164,0.0,0.3937999904155731,-41.855111553985154,12.589739656240805,2.3688486772931605,43.707572659763024,43.771718630462495,2.3688486772931605
1783054022.7866204,1783054022.7866204,0.0,80.91718299413338,12.687000953918606,2.7667907492458323,122.73474884033203,0.0,0.3937999904155731,-41.81756584619865,12.687000953918606,2.3729907588302592,43.69975751083627,43.764139334018495,2.3729907588302592
1783054022.819949,1783054022.819949,0.0,81.05397783411628,12.781860198338295,2.7597781316568004,122.83473205566406,0.0,0.3937999904155731,-41.78075422154778,12.781860198338295,2.3659781412412273,43.692188929501434,43.75620214342281,2.3659781412412273
1783054022.8532856,1783054022.8532856,0.0,81.20009634922765,12.872670673585976,2.7573108939116704,122.93474578857422,0.0,0.3937999904155731,-41.73464943934657,12.872670673585976,2.3635109034960973,43.67478235888247,43.738687656200845,2.3635109034960973
1783054022.8866181,1783054022.8866181,0.0,81.33449253857995,12.950612782950737,2.74627879143844,123.03474426269531,0.0,0.3937999904155731,-41.70025172411536,12.950612782950737,2.3524788010228668,43.664967254178876,43.72829200663771,2.3524788010228668
1783054022.9199526,1783054022.9199526,0.0,81.47395972344354,13.023396433590836,2.731558099667325,123.1347427368164,0.0,0.3937999904155731,-41.660783013372864,13.023396433590836,2.337758109251752,43.648936939561345,43.71149515780919,2.337758109251752
1783054022.953282,1783054022.953282,0.0,81.6158095671025,13.088397404452195,2.717211898953266,123.23473358154297,0.0,0.3937999904155731,-41.618924014440466,13.088397404452195,2.3234119085376927,43.628442359734095,43.69026465510795,2.3234119085376927
1783054022.986616,1783054022.986616,0.0,81.74834474164463,13.137272277016784,2.699498685992206,123.33473205566406,0.0,0.3937999904155731,-41.58638731401943,13.137272277016784,2.3056986955766328,43.61210305307588,43.673009733551616,2.3056986955766328
1783054023.019953,1783054023.019953,0.0,81.87717986072857,13.187261229561622,2.678014105451538,123.43474578857422,0.0,0.3937999904155731,-41.557565927845644,13.187261229561622,2.2842141150359647,43.59971495989322,43.6595096022306,2.2842141150359647
1783054023.0532815,1783054023.0532815,0.0,82.00502172238623,13.226069800412555,2.6637299585810994,123.53472900390625,0.0,0.3937999904155731,-41.52970728152002,13.226069800412555,2.2699299681655263,43.584922957992276,43.643992614270495,2.2699299681655263
1783054023.0866177,1783054023.0866177,0.0,82.1355946867427,13.256185998195528,2.6531046833270313,123.6347427368164,0.0,0.3937999904155731,-41.4991480500737,13.256185998195528,2.259304692911458,43.564960187066525,43.623505290108255,2.259304692911458
1783054023.1199512,1783054023.1199512,0.0,82.27511725012025,13.282656863456701,2.6478911739668693,123.7347412109375,0.0,0.3937999904155731,-41.459623960817254,13.282656863456701,2.2540911835512962,43.535380925457694,43.59369586750439,2.2540911835512962
1783054023.1532838,1783054023.1532838,0.0,82.40577889678741,13.308057459872687,2.6459646172786,123.8347396850586,0.0,0.3937999904155731,-41.42896078827118,13.308057459872687,2.252164626863027,43.51394242482959,43.57218643650875,2.252164626863027
1783054023.1866155,1783054023.1866155,0.0,82.53510195383976,13.33011433815693,2.650054042777903,123.93473052978516,0.0,0.3937999904155731,-41.3996285759454,13.33011433815693,2.25625405236233,43.49277174996521,43.55125574358762,2.25625405236233
1783054023.219952,1783054023.219952,0.0,82.67517256879121,13.349931774504867,2.656625426989959,124.03474426269531,0.0,0.3937999904155731,-41.3595716939041,13.349931774504867,2.262825436574386,43.46072766403167,43.51959590855062,2.262825436574386
1783054023.2532823,1783054023.2532823,0.0,82.81227179865084,13.37082166614276,2.656244333377608,124.13473510742188,0.0,0.3937999904155731,-41.322463308771034,13.37082166614276,2.2624443429620347,43.43184138316635,43.49072890096833,2.2624443429620347
1783054023.2866151,1783054023.2866151,0.0,82.9545930547368,13.393565585160607,2.6438413079803995,124.23473358154297,0.0,0.3937999904155731,-41.280140526806164,13.393565585160607,2.2500413175648264,43.398589850326516,43.456878476572754,2.2500413175648264
1783054023.319908,1783054023.319908,0.0,83.1000102662261,13.41850601554103,2.6393964287782685,124.33460998535156,0.0,0.3937999904155731,-41.234599719125455,13.41850601554103,2.2455964383626954,43.362985571632535,43.42109189149438,2.2455964383626954
1783054023.3532598,1783054023.3532598,0.0,83.17677652329947,13.149397933422772,2.673221618812616,124.43466186523438,0.0,0.3937999904155731,-41.25788534193491,13.149397933422772,2.279421628397043,43.302653139267925,43.3626052245452,2.279421628397043
1783054023.3866143,1783054023.3866143,0.0,83.32843999054087,13.199399080195617,2.662445385036045,124.53472900390625,0.0,0.3937999904155731,-41.20628901336538,13.199399080195617,2.268645394620472,43.26872300324178,43.328156460410334,2.268645394620472
1783054023.41995,1783054023.41995,0.0,83.47113583372168,13.247270032385691,2.656366629669401,124.63473510742188,0.0,0.3937999904155731,-41.1635992737002,13.247270032385691,2.2625666392538277,43.24271116011016,43.30186227258338,2.2625666392538277
1783054023.453287,1783054023.453287,0.0,83.61278566992011,13.29466853405973,2.6495060882686228,124.73474884033203,0.0,0.3937999904155731,-41.12196317041192,13.29466853405973,2.2557060978530497,43.217636057739576,43.276463307658624,2.2557060978530497
1783054023.4866195,1783054023.4866195,0.0,83.75454573479877,13.34316761470702,2.646461256661996,124.83474731445312,0.0,0.3937999904155731,-41.08020157965436,13.34316761470702,2.252661266246423,43.192859176248135,43.25156143539386,2.252661266246423
1783054023.5199497,1783054023.5199497,0.0,83.85791889882299,13.109365178724278,2.669258303571756,124.93473815917969,0.0,0.3937999904155731,-41.0768192603567,13.109365178724278,2.2754583131561827,43.11798390390209,43.17798335346466,2.2754583131561827
1783054023.5532827,1783054023.5532827,0.0,83.9995113391653,13.179211638977007,2.680201938529466,125.03473663330078,0.0,0.3937999904155731,-41.035225294135486,13.179211638977007,2.286401948113893,43.099667450751916,43.160270715482575,2.286401948113893
1783054023.586617,1783054023.586617,0.0,84.14026885849734,13.248891897356245,2.6884478595751746,125.13473510742188,0.0,0.3937999904155731,-40.99446624892454,13.248891897356245,2.2946478691596015,43.082239955021436,43.14330548747376,2.2946478691596015
1783054023.6199496,1783054023.6199496,0.0,84.285825298255,13.316443421883347,2.696413248909308,125.23473358154297,0.0,0.3937999904155731,-40.94890828328796,13.316443421883347,2.302613258493735,43.05973472980703,43.12125673979761,2.302613258493735
1783054023.653262,1783054023.653262,0.0,84.38855782984908,13.07558499031737,2.7220886814334277,125.33467102050781,0.0,0.3937999904155731,-40.946113190658735,13.07558499031737,2.3282886910178546,42.98319564971002,43.04620815460953,2.3282886910178546
1783054023.6865835,1783054023.6865835,0.0,84.49568023764846,12.8577852031867,2.7448495822398367,125.43463897705078,0.0,0.3937999904155731,-40.938958739402324,12.8577852031867,2.3510495918242635,42.91061620389263,42.974974312743804,2.3510495918242635
1783054023.7199528,1783054023.7199528,0.0,84.62044201277932,12.676200111079787,2.7639188946389406,125.53474426269531,0.0,0.3937999904155731,-40.91430224991599,12.676200111079787,2.3701189042233675,42.83300337185825,42.89852726462503,2.3701189042233675
1783054023.7532578,1783054023.7532578,0.0,84.7325512448885,12.520226678664864,2.779020058627443,125.63465881347656,0.0,0.3937999904155731,-40.902107568588065,12.520226678664864,2.38522006821187,42.77544248324616,42.84189251668629,2.38522006821187
1783054023.7866163,1783054023.7866163,0.0,84.90139347594099,12.691677997938674,2.7805919430867023,125.73473358154297,0.0,0.3937999904155731,-40.83334010560198,12.691677997938674,2.386791952671129,42.760266072407966,42.82682722790073,2.386791952671129
1783054023.819947,1783054023.819947,0.0,85.06947681282267,12.858272301512965,2.7773167276977846,125.83472442626953,0.0,0.3937999904155731,-40.76524761344686,12.858272301512965,2.3835167372822115,42.74506497322808,42.811467290930295,2.3835167372822115
1783054023.8532841,1783054023.8532841,0.0,85.24335518792705,13.01875568226879,2.777794410173984,125.93473815917969,0.0,0.3937999904155731,-40.69138297125264,13.01875568226879,2.383994419758411,42.72325651946203,42.78971929121754,2.383994419758411
1783054023.8866172,1783054023.8866172,0.0,85.4003867541099,13.174520178752662,2.7733302025674327,126.03473663330078,0.0,0.3937999904155731,-40.63434987919088,13.174520178752662,2.3795302121518596,42.71672239351775,42.78294679046085,2.3795302121518596
1783054023.9199507,1783054023.9199507,0.0,85.5526120439763,13.321835723748691,2.771046574545865,126.13473510742188,0.0,0.3937999904155731,-40.58212306344558,13.321835723748691,2.3772465841302917,42.7127617859954,42.77886535088264,2.3772465841302917
1783054023.9532804,1783054023.9532804,0.0,85.70473026824897,13.46031418778664,2.7701273900210173,126.23472595214844,0.0,0.3937999904155731,-40.52999568389947,13.46031418778664,2.376327399605444,42.7066810718281,42.77274295717959,2.376327399605444
1783054023.9866157,1783054023.9866157,0.0,85.84942748190547,13.586747505509905,2.7708423822280652,126.33473205566406,0.0,0.3937999904155731,-40.4853045737586,13.586747505509905,2.377042391812492,42.704327581739044,42.77043283321964,2.377042391812492
1783054024.0199513,1783054024.0199513,0.0,86.00080643382212,13.706615833418196,2.77396532533488,126.43473815917969,0.0,0.3937999904155731,-40.43393172535757,13.706615833418196,2.380165334919307,42.69395920239522,42.760254201739016,2.380165334919307
1783054024.0532806,1783054024.0532806,0.0,86.14801526749804,13.814767425733063,2.7812319583481018,126.53472900390625,0.0,0.3937999904155731,-40.38671373640821,13.814767425733063,2.3874319679325287,42.68412404458687,42.75083948713972,2.3874319679325287
1783054024.0866172,1783054024.0866172,0.0,86.2980681724369,13.916007102190536,2.7841997047262406,126.63473510742188,0.0,0.3937999904155731,-40.336666934984976,13.916007102190536,2.3903997143106674,42.669684239423745,42.73658811704912,2.3903997143106674
1783054024.119951,1783054024.119951,0.0,86.44808075113373,14.00983641460171,2.7869299180107574,126.7347412109375,0.0,0.3937999904155731,-40.28666045980377,14.00983641460171,2.3931299275951843,42.65314205738443,42.72022469765074,2.3931299275951843
1783054024.15328,1783054024.15328,0.0,86.59534026730923,14.09253029550368,2.788398686937122,126.83472442626953,0.0,0.3937999904155731,-40.239384158960306,14.09253029550368,2.3945986965215487,42.63575316119178,42.70294545507906,2.3945986965215487
1783054024.1866128,1783054024.1866128,0.0,86.74700043089831,14.16778530605644,2.7942982714976345,126.93472290039062,0.0,0.3937999904155731,-40.187722469492314,14.16778530605644,2.4004982810820614,42.61196050128938,42.679521667433484,2.4004982810820614
1783054024.2199485,1783054024.2199485,0.0,86.90060443878403,14.23489735892155,2.805227389324041,127.03472900390625,0.0,0.3937999904155731,-40.13412456512222,14.23489735892155,2.411427398908468,42.583802759121674,42.65202503431678,2.411427398908468
1783054024.2532823,1783054024.2532823,0.0,87.0436408153363,14.29412996691499,2.8112457582743984,127.13473510742188,0.0,0.3937999904155731,-40.09109429208557,14.29412996691499,2.4174457678588253,42.563106007996566,42.63170225417338,2.4174457678588253
1783054024.2866168,1783054024.2866168,0.0,87.17588238444927,14.347507289700735,2.814045462869385,127.23473358154297,0.0,0.3937999904155731,-40.0588511970937,14.347507289700735,2.420245472453812,42.55070533679684,42.61948043800915,2.420245472453812
1783054024.31995,1783054024.31995,0.0,87.31155871506205,14.39264248271557,2.8123676001126108,127.3347396850586,0.0,0.3937999904155731,-40.023180969996545,14.39264248271557,2.4185676096970377,42.53237793249235,42.6010873320745,2.4185676096970377
1783054024.3532805,1783054024.3532805,0.0,87.43941673344887,14.430858828073113,2.811404251863282,127.43473052978516,0.0,0.3937999904155731,-39.99531379633629,14.430858828073113,2.4176042614477087,42.519111140558714,42.587787246441366,2.4176042614477087
1783054024.3866198,1783054024.3866198,0.0,87.56621219785556,14.468621481222545,2.8104873132416897,127.53474426269531,0.0,0.3937999904155731,-39.96853206483975,14.468621481222545,2.4166873228261165,42.506759027065534,42.575402999869844,2.4166873228261165
1783054024.419947,1783054024.419947,0.0,87.70053009096901,14.502686055070177,2.8108098054475747,127.63472747802734,0.0,0.3937999904155731,-39.93419738705833,14.502686055070177,2.4170098150320016,42.48609212154565,42.554787747166884,2.4170098150320016
1783054024.4532816,1783054024.4532816,0.0,87.83395287677118,14.53266050188483,2.815641014100569,127.73473358154297,0.0,0.3937999904155731,-39.90078070477179,14.53266050188483,2.421841023684996,42.46493285186416,42.533937462423296,2.421841023684996
1783054024.4866204,1783054024.4866204,0.0,87.966048272831,14.563473962926635,2.812382481458883,127.83474731445312,0.0,0.3937999904155731,-39.86869904162212,14.563473962926635,2.41858249104331,42.44535236207002,42.51420325498602,2.41858249104331
1783054024.5199494,1783054024.5199494,0.0,88.0947155152618,14.592258739573499,2.812603688531504,127.93473815917969,0.0,0.3937999904155731,-39.84002264391789,14.592258739573499,2.418803698115931,42.4283091743066,42.497200269200896,2.418803698115931
1783054024.5532823,1783054024.5532823,0.0,88.22097455524386,14.619524684412031,2.805068586344195,128.03472900390625,0.0,0.3937999904155731,-39.813754448662394,14.619524684412031,2.4112685959286217,42.413035087063946,42.48152258968867,2.4112685959286217
1783054024.586615,1783054024.586615,0.0,88.3413666032395,14.642714860853422,2.7971766982827257,128.13473510742188,0.0,0.3937999904155731,-39.79336850418237,14.642714860853422,2.4033767078671526,42.40190178996587,42.46995991292939,2.4033767078671526
1783054024.6199481,1783054024.6199481,0.0,88.46935786510436,14.66394267753694,2.7895046716341194,128.2347412109375,0.0,0.3937999904155731,-39.76538334583314,14.66394267753694,2.3957046812185463,42.38297921915298,42.450634016593504,2.3957046812185463
1783054024.6532826,1783054024.6532826,0.0,88.59313019704032,14.683358692542464,2.7777656226508496,128.33473205566406,0.0,0.3937999904155731,-39.74160185862374,14.683358692542464,2.3839656322352765,42.367392423693346,42.43441095289184,2.3839656322352765
1783054024.686615,1783054024.686615,0.0,88.71259106119692,14.702048465940049,2.7632612677053188,128.43472290039062,0.0,0.3937999904155731,-39.72213183919371,14.702048465940049,2.3694612772897456,42.35561340536974,42.4218379338957,2.3694612772897456
1783054024.7199504,1783054024.7199504,0.0,88.8319128453417,14.728207569066214,2.7455285272623797,128.53472900390625,0.0,0.3937999904155731,-39.702816158564545,14.728207569066214,2.3517285368468066,42.34659028916346,42.411841933937424,2.3517285368468066
1783054024.753285,1783054024.753285,0.0,88.95946106791703,14.750765849014222,2.7262507218066587,128.63473510742188,0.0,0.3937999904155731,-39.67527403950484,14.750765849014222,2.3324507313910856,42.328624632064894,42.39283889593404,2.3324507313910856
1783054024.7866156,1783054024.7866156,0.0,89.02916516286894,14.472170230984817,2.707849722442326,128.7347412109375,0.0,0.3937999904155731,-39.705576048068565,14.472170230984817,2.314049732026753,42.26081495314021,42.3241220424695,2.314049732026753
1783054024.8199477,1783054024.8199477,0.0,89.11968193374395,14.23251233611249,2.6847510581675227,128.83473205566406,0.0,0.3937999904155731,-39.715050121920115,14.23251233611249,2.2909510677519496,42.18826393185931,42.2504209491344,2.2909510677519496
1783054024.8532848,1783054024.8532848,0.0,89.19629848066887,13.997056791418288,2.66745833887326,128.9347381591797,0.0,0.3937999904155731,-39.738439678510815,13.997056791418288,2.273658348457687,42.13147501458775,42.19278029699326,2.273658348457687
1783054024.8866165,1783054024.8866165,0.0,89.26975773062537,13.818005448875825,2.6446763879212947,129.03472900390625,0.0,0.3937999904155731,-39.76497127328088,13.818005448875825,2.2508763975057215,42.09738964532142,42.1575219801504,2.2508763975057215
1783054024.9199536,1783054024.9199536,0.0,89.36391300737093,13.674636645417703,2.634233185150615,129.13475036621094,0.0,0.3937999904155731,-39.77083735884001,13.674636645417703,2.2404331947350418,42.056095772283776,42.115730226455476,2.2404331947350418
1783054024.953286,1783054024.953286,0.0,89.5292935577114,13.823369509322504,2.6096563004141755,129.2347412109375,0.0,0.3937999904155731,-39.7054476532261,13.823369509322504,2.2158563099986024,42.04293184275266,42.101284269258414,2.2158563099986024
1783054024.9866188,1783054024.9866188,0.0,89.62651437917201,13.674508603352638,2.606705350976551,129.33474731445312,0.0,0.3937999904155731,-39.70823293528112,13.674508603352638,2.212905360560978,41.99685641075662,42.05511738802436,2.212905360560978
1783054025.019951,1783054025.019951,0.0,89.73093632765796,13.544657883755477,2.616990550710301,129.4347381591797,0.0,0.3937999904155731,-39.70380183152173,13.544657883755477,2.2231905602947277,41.95056182060888,42.00943005245502,2.2231905602947277
1783054025.05328,1783054025.05328,0.0,89.9115749700604,13.727099249031745,2.609819518896582,129.53472900390625,0.0,0.3937999904155731,-39.62315403384585,13.727099249031745,2.216019528481009,41.933609305456194,41.99212226041037,2.216019528481009
1783054025.0866165,1783054025.0866165,0.0,90.0880107351822,13.899140134042568,2.6017318664321585,129.63473510742188,0.0,0.3937999904155731,-39.54672437223968,13.899140134042568,2.2079318760165854,41.918128596582754,41.97623694673903,2.2079318760165854
1783054025.1199527,1783054025.1199527,0.0,90.27328015715325,14.06237486683715,2.6026192575802702,129.7347412109375,0.0,0.3937999904155731,-39.46146105378425,14.06237486683715,2.208819267164697,41.89221043815645,41.95040140391725,2.208819267164697
1783054025.1532867,1783054025.1532867,0.0,90.46009994792809,14.211328510863305,2.6124564811979587,129.83474731445312,0.0,0.3937999904155731,-39.37464736652504,14.211328510863305,2.2186564907823856,41.860777743394515,41.91953184263828,2.2186564907823856
1783054025.1866171,1783054025.1866171,0.0,90.65183874374083,14.350981993480515,2.6325010285749406,129.9347381591797,0.0,0.3937999904155731,-39.28289941543886,14.350981993480515,2.2387010381593675,41.82220547341674,41.88208033275024,2.2387010381593675
1783054025.2199483,1783054025.2199483,0.0,90.83529676953349,14.478643944915408,2.6543174636555253,130.03472900390625,0.0,0.3937999904155731,-39.199432234372765,14.478643944915408,2.2605174732399522,41.787876447371886,41.84897319203473,2.2605174732399522
1783054025.2532814,1783054025.2532814,0.0,91.00525973490294,14.601087674287802,2.67659800586598,130.13473510742188,0.0,0.3937999904155731,-39.12947537251894,14.601087674287802,2.282798015450407,41.76490876562291,41.82724914430962,2.282798015450407
1783054025.2866185,1783054025.2866185,0.0,91.17119021286733,14.714627643821892,2.6973492720217576,130.2347412109375,0.0,0.3937999904155731,-39.06355099807017,14.714627643821892,2.3035492816061844,41.74303874031162,41.80654999599877,2.3035492816061844
1783054025.3199499,1783054025.3199499,0.0,91.33325647500598,14.8193837251589,2.7149362176729066,130.33473205566406,0.0,0.3937999904155731,-39.00147558065808,14.8193837251589,2.3211362272573335,41.72204730669593,41.78656368795668,2.3211362272573335
1783054025.353286,1783054025.353286,0.0,91.48963288036497,14.915496621417493,2.7297589904215287,130.43475341796875,0.0,0.3937999904155731,-38.945120537603785,14.915496621417493,2.3359590000059556,41.70365035763661,41.769021506395305,2.3359590000059556
1783054025.3866215,1783054025.3866215,0.0,91.63284437151346,15.00307620422041,2.739696602580005,130.53475952148438,0.0,0.3937999904155731,-38.90191514997092,15.00307620422041,2.345896612164432,41.694739451460556,41.760681613691915,2.345896612164432
1783054025.4199498,1783054025.4199498,0.0,91.76911192401947,15.085084906594993,2.746047162300296,130.63473510742188,0.0,0.3937999904155731,-38.865623183402406,15.085084906594993,2.352247171884723,41.690483951057786,41.75679009252323,2.352247171884723
1783054025.4532814,1783054025.4532814,0.0,91.90035063256725,15.159912511701526,2.751132349295203,130.7347412109375,0.0,0.3937999904155731,-38.83439057837025,15.159912511701526,2.35733235887963,41.688521669110024,41.75511770796577,2.35733235887963
1783054025.4866157,1783054025.4866157,0.0,92.04152631721514,15.227334663048897,2.764832272435829,130.83473205566406,0.0,0.3937999904155731,-38.79320573844892,15.227334663048897,2.371032282020256,41.67474693871717,41.742140894885814,2.371032282020256
1783054025.5199497,1783054025.5199497,0.0,92.18265471603941,15.286024317644545,2.7813224741013363,130.9347381591797,0.0,0.3937999904155731,-38.75208344314028,15.286024317644545,2.387522483685763,41.65797055334942,41.72633190485155,2.387522483685763
1783054025.5532846,1783054025.5532846,0.0,92.29129564080479,15.007433368888938,2.8014380557903706,131.03472900390625,0.0,0.3937999904155731,-38.74343336310146,15.007433368888938,2.4076380653747975,41.54848595415631,41.61818600247452,2.4076380653747975
1783054025.5866156,1783054025.5866156,0.0,92.4468853000411,15.076766096369932,2.807019989230975,131.13473510742188,0.0,0.3937999904155731,-38.68784980738077,15.076766096369932,2.4132199988154017,41.521784627386886,41.59185292104434,2.4132199988154017
1783054025.6199496,1783054025.6199496,0.0,92.56261886521573,14.805659219022987,2.815457772707308,131.2347412109375,0.0,0.3937999904155731,-38.672122345721775,14.805659219022987,2.4216577822917347,41.40942636202914,41.480176205590645,2.4216577822917347
1783054025.653284,1783054025.653284,0.0,92.72453491018614,14.902069684865118,2.8050837694187627,131.33474731445312,0.0,0.3937999904155731,-38.61021240426699,14.902069684865118,2.4112837790031896,41.38623180231788,41.45641653903618,2.4112837790031896
1783054025.6866183,1783054025.6866183,0.0,92.8305601274057,14.66982016376431,2.803780459747367,131.4347381591797,0.0,0.3937999904155731,-38.60417803177398,14.66982016376431,2.409980469331794,41.29753243410661,41.36779171056448,2.409980469331794
1783054025.7199492,1783054025.7199492,0.0,92.94563491497448,14.459184212588777,2.8067758018747613,131.53472900390625,0.0,0.3937999904155731,-38.58909408893177,14.459184212588777,2.412975811459188,41.20905471735557,41.279639569219746,2.412975811459188
1783054025.7532845,1783054025.7532845,0.0,93.06315895322943,14.269502257688309,2.824279759764821,131.63473510742188,0.0,0.3937999904155731,-38.57157615419244,14.269502257688309,2.430479769349248,41.12645355122222,41.19820886410057,2.430479769349248
1783054025.786617,1783054025.786617,0.0,93.1702462280916,14.106065605004412,2.842392370600147,131.7347412109375,0.0,0.3937999904155731,-38.5644949828459,14.106065605004412,2.4485923801845737,41.06338222960495,41.136321721550814,2.4485923801845737
1783054025.8199492,1783054025.8199492,0.0,93.27992975411861,13.966897797859987,2.866936043639673,131.83473205566406,0.0,0.3937999904155731,-38.55480230154545,13.966897797859987,2.4731360532241,41.00667036723562,41.08118080757754,2.4731360532241
1783054025.8532827,1783054025.8532827,0.0,93.42600534482868,14.170248972926432,2.8455236382140003,131.9347381591797,0.0,0.3937999904155731,-38.508732814351006,14.170248972926432,2.451723647798427,41.0331385458363,41.10631834361928,2.451723647798427
1783054025.8866193,1783054025.8866193,0.0,93.57370084444398,14.360342737725386,2.8260393952626317,132.0347442626953,0.0,0.3937999904155731,-38.461043418251336,14.360342737725386,2.4322394048470586,41.05449189023726,41.12647678671305,2.4322394048470586
1783054025.9199517,1783054025.9199517,0.0,93.67968526244965,14.225919435923329,2.8316331788468094,132.13473510742188,0.0,0.3937999904155731,-38.45504984497222,14.225919435923329,2.4378331884312363,41.00204436825899,41.07445280257908,2.4378331884312363
1783054025.9532852,1783054025.9532852,0.0,93.79678791145638,14.117574880513024,2.827016437849758,132.2347412109375,0.0,0.3937999904155731,-38.43795329948112,14.117574880513024,2.433216447434185,40.948530796110184,41.02075958146129,2.433216447434185
1783054025.9866168,1783054025.9866168,0.0,93.93963728976709,14.333115110978278,2.8065698641059664,132.33473205566406,0.0,0.3937999904155731,-38.39509476589697,14.333115110978278,2.4127698736903933,40.983185465099744,41.054146554643545,2.4127698736903933
