record tensorboard log to  /mnt/nvme0n1p5/YOPO/YOPO/saved/YOPO_8
Loading network...
---------- Param --------
| max speed    =    6.0 |
| max accel    =    6.0 |
| traj time    =    1.7 |
| max radio    =   10.0 |
-------------------------
Checkpoint  /mnt/nvme0n1p5/YOPO/YOPO/saved/YOPO_7/epoch2.pth  loaded successfully
Network Loaded! Loading Dataset...
----------------- Sampling State --------------------
| X-Y-Z | Vel 95% Range(m/s)  | Acc 95% Range(m/s2) |
|-------|---------------------|---------------------|
|   0   |    0.0   ~   6.0    |   -6.0   ~   6.0    |
|   1   |   -5.4   ~   5.4    |   -6.0   ~   6.0    |
|   2   |   -3.6   ~   3.6    |   -3.6   ~   3.6    |
-----------------------------------------------------
| Goal Pitch 90% (deg)        |   -20.0  ~  20.0    |
| Goal Yaw   90% (deg)        |   -40.0  ~  40.0    |
-----------------------------------------------------
Applied dataset camera intrinsics: fx=80.000, fy=80.000, cx=79.500, cy=44.500
Loading train temporal tracking dataset from /mnt/nvme0n1p5/Flightmare_ws/src/flightmare/flightrl/examples/generated/person_naturemanufacture_grid_hardneg_10k_seed20260611
=============== Train Data Summary ===============
Sequences    | Count: 13651 
Frames       | Count: 68250  | Shape: 160,90
Channels     | Count: 4     
Split        | unit=scene, groups=[0, 2, 3, 4, 5, 7, 8, 9, 10, 11, 12, 13, 14, 15, 16]
==================================================
Applied dataset camera intrinsics: fx=80.000, fy=80.000, cx=79.500, cy=44.500
Loading valid temporal tracking dataset from /mnt/nvme0n1p5/Flightmare_ws/src/flightmare/flightrl/examples/generated/person_naturemanufacture_grid_hardneg_10k_seed20260611
=============== Valid Data Summary ===============
Sequences    | Count: 1889  
Frames       | Count: 9445   | Shape: 160,90
Channels     | Count: 4     
Split        | unit=scene, groups=[1, 6]
==================================================
Dataset Loaded!
Building ESDF map...
    build pointcloud-unity-scene-2.ply: x=(-0.50, 256.50), y=(-0.50, 256.50), z=(0.50, 99.50)
    scene_id=0: pointcloud-unity-scene-2.ply (person_naturemanufacture_grid_hardneg_10k_seed20260611)
    scene_id=1: pointcloud-unity-scene-2.ply (person_naturemanufacture_grid_hardneg_10k_seed20260611)
    scene_id=2: pointcloud-unity-scene-2.ply (person_naturemanufacture_grid_hardneg_10k_seed20260611)
    scene_id=3: pointcloud-unity-scene-2.ply (person_naturemanufacture_grid_hardneg_10k_seed20260611)
    scene_id=4: pointcloud-unity-scene-2.ply (person_naturemanufacture_grid_hardneg_10k_seed20260611)
    scene_id=5: pointcloud-unity-scene-2.ply (person_naturemanufacture_grid_hardneg_10k_seed20260611)
    scene_id=6: pointcloud-unity-scene-2.ply (person_naturemanufacture_grid_hardneg_10k_seed20260611)
    scene_id=7: pointcloud-unity-scene-2.ply (person_naturemanufacture_grid_hardneg_10k_seed20260611)
    scene_id=8: pointcloud-unity-scene-2.ply (person_naturemanufacture_grid_hardneg_10k_seed20260611)
    scene_id=9: pointcloud-unity-scene-2.ply (person_naturemanufacture_grid_hardneg_10k_seed20260611)
    scene_id=10: pointcloud-unity-scene-2.ply (person_naturemanufacture_grid_hardneg_10k_seed20260611)
    scene_id=11: pointcloud-unity-scene-2.ply (person_naturemanufacture_grid_hardneg_10k_seed20260611)
    scene_id=12: pointcloud-unity-scene-2.ply (person_naturemanufacture_grid_hardneg_10k_seed20260611)
    scene_id=13: pointcloud-unity-scene-2.ply (person_naturemanufacture_grid_hardneg_10k_seed20260611)
    scene_id=14: pointcloud-unity-scene-2.ply (person_naturemanufacture_grid_hardneg_10k_seed20260611)
    scene_id=15: pointcloud-unity-scene-2.ply (person_naturemanufacture_grid_hardneg_10k_seed20260611)
    scene_id=16: pointcloud-unity-scene-2.ply (person_naturemanufacture_grid_hardneg_10k_seed20260611)
Map built!
------ Actual Loss ------
| smooth       = 0.0013 |
| safety       = 1.0000 |
| goal         = 0.1500 |
| track_goal   = 0.1500 |
-------------------------
[17:03:12] Epoch: 0, Traj Loss: 4.59, Score Loss: 2.61 Batch yopo_trainer.py:131
           FPS: 15.9                                                            
[17:03:29] Epoch: 0, Traj Loss: 4.63, Score Loss: 2.47 Batch yopo_trainer.py:131
           FPS: 16.1                                                            
[17:03:45] Epoch: 0, Traj Loss: 5, Score Loss: 2.58 Batch    yopo_trainer.py:131
           FPS: 16.2                                                            
[17:04:01] Epoch: 0, Traj Loss: 4.71, Score Loss: 2.57 Batch yopo_trainer.py:131
           FPS: 16.6                                                            
[17:04:17] Epoch: 0, Traj Loss: 4.59, Score Loss: 2.62 Batch yopo_trainer.py:131
           FPS: 16.3                                                            
[17:04:34] Epoch: 0, Traj Loss: 4.43, Score Loss: 2.44 Batch yopo_trainer.py:131
           FPS: 16.3                                                            
[17:04:50] Epoch: 0, Traj Loss: 4.44, Score Loss: 2.3 Batch  yopo_trainer.py:131
           FPS: 16.5                                                            
[17:05:06] Epoch: 0, Traj Loss: 4.53, Score Loss: 2.43 Batch yopo_trainer.py:131
           FPS: 16.3                                                            
[17:05:22] Epoch: 0, Traj Loss: 4.58, Score Loss: 2.51 Batch yopo_trainer.py:131
           FPS: 16.2                                                            
[17:05:39] Epoch: 0, Traj Loss: 4.68, Score Loss: 2.54 Batch yopo_trainer.py:131
           FPS: 16.5                                                            
[17:05:55] Epoch: 0, Traj Loss: 4.4, Score Loss: 2.13 Batch  yopo_trainer.py:131
           FPS: 16.6                                                            
[17:06:11] Epoch: 0, Traj Loss: 4.42, Score Loss: 2.22 Batch yopo_trainer.py:131
           FPS: 16.5                                                            
[17:06:27] Epoch: 0, Traj Loss: 4.54, Score Loss: 2.35 Batch yopo_trainer.py:131
           FPS: 16.5                                                            
[17:06:43] Epoch: 0, Traj Loss: 4.47, Score Loss: 2.23 Batch yopo_trainer.py:131
           FPS: 16.5                                                            
[17:06:59] Epoch: 0, Traj Loss: 4.39, Score Loss: 2.31 Batch yopo_trainer.py:131
           FPS: 16.5                                                            
[17:07:15] Epoch: 0, Traj Loss: 4.49, Score Loss: 2.33 Batch yopo_trainer.py:131
           FPS: 16.7                                                            
[17:07:44] Eval: 0, Traj Loss: 5.16, Score Loss: 2.18        yopo_trainer.py:189
[17:08:00] Epoch: 1, Traj Loss: 4.44, Score Loss: 2.39 Batch yopo_trainer.py:131
           FPS: 16.6                                                            
[17:08:16] Epoch: 1, Traj Loss: 4.47, Score Loss: 2.35 Batch yopo_trainer.py:131
           FPS: 16.6                                                            
[17:08:32] Epoch: 1, Traj Loss: 4.44, Score Loss: 2.23 Batch yopo_trainer.py:131
           FPS: 16.4                                                            
[17:08:48] Epoch: 1, Traj Loss: 4.74, Score Loss: 2.53 Batch yopo_trainer.py:131
           FPS: 16.8                                                            
[17:09:04] Epoch: 1, Traj Loss: 4.46, Score Loss: 2.37 Batch yopo_trainer.py:131
           FPS: 16.7                                                            
[17:09:20] Epoch: 1, Traj Loss: 4.41, Score Loss: 2.22 Batch yopo_trainer.py:131
           FPS: 16.7                                                            
[17:09:35] Epoch: 1, Traj Loss: 3.97, Score Loss: 1.88 Batch yopo_trainer.py:131
           FPS: 16.7                                                            
[17:09:51] Epoch: 1, Traj Loss: 4.51, Score Loss: 2.59 Batch yopo_trainer.py:131
           FPS: 16.7                                                            
[17:10:07] Epoch: 1, Traj Loss: 4.72, Score Loss: 2.41 Batch yopo_trainer.py:131
           FPS: 16.7                                                            
[17:10:23] Epoch: 1, Traj Loss: 4.24, Score Loss: 2.25 Batch yopo_trainer.py:131
           FPS: 16.7                                                            
[17:10:39] Epoch: 1, Traj Loss: 4.49, Score Loss: 2.29 Batch yopo_trainer.py:131
           FPS: 16.5                                                            
[17:10:55] Epoch: 1, Traj Loss: 4.43, Score Loss: 2.17 Batch yopo_trainer.py:131
           FPS: 16.8                                                            
[17:11:11] Epoch: 1, Traj Loss: 4.23, Score Loss: 2.21 Batch yopo_trainer.py:131
           FPS: 16.8                                                            
[17:11:27] Epoch: 1, Traj Loss: 4.27, Score Loss: 2.19 Batch yopo_trainer.py:131
           FPS: 16.8                                                            
[17:11:43] Epoch: 1, Traj Loss: 4.25, Score Loss: 2.17 Batch yopo_trainer.py:131
           FPS: 16.8                                                            
[17:11:59] Epoch: 1, Traj Loss: 3.96, Score Loss: 1.83 Batch yopo_trainer.py:131
           FPS: 16.9                                                            
[17:12:27] Eval: 1, Traj Loss: 4.49, Score Loss: 1.94        yopo_trainer.py:189
[17:12:43] Epoch: 2, Traj Loss: 4.2, Score Loss: 2.2 Batch   yopo_trainer.py:131
           FPS: 16.7                                                            
[17:12:59] Epoch: 2, Traj Loss: 3.95, Score Loss: 2.01 Batch yopo_trainer.py:131
           FPS: 16.8                                                            
[17:13:15] Epoch: 2, Traj Loss: 4.54, Score Loss: 2.25 Batch yopo_trainer.py:131
           FPS: 16.6                                                            
[17:13:31] Epoch: 2, Traj Loss: 4.32, Score Loss: 2.1 Batch  yopo_trainer.py:131
           FPS: 16.7                                                            
[17:13:47] Epoch: 2, Traj Loss: 4.44, Score Loss: 2.26 Batch yopo_trainer.py:131
           FPS: 16.8                                                            
[17:14:03] Epoch: 2, Traj Loss: 4.15, Score Loss: 2.08 Batch yopo_trainer.py:131
           FPS: 16.7                                                            
[17:14:18] Epoch: 2, Traj Loss: 4.18, Score Loss: 2.02 Batch yopo_trainer.py:131
           FPS: 16.7                                                            
[17:14:34] Epoch: 2, Traj Loss: 4.26, Score Loss: 2.02 Batch yopo_trainer.py:131
           FPS: 16.8                                                            
[17:14:50] Epoch: 2, Traj Loss: 4.12, Score Loss: 2.18 Batch yopo_trainer.py:131
           FPS: 16.9                                                            
[17:15:06] Epoch: 2, Traj Loss: 4.15, Score Loss: 1.93 Batch yopo_trainer.py:131
           FPS: 16.7                                                            
[17:15:22] Epoch: 2, Traj Loss: 4.19, Score Loss: 1.9 Batch  yopo_trainer.py:131
           FPS: 16.8                                                            
[17:15:38] Epoch: 2, Traj Loss: 4.45, Score Loss: 2.32 Batch yopo_trainer.py:131
           FPS: 16.8                                                            
[17:15:54] Epoch: 2, Traj Loss: 4.14, Score Loss: 1.94 Batch yopo_trainer.py:131
           FPS: 16.8                                                            
[17:16:10] Epoch: 2, Traj Loss: 4.23, Score Loss: 2.2 Batch  yopo_trainer.py:131
           FPS: 16.5                                                            
[17:16:26] Epoch: 2, Traj Loss: 4.28, Score Loss: 2.22 Batch yopo_trainer.py:131
           FPS: 16.3                                                            
[17:16:42] Epoch: 2, Traj Loss: 4.1, Score Loss: 2.04 Batch  yopo_trainer.py:131
           FPS: 16.5                                                            
[17:17:11] Eval: 2, Traj Loss: 4.56, Score Loss: 1.99        yopo_trainer.py:189
[17:17:28] Epoch: 3, Traj Loss: 3.97, Score Loss: 1.85 Batch yopo_trainer.py:131
           FPS: 16.4                                                            
[17:17:44] Epoch: 3, Traj Loss: 4.32, Score Loss: 2.3 Batch  yopo_trainer.py:131
           FPS: 16.6                                                            
[17:18:00] Epoch: 3, Traj Loss: 4, Score Loss: 2.02 Batch    yopo_trainer.py:131
           FPS: 16.6                                                            
[17:18:16] Epoch: 3, Traj Loss: 4.16, Score Loss: 2.07 Batch yopo_trainer.py:131
           FPS: 16.7                                                            
[17:18:32] Epoch: 3, Traj Loss: 4.12, Score Loss: 2.07 Batch yopo_trainer.py:131
           FPS: 16.5                                                            
[17:18:48] Epoch: 3, Traj Loss: 3.98, Score Loss: 1.98 Batch yopo_trainer.py:131
           FPS: 16.7                                                            
[17:19:04] Epoch: 3, Traj Loss: 3.96, Score Loss: 1.95 Batch yopo_trainer.py:131
           FPS: 16.6                                                            
[17:19:20] Epoch: 3, Traj Loss: 3.92, Score Loss: 1.85 Batch yopo_trainer.py:131
           FPS: 16.6                                                            
[17:19:36] Epoch: 3, Traj Loss: 4.05, Score Loss: 2 Batch    yopo_trainer.py:131
           FPS: 16.6                                                            
[17:19:52] Epoch: 3, Traj Loss: 4.62, Score Loss: 2.34 Batch yopo_trainer.py:131
           FPS: 16.8                                                            
[17:20:07] Epoch: 3, Traj Loss: 4.33, Score Loss: 2.09 Batch yopo_trainer.py:131
           FPS: 16.8                                                            
[17:20:23] Epoch: 3, Traj Loss: 4.03, Score Loss: 2.01 Batch yopo_trainer.py:131
           FPS: 17                                                              
[17:20:39] Epoch: 3, Traj Loss: 4.22, Score Loss: 2.08 Batch yopo_trainer.py:131
           FPS: 17                                                              
[17:20:54] Epoch: 3, Traj Loss: 4.28, Score Loss: 2.11 Batch yopo_trainer.py:131
           FPS: 17.1                                                            
[17:21:10] Epoch: 3, Traj Loss: 4.11, Score Loss: 1.99 Batch yopo_trainer.py:131
           FPS: 17                                                              
[17:21:25] Epoch: 3, Traj Loss: 4.31, Score Loss: 2.18 Batch yopo_trainer.py:131
           FPS: 17                                                              
[17:21:53] Eval: 3, Traj Loss: 4.57, Score Loss: 1.88        yopo_trainer.py:189
[17:22:09] Epoch: 4, Traj Loss: 4.32, Score Loss: 2.22 Batch yopo_trainer.py:131
           FPS: 17.1                                                            
[17:22:24] Epoch: 4, Traj Loss: 4.05, Score Loss: 1.98 Batch yopo_trainer.py:131
           FPS: 17.4                                                            
[17:22:40] Epoch: 4, Traj Loss: 4.17, Score Loss: 2.01 Batch yopo_trainer.py:131
           FPS: 17.3                                                            
[17:22:55] Epoch: 4, Traj Loss: 3.98, Score Loss: 1.87 Batch yopo_trainer.py:131
           FPS: 17.4                                                            
[17:23:11] Epoch: 4, Traj Loss: 4.15, Score Loss: 1.99 Batch yopo_trainer.py:131
           FPS: 17.2                                                            
[17:23:26] Epoch: 4, Traj Loss: 4.08, Score Loss: 1.98 Batch yopo_trainer.py:131
           FPS: 17.2                                                            
[17:23:41] Epoch: 4, Traj Loss: 4.22, Score Loss: 2.02 Batch yopo_trainer.py:131
           FPS: 17.2                                                            
[17:23:57] Epoch: 4, Traj Loss: 4.12, Score Loss: 1.97 Batch yopo_trainer.py:131
           FPS: 17.2                                                            
[17:24:12] Epoch: 4, Traj Loss: 4.18, Score Loss: 2.02 Batch yopo_trainer.py:131
           FPS: 17.2                                                            
[17:24:28] Epoch: 4, Traj Loss: 4.11, Score Loss: 1.97 Batch yopo_trainer.py:131
           FPS: 17.4                                                            
[17:24:43] Epoch: 4, Traj Loss: 3.93, Score Loss: 1.83 Batch yopo_trainer.py:131
           FPS: 17                                                              
[17:24:59] Epoch: 4, Traj Loss: 3.95, Score Loss: 1.83 Batch yopo_trainer.py:131
           FPS: 17.2                                                            
[17:25:14] Epoch: 4, Traj Loss: 4.01, Score Loss: 1.89 Batch yopo_trainer.py:131
           FPS: 17.3                                                            
[17:25:30] Epoch: 4, Traj Loss: 3.91, Score Loss: 1.76 Batch yopo_trainer.py:131
           FPS: 17.1                                                            
[17:25:45] Epoch: 4, Traj Loss: 4.04, Score Loss: 1.99 Batch yopo_trainer.py:131
           FPS: 17.2                                                            
[17:26:01] Epoch: 4, Traj Loss: 4.04, Score Loss: 1.86 Batch yopo_trainer.py:131
           FPS: 17.1                                                            
[17:26:28] Eval: 4, Traj Loss: 4.43, Score Loss: 1.88        yopo_trainer.py:189
           Saving model...                                    yopo_trainer.py:86
[17:26:44] Epoch: 5, Traj Loss: 4.23, Score Loss: 2.04 Batch yopo_trainer.py:131
           FPS: 17.2                                                            
[17:26:59] Epoch: 5, Traj Loss: 3.94, Score Loss: 2.01 Batch yopo_trainer.py:131
           FPS: 17.2                                                            
[17:27:15] Epoch: 5, Traj Loss: 3.99, Score Loss: 1.94 Batch yopo_trainer.py:131
           FPS: 17.4                                                            
[17:27:31] Epoch: 5, Traj Loss: 3.9, Score Loss: 1.85 Batch  yopo_trainer.py:131
           FPS: 16.9                                                            
[17:27:46] Epoch: 5, Traj Loss: 4.08, Score Loss: 2 Batch    yopo_trainer.py:131
           FPS: 17.1                                                            
[17:28:02] Epoch: 5, Traj Loss: 4.09, Score Loss: 1.88 Batch yopo_trainer.py:131
           FPS: 17.2                                                            
[17:28:17] Epoch: 5, Traj Loss: 4.05, Score Loss: 1.81 Batch yopo_trainer.py:131
           FPS: 17.3                                                            
[17:28:32] Epoch: 5, Traj Loss: 4.2, Score Loss: 1.95 Batch  yopo_trainer.py:131
           FPS: 17.1                                                            
[17:28:48] Epoch: 5, Traj Loss: 3.78, Score Loss: 1.74 Batch yopo_trainer.py:131
           FPS: 17.1                                                            
[17:29:04] Epoch: 5, Traj Loss: 4, Score Loss: 1.89 Batch    yopo_trainer.py:131
           FPS: 17.1                                                            
[17:29:19] Epoch: 5, Traj Loss: 3.96, Score Loss: 1.95 Batch yopo_trainer.py:131
           FPS: 17.3                                                            
[17:29:35] Epoch: 5, Traj Loss: 3.87, Score Loss: 1.99 Batch yopo_trainer.py:131
           FPS: 17.1                                                            
[17:29:50] Epoch: 5, Traj Loss: 3.94, Score Loss: 1.85 Batch yopo_trainer.py:131
           FPS: 17.2                                                            
[17:30:06] Epoch: 5, Traj Loss: 4.08, Score Loss: 1.97 Batch yopo_trainer.py:131
           FPS: 17.2                                                            
[17:30:21] Epoch: 5, Traj Loss: 3.96, Score Loss: 1.8 Batch  yopo_trainer.py:131
           FPS: 17.2                                                            
[17:30:36] Epoch: 5, Traj Loss: 4.12, Score Loss: 1.96 Batch yopo_trainer.py:131
           FPS: 17.1                                                            
[17:31:04] Eval: 5, Traj Loss: 4.49, Score Loss: 1.93        yopo_trainer.py:189
[17:31:20] Epoch: 6, Traj Loss: 4.14, Score Loss: 2.04 Batch yopo_trainer.py:131
           FPS: 17.3                                                            
[17:31:35] Epoch: 6, Traj Loss: 3.86, Score Loss: 1.81 Batch yopo_trainer.py:131
           FPS: 17.1                                                            
[17:31:50] Epoch: 6, Traj Loss: 3.85, Score Loss: 1.67 Batch yopo_trainer.py:131
           FPS: 17.3                                                            
[17:32:06] Epoch: 6, Traj Loss: 3.75, Score Loss: 1.8 Batch  yopo_trainer.py:131
           FPS: 17.2                                                            
[17:32:21] Epoch: 6, Traj Loss: 3.94, Score Loss: 1.86 Batch yopo_trainer.py:131
           FPS: 17.2                                                            
[17:32:37] Epoch: 6, Traj Loss: 4.13, Score Loss: 1.99 Batch yopo_trainer.py:131
           FPS: 17.3                                                            
[17:32:52] Epoch: 6, Traj Loss: 4.03, Score Loss: 1.94 Batch yopo_trainer.py:131
           FPS: 17.2                                                            
[17:33:08] Epoch: 6, Traj Loss: 4.09, Score Loss: 1.97 Batch yopo_trainer.py:131
           FPS: 17.3                                                            
[17:33:23] Epoch: 6, Traj Loss: 4.03, Score Loss: 1.9 Batch  yopo_trainer.py:131
           FPS: 17.1                                                            
[17:33:39] Epoch: 6, Traj Loss: 3.97, Score Loss: 1.94 Batch yopo_trainer.py:131
           FPS: 17.1                                                            
[17:33:54] Epoch: 6, Traj Loss: 3.87, Score Loss: 1.78 Batch yopo_trainer.py:131
           FPS: 17.3                                                            
[17:34:10] Epoch: 6, Traj Loss: 3.94, Score Loss: 1.79 Batch yopo_trainer.py:131
           FPS: 17.2                                                            
[17:34:25] Epoch: 6, Traj Loss: 3.95, Score Loss: 1.77 Batch yopo_trainer.py:131
           FPS: 17.1                                                            
[17:34:41] Epoch: 6, Traj Loss: 3.93, Score Loss: 1.91 Batch yopo_trainer.py:131
           FPS: 17.1                                                            
[17:34:56] Epoch: 6, Traj Loss: 3.8, Score Loss: 1.68 Batch  yopo_trainer.py:131
           FPS: 17.2                                                            
[17:35:11] Epoch: 6, Traj Loss: 4.12, Score Loss: 1.92 Batch yopo_trainer.py:131
           FPS: 17.3                                                            
[17:35:39] Eval: 6, Traj Loss: 4.79, Score Loss: 2.35        yopo_trainer.py:189
[17:35:55] Epoch: 7, Traj Loss: 4.07, Score Loss: 1.96 Batch yopo_trainer.py:131
           FPS: 17.3                                                            
[17:36:10] Epoch: 7, Traj Loss: 4, Score Loss: 1.96 Batch    yopo_trainer.py:131
           FPS: 17.2                                                            
[17:36:26] Epoch: 7, Traj Loss: 4.08, Score Loss: 2.03 Batch yopo_trainer.py:131
           FPS: 17.2                                                            
[17:36:41] Epoch: 7, Traj Loss: 4.07, Score Loss: 1.91 Batch yopo_trainer.py:131
           FPS: 17.2                                                            
[17:36:57] Epoch: 7, Traj Loss: 4.03, Score Loss: 1.87 Batch yopo_trainer.py:131
           FPS: 17.2                                                            
[17:37:12] Epoch: 7, Traj Loss: 3.86, Score Loss: 1.79 Batch yopo_trainer.py:131
           FPS: 17.4                                                            
[17:37:27] Epoch: 7, Traj Loss: 3.93, Score Loss: 1.81 Batch yopo_trainer.py:131
           FPS: 17.4                                                            
[17:37:43] Epoch: 7, Traj Loss: 3.8, Score Loss: 1.73 Batch  yopo_trainer.py:131
           FPS: 17.2                                                            
[17:37:58] Epoch: 7, Traj Loss: 4.01, Score Loss: 1.88 Batch yopo_trainer.py:131
           FPS: 17.2                                                            
[17:38:14] Epoch: 7, Traj Loss: 3.87, Score Loss: 1.78 Batch yopo_trainer.py:131
           FPS: 17.2                                                            
[17:38:29] Epoch: 7, Traj Loss: 3.76, Score Loss: 1.65 Batch yopo_trainer.py:131
           FPS: 17.2                                                            
[17:38:44] Epoch: 7, Traj Loss: 4.02, Score Loss: 1.96 Batch yopo_trainer.py:131
           FPS: 17.3                                                            
[17:39:00] Epoch: 7, Traj Loss: 3.85, Score Loss: 1.75 Batch yopo_trainer.py:131
           FPS: 17.3                                                            
[17:39:15] Epoch: 7, Traj Loss: 3.8, Score Loss: 1.79 Batch  yopo_trainer.py:131
           FPS: 17.2                                                            
[17:39:31] Epoch: 7, Traj Loss: 4.13, Score Loss: 2.11 Batch yopo_trainer.py:131
           FPS: 17.1                                                            
[17:39:46] Epoch: 7, Traj Loss: 4.09, Score Loss: 1.91 Batch yopo_trainer.py:131
           FPS: 17                                                              
[17:40:14] Eval: 7, Traj Loss: 4.47, Score Loss: 1.87        yopo_trainer.py:189
[17:40:30] Epoch: 8, Traj Loss: 3.82, Score Loss: 1.7 Batch  yopo_trainer.py:131
           FPS: 17.2                                                            
[17:40:45] Epoch: 8, Traj Loss: 4.04, Score Loss: 2 Batch    yopo_trainer.py:131
           FPS: 17.2                                                            
[17:41:01] Epoch: 8, Traj Loss: 3.92, Score Loss: 1.88 Batch yopo_trainer.py:131
           FPS: 17.2                                                            
[17:41:16] Epoch: 8, Traj Loss: 4.22, Score Loss: 2.16 Batch yopo_trainer.py:131
           FPS: 17                                                              
[17:41:32] Epoch: 8, Traj Loss: 4.03, Score Loss: 1.94 Batch yopo_trainer.py:131
           FPS: 17.1                                                            
[17:41:47] Epoch: 8, Traj Loss: 4, Score Loss: 1.86 Batch    yopo_trainer.py:131
           FPS: 17.2                                                            
[17:42:03] Epoch: 8, Traj Loss: 4.07, Score Loss: 1.92 Batch yopo_trainer.py:131
           FPS: 17.2                                                            
[17:42:18] Epoch: 8, Traj Loss: 4, Score Loss: 2.07 Batch    yopo_trainer.py:131
           FPS: 17.2                                                            
[17:42:34] Epoch: 8, Traj Loss: 3.95, Score Loss: 1.87 Batch yopo_trainer.py:131
           FPS: 17.1                                                            
[17:42:49] Epoch: 8, Traj Loss: 3.74, Score Loss: 1.65 Batch yopo_trainer.py:131
           FPS: 17.3                                                            
[17:43:05] Epoch: 8, Traj Loss: 3.74, Score Loss: 1.66 Batch yopo_trainer.py:131
           FPS: 17.2                                                            
[17:43:20] Epoch: 8, Traj Loss: 3.93, Score Loss: 1.83 Batch yopo_trainer.py:131
           FPS: 17.1                                                            
[17:43:36] Epoch: 8, Traj Loss: 3.77, Score Loss: 1.67 Batch yopo_trainer.py:131
           FPS: 17.2                                                            
[17:43:51] Epoch: 8, Traj Loss: 4.02, Score Loss: 1.92 Batch yopo_trainer.py:131
           FPS: 17.1                                                            
[17:44:07] Epoch: 8, Traj Loss: 4.17, Score Loss: 1.98 Batch yopo_trainer.py:131
           FPS: 17.2                                                            
[17:44:22] Epoch: 8, Traj Loss: 4.03, Score Loss: 1.84 Batch yopo_trainer.py:131
           FPS: 17.2                                                            
[17:44:50] Eval: 8, Traj Loss: 4.38, Score Loss: 1.69        yopo_trainer.py:189
[17:45:06] Epoch: 9, Traj Loss: 4.01, Score Loss: 1.82 Batch yopo_trainer.py:131
           FPS: 17.2                                                            
[17:45:21] Epoch: 9, Traj Loss: 3.8, Score Loss: 1.76 Batch  yopo_trainer.py:131
           FPS: 17.1                                                            
[17:45:37] Epoch: 9, Traj Loss: 3.97, Score Loss: 1.82 Batch yopo_trainer.py:131
           FPS: 17.3                                                            
[17:45:52] Epoch: 9, Traj Loss: 3.63, Score Loss: 1.74 Batch yopo_trainer.py:131
           FPS: 17.2                                                            
[17:46:08] Epoch: 9, Traj Loss: 3.57, Score Loss: 1.56 Batch yopo_trainer.py:131
           FPS: 17.2                                                            
[17:46:23] Epoch: 9, Traj Loss: 3.85, Score Loss: 1.7 Batch  yopo_trainer.py:131
           FPS: 17.2                                                            
[17:46:39] Epoch: 9, Traj Loss: 3.64, Score Loss: 1.64 Batch yopo_trainer.py:131
           FPS: 17.1                                                            
[17:46:54] Epoch: 9, Traj Loss: 3.77, Score Loss: 1.64 Batch yopo_trainer.py:131
           FPS: 17.3                                                            
[17:47:10] Epoch: 9, Traj Loss: 3.67, Score Loss: 1.67 Batch yopo_trainer.py:131
           FPS: 17.2                                                            
[17:47:25] Epoch: 9, Traj Loss: 3.82, Score Loss: 1.77 Batch yopo_trainer.py:131
           FPS: 17.1                                                            
[17:47:41] Epoch: 9, Traj Loss: 3.91, Score Loss: 1.82 Batch yopo_trainer.py:131
           FPS: 17.3                                                            
[17:47:56] Epoch: 9, Traj Loss: 4.07, Score Loss: 1.94 Batch yopo_trainer.py:131
           FPS: 17.1                                                            
[17:48:12] Epoch: 9, Traj Loss: 3.88, Score Loss: 1.86 Batch yopo_trainer.py:131
           FPS: 17.1                                                            
[17:48:27] Epoch: 9, Traj Loss: 3.56, Score Loss: 1.62 Batch yopo_trainer.py:131
           FPS: 17.1                                                            
[17:48:43] Epoch: 9, Traj Loss: 3.87, Score Loss: 1.79 Batch yopo_trainer.py:131
           FPS: 17.1                                                            
[17:48:58] Epoch: 9, Traj Loss: 3.94, Score Loss: 1.84 Batch yopo_trainer.py:131
           FPS: 17.2                                                            
[17:49:26] Eval: 9, Traj Loss: 4.4, Score Loss: 1.83         yopo_trainer.py:189
           Saving model...                                    yopo_trainer.py:86
[17:49:42] Epoch: 10, Traj Loss: 3.65, Score Loss: 1.69      yopo_trainer.py:131
           Batch FPS: 17.3                                                      
[17:49:57] Epoch: 10, Traj Loss: 3.94, Score Loss: 1.84      yopo_trainer.py:131
           Batch FPS: 17.1                                                      
[17:50:13] Epoch: 10, Traj Loss: 3.91, Score Loss: 1.71      yopo_trainer.py:131
           Batch FPS: 17.2                                                      
[17:50:28] Epoch: 10, Traj Loss: 4.01, Score Loss: 1.88      yopo_trainer.py:131
           Batch FPS: 17.2                                                      
[17:50:44] Epoch: 10, Traj Loss: 3.7, Score Loss: 1.73 Batch yopo_trainer.py:131
           FPS: 17.2                                                            
[17:50:59] Epoch: 10, Traj Loss: 3.94, Score Loss: 1.78      yopo_trainer.py:131
           Batch FPS: 17.2                                                      
[17:51:15] Epoch: 10, Traj Loss: 3.75, Score Loss: 1.63      yopo_trainer.py:131
           Batch FPS: 17.2                                                      
[17:51:30] Epoch: 10, Traj Loss: 3.72, Score Loss: 1.64      yopo_trainer.py:131
           Batch FPS: 17.1                                                      
[17:51:46] Epoch: 10, Traj Loss: 3.71, Score Loss: 1.76      yopo_trainer.py:131
           Batch FPS: 17                                                        
[17:52:01] Epoch: 10, Traj Loss: 3.62, Score Loss: 1.63      yopo_trainer.py:131
           Batch FPS: 17                                                        
[17:52:17] Epoch: 10, Traj Loss: 3.74, Score Loss: 1.72      yopo_trainer.py:131
           Batch FPS: 17.2                                                      
[17:52:32] Epoch: 10, Traj Loss: 3.71, Score Loss: 1.61      yopo_trainer.py:131
           Batch FPS: 17.1                                                      
[17:52:48] Epoch: 10, Traj Loss: 3.99, Score Loss: 1.92      yopo_trainer.py:131
           Batch FPS: 17.1                                                      
[17:53:03] Epoch: 10, Traj Loss: 3.51, Score Loss: 1.55      yopo_trainer.py:131
           Batch FPS: 17.1                                                      
[17:53:19] Epoch: 10, Traj Loss: 4, Score Loss: 1.89 Batch   yopo_trainer.py:131
           FPS: 17.2                                                            
[17:53:35] Epoch: 10, Traj Loss: 3.71, Score Loss: 1.58      yopo_trainer.py:131
           Batch FPS: 17                                                        
[17:54:02] Eval: 10, Traj Loss: 4.26, Score Loss: 1.71       yopo_trainer.py:189
[17:54:18] Epoch: 11, Traj Loss: 3.56, Score Loss: 1.58      yopo_trainer.py:131
           Batch FPS: 17.2                                                      
[17:54:33] Epoch: 11, Traj Loss: 3.93, Score Loss: 1.66      yopo_trainer.py:131
           Batch FPS: 17.3                                                      
[17:54:49] Epoch: 11, Traj Loss: 3.56, Score Loss: 1.56      yopo_trainer.py:131
           Batch FPS: 17                                                        
[17:55:04] Epoch: 11, Traj Loss: 3.72, Score Loss: 1.66      yopo_trainer.py:131
           Batch FPS: 17.2                                                      
[17:55:20] Epoch: 11, Traj Loss: 3.72, Score Loss: 1.55      yopo_trainer.py:131
           Batch FPS: 17.2                                                      
[17:55:35] Epoch: 11, Traj Loss: 3.86, Score Loss: 1.67      yopo_trainer.py:131
           Batch FPS: 17.1                                                      
[17:55:51] Epoch: 11, Traj Loss: 3.95, Score Loss: 1.76      yopo_trainer.py:131
           Batch FPS: 17.1                                                      
[17:56:06] Epoch: 11, Traj Loss: 3.8, Score Loss: 1.71 Batch yopo_trainer.py:131
           FPS: 17                                                              
[17:56:22] Epoch: 11, Traj Loss: 3.94, Score Loss: 1.77      yopo_trainer.py:131
           Batch FPS: 17.4                                                      
[17:56:37] Epoch: 11, Traj Loss: 3.54, Score Loss: 1.58      yopo_trainer.py:131
           Batch FPS: 17.1                                                      
[17:56:53] Epoch: 11, Traj Loss: 3.74, Score Loss: 1.61      yopo_trainer.py:131
           Batch FPS: 17.3                                                      
[17:57:08] Epoch: 11, Traj Loss: 3.72, Score Loss: 1.59      yopo_trainer.py:131
           Batch FPS: 17.1                                                      
[17:57:24] Epoch: 11, Traj Loss: 3.65, Score Loss: 1.6 Batch yopo_trainer.py:131
           FPS: 17                                                              
[17:57:40] Epoch: 11, Traj Loss: 3.55, Score Loss: 1.59      yopo_trainer.py:131
           Batch FPS: 17                                                        
[17:57:55] Epoch: 11, Traj Loss: 3.88, Score Loss: 1.66      yopo_trainer.py:131
           Batch FPS: 17.3                                                      
[17:58:10] Epoch: 11, Traj Loss: 3.57, Score Loss: 1.65      yopo_trainer.py:131
           Batch FPS: 17.3                                                      
[17:58:38] Eval: 11, Traj Loss: 4.35, Score Loss: 1.77       yopo_trainer.py:189
[17:58:54] Epoch: 12, Traj Loss: 3.75, Score Loss: 1.67      yopo_trainer.py:131
           Batch FPS: 17                                                        
[17:59:09] Epoch: 12, Traj Loss: 3.63, Score Loss: 1.57      yopo_trainer.py:131
           Batch FPS: 17.2                                                      
[17:59:25] Epoch: 12, Traj Loss: 3.57, Score Loss: 1.71      yopo_trainer.py:131
           Batch FPS: 17.2                                                      
[17:59:40] Epoch: 12, Traj Loss: 3.63, Score Loss: 1.55      yopo_trainer.py:131
           Batch FPS: 17.1                                                      
[17:59:56] Epoch: 12, Traj Loss: 3.64, Score Loss: 1.64      yopo_trainer.py:131
           Batch FPS: 17.3                                                      
[18:00:11] Epoch: 12, Traj Loss: 3.91, Score Loss: 1.78      yopo_trainer.py:131
           Batch FPS: 17.2                                                      
[18:00:27] Epoch: 12, Traj Loss: 3.92, Score Loss: 1.75      yopo_trainer.py:131
           Batch FPS: 17                                                        
[18:00:42] Epoch: 12, Traj Loss: 3.6, Score Loss: 1.63 Batch yopo_trainer.py:131
           FPS: 17.3                                                            
[18:00:58] Epoch: 12, Traj Loss: 3.89, Score Loss: 1.73      yopo_trainer.py:131
           Batch FPS: 17.1                                                      
[18:01:13] Epoch: 12, Traj Loss: 4.1, Score Loss: 1.84 Batch yopo_trainer.py:131
           FPS: 17.1                                                            
[18:01:29] Epoch: 12, Traj Loss: 3.69, Score Loss: 1.5 Batch yopo_trainer.py:131
           FPS: 17.2                                                            
[18:01:44] Epoch: 12, Traj Loss: 3.55, Score Loss: 1.62      yopo_trainer.py:131
           Batch FPS: 17                                                        
[18:02:00] Epoch: 12, Traj Loss: 4, Score Loss: 1.74 Batch   yopo_trainer.py:131
           FPS: 16.7                                                            
[18:02:16] Epoch: 12, Traj Loss: 3.9, Score Loss: 1.75 Batch yopo_trainer.py:131
           FPS: 16.6                                                            
[18:02:32] Epoch: 12, Traj Loss: 3.65, Score Loss: 1.62      yopo_trainer.py:131
           Batch FPS: 16.7                                                      
[18:02:48] Epoch: 12, Traj Loss: 3.87, Score Loss: 1.58      yopo_trainer.py:131
           Batch FPS: 16.5                                                      
[18:03:17] Eval: 12, Traj Loss: 4.51, Score Loss: 1.84       yopo_trainer.py:189
[18:03:33] Epoch: 13, Traj Loss: 3.82, Score Loss: 1.63      yopo_trainer.py:131
           Batch FPS: 16.8                                                      
[18:03:49] Epoch: 13, Traj Loss: 3.47, Score Loss: 1.39      yopo_trainer.py:131
           Batch FPS: 16.8                                                      
[18:04:04] Epoch: 13, Traj Loss: 3.65, Score Loss: 1.54      yopo_trainer.py:131
           Batch FPS: 17                                                        
[18:04:20] Epoch: 13, Traj Loss: 3.77, Score Loss: 1.5 Batch yopo_trainer.py:131
           FPS: 17.1                                                            
[18:04:36] Epoch: 13, Traj Loss: 3.73, Score Loss: 1.6 Batch yopo_trainer.py:131
           FPS: 16.9                                                            
[18:04:52] Epoch: 13, Traj Loss: 3.59, Score Loss: 1.48      yopo_trainer.py:131
           Batch FPS: 16.6                                                      
[18:05:08] Epoch: 13, Traj Loss: 3.73, Score Loss: 1.55      yopo_trainer.py:131
           Batch FPS: 16.5                                                      
[18:05:24] Epoch: 13, Traj Loss: 3.65, Score Loss: 1.67      yopo_trainer.py:131
           Batch FPS: 16.7                                                      
[18:05:40] Epoch: 13, Traj Loss: 3.7, Score Loss: 1.57 Batch yopo_trainer.py:131
           FPS: 16.4                                                            
[18:05:56] Epoch: 13, Traj Loss: 3.59, Score Loss: 1.69      yopo_trainer.py:131
           Batch FPS: 16.5                                                      
[18:06:12] Epoch: 13, Traj Loss: 3.68, Score Loss: 1.59      yopo_trainer.py:131
           Batch FPS: 17                                                        
[18:06:27] Epoch: 13, Traj Loss: 3.58, Score Loss: 1.49      yopo_trainer.py:131
           Batch FPS: 17.3                                                      
[18:06:43] Epoch: 13, Traj Loss: 3.75, Score Loss: 1.58      yopo_trainer.py:131
           Batch FPS: 17.4                                                      
[18:06:58] Epoch: 13, Traj Loss: 3.69, Score Loss: 1.54      yopo_trainer.py:131
           Batch FPS: 17                                                        
[18:07:14] Epoch: 13, Traj Loss: 3.8, Score Loss: 1.74 Batch yopo_trainer.py:131
           FPS: 16.7                                                            
[18:07:29] Epoch: 13, Traj Loss: 3.71, Score Loss: 1.53      yopo_trainer.py:131
           Batch FPS: 17.3                                                      
[18:07:57] Eval: 13, Traj Loss: 4.41, Score Loss: 1.77       yopo_trainer.py:189
[18:08:13] Epoch: 14, Traj Loss: 3.58, Score Loss: 1.48      yopo_trainer.py:131
           Batch FPS: 17.1                                                      
[18:08:28] Epoch: 14, Traj Loss: 3.5, Score Loss: 1.47 Batch yopo_trainer.py:131
           FPS: 17.1                                                            
[18:08:44] Epoch: 14, Traj Loss: 3.62, Score Loss: 1.5 Batch yopo_trainer.py:131
           FPS: 17.3                                                            
[18:08:59] Epoch: 14, Traj Loss: 3.81, Score Loss: 1.68      yopo_trainer.py:131
           Batch FPS: 17.4                                                      
[18:09:14] Epoch: 14, Traj Loss: 3.66, Score Loss: 1.58      yopo_trainer.py:131
           Batch FPS: 17.4                                                      
[18:09:30] Epoch: 14, Traj Loss: 3.57, Score Loss: 1.47      yopo_trainer.py:131
           Batch FPS: 17                                                        
[18:09:46] Epoch: 14, Traj Loss: 3.6, Score Loss: 1.48 Batch yopo_trainer.py:131
           FPS: 16.6                                                            
[18:10:02] Epoch: 14, Traj Loss: 3.8, Score Loss: 1.62 Batch yopo_trainer.py:131
           FPS: 16.7                                                            
[18:10:17] Epoch: 14, Traj Loss: 3.93, Score Loss: 1.66      yopo_trainer.py:131
           Batch FPS: 16.9                                                      
[18:10:33] Epoch: 14, Traj Loss: 3.69, Score Loss: 1.59      yopo_trainer.py:131
           Batch FPS: 16.8                                                      
[18:10:49] Epoch: 14, Traj Loss: 3.58, Score Loss: 1.47      yopo_trainer.py:131
           Batch FPS: 16.8                                                      
[18:11:05] Epoch: 14, Traj Loss: 3.71, Score Loss: 1.65      yopo_trainer.py:131
           Batch FPS: 16.9                                                      
[18:11:21] Epoch: 14, Traj Loss: 3.69, Score Loss: 1.49      yopo_trainer.py:131
           Batch FPS: 17                                                        
[18:11:36] Epoch: 14, Traj Loss: 3.86, Score Loss: 1.63      yopo_trainer.py:131
           Batch FPS: 17.1                                                      
[18:11:52] Epoch: 14, Traj Loss: 3.67, Score Loss: 1.6 Batch yopo_trainer.py:131
           FPS: 16.9                                                            
[18:12:08] Epoch: 14, Traj Loss: 3.42, Score Loss: 1.45      yopo_trainer.py:131
           Batch FPS: 16.8                                                      
[18:12:36] Eval: 14, Traj Loss: 4.22, Score Loss: 1.88       yopo_trainer.py:189
           Saving model...                                    yopo_trainer.py:86
[18:12:51] Epoch: 15, Traj Loss: 3.61, Score Loss: 1.48      yopo_trainer.py:131
           Batch FPS: 17.1                                                      
[18:13:07] Epoch: 15, Traj Loss: 3.58, Score Loss: 1.41      yopo_trainer.py:131
           Batch FPS: 17.2                                                      
[18:13:22] Epoch: 15, Traj Loss: 3.84, Score Loss: 1.59      yopo_trainer.py:131
           Batch FPS: 16.9                                                      
[18:13:38] Epoch: 15, Traj Loss: 3.69, Score Loss: 1.5 Batch yopo_trainer.py:131
           FPS: 16.7                                                            
[18:13:54] Epoch: 15, Traj Loss: 3.58, Score Loss: 1.51      yopo_trainer.py:131
           Batch FPS: 16.9                                                      
[18:14:10] Epoch: 15, Traj Loss: 3.59, Score Loss: 1.47      yopo_trainer.py:131
           Batch FPS: 16.8                                                      
[18:14:25] Epoch: 15, Traj Loss: 3.55, Score Loss: 1.38      yopo_trainer.py:131
           Batch FPS: 17                                                        
[18:14:41] Epoch: 15, Traj Loss: 3.65, Score Loss: 1.55      yopo_trainer.py:131
           Batch FPS: 17.1                                                      
[18:14:57] Epoch: 15, Traj Loss: 3.53, Score Loss: 1.45      yopo_trainer.py:131
           Batch FPS: 17                                                        
[18:15:12] Epoch: 15, Traj Loss: 3.62, Score Loss: 1.45      yopo_trainer.py:131
           Batch FPS: 17                                                        
[18:15:28] Epoch: 15, Traj Loss: 3.56, Score Loss: 1.46      yopo_trainer.py:131
           Batch FPS: 17.1                                                      
[18:15:43] Epoch: 15, Traj Loss: 3.62, Score Loss: 1.4 Batch yopo_trainer.py:131
           FPS: 17.3                                                            
[18:15:59] Epoch: 15, Traj Loss: 3.47, Score Loss: 1.35      yopo_trainer.py:131
           Batch FPS: 17                                                        
[18:16:15] Epoch: 15, Traj Loss: 3.67, Score Loss: 1.61      yopo_trainer.py:131
           Batch FPS: 16.9                                                      
[18:16:30] Epoch: 15, Traj Loss: 3.65, Score Loss: 1.49      yopo_trainer.py:131
           Batch FPS: 17.1                                                      
[18:16:46] Epoch: 15, Traj Loss: 3.41, Score Loss: 1.37      yopo_trainer.py:131
           Batch FPS: 16.7                                                      
[18:17:14] Eval: 15, Traj Loss: 4.37, Score Loss: 1.85       yopo_trainer.py:189
[18:17:30] Epoch: 16, Traj Loss: 3.59, Score Loss: 1.47      yopo_trainer.py:131
           Batch FPS: 16.8                                                      
[18:17:46] Epoch: 16, Traj Loss: 3.61, Score Loss: 1.58      yopo_trainer.py:131
           Batch FPS: 17                                                        
[18:18:02] Epoch: 16, Traj Loss: 3.58, Score Loss: 1.43      yopo_trainer.py:131
           Batch FPS: 17                                                        
[18:18:17] Epoch: 16, Traj Loss: 3.51, Score Loss: 1.33      yopo_trainer.py:131
           Batch FPS: 17.1                                                      
[18:18:33] Epoch: 16, Traj Loss: 3.49, Score Loss: 1.37      yopo_trainer.py:131
           Batch FPS: 16.9                                                      
[18:18:48] Epoch: 16, Traj Loss: 3.36, Score Loss: 1.24      yopo_trainer.py:131
           Batch FPS: 17.3                                                      
[18:19:04] Epoch: 16, Traj Loss: 3.54, Score Loss: 1.32      yopo_trainer.py:131
           Batch FPS: 16.8                                                      
[18:19:20] Epoch: 16, Traj Loss: 3.63, Score Loss: 1.32      yopo_trainer.py:131
           Batch FPS: 16.9                                                      
[18:19:36] Epoch: 16, Traj Loss: 3.74, Score Loss: 1.52      yopo_trainer.py:131
           Batch FPS: 16.9                                                      
[18:19:51] Epoch: 16, Traj Loss: 3.79, Score Loss: 1.59      yopo_trainer.py:131
           Batch FPS: 16.8                                                      
[18:20:07] Epoch: 16, Traj Loss: 3.53, Score Loss: 1.36      yopo_trainer.py:131
           Batch FPS: 16.8                                                      
[18:20:23] Epoch: 16, Traj Loss: 3.42, Score Loss: 1.32      yopo_trainer.py:131
           Batch FPS: 17                                                        
[18:20:38] Epoch: 16, Traj Loss: 3.73, Score Loss: 1.38      yopo_trainer.py:131
           Batch FPS: 17                                                        
[18:20:54] Epoch: 16, Traj Loss: 3.59, Score Loss: 1.49      yopo_trainer.py:131
           Batch FPS: 16.8                                                      
[18:21:10] Epoch: 16, Traj Loss: 3.86, Score Loss: 1.64      yopo_trainer.py:131
           Batch FPS: 16.8                                                      
[18:21:26] Epoch: 16, Traj Loss: 3.64, Score Loss: 1.53      yopo_trainer.py:131
           Batch FPS: 17.2                                                      
[18:21:53] Eval: 16, Traj Loss: 4.33, Score Loss: 1.73       yopo_trainer.py:189
[18:22:09] Epoch: 17, Traj Loss: 3.64, Score Loss: 1.56      yopo_trainer.py:131
           Batch FPS: 17                                                        
[18:22:25] Epoch: 17, Traj Loss: 3.58, Score Loss: 1.43      yopo_trainer.py:131
           Batch FPS: 17.2                                                      
[18:22:40] Epoch: 17, Traj Loss: 3.47, Score Loss: 1.26      yopo_trainer.py:131
           Batch FPS: 17                                                        
[18:22:56] Epoch: 17, Traj Loss: 3.72, Score Loss: 1.4 Batch yopo_trainer.py:131
           FPS: 16.8                                                            
[18:23:12] Epoch: 17, Traj Loss: 3.83, Score Loss: 1.45      yopo_trainer.py:131
           Batch FPS: 17                                                        
[18:23:27] Epoch: 17, Traj Loss: 3.49, Score Loss: 1.24      yopo_trainer.py:131
           Batch FPS: 17.1                                                      
[18:23:43] Epoch: 17, Traj Loss: 3.66, Score Loss: 1.34      yopo_trainer.py:131
           Batch FPS: 17                                                        
[18:23:59] Epoch: 17, Traj Loss: 3.51, Score Loss: 1.34      yopo_trainer.py:131
           Batch FPS: 16.8                                                      
[18:24:14] Epoch: 17, Traj Loss: 3.55, Score Loss: 1.34      yopo_trainer.py:131
           Batch FPS: 17                                                        
[18:24:30] Epoch: 17, Traj Loss: 3.73, Score Loss: 1.57      yopo_trainer.py:131
           Batch FPS: 17                                                        
[18:24:46] Epoch: 17, Traj Loss: 3.54, Score Loss: 1.27      yopo_trainer.py:131
           Batch FPS: 16.9                                                      
[18:25:02] Epoch: 17, Traj Loss: 3.58, Score Loss: 1.47      yopo_trainer.py:131
           Batch FPS: 17                                                        
[18:25:17] Epoch: 17, Traj Loss: 3.52, Score Loss: 1.28      yopo_trainer.py:131
           Batch FPS: 16.9                                                      
[18:25:33] Epoch: 17, Traj Loss: 3.5, Score Loss: 1.32 Batch yopo_trainer.py:131
           FPS: 16.9                                                            
[18:25:49] Epoch: 17, Traj Loss: 3.61, Score Loss: 1.35      yopo_trainer.py:131
           Batch FPS: 17                                                        
[18:26:05] Epoch: 17, Traj Loss: 3.43, Score Loss: 1.34      yopo_trainer.py:131
           Batch FPS: 16.7                                                      
[18:26:33] Eval: 17, Traj Loss: 4.32, Score Loss: 1.8        yopo_trainer.py:189
[18:26:48] Epoch: 18, Traj Loss: 3.35, Score Loss: 1.16      yopo_trainer.py:131
           Batch FPS: 17                                                        
[18:27:04] Epoch: 18, Traj Loss: 3.61, Score Loss: 1.33      yopo_trainer.py:131
           Batch FPS: 17.2                                                      
[18:27:20] Epoch: 18, Traj Loss: 3.59, Score Loss: 1.33      yopo_trainer.py:131
           Batch FPS: 17                                                        
[18:27:35] Epoch: 18, Traj Loss: 3.62, Score Loss: 1.32      yopo_trainer.py:131
           Batch FPS: 17.2                                                      
[18:27:51] Epoch: 18, Traj Loss: 3.38, Score Loss: 1.27      yopo_trainer.py:131
           Batch FPS: 17.1                                                      
[18:28:06] Epoch: 18, Traj Loss: 3.49, Score Loss: 1.28      yopo_trainer.py:131
           Batch FPS: 17.1                                                      
[18:28:22] Epoch: 18, Traj Loss: 3.47, Score Loss: 1.16      yopo_trainer.py:131
           Batch FPS: 17.3                                                      
[18:28:37] Epoch: 18, Traj Loss: 3.65, Score Loss: 1.34      yopo_trainer.py:131
           Batch FPS: 17.1                                                      
[18:28:53] Epoch: 18, Traj Loss: 3.79, Score Loss: 1.58      yopo_trainer.py:131
           Batch FPS: 17.3                                                      
[18:29:08] Epoch: 18, Traj Loss: 3.65, Score Loss: 1.39      yopo_trainer.py:131
           Batch FPS: 17.1                                                      
[18:29:24] Epoch: 18, Traj Loss: 3.69, Score Loss: 1.51      yopo_trainer.py:131
           Batch FPS: 17                                                        
[18:29:39] Epoch: 18, Traj Loss: 3.52, Score Loss: 1.4 Batch yopo_trainer.py:131
           FPS: 17.2                                                            
[18:29:55] Epoch: 18, Traj Loss: 3.59, Score Loss: 1.36      yopo_trainer.py:131
           Batch FPS: 17.1                                                      
[18:30:10] Epoch: 18, Traj Loss: 3.43, Score Loss: 1.25      yopo_trainer.py:131
           Batch FPS: 17.2                                                      
[18:30:26] Epoch: 18, Traj Loss: 3.43, Score Loss: 1.21      yopo_trainer.py:131
           Batch FPS: 17.1                                                      
[18:30:41] Epoch: 18, Traj Loss: 3.59, Score Loss: 1.41      yopo_trainer.py:131
           Batch FPS: 17.3                                                      
[18:31:09] Eval: 18, Traj Loss: 4.35, Score Loss: 1.77       yopo_trainer.py:189
[18:31:24] Epoch: 19, Traj Loss: 3.47, Score Loss: 1.32      yopo_trainer.py:131
           Batch FPS: 17.4                                                      
[18:31:39] Epoch: 19, Traj Loss: 3.46, Score Loss: 1.13      yopo_trainer.py:131
           Batch FPS: 17.3                                                      
[18:31:55] Epoch: 19, Traj Loss: 3.51, Score Loss: 1.17      yopo_trainer.py:131
           Batch FPS: 17.4                                                      
[18:32:10] Epoch: 19, Traj Loss: 3.34, Score Loss: 1.1 Batch yopo_trainer.py:131
           FPS: 17.3                                                            
[18:32:25] Epoch: 19, Traj Loss: 3.47, Score Loss: 1.19      yopo_trainer.py:131
           Batch FPS: 17.4                                                      
[18:32:41] Epoch: 19, Traj Loss: 3.54, Score Loss: 1.25      yopo_trainer.py:131
           Batch FPS: 17.4                                                      
[18:32:56] Epoch: 19, Traj Loss: 3.42, Score Loss: 1.25      yopo_trainer.py:131
           Batch FPS: 17.3                                                      
[18:33:11] Epoch: 19, Traj Loss: 3.77, Score Loss: 1.32      yopo_trainer.py:131
           Batch FPS: 17.4                                                      
[18:33:27] Epoch: 19, Traj Loss: 3.46, Score Loss: 1.29      yopo_trainer.py:131
           Batch FPS: 17.1                                                      
[18:33:42] Epoch: 19, Traj Loss: 3.64, Score Loss: 1.45      yopo_trainer.py:131
           Batch FPS: 17.4                                                      
[18:33:57] Epoch: 19, Traj Loss: 3.59, Score Loss: 1.25      yopo_trainer.py:131
           Batch FPS: 17.3                                                      
[18:34:13] Epoch: 19, Traj Loss: 3.52, Score Loss: 1.26      yopo_trainer.py:131
           Batch FPS: 17.3                                                      
[18:34:28] Epoch: 19, Traj Loss: 3.56, Score Loss: 1.32      yopo_trainer.py:131
           Batch FPS: 17.3                                                      
[18:34:44] Epoch: 19, Traj Loss: 3.55, Score Loss: 1.31      yopo_trainer.py:131
           Batch FPS: 17.3                                                      
[18:34:59] Epoch: 19, Traj Loss: 3.33, Score Loss: 1.2 Batch yopo_trainer.py:131
           FPS: 17.2                                                            
[18:35:14] Epoch: 19, Traj Loss: 3.6, Score Loss: 1.32 Batch yopo_trainer.py:131
           FPS: 17.4                                                            
[18:35:42] Eval: 19, Traj Loss: 4.33, Score Loss: 1.76       yopo_trainer.py:189
           Saving model...                                    yopo_trainer.py:86
[18:35:58] Epoch: 20, Traj Loss: 3.45, Score Loss: 1.14      yopo_trainer.py:131
           Batch FPS: 17.2                                                      
[18:36:13] Epoch: 20, Traj Loss: 3.47, Score Loss: 1.19      yopo_trainer.py:131
           Batch FPS: 17.4                                                      
[18:36:28] Epoch: 20, Traj Loss: 3.47, Score Loss: 1.17      yopo_trainer.py:131
           Batch FPS: 17.5                                                      
[18:36:43] Epoch: 20, Traj Loss: 3.41, Score Loss: 1.12      yopo_trainer.py:131
           Batch FPS: 17.4                                                      
[18:36:59] Epoch: 20, Traj Loss: 3.59, Score Loss: 1.24      yopo_trainer.py:131
           Batch FPS: 17                                                        
[18:37:14] Epoch: 20, Traj Loss: 3.32, Score Loss: 1.21      yopo_trainer.py:131
           Batch FPS: 17.1                                                      
[18:37:30] Epoch: 20, Traj Loss: 3.76, Score Loss: 1.35      yopo_trainer.py:131
           Batch FPS: 17.2                                                      
[18:37:46] Epoch: 20, Traj Loss: 3.36, Score Loss: 1.12      yopo_trainer.py:131
           Batch FPS: 16.9                                                      
[18:38:01] Epoch: 20, Traj Loss: 3.67, Score Loss: 1.38      yopo_trainer.py:131
           Batch FPS: 17.2                                                      
[18:38:17] Epoch: 20, Traj Loss: 3.44, Score Loss: 1.16      yopo_trainer.py:131
           Batch FPS: 17.2                                                      
[18:38:32] Epoch: 20, Traj Loss: 3.52, Score Loss: 1.22      yopo_trainer.py:131
           Batch FPS: 17.2                                                      
[18:38:48] Epoch: 20, Traj Loss: 3.49, Score Loss: 1.21      yopo_trainer.py:131
           Batch FPS: 16.8                                                      
[18:39:04] Epoch: 20, Traj Loss: 3.36, Score Loss: 1.14      yopo_trainer.py:131
           Batch FPS: 16.8                                                      
[18:39:19] Epoch: 20, Traj Loss: 3.55, Score Loss: 1.39      yopo_trainer.py:131
           Batch FPS: 16.9                                                      
[18:39:35] Epoch: 20, Traj Loss: 3.65, Score Loss: 1.25      yopo_trainer.py:131
           Batch FPS: 17                                                        
[18:39:51] Epoch: 20, Traj Loss: 3.55, Score Loss: 1.24      yopo_trainer.py:131
           Batch FPS: 16.7                                                      
[18:40:19] Eval: 20, Traj Loss: 4.33, Score Loss: 1.73       yopo_trainer.py:189
[18:40:35] Epoch: 21, Traj Loss: 3.17, Score Loss: 1.08      yopo_trainer.py:131
           Batch FPS: 16.8                                                      
[18:40:51] Epoch: 21, Traj Loss: 3.55, Score Loss: 1.2 Batch yopo_trainer.py:131
           FPS: 16.8                                                            
[18:41:07] Epoch: 21, Traj Loss: 3.47, Score Loss: 1.04      yopo_trainer.py:131
           Batch FPS: 16.8                                                      
[18:41:23] Epoch: 21, Traj Loss: 3.5, Score Loss: 1.23 Batch yopo_trainer.py:131
           FPS: 16.8                                                            
[18:41:39] Epoch: 21, Traj Loss: 3.48, Score Loss: 1.1 Batch yopo_trainer.py:131
           FPS: 16.6                                                            
[18:41:54] Epoch: 21, Traj Loss: 3.43, Score Loss: 1.06      yopo_trainer.py:131
           Batch FPS: 16.9                                                      
[18:42:10] Epoch: 21, Traj Loss: 3.42, Score Loss: 1.09      yopo_trainer.py:131
           Batch FPS: 17.1                                                      
[18:42:26] Epoch: 21, Traj Loss: 3.65, Score Loss: 1.21      yopo_trainer.py:131
           Batch FPS: 17.2                                                      
[18:42:41] Epoch: 21, Traj Loss: 3.43, Score Loss: 1.18      yopo_trainer.py:131
           Batch FPS: 17.1                                                      
[18:42:57] Epoch: 21, Traj Loss: 3.38, Score Loss: 1.16      yopo_trainer.py:131
           Batch FPS: 17                                                        
[18:43:12] Epoch: 21, Traj Loss: 3.55, Score Loss: 1.22      yopo_trainer.py:131
           Batch FPS: 16.9                                                      
[18:43:28] Epoch: 21, Traj Loss: 3.53, Score Loss: 1.16      yopo_trainer.py:131
           Batch FPS: 17.1                                                      
[18:43:43] Epoch: 21, Traj Loss: 3.5, Score Loss: 1.18 Batch yopo_trainer.py:131
           FPS: 17.3                                                            
[18:43:59] Epoch: 21, Traj Loss: 3.3, Score Loss: 1.13 Batch yopo_trainer.py:131
           FPS: 17.2                                                            
[18:44:14] Epoch: 21, Traj Loss: 3.38, Score Loss: 1.22      yopo_trainer.py:131
           Batch FPS: 17                                                        
[18:44:30] Epoch: 21, Traj Loss: 3.52, Score Loss: 1.14      yopo_trainer.py:131
           Batch FPS: 16.9                                                      
[18:44:58] Eval: 21, Traj Loss: 4.42, Score Loss: 1.84       yopo_trainer.py:189
[18:45:13] Epoch: 22, Traj Loss: 3.56, Score Loss: 1.21      yopo_trainer.py:131
           Batch FPS: 17.1                                                      
[18:45:29] Epoch: 22, Traj Loss: 3.51, Score Loss: 1.16      yopo_trainer.py:131
           Batch FPS: 17.1                                                      
[18:45:44] Epoch: 22, Traj Loss: 3.46, Score Loss: 1.05      yopo_trainer.py:131
           Batch FPS: 17.3                                                      
[18:46:00] Epoch: 22, Traj Loss: 3.34, Score Loss: 1.15      yopo_trainer.py:131
           Batch FPS: 17                                                        
[18:46:15] Epoch: 22, Traj Loss: 3.46, Score Loss: 1.06      yopo_trainer.py:131
           Batch FPS: 17.2                                                      
[18:46:31] Epoch: 22, Traj Loss: 3.41, Score Loss: 1.13      yopo_trainer.py:131
           Batch FPS: 17.2                                                      
[18:46:46] Epoch: 22, Traj Loss: 3.45, Score Loss: 1.14      yopo_trainer.py:131
           Batch FPS: 17.1                                                      
[18:47:02] Epoch: 22, Traj Loss: 3.41, Score Loss: 0.988     yopo_trainer.py:131
           Batch FPS: 16.9                                                      
[18:47:18] Epoch: 22, Traj Loss: 3.47, Score Loss: 1.18      yopo_trainer.py:131
           Batch FPS: 16.9                                                      
[18:47:33] Epoch: 22, Traj Loss: 3.46, Score Loss: 1.22      yopo_trainer.py:131
           Batch FPS: 17                                                        
[18:47:49] Epoch: 22, Traj Loss: 3.45, Score Loss: 1.18      yopo_trainer.py:131
           Batch FPS: 16.7                                                      
[18:48:05] Epoch: 22, Traj Loss: 3.4, Score Loss: 1.15 Batch yopo_trainer.py:131
           FPS: 17.1                                                            
[18:48:21] Epoch: 22, Traj Loss: 3.5, Score Loss: 1.2 Batch  yopo_trainer.py:131
           FPS: 17                                                              
[18:48:36] Epoch: 22, Traj Loss: 3.63, Score Loss: 1.2 Batch yopo_trainer.py:131
           FPS: 17                                                              
[18:48:52] Epoch: 22, Traj Loss: 3.39, Score Loss: 1.13      yopo_trainer.py:131
           Batch FPS: 16.9                                                      
[18:49:08] Epoch: 22, Traj Loss: 3.42, Score Loss: 1.11      yopo_trainer.py:131
           Batch FPS: 16.7                                                      
[18:49:36] Eval: 22, Traj Loss: 4.35, Score Loss: 1.77       yopo_trainer.py:189
[18:49:52] Epoch: 23, Traj Loss: 3.47, Score Loss: 1.04      yopo_trainer.py:131
           Batch FPS: 16.6                                                      
[18:50:08] Epoch: 23, Traj Loss: 3.33, Score Loss: 0.963     yopo_trainer.py:131
           Batch FPS: 16.6                                                      
[18:50:24] Epoch: 23, Traj Loss: 3.35, Score Loss: 1.06      yopo_trainer.py:131
           Batch FPS: 16.9                                                      
[18:50:39] Epoch: 23, Traj Loss: 3.33, Score Loss: 1.1 Batch yopo_trainer.py:131
           FPS: 17.2                                                            
[18:50:54] Epoch: 23, Traj Loss: 3.54, Score Loss: 1.13      yopo_trainer.py:131
           Batch FPS: 17.5                                                      
[18:51:10] Epoch: 23, Traj Loss: 3.4, Score Loss: 1.03 Batch yopo_trainer.py:131
           FPS: 17.3                                                            
[18:51:25] Epoch: 23, Traj Loss: 3.38, Score Loss: 0.985     yopo_trainer.py:131
           Batch FPS: 17.3                                                      
[18:51:41] Epoch: 23, Traj Loss: 3.4, Score Loss: 1.05 Batch yopo_trainer.py:131
           FPS: 16.8                                                            
[18:51:56] Epoch: 23, Traj Loss: 3.5, Score Loss: 1.04 Batch yopo_trainer.py:131
           FPS: 17                                                              
[18:52:12] Epoch: 23, Traj Loss: 3.44, Score Loss: 1.11      yopo_trainer.py:131
           Batch FPS: 17.1                                                      
[18:52:27] Epoch: 23, Traj Loss: 3.47, Score Loss: 1.11      yopo_trainer.py:131
           Batch FPS: 17.2                                                      
[18:52:43] Epoch: 23, Traj Loss: 3.59, Score Loss: 1.1 Batch yopo_trainer.py:131
           FPS: 17.3                                                            
[18:52:58] Epoch: 23, Traj Loss: 3.42, Score Loss: 1.02      yopo_trainer.py:131
           Batch FPS: 17.4                                                      
[18:53:13] Epoch: 23, Traj Loss: 3.32, Score Loss: 1.07      yopo_trainer.py:131
           Batch FPS: 17.4                                                      
[18:53:29] Epoch: 23, Traj Loss: 3.44, Score Loss: 1.04      yopo_trainer.py:131
           Batch FPS: 17.3                                                      
[18:53:44] Epoch: 23, Traj Loss: 3.31, Score Loss: 0.974     yopo_trainer.py:131
           Batch FPS: 17.6                                                      
[18:54:11] Eval: 23, Traj Loss: 4.34, Score Loss: 1.83       yopo_trainer.py:189
[18:54:27] Epoch: 24, Traj Loss: 3.36, Score Loss: 1.01      yopo_trainer.py:131
           Batch FPS: 17.2                                                      
[18:54:43] Epoch: 24, Traj Loss: 3.29, Score Loss: 1 Batch   yopo_trainer.py:131
           FPS: 17                                                              
[18:54:58] Epoch: 24, Traj Loss: 3.2, Score Loss: 0.921      yopo_trainer.py:131
           Batch FPS: 17.1                                                      
[18:55:14] Epoch: 24, Traj Loss: 3.45, Score Loss: 0.917     yopo_trainer.py:131
           Batch FPS: 17                                                        
[18:55:29] Epoch: 24, Traj Loss: 3.4, Score Loss: 1.08 Batch yopo_trainer.py:131
           FPS: 17                                                              
[18:55:45] Epoch: 24, Traj Loss: 3.71, Score Loss: 1.13      yopo_trainer.py:131
           Batch FPS: 17                                                        
[18:56:01] Epoch: 24, Traj Loss: 3.4, Score Loss: 0.985      yopo_trainer.py:131
           Batch FPS: 17.1                                                      
[18:56:16] Epoch: 24, Traj Loss: 3.37, Score Loss: 0.957     yopo_trainer.py:131
           Batch FPS: 17.1                                                      
[18:56:32] Epoch: 24, Traj Loss: 3.51, Score Loss: 0.919     yopo_trainer.py:131
           Batch FPS: 17.2                                                      
[18:56:47] Epoch: 24, Traj Loss: 3.5, Score Loss: 1.08 Batch yopo_trainer.py:131
           FPS: 17                                                              
[18:57:03] Epoch: 24, Traj Loss: 3.19, Score Loss: 0.901     yopo_trainer.py:131
           Batch FPS: 17                                                        
[18:57:18] Epoch: 24, Traj Loss: 3.38, Score Loss: 0.947     yopo_trainer.py:131
           Batch FPS: 17.2                                                      
[18:57:34] Epoch: 24, Traj Loss: 3.26, Score Loss: 1.01      yopo_trainer.py:131
           Batch FPS: 17.1                                                      
[18:57:49] Epoch: 24, Traj Loss: 3.46, Score Loss: 1.16      yopo_trainer.py:131
           Batch FPS: 17.2                                                      
[18:58:05] Epoch: 24, Traj Loss: 3.47, Score Loss: 0.971     yopo_trainer.py:131
           Batch FPS: 17.1                                                      
[18:58:21] Epoch: 24, Traj Loss: 3.37, Score Loss: 0.946     yopo_trainer.py:131
           Batch FPS: 17.1                                                      
[18:58:48] Eval: 24, Traj Loss: 4.3, Score Loss: 1.74        yopo_trainer.py:189
           Saving model...                                    yopo_trainer.py:86
[18:59:04] Epoch: 25, Traj Loss: 3.35, Score Loss: 1.05      yopo_trainer.py:131
           Batch FPS: 17                                                        
[18:59:20] Epoch: 25, Traj Loss: 3.38, Score Loss: 0.934     yopo_trainer.py:131
           Batch FPS: 17.2                                                      
[18:59:36] Epoch: 25, Traj Loss: 3.33, Score Loss: 0.974     yopo_trainer.py:131
           Batch FPS: 16.7                                                      
[18:59:51] Epoch: 25, Traj Loss: 3.52, Score Loss: 0.988     yopo_trainer.py:131
           Batch FPS: 16.9                                                      
[19:00:07] Epoch: 25, Traj Loss: 3.43, Score Loss: 0.953     yopo_trainer.py:131
           Batch FPS: 17                                                        
[19:00:23] Epoch: 25, Traj Loss: 3.18, Score Loss: 0.893     yopo_trainer.py:131
           Batch FPS: 17.1                                                      
[19:00:38] Epoch: 25, Traj Loss: 3.51, Score Loss: 0.902     yopo_trainer.py:131
           Batch FPS: 17                                                        
[19:00:54] Epoch: 25, Traj Loss: 3.33, Score Loss: 0.92      yopo_trainer.py:131
           Batch FPS: 16.9                                                      
[19:01:10] Epoch: 25, Traj Loss: 3.47, Score Loss: 1.01      yopo_trainer.py:131
           Batch FPS: 16.8                                                      
[19:01:26] Epoch: 25, Traj Loss: 3.27, Score Loss: 0.905     yopo_trainer.py:131
           Batch FPS: 16.6                                                      
[19:01:41] Epoch: 25, Traj Loss: 3.28, Score Loss: 0.906     yopo_trainer.py:131
           Batch FPS: 16.9                                                      
[19:01:57] Epoch: 25, Traj Loss: 3.63, Score Loss: 1.05      yopo_trainer.py:131
           Batch FPS: 16.6                                                      
[19:02:13] Epoch: 25, Traj Loss: 3.42, Score Loss: 0.962     yopo_trainer.py:131
           Batch FPS: 17                                                        
[19:02:29] Epoch: 25, Traj Loss: 3.33, Score Loss: 0.841     yopo_trainer.py:131
           Batch FPS: 16.9                                                      
[19:02:44] Epoch: 25, Traj Loss: 3.39, Score Loss: 0.954     yopo_trainer.py:131
           Batch FPS: 17.2                                                      
[19:03:00] Epoch: 25, Traj Loss: 3.34, Score Loss: 0.973     yopo_trainer.py:131
           Batch FPS: 16.8                                                      
[19:03:29] Eval: 25, Traj Loss: 4.34, Score Loss: 1.81       yopo_trainer.py:189
[19:03:45] Epoch: 26, Traj Loss: 3.26, Score Loss: 0.848     yopo_trainer.py:131
           Batch FPS: 16.3                                                      
[19:04:01] Epoch: 26, Traj Loss: 3.25, Score Loss: 0.851     yopo_trainer.py:131
           Batch FPS: 16.5                                                      
[19:04:17] Epoch: 26, Traj Loss: 3.22, Score Loss: 0.862     yopo_trainer.py:131
           Batch FPS: 16.7                                                      
[19:04:33] Epoch: 26, Traj Loss: 3.2, Score Loss: 0.861      yopo_trainer.py:131
           Batch FPS: 16.8                                                      
[19:04:48] Epoch: 26, Traj Loss: 3.27, Score Loss: 0.831     yopo_trainer.py:131
           Batch FPS: 17.1                                                      
[19:05:04] Epoch: 26, Traj Loss: 3.39, Score Loss: 0.859     yopo_trainer.py:131
           Batch FPS: 17.1                                                      
[19:05:20] Epoch: 26, Traj Loss: 3.52, Score Loss: 1.02      yopo_trainer.py:131
           Batch FPS: 16.7                                                      
[19:05:35] Epoch: 26, Traj Loss: 3.61, Score Loss: 0.929     yopo_trainer.py:131
           Batch FPS: 17                                                        
[19:05:51] Epoch: 26, Traj Loss: 3.31, Score Loss: 0.899     yopo_trainer.py:131
           Batch FPS: 17                                                        
[19:06:07] Epoch: 26, Traj Loss: 3.31, Score Loss: 0.864     yopo_trainer.py:131
           Batch FPS: 16.9                                                      
[19:06:22] Epoch: 26, Traj Loss: 3.45, Score Loss: 1.11      yopo_trainer.py:131
           Batch FPS: 17.2                                                      
[19:06:38] Epoch: 26, Traj Loss: 3.63, Score Loss: 1.21      yopo_trainer.py:131
           Batch FPS: 16.7                                                      
[19:06:54] Epoch: 26, Traj Loss: 3.42, Score Loss: 1.09      yopo_trainer.py:131
           Batch FPS: 16.6                                                      
[19:07:11] Epoch: 26, Traj Loss: 3.27, Score Loss: 0.948     yopo_trainer.py:131
           Batch FPS: 15.9                                                      
[19:07:27] Epoch: 26, Traj Loss: 3.44, Score Loss: 0.959     yopo_trainer.py:131
           Batch FPS: 16.3                                                      
[19:07:44] Epoch: 26, Traj Loss: 3.55, Score Loss: 1.08      yopo_trainer.py:131
           Batch FPS: 16.3                                                      
[19:08:14] Eval: 26, Traj Loss: 4.39, Score Loss: 1.91       yopo_trainer.py:189
[19:08:32] Epoch: 27, Traj Loss: 3.32, Score Loss: 0.89      yopo_trainer.py:131
           Batch FPS: 15.3                                                      
[19:08:49] Epoch: 27, Traj Loss: 3.39, Score Loss: 0.891     yopo_trainer.py:131
           Batch FPS: 15.5                                                      
[19:09:05] Epoch: 27, Traj Loss: 3.27, Score Loss: 0.815     yopo_trainer.py:131
           Batch FPS: 16.5                                                      
[19:09:21] Epoch: 27, Traj Loss: 3.53, Score Loss: 0.986     yopo_trainer.py:131
           Batch FPS: 16.7                                                      
[19:09:37] Epoch: 27, Traj Loss: 3.34, Score Loss: 0.836     yopo_trainer.py:131
           Batch FPS: 16.7                                                      
[19:09:53] Epoch: 27, Traj Loss: 3.28, Score Loss: 0.875     yopo_trainer.py:131
           Batch FPS: 16.9                                                      
[19:10:08] Epoch: 27, Traj Loss: 3.37, Score Loss: 0.932     yopo_trainer.py:131
           Batch FPS: 16.9                                                      
[19:10:24] Epoch: 27, Traj Loss: 3.27, Score Loss: 0.947     yopo_trainer.py:131
           Batch FPS: 16.9                                                      
[19:10:40] Epoch: 27, Traj Loss: 3.43, Score Loss: 0.849     yopo_trainer.py:131
           Batch FPS: 16.8                                                      
[19:10:56] Epoch: 27, Traj Loss: 3.34, Score Loss: 0.819     yopo_trainer.py:131
           Batch FPS: 16.7                                                      
[19:11:12] Epoch: 27, Traj Loss: 3.19, Score Loss: 0.802     yopo_trainer.py:131
           Batch FPS: 16.7                                                      
[19:11:28] Epoch: 27, Traj Loss: 3.39, Score Loss: 0.851     yopo_trainer.py:131
           Batch FPS: 17                                                        
[19:11:44] Epoch: 27, Traj Loss: 3.33, Score Loss: 0.905     yopo_trainer.py:131
           Batch FPS: 16.5                                                      
[19:12:00] Epoch: 27, Traj Loss: 3.36, Score Loss: 0.908     yopo_trainer.py:131
           Batch FPS: 16.6                                                      
[19:12:16] Epoch: 27, Traj Loss: 3.56, Score Loss: 0.881     yopo_trainer.py:131
           Batch FPS: 16.5                                                      
[19:12:32] Epoch: 27, Traj Loss: 3.34, Score Loss: 0.946     yopo_trainer.py:131
           Batch FPS: 16.6                                                      
[19:12:59] Eval: 27, Traj Loss: 4.35, Score Loss: 1.79       yopo_trainer.py:189
[19:13:15] Epoch: 28, Traj Loss: 3.31, Score Loss: 0.839     yopo_trainer.py:131
           Batch FPS: 17                                                        
[19:13:30] Epoch: 28, Traj Loss: 3.43, Score Loss: 0.826     yopo_trainer.py:131
           Batch FPS: 17.3                                                      
[19:13:46] Epoch: 28, Traj Loss: 3.18, Score Loss: 0.835     yopo_trainer.py:131
           Batch FPS: 17                                                        
[19:14:01] Epoch: 28, Traj Loss: 3.3, Score Loss: 0.815      yopo_trainer.py:131
           Batch FPS: 17.3                                                      
[19:14:17] Epoch: 28, Traj Loss: 3.32, Score Loss: 0.82      yopo_trainer.py:131
           Batch FPS: 17.3                                                      
[19:14:32] Epoch: 28, Traj Loss: 3.29, Score Loss: 0.826     yopo_trainer.py:131
           Batch FPS: 17.6                                                      
[19:14:47] Epoch: 28, Traj Loss: 3.27, Score Loss: 0.771     yopo_trainer.py:131
           Batch FPS: 17.6                                                      
[19:15:02] Epoch: 28, Traj Loss: 3.29, Score Loss: 0.894     yopo_trainer.py:131
           Batch FPS: 17.3                                                      
[19:15:18] Epoch: 28, Traj Loss: 3.5, Score Loss: 0.868      yopo_trainer.py:131
           Batch FPS: 17.6                                                      
[19:15:33] Epoch: 28, Traj Loss: 3.4, Score Loss: 0.805      yopo_trainer.py:131
           Batch FPS: 17.6                                                      
[19:15:48] Epoch: 28, Traj Loss: 3.35, Score Loss: 0.823     yopo_trainer.py:131
           Batch FPS: 17.5                                                      
[19:16:03] Epoch: 28, Traj Loss: 3.37, Score Loss: 0.835     yopo_trainer.py:131
           Batch FPS: 17.4                                                      
[19:16:18] Epoch: 28, Traj Loss: 3.4, Score Loss: 0.788      yopo_trainer.py:131
           Batch FPS: 17.4                                                      
[19:16:34] Epoch: 28, Traj Loss: 3.33, Score Loss: 0.931     yopo_trainer.py:131
           Batch FPS: 16.9                                                      
[19:16:50] Epoch: 28, Traj Loss: 3.33, Score Loss: 0.855     yopo_trainer.py:131
           Batch FPS: 17.1                                                      
[19:17:06] Epoch: 28, Traj Loss: 3.28, Score Loss: 0.812     yopo_trainer.py:131
           Batch FPS: 16.5                                                      
[19:17:33] Eval: 28, Traj Loss: 4.27, Score Loss: 1.83       yopo_trainer.py:189
[19:17:49] Epoch: 29, Traj Loss: 3.32, Score Loss: 0.805     yopo_trainer.py:131
           Batch FPS: 17.4                                                      
[19:18:04] Epoch: 29, Traj Loss: 3.29, Score Loss: 0.744     yopo_trainer.py:131
           Batch FPS: 17.3                                                      
[19:18:20] Epoch: 29, Traj Loss: 3.46, Score Loss: 0.809     yopo_trainer.py:131
           Batch FPS: 17.2                                                      
[19:18:35] Epoch: 29, Traj Loss: 3.27, Score Loss: 0.804     yopo_trainer.py:131
           Batch FPS: 17.1                                                      
[19:18:51] Epoch: 29, Traj Loss: 3.5, Score Loss: 0.827      yopo_trainer.py:131
           Batch FPS: 16.9                                                      
[19:19:06] Epoch: 29, Traj Loss: 3.41, Score Loss: 0.798     yopo_trainer.py:131
           Batch FPS: 17                                                        
[19:19:22] Epoch: 29, Traj Loss: 3.21, Score Loss: 0.686     yopo_trainer.py:131
           Batch FPS: 17.1                                                      
[19:19:37] Epoch: 29, Traj Loss: 3.41, Score Loss: 0.877     yopo_trainer.py:131
           Batch FPS: 17.3                                                      
[19:19:53] Epoch: 29, Traj Loss: 3.25, Score Loss: 0.834     yopo_trainer.py:131
           Batch FPS: 17.2                                                      
[19:20:08] Epoch: 29, Traj Loss: 3.46, Score Loss: 0.81      yopo_trainer.py:131
           Batch FPS: 17.5                                                      
[19:20:24] Epoch: 29, Traj Loss: 3.34, Score Loss: 0.766     yopo_trainer.py:131
           Batch FPS: 17.1                                                      
[19:20:39] Epoch: 29, Traj Loss: 3.33, Score Loss: 0.745     yopo_trainer.py:131
           Batch FPS: 17.5                                                      
[19:20:54] Epoch: 29, Traj Loss: 3.35, Score Loss: 0.819     yopo_trainer.py:131
           Batch FPS: 17.6                                                      
[19:21:09] Epoch: 29, Traj Loss: 3.17, Score Loss: 0.788     yopo_trainer.py:131
           Batch FPS: 17.5                                                      
[19:21:24] Epoch: 29, Traj Loss: 3.32, Score Loss: 0.836     yopo_trainer.py:131
           Batch FPS: 17.4                                                      
[19:21:40] Epoch: 29, Traj Loss: 3.08, Score Loss: 0.773     yopo_trainer.py:131
           Batch FPS: 17.6                                                      
[19:22:07] Eval: 29, Traj Loss: 4.36, Score Loss: 1.82       yopo_trainer.py:189
           Saving model...                                    yopo_trainer.py:86
[19:22:22] Epoch: 30, Traj Loss: 3.43, Score Loss: 0.732     yopo_trainer.py:131
           Batch FPS: 17.5                                                      
[19:22:37] Epoch: 30, Traj Loss: 3.07, Score Loss: 0.713     yopo_trainer.py:131
           Batch FPS: 17.5                                                      
[19:22:53] Epoch: 30, Traj Loss: 3.36, Score Loss: 0.788     yopo_trainer.py:131
           Batch FPS: 17.5                                                      
[19:23:08] Epoch: 30, Traj Loss: 3.5, Score Loss: 0.872      yopo_trainer.py:131
           Batch FPS: 17.6                                                      
[19:23:23] Epoch: 30, Traj Loss: 3.19, Score Loss: 0.722     yopo_trainer.py:131
           Batch FPS: 17.5                                                      
[19:23:38] Epoch: 30, Traj Loss: 3.26, Score Loss: 0.74      yopo_trainer.py:131
           Batch FPS: 17.4                                                      
[19:23:54] Epoch: 30, Traj Loss: 3.2, Score Loss: 0.755      yopo_trainer.py:131
           Batch FPS: 17.4                                                      
[19:24:09] Epoch: 30, Traj Loss: 3.31, Score Loss: 0.674     yopo_trainer.py:131
           Batch FPS: 17.5                                                      
[19:24:24] Epoch: 30, Traj Loss: 3.46, Score Loss: 0.818     yopo_trainer.py:131
           Batch FPS: 17.5                                                      
[19:24:39] Epoch: 30, Traj Loss: 3.26, Score Loss: 0.724     yopo_trainer.py:131
           Batch FPS: 17.5                                                      
[19:24:54] Epoch: 30, Traj Loss: 3.27, Score Loss: 0.763     yopo_trainer.py:131
           Batch FPS: 17.6                                                      
[19:25:09] Epoch: 30, Traj Loss: 3.33, Score Loss: 0.803     yopo_trainer.py:131
           Batch FPS: 17.5                                                      
[19:25:24] Epoch: 30, Traj Loss: 3.42, Score Loss: 0.814     yopo_trainer.py:131
           Batch FPS: 17.7                                                      
[19:25:40] Epoch: 30, Traj Loss: 3.29, Score Loss: 0.738     yopo_trainer.py:131
           Batch FPS: 17.5                                                      
[19:25:55] Epoch: 30, Traj Loss: 3.51, Score Loss: 0.814     yopo_trainer.py:131
           Batch FPS: 17.3                                                      
[19:26:10] Epoch: 30, Traj Loss: 3.24, Score Loss: 0.71      yopo_trainer.py:131
           Batch FPS: 17.4                                                      
[19:26:37] Eval: 30, Traj Loss: 4.36, Score Loss: 1.86       yopo_trainer.py:189
[19:26:53] Epoch: 31, Traj Loss: 3.36, Score Loss: 0.765     yopo_trainer.py:131
           Batch FPS: 17.5                                                      
[19:27:08] Epoch: 31, Traj Loss: 3.35, Score Loss: 0.667     yopo_trainer.py:131
           Batch FPS: 17.4                                                      
[19:27:23] Epoch: 31, Traj Loss: 3.37, Score Loss: 0.821     yopo_trainer.py:131
           Batch FPS: 17.3                                                      
[19:27:39] Epoch: 31, Traj Loss: 3.3, Score Loss: 0.725      yopo_trainer.py:131
           Batch FPS: 17.4                                                      
[19:27:54] Epoch: 31, Traj Loss: 3.31, Score Loss: 0.704     yopo_trainer.py:131
           Batch FPS: 17.6                                                      
[19:28:09] Epoch: 31, Traj Loss: 3.18, Score Loss: 0.743     yopo_trainer.py:131
           Batch FPS: 17.6                                                      
[19:28:24] Epoch: 31, Traj Loss: 3.21, Score Loss: 0.681     yopo_trainer.py:131
           Batch FPS: 17.4                                                      
[19:28:40] Epoch: 31, Traj Loss: 3.06, Score Loss: 0.621     yopo_trainer.py:131
           Batch FPS: 16.9                                                      
[19:28:55] Epoch: 31, Traj Loss: 3.17, Score Loss: 0.636     yopo_trainer.py:131
           Batch FPS: 17.5                                                      
[19:29:10] Epoch: 31, Traj Loss: 3.41, Score Loss: 0.704     yopo_trainer.py:131
           Batch FPS: 17.4                                                      
[19:29:26] Epoch: 31, Traj Loss: 3.49, Score Loss: 0.759     yopo_trainer.py:131
           Batch FPS: 17.5                                                      
[19:29:41] Epoch: 31, Traj Loss: 3.39, Score Loss: 0.733     yopo_trainer.py:131
           Batch FPS: 17                                                        
[19:29:57] Epoch: 31, Traj Loss: 3.43, Score Loss: 0.879     yopo_trainer.py:131
           Batch FPS: 17.1                                                      
[19:30:12] Epoch: 31, Traj Loss: 3.28, Score Loss: 0.857     yopo_trainer.py:131
           Batch FPS: 17.3                                                      
[19:30:27] Epoch: 31, Traj Loss: 3.2, Score Loss: 0.732      yopo_trainer.py:131
           Batch FPS: 17.8                                                      
[19:30:42] Epoch: 31, Traj Loss: 3.52, Score Loss: 0.908     yopo_trainer.py:131
           Batch FPS: 17.7                                                      
[19:31:09] Eval: 31, Traj Loss: 4.34, Score Loss: 1.84       yopo_trainer.py:189
[19:31:25] Epoch: 32, Traj Loss: 3.33, Score Loss: 0.669     yopo_trainer.py:131
           Batch FPS: 17.5                                                      
[19:31:40] Epoch: 32, Traj Loss: 3.19, Score Loss: 0.667     yopo_trainer.py:131
           Batch FPS: 17.6                                                      
[19:31:55] Epoch: 32, Traj Loss: 3.26, Score Loss: 0.665     yopo_trainer.py:131
           Batch FPS: 17.2                                                      
[19:32:11] Epoch: 32, Traj Loss: 3.31, Score Loss: 0.688     yopo_trainer.py:131
           Batch FPS: 17.3                                                      
[19:32:26] Epoch: 32, Traj Loss: 3.44, Score Loss: 0.714     yopo_trainer.py:131
           Batch FPS: 17.2                                                      
[19:32:41] Epoch: 32, Traj Loss: 3.18, Score Loss: 0.637     yopo_trainer.py:131
           Batch FPS: 17.3                                                      
[19:32:57] Epoch: 32, Traj Loss: 3.3, Score Loss: 0.637      yopo_trainer.py:131
           Batch FPS: 16.9                                                      
[19:33:13] Epoch: 32, Traj Loss: 3.35, Score Loss: 0.881     yopo_trainer.py:131
           Batch FPS: 17                                                        
[19:33:28] Epoch: 32, Traj Loss: 3.33, Score Loss: 0.681     yopo_trainer.py:131
           Batch FPS: 17.3                                                      
[19:33:44] Epoch: 32, Traj Loss: 3.15, Score Loss: 0.61      yopo_trainer.py:131
           Batch FPS: 17                                                        
[19:34:00] Epoch: 32, Traj Loss: 3.37, Score Loss: 0.742     yopo_trainer.py:131
           Batch FPS: 17                                                        
[19:34:16] Epoch: 32, Traj Loss: 3.41, Score Loss: 0.681     yopo_trainer.py:131
           Batch FPS: 16.7                                                      
[19:34:31] Epoch: 32, Traj Loss: 3.18, Score Loss: 0.664     yopo_trainer.py:131
           Batch FPS: 16.8                                                      
[19:34:47] Epoch: 32, Traj Loss: 3.31, Score Loss: 0.678     yopo_trainer.py:131
           Batch FPS: 17.2                                                      
[19:35:02] Epoch: 32, Traj Loss: 3.4, Score Loss: 0.701      yopo_trainer.py:131
           Batch FPS: 17.4                                                      
[19:35:18] Epoch: 32, Traj Loss: 3.28, Score Loss: 0.717     yopo_trainer.py:131
           Batch FPS: 16.8                                                      
[19:35:46] Eval: 32, Traj Loss: 4.33, Score Loss: 1.81       yopo_trainer.py:189
[19:36:01] Epoch: 33, Traj Loss: 3.28, Score Loss: 0.718     yopo_trainer.py:131
           Batch FPS: 17.4                                                      
[19:36:16] Epoch: 33, Traj Loss: 3.42, Score Loss: 0.679     yopo_trainer.py:131
           Batch FPS: 17.4                                                      
[19:36:32] Epoch: 33, Traj Loss: 3.24, Score Loss: 0.588     yopo_trainer.py:131
           Batch FPS: 17.3                                                      
[19:36:47] Epoch: 33, Traj Loss: 3.42, Score Loss: 0.684     yopo_trainer.py:131
           Batch FPS: 17.4                                                      
[19:37:02] Epoch: 33, Traj Loss: 3.17, Score Loss: 0.634     yopo_trainer.py:131
           Batch FPS: 17.4                                                      
[19:37:18] Epoch: 33, Traj Loss: 3.6, Score Loss: 0.721      yopo_trainer.py:131
           Batch FPS: 17.4                                                      
[19:37:33] Epoch: 33, Traj Loss: 3.18, Score Loss: 0.612     yopo_trainer.py:131
           Batch FPS: 17.4                                                      
[19:37:48] Epoch: 33, Traj Loss: 3.18, Score Loss: 0.62      yopo_trainer.py:131
           Batch FPS: 17.4                                                      
[19:38:03] Epoch: 33, Traj Loss: 3.06, Score Loss: 0.591     yopo_trainer.py:131
           Batch FPS: 17.4                                                      
[19:38:19] Epoch: 33, Traj Loss: 3.01, Score Loss: 0.595     yopo_trainer.py:131
           Batch FPS: 17.3                                                      
[19:38:34] Epoch: 33, Traj Loss: 3.37, Score Loss: 0.628     yopo_trainer.py:131
           Batch FPS: 17.4                                                      
[19:38:49] Epoch: 33, Traj Loss: 3.39, Score Loss: 0.732     yopo_trainer.py:131
           Batch FPS: 17.4                                                      
[19:39:05] Epoch: 33, Traj Loss: 3.26, Score Loss: 0.744     yopo_trainer.py:131
           Batch FPS: 17.3                                                      
[19:39:20] Epoch: 33, Traj Loss: 3.45, Score Loss: 0.837     yopo_trainer.py:131
           Batch FPS: 17.2                                                      
[19:39:36] Epoch: 33, Traj Loss: 3.33, Score Loss: 0.682     yopo_trainer.py:131
           Batch FPS: 16.7                                                      
[19:39:52] Epoch: 33, Traj Loss: 3.18, Score Loss: 0.625     yopo_trainer.py:131
           Batch FPS: 17                                                        
[19:40:19] Eval: 33, Traj Loss: 4.28, Score Loss: 1.81       yopo_trainer.py:189
[19:40:34] Epoch: 34, Traj Loss: 3.39, Score Loss: 0.615     yopo_trainer.py:131
           Batch FPS: 17.6                                                      
[19:40:50] Epoch: 34, Traj Loss: 3.28, Score Loss: 0.619     yopo_trainer.py:131
           Batch FPS: 17.6                                                      
[19:41:05] Epoch: 34, Traj Loss: 3.32, Score Loss: 0.675     yopo_trainer.py:131
           Batch FPS: 17.4                                                      
[19:41:20] Epoch: 34, Traj Loss: 3.33, Score Loss: 0.666     yopo_trainer.py:131
           Batch FPS: 17.4                                                      
[19:41:36] Epoch: 34, Traj Loss: 3.3, Score Loss: 0.689      yopo_trainer.py:131
           Batch FPS: 17.3                                                      
[19:41:51] Epoch: 34, Traj Loss: 3.3, Score Loss: 0.608      yopo_trainer.py:131
           Batch FPS: 17.1                                                      
[19:42:07] Epoch: 34, Traj Loss: 3.19, Score Loss: 0.549     yopo_trainer.py:131
           Batch FPS: 17.3                                                      
[19:42:22] Epoch: 34, Traj Loss: 3.32, Score Loss: 0.583     yopo_trainer.py:131
           Batch FPS: 17.2                                                      
[19:42:37] Epoch: 34, Traj Loss: 3.25, Score Loss: 0.755     yopo_trainer.py:131
           Batch FPS: 17.5                                                      
[19:42:53] Epoch: 34, Traj Loss: 3.43, Score Loss: 0.805     yopo_trainer.py:131
           Batch FPS: 17.3                                                      
[19:43:08] Epoch: 34, Traj Loss: 3.06, Score Loss: 0.595     yopo_trainer.py:131
           Batch FPS: 17.4                                                      
[19:43:23] Epoch: 34, Traj Loss: 3.38, Score Loss: 0.701     yopo_trainer.py:131
           Batch FPS: 17.4                                                      
[19:43:38] Epoch: 34, Traj Loss: 3.13, Score Loss: 0.595     yopo_trainer.py:131
           Batch FPS: 17.5                                                      
[19:43:54] Epoch: 34, Traj Loss: 3.22, Score Loss: 0.596     yopo_trainer.py:131
           Batch FPS: 17.5                                                      
[19:44:09] Epoch: 34, Traj Loss: 3.15, Score Loss: 0.648     yopo_trainer.py:131
           Batch FPS: 17.5                                                      
[19:44:24] Epoch: 34, Traj Loss: 3.4, Score Loss: 0.654      yopo_trainer.py:131
           Batch FPS: 17.6                                                      
[19:44:51] Eval: 34, Traj Loss: 4.32, Score Loss: 1.83       yopo_trainer.py:189
           Saving model...                                    yopo_trainer.py:86
[19:45:07] Epoch: 35, Traj Loss: 3.41, Score Loss: 0.72      yopo_trainer.py:131
           Batch FPS: 17.3                                                      
[19:45:22] Epoch: 35, Traj Loss: 3.18, Score Loss: 0.566     yopo_trainer.py:131
           Batch FPS: 17.5                                                      
[19:45:37] Epoch: 35, Traj Loss: 3.38, Score Loss: 0.61      yopo_trainer.py:131
           Batch FPS: 17.2                                                      
[19:45:53] Epoch: 35, Traj Loss: 3.25, Score Loss: 0.6 Batch yopo_trainer.py:131
           FPS: 17.3                                                            
[19:46:08] Epoch: 35, Traj Loss: 3.1, Score Loss: 0.532      yopo_trainer.py:131
           Batch FPS: 17.5                                                      
[19:46:23] Epoch: 35, Traj Loss: 3.33, Score Loss: 0.631     yopo_trainer.py:131
           Batch FPS: 17.4                                                      
[19:46:38] Epoch: 35, Traj Loss: 3.27, Score Loss: 0.584     yopo_trainer.py:131
           Batch FPS: 17.4                                                      
[19:46:54] Epoch: 35, Traj Loss: 3.43, Score Loss: 0.622     yopo_trainer.py:131
           Batch FPS: 17.1                                                      
[19:47:09] Epoch: 35, Traj Loss: 3.27, Score Loss: 0.622     yopo_trainer.py:131
           Batch FPS: 17.4                                                      
[19:47:24] Epoch: 35, Traj Loss: 3.24, Score Loss: 0.619     yopo_trainer.py:131
           Batch FPS: 17.7                                                      
[19:47:40] Epoch: 35, Traj Loss: 3.15, Score Loss: 0.624     yopo_trainer.py:131
           Batch FPS: 17.3                                                      
[19:47:55] Epoch: 35, Traj Loss: 3.32, Score Loss: 0.745     yopo_trainer.py:131
           Batch FPS: 17.1                                                      
[19:48:10] Epoch: 35, Traj Loss: 3.26, Score Loss: 0.653     yopo_trainer.py:131
           Batch FPS: 17.4                                                      
[19:48:26] Epoch: 35, Traj Loss: 3.13, Score Loss: 0.572     yopo_trainer.py:131
           Batch FPS: 17.5                                                      
[19:48:41] Epoch: 35, Traj Loss: 3.41, Score Loss: 0.616     yopo_trainer.py:131
           Batch FPS: 17.5                                                      
[19:48:56] Epoch: 35, Traj Loss: 3.13, Score Loss: 0.542     yopo_trainer.py:131
           Batch FPS: 17.2                                                      
[19:49:24] Eval: 35, Traj Loss: 4.32, Score Loss: 1.83       yopo_trainer.py:189
[19:49:39] Epoch: 36, Traj Loss: 3.29, Score Loss: 0.6 Batch yopo_trainer.py:131
           FPS: 17.7                                                            
[19:49:54] Epoch: 36, Traj Loss: 3.46, Score Loss: 0.628     yopo_trainer.py:131
           Batch FPS: 17.7                                                      
[19:50:09] Epoch: 36, Traj Loss: 3.25, Score Loss: 0.546     yopo_trainer.py:131
           Batch FPS: 17.6                                                      
[19:50:24] Epoch: 36, Traj Loss: 3.36, Score Loss: 0.533     yopo_trainer.py:131
           Batch FPS: 17.4                                                      
[19:50:39] Epoch: 36, Traj Loss: 3.11, Score Loss: 0.517     yopo_trainer.py:131
           Batch FPS: 17.5                                                      
[19:50:54] Epoch: 36, Traj Loss: 3.37, Score Loss: 0.591     yopo_trainer.py:131
           Batch FPS: 17.6                                                      
[19:51:10] Epoch: 36, Traj Loss: 3.3, Score Loss: 0.641      yopo_trainer.py:131
           Batch FPS: 17.6                                                      
[19:51:25] Epoch: 36, Traj Loss: 3.37, Score Loss: 0.543     yopo_trainer.py:131
           Batch FPS: 17.6                                                      
[19:51:40] Epoch: 36, Traj Loss: 3.17, Score Loss: 0.573     yopo_trainer.py:131
           Batch FPS: 17.6                                                      
[19:51:55] Epoch: 36, Traj Loss: 3.12, Score Loss: 0.515     yopo_trainer.py:131
           Batch FPS: 17.5                                                      
[19:52:10] Epoch: 36, Traj Loss: 3.16, Score Loss: 0.611     yopo_trainer.py:131
           Batch FPS: 17.6                                                      
[19:52:25] Epoch: 36, Traj Loss: 3.22, Score Loss: 0.561     yopo_trainer.py:131
           Batch FPS: 17.5                                                      
[19:52:40] Epoch: 36, Traj Loss: 3.14, Score Loss: 0.602     yopo_trainer.py:131
           Batch FPS: 17.5                                                      
[19:52:56] Epoch: 36, Traj Loss: 3.29, Score Loss: 0.614     yopo_trainer.py:131
           Batch FPS: 17.5                                                      
[19:53:11] Epoch: 36, Traj Loss: 3.28, Score Loss: 0.56      yopo_trainer.py:131
           Batch FPS: 17.3                                                      
[19:53:26] Epoch: 36, Traj Loss: 3.12, Score Loss: 0.561     yopo_trainer.py:131
           Batch FPS: 17.6                                                      
[19:53:53] Eval: 36, Traj Loss: 4.28, Score Loss: 1.79       yopo_trainer.py:189
[19:54:08] Epoch: 37, Traj Loss: 3.15, Score Loss: 0.551     yopo_trainer.py:131
           Batch FPS: 17.5                                                      
[19:54:24] Epoch: 37, Traj Loss: 3.11, Score Loss: 0.561     yopo_trainer.py:131
           Batch FPS: 17.2                                                      
[19:54:39] Epoch: 37, Traj Loss: 3.35, Score Loss: 0.579     yopo_trainer.py:131
           Batch FPS: 17.2                                                      
[19:54:55] Epoch: 37, Traj Loss: 3.4, Score Loss: 0.562      yopo_trainer.py:131
           Batch FPS: 16.8                                                      
[19:55:11] Epoch: 37, Traj Loss: 3.29, Score Loss: 0.538     yopo_trainer.py:131
           Batch FPS: 17.2                                                      
[19:55:26] Epoch: 37, Traj Loss: 3.28, Score Loss: 0.567     yopo_trainer.py:131
           Batch FPS: 17.4                                                      
[19:55:41] Epoch: 37, Traj Loss: 3.19, Score Loss: 0.54      yopo_trainer.py:131
           Batch FPS: 17.3                                                      
[19:55:57] Epoch: 37, Traj Loss: 3.25, Score Loss: 0.634     yopo_trainer.py:131
           Batch FPS: 16.8                                                      
[19:56:12] Epoch: 37, Traj Loss: 3.25, Score Loss: 0.525     yopo_trainer.py:131
           Batch FPS: 17.4                                                      
[19:56:28] Epoch: 37, Traj Loss: 3.14, Score Loss: 0.482     yopo_trainer.py:131
           Batch FPS: 17.3                                                      
[19:56:43] Epoch: 37, Traj Loss: 3.16, Score Loss: 0.514     yopo_trainer.py:131
           Batch FPS: 17.6                                                      
[19:56:58] Epoch: 37, Traj Loss: 3.2, Score Loss: 0.508      yopo_trainer.py:131
           Batch FPS: 17.3                                                      
[19:57:14] Epoch: 37, Traj Loss: 3.24, Score Loss: 0.578     yopo_trainer.py:131
           Batch FPS: 17.2                                                      
[19:57:29] Epoch: 37, Traj Loss: 3.3, Score Loss: 0.563      yopo_trainer.py:131
           Batch FPS: 17.2                                                      
[19:57:45] Epoch: 37, Traj Loss: 3.2, Score Loss: 0.571      yopo_trainer.py:131
           Batch FPS: 17.2                                                      
[19:58:00] Epoch: 37, Traj Loss: 3.42, Score Loss: 0.702     yopo_trainer.py:131
           Batch FPS: 17.4                                                      
[19:58:28] Eval: 37, Traj Loss: 4.38, Score Loss: 1.84       yopo_trainer.py:189
[19:58:43] Epoch: 38, Traj Loss: 3.26, Score Loss: 0.612     yopo_trainer.py:131
           Batch FPS: 17                                                        
[19:58:59] Epoch: 38, Traj Loss: 3.32, Score Loss: 0.556     yopo_trainer.py:131
           Batch FPS: 17                                                        
[19:59:14] Epoch: 38, Traj Loss: 3.38, Score Loss: 0.634     yopo_trainer.py:131
           Batch FPS: 17.5                                                      
[19:59:29] Epoch: 38, Traj Loss: 3.35, Score Loss: 0.55      yopo_trainer.py:131
           Batch FPS: 17.4                                                      
[19:59:45] Epoch: 38, Traj Loss: 3.06, Score Loss: 0.491     yopo_trainer.py:131
           Batch FPS: 17.1                                                      
[20:00:01] Epoch: 38, Traj Loss: 3.28, Score Loss: 0.575     yopo_trainer.py:131
           Batch FPS: 16.9                                                      
[20:00:17] Epoch: 38, Traj Loss: 3.22, Score Loss: 0.615     yopo_trainer.py:131
           Batch FPS: 16.7                                                      
[20:00:32] Epoch: 38, Traj Loss: 3.35, Score Loss: 0.571     yopo_trainer.py:131
           Batch FPS: 17.1                                                      
[20:00:48] Epoch: 38, Traj Loss: 3.22, Score Loss: 0.539     yopo_trainer.py:131
           Batch FPS: 17.3                                                      
[20:01:03] Epoch: 38, Traj Loss: 3.22, Score Loss: 0.504     yopo_trainer.py:131
           Batch FPS: 17.1                                                      
[20:01:19] Epoch: 38, Traj Loss: 3.26, Score Loss: 0.462     yopo_trainer.py:131
           Batch FPS: 17                                                        
[20:01:34] Epoch: 38, Traj Loss: 3.29, Score Loss: 0.541     yopo_trainer.py:131
           Batch FPS: 17.1                                                      
[20:01:50] Epoch: 38, Traj Loss: 3.24, Score Loss: 0.487     yopo_trainer.py:131
           Batch FPS: 17                                                        
[20:02:06] Epoch: 38, Traj Loss: 3.25, Score Loss: 0.508     yopo_trainer.py:131
           Batch FPS: 16.7                                                      
[20:02:22] Epoch: 38, Traj Loss: 3.24, Score Loss: 0.559     yopo_trainer.py:131
           Batch FPS: 17                                                        
[20:02:37] Epoch: 38, Traj Loss: 3.01, Score Loss: 0.46      yopo_trainer.py:131
           Batch FPS: 16.8                                                      
[20:03:05] Eval: 38, Traj Loss: 4.3, Score Loss: 1.8         yopo_trainer.py:189
[20:03:21] Epoch: 39, Traj Loss: 3.19, Score Loss: 0.452     yopo_trainer.py:131
           Batch FPS: 17.1                                                      
[20:03:37] Epoch: 39, Traj Loss: 3.35, Score Loss: 0.499     yopo_trainer.py:131
           Batch FPS: 16.9                                                      
[20:03:52] Epoch: 39, Traj Loss: 3.02, Score Loss: 0.489     yopo_trainer.py:131
           Batch FPS: 17.1                                                      
[20:04:08] Epoch: 39, Traj Loss: 3.34, Score Loss: 0.534     yopo_trainer.py:131
           Batch FPS: 17.2                                                      
[20:04:23] Epoch: 39, Traj Loss: 3.3, Score Loss: 0.468      yopo_trainer.py:131
           Batch FPS: 17.3                                                      
[20:04:38] Epoch: 39, Traj Loss: 3.13, Score Loss: 0.498     yopo_trainer.py:131
           Batch FPS: 17.4                                                      
[20:04:54] Epoch: 39, Traj Loss: 3.28, Score Loss: 0.519     yopo_trainer.py:131
           Batch FPS: 17.2                                                      
[20:05:10] Epoch: 39, Traj Loss: 3.22, Score Loss: 0.529     yopo_trainer.py:131
           Batch FPS: 17                                                        
[20:05:25] Epoch: 39, Traj Loss: 3.18, Score Loss: 0.497     yopo_trainer.py:131
           Batch FPS: 17.2                                                      
[20:05:41] Epoch: 39, Traj Loss: 3.24, Score Loss: 0.593     yopo_trainer.py:131
           Batch FPS: 17.1                                                      
[20:05:56] Epoch: 39, Traj Loss: 3.27, Score Loss: 0.5 Batch yopo_trainer.py:131
           FPS: 17                                                              
[20:06:12] Epoch: 39, Traj Loss: 3.25, Score Loss: 0.484     yopo_trainer.py:131
           Batch FPS: 16.9                                                      
[20:06:27] Epoch: 39, Traj Loss: 3.17, Score Loss: 0.516     yopo_trainer.py:131
           Batch FPS: 17.2                                                      
[20:06:43] Epoch: 39, Traj Loss: 3.28, Score Loss: 0.527     yopo_trainer.py:131
           Batch FPS: 17                                                        
[20:06:59] Epoch: 39, Traj Loss: 3.21, Score Loss: 0.503     yopo_trainer.py:131
           Batch FPS: 16.9                                                      
[20:07:14] Epoch: 39, Traj Loss: 3.29, Score Loss: 0.59      yopo_trainer.py:131
           Batch FPS: 17.3                                                      
[20:08:04] Eval: 39, Traj Loss: 4.36, Score Loss: 1.93       yopo_trainer.py:189
           Saving model...                                    yopo_trainer.py:86
[20:08:31] Epoch: 40, Traj Loss: 3.32, Score Loss: 0.545     yopo_trainer.py:131
           Batch FPS: 9.9                                                       
[20:08:50] Epoch: 40, Traj Loss: 3.03, Score Loss: 0.452     yopo_trainer.py:131
           Batch FPS: 14.4                                                      
[20:09:08] Epoch: 40, Traj Loss: 3.37, Score Loss: 0.539     yopo_trainer.py:131
           Batch FPS: 14.6                                                      
[20:09:31] Epoch: 40, Traj Loss: 3.23, Score Loss: 0.518     yopo_trainer.py:131
           Batch FPS: 11.3                                                      
[20:09:51] Epoch: 40, Traj Loss: 3.39, Score Loss: 0.518     yopo_trainer.py:131
           Batch FPS: 13.9                                                      
[20:10:08] Epoch: 40, Traj Loss: 3.2, Score Loss: 0.477      yopo_trainer.py:131
           Batch FPS: 15.4                                                      
[20:10:25] Epoch: 40, Traj Loss: 3.19, Score Loss: 0.528     yopo_trainer.py:131
           Batch FPS: 15.7                                                      
[20:10:42] Epoch: 40, Traj Loss: 3.28, Score Loss: 0.51      yopo_trainer.py:131
           Batch FPS: 15.5                                                      
[20:10:59] Epoch: 40, Traj Loss: 3.15, Score Loss: 0.46      yopo_trainer.py:131
           Batch FPS: 15.9                                                      
[20:11:15] Epoch: 40, Traj Loss: 3.26, Score Loss: 0.513     yopo_trainer.py:131
           Batch FPS: 15.9                                                      
[20:11:33] Epoch: 40, Traj Loss: 3.21, Score Loss: 0.498     yopo_trainer.py:131
           Batch FPS: 15.6                                                      
[20:11:49] Epoch: 40, Traj Loss: 3.08, Score Loss: 0.461     yopo_trainer.py:131
           Batch FPS: 15.7                                                      
[20:12:06] Epoch: 40, Traj Loss: 3.17, Score Loss: 0.521     yopo_trainer.py:131
           Batch FPS: 15.7                                                      
[20:12:23] Epoch: 40, Traj Loss: 3.2, Score Loss: 0.575      yopo_trainer.py:131
           Batch FPS: 15.7                                                      
[20:12:40] Epoch: 40, Traj Loss: 3.42, Score Loss: 0.541     yopo_trainer.py:131
           Batch FPS: 16.1                                                      
[20:12:57] Epoch: 40, Traj Loss: 3.05, Score Loss: 0.475     yopo_trainer.py:131
           Batch FPS: 16                                                        
[20:13:27] Eval: 40, Traj Loss: 4.33, Score Loss: 1.86       yopo_trainer.py:189
[20:13:43] Epoch: 41, Traj Loss: 3.31, Score Loss: 0.478     yopo_trainer.py:131
           Batch FPS: 16.9                                                      
[20:13:58] Epoch: 41, Traj Loss: 3.3, Score Loss: 0.5 Batch  yopo_trainer.py:131
           FPS: 17.1                                                            
[20:14:15] Epoch: 41, Traj Loss: 3.25, Score Loss: 0.476     yopo_trainer.py:131
           Batch FPS: 16.4                                                      
[20:14:31] Epoch: 41, Traj Loss: 3.22, Score Loss: 0.552     yopo_trainer.py:131
           Batch FPS: 16.6                                                      
[20:14:47] Epoch: 41, Traj Loss: 3.19, Score Loss: 0.44      yopo_trainer.py:131
           Batch FPS: 16.5                                                      
[20:15:03] Epoch: 41, Traj Loss: 3.31, Score Loss: 0.511     yopo_trainer.py:131
           Batch FPS: 16.5                                                      
[20:15:19] Epoch: 41, Traj Loss: 3.29, Score Loss: 0.474     yopo_trainer.py:131
           Batch FPS: 16.7                                                      
[20:15:35] Epoch: 41, Traj Loss: 3.07, Score Loss: 0.435     yopo_trainer.py:131
           Batch FPS: 16.7                                                      
[20:15:51] Epoch: 41, Traj Loss: 3.12, Score Loss: 0.437     yopo_trainer.py:131
           Batch FPS: 16.5                                                      
[20:16:07] Epoch: 41, Traj Loss: 3.17, Score Loss: 0.581     yopo_trainer.py:131
           Batch FPS: 16.2                                                      
[20:16:24] Epoch: 41, Traj Loss: 3.26, Score Loss: 0.524     yopo_trainer.py:131
           Batch FPS: 16.1                                                      
[20:16:40] Epoch: 41, Traj Loss: 3.14, Score Loss: 0.501     yopo_trainer.py:131
           Batch FPS: 16.3                                                      
[20:16:56] Epoch: 41, Traj Loss: 3.12, Score Loss: 0.461     yopo_trainer.py:131
           Batch FPS: 16.5                                                      
[20:17:12] Epoch: 41, Traj Loss: 3.28, Score Loss: 0.455     yopo_trainer.py:131
           Batch FPS: 16.5                                                      
[20:17:29] Epoch: 41, Traj Loss: 3.25, Score Loss: 0.429     yopo_trainer.py:131
           Batch FPS: 16.3                                                      
[20:17:45] Epoch: 41, Traj Loss: 3.14, Score Loss: 0.436     yopo_trainer.py:131
           Batch FPS: 16.5                                                      
[20:18:13] Eval: 41, Traj Loss: 4.31, Score Loss: 1.82       yopo_trainer.py:189
[20:18:28] Epoch: 42, Traj Loss: 3.59, Score Loss: 0.654     yopo_trainer.py:131
           Batch FPS: 16.9                                                      
[20:18:44] Epoch: 42, Traj Loss: 3.19, Score Loss: 0.484     yopo_trainer.py:131
           Batch FPS: 16.9                                                      
[20:19:00] Epoch: 42, Traj Loss: 3.01, Score Loss: 0.434     yopo_trainer.py:131
           Batch FPS: 17                                                        
[20:19:16] Epoch: 42, Traj Loss: 3.03, Score Loss: 0.418     yopo_trainer.py:131
           Batch FPS: 17                                                        
[20:19:31] Epoch: 42, Traj Loss: 3.18, Score Loss: 0.461     yopo_trainer.py:131
           Batch FPS: 17                                                        
[20:19:47] Epoch: 42, Traj Loss: 3.03, Score Loss: 0.409     yopo_trainer.py:131
           Batch FPS: 17                                                        
[20:20:02] Epoch: 42, Traj Loss: 3.09, Score Loss: 0.425     yopo_trainer.py:131
           Batch FPS: 17.1                                                      
[20:20:18] Epoch: 42, Traj Loss: 3.22, Score Loss: 0.439     yopo_trainer.py:131
           Batch FPS: 17                                                        
[20:20:34] Epoch: 42, Traj Loss: 3.23, Score Loss: 0.453     yopo_trainer.py:131
           Batch FPS: 16.8                                                      
[20:20:49] Epoch: 42, Traj Loss: 3.19, Score Loss: 0.401     yopo_trainer.py:131
           Batch FPS: 17                                                        
[20:21:05] Epoch: 42, Traj Loss: 3.21, Score Loss: 0.487     yopo_trainer.py:131
           Batch FPS: 17                                                        
[20:21:21] Epoch: 42, Traj Loss: 3.28, Score Loss: 0.438     yopo_trainer.py:131
           Batch FPS: 17.2                                                      
[20:21:36] Epoch: 42, Traj Loss: 3.16, Score Loss: 0.458     yopo_trainer.py:131
           Batch FPS: 17                                                        
[20:21:52] Epoch: 42, Traj Loss: 3.22, Score Loss: 0.446     yopo_trainer.py:131
           Batch FPS: 16.9                                                      
[20:22:08] Epoch: 42, Traj Loss: 3.37, Score Loss: 0.439     yopo_trainer.py:131
           Batch FPS: 16.8                                                      
[20:22:23] Epoch: 42, Traj Loss: 3.34, Score Loss: 0.48      yopo_trainer.py:131
           Batch FPS: 17                                                        
[20:22:51] Eval: 42, Traj Loss: 4.31, Score Loss: 1.86       yopo_trainer.py:189
[20:23:06] Epoch: 43, Traj Loss: 3.3, Score Loss: 0.442      yopo_trainer.py:131
           Batch FPS: 17.4                                                      
[20:23:21] Epoch: 43, Traj Loss: 3.18, Score Loss: 0.427     yopo_trainer.py:131
           Batch FPS: 17.3                                                      
[20:23:37] Epoch: 43, Traj Loss: 3.2, Score Loss: 0.426      yopo_trainer.py:131
           Batch FPS: 17.5                                                      
[20:23:52] Epoch: 43, Traj Loss: 3.25, Score Loss: 0.464     yopo_trainer.py:131
           Batch FPS: 17.4                                                      
[20:24:07] Epoch: 43, Traj Loss: 3.1, Score Loss: 0.404      yopo_trainer.py:131
           Batch FPS: 17.3                                                      
[20:24:23] Epoch: 43, Traj Loss: 3.17, Score Loss: 0.484     yopo_trainer.py:131
           Batch FPS: 17.2                                                      
[20:24:38] Epoch: 43, Traj Loss: 3.28, Score Loss: 0.444     yopo_trainer.py:131
           Batch FPS: 17.2                                                      
[20:24:53] Epoch: 43, Traj Loss: 3.25, Score Loss: 0.404     yopo_trainer.py:131
           Batch FPS: 17.5                                                      
[20:25:09] Epoch: 43, Traj Loss: 3.17, Score Loss: 0.403     yopo_trainer.py:131
           Batch FPS: 17.4                                                      
[20:25:24] Epoch: 43, Traj Loss: 3.21, Score Loss: 0.445     yopo_trainer.py:131
           Batch FPS: 17.2                                                      
[20:25:39] Epoch: 43, Traj Loss: 2.98, Score Loss: 0.391     yopo_trainer.py:131
           Batch FPS: 17.5                                                      
[20:25:55] Epoch: 43, Traj Loss: 3.32, Score Loss: 0.444     yopo_trainer.py:131
           Batch FPS: 17.2                                                      
[20:26:10] Epoch: 43, Traj Loss: 3.28, Score Loss: 0.439     yopo_trainer.py:131
           Batch FPS: 17.2                                                      
[20:26:26] Epoch: 43, Traj Loss: 3.27, Score Loss: 0.491     yopo_trainer.py:131
           Batch FPS: 17.4                                                      
[20:26:41] Epoch: 43, Traj Loss: 3.23, Score Loss: 0.487     yopo_trainer.py:131
           Batch FPS: 17.5                                                      
[20:26:56] Epoch: 43, Traj Loss: 3.2, Score Loss: 0.466      yopo_trainer.py:131
           Batch FPS: 17.5                                                      
[20:27:24] Eval: 43, Traj Loss: 4.33, Score Loss: 1.85       yopo_trainer.py:189
[20:27:40] Epoch: 44, Traj Loss: 3.14, Score Loss: 0.423     yopo_trainer.py:131
           Batch FPS: 17                                                        
[20:27:55] Epoch: 44, Traj Loss: 3.19, Score Loss: 0.416     yopo_trainer.py:131
           Batch FPS: 17                                                        
[20:28:11] Epoch: 44, Traj Loss: 3.32, Score Loss: 0.427     yopo_trainer.py:131
           Batch FPS: 17                                                        
[20:28:27] Epoch: 44, Traj Loss: 3.22, Score Loss: 0.392     yopo_trainer.py:131
           Batch FPS: 16.8                                                      
[20:28:42] Epoch: 44, Traj Loss: 3.27, Score Loss: 0.436     yopo_trainer.py:131
           Batch FPS: 16.8                                                      
[20:28:58] Epoch: 44, Traj Loss: 3.23, Score Loss: 0.463     yopo_trainer.py:131
           Batch FPS: 16.9                                                      
[20:29:14] Epoch: 44, Traj Loss: 3.31, Score Loss: 0.422     yopo_trainer.py:131
           Batch FPS: 16.9                                                      
[20:29:30] Epoch: 44, Traj Loss: 3.12, Score Loss: 0.388     yopo_trainer.py:131
           Batch FPS: 17                                                        
[20:29:45] Epoch: 44, Traj Loss: 3.05, Score Loss: 0.409     yopo_trainer.py:131
           Batch FPS: 16.9                                                      
[20:30:01] Epoch: 44, Traj Loss: 3.12, Score Loss: 0.402     yopo_trainer.py:131
           Batch FPS: 16.9                                                      
[20:30:17] Epoch: 44, Traj Loss: 3.02, Score Loss: 0.381     yopo_trainer.py:131
           Batch FPS: 16.8                                                      
[20:30:33] Epoch: 44, Traj Loss: 3.19, Score Loss: 0.392     yopo_trainer.py:131
           Batch FPS: 16.9                                                      
[20:30:49] Epoch: 44, Traj Loss: 3.27, Score Loss: 0.456     yopo_trainer.py:131
           Batch FPS: 16.6                                                      
[20:31:04] Epoch: 44, Traj Loss: 3.25, Score Loss: 0.496     yopo_trainer.py:131
           Batch FPS: 16.7                                                      
[20:31:21] Epoch: 44, Traj Loss: 3.1, Score Loss: 0.375      yopo_trainer.py:131
           Batch FPS: 16.4                                                      
[20:31:37] Epoch: 44, Traj Loss: 3.27, Score Loss: 0.406     yopo_trainer.py:131
           Batch FPS: 16.5                                                      
[20:32:05] Eval: 44, Traj Loss: 4.3, Score Loss: 1.84        yopo_trainer.py:189
           Saving model...                                    yopo_trainer.py:86
[20:32:20] Epoch: 45, Traj Loss: 3.29, Score Loss: 0.43      yopo_trainer.py:131
           Batch FPS: 17                                                        
[20:32:36] Epoch: 45, Traj Loss: 3.21, Score Loss: 0.4 Batch yopo_trainer.py:131
           FPS: 16.9                                                            
[20:32:52] Epoch: 45, Traj Loss: 3.12, Score Loss: 0.397     yopo_trainer.py:131
           Batch FPS: 16.7                                                      
[20:33:08] Epoch: 45, Traj Loss: 3.21, Score Loss: 0.386     yopo_trainer.py:131
           Batch FPS: 16.4                                                      
[20:33:24] Epoch: 45, Traj Loss: 3.23, Score Loss: 0.455     yopo_trainer.py:131
           Batch FPS: 16.5                                                      
[20:33:40] Epoch: 45, Traj Loss: 3.17, Score Loss: 0.408     yopo_trainer.py:131
           Batch FPS: 16.6                                                      
[20:33:57] Epoch: 45, Traj Loss: 3.07, Score Loss: 0.4 Batch yopo_trainer.py:131
           FPS: 16.4                                                            
[20:34:13] Epoch: 45, Traj Loss: 3.11, Score Loss: 0.431     yopo_trainer.py:131
           Batch FPS: 16.6                                                      
[20:34:29] Epoch: 45, Traj Loss: 3.16, Score Loss: 0.394     yopo_trainer.py:131
           Batch FPS: 16.5                                                      
[20:34:44] Epoch: 45, Traj Loss: 3.08, Score Loss: 0.46      yopo_trainer.py:131
           Batch FPS: 17                                                        
[20:35:01] Epoch: 45, Traj Loss: 3.3, Score Loss: 0.492      yopo_trainer.py:131
           Batch FPS: 16.4                                                      
[20:35:17] Epoch: 45, Traj Loss: 3.2, Score Loss: 0.453      yopo_trainer.py:131
           Batch FPS: 16.5                                                      
[20:35:33] Epoch: 45, Traj Loss: 3.22, Score Loss: 0.393     yopo_trainer.py:131
           Batch FPS: 16.9                                                      
[20:35:49] Epoch: 45, Traj Loss: 3.32, Score Loss: 0.42      yopo_trainer.py:131
           Batch FPS: 16.8                                                      
[20:36:04] Epoch: 45, Traj Loss: 3.05, Score Loss: 0.407     yopo_trainer.py:131
           Batch FPS: 16.8                                                      
[20:36:20] Epoch: 45, Traj Loss: 3.47, Score Loss: 0.422     yopo_trainer.py:131
           Batch FPS: 16.6                                                      
[20:36:48] Eval: 45, Traj Loss: 4.33, Score Loss: 1.86       yopo_trainer.py:189
[20:37:04] Epoch: 46, Traj Loss: 3.26, Score Loss: 0.413     yopo_trainer.py:131
           Batch FPS: 16.7                                                      
[20:37:20] Epoch: 46, Traj Loss: 3.07, Score Loss: 0.372     yopo_trainer.py:131
           Batch FPS: 16.9                                                      
[20:37:36] Epoch: 46, Traj Loss: 3.08, Score Loss: 0.408     yopo_trainer.py:131
           Batch FPS: 17                                                        
[20:37:51] Epoch: 46, Traj Loss: 3.14, Score Loss: 0.341     yopo_trainer.py:131
           Batch FPS: 17.1                                                      
[20:38:07] Epoch: 46, Traj Loss: 3.1, Score Loss: 0.372      yopo_trainer.py:131
           Batch FPS: 17                                                        
[20:38:22] Epoch: 46, Traj Loss: 3.24, Score Loss: 0.401     yopo_trainer.py:131
           Batch FPS: 17.2                                                      
[20:38:38] Epoch: 46, Traj Loss: 3.16, Score Loss: 0.397     yopo_trainer.py:131
           Batch FPS: 16.9                                                      
[20:38:54] Epoch: 46, Traj Loss: 3.2, Score Loss: 0.378      yopo_trainer.py:131
           Batch FPS: 17                                                        
[20:39:10] Epoch: 46, Traj Loss: 3.41, Score Loss: 0.462     yopo_trainer.py:131
           Batch FPS: 16.9                                                      
[20:39:25] Epoch: 46, Traj Loss: 3.22, Score Loss: 0.446     yopo_trainer.py:131
           Batch FPS: 17                                                        
[20:39:41] Epoch: 46, Traj Loss: 3.23, Score Loss: 0.407     yopo_trainer.py:131
           Batch FPS: 16.7                                                      
[20:39:57] Epoch: 46, Traj Loss: 3.23, Score Loss: 0.4 Batch yopo_trainer.py:131
           FPS: 16.8                                                            
[20:40:13] Epoch: 46, Traj Loss: 3.26, Score Loss: 0.426     yopo_trainer.py:131
           Batch FPS: 16.8                                                      
[20:40:29] Epoch: 46, Traj Loss: 3.24, Score Loss: 0.418     yopo_trainer.py:131
           Batch FPS: 16.8                                                      
[20:40:45] Epoch: 46, Traj Loss: 3.15, Score Loss: 0.4 Batch yopo_trainer.py:131
           FPS: 16.3                                                            
[20:41:01] Epoch: 46, Traj Loss: 3.21, Score Loss: 0.375     yopo_trainer.py:131
           Batch FPS: 16.4                                                      
[20:41:29] Eval: 46, Traj Loss: 4.31, Score Loss: 1.86       yopo_trainer.py:189
[20:41:45] Epoch: 47, Traj Loss: 3.39, Score Loss: 0.397     yopo_trainer.py:131
           Batch FPS: 16.9                                                      
[20:42:01] Epoch: 47, Traj Loss: 3.36, Score Loss: 0.382     yopo_trainer.py:131
           Batch FPS: 16.4                                                      
[20:42:17] Epoch: 47, Traj Loss: 3.13, Score Loss: 0.377     yopo_trainer.py:131
           Batch FPS: 16.5                                                      
[20:42:33] Epoch: 47, Traj Loss: 3.27, Score Loss: 0.371     yopo_trainer.py:131
           Batch FPS: 16.7                                                      
[20:42:50] Epoch: 47, Traj Loss: 3.08, Score Loss: 0.399     yopo_trainer.py:131
           Batch FPS: 15.7                                                      
[20:43:08] Epoch: 47, Traj Loss: 3.13, Score Loss: 0.362     yopo_trainer.py:131
           Batch FPS: 14.7                                                      
[20:43:26] Epoch: 47, Traj Loss: 3.18, Score Loss: 0.416     yopo_trainer.py:131
           Batch FPS: 14.9                                                      
[20:43:44] Epoch: 47, Traj Loss: 3.13, Score Loss: 0.398     yopo_trainer.py:131
           Batch FPS: 15                                                        
[20:44:02] Epoch: 47, Traj Loss: 2.97, Score Loss: 0.364     yopo_trainer.py:131
           Batch FPS: 15.2                                                      
[20:44:19] Epoch: 47, Traj Loss: 3.17, Score Loss: 0.415     yopo_trainer.py:131
           Batch FPS: 15.2                                                      
[20:44:35] Epoch: 47, Traj Loss: 3.07, Score Loss: 0.369     yopo_trainer.py:131
           Batch FPS: 16.3                                                      
[20:44:51] Epoch: 47, Traj Loss: 3.17, Score Loss: 0.408     yopo_trainer.py:131
           Batch FPS: 16.8                                                      
[20:45:07] Epoch: 47, Traj Loss: 3.3, Score Loss: 0.369      yopo_trainer.py:131
           Batch FPS: 16.4                                                      
[20:45:24] Epoch: 47, Traj Loss: 3.22, Score Loss: 0.382     yopo_trainer.py:131
           Batch FPS: 16.4                                                      
[20:45:40] Epoch: 47, Traj Loss: 3.27, Score Loss: 0.452     yopo_trainer.py:131
           Batch FPS: 16.5                                                      
[20:45:56] Epoch: 47, Traj Loss: 3.09, Score Loss: 0.382     yopo_trainer.py:131
           Batch FPS: 16.7                                                      
[20:46:24] Eval: 47, Traj Loss: 4.34, Score Loss: 1.91       yopo_trainer.py:189
           Train YOPO Finish!                                 yopo_trainer.py:89

Run YOPO Finish!
           Saving model...                                   yopo_trainer.py:331
