t,x,y,z,vx,vy,vz,ax,ay,az,yaw,yaw_dot
0.13299560546875,-0.743465217142045,2.969118300638887,2.5026613428866313,-0.0859035690736555,0.09427459806271504,-0.01557180166197494,-0.008366927279022421,0.15285389841020233,0.004679823411169664,-1.3184581506635038,1.5707963267948966
0.15298819541931152,-0.7451944350366053,2.9710272706342815,2.502324576869263,-0.08616611079419997,0.0971230730047156,-0.016305425891649208,0.022012391433877326,0.1555725913367069,0.0053919346595981375,-1.3498740771994018,-1.5707963267948966
0.17293119430541992,-0.7478155201353772,2.9739984009652143,2.501811677939755,-0.08661211043291973,0.10147681185128846,-0.016872836518951058,0.056726291232938625,0.1629442201725171,0.006119106127070664,-1.3184581506635038,1.5707963267948966
0.19318819046020508,-0.749534155828106,2.976060980516371,2.5014754922346993,-0.08513927431146442,0.10480325526489155,-0.016743394877891164,0.09038183035932945,0.16957798924403725,0.0068208436876817415,-1.2870422241276058,1.5707963267948966
0.213057279586792,-0.7504618651362165,2.9770948336069814,2.501288278115333,-0.08649954772555563,0.10587235100934905,-0.01717230971311492,0.1023981353087959,0.1747447365740629,0.0075091255569922155,-1.2556262975917079,1.5707963267948966
0.23298382759094238,-0.7521705887625826,2.9792475443921496,2.5009463783859482,-0.08433365205580046,0.10941397820815132,-0.017015451862989483,0.11414702427242197,0.17932007950072387,0.008172539129608226,-1.2242103710558099,1.5707963267948966
0.2531008720397949,-0.7540213025483388,2.981411038826195,2.5005542729697994,-0.0865713940815101,0.11163721622896486,-0.018379231740084254,0.1271583108721265,0.20204933840438066,0.008889985587263094,-1.2556262975917079,-1.5707963267948966
0.2729313373565674,-0.756663604561177,2.9847913017745125,2.499933348450311,-0.08550609880186115,0.11590487472517624,-0.02014446137884274,0.14218420064866355,0.1967632902941609,0.009701321021601953,-1.2242103710558099,1.5707963267948966
0.29311466217041016,-0.7583443088848552,2.9871483901566562,2.4995324520788587,-0.08251563970516533,0.11978572022937703,-0.019942570957980972,0.1567924241134223,0.1912903620654746,0.010482769418429237,-1.192794444519912,1.5707963267948966
0.3130664825439453,-0.7592385216102054,2.988296990836557,2.4992883839687967,-0.0829243775246374,0.11999162276372177,-0.02099517785690882,0.17808710793303306,0.18387535574512423,0.011285367476398309,-1.161378517984014,1.5707963267948966
0.3329019546508789,-0.7608600065217206,2.9907331000409125,2.498870789470064,-0.07915542323635394,0.12359431579345505,-0.020761697963123545,0.19869434476321618,0.17638081729993127,0.01205758948070807,-1.1299625914481162,1.5707963267948966
0.3530697822570801,-0.761720694610617,2.9919442814264148,2.4986670109164937,-0.07929825938310407,0.12434542658906253,-0.020484306960262898,0.21255521164471353,0.16475388286695886,0.012765622518389464,-1.0985466649122184,1.5707963267948966
0.3729288578033447,-0.7648598132829241,2.997045212975902,2.4978907355588627,-0.07405050101327651,0.13071890819649856,-0.01911535715994143,0.2261850384227198,0.14562240422165545,0.013374992378904224,-1.0671307383763207,1.5707963267948966
0.3930487632751465,-0.7662946989718559,2.999687460114343,2.4975111427695778,-0.06939405513975878,0.13344336053067204,-0.018841975006293917,0.23938893542411932,0.1268888010099507,0.01395902620659876,-1.035714811840423,1.5707963267948966
0.41307759284973145,-0.7670469785369991,3.00104005342762,2.4973583261257684,-0.06897070238336346,0.13471587446186292,-0.017680278064863726,0.23928661140424373,0.0828218744436642,0.014432494183612915,-1.0042988853045252,1.5707963267948966
0.43291306495666504,-0.7690652701072539,3.0051761377972968,2.4968762945720986,-0.06347609198017189,0.13860770843272938,-0.016042428158334645,0.22307359949290215,0.04518723901557331,0.014793168897798753,-0.9728829587686274,1.5707963267948966
0.4531114101409912,-0.7702912229501144,3.007954879302612,2.4965584277758905,-0.05917089670915182,0.13914491142983149,-0.015743109892413888,0.2075621350975726,0.00872781558126106,0.015135643830841745,-0.9414670322327297,1.5707963267948966
0.472888708114624,-0.7714394948473029,3.010875893193025,2.496307155973917,-0.05491360751859041,0.14277776836616327,-0.013952282330872284,0.21259657664452883,-0.001594714385571422,0.015345756139408952,-0.9100511056968319,1.5707963267948966
0.4931926727294922,-0.7724949230816709,3.013730449052768,2.496031192797489,-0.05061316838783336,0.1426439156241807,-0.013643380754202896,0.2174108828889795,-0.011765326895748548,0.015542126560603015,-0.8786351791609341,1.5707963267948966
0.5131714344024658,-0.7729543703223676,3.015258040819236,2.4959279473824854,-0.04741806754947323,0.1453378840482542,-0.012570807589895394,0.21637434871974512,-0.015428045921926151,0.015655858400559403,-0.8472192526250364,1.5707963267948966
0.5328884124755859,-0.7742481860235164,3.019684560965748,2.4955874836286465,-0.0400142756957438,0.14673028184245146,-0.011254322051404714,0.21923048808435347,-0.034488743857665025,0.015691339274052578,-0.8158033260891386,1.5707963267948966
0.5531439781188965,-0.7750044348063716,3.0226110265673882,2.4953655373972863,-0.03560106745817375,0.1458546348494374,-0.010940210995575886,0.22209101761668845,-0.052981890953114424,0.01571836809315019,-0.7843873995532409,1.5707963267948966
0.5764760971069336,-0.7756355738456414,3.025587936663745,2.4951982897277984,-0.030248550478858716,0.14648925554767178,-0.009409405308398571,0.22591246767367829,-0.05898006944470012,0.01564643765916484,-0.7529714730173431,1.5707963267948966
0.5930666923522949,-0.77619510577557,3.0285055242503534,2.495013225859086,-0.02569178359027943,0.14524940079620757,-0.009097238271359184,0.22977011737499975,-0.06501075001549145,0.015569426572714257,-0.7215555464814454,1.5707963267948966
0.613055944442749,-0.7764224566712427,3.0299945120571508,2.494956409865141,-0.022822983973042346,0.145732708611571,-0.007989639217273718,0.23627422620692692,-0.06139657528639434,0.015423272085100359,-0.6901396199455476,1.5707963267948966
0.6332695484161377,-0.7769869808872919,3.0343663177073026,2.494755489978811,-0.015411699198058031,0.14479459360287092,-0.006623269745559252,0.22717136445940092,-0.040858818543197305,0.01520481726072917,-0.6587236934096499,1.5707963267948966
0.6531953811645508,-0.7772503637252302,3.037255357632273,2.4946260509681175,-0.010955348618363074,0.1441745725097735,-0.006321360529694732,0.21854204288888351,-0.02130653332914249,0.014986056031241944,-0.6273077668737521,1.5707963267948966
0.672935962677002,-0.7773808346678831,3.040113310932994,2.494547364185626,-0.005310757729803671,0.1432124975631095,-0.004923015528065942,0.22567018868991898,0.0031581171977311277,0.014689608132360813,-0.5958918403378544,1.5707963267948966
0.6931660175323486,-0.7774414399823125,3.04297975884894,2.4944518221514285,-0.000725974688061458,0.14350954160120719,-0.004632168188079719,0.23280986111813848,0.026332667628763747,0.014395519237557112,-0.5644759138019566,1.5707963267948966
0.7130351066589355,-0.77739643948497,3.044346524151548,2.4944314900867868,0.0026646139362818343,0.14188683452148027,-0.003777099480751381,0.222407738359184,0.04598607459500012,0.014061149904627233,-0.5330599872660589,1.5707963267948966
0.7329654693603516,-0.7772993343213631,3.0471947177422685,2.4943587382267642,0.0070128795929481815,0.14299467245346506,-0.0034991883662432283,0.2125007727838848,0.06463066134388906,0.013730596243963254,-0.5016440607301611,1.5707963267948966
0.7531187534332275,-0.7772152261844435,3.048102045532736,2.4943530728757315,0.009411645883367119,0.14086146877029737,-0.0028605642844868858,0.21564408588313108,0.09456515384807265,0.01337547995850502,-0.47022813419426335,1.5707963267948966
0.7728862762451172,-0.7766009964497897,3.0536013565761144,2.494278581130481,0.019650036541320377,0.13966730629779603,-0.0016110093708488844,0.21713013670742087,0.12586232890619298,0.012962307961463066,-0.4388122076583656,1.5707963267948966
0.7930598258972168,-0.7761644611711962,3.056421883425944,2.4942489261984995,0.024009073059869067,0.14248449708869687,-0.001355838514369989,0.21880459497477003,0.15559818009286747,0.012555901028140328,-0.40739628112246784,1.5707963267948966
0.81307053565979,-0.7755886956645657,3.0591031313748847,2.4942489072874343,0.02959638354068456,0.14073827575752923,-0.0005049243175927861,0.21192867410081584,0.1765315144325019,0.012116516484827974,-0.3759803545865701,1.5707963267948966
0.8330338001251221,-0.7749548248112395,3.0619545388079796,2.4942412032103594,0.033768836114123485,0.14446825649451348,-0.00026692148299841854,0.20536889505891184,0.19626845635574255,0.01168508749431637,-0.34456442805067233,1.5707963267948966
0.8531031608581543,-0.7745751081270832,3.0632746034533156,2.49425286702689,0.03656114359510554,0.1427489709976002,0.0002340777457219487,0.1833887445340454,0.2105342196770678,0.011244278768517049,-0.3131485015147746,1.5707963267948966
0.8729884624481201,-0.7733418591090346,3.067522308825225,2.494276730218401,0.04352223323589141,0.1456499831534955,0.0009009468232916724,0.1677802884819608,0.23867387482274374,0.010783557722587928,-0.2817325749788768,1.5707963267948966
0.893019437789917,-0.772438858221287,3.0704848394914666,2.4942968756127417,0.046728537323370054,0.15069157553698584,0.001112087574077694,0.15298463302783802,0.2652218476154609,0.010332045364306146,-0.2503166484429791,1.5707963267948966
0.9130847454071045,-0.7718940329099375,3.0718934252407055,2.494318907725853,0.05032499004105871,0.1501956991276646,0.0015050027662395764,0.16016533223244486,0.26594587428663163,0.009879366711201388,-0.21890072190708132,1.5707963267948966
0.9330501556396484,-0.7708550223683,3.0749505498357994,2.4943509539440223,0.053599930000747475,0.15551738882443164,0.001698141288013207,0.16732507673326266,0.2661345416532616,0.009436036509062804,-0.18748479537118357,1.5707963267948966
0.9531800746917725,-0.7696435690116464,3.077957876815055,2.4944004597313754,0.05960501530419854,0.157219204193157,0.0022244528539879732,0.18451456981020692,0.2787716570105831,0.008982011435049717,-0.1560688688352858,1.5707963267948966
0.9729433059692383,-0.7677470287667283,3.0827409607741942,2.494478871525988,0.06610039330508265,0.16416928381460952,0.0027071570049519056,0.22390413144303878,0.30584587832774773,0.008518659929466526,-0.12465294229938806,1.5707963267948966
0.9930543899536133,-0.7663776708929019,3.0860872374816832,2.4945346880233785,0.07096291198889217,0.17054310509352708,0.0028729825442906348,0.26215969666647354,0.33126169543251427,0.008065601373952295,-0.0932370157634903,1.5707963267948966
1.0130963325500488,-0.7656789945488446,3.0877628344800065,2.4945713782421013,0.07307604551973455,0.172721365259528,0.0031651010120115545,0.2955392599222316,0.35339636388158013,0.007618137516231129,-0.10050765068831735,-0.3635317462413523
1.0330970287322998,-0.764156189675592,3.091289342638492,2.4946361745691408,0.07931243217105331,0.17999830447279203,0.0033130741149947937,0.32793653918311977,0.3740528623136401,0.007180862820834471,-0.09836864564993197,0.10695025191926888
1.053032398223877,-0.7626669156228558,3.09485621093127,2.494700240255399,0.08185607937678203,0.18492519037919125,0.003177627454375095,0.35042278362909657,0.3935112557328864,0.0067746158574266135,-0.10222254084090254,-0.19269475954852844
1.0729968547821045,-0.7609582404824958,3.0986346444194814,2.494765121108376,0.08908438562502606,0.19297837546673471,0.003309134568758103,0.37230816727943933,0.41157668103258804,0.006377632029581772,-0.10382448436537528,-0.08009717622363688
1.0930469036102295,-0.7592952625081949,3.102467340669598,2.494698729306752,0.09192035858304229,0.19859036360764346,-0.00014027069256048377,0.3950371509192202,0.42077852623063416,0.006222890948581071,-0.10403578050706752,-0.010564807084612049
1.1130609512329102,-0.7574453567914406,3.1064924544274715,2.494637269538765,0.0975711913341937,0.20611237711287078,-0.0019754580320455613,0.3941685994654593,0.4352072938274938,0.006194102058237963,-0.10758779224288961,-0.17760058679110458
1.1330993175506592,-0.755415150682002,3.1107026480230444,2.4945989971562605,0.10544695448054453,0.21495126403894232,-0.001851884362688251,0.3934290231565177,0.4484920333646228,0.006162859501637512,-0.10942856647454002,-0.09203871158252053
1.1531903743743896,-0.7533675628415025,3.1150415135124545,2.494494643797521,0.10961633248304388,0.2228411608068577,-0.0032082029670839458,0.348749385170211,0.45893171387465626,0.006219614121851982,-0.10981385413781286,-0.019264383163641874
1.1729397773742676,-0.7499419374983286,3.121919802122897,2.494388745852266,0.1194874167160662,0.23631441995001431,-0.003409380578276633,0.3255561578564376,0.4661367369542379,0.006289491093577671,-0.11505886361453266,-0.2622504738359899
1.193070411682129,-0.7474885792730325,3.1267397555150396,2.4943218205141147,0.12577408143965202,0.24570209567210313,-0.003282939161509644,0.30325865657463513,0.4724898611492114,0.006353715028067503,-0.11350664277263256,0.07761104209500491
1.2130649089813232,-0.7448469503225824,3.1317516759026023,2.4942003290079935,0.13353033532309908,0.2553195062252891,-0.004654105025779435,0.28752810742520124,0.47718782704086965,0.006501232376131059,-0.119305847863314,-0.2899602545340718
1.233393907546997,-0.7421198533881058,3.1369537774626055,2.4941085565761703,0.13912913958688103,0.2649036931251824,-0.004522673866548118,0.27246240112733594,0.48110102311455716,0.0066405212197476905,-0.11663334967005845,0.1336249096627773
1.2531466484069824,-0.7406375913804639,3.139642609284378,2.494015521669225,0.14391887323143687,0.2702443765012485,-0.00578854349864328,0.25501949106084293,0.48689041616895445,0.006850638407333942,-0.12173694798937928,-0.2551799159660417
1.272904872894287,-0.7361176130279249,3.1479948051479303,2.493818000699885,0.15385342970755653,0.28565423322551875,-0.006291886594047193,0.2298438221593671,0.49201508618562234,0.0070878902464560955,-0.12185562465489674,-0.005933833275872935
1.293034553527832,-0.7329962044775551,3.153806593630626,2.4936935957930184,0.1582068052607312,0.2955389798359535,-0.006147851173862226,0.20565759203160874,0.4963247207905352,0.00731376830854722,-0.12352034445644255,-0.08323599007729054
1.3131272792816162,-0.7301609174657859,3.158953275493208,2.4936022250906076,0.1645153483339655,0.30533257485414095,-0.005609503721154258,0.17649668172175825,0.49778693215060665,0.0074906459984938065,-0.1248668001664881,-0.06732278550227733
1.3329782485961914,-0.7268371991923169,3.1651595478285244,2.493491544453112,0.16776300491163246,0.3152972688545057,-0.005458002651605578,0.14845421820023832,0.49857015578613206,0.007657861158289435,-0.1248942179282313,-0.001370888087159905
1.353121280670166,-0.7248706685036296,3.168704589932368,2.493467735622506,0.17239616032489785,0.32211948796631446,-0.00433815064791386,0.12697340125438414,0.499589865272104,0.0077407748087739954,-0.12697015050887916,-0.10379662903239328
1.3729333877563477,-0.7195083778440575,3.17864290528981,2.493383020428232,0.17985610863584503,0.33853301427002025,-0.002902824608936818,0.10946862565182952,0.4983018037617389,0.007731393533024605,-0.12846088929832122,-0.07453693947210294
1.3930625915527344,-0.7158904883883394,3.1855131089144515,2.493326509394162,0.1818771855852981,0.3484809824972047,-0.0027483230519614065,0.0927730419132575,0.49639225877971943,0.007718118424808114,-0.1281200696998801,0.01704097992205611
1.4130520820617676,-0.7139500642015439,3.1890776196938995,2.4933415689685074,0.185915033907318,0.3550062929116216,-0.0014701402326285956,0.07044704950055763,0.49442124899857676,0.007620733740383975,-0.13028739033530456,-0.10836603177122317
1.4331130981445312,-0.7102191136079368,3.1962764689656353,2.493313683764874,0.1871088599564521,0.3648701061925172,-0.0013187082932905145,0.04909718948239804,0.49186298437985443,0.007522285481983398,-0.129165576538381,0.05609068984617771
1.4530928134918213,-0.7062961651386301,3.2037657229337424,2.4933522026113284,0.19215004546461315,0.37701644846002885,0.00041269550303333046,0.028928957724161167,0.48661881596521095,0.007315828219433534,-0.13275017865102656,-0.1792301056322776
1.4730565547943115,-0.7004205857770361,3.2153604615134026,2.49340882975886,0.19562701687879105,0.3934063200970237,0.001797429845907744,0.009688665930366012,0.47692373257503323,0.007030853224733337,-0.13187144579088983,0.04393664300683664
1.4930360317230225,-0.6965073473075067,3.2233233123856015,2.4934461657855125,0.19563556291534148,0.4028455236042901,0.0019352400453481887,-0.008691668141158343,0.46695076998952884,0.006751020351319369,-0.13381043441555107,-0.0969494312330621
1.5131301879882812,-0.6924749738446367,3.23158026560408,2.4935452295014455,0.19832678574159496,0.4147947294081537,0.0035315807421138984,-0.024695680237012508,0.4562415020178676,0.006381591374734751,-0.13402114809425436,-0.010535683935164464
1.5330798625946045,-0.688514405783979,3.2399666828700515,2.493617113212297,0.19767922997694629,0.42381052386622037,0.00365558596699655,-0.03993295388320055,0.44529958906848177,0.006020277306792542,-0.13513319089600895,-0.055602140087729346
1.5531694889068604,-0.6864724415608385,3.2443042104974382,2.493689093637666,0.19911845839257458,0.4303938703497988,0.004708238091503616,-0.04403797360313684,0.4368045975990061,0.005610022338986574,-0.1351839904846046,-0.0025399794297831235
1.5729284286499023,-0.6804649429039314,3.2574959421061243,2.4938645066221183,0.199219896750461,0.44576599782196,0.005769069131973883,-0.04954013620762454,0.4246040838704638,0.005148550436570501,-0.1377671802976863,-0.12915949065408494
1.5930945873260498,-0.6764908037994617,3.266495357780112,2.4939808875311233,0.19817673825807386,0.4541341216647282,0.005867522212744552,-0.054722842113401726,0.41216980300121436,0.004698681731762218,-0.13708806808431495,0.03395561066856789
1.6132800579071045,-0.6744897058417482,3.2711333312664523,2.494067778178902,0.19817039389891325,0.4603177421918274,0.0067032579847109315,-0.05836857433875828,0.4008188555190965,0.0042192217447336745,-0.13865333454541284,-0.07826332305489458
1.6332314014434814,-0.6705382004555708,3.280419079365318,2.494202655849935,0.19696894176703536,0.46821831498256516,0.006782952924156187,-0.06172953078753497,0.38919314493269797,0.0037523612589801312,-0.13922921176671954,-0.02879386106533488
1.6531047821044922,-0.6666129088266931,3.2899838558552807,2.494376621654288,0.19560085811359665,0.4789494233656109,0.007779727227271606,-0.06269773547259529,0.3771366372776334,0.0032443869450981423,-0.1405212237896083,-0.06460060114443777
1.6729300022125244,-0.6607947950961579,3.304596610352414,2.49463249306241,0.1930405119831692,0.49227772233872785,0.008467088004673537,-0.06637401232991105,0.3650489741199498,0.0027113193814967845,-0.14254948964436176,-0.10141329273767319
1.6930851936340332,-0.6569474907904849,3.314514357714705,2.494802342300814,0.19167859264995082,0.49945598850887113,0.008516109020895652,-0.06977186162726683,0.3527414497700658,0.0021932722564144383,-0.1431957845771974,-0.03231474664178169
1.713134527206421,-0.6550664530119527,3.3195904916662164,2.4949056009835986,0.19001153594493084,0.5046887720782303,0.00904145180367643,-0.07377819047104897,0.3409434851532553,0.0016700083351667019,-0.1434718397825958,-0.013802760269920888
1.7329564094543457,-0.6512812300906711,3.3297516584183127,2.495086729898037,0.18849839498427493,0.5113878553391291,0.009069746081436224,-0.07748662361431699,0.328929235968186,0.001161937984990146,-0.1461118556498544,-0.1320007933629297
1.753159999847412,-0.6475795829859148,3.3401441070143263,2.495291907677976,0.18556442492780897,0.5202905024455355,0.0096681562931456,-0.08371534892465193,0.31418314306251316,0.0006405361897841639,-0.14581581252480635,0.014802156252402554
1.7730083465576172,-0.643885433318499,3.3506117656087615,2.4954853649336908,0.18383107600238674,0.5264258711822478,0.009675883375264947,-0.08955518331463272,0.2993374646490367,0.00013476239014683508,-0.14929070747826678,-0.1737447476730214
1.7931139469146729,-0.640281237502369,3.361289904616758,2.49569807887074,0.1806264058922258,0.534500322308173,0.010145607811224436,-0.09644699653239137,0.2816127078634619,-0.00037619804665688577,-0.14836264483031325,0.04640313239767657
1.81304931640625,-0.6367073546807586,3.372068662927572,2.495906883502854,0.17799789651465292,0.5410751552672722,0.010331944149728704,-0.10372611551771029,0.26362158390436796,-0.0008789473400040097,-0.15250563534796902,-0.20714952588278823
1.8330528736114502,-0.6331686065907272,3.3829416947301083,2.496113313869692,0.17585402334654057,0.5461683079168914,0.010309469283464231,-0.11059295078964908,0.24570649061224595,-0.001365925442729015,-0.15150205989725363,0.05017877253576941
1.8532028198242188,-0.6297184411189076,3.3940054375307667,2.496332854995921,0.17245740342104388,0.5532140875385584,0.010611865487735704,-0.12061756949643056,0.22715708879541638,-0.0018483373790731262,-0.15576900518066505,-0.21334726417057137
1.8730862140655518,-0.6262940589235542,3.405113920793363,2.496544691258756,0.16994912749264893,0.5575728558138587,0.01057020476459409,-0.13012426912056932,0.208742230169257,-0.002315149688819814,-0.15470905304467486,0.05299760679950971
1.893127679824829,-0.6229518775022617,3.4163981548991136,2.496766358704167,0.16668573942652964,0.5637397547313224,0.01078313788877481,-0.12137651756184535,0.17535535575282216,-0.0027727115910109556,-0.15935255683267702,-0.23217518940010784
1.9131269454956055,-0.6180303016666586,3.4334541659482722,2.497094281809144,0.1621596278000496,0.57062689773479,0.010855549768813227,-0.13984208687754449,0.14566622469465232,-0.0032214413409582155,-0.15973981404612303,-0.01936286067230064
1.9331579208374023,-0.6148162612321659,3.4448938926655535,2.497310719363437,0.15918601366987822,0.5732491265850106,0.010786760647081483,-0.1573628847892539,0.11667188790038888,-0.003654948278939825,-0.16318712066081664,-0.17236533073468063
1.953122615814209,-0.6132565721145401,3.450696801532051,2.497422810386938,0.15682626513777442,0.5759876140526693,0.010870713181761594,-0.17112240452692126,0.08485230218360712,-0.004069115375800381,-0.16106270748675122,0.10622065870327102
1.9729337692260742,-0.6101551483360488,3.4622314434771018,2.497639383944446,0.15327292656849076,0.5773732119570726,0.010785310472956179,-0.18407842525980686,0.05384161578488697,-0.00446874700113583,-0.1674221224410406,-0.31797074771446887
1.9930870532989502,-0.6071164863775405,3.4739303128786054,2.4978600395921866,0.14993914075333403,0.5816596228002324,0.010835252896643327,-0.1790106804298299,0.013642282687321523,-0.0048521813361682015,-0.1640706094604787,0.16757564902809552
2.013061046600342,-0.6026921358307963,3.4914878882494564,2.498185807071986,0.1446551187619885,0.5848502622802003,0.01076833046543307,-0.18712956020595095,-0.0009323236816023929,-0.005221776411144903,-0.17404550743601765,-0.4987448987769483
2.033102512359619,-0.5998369731479418,3.503183740990765,2.498400105373553,0.14083591496064415,0.5846868035767369,0.010660313446734805,-0.1947000556782674,-0.0153947930300124,-0.005577652478025329,-0.1664775295659484,0.3783988935034621
2.0530996322631836,-0.5984433302360758,3.5091073029340687,2.498507998330697,0.13868017691014925,0.5865655634457188,0.010642486060622463,-0.2008977987821532,-0.02776722242258398,-0.0059117458856523,-0.17742785760711888,-0.5475164020585233
2.072913885116577,-0.5943770040637303,3.526743470333489,2.4988250893927924,0.1325349302042727,0.5868059597610606,0.010473578015239017,-0.2012545937998637,-0.068198491586657,-0.006227852821058394,-0.17068372511745666,0.3372066244831107
2.093078851699829,-0.5917665599371408,3.5384633194183945,2.499033294936955,0.12850963872647592,0.5850485046692435,0.010345964522400351,-0.2012078173154441,-0.10733195781812616,-0.006531418919052246,-0.18300531840062106,-0.61607966415822
2.113276958465576,-0.5892546599227769,3.550204907386808,2.4992389182231087,0.1240091680117071,0.5842338171876063,0.010209934970210593,-0.20049013239141536,-0.144492190406409,-0.006811751026024235,-0.17231931324874905,0.5343002575936007
2.1330668926239014,-0.5868145049925493,3.56185826968197,2.4994417364702506,0.12001016410838919,0.5809826541510383,0.01007099435407038,-0.19933851982096457,-0.18041988217167965,-0.007080370390364942,-0.1896045271647817,-0.864260695801633
2.153096914291382,-0.5856442341897391,3.567724687575586,2.4995407467887993,0.11740505893677755,0.5809736705115414,0.009955728832273848,-0.2035500516342833,-0.18884974302976343,-0.007325643672826087,-0.17047525407420983,0.9564636545285943
2.1729347705841064,-0.5822356649973277,3.5851469413894383,2.4998311555222674,0.11064747662166713,0.5772578421843394,0.009579969598890577,-0.20701646361766488,-0.21290377940491034,-0.007543643106450926,-0.20048716499934693,-1.5005955462568554
2.1930325031280518,-0.5800643210448121,3.5966479485366003,2.5000212321598285,0.10647728034254395,0.5727649998233094,0.00942700126693264,-0.20990809537688013,-0.23626571339108743,-0.007751512293627753,-0.16907123846344918,1.5707963267948966
2.212979316711426,-0.5780040020746294,3.608119275850798,2.5001843068715384,0.1017076041597022,0.5692970722203033,0.008967355926974738,-0.1989426951729494,-0.2655009796395945,0.03532547182293304,-0.20048716499934693,-1.5707963267948966
2.2330737113952637,-0.5760089100305197,3.619450213703046,2.5003735037563852,0.09783798261047555,0.5637022989432049,0.010090123696292794,-0.18802800634592365,-0.2938253639212057,0.07666316108302332,-0.17577484736186433,1.2356158818741303
2.253094434738159,-0.5753460098192182,3.6234085596402448,2.5004099125985597,0.09619243738156083,0.5619803220693909,0.009951106529838737,-0.1637509863808884,-0.3164576790023282,0.12133453933692431,-0.20719077389776208,-1.5707963267948966
2.273005962371826,-0.5734533210906597,3.634583400053443,2.50063608543315,0.09315547527286974,0.5554305633563943,0.01280880572516011,-0.14003896094326213,-0.33840457025036563,0.16412355923439112,-0.17577484736186433,1.5707963267948966
2.293041944503784,-0.5717114622778338,3.6456838601170367,2.5007717394587563,0.0879947862153125,0.5500146590755183,0.012505483225194673,-0.12493269850581877,-0.35063103270824364,0.20316761038274847,-0.20719077389776208,-1.5707963267948966
2.3130764961242676,-0.5700277916117706,3.656629100701019,2.5009985976359865,0.08400727407351963,0.5434583300728127,0.014752382105862319,-0.09576061855919527,-0.3545022316200567,0.24349838810942964,-0.1812913167168051,1.2949728590478493
2.335686445236206,-0.5683648895729193,3.6674271087980106,2.5013449422699106,0.08237776495594638,0.5363295773770902,0.020010434018849336,-0.06730996149249834,-0.358372895776503,0.28200458323397243,-0.21270724325270285,-1.5707963267948966
2.353085517883301,-0.5668978409521362,3.6780792113592202,2.5016292615831714,0.07699064592410054,0.5289263741603747,0.02124885415239475,-0.040533455991005836,-0.36014624287204305,0.2659127912862602,-0.18250517794478371,1.5101032653959567
2.372929811477661,-0.5647310768176497,3.6937426531365385,2.502309730358707,0.07251114495168341,0.5168597039098437,0.027040285993469745,-0.004708349006467243,-0.3593816631058305,0.2502721607204293,-0.21392110448068147,-1.5707963267948966
2.3931243419647217,-0.563279453227014,3.704008011599286,2.502899567239599,0.07276757006774126,0.5096780087260357,0.031892560655786,0.030198589072297354,-0.35882170376644174,0.2350196623725661,-0.19168560952162395,1.1117747479528761
2.4132046699523926,-0.5626721232796772,3.709019093753439,2.503201393918994,0.06978117746411062,0.5040886404507686,0.03334635453208797,0.052072729323524004,-0.36246722012110894,0.22056237971332882,-0.2231015360575217,-1.5707963267948966
2.4330811500549316,-0.5612646499505307,3.719028129053222,2.5039114878730273,0.07103753488580618,0.49680266948722823,0.03761606194417021,0.0734866235883094,-0.3661332178203946,0.20646863902306864,-0.19168560952162395,1.5707963267948966
2.4531147480010986,-0.5600475133848849,3.728772723719014,2.504723123075201,0.06725807750214591,0.48646898232335906,0.04212740699053561,0.09145035888894024,-0.37370208921753695,0.19289622967127046,-0.2231015360575217,-1.5707963267948966
2.472999095916748,-0.558682881667912,3.738426865566405,2.5056033630423524,0.06926380870044446,0.4789204529698492,0.045852507263820806,0.10906475371695562,-0.3811269429426051,0.1796714310948391,-0.19412393110529713,1.4488802476112284
2.493027448654175,-0.557455899611206,3.7478247781236718,2.5065855732548585,0.06731932547683757,0.46875396089344995,0.050113693128886944,0.1424498275218111,-0.37898048426432696,0.16693184689496135,-0.22553985764119489,-1.5707963267948966
2.5130343437194824,-0.5561382623058896,3.757088488258827,2.5076344931009977,0.06846628033842117,0.46001391683347453,0.053796372565685535,0.16929516951426984,-0.37509975031710346,0.15459019320804537,-0.1995420795514189,1.2998889044887996
2.5330891609191895,-0.5547333229711985,3.766213988973747,2.50874053211482,0.07211480777391446,0.45254800004031503,0.05676747509900959,0.19544167767560744,-0.37154606063318174,0.142574020680036,-0.23095800608731665,-1.5707963267948966
2.5530807971954346,-0.5534092424573753,3.7750807288134838,2.50994675440402,0.07232612497052804,0.44238234550995803,0.06060628606883774,0.22279309253532997,-0.3639137278154823,0.13099804648300417,-0.20046524826571233,1.524637891080216
2.5729575157165527,-0.5519163760145643,3.7838560773859578,2.5111843236127327,0.07704915411370124,0.43517632824944996,0.06311308732796903,0.24938366323948294,-0.35676866526213197,0.11973374881792122,-0.23188117480161008,-1.5707963267948966
2.5931236743927,-0.5512337284534168,3.788104028501493,2.511848132635858,0.07688584192724066,0.42925698274806395,0.06496370896552328,0.2703477530071216,-0.34199745257682646,0.10901237012172774,-0.20538050620628656,1.3250334297661759
2.6132166385650635,-0.5480966444558628,3.804843878983595,2.514577129611785,0.0841861042237123,0.41177040601279835,0.0702862203289664,0.2954621700744148,-0.3272667035654655,0.09842665403943594,-0.23679643274218432,-1.5707963267948966
2.6330912113189697,-0.5463521910625802,3.813014776056938,2.516001848405733,0.09034059180690299,0.40536575819593446,0.07215135660045258,0.3198692992466399,-0.31332946889776614,0.08813586126955802,-0.2113805063870804,1.2707963177551962
2.6531155109405518,-0.5454954044236565,3.8169509678914526,2.5167464736371383,0.09202603717146778,0.39942966322939377,0.07346175454448052,0.34689520955023984,-0.3013231595776168,0.07836852178162917,-0.24279643292297814,-1.5707963267948966
2.672985792160034,-0.5435837435119313,3.8248800619857177,2.5182307451954906,0.09922743756387475,0.39351744087524637,0.07493377002723883,0.373110419739191,-0.290014603202849,0.06887909221568733,-0.2113805063870804,1.5707963267948966
2.6931614875793457,-0.5426390991487685,3.8286901026883977,2.5190072244668418,0.10126359426699567,0.3875271951606759,0.07620593697602895,0.3919469227588082,-0.2841834984595981,0.05987004974865774,-0.24279643292297814,-1.5707963267948966
2.7132515907287598,-0.5405342102689853,3.8363841757079364,2.520542729742961,0.10928620762208743,0.3818980184262505,0.07731543445734644,0.41022119315061434,-0.2788099040111716,0.051123148076957926,-0.2177954380284559,1.2500497447261116
2.733133554458618,-0.5372153574175902,3.8474956718634847,2.5229312503699775,0.11874354206383052,0.36889295611133077,0.07977193715326451,0.43620805050860917,-0.2653170379455665,0.04268930943140499,-0.24921136456435367,-1.5707963267948966
2.753098487854004,-0.5347762294146879,3.8547740816527543,2.5245455686865235,0.12688966189507403,0.36213730793725996,0.08090954559644616,0.46003642404027895,-0.25324435086642944,0.03457176559600593,-0.22424421747816226,1.2483573543095705
2.772972345352173,-0.5307994859667847,3.865446530756142,2.5270037793459883,0.13988812704682715,0.3525177258385141,0.08231926908442438,0.4875905046925376,-0.23097197774065722,0.0267099730067143,-0.25566014401406,-1.5707963267948966
2.7930707931518555,-0.5279024161535472,3.872452117330117,2.5286549946791896,0.14990752165214954,0.3481112883481616,0.08277686210071085,0.5141908947187284,-0.20986468824660706,0.019089287351631182,-0.23330715206818198,1.1176495972939016
2.813227653503418,-0.5264015221028616,3.8758470280752886,2.529495479990289,0.15455840831539752,0.34399306588684364,0.08322525439781342,0.5341114465290805,-0.1924634616304688,0.011897849381340916,-0.26095308704740106,-1.382296748960954
2.833137035369873,-0.5232022401346873,3.882689507342124,2.5311618965673213,0.16543375925151446,0.3403095748686816,0.08339318721494557,0.5533028102809606,-0.17604902378651008,0.004932979391975636,-0.2389968482426097,1.097811940239568
2.853055715560913,-0.5198360627499147,3.889314662769416,2.532858281919362,0.17535138335872424,0.3332332221361022,0.08413315616387707,0.5693245048969725,-0.16601590574860028,-0.0016850781632406994,-0.269809086466382,-1.5406119111886163
2.872927188873291,-0.514336961259994,3.8991532322207827,2.5353984496930013,0.19211400208742413,0.32606735999661557,0.08449551875858026,0.5866034236847549,-0.14669269811535815,-0.008061981889283613,-0.2519900209983539,0.890953273401407
2.893071413040161,-0.5103762433332474,3.9056464760592258,2.5370863330698183,0.2040130756235505,0.32331790522953935,0.08427226311793615,0.6031890720092337,-0.1284280530309916,-0.014228763822075408,-0.2777224202981765,-1.2866199649911314
2.913086414337158,-0.5061681730053998,3.911987874446157,2.538790900374888,0.21640848229573612,0.31836115609524374,0.08450173072509266,0.6160645103418674,-0.12031120925397727,-0.02006031772132021,-0.26339775198179183,0.716233415819234
2.9332141876220703,-0.5017159601045968,3.9183315424916043,2.540476544096092,0.22885386171134287,0.316030445083723,0.08404386451124077,0.6283808005110684,-0.11287206334895161,-0.02569342148262448,-0.2857608968462966,-1.1181572432252374
2.9530835151672363,-0.49937830217279444,3.921434226686125,2.541333777137145,0.2357486216944077,0.3135005419696135,0.08425978753077898,0.6366533263527222,-0.10860889642865076,-0.03099313655218387,-0.2710238790947632,0.7368508875766677
2.972939968109131,-0.4919963803706639,3.930754817119711,2.543870113494999,0.2556014543094498,0.3093094395899753,0.08392919700937307,0.6443804903427583,-0.10426837987566015,-0.0360765111113481,-0.2992759177249553,-1.412601931509605
2.9930858612060547,-0.48675498121482225,3.936920415051309,2.5455411523732305,0.2685628094304971,0.3072630553762135,0.08315835402442565,0.651685025444348,-0.10045771013267932,-0.04097758395922212,-0.28422484546835713,0.7525536128299093
3.01305890083313,-0.48119349706715453,3.9430267262466594,2.5472195736741283,0.2831737806895122,0.3048689956419426,0.08287619510156417,0.656302853440873,-0.09826814633106047,-0.045580711584790747,-0.30795265831235374,-1.1863906421998305
3.033104419708252,-0.47539847012783837,3.949104575415831,2.548867683155382,0.29634316803223204,0.30292168402551356,0.0819199814255853,0.660579364434072,-0.09653920509911182,-0.050012225380143445,-0.29767540331208764,0.5138627500133053
3.0531222820281982,-0.4723509538234073,3.9521342191003095,2.549698291932767,0.30445829211268793,0.302118004667251,0.08177963901223355,0.6636663179613613,-0.09873001262486825,-0.0541541330923773,-0.3118819713459753,-0.7103284016943823
3.073051691055298,-0.46612886361388023,3.9581566716212175,2.551322785825154,0.3177600409336119,0.300118912730608,0.08065648069122604,0.6664600107146802,-0.10123033397201107,-0.058135026297071665,-0.30995296777161396,0.09645017871806605
3.0931484699249268,-0.4628601888468847,3.9611712221010613,2.552144888841784,0.3261299123858468,0.29963695828471537,0.08056977983179113,0.6708955867358651,-0.10433539947283052,-0.06185505751042971,-0.31704807101731225,-0.3547551622849143
3.1131796836853027,-0.4527142209411029,3.970147912944977,2.5545578257434642,0.3478821092339654,0.29750635908007467,0.07936150698741774,0.6586385484174251,-0.10582088044385264,-0.06538170571304067,-0.3262920111834391,-0.462197008306342
3.1330525875091553,-0.4456256628904221,3.9760767598079694,2.556131751795753,0.3609331917022871,0.29537223766377785,0.07801983280874396,0.6464873034205577,-0.10764764822897965,-0.06876136586510498,-0.32852365714951226,-0.11158229830365851
3.1531083583831787,-0.4381618012640301,3.9820294013619337,2.5577127171561536,0.37677335146767377,0.29484071903811676,0.07747162076998358,0.6364126034458413,-0.11622206986283685,-0.07190913287118085,-0.33667547890220995,-0.4075910876348843
3.172938108444214,-0.42647371384911575,3.9908749952667453,2.5600248214515338,0.3985828446988593,0.29281795274708955,0.07586238935269884,0.6221328690447789,-0.123514920454749,-0.07486480293971005,-0.34470881330421443,-0.4016667201002244
3.1930177211761475,-0.41837857343582824,3.9967061582607313,2.5615269059311414,0.41088419218081285,0.29027357966782963,0.07433665211256496,0.6080315155747635,-0.13094495653224195,-0.07768677975997208,-0.3477525347032122,-0.15218606994988892
3.213090181350708,-0.4141342038449983,3.9996612171940247,2.5622821877632624,0.4198018321096877,0.2906477603114629,0.07397969678164959,0.5870727757690952,-0.13137791851459954,-0.08029427032741512,-0.3501928061359063,-0.12201357163470483
3.233133316040039,-0.40562213087643595,4.0054478515701755,2.5637455552892985,0.4313368688124504,0.2880131444928426,0.07234878192099359,0.5664939414024953,-0.1321376701157237,-0.08277646737243322,-0.35713474156811387,-0.3470967716103779
3.25321626663208,-0.3966895290714147,4.011277793993863,2.5651982616063345,0.44730977736009153,0.2877529800570843,0.0712195371179057,0.5402752038567655,-0.1306305067140966,-0.08503717617667395,-0.36100598350110236,-0.19356209664942448
3.2729456424713135,-0.38288951206125355,4.019902677308476,2.567307668598948,0.46722448289028257,0.2852826694165655,0.0689620586098458,0.5121598650305279,-0.12884722161537257,-0.08710461589287208,-0.3711198917158942,-0.5056954107395928
3.2930753231048584,-0.3734444330857676,4.025582660575926,2.568669356618623,0.47719180739633466,0.28272030033070883,0.06720022454305456,0.48467758423252494,-0.12745421772373763,-0.0890602847588688,-0.3716602318338671,-0.027017005898644086
3.313028573989868,-0.3638054621790596,4.03121164935336,2.5699954242011103,0.4866157657653566,0.28018194012205366,0.06540038256268045,0.45782222930047534,-0.1264453016664421,-0.09090565214645441,-0.37893921094940186,-0.36394895577673836
3.333082675933838,-0.35861972013725635,4.034085270612988,2.570659445351794,0.4975025650748677,0.28060325938656333,0.06478118518446971,0.42392611346064035,-0.12391649910519388,-0.0925098456651259,-0.3786130324238961,0.016308926275288016
3.3529725074768066,-0.3433442274092485,4.042471781673526,2.572566080788448,0.5146878969102702,0.27760201898553144,0.06212773835893733,0.4139858842396594,-0.11927794534640049,-0.0939235167559576,-0.3907067459613822,-0.6046856768743059
3.3729817867279053,-0.33296832682679534,4.048000252433539,2.5737897613515632,0.522869569875345,0.2752589708658405,0.060235921385892184,0.40420842284989844,-0.11510367603448482,-0.09524250828117585,-0.38912710005264195,0.0789822954370134
3.3930325508117676,-0.3275865596518687,4.05076418961767,2.5743891012704965,0.5306135893584535,0.2745628919488047,0.059318741340154545,0.4030780829591371,-0.11768815357884783,-0.09639435451910534,-0.39459925279676655,-0.27360763720623016
3.413198947906494,-0.31689375420527066,4.056231726889468,2.5755561248304186,0.5386627483425315,0.2721815128927925,0.057380067518727075,0.4018160283945573,-0.12048479082785557,-0.09745851484579257,-0.39769206683839364,-0.1546407020813545
3.433018445968628,-0.30590090990888863,4.06166808945843,2.576688296570102,0.5500056401770681,0.2700995182518748,0.05552927000320919,0.40442967008367026,-0.13326635245428195,-0.09832868713198827,-0.40324300577741434,-0.277546946951035
3.453582286834717,-0.2891798913525362,4.069731925830542,2.578313735766867,0.5631639524154608,0.2666123514168403,0.05268275415982323,0.40340239375701914,-0.14707106908416326,-0.09902544347267984,-0.40996113113855026,-0.3359062680567959
3.473134756088257,-0.27783600873666714,4.075033848132366,2.579347543065005,0.571220324380819,0.2635345160335139,0.05069590290249949,0.4022069999120016,-0.16067990522797765,-0.0996472869292116,-0.41255525127602066,-0.12970600687352007
3.493051767349243,-0.2720933539615606,4.077693473131141,2.57985299849496,0.5755341245532904,0.2627128561740165,0.04979261390208869,0.40666076134480234,-0.17974975815987979,-0.10014175642841251,-0.41404964006171463,-0.07471943928469837
3.513064384460449,-0.2605010627648917,4.0829105294472186,2.5808287929242972,0.5837084859972411,0.2589305720921877,0.047785411475267235,0.41070812070268387,-0.19841082117103656,-0.10056704034001354,-0.42068449187748813,-0.3317425907886751
3.5330817699432373,-0.24875920429088932,4.08814141564623,2.5817701907078376,0.5915695022766483,0.2572393821790918,0.04591739830638778,0.4207331741334679,-0.20937117410952946,-0.10082981513071801,-0.4224752313813043,-0.08953697519080706
3.55295991897583,-0.23206113632075448,4.09532688675838,2.583019734215789,0.6022887319908092,0.25338062540148726,0.04319298967386667,0.40596204145881964,-0.19577293013512687,-0.1009465758421764,-0.430898526892451,-0.42116477555733667
3.5730438232421875,-0.21993514477772108,4.100356209395828,2.5838633998159963,0.6102618005591671,0.24959418225333443,0.04117337445862639,0.3913754991991025,-0.18300956369138463,-0.10100535726361266,-0.4326712000356232,-0.08863365715860994
3.5929906368255615,-0.2138477646683396,4.102886113973407,2.5842731559615,0.6132614948008717,0.2488379585258238,0.04024765914537105,0.3992426286917202,-0.19272728616632145,-0.10096681795409708,-0.43433859063206937,-0.08336952982230805
3.613027811050415,-0.20150218875972833,4.107823682901685,2.585057921018259,0.621320523952352,0.2448867463315029,0.038229152480597065,0.4065711171632852,-0.20238366917295816,-0.10087504699816213,-0.44081591939062115,-0.32386643792758907
3.6330196857452393,-0.18903482737730598,4.112691922575001,2.5858052675924905,0.6284244399708677,0.24100650784534278,0.036283640493771224,0.41321849485578727,-0.21467480383673435,-0.10064167002683716,-0.44374954824397417,-0.14668144266765104
3.6530017852783203,-0.1700431025120875,4.119839719857329,2.5868500131535854,0.6395069590605221,0.23495179935210675,0.03331233860908596,0.4199810012287465,-0.2200005824119845,-0.10026602045003365,-0.4529347412056688,-0.4592596480847311
3.6730475425720215,-0.1571685419998819,4.1244943966731675,2.587496233899961,0.6479699235556206,0.2304978637662567,0.03131113018955946,0.42623053660134375,-0.22540608662208372,-0.09984778419644431,-0.45464252258285764,-0.08538906885944275
3.693066358566284,-0.15072570231289134,4.126808024639754,2.5878059036700742,0.6505952861230057,0.22873059951840585,0.03035911066562373,0.4310346605625434,-0.23586348801266624,-0.09935738745278813,-0.45683263757245474,-0.10950574947985459
3.7131476402282715,-0.1376272928975537,4.131334772717919,2.5883932490385715,0.6592601046046321,0.2239097465210674,0.028377189828593233,0.4353695288272252,-0.2462020261088811,-0.09882830544714867,-0.46344794827602254,-0.33076553517839
3.7330331802368164,-0.12445863666271369,4.135807022802527,2.5889430082324765,0.6653752141716318,0.21996886053873,0.026455505155575636,0.43450913764430826,-0.25990371833364007,-0.0981806525731965,-0.466085246616073,-0.13186491700252212
3.7530157566070557,-0.1110643005356513,4.140153516948831,2.5894525270540223,0.6740546907698175,0.21463562282256954,0.02449864702768817,0.43339687438593394,-0.27338312250070107,-0.09749965427230531,-0.47263816404811365,-0.3276458716020336
3.773024797439575,-0.09758506782316133,4.144440298439577,2.589924573474696,0.680589514111559,0.21028029969168427,0.022593772073301106,0.435691624675567,-0.2874796415141818,-0.09670855165591125,-0.47562185399170875,-0.14918449717975513
3.7929983139038086,-0.07701616296349845,4.150653708702272,2.5905595031324684,0.6922844610654231,0.20253380128240603,0.01971858211707144,0.4222007712049793,-0.2997551441952099,-0.09579726734015422,-0.48560416256697003,-0.4991154287630639
3.813157558441162,-0.0630869294648299,4.154643621916238,2.5909347772865687,0.7005941538832426,0.1964170406536888,0.01781195153226567,0.4087803090696689,-0.3118989842069969,-0.09486180409515285,-0.48762057842262374,-0.10082079278268541
3.833101272583008,-0.05609019808347486,4.156621687033657,2.5911083933014996,0.7037299209254453,0.1939882587712549,0.016875233763916826,0.3913317173313995,-0.32894314634291183,-0.0938846285450282,-0.49004660087465357,-0.1213011226014915
3.8529627323150635,-0.03479731387618252,4.162332791463125,2.5915715796732526,0.715618898538747,0.1851595617053778,0.014044558602709896,0.38734771784665695,-0.3399434863223038,-0.09279431293965389,-0.5009003644224905,-0.5426881773918479
3.8729872703552246,-0.020407746332885786,4.165967265976346,2.5918339855411414,0.7233236200776496,0.1782515773437284,0.01219972041932846,0.3830770887206386,-0.35083716689780725,-0.09168665020658634,-0.5026700924220089,-0.08848639997591778
3.893254518508911,-0.013144419072270494,4.167765668454559,2.5919501885216767,0.7273283829084265,0.1755726441799069,0.011256903363246496,0.3669396044055828,-0.3635162674676713,-0.09054684545452862,-0.5054995755545182,-0.14147415662546514
3.913135290145874,0.001474469460511538,4.171203581770018,2.592157293953034,0.7345072642699025,0.16817702057276324,0.009457488682827165,0.3509777665175401,-0.3760163189024234,-0.08939217901006276,-0.5126137599050171,-0.35570921752494655
3.9330456256866455,0.014781203514147941,4.174219964079205,2.5923106651563574,0.7415117858905658,0.16255269053419039,0.00779729613242286,0.338946726479549,-0.39146882537554256,-0.08816488900266736,-0.515561892503233,-0.14740662991079567
3.9529478549957275,0.037212638455578165,4.178955444520795,2.5925029960549892,0.7525126989053778,0.15183153738399277,0.005109828052315126,0.3229683007674266,-0.38765980049274934,-0.08683791713035477,-0.526770957912317,-0.5604532704541976
3.9731225967407227,0.05232643201501285,4.181914777913093,2.5925879138702346,0.7588141383555593,0.14411321262396704,0.0033864014236492028,0.3072126755917233,-0.3842364693737446,-0.08550353688000002,-0.5285556645438176,-0.08923533157503272
3.993032217025757,0.05996726025868135,4.183353368182056,2.592615326435577,0.7630049119862349,0.14074154244730977,0.0024773680193245625,0.3134072039220503,-0.37840722869062704,-0.08415255180106908,-0.5317052693244082,-0.15748023902952824
4.013153314590454,0.07529042963339044,4.186092883675293,2.592648133628832,0.7693311252193679,0.1332279389195203,0.0008078729617146544,0.3191372298311223,-0.3730275086106624,-0.08279605987064408,-0.5384418225653911,-0.33682766204914394
4.033134460449219,0.08303935744605677,4.1873936313613385,2.592648576854968,0.7735179809835616,0.1291739394594712,-0.00010692929155722752,0.3081697592118343,-0.36161804727560354,-0.08142399016087368,-0.5388268549433244,-0.019251618896665157
4.052968740463257,0.11425538624359202,4.1922033979873286,2.5925730598533896,0.7866051850171222,0.11305440955942252,-0.0034979413790151635,0.31773926917433487,-0.34836131954221583,-0.07990681260640643,-0.5564820744881009,-0.8827609772388278
4.073023080825806,0.13005164530941998,4.19439565944562,2.592487220730459,0.7930505933254882,0.10621338009387525,-0.005080918946837316,0.3267009329094405,-0.33586799992869526,-0.07839122572668314,-0.5537636496467262,0.13592124206873724
4.093008756637573,0.13799667584606637,4.195380949272312,2.592427093353855,0.796251587666356,0.10118846412406095,-0.006017775026535166,0.32981815120927777,-0.32773247559396695,-0.07686828304442943,-0.5604479809128482,-0.33421656330610006
4.113176107406616,0.1539878599787318,4.197339684555369,2.5922914655726004,0.8028759478486036,0.0947101949364116,-0.007539936946231189,0.33255491757680494,-0.32019311064651285,-0.0753484401415133,-0.5643003755479654,-0.1926197317558609
4.133036375045776,0.17007372089873943,4.1990530558379024,2.5921160065731113,0.8085528754475122,0.08548695713433681,-0.009263130242228483,0.3330984489705618,-0.3082201654592931,-0.07376916540647696,-0.5713236824097301,-0.35116534308823333
4.154982089996338,0.1863114198314128,4.200701912782716,2.591916095108281,0.8152178648568419,0.0794362276187932,-0.010722772846007969,0.33335263323436554,-0.2969729208383514,-0.07219614922090307,-0.5746893264282908,-0.16828220092803825
4.173120737075806,0.19445346981493647,4.2014047938023165,2.5918013380120604,0.8178456119781546,0.07435753550829616,-0.011540409139869177,0.33972476232184007,-0.2882192515485355,-0.07062728991268007,-0.5775440061577548,-0.14273398647319802
4.1930177211761475,0.227397936374579,4.204023742704346,2.591277562431925,0.830421744825174,0.05977082813074765,-0.01448561051417502,0.34210228894862477,-0.2857272359807118,-0.06893746908951488,-0.5922994869059384,-0.7377740374091779
4.212955474853516,0.24407493080253742,4.205162159917419,2.5909741747855546,0.8372843304780733,0.05407786693201971,-0.0158475612142764,0.34409213570447805,-0.2836350079039542,-0.0672595975276257,-0.590731356799922,0.07840650530082094
4.232997179031372,0.25243752490404253,4.205622751564499,2.59080897120967,0.8399425887226758,0.04942281314820332,-0.016607235320556395,0.3444786869650046,-0.2792494841640407,-0.06559635050106974,-0.5963143904188501,-0.2791516809464101
4.252989292144775,0.2777615604125642,4.206925090458076,2.5902774326370834,0.8494180409874681,0.03948854950706933,-0.018664649026266602,0.34112635703853345,-0.2817020156956489,-0.06387289649778204,-0.604636507455941,-0.4161058518545424
4.273005247116089,0.29481791190897594,4.20765834590249,2.589891479208066,0.8562051956719617,0.03382804574146098,-0.019925000110075627,0.33755252936598057,-0.28438670358455626,-0.062164767091248414,-0.6068917259390476,-0.11276092415533068
4.293287038803101,0.3119742268916653,4.2082229676111105,2.589478172241948,0.8620187607717179,0.026807987600332043,-0.021208739114264852,0.32613850648750464,-0.28844042914145945,-0.06043400093510936,-0.6134800557796147,-0.329416492028356
4.3130881786346436,0.3292790716811061,4.208701160126819,2.5890420251867643,0.8684278590250607,0.020997159727447454,-0.022400254318823552,0.3147807775804941,-0.29267164267228485,-0.058720375105190036,-0.6168221508307692,-0.16710475255772295
4.333035945892334,0.3379710348668088,4.208881097537886,2.5888145571091186,0.8711902402053553,0.017642643266992882,-0.022985857846756105,0.292304792573753,-0.2944253387522351,-0.05703573352262079,-0.6186915905081714,-0.09347198387010813
4.353011846542358,0.35545182638949546,4.209174938479456,2.58834354425336,0.8768156007451343,0.011734943990399026,-0.024109869684661594,0.27031132610999303,-0.29637735038990687,-0.0553683198500728,-0.6248792567791654,-0.30938331354970483
4.373055696487427,0.3642569663347008,4.209276432101681,2.5880985665177354,0.8800428305935235,0.008752555119762693,-0.024680358449790336,0.2476546507138209,-0.2965366915435474,-0.05372854186520543,-0.6248529896471209,0.0013133566022283105
4.392964124679565,0.3908323035738444,4.20941252651421,2.5873315137229307,0.8889964229304972,0.00034169692522601614,-0.026347482869513057,0.21136217106729416,-0.26171346295494013,-0.05204449003860066,-0.6355559551387571,-0.5351482745818092
4.412997484207153,0.40865213410516044,4.209369260075462,2.5867942664596852,0.8928689264177313,-0.004557536037482443,-0.027371695120568168,0.1760508682847431,-0.22847169037234386,-0.05037998876870051,-0.635933624239418,-0.018883455033047447
4.433015584945679,0.4266757390685626,4.20919642325015,2.58623290129748,0.899544391615543,-0.010008030182669546,-0.02847127591633205,0.1450466595900711,-0.19968087468361265,-0.04870131674933934,-0.6427470384538849,-0.3406707107233453
4.452956914901733,0.4538411229774756,4.2087285317708005,2.585352943156379,0.9069129130152273,-0.018134296904941866,-0.030030104760038232,0.11616995578551732,-0.18357232128243872,-0.046983644271963027,-0.6492123520615096,-0.32326568038123504
4.473001480102539,0.4720007256105543,4.208330161319339,2.5847430576904085,0.9089534579945207,-0.021651977653904222,-0.030952793107054215,0.0880021595873932,-0.16834094398821003,-0.045289023511704544,-0.6514250169718672,-0.11063324551787712
4.4930291175842285,0.4812016615071587,4.20802220712559,2.5844274590983844,0.9127730291544761,-0.025753071588644014,-0.03149963288907058,0.07787532007073233,-0.1774933089991452,-0.043626895705337294,-0.6543241982019503,-0.14495906150415738
4.513044834136963,0.4994720244079328,4.207471037325049,2.583788850726261,0.914229663913581,-0.029394385527818014,-0.03235574009402117,0.06779624253908605,-0.18663639976735674,-0.0419876251059421,-0.6587350786821,-0.22054402400748518
4.5331103801727295,0.5179297134314362,4.206757873171571,2.583127776526036,0.9193953425978224,-0.03518707520469863,-0.03331325306358074,0.06319346342124971,-0.19749098401351628,-0.04034161143611219,-0.6633167440674379,-0.22908326926689426
4.552957057952881,0.5456028273487779,4.205616655293535,2.582108861058656,0.923043325595106,-0.04109519473317593,-0.03454419012905818,0.06755474116234436,-0.21704117219531377,-0.038671184118877176,-0.6700312878352728,-0.3357271883917434
4.5730485916137695,0.5640774703772812,4.204750061548526,2.5814103531021275,0.9244338397305512,-0.0456279000085165,-0.03530112262567408,0.07141361989997652,-0.23615730242649463,-0.03702631214878768,-0.6726727433913813,-0.13207277780542537
4.593002796173096,0.5714947561713545,4.204409746758054,2.581127476304029,0.9252980788765444,-0.04687716594271207,-0.03555870941140684,0.044031205009015625,-0.2777274969579147,-0.03543333782857937,-0.6734674402414824,-0.03973484250505699
4.61320686340332,0.5900077340433247,4.203413951516538,2.580409320414235,0.9259108005390411,-0.05283660373443411,-0.03625165173815579,0.017358765597727692,-0.3180013854781774,-0.03386498640454513,-0.6803580698698792,-0.3445314814198408
4.6330766677856445,0.6085469737620531,4.202444801732241,2.579678468343086,0.9264996049715937,-0.055325840924663125,-0.036891421689104455,-0.01856860644680042,-0.331980444664526,-0.032306450835406744,-0.6819081425224356,-0.07750363262781779
4.653017044067383,0.6363811021299566,4.200766026062197,2.5785583671555776,0.927114506077238,-0.06178946528125658,-0.03781094422109106,-0.04803606070403304,-0.35662626178271734,-0.030735393058933965,-0.6908157986473209,-0.4453828062442655
4.6730828285217285,0.654911865427171,4.199457306253944,2.577796104614081,0.9258665867719518,-0.06916215164093754,-0.038410160697578404,-0.07660727869242964,-0.38051722239620805,-0.029190620853566003,-0.693716546023385,-0.1450373688032025
4.69298529624939,0.6642291295716122,4.198864574348174,2.5774125475066576,0.9267456595889942,-0.06978340574862325,-0.038632106155570486,-0.0934789332691921,-0.3994619740733934,-0.027693599119830645,-0.6944929760415888,-0.0388215009101911
4.714174509048462,0.6827442400348394,4.197387777190993,2.576634465193908,0.9247103356281967,-0.07795770597484541,-0.03917121971812135,-0.10999431035843611,-0.4178808682458324,-0.02622197588631472,-0.7026297799354486,-0.40684019469299226
4.733075380325317,0.7013340019645753,4.195939591808133,2.5758481217809144,0.9251442642100114,-0.08128989575030915,-0.0396224550127174,-0.13589118453945756,-0.39351254992620016,-0.024767303286235855,-0.7039172460907865,-0.0643733077668962
4.752976894378662,0.7290797027404167,4.193411535063109,2.574650258547777,0.9222268769631287,-0.09071298853466132,-0.04029547509077549,-0.17298281380785643,-0.3923752848389061,-0.023307791206469808,-0.7146328097760355,-0.5357781842624476
4.773054838180542,0.7474872375419978,4.191518869868468,2.5738397834641145,0.9184073972386904,-0.09855015150426129,-0.04074725643969253,-0.20874486048213065,-0.3913614266602876,-0.021874737226451942,-0.7168982006819804,-0.11326954529724542
4.79297947883606,0.7658843069126514,4.1895268379346104,2.573023027482976,0.9157847793138968,-0.10519375614671558,-0.041114109075193465,-0.2434673643323345,-0.40614596918188867,-0.020462456878267313,-0.7234586808104644,-0.32802400642419904
4.8131935596466064,0.7841490623445362,4.187340768846213,2.5721967456406403,0.9105795580213594,-0.11346104560121524,-0.041509455563482005,-0.2768293955061715,-0.4205139161222124,-0.019076575115516775,-0.7284970933275159,-0.25192062585257524
4.833056449890137,0.7933087009471357,4.186208162054521,2.571782632332851,0.9096657131978545,-0.11669960127969148,-0.04163025448914129,-0.2851481232423936,-0.38290977509045226,-0.017738031441421144,-0.7294441378535814,-0.04735222630327662
4.852923393249512,0.8205495020041481,4.182544437029396,2.5705280571254265,0.9031595266372482,-0.12783222590206736,-0.04208388353190582,-0.3016873912864068,-0.3596427739674362,-0.016400649302588232,-0.7414871669295624,-0.6021514537990491
4.873033761978149,0.838551280517962,4.179917375724152,2.5696831871771777,0.8969650628244721,-0.13479896825822624,-0.04239874036167397,-0.317666069399643,-0.3371617177970117,-0.015089366500908382,-0.7428424289735758,-0.06776310220066861
4.893064737319946,0.8475462398222181,4.178521601239336,2.569259771881445,0.8946499335095618,-0.1389178293153735,-0.04250387160553654,-0.34694261953315997,-0.31266600167015823,-0.013823115838304418,-0.7465037341484071,-0.18306525874156598
4.913386106491089,0.8653679514873189,4.175682301841882,2.5684070129853027,0.8874271914395001,-0.1449332976136726,-0.04276788091930543,-0.3751552912028367,-0.2890220007839399,-0.01258198570404823,-0.7523263149538839,-0.2911290402738409
4.933007717132568,0.8830959545330931,4.172589638667309,2.5675482529584603,0.8813521874565294,-0.15393673108867234,-0.04303571900311588,-0.36753261476938326,-0.2508531740062821,-0.011358324461492805,-0.758413208291651,-0.3043446668883565
4.952934980392456,0.9093882784707464,4.167731540647402,2.5662510217187053,0.8707395221475356,-0.16505079273836507,-0.043395611409099144,-0.36601507916411713,-0.24069996824579848,-0.010134400561560673,-0.7679919487868538,-0.4789370247601399
4.972970724105835,0.9267299660011556,4.1643830397372215,2.565381162915675,0.8634342185194215,-0.16976691461959448,-0.04358627502538143,-0.36451878329172,-0.23098478197741817,-0.00893623643736486,-0.7698586068882589,-0.0933329050702536
4.993068218231201,0.9438892507328215,4.1607630845679,2.5645055221623276,0.8551441224644274,-0.17872110082664763,-0.04381144201909881,-0.3589756636078542,-0.22760141716432522,-0.00775670360603411,-0.7785327573998626,-0.43370752558018477
5.013052940368652,0.9609206990828147,4.157143357938045,2.5636278193348194,0.8480186234584384,-0.18324094231561625,-0.0439549943160878,-0.3536023487319359,-0.22441542347173887,-0.00660277527236417,-0.780857924585256,-0.11625835926967198
5.033074617385864,0.9693230366011164,4.1552157256654745,2.563186453131633,0.8426937365497018,-0.1878365783730533,-0.044053034314466326,-0.3562555665796054,-0.22713893335754637,-0.005487598525364535,-0.7846529043439743,-0.18974898793591155
5.052989959716797,0.9943635001698425,4.14942475947678,2.561860605393,0.829647571002869,-0.19614161930116022,-0.04425868468089084,-0.3642339708819074,-0.22944183892483022,-0.004375337571608511,-0.7945540088464407,-0.4950552251233198
5.073036432266235,1.0108830902467674,4.145455886326475,2.560974629517179,0.8222859964747091,-0.20075329677280218,-0.04433527962264218,-0.3718661017624246,-0.23172215416465777,-0.0032883502947384617,-0.7963758772778782,-0.09109342157187506
5.0929999351501465,1.0190109228246638,4.143406515566261,2.5605297690998126,0.8163134650695637,-0.20398148415638825,-0.04439615250585791,-0.38280930801394514,-0.241660495081423,-0.0022396534489870375,-0.7998817744001379,-0.17529485611298412
5.1130101680755615,1.0352599253257155,4.139277903940706,2.5596414668128045,0.8085519455133866,-0.20891195990635408,-0.04443066172642134,-0.3932612627680515,-0.25134499100484553,-0.0012153092723877004,-0.8055793622961063,-0.2848793947984207
5.132984399795532,1.0592296528329084,4.1328909703216725,2.5583059604888962,0.7943277945537813,-0.21637881330645684,-0.04449781394120786,-0.4040891322447748,-0.24323938846053267,-0.00019742902539022033,-0.8143575095260513,-0.43890736149725385
5.152904272079468,1.0750126463506442,4.128521142956608,2.5574161019076165,0.7854031344904755,-0.22094444523002355,-0.04449031753259766,-0.4157495971126782,-0.23140068970965816,0.0007952600346581171,-0.8171876720024396,-0.14150812381941158
5.173030138015747,1.0906368103864457,4.12405673615501,2.5565265195719524,0.7769763062422722,-0.22545856980281495,-0.0444646880523592,-0.42683856943035947,-0.22010103738675826,0.001763658215262494,-0.8232560746734263,-0.30342013354933695
5.192978858947754,1.098352024187987,4.121791649385569,2.556082091611774,0.7716650820669458,-0.22756613251261326,-0.04443348402589323,-0.4382987235509835,-0.20821340265323068,0.0026930225813193973,-0.8238218278922869,-0.02828766094302715
5.21314001083374,1.1136969306994902,4.117199450661355,2.5551940213279316,0.7627892736327058,-0.2316158383117978,-0.04437052407420657,-0.44918747683417637,-0.1968428164608762,0.0035991114466251734,-0.831009923308506,-0.359404770810956
5.23310923576355,1.1288323852725581,4.112495010147786,2.554306891954752,0.752981156956886,-0.2362452121857695,-0.04430296491531503,-0.45935124545488754,-0.17644337965686685,0.004481091379505823,-0.8351013114352921,-0.20456940633930554
5.25295090675354,1.151201249513218,4.105294673061236,2.5529794925320677,0.7387758869999059,-0.24223144938626986,-0.04416893781810524,-0.4631671828442745,-0.14165514781013994,0.005350901008692775,-0.8443531267949353,-0.4625907679821628
5.273017168045044,1.1658838932832454,4.100423963214541,2.552097240794616,0.7294766927534705,-0.24472816981176915,-0.04405341303275003,-0.4667064159449492,-0.10824522955584308,0.006197772971671162,-0.8460729226758823,-0.08598979404734752
5.293043851852417,1.1803534107269973,4.095427163698985,2.551216931502542,0.7194338178033637,-0.24875993109819944,-0.043938337759743824,-0.469621075425976,-0.07462865967748583,0.007019663733169636,-0.8530536429961177,-0.34903601601177225
5.313064813613892,1.1946479811086472,4.090439208847006,2.5503396223527197,0.710014340125352,-0.2499282641968336,-0.043789912158089764,-0.47228519879865977,-0.0424413941061099,0.00781918667601882,-0.8553068000257773,-0.11265785148297791
5.333054304122925,1.2017008453823865,4.0878551130029095,2.5499014662404225,0.7044705722141806,-0.25233199086047275,-0.043723369251843475,-0.4886153412137821,0.0045109806063766775,0.008584875960994555,-0.8584490334218868,-0.15711166980547642
5.3533289432525635,1.2225973607229383,4.080164209894163,2.548592590821239,0.689120450932834,-0.2554374175359855,-0.04348879265549507,-0.5146075934905217,0.040782785163834975,0.009337514216841631,-0.8670568629629187,-0.43039147705159486
5.373082399368286,1.2362751730431856,4.075065950622067,2.5477247315694855,0.6785779763218602,-0.25427329980262336,-0.04329469545085588,-0.5394492550108883,0.07534612220649863,0.010068638510759146,-0.8673190161163378,-0.013107657670952122
5.392976760864258,1.2497472128286842,4.069807878399533,2.5468603036064383,0.6677752224442602,-0.25753547938197185,-0.04309546875078096,-0.5829257677850153,0.06684623196393998,0.010774253931452454,-0.8750820567382052,-0.3881520310933695
5.41374135017395,1.262983331378093,4.064669960981372,2.546000595078155,0.6556982122026679,-0.2562852872500123,-0.04287310160032742,-0.6244522568534681,0.058138882757064914,0.011459000637933977,-0.8762150992346136,-0.056652124820422145
5.433129787445068,1.2695606666921206,4.062018979034693,2.5455738419434613,0.6507572950417243,-0.25813286169806077,-0.04270838215263415,-0.6512414896691865,0.06225596816121191,0.012108660285233367,-0.8796534878401436,-0.17191943027650147
5.452969312667847,1.2888962078757558,4.054277642709337,2.5443011522915406,0.6341071144999317,-0.2569523343933024,-0.04224701989808983,-0.6673789179089278,0.05576434231357354,0.012735837777936144,-0.8859712354775686,-0.3158873818712493
5.4729883670806885,1.3014438475630115,4.049149299380707,2.54345879989329,0.6206063242682117,-0.25590474925058015,-0.041986194553365,-0.6825381147512398,0.04893923704588382,0.013343453226412042,-0.8885667934889669,-0.12977790056991623
5.49303412437439,1.3138484586593637,4.044073438229997,2.5426281952725183,0.6099381575039433,-0.2538886414066981,-0.041554224290374024,-0.6989560483952276,0.059313860472847604,0.013915776816729255,-0.8917221519725813,-0.1577679241807184
5.513082027435303,1.3259063871788437,4.039008172161926,2.5417999311679442,0.5958033691007832,-0.2526065533192156,-0.041270340267313424,-0.7143538708783872,0.06873773359924736,0.014469549953415956,-0.8961530889438878,-0.2215468485653238
5.5330586433410645,1.331881355153745,4.036523029996918,2.5413917857987802,0.5897812213385512,-0.25101079345769056,-0.041012095275264185,-0.7537369029026886,0.05049707198043807,0.014988303033649673,-0.8958581434048769,0.01474727695054412
5.552972078323364,1.349295984781743,4.02905152395098,2.5401714558166923,0.568756214997724,-0.24856113725952408,-0.04046329243805165,-0.7735530159398095,0.032762031705859215,0.015484205785518389,-0.9049460899930271,-0.45439732940750766
5.573023557662964,1.3605151400298503,4.024085683405577,2.5393653190115897,0.5530974235368066,-0.2480812258970955,-0.04014879215699078,-0.7921191724817388,0.01526943076132893,0.015962983391877378,-0.9076202830527436,-0.13370965298582504
5.592978477478027,1.3660642440101938,4.02166591636689,2.538968236820432,0.5464631643328239,-0.24621520726455845,-0.03988280003804814,-0.8342091285049525,0.008230819466026435,0.016409726984975344,-0.9083451047930993,-0.03624108701778539
5.613258361816406,1.3768239680178602,4.016742783740722,2.5381738917404606,0.5293761599541846,-0.24612187611196934,-0.039550272567230066,-0.8741325359967274,0.0010846472094789366,0.016840347442327323,-0.9165321360050873,-0.4093515605994025
5.633065223693848,1.3873702991569443,4.011968693153244,2.537392028522754,0.5149599531211974,-0.2424870271375312,-0.03906134640360108,-0.9214323955339896,-0.015119559800238623,0.017239657857604906,-0.9171592822797545,-0.03135731373336004
5.652983665466309,1.4025210803472867,4.004795071354714,2.5362326866671365,0.4902570779647484,-0.23996672036154648,-0.03840207607072203,-0.9712025916733004,-0.02903087798028547,0.017613422934628566,-0.9280934660176965,-0.5467091868970986
5.673024654388428,1.4121287931629816,3.999989017216214,2.5354681920123965,0.4703569400235665,-0.24068414117230835,-0.03804619248322776,-1.0183822221485772,-0.04266521890587944,0.017972501636228756,-0.9338037403471229,-0.2855137164713195
5.69296669960022,1.4168972322248867,3.9976848236638203,2.5350942697247025,0.4630748074736175,-0.23820694422229802,-0.037703856033652915,-1.065199145458683,-0.051187199580822504,0.018300211447541143,-0.9330356789472227,0.038403069995007755
5.713080883026123,1.4259426954235257,3.992909884513007,2.534343873808872,0.44132397441840115,-0.2393150238895098,-0.037334688763619284,-1.1094610887550362,-0.05960311354840913,0.01861424974332676,-0.9468401388084402,-0.6902229930608739
5.733087539672852,1.4347835844347503,3.988271290847048,2.533610262050353,0.4247820631406494,-0.23662286035430014,-0.036719988295230946,-1.1407829726662775,-0.06612744716049576,0.018893610820152982,-0.9477436955478926,-0.04517783697262079
5.753037452697754,1.4430490815835868,3.9835251788455923,2.53287965900012,0.4016699402729183,-0.2380097113188264,-0.03633942749552845,-1.1700968553088633,-0.07253892193344676,0.01916038293527412,-0.9632053305521375,-0.7730817502122456
5.772993087768555,1.4471478746143203,3.981229968180449,2.5325237797938507,0.3936204347443105,-0.23633365131652398,-0.03595463598806172,-1.2033334508336382,-0.08377991516225311,0.01939752541112923,-0.9594398490491103,0.1882740751513623
5.793012857437134,1.4585451068129822,3.9741843065177536,2.5314598654409317,0.36099685610735444,-0.23661099824104243,-0.03520482106243838,-1.2239904184478314,-0.09495846944011814,0.019608816327214312,-0.9848462868796597,-1.2703218915274705
5.814085006713867,1.4682525417455834,3.9675886366392175,2.5304847593960846,0.328818879073891,-0.23736758118558107,-0.03458571618533459,-1.2450263590429493,-0.1008662283484502,0.019801032494280776,-0.9991214539200333,-0.7137583520186785
5.833091974258423,1.4745785981839046,3.9628207275728897,2.52979701756097,0.30372240241526177,-0.23944237559501683,-0.03418786203547382,-1.2643354526807355,-0.10658131567432208,0.019982621803201657,-1.0170495859379032,-0.8964066008934957
5.852926969528198,1.4804737829783672,3.9581020905301387,2.5291118263692427,0.2800531444399591,-0.23960687609134287,-0.03393849624546924,-1.2775600537230243,-0.13842765365164653,0.020158183761138534,-1.032522469248386,-0.7736441655241455
5.8730151653289795,1.4858185343643306,3.9532802017884596,2.5284370992626295,0.25438337771542624,-0.2426843321345486,-0.033533663990446556,-1.289145380901622,-0.16912809675796514,0.020323313453304532,-1.057500906011203,-1.2489218381408485
5.892948389053345,1.4883145828294921,3.9509036855153408,2.528098152070562,0.2420703112918321,-0.24300870429966123,-0.033455149617934186,-1.2669771798502396,-0.20923762586050634,0.02048286047896817,-1.0620513596646162,-0.22752268267065556
5.913127660751343,1.4929040868024601,3.9459990638638653,2.5274331557759524,0.2169549966527796,-0.24758223892954329,-0.03304398201648036,-1.2445041135946675,-0.24787134569784516,0.02063221048522498,-1.0934672862005144,-1.5707963267948966
5.933096170425415,1.496936250775427,3.941167984980241,2.5267667160513496,0.19050131224063482,-0.24839472405266336,-0.03288507152400947,-1.2192791914122831,-0.27705559009601477,0.02078203810306311,-1.1248832127364121,-1.5707963267948966
5.953253984451294,1.5019806019609883,3.933725968272255,2.5257752218640728,0.15048750800275185,-0.2530878306121072,-0.032681789859104304,-1.200076548943164,-0.3020051134468594,0.0209427840664413,-1.15629913927231,-1.5707963267948966
5.973047733306885,1.5047516299252586,3.928602193526086,2.5251257848022504,0.1266801568417658,-0.2593697349418098,-0.03226141629855012,-1.1806161285847687,-0.3260325822491593,0.021092793662974098,-1.187715065808208,-1.5707963267948966
5.993063688278198,1.5058048714393923,3.9261046912837574,2.5247841664593946,0.11079369105217314,-0.25976966520493294,-0.0326327549163383,-1.135749866040196,-0.3614151841782239,0.021265800615839308,-1.219130992344106,-1.5707963267948966
6.016865968704224,1.5077965480839886,3.9208347282081277,2.524135775484223,0.08852097798680235,-0.2673397856501216,-0.03220580389646538,-1.091648389113059,-0.3953584711408343,0.021427414300270498,-1.250546918880004,-1.5707963267948966
6.03299880027771,1.5084273165352726,3.918256684494848,2.523791527949622,0.07205435044138289,-0.2681198836668598,-0.03264993527708752,-1.067225594818406,-0.40359779372807175,0.021615671722515467,-1.281962845415902,-1.5707963267948966
6.053066968917847,1.5100805164930133,3.907376728329294,2.5224683308695837,0.02041331186958792,-0.2802500343496996,-0.032653042315854565,-1.0267690578172315,-0.40232277572908415,0.02183644358949278,-1.3133787719518,-1.5707963267948966
6.07291841506958,1.5102861027875327,3.901691350556634,2.521819651356072,0.0002786246255706015,-0.28828332879253044,-0.03221421798707773,-0.9867769146805415,-0.4009985561901831,0.02204376085870326,-1.344794698487698,-1.5707963267948966
6.093091011047363,1.5101643284161421,3.901725287133561,2.5218050014745836,-0.0032627052958983066,-0.28717577917603065,-0.03270195063668007,-0.9476761395990366,-0.4005583545608184,0.022266431045787956,-1.376210625023596,-1.5707963267948966
6.11301326751709,1.5093688004586403,3.892950445694131,2.5208074371533455,-0.03921288615976074,-0.29881367960646477,-0.03238728530552335,-0.9226112252344388,-0.4165783621078521,0.07325468908424189,-1.407626551559494,-1.5707963267948966
6.133097410202026,1.508401687643867,3.8868898275307644,2.5201776382049426,-0.057415102544485036,-0.3072989345481945,-0.03042953042578535,-0.897623425233202,-0.43181787211912287,0.12217883228297484,-1.4390424780953919,-1.5707963267948966
6.153107643127441,1.5067079756113477,3.8806559787186576,2.5194843905494175,-0.08378018665485701,-0.3158799402621686,-0.030995237301105986,-0.8215037894922017,-0.420704646856434,0.117148702266228,-1.4704584046312899,-1.5707963267948966
6.172903537750244,1.5035837304341484,3.8709771179507326,2.518529958520955,-0.11479475532841572,-0.32878680401923865,-0.029614131991527553,-0.751296821281615,-0.4024749396691127,0.11232387706404627,-1.5018743311671878,-1.5707963267948966
6.193042278289795,1.5011421669304814,3.8643220709726105,2.517959824357017,-0.12913353000337263,-0.33665920649802866,-0.02741501060248028,-0.682877012004023,-0.3848686367509339,0.10760599965138219,-1.5332902577030858,-1.5707963267948966
6.213428735733032,1.4995662806107213,3.860892787005703,2.517652761702548,-0.14251844184617504,-0.3416346617927909,-0.027426714675344074,-0.6112503959308807,-0.36341979845281597,0.10316827239180947,-1.5647061842389838,-1.5707963267948966
6.233044147491455,1.4947001871467218,3.850387216544941,2.5168570949622096,-0.16944645550309542,-0.35521397121449333,-0.024900062534918097,-0.5614496038609647,-0.3585637105147075,0.09882755464591522,-1.5961221107748818,-1.5707963267948966
6.253352403640747,1.4912022314000994,3.843211546036695,2.516378574708622,-0.18018689606956628,-0.3623370314115893,-0.022966107832841854,-0.5127824962018269,-0.35374925185740974,0.09458403606696074,-1.6275380373107797,-1.5707963267948966
6.273046016693115,1.487499125227111,3.8358943744382845,2.515937891277692,-0.18996524092835293,-0.3693642191732521,-0.021116059446265763,-0.46523822512035395,-0.34897647586947633,0.09043676438409141,-1.6589539638466777,-1.5707963267948966
6.293028831481934,1.4870865172047942,3.8357375998491876,2.5159206643991925,-0.19938154013194803,-0.3732034612104117,-0.021577766019753707,-0.4144197842276141,-0.3454729256837904,0.0865795343721777,-1.6903698903825757,-1.5707963267948966
6.313225507736206,1.4806418017500236,3.8242896006071576,2.5153146965280144,-0.21971474747491715,-0.38630609437749625,-0.01893226511015645,-0.4285726133530791,-0.3478307451446211,0.08277551163777658,-1.7217858169184737,-1.5707963267948966
6.332910776138306,1.4736845170123969,3.8124681379641574,2.5147897569474345,-0.23715179958514543,-0.39898348657617877,-0.01630404981083182,-0.415058351749616,-0.36311628555821235,0.0790204351606884,-1.7532017434543716,-1.5707963267948966
6.353058815002441,1.4688593800184564,3.804414861961465,2.5144792340514392,-0.2453162067742097,-0.4063926681459094,-0.014760467003344602,-0.40135052512019115,-0.37768276960425584,0.07535225632017538,-1.7846176699902696,-1.5707963267948966
6.37294602394104,1.4637676531836141,3.796148444814083,2.514216430135012,-0.25552053271426006,-0.4153032949306269,-0.01283219873045916,-0.3779927848563878,-0.36918345464928903,0.07178300180942132,-1.8160335965261676,-1.5707963267948966
6.393067836761475,1.4585831914038332,3.7877690969737574,2.5139739090195263,-0.26284843632728766,-0.4226039481935759,-0.011431530120390143,-0.3548301081152449,-0.36092113497798345,0.06829779700961681,-1.834023119394287,-0.899476143405975
6.416792869567871,1.455921144219996,3.7835041559490157,2.513878295180681,-0.2665877279619309,-0.4267797673262773,-0.01040131425189493,-0.33050975919873454,-0.3551654409290271,0.057442447023401774,-1.8263300652738095,0.38465270602388024
6.43293023109436,1.4505248896337861,3.774897906576812,2.5136810513183985,-0.272957956991153,-0.4338262938525066,-0.009358083490353927,-0.306577612510326,-0.34950261321023124,0.04693892431153422,-1.830154547354875,-0.19122410405327805
6.453045129776001,1.4477638382010314,3.7705026392710153,2.5136057438755404,-0.2760829120820981,-0.43848176829874075,-0.008534594560862684,-0.26250888231457925,-0.3514487084647559,0.04459848536519509,-1.8278607724434313,0.114688745572189
6.472898960113525,1.4364610954716397,3.7526151070908256,2.513204026900132,-0.2877191117656658,-0.45417976545901745,-0.009423793870473929,-0.25789004213356215,-0.3504142783232059,0.042448988171180216,-1.8273099873309384,0.027539255624642323
6.493076324462891,1.430655459514077,3.7434615061432877,2.5130239001025947,-0.29282799963694867,-0.46117633211074416,-0.008595878980485454,-0.25294483251747046,-0.34921516881536596,0.04035105025509822,-1.8265261689155379,0.03919092077002695
6.5134148597717285,1.4277275364920632,3.7387973442632245,2.5128582199506493,-0.2946815893018859,-0.46556588735021676,-0.010439435178580857,-0.22823368247850112,-0.33870586870513697,0.03849809158020309,-1.8252175736455816,0.06542976349781515
6.532866954803467,1.4188287037806138,3.7246440957119753,2.512539346565713,-0.3000725140056836,-0.47655181031952315,-0.009863075768934462,-0.21040227849484014,-0.32033696873601764,0.03671544959398452,-1.8219324918442434,0.1642540900669065
6.55308985710144,1.4127863469173492,3.7150501928054718,2.5123493114166444,-0.3041047257720433,-0.482778841801086,-0.009146240197409504,-0.19286827607058876,-0.3024453314454839,0.03497512458051381,-1.821779556164571,0.007646783983616956
6.572930097579956,1.4067679103085897,3.7052657586577937,2.5121689793092083,-0.3051694314737271,-0.4904567931991764,-0.008621062744894423,-0.1676513718239534,-0.2830125483269226,0.03330942689741125,-1.8169479219626745,0.2415817100948292
6.59305739402771,1.4006326423834679,3.6954012894524926,2.5120031108978167,-0.3082753118500234,-0.4959271056408045,-0.007971197266611727,-0.1430365172644604,-0.26410595314833574,0.03168375836691689,-1.8170984907813086,-0.007528440931703351
6.613084554672241,1.3976071666120258,3.6903636580425125,2.511899039572887,-0.30768009905719507,-0.5002251817617049,-0.008433001932099659,-0.11992813648105385,-0.2379927150556072,0.030186315933967704,-1.8134343010800116,0.18320948506485024
6.6332197189331055,1.3883591653309413,3.675158858147137,2.511627326967717,-0.31003290984637005,-0.5097861333534386,-0.008452949025204687,-0.09381171090337892,-0.2144696218686343,0.028776828945277062,-1.8094814792733689,0.19764109033213462
6.653056621551514,1.3821414510405519,3.6649217740526505,2.5114639310794673,-0.31165378421512696,-0.5138462428796781,-0.00789122543204629,-0.06839109839735692,-0.19165953042506817,0.02740113350694027,-1.8087327399442281,0.03743696645703842
6.672945261001587,1.3790580572251991,3.6596831658852436,2.5113714412433708,-0.31107088154737633,-0.5181827215808299,-0.0079951464426134,-0.04267803327158755,-0.17331725391994596,0.026116033004537433,-1.8055398106853926,0.15964646294177598
6.692988872528076,1.372829781967312,3.649286043038489,2.511216677398336,-0.3116733454382163,-0.5214702716152766,-0.007485418504049226,-0.017688264130951595,-0.15552971134812893,0.024861894761743483,-1.804008527190883,0.07656417472547972
6.713078022003174,1.3666152012308972,3.6386698453610267,2.5110974077287636,-0.311266949888907,-0.5283177820826236,-0.006262217805234116,0.0074312212207789064,-0.14142680470550612,0.02360838948191593,-1.7992145137842992,0.2397006703291904
6.733004331588745,1.3603929862787276,3.6280761231321774,2.5109768030362636,-0.3108732654187864,-0.5310088570040477,-0.005802326429699203,0.03181532687770476,-0.1277515892154829,0.022385888648705686,-1.79788786084938,0.06633264674595907
6.753117799758911,1.354200018601949,3.617298952965711,2.5109267086911675,-0.3096082000679755,-0.5366927751876095,-0.0037924700447018525,0.054001406769976196,-0.11680492603163369,0.021110847349070993,-1.7929220356897293,0.24829125798253582
6.772937059402466,1.3449471008051908,3.601079251505683,2.510868511335396,-0.3074797571640627,-0.5419739259007643,-0.0018545775805015614,0.07591756247814044,-0.10742344119797399,0.019781693560092836,-1.7881585465357626,0.2381744576983369
6.793106317520142,1.338814117707425,3.5902188995021285,2.5108352892660353,-0.3057476651386602,-0.5440309501315062,-0.0014719431217978982,0.09718392067579093,-0.0983260957006542,0.018487557468594894,-1.7860507604481901,0.10538930437862248
6.813128471374512,1.3357814067925888,3.584728686569627,2.510865285569761,-0.3040250969272238,-0.5461717767062926,-5.338030170091538e-05,0.11676646899406401,-0.08787020432833817,0.017181444550251272,-1.7836845298724522,0.11831152878689633
6.833011627197266,1.3297255341088787,3.573788357693646,2.510867568951721,-0.30149886286976063,-0.5478273470506104,0.0002774828296144057,0.13575914532805627,-0.07774099562623876,0.01591073775340667,-1.7800629935968906,0.1810768137780805
6.853132724761963,1.3267250375722102,3.568269444417671,2.510914850596,-0.2997564336880491,-0.549535367516783,0.0016750343843045538,0.15267983149023878,-0.06719080239218915,0.014628160674492647,-1.7785445782071414,0.07592076948745863
6.872937917709351,1.3148616144756273,3.546186966489671,2.511060789964137,-0.2933236803108504,-0.5532447577569042,0.003919031678795864,0.1684287132857292,-0.05576246791007935,0.013266027334409139,-1.7686131593857621,0.4965709410689634
6.893048286437988,1.3090298518746106,3.5351116619247662,2.5111417349421785,-0.2898017252824062,-0.5542488560799008,0.004171055341864509,0.18368515328257595,-0.044709604027196134,0.011942785142532986,-1.7677590184657048,0.04270704600286557
6.913946151733398,1.3061651565237122,3.5295531035735572,2.511223773160024,-0.28715064801734597,-0.5549718980851797,0.005405109154468812,0.19544208971416585,-0.032939705213825624,0.010621542888593405,-1.7647069479135085,0.1526035276098181
6.933124542236328,1.3004619970271323,3.518447842385907,2.5113339135099686,-0.2831273599603468,-0.5555163153257441,0.005604650905733221,0.20682466177418704,-0.021568026520163416,0.009339055436349088,-1.7606260776952687,0.2040435109119887
6.953164339065552,1.2948745729083933,3.5073093154988952,2.511503771771667,-0.27801709093059734,-0.5564073344451687,0.007162052582434179,0.21863716623722088,-0.006949816819269008,0.008033612465740785,-1.755920997579111,0.23525400580788336
6.9729437828063965,1.2866621833099896,3.490601326055356,2.511754205915598,-0.27051636442475857,-0.5568740165916961,0.008297026278254545,0.22800386774367604,0.004660539348912125,0.006716535970614213,-1.748718384416874,0.36013065811184575
6.993170261383057,1.2812980654784416,3.4794655313158915,2.5119214039654247,-0.2658652456810286,-0.5566681233580145,0.008418523049171619,0.23705584010902978,0.015860813691536104,0.00543983180541767,-1.7461357511007836,0.12913166580452717
7.013457775115967,1.2786900340291503,3.4738942764805762,2.5120337169317217,-0.2622965193600749,-0.5565594077528458,0.009250145206371019,0.2457786408010838,0.02607033547681506,0.004188829936253975,-1.7433285131625413,0.1403618969121112
7.032979488372803,1.2734938245965686,3.4627689641866226,2.512219476175368,-0.25729643234057686,-0.5559390440105073,0.009321740520603788,0.2541761726425588,0.035903695084195345,0.0029772311810158693,-1.738691036382101,0.23187383902201208
7.053045034408569,1.2709706735702408,3.457203923958291,2.512338170210225,-0.2536204091985578,-0.5556875222258946,0.010057173481046601,0.2613529058196934,0.046014168768235844,0.0017939015897178126,-1.7366765244383333,0.10072559718838914
7.0729453563690186,1.261090282082997,3.435003518986996,2.5127755776365035,-0.24167070667488136,-0.5539866231139643,0.010944393959524339,0.2707465784606556,0.05233735590570168,0.0006022718097729226,-1.7242185054198802,0.6229009509226557
7.093044996261597,1.2563116253339262,3.423934661971982,2.5129945084897116,-0.23616486573802528,-0.5528789043115439,0.010944849828032314,0.27977739844647304,0.05838963028274014,-0.0005501957325963766,-1.723212213172999,0.050314612344060095
7.113169431686401,1.2540071824642758,3.418417718698677,2.513120273901864,-0.23204863930925443,-0.5519841427598259,0.01138444924057011,0.2894907080745664,0.062340071507267766,-0.0016584287148253484,-1.7193992323166487,0.1906490428175145
7.133039951324463,1.2472103608207783,3.4019003515599215,2.5134752597922327,-0.22232560880037863,-0.5496562046459241,0.011728533366151145,0.2966998465884058,0.0664226122542504,-0.0027419411097497595,-1.710466607483625,0.4466312416511853
7.1530702114105225,1.242823654559329,3.3909207744842464,2.513709211703947,-0.21632196291185782,-0.5482885384177443,0.0116631703459216,0.30361623292876927,0.07031199965605865,-0.003788186240767925,-1.7074268849700114,0.15198612568068093
7.173006296157837,1.240711155785249,3.3854651855726625,2.513837605101504,-0.21221202727815966,-0.5468359182286048,0.011952372144724058,0.31001258090858813,0.0768793121306192,-0.0047863762063522835,-1.7045278058815252,0.14495395442430947
7.193094253540039,1.2365293304516756,3.3745442664206053,2.5140756305009986,-0.20595009861381097,-0.5452350691442343,0.011846958832133402,0.31613487325759737,0.08315771627824942,-0.005749075034421046,-1.6987526613348707,0.28875722733272546
7.213378667831421,1.2325204578072675,3.3636926641987115,2.514327663277331,-0.19839070166597325,-0.5425957904718354,0.012123110597031205,0.32387563917217616,0.0916536202870261,-0.006671455633311615,-1.6931782643232354,0.2787198505817656
7.233062267303467,1.228617917475585,3.352859627065193,2.5145687314075067,-0.19183869218211594,-0.5406808306875486,0.01198074105628113,0.33126750424830625,0.09978134863473921,-0.007559871716456687,-1.6881475000445048,0.25153821393653075
7.2530786991119385,1.224890096199476,3.3420944988978443,2.5148197931749623,-0.184198902049506,-0.5379644448657627,0.012141358160057755,0.3268706158783301,0.10375656181880244,-0.008404698468793666,-1.681994069252561,0.3076715395971874
7.272961854934692,1.219542119776251,3.3260177314478816,2.5151872538999154,-0.17347311047999217,-0.5343360419832249,0.012079249081075622,0.32840356647954183,0.11186368068773023,-0.009213270512845236,-1.672590915583692,0.47015768344345066
7.29307222366333,1.2161384332614926,3.3153539057320547,2.515426943903878,-0.1668909112534183,-0.5320207097485532,0.011887161312837536,0.32979252223544125,0.11960970487069932,-0.009990277675525084,-1.6688021621376201,0.18943767230359398
7.31318736076355,1.2145237875131907,3.3100563029520145,2.5155500874298835,-0.16252220227676556,-0.5303820179860514,0.0119116552858335,0.3278455557113999,0.11520113639354781,-0.010717177336915972,-1.6655217855178464,0.16401883098868808
7.333281993865967,1.2113387822226191,3.29947141395655,2.515786130126608,-0.15598485369936033,-0.5281212413009773,0.011690290314445885,0.32588748710564247,0.11089319206569032,-0.011414405114605666,-1.6592193271035942,0.31512292071260717
7.353066444396973,1.2083471875080454,3.288961665142222,2.516023631075471,-0.14790000554588292,-0.5250520386422106,0.0116024760596003,0.322936710229587,0.11340412475694982,-0.012062627851574591,-1.6525283449218096,0.33454910908923274
7.372933864593506,1.2054789384475966,3.2785011151739223,2.516254881252783,-0.14068455059074592,-0.5223087084929199,0.011409728969761637,0.3121788751742604,0.09804338289032916,-0.012672253162062526,-1.646677951098149,0.2925196911830241
7.392997741699219,1.2027269836504484,3.2680735539533328,2.5164805020869903,-0.13454561520615577,-0.5204967312879313,0.01115041201806991,0.30177298306478245,0.08324794420595749,-0.013254988703334013,-1.641317256366769,0.26803473656900056
7.413152456283569,1.2001775407142847,3.257753044544059,2.516704150746462,-0.12649377455737668,-0.5170183102990963,0.010960133103513597,0.2941802804316824,0.07016436280132184,-0.013788373250797676,-1.633954836727796,0.36812098194864973
7.433079481124878,1.1977060077095965,3.247425863318723,2.516920561428073,-0.12068399561411926,-0.5157418039617787,0.010679240504534827,0.2868393193420481,0.05756673976152106,-0.014296744506982989,-1.6291500819769125,0.24023773754417999
7.453198432922363,1.1965771215272587,3.2423422834071554,2.517027697799286,-0.11606956762571093,-0.5132736058829,0.010559740314148969,0.2783778289647492,0.03971024340470169,-0.014760842848987312,-1.6255961012084228,0.17769903842448365
7.472955942153931,1.1922595220227772,3.2219793025143373,2.5174389931277834,-0.10267550782839452,-0.5085042244948186,0.009980247609136315,0.24580874025329497,0.014133319376983535,-0.015177241471580054,-1.6100037965258647,0.7796152341279061
7.493929862976074,1.1902530650505214,3.211810389094206,2.517635535974048,-0.09807457945468899,-0.508469077258889,0.009672722373425651,0.2144914703486002,-0.010454804582215036,-0.015571639476316972,-1.6088713070350633,0.056624474540067915
7.513156175613403,1.1893563994914347,3.206814257085946,2.517729158951234,-0.0938800733353995,-0.5061502361348765,0.00943747626645695,0.20539973605427278,-0.025825539175410105,-0.015920732073942935,-1.6041437480607814,0.2363779487140949
7.53296160697937,1.1875192912157448,3.1966850945195384,2.5179147020707218,-0.08985977172842322,-0.5068151280405915,0.009115739475693574,0.19669440327848603,-0.040557934114195886,-0.016249598584728523,-1.5996934170512769,0.2225165504752269
7.553101301193237,1.1867352040085655,3.1917253967304786,2.5180019874340434,-0.08514244581695073,-0.504208650452868,0.008864784276064302,0.17100977887163185,-0.05495939350382261,-0.01653586630046174,-1.5954029051392422,0.21452559560173334
7.572908401489258,1.1836241694328955,3.1716776293320894,2.5183398408516826,-0.07469304222342678,-0.5025282450456662,0.00811445615078339,0.13752133567977218,-0.07165727592448926,-0.016770572350204165,-1.5821511996867526,0.662585272624483
7.593063592910767,1.1821556483847413,3.161611657801928,2.518498761067384,-0.07226615895563365,-0.5041220375850638,0.007776839904372052,0.10539214974366931,-0.08759632398959748,-0.01698823078316857,-1.5823002988493164,-0.007454958128194633
7.6130900382995605,1.1815306730695294,3.1566492487742304,2.5185728041479436,-0.06872112990735588,-0.5026429356092555,0.007520455826980872,0.08795637772979663,-0.08569544374683288,-0.017169254213679756,-1.5775064197570408,0.2396939546137844
7.632944345474243,1.1796241425147147,3.1416039286365547,2.5187885151556584,-0.06283465851359468,-0.5031851116190416,0.006943974641657678,0.08598639045936297,-0.08249461003443383,-0.017311294264207324,-1.5701082084145481,0.36991056712463166
7.653112411499023,1.1783845256275234,3.131523939981206,2.5189239236420793,-0.061132909117167976,-0.5048031439466777,0.006596448555556965,0.08422266468781621,-0.079311624730386,-0.01743893120274793,-1.5692516321779282,0.04282881183099718
7.672958135604858,1.1773004731467283,3.121466756392251,2.5190507333106718,-0.056420569787679925,-0.5049825945137806,0.006211345246656654,0.10237285367266603,-0.05880322901973972,-0.01752898413039965,-1.5625305640124783,0.3360534082724964
7.693021297454834,1.1761937159292863,3.111356677795329,2.519171449060944,-0.05419667535150584,-0.5059591197969996,0.005859972561494759,0.11991594232088006,-0.03895949904431092,-0.0176061530422444,-1.5608544969842573,0.08380335141104922
7.713050365447998,1.175679412241359,3.1062876960740486,2.519229184510133,-0.05235381607424286,-0.506437016135209,0.005685815128647086,0.1361504901016496,-0.014858062838313035,-0.017659974201517346,-1.5585053861591964,0.11745554125304203
7.733306646347046,1.1741279233065496,3.091025899278677,2.519392738512271,-0.04939023831288615,-0.5085406700516214,0.005183058007826435,0.1553132264063461,0.006659483809198394,-0.01768443811955337,-1.5539458902670846,0.2279747946055899
7.753129720687866,1.173172425079752,3.080857814027976,2.5194928617010826,-0.04609794674839596,-0.5081986760101443,0.004829215728435543,0.17380462962787538,0.02741332390051756,-0.017697984397780718,-1.5503173538313262,0.18142682178792224
7.772955894470215,1.1721739460832221,3.070569535311707,2.519587746893719,-0.045398334617614104,-0.5107605140165817,0.004522260257627615,0.18578042497010203,0.052728364297607834,-0.01768493303045081,-1.5495007187402838,0.040831754552117516
7.7931084632873535,1.171303912293655,3.0603665118194376,2.5196746564713193,-0.04156656093395,-0.5094605505664739,0.004168773531695115,0.1973255182156825,0.07711392976681455,-0.01766212686615781,-1.5440748243156608,0.2712947212311523
7.813069820404053,1.1708110497392108,3.0551731712759604,2.5197169270817237,-0.04199127055547244,-0.5114817268160385,0.00403477468640885,0.205997592952438,0.09351908017119787,-0.01762426243661483,-1.5457559205031433,-0.08405480937412335
7.832915306091309,1.1695561293353893,3.039750909710979,2.519831282092249,-0.038227047137278765,-0.5119342328330421,0.0035422709290385363,0.21482164397444115,0.11100685529087768,-0.01756090051240508,-1.539102313385154,0.33268035589946177
7.853096008300781,1.1688351280573506,3.0295355567006665,2.519898619962903,-0.033844528216991104,-0.5095451434065565,0.0031917544816939167,0.2233874229073447,0.12778443560403993,-0.017489399245392077,-1.534775098511533,0.2163607436810544
7.872951507568359,1.1680851017315308,3.0192085806048388,2.5199605474873508,-0.03222602168317951,-0.5108539163672743,0.0028796198180357753,0.23313330151884262,0.145671824346823,-0.017395321610312122,-1.5331052887160954,0.08349048977187579
7.892992973327637,1.1674878415257923,3.0090217917057736,2.520014667447814,-0.027468588172477635,-0.507767839967568,0.0025327135337784093,0.2425565756868314,0.16281204779158312,-0.01729413210148698,-1.5267143295792809,0.3195479568407267
7.913199424743652,1.1671505153640964,3.0038545504718277,2.5200399695848765,-0.027111812777802894,-0.5087389699802405,0.002386444731197449,0.2493718891324424,0.18244038834991994,-0.017181605885625898,-1.5277381430853603,-0.05119067530396926
7.9329142570495605,1.1663721155745617,2.9885720604570687,2.520104780079753,-0.02179238123389325,-0.5060199150997619,0.0019005547605350937,0.25261832868960615,0.20099199086188244,-0.017046313752802373,-1.519338022234633,0.4200060425363583
7.953116178512573,1.1659870016223621,2.978493057602032,2.520139391216289,-0.016708620027418773,-0.5018211755252632,0.0015610287890413157,0.2557365402009385,0.2187506170724827,-0.016905346798909444,-1.5143060440718292,0.2515989081401937
7.972933292388916,1.1656098227475,2.9683640722566453,2.520169060062149,-0.01387220039024285,-0.5006814445384298,0.001269384589895274,0.25690974572909586,0.23614356447293014,-0.016746627855168363,-1.5112078716485184,0.15490862116553927
7.993129253387451,1.1653838366527822,2.9583987924071087,2.520191109251022,-0.008722648202444231,-0.49579117285432595,0.0009360794064670489,0.2580380158609804,0.2527539948354421,-0.016583096829835078,-1.5043318192970299,0.3438026175744291
8.013152837753296,1.165267326887117,2.953374745693134,2.5202011487977924,-0.0073337684717153405,-0.4953119344572052,0.0008158897139216434,0.255263957618372,0.2724882369764116,-0.016413547006854975,-1.5039948937357615,0.016846278063420428
8.033102989196777,1.165171522805232,2.943524275926246,2.5202141954032156,-0.0022556580665986595,-0.4896722123950506,0.0004893504324475163,0.2525584392855504,0.2913373720530556,-0.016239667360964632,-1.4962363496801028,0.3879272027829339
8.053050994873047,1.1651420528046486,2.9336678439885295,2.520222971406209,0.001963800630594108,-0.4867517188369973,0.00022036830267007908,0.24853745577751093,0.30291727999771473,-0.016051091682202628,-1.491604795414879,0.23157771326118848
8.072929859161377,1.1652272181385002,2.9239544743083687,2.520224809466758,0.006746831909560161,-0.4818828380975071,-7.728230134843336e-05,0.23952163362892082,0.31507584370111297,-0.015853599908141325,-1.4851256085448585,0.3239593435010235
8.093169689178467,1.165409472235619,2.91438061252875,2.5202201064278325,0.0114494693655934,-0.4754648581806022,-0.0003923525916325505,0.23078904873032735,0.3266204793702463,-0.015652901385262985,-1.4790042259921434,0.3060691276357552
8.113118410110474,1.1656994525849067,2.904854673298331,2.5202112130934093,0.016474074021816276,-0.47088791390121437,-0.000651902605863257,0.22636023839444538,0.32964717318626674,-0.015439430420690497,-1.4721195709856576,0.34423275032429146
8.132970571517944,1.1663212214608358,2.89084699482159,2.5201857922423634,0.023994505343101467,-0.461745713372776,-0.0010830586072574637,0.22472493727897924,0.3340055661504626,-0.015209039292622028,-1.4606561761904273,0.5731697397615143
8.153088569641113,1.1668459429507967,2.881679158723986,2.520161104716372,0.02847188766800582,-0.4550242673084594,-0.0013849197444838312,0.22299816473369535,0.33809433655570587,-0.01497676614171027,-1.4550941355669296,0.2781020311748872
8.172929048538208,1.1674995387516498,2.8726429320036373,2.5201301187794307,0.03390064794214101,-0.44822237186045927,-0.0016956355243431388,0.22168988471619078,0.3436397898781887,-0.01473001863424572,-1.4461922780058152,0.4450928780557195
8.193058252334595,1.1682217974659939,2.8637475655443114,2.5200932765730055,0.03832052968556435,-0.44129689937279354,-0.0019877587886460695,0.22028176592160878,0.34885225921147406,-0.014482120676482713,-1.439355640378977,0.3418318813419141
8.214584350585938,1.1686379804564333,2.859367217190952,2.5200721891264863,0.041076012792567215,-0.43735996857034,-0.002143807609572224,0.21212718434487443,0.34765620697767713,-0.014230997366771485,-1.435269300699916,0.20431698395304565
8.23314118385315,1.1695013915166128,2.850689463679888,2.520026483556245,0.04523851083454518,-0.4304197451615691,-0.002425909702245038,0.20415243586555684,0.34634743726902806,-0.013979084519767159,-1.4272436964534911,0.4012802123212422
8.253088235855103,1.170486604645996,2.842188628433469,2.519974105027112,0.05026618579537614,-0.42248244065265284,-0.0027353903034644843,0.19411626697826756,0.3455202140771836,-0.013713684839905349,-1.4178561084600352,0.46937939967279796
8.272950410842896,1.1721191568951033,2.8297097986511304,2.5198838826983803,0.05706255615507778,-0.41097541644103563,-0.0032017149323330706,0.1811770706560608,0.34226718415135976,-0.013429786557552816,-1.4037676619945785,0.7044223232728353
8.293136596679688,1.1732958004585174,2.8215585236000993,2.519817181338323,0.060559976781246694,-0.40416315119113383,-0.0034674768043709532,0.16862997585207803,0.33894843488600834,-0.013146506428661445,-1.397351428226917,0.3208116883830714
8.313207149505615,1.1739534641379048,2.8175843020806,2.519779175886823,0.06340338187467982,-0.3992778532340194,-0.003676670240255377,0.15682575321503103,0.3435450548702359,-0.01285883136090191,-1.3911718844194083,0.3089771903754368
8.333115816116333,1.1752521286213264,2.8096677422082803,2.519703089844441,0.06642495993566999,-0.3923640273601737,-0.0039309784032564845,0.14539372094037983,0.3477771146673979,-0.012572153444075805,-1.383551539585107,0.3810172417150648
8.353088617324829,1.176554372460806,2.8027386336136577,2.5196263942881876,0.07108265439134197,-0.38408247218896613,-0.004251798242923859,0.13382070771275037,0.3562609972572624,-0.012273216841345835,-1.371750747971363,0.5900395806871961
8.372925281524658,1.1786508873117332,2.7921621799390315,2.519500446416657,0.07632077551454645,-0.37298305964426837,-0.004654441462494987,0.12410209214774393,0.3591372409159264,-0.011960414857955348,-1.3571175155833002,0.7316616194031456
8.3930823802948,1.1802014912361394,2.7847745213884303,2.5194049862471877,0.07870828000653815,-0.3657743098376,-0.004890540197791855,0.11470095290774154,0.36168297912997477,-0.011649829053810443,-1.3499192452328277,0.35991351752362455
8.4131019115448,1.1810440265518822,2.781169948794771,2.519352849648589,0.08113476994275962,-0.3610687224162688,-0.005082805226203294,0.10057790648347807,0.37305314796241007,-0.011337757463630246,-1.3426008960502145,0.3659174591306602
8.43339490890503,1.1835742749989226,2.770531688573726,2.5191930174453545,0.08548715444264092,-0.3490374192565783,-0.005481647513094405,0.08678890925952232,0.3875060194101022,-0.01101166631725282,-1.3260169725354594,0.8291961757377564
8.453141450881958,1.1853004835194885,2.7636293624636035,2.519081203746964,0.08708952549052022,-0.3411498409071473,-0.005698645640673526,0.0735371562443518,0.40111144866841514,-0.010688660749071236,-1.318171291360784,0.3922840587337717
8.472933769226074,1.187129248376139,2.7569078812353593,2.5189617425227038,0.09031794859233988,-0.33255152365380697,-0.005991033802465466,0.06667737820640726,0.413888778705009,-0.010356857369252608,-1.3043054766000903,0.6932907380346798
8.494147062301636,1.1889485017961041,2.7503404365659865,2.5188398724164323,0.09158561129764559,-0.3241532652538714,-0.006194882742221531,0.060142665342052565,0.425792374739874,-0.010028632497437977,-1.2950171433202722,0.46441666399090753
8.5133638381958,1.1899127243083887,2.747119408310636,2.5187761571568656,0.0935565222610762,-0.31984404894179974,-0.006327339159679477,0.0728426867810791,0.43515848513567634,-0.009704075031127211,-1.286183940723089,0.44166012985915604
8.533121109008789,1.1927781491005112,2.737708336468444,2.518581397962074,0.09656279870264359,-0.3069676562704888,-0.0066304406319455025,0.09182568609057248,0.4529888182832278,-0.009371084733134739,-1.2660982442685103,1.0042848227289403
8.553132057189941,1.1947290046116912,2.731660706079754,2.518446936927235,0.0985839563100657,-0.2977401879469609,-0.006814566518266991,0.11018695490664987,0.46954749918030225,-0.009042184383751373,-1.2521341703402165,0.6982036964146898
8.57304072380066,1.1966956940578721,2.725777607807329,2.518305978098618,0.10023077232957397,-0.2887550977843262,-0.0070720564538386205,0.14650713823870934,0.49302917648234923,-0.008707024225051868,-1.2393950857753704,0.6369542282423035
8.593185424804688,1.1987319658486213,2.7201025959524023,2.5181628176845314,0.1035130522325028,-0.2786732171535052,-0.0072428826899501465,0.1815010296310741,0.5148907128707972,-0.008376344465737316,-1.220525756226611,0.9434664774379709
8.613168001174927,1.1997037349761699,2.7173115808624106,2.5180885563582196,0.10339323256532382,-0.274237487294227,-0.007360033383836845,0.20562740345964045,0.5336858611173848,-0.008050772415016309,-1.2181915714782838,0.11670923741635697
8.632965564727783,1.2018142888133776,2.711934748614419,2.5179397670163275,0.10773959551647448,-0.2633879233305515,-0.007517830524346442,0.22886087120976292,0.5510304480164757,-0.007729687770179405,-1.1938122238657596,1.2189673806262125
8.653026580810547,1.2027767559353095,2.709273353476855,2.517862838004492,0.10665916220250152,-0.25933816513194247,-0.007626352303567023,0.2582043788405197,0.5635644281814424,-0.007413808027348717,-1.1957534302362367,-0.0970603185238561
8.672981977462769,1.2070272974046092,2.699257465273513,2.517546515883416,0.11167175673746797,-0.23894340701681052,-0.008052198192544017,0.27852567963472064,0.5755056086287745,-0.007077418811303871,-1.1643375037003387,1.5707963267948966
8.693087339401245,1.2093177520775815,2.694594434174459,2.517384078595509,0.11743876224841274,-0.22732390177037776,-0.008190427034920117,0.29804133354510076,0.5862462245963806,-0.006746349320987868,-1.1329215771644408,1.5707963267948966
8.71308946609497,1.2103905641984352,2.6923137231704994,2.5172924620233585,0.11745357579596183,-0.22232175302943558,-0.008528466505212115,0.3365428940470677,0.6050259935413592,-0.006406571693133412,-1.1293725394754088,0.177451884451596
8.732936143875122,1.213938033170446,2.685879022340383,2.5170123319891746,0.12418055210535033,-0.2050993806713503,-0.009310805021325747,0.3715274513467629,0.6207141530252372,-0.006026162472345652,-1.0979566129395106,1.5707963267948966
8.753058910369873,1.2164982119978267,2.6819021477859897,2.5168249356546055,0.1319492859876215,-0.19254081412246019,-0.00942758452947395,0.4051143248666904,0.6348927080653539,-0.005652989698238987,-1.0665406864036129,1.5707963267948966
8.77294659614563,1.219019732028038,2.6781279728353344,2.5166180917679353,0.1353461203768843,-0.18108655337747642,-0.009634915498130536,0.44217618352095517,0.6375974128249472,0.035862636666042357,-1.0351247598677151,1.5707963267948966
8.7931489944458,1.2218174789299525,2.674633894959246,2.516435250212313,0.1445466829593744,-0.16831531896724652,-0.008516410860779915,0.47761045610501746,0.639372228425144,0.07571172922332563,-1.0037088333318174,1.5707963267948966
8.813189029693604,1.2231467031400967,2.672958173168338,2.516318139661481,0.14562145307611568,-0.16239787592823965,-0.008841431704101838,0.5102983433133098,0.6614917692954078,0.07180472188072216,-0.9948040654305927,0.44523839506123153
8.833056449890137,1.2261632912594296,2.6698439073284272,2.5161554162629445,0.15614100757830013,-0.14896038665875594,-0.0074436147354002705,0.5413932951423612,0.681988563180275,0.06799272991534072,-0.963388138894695,1.5707963267948966
8.853107929229736,1.227596883338384,2.6683714232609113,2.5160300547126564,0.1575847576073978,-0.1424983690566645,-0.008243273639836896,0.5893209922512795,0.6966772441694189,0.06445941016040813,-0.9437822740310953,0.980293243179986
8.872914552688599,1.234119595847981,2.6631756997564544,2.515714030042859,0.17503766366094473,-0.1158120585684936,-0.006575107105005793,0.5972908619633482,0.7104205656659615,0.06101492352437545,-0.9123663474951975,1.5707963267948966
8.893057584762573,1.237740309984046,2.661002387393276,2.515594505506112,0.18705841051729188,-0.10147812567988439,-0.005388545057476496,0.604689151756922,0.722736525727955,0.05765536262627023,-0.8809504209592998,1.5707963267948966
8.913110733032227,1.2395307374294056,2.659998839716604,2.515530026331823,0.19000773428543333,-0.09478015255740758,-0.0051960264407587865,0.5974950381728389,0.7430088493356353,0.05448423232410308,-0.849534494423402,1.5707963267948966
8.932995319366455,1.2434499071112002,2.6582531100533453,2.5154367951997236,0.20188496071567935,-0.07973055389037934,-0.004137393653412972,0.5902131134299248,0.7616871780575717,0.05139215340574204,-0.8181185678875043,1.5707963267948966
8.953176021575928,1.2454422601245871,2.6574600309409893,2.5154004122046976,0.2061416437939838,-0.07296986330806368,-0.0035608102278021064,0.5684493009466541,0.7738988299364642,0.0484482797939443,-0.7882254552579466,1.4946556314778814
8.97295618057251,1.2541832335184675,2.6550946054299414,2.5153145928287364,0.2299282411510428,-0.04378762826180724,-0.0012007974505268805,0.5445331266554202,0.7496543807053903,0.04551148417587594,-0.7568095287220489,1.5707963267948966
8.993004322052002,1.2588891317495914,2.6543671815822463,2.5152994871693486,0.2405832726115957,-0.02903462957751457,-0.0003193062298414928,0.5210402595267816,0.7256924319346193,0.04265014848132551,-0.7253936021861511,1.5707963267948966
9.013057470321655,1.2614034646668006,2.6541130804513076,2.5153094394243136,0.24799242165578256,-0.02184668011781148,0.0003919651609480661,0.4930231409883552,0.7050791073278775,0.03991508954699911,-0.7194831831069144,0.2955209539618364
9.032979011535645,1.2664600792249803,2.653815795382309,2.515325082987863,0.2575775950288281,-0.007950075543071186,0.0011635126261161479,0.4655913149684647,0.6846044821260555,0.03725150654929921,-0.6983655020200614,1.0558840543426484
9.05315899848938,1.2691958231074576,2.6538414230967318,2.5153473157297306,0.2658698574703454,0.0009267136865800359,0.0017473754496953695,0.4282624648194437,0.6767647620502225,0.034710987307448586,-0.6970655945059399,0.06499537570607838
9.072913408279419,1.2804529728061087,2.6545877532655866,2.5154217743534137,0.2897505818613253,0.032295680442699606,0.0024362971639216996,0.3979593292974479,0.6914682465338499,0.03225698513058372,-0.6656496679700421,1.5707963267948966
9.093031644821167,1.2863255947291528,2.6553728765705955,2.515476791393138,0.29741317152124735,0.04626139090619755,0.003057446445292053,0.3684275182398812,0.7048907983990949,0.029868864383530168,-0.6606718451036566,0.2488911433192742
9.11307978630066,1.2894963945023155,2.6559504704161485,2.515469347985903,0.3060171661412987,0.055441519817313246,0.0022679439635820233,0.3486512254969758,0.6960440707625118,0.02767634586678666,-0.6553057093545607,0.2683067874547973
9.133016347885132,1.2956851699874816,2.657197902158613,2.5155200989501654,0.312795815478875,0.06927098910215417,0.0028000426847235547,0.32928109520061366,0.6868445750658638,0.02554340177170511,-0.6463802058840904,0.44627517352351376
9.153077363967896,1.3023045066323706,2.6587891667359984,2.5155706215880347,0.32663876335036207,0.08461737308177476,0.003099343083341944,0.3149998139347554,0.6741039028672119,0.023520574378527306,-0.642060713653374,0.21597461153581854
9.172987937927246,1.30889934150373,2.6606154760554923,2.515637180514141,0.33279790043270846,0.09797045552738463,0.0035499934688939007,0.3009527763622736,0.6611729681924096,0.021553746710983923,-0.635977835718402,0.30414389674859876
9.19304895401001,1.31241192937851,2.6616854064680497,2.515682882414287,0.34044075241550475,0.10625673038141585,0.004027001284749153,0.28427444511107824,0.6625896894023227,0.019676678110365175,-0.6362275361015768,-0.012485019158736677
9.21308708190918,1.3264804914905421,2.6665844269691346,2.5158824401413478,0.3571005244895291,0.1358705784740375,0.005359819648501709,0.26537421018901747,0.6810549847934283,0.01780689000003888,-0.6212593126407149,0.7484111730430953
9.232972621917725,1.3336743404302813,2.669439206107586,2.515993075946904,0.362222941180141,0.14966393261203925,0.00569770714761767,0.24694563158233543,0.6980344967297201,0.015990752300319783,-0.6271580579492126,-0.2949372654248883
9.253063917160034,1.333735830695025,2.6694765124984743,2.515998591981034,0.3639534423607854,0.1510306865613865,0.005841655750872045,0.2200913269235043,0.7059328999637379,0.014278932233379914,-0.6220074368181416,0.25753105655355046
9.272990226745605,1.34866451585238,2.6760978198674827,2.516250293553493,0.3772996897837237,0.17951577927114573,0.006594026302004843,0.18967148273742235,0.7006923714988187,0.012600787380808326,-0.617760283961434,0.21235764283538128
9.293024063110352,1.3562464603555513,2.6798278997296503,2.5163845848583772,0.3807963165120953,0.19347308686829895,0.006829676624604789,0.16013811152449398,0.6949564784905294,0.010972509523887258,-0.6174843077593648,0.01379881010346029
9.313081741333008,1.3640662871160834,2.683835936912057,2.5165384834036435,0.38806727417846676,0.20745294221696314,0.007424537946229101,0.13026632897965132,0.7010494285164441,0.009405049896670407,-0.6160149778408099,0.07346649592774313
9.333112716674805,1.3718517410765192,2.6881255626384246,2.516688753068091,0.3903816551404552,0.2215266667377894,0.007597362906519409,0.10132613163352913,0.7061605581821299,0.007885363296265324,-0.6145315229982073,0.0741727421301297
9.35306978225708,1.3758725619912422,2.6903846258945343,2.516779304651247,0.3943100999187554,0.22888213917775924,0.008075099982184785,0.07249428193431733,0.7118940244417558,0.006430036344985849,-0.615496408838144,-0.04824429199683511
9.372915267944336,1.3878526511311025,2.697574435842674,2.5170422151822347,0.3996182965315773,0.2503115163945335,0.008766558847385511,0.04862025491995882,0.7109559563399861,0.004998507577284366,-0.6128489824966867,0.13237131707286576
9.39304256439209,1.395853186749281,2.7027227590191423,2.5172184529009196,0.4003581637644553,0.26451529232254706,0.008852592715449397,0.025489654756564766,0.7093034556671551,0.003612407185708525,-0.6139950867864097,-0.05730521448614745
9.413144826889038,1.3999459444455524,2.705406711727243,2.517325526921324,0.4028227938663257,0.27181088132451675,0.009402268285888301,-0.002947343845351117,0.7225255114666247,0.002278549694849183,-0.6131714166332403,0.04118350765847101
9.433032751083374,1.407999964499517,2.710988249621874,2.51751394125414,0.4024877123566886,0.2863825699407963,0.009434863970047504,-0.030397295040664293,0.7344243611992995,0.0009882335586987676,-0.613182529286624,-0.0005556326691857905
9.45311713218689,1.4161737837184578,2.7168497089722026,2.517732226063041,0.4048511651703133,0.3007293617237229,0.010178478438398992,-0.05997438080231989,0.743549413568858,-0.0002708393793748742,-0.6139817453442822,-0.03996080288291015
9.472938776016235,1.4283682206638022,2.7261779936053916,2.5180565273433175,0.4049041084085053,0.32245418946843335,0.010703425886212297,-0.09532652826517568,0.7727877648090881,-0.0015077785288739618,-0.6144136863734864,-0.021597051460209293
9.49299144744873,1.4364449517199651,2.732783478159488,2.518270213956361,0.40265588183584355,0.33818467332404795,0.010661252966927787,-0.12926144388443178,0.7999104712706369,-0.002702522176843713,-0.6145574863480388,-0.007189998727619162
9.513091802597046,1.4405285424335914,2.736159982802041,2.5183948093306294,0.40294064175018696,0.3449994684926428,0.011140973182835563,-0.15444565203864824,0.8178052262097015,-0.0038511370615175837,-0.6156217891428724,-0.05321513974168024
9.533347845077515,1.4485548431626714,2.743224638273358,2.5186167840187745,0.3996092083342054,0.3615198777289971,0.011052801774604782,-0.17851274785754953,0.8339453757046431,-0.004959302198868542,-0.615658773446869,-0.0018492151998339423
9.553086519241333,1.4566304169228816,2.7504939756645324,2.5188653862116945,0.39867405937025685,0.37517079153340704,0.011656092761425457,-0.21150714484642064,0.8561222935014028,-0.006037820965589395,-0.6186432370427051,-0.149223179791802
9.572972774505615,1.4685568460575806,2.762048589926287,2.5192298744831607,0.39387939444467984,0.398565411177607,0.011963413969045442,-0.2319077681407618,0.874304662074842,-0.007091148002641444,-0.6197415304818499,-0.0549146719572402
9.593053579330444,1.4763867431640547,2.7701958774934963,2.5194676562614955,0.3890456951099141,0.41621771638010524,0.011811382580705396,-0.2512943311475445,0.8906163709858745,-0.00810554095824181,-0.6216431516159822,-0.09508105670661404
9.613089799880981,1.4802986253995136,2.7743275814317436,2.5196012073123537,0.3873468177310221,0.4230904725156151,0.012171424095767585,-0.26211431005391855,0.9000820128302791,-0.009076065105137117,-0.6217285551989575,-0.004270179148768705
9.633172035217285,1.4879924461335294,2.7829699629061277,2.5198427577438345,0.38200109018848555,0.44117420956776515,0.011980508041566924,-0.2723640905656004,0.9080427876310302,-0.010009375909428386,-0.6257879090592771,-0.20296769301597628
9.653227090835571,1.4956028354277977,2.791865457962267,2.5201030937967586,0.37707682504615125,0.45666344527310504,0.012333480126319853,-0.2690033203252187,0.9072439533826726,-0.010906892370295358,-0.6262555826974627,-0.023383681909283638
9.673124313354492,1.5067685601627243,2.8059279071935372,2.5204806013920114,0.36808827773341934,0.4826507303617151,0.012348600616755625,-0.28199726473285486,0.9093089633935851,-0.01177060657408912,-0.6345832897142061,-0.4163853508371673
9.693027973175049,1.5140730968047154,2.8157628539974673,2.520725163460656,0.3623245219832961,0.500846359260454,0.012104844237003103,-0.2942567852320103,0.9100320951372386,-0.01259921704385143,-0.6311073239757468,0.17379828692296595
9.713066577911377,1.5176313559659247,2.820794811059315,2.520854424305272,0.35790476915262165,0.5093434014320078,0.012215679862061193,-0.29578325535992556,0.9082083724557716,-0.013378235693823182,-0.6392619199652598,-0.40772979947565346
9.733059406280518,1.5247302087368315,2.8311631374862087,2.5210960119820855,0.3519764707320911,0.5274790587164042,0.011940601650359182,-0.29699450879295614,0.9051539527369147,-0.01412409332106578,-0.6367677884688803,0.12470657481897796
9.753047227859497,1.5281827786922824,2.836478944074543,2.521221171771201,0.3475896743164988,0.536363713202645,0.01197224662853323,-0.28318524551437724,0.8953316839082405,-0.014819937092746165,-0.6444756644567398,-0.3853937993929746
9.773116111755371,1.535078843270145,2.847384583220939,2.5214576078895616,0.3420619831607904,0.554164359164278,0.011669149730905218,-0.2696253163200774,0.8845792802147986,-0.015484586694159906,-0.6432095593605776,0.06330525480811033
9.793006181716919,1.5450365598944,2.864461124393052,2.521809616034268,0.32962309253428934,0.5820497534380036,0.011378483060121763,-0.2755582161639949,0.8840185737228279,-0.016090750952844544,-0.6608154007429872,-0.8802920691204807
9.813129425048828,1.5515097410439105,2.8763036469674317,2.522034231300839,0.32184874659824686,0.6005859449053281,0.01105837536342513,-0.29178966223477243,0.8877394036297477,-0.016652253062197888,-0.6466034052216085,0.710599776068932
9.832989692687988,1.5578873166978768,2.8884930944863325,2.5222520323184736,0.31585742550072404,0.6183667318835342,0.010719947521918793,-0.30720783876763313,0.8901172266513372,-0.017185922505814518,-0.6780193317575067,-1.5707963267948966
9.853117942810059,1.5640010244287432,2.9010964760493434,2.5224524513348063,0.30618716836857107,0.6375920922411389,0.010085722445018978,-0.3195447097319438,0.8913876029016748,-0.017642218595725914,-0.646603405221609,1.5707963267948966
9.872923135757446,1.5729845900539376,2.920653638636842,2.522723674954446,0.2948793119672333,0.6653529278797639,0.008845641844904146,-0.33176155237749516,0.9191643770359937,-0.01800503184889592,-0.6780193317575067,-1.5707963267948966
9.893019199371338,1.5788150479293273,2.9341462610252127,2.522896963710273,0.28812830761779573,0.6839938611615582,0.008482098410692944,-0.3432121302593888,0.9445300237407402,-0.018345635021964818,-0.6791262576529347,-0.05534629477139674
9.91310429573059,1.5816371315512594,2.9410367870879144,2.5229444808347328,0.2834889192576652,0.6934643520007254,0.007287494536759372,-0.3457571512891295,0.9422930939084521,-0.018580388096590468,-0.6852370040442661,-0.3055373195665734
9.933025598526001,1.58723760526708,2.9550943233144937,2.5230864999211344,0.2765510616763887,0.7122778031753051,0.006913693038806991,-0.3479744360858475,0.938853180117136,-0.018796711795688533,-0.6900626052638152,-0.2412800609774557
9.953096628189087,1.5899536939060148,2.962233980343417,2.5231387942212304,0.272147255728417,0.720647068895746,0.006306223320389828,-0.3462386366971483,0.9159953670867474,-0.018952154508965712,-0.6896385323155556,0.021203647412981752
9.972869634628296,1.6004950747134172,2.991803226421113,2.5233714259030298,0.25688817684226345,0.757410631186639,0.005454160446806658,-0.30574979208596365,0.880830805110736,-0.019053077057954785,-0.7210544588514534,-1.5707963267948966
9.99301552772522,1.6055743234718036,3.0071252497729875,2.523476692492495,0.2511673967530545,0.7746737515098362,0.005072210265302551,-0.26654022396555477,0.8454452245520216,-0.019139550992185447,-0.6896385323155556,1.5707963267948966
10.013251304626465,1.6079915995503637,3.014967669674015,2.5235156085860053,0.24633196959452083,0.7844118680379915,0.004517152207233358,-0.2387211800091649,0.806074522020378,-0.019176105756491035,-0.7210544588514534,-1.5707963267948966
10.033133506774902,1.6128723079793466,3.0308145000458238,2.523602114597581,0.24182885223135572,0.8001401240880481,0.004133368715646374,-0.21172735401347498,0.7667610995670141,-0.01920017938763123,-0.7042727764572554,0.8390841197098986
10.053094387054443,1.6174324043977506,3.047171977425864,2.5236221386736424,0.23197897495592645,0.8203603755904118,0.0022780300747896314,-0.17216793105611286,0.7288126211160079,-0.019095518718506132,-0.7356887029931531,-1.5707963267948966
10.072895765304565,1.6241407096811904,3.0722724784763624,2.523649401038932,0.22213157717715293,0.8464474563725538,0.0007729445739145252,-0.13768210481927193,0.6811715950809765,-0.01890210314754651,-0.7206373385061284,0.7525682243512355
10.09307861328125,1.6285580475957664,3.089334504781756,2.5236610926597574,0.2197134219984226,0.859597633496746,0.000396879216505867,-0.10431957932717455,0.633909427471382,-0.018703592613073774,-0.7520532650420266,-1.5707963267948966
10.113256216049194,1.630587187110153,3.098115706114075,2.523636455474934,0.2144475970939114,0.8699162692789087,-0.000551485286996967,-0.05693047102981579,0.587439848686751,-0.01844652592281214,-0.7206373385061289,1.5707963267948966
10.133081912994385,1.6348678299478434,3.1156284404033383,2.5236217537464802,0.21376917353113942,0.8812035223355178,-0.0009178210624139984,-0.011184099121930241,0.5413486872599645,-0.01818657853017167,-0.7520532650420266,-1.5707963267948966
10.153082132339478,1.6388470609103685,3.1336563566876365,2.5235553584743045,0.2062928090867827,0.8990691521431308,-0.0017387739093860483,0.008224576390542847,0.49544900073675646,0.06714252688341302,-0.7402111647268592,0.5921050157583707
10.172913551330566,1.6448497605589059,3.1610505632305586,2.523456986753205,0.20144637784195618,0.9192771905351882,-0.0013910650561977825,0.03916607697190759,0.45573547813347504,0.14303978589424488,-0.771627091262757,-1.5707963267948966
10.193101167678833,1.6488885300620388,3.1795246201108913,2.523462675748621,0.20253011404082943,0.9279970230345621,0.002202474849579864,0.0690287501784673,0.4162931798993027,0.21579350638924963,-0.7402111647268592,1.5707963267948966
10.213138103485107,1.6527171567149872,3.1984367283963926,2.5233899117780583,0.19827226624295846,0.9424656242606655,0.0030334078225324372,0.09021661297707993,0.35242340648295584,0.2965677023142846,-0.771627091262757,-1.5707963267948966
10.236892938613892,1.6567020205653475,3.2173523262265618,2.5235151032831706,0.20028226069833197,0.9488851656575148,0.00974333439645518,0.11065932068400522,0.28972534161811964,0.37384594427567625,-0.7485024905715543,1.156230034560135
10.253096103668213,1.6605429144771735,3.2366627744030296,2.523568578238044,0.19793939192090845,0.9613351205153369,0.01163435235012429,0.1083876183161498,0.25380151015724267,0.3528763560793819,-0.779918417107452,-1.5707963267948966
10.272894382476807,1.6644767354546366,3.2560460599674363,2.5238098701279084,0.19848023619141858,0.9697627909353185,0.016547920015722795,0.09369518811424817,0.23400742741604597,0.3326815904869065,-0.7512111448794907,1.4353636113980661
10.293006181716919,1.668464127108054,3.275486793338564,2.5242060435566827,0.20021177698251136,0.9742442793368675,0.023003773139705846,0.07954942180875567,0.21412744503429115,0.31298658841682386,-0.7826270714153889,-1.5707963267948966
10.313143014907837,1.6724549917282154,3.2952283776443285,2.5246802438239087,0.20122949794962655,0.9834905803201284,0.028095343693432036,0.06514675181273655,0.2000864848732162,0.29411363704549376,-0.7624291216452344,1.0098974885077272
10.332971096038818,1.676491678986518,3.314937256417524,2.5252997389963605,0.20239309069975325,0.9873495590284304,0.03379284597032004,0.05130547476792034,0.18576520065670712,0.2757152807842411,-0.7938450481811321,-1.5707963267948966
10.35315227508545,1.6765140787271524,3.3149762211074694,2.5253052640444906,0.20294914627401442,0.9884110150457861,0.03376763647333176,0.03247196677333388,0.1712123259894242,0.258406623304081,-0.7624291216452344,1.5707963267948966
10.372955560684204,1.680578336258269,3.334777705214501,2.526031166247837,0.20341620951799105,0.9916883236958106,0.03876635686287847,0.014352617571984095,0.15649081371951185,0.24153844742611522,-0.7938450481811321,-1.5707963267948966
10.393013000488281,1.6869009773879775,3.3646708465629023,2.527413960171114,0.20865582668641314,0.9975202724963349,0.048328652759644555,-0.0024584847732350883,0.1367033176043809,0.22502405665035505,-0.7624291216452344,1.5707963267948966
10.413108825683594,1.6911432784275753,3.3846424764286756,2.5284522321788665,0.21088320998734664,0.9998871271433581,0.053602416537916385,-0.009662341478279957,0.11647117025997816,0.20900416172766145,-0.7938450481811321,-1.5707963267948966
10.433128833770752,1.6953585404305884,3.4046621706522995,2.529565034449557,0.21061967839604445,1.0020152721739044,0.05762581552681113,-0.016655951918463238,0.09636426911433171,0.19340558629816287,-0.7770299880096796,0.8407530085726256
10.453103303909302,1.699757250887612,3.42470214492049,2.53082776821908,0.2149196893172528,1.0033969406758962,0.06316760583773201,-0.02624126796939433,0.09081828329716612,0.17835371551353907,-0.8084459145455778,-1.5707963267948966
10.472950220108032,1.7063074152122766,3.454816401505311,2.5328583733275236,0.2170862696786944,1.0050279403370732,0.06994990355768861,-0.06272652437562685,0.06417971469532306,0.1635932256723114,-0.77702998800968,1.5707963267948966
10.493036985397339,1.7106342362212406,3.4749280326829055,2.5342891261213607,0.21547909003683582,1.006047204451673,0.0730775128807502,-0.09774918004148443,0.03778782677094076,0.14923427036399753,-0.8084459145455778,-1.5707963267948966
10.513172149658203,1.7129059761509735,3.484943558654442,2.5350624345409467,0.21763774818664688,1.004886175939662,0.07543520001745302,-0.14400784628861293,0.01621683546373751,0.13557474995346408,-0.77702998800968,1.5707963267948966
10.532979011535645,1.7172269439172556,3.505043088631099,2.5365973618383553,0.21431137355337104,1.0049949972007175,0.07801326154257578,-0.18830472771311715,-0.0053304625398932345,0.12229422741797788,-0.8084459145455778,-1.5707963267948966
10.55307650566101,1.7217607736562208,3.5250930902717634,2.538242754360442,0.21698707325453226,1.002963866227734,0.08182688201373545,-0.291812642119534,-0.08954021255868758,0.10953374890719855,-0.7854742374477737,1.148583854890206
10.57295846939087,1.7283997959074018,3.5551464903846304,2.540781678371478,0.21528007592609533,0.9998117735556817,0.08601503016539291,-0.35826360762843634,-0.1803958797628958,0.09709291808084385,-0.8168901639836719,-1.5707963267948966
10.593070983886719,1.7326294706855359,3.57510071580551,2.5425205860848576,0.2074762827514104,0.9953163163323951,0.08783546426447664,-0.42160003064529117,-0.26873194734346134,0.08500978024756164,-0.7934054334666234,1.1742365258524234
10.613104343414307,1.73713925790222,3.5950824776672237,2.5443417093975675,0.2098309945803063,0.9932291325434279,0.09061034490611622,-0.46985025272783054,-0.31030773960372227,0.07344345798403906,-0.8248213600025212,-1.5707963267948966
10.632978439331055,1.7412388105030918,3.6148822684335236,2.546167850959899,0.19997137963612854,0.9866141146038051,0.09196639255646515,-0.5157165377311888,-0.3510566695472836,0.06221776391417391,-0.7953759736884178,1.4722693157051658
10.653170347213745,1.74349566438497,3.6248755401609736,2.5471206495097833,0.20226642885810717,0.9866051956494865,0.09332751819207404,-0.5768113862853664,-0.41745843425089907,0.05157919719180888,-0.8267919002243156,-1.5707963267948966
10.672926425933838,1.7495784358408621,3.6544348310028623,2.5499721307758088,0.19216016381686946,0.977593576424659,0.09558868249832582,-0.6444696336058475,-0.501827765448716,0.04126146538958764,-0.8149879842179644,0.5901958003175611
10.693059921264648,1.753288400998585,3.673880846074904,2.5518914846803624,0.1786218948307472,0.9667356010162694,0.09631336789417769,-0.708807496842847,-0.5835271710635068,0.031259387364255056,-0.8464039107538621,-1.5707963267948966
10.713129758834839,1.7552769406700381,3.6836486453215187,2.552887734687015,0.178237442448964,0.9643183301694416,0.09747598604746074,-0.7096225675731989,-0.6130844437993538,0.02178863618595145,-0.8149879842179644,1.5707963267948966
10.732996463775635,1.7586997481383215,3.702810465888155,2.5548409956570675,0.16404308001884224,0.9517679542518482,0.09781953390773614,-0.7096900743003761,-0.641816252969444,0.012615464836394648,-0.8464039107538621,-1.5707963267948966
10.753079175949097,1.7605399058189604,3.7124701794812216,2.555852671665122,0.1637855481437468,0.9503190588495852,0.09877504389732096,-0.6704471007617688,-0.625743602262163,0.003939939133604774,-0.8149879842179644,1.5707963267948966
10.772940635681152,1.7667015279179314,3.7501333717680874,2.55984766718413,0.14035252238324178,0.9290411460321217,0.09983823495249587,-0.6404466156750881,-0.5745362708831712,-0.004477793807427552,-0.8464039107538621,-1.5707963267948966
10.793013334274292,1.7693824632674588,3.768602588025745,2.5618429889885226,0.12783929511469594,0.9180436357870634,0.0996668079868025,-0.610961801084315,-0.5255889625315381,-0.01261909695930145,-0.8778198372897599,-1.5707963267948966
10.815003633499146,1.7717379688453383,3.7867532656532803,2.5638335933147234,0.1131405758144621,0.9041007407916394,0.0992769782523692,-0.6200938720060982,-0.5478118514464708,-0.020265255114537566,-0.8464039107538621,1.5707963267948966
10.833160877227783,1.7738762033005662,3.8047242530083056,2.5658145830733496,0.10065579032010656,0.8929250141070204,0.09879737491426653,-0.6282179412936033,-0.5697060326559172,-0.027652114350563837,-0.8778198372897599,-1.5707963267948966
10.853085041046143,1.7747273932005496,3.813452079824826,2.5667746858262546,0.09047897429825319,0.881803807100712,0.09771934978500468,-0.6724480153489316,-0.6313477164077876,-0.034510022625836655,-0.8768289143190802,0.049546148533985424
10.872929573059082,1.7770577884984566,3.839525496529708,2.569689519983917,0.06751535337700895,0.8600476752078723,0.09666483778921832,-0.7456258099902205,-0.6608638884587815,-0.04103670032209822,-0.9082448408549784,-1.5707963267948966
10.89316987991333,1.7782542647024693,3.8565923443637353,2.5716141859860997,0.05189984187997851,0.846541041924284,0.09578078543979968,-0.8153540865693998,-0.6896838603630276,-0.047329843304206226,-0.8768289143190806,1.5707963267948966
10.913219690322876,1.778727427393451,3.8649860546089965,2.5725873917549964,0.04327770674670892,0.8382098624133131,0.09576006772960056,-0.8723864863870352,-0.743489670491619,-0.0532234847842621,-0.9082448408549784,-1.5707963267948966
10.933132648468018,1.7794148480422896,3.881598056792669,2.5744915664787538,0.025283964127572146,0.8228169888431478,0.09463848965922789,-0.9265053164356073,-0.7955001389697175,-0.05889802475101736,-0.9396607673908761,-1.5707963267948966
10.953070878982544,1.7799262137897551,3.8979507440810197,2.5763824620643985,0.011349633690056824,0.8080954478229199,0.0936491939613167,-0.9645222180118838,-0.8393888080757342,-0.06976417738420608,-0.9082448408549784,1.5707963267948966
10.972968816757202,1.7799640878776928,3.9218751355803563,2.5791723209528343,-0.013751784922918522,0.7841794973288152,0.09179469313768526,-0.9420905324206931,-0.8872725573013188,-0.07994573911908201,-0.9396607673908761,-1.5707963267948966
10.993066549301147,1.779502135721672,3.9373781752127246,2.5809915664273655,-0.032368247243346915,0.7659712725392209,0.0900972155929386,-0.919535587978568,-0.9332309525919895,-0.08973743539415166,-0.9710766939267739,-1.5707963267948966
11.013046026229858,1.7791691799536402,3.94502821353255,2.581890756483881,-0.0406992047698999,0.7570979515405051,0.08928936920128897,-0.9129717573787666,-1.0001362293068197,-0.09330831779497833,-1.0024926204626716,-1.5707963267948966
11.033052682876587,1.7781730864866865,3.959965818842972,2.5836576523605403,-0.058885110692409065,0.7364484724696934,0.08738886222657363,-0.9054626616466798,-1.0643688642598572,-0.0967152239334933,-1.0339085469985694,-1.5707963267948966
11.053149938583374,1.7774594777504014,3.9673609851100773,2.584529775130536,-0.0704700168655857,0.727884465391849,0.08640617705211662,-0.9230815483511949,-1.10460415054524,-0.09982432655388025,-1.0024926204626716,1.5707963267948966
11.072932720184326,1.7737426835572727,3.995811687865729,2.587871039029792,-0.11120555552515,0.6891941181544171,0.08144385721182601,-0.9104711206136383,-1.0864026607895023,-0.1025642974763321,-1.0339085469985694,-1.5707963267948966
11.093090295791626,1.7713373506339194,4.009379476094774,2.5894792277850622,-0.12928359354207664,0.6676435774129655,0.0793663599014077,-0.8972283524850458,-1.0687407419730135,-0.10516185262359411,-1.0653244735344671,-1.5707963267948966
11.113193273544312,1.7699099946271022,4.016066624177285,2.590215940180683,-0.1407761793770217,0.6586860720333279,0.07689015314346659,-0.8928141050172633,-1.056435261294568,-0.10741063917015325,-1.0967404000703649,-1.5707963267948966
11.13293743133545,1.7669162471563222,4.029029864313787,2.591732117672303,-0.15858088367716408,0.6376779872263354,0.07472053097907179,-0.887509153753091,-1.044421512728614,-0.10953017970998662,-1.1281563266062626,-1.5707963267948966
11.153136014938354,1.7651837910537063,4.035303258866657,2.592461492887361,-0.17032652993487307,0.6255390263224699,0.07330405033888303,-0.8806244361467124,-1.0526176987672036,-0.11139625599029225,-1.1595722531421606,-1.5707963267948966
11.172886848449707,1.7585369350700657,4.056406070463903,2.5949591840756407,-0.20509821882635004,0.584651703072894,0.06936020211379504,-0.883327251080745,-1.0645731151398676,-0.11299546396223832,-1.1909881796780586,-1.5707963267948966
11.193034172058105,1.7542581832517592,4.0678854265500775,2.596323688007666,-0.22278210106967392,0.5632462953779037,0.0670852327780632,-0.8848689738859759,-1.0758563023343344,-0.11448298275462046,-1.2224041062139566,-1.5707963267948966
11.21311354637146,1.7518656657934288,4.07334989232035,2.596987518939187,-0.23504900149216976,0.5492515095536592,0.06591957738595625,-0.882974983677593,-1.077630384932682,-0.11576854922082344,-1.2538200327498545,-1.5707963267948966
11.23288893699646,1.7443052305878852,4.0892570805700394,2.5989266474827932,-0.26456414316113824,0.5145394605775088,0.06285001351654451,-0.8651071997470966,-1.073072714327943,-0.11685494762715717,-1.2852359592857525,-1.5707963267948966
11.253159284591675,1.7388421374943526,4.099333561047267,2.600160209228907,-0.2816842762203185,0.493123910055594,0.06050286524941964,-0.8468403609843874,-1.0684758501753289,-0.11784372437683037,-1.3166518858216505,-1.5707963267948966
11.272974014282227,1.7330403212526724,4.10898265247305,2.6013466366930986,-0.29843515835113854,0.47180068429523225,0.05813690610710676,-0.8281836348153964,-1.0638403273122121,-0.11873626628118211,-1.3480678123575485,-1.5707963267948966
11.293130874633789,1.732871462177897,4.10884748975069,2.601370153659176,-0.3022734835983873,0.46837964654253156,0.05868470823086131,-0.7898547744398686,-1.0634842797876143,-0.11948266583507405,-1.3794837388934464,-1.5707963267948966
11.313339948654175,1.719902701803242,4.126551518524674,2.603628819285733,-0.33956270445657455,0.4212339781234175,0.0540397293126285,-0.7283936318496214,-1.0682706015894448,-0.11996865124109514,-1.4108996654293444,-1.5707963267948966
11.332978963851929,1.7129697990255521,4.134762242568983,2.6046855917797593,-0.353527188591806,0.39982364931620445,0.05163616871827601,-0.6682780107580332,-1.072703768685488,-0.12037408280502215,-1.4423155919652424,-1.5707963267948966
11.353097200393677,1.7128744732971868,4.134691129782091,2.6046844760752514,-0.3561162019353335,0.3975194588298241,0.05159323339958349,-0.6291219675097672,-1.0619046893580213,-0.12069267311795935,-1.4737315185011404,-1.5707963267948966
11.373022317886353,1.6977059712841014,4.14956398164191,2.6066503099549116,-0.3915829092972933,0.35074065793676495,0.04673827973783917,-0.6139147017234919,-1.0454132323105259,-0.12075055809018613,-1.5051474450370383,-1.5707963267948966
11.393027067184448,1.689752557710235,4.156370788214213,2.6075609249734226,-0.403706844703022,0.32999341556269873,0.04432325496314131,-0.5984337991078317,-1.0293882516686053,-0.12074072082317963,-1.5365633715729363,-1.5707963267948966
11.41413688659668,1.6854626005336777,4.159505445000672,2.6080007314152267,-0.4158042726467354,0.3165505566857986,0.04319822358759855,-0.5827896093291502,-1.0165954422144932,-0.12061546961195554,-1.5679792981088343,-1.5707963267948966
11.433197021484375,1.6725530335621683,4.168415786048902,2.6092471460601203,-0.43774262376120915,0.28262662764348534,0.03972235644607807,-0.5370815585866765,-0.9860759301536426,-0.1203168576296311,-1.5993952246447323,-1.5707963267948966
11.453127384185791,1.663693763684953,4.173873097177191,2.6100175525613025,-0.4480352193631029,0.2632034959717254,0.03731947769948641,-0.4923380352123511,-0.9563725529549634,-0.11996166503869951,-1.6308111511806302,-1.5707963267948966
11.472994565963745,1.6544183810445958,4.178732285746763,2.6107477095362874,-0.4627497241649789,0.2386766413317355,0.03509925621283824,-0.421005800824728,-0.9525779471587812,-0.11945285976727345,-1.6622270777165282,-1.5707963267948966
11.49307656288147,1.645083843034739,4.183315555314453,2.611425840502915,-0.4704728162252208,0.219662921336061,0.032715702334299324,-0.35162727202287997,-0.9487961740789875,-0.11889430879456832,-1.6936430042524262,-1.5707963267948966
11.513066530227661,1.6401810105058783,4.1853250426571025,2.611748334077505,-0.47899918996142626,0.20645449524128728,0.03156391732974709,-0.3292050245006729,-0.9246073944514424,-0.1182496609898873,-1.7250589307883242,-1.5707963267948966
11.533135652542114,1.6254249958093985,4.1909845266301975,2.612640967192488,-0.4953643697344,0.17552920125538604,0.02799569346761199,-0.3028237815727798,-0.9054032980557631,-0.11744162403545995,-1.7564748573242221,-1.5707963267948966
11.553105592727661,1.6154588807412196,4.194315286359708,2.613177448594332,-0.5011606426044567,0.15760919368826526,0.02565527237331397,-0.2768753856826221,-0.8866766182924378,-0.1165939394568155,-1.7878907838601201,-1.5707963267948966
11.572896480560303,1.605113955520869,4.197136934203093,2.6136694968321086,-0.5128076940058088,0.13631354353470373,0.023393473502008096,-0.23963805834390603,-0.8573144581804333,-0.11561421719028303,-1.819306710396018,-1.5707963267948966
11.593119859695435,1.594812311425077,4.199693655837553,2.6141143104565874,-0.517235593253846,0.11945357682362388,0.021091266579220648,-0.20330121626174275,-0.8288272221955562,-0.1146009384186345,-1.850722636931916,-1.5707963267948966
11.613030433654785,1.5842533350358243,4.2017555618148625,2.6145184048804104,-0.5254974231384454,0.0988569159498679,0.018936445137361764,-0.200136504119283,-0.8208148040017048,-0.11347056212500627,-1.882138563467814,-1.5707963267948966
11.633093357086182,1.5737035826823382,4.203569069097206,2.614874516432481,-0.5294664365120653,0.08252037106529722,0.016678571264843577,-0.19672386533697844,-0.8128471748632146,-0.11231221368573525,-1.913554490003712,-1.5707963267948966
11.653124570846558,1.5683310508094825,4.204251537201287,2.615039777735307,-0.533217040472278,0.07152601584541417,0.015686291985507382,-0.19228490796273928,-0.8155320574040789,-0.11111240689366464,-1.94497041653961,-1.5707963267948966
11.672933101654053,1.5522314194843512,4.205964568580713,2.6154657351274406,-0.5391807083139267,0.04533529460050077,0.012524639328670479,-0.169218764049931,-0.809067812696774,-0.10978896970708756,-1.976386343075508,-1.5707963267948966
11.693185091018677,1.5414154811242486,4.2067098964847895,2.6156943593730024,-0.5423374517090495,0.029219350498562117,0.010342264698184249,-0.14651592812546446,-0.8025114456616568,-0.10844513710841985,-2.007802269611406,-1.5707963267948966
11.713220119476318,1.535996330179231,4.206936662737587,2.6158015686490335,-0.5432927895974026,0.020596405275068615,0.009537318259283233,-0.12862000443391203,-0.7948265902400969,-0.10708269444146956,-2.0392181961473037,-1.5707963267948966
11.733007907867432,1.5251059323060785,4.207190140306043,2.6159709902105717,-0.5456880870692093,0.004777130784836137,0.007409439527397329,-0.11094679677351772,-0.7870928544212069,-0.10570221266135593,-2.0706341226832015,-1.5707963267948966
11.753057479858398,1.5141724019403084,4.207114406498457,2.61611206936078,-0.5477799654891068,-0.011175642178151323,0.00566235014875545,-0.1056467470722566,-0.7744821035950064,-0.10424782743257184,-2.102050049219099,-1.5707963267948966
11.772893905639648,1.5032035685389915,4.206733035613261,2.616209541046935,-0.5495997786213342,-0.026582880403324922,0.0037603876942271775,-0.10421701746979069,-0.7505028934989353,-0.10275219702442084,-2.133465975754997,-1.5707963267948966
11.793036222457886,1.4921908371678678,4.206052849314992,2.616264298673777,-0.5516677752720615,-0.04135759824864743,0.001720400479388166,-0.10254211822484371,-0.7270574627170381,-0.10124455704611425,-2.126750301967568,0.3357836893714383
11.816725254058838,1.4812042015504914,4.205044236938801,2.616290431886168,-0.5516465386404167,-0.05665870453954058,5.834678692156652e-06,-0.0727412596270513,-0.6983665007131271,-0.09967084895926073,-2.1178890157817722,0.4430643092897979
11.83298659324646,1.4701586673613936,4.2037732660933385,2.616270719737677,-0.5528103324434893,-0.07034515253393397,-0.001971776411673247,-0.0437767613116012,-0.6703981405456924,-0.09808892014708641,-2.111599269444873,0.314487316844958
11.853118181228638,1.459181628091098,4.202157911460987,2.6161352348624956,-0.5515416282923374,-0.08552775561522928,-0.006340153336219468,-0.038993035974646956,-0.6555914203546371,-0.09627385519510752,-2.1020826991711767,0.47582851368481727
11.872934103012085,1.448163885578703,4.200288584229052,2.615888841328204,-0.5519405811355121,-0.09949283630396644,-0.011624812043362024,-0.0800244242867368,-0.6481767641787208,-0.09421170653107004,-2.0956802137400046,0.32012427155860834
11.893058776855469,1.4371064346869675,4.198169588030403,2.6156376397410255,-0.5539345553094834,-0.11238196418499262,-0.013488505020719231,-0.11903904102936406,-0.6407309802378484,-0.09215921293265486,-2.088007722410821,0.3836245664591731
11.913208484649658,1.4261396983459644,4.195748858871297,2.6151091245555964,-0.5528980421080374,-0.12606144810509815,-0.02091180753350547,-0.15812648212048053,-0.6204493597860854,-0.08970001861724354,-2.080075226686795,0.39662478620130504
11.932942628860474,1.409665361143957,4.191674229444966,2.6143929678956455,-0.5523392247668683,-0.1449775033360556,-0.02487272669416209,-0.16499388093122067,-0.6115271948351685,-0.08709597641305165,-2.0670429282350495,0.6516149225872736
11.953150033950806,1.3985851574989894,4.188652959056096,2.6138782662645625,-0.555701539281386,-0.15712044045500367,-0.026588856545539993,-0.17111392992312385,-0.6027986364060804,-0.08452201426297615,-2.064580708398891,0.12311099180792873
11.972980260848999,1.3877405264268965,4.185391597009084,2.613269189050618,-0.5514613812124743,-0.16890671674108057,-0.02986950174364631,-0.1536356686162983,-0.5802860540671039,-0.0818364095611016,-2.0537412850167764,0.5419711691057261
11.993090867996216,1.3766817301074112,4.181898870680418,2.6126556090192072,-0.5543604420946101,-0.18029324528831045,-0.03147966630361015,-0.13629308700992754,-0.5584846701687997,-0.07918587876467595,-2.0502431859424672,0.1749049537154601
12.013514757156372,1.371282378009199,4.180070548880078,2.6122562620565284,-0.5513602782832313,-0.18572585037220948,-0.03456700800692204,-0.11452055890892443,-0.5481541149141005,-0.0764493876440265,-2.0463260677020583,0.19585591202044839
12.032904386520386,1.3547610947908841,4.174236126575471,2.61110424790674,-0.552503372897076,-0.20254762054061903,-0.039103760329125166,-0.06766306716312995,-0.5410145246483238,-0.07353224750968564,-2.0323991287152827,0.6963469493387775
12.053071022033691,1.343700555040342,4.170077437634521,2.610307658411059,-0.5533986387262405,-0.21329811390684653,-0.04054561967235401,-0.022073824716781043,-0.5340665989884611,-0.07066137248389498,-2.030883193852114,0.07579674315842944
12.072999238967896,1.332631143911305,4.165705115727991,2.609482802834286,-0.5533946956074928,-0.22391154969724114,-0.04193052164807969,0.02225995946771806,-0.5273084528911399,-0.0678364603979138,-2.0212540218570156,0.4814585997549248
12.093088865280151,1.3326382966906072,4.165707745588754,2.6094337828031686,-0.5527107388214799,-0.2234673919404724,-0.04283242257014192,0.08269877595898657,-0.49433914278522834,-0.06507948189880748,-2.027511576848486,-0.31287774957351466
12.113260746002197,1.3159781946176268,4.158776618670729,2.6081492465340963,-0.552995508475013,-0.23810987213076634,-0.043834334604771055,0.15861009409961635,-0.45063445991545653,-0.06236200189326214,-2.008698183116722,0.9406696865881914
12.132953643798828,1.2993138280535397,4.151402776916821,2.606862565903909,-0.5519556340676098,-0.2521557764216844,-0.04405754749204634,0.22285272281572913,-0.4091803310234821,-0.05973108466411914,-2.0058527389633074,0.142272207670735
12.153036832809448,1.2883234612553156,4.146280504925296,2.6059696419448084,-0.5468740596316999,-0.25993883294733217,-0.04522622434248096,0.2849489527529278,-0.3694030460737341,-0.057143857007393495,-1.99752145667393,0.41656411446886477
12.17297101020813,1.2771830609878172,4.1409115847115014,2.605141862692391,-0.5473472504153066,-0.26958987261657036,-0.04414299590515099,0.34045366064530264,-0.33236430283233664,-0.054724716707614036,-1.9931847743277569,0.21683411730866187
12.193068742752075,1.2663078125769276,4.135455705210912,2.6042482171369863,-0.5399988620400983,-0.27587983492202117,-0.04521362704577818,0.3940725931499168,-0.2968912158173231,-0.05234493550399477,-1.9859509585065962,0.3616907910580336
12.21404218673706,1.2607321312635518,4.132585805374468,2.6038526112038376,-0.5414210425954845,-0.28142353659341013,-0.04401581609887659,0.41350913796117983,-0.27822863921102586,-0.050142892009673645,-1.9856249228232286,0.016301784168382127
12.233232259750366,1.249987680044803,4.126902894617376,2.602962411373629,-0.5329611527992253,-0.2868078908828456,-0.04499694219242296,0.43238716372804403,-0.26033401614924184,-0.047975469560796756,-1.9760405072147402,0.4792207804244164
12.253101348876953,1.239120691101722,4.120956479374506,2.6021489889980662,-0.5313394825817306,-0.29566431443890656,-0.04351468133651809,0.43998450766773495,-0.2407064193088859,-0.045978570126040924,-1.9722717435271115,0.18843818438143423
12.272969245910645,1.2285131033135015,4.1149568268092205,2.6013074599340023,-0.5247191546531145,-0.301569117654721,-0.043153606427477245,0.44772732741795146,-0.21982249662339245,-0.04408176138937646,-1.9650397605335108,0.36159914968003637
12.29308557510376,1.218108772931792,4.1088828316359445,2.600435696511349,-0.515688669881239,-0.3057634877380052,-0.04401650612130707,0.45529143202477584,-0.19974875957239385,-0.04221284389917725,-1.959973970491661,0.2532895020924908
12.313098669052124,1.2077946154270705,4.1026527429131505,2.599645910019355,-0.5086271997435079,-0.31143255889896687,-0.04238628971654241,0.4566249759071699,-0.1828255878743197,-0.04050786783801222,-1.9533958226437385,0.3289073923961272
12.33293867111206,1.1927374556014312,4.093191239459644,2.598415967901476,-0.4949737293817757,-0.3177858329993348,-0.0418871620208328,0.4551515338118155,-0.16548478584450887,-0.0388841219929274,-1.9428638503103448,0.5265986166696823
12.353076696395874,1.1829289179125944,4.086803551355552,2.5975705549929287,-0.4858846303588161,-0.32092720770118077,-0.042648789201019964,0.4537742473108522,-0.1487537630255376,-0.03728223055317931,-1.9400013453758547,0.143125246724507
12.372945547103882,1.1733494162132112,4.080319477837411,2.596792612383132,-0.47558792709674635,-0.32467965739869387,-0.041344510446154226,0.4454453025748827,-0.13767384681659944,-0.03580919263203355,-1.9316331210306155,0.4184112172619603
12.393072128295898,1.1639262086853122,4.0737990690066885,2.595958657606965,-0.46675944313653606,-0.3273255956585755,-0.04204611909750217,0.43745999535541996,-0.12698477297863675,-0.03435476962580052,-1.9276852219394112,0.19739495456021494
12.413177251815796,1.1593418380141296,4.070509763023274,2.5955836105692627,-0.4607153655860793,-0.3287534511394417,-0.04104225786288436,0.4210473876036145,-0.11889247158020823,-0.03301490572948402,-1.9247259572015385,0.14796323689363344
12.433024168014526,1.1502106766296152,4.063911441362983,2.5947562509670234,-0.4524534433931342,-0.3310526479413421,-0.04168928867023009,0.40524610673017136,-0.11107234124049806,-0.031690797869873326,-1.9179746286687536,0.3375664266392464
12.453127145767212,1.1414002500686695,4.057280295156187,2.5939760333732993,-0.44046369344438685,-0.33278976046169784,-0.040844896364271,0.38078798698247257,-0.10016969395105117,-0.03045105890517317,-1.911841773875644,0.3066427396554827
12.47292447090149,1.1285014557204747,4.0472795152083565,2.5927687379778104,-0.4250732192513976,-0.3348919755446035,-0.04085075217767692,0.35716636663385737,-0.0903338541667278,-0.029237123555210104,-1.9016646652494145,0.5088554313114724
12.493048191070557,1.120069887449825,4.040564243283047,2.5919459557504,-0.41815984270034223,-0.33660385290354056,-0.04142346997906759,0.33429576133765543,-0.08092454411571495,-0.028036947872533573,-1.899764223853237,0.09502206980886996
12.513219833374023,1.1160656130828797,4.037231470814994,2.5915569993308076,-0.4103071057866926,-0.33627446560492275,-0.040944287503580964,0.3235349258507423,-0.07379536736036389,-0.02690434217789186,-1.895333336603679,0.221544362477899
12.532926797866821,1.1079234757980478,4.0304916812236105,2.5907328076019938,-0.40394147799225344,-0.3376818267386697,-0.04147115117644521,0.31307828329824344,-0.06699526328457404,-0.025784081553534483,-1.8905774399620618,0.23779483208086205
12.553164005279541,1.1001749812350292,4.023775722016282,2.589930185871006,-0.3911150691854016,-0.3377286463328723,-0.04119202645026845,0.30608760698301185,-0.06658667323540095,-0.024701444779739526,-1.883018517870025,0.3779461046018451
12.572947263717651,1.0887292867733653,4.013655673803949,2.588700848207227,-0.3776955664951909,-0.33852699063583075,-0.04142826252247362,0.3074392572621342,-0.06942479087808952,-0.023621168567710103,-1.8745801696001876,0.42191741349186795
12.59313154220581,1.0812369477577022,4.006871063056058,2.587867630117656,-0.3715342053009313,-0.3399433295703274,-0.04188998709182683,0.3086782153567699,-0.07219843091499786,-0.022553365346111704,-1.87182939444773,0.13753875762287926
12.613109827041626,1.077652917661905,4.003525845908921,2.5874627285291596,-0.36525019339615455,-0.33894941948090745,-0.04168007535748525,0.3031598040127179,-0.06816693785694232,-0.0215297151723063,-1.8687298670098236,0.1549763718953212
12.632980823516846,1.0704081915456,3.996733485339971,2.586624888735144,-0.3592399022729535,-0.3402737022542681,-0.04210053101333816,0.29791453260808687,-0.06428636418484912,-0.020517805644250747,-1.8630858372189611,0.2822014895431213
12.653128385543823,1.0634170057674615,3.9900193901520926,2.585797731179229,-0.3500440327304763,-0.33897583225672895,-0.042035706149674015,0.29092458980105657,-0.06604468251752287,-0.0195247673520239,-1.858466814435713,0.23095113916240528
12.672947645187378,1.053123909591029,3.979886666790554,2.5845382221703335,-0.33907982088857613,-0.3390570532326178,-0.04232019771963516,0.2960875030625256,-0.06506242410974959,-0.01852541091540065,-1.849719222326498,0.4373796054607526
12.69301962852478,1.0464018617769935,3.973092575359446,2.5836881791249517,-0.3331086219320327,-0.34034903968236146,-0.04268081778482817,0.3009891359699133,-0.06414735203738825,-0.017538700193728694,-1.8468788555479718,0.14201833892630855
12.713165283203125,1.043147360045132,3.9697491307102197,2.583269465529855,-0.32833008957961385,-0.33914323941107394,-0.04259489123550636,0.3077090298627869,-0.057998917947440005,-0.01658510512928455,-1.8446250319906001,0.11269117786858462
12.732956886291504,1.033468797370665,3.9596032806754287,2.581991625863255,-0.31812877651223653,-0.3392829625911696,-0.042871614021122446,0.31787947511262693,-0.050319093722229855,-0.015623043329183796,-1.834693355664342,0.49658381631290105
12.753127813339233,1.0271704531356376,3.9528080536784933,2.581131132458964,-0.311673251505868,-0.34021519691658,-0.043174563023572254,0.3275982152873346,-0.04295697503021469,-0.014674027196949907,-1.832053685469004,0.13198350976690865
12.77293610572815,1.0210079396949723,3.946059712097437,2.58027483292665,-0.30500602253587655,-0.3394751247967674,-0.04321029370260477,0.33873290274965673,-0.0381748245879836,-0.013735511172704563,-1.8265531563489539,0.27502645600250286
12.793101072311401,1.0149762831377354,3.9392628820687396,2.579407941850857,-0.29812418133076674,-0.34019269477936737,-0.043475729946922476,0.3493685631936359,-0.03361978909358251,-0.012810331290117589,-1.8211638261825138,0.2694665083220027
12.813336372375488,1.01198908129,3.9358892751534698,2.578978798819953,-0.29522900076471814,-0.3396829409761812,-0.04341746608796094,0.3606831910077886,-0.03431141743527388,-0.011914595727270709,-1.8209376882097787,0.011306898636753715
12.832877159118652,1.0032522023299024,3.9257095057227116,2.5776761995660395,-0.2855315318191633,-0.33997438982737305,-0.0436171438625147,0.37247187120257036,-0.03654505703059731,-0.011011456562744321,-1.809541025707008,0.5698331251385413
12.853096723556519,0.9976168240489859,3.918902560849322,2.5768017139198856,-0.2779688594672258,-0.34072748668145264,-0.04382845604916284,0.38370303004354156,-0.03876180662670935,-0.01012204432587334,-1.8061889457386786,0.16760399841646567
12.873454570770264,0.9920634909791385,3.9121293294078905,2.5759292475614526,-0.2720557692087752,-0.34021340557946955,-0.043874271185949804,0.3873741776161781,-0.034044734918276476,-0.009240465024053266,-1.8010380628926748,0.2575441423001923
12.893125295639038,0.9867000895637745,3.905318554336399,2.575049972114392,-0.2642725087617773,-0.34084920884076386,-0.04405038170697976,0.3909332617459321,-0.029576864113957012,-0.008372919836028359,-1.7940615295499778,0.34882666713484944
12.913237571716309,0.9840300346512307,3.9019403577959473,2.5746129089548733,-0.2616500689305926,-0.3402671764360687,-0.04401609873416944,0.3948533781323316,-0.03149563098724974,-0.0075316311358930065,-1.7946531343719205,-0.02958024109713797
12.933274984359741,0.9763171138662343,3.8917408302437697,2.5732919918326105,-0.250911872302668,-0.3405958956866601,-0.04415099530013394,0.4010314026215706,-0.03486329879558807,-0.006683610213830992,-1.7809921219229707,0.6830506224474897
12.953130722045898,0.9713794829879505,3.884921718006603,2.572407691017843,-0.24283139304393145,-0.34132636397465893,-0.04427630749703759,0.40697818808555586,-0.03817409006771478,-0.005850004907939663,-1.7773838681477425,0.18041268876141103
12.973033666610718,0.9665505026057841,3.8781219054653056,2.571523234753643,-0.23600141755679618,-0.34126626875491317,-0.0443345390725189,0.4105752540946952,-0.04384155744677851,-0.005021716694822095,-1.7704725307579174,0.3455668694912539
12.993021965026855,0.9619128213986698,3.8712874416916807,2.570635594110507,-0.22775522625211353,-0.34219848466847697,-0.04442681340760353,0.41401835229271117,-0.0493544037418401,-0.004208165077609312,-1.7627817203853349,0.3845405186291284
13.013116359710693,0.9596233770824187,3.867890177695376,2.5701928345536538,-0.22450258204699822,-0.3419963159957471,-0.04441160087068479,0.4177463552338216,-0.060080272080045044,-0.0034182195691447514,-1.7623629069549835,0.0209406715175664
13.03294324874878,0.9530457912303072,3.857641529272992,2.5688603024188374,-0.21288422608553068,-0.34280186008904173,-0.04446837031558977,0.4109157848036303,-0.07376130018905155,-0.0026234314654877094,-1.7467495913473838,0.7806657803799855
13.053135633468628,0.9488698452305341,3.8507698514971307,2.5679704625585438,-0.20473242794298663,-0.34440993988553825,-0.04451301660944274,0.404299524836083,-0.086968110129501,-0.0018436984328692135,-1.7421837671324076,0.22829121074880998
13.072932004928589,0.944834866452448,3.8439351497586682,2.5670795335312424,-0.19710576005273805,-0.34444245951620756,-0.044555277372015,0.40226434392023686,-0.09998181988716705,-0.001068783082592262,-1.7338625699577297,0.41605985873389706
13.09315013885498,0.9409730706078995,3.8370254605434995,2.5661882651209917,-0.18908046421101452,-0.3465682490468194,-0.04456903169818222,0.40027239036077883,-0.11251802969521253,-0.0003091947711644976,-1.7251856793756768,0.4338445291026449
13.112966537475586,0.9372816119385928,3.8301570139922574,2.565296814745825,-0.18079623438787598,-0.3467150448948165,-0.04456819858770685,0.3998376861568216,-0.11748704615107203,0.0004433217984368398,-1.7174413161025281,0.38721816365743233
13.133049726486206,0.9337456195005903,3.8231988933347694,2.5644055888302435,-0.17280487800609176,-0.3491129908042552,-0.04455193625819801,0.3992771404471024,-0.12227806923415349,0.0011803374396050067,-1.707927082010773,0.4757117045877557
13.153133153915405,0.9337519947014536,3.823228494181264,2.5644058833180723,-0.17258468616085676,-0.34819190330661226,-0.0445323970042842,0.40073259728518673,-0.12607815415785428,0.0018813272052203365,-1.7125678513533313,-0.2320384671279152
13.172933578491211,0.9271823132149267,3.8092671202822603,2.5626251363119428,-0.15624086617899474,-0.3516647227297758,-0.04448215043446137,0.40124718099733936,-0.13019635085530917,0.00259930639190667,-1.6843505950279085,1.4108628162711412
13.193026781082153,0.9241377732746077,3.8022075188899276,2.5617360602446646,-0.14821183573272234,-0.35430868598495285,-0.04442311531444479,0.40163484377797515,-0.1341772223407924,0.0033016021493009026,-1.6829130680862248,0.07187634708418766
13.213171005249023,0.9226804428609579,3.7986828690918406,2.561283175110703,-0.14404963738213367,-0.3550240200487053,-0.044651101888136466,0.4034346577001501,-0.14259124671821868,0.003998959073724191,-1.676744463303515,0.30843023913549317
13.233046293258667,0.9198802482226518,3.791553325235137,2.5603909985638214,-0.13596441338305254,-0.35795736557768837,-0.04456428097625717,0.4050586135230383,-0.15069129757412805,0.0046805083631663805,-1.6652545416884936,0.5744960807510635
13.253119230270386,0.9172466306394231,3.784399860747647,2.5594909954243104,-0.1277530651611638,-0.3601566420299247,-0.04468424323540356,0.4046305584986693,-0.1613930022417295,0.00536515453990503,-1.6560508465810977,0.46018475536979686
13.272947072982788,0.9136001875454038,3.773549753097849,2.5581509053627296,-0.11548926937628981,-0.3642974859717236,-0.04456840101183717,0.4049664923929272,-0.171203584925361,0.006049467936369125,-1.6382979136463725,0.887646646736262
13.293020486831665,0.9113714119285997,3.7662289283262242,2.55726079202154,-0.10738756673846207,-0.367816381831645,-0.044440707690131906,0.40518418643147075,-0.18062085907415146,0.00671709545477361,-1.6307045937887414,0.37966599288155045
13.314239740371704,0.9103238399354812,3.762567543408568,2.5568152693381037,-0.10314605332109603,-0.36898653680588045,-0.04441479355498705,0.40705680689963947,-0.1918649569916749,0.007363770306228487,-1.6262930112666476,0.22057912610469188
13.332935810089111,0.9083424467100407,3.7551487130326313,2.5559284885199256,-0.09498758371011477,-0.3729324532696742,-0.04426118679952858,0.40876249298540335,-0.20265079860011187,0.007994211721493345,-1.6129856988098794,0.6653656228384097
13.353055715560913,0.9074184260028861,3.751440301963945,2.5554851011672564,-0.0907101238078372,-0.37419416638965736,-0.04420485480520661,0.41348830850716733,-0.21594516650917842,0.008603415169676278,-1.6105407519958481,0.12224734070156451
13.37291955947876,0.9041191898827197,3.736355353273601,2.55372227528816,-0.0742334121192965,-0.3815255636430669,-0.04388760462914459,0.41278773559144033,-0.2216582542153927,0.009216954322379282,-1.581529429814415,1.4505661090716604
13.393042087554932,0.9027170279247053,3.728680143993408,2.5528464066686127,-0.0659854222074627,-0.3860134421089704,-0.043697266820514113,0.4119961987555454,-0.2270816403572853,0.009814108375450423,-1.576690463900845,0.24194829567849574
13.413358449935913,0.9020754527755966,3.724831352296497,2.5524043210594254,-0.061951711141263494,-0.38766049269041053,-0.04377479477797837,0.40915875306517235,-0.22692232631496462,0.010399384822219408,-1.5710894410634388,0.2800511418703078
13.43298602104187,0.900918060446034,3.7170327724393024,2.551530943249538,-0.05379702606849765,-0.3921967065990517,-0.043561089199887874,0.4063074837060832,-0.22668642176293138,0.01096849062320802,-1.5580403258895457,0.6524557586946589
13.453070878982544,0.8999288118369659,3.709159630834472,2.5506548186303637,-0.04552480115926309,-0.39638797354111255,-0.04349632658663799,0.4040377478475553,-0.22531193976411656,0.011531714650592618,-1.5474490594134438,0.5295633238050934
13.47293210029602,0.8987559004400173,3.6971578316214195,2.549353831116641,-0.03304273219962715,-0.40343231157305826,-0.04317716406861641,0.40893013339254036,-0.2261283025432531,0.012086845281286958,-1.5284091972123606,0.9519931100541612
13.493062734603882,0.8981771438485013,3.6890439091511507,2.5484927413947775,-0.024817559647302815,-0.4079624008734147,-0.04293001215844897,0.41354038126776765,-0.22686795011239103,0.012625635738187894,-1.519701900518596,0.4353648346882233
13.513084173202515,0.8979573700533141,3.6849348964899473,2.5480634685264456,-0.020468540271043327,-0.4107217786641776,-0.04281958825213327,0.41445086237972684,-0.22240636788926482,0.013142249033607537,-1.5146285776915964,0.2536661413499841
13.533133029937744,0.8976309431558019,3.676676271991192,2.547209738863749,-0.012171577994998073,-0.41512613830717937,-0.04255170845710583,0.4152223356045132,-0.21804648422968054,0.01364311974926306,-1.5015325361596044,0.6548020765996032
13.553170919418335,0.8974665205861555,3.668291003828193,2.546361901187074,-0.0039618041407912625,-0.4204537316611606,-0.042261552879280316,0.4175122024385139,-0.21206741310054036,0.01412562878645787,-1.4909863054255132,0.5273115367045556
13.572900533676147,0.8975300205015393,3.655546090847465,2.545100957437948,0.008407574737108797,-0.4277892861870515,-0.04181493559809018,0.4179068480444411,-0.20403840505369966,0.01459492475026931,-1.4726950893195832,0.9145608052965049
13.593086242675781,0.8977817733030443,3.6469500216618016,2.5442676082333406,0.016768596727997413,-0.4317916046268506,-0.04151847140332409,0.4181742664161165,-0.19623004570478794,0.015048965136409987,-1.463292183413556,0.47014529530136073
13.613148927688599,0.8979660279955651,3.6425795132554866,2.543853670843937,0.02079094812756033,-0.434975192476001,-0.04135464261105696,0.4130146791306223,-0.19490813626118433,0.015480774101535788,-1.4589698343470983,0.2161174533228838
13.632956743240356,0.8987769868118319,3.629391369267466,2.542620466106671,0.033120831723149696,-0.4423270382114627,-0.04086975910851067,0.39843753749823707,-0.2014025101653799,0.01589871188909524,-1.4395857995409251,0.9692017403086561
13.653432130813599,0.8995181405166972,3.6205041335815933,2.541806277802538,0.04094737090189056,-0.4464169447589714,-0.04054772656559147,0.38428709940887756,-0.2075269108205947,0.01630213615450871,-1.4311491933234386,0.4218303108743271
13.673062562942505,0.9004423709523627,3.6114795179557526,2.5409979647031538,0.04934736824668257,-0.4518302775262869,-0.040233689736022205,0.3736689299342621,-0.2047403871133529,0.016688744337714046,-1.4194722083882385,0.5838492467600043
13.693050146102905,0.9015033542114488,3.6024021498106746,2.540196653726371,0.05671622862917545,-0.4558972678055884,-0.03989616616609255,0.36325018856057883,-0.2019596419350145,0.017061279666414277,-1.4100182421933747,0.4726983097431914
13.713561773300171,0.9021242542168432,3.597812746527912,2.5397992846893165,0.06099636837234641,-0.4585379809256347,-0.03969981033180082,0.3176969959094982,-0.20765101637033764,0.017412762178738234,-1.405112740632692,0.24527507803413506
13.73313307762146,0.9034047689485059,3.588600093562126,2.5390087937947503,0.0669089076390242,-0.46274520342908576,-0.0393481522850343,0.27383750808069296,-0.21301741850486,0.017750816541400007,-1.396829649717692,0.41415454575000066
13.753153562545776,0.9049164438487011,3.579278487248494,2.538226377192636,0.0752889021427069,-0.4676386670765072,-0.03897300445386196,0.23898080808495065,-0.22151254414808624,0.01807052900584059,-1.3852496680914705,0.5789990813110713
13.772985458374023,0.9074121824353926,3.565147401822626,2.5370638922001105,0.0860779094542975,-0.4742326083997002,-0.03847044686908834,0.22586494620399628,-0.2097646451819946,0.01837884441063583,-1.3706520365374484,0.7298815777011081
13.793164491653442,0.9091780606855234,3.5556215644329137,2.5362981789431864,0.09046762447887434,-0.47831300208121885,-0.03809989389190466,0.21317753654872995,-0.19832605403005826,0.01867432622135549,-1.3666031211804892,0.20244576784795854
13.813097953796387,0.9109045774761386,3.547450291331238,2.5356504785911818,0.09797583080346145,-0.48188805388824535,-0.037852850802231976,0.19808399096062168,-0.17973043593355245,0.018957160878395028,-1.3555539750667638,0.5524573056862714
13.83316421508789,0.9129027298042223,3.5377777960942396,2.534897231238876,0.1017907641114671,-0.4853013338162545,-0.03747098318667615,0.1834925237695698,-0.16168954386895718,0.019227535720478008,-1.3516498727799475,0.1952051143408129
13.85314655303955,0.9140169001757749,3.532882370887876,2.534522569381919,0.10597172776642119,-0.4877990309319695,-0.03729987652836283,0.17498659673959568,-0.14578438328400167,0.01948251810055234,-1.345894540116205,0.28776663318712536
13.872980833053589,0.9173421118180962,3.5181194042308177,2.5334126590554096,0.11302412369977462,-0.493826844942304,-0.03670313240223569,0.16795351950008408,-0.1250663691558977,0.01972185324574481,-1.3367968978605567,0.45488211278241764
13.893099069595337,0.9196357254433704,3.5082192038762834,2.532682556147488,0.11631441553689821,-0.4961262196795224,-0.03630639962385857,0.16110649701105373,-0.10497501274021372,0.019949485318519245,-1.333034981121601,0.1880958369477881
13.913133144378662,0.9208472327282018,3.503186915466395,2.532321349103752,0.11903494565320615,-0.49884032301484066,-0.03607828576192806,0.16147330551801456,-0.07934413688388485,0.02015975744632014,-1.329859563276084,0.15877089227585017
13.933016777038574,0.9232602473447171,3.4931959053858783,2.5316038288014693,0.12226751145999612,-0.5001781455810245,-0.03567308061086064,0.16177195134692113,-0.05458214189505989,0.02035891626715577,-1.3251805885037982,0.2339487386142869
13.953028440475464,0.9257726125081797,3.48304577515751,2.5308970062946936,0.12632557033002748,-0.5044981971790654,-0.035199410577756565,0.16700484400998225,-0.029956151910622245,0.020537680425146677,-1.3204895743117566,0.23455070960207713
13.972903728485107,0.9296339160762817,3.4677999328123144,2.5298524422055384,0.13119077507742175,-0.5080111865170818,-0.03451806480308058,0.16760183818596328,-0.010227037815688459,0.020697344762717798,-1.3141071013270622,0.3191236492347205
13.993085384368896,0.932291288511749,3.4576389425617053,2.529166230518585,0.1345482430277817,-0.5080244968204026,-0.03410260523071076,0.1681342105225594,0.008775616284597654,0.020846945262007085,-1.30884947215133,0.2628814587866124
14.01418924331665,0.9336241284154344,3.452472579234339,2.5288289377366606,0.13566032689362972,-0.5102100401659998,-0.03381665653950164,0.17545894638942366,0.02904995034760115,0.020978770409689648,-1.3082779746899322,0.028574873069886486
14.032997131347656,0.9363729014136943,3.442275495572797,2.5281568086755652,0.13924048021578134,-0.5094337045857503,-0.033395841614837295,0.18251117238784356,0.04843655082498948,0.021101158898423518,-1.3018277960699831,0.32250893099745603
14.05393362045288,0.9391337348785381,3.4319570293140838,2.5274967056563344,0.1413665001133522,-0.5118135244019519,-0.0328793597439593,0.18997684904876788,0.06152159870097782,0.021202942442665573,-1.2996370237236214,0.10953861731808345
14.072915077209473,0.943402535450209,3.4165531649268983,2.5265227501614325,0.14541957490115667,-0.5119836800061672,-0.032158991853806496,0.19231227224849473,0.07897049197947914,0.021284925066854914,-1.2928556176710297,0.33907030262958493
14.093130826950073,0.9463495386766955,3.4063304109185157,2.525883832359532,0.14928810489594907,-0.5102360714315451,-0.031732542702073006,0.19451943342734734,0.09566546227359075,0.021358617092695556,-1.2855402121850168,0.36577027430064746
14.113081932067871,0.9477922695095589,3.401175968249465,2.5255707264531817,0.14954170077388013,-0.5107349500873917,-0.03142979826723169,0.196063845261974,0.11158249769497712,0.02141673425959446,-1.285547606035386,-0.0003696925184648592
14.133229732513428,0.9508224143228071,3.3909846102082315,2.524946417322612,0.15347760008678288,-0.5083502380802063,-0.031000946790020373,0.19750971685600632,0.12676743391078368,0.021467135828447736,-1.2773985621275767,0.4074521953904675
14.153069734573364,0.953845101775229,3.3807566067805137,2.524334012766504,0.1553035243033635,-0.5078032143882071,-0.030484722366200638,0.19869537468249387,0.14259514525071354,0.02149927210249023,-1.2739545121348486,0.1722024996364091
14.172929048538208,0.9585437451750365,3.3655414894804916,2.523431995416392,0.15981846932387603,-0.5046301939215665,-0.02975653841388706,0.19463957508056426,0.16206610090243534,0.02151245313870036,-1.2641264621586288,0.49140249881098885
14.193076848983765,0.9617787755725611,3.3554825551792433,2.5228411676861557,0.16367128277801182,-0.5012011088861738,-0.029326212719727837,0.190653262034296,0.18070446084853617,0.02151902161777545,-1.255347941454536,0.43892603520463425
14.213129043579102,0.96338389508001,3.3504468769447278,2.5225519184701457,0.1644088347047679,-0.500135183402361,-0.029029015912135313,0.18903735810781575,0.20121963221969538,0.021513236207942908,-1.2536920748211218,0.08279333167071634
14.23298168182373,0.9667097720241341,3.340485736334953,2.521975640106444,0.16817350680829538,-0.4959137245147005,-0.028598860170723557,0.1874314795881741,0.2207657510036428,0.021501323810255532,-1.2446936907261703,0.4499192047475731
14.253128290176392,0.9683712827091375,3.3354951767792573,2.5216928627996134,0.16917857356794064,-0.4947784147559537,-0.02832121773898668,0.18319269818293185,0.23502129119322052,0.02147910034519924,-1.2427212779881365,0.09862063690169176
14.272941827774048,0.9752535134033748,3.315822637665073,2.5205809856366432,0.1757675063190378,-0.48690026161830996,-0.027367080749688574,0.1863110340328453,0.2493592792603624,0.02143316293175412,-1.2267370168343237,0.7992130576906398
14.293079376220703,0.9788063278204119,3.3061354175693096,2.5200379273372664,0.179523943135128,-0.4817767885926058,-0.02693891924336935,0.18931337038364898,0.2628472717685468,0.02138214756372763,-1.2185353146120277,0.4100851111147996
14.313069581985474,0.9805923910508144,3.3013107013974348,2.519770554859724,0.18100228112559402,-0.4796661866817578,-0.026701979210883655,0.20431651271279064,0.26483005939940535,0.02132505172949028,-1.2155282524357895,0.150353108811907
14.332966566085815,0.9842542744118126,3.291770451708429,2.5192407762397164,0.18523434957515564,-0.4743537799903772,-0.02627608905922224,0.2188049780560733,0.2663308410764098,0.02126317209442685,-1.205488634946137,0.5019808744826326
14.353128671646118,0.9860853731258378,3.287031508056366,2.518980048098435,0.18650976816943324,-0.47180048478617964,-0.02603303845845075,0.22274200348055798,0.2762425848132953,0.021195188729165804,-1.2029147605237869,0.128693721117501
14.372953414916992,0.9936452468637837,3.2684000097718493,2.517957926128116,0.19356109507158453,-0.4601302925102266,-0.025129396467673797,0.2335660822934473,0.2840847482478622,0.021106208407677317,-1.18410035120769,0.9407204658048451
14.393117189407349,0.9975638833588427,3.2592547094635687,2.5174595533121176,0.1983372879981924,-0.4543758748394039,-0.024708194791053684,0.2439862177065519,0.291243942083845,0.021013311782947953,-1.175395259447097,0.43525458802964323
14.41318130493164,1.001507804526846,3.250267405991026,2.516968370851187,0.20159853120471868,-0.447502183408057,-0.024325274384423248,0.2649424890095249,0.2901646074735272,0.020914520309078036,-1.1669619839854959,0.421663773080061
14.432996988296509,1.0055941221288374,3.2413753021866447,2.516486041498378,0.20710051343152386,-0.4417131987725821,-0.023908002379038274,0.28512795850167216,0.2886641871170753,0.020812076562011218,-1.1558551555276737,0.5553414228911091
14.453129291534424,1.0076280005394513,3.2370065013676257,2.5162480523440505,0.2087145798858165,-0.43785877648619786,-0.023696069326877865,0.3138168041012567,0.2855778498373934,0.020706960185253843,-1.152706526882087,0.15743143227933132
14.47288727760315,1.0139488655426259,3.224047253066157,2.5155475148803785,0.21574346923892684,-0.42793133716693177,-0.02304531055290787,0.3109802306110546,0.2808779037772473,0.020588517966769596,-1.1354847437131532,0.8610891584466929
14.49310564994812,1.0183257467912996,3.215544476679609,2.515090718322587,0.2219355276432708,-0.42236275906815196,-0.02263475028693794,0.30824180199226603,0.27594069645726177,0.020467000681402895,-1.1258942096172158,0.4795267047968732
14.513455629348755,1.0204885425598946,3.2113947029050287,2.5148648890315366,0.22268731865274646,-0.41787606806628563,-0.022446802875518312,0.26726246953120925,0.2750307074114538,0.02034499087459548,-1.123558751107855,0.11677292546803386
14.533031702041626,1.0249930818765227,3.203092115090415,2.5144200136904766,0.22763483444042495,-0.41238654022227755,-0.02204114775433492,0.22772861764679594,0.27388272137976927,0.020220034629515948,-1.1128321512882087,0.5363299909823205
14.553087711334229,1.0272688025341248,3.1990524786872827,2.514200496504948,0.22965554820039047,-0.4075544739519897,-0.02184424582635265,0.22174425188409988,0.283673501775301,0.020093986062879033,-1.1087601557944762,0.2035997746866247
14.572947025299072,1.0367446378137308,3.183067062242241,2.513338964494759,0.2412486755733765,-0.3941068401985861,-0.02114018447150324,0.2053645406759647,0.2738461563600219,0.019957461404893788,-1.0828322301438322,1.2963962825321973
14.59306001663208,1.0416096213991652,3.1752390392539245,2.5129201430696213,0.2451970239032578,-0.3887282330585841,-0.020742421524463216,0.1895667077888149,0.26401385307488756,0.01981841755022325,-1.0803007325070975,0.12657488183673848
14.613219022750854,1.044153498261662,3.1714194524276125,2.512706303458554,0.2495591994006529,-0.38435982228655213,-0.02077802509984801,0.20501830696284837,0.2844338187453329,0.019693520678605553,-1.071595685273505,0.4352523616796278
14.633077621459961,1.0491866856353251,3.1637904444852563,2.5122946731909863,0.2538090209883424,-0.3784768708941867,-0.02038542750501005,0.21986332834435515,0.303664396692446,0.01956576714094921,-1.0637471011699975,0.39242920517537083
14.653045415878296,1.0543955513383416,3.1563479049247647,2.5118814196020454,0.2600441535818485,-0.37090219649422373,-0.02020716509481385,0.20296787115859113,0.3032808996638058,0.01944424005204284,-1.051686942161425,0.6030079504286245
14.672977447509766,1.0623080450539442,3.1453732821046834,2.511283134527221,0.26698308076870614,-0.36121892642067055,-0.01964437747453498,0.2371100236064137,0.3193713252082012,0.01931254398323098,-1.038541285240564,0.6572828460430502
14.693133354187012,1.0676973380601342,3.1382137950255484,2.5108941005732226,0.272055583865882,-0.35467984056088514,-0.019259465792593147,0.26991949230941586,0.33435385318487454,0.019178184652942996,-1.0309699873828073,0.3785648928878338
14.713134050369263,1.0704270175998267,3.1346906463495907,2.5107029245473327,0.27469086593399783,-0.35101297527176184,-0.019054500208778396,0.2850930060135744,0.3523830940697662,0.019041565399175054,-1.0270989767066103,0.19355053380984977
14.73309874534607,1.0759788320024855,3.127742007480118,2.510325633624576,0.28053895065948886,-0.34379466923292806,-0.01867505568884976,0.29960603397486546,0.3692560832528414,0.018902479650939236,-1.0151546655272972,0.597215558965658
14.753098487854004,1.0815633112195795,3.1209053707426353,2.5099591607267744,0.2844869735590135,-0.33718164109071785,-0.018216729853803144,0.3162700476688084,0.38846411804399633,0.018750987955062505,-1.008908454519156,0.3123105504070578
14.772915124893188,1.090179154035822,3.1109258961485584,2.509423553208459,0.2922141462557064,-0.3264634832856458,-0.01758154604510391,0.3130062927404094,0.41122830647659503,0.018584320032276974,-0.9927932582358978,0.8057598141629096
14.793120622634888,1.0960858176492438,3.104480325246558,2.509075627965819,0.2984411372380343,-0.3180220192110602,-0.01721153873044814,0.3096829540567958,0.43270489654317185,0.01841616719462852,-0.9841222494030952,0.43355044164012924
14.81335735321045,1.0990441433853635,3.1012762885794865,2.5089068934682084,0.3003693494873207,-0.3150265076872917,-0.01696192664263797,0.30525274826218973,0.4290587835482498,0.018244257780918895,-0.9826401708786969,0.07410392621991502
14.832943677902222,1.1081799747307481,3.091967053247519,2.5084088643725364,0.30917973686569317,-0.3033938561546222,-0.016338859023793947,0.3012882534151153,0.4503684332810468,0.018057805193338,-0.9632634124259254,0.9688379226385768
14.853178024291992,1.114423558135163,3.085990609836061,2.5080856862844807,0.3151650770911052,-0.29418348676361633,-0.015979573839254513,0.2972303353815338,0.47046816381526047,0.017870588476989253,-0.9561419399753901,0.35607362252676467
14.872937202453613,1.1207955457305252,3.080139150906671,2.5077707288282687,0.32138397594672763,-0.2862230801256867,-0.015601899438688947,0.2966089756623081,0.48575345703929795,0.017677374350069823,-0.945524589481638,0.530867524687606
14.893126010894775,1.1272824955508753,3.074512806623488,2.5074622134097293,0.32730826494484677,-0.2763638834552679,-0.01525028802912887,0.29578668200452785,0.4999931135135338,0.017483690629334612,-0.9348076380693873,0.5358475706125354
14.913069248199463,1.1305833474849902,3.0717270486640165,2.50731244048267,0.3305730927954032,-0.2728055819970316,-0.015021425171529467,0.2883416920818636,0.4858961092926838,0.01728856350543306,-0.9330341972449214,0.0886720412232922
14.933006048202515,1.1372519879852867,3.066367181293945,2.507015456668191,0.33626658273534726,-0.26322782167262565,-0.014677607706821976,0.28102932652884616,0.4718961152751026,0.017093134815920192,-0.919493017133,0.6770590055960701
14.95314645767212,1.1440607078422227,3.061154300330893,2.506729218010414,0.34252257648558637,-0.25473013264238265,-0.01424750567591651,0.27093281665711777,0.4633293617165846,0.016888043056640267,-0.9119588308372979,0.3767093147851064
14.972968816757202,1.1509646849624728,3.056151787334084,2.506447631838077,0.3478422879549604,-0.2455500616391061,-0.013911794830616813,0.2610785025797775,0.4546610249058684,0.01668306156277684,-0.9021033427834673,0.4927744026915315
14.9931001663208,1.154487171905381,3.053740861206917,2.5063097393080485,0.3512450253902418,-0.24046155473310513,-0.013734789970341174,0.24736876982701153,0.4378205093947064,0.01648030936493329,-0.8988702620117883,0.1616540385839471
15.013219594955444,1.1651876396235321,3.0467826407548744,2.505905425652545,0.36005618506134035,-0.22563202702645024,-0.013234068168272523,0.23342108155674038,0.43425881853148113,0.01626936632163608,-0.8792544588890645,0.9807901561361909
15.033055782318115,1.1724345379815684,3.0423566007210736,2.505643984122158,0.36458850886151156,-0.21698476724156723,-0.01291078650076724,0.21987844488094357,0.43042162930576006,0.016058877496189363,-0.8770414950013445,0.11064819438599827
15.053071022033691,1.1761501301439767,3.0402752038884264,2.5055144126393674,0.36826817545598894,-0.2107465779444521,-0.012799991583596355,0.1951556449043121,0.43455555094294135,0.01585492738206442,-0.869360484323503,0.38405053389207744
15.072989463806152,1.1911591970639221,3.032276893407757,2.5050102337679503,0.37890350860564254,-0.19133177981787436,-0.012278159610722261,0.1675997949593862,0.4358902701250342,0.015644694957543046,-0.8476557488012872,1.0852367761107873
15.09312105178833,1.1987689897758724,3.0285375061793163,2.504767785528295,0.3819865483744368,-0.18260373620682863,-0.01196736318528427,0.1408353906965216,0.43685239686208965,0.015435046065395714,-0.8485436663253783,-0.04439587620455043
15.11306881904602,1.2026769139595377,3.026770780635063,2.5046442993389153,0.3855600515824719,-0.17705196522541095,-0.011962743766886986,0.12213638662342763,0.45353643252796916,0.015238423180191914,-0.8407769198749993,0.38833732251895015
15.133326530456543,1.214403136904941,3.0216821054424994,2.5042876342079903,0.3920308300733835,-0.1628717859092346,-0.011633722936266667,0.10272536293675222,0.4633662051958759,0.015042619409424205,-0.8281655093376772,0.6305705268661033
15.153172254562378,1.2222630324858705,3.0185179600459016,2.5040579552339777,0.39389588668768133,-0.15351253244330387,-0.01133482617493401,0.08387285798697333,0.4724327620283179,0.014847106706211172,-0.8251766286731428,0.14944403322671995
15.172929286956787,1.2302955992886506,3.015547940616825,2.5038310866786437,0.3987973244459634,-0.14394316466254237,-0.011107503616258207,0.061249796577030675,0.47485587235204996,0.014652992139047326,-0.8158161160210824,0.46802563260301966
15.19313931465149,1.2382823216896,3.012764185252243,2.5036118542809227,0.3998017791858485,-0.1344259440722906,-0.01081638205355221,0.03930873600621972,0.47678430173942027,0.014459223124042896,-0.8117141083714898,0.20510038247962825
15.21317172050476,1.246410914656051,3.010168917911934,2.503398359221631,0.4034653922253586,-0.12498590323896411,-0.010524770845943368,0.012288462419861323,0.4690298881949495,0.01426229041901844,-0.8040596777833562,0.38272152940668214
15.233080625534058,1.2544809222663582,3.00776248291396,2.5031907031611578,0.4034481918275438,-0.11568384012342066,-0.010241489823100745,-0.013864789027856183,0.4611568598060333,0.014065904123286784,-0.7999599496975693,0.20498640428934234
15.25314974784851,1.254523114564145,3.0077670879898437,2.5031910704844753,0.40456557858921655,-0.11550001952579923,-0.010231635668489137,-0.03286776227885166,0.46881738521258487,0.013877552877272025,-0.8016500879581359,-0.08450691302832603
15.272939443588257,1.2708366237277824,3.0035543227824917,2.502795013806038,0.4069448460342322,-0.09593099657270493,-0.009627380352132004,-0.048981153857539476,0.4723039818743849,0.01367345702595532,-0.7824523224319653,0.9598882763085292
15.293113708496094,1.278964679449866,3.0017303650683327,2.5026051873313317,0.40580896215439577,-0.08645521670478719,-0.009355944278864034,-0.06451047735707556,0.4751715700216053,0.013470309056755985,-0.7854392496253157,-0.14934635966752374
15.312947511672974,1.2871741260792473,3.000116403699683,2.502417341298021,0.40695881036581455,-0.07644595544714934,-0.009183679645628986,-0.0810171594972919,0.4805491128552721,0.013271433958497695,-0.7746327131503903,0.5403268237462733
15.333077669143677,1.2952960283248636,2.9986839200235105,2.5022363087787918,0.4051783829705793,-0.0667866757315978,-0.008920232174316702,-0.09692664694428378,0.4852701934081026,0.01307346498090178,-0.772960241963252,0.08362355935691568
15.353025197982788,1.2993909488195947,2.9980424438310433,2.502147050927968,0.40543241972501737,-0.06172906690893917,-0.008809530061084748,-0.10870630220828854,0.5047118699043519,0.012880243242468753,-0.7694980253295038,0.17311083168740637
15.372918128967285,1.3115459125360092,2.996401330994721,2.50189033356575,0.403321632679761,-0.04691482503120519,-0.00836844391680892,-0.10536251401384719,0.5265236861212854,0.012677401806376018,-0.7591221490243325,0.5187938152585669
15.393045425415039,1.319591496623481,2.995569714387703,2.5017254867058965,0.4012479891572487,-0.0361793838427251,-0.008116914145186718,-0.10199861232374942,0.5467595976225021,0.012475778894578404,-0.7563100579442938,0.14060455400193295
15.413102626800537,1.3236095136745705,2.9952025319336752,2.5016481414060334,0.4005486035897656,-0.03153426654360981,-0.007903180406300793,-0.09146691733750524,0.5633195932922425,0.012272337591401221,-0.7542740336616465,0.10180121413236876
15.433162450790405,1.3316028822032941,2.9946855426183503,2.501492518771656,0.39882253752546315,-0.020114249142519986,-0.007659756568656579,-0.08118041688831233,0.5784446849856234,0.012070276463664653,-0.745639587717994,0.431722297182624
15.453108310699463,1.3395122716828198,2.9943038087674396,2.5013486445989095,0.395952887372554,-0.01085062965084489,-0.007242878173044048,-0.05934233118957042,0.5901415662421938,0.011855793164946669,-0.7437382685217173,0.0950659598138337
15.472899913787842,1.3512847972561874,2.9941822013203523,2.5011416264686943,0.3918228739675271,0.005251974362754132,-0.006747390947066432,-0.06136822113367148,0.606621969278571,0.011627779323421539,-0.7314255556239448,0.6156356448886235
15.493110656738281,1.3591088528442745,2.9944095958035746,2.5010089891232536,0.3905763848872107,0.0175378778833557,-0.00651709574323053,-0.06325824839093888,0.6217434587792787,0.011402135308772533,-0.7290203876262287,0.12025839988580866
15.513028621673584,1.362922933740796,2.994565516816919,2.500948292114203,0.3874296711669358,0.02252593953186519,-0.006298321809507443,-0.06345492255926204,0.6454823996133331,0.011175552892871423,-0.726521754953152,0.1249316336538353
15.53329062461853,1.3706588276317138,2.995146628395655,2.50082454580787,0.38615936561684405,0.03565860658206537,-0.006077055785275854,-0.0635606500376181,0.667499266361121,0.01095146427642352,-0.7170408398643922,0.4740457544379906
15.553605794906616,1.378257403657511,2.9958923547505574,2.500711468484755,0.3822992105437419,0.046573525354316796,-0.005700121406534498,-0.04509069311391127,0.6839193211445116,0.010718121529801937,-0.7147226954060546,0.11590722291687783
15.572952032089233,1.3892566833691333,2.9974599956185983,2.500555111443602,0.37903314985920744,0.0645046911082924,-0.0052603646950629135,-0.0385247877416424,0.6999799150666838,0.010474138692114391,-0.7019833766186578,0.6369659393698379
15.59310007095337,1.3968300723763927,2.998891078989908,2.5004519828768514,0.37832718681108435,0.07865204878925945,-0.00505329427000707,-0.032093996514343755,0.7145011096799744,0.010233451353142315,-0.7003379463596882,0.08227151294848412
15.613211154937744,1.4005316294713617,2.9996513854471587,2.5004060761886517,0.37556584605057247,0.08443409618143523,-0.004839598885406129,-0.05040750654485927,0.7604459572619336,0.009992893741259517,-0.6970342806629399,0.1651832848374113
15.633114337921143,1.4080316811031783,3.0014950859251814,2.5003112669214187,0.37438074164637214,0.10008020917894,-0.0046421184468175185,-0.06798031887979411,0.8037238196607389,0.009755710707662752,-0.6879320127657507,0.4551133948594632
15.653099536895752,1.4154061643931863,3.003524075895647,2.500226799949273,0.37051416539259246,0.11302756460682004,-0.004286591372190419,-0.08977404039013918,0.846109721479835,0.009510826189414774,-0.6857309520315451,0.11005303671027811
15.673308372497559,1.4264648044806494,3.007172548700794,2.500108187391511,0.3672918822832127,0.13511542882499553,-0.0038350720716412413,-0.10623211104642358,0.8752270933805106,0.00925395830158938,-0.6731925915082746,0.6269180261635254
15.693115949630737,1.433788335367076,3.010051736605655,2.5000333198259788,0.36500879927480157,0.1528932834460562,-0.003652526805012948,-0.12195440543725569,0.9022041247497231,0.009001260747489498,-0.6725291921922372,0.03316996580187137
15.713137865066528,1.4374432162777675,3.011510183964963,2.5000038902350017,0.36416567500233177,0.15871365470879403,-0.0033761242533675464,-0.11748787817306966,0.908299059586768,0.008745279156596786,-0.670409515441015,0.10598383756110774
15.733003377914429,1.4447033295453668,3.0148664559560583,2.4999380999579714,0.3618605113295268,0.17692938729455965,-0.003203742228004105,-0.11303002456820835,0.9130522653153238,0.008493645064292184,-0.6625685811446553,0.39204671481798403
15.753092050552368,1.4483403491328357,3.0165782932030916,2.4999135667775088,0.36148655686250575,0.1832493538821318,-0.0029209247313869485,-0.09952598612502282,0.9157997958090011,0.008238240021030753,-0.6670407697934762,-0.22360943244104092
15.772918224334717,1.462700641188149,3.024571096146554,2.499810537223315,0.3570914164260537,0.21841819982137545,-0.002426890202397123,-0.0757673562369276,0.9233172115471505,0.007968218039763232,-0.6490487011303712,0.8996034331552494
15.793060302734375,1.4698288643644315,3.0291245466311603,2.499763575316825,0.35580772733663724,0.2369467101499996,-0.0022701835127101003,-0.052719395489304606,0.9292760657030031,0.00770329746075657,-0.6604874098017448,-0.5719354335686821
15.813136100769043,1.4733348417727183,3.0315412200322482,2.4997442179889093,0.3538555631081011,0.24612284933336578,-0.001544852144137566,-0.047769839572640214,0.9061708250453213,0.07828815364041551,-0.647063615142967,0.6711897329388927
15.832996845245361,1.4804027241117266,3.036643356258213,2.4997335413708237,0.3529488411153399,0.2640127877989344,0.0007029650194371155,-0.04291873636070599,0.8827753211855754,0.14602113589376725,-0.6570074291632544,-0.4971907010143717
15.853088855743408,1.48384966206002,3.0393595918594913,2.499700853425054,0.3503753143463635,0.2737331306407245,0.0006586258336471993,-0.0270509515271917,0.8698757059988946,0.138378677165641,-0.6451341925230532,0.5936618320100617
15.87297773361206,1.4908527958747755,3.0450073318384705,2.49974120132138,0.3499896190683066,0.2909953550542488,0.0033512975170583996,-0.011585312114970454,0.8562222812506147,0.13091876197470373,-0.6561172224073961,-0.5491514942171483
15.89305567741394,1.4977336755702322,3.0511446104316713,2.4997040983333316,0.346944901702728,0.3116907225456409,0.0036030812698083755,-0.0008120073987262194,0.8301380198162509,0.20051782082509922,-0.643065688289755,0.6525767058820575
15.913565158843994,1.5115069393571505,3.0644775992932165,2.4999019881396722,0.3446041291237896,0.3496666297343086,0.009424077358258879,0.027172741980959647,0.7938282587592205,0.270264721572923,-0.6593736301930981,-0.8153970951671585
15.933013439178467,1.5184062742878328,3.071627281864919,2.5001490212867745,0.3454194613452147,0.3651809288310057,0.015501668578305592,0.05420213907171624,0.7576187564308116,0.33699471615551574,-0.6444113842277521,0.7481122982673005
15.953181505203247,1.521799189701166,3.0754651304078453,2.5002348791712543,0.34464511719540125,0.3769233015097425,0.016279645652452046,0.11962421663040294,0.7454989455760008,0.31839523633551925,-0.6627868161040262,-0.9187715938137053
15.972894668579102,1.5320664452759392,3.0872934373598087,2.5007738541182403,0.3450879103495962,0.4044992607668872,0.023220808351305088,0.18847504864234377,0.7403930895843097,0.30030948990328654,-0.6476451440861895,0.7570836008918391
15.99306583404541,1.539010348160285,3.0955310998339596,2.501297148695363,0.34952253752994805,0.41924591250361387,0.029049843345738645,0.25452345312284896,0.7340712046012039,0.28266760985669415,-0.6714042023169409,-1.1879529115375709
16.013792991638184,1.5423499166750916,3.0999128653873633,2.5015718258719803,0.3477062014633027,0.43078971630479407,0.030949238346772198,0.31552843378575857,0.725688766621534,0.2659303084476182,-0.6448239170926633,1.329014261213879
16.03330898284912,1.5493710840371135,3.108673183905396,2.50224290171586,0.3546052758218929,0.44521055443264446,0.036103942082153694,0.3739512864994268,0.716214778318653,0.2496090495517221,-0.6762398436285615,-1.5707963267948966
16.05315327644348,1.5561475151159032,3.1178978898847904,2.503028114349918,0.3527057692229256,0.46409108828447526,0.04131938127927783,0.42833191839762924,0.7464307017556491,0.23389324599893543,-0.6508347823795946,1.2702530624483455
16.072923183441162,1.566662875432375,3.1322155778124254,2.5043933427791174,0.358267904460563,0.4877870916396904,0.04957546454421091,0.43105897056997555,0.7149495927062655,0.3137066910771398,-0.6822507089154923,-1.5707963267948966
16.093059539794922,1.573914605531739,3.1421122103920625,2.505452739622715,0.3669127589579717,0.5017712030469456,0.05661863938818528,0.4333551041685124,0.6834606993390341,0.39003329050402297,-0.6603158170015146,1.0967445956988842
16.113142013549805,1.5774245412705374,3.147208805954652,2.506010113821377,0.36624468887895784,0.5097676359774987,0.060039301295690614,0.42817528521483983,0.664814945551233,0.43943413759109845,-0.6917317435374128,-1.5707963267948966
16.133079051971436,1.584834721321831,3.1575358551937858,2.5073019604134545,0.37475581985135265,0.5228735790911245,0.06930206472776047,0.4229263823601544,0.645702470410887,0.48644668879258646,-0.6603158170015151,1.5707963267948966
16.153154850006104,1.5923033865197351,3.168270370513225,2.508606776793046,0.3805623206488396,0.5395547483193822,0.07430340391000306,0.39340017930190063,0.645511350336238,0.45612605065275125,-0.6917317435374128,-1.5707963267948966
16.1729998588562,1.5999913874871783,3.179190502203794,2.5101820870402642,0.3881422129176712,0.5524542711369991,0.08312910400269757,0.3647310587893234,0.6442667498973349,0.4265708759557,-0.6749495161031787,0.8391113717117094
16.193046808242798,1.6078861052057047,3.19050339406858,2.511833623401947,0.3970670713664611,0.568390036533624,0.08941376173626324,0.34456816688920433,0.6241245042571346,0.39831358866183164,-0.7052917268940821,-1.5171105395451745
16.216777324676514,1.6159547317002403,3.202026926725264,2.5137119396685073,0.4057187105822559,0.5818565829876029,0.09754870190831728,0.3177269555730415,0.6193673444285513,0.3709553276329302,-0.673875800358184,1.5707963267948966
16.233097314834595,1.6241308972734236,3.2137875759163075,2.515735316392121,0.4118107315688026,0.5941898984670427,0.10470013974511021,0.2915922818985026,0.6138362579418777,0.3443059915335709,-0.7052917268940817,-1.5707963267948966
16.25309729576111,1.6326278034240307,3.2258422736876073,2.5179572336131257,0.42249065492352333,0.6075977747315091,0.1128705574289067,0.2519407529407003,0.6192237153166795,0.3186594524797136,-0.6895779976585539,0.7856864617763915
16.272918701171875,1.6455854727379564,3.244344798403932,2.521533005842199,0.4346658699616723,0.6256213297529758,0.12356832252571792,0.21725995810265572,0.571883080715592,0.2935599297923996,-0.7209939241944516,-1.5707963267948966
16.293078184127808,1.6543199834543758,3.2569684907326693,2.524061444617067,0.43867315218577124,0.6365931081732915,0.12919412924167858,0.18364491479853223,0.5254444708936848,0.26913209501508173,-0.6895779976585539,1.5707963267948966
16.313114881515503,1.658902211376084,3.263368245334668,2.5254073820309637,0.44570282814172396,0.6418864297433989,0.13280262367943205,0.1668904782435601,0.4962985189833123,0.24590715801580681,-0.7209939241944516,-1.5707963267948966
16.333083391189575,1.6678485539849695,3.276303298942334,2.5281110993252134,0.44887724283566294,0.6515223365929936,0.13749380069365877,0.15063340967118113,0.4673202107805592,0.22331552938456603,-0.7022647822530295,0.9364570970711084
16.353142023086548,1.6725560567960234,3.2829197616967525,2.5295364434959793,0.4562429131844672,0.6584057970750454,0.1406289742444418,0.13597026129788073,0.46458861793843914,0.20185261033271745,-0.7321824571411084,-1.4958837444039474
16.37292981147766,1.6912050583090208,3.309756834168183,2.5354049188928807,0.46846094888769413,0.6800329988393092,0.15050204270090448,0.09907037622667149,0.4643598926107374,0.18069776288138648,-0.7080354050012443,1.2073526069932061
16.39321517944336,1.7005916939386085,3.3234503073916923,2.538449718881254,0.47008377874656765,0.6893106685543906,0.15390943063579404,0.0634195279709563,0.4632636342946625,0.16014000447772395,-0.7394513315371425,-1.5707963267948966
16.413893938064575,1.7054513246694618,3.330391640878682,2.540029079127478,0.4748128670425243,0.6945605833445095,0.15624972561273442,0.023707881786055797,0.4641527502492948,0.14064883117498736,-0.7108526327833564,1.4299349376893034
16.432991981506348,1.71494975130355,3.344375688189992,2.543180932153266,0.4749024260766284,0.7038435076642685,0.15887248079004948,-0.014503521910989036,0.46396100732831436,0.12171987557208198,-0.7422685593192542,-1.5707963267948966
16.45310139656067,1.7198857223509225,3.3514127166203207,2.5448138815956307,0.4799316116198466,0.7072351982103732,0.1609951064166961,-0.03549458424383882,0.40616102706383306,0.10377897963176992,-0.7201388394879875,1.106485991563333
16.47300410270691,1.7294758937510577,3.3656348679396126,2.5480533699853654,0.47901805357510985,0.7147918267129957,0.16289569520275285,-0.05573716877310268,0.34972871469580985,0.0863676757214467,-0.7515547660238857,-1.5707963267948966
16.493057250976562,1.7393606247139086,3.3800035904743457,2.5513933021159674,0.4854265489134616,0.7220029890097648,0.1661065871361769,-0.08794892573529499,0.3260949605940507,0.06973689533431432,-0.7242514515382332,1.3651657242826243
16.513429641723633,1.7540626701552242,3.4018894360058827,2.556445940323155,0.4875727198233469,0.7340309320703409,0.16911640400593145,-0.1205275267495462,0.3195455605362907,0.05362187737051003,-0.755667378074131,-1.5707963267948966
16.533918857574463,1.7637879132138923,3.416633495636002,2.5598379432298164,0.48484738790304605,0.7403511049744422,0.17003181973149173,-0.15178724808769625,0.3123679557151621,0.038001706034717704,-0.7413554409216374,0.7155968576246785
16.55311369895935,1.7736790048522268,3.431609135411985,2.563280108398054,0.4871191076517522,0.7487897947290539,0.17150672688088187,-0.1810779904091246,0.2716484749065697,0.023172078154833478,-0.7714147510554472,-1.5029655066904901
16.572875499725342,1.7883387518744698,3.4542383112942594,2.568462701954342,0.4849250322228148,0.7577110919071726,0.17283323769164835,-0.2250947023444011,0.216760167000427,0.008866537956958465,-0.7403453294080484,1.5534710823699394
16.593116521835327,1.7979893932601028,3.469432291733817,2.5719202092711426,0.4799986482598974,0.7615083710207311,0.17287133696804843,-0.2672325218500811,0.16318564608922367,-0.004980655394403434,-0.7717612559439466,-1.5707963267948966
16.613173484802246,1.8028840382566618,3.477098461622499,2.573659551336687,0.4797325730066417,0.7639336965547144,0.17337577224043485,-0.3468080191856961,0.10868267958450371,0.031011438685312344,-0.754316094225925,0.8722580859010787
16.633039474487305,1.812404192210212,3.4923953010436635,2.5771355903425808,0.4720288262453707,0.7655727298340104,0.17434289766112485,-0.4230075631040711,0.05542778646059854,0.06544255532467105,-0.7857320207618228,-1.5707963267948966
16.65309166908264,1.8172693165386482,3.50016111199712,2.578869821118309,0.47245534113532944,0.7681445586567032,0.17486431080034764,-0.4366621449195047,-0.07572280577048121,0.0996402641536753,-0.754316094225925,1.5707963267948966
16.672954082489014,1.8266302244413273,3.5155003325691605,2.5823892387945047,0.46359284928889605,0.7653547957541542,0.17718636175389205,-0.44944229716557943,-0.20253447213533818,0.13231205291488213,-0.7857320207618228,-1.5707963267948966
16.693148374557495,1.836130284183622,3.5311491521798324,2.5858411518049897,0.46152266104746104,0.7707941484632038,0.17657627331509965,-0.5425810384193179,-0.28327217932695575,0.11152854889110596,-0.7673882687172173,0.9171876022302738
16.71311926841736,1.8499072265557472,3.554516316843356,2.591120211543235,0.44977978264651725,0.772399489347252,0.17797310761242696,-0.6038014343409152,-0.34383135759329414,0.09157192478766248,-0.7988041952531155,-1.5707963267948966
16.733089208602905,1.8587781208523348,3.5698916019981795,2.594696687929271,0.43711491533333235,0.7649337464179435,0.17961002513643828,-0.6622215275491008,-0.4024156442788267,0.07222005543370894,-0.7736074783659457,1.2598358443584923
16.753087759017944,1.8676425099764795,3.585614526862443,2.598300253485083,0.430076864140801,0.7690638845410809,0.18095794939493584,-0.6851185238526554,-0.4309916298064116,0.053894960620050635,-0.8050234049018439,-1.5707963267948966
16.772953510284424,1.8803877521305423,3.6087270959989226,2.6037788718028367,0.41348321781362934,0.7616995400295884,0.18317353866033417,-0.7150491262691696,-0.5405012117753476,0.036210542203284464,-0.7921594692739657,0.6431967813939066
16.793041706085205,1.8885124963235382,3.6238458871046277,2.6074484336847843,0.3988970914213121,0.7498279289477826,0.18372556263420778,-0.743282520838313,-0.6459944842635074,0.01908436626699238,-0.8235753958098639,-1.5707963267948966
16.81317400932312,1.8925563171153965,3.631486974731521,2.6093196623560027,0.3934940884167564,0.7477978054831594,0.1847535920406891,-0.8017618229931984,-0.7101626011853579,0.002937988778176523,-0.7921594692739662,1.5707963267948966
16.83301067352295,1.9002620892142756,3.646296733631426,2.6130142716440825,0.37689759471714773,0.7329717243924627,0.1846552643620972,-0.8574204527607205,-0.7720710696102826,-0.01268383328048577,-0.8235753958098639,-1.5707963267948966
16.853128910064697,1.9077693500491995,3.661191836422256,2.616769953225986,0.36310836376895567,0.7267091117433121,0.18585839058925704,-0.8823319774338947,-0.8347069195894015,-0.02748150946695975,-0.8036137373005259,0.9980829254669032
16.872990131378174,1.9148534741301309,3.6755550210253416,2.6204806630633946,0.3452265932970476,0.7094085143739773,0.1851649208470481,-0.9055676660307544,-0.8949576469736641,-0.04178329687655414,-0.8350296638364236,-1.5707963267948966
16.89304256439209,1.9183456239536485,3.6828353536601237,2.622374242288791,0.33823312230241426,0.7064891139800349,0.18590799422962462,-0.9387778351372902,-0.947920619701646,-0.05524592853226216,-0.8036137373005259,1.5707963267948966
16.913205862045288,1.928142573184294,3.7038282460211187,2.627981758313413,0.31234320179574926,0.684376159128258,0.18570841022408852,-0.9049085217570627,-0.9409814366277935,-0.06817284251222541,-0.8350296638364236,-1.5707963267948966
16.933053255081177,1.93421068707232,3.7173280148245427,2.6316814529766863,0.2945793263994995,0.6656224748631483,0.18421948533457821,-0.8715666487888494,-0.9344552228728221,-0.0806441628478497,-0.8410194885027971,-0.29949123331867167
16.953083276748657,1.9371066991961807,3.7240413574005777,2.6335558670352306,0.2856711540825189,0.6584907534611014,0.18431463010892407,-0.8482626526958047,-0.9926814837383273,-0.09233679335004946,-0.8379826587704353,0.15184148661808727
16.97292137145996,1.9476393705050705,3.7495930456591138,2.640916386006629,0.24615257472001334,0.6185213465442253,0.1820464681541526,-0.8392711483992712,-1.015682473396861,-0.10351109627547311,-0.8693985853063335,-1.5707963267948966
16.99307131767273,1.9523951822630472,3.7617588607719914,2.644535889084124,0.22945957414276905,0.5979873595222497,0.17986798207594848,-0.8299793221661512,-1.037524291361842,-0.11426843570740453,-0.8379826587704358,1.5707963267948966
17.013107776641846,1.954456978611825,3.7676281408215053,2.6463528802375933,0.21545809712414715,0.5855523477002076,0.17925426245247736,-0.8572411038065004,-1.0766594721789033,-0.12429640671147385,-0.8693985853063335,-1.5707963267948966
17.03294610977173,1.9585929627571323,3.779121339969241,2.649912457225866,0.19805529236341557,0.5636433122778072,0.17667131106824696,-0.8827490061780631,-1.1139363023617315,-0.13393407794535095,-0.87136557138136,-0.09834930375132167
17.053085803985596,1.9603568731470695,3.784654042353887,2.6516810955704986,0.1842926414833593,0.55083181566115,0.17548585216338275,-0.896480532452212,-1.149208983100185,-0.14286870186969852,-0.8863931864102872,-0.7513807514463622
17.07290768623352,1.9668624011610012,3.8057354362824887,2.6586312746758067,0.14472688180365448,0.5036213264616438,0.17086725766626334,-0.9080565103985793,-1.187289518953876,-0.15126719690025156,-0.917809112946185,-1.5707963267948966
17.093086004257202,1.969574616689315,3.8155679607903346,2.662017824118347,0.1264601382922332,0.47951048369235605,0.16776086479634134,-0.9184166150158629,-1.223482110029871,-0.1593138072367214,-0.8863931864102872,1.5707963267948966
17.113220691680908,1.9707168709158773,3.8202496984769176,2.6637075831705412,0.11516787291917185,0.4655665056063615,0.16661035720925857,-0.9097695272316545,-1.2446768693727261,-0.1667479252333977,-0.917809112946185,-1.5707963267948966
17.13307809829712,1.9728388733805051,3.829310743158355,2.667005961586835,0.09706268941726247,0.4404715008839868,0.16320379977719524,-0.9006748982257725,-1.2646156389444376,-0.17385338715532067,-0.9492250394820827,-1.5707963267948966
17.153129816055298,1.973682734088266,3.8336082600597434,2.668622988206248,0.0857110402822167,0.42630849176765584,0.16118927230606914,-0.8940610823046907,-1.286592750170969,-0.18034377522363518,-0.917809112946185,1.5707963267948966
17.172953367233276,1.9762101201456153,3.8495359437403764,2.674921359687083,0.045466512090705895,0.3722944610147091,0.1537104437340981,-0.8669771593985877,-1.290590119563868,-0.18622398704206142,-0.9492250394820827,-1.5707963267948966
17.193115234375,1.9769478462156813,3.8567234835546342,2.6779579462428806,0.028395419524503824,0.34644853162566047,0.14992957558495826,-0.8401797582984296,-1.2938869291332187,-0.19181492755624924,-0.9806409660179805,-1.5707963267948966
17.213261604309082,1.9770521048484835,3.860024104239498,2.6794168218382057,0.016478568688739727,0.3310252662240268,0.14713297245278267,-0.78528496978385,-1.2422094221982665,-0.19682491001149477,-1.0120568925538782,-1.5707963267948966
17.2330219745636,1.977228214472987,3.8663995444703945,2.682319795676197,0.0013110883639265208,0.3066864634591624,0.1431486010992098,-0.7316763791113243,-1.191897204558017,-0.2015680425812076,-1.043472819089776,-1.5707963267948966
17.253079891204834,1.9770091841225732,3.86924743490969,2.6837148645561375,-0.011921428351942528,0.29021680848218917,0.14028954681711583,-0.7676124879402374,-1.1744210541483553,-0.20577425059796,-1.0748887456256737,-1.5707963267948966
17.272912979125977,1.975610232409704,3.8795249735562294,2.6890814218819186,-0.05034581478352381,0.23342776827643785,0.12993945016919553,-0.8085725787174272,-1.1729327379575072,-0.2092782808932349,-1.1063046721615715,-1.5707963267948966
17.29302144050598,1.9744389897539927,3.8839590655591887,2.691638132939004,-0.06690707701586282,0.20998798718500453,0.12572072814336013,-0.8471609687214643,-1.170966313734743,-0.21255655087096295,-1.1377205986974692,-1.5707963267948966
17.313194036483765,1.9736239225896555,3.8857567717276833,2.692839103941471,-0.07841059059526402,0.19136083070040769,0.12232923210441873,-0.8777258945838751,-1.1740422415850609,-0.21534599685694786,-1.1691365252333672,-1.5707963267948966
17.333096027374268,1.9718782295694575,3.8893490044881602,2.6952424437545432,-0.09625383168651837,0.1678541653500716,0.1179961386186833,-0.9062624291229273,-1.176526385259605,-0.21792921979916172,-1.2005524517692652,-1.5707963267948966
17.353052854537964,1.9698054261383815,3.8921720339342754,2.6975397305487445,-0.1134622839605045,0.13718057006854023,0.11320121623745928,-0.9284417477774289,-1.1627407536059673,-0.2200116912077914,-1.2319683783051631,-1.5707963267948966
17.372862339019775,1.9660563873134178,3.895611384431287,2.7008299733588017,-0.1389769360811756,0.09804885619525151,0.10637821870286575,-0.8958233305286254,-1.1516844280472154,-0.2216593719877612,-1.2633843048410611,-1.5707963267948966
17.39307951927185,1.9630998477164754,3.897342765808322,2.7029131047231716,-0.15656901420867195,0.07512640473400477,0.10193000497407848,-0.8634205318500635,-1.140547504132562,-0.22313324190144027,-1.294800231376959,-1.5707963267948966
17.413177728652954,1.961514373449857,3.8978948723394056,2.7039063055575046,-0.16487654093454132,0.059853840856501826,0.09924399839463759,-0.8875412104654017,-1.1180802748196468,-0.22426550595409733,-1.326216157912857,-1.5707963267948966
17.433090448379517,1.9580378157379843,3.8988698182267965,2.7058462649084913,-0.1828536842043448,0.03771479302866025,0.09474869263822089,-0.9098778027446484,-1.0958667170783156,-0.22523876495969725,-1.357632084448755,-1.5707963267948966
17.45309543609619,1.9541476407778828,3.8991571347117424,2.7076693602128796,-0.20173456524095434,0.009473475683395766,0.08958401418183772,-0.850825430394255,-1.1020264697734923,-0.22577087592483727,-1.389048010984653,-1.5707963267948966
17.47299861907959,1.9476736364278706,3.8987864788293405,2.710248280615933,-0.22800190324419645,-0.02795123657616744,0.08263318700298772,-0.791956580979384,-1.0893607229803002,-0.225918275241021,-1.420463937520551,-1.5707963267948966
17.493075132369995,1.942959061013514,3.898010429810862,2.7118557573572297,-0.24326411043506777,-0.04961121577516414,0.07811442705126409,-0.7344980209940112,-1.076625920651474,-0.22593633161520604,-1.451879864056449,-1.5707963267948966
17.513089895248413,1.9404068294566004,3.8973299489042543,2.7126285757504416,-0.2527135126022252,-0.06402587538906584,0.07595328774428767,-0.6938592771468568,-1.0735732921913963,-0.22572891939818698,-1.483295790592347,-1.5707963267948966
17.532997608184814,1.9323460486287607,3.8948162675130775,2.714810252655115,-0.27813562487064675,-0.09920449456613128,0.06931917699685515,-0.6694701631467171,-1.0623362196993666,-0.22518269751280814,-1.514711717128245,-1.5707963267948966
17.55305242538452,1.9266510594188113,3.8926204648676412,2.7161516414665945,-0.29128257404811947,-0.12033795778089687,0.06482188381520505,-0.6452535492201033,-1.050992614318249,-0.2245288280015716,-1.546127643664143,-1.5707963267948966
17.572899103164673,1.9204548265259245,3.889883599611349,2.717411720323113,-0.30999094949067607,-0.14401185511683257,0.060550442876062906,-0.6254457022449306,-1.0171539750936145,-0.22357405296714752,-1.5775435702000409,-1.5707963267948966
17.59304690361023,1.9141312415729128,3.8868021503325583,2.7185780827520003,-0.3223013443791664,-0.16402276002752522,0.056089297193029734,-0.6055853328523814,-0.9840600352298915,-0.22252492608242022,-1.6089594967359389,-1.5707963267948966
17.61331558227539,1.910751517344936,3.8850349250654213,2.719134297441126,-0.3314805379340202,-0.17576019263848996,0.05405886395181067,-0.5567243285609231,-0.9425107882394336,-0.2213193578142265,-1.6403754232718368,-1.5707963267948966
17.63304877281189,1.9004311213021352,3.879215097215552,2.720661583048458,-0.3514487273980225,-0.20712613284632428,0.04757646569333852,-0.5172801733356632,-0.8870213247955909,-0.21981575047977797,-1.6717913498077348,-1.5707963267948966
17.653084993362427,1.89330128011924,3.8748987885587085,2.7215692532523366,-0.3614065878491162,-0.22432516214184714,0.04319581936988734,-0.47863914423744636,-0.8331498284437961,-0.21823637151902092,-1.7032072763436328,-1.5707963267948966
17.67298412322998,1.8857884439742203,3.870026523502143,2.722394226590115,-0.3754571393266643,-0.24623687320838974,0.038945230857670037,-0.4426453605214519,-0.7893806203179343,-0.21640336746754626,-1.7346232028795308,-1.5707963267948966
17.693089485168457,1.8781931337382916,3.864946767548119,2.7231299759487237,-0.38395643266033896,-0.26159683989599775,0.0346360287347846,-0.40740976409493,-0.7468157219548445,-0.21450626938838865,-1.7660391294154287,-1.5707963267948966
17.713112592697144,1.874200581660925,3.862131001207909,2.7234654376003644,-0.3915720689020002,-0.27340521899883646,0.032501117402038024,-0.38273929165272225,-0.7181846953051887,-0.21249469808769308,-1.7974550559513267,-1.5707963267948966
17.733009338378906,1.8662942168368257,3.8565211348234114,2.72407309796759,-0.3989835295745899,-0.2874882331015308,0.02827181427446791,-0.3584740605941958,-0.6902286837382116,-0.21042623183617354,-1.8288709824872247,-1.5707963267948966
17.75311303138733,1.8580357029390147,3.850388360898308,2.7245941860014686,-0.4109912858198564,-0.30699213213331744,0.02403690849487012,-0.33290878458174183,-0.6588973210121072,-0.20812855197335117,-1.8602869090231227,-1.5707963267948966
17.77295446395874,1.8496919971462966,3.8440480983997407,2.725034094411268,-0.4192596340708498,-0.3221848991524605,0.019923720341673605,-0.2970183667204108,-0.626359926818874,-0.20570479582925283,-1.8917028355590206,-1.5707963267948966
17.793037176132202,1.8412497564443546,3.837481250366327,2.725391591506508,-0.42484726789171817,-0.33439458984005554,0.015834205491589152,-0.26186779093722906,-0.5947654538160535,-0.2032399198356907,-1.9231187620949186,-1.5707963267948966
17.81311583518982,1.832998682318474,3.8308675607904363,2.725660448074584,-0.4328580197510102,-0.34933778627611145,0.012121726260771652,-0.227491225198244,-0.5744898033596457,-0.2005980344979948,-1.9545346886308166,-1.5707963267948966
17.832887649536133,1.8198214250141775,3.8200449901314375,2.725937461890205,-0.44197710734327056,-0.3688554349413816,0.0062348251982289144,-0.1993080777082717,-0.5689927814689255,-0.19773077871920167,-1.9859506151667146,-1.5707963267948966
17.85307502746582,1.8109438702592033,3.8125544566136824,2.726022804582835,-0.44568641320019736,-0.3801791101906563,0.002309080815994744,-0.1717215051206551,-0.5633508380466435,-0.19483976668882427,-2.0119389311092277,-1.299415797125647
17.87297010421753,1.8018893204304587,3.804789226955253,2.726040218915498,-0.45160575939249586,-0.39227726881748654,-0.0012941193306208873,-0.15686266325861073,-0.5402022264661402,-0.19180028345362102,-1.9915168959585685,1.0211017575329606
17.893112421035767,1.792826806040993,3.796837159269923,2.7259761798979225,-0.45459729905619667,-0.40285400931589127,-0.005099598238758731,-0.14234845678405852,-0.5175550348836604,-0.18874503864307993,-1.9940668646968422,-0.12749843691368667
17.913119316101074,1.788233955906136,3.7927940893894694,2.7258808833587103,-0.45678812788616313,-0.40758382072846094,-0.008269256358892581,-0.10963010425252045,-0.5105848741148579,-0.18557750335734358,-1.9897288731057978,0.21689957955222106
17.93292808532715,1.7744601940782574,3.780357166811642,2.725404319859173,-0.4604039563605126,-0.4221167145831473,-0.018019583888753687,-0.08093636741470604,-0.4925385262467477,-0.18194394389582344,-1.9809532647523174,0.43878041767402287
17.953087329864502,1.7652378010011318,3.7718175108385017,2.725007781264008,-0.46174234114544216,-0.4317898647933525,-0.021622188351262298,-0.05303316508199198,-0.47483310238525156,-0.1783177679152471,-1.9775424419585592,0.17054113968790752
17.972949981689453,1.7606124838932926,3.7675141705410957,2.724646378891311,-0.46233705013519444,-0.435104231858955,-0.027145586365740222,-0.04665190973202489,-0.43517901384434193,-0.17446194320678948,-1.976219244746117,0.06615986062210588
17.99319314956665,1.7513568367848524,3.7587276374735326,2.7240688309454164,-0.4632064660878054,-0.4434206381893696,-0.030596414603455583,-0.04029352976488399,-0.3966478101332988,-0.1706238619263036,-1.969766490204751,0.32263772706830895
18.013296365737915,1.7420786068044032,3.7497850062105296,2.7233415587854855,-0.4638986008287782,-0.45104030661653827,-0.035790040833614534,-0.02510209213482105,-0.35569773551385414,-0.16658140773531666,-1.966184986870387,0.17907516671820112
18.032882928848267,1.7281821294943018,3.736059700133806,2.7221596030645054,-0.4634415046631559,-0.46232373185796655,-0.04175309017001929,0.006136118034880547,-0.3083136797619771,-0.1623353153027355,-1.9571564644601263,0.4514261205130321
18.053054571151733,1.7189165625858633,3.7267546461411105,2.7212923554888655,-0.463014160066834,-0.4680287500564735,-0.044957632583027804,0.036444113777760655,-0.26243819919728917,-0.15812487308075965,-1.9554307405254518,0.08628619673372029
18.072893142700195,1.7143306566636864,3.722018987874144,2.7207813209830243,-0.4612956358278696,-0.4715222637582419,-0.0480332963862285,0.05303410497282924,-0.22122868265648135,-0.15387891088262529,-1.9519304286925911,0.17501559164303515
18.093027114868164,1.7051164347135985,3.71254697863521,2.7197901603640835,-0.4600727273426816,-0.47554565716952524,-0.051068743849099506,0.06918373311197468,-0.18132756016108997,-0.149672413369186,-1.9480315138512099,0.19494574206906368
18.11354088783264,1.695953996621678,3.702865385996856,2.718655696710536,-0.45798674962927877,-0.482354929465855,-0.05604482975220141,0.07663311994624668,-0.1581708783475289,-0.14529320452636896,-1.9422007439953064,0.29153849279517363
18.132961750030518,1.686810077608333,3.6931881618071998,2.7175060310381456,-0.4563808044830096,-0.48529264416203644,-0.058907298989614006,0.0839373094777492,-0.1357171583916935,-0.1409616536609268,-1.9398366301734327,0.11820569109368684
18.153071403503418,1.682276662171942,3.6882524889562673,2.7168910130647115,-0.4548037184294507,-0.4885596440974279,-0.06072457824588168,0.07666974125649129,-0.11461614988261855,-0.1366846244454091,-1.9369143324784175,0.14611488475075873
18.172910690307617,1.6687186648587544,3.6734860223633414,2.715030325866344,-0.4509350523246679,-0.49341927731646085,-0.06406908959328683,0.07849789702701321,-0.09439431953032579,-0.13235998772128163,-1.9294662540075982,0.37240392354096485
18.193126678466797,1.6597157868051324,3.6636000738648633,2.7137227577863072,-0.4493465570162893,-0.4951103106591271,-0.06667347618933749,0.08035669408841341,-0.07481564545828089,-0.12808731846325067,-1.9285826917169064,0.04417811453458764
18.2132887840271,1.6508718268759088,3.6536481226042454,2.712443955014268,-0.4444235525866406,-0.4972575697199932,-0.06714568615461591,0.08886992991200768,-0.05729073091450978,-0.12393405890811175,-1.9223394749922607,0.3121608362322892
18.233107566833496,1.6420016874409076,3.6436926526668785,2.7110765288369314,-0.4425626737433074,-0.4982329198186698,-0.06958325572801725,0.09718511472390332,-0.040339371493863144,-0.11983130068629319,-1.921096652099905,0.062141144617777755
18.25309705734253,1.6333072941955962,3.633712333865215,2.709753814536048,-0.4371728138322901,-0.4990519868371378,-0.06962474221778255,0.10375496521150832,-0.02409380855563174,-0.1158660741568153,-1.9154481851623912,0.28242334687569315
18.272944927215576,1.6246289723588974,3.6237296790382953,2.708373093624362,-0.4335655560623064,-0.4993105747820014,-0.07074606942971433,0.11166509679179423,-0.009947645216680812,-0.11199271195535496,-1.9132578606238333,0.10951622692789709
18.29305386543274,1.615980512131067,3.6137423962123054,2.7069360295510743,-0.4312547299136496,-0.49937221010245686,-0.07294758437962562,0.11938617149425723,0.0037017565319964786,-0.10816665341296948,-1.910277352336418,0.14902541437076255
18.313207387924194,1.6074786531175602,3.6037770796782476,2.705546927158519,-0.4263912216865904,-0.4985965422095033,-0.07279479320687639,0.12405358965189596,0.017759825494050162,-0.10447516883473972,-1.906602960231265,0.1837196052576484
18.332967519760132,1.5948006988298875,3.5888554875913665,2.7033752195284766,-0.42089782697872474,-0.49711673452744043,-0.0742112626037291,0.13791507764127495,0.031013379441187358,-0.10081745264291925,-1.9019271893408005,0.23378854452322795
18.353086948394775,1.5864112286371301,3.578920214780105,2.7018710723356443,-0.41800436974016736,-0.4963679901817131,-0.07619141741177993,0.15136192115942596,0.04378038957000341,-0.09720566948251773,-1.9001848388651177,0.0871175237841415
18.373221397399902,1.5781603045949286,3.5690669671223394,2.700414282296649,-0.4130105706103452,-0.4937232814373544,-0.07596400957803136,0.1577156631513233,0.057285437349143147,-0.09372183023805394,-1.8967879315872476,0.16984536389350602
18.393121004104614,1.5699320512422053,3.559204833220443,2.6988764878005242,-0.40979416170962524,-0.49244680255238477,-0.07780397346004105,0.16389658038557708,0.07027738790038938,-0.09028185523898344,-1.8944979384293479,0.11449965789498417
18.413162231445312,1.565881449996199,3.554330731833919,2.6981446214371814,-0.40707434621464095,-0.49032359726672703,-0.07723890507893104,0.15913034601196252,0.07837616210518754,-0.08700607257787167,-1.893775849441755,0.036104449379648074
18.43300437927246,1.5577714821416737,3.544540457773894,2.6965826584825994,-0.4039376112400275,-0.4886779621445657,-0.07894660597410018,0.15457870256264766,0.08613020079802229,-0.08377074876751164,-1.890452935355893,0.16614570429309694
18.453073740005493,1.549787223335128,3.534848366169948,2.695051442064534,-0.399215714409675,-0.4852600156146591,-0.07900941789173195,0.152623321848524,0.09390218187543663,-0.08062398408711799,-1.8883563111961994,0.10483120798467915
18.472928047180176,1.541863905606189,3.5251894672207964,2.6934760590908464,-0.39519909216753496,-0.48242243121847606,-0.07990341245089697,0.14545066801644024,0.0988761654180732,-0.0775345897605825,-1.885778984485711,0.1288663355244246
18.493051528930664,1.5339885521011705,3.515561112413114,2.6918626879204433,-0.3923590769421937,-0.48039733599427625,-0.08142353741297684,0.13860501826470176,0.1035902787635043,-0.074484434471446,-1.8837469764698147,0.10160040079481014
18.51319694519043,1.5262638123875718,3.5060547507502577,2.6902684265874988,-0.3871679109924561,-0.47628507221075794,-0.08167962536885158,0.1404866619145848,0.10263055645466612,-0.07150068900108851,-1.8810594727366468,0.13437518665839754
18.53293490409851,1.5147747439293713,3.491874532932794,2.687812987809324,-0.3811760471814888,-0.4714487674926605,-0.0830317714588351,0.1415232423635307,0.097764755988085,-0.06850885526586169,-1.87728312797424,0.18881723812034235
18.55308198928833,1.5071795977585747,3.482464790714053,2.686138848024706,-0.378335046880879,-0.4695413698182134,-0.08437237013884201,0.142580140912686,0.09299010538701871,-0.06555779306322483,-1.875755279820385,0.07639240769274913
18.572901487350464,1.4997152142658028,3.473205914536669,2.684474116079594,-0.37375075121087387,-0.4648790868025664,-0.0847814760248288,0.1357255050593672,0.08363990701512912,-0.0626588548994884,-1.8735224126666776,0.11164335768536482
18.593116760253906,1.4922669026218145,3.4639244503282254,2.682766146010082,-0.371102246715018,-0.4632976432924622,-0.08600600374909684,0.12917538441023363,0.07454707997876002,-0.059800698495639334,-1.8712035486625536,0.1159432002062033
18.61313796043396,1.484931768834248,3.45480854029464,2.681062533858099,-0.3670717954498949,-0.4584354270412293,-0.08648029615045015,0.11780656813869873,0.06884482619374793,-0.05698587160429417,-1.8698541162670366,0.06747161977584959
18.633069038391113,1.4776131604828888,3.4456532274244362,2.6793217163641048,-0.36482532746132523,-0.4571144112566321,-0.08759220718281649,0.1069201373603097,0.06327941389514588,-0.054212048331803535,-1.8672511144157684,0.13015009256340804
18.653032779693604,1.4740179534306612,3.4411793079292217,2.6784582747826717,-0.3624701840934567,-0.4538175429400605,-0.08768068148276796,0.09634797446788476,0.06213445803970124,-0.051529744967879945,-1.8675384914489817,-0.014368851660662152
18.672951221466064,1.4668232758650408,3.4321672952920244,2.6767009085999383,-0.35940607209341374,-0.45085561176372585,-0.08847390094655215,0.09007081762239205,0.0619572521508644,-0.04888117682741978,-1.8645133150967053,0.15125881761381965
18.693097591400146,1.4596527652984137,3.4231625596642123,2.674921828925547,-0.35766489755789016,-0.4496187433457636,-0.0894253705883136,0.084096859066939,0.06171956473331069,-0.04627240203634352,-1.863049641178168,0.07318369592685947
18.713151454925537,1.4526109416630106,3.414299340139439,2.673138014555677,-0.35357704001493456,-0.4455427679932304,-0.08998881905851751,0.09257909406815362,0.06023616636651025,-0.04368869852988397,-1.8607720302689628,0.11388054546026538
18.732940912246704,1.4420874254581924,3.4010205270724345,2.6704260627053524,-0.3495280968840801,-0.4420116980206283,-0.09106844947326591,0.10851835956607554,0.06278112048094374,-0.04108510508226299,-1.8574046706694713,0.16836797997457076
18.75308346748352,1.43511960538693,3.392193011052809,2.6685966481386107,-0.3472024050192916,-0.44073194972531893,-0.09186447037941133,0.12397001824781514,0.06516741535140871,-0.03852405430375216,-1.8556891279517482,0.08577713588615588
18.772945165634155,1.428205867356117,3.3834632154874837,2.6667622818150973,-0.344630555788938,-0.4376418421293774,-0.09235316909190071,0.13782726154175007,0.07035452013054914,-0.035991823863775606,-1.8540772441820326,0.08059418848578304
18.793120622634888,1.4213417240426083,3.374724782885058,2.6649081867341025,-0.34173901359894615,-0.43618495788714146,-0.093048041427862,0.15125593092779746,0.0752926335478347,-0.03350254535237154,-1.8511712781813054,0.14529830003635613
18.813041925430298,1.4178991318111833,3.3703988410888974,2.6639819477687094,-0.3410821544087881,-0.43446874649798595,-0.09319297006622647,0.1637716690975544,0.08363011139200241,-0.031090452314004487,-1.851954316535577,-0.039151917713575735
18.832944631576538,1.4076881409563717,3.3574164850605492,2.6611759793285774,-0.3375657837426095,-0.4315202833623357,-0.0939966290722736,0.17549685090490397,0.0917651932764804,-0.028663965221906756,-1.84712621708048,0.24140497275484396
18.85306143760681,1.4009726879187658,3.348804956951038,2.6592904735433334,-0.33394166167847916,-0.42960659680162155,-0.09454600612717384,0.18685441929565877,0.09954449526792217,-0.026280962738846284,-1.8454678955729404,0.08291607537698198
18.87291383743286,1.394256749283397,3.3402326337354435,2.6574001966049177,-0.3319835392530076,-0.42762253890402685,-0.09490696560239571,0.19638995432247477,0.10558793452529701,-0.023927412644076572,-1.8436244376394115,0.09217289667644568
18.89321255683899,1.3876569774840415,3.3317016882106185,2.6554974265259865,-0.32796283463468967,-0.4254528824971084,-0.09536234282493933,0.20563182020401588,0.11132731618384346,-0.021617567694251386,-1.8403321710320606,0.16461333036754677
18.913172483444214,1.3843407011320412,3.327441233905478,2.6545461245479736,-0.3271790475938375,-0.42461369415117217,-0.09546116837820237,0.21209990841840082,0.11831417590737117,-0.01938118443282591,-1.8406801991779416,-0.01740140729404871
18.932941436767578,1.3778399617329167,3.318973072005919,2.6526331719172407,-0.32287397345249297,-0.4221803140485905,-0.09582678117498139,0.21837560041293463,0.12496876447397214,-0.017187123289669783,-1.836231103309009,0.22245479344662478
18.95312190055847,1.3745734573260806,3.3147384830636146,2.651675742263831,-0.3219805951202085,-0.421453782188049,-0.09593083063448378,0.22858592435884917,0.12739369395855474,-0.015060587059318143,-1.8369850478120537,-0.03769722515223339
18.97290015220642,1.3618024713824768,3.2979484322459234,2.647826941222465,-0.3145887233468944,-0.4171467699839296,-0.09649676929395562,0.23888285186074254,0.1311751179028079,-0.01288658785986062,-1.8286667229513074,0.41591624303731756
18.993069887161255,1.355559141843567,3.2896319716418096,2.645894571248723,-0.30971111256975187,-0.4144875058215236,-0.09673312816179708,0.24881830995580356,0.1347105496725675,-0.010756606610553783,-1.8280376914213052,0.03145157650010777
19.013060808181763,1.3524342935554576,3.285477411803704,2.6449280640017028,-0.3082126634219717,-0.41361022314949414,-0.09678550049172291,0.2667129817058056,0.1336697422976671,-0.008696385674156258,-1.8265120546441174,0.07628183885939332
19.032885313034058,1.3432584814691406,3.2731152563677113,2.642020646984762,-0.3015071882564099,-0.4099962703416089,-0.09702508495379016,0.2818511926289149,0.1321567013899618,-0.006635834750948184,-1.820469080195318,0.3021487224399655
19.05311155319214,1.3372856861799924,3.264941658551171,2.6400789532924245,-0.29572394157635673,-0.407368746329761,-0.09713756203606098,0.29637104275490816,0.13058621387709418,-0.004619155650170062,-1.8178358291775538,0.13166255088821188
19.072951316833496,1.3313551263234258,3.256812304395697,2.638136885006365,-0.2915869554035513,-0.4049276017397259,-0.09717353088088578,0.3088043628670073,0.1305851376433867,-0.0026380689260354917,-1.8148419342993707,0.1496947439091567
19.093068599700928,1.3255859495297835,3.2487398636437477,2.636193016665486,-0.2852911061375327,-0.4023168544605187,-0.09720684487744799,0.3206898237911055,0.1304708640771422,-0.0007005639988818279,-1.8101659593747543,0.23379874623081776
19.11680269241333,1.32270092592958,3.2447245569686936,2.6352221625436196,-0.2833309997733813,-0.40097724814630004,-0.09716041173841154,0.33337928405795814,0.1294792049545827,0.0011682666167735967,-1.8104434163922387,-0.01387285087421919
19.132943868637085,1.3143023976528727,3.232757034553732,2.6323080412885806,-0.27458795653987683,-0.3969927681137671,-0.09710505691950784,0.34675531910561735,0.12896898837873705,0.0030289840314731346,-1.8016655035473255,0.43889564224566247
19.15310502052307,1.308880850718239,3.2248429345062872,2.6303666678435214,-0.26752418684847207,-0.39441923458361217,-0.09702622844308154,0.3595204680948827,0.12836962637201474,0.004846733246925225,-1.7988047201069337,0.14303917201958782
19.172898054122925,1.3035437053874497,3.216987103249099,2.6284273891746803,-0.2617003061326634,-0.39167517946904423,-0.09690675727377707,0.36972398431856446,0.12861556509742775,0.006626766085227859,-1.7943140531782662,0.2245333464333754
19.193060398101807,1.2983842983628644,3.2091793329896525,2.626490695925005,-0.2542081104249189,-0.3891014377923854,-0.09675677582854075,0.37940986479763783,0.1287381996334639,0.008364331920207437,-1.7887712721303535,0.2771390523956363
19.213065147399902,1.2958281257535862,3.2052996025473837,2.625524259908693,-0.2512511912379051,-0.38765211782633396,-0.09663644933402733,0.3894905143915951,0.13175521087855493,0.010036391755774343,-1.788410732343713,0.018026989332020626
19.23298144340515,1.2908816451954663,3.197573101282695,2.62359364762354,-0.24336505117710644,-0.38498868954722554,-0.09641934197749595,0.39903464874520617,0.13455098817012318,0.011667558979662138,-1.7803719595873075,0.40193863782027606
19.253069162368774,1.2860460945693377,3.189903022025053,2.6216672060866317,-0.23647016218248582,-0.38220620235413394,-0.09618384002146926,0.40946516096269003,0.1394222505260285,0.013261674762118177,-1.776899303098093,0.17363282446072326
19.272934436798096,1.279112821485369,3.178495592782192,2.618787245064974,-0.2247750537246634,-0.37809815142851855,-0.09578256593057424,0.41699809632840235,0.1453552444343415,0.014839055335147075,-1.7659276275881983,0.5485837754947376
19.29322576522827,1.2747011981961227,3.1709630796394577,2.6168746646712004,-0.21636376443868266,-0.3751344972827001,-0.09547035166474407,0.42405143117416877,0.1509549844017157,0.016375596276502917,-1.761833720717291,0.2046953435453691
19.313150644302368,1.272546653136604,3.1672112649780937,2.6159205673737858,-0.21240398865005575,-0.3738055843562386,-0.0953024853028964,0.4288640112772421,0.15760755484273156,0.017851630691110374,-1.7592362690407772,0.12987258382568534
19.332910776138306,1.2663609234472175,3.156051251508574,2.6130684127631776,-0.19968263815637885,-0.3695217120551483,-0.09478388519481443,0.43111884569257425,0.1625028453783801,0.01930878716534253,-1.7459067658561387,0.6664751592319273
19.35307741165161,1.2624536309644798,3.1486936291352903,2.611176691972475,-0.1910400129964578,-0.3662252095661438,-0.09438346904522923,0.43309804470670243,0.1670976175980108,0.02072624254885482,-1.7419999205175096,0.19534226693145307
19.372984170913696,1.2587316457510833,3.1413766607007334,2.609291448052925,-0.182003800162681,-0.36350383682759374,-0.09400241654099147,0.43564740972388705,0.1701771441478825,0.022104469334074082,-1.7327123163533682,0.4643802082070714
19.39305543899536,1.2551788541253648,3.1341408124877197,2.607415910549975,-0.1732678667452785,-0.3600715318069758,-0.09354686934181308,0.4378961779817192,0.17301299397115208,0.02344379929301178,-1.7263030075632226,0.3204654395072781
19.41323447227478,1.253487499287282,3.1305338404740874,2.6064807139269965,-0.16830529137480663,-0.35874256211360533,-0.09332573436822894,0.4394365130424443,0.17464956322504765,0.02472713707433124,-1.7227168300080402,0.1793088777591212
19.433048248291016,1.2502093704524668,3.1233940180936557,2.604619228350723,-0.1595033225996216,-0.35523489653884327,-0.0928186701078452,0.44071742463602,0.17608342320445022,0.025973088578457714,-1.7132217439563289,0.47475430258556717
19.45307207107544,1.2471441393211422,3.116306699587171,2.6027655632366398,-0.14975079473987396,-0.3521677305289063,-0.09235503761674681,0.4411163039983007,0.17256651884034582,0.027181572466980768,-1.704303206119321,0.44592689185039003
19.472928762435913,1.242878750714042,3.105815666989561,2.60000510350311,-0.13568490404607614,-0.3471162095636074,-0.09158644709991555,0.4419308655947775,0.16759458953658396,0.028366411061085173,-1.6888606717930559,0.7721267163132595
19.49307131767273,1.2402534812304102,3.0989065319481712,2.5981791249957946,-0.12684011958248495,-0.34381375474898546,-0.0910075764488326,0.4425083408738053,0.16265653727675555,0.02951457210031609,-1.6826423428859876,0.3109164453534152
19.513097286224365,1.2390386197110872,3.0954818719820474,2.5972678651996626,-0.12150453977039921,-0.3420740785172286,-0.09078452510672559,0.44362452999414875,0.155823038014426,0.030614312582726497,-1.677336717264562,0.26528128107128346
19.532919883728027,1.2356250424858417,3.0853087071551726,2.594554832507899,-0.10728412020552565,-0.336860466326452,-0.08994684842917694,0.44345863029116167,0.15358092005895704,0.031690201008106364,-1.6579762603223482,0.9680228471106833
19.553126096725464,1.2335680302885792,3.0786020625949275,2.5927623035341543,-0.09841834847899576,-0.333811592682106,-0.08930258056449958,0.4430839904149282,0.15130003524241148,0.032730721397078506,-1.6513561353620112,0.33100624801685186
19.572941541671753,1.231737860154884,3.0719885532741666,2.59097682900996,-0.08830375569723269,-0.33003512765908055,-0.08879077938922732,0.444458853251997,0.14442782224112063,0.033737197740860675,-1.6373419690732591,0.7007083144376036
19.593043565750122,1.2300607550624179,3.0654162847099666,2.589207826231455,-0.07940306280265529,-0.3272141986538827,-0.0881062586176527,0.44556613667570605,0.13768683080510374,0.03470915691243306,-1.627148943845608,0.5096512613825599
19.613142251968384,1.229320381269264,3.062173068299725,2.588325551190063,-0.07405180324609886,-0.3252360599498097,-0.0878332341553332,0.4461054615221814,0.13412007551944538,0.03563644663540573,-1.6215245223034556,0.28122107710761846
19.633009910583496,1.227326762360865,3.052503438468678,2.585704025471442,-0.059953312732252344,-0.32055090652247836,-0.08682961032194857,0.43918113629787187,0.12088514249596953,0.036535475580175766,-1.5976047131769584,1.195990456324858
19.65316081047058,1.22621507788241,3.046115732751905,2.583974798642311,-0.051237738872875006,-0.31826260241260856,-0.08609018586775176,0.432399982617379,0.10800390214130762,0.03740149855842458,-1.5887712365270916,0.4416738324933389
19.672924757003784,1.225323798964969,3.0398225502048883,2.5822524319026616,-0.04141628064978331,-0.31477323423551007,-0.08553714981806923,0.42790859830728173,0.10964335501875598,0.038236786759492124,-1.5721176891949646,0.8326773666063492
19.693078994750977,1.2245807547181395,3.0335491135624975,2.58054939033831,-0.032903176974349725,-0.31256562569623175,-0.0847643295744191,0.4233987231062352,0.11108468923970713,0.03903990543564617,-1.5595675417772368,0.6275073708863932
19.71358823776245,1.2243109267474006,3.030465637082659,2.5796997731390543,-0.02762785570298665,-0.31043894768234237,-0.08447737842641839,0.41803416695170137,0.11067155642813609,0.03980413104390665,-1.552254916591838,0.36563125926993845
19.73293900489807,1.223711087499148,3.0212248258180243,2.5771802834808515,-0.014016352761810362,-0.3064357871998463,-0.08336338533869743,0.4066322352534777,0.11856086103020773,0.04053837360452237,-1.5241449400305505,1.4054988280643776
19.75570273399353,1.2235113386573746,3.0151203292926536,2.5755211708645676,-0.005995746071428798,-0.3039888262237197,-0.08254553090429649,0.39546779420307776,0.1260726639532127,0.041241994955339506,-1.513198773818862,0.5473083105844267
19.772930145263672,1.223534788261843,3.009070483888525,2.573868650629895,0.0034819095584190368,-0.30133135846071774,-0.08196329454065147,0.3876019494850184,0.13845129123794755,0.04191829388925623,-1.4931689609292258,1.0014906444818061
19.79318857192993,1.2236814291852651,3.0030723422018775,2.572237811991218,0.011156411291796538,-0.298443545997962,-0.08111841438898072,0.3798704727364601,0.15023067123461656,0.04256478096458387,-1.478730282879018,0.7219339025103855
19.813145399093628,1.223858065082567,3.000075486602512,2.571423978512567,0.01621545189351184,-0.29748332341079897,-0.08082228112562514,0.3746428683696248,0.15639959861301786,0.04317789657027062,-1.4690400420482734,0.4845120415372328
19.833526372909546,1.2245581926156808,2.9911839136529474,2.5690154963305,0.02864663622130821,-0.29381588788438634,-0.07961127223217435,0.36550891326290125,0.16177157585721777,0.04375924173567417,-1.43797495729136,1.5532542378456693
19.853124856948853,1.2252036309301197,2.9853402903112807,2.5674320600764995,0.035867596545736506,-0.29052973952794164,-0.07873050946813258,0.35662926197701594,0.16678368236162233,0.044312357168378315,-1.4230028712953802,0.7486042997989939
19.872929334640503,1.2256155128484858,2.9824097829136784,2.566640257561073,0.040275963214576334,-0.28976484458635937,-0.07848339663417109,0.3379760988570543,0.17185812762713276,0.044838953421416534,-1.4128572537574593,0.5072808768960435
19.893027305603027,1.2264874130385384,2.976649179366921,2.565079591159478,0.04685382550578251,-0.28627969836996736,-0.07758157912274116,0.3199069022250411,0.17660171648922354,0.04533827958350861,-1.3940701402801707,0.9393556738644282
19.913114070892334,1.227560524185634,2.9709096046861454,2.5635294630013448,0.05495113206593414,-0.2840374134386406,-0.07685147553968899,0.3006378598729935,0.1677949862695103,0.04580736239956757,-1.3714007240041237,1.1334708138023508
19.932928323745728,1.229406499213272,2.9624437250164943,2.5612402281417928,0.06558714706911373,-0.27960378227717614,-0.07559791362948147,0.27986650011609454,0.16038798754625586,0.0462456966435655,-1.3399847974682257,1.5707963267948966
19.95305347442627,1.230772861477082,2.956883240674481,2.5597375469391515,0.07098189028918737,-0.2764688424269862,-0.07466883148648824,0.2597096803386742,0.15313080415960015,0.04665824629949618,-1.3193395863367863,1.0322605565719734
19.972920656204224,1.2323442493176626,2.951382227433094,2.5582390916717075,0.07853659707969528,-0.27341503868257605,-0.07412220032126735,0.24027600622059878,0.15059352132217851,0.04705456616277609,-1.2912302200508223,1.4054683142981972
19.993088006973267,1.233961770367208,2.9459438764744883,2.5567660837377444,0.08315269156044351,-0.27042849747546727,-0.07317735600480359,0.22143100151337297,0.14806142419524904,0.04742569240034654,-1.274531113718911,0.8349553165955648
20.01301121711731,1.2348722363347708,2.9432597036721613,2.556025875879408,0.08714391343664078,-0.2684945535792123,-0.07300644850972411,0.20513476460437946,0.15889164394000332,0.047781998685752176,-1.2614342206726048,0.6548446523153117
20.033149242401123,1.237650921048318,2.9352832993375926,2.553850486567748,0.09523790606415225,-0.2634368600811744,-0.07176149746790353,0.1946361343124674,0.17464859887952067,0.04811035330324906,-1.2328681984932446,1.4283011089680109
20.053170680999756,1.2395939233712676,2.930050503728423,2.5524248993736,0.09902845422777072,-0.2597927461160098,-0.0707962076750873,0.1844744565424401,0.1896351684948082,0.04841463991097103,-1.2220411491908265,0.5413524651209034
20.072969913482666,1.2406456944160733,2.92744959512415,2.551708377522483,0.10242271351200866,-0.2582028670167686,-0.07061442089116546,0.1973732717691417,0.20000461210407086,0.048705763942694665,-1.212384075101448,0.48285370446892184
20.09309220314026,1.242734457798457,2.9223261937779337,2.550305848492166,0.10649492564126098,-0.2541051133779694,-0.06963758982547967,0.2097636330837394,0.20965103800739424,0.0489734634402966,-1.1980938475037954,0.7145113798826319
20.11305260658264,1.2449386425770907,2.917222859550795,2.5489047744191398,0.11164258795968869,-0.25147034190829765,-0.06914817961201263,0.25145252918478667,0.21555693731109765,0.04923210379775029,-1.1838267475936546,0.7133549955070428
20.133084297180176,1.2472244826200694,2.9122369231992895,2.54753167333863,0.11707495598047643,-0.24710591090205214,-0.06816114294811854,0.2915147377763808,0.22077180150602377,0.049467756008743737,-1.1672796381612935,0.827355471618052
20.153119325637817,1.2495303049187017,2.907278985536631,2.5461597547405486,0.12049875312190614,-0.24395489094519704,-0.06758927671711668,0.3240100847929778,0.24349897031164824,0.04968955715427105,-1.158484564362458,0.43975368994177977
20.17295479774475,1.2531561192644145,2.9000327633090976,2.5441552207023097,0.12662178340891175,-0.2376210130282095,-0.06605438927858516,0.3621949379952584,0.2566980128602491,0.0498666613280411,-1.1372087755594809,1.0637894401488435
20.193098545074463,1.2557634640350483,2.8953325072350795,2.5428441169888187,0.13423494843719289,-0.23236428054742,-0.06505546273402606,0.3988716634598826,0.26879241861167835,0.05002246700340258,-1.1174967788830088,0.9855998338236027
20.216804265975952,1.2569753751435355,2.8929835544909643,2.542199965653212,0.13425728555900693,-0.2305874644151436,-0.06445748304097429,0.43948855768633804,0.2924348329235443,0.05014359660547073,-1.1206704287014562,-0.1586824909223683
20.233153104782104,1.2597510389768192,2.888431795374219,2.5409208517899344,0.14343867172032435,-0.22451449390618386,-0.06345356586898704,0.4783610956328575,0.31462116423172776,0.05024482645957682,-1.0900770733226564,1.5296677689399907
20.253103494644165,1.2620007541778586,2.8845775072218007,2.539843969340985,0.14520356534669848,-0.2213349295596401,-0.062764483594278,0.5217740945104231,0.32092483816769113,0.04367144503867836,-1.091315263252148,-0.061909496474577
20.272908687591553,1.2663882729839784,2.87800936784208,2.537980397471416,0.1554546887969148,-0.2136948786321279,-0.06148434780335841,0.5699801780002635,0.3271254749185393,0.037358933963918754,-1.0598993367162501,1.5707963267948966
20.293092489242554,1.2696144672248937,2.873801268090444,2.5367577723090244,0.16731814751674357,-0.20709713213213546,-0.06079848861838615,0.6160042974587985,0.3325149961012392,0.03126283566406104,-1.0347813963483548,1.2558970183947693
20.313090562820435,1.2711244223805056,2.8716933053559686,2.536158000523557,0.16823885267688124,-0.20526800162318595,-0.06030470835904593,0.6493201368070344,0.33116175588660823,0.032291723900236095,-1.0394297520180293,-0.23241778348372932
20.332967281341553,1.27462120486619,2.867654059000683,2.534958431201522,0.18154514777120906,-0.19866303769763088,-0.05964893346736962,0.6810460304571595,0.3292407696801631,0.033278845231824124,-1.0080138254821316,1.5707963267948966
20.35316276550293,1.2762518046910303,2.8656522415551047,2.5343649347800885,0.18234967555740153,-0.19614900018277126,-0.05926120974615781,0.7016059765132876,0.3374026774371704,0.03419383381735106,-1.0100790055105984,-0.10325900142333921
20.372926235198975,1.2838061084216053,2.8580643881637116,2.53202379497091,0.20309794100362177,-0.18268657465164506,-0.05781807823031671,0.6947317420957984,0.3629479232161803,0.035044511302291644,-0.9786630789747006,1.5707963267948966
20.393162965774536,1.2880065460524144,2.8544848758577945,2.530874497124565,0.2169222924827362,-0.17518439052250295,-0.05710899698967682,0.6876729193977716,0.3870278674165781,0.03585734328340217,-0.9472471524388029,1.5707963267948966
20.413289070129395,1.290103651641038,2.8527411559557128,2.530304168982197,0.22095322018962218,-0.17152760359346503,-0.056760170301603345,0.6918434212207139,0.40415751639650066,0.0366092443040067,-0.9390879402410715,0.4079606098865707
20.43297243118286,1.2946613347468854,2.8493925149505306,2.5291763357676653,0.2348271279407271,-0.16328355114347023,-0.05602076355254363,0.6954548138701442,0.4200415327126119,0.03732553127184562,-0.9129048187265703,1.3091560757250598
20.453091382980347,1.2970096355589633,2.8477320924895007,2.5286157593600165,0.24080126792391704,-0.16031615083976514,-0.05568524723282788,0.6845076722019068,0.4399505532190518,0.03798676688341297,-0.9139656342783598,-0.053040777589474786
20.472975492477417,1.3019618308487084,2.8446150217960713,2.5275096941701234,0.2543816517532298,-0.15132888413549248,-0.05491917951074735,0.6735249102262234,0.4585611510596628,0.03861444755393496,-0.8857673866511453,1.4099123813607228
20.493109226226807,1.3099385425237027,2.840133985651229,2.52588677837857,0.27566837765299484,-0.14073166983135824,-0.05363318508412881,0.6578120134023022,0.47141623318428333,0.03916576550047984,-0.865619453950953,1.0073966350096164
20.513108015060425,1.3156163842854618,2.83738289962487,2.524820950307587,0.28973292745420115,-0.13222202096528915,-0.05287140472487387,0.6304374757818135,0.4834768316428111,0.039674162651247465,-0.8535380788057516,0.6040687572600678
20.533435583114624,1.3246835243647535,2.8335914942560496,2.52325681310927,0.31111126883533374,-0.11894732914504252,-0.05154618394790176,0.6027935774537685,0.4757086512702865,0.04012214878345534,-0.8288181363169196,1.2359971244416013
20.553096532821655,1.3310244914562557,2.8313071644405525,2.522233942302066,0.3228950201699047,-0.10951201737417388,-0.050739498231782566,0.5756674544769002,0.4677992051358512,0.04054171709559755,-0.8242141038186932,0.23020162491131924
20.57300114631653,1.337794594107224,2.8292027063453196,2.521234999849247,0.3392664003637255,-0.10025436682690748,-0.049735809105507116,0.5485139050879458,0.4594100221260809,0.04089449803766345,-0.8084694329329927,0.7872335442850265
20.59313464164734,1.3446878349561842,2.8272889357634754,2.520248484782907,0.34996852471661416,-0.09115105214238516,-0.04891460827121934,0.5217659194345304,0.45090183046822496,0.041221280928963905,-0.8031529194191727,0.26582567569100046
20.613044023513794,1.3520451884854965,2.8256162929050674,2.5192821867036224,0.3664915339778209,-0.08054935613041944,-0.04799998932804561,0.483949521383633,0.4480499983462442,0.041491167226429704,-0.7895068794101392,0.6823020004516733
20.633243560791016,1.3595742146728242,2.8241283283747047,2.518330323940754,0.37935206598705856,-0.07041742811415586,-0.047173015313587044,0.4525916694724406,0.45501587841401614,0.04172505354107221,-0.7840344579288927,0.2736210740623246
20.65313959121704,1.367249719094294,2.8228114120997474,2.517395223086775,0.3880961996129287,-0.06125332733489688,-0.046336367041106157,0.42193859280808255,0.4612776533198398,0.04193597170250222,-0.7770114938193138,0.3511482054789461
20.672951459884644,1.3753830170290362,2.8217533607618757,2.5164795015263817,0.40346383768911154,-0.05025468036473028,-0.04542327653779197,0.39330831850640563,0.45825718317051667,0.0420950720353703,-0.7686742919628844,0.4168600928214694
20.693071126937866,1.383529079929874,2.820839700362978,2.515579464564457,0.41104922637332003,-0.04112254962702902,-0.04457995933597555,0.365340404294612,0.4549002378532134,0.042233172527278554,-0.7655020988613601,0.15860965507621394
20.714158058166504,1.3878382177228177,2.8204890336094905,2.5151398100046536,0.4196164427228615,-0.03541626482927448,-0.044038027182722296,0.34299819636148693,0.46397728613199707,0.04233193075849003,-0.7618914879052392,0.18053054780604594
20.733102083206177,1.3962976796190925,2.8198740685220716,2.514267521460639,0.4262567964161763,-0.026052674413239676,-0.04319056259019403,0.3211129778189018,0.4722483151919664,0.04241132393027861,-0.7568152309058664,0.2538128499686376
20.753092288970947,1.4051583462503645,2.8195020449419013,2.5134205096967066,0.4392032492731116,-0.01525646786488117,-0.04213024074693828,0.3014330975494186,0.4755764501234336,0.04243502208533821,-0.7515805313296724,0.2617349788097023
20.77295231819153,1.4186185536596423,2.8192862155277956,2.5121812167468645,0.45224688187556444,-0.00018938726921577907,-0.04070227751961092,0.27981394780651286,0.4761124437260705,0.042406737732527205,-0.7451226941112301,0.3228918609221143
20.79306149482727,1.4277180346736524,2.8193776625757314,2.511375649868605,0.45763061147338485,0.00933431980027624,-0.03985455713036085,0.25863146768061895,0.47618087229930933,0.042362694487682574,-0.7440410747968866,0.05408096571717369
20.813108921051025,1.4370991601228704,2.819703879696548,2.5105919809333086,0.46697687541494803,0.019977158344640384,-0.03889063333870734,0.238267237339863,0.4767764855579473,0.042274336822942134,-0.7390519005142422,0.24945871413222243
20.83298683166504,1.4464850142216672,2.820198794334672,2.5098226165413697,0.4715420358512812,0.02951472492647215,-0.03804614708069771,0.21831759073356422,0.47690243034465274,0.04217197281255442,-0.7380420634671796,0.050491852353129474
20.853123664855957,1.4513052562048767,2.8205479369659323,2.50944806987711,0.476201071422278,0.03515670581302732,-0.03751478406932573,0.20026825836988582,0.4783906480279109,0.04204306302582592,-0.7361053893911866,0.09683370379964806
20.873427391052246,1.4657673811563563,2.8218459775300833,2.5083470676624615,0.4844456799198162,0.050281208612360156,-0.03609342997070505,0.1798948106888987,0.4755327416023677,0.04186613880946862,-0.7314718950374499,0.23167471768683612
20.89301872253418,1.4754909379639576,2.822946500678999,2.507633559928482,0.4878435858506036,0.05976044587209951,-0.03525797091211175,0.15997024329242102,0.4723347004862171,0.04167789650428802,-0.7315659422881571,-0.004702362535358162
20.91309094429016,1.4804371417187645,2.823595272094006,2.507289781339888,0.490927837493268,0.06527325910647407,-0.03465029600189796,0.13916813418708276,0.4725208997511889,0.04146250342059379,-0.7295929842228572,0.09864790326499229
20.933154821395874,1.4902821699822126,2.8249952311323843,2.5066050530564383,0.4935072924623095,0.0747217524818255,-0.03382328387575613,0.11885913484715158,0.47225332876607745,0.04123704653714664,-0.7283300495440042,0.06314673394265391
20.953115224838257,1.5002638329039664,2.8266289564363776,2.505947840816191,0.4978558933627278,0.08537973726260661,-0.032724847603646696,0.0976887302406419,0.484820492670665,0.04096572405273201,-0.7262060108976787,0.1062019323162744
20.97301411628723,1.5152878986822387,2.8294257534279286,2.5049918875069697,0.5018504075094871,0.10045209284653082,-0.03128806502528466,0.07645769633369363,0.49382392478071524,0.04064821654527781,-0.7242428673616779,0.09815717680003999
20.993192434310913,1.5253388116553328,2.831534117958066,2.5043742343425963,0.5031720291503675,0.11041155409494238,-0.030478332373199007,0.05579939600228949,0.5019822899683639,0.04032393051519728,-0.7236280921040428,0.03073876288175459
21.013171195983887,1.5304001569613674,2.8326656213985317,2.5040789944970077,0.5042898477817548,0.11554947242199995,-0.02986264062241862,0.03526628192569867,0.5111698525552602,0.039978892807821534,-0.7231240020202452,0.02520450418987963
21.03294563293457,1.5404916663042818,2.8350794146415126,2.503489714172738,0.5047945069422638,0.12585763694019056,-0.0290665610626984,0.015292308561791835,0.5195055588926174,0.03962811749755829,-0.7215062048962175,0.08088985620138267
21.05310845375061,1.5455712774508505,2.83634907892358,2.503208940839904,0.5056148217077413,0.1308052526806106,-0.028447538827947837,-0.006280053233509151,0.5426518906353135,0.03925765310374358,-0.7220870573297162,-0.0290426216749351
21.072926998138428,1.5658402121083064,2.8419592109027874,2.5021145737081003,0.5063207232684467,0.15127238679478808,-0.02657957443331957,-0.028646130826076043,0.5665323015661444,0.03882333965506331,-0.7188204200781358,0.16333186257901922
21.09303903579712,1.5759594435264226,2.8450994781132155,2.5015907177989845,0.5055303441369046,0.16282867783116756,-0.025807473090563603,-0.0502686038368479,0.5888357278073805,0.038386357537067615,-0.7194141358151063,-0.02968578684852119
21.113160848617554,1.5810209320954485,2.846710274702467,2.50134212979514,0.5051083709015064,0.1673850664129936,-0.025211668015491715,-0.06702383658692904,0.591948164437704,0.03793563679700565,-0.7187742494581397,0.03199431784832729
21.132988929748535,1.5911086029003054,2.8501765373777483,2.5008454534201072,0.5036045340656282,0.179249195081475,-0.024457478120931044,-0.08327659007840896,0.5943465206308266,0.037483048230011994,-0.7174283089651103,0.06729702465146925
21.153122425079346,1.5961554320950369,2.851933626831451,2.5006107799451796,0.5030142153648602,0.18335868124999008,-0.023857464425589753,-0.10096603547705697,0.5929868324183084,0.03701714591035478,-0.7187781240933262,-0.06749075641079294
21.172890663146973,1.6162134744932573,2.85968018326392,2.4996976981681365,0.49918805084106815,0.20567123659394054,-0.02209741232525344,-0.11973532728951962,0.5971224893614074,0.0364934135002867,-0.7157168204104121,0.15306518414570647
21.193089485168457,1.6261720690780879,2.863913268966701,2.499263013730991,0.4966109677182648,0.21764850844480876,-0.02137277433013169,-0.1378674336565032,0.6004750999493698,0.03597053207997021,-0.7172767727395217,-0.07799761645548298
21.213155269622803,1.6360625463770158,2.868365130317843,2.4988512980599396,0.49334059365245525,0.22919900649439187,-0.02044837508657138,-0.15595918686208482,0.6034393293949385,0.03542412509890644,-0.7152455544386185,0.1015609150451624
21.232981204986572,1.6458969929611356,2.873069957411472,2.498449379051745,0.49004593287262743,0.24129102088304125,-0.019745340695391113,-0.1733988872659345,0.605634916600393,0.03487963697444725,-0.7164562732149227,-0.060535938815209356
21.253093242645264,1.6458880293364309,2.87306691282556,2.498452056516893,0.48952788926377083,0.24119422787830888,-0.01966351934510554,-0.18911318110912864,0.6043927129818157,0.034353217170950925,-0.7152977154168245,0.05792788990490738
21.272902727127075,1.6653222150534919,2.883193318264029,2.497700606547949,0.4818341437217245,0.2652813585878234,-0.018107358104449658,-0.2095663053152908,0.605325830592291,0.033779855059810494,-0.716046733399021,-0.037450899109825464
21.293087482452393,1.6749156606805609,2.8886200371285966,2.497345177299073,0.4774448743759628,0.2773912643709128,-0.017437466891275157,-0.2292298518579873,0.6055469559064496,0.03320982292992019,-0.7156191151838502,0.02138091075853943
21.313225984573364,1.679666197220212,2.891426638578424,2.4971764060999835,0.4746589394062642,0.28349326984225065,-0.016999152763209437,-0.2441053638800995,0.6015447536321805,0.03264273648631302,-0.7161490456417265,-0.02649652289381521
21.333056688308716,1.6891095937237692,2.8972165192787154,2.496842913963725,0.4696331549493042,0.29547967449408186,-0.016351939311862778,-0.2583722921027814,0.5970071862189155,0.03207920198843965,-0.7164060684618714,-0.012851141007241829
21.353101015090942,1.697054625639592,2.90234229805015,2.496574457868938,0.4650729356560093,0.30609404626462394,-0.015687011841564315,-0.27206169760172294,0.5964626247410453,0.031507318132584075,-0.7169255003534851,-0.025971594580687096
21.372953414916992,1.7108785137609857,2.9118165018630013,2.496120787725849,0.4566170912659367,0.32453653524301856,-0.01466949825596879,-0.2846248025831734,0.5821678595768419,0.030915407217662928,-0.7185625519917105,-0.0818525819112681
21.393091201782227,1.7199531209007142,2.91842270678176,2.4958335416286435,0.450803596739345,0.33603588409961793,-0.014057068021824323,-0.2966327117230089,0.567746157056746,0.030328440029585648,-0.719045061817174,-0.02412549127317476
21.41327476501465,1.7244274837881026,2.9218457198478034,2.4956962960023854,0.4471787977901853,0.34268314261273686,-0.013709417792473809,-0.3079084673173398,0.5634608092204206,0.02975083666050528,-0.7194412193185169,-0.019807875067145986
21.433109283447266,1.7333087532709701,2.9288117628755086,2.4954280195538026,0.44091235717741534,0.35390512644848604,-0.013120135956618971,-0.31864658203692864,0.5586508363335324,0.029178169360521082,-0.7218353461087208,-0.11970633951019494
21.453093767166138,1.7420355511521128,2.9360853302106573,2.4951731789919824,0.43374527261196805,0.3671395602029988,-0.012500985181912672,-0.32828779233798316,0.5549554058180746,0.028600834100525337,-0.7220153594840646,-0.009000668767189524
21.472996950149536,1.7548762880347681,2.9473999616258233,2.4948115742567603,0.423131015309202,0.38518400121951185,-0.011632538244799507,-0.33662196233449204,0.5504443206859929,0.028010241269634195,-0.7273558075125841,-0.2670224014259759
21.493079662322998,1.7632710522815047,2.9552134022214127,2.49458448646644,0.41631922200847704,0.3961431885937392,-0.011078189492570757,-0.3444782799713788,0.5453835457969991,0.02742562937504742,-0.7257182928201864,0.08187573461988507
21.51311159133911,1.7673851093255846,2.9592442325090897,2.4944750760828107,0.4118889439005752,0.40276076912412057,-0.010810565310925394,-0.35139388354969014,0.5426053821084784,0.026855075357642366,-0.7298625855198262,-0.20721463498198922
21.533048152923584,1.779552245072879,2.9716102911107964,2.494162855001387,0.40040669993910233,0.42010648434933656,-0.010010263043628054,-0.3549880221402015,0.5383223347026517,0.026273642757784973,-0.7329170431981247,-0.15272288391492417
21.553157567977905,1.7874891597527993,2.9801197692598356,2.4939678660247333,0.3932739780406462,0.4308250270941519,-0.009490551551842039,-0.35822511717808087,0.5334314618124989,0.02569856334302283,-0.7352178123356832,-0.11503845687792502
21.572877645492554,1.7952210717812103,2.988894140071274,2.493782605171662,0.38448977047271293,0.4427511899186551,-0.008996991837713617,-0.36336329892598757,0.5314095223477239,0.02512550386054914,-0.7389294868892575,-0.18558372767871756
21.593125581741333,1.80283787268394,2.9978552768558493,2.493607652558535,0.3771745695668489,0.45335347889530386,-0.008500157897531198,-0.3680884719610636,0.528706808390418,0.02455897662547697,-0.7413102529748103,-0.11903830427764106
21.613131284713745,1.8065452879170452,3.0024454732500554,2.493523203309698,0.37216224775768886,0.459493552299327,-0.008279319421426365,-0.36961134921580463,0.5291970065031294,0.02400823366461636,-0.7420858460746973,-0.038779654994347545
21.63340163230896,1.8174987828112712,3.0164926117379576,2.49328519926655,0.3597290100049236,0.4760684499085179,-0.007576521763678274,-0.3758083685039397,0.5326704833403906,0.02344937603184627,-0.7536241291344483,-0.576914152987551
21.653101444244385,1.8246178124007404,3.0261207002187414,2.493138321786478,0.3521549020495253,0.48674890421756556,-0.007113066638755207,-0.38152255651658334,0.5352225281948064,0.022897256919503197,-0.7464734716097743,0.35753287623370156
21.673564434051514,1.831518426472243,3.035977756289562,2.4929979361469092,0.34288228019487377,0.4977753324091189,-0.006733835990361937,-0.38312028811307336,0.5355088600552541,0.022352214580123594,-0.7667511654667019,-1.0138846928463785
21.693111658096313,1.8382993572075825,3.0460403434261374,2.4928676938708882,0.33520651213601105,0.508481649942532,-0.006292185966433982,-0.3844047353568209,0.5349896752223262,0.021813907622295056,-0.7469779505394776,0.988660746361214
21.713195323944092,1.8415929456038107,3.0511493064690303,2.492800221230554,0.3301877264066393,0.5137295830514175,-0.006255371067694714,-0.3905759847248252,0.532811238487666,0.0213013976885691,-0.7783938770753753,-1.5707963267948966
21.732942581176758,1.848118198706465,3.0615302796039767,2.4926793402281753,0.32231868874660957,0.5243581045605565,-0.005834417098302038,-0.39624464392199055,0.5299236615188248,0.020795018773610324,-0.7469779505394776,1.5707963267948966
21.753050327301025,1.8544328023580658,3.072118674043641,2.492540445504561,0.313133481877581,0.5349077978918917,-0.0061319098591922794,-0.3933773460339515,0.5368319500955837,0.020336083571845506,-0.7783938770753753,-1.5707963267948966
21.7729229927063,1.8636195379185116,3.088401174316461,2.4923297131823627,0.30061619414289786,0.5508123947107835,-0.006566775515970767,-0.37379987076518656,0.5366238376782857,0.019935247771125555,-0.7769413388902842,0.07262690925455839
21.793010234832764,1.8695583906257334,3.0995246805909966,2.492202338155145,0.29333324450803594,0.5615340460514661,-0.006172052927422286,-0.35454946414326344,0.5353681142212287,0.019537531355734595,-0.7929208936939478,-0.7989777401831821
21.81318211555481,1.8724269983329738,3.105156579995438,2.4921157367844176,0.28846436377636697,0.5666436084510286,-0.006675560122570348,-0.3470348050462622,0.5414974793051224,0.019191999671381434,-0.7724247158845667,1.0248088904690533
21.833012580871582,1.878127383202508,3.116598098139086,2.4919860410292554,0.281599409207849,0.5775245029296856,-0.006295161636612431,-0.3394490443631413,0.5463869021989992,0.01884812711063668,-0.8038406424204645,-1.5707963267948966
21.853123903274536,1.8808477494493823,3.1223859206292595,2.491907958305573,0.2760355543826646,0.5825755673388189,-0.0065700516294621295,-0.3296781820634924,0.5492999284788782,0.018538476499242996,-0.7746444413984332,1.4598100511015621
21.872928142547607,1.8915005127970828,3.1460879036964564,2.491626123721791,0.2600628522903023,0.603380880430851,-0.006701796907641075,-0.29485260830219223,0.5313994348039611,0.01826226028291307,-0.8060603679343314,-1.5707963267948966
21.893120288848877,1.8966450756719013,3.158260581648934,2.49149572181093,0.2545065008070777,0.6138255067291338,-0.006339315570798175,-0.26093278015661486,0.5129772010139401,0.017985843262911968,-0.817977363360312,-0.5958497712990285
21.91301441192627,1.901548076220768,3.170626241066156,2.491326428536238,0.24585512025797832,0.623722208450607,-0.007087184368475186,-0.25235029323701424,0.49289983134648757,0.01777231677483493,-0.8119961339960744,0.29906146821188084
21.932921886444092,1.9064152785788921,3.183197918810228,2.491188224975896,0.24089357976295267,0.6333781170956708,-0.006733890141469363,-0.24381104757715316,0.4726652581556533,0.01755677504788411,-0.839844367638221,-1.3924116821073307
21.95302724838257,1.906355997324906,3.183209425560085,2.491178352367878,0.23912135152169878,0.6335155593000498,-0.007051654746486752,-0.22511323641216474,0.45263015098882103,0.017368081097905635,-0.8084284411023228,1.5707963267948966
21.972927808761597,1.9155815425479596,3.209013789933507,2.490889379241466,0.2263457494555857,0.6540064067975097,-0.006947648457139797,-0.21062884708332577,0.4335494783114903,0.01719185212416031,-0.8398443676382206,-1.5707963267948966
21.993030309677124,1.9200672828758738,3.2221793460901966,2.4907538527433903,0.22227559777963513,0.6624849538906142,-0.00660559879830514,-0.19643447812742815,0.41427307765940447,0.017012618938385637,-0.8311895759081214,0.4327395865049599
22.013019323349,1.9243569800350593,3.235607376282176,2.490580364905677,0.2155954403764316,0.6731186535425707,-0.007281636915738844,-0.1823845826110257,0.4079280069378849,0.016885853259475832,-0.8626055024440191,-1.5707963267948966
22.03300142288208,1.9286333347557385,3.249150875479477,2.4904381006622933,0.21208594352545834,0.6812076904179692,-0.006945224913049018,-0.16861100181406918,0.4008554853718202,0.0167546076002412,-0.8311895759081214,1.5707963267948966
22.053041219711304,1.9285975247914104,3.249181919138167,2.4904314962073224,0.211034867871061,0.6820502236689787,-0.0071755247159773425,-0.16086124533293733,0.38327792474820893,0.016639325727352685,-0.8626055024440191,-1.5707963267948966
22.072936296463013,1.9368071033386038,3.276850000808595,2.490126002923519,0.20208524947798384,0.699091787795652,-0.007351586717965926,-0.16474733377974654,0.3573312920628032,0.016550900884234502,-0.8438337978493333,0.93858522973429
22.093042135238647,1.9408156159435186,3.2909015814581224,2.489982275193076,0.19875413214082813,0.7059803496015712,-0.007021499781004949,-0.16831107560131592,0.33155304359344767,0.016456866135508837,-0.8752497243852311,-1.5707963267948966
22.11322522163391,1.942760201013998,3.2980224977378843,2.4899000843543977,0.196063150440194,0.710307082651473,-0.007205027444922249,-0.17868643547055454,0.298400338747387,0.01637588561177268,-0.8438337978493333,1.5707963267948966
22.13295602798462,1.9466450634043233,3.3122861377750117,2.4897592532931303,0.19239039118582324,0.7159483096698762,-0.0068783679557393885,-0.18849578312633725,0.2658168438117657,0.016289105126306876,-0.8752497243852311,-1.5707963267948966
22.153031587600708,1.9485628075775239,3.319541031465238,2.489678244435078,0.19060363208440884,0.7207171471474372,-0.007100653709520423,-0.19593396893619897,0.23499218922895332,0.016217337894422066,-0.8568267803219318,0.9211472031649626
22.17293405532837,1.9560939699299262,3.3487399446563613,2.4893839955528367,0.18432892334944867,0.7344440221653724,-0.006978494028512466,-0.20697385964669823,0.21404359933065858,0.01615096282408437,-0.88824270685783,-1.5707963267948966
22.19308352470398,1.9597384493212326,3.363470242269407,2.4892476511273296,0.18008432480927375,0.7385162459189988,-0.006656190556087505,-0.21738129284356902,0.19319565405452943,0.016078354427346158,-0.8650758859216152,1.1583410468107402
22.213762760162354,1.961583495960826,3.370956320216388,2.4891759155568924,0.17940988411873127,0.7428105962457486,-0.006696848227799871,-0.228122304750612,0.17092622578069547,0.016008056261294826,-0.896491812457513,-1.5707963267948966
22.233238458633423,1.9651253798670278,3.3858452463056223,2.4890451752124907,0.17474448335279807,0.7460086838153596,-0.006377440794442551,-0.23832936663257212,0.1489275449237364,0.01593168336196944,-0.8650758859216152,1.5707963267948966
22.253066062927246,1.9686835460698113,3.400923875475034,2.4889131436642504,0.1729107932421302,0.7521430439875364,-0.006253921280210236,-0.2222261708842441,0.14981271639376778,0.01584941584252874,-0.896491812457513,-1.5707963267948966
22.272934198379517,1.9738310827320837,3.4236067680647926,2.4887215717170985,0.1678160753916995,0.757821146468432,-0.006095958821196551,-0.23259233940692786,0.12646611753268447,0.015767556872669296,-0.8991811254204389,-0.13446564814629802
22.29311966896057,1.9771402207721231,3.438786944272644,2.4886028003107876,0.16306491011835356,0.7601197510504576,-0.005781473559920438,-0.24243800029439525,0.10344910415444934,0.015680033553882398,-0.9083723999981475,-0.45956372888542596
22.313101291656494,1.978806262732972,3.44642030206813,2.4885470932995855,0.161886526808643,0.7617575898382577,-0.00554554038910959,-0.25594886599243605,0.0858409240602149,0.015577787350644096,-0.8840501558504501,1.2161122073848674
22.333064556121826,1.9819919354396178,3.461671456521512,2.488439290984162,0.1566378817489171,0.763299718015011,-0.005235048510901834,-0.2688076333839518,0.06839966957143957,0.015470581549985984,-0.9154660823863479,-1.5707963267948966
22.353095293045044,1.9851694008174594,3.4770138264250456,2.4883542274826245,0.15367668615024455,0.766143068460971,-0.004586635978868226,-0.2814824529418862,0.05882171368641475,0.015324817482794274,-0.8931633538866475,1.1151364249850193
22.372960805892944,1.9897310713193643,3.5000544099923836,2.488225250882604,0.147366813278566,0.7685771416922247,-0.004062669595220597,-0.29373097663313885,0.041874192365032654,0.015157657489030349,-0.9245792804225452,-1.5707963267948966
22.393102407455444,1.992618876411322,3.515433205785131,2.488147017739461,0.14137496985579853,0.7692464760254637,-0.003761211137152503,-0.30534892631514593,0.025085719288508578,0.014987733172713057,-0.9082859901990705,0.814664511173735
22.41308569908142,1.9940933768014517,3.523137389710984,2.488112262480241,0.1404153777712228,0.7696214903666136,-0.003552593304209215,-0.31280636701942505,0.008225526832058197,0.014809516938588391,-0.9397019167349683,-1.5707963267948966
22.432940244674683,1.9968386491256933,3.538530347879344,2.488044160522038,0.13408854072935636,0.7696186104826559,-0.0032582041703388374,-0.31980064430727956,-0.008489266014283231,0.014629021691169421,-0.9082859901990705,1.5707963267948966
22.45311975479126,1.9995691928720305,3.553940381958897,2.487993087519637,0.1303925821484578,0.7697419425654938,-0.002721090644971835,-0.32690222098904553,-0.029017366131463006,0.01442076856081302,-0.9397019167349683,-1.5707963267948966
22.47292947769165,2.0033908127254416,3.577030181416859,2.4879123370637144,0.12211562063210553,0.7690749509455317,-0.0024562441854317947,-0.3349726470340784,-0.040445592632566224,0.014209209684685272,-0.9292509167147376,0.5225500010115347
22.4931058883667,2.0057656186602255,3.5924028311026515,2.487866039868139,0.115339806955732,0.7681520350991591,-0.0021741838726229232,-0.34252252703490704,-0.051840338291266504,0.013996660308328659,-0.9606668432506353,-1.5707963267948966
22.51314091682434,2.006944399098625,3.6000811339412695,2.487850774426948,0.11294893377854348,0.7674257605762904,-0.0018321654196289936,-0.3616856528043954,-0.07122466816052558,0.013769741724473776,-0.9292509167147376,1.5707963267948966
22.533079862594604,2.0091298113241094,3.61541412751415,2.4878168699225625,0.10553162094035465,0.7658100201082473,-0.0015590424923932057,-0.3798862016943031,-0.09029768811465136,0.013542500302805245,-0.9606668432506353,-1.5707963267948966
22.55304193496704,2.011242660555423,3.6307176327235404,2.487788248457809,0.09973130217444749,0.7640074745579881,-0.0013514730723297812,-0.40564989315607625,-0.10796638728333519,0.013310876784446724,-0.9312067906518746,1.473002629938036
22.57300877571106,2.013154501907932,3.6459750229491035,2.4877638657306704,0.09137113803077487,0.7616734467145357,-0.0010875716700839587,-0.4301586665235711,-0.12539679505762097,0.013079268753980538,-0.9626227171877728,-1.5707963267948966
22.593096256256104,2.0141163518830423,3.6535898203557546,2.487751926997968,0.08890049817899193,0.7601239009418819,-0.0008040606179819436,-0.4508693669165376,-0.17475094558818668,0.03807009377648449,-0.9768731158709296,-0.7125199341578403
22.61312174797058,2.016674957600503,3.6763483606034906,2.487720655839826,0.07773280103306494,0.7553217389499329,-0.0004656226671817314,-0.4915444238982502,-0.24602369849503733,0.028155998778972773,-0.9580164622932688,0.9428326788830432
22.633004665374756,2.018128686446662,3.6914009531021823,2.487716330409167,0.06751071485434777,0.7497075215086783,1.1482881247516293e-06,-0.5303554236111334,-0.31502095309447586,0.018576538716694964,-0.989432388829167,-1.5707963267948966
22.65313696861267,2.019528275411693,3.7064658168172433,2.487710125201682,0.06049953461644637,0.7465255214687164,0.00019698665742197562,-0.5772745037495852,-0.3818696739710827,0.009636015624394438,-0.9896579444010896,-0.011277778596130439
22.672980546951294,2.0212101013351615,3.7288594194344085,2.4877397216533264,0.046130186772450975,0.7398881199123696,0.0010729556899981738,-0.6616712596459737,-0.39152754418522695,0.009456383186523878,-1.0210738709369878,-1.5707963267948966
22.693156003952026,2.021994934356948,3.7435782240257085,2.487763060069086,0.03208443664674243,0.7319595860336672,0.0012602871779850897,-0.7422756849065962,-0.40135341334724606,0.009276771226829055,-0.98965794440109,1.5707963267948966
22.713106870651245,2.0224309798257685,3.751015359010129,2.487797668918743,0.028404299752030827,0.731492827715486,0.0019194314984148327,-0.8237894504271697,-0.43087146837286866,0.009060544330020176,-1.0210738709369878,-1.5707963267948966
22.732955932617188,2.02282906399709,3.765557102020194,2.4878378553102554,0.011145070254751293,0.7225849859977488,0.0020984914216082414,-0.9015043944775563,-0.4598177197533145,0.008845675158498899,-1.0524897974728855,-1.5707963267948966
22.75309467315674,2.0232878678219017,3.7800445169836534,2.4878803338208204,0.003135347664197117,0.7161300567432551,0.0022726932728353976,-0.9697627878119243,-0.49526140112815836,0.00862696838820279,-1.0210738709369878,1.5707963267948966
22.773452281951904,2.0232465459859768,3.8013543088077726,2.487955509330611,-0.017533511844860725,0.7017786824856029,0.0025980434839707536,-0.9833208796686922,-0.6007404793037958,0.00839671402693314,-1.0524897974728855,-1.5707963267948966
22.793081045150757,2.0226983877403644,3.815262891353695,2.4880091342982174,-0.037322181181007864,0.6887405501435655,0.0027636927900264218,-0.995281808777674,-0.7024478029991548,0.008168568045870461,-1.0839057240087833,-1.5707963267948966
22.813215494155884,2.0224970614349753,3.822199589694242,2.488029411608156,-0.04118888193322993,0.6834451869514413,0.002684080048968112,-0.9967235585640247,-0.8008864528324031,0.007954416727544019,-1.115321650544681,-1.5707963267948966
22.833301544189453,2.0214738982578484,3.835701942288153,2.488084669905607,-0.06112856355910606,0.6664745041273792,0.0028410418521794298,-0.9970621783375363,-0.8955577008366618,0.007742063586569174,-1.146737577080579,-1.5707963267948966
22.853214025497437,2.0202114358218695,3.849260389407495,2.4881426245651013,-0.07785898877830374,0.6586269432607994,0.002924626997040651,-1.0387174365628316,-0.9530441153822518,0.007531340756324225,-1.178153503616477,-1.5707963267948966
22.872931718826294,2.0174395438816677,3.868892309515609,2.4882184419289888,-0.1082923628231581,0.6378609933398196,0.0027329040355972153,-1.056856294375406,-1.0349201496220761,0.007341297785188349,-1.209569430152375,-1.5707963267948966
22.89311456680298,2.015061211091949,3.881437247746305,2.4882745556658112,-0.12959505973382557,0.6163706118579044,0.0028778405792597357,-1.0730998347774967,-1.1135861411108379,0.007152577710315845,-1.240985356688273,-1.5707963267948966
22.913142442703247,2.0137277318586455,3.887777643625219,2.4883101160106897,-0.13998491025822662,0.6112053175075269,0.0031860236094195314,-1.0835932077162287,-1.17519068604573,0.006950732398425888,-1.272401283224171,-1.5707963267948966
22.933098077774048,2.010710697215056,3.8997627302342726,2.4883752132668397,-0.1617480927447663,0.5871063390493206,0.003323035443922197,-1.092455214485674,-1.2342924796153185,0.006750763921120331,-1.3038172097600689,-1.5707963267948966
22.953094244003296,2.00727905161487,3.911607963555923,2.4884866156962886,-0.18284738644899015,0.5704591735097969,0.004564973490988773,-1.057678367366679,-1.2946657065992089,0.0064771312698314225,-1.3352331362959668,-1.5707963267948966
22.972944736480713,2.0012758730104077,3.928320991024477,2.4886521554648144,-0.2156634122636045,0.5364819450275462,0.005467228028088742,-1.0234536078458067,-1.3241961024900994,0.006155492940848541,-1.3666490628318648,-1.5707963267948966
22.99311327934265,1.996760187839347,3.93878389727503,2.4887627099847283,-0.2357915471019369,0.5097152542771666,0.005587172034462651,-0.9893863265340602,-1.352224139752949,0.005839913494481591,-1.3980649893677628,-1.5707963267948966
23.013306379318237,1.9942337492288502,3.943932474851691,2.4888323465884747,-0.24917680064410516,0.4993541214705579,0.006006263461684978,-0.9846923002451295,-1.3629857863744073,0.005511697336149983,-1.4294809159036608,-1.5707963267948966
23.03344702720642,1.986126237084251,3.9583673650515268,2.489023250918559,-0.28406466298966115,0.4602531735589849,0.006397067558677867,-0.9768028769074121,-1.3591207330207806,0.005169821510879813,-1.4608968424395588,-1.5707963267948966
23.053122758865356,1.9802501436544124,3.9673008837284014,2.489152203801432,-0.30351609095021387,0.4331130198695978,0.0064971050547553465,-0.9682263540089605,-1.3548231273907534,0.004835118303565449,-1.4923127689754567,-1.5707963267948966
23.07294797897339,1.9737135994837713,3.9756381069608135,2.4892982613863763,-0.3295192225439794,0.40435526862837884,0.006987853042400154,-0.9567663885860264,-1.346486331070947,0.0044824279995176715,-1.5237286955113547,-1.5707963267948966
23.093095541000366,1.9669326461313434,3.983456483485093,2.4894388918130415,-0.3485365577304986,0.37751101285575306,0.007074040150218156,-0.9449000234232615,-1.3378976993754257,0.004137584622734189,-1.5551446220472527,-1.5707963267948966
23.113389492034912,1.96324607694663,3.9870353031226005,2.48952389674173,-0.36213115581521477,0.36048823211454667,0.007513589474919527,-0.9193376347852003,-1.317361267314189,0.0037808532456490387,-1.5865605485831507,-1.5707963267948966
23.133079051971436,1.9518118056348657,3.997070429018433,2.4897626505638293,-0.3937954416629657,0.3158159191819058,0.007949015263905361,-0.8692925183874567,-1.2851989319620758,0.003407606072874731,-1.6179764751190486,-1.5707963267948966
23.153071403503418,1.9437653261256485,4.003131818467486,2.4899222879589225,-0.41068892249542294,0.2904280159561294,0.008013510164075532,-0.8202163477822233,-1.2537017646800213,0.0030433802277055654,-1.6493924016549466,-1.5707963267948966
23.17301368713379,1.9353907280623421,4.00869170523331,2.490083143003908,-0.42661049856955446,0.26566345312335005,0.008070810033514605,-0.7721006264719591,-1.222863918101225,0.002688088457689586,-1.6808083281908446,-1.5707963267948966
23.1930730342865,1.9306647587060082,4.010792383574864,2.4901695533234096,-0.44382320191748426,0.24231686321344872,0.008140462894082469,-0.7499983353150824,-1.2125070442408736,0.0023467448828032316,-1.7122242547267426,-1.5707963267948966
23.213258743286133,1.9214888442320017,4.01523920494809,2.490326918227414,-0.4633361824474707,0.21285852498688265,0.007987226445995824,-0.6912324546176422,-1.2103368685739966,0.0020278612460556764,-1.7436401812626405,-1.5707963267948966
23.232917308807373,1.9070120841855176,4.020827021863137,2.4905545260391797,-0.4911601973573328,0.16961620918602752,0.0076765338680289084,-0.6299272205187351,-1.1816312200254075,0.0017379771303500094,-1.7750561077985385,-1.5707963267948966
23.25311589241028,1.8970669082255966,4.023984908264502,2.4907083853470104,-0.5031579467108103,0.1462664351654589,0.007708454645616053,-0.5700913998994922,-1.1534298858373393,0.0014552951380248599,-1.8064720343344365,-1.5707963267948966
23.272879362106323,1.8864951049921683,4.0263209799222635,2.4908427914065894,-0.5240293474612617,0.11448547303641007,0.007222587915753724,-0.5171303054661868,-1.1213540041662262,0.001214750197507884,-1.8378879608703345,-1.5707963267948966
23.293054819107056,1.8759145606523908,4.0283885240430575,2.4909874703741433,-0.533852681851351,0.09237366589779684,0.007244526698945138,-0.46540870349917474,-1.0899358518012232,0.000980107040896023,-1.8693038874062324,-1.5707963267948966
23.313194751739502,1.8702921004835331,4.029018070121969,2.49104444861258,-0.5455129882719786,0.07483010997060878,0.006804425377739783,-0.42138093132951066,-1.0684557620177895,0.0007843231786894676,-1.9007198139421304,-1.5707963267948966
23.332983255386353,1.8534660719972986,4.030531532593822,2.4912318357169796,-0.5654643118210608,0.03583254798079775,0.006339516294590675,-0.3792789064757033,-1.049047940048471,0.000622145688178895,-1.9321357404780284,-1.5707963267948966
23.35309910774231,1.8420836851949511,4.031039656998937,2.491358739846675,-0.5726374625838807,0.015043864164786293,0.006350368501210365,-0.33820698355348716,-1.029856438510392,0.000463693006404494,-1.9635516670139264,-1.5707963267948966
23.372924089431763,1.8302308459328307,4.030813046463319,2.491463913702087,-0.5872882932585658,-0.013315487543590318,0.005825007445144768,-0.30414506417527604,-1.0136532661982962,0.0003433390002107801,-1.9949675935498243,-1.5707963267948966
23.393112421035767,1.8184264821821656,4.030345078831094,2.491580474622853,-0.5930371829411887,-0.03342776103280939,0.005830691952826381,-0.2708752737851635,-0.9975988707869237,0.00022553506277506384,-2.026383520085722,-1.5707963267948966
23.41322374343872,1.8123113803761741,4.0297935427366545,2.491630194074082,-0.6000839259767347,-0.04790851371315555,0.005596567884626947,-0.21839277524635292,-0.9751364402538484,0.0001267299197956096,-2.05779944662162,-1.5707963267948966
23.43291687965393,1.7940486454710243,4.027770795687623,2.4917939418135,-0.6107914157615926,-0.08117344957706052,0.005487818269928104,-0.16671758035544895,-0.959912700205588,3.473051687089389e-05,-2.0892153731575176,-1.5707963267948966
23.453051328659058,1.7818028435834785,4.025956355137829,2.4919036990831933,-0.6136215194833786,-0.10022012226250822,0.0054876081277556695,-0.11654125835509667,-0.9447677719396814,-5.5441226730492034e-05,-2.1206312996934154,-1.5707963267948966
23.472946166992188,1.7755250155357727,4.024792266845139,2.4919579917933494,-0.6183797845032178,-0.11268805046947844,0.005474677345149661,-0.08926673394019144,-0.9216637640480618,-0.0001423393064604716,-2.152047226229313,-1.5707963267948966
23.493102073669434,1.7631413529782416,4.022355693787525,2.49206745116747,-0.6198976747948555,-0.13089354475482032,0.005470976286199371,-0.06262769445263185,-0.8989505542675782,-0.0002274737236144792,-2.1398998190554006,0.6073703586956247
23.51331639289856,1.7505150628371067,4.019397136895049,2.492179651029216,-0.6261682170442785,-0.15265395801864834,0.00554976537857138,-0.03937345441772694,-0.8744828968417059,-0.00031720664092262893,-2.1309215014725202,0.4489158791440184
23.532994031906128,1.7379853455256806,4.016170769915637,2.49229057701127,-0.6267279014826173,-0.16990267384069724,0.00554254024353832,-0.016689574756064474,-0.8504630118917493,-0.0004049818861900713,-2.1219697738389636,0.4475863816778336
23.553077459335327,1.7253294443863703,4.0124698402427645,2.4922995003752066,-0.6295689199859316,-0.18973288559353083,0.002421541550366115,0.010374260403259889,-0.8009446727472047,-0.00029166648387110437,-2.1117683107376943,0.5100731550634618
23.572932720184326,1.7127238407736582,4.00847229648854,2.49223541111511,-0.6297282474916519,-0.20678455040289512,-0.0013549695850244984,0.03028096821575492,-0.7483446453794609,5.634941502685014e-05,-2.103670311033555,0.40489998520696346
23.593095541000366,1.700136632119184,4.004190368891557,2.4922083455900252,-0.6289280604210227,-0.22123782397521183,-0.0013504630925468275,0.049648324083901386,-0.697228793060371,0.00039230109995956754,-2.095689384176245,0.39904634286549445
23.613186359405518,1.687564115596912,3.99945432275123,2.4919291853138255,-0.6276864393159813,-0.23930191938409737,-0.007176935730647257,0.07736586821727678,-0.6548814036689337,0.0010821988522452804,-2.0852576725724443,0.5215855801900426
23.632925033569336,1.6687896881498583,3.9918349648514253,2.4916633171149396,-0.6245208646471802,-0.2626850713819565,-0.00851804041112711,0.1023116884966027,-0.6050971231528629,0.0018293242148017727,-2.0707488839725596,0.7254394299942346
23.6531183719635,1.6563213569688942,3.9864634903987497,2.4914933707002813,-0.6222317153166272,-0.2743012561375248,-0.008474195807159076,0.12647327558735688,-0.5567615475964134,0.0025509034690997926,-2.0680607112583465,0.13440863571065886
23.673012733459473,1.6439596053385555,3.9806640998336627,2.4912533417723015,-0.6181387954253563,-0.29013935315097195,-0.010300837268154563,0.13883938489275252,-0.5151195943011198,0.0033471567270498916,-2.055122755728313,0.6468977765016648
23.693142414093018,1.6316254100492114,3.974761005056363,2.491048046148823,-0.6152402898906026,-0.3000353073892596,-0.0102261636176631,0.15097250381625046,-0.47467423140292264,0.004115600804338756,-2.052297452932448,0.14126513979326738
23.7130925655365,1.6255336460972165,3.971615221790655,2.4908581493135378,-0.6119350045580335,-0.3079651355280696,-0.0126882553191267,0.1774869170460627,-0.4489064862501451,0.004993702785600049,-2.046308741906217,0.2994355513115332
23.73324179649353,1.6133321747145941,3.9653678199822027,2.4906054399268562,-0.6081261692871502,-0.31669152621417357,-0.012579860237419329,0.20327635739554462,-0.4238506362883291,0.005840642425918032,-2.039759739923552,0.32745009913326406
23.753020763397217,1.6012958966953517,3.9587726237254914,2.4902367689041283,-0.6019496751723556,-0.32936290823784337,-0.015281080822493933,0.20165086960424916,-0.41560245657227407,0.006812413729309478,-2.030353458370856,0.4703140776348036
23.772889137268066,1.58339606172347,3.948640205696947,2.489764488658213,-0.5938795988691005,-0.3433987411440117,-0.01541583537435942,0.2031378013673022,-0.3956658636122051,0.007757087639547569,-2.01936884240908,0.5492307980887956
23.79311990737915,1.5715592024445124,3.94169440102094,2.489457784613132,-0.5898009730157749,-0.35111698795907453,-0.015251535588054258,0.2047445667328724,-0.3762442317093648,0.00866715824520165,-2.0161549364652744,0.16069529719027198
23.81311345100403,1.56576784541599,3.9381452406481414,2.489347250863682,-0.5850330422239997,-0.35510233311649114,-0.013888261064414195,0.19433964624254652,-0.34527804870941536,0.0094319522863283,-2.0121986056717573,0.19781653967585466
23.832926034927368,1.5484240865676548,3.927319545231791,2.489005339785308,-0.5761732996218155,-0.3657139650583139,-0.011551214417559347,0.13898722252577025,-0.3178714834659947,0.010020139370208054,-1.9997579530649192,0.6220326303419066
23.853065490722656,1.536924846632749,3.9199434724408944,2.488776357515839,-0.5739272973503472,-0.3718050403823047,-0.011345133196711672,0.08600568451274704,-0.29138921147781915,0.010583944206285984,-1.9989490931241676,0.04044299703758192
23.87292766571045,1.525745069185893,3.912436105866914,2.488670073981034,-0.5651558815006901,-0.3778513940929926,-0.008185748523236676,0.04518808107313231,-0.27799125218295884,0.010910166439612607,-1.9891035020152068,0.4922795554480386
23.89310359954834,1.5144483538846005,3.904824352576657,2.4885085619648524,-0.5646459912426895,-0.3832806302381593,-0.007964420731492346,0.006084948563068733,-0.26499977736029257,0.011219879053696768,-1.9879000994125238,0.060170130134151734
23.913203716278076,1.5090617412556713,3.9009798220979315,2.4885063888689816,-0.5574046617313522,-0.38577466348302725,-0.0056575551959157765,-0.023914203900505582,-0.2594756343259703,0.01135846072882149,-1.982567033067964,0.2666533172279939
23.933039903640747,1.497906932986185,3.8932127979361293,2.4883955181558517,-0.5581716534953325,-0.39090960835593064,-0.005429090117159004,-0.052560965620112754,-0.25403233328606617,0.011486263205004217,-1.9795532102036537,0.15069114321550892
23.95310378074646,1.492613619810478,3.889315539815757,2.488419583176758,-0.5505168045067862,-0.3926786988810228,-0.0030873529795845314,-0.06056124727175574,-0.25545350516695614,0.011451363148894606,-1.9754304427059686,0.20613837488425713
23.972961902618408,1.4763395386795952,3.87748029726473,2.4884104295317986,-0.544950236876895,-0.3984425645815968,-0.0005111246717140028,-0.08013393314002878,-0.24219556316173654,0.011255830720268372,-1.967149713497736,0.41403646041162645
23.993085622787476,1.4654232512025014,3.8694638705462734,2.488402445160652,-0.5467404992008283,-0.40315725741703745,-0.0002879647607713069,-0.09873064530616352,-0.22934054283581218,0.011060135875784754,-1.9665211408824113,0.03142863076623925
24.013607025146484,1.454786878566608,3.861476679744823,2.4885128047775433,-0.5409712597402083,-0.4046194210307744,0.002757960552898419,-0.10570859548465812,-0.21863640819794516,0.010675222818146455,-1.9603432762260429,0.3088932328184191
24.032885789871216,1.4386757635435166,3.8493135269412417,2.48866860890958,-0.5394920890899289,-0.4089573559836029,0.005011211074103455,-0.1054337362195473,-0.2037177655207024,0.010163070128571395,-1.9557762665707727,0.22835048276350634
24.053146362304688,1.4278648650342516,3.8410946074508936,2.4887708321209,-0.5415960674356798,-0.4128864216304045,0.005209437462033099,-0.10492547062426506,-0.1892662602489136,0.009661289868016367,-1.9537215998882793,0.10273333412467167
24.07317042350769,1.4171932989089246,3.8328988801755233,2.488970391824658,-0.5392791573402024,-0.4140880735546152,0.0077069827289389424,-0.09868956090239311,-0.17252821128881204,0.009022078657015615,-1.9499274688926396,0.1897065497819872
24.09309983253479,1.406388394822719,3.8245837026792886,2.4891262940284173,-0.5411903823419972,-0.41737563031629776,0.007881156711453315,-0.0924288958876697,-0.15631439753559048,0.008397795611092673,-1.9477289087361749,0.10992800782323453
24.113517999649048,1.4010416457454749,3.8204555571510226,2.4892591732963107,-0.540104827316869,-0.4172812384110409,0.00947884945387892,-0.08032803791457716,-0.14050257883185538,0.007703310493614007,-1.9468982509231854,0.04153289064947607
24.133050203323364,1.3902242799765432,3.812082860617581,2.4894502455140506,-0.5415921018140819,-0.4199373978571399,0.009626114994158979,-0.06843367945498521,-0.12519736986721147,0.007026109842625312,-1.9432187671872239,0.18397418679807487
24.15307307243347,1.3794016582431439,3.8037142019457604,2.489715896256484,-0.5425231712823265,-0.4209691309000853,0.01152770057078607,-0.062388724035938904,-0.11155627492291881,0.006259145056008198,-1.9417817092715453,0.07185289578393039
24.17302393913269,1.3630711387966072,3.7910674381430094,2.4901044583308205,-0.5451547609614085,-0.4232704168189109,0.01283775881868114,-0.05731377295518676,-0.09786704500931297,0.00543702399397781,-1.9374287931353242,0.21764580681105095
24.193154096603394,1.3521569210573245,3.78258334616955,2.4903622472264404,-0.5462499699508359,-0.4250946704870666,0.012938465065105117,-0.05220088441682941,-0.08463395498902468,0.00463731661306776,-1.9359442195569145,0.0742286789204849
24.214167833328247,1.3466534124446,3.7783636333660624,2.490526064972666,-0.5478108762582723,-0.42481408837165374,0.01394312396148282,-0.04375603162622556,-0.07156559660156693,0.0038164718745023066,-1.935909659397951,0.0017280079481762911
24.232993125915527,1.3356890023227312,3.7698538878570895,2.490805637181488,-0.5486022782344198,-0.4261183556486414,0.014011437870670874,-0.03539871537171602,-0.05893345826420775,0.0030187527362652553,-1.9321398999999624,0.18848796989943128
24.25317144393921,1.3246321681708664,3.761353389135173,2.491131051570926,-0.5512341864828213,-0.426394611552361,0.015161953136814588,-0.02854888643250906,-0.04925904376519895,0.0021860078362883,-1.9317863159837132,0.017679200812459328
24.27312135696411,1.3080227648996805,3.74855858426522,2.4916109710124017,-0.5536660788734229,-0.427269417977219,0.015900009283746998,-0.01220657610245953,-0.04370316097493141,0.0013347601522174033,-1.927328944276462,0.22286858536255671
24.29543709754944,1.296948071674506,3.7400048155012753,2.4919291826673295,-0.5537500886950334,-0.42808961545345614,0.01591840305996035,0.003739977139106527,-0.038350236529324594,0.0005088108133396582,-1.9259232347655284,0.07028547554668307
24.313183546066284,1.2857663783792104,3.7314778652399148,2.492277468863286,-0.5561797080447034,-0.42771017190595895,0.016652281205051238,0.03466066437929003,-0.03185553580135618,-0.000323766795329206,-1.9244149413275866,0.07541467189708939
24.33293318748474,1.2746517300968605,3.722917711983564,2.4926103955064267,-0.555185221808913,-0.4282842829629586,0.016637692891116874,0.06463035840866208,-0.02559426374848882,-0.0011308368633294696,-1.920984473202167,0.17152340627097917
24.35313367843628,1.2746026739731853,3.7229383143113886,2.492619512887456,-0.5564672415728946,-0.42749929468532355,0.016928939497234927,0.09183660389624222,-0.017675368725552084,-0.0019063260251263722,-1.9238954414468328,-0.1455484122332873
24.372931241989136,1.2521947462517962,3.7058672259759153,2.4933168962237655,-0.5581668386901005,-0.4270586892133644,0.017375130825259575,0.11307518311494116,-0.010509026016940912,-0.0026917885957615227,-1.916005862837351,0.3944789304740848
24.393089056015015,1.2410554075961728,3.697324415729018,2.4936638093790617,-0.5556984163592571,-0.4271992740643844,0.017313650410024414,0.13365846291465475,-0.00359056004540797,-0.003452081608215998,-1.915767247420189,0.011930770858104012
24.413090467453003,1.2353740470514352,3.6930832880653726,2.4938468104104548,-0.5579576474757295,-0.4262357938842846,0.017554435062380618,0.1468749316051796,0.010240559855765727,-0.004185180961799936,-1.9155454811773827,0.011088312140317136
24.432933568954468,1.2185751262742575,3.680319679125039,2.4943805864269732,-0.5569931605701777,-0.4253232765944719,0.017678293296544054,0.159654477175292,0.020628808966710096,-0.0049048917643604376,-1.9102873499751478,0.26290656011174196
24.453070878982544,1.207468027034999,3.671818012138581,2.494733124544866,-0.5536754223874711,-0.424810110293938,0.017573200064228855,0.17205684020813194,0.030622408683391136,-0.005600424913717249,-1.9085349659638822,0.08761920056328254
24.472950220108032,1.196287218728663,3.663347501157912,2.4950947550858653,-0.5535545356989161,-0.42366449685990865,0.01773328580186521,0.1877258258670992,0.03898890598473313,-0.006272588214948958,-1.9064352639234774,0.10498510202023859
24.493131399154663,1.1852546929137562,3.6548825505522373,2.495448122643128,-0.5496474708283299,-0.4228037548316307,0.017601307238640305,0.20289841163841393,0.04703162738424698,-0.006921398449051546,-1.902807424518385,0.1813919702546185
24.513121604919434,1.1796954865420923,3.6506655857695107,2.4956301512496535,-0.5495927026331234,-0.4220133520720443,0.01770652217592806,0.2117990713583724,0.054542245710086895,-0.007540070840936328,-1.9034611771146035,-0.032687629810923546
24.5329909324646,1.163232688312918,3.6380349987423233,2.496163850522042,-0.5451192427055698,-0.42014754726939324,0.01764183508333635,0.22305011266740044,0.06315083868959784,-0.008139405395521482,-1.8967170228053072,0.33720771546481565
24.5530264377594,1.1523756446519269,3.6296452342194545,2.4965150204884385,-0.5405488777161066,-0.41880138464290323,0.017473237084441744,0.23392389255354304,0.07140701678055406,-0.008716751286040415,-1.8957385874700061,0.04892176676505322
24.572983264923096,1.1469296008059082,3.625470013963995,2.4966938526375095,-0.5395343750797529,-0.41772914408117356,0.017508426434770335,0.249940187576725,0.0821658070706742,-0.00926320663658452,-1.8946296443678832,0.055447155106147505
24.5930757522583,1.1361899409129348,3.6171325594749573,2.4970421331397614,-0.5343801022112171,-0.41598190800416646,0.01731787184026812,0.26539390287540154,0.0924849348851012,-0.009788795824989354,-1.8903793862127718,0.21251290775556875
24.613189697265625,1.1254802463556084,3.6088310350728343,2.4973930493297902,-0.53079616731109,-0.4140613295005663,0.017278893063372967,0.28145713877044476,0.10530046260604717,-0.010287140189040029,-1.8887088486494616,0.08352687816550741
24.633062839508057,1.1149216552773638,3.6005716963142316,2.497736537535618,-0.5250113957909566,-0.4118316004328032,0.01706833263105291,0.296920678405513,0.11758434179354847,-0.010765610695843732,-1.8847787218928205,0.19650633783205862
24.653090238571167,1.109643233590641,3.5964506696992324,2.497910403431182,-0.5231461552252257,-0.4108306838099428,0.017062330671330676,0.3094007406178878,0.12650938652818042,-0.011215836910066463,-1.8849847581670693,-0.01030181371244332
24.672951459884644,1.088898397924178,3.5800892003143137,2.4985894086636296,-0.5123588787094991,-0.40640287229919425,0.01674428707803559,0.3089240692927225,0.13524826256926437,-0.011644126110903597,-1.8754081822208906,0.4788287973089389
24.69318127632141,1.0787129725201727,3.571988753378174,2.4989219379488428,-0.5061853080896638,-0.40361413829410403,0.01650727514045941,0.30843015732279616,0.14355325496307042,-0.012054020726076859,-1.8761956413006593,-0.039372953988436876
24.713021755218506,1.06863504822791,3.5639307815415524,2.499252405644572,-0.5003260705911732,-0.40101458035526766,0.01632490820814285,0.30492855127173385,0.15245500860128172,-0.012433242074504483,-1.87102630845179,0.25846664244346673
24.73300552368164,1.058689283767971,3.5559415519904674,2.499576392743881,-0.49426173568054255,-0.39788019282678905,0.01607259521756051,0.3015204537791973,0.16090967571869647,-0.01279519722109897,-1.8695336389556894,0.07463347480503035
24.75309443473816,1.058699464915614,3.555939426999014,2.4995769637396177,-0.4939492890713641,-0.397843825845421,0.016086659343114446,0.2980656984405287,0.1684872804266861,-0.013131073029254616,-1.870276231090377,-0.037129606734387366
24.772976398468018,1.0392443066447368,3.540142450792751,2.5002115951418107,-0.4803778339592421,-0.3914706813904591,0.015596341489654886,0.2958358990518335,0.17444701303742988,-0.013438676012609002,-1.860282785956111,0.4996722567133016
24.793019771575928,1.0296957704954672,3.5323483058520906,2.500520814508837,-0.4744830801406623,-0.3879251469493641,0.015324621731238702,0.2936461447065527,0.1800468034667603,-0.013730723836607553,-1.861936011902472,-0.08266129731804295
24.813380479812622,1.0250182342587808,3.528475809657367,2.5006726369549432,-0.4700644087844065,-0.38613842479581667,0.015161919324306281,0.2904096829868651,0.18454082387616305,-0.013994310473847449,-1.8582022757685972,0.1866868066937366
24.83311700820923,1.0156748161091804,3.520790232946222,2.5009730596313475,-0.4642879377511545,-0.38240532985222636,0.014879517904327086,0.2872502003540167,0.18871582946592122,-0.014243437141348916,-1.8564292905868625,0.08864925908673715
24.853103637695312,1.0065329650743506,3.5131782864607333,2.5012670937912516,-0.45640413391260215,-0.37863274392955604,0.014576462517855113,0.2838237810142394,0.1907448566126005,-0.014462245327574915,-1.8525010039017324,0.19641433425650057
24.872918128967285,0.9974947905307441,3.50564679153499,2.5015556220832442,-0.44964570659547093,-0.3746868061139273,0.014282045235210133,0.28074764345207087,0.19397306276576326,-0.014660237556453444,-1.8505006728843787,0.10001655086768757
24.89317536354065,0.9885578245030876,3.498192051097202,2.5018383183814668,-0.444060906776572,-0.3707774181259755,0.013986967234839892,0.2777444528518962,0.19691898341755462,-0.014845446046604593,-1.8479816911826448,0.12594908508669622
24.913192987442017,0.9798230962223475,3.490831394894545,2.502114715312582,-0.4362051128872687,-0.3663993555840621,0.013679267787397422,0.2806252042448216,0.20113030554724332,-0.0150031896858449,-1.8448877675258828,0.15469618283809883
24.932907819747925,0.9669190367233713,3.479942969158372,2.5025179851936445,-0.4261953569688393,-0.3599798669017787,0.013217575298319288,0.2825639451907176,0.2023600740074571,-0.015136386324586904,-1.840708758040595,0.20895047426439106
24.953062057495117,0.9584517662798558,3.4727839144260435,2.5027793010968318,-0.42052558036797705,-0.35592226531231735,0.012913607911878039,0.2843960753970059,0.20336242884417155,-0.015258521433885966,-1.8395760401575636,0.05663589415156878
24.973087549209595,0.9500982507643913,3.46570619718327,2.5030345139550825,-0.41482021437457534,-0.3518468661447484,0.012607307168286395,0.2861231423608485,0.20414032417038425,-0.015369747444803142,-1.836682420558068,0.14468097997477614
24.992984771728516,0.9501666669941466,3.4657306567341,2.503033734548303,-0.41316105887730764,-0.3512538553193492,0.012586303537356923,0.28394946844539315,0.1998585003738965,-0.015460382840755411,-1.837844244624689,-0.05809120333104545
25.01313805580139,0.9379333717103808,3.4553044578779843,2.5034041132038136,-0.4036797509324399,-0.34467543174767706,0.01211479162855146,0.28450406596173766,0.19383229078894829,-0.015528301266019177,-1.831668618218143,0.30878132032730043
25.032966136932373,0.9299167104123675,3.4484493157079057,2.5036432993131674,-0.397984800623931,-0.3408587557262198,0.011803623845612534,0.2849775623129025,0.18784114968620258,-0.015586941864053629,-1.8315907423367528,0.003893794069509404
25.05303955078125,0.9259807751335741,3.4450803976082427,2.5037598345976186,-0.39430161750670406,-0.3381471194508502,0.0116250420919611,0.28422206564960567,0.18196661342250778,-0.0156286522724885,-1.8298743196721161,0.08582113323183371
25.072928428649902,0.9143061364958438,3.4350613923046116,2.504100645515252,-0.38500628710689855,-0.33146557958640344,0.011130462688778674,0.28611459750959656,0.17802013946412035,-0.01564779698383108,-1.8256357074869882,0.2119306092563944
25.093075037002563,0.906663353650815,3.4284674201988885,2.504320124327991,-0.37926610084735574,-0.32794488185689336,0.010817381026065886,0.2878835928641805,0.17404488840492777,-0.01565906666959152,-1.824244396838675,0.06956553241566077
25.113115310668945,0.8991683064099532,3.42201216281808,2.504532043745327,-0.37268304229119964,-0.3227769949958077,0.010471519769209152,0.29229318074498084,0.17035157269199022,-0.015648735663795408,-1.8218807735164235,0.11818116611257423
25.133453845977783,0.8881307802393227,3.4124474728086986,2.5048384342672025,-0.36358568796567403,-0.31651624448776305,0.009982547618083792,0.29485244273186295,0.1657867288222002,-0.015617809562174631,-1.8179223643206326,0.19792045978954675
25.15308165550232,0.8809181999758612,3.4061500006224064,2.5050349640387966,-0.35766431385363645,-0.3132462114024631,0.009670553874741868,0.2972598367046308,0.16121555686518374,-0.015580511258684381,-1.816100785791738,0.09107892644473203
25.173012256622314,0.8738297345825428,3.3999728337094077,2.5052245018150003,-0.35158263824443375,-0.30866774878979264,0.009340702319233717,0.30045881822425635,0.15838605745087034,-0.0155248870992201,-1.8139233195480666,0.1088733121835661
