t,x,y,z,vx,vy,vz,target_x,target_y,target_z,dist3,dist_xy
0.1192162036895752,0.0,0.0,2.0080000306633643,0.0,0.0,2.568287576405775e-06,2.0,0.0,2.0,2.000016000058653,2.0
0.12925958633422852,0.0,0.0,2.0080000557356312,0.0,0.0,2.446624080389279e-06,2.0,0.0,2.0,2.0000160001589418,2.0
0.13922667503356934,0.0,0.0,2.0080000796037547,0.0,0.0,2.327340161540887e-06,4.243734359741211,0.0,2.0,4.243741900413103,4.243734359741211
0.14925050735473633,0.0,0.0,2.008000102288293,0.0,0.0,2.209819076913144e-06,4.243734359741211,0.0,2.0,4.243741900455866,4.243734359741211
0.1592392921447754,0.0,0.0,2.0080001238073035,0.0,0.0,2.094643532163036e-06,4.243734359741211,0.0,2.0,4.243741900496433,4.243734359741211
0.16937875747680664,0.0,0.0,2.0080001441935873,0.0,0.0,1.9831485663613408e-06,4.3000593185424805,0.0,2.0,4.300066760562113,4.3000593185424805
0.17922115325927734,0.0,0.0,2.008000163482341,0.0,0.0,1.8754729590269064e-06,4.3000593185424805,0.0,2.0,4.300066760597999,4.3000593185424805
0.1892256736755371,0.0,0.0,2.008000181719097,0.0,0.0,1.772569762395758e-06,4.3000593185424805,0.0,2.0,4.300066760631927,4.3000593185424805
0.199249267578125,0.0,0.0,2.008000198945661,0.0,0.0,1.67325517288202e-06,4.364538192749023,0.0,2.0,4.3645455249255996,4.364538192749023
0.20924878120422363,0.0,0.0,2.008000215193035,0.0,0.0,1.576599089056061e-06,4.364538192749023,0.0,2.0,4.364545524955382,4.364538192749023
0.21922540664672852,0.0,0.0,2.008000230487014,0.0,0.0,1.4829520750655213e-06,4.364538192749023,0.0,2.0,4.3645455249834155,4.364538192749023
0.2292332649230957,0.0,0.0,2.008000244866132,0.0,0.0,1.3934771952763399e-06,4.364538192749023,0.0,2.0,4.364545525009772,4.364538192749023
0.23926401138305664,0.0,0.0,2.0080002583698326,0.0,0.0,1.30818582718068e-06,4.43170166015625,0.0,2.0,4.431708881319445,4.43170166015625
0.24927735328674316,0.0,0.0,2.0080002710467975,0.0,0.0,1.2279366414286717e-06,4.43170166015625,0.0,2.0,4.431708881342329,4.43170166015625
0.25923919677734375,0.0,0.0,2.0080002829411576,0.0,0.0,1.1514759145656204e-06,4.43170166015625,0.0,2.0,4.431708881363802,4.43170166015625
0.26924943923950195,0.0,0.0,2.0080002940856443,0.0,0.0,1.0778217470703625e-06,4.514779090881348,0.0,2.0,4.51478617922985,4.514779090881348
0.2792174816131592,0.0,0.0,2.00800030450733,0.0,0.0,1.0072863304280043e-06,4.514779090881348,0.0,2.0,4.5147861792483175,4.514779090881348
0.28922486305236816,0.0,0.0,2.0080003142456975,0.0,0.0,9.410043019574979e-07,4.514779090881348,0.0,2.0,4.514786179265574,4.514779090881348
0.29926061630249023,0.0,0.0,2.008000323338065,0.0,0.0,8.779263792405809e-07,4.564260482788086,0.0,2.0,4.564267494342816,4.564260482788086
0.3092327117919922,0.0,0.0,2.0080003318121133,0.0,0.0,8.172221164883952e-07,4.564260482788086,0.0,2.0,4.564267494357669,4.564260482788086
0.31922245025634766,0.0,0.0,2.00800033968835,0.0,0.0,7.582763043635786e-07,4.564260482788086,0.0,2.0,4.5642674943714745,4.564260482788086
0.3292207717895508,0.0,0.0,2.008000346981968,0.0,0.0,7.006331845033339e-07,4.564260482788086,0.0,2.0,4.564267494384259,4.564260482788086
0.33929991722106934,0.0,0.0,2.008000353704222,0.0,0.0,6.439551227546842e-07,4.632076263427734,0.0,2.0,4.632083172382599,4.632076263427734
0.3492553234100342,0.0,0.0,2.0080003598634484,0.0,0.0,5.879919936725759e-07,4.632076263427734,0.0,2.0,4.632083172393236,4.632076263427734
0.3592543601989746,0.0,0.0,2.008000365465824,0.0,0.0,5.325584997723798e-07,4.632076263427734,0.0,2.0,4.632083172402912,4.632076263427734
0.36925506591796875,0.0,0.0,2.008000370515923,0.0,0.0,4.775173692769829e-07,4.713562965393066,0.0,2.0,4.713569754936641,4.713562965393066
0.37922072410583496,0.0,0.0,2.008000375019963,0.0,0.0,4.238065092614659e-07,4.713562965393066,0.0,2.0,4.713569754944286,4.713562965393066
0.3891940116882324,0.0,0.0,2.0080003790019743,0.0,0.0,3.7302409867561177e-07,4.713562965393066,0.0,2.0,4.7135697549510445,4.713562965393066
0.39921045303344727,0.0,0.0,2.008000382487831,0.0,0.0,3.2446425511829393e-07,4.764606475830078,0.0,2.0,4.764613192657078,4.764606475830078
0.40923023223876953,0.0,0.0,2.0080003854967314,0.0,0.0,2.775509296833348e-07,4.764606475830078,0.0,2.0,4.76461319266213,4.764606475830078
0.41919398307800293,0.0,0.0,2.0080003880429027,0.0,0.0,2.3185737489535656e-07,4.764606475830078,0.0,2.0,4.764613192666405,4.764606475830078
0.4292175769805908,0.0,0.0,2.0080003901368815,0.0,0.0,1.8706744843606752e-07,4.764606475830078,0.0,2.0,4.764613192669922,4.764606475830078
0.4392051696777344,0.0,0.0,2.008000391789302,0.0,0.0,1.439865469355904e-07,4.832796096801758,0.0,2.0,4.83280271887143,4.832796096801758
0.44928717613220215,0.0,0.0,2.0080003930274666,0.0,0.0,1.0411468319050305e-07,4.832796096801758,0.0,2.0,4.83280271887348,4.832796096801758
0.4591975212097168,0.0,0.0,2.008000393879672,0.0,0.0,6.66732513037356e-08,4.832796096801758,0.0,2.0,4.83280271887489,4.832796096801758
0.46924495697021484,0.0,0.0,2.0080003943669156,0.0,0.0,3.103232768392762e-08,4.914134979248047,0.0,2.0,4.914141491713403,4.914134979248047
0.47922205924987793,0.0,0.0,2.008000394504751,0.0,0.0,-3.2747465679650947e-09,4.914134979248047,0.0,2.0,4.914141491713627,4.914134979248047
0.4891984462738037,0.0,0.0,2.0080003943047036,0.0,0.0,-3.6593680934726335e-08,4.914134979248047,0.0,2.0,4.914141491713302,4.914134979248047
0.49926209449768066,0.0,0.0,2.0080003937781377,0.0,0.0,-6.814098258559618e-08,4.967700004577637,0.0,2.0,4.967706446820429,4.967700004577637
0.5092246532440186,0.0,0.0,2.0080003929528942,0.0,0.0,-9.643286535381096e-08,4.967700004577637,0.0,2.0,4.967706446819101,4.967700004577637
0.5192294120788574,0.0,0.0,2.008000391857672,0.0,0.0,-1.2225995617108807e-07,4.967700004577637,0.0,2.0,4.967706446817337,4.967700004577637
0.5292243957519531,0.0,0.0,2.008000390513765,0.0,0.0,-1.4626108418690044e-07,4.967700004577637,0.0,2.0,4.967706446815172,4.967700004577637
0.5391955375671387,0.0,0.0,2.0080003889369475,0.0,0.0,-1.6890950562506315e-07,5.030656814575195,0.0,2.0,5.030663176188105,5.030656814575195
0.5492861270904541,0.0,0.0,2.008000387138906,0.0,0.0,-1.905558174353139e-07,5.030656814575195,0.0,2.0,5.030663176185246,5.030656814575195
0.5592455863952637,0.0,0.0,2.0080003851282973,0.0,0.0,-2.1145974819452477e-07,5.030656814575195,0.0,2.0,5.030663176182048,5.030656814575195
0.5692505836486816,0.0,0.0,2.0080003829115376,0.0,0.0,-2.3181370952886317e-07,5.111970901489258,0.0,2.0,5.111977161901217,5.111970901489258
0.5792171955108643,0.0,0.0,2.008000380493377,0.0,0.0,-2.51760243495942e-07,5.111970901489258,0.0,2.0,5.111977161897433,5.111970901489258
0.5892229080200195,0.0,0.0,2.0080003778773348,0.0,0.0,-2.714049478925259e-07,5.111970901489258,0.0,2.0,5.111977161893339,5.111970901489258
0.5992510318756104,0.0,0.0,2.008000375068847,0.0,0.0,-2.8978645068072035e-07,5.164323329925537,0.0,2.0,5.164329526861588,5.164323329925537
0.6092088222503662,0.0,0.0,2.008000372091362,0.0,0.0,-3.0528918955388943e-07,5.164323329925537,0.0,2.0,5.164329526856975,5.164323329925537
0.6192009449005127,0.0,0.0,2.008000368970325,0.0,0.0,-3.18606169275717e-07,5.164323329925537,0.0,2.0,5.16432952685214,5.164323329925537
0.6292345523834229,0.0,0.0,2.0080003657246186,0.0,0.0,-3.303038988289239e-07,5.164323329925537,0.0,2.0,5.164329526847112,5.164323329925537
0.6392290592193604,0.0,0.0,2.0080003623682314,0.0,0.0,-3.408020583442362e-07,5.164323329925537,0.0,2.0,5.164329526841913,5.164323329925537
0.6493067741394043,0.0,0.0,2.008000358911529,0.0,0.0,-3.5041155447993045e-07,5.2310895919799805,0.0,2.0,5.231095709797708,5.2310895919799805
0.6592745780944824,0.0,0.0,2.008000355362188,0.0,0.0,-3.5936271260677205e-07,5.2310895919799805,0.0,2.0,5.23109570979228,5.2310895919799805
0.6692583560943604,0.0,0.0,2.0080003517258964,0.0,0.0,-3.6782616194161056e-07,5.321322441101074,0.0,2.0,5.32132845516922,5.321322441101074
0.679283857345581,0.0,0.0,2.0080003480068673,0.0,0.0,-3.7592830769589517e-07,5.321322441101074,0.0,2.0,5.321328455163628,5.321322441101074
0.6892492771148682,0.0,0.0,2.0080003442082215,0.0,0.0,-3.8376279317223924e-07,5.321322441101074,0.0,2.0,5.321328455157917,5.321322441101074
0.6992928981781006,0.0,0.0,2.0080003403322726,0.0,0.0,-3.9139899103478745e-07,5.366250038146973,0.0,2.0,5.366256001846894,5.366250038146973
0.7092945575714111,0.0,0.0,2.0080003363807317,0.0,0.0,-3.9888829385277625e-07,5.366250038146973,0.0,2.0,5.366256001841003,5.366250038146973
0.7192432880401611,0.0,0.0,2.008000332354869,0.0,0.0,-4.0626877411974404e-07,5.366250038146973,0.0,2.0,5.366256001835001,5.366250038146973
0.7292556762695312,0.0,0.0,2.008000328255625,0.0,0.0,-4.1356863666622407e-07,5.366250038146973,0.0,2.0,5.36625600182889,5.366250038146973
0.7394156455993652,0.0,0.0,2.008000324083695,0.0,0.0,-4.208087762178475e-07,5.4307708740234375,0.0,2.0,5.430776766847146,5.4307708740234375
0.7492895126342773,0.0,0.0,2.0080003198395957,0.0,0.0,-4.2800467182772067e-07,5.4307708740234375,0.0,2.0,5.430776766840894,5.4307708740234375
0.7592868804931641,0.0,0.0,2.0080003155237094,0.0,0.0,-4.351677907238488e-07,5.4307708740234375,0.0,2.0,5.430776766834535,5.4307708740234375
0.7692723274230957,0.0,0.0,2.008000311136321,0.0,0.0,-4.4230662801772813e-07,5.514117240905762,0.0,2.0,5.514123044640231,5.514117240905762
0.7792696952819824,0.0,0.0,2.0080003066776393,0.0,0.0,-4.4942747705722134e-07,5.514117240905762,0.0,2.0,5.514123044633761,5.514117240905762
0.7892305850982666,0.0,0.0,2.00800030214782,0.0,0.0,-4.5653500005962726e-07,5.514117240905762,0.0,2.0,5.51412304462719,5.514117240905762
0.7992706298828125,0.0,0.0,2.0080002975469755,0.0,0.0,-4.6363265095498265e-07,5.566163063049316,0.0,2.0,5.566168812497101,5.566163063049316
0.8093938827514648,0.0,0.0,2.0080002928751917,0.0,0.0,-4.7072298841566846e-07,5.566163063049316,0.0,2.0,5.566168812490386,5.566163063049316
0.8192453384399414,0.0,0.0,2.0080002881325325,0.0,0.0,-4.778079079089195e-07,5.566163063049316,0.0,2.0,5.5661688124835695,5.566163063049316
0.8292636871337891,0.0,0.0,2.008000283319048,0.0,0.0,-4.848888137037787e-07,5.566163063049316,0.0,2.0,5.5661688124766515,5.566163063049316
0.8392043113708496,0.0,0.0,2.0080002784347664,0.0,0.0,-4.919667460624571e-07,5.566163063049316,0.0,2.0,5.566168812469631,5.566163063049316
0.8491945266723633,0.0,0.0,2.0080002734797184,0.0,0.0,-4.990424756185916e-07,5.566163063049316,0.0,2.0,5.566168812462509,5.566163063049316
0.8611688613891602,0.0,0.0,2.0080002684539213,0.0,0.0,-5.061165732910747e-07,5.632880210876465,0.0,2.0,5.632885892185197,5.632880210876465
0.8693230152130127,0.0,0.0,2.0080002633573906,0.0,0.0,-5.131894620416307e-07,5.632880210876465,0.0,2.0,5.632885892177958,5.632880210876465
0.8792133331298828,0.0,0.0,2.008000258190136,0.0,0.0,-5.202614551849657e-07,5.632880210876465,0.0,2.0,5.632885892170619,5.632880210876465
0.8891932964324951,0.0,0.0,2.008000252952164,0.0,0.0,-5.273327848410106e-07,5.752345085144043,0.0,2.0,5.752350648441741,5.752345085144043
0.8993113040924072,0.0,0.0,2.0080002476463097,0.0,0.0,-5.333640221576034e-07,5.752345085144043,0.0,2.0,5.752350648434362,5.752345085144043
0.9093143939971924,0.0,0.0,2.0080002422940937,0.0,0.0,-5.366817788474793e-07,5.752345085144043,0.0,2.0,5.752350648426919,5.752345085144043
0.9191765785217285,0.0,0.0,2.0080002369195333,0.0,0.0,-5.379362213052402e-07,5.819123268127441,0.0,2.0,5.819128767560739,5.819123268127441
0.9292681217193604,0.0,0.0,2.008000231540451,0.0,0.0,-5.376621229884085e-07,5.819123268127441,0.0,2.0,5.819128767553344,5.819123268127441
0.9392054080963135,0.0,0.0,2.0080002261700542,0.0,0.0,-5.362556538307947e-07,5.819123268127441,0.0,2.0,5.81912876754596,5.819123268127441
0.9492373466491699,0.0,0.0,2.0080002208181265,0.0,0.0,-5.340103037524087e-07,5.819123268127441,0.0,2.0,5.8191287675386025,5.819123268127441
0.959266185760498,0.0,0.0,2.0080002154919145,0.0,0.0,-5.311434953593374e-07,5.885809421539307,0.0,2.0,5.885814858635021,5.885809421539307
0.9692568778991699,0.0,0.0,2.008000210196786,0.0,0.0,-5.278162993032034e-07,5.885809421539307,0.0,2.0,5.885814858627823,5.885809421539307
0.9792473316192627,0.0,0.0,2.0080002049367214,0.0,0.0,-5.241480397552378e-07,5.885809421539307,0.0,2.0,5.885814858620673,5.885809421539307
0.9892024993896484,0.0,0.0,2.0080001997146653,0.0,0.0,-5.202271141541668e-07,5.952451705932617,0.0,2.0,5.952457082134704,5.952451705932617
0.9993076324462891,0.0,0.0,2.008000194532801,0.0,0.0,-5.161190089366225e-07,5.952451705932617,0.0,2.0,5.95245708212774,5.952451705932617
1.0092790126800537,0.0,0.0,2.008000189392745,0.0,0.0,-5.1187223763418e-07,5.952451705932617,0.0,2.0,5.952457082120832,5.952451705932617
1.019174575805664,0.0,0.0,2.008000184295696,0.0,0.0,-5.07522739953739e-07,6.019118309020996,0.0,2.0,6.0191236256568565,6.019118309020996
1.029313325881958,0.0,0.0,2.008000179242542,0.0,0.0,-5.030971407419125e-07,6.019118309020996,0.0,2.0,6.01912362565014,6.019118309020996
1.0392367839813232,0.0,0.0,2.0080001742339393,0.0,0.0,-4.98615164025818e-07,6.019118309020996,0.0,2.0,6.019123625643483,6.019118309020996
1.0491981506347656,0.0,0.0,2.0080001692703764,0.0,0.0,-4.940914218973574e-07,6.085812568664551,0.0,2.0,6.085817827015838,6.085812568664551
1.0592737197875977,0.0,0.0,2.0080001643522127,0.0,0.0,-4.895367392091124e-07,6.085812568664551,0.0,2.0,6.085817827009373,6.085812568664551
1.0692775249481201,0.0,0.0,2.008000159479717,0.0,0.0,-4.849591351656549e-07,6.085812568664551,0.0,2.0,6.085817827002967,6.085812568664551
1.0793182849884033,0.0,0.0,2.0080001546530863,0.0,0.0,-4.803645505980524e-07,6.085812568664551,0.0,2.0,6.085817826996623,6.085812568664551
1.08921480178833,0.0,0.0,2.0080001498724678,0.0,0.0,-4.757573864953213e-07,6.152462482452393,0.0,2.0,6.152467683814539,6.152462482452393
1.0992043018341064,0.0,0.0,2.0080001451379688,0.0,0.0,-4.7114090325613537e-07,6.152462482452393,0.0,2.0,6.152467683808383,6.152462482452393
1.109208106994629,0.0,0.0,2.0080001404496715,0.0,0.0,-4.665175163142229e-07,6.152462482452393,0.0,2.0,6.1524676838022865,6.152462482452393
1.1192705631256104,0.0,0.0,2.0080001358076354,0.0,0.0,-4.6188901492851565e-07,6.152462482452393,0.0,2.0,6.15246768379625,6.152462482452393
1.129225730895996,0.0,0.0,2.0080001312119053,0.0,0.0,-4.5725672469829394e-07,6.152462482452393,0.0,2.0,6.152467683790275,6.152462482452393
1.139202356338501,0.0,0.0,2.008000126662511,0.0,0.0,-4.526216275532427e-07,6.152462482452393,0.0,2.0,6.1524676837843595,6.152462482452393
1.149298906326294,0.0,0.0,2.008000122159478,0.0,0.0,-4.4798445100379536e-07,6.219117641448975,0.0,2.0,6.219122787028443,6.219117641448975
1.1592531204223633,0.0,0.0,2.008000117702826,0.0,0.0,-4.4334573400563483e-07,6.219117641448975,0.0,2.0,6.21912278702271,6.219117641448975
1.1692829132080078,0.0,0.0,2.008000113292568,0.0,0.0,-4.387058757780455e-07,6.3264970779418945,0.0,2.0,6.3265021361744616,6.3264970779418945
1.179244041442871,0.0,0.0,2.0080001089287127,0.0,0.0,-4.340651721213528e-07,6.3264970779418945,0.0,2.0,6.326502136168943,6.3264970779418945
1.1892738342285156,0.0,0.0,2.008000104611267,0.0,0.0,-4.2942384217043547e-07,6.3264970779418945,0.0,2.0,6.326502136163484,6.3264970779418945
1.1993296146392822,0.0,0.0,2.0080001003402375,0.0,0.0,-4.2478204824483306e-07,6.370113372802734,0.0,2.0,6.370118396385242,6.370113372802734
1.2092249393463135,0.0,0.0,2.0080000961156266,0.0,0.0,-4.2013991059209376e-07,6.370113372802734,0.0,2.0,6.370118396379936,6.370113372802734
1.219231367111206,0.0,0.0,2.0080000919374386,0.0,0.0,-4.154975182825211e-07,6.370113372802734,0.0,2.0,6.370118396374689,6.370113372802734
1.22920560836792,0.0,0.0,2.0080000878056756,0.0,0.0,-4.1085493732995943e-07,6.4303789138793945,0.0,2.0,6.430383890365306,6.4303789138793945
1.239232063293457,0.0,0.0,2.0080000837203404,0.0,0.0,-4.0621221664669025e-07,6.4303789138793945,0.0,2.0,6.430383890360223,6.4303789138793945
1.2492485046386719,0.0,0.0,2.008000079681433,0.0,0.0,-4.0156939245151407e-07,6.4303789138793945,0.0,2.0,6.4303838903551975,6.4303789138793945
1.2592229843139648,0.0,0.0,2.008000075688953,0.0,0.0,-3.9692649150056023e-07,6.4303789138793945,0.0,2.0,6.430383890350231,6.4303789138793945
1.2692875862121582,0.0,0.0,2.0080000717429036,0.0,0.0,-3.92283533726226e-07,6.4978437423706055,0.0,2.0,6.497848667167674,6.4978437423706055
1.2792141437530518,0.0,0.0,2.0080000678432812,0.0,0.0,-3.8764053389767914e-07,6.4978437423706055,0.0,2.0,6.497848667162874,6.4978437423706055
1.2892179489135742,0.0,0.0,2.0080000639900932,0.0,0.0,-3.8299750289732947e-07,6.4978437423706055,0.0,2.0,6.497848667158129,6.4978437423706055
1.29929518699646,0.0,0.0,2.008000060183332,0.0,0.0,-3.783544487900453e-07,6.566592216491699,0.0,2.0,6.566597089714908,6.566592216491699
1.3092586994171143,0.0,0.0,2.0080000564230036,0.0,0.0,-3.737113775400558e-07,6.566592216491699,0.0,2.0,6.566597089710327,6.566592216491699
1.319228172302246,0.0,0.0,2.0080000527091046,0.0,0.0,-3.6906829363020417e-07,6.566592216491699,0.0,2.0,6.566597089705803,6.566592216491699
1.3292806148529053,0.0,0.0,2.0080000490416374,0.0,0.0,-3.6442520035783134e-07,6.566592216491699,0.0,2.0,6.566597089701334,6.566592216491699
1.3392508029937744,0.0,0.0,2.0080000454206,0.0,0.0,-3.5978210014881326e-07,6.631707668304443,0.0,2.0,6.631712493660645,6.631707668304443
1.3492400646209717,0.0,0.0,2.008000041845995,0.0,0.0,-3.5513899482169363e-07,6.631707668304443,0.0,2.0,6.631712493656333,6.631707668304443
1.3592250347137451,0.0,0.0,2.008000038317821,0.0,0.0,-3.504958856866155e-07,6.631707668304443,0.0,2.0,6.631712493652077,6.631707668304443
1.369225263595581,0.0,0.0,2.008000034836078,0.0,0.0,-3.4585277372533e-07,6.699609756469727,0.0,2.0,6.699614532907227,6.699609756469727
1.3792226314544678,0.0,0.0,2.008000031400766,0.0,0.0,-3.412096596728367e-07,6.699609756469727,0.0,2.0,6.699614532903126,6.699609756469727
1.3892292976379395,0.0,0.0,2.0080000280118844,0.0,0.0,-3.36566543997035e-07,6.699609756469727,0.0,2.0,6.699614532899079,6.699609756469727
1.3992934226989746,0.0,0.0,2.0080000246694354,0.0,0.0,-3.31923427208623e-07,6.766874313354492,0.0,2.0,6.766879042300929,6.766874313354492
1.4092514514923096,0.0,0.0,2.0080000213734155,0.0,0.0,-3.2728030961508384e-07,6.766874313354492,0.0,2.0,6.766879042297032,6.766874313354492
1.4192404747009277,0.0,0.0,2.0080000181238287,0.0,0.0,-3.226371915467883e-07,6.766874313354492,0.0,2.0,6.766879042293191,6.766874313354492
1.4292595386505127,0.0,0.0,2.0080000149206723,0.0,0.0,-3.179940731057839e-07,6.833638668060303,0.0,2.0,6.833643350793756,6.833638668060303
1.439258337020874,0.0,0.0,2.0080000117639476,0.0,0.0,-3.1335095444319533e-07,6.833638668060303,0.0,2.0,6.833643350790061,6.833638668060303
1.4492473602294922,0.0,0.0,2.008000008653654,0.0,0.0,-3.087078355461959e-07,6.833638668060303,0.0,2.0,6.83364335078642,6.833638668060303
1.459258794784546,0.0,0.0,2.008000005589791,0.0,0.0,-3.040647163026992e-07,6.833638668060303,0.0,2.0,6.833643350782833,6.833638668060303
1.4692296981811523,0.0,0.0,2.0080000025723597,0.0,0.0,-2.994215968396587e-07,6.898075580596924,0.0,2.0,6.898080219573323,6.898075580596924
1.479198694229126,0.0,0.0,2.0079999996013584,0.0,0.0,-2.947784773412396e-07,6.898075580596924,0.0,2.0,6.898080219569877,6.898075580596924
1.489201545715332,0.0,0.0,2.00799999667679,0.0,0.0,-2.901353578434135e-07,6.898075580596924,0.0,2.0,6.898080219566486,6.898075580596924
1.499234676361084,0.0,0.0,2.0079999937986517,0.0,0.0,-2.8549223834617116e-07,6.9663238525390625,0.0,2.0,6.9663284460579,6.9663238525390625
1.509242057800293,0.0,0.0,2.0079999909669457,0.0,0.0,-2.808491188495033e-07,6.9663238525390625,0.0,2.0,6.966328446054647,6.9663238525390625
1.5192103385925293,0.0,0.0,2.00799998818167,0.0,0.0,-2.762059993534009e-07,6.9663238525390625,0.0,2.0,6.966328446051449,6.9663238525390625
1.529198408126831,0.0,0.0,2.007999985442825,0.0,0.0,-2.7156287985785426e-07,6.9663238525390625,0.0,2.0,6.966328446048304,6.9663238525390625
1.5392427444458008,0.0,0.0,2.007999982750413,0.0,0.0,-2.669197603628541e-07,7.0314555168151855,0.0,2.0,7.031460067772177,7.0314555168151855
1.5492498874664307,0.0,0.0,2.0079999801044295,0.0,0.0,-2.622766408683914e-07,7.0314555168151855,0.0,2.0,7.031460067769167,7.0314555168151855
1.5592284202575684,0.0,0.0,2.0079999775048796,0.0,0.0,-2.576335213744562e-07,7.0314555168151855,0.0,2.0,7.03146006776621,7.0314555168151855
1.5692358016967773,0.0,0.0,2.00799997495176,0.0,0.0,-2.5299040188103954e-07,7.0314555168151855,0.0,2.0,7.031460067763304,7.0314555168151855
1.579291820526123,0.0,0.0,2.0079999724450714,0.0,0.0,-2.4834728238813195e-07,7.098197937011719,0.0,2.0,7.0982024451657155,7.098197937011719
1.589205026626587,0.0,0.0,2.0079999699848137,0.0,0.0,-2.437041628957242e-07,7.098197937011719,0.0,2.0,7.098202445162943,7.098197937011719
1.5992517471313477,0.0,0.0,2.007999967570988,0.0,0.0,-2.390610434038068e-07,7.178525924682617,0.0,2.0,7.178530382384793,7.178525924682617
1.609229326248169,0.0,0.0,2.0079999652035934,0.0,0.0,-2.3441792391237046e-07,7.178525924682617,0.0,2.0,7.178530382382155,7.178525924682617
1.6192271709442139,0.0,0.0,2.007999962882629,0.0,0.0,-2.2977480442140597e-07,7.178525924682617,0.0,2.0,7.178530382379568,7.178525924682617
1.6291961669921875,0.0,0.0,2.0079999606080983,0.0,0.0,-2.2513168493090385e-07,7.178525924682617,0.0,2.0,7.1785303823770334,7.178525924682617
1.639281988143921,0.0,0.0,2.0079999583799957,0.0,0.0,-2.2048856544085476e-07,7.230774879455566,0.0,2.0,7.230779304936623,7.230774879455566
1.6492395401000977,0.0,0.0,2.007999956198326,0.0,0.0,-2.1584544595124935e-07,7.230774879455566,0.0,2.0,7.230779304934209,7.230774879455566
1.65922212600708,0.0,0.0,2.0079999540630866,0.0,0.0,-2.1120232646207832e-07,7.230774879455566,0.0,2.0,7.230779304931846,7.230774879455566
1.6692066192626953,0.0,0.0,2.007999951974279,0.0,0.0,-2.0655920697333233e-07,7.299054145812988,0.0,2.0,7.299058529888725,7.299054145812988
1.6792805194854736,0.0,0.0,2.007999949931903,0.0,0.0,-2.019160874850019e-07,7.299054145812988,0.0,2.0,7.299058529886487,7.299054145812988
1.6892094612121582,0.0,0.0,2.0079999479359576,0.0,0.0,-1.9727296799707788e-07,7.299054145812988,0.0,2.0,7.2990585298843,7.299054145812988
1.6992251873016357,0.0,0.0,2.0079999459864446,0.0,0.0,-1.9262984850955083e-07,7.3779401779174805,0.0,2.0,7.3779445151115635,7.3779401779174805
1.709291934967041,0.0,0.0,2.007999944083361,0.0,0.0,-1.879867290224114e-07,7.3779401779174805,0.0,2.0,7.3779445151095,7.3779401779174805
1.7192320823669434,0.0,0.0,2.00799994222671,0.0,0.0,-1.8334360953565034e-07,7.3779401779174805,0.0,2.0,7.377944515107487,7.3779401779174805
1.7292301654815674,0.0,0.0,2.007999940416488,0.0,0.0,-1.787004900492583e-07,7.3779401779174805,0.0,2.0,7.377944515105525,7.3779401779174805
1.7392520904541016,0.0,0.0,2.0079999386526985,0.0,0.0,-1.740573705632258e-07,7.435792446136475,0.0,2.0,7.435796749578266,7.435792446136475
1.7492237091064453,0.0,0.0,2.0079999369353407,0.0,0.0,-1.6941425107754356e-07,7.435792446136475,0.0,2.0,7.435796749576418,7.435792446136475
1.7591867446899414,0.0,0.0,2.007999935264414,0.0,0.0,-1.647711315922022e-07,7.435792446136475,0.0,2.0,7.435796749574621,7.435792446136475
1.7692193984985352,0.0,0.0,2.0079999336399186,0.0,0.0,-1.6012801210719242e-07,7.435792446136475,0.0,2.0,7.435796749572873,7.435792446136475
1.77921724319458,0.0,0.0,2.0079999320618533,0.0,0.0,-1.55484892622505e-07,7.498563289642334,0.0,2.0,7.49856755705279,7.498563289642334
1.7892308235168457,0.0,0.0,2.0079999305302207,0.0,0.0,-1.508417731381304e-07,7.498563289642334,0.0,2.0,7.498567557051157,7.498563289642334
1.7992408275604248,0.0,0.0,2.0079999290450177,0.0,0.0,-1.4619865365405934e-07,7.498563289642334,0.0,2.0,7.498567557049572,7.498563289642334
1.8092131614685059,0.0,0.0,2.0079999276062472,0.0,0.0,-1.4155553417028245e-07,7.498563289642334,0.0,2.0,7.498567557048037,7.498563289642334
1.8192641735076904,0.0,0.0,2.007999926213907,0.0,0.0,-1.3691241468679046e-07,7.596819877624512,0.0,2.0,7.596824089834536,7.596819877624512
1.8292603492736816,0.0,0.0,2.007999924867999,0.0,0.0,-1.3226929520357396e-07,7.596819877624512,0.0,2.0,7.5968240898331185,7.596819877624512
1.8392119407653809,0.0,0.0,2.0079999235685215,0.0,0.0,-1.2762617572062372e-07,7.596819877624512,0.0,2.0,7.596824089831751,7.596819877624512
1.8492395877838135,0.0,0.0,2.0079999223154754,0.0,0.0,-1.2298305623793029e-07,7.6678619384765625,0.0,2.0,7.667866111656789,7.6678619384765625
1.8593158721923828,0.0,0.0,2.0079999211088615,0.0,0.0,-1.1833993675548435e-07,7.6678619384765625,0.0,2.0,7.66786611165553,7.6678619384765625
1.869227647781372,0.0,0.0,2.007999919948677,0.0,0.0,-1.1369681727327657e-07,7.6678619384765625,0.0,2.0,7.66786611165432,7.6678619384765625
1.8792591094970703,0.0,0.0,2.007999918834925,0.0,0.0,-1.0905369779129754e-07,7.6678619384765625,0.0,2.0,7.667866111653157,7.6678619384765625
1.8892571926116943,0.0,0.0,2.007999917767603,0.0,0.0,-1.0441057830953797e-07,7.733983993530273,0.0,2.0,7.733988131027017,7.733983993530273
1.8992319107055664,0.0,0.0,2.0079999167467126,0.0,0.0,-9.976745882798851e-08,7.733983993530273,0.0,2.0,7.733988131025961,7.733983993530273
1.909250020980835,0.0,0.0,2.007999915772254,0.0,0.0,-9.512433934663988e-08,7.733983993530273,0.0,2.0,7.733988131024953,7.733983993530273
1.9192419052124023,0.0,0.0,2.007999914844226,0.0,0.0,-9.048121986548266e-08,7.803970813751221,0.0,2.0,7.803974914139486,7.803970813751221
1.9292185306549072,0.0,0.0,2.00799991396263,0.0,0.0,-8.583810038450747e-08,7.803970813751221,0.0,2.0,7.803974914138583,7.803970813751221
1.9392118453979492,0.0,0.0,2.007999913127464,0.0,0.0,-8.119498090370506e-08,7.803970813751221,0.0,2.0,7.803974914137727,7.803970813751221
1.949193000793457,0.0,0.0,2.007999912338731,0.0,0.0,-7.655186142306599e-08,7.864850997924805,0.0,2.0,7.864855066570281,7.864850997924805
1.9592633247375488,0.0,0.0,2.007999911596427,0.0,0.0,-7.190874194258104e-08,7.864850997924805,0.0,2.0,7.864855066569526,7.864850997924805
1.9692354202270508,0.0,0.0,2.0079999109005553,0.0,0.0,-6.726562246224078e-08,7.864850997924805,0.0,2.0,7.864855066568818,7.864850997924805
1.9792170524597168,0.0,0.0,2.0079999102511144,0.0,0.0,-6.262250298203588e-08,7.864850997924805,0.0,2.0,7.864855066568158,7.864850997924805
1.9892959594726562,0.0,0.0,2.0079999096481047,0.0,0.0,-5.797938350195697e-08,7.935407638549805,0.0,2.0,7.935411671016758,7.935407638549805
1.9992244243621826,0.0,0.0,2.0079999090915273,0.0,0.0,-5.3336264021994766e-08,7.935407638549805,0.0,2.0,7.935411671016197,7.935407638549805
2.0092923641204834,0.0,0.0,2.00799990858138,0.0,0.0,-4.869314454213988e-08,7.935407638549805,0.0,2.0,7.9354116710156815,7.935407638549805
2.019289255142212,0.0,0.0,2.007999908117665,0.0,0.0,-4.4050025062382976e-08,8.007131576538086,0.0,2.0,8.007135572882676,8.007131576538086
2.029226303100586,0.0,0.0,2.007999907700379,0.0,0.0,-3.940690558271474e-08,8.007131576538086,0.0,2.0,8.007135572882259,8.007131576538086
2.0392305850982666,0.0,0.0,2.007999907329526,0.0,0.0,-3.476378610312581e-08,8.007131576538086,0.0,2.0,8.00713557288189,8.007131576538086
2.0492360591888428,0.0,0.0,2.0079999070051024,0.0,0.0,-3.012066662360683e-08,8.06618881225586,0.0,2.0,8.06619277933981,8.06618881225586
2.0592358112335205,0.0,0.0,2.007999906727112,0.0,0.0,-2.547754714414846e-08,8.06618881225586,0.0,2.0,8.066192779339534,8.06618881225586
2.0692105293273926,0.0,0.0,2.0079999064955527,0.0,0.0,-2.0834427664741366e-08,8.06618881225586,0.0,2.0,8.066192779339303,8.06618881225586
2.0792062282562256,0.0,0.0,2.0079999063104235,0.0,0.0,-1.6191308185376206e-08,8.06618881225586,0.0,2.0,8.06619277933912,8.06618881225586
2.089252471923828,0.0,0.0,2.0079999061717264,0.0,0.0,-1.1548188706043619e-08,8.132617950439453,0.0,2.0,8.132621885118525,8.132617950439453
2.0992591381073,0.0,0.0,2.007999906079459,0.0,0.0,-6.905069226734269e-09,8.132617950439453,0.0,2.0,8.132621885118432,8.132617950439453
2.1092352867126465,0.0,0.0,2.007999906033625,0.0,0.0,-2.2619497474388143e-09,8.132617950439453,0.0,2.0,8.132621885118388,8.132617950439453
2.1192543506622314,0.0,0.0,2.0079999060342204,0.0,0.0,2.3811697318516655e-09,8.215410232543945,0.0,2.0,8.215414127570462,8.215410232543945
2.1292190551757812,0.0,0.0,2.007999906081248,0.0,0.0,7.024289211136996e-09,8.215410232543945,0.0,2.0,8.215414127570506,8.215410232543945
2.1391916275024414,0.0,0.0,2.0079999061747063,0.0,0.0,1.1667408690408186e-08,8.215410232543945,0.0,2.0,8.215414127570599,8.215410232543945
2.1491949558258057,0.0,0.0,2.007999906314596,0.0,0.0,1.63105281696559e-08,8.267112731933594,0.0,2.0,8.267116602600908,8.267112731933594
2.159236431121826,0.0,0.0,2.0079999064980902,0.0,0.0,1.9914046841962317e-08,8.267112731933594,0.0,2.0,8.267116602601085,8.267112731933594
2.169238567352295,0.0,0.0,2.007999906703669,0.0,0.0,2.080444902775955e-08,8.267112731933594,0.0,2.0,8.267116602601284,8.267112731933594
2.179229736328125,0.0,0.0,2.0079999069073238,0.0,0.0,1.9631806849277225e-08,8.267112731933594,0.0,2.0,8.267116602601481,8.267112731933594
2.189232349395752,0.0,0.0,2.007999907091228,0.0,0.0,1.6930823827107008e-08,8.333181381225586,0.0,2.0,8.333185221205529,8.333181381225586
2.1992602348327637,0.0,0.0,2.007999907242178,0.0,0.0,1.3097618041646769e-08,8.333181381225586,0.0,2.0,8.333185221205673,8.333181381225586
2.209226131439209,0.0,0.0,2.0079999073503934,0.0,0.0,8.42564105738635e-09,8.333181381225586,0.0,2.0,8.333185221205778,8.333181381225586
2.219245433807373,0.0,0.0,2.007999907411453,0.0,0.0,4.171887897371929e-09,8.413946151733398,0.0,2.0,8.413949954854013,8.413946151733398
2.229219913482666,0.0,0.0,2.0079999074415085,0.0,0.0,2.1709238461622184e-09,8.413946151733398,0.0,2.0,8.413949954854042,8.413946151733398
2.23921799659729,0.0,0.0,2.0079999074605945,0.0,0.0,1.8919853058665477e-09,8.413946151733398,0.0,2.0,8.41394995485406,8.413946151733398
2.2492971420288086,0.0,0.0,2.0079999074835873,0.0,0.0,2.8887546550657957e-09,8.463861465454102,0.0,2.0,8.46386524614603,8.463861465454102
2.259242296218872,0.0,0.0,2.0079999075215094,0.0,0.0,4.830591634450723e-09,8.463861465454102,0.0,2.0,8.463865246146066,8.463861465454102
2.269235610961914,0.0,0.0,2.007999907582525,0.0,0.0,7.472551941423181e-09,8.463861465454102,0.0,2.0,8.463865246146124,8.463861465454102
2.2792272567749023,0.0,0.0,2.0079999076726844,0.0,0.0,1.0633176336056618e-08,8.463861465454102,0.0,2.0,8.46386524614621,8.463861465454102
2.289217710494995,0.0,0.0,2.007999907796466,0.0,0.0,1.4178036620304356e-08,8.463861465454102,0.0,2.0,8.463865246146327,8.463861465454102
2.299225091934204,0.0,0.0,2.0079999079543644,0.0,0.0,1.6967945069420656e-08,8.535999298095703,0.0,2.0,8.536003046837415,8.535999298095703
2.3092339038848877,0.0,0.0,2.0079999081273194,0.0,0.0,1.725561000132504e-08,8.535999298095703,0.0,2.0,8.536003046837576,8.535999298095703
2.3192317485809326,0.0,0.0,2.007999908293142,0.0,0.0,1.5636449044050914e-08,8.535999298095703,0.0,2.0,8.536003046837731,8.535999298095703
2.329230546951294,0.0,0.0,2.007999908435355,0.0,0.0,1.2604676812516825e-08,8.535999298095703,0.0,2.0,8.536003046837864,8.535999298095703
2.3393242359161377,0.0,0.0,2.0079999085417577,0.0,0.0,8.52641635682547e-09,8.631030082702637,0.0,2.0,8.631033790169898,8.631030082702637
2.3492276668548584,0.0,0.0,2.0079999086033076,0.0,0.0,3.672898379166503e-09,8.631030082702637,0.0,2.0,8.631033790169955,8.631030082702637
2.3593289852142334,0.0,0.0,2.0079999086161346,0.0,0.0,-7.153436756340112e-10,8.631030082702637,0.0,2.0,8.631033790169967,8.631030082702637
2.3692288398742676,0.0,0.0,2.0079999085967937,0.0,0.0,-2.8159395351182767e-09,8.700716018676758,0.0,2.0,8.700719696450166,8.700716018676758
2.379251480102539,0.0,0.0,2.0079999085656213,0.0,0.0,-3.168687128993916e-09,8.700716018676758,0.0,2.0,8.700719696450138,8.700716018676758
2.38924241065979,0.0,0.0,2.00799990853772,0.0,0.0,-2.2265968841859044e-09,8.700716018676758,0.0,2.0,8.700719696450113,8.700716018676758
2.399219512939453,0.0,0.0,2.007999908524276,0.0,0.0,-3.252671708694787e-10,8.766352653503418,0.0,2.0,8.766356303740045,8.766352653503418
2.4092578887939453,0.0,0.0,2.007999908533576,0.0,0.0,2.286684661385008e-09,8.766352653503418,0.0,2.0,8.766356303740054,8.766352653503418
2.4192306995391846,0.0,0.0,2.007999908571758,0.0,0.0,5.425078261470778e-09,8.766352653503418,0.0,2.0,8.766356303740087,8.766352653503418
2.4292266368865967,0.0,0.0,2.007999908643372,0.0,0.0,8.953469539658895e-09,8.834844589233398,0.0,2.0,8.834848211171767,8.834844589233398
2.4392733573913574,0.0,0.0,2.0079999087517884,0.0,0.0,1.2770778190222149e-08,8.834844589233398,0.0,2.0,8.834848211171865,8.834844589233398
2.4492244720458984,0.0,0.0,2.0079999088994986,0.0,0.0,1.6802122149448412e-08,8.834844589233398,0.0,2.0,8.834848211171998,8.834844589233398
2.459279775619507,0.0,0.0,2.007999909085529,0.0,0.0,1.9952426482761564e-08,8.834844589233398,0.0,2.0,8.834848211172167,8.834844589233398
2.469247579574585,0.0,0.0,2.00799990928973,0.0,0.0,2.0507079234490502e-08,8.897879600524902,0.0,2.0,8.89788319680506,8.897879600524902
2.479248523712158,0.0,0.0,2.0079999094891043,0.0,0.0,1.9085707732002335e-08,8.897879600524902,0.0,2.0,8.897883196805239,8.897879600524902
2.489262342453003,0.0,0.0,2.0079999096665775,0.0,0.0,1.6200461490126004e-08,8.897879600524902,0.0,2.0,8.897883196805399,8.897879600524902
2.4992597103118896,0.0,0.0,2.0079999098095054,0.0,0.0,1.2230750192600509e-08,8.964471817016602,0.0,2.0,8.964475386582412,8.964471817016602
2.5092575550079346,0.0,0.0,2.0079999099085204,0.0,0.0,7.45764743445123e-09,8.964471817016602,0.0,2.0,8.964475386582501,8.964471817016602
2.519256591796875,0.0,0.0,2.0079999099595063,0.0,0.0,3.1289784183494757e-09,8.964471817016602,0.0,2.0,8.964475386582546,8.964471817016602
2.529221534729004,0.0,0.0,2.0079999099788415,0.0,0.0,1.0725152930488178e-09,8.964471817016602,0.0,2.0,8.964475386582563,8.964471817016602
2.5392634868621826,0.0,0.0,2.0079999099867276,0.0,0.0,7.524620368200809e-10,9.032938003540039,0.0,2.0,9.032941546050084,9.032938003540039
2.549253463745117,0.0,0.0,2.007999909998166,0.0,0.0,1.7187729069658353e-09,9.032938003540039,0.0,2.0,9.032941546050095,9.032938003540039
2.559246301651001,0.0,0.0,2.007999910024271,0.0,0.0,3.638045731168379e-09,9.032938003540039,0.0,2.0,9.032941546050118,9.032938003540039
2.5692641735076904,0.0,0.0,2.007999910073275,0.0,0.0,6.263290137794323e-09,9.099720001220703,0.0,2.0,9.099723517732684,9.099720001220703
2.5792276859283447,0.0,0.0,2.0079999101512747,0.0,0.0,9.411531163485882e-09,9.099720001220703,0.0,2.0,9.099723517732752,9.099720001220703
2.589230537414551,0.0,0.0,2.007999910262792,0.0,0.0,1.294721759415183e-08,9.099720001220703,0.0,2.0,9.099723517732851,9.099720001220703
2.5992748737335205,0.0,0.0,2.007999910408346,0.0,0.0,1.5730329832515896e-08,9.164628982543945,0.0,2.0,9.164632474150341,9.164628982543945
2.609225273132324,0.0,0.0,2.007999910568898,0.0,0.0,1.601296002005913e-08,9.164628982543945,0.0,2.0,9.164632474150482,9.164628982543945
2.6192331314086914,0.0,0.0,2.0079999107222726,0.0,0.0,1.439006924162344e-08,9.164628982543945,0.0,2.0,9.164632474150615,9.164628982543945
2.6292715072631836,0.0,0.0,2.007999910852008,0.0,0.0,1.1355533793022992e-08,9.164628982543945,0.0,2.0,9.164632474150729,9.164628982543945
2.6393001079559326,0.0,0.0,2.007999910945908,0.0,0.0,7.275226311455596e-09,9.232549667358398,0.0,2.0,9.232553133278726,9.232549667358398
2.649243116378784,0.0,0.0,2.0079999109949376,0.0,0.0,2.420191890591203e-09,9.232549667358398,0.0,2.0,9.232553133278769,9.232549667358398
2.6592469215393066,0.0,0.0,2.0079999109952302,0.0,0.0,-1.969173570252199e-09,9.232549667358398,0.0,2.0,9.232553133278769,9.232549667358398
2.669262170791626,0.0,0.0,2.007999910963348,0.0,0.0,-4.070601652087413e-09,9.300117492675781,0.0,2.0,9.3001209334153,9.300117492675781
2.6792151927948,0.0,0.0,2.007999910919627,0.0,0.0,-4.423965738808364e-09,9.300117492675781,0.0,2.0,9.300120933415263,9.300117492675781
2.6892831325531006,0.0,0.0,2.0079999108791715,0.0,0.0,-3.482332141701222e-09,9.300117492675781,0.0,2.0,9.300120933415227,9.300117492675781
2.699307918548584,0.0,0.0,2.0079999108531683,0.0,0.0,-1.5813407222005256e-09,9.366681098937988,0.0,2.0,9.36668451522607,9.366681098937988
2.7092831134796143,0.0,0.0,2.007999910849906,0.0,0.0,1.0303604383884597e-09,9.366681098937988,0.0,2.0,9.366684515226066,9.366681098937988
2.719266414642334,0.0,0.0,2.0079999108755247,0.0,0.0,4.1685683225072806e-09,9.366681098937988,0.0,2.0,9.366684515226089,9.366681098937988
2.729295015335083,0.0,0.0,2.007999910934574,0.0,0.0,7.696821976672496e-09,9.366681098937988,0.0,2.0,9.366684515226138,9.366681098937988
2.7392730712890625,0.0,0.0,2.007999911027596,0.0,0.0,1.0474427874483702e-08,9.433073043823242,0.0,2.0,9.433076436066928,9.433073043823242
2.749276876449585,0.0,0.0,2.0079999111355677,0.0,0.0,1.0752978846465265e-08,9.433073043823242,0.0,2.0,9.433076436067019,9.433073043823242
2.759270429611206,0.0,0.0,2.007999911236326,0.0,0.0,9.127066156523894e-09,9.433073043823242,0.0,2.0,9.433076436067106,9.433073043823242
2.7692370414733887,0.0,0.0,2.0079999113134184,0.0,0.0,6.090292086889041e-09,9.499860763549805,0.0,2.0,9.499864131944946,9.499860763549805
2.7792274951934814,0.0,0.0,2.007999911354656,0.0,0.0,2.0083262365536413e-09,9.499860763549805,0.0,2.0,9.49986413194498,9.499860763549805
2.7892258167266846,0.0,0.0,2.0079999113510096,0.0,0.0,-2.8479367216201476e-09,9.499860763549805,0.0,2.0,9.499864131944978,9.499860763549805
2.799239158630371,0.0,0.0,2.0079999112986178,0.0,0.0,-7.238212301654031e-09,9.566822052001953,0.0,2.0,9.566825396820601,9.566822052001953
2.8092470169067383,0.0,0.0,2.0079999112140414,0.0,0.0,-9.340314689827218e-09,9.566822052001953,0.0,2.0,9.56682539682053,9.566822052001953
2.8192739486694336,0.0,0.0,2.007999911117621,0.0,0.0,-9.694178371811904e-09,9.566822052001953,0.0,2.0,9.56682539682045,9.566822052001953
2.829273223876953,0.0,0.0,2.007999911024461,0.0,0.0,-8.752914957130428e-09,9.566822052001953,0.0,2.0,9.566825396820372,9.566822052001953
2.839266061782837,0.0,0.0,2.007999910945753,0.0,0.0,-6.852197810538244e-09,9.63241958618164,0.0,2.0,9.632422908221525,9.63241958618164
2.8492300510406494,0.0,0.0,2.007999910889782,0.0,0.0,-4.240699831848446e-09,9.63241958618164,0.0,2.0,9.632422908221479,9.63241958618164
2.859208345413208,0.0,0.0,2.0079999108626914,0.0,0.0,-1.1026424308143085e-09,9.63241958618164,0.0,2.0,9.632422908221455,9.63241958618164
2.8692195415496826,0.0,0.0,2.007999910869027,0.0,0.0,2.4254998156571984e-09,9.700479507446289,0.0,2.0,9.700482806178222,9.700479507446289
2.879218578338623,0.0,0.0,2.0079999109121616,0.0,0.0,6.2426240422335054e-09,9.700479507446289,0.0,2.0,9.700482806178258,9.700479507446289
2.8892135620117188,0.0,0.0,2.0079999109945907,0.0,0.0,1.0273831375584921e-08,9.700479507446289,0.0,2.0,9.700482806178325,9.700479507446289
2.899188756942749,0.0,0.0,2.007999911115338,0.0,0.0,1.342403454023819e-08,9.765266418457031,0.0,2.0,9.76526969530399,9.765266418457031
2.909259796142578,0.0,0.0,2.0079999112542546,0.0,0.0,1.3978612347075884e-08,9.765266418457031,0.0,2.0,9.765269695304102,9.765266418457031
2.919259548187256,0.0,0.0,2.0079999113883433,0.0,0.0,1.2557185303262798e-08,9.765266418457031,0.0,2.0,9.765269695304212,9.765266418457031
2.92926025390625,0.0,0.0,2.0079999115005336,0.0,0.0,9.671897934981492e-09,9.765266418457031,0.0,2.0,9.765269695304305,9.765266418457031
2.9392735958099365,0.0,0.0,2.0079999115781777,0.0,0.0,5.702156201908993e-09,9.836535453796387,0.0,2.0,9.836538706901862,9.836535453796387
2.9492478370666504,0.0,0.0,2.0079999116119067,0.0,0.0,9.29030923886246e-10,9.836535453796387,0.0,2.0,9.836538706901889,9.836535453796387
2.959284543991089,0.0,0.0,2.0079999115976075,0.0,0.0,-3.3996547838771516e-09,9.836535453796387,0.0,2.0,9.836538706901878,9.836535453796387
2.969265937805176,0.0,0.0,2.0079999115516567,0.0,0.0,-5.4561302329406095e-09,9.9042329788208,0.0,2.0,9.904236209690598,9.9042329788208
2.9792263507843018,0.0,0.0,2.0079999114942555,0.0,0.0,-5.776192658943978e-09,9.9042329788208,0.0,2.0,9.904236209690552,9.9042329788208
2.989252805709839,0.0,0.0,2.0079999114404075,0.0,0.0,-4.809888634753325e-09,9.9042329788208,0.0,2.0,9.90423620969051,9.9042329788208
3.0003294944763184,0.0,0.0,2.0079999114012246,0.0,0.0,-2.8906209103813673e-09,9.96506118774414,0.0,2.0,9.965064398892116,9.96506118774414
3.0092411041259766,0.0,0.0,2.0079999113849416,0.0,0.0,-2.6538030053808596e-10,9.96506118774414,0.0,2.0,9.965064398892103,9.96506118774414
3.0192220211029053,0.0,0.0,2.0079999113976563,0.0,0.0,2.8828579152747133e-09,9.96506118774414,0.0,2.0,9.965064398892114,9.96506118774414
3.0292809009552,0.0,0.0,2.007999911443887,0.0,0.0,6.418542265576829e-09,9.96506118774414,0.0,2.0,9.965064398892151,9.96506118774414
3.0392065048217773,0.0,0.0,2.007999911524153,0.0,0.0,9.201652948268309e-09,10.032397270202637,0.0,2.0,10.03240045979793,10.032397270202637
3.049295663833618,0.0,0.0,2.0079999116194176,0.0,0.0,9.484281952770753e-09,10.032397270202637,0.0,2.0,10.032400459798005,10.032397270202637
3.0592541694641113,0.0,0.0,2.007999911707507,0.0,0.0,7.861390360618099e-09,10.032397270202637,0.0,2.0,10.032400459798076,10.032397270202637
3.069254159927368,0.0,0.0,2.0079999117719534,0.0,0.0,4.826854400152654e-09,10.099440574645996,0.0,2.0,10.099443743067942,10.099440574645996
3.0792300701141357,0.0,0.0,2.007999911803393,0.0,0.0,1.7861472888788e-09,10.099440574645996,0.0,2.0,10.099443743067967,10.099440574645996
3.0892086029052734,0.0,0.0,2.0079999118143084,0.0,0.0,6.838298958067091e-10,10.099440574645996,0.0,2.0,10.099443743067976,10.099440574645996
3.0992159843444824,0.0,0.0,2.007999911822018,0.0,0.0,1.0706252049087383e-09,10.166850090026855,0.0,2.0,10.166853237441181,10.166850090026855
3.1092827320098877,0.0,0.0,2.0079999118393888,0.0,0.0,2.5605823297215442e-09,10.166850090026855,0.0,2.0,10.166853237441195,10.166850090026855
3.1192171573638916,0.0,0.0,2.0079999118759475,0.0,0.0,4.8677818743464765e-09,10.166850090026855,0.0,2.0,10.166853237441224,10.166850090026855
3.1292574405670166,0.0,0.0,2.0079999119387573,0.0,0.0,7.780409379671448e-09,10.166850090026855,0.0,2.0,10.166853237441273,10.166850090026855
3.139289379119873,0.0,0.0,2.007999912030219,0.0,0.0,1.0101948167986234e-08,10.233405113220215,0.0,2.0,10.233408240164863,10.233405113220215
3.1492717266082764,0.0,0.0,2.0079999121326906,0.0,0.0,1.0042636299878733e-08,10.233405113220215,0.0,2.0,10.233408240164943,10.233405113220215
3.1592154502868652,0.0,0.0,2.0079999122250323,0.0,0.0,8.16642870236524e-09,10.233405113220215,0.0,2.0,10.233408240165016,10.233405113220215
3.1692264080047607,0.0,0.0,2.0079999122915444,0.0,0.0,4.944231623608557e-09,10.312582969665527,0.0,2.0,10.31258607260236,10.312582969665527
3.1792619228363037,0.0,0.0,2.007999912320603,0.0,0.0,7.249009112092716e-10,10.312582969665527,0.0,2.0,10.31258607260238,10.312582969665527
3.1892218589782715,0.0,0.0,2.0079999123035903,0.0,0.0,-4.233124515456482e-09,10.312582969665527,0.0,2.0,10.312586072602368,10.312582969665527
3.1992528438568115,0.0,0.0,2.007999912236951,0.0,0.0,-8.698787620317457e-09,10.374486923217773,0.0,2.0,10.374490007639526,10.374486923217773
3.2092552185058594,0.0,0.0,2.0079999121374774,0.0,0.0,-1.0856738426276645e-08,10.374486923217773,0.0,2.0,10.37449000763945,10.374486923217773
3.2192294597625732,0.0,0.0,2.0079999120256757,0.0,0.0,-1.1251975634363024e-08,10.374486923217773,0.0,2.0,10.374490007639364,10.374486923217773
3.229193925857544,0.0,0.0,2.007999911916776,0.0,0.0,-1.034136245788446e-08,10.374486923217773,0.0,2.0,10.37449000763928,10.374486923217773
3.2392661571502686,0.0,0.0,2.007999911822062,0.0,0.0,-8.463351514279562e-09,10.431134223937988,0.0,2.0,10.431137291609172,10.431134223937988
3.2492356300354004,0.0,0.0,2.00799991174989,0.0,0.0,-5.8686746652939524e-09,10.431134223937988,0.0,2.0,10.431137291609117,10.431134223937988
3.2592222690582275,0.0,0.0,2.0079999117064524,0.0,0.0,-2.7430786217207793e-09,10.431134223937988,0.0,2.0,10.431137291609083,10.431134223937988
3.2692480087280273,0.0,0.0,2.007999911696335,0.0,0.0,7.758320075517071e-10,10.431134223937988,0.0,2.0,10.431137291609076,10.431134223937988
3.2792937755584717,0.0,0.0,2.007999911722936,0.0,0.0,4.586117187108929e-09,10.501659393310547,0.0,2.0,10.501662440380343,10.501659393310547
3.2892019748687744,0.0,0.0,2.007999911788775,0.0,0.0,8.612257951094408e-09,10.501659393310547,0.0,2.0,10.501662440380393,10.501659393310547
3.2992682456970215,0.0,0.0,2.0079999118928855,0.0,0.0,1.1758707601458755e-08,10.587281227111816,0.0,2.0,10.587284249539378,10.587281227111816
3.3093228340148926,0.0,0.0,2.0079999120151344,0.0,0.0,1.2310504748597779e-08,10.587281227111816,0.0,2.0,10.58728424953947,10.587281227111816
3.3191978931427,0.0,0.0,2.007999912132534,0.0,0.0,1.0887017793799149e-08,10.587281227111816,0.0,2.0,10.58728424953956,10.587281227111816
3.329256057739258,0.0,0.0,2.0079999122280148,0.0,0.0,8.000204452254134e-09,10.587281227111816,0.0,2.0,10.58728424953963,10.587281227111816
3.3392975330352783,0.0,0.0,2.007999912288935,0.0,0.0,4.0293322502524176e-09,10.631951332092285,0.0,2.0,10.63195434182143,10.631951332092285
3.349233388900757,0.0,0.0,2.0079999123059338,0.0,0.0,-7.446305642922421e-10,10.631951332092285,0.0,2.0,10.631954341821443,10.631951332092285
3.3592827320098877,0.0,0.0,2.0079999122748937,0.0,0.0,-5.073936715397686e-09,10.631951332092285,0.0,2.0,10.63195434182142,10.631951332092285
3.3692355155944824,0.0,0.0,2.0079999122121976,0.0,0.0,-7.130871737200535e-09,10.700326919555664,0.0,2.0,10.700329910052448,10.700326919555664
3.379220485687256,0.0,0.0,2.007999912138047,0.0,0.0,-7.451274636379974e-09,10.700326919555664,0.0,2.0,10.70032991005239,10.700326919555664
3.3892319202423096,0.0,0.0,2.0079999120674468,0.0,0.0,-6.485222864205784e-09,10.700326919555664,0.0,2.0,10.70032991005234,10.700326919555664
3.3992714881896973,0.0,0.0,2.007999912011511,0.0,0.0,-4.566141994787917e-09,10.766596794128418,0.0,2.0,10.76659976621814,10.766596794128418
3.4092507362365723,0.0,0.0,2.0079999119784717,0.0,0.0,-1.9410398215600483e-09,10.766596794128418,0.0,2.0,10.766599766218116,10.766596794128418
3.419220209121704,0.0,0.0,2.007999911974428,0.0,0.0,1.20709579663132e-09,10.766596794128418,0.0,2.0,10.766599766218112,10.766596794128418
3.429274320602417,0.0,0.0,2.0079999120039016,0.0,0.0,4.742704138688069e-09,10.766596794128418,0.0,2.0,10.766599766218135,10.766596794128418
3.4392497539520264,0.0,0.0,2.0079999120702348,0.0,0.0,8.565359331977489e-09,10.83115005493164,0.0,2.0,10.831153009307865,10.83115005493164
3.4492099285125732,0.0,0.0,2.007999912175912,0.0,0.0,1.2600664056935479e-08,10.83115005493164,0.0,2.0,10.831153009307943,10.83115005493164
3.4592478275299072,0.0,0.0,2.007999912319944,0.0,0.0,1.5753902619604904e-08,10.83115005493164,0.0,2.0,10.83115300930805,10.83115005493164
3.469193696975708,0.0,0.0,2.0079999124821715,0.0,0.0,1.6310729121513516e-08,10.83115005493164,0.0,2.0,10.831153009308169,10.83115005493164
3.479240655899048,0.0,0.0,2.007999912639589,0.0,0.0,1.4890968066407468e-08,10.902433395385742,0.0,2.0,10.902436330445802,10.902433395385742
3.4892523288726807,0.0,0.0,2.0079999127751242,0.0,0.0,1.2006914854664764e-08,10.902433395385742,0.0,2.0,10.902436330445902,10.902433395385742
3.499239683151245,0.0,0.0,2.0079999128761234,0.0,0.0,8.038087349457247e-09,10.902433395385742,0.0,2.0,10.902436330445976,10.902433395385742
3.509340763092041,0.0,0.0,2.007999912933215,0.0,0.0,3.265639278289321e-09,10.994292259216309,0.0,2.0,10.994295169753746,10.994292259216309
3.5192301273345947,0.0,0.0,2.007999912942284,0.0,0.0,-1.0625446944711287e-09,10.994292259216309,0.0,2.0,10.994295169753753,10.994292259216309
3.529256820678711,0.0,0.0,2.007999912919705,0.0,0.0,-3.118648394449199e-09,10.994292259216309,0.0,2.0,10.994295169753737,10.994292259216309
3.5392239093780518,0.0,0.0,2.0079999128856802,0.0,0.0,-3.4384353373275915e-09,11.038548469543457,0.0,2.0,11.038551368411817,11.038548469543457
3.5492563247680664,0.0,0.0,2.0079999128552095,0.0,0.0,-2.47192723469538e-09,11.038548469543457,0.0,2.0,11.038551368411794,11.038548469543457
3.5592458248138428,0.0,0.0,2.0079999128394075,0.0,0.0,-5.525083346404684e-10,11.038548469543457,0.0,2.0,11.038551368411783,11.038548469543457
3.569249153137207,0.0,0.0,2.007999912846506,0.0,0.0,2.0728442636752784e-09,11.100379943847656,0.0,2.0,11.100382826568678,11.100379943847656
3.579202651977539,0.0,0.0,2.0079999128826036,0.0,0.0,5.2211653741801675e-09,11.100379943847656,0.0,2.0,11.100382826568705,11.100379943847656
3.5892062187194824,0.0,0.0,2.0079999129522186,0.0,0.0,8.756911129911167e-09,11.100379943847656,0.0,2.0,11.100382826568755,11.100379943847656
3.599209785461426,0.0,0.0,2.0079999130558717,0.0,0.0,1.1540067265713156e-08,11.165282249450684,0.0,2.0,11.165285115414985,11.165282249450684
3.609239339828491,0.0,0.0,2.0079999131745203,0.0,0.0,1.1822729959829894e-08,11.165282249450684,0.0,2.0,11.16528511541507,11.165282249450684
3.6192450523376465,0.0,0.0,2.007999913285991,0.0,0.0,1.0199863321892001e-08,11.165282249450684,0.0,2.0,11.16528511541515,11.165282249450684
3.6292407512664795,0.0,0.0,2.007999913373823,0.0,0.0,7.1653458611940535e-09,11.165282249450684,0.0,2.0,11.165285115415212,11.165282249450684
3.639228105545044,0.0,0.0,2.0079999134258197,0.0,0.0,3.0850517429254575e-09,11.234922409057617,0.0,2.0,11.23492525725738,11.234922409057617
3.649242877960205,0.0,0.0,2.0079999134329487,0.0,0.0,-1.7699728319686301e-09,11.234922409057617,0.0,2.0,11.234925257257386,11.234922409057617
3.6593070030212402,0.0,0.0,2.007999913391341,0.0,0.0,-6.159331004479315e-09,11.234922409057617,0.0,2.0,11.234925257257357,11.234922409057617
3.6692628860473633,0.0,0.0,2.007999913317557,0.0,0.0,-8.26075371166157e-09,11.300196647644043,0.0,2.0,11.300199479391448,11.300196647644043
3.679225206375122,0.0,0.0,2.0079999132319353,0.0,0.0,-8.614113848384418e-09,11.300196647644043,0.0,2.0,11.300199479391388,11.300196647644043
3.6892151832580566,0.0,0.0,2.0079999131495794,0.0,0.0,-7.672477383595039e-09,11.300196647644043,0.0,2.0,11.30019947939133,11.300196647644043
3.6992268562316895,0.0,0.0,2.0079999130816746,0.0,0.0,-5.771483800568533e-09,11.366201400756836,0.0,2.0,11.366204216059817,11.366201400756836
3.709266185760498,0.0,0.0,2.007999913036509,0.0,0.0,-3.159780996656353e-09,11.366201400756836,0.0,2.0,11.366204216059787,11.366201400756836
3.71921706199646,0.0,0.0,2.007999913020226,0.0,0.0,-2.157184536860122e-11,11.366201400756836,0.0,2.0,11.366204216059774,11.366201400756836
3.729240655899048,0.0,0.0,2.007999913037373,0.0,0.0,3.5066828016192265e-09,11.43374252319336,0.0,2.0,11.433745321865825,11.43374252319336
3.7392070293426514,0.0,0.0,2.0079999130884936,0.0,0.0,6.284289399961033e-09,11.43374252319336,0.0,2.0,11.433745321865862,11.43374252319336
3.749258518218994,0.0,0.0,2.0079999131545625,0.0,0.0,6.562840880662541e-09,11.43374252319336,0.0,2.0,11.433745321865906,11.43374252319336
3.7592215538024902,0.0,0.0,2.007999913213421,0.0,0.0,4.936928579115836e-09,11.43374252319336,0.0,2.0,11.433745321865949,11.43374252319336
3.769231081008911,0.0,0.0,2.007999913248613,0.0,0.0,1.9001547576037446e-09,11.498075485229492,0.0,2.0,11.498078268243237,11.498075485229492
3.7792277336120605,0.0,0.0,2.0079999132507766,0.0,0.0,-1.1422101259185942e-09,11.498075485229492,0.0,2.0,11.498078268243239,11.498075485229492
3.789219856262207,0.0,0.0,2.0079999132324007,0.0,0.0,-2.2457556303842135e-09,11.498075485229492,0.0,2.0,11.498078268243226,11.498075485229492
3.7992424964904785,0.0,0.0,2.007999913210811,0.0,0.0,-1.859870152220189e-09,11.566767692565918,0.0,2.0,11.566770459052002,11.566767692565918
3.8092212677001953,0.0,0.0,2.0079999131988697,0.0,0.0,-3.7058706267965185e-10,11.566767692565918,0.0,2.0,11.566770459051995,11.566767692565918
3.8192036151885986,0.0,0.0,2.0079999132061164,0.0,0.0,1.9361130681237654e-09,11.566767692565918,0.0,2.0,11.566770459051998,11.566767692565918
3.829212188720703,0.0,0.0,2.007999913239607,0.0,0.0,4.8483707058571415e-09,11.631973266601562,0.0,2.0,11.631976017579527,11.631973266601562
3.8392252922058105,0.0,0.0,2.0079999133017497,0.0,0.0,7.16963549540045e-09,11.631973266601562,0.0,2.0,11.63197601757957,11.631973266601562
3.849233865737915,0.0,0.0,2.0079999133748987,0.0,0.0,7.110120695987213e-09,11.631973266601562,0.0,2.0,11.63197601757962,11.631973266601562
3.859269857406616,0.0,0.0,2.0079999134379163,0.0,0.0,5.233762746959015e-09,11.631973266601562,0.0,2.0,11.631976017579664,11.631973266601562
3.8692421913146973,0.0,0.0,2.007999913475102,0.0,0.0,2.0114542737900555e-09,11.697807312011719,0.0,2.0,11.69781004750763,11.697807312011719
3.879257917404175,0.0,0.0,2.007999913477657,0.0,0.0,-1.168358053854083e-09,11.697807312011719,0.0,2.0,11.69781004750763,11.697807312011719
3.889252185821533,0.0,0.0,2.007999913458486,0.0,0.0,-2.3737271160120814e-09,11.697807312011719,0.0,2.0,11.697810047507618,11.697807312011719
3.899284601211548,0.0,0.0,2.0079999134352198,0.0,0.0,-2.0632743859534378e-09,11.767487525939941,0.0,2.0,11.767490245237813,11.767487525939941
3.909299612045288,0.0,0.0,2.007999913420953,0.0,0.0,-6.298732542422562e-10,11.767487525939941,0.0,2.0,11.767490245237804,11.767487525939941
3.919252872467041,0.0,0.0,2.007999913425387,0.0,0.0,1.6354285372119593e-09,11.767487525939941,0.0,2.0,11.767490245237807,11.767487525939941
3.9292221069335938,0.0,0.0,2.00799991345571,0.0,0.0,4.517017448515196e-09,11.834115982055664,0.0,2.0,11.83411868604336,11.834115982055664
3.939262866973877,0.0,0.0,2.0079999135144186,0.0,0.0,6.815562246110769e-09,11.834115982055664,0.0,2.0,11.834118686043398,11.834115982055664
3.9492547512054443,0.0,0.0,2.00799991358394,0.0,0.0,6.739215963514444e-09,11.834115982055664,0.0,2.0,11.834118686043446,11.834115982055664
3.9592483043670654,0.0,0.0,2.007999913643182,0.0,0.0,4.850388868807385e-09,11.834115982055664,0.0,2.0,11.834118686043485,11.834115982055664
3.969224691390991,0.0,0.0,2.0079999136764846,0.0,0.0,1.6188430262403938e-09,11.897809982299805,0.0,2.0,11.897812671812064,11.897809982299805
3.9792144298553467,0.0,0.0,2.0079999136750777,0.0,0.0,-1.5678125226765578e-09,11.897809982299805,0.0,2.0,11.897812671812062,11.897809982299805
3.9891583919525146,0.0,0.0,2.007999913651887,0.0,0.0,-2.778251190115455e-09,11.897809982299805,0.0,2.0,11.897812671812046,11.897809982299805
3.999220609664917,0.0,0.0,2.0079999136245563,0.0,0.0,-2.4715540582287008e-09,11.967708587646484,0.0,2.0,11.967711261450345,11.967708587646484
4.009283781051636,0.0,0.0,2.007999913606192,0.0,0.0,-1.0409351258795207e-09,11.967708587646484,0.0,2.0,11.967711261450333,11.967708587646484
4.01922082901001,0.0,0.0,2.007999913606504,0.0,0.0,1.2223055369234114e-09,11.967708587646484,0.0,2.0,11.967711261450333,11.967708587646484
4.029258966445923,0.0,0.0,2.007999913632687,0.0,0.0,4.102367553667666e-09,11.967708587646484,0.0,2.0,11.96771126145035,11.967708587646484
4.039234638214111,0.0,0.0,2.0079999136872426,0.0,0.0,6.399781216591272e-09,12.032444953918457,0.0,2.0,12.032447613336895,12.032444953918457
4.049286603927612,0.0,0.0,2.007999913752601,0.0,0.0,6.322597034413601e-09,12.032444953918457,0.0,2.0,12.032447613336938,12.032444953918457
4.059292316436768,0.0,0.0,2.0079999138076734,0.0,0.0,4.433149216056638e-09,12.032444953918457,0.0,2.0,12.032447613336975,12.032444953918457
4.069282054901123,0.0,0.0,2.0079999138368025,0.0,0.0,1.2011434636062746e-09,12.032444953918457,0.0,2.0,12.032447613336995,12.032444953918457
4.079275846481323,0.0,0.0,2.007999913831217,0.0,0.0,-1.9858527712037255e-09,12.114469528198242,0.0,2.0,12.114472169610405,12.114469528198242
4.08924674987793,0.0,0.0,2.007999913803843,0.0,0.0,-3.1965437900200673e-09,12.114469528198242,0.0,2.0,12.114472169610387,12.114469528198242
4.099321365356445,0.0,0.0,2.0079999137723283,0.0,0.0,-2.8900336355877614e-09,12.180185317993164,0.0,2.0,12.180187945154072,12.180185317993164
4.1093316078186035,0.0,0.0,2.0079999137497784,0.0,0.0,-1.459553195824708e-09,12.180185317993164,0.0,2.0,12.180187945154058,12.180185317993164
4.119238615036011,0.0,0.0,2.0079999137459033,0.0,0.0,8.035848704034273e-10,12.180185317993164,0.0,2.0,12.180187945154055,12.180185317993164
4.129225015640259,0.0,0.0,2.007999913767899,0.0,0.0,3.6835708633841523e-09,12.180185317993164,0.0,2.0,12.18018794515407,12.180185317993164
4.139246463775635,0.0,0.0,2.007999913818267,0.0,0.0,5.9809282492547105e-09,12.231139183044434,0.0,2.0,12.23114179926085,12.231139183044434
4.14923095703125,0.0,0.0,2.007999913879435,0.0,0.0,5.903702366064528e-09,12.231139183044434,0.0,2.0,12.23114179926089,12.231139183044434
4.159274578094482,0.0,0.0,2.0079999139303175,0.0,0.0,4.014223712964152e-09,12.231139183044434,0.0,2.0,12.231141799260923,12.231139183044434
4.169217109680176,0.0,0.0,2.0079999139552576,0.0,0.0,7.821951555027702e-10,12.231139183044434,0.0,2.0,12.23114179926094,12.231139183044434
4.1792824268341064,0.0,0.0,2.007999913945484,0.0,0.0,-2.4048179489583473e-09,12.299589157104492,0.0,2.0,12.299591758761164,12.299589157104492
4.189194917678833,0.0,0.0,2.007999913913921,0.0,0.0,-3.6155214811174026e-09,12.299589157104492,0.0,2.0,12.299591758761142,12.299589157104492
4.199303388595581,0.0,0.0,2.007999913878216,0.0,0.0,-3.309020566543652e-09,12.381107330322266,0.0,2.0,12.381109914849388,12.381107330322266
4.209272861480713,0.0,0.0,2.0079999138514766,0.0,0.0,-1.878547024497598e-09,12.381107330322266,0.0,2.0,12.38110991484937,12.381107330322266
4.219224691390991,0.0,0.0,2.007999913843413,0.0,0.0,3.8458596006921564e-10,12.381107330322266,0.0,2.0,12.381109914849365,12.381107330322266
4.229228258132935,0.0,0.0,2.0079999138612186,0.0,0.0,3.264568187354538e-09,12.381107330322266,0.0,2.0,12.381109914849375,12.381107330322266
4.239248275756836,0.0,0.0,2.007999913907396,0.0,0.0,5.561922732663447e-09,12.431368827819824,0.0,2.0,12.431371401897417,12.431368827819824
4.249253034591675,0.0,0.0,2.007999913964375,0.0,0.0,5.48469473881706e-09,12.431368827819824,0.0,2.0,12.431371401897454,12.431368827819824
4.259297847747803,0.0,0.0,2.007999914011067,0.0,0.0,3.595214492002368e-09,12.431368827819824,0.0,2.0,12.431371401897483,12.431368827819824
4.26919150352478,0.0,0.0,2.0079999140318185,0.0,0.0,3.6318478101408e-10,12.431368827819824,0.0,2.0,12.431371401897497,12.431368827819824
4.279293060302734,0.0,0.0,2.0079999140178546,0.0,0.0,-2.8238292627485394e-09,12.500412940979004,0.0,2.0,12.500415500839148,12.500412940979004
4.289187908172607,0.0,0.0,2.0079999139821014,0.0,0.0,-4.034533494182651e-09,12.500412940979004,0.0,2.0,12.500415500839125,12.500412940979004
4.299225568771362,0.0,0.0,2.007999913942207,0.0,0.0,-3.728033116637631e-09,12.578248977661133,0.0,2.0,12.578251521680444,12.578248977661133
4.309294939041138,0.0,0.0,2.007999913911277,0.0,0.0,-2.297559961552917e-09,12.578248977661133,0.0,2.0,12.578251521680425,12.578248977661133
4.319213628768921,0.0,0.0,2.007999913899023,0.0,0.0,-3.4427245092644045e-11,12.578248977661133,0.0,2.0,12.578251521680416,12.578248977661133
4.329238653182983,0.0,0.0,2.0079999139126388,0.0,0.0,2.8455547937994126e-09,12.578248977661133,0.0,2.0,12.578251521680425,12.578248977661133
4.339265584945679,0.0,0.0,2.007999913954625,0.0,0.0,5.142909250108401e-09,12.631134986877441,0.0,2.0,12.631137520245066,12.631134986877441
4.3492372035980225,0.0,0.0,2.007999914007412,0.0,0.0,5.0656812111178465e-09,12.631134986877441,0.0,2.0,12.6311375202451,12.631134986877441
4.359192848205566,0.0,0.0,2.0079999140499147,0.0,0.0,3.1762009334533406e-09,12.631134986877441,0.0,2.0,12.631137520245126,12.631134986877441
4.369214773178101,0.0,0.0,2.0079999140664757,0.0,0.0,-5.58287826383296e-11,12.631134986877441,0.0,2.0,12.631137520245137,12.631134986877441
4.379285097122192,0.0,0.0,2.007999914048321,0.0,0.0,-3.242842826400655e-09,12.700685501098633,0.0,2.0,12.700688020593287,12.700685501098633
4.389244079589844,0.0,0.0,2.0079999140083773,0.0,0.0,-4.453547057834079e-09,12.700685501098633,0.0,2.0,12.700688020593262,12.700685501098633
4.399230241775513,0.0,0.0,2.007999913964294,0.0,0.0,-4.147046680288296e-09,12.782219886779785,0.0,2.0,12.782222390203202,12.782219886779785
4.409256219863892,0.0,0.0,2.007999913929174,0.0,0.0,-2.7165735252029832e-09,12.782219886779785,0.0,2.0,12.782222390203179,12.782219886779785
4.419228792190552,0.0,0.0,2.00799991391273,0.0,0.0,-4.5344080874244996e-10,12.782219886779785,0.0,2.0,12.78222239020317,12.782219886779785
4.429224014282227,0.0,0.0,2.007999913922156,0.0,0.0,2.4265412301498215e-09,12.83344554901123,0.0,2.0,12.83344804244202,12.83344554901123
4.439227819442749,0.0,0.0,2.007999913959952,0.0,0.0,4.723895686459535e-09,12.83344554901123,0.0,2.0,12.833448042442043,12.83344554901123
4.449233055114746,0.0,0.0,2.0079999140085496,0.0,0.0,4.646667647469899e-09,12.83344554901123,0.0,2.0,12.833448042442074,12.83344554901123
4.459269285202026,0.0,0.0,2.007999914046862,0.0,0.0,2.757187369806127e-09,12.83344554901123,0.0,2.0,12.833448042442098,12.83344554901123
4.469263792037964,0.0,0.0,2.0079999140592326,0.0,0.0,-4.748423462852779e-10,12.897805213928223,0.0,2.0,12.897807694916954,12.897805213928223
4.479207992553711,0.0,0.0,2.0079999140368865,0.0,0.0,-3.661856390047236e-09,12.897805213928223,0.0,2.0,12.89780769491694,12.897805213928223
4.489219427108765,0.0,0.0,2.0079999139927525,0.0,0.0,-4.872560621479895e-09,12.897805213928223,0.0,2.0,12.897807694916914,12.897805213928223
4.499248266220093,0.0,0.0,2.0079999139444764,0.0,0.0,-4.566060243933272e-09,12.965250968933105,0.0,2.0,12.965253437015566,12.965250968933105
4.509241580963135,0.0,0.0,2.007999913905167,0.0,0.0,-3.1355870888472824e-09,12.965250968933105,0.0,2.0,12.965253437015543,12.965250968933105
4.519223690032959,0.0,0.0,2.0079999138845332,0.0,0.0,-8.724543723864129e-10,12.965250968933105,0.0,2.0,12.965253437015528,12.965250968933105
4.529203653335571,0.0,0.0,2.007999913889768,0.0,0.0,2.007527666506023e-09,13.031150817871094,0.0,2.0,13.03115327347218,13.031150817871094
4.53925633430481,0.0,0.0,2.007999913926203,0.0,0.0,5.344482970530811e-09,13.031150817871094,0.0,2.0,13.031153273472203,13.031150817871094
4.549282073974609,0.0,0.0,2.0079999139977835,0.0,0.0,9.01997234894542e-09,13.031150817871094,0.0,2.0,13.031153273472247,13.031150817871094
4.559317350387573,0.0,0.0,2.0079999141046088,0.0,0.0,1.190665317655489e-08,13.031150817871094,0.0,2.0,13.031153273472311,13.031150817871094
4.569237470626831,0.0,0.0,2.0079999142273275,0.0,0.0,1.2266008895973712e-08,13.031150817871094,0.0,2.0,13.031153273472388,13.031150817871094
4.579252481460571,0.0,0.0,2.007999914343532,0.0,0.0,1.0699957870723201e-08,13.097805976867676,0.0,2.0,13.09780841997241,13.097805976867676
4.5892956256866455,0.0,0.0,2.0079999144365868,0.0,0.0,7.707530395087025e-09,13.097805976867676,0.0,2.0,13.097808419972464,13.097805976867676
4.599289655685425,0.0,0.0,2.0079999144941705,0.0,0.0,3.658417226541691e-09,13.191488265991211,0.0,2.0,13.191490691745786,13.191488265991211
4.609308242797852,0.0,0.0,2.007999914507152,0.0,0.0,-1.1735079097124468e-09,13.191488265991211,0.0,2.0,13.191490691745795,13.191488265991211
4.619200229644775,0.0,0.0,2.007999914471598,0.0,0.0,-5.545753617879525e-09,13.191488265991211,0.0,2.0,13.191490691745773,13.191488265991211
4.629225492477417,0.0,0.0,2.007999914404014,0.0,0.0,-7.634499121314922e-09,13.238081932067871,0.0,2.0,13.238084349284541,13.238081932067871
4.63923192024231,0.0,0.0,2.007999914324705,0.0,0.0,-7.978467775353514e-09,13.238081932067871,0.0,2.0,13.238084349284492,13.238081932067871
4.6492109298706055,0.0,0.0,2.0079999142487424,0.0,0.0,-7.029873967200386e-09,13.238081932067871,0.0,2.0,13.238084349284446,13.238081932067871
4.659223318099976,0.0,0.0,2.0079999141872924,0.0,0.0,-5.1237262895508276e-09,13.238081932067871,0.0,2.0,13.23808434928441,13.238081932067871
4.669199466705322,0.0,0.0,2.007999914148626,0.0,0.0,-2.5082052158234875e-09,13.238081932067871,0.0,2.0,13.238084349284385,13.238081932067871
4.679250240325928,0.0,0.0,2.007999914138874,0.0,0.0,6.328326421894266e-10,13.238081932067871,0.0,2.0,13.23808434928438,13.238081932067871
4.689263343811035,0.0,0.0,2.0079999141625766,0.0,0.0,4.163182816705841e-09,13.297804832458496,0.0,2.0,13.297807238818855,13.297804832458496
4.699232578277588,0.0,0.0,2.007999914220271,0.0,0.0,6.942341820335706e-09,13.297804832458496,0.0,2.0,13.297807238818889,13.297804832458496
4.709230184555054,0.0,0.0,2.007999914292928,0.0,0.0,7.222043331688079e-09,13.297804832458496,0.0,2.0,13.297807238818933,13.297804832458496
4.7192604541778564,0.0,0.0,2.0079999143583818,0.0,0.0,5.596982920729015e-09,13.400032043457031,0.0,2.0,13.40003443145968,13.400032043457031
4.729241609573364,0.0,0.0,2.007999914400178,0.0,0.0,2.5608402346680474e-09,13.400032043457031,0.0,2.0,13.400034431459705,13.400032043457031
4.7392354011535645,0.0,0.0,2.007999914406126,0.0,0.0,-1.5206578819042217e-09,13.400032043457031,0.0,2.0,13.400034431459709,13.400032043457031
4.749266147613525,0.0,0.0,2.0079999143671925,0.0,0.0,-6.3765743414391106e-09,13.46590518951416,0.0,2.0,13.465907565835073,13.46590518951416
4.759284496307373,0.0,0.0,2.0079999142795137,0.0,0.0,-1.0766593184588822e-08,13.46590518951416,0.0,2.0,13.465907565835021,13.46590518951416
4.769207715988159,0.0,0.0,2.007999914159653,0.0,0.0,-1.286850533486372e-08,13.46590518951416,0.0,2.0,13.46590756583495,13.46590518951416
4.77921199798584,0.0,0.0,2.007999914027952,0.0,0.0,-1.3222228047788334e-08,13.46590518951416,0.0,2.0,13.465907565834872,13.46590518951416
4.789236783981323,0.0,0.0,2.007999913899513,0.0,0.0,-1.2280860182572321e-08,13.529862403869629,0.0,2.0,13.529864768957125,13.529862403869629
4.799238443374634,0.0,0.0,2.007999913785523,0.0,0.0,-1.0380065627808289e-08,13.529862403869629,0.0,2.0,13.529864768957058,13.529862403869629
4.809239625930786,0.0,0.0,2.0079999136942726,0.0,0.0,-7.768510290750252e-09,13.529862403869629,0.0,2.0,13.529864768957005,13.529862403869629
4.8192524909973145,0.0,0.0,2.007999913631903,0.0,0.0,-4.63041035896635e-09,13.608597755432129,0.0,2.0,13.608600106835768,13.608597755432129
4.829229831695557,0.0,0.0,2.0079999136029625,0.0,0.0,-1.1022366613718767e-09,13.608597755432129,0.0,2.0,13.608600106835752,13.608597755432129
4.839223146438599,0.0,0.0,2.0079999136108206,0.0,0.0,2.7149107972996233e-09,13.608597755432129,0.0,2.0,13.608600106835755,13.608597755432129
4.849252462387085,0.0,0.0,2.0079999136579714,0.0,0.0,6.7461353089957726e-09,13.665735244750977,0.0,2.0,13.665737586323234,13.665735244750977
4.859253168106079,0.0,0.0,2.007999913743441,0.0,0.0,9.896351132275528e-09,13.665735244750977,0.0,2.0,13.665737586323285,13.665735244750977
4.869206190109253,0.0,0.0,2.007999913847079,0.0,0.0,1.0450938267497095e-08,13.665735244750977,0.0,2.0,13.665737586323344,13.665735244750977
4.879253149032593,0.0,0.0,2.0079999139458904,0.0,0.0,9.029518114813853e-09,13.665735244750977,0.0,2.0,13.665737586323402,13.665735244750977
4.889252662658691,0.0,0.0,2.0079999140228026,0.0,0.0,6.144235852323026e-09,13.7306489944458,0.0,2.0,13.73065132494813,13.7306489944458
4.899234056472778,0.0,0.0,2.00799991406517,0.0,0.0,2.17449784101436e-09,13.7306489944458,0.0,2.0,13.730651324948155,13.7306489944458
4.909221649169922,0.0,0.0,2.007999914063623,0.0,0.0,-2.598624739499021e-09,13.7306489944458,0.0,2.0,13.730651324948154,13.7306489944458
4.919238805770874,0.0,0.0,2.0079999140140457,0.0,0.0,-6.927308473647595e-09,13.809489250183105,0.0,2.0,13.809491567380277,13.809489250183105
4.92923903465271,0.0,0.0,2.007999913932817,0.0,0.0,-8.98378243815567e-09,13.809489250183105,0.0,2.0,13.80949156738023,13.809489250183105
4.939209938049316,0.0,0.0,2.00799991384014,0.0,0.0,-9.303843723644392e-09,13.809489250183105,0.0,2.0,13.809491567380176,13.809489250183105
4.949243783950806,0.0,0.0,2.0079999137510156,0.0,0.0,-8.337538823908425e-09,13.809489250183105,0.0,2.0,13.809491567380125,13.809489250183105
4.959201812744141,0.0,0.0,2.007999913676556,0.0,0.0,-6.418270424166671e-09,13.868969917297363,0.0,2.0,13.868972224556442,13.868969917297363
4.96927809715271,0.0,0.0,2.007999913624997,0.0,0.0,-3.793029328647349e-09,13.868969917297363,0.0,2.0,13.868972224556412,13.868969917297363
4.979228258132935,0.0,0.0,2.007999913602434,0.0,0.0,-6.447908248278566e-10,13.868969917297363,0.0,2.0,13.8689722245564,13.868969917297363
4.9892418384552,0.0,0.0,2.007999913613387,0.0,0.0,2.8908936742416177e-09,13.868969917297363,0.0,2.0,13.868972224556407,13.868969917297363
4.999279260635376,0.0,0.0,2.0079999136583795,0.0,0.0,5.6740044517274904e-09,13.945557594299316,0.0,2.0,13.94555988888714,13.945557594299316
5.009306907653809,0.0,0.0,2.0079999137183684,0.0,0.0,5.956633494508579e-09,13.945557594299316,0.0,2.0,13.945559888887175,13.945557594299316
5.019216775894165,0.0,0.0,2.00799991377118,0.0,0.0,4.333741922368493e-09,14.018454551696777,0.0,2.0,14.018456834352646,14.018454551696777
5.029287815093994,0.0,0.0,2.0079999138003513,0.0,0.0,1.2992059883137498e-09,14.018454551696777,0.0,2.0,14.018456834352664,14.018454551696777
5.039192199707031,0.0,0.0,2.0079999137965148,0.0,0.0,-1.7415010990074922e-09,14.018454551696777,0.0,2.0,14.018456834352662,14.018454551696777
5.049215316772461,0.0,0.0,2.0079999137721543,0.0,0.0,-2.8438184698018007e-09,14.075188636779785,0.0,2.0,14.075190910234758,14.075188636779785
5.059292554855347,0.0,0.0,2.007999913744586,0.0,0.0,-2.4570231344576738e-09,14.075188636779785,0.0,2.0,14.075190910234742,14.075188636779785
5.069215774536133,0.0,0.0,2.007999913726678,0.0,0.0,-9.670659885396486e-10,14.075188636779785,0.0,2.0,14.075190910234731,14.075188636779785
5.079241752624512,0.0,0.0,2.0079999137279607,0.0,0.0,1.3401335724953878e-09,14.075188636779785,0.0,2.0,14.075190910234733,14.075188636779785
5.089257717132568,0.0,0.0,2.0079999137554934,0.0,0.0,4.252761095701859e-09,14.133892059326172,0.0,2.0,14.133894323338614,14.133892059326172
5.099216461181641,0.0,0.0,2.00799991381168,0.0,0.0,6.5742999049062e-09,14.133892059326172,0.0,2.0,14.133894323338646,14.133892059326172
5.109223365783691,0.0,0.0,2.007999913878876,0.0,0.0,6.514988058557138e-09,14.133892059326172,0.0,2.0,14.133894323338684,14.133892059326172
5.119236946105957,0.0,0.0,2.0079999139359423,0.0,0.0,4.6387804819166255e-09,14.200666427612305,0.0,2.0,14.200668680979012,14.200666427612305
5.129242897033691,0.0,0.0,2.0079999139671796,0.0,0.0,1.4165834241003473e-09,14.200666427612305,0.0,2.0,14.20066868097903,14.200666427612305
5.13922381401062,0.0,0.0,2.0079999139637867,0.0,0.0,-1.7631464276274221e-09,14.200666427612305,0.0,2.0,14.200668680979028,14.200666427612305
5.149218320846558,0.0,0.0,2.0079999139386686,0.0,0.0,-2.968454436963532e-09,14.200666427612305,0.0,2.0,14.200668680979014,14.200666427612305
5.15934157371521,0.0,0.0,2.007999913909454,0.0,0.0,-2.6579564901777856e-09,14.267376899719238,0.0,2.0,14.267379142549787,14.267376899719238
5.169257640838623,0.0,0.0,2.00799991388924,0.0,0.0,-1.2245218780017032e-09,14.267376899719238,0.0,2.0,14.267379142549776,14.267376899719238
5.179202556610107,0.0,0.0,2.007999913887729,0.0,0.0,1.040804723704387e-09,14.346770286560059,0.0,2.0,14.34677251697903,14.346770286560059
5.18928861618042,0.0,0.0,2.007999913912106,0.0,0.0,3.922412048761319e-09,14.346770286560059,0.0,2.0,14.346772516979044,14.346770286560059
5.199231147766113,0.0,0.0,2.007999913964867,0.0,0.0,6.220970520920384e-09,14.346770286560059,0.0,2.0,14.346772516979073,14.346770286560059
5.209250450134277,0.0,0.0,2.00799991402844,0.0,0.0,6.144634407934668e-09,14.346770286560059,0.0,2.0,14.346772516979108,14.346770286560059
5.219270467758179,0.0,0.0,2.0079999140817355,0.0,0.0,4.255814887031055e-09,14.397826194763184,0.0,2.0,14.39782841727301,14.397826194763184
5.229230642318726,0.0,0.0,2.007999914109094,0.0,0.0,1.0242745930191875e-09,14.397826194763184,0.0,2.0,14.397828417273026,14.397826194763184
5.239194869995117,0.0,0.0,2.007999914101744,0.0,0.0,-2.162376882669081e-09,14.397826194763184,0.0,2.0,14.39782841727302,14.397826194763184
5.249242782592773,0.0,0.0,2.0079999140726055,0.0,0.0,-3.3728125763931604e-09,14.397826194763184,0.0,2.0,14.397828417273004,14.397826194763184
5.259294033050537,0.0,0.0,2.0079999140393268,0.0,0.0,-3.0661132821955235e-09,14.46552562713623,0.0,2.0,14.465527839244569,14.46552562713623
5.269197463989258,0.0,0.0,2.0079999140150164,0.0,0.0,-1.6354927630091627e-09,14.46552562713623,0.0,2.0,14.465527839244556,14.46552562713623
5.279211521148682,0.0,0.0,2.0079999140093827,0.0,0.0,6.277490737616604e-10,14.5403470993042,0.0,2.0,14.540349300029494,14.5403470993042
5.28930139541626,0.0,0.0,2.00799991402962,0.0,0.0,3.507811958316255e-09,14.5403470993042,0.0,2.0,14.540349300029506,14.5403470993042
5.299248218536377,0.0,0.0,2.0079999140782294,0.0,0.0,5.805226287553981e-09,14.5403470993042,0.0,2.0,14.540349300029531,14.5403470993042
5.309255599975586,0.0,0.0,2.0079999141376406,0.0,0.0,5.728042590247638e-09,14.5403470993042,0.0,2.0,14.540349300029565,14.5403470993042
5.319271564483643,0.0,0.0,2.0079999141867666,0.0,0.0,3.838595141540415e-09,14.59715747833252,0.0,2.0,14.597159670492955,14.59715747833252
5.329240798950195,0.0,0.0,2.0079999142099525,0.0,0.0,6.06589717027666e-10,14.59715747833252,0.0,2.0,14.597159670492967,14.59715747833252
5.3392174243927,0.0,0.0,2.0079999141984204,0.0,0.0,-2.5804062939559826e-09,14.59715747833252,0.0,2.0,14.597159670492962,14.59715747833252
5.349197864532471,0.0,0.0,2.007999914165101,0.0,0.0,-3.791097150576847e-09,14.59715747833252,0.0,2.0,14.597159670492942,14.59715747833252
5.359281778335571,0.0,0.0,2.0079999141276414,0.0,0.0,-3.484586911961904e-09,14.665487289428711,0.0,2.0,14.665489471375347,14.665487289428711
5.369266986846924,0.0,0.0,2.0079999140991465,0.0,0.0,-2.0541064064369435e-09,14.665487289428711,0.0,2.0,14.66548947137533,14.665487289428711
5.379262924194336,0.0,0.0,2.007999914089327,0.0,0.0,2.0903172853901562e-10,14.665487289428711,0.0,2.0,14.665489471375325,14.665487289428711
5.389280557632446,0.0,0.0,2.007999914105378,0.0,0.0,3.0890177658281675e-09,14.753448486328125,0.0,2.0,14.753450655265816,14.753448486328125
5.399272680282593,0.0,0.0,2.0079999141497997,0.0,0.0,5.386375174594633e-09,14.753448486328125,0.0,2.0,14.75345065526584,14.753448486328125
5.409303665161133,0.0,0.0,2.0079999142050236,0.0,0.0,5.30914929140595e-09,14.753448486328125,0.0,2.0,14.75345065526587,14.753448486328125
5.419257879257202,0.0,0.0,2.0079999142499596,0.0,0.0,3.4196706383068093e-09,14.79845905303955,0.0,2.0,14.798461215380343,14.79845905303955
5.429245471954346,0.0,0.0,2.0079999142689546,0.0,0.0,1.8764208084599258e-10,14.79845905303955,0.0,2.0,14.798461215380353,14.79845905303955
5.43923020362854,0.0,0.0,2.0079999142532325,0.0,0.0,-2.9993710236147778e-09,14.79845905303955,0.0,2.0,14.798461215380344,14.79845905303955
5.449195623397827,0.0,0.0,2.0079999142157234,0.0,0.0,-4.210074555772945e-09,14.865811347961426,0.0,2.0,14.865813500505318,14.865811347961426
5.4592814445495605,0.0,0.0,2.0079999141740736,0.0,0.0,-3.9035736411981964e-09,14.865811347961426,0.0,2.0,14.865813500505295,14.865811347961426
5.469215393066406,0.0,0.0,2.0079999141413882,0.0,0.0,-2.473100099151377e-09,14.865811347961426,0.0,2.0,14.865813500505277,14.865811347961426
5.479248523712158,0.0,0.0,2.007999914127379,0.0,0.0,-2.0996711458427616e-10,14.865811347961426,0.0,2.0,14.86581350050527,14.865811347961426
5.489248275756836,0.0,0.0,2.0079999141392384,0.0,0.0,2.6700151127014294e-09,14.932583808898926,0.0,2.0,14.932585951817474,14.932583808898926
5.499232053756714,0.0,0.0,2.0079999141794707,0.0,0.0,4.967369658011449e-09,14.932583808898926,0.0,2.0,14.932585951817495,14.932583808898926
5.509295225143433,0.0,0.0,2.0079999142305045,0.0,0.0,4.890141664166457e-09,14.932583808898926,0.0,2.0,14.932585951817524,14.932583808898926
5.519231081008911,0.0,0.0,2.007999914271253,0.0,0.0,3.0006614173528905e-09,14.999034881591797,0.0,2.0,14.999037015016524,14.999034881591797
5.529227256774902,0.0,0.0,2.007999914286057,0.0,0.0,-2.3136829363493734e-10,14.999034881591797,0.0,2.0,14.999037015016532,14.999034881591797
5.53926157951355,0.0,0.0,2.007999914266146,0.0,0.0,-3.418382337397116e-09,14.999034881591797,0.0,2.0,14.99903701501652,14.999034881591797
5.549306392669678,0.0,0.0,2.0079999142244467,0.0,0.0,-4.629086568830227e-09,14.999034881591797,0.0,2.0,14.9990370150165,14.999034881591797
5.559264898300171,0.0,0.0,2.0079999141786047,0.0,0.0,-4.322586191284103e-09,15.064413070678711,0.0,2.0,15.06441519484452,15.064413070678711
5.569242238998413,0.0,0.0,2.0079999141417293,0.0,0.0,-2.892113036198516e-09,15.064413070678711,0.0,2.0,15.0644151948445,15.064413070678711
5.579253196716309,0.0,0.0,2.0079999141235305,0.0,0.0,-6.289803197378511e-10,15.064413070678711,0.0,2.0,15.064415194844491,15.064413070678711
5.589265584945679,0.0,0.0,2.0079999141312004,0.0,0.0,2.2510017191544953e-09,15.139997482299805,0.0,2.0,15.139999595860976,15.139997482299805
5.599247932434082,0.0,0.0,2.0079999141672413,0.0,0.0,4.548356175464487e-09,15.139997482299805,0.0,2.0,15.139999595860996,15.139997482299805
5.609262943267822,0.0,0.0,2.007999914214085,0.0,0.0,4.471128136475212e-09,15.139997482299805,0.0,2.0,15.13999959586102,15.139997482299805
5.619257926940918,0.0,0.0,2.0079999142506435,0.0,0.0,2.581647858811727e-09,15.200639724731445,0.0,2.0,15.200641829860727,15.200639724731445
5.629216432571411,0.0,0.0,2.0079999142612577,0.0,0.0,-6.503818572795831e-10,15.200639724731445,0.0,2.0,15.200641829860732,15.200639724731445
5.639194965362549,0.0,0.0,2.007999914237157,0.0,0.0,-3.837395901041364e-09,15.200639724731445,0.0,2.0,15.200641829860722,15.200639724731445
5.6492156982421875,0.0,0.0,2.007999914191268,0.0,0.0,-5.048100132473684e-09,15.200639724731445,0.0,2.0,15.200641829860697,15.200639724731445
5.659265995025635,0.0,0.0,2.0079999141412377,0.0,0.0,-4.741599754926685e-09,15.267415046691895,0.0,2.0,15.267417142613885,15.267415046691895
5.669208288192749,0.0,0.0,2.0079999141001723,0.0,0.0,-3.3111265998403894e-09,15.267415046691895,0.0,2.0,15.267417142613864,15.267415046691895
5.679220199584961,0.0,0.0,2.00799991407778,0.0,0.0,-1.0479938833793557e-09,15.341805458068848,0.0,2.0,15.341807543827954,15.341805458068848
5.689258575439453,0.0,0.0,2.0079999140812608,0.0,0.0,1.831988155513139e-09,15.341805458068848,0.0,2.0,15.341807543827956,15.341805458068848
5.699284791946411,0.0,0.0,2.007999914113113,0.0,0.0,4.12934261182375e-09,15.341805458068848,0.0,2.0,15.341807543827972,15.341805458068848
5.709214925765991,0.0,0.0,2.0079999141516627,0.0,0.0,4.150399932108204e-09,15.341805458068848,0.0,2.0,15.341807543827993,15.341805458068848
5.721468448638916,0.0,0.0,2.007999914188132,0.0,0.0,2.162634295172428e-09,15.397604942321777,0.0,2.0,15.397607020522345,15.397604942321777
5.729210138320923,0.0,0.0,2.0079999141945564,0.0,0.0,-1.069395420918691e-09,15.397604942321777,0.0,2.0,15.397607020522349,15.397604942321777
5.73916482925415,0.0,0.0,2.0079999141662666,0.0,0.0,-4.256409464679996e-09,15.397604942321777,0.0,2.0,15.397607020522335,15.397604942321777
5.749160289764404,0.0,0.0,2.0079999141161875,0.0,0.0,-5.467113696111442e-09,15.397604942321777,0.0,2.0,15.39760702052231,15.397604942321777
5.758557319641113,0.0,0.0,2.007999914067174,0.0,0.0,-5.247430949764787e-09,15.397604942321777,0.0,2.0,15.397607020522283,15.397604942321777
5.769263505935669,0.0,0.0,2.0079999140167133,0.0,0.0,-3.730140163476423e-09,15.473450660705566,0.0,2.0,15.4734527287194,15.473450660705566
5.779202461242676,0.0,0.0,2.007999913990133,0.0,0.0,-1.4670074470149447e-09,15.473450660705566,0.0,2.0,15.473452728719385,15.473450660705566
5.789256572723389,0.0,0.0,2.0079999139894222,0.0,0.0,1.412974591877683e-09,15.556925773620605,0.0,2.0,15.556927830537909,15.556925773620605
5.7992894649505615,0.0,0.0,2.0079999140199094,0.0,0.0,4.749929895903333e-09,15.556925773620605,0.0,2.0,15.556927830537923,15.556925773620605
5.809302806854248,0.0,0.0,2.0079999140855453,0.0,0.0,8.425419274319707e-09,15.556925773620605,0.0,2.0,15.556927830537957,15.556925773620605
5.819236993789673,0.0,0.0,2.0079999141864255,0.0,0.0,1.1312100101931848e-08,15.615497589111328,0.0,2.0,15.615499638313489,15.615497589111328
5.829252243041992,0.0,0.0,2.007999914303198,0.0,0.0,1.1671455821353764e-08,15.615497589111328,0.0,2.0,15.615499638313548,15.615497589111328
5.839205265045166,0.0,0.0,2.0079999144134546,0.0,0.0,1.010540479610618e-08,15.615497589111328,0.0,2.0,15.615499638313604,15.615497589111328
5.849219799041748,0.0,0.0,2.0079999145005636,0.0,0.0,7.112977320472323e-09,15.615497589111328,0.0,2.0,15.615499638313649,15.615497589111328
5.859282970428467,0.0,0.0,2.007999914552201,0.0,0.0,3.0638641519283974e-09,15.665411949157715,0.0,2.0,15.665413991830734,15.665411949157715
5.869245767593384,0.0,0.0,2.0079999145592384,0.0,0.0,-1.7680609843253723e-09,15.665411949157715,0.0,2.0,15.665413991830738,15.665411949157715
5.879186391830444,0.0,0.0,2.0079999145177387,0.0,0.0,-6.1403066924914575e-09,15.665411949157715,0.0,2.0,15.665413991830718,15.665411949157715
5.889236688613892,0.0,0.0,2.0079999144442118,0.0,0.0,-8.22905219592504e-09,15.738051414489746,0.0,2.0,15.738053447734691,15.738051414489746
5.899223327636719,0.0,0.0,2.007999914358957,0.0,0.0,-8.573020849961504e-09,15.738051414489746,0.0,2.0,15.738053447734648,15.738051414489746
5.909209728240967,0.0,0.0,2.0079999142770455,0.0,0.0,-7.624427041806337e-09,15.738051414489746,0.0,2.0,15.738053447734606,15.738051414489746
5.919252872467041,0.0,0.0,2.007999914209648,0.0,0.0,-5.718279364155113e-09,15.806272506713867,0.0,2.0,15.806274531183053,15.806272506713867
5.92922306060791,0.0,0.0,2.007999914165035,0.0,0.0,-3.102758290426701e-09,15.806272506713867,0.0,2.0,15.80627453118303,15.806272506713867
5.939171552658081,0.0,0.0,2.0079999141493383,0.0,0.0,3.8279567586551993e-11,15.806272506713867,0.0,2.0,15.806274531183021,15.806272506713867
5.949236631393433,0.0,0.0,2.0079999141670943,0.0,0.0,3.5686297421034988e-09,15.866990089416504,0.0,2.0,15.866992106138714,15.866990089416504
5.959248781204224,0.0,0.0,2.0079999142188423,0.0,0.0,6.347788745734776e-09,15.866990089416504,0.0,2.0,15.866992106138738,15.866990089416504
5.969250679016113,0.0,0.0,2.007999914285554,0.0,0.0,6.627490257088943e-09,15.866990089416504,0.0,2.0,15.866992106138772,15.866990089416504
5.979238986968994,0.0,0.0,2.0079999143450604,0.0,0.0,5.002429846131486e-09,15.866990089416504,0.0,2.0,15.866992106138802,15.866990089416504
5.989252090454102,0.0,0.0,2.00799991438091,0.0,0.0,1.9662871600715185e-09,15.934407234191895,0.0,2.0,15.93440924238163,15.934407234191895
5.999215126037598,0.0,0.0,2.007999914380911,0.0,0.0,-2.1152109565004783e-09,15.934407234191895,0.0,2.0,15.93440924238163,15.934407234191895
6.009248495101929,0.0,0.0,2.007999914336032,0.0,0.0,-6.9711274160342875e-09,15.934407234191895,0.0,2.0,15.934409242381607,15.934407234191895
6.019260406494141,0.0,0.0,2.00799991424241,0.0,0.0,-1.1361146259181658e-08,16.005155563354492,0.0,2.0,16.005157562667264,16.005155563354492
6.029245615005493,0.0,0.0,2.0079999141166063,0.0,0.0,-1.3463058409453384e-08,16.005155563354492,0.0,2.0,16.0051575626672,16.005155563354492
6.039224863052368,0.0,0.0,2.0079999139789604,0.0,0.0,-1.3816781122374531e-08,16.005155563354492,0.0,2.0,16.005157562667133,16.005155563354492
6.049216270446777,0.0,0.0,2.007999913844574,0.0,0.0,-1.2875413257155137e-08,16.06747817993164,0.0,2.0,16.067480171489272,16.06747817993164
6.059253454208374,0.0,0.0,2.007999913724639,0.0,0.0,-1.0974618702388095e-08,16.06747817993164,0.0,2.0,16.067480171489212,16.06747817993164
6.069264650344849,0.0,0.0,2.0079999136274433,0.0,0.0,-8.363063365327627e-09,16.06747817993164,0.0,2.0,16.067480171489162,16.06747817993164
6.079259872436523,0.0,0.0,2.007999913559127,0.0,0.0,-5.224963433542038e-09,16.06747817993164,0.0,2.0,16.06748017148913,16.06747817993164
6.0892791748046875,0.0,0.0,2.0079999135242392,0.0,0.0,-1.696789735946743e-09,16.136486053466797,0.0,2.0,16.136488036507348,16.136486053466797
6.099252939224243,0.0,0.0,2.007999913526152,0.0,0.0,2.12035772272502e-09,16.136486053466797,0.0,2.0,16.13648803650735,16.136486053466797
6.109273195266724,0.0,0.0,2.00799991356736,0.0,0.0,6.151582234422308e-09,16.136486053466797,0.0,2.0,16.13648803650737,16.136486053466797
6.119242191314697,0.0,0.0,2.007999913646886,0.0,0.0,9.30179805770419e-09,16.19890022277832,0.0,2.0,16.198902198178303,16.19890022277832
6.129239320755005,0.0,0.0,2.0079999137445803,0.0,0.0,9.856385192928346e-09,16.19890022277832,0.0,2.0,16.198902198178352,16.19890022277832
6.1392292976379395,0.0,0.0,2.007999913837448,0.0,0.0,8.434965040247574e-09,16.19890022277832,0.0,2.0,16.1989021981784,16.19890022277832
6.149227142333984,0.0,0.0,2.0079999139084164,0.0,0.0,5.549682777758653e-09,16.266525268554688,0.0,2.0,16.266527235742444,16.266525268554688
6.159271717071533,0.0,0.0,2.0079999139448375,0.0,0.0,1.5799447664510033e-09,16.266525268554688,0.0,2.0,16.266527235742462,16.266525268554688
6.169248104095459,0.0,0.0,2.007999913937346,0.0,0.0,-3.193177814062059e-09,16.266525268554688,0.0,2.0,16.266527235742455,16.266525268554688
6.179269790649414,0.0,0.0,2.0079999138818243,0.0,0.0,-7.52186154820928e-09,16.266525268554688,0.0,2.0,16.26652723574243,16.266525268554688
6.189267873764038,0.0,0.0,2.0079999137946527,0.0,0.0,-9.57833551271518e-09,16.335594177246094,0.0,2.0,16.33559613611628,16.335594177246094
6.199220895767212,0.0,0.0,2.0079999136960307,0.0,0.0,-9.898396798201436e-09,16.335594177246094,0.0,2.0,16.335596136116234,16.335594177246094
6.20928692817688,0.0,0.0,2.0079999136009605,0.0,0.0,-8.932091898463098e-09,16.335594177246094,0.0,2.0,16.335596136116187,16.335594177246094
6.219268083572388,0.0,0.0,2.007999913520556,0.0,0.0,-7.012823498719346e-09,16.399669647216797,0.0,2.0,16.39967159843331,16.399669647216797
6.2292211055755615,0.0,0.0,2.0079999134630495,0.0,0.0,-4.3875824031986224e-09,16.399669647216797,0.0,2.0,16.399671598433283,16.399669647216797
6.239238500595093,0.0,0.0,2.007999913434541,0.0,0.0,-1.2393438993784726e-09,16.399669647216797,0.0,2.0,16.39967159843327,16.399669647216797
6.249276876449585,0.0,0.0,2.00799991343955,0.0,0.0,2.2963405996912777e-09,16.468334197998047,0.0,2.0,16.468336141078947,16.468334197998047
6.259220361709595,0.0,0.0,2.0079999134814224,0.0,0.0,6.119052217319334e-09,16.468334197998047,0.0,2.0,16.468336141078968,16.468334197998047
6.269207715988159,0.0,0.0,2.00799991356264,0.0,0.0,1.0154398699782469e-08,16.468334197998047,0.0,2.0,16.468336141079007,16.468334197998047
6.279253244400024,0.0,0.0,2.007999913682208,0.0,0.0,1.3307668210355364e-08,16.468334197998047,0.0,2.0,16.468336141079064,16.468334197998047
6.2892844676971436,0.0,0.0,2.0079999138199733,0.0,0.0,1.3864517666252856e-08,16.529685974121094,0.0,2.0,16.529687909990216,16.529685974121094
6.299277305603027,0.0,0.0,2.007999913952929,0.0,0.0,1.2444773565563908e-08,16.529685974121094,0.0,2.0,16.52968790999028,16.529685974121094
6.309309244155884,0.0,0.0,2.007999914064002,0.0,0.0,9.560732919346659e-09,16.529685974121094,0.0,2.0,16.529687909990333,16.529685974121094
6.319265365600586,0.0,0.0,2.007999914140538,0.0,0.0,5.591914790632557e-09,16.59932518005371,0.0,2.0,16.599327107801432,16.59932518005371
6.3292553424835205,0.0,0.0,2.0079999141731695,0.0,0.0,8.194737405269626e-10,16.59932518005371,0.0,2.0,16.599327107801447,16.59932518005371
6.339252948760986,0.0,0.0,2.007999914157777,0.0,0.0,-3.5087050355756874e-09,16.59932518005371,0.0,2.0,16.59932710780144,16.59932518005371
6.349265098571777,0.0,0.0,2.0079999141107363,0.0,0.0,-5.564804980399738e-09,16.66974449157715,0.0,2.0,16.66974641118132,16.66974449157715
6.359261751174927,0.0,0.0,2.007999914052252,0.0,0.0,-5.88458921231319e-09,16.66974449157715,0.0,2.0,16.66974641118129,16.66974449157715
6.369263648986816,0.0,0.0,2.007999913997321,0.0,0.0,-4.9180790902107205e-09,16.66974449157715,0.0,2.0,16.669746411181265,16.66974449157715
6.379229545593262,0.0,0.0,2.0079999139570583,0.0,0.0,-2.9986586931974747e-09,16.66974449157715,0.0,2.0,16.669746411181244,16.66974449157715
6.389262676239014,0.0,0.0,2.007999913939694,0.0,0.0,-3.733049586121977e-10,16.733108520507812,0.0,2.0,16.73311043284285,16.733108520507812
6.399227142333984,0.0,0.0,2.0079999139513287,0.0,0.0,2.775017025536642e-09,16.733108520507812,0.0,2.0,16.733110432842853,16.733108520507812
6.4092535972595215,0.0,0.0,2.007999913996481,0.0,0.0,6.310763441876139e-09,16.733108520507812,0.0,2.0,16.733110432842874,16.733108520507812
6.419243335723877,0.0,0.0,2.00799991407567,0.0,0.0,9.093920054871055e-09,16.799182891845703,0.0,2.0,16.79918479665923,16.799182891845703
6.429219722747803,0.0,0.0,2.0079999141698575,0.0,0.0,9.376583100902288e-09,16.799182891845703,0.0,2.0,16.799184796659272,16.799182891845703
6.439236402511597,0.0,0.0,2.007999914256868,0.0,0.0,7.753716671903922e-09,16.799182891845703,0.0,2.0,16.799184796659315,16.799182891845703
6.449235200881958,0.0,0.0,2.0079999143202394,0.0,0.0,4.719199344495901e-09,16.868274688720703,0.0,2.0,16.868276585732303,16.868274688720703
6.459228515625,0.0,0.0,2.0079999143477765,0.0,0.0,6.38905296358078e-10,16.868274688720703,0.0,2.0,16.868276585732318,16.868274688720703
6.469243288040161,0.0,0.0,2.007999914330444,0.0,0.0,-4.216119231585156e-09,16.868274688720703,0.0,2.0,16.868276585732307,16.868274688720703
6.479230880737305,0.0,0.0,2.0079999142643743,0.0,0.0,-8.605477358232933e-09,16.933578491210938,0.0,2.0,16.933580380906747,16.933578491210938
6.489231109619141,0.0,0.0,2.0079999141661284,0.0,0.0,-1.0706900023849125e-08,16.933578491210938,0.0,2.0,16.9335803809067,16.933578491210938
6.499262809753418,0.0,0.0,2.0079999140560463,0.0,0.0,-1.1060260155883155e-08,16.933578491210938,0.0,2.0,16.93358038090665,16.933578491210938
6.509260177612305,0.0,0.0,2.007999913949229,0.0,0.0,-1.011862369108375e-08,16.933578491210938,0.0,2.0,16.933580380906598,16.933578491210938
6.519321441650391,0.0,0.0,2.0079999138568607,0.0,0.0,-8.217630108048743e-09,16.996816635131836,0.0,2.0,16.996818517796676,16.996816635131836
6.529216527938843,0.0,0.0,2.0079999137872355,0.0,0.0,-5.6059273041304816e-09,16.996816635131836,0.0,2.0,16.996818517796644,16.996816635131836
6.539219856262207,0.0,0.0,2.0079999137464917,0.0,0.0,-2.4677181528397082e-09,16.996816635131836,0.0,2.0,16.996818517796626,16.996816635131836
6.549246311187744,0.0,0.0,2.007999913739177,0.0,0.0,1.0605364941492757e-09,16.996816635131836,0.0,2.0,16.996818517796623,16.996816635131836
6.559302091598511,0.0,0.0,2.007999913768663,0.0,0.0,4.877743935671003e-09,16.996816635131836,0.0,2.0,16.996818517796637,16.996816635131836
6.569238662719727,0.0,0.0,2.0079999138374434,0.0,0.0,8.909012876147537e-09,16.996816635131836,0.0,2.0,16.99681851779667,16.996816635131836
6.579274415969849,0.0,0.0,2.0079999139445417,0.0,0.0,1.2059261600650645e-08,17.069557189941406,0.0,2.0,17.069559064583466,17.069557189941406
6.589278936386108,0.0,0.0,2.007999914069811,0.0,0.0,1.2613873085886579e-08,17.069557189941406,0.0,2.0,17.069559064583522,17.069557189941406
6.59920859336853,0.0,0.0,2.007999914190251,0.0,0.0,1.1192471092913027e-08,17.179256439208984,0.0,2.0,17.17925830188051,17.179256439208984
6.60926628112793,0.0,0.0,2.0079999142887934,0.0,0.0,8.307202376643334e-09,17.179256439208984,0.0,2.0,17.179258301880555,17.179256439208984
6.619216203689575,0.0,0.0,2.0079999143527907,0.0,0.0,4.3374744544119035e-09,17.179256439208984,0.0,2.0,17.179258301880584,17.179256439208984
6.629285573959351,0.0,0.0,2.0079999143728733,0.0,0.0,-4.3564067105759394e-10,17.246036529541016,0.0,2.0,17.24603838499999,17.246036529541016
6.639381170272827,0.0,0.0,2.007999914344926,0.0,0.0,-4.76431885238609e-09,17.246036529541016,0.0,2.0,17.246038384999977,17.246036529541016
6.649274587631226,0.0,0.0,2.0079999142853273,0.0,0.0,-6.820788713776016e-09,17.246036529541016,0.0,2.0,17.24603838499995,17.246036529541016
6.65923810005188,0.0,0.0,2.007999914214281,0.0,0.0,-7.140846914791352e-09,17.246036529541016,0.0,2.0,17.246038384999917,17.246036529541016
6.669214487075806,0.0,0.0,2.0079999141467875,0.0,0.0,-6.174539717220829e-09,17.312702178955078,0.0,2.0,17.312704027269174,17.312702178955078
6.6792662143707275,0.0,0.0,2.0079999140939586,0.0,0.0,-4.255269604150041e-09,17.312702178955078,0.0,2.0,17.31270402726915,17.312702178955078
6.689233779907227,0.0,0.0,2.007999914064029,0.0,0.0,-1.6300272437762384e-09,17.312702178955078,0.0,2.0,17.312704027269135,17.312702178955078
6.6992011070251465,0.0,0.0,2.0079999140630966,0.0,0.0,1.5182123022680293e-09,17.379371643066406,0.0,2.0,17.3793734842901,17.379371643066406
6.70927095413208,0.0,0.0,2.0079999140956812,0.0,0.0,5.0538976116128115e-09,17.379371643066406,0.0,2.0,17.379373484290113,17.379371643066406
6.7191877365112305,0.0,0.0,2.0079999141623044,0.0,0.0,7.837008980168749e-09,17.379371643066406,0.0,2.0,17.379373484290145,17.379371643066406
6.729210615158081,0.0,0.0,2.007999914243922,0.0,0.0,8.119638515108321e-09,17.446035385131836,0.0,2.0,17.44603721932004,17.446035385131836
6.739163637161255,0.0,0.0,2.007999914318363,0.0,0.0,6.496747305226782e-09,17.446035385131836,0.0,2.0,17.446037219320072,17.446035385131836
6.749268531799316,0.0,0.0,2.0079999143691656,0.0,0.0,3.4622116026384343e-09,17.446035385131836,0.0,2.0,17.446037219320097,17.446035385131836
6.759262323379517,0.0,0.0,2.007999914384131,0.0,0.0,-6.180960795192363e-10,17.446035385131836,0.0,2.0,17.4460372193201,17.446035385131836
6.769185304641724,0.0,0.0,2.0079999143542278,0.0,0.0,-5.473130658552986e-09,17.512699127197266,0.0,2.0,17.51270095440351,17.512699127197266
6.779253721237183,0.0,0.0,2.007999914275588,0.0,0.0,-9.86249621121588e-09,17.512699127197266,0.0,2.0,17.512700954403474,17.512699127197266
6.789211273193359,0.0,0.0,2.007999914164773,0.0,0.0,-1.1963924358970622e-08,17.512699127197266,0.0,2.0,17.51270095440342,17.512699127197266
6.79918646812439,0.0,0.0,2.007999914042119,0.0,0.0,-1.2317288492509113e-08,17.579364776611328,0.0,2.0,17.579366596888175,17.579364776611328
6.80926775932312,0.0,0.0,2.007999913922731,0.0,0.0,-1.1375654941350777e-08,17.579364776611328,0.0,2.0,17.57936659688812,17.579364776611328
6.819226503372192,0.0,0.0,2.0079999138177946,0.0,0.0,-9.474663558053571e-09,17.579364776611328,0.0,2.0,17.57936659688807,17.579364776611328
6.829212427139282,0.0,0.0,2.007999913735598,0.0,0.0,-6.862962426675742e-09,17.64603042602539,0.0,2.0,17.646032239425203,17.64603042602539
6.839226961135864,0.0,0.0,2.0079999136822835,0.0,0.0,-3.7247545621394907e-09,17.64603042602539,0.0,2.0,17.64603223942518,17.64603042602539
6.849258899688721,0.0,0.0,2.007999913662398,0.0,0.0,-1.965009276993906e-10,17.64603042602539,0.0,2.0,17.646032239425168,17.64603042602539
6.859276056289673,0.0,0.0,2.007999913679314,0.0,0.0,3.6207057709495107e-09,17.64603042602539,0.0,2.0,17.64603223942518,17.64603042602539
6.869156122207642,0.0,0.0,2.0079999137355222,0.0,0.0,7.651974098126207e-09,17.712696075439453,0.0,2.0,17.712697882014133,17.712696075439453
6.879227876663208,0.0,0.0,2.0079999138300515,0.0,0.0,1.0802222382133386e-08,17.712696075439453,0.0,2.0,17.712697882014176,17.712696075439453
6.8892199993133545,0.0,0.0,2.00799991394275,0.0,0.0,1.1356833581112299e-08,17.712696075439453,0.0,2.0,17.71269788201423,17.712696075439453
6.899211883544922,0.0,0.0,2.00799991405062,0.0,0.0,9.935431385245511e-09,17.77936553955078,0.0,2.0,17.77936733935127,17.77936553955078
6.90927791595459,0.0,0.0,2.007999914136592,0.0,0.0,7.0501625228679126e-09,17.77936553955078,0.0,2.0,17.77936733935131,17.77936553955078
6.919228553771973,0.0,0.0,2.007999914188019,0.0,0.0,3.0804344863329163e-09,17.77936553955078,0.0,2.0,17.77936733935133,17.77936553955078
6.929191827774048,0.0,0.0,2.007999914195529,0.0,0.0,-1.6926807456873055e-09,17.84603500366211,0.0,2.0,17.846036796738943,17.84603500366211
6.939209461212158,0.0,0.0,2.0079999141550133,0.0,0.0,-6.021358972925987e-09,17.84603500366211,0.0,2.0,17.846036796738925,17.84603500366211
6.949311256408691,0.0,0.0,2.0079999140828444,0.0,0.0,-8.077828862743525e-09,17.84603500366211,0.0,2.0,17.846036796738893,17.84603500366211
6.9592249393463135,0.0,0.0,2.0079999139992273,0.0,0.0,-8.397887092212828e-09,17.84603500366211,0.0,2.0,17.846036796738858,17.84603500366211
6.969236850738525,0.0,0.0,2.0079999139191624,0.0,0.0,-7.431579920826334e-09,17.84603500366211,0.0,2.0,17.84603679673882,17.84603500366211
6.979252815246582,0.0,0.0,2.007999913853763,0.0,0.0,-5.512309847613297e-09,17.84603500366211,0.0,2.0,17.84603679673879,17.84603500366211
6.989330291748047,0.0,0.0,2.0079999138112634,0.0,0.0,-2.8870675155917628e-09,17.912696838378906,0.0,2.0,17.91269862478266,17.912696838378906
6.9991888999938965,0.0,0.0,2.0079999137977604,0.0,0.0,2.6117201855113287e-10,17.912696838378906,0.0,2.0,17.912698624782657,17.912696838378906
7.009197950363159,0.0,0.0,2.0079999138177747,0.0,0.0,3.796857327897349e-09,17.912696838378906,0.0,2.0,17.912698624782664,17.912696838378906
7.019218921661377,0.0,0.0,2.0079999138718256,0.0,0.0,6.57996869645657e-09,17.998538970947266,0.0,2.0,17.998540748830983,17.998538970947266
7.029267072677612,0.0,0.0,2.0079999139408726,0.0,0.0,6.862598231400248e-09,17.998538970947266,0.0,2.0,17.998540748831015,17.998538970947266
7.039206027984619,0.0,0.0,2.0079999140027445,0.0,0.0,5.23970702152242e-09,17.998538970947266,0.0,2.0,17.998540748831044,17.998538970947266
7.04926061630249,0.0,0.0,2.0079999140409757,0.0,0.0,2.205171318936493e-09,18.075424194335938,0.0,2.0,18.075425964657367,18.075424194335938
7.059256076812744,0.0,0.0,2.0079999140433724,0.0,0.0,-1.875136363220497e-09,18.075424194335938,0.0,2.0,18.075425964657367,18.075424194335938
7.069203853607178,0.0,0.0,2.0079999140008984,0.0,0.0,-6.730170942252277e-09,18.075424194335938,0.0,2.0,18.075425964657345,18.075424194335938
7.079198360443115,0.0,0.0,2.0079999139096882,0.0,0.0,-1.1119536494910542e-08,18.13568115234375,0.0,2.0,18.135682916783114,18.13568115234375
7.089256286621094,0.0,0.0,2.007999913786301,0.0,0.0,-1.3220964642658915e-08,18.13568115234375,0.0,2.0,18.13568291678306,18.13568115234375
7.099241018295288,0.0,0.0,2.0079999136510773,0.0,0.0,-1.3574328776190387e-08,18.13568115234375,0.0,2.0,18.135682916783,18.13568115234375
7.109249114990234,0.0,0.0,2.007999913519119,0.0,0.0,-1.2632695225025205e-08,18.13568115234375,0.0,2.0,18.135682916782944,18.13568115234375
7.119246959686279,0.0,0.0,2.0079999134016107,0.0,0.0,-1.0731703841721936e-08,18.19744110107422,0.0,2.0,18.197442859525065,18.19744110107422
7.1292126178741455,0.0,0.0,2.0079999133068456,0.0,0.0,-8.120002710339291e-09,18.19744110107422,0.0,2.0,18.197442859525022,18.19744110107422
7.139226913452148,0.0,0.0,2.0079999132409627,0.0,0.0,-4.9817948457997956e-09,18.19744110107422,0.0,2.0,18.19744285952499,18.19744110107422
7.149260520935059,0.0,0.0,2.007999913208508,0.0,0.0,-1.4535412113582667e-09,18.267078399658203,0.0,2.0,18.26708015140544,18.267078399658203
7.15925145149231,0.0,0.0,2.007999913212853,0.0,0.0,2.363665487291333e-09,18.267078399658203,0.0,2.0,18.267080151405445,18.267078399658203
7.169191837310791,0.0,0.0,2.007999913256493,0.0,0.0,6.394933814470754e-09,18.267078399658203,0.0,2.0,18.267080151405462,18.267078399658203
7.179200649261475,0.0,0.0,2.007999913338452,0.0,0.0,9.545182098482745e-09,18.33134651184082,0.0,2.0,18.331348257446642,18.33134651184082
7.189230442047119,0.0,0.0,2.00799991343858,0.0,0.0,1.0099793297467462e-08,18.33134651184082,0.0,2.0,18.331348257446685,18.33134651184082
7.199234247207642,0.0,0.0,2.0079999135338804,0.0,0.0,8.678391101606207e-09,18.33134651184082,0.0,2.0,18.331348257446727,18.33134651184082
7.209231376647949,0.0,0.0,2.0079999136072813,0.0,0.0,5.793122239232944e-09,18.33134651184082,0.0,2.0,18.33134825744676,18.33134651184082
7.219267845153809,0.0,0.0,2.0079999136461373,0.0,0.0,1.823394202700407e-09,18.395809173583984,0.0,2.0,18.39581091307298,18.395809173583984
7.229257345199585,0.0,0.0,2.007999913641077,0.0,0.0,-2.9497210293191446e-09,18.395809173583984,0.0,2.0,18.395810913072978,18.395809173583984
7.239196062088013,0.0,0.0,2.0079999135879896,0.0,0.0,-7.278399256555273e-09,18.395809173583984,0.0,2.0,18.395810913072957,18.395809173583984
7.249242782592773,0.0,0.0,2.007999913503251,0.0,0.0,-9.334869146368536e-09,18.47564125061035,0.0,2.0,18.475642982583064,18.47564125061035
7.25922155380249,0.0,0.0,2.007999913407063,0.0,0.0,-9.654927375832943e-09,18.47564125061035,0.0,2.0,18.475642982583025,18.47564125061035
7.26919412612915,0.0,0.0,2.007999913314429,0.0,0.0,-8.688620204441739e-09,18.47564125061035,0.0,2.0,18.475642982582983,18.47564125061035
7.279297828674316,0.0,0.0,2.0079999132364605,0.0,0.0,-6.769350131224801e-09,18.47564125061035,0.0,2.0,18.47564298258295,18.47564125061035
7.289234638214111,0.0,0.0,2.00799991318139,0.0,0.0,-4.144107799200603e-09,18.47564125061035,0.0,2.0,18.475642982582926,18.47564125061035
7.301163673400879,0.0,0.0,2.0079999131553152,0.0,0.0,-9.958682650566286e-10,18.532005310058594,0.0,2.0,18.53200703676346,18.532005310058594
7.30931282043457,0.0,0.0,2.007999913162759,0.0,0.0,2.539817044290376e-09,18.532005310058594,0.0,2.0,18.532007036763464,18.532005310058594
7.319232225418091,0.0,0.0,2.007999913207064,0.0,0.0,6.362529278297892e-09,18.532005310058594,0.0,2.0,18.53200703676348,18.532005310058594
7.329222679138184,0.0,0.0,2.007999913290716,0.0,0.0,1.0397876276309523e-08,18.635986328125,0.0,2.0,18.63598804519563,18.635986328125
7.339264154434204,0.0,0.0,2.007999913412721,0.0,0.0,1.355114613097681e-08,18.635986328125,0.0,2.0,18.635988045195685,18.635986328125
7.349274158477783,0.0,0.0,2.0079999135529207,0.0,0.0,1.4107995841390811e-08,18.635986328125,0.0,2.0,18.635988045195745,18.635986328125
7.359354734420776,0.0,0.0,2.0079999136883107,0.0,0.0,1.26882519262338e-08,18.635986328125,0.0,2.0,18.635988045195806,18.635986328125
7.369201183319092,0.0,0.0,2.0079999138018185,0.0,0.0,9.804211399832763e-09,18.696378707885742,0.0,2.0,18.696380419410175,18.696378707885742
7.379264831542969,0.0,0.0,2.0079999138807905,0.0,0.0,5.835393358681095e-09,18.696378707885742,0.0,2.0,18.696380419410207,18.696378707885742
7.38921046257019,0.0,0.0,2.007999913915856,0.0,0.0,1.062952354248206e-09,18.696378707885742,0.0,2.0,18.69638041941022,18.696378707885742
7.3992414474487305,0.0,0.0,2.0079999139028977,0.0,0.0,-3.2652263825583653e-09,18.776573181152344,0.0,2.0,18.776574885366923,18.776573181152344
7.409304141998291,0.0,0.0,2.0079999138582916,0.0,0.0,-5.321326282097336e-09,18.776573181152344,0.0,2.0,18.776574885366905,18.776573181152344
7.419245481491089,0.0,0.0,2.0079999138022404,0.0,0.0,-5.64111046750524e-09,18.776573181152344,0.0,2.0,18.77657488536688,18.776573181152344
7.429225206375122,0.0,0.0,2.0079999137497424,0.0,0.0,-4.674600312049665e-09,18.832929611206055,0.0,2.0,18.83293131032081,18.832929611206055
7.4392218589782715,0.0,0.0,2.0079999137119153,0.0,0.0,-2.7551798989050076e-09,18.832929611206055,0.0,2.0,18.83293131032079,18.832929611206055
7.449273347854614,0.0,0.0,2.0079999136969877,0.0,0.0,-1.298261643199002e-10,18.832929611206055,0.0,2.0,18.832931310320784,18.832929611206055
7.459244251251221,0.0,0.0,2.0079999137110565,0.0,0.0,3.0184958198288037e-09,18.832929611206055,0.0,2.0,18.83293131032079,18.832929611206055
7.469265460968018,0.0,0.0,2.007999913758644,0.0,0.0,6.554242236167812e-09,18.89700698852539,0.0,2.0,18.897008681878663,18.89700698852539
7.479222059249878,0.0,0.0,2.0079999138402673,0.0,0.0,9.33739884916188e-09,18.89700698852539,0.0,2.0,18.8970086818787,18.89700698852539
7.489224672317505,0.0,0.0,2.007999913936889,0.0,0.0,9.620061895192105e-09,18.89700698852539,0.0,2.0,18.897008681878738,18.89700698852539
7.499304533004761,0.0,0.0,2.007999914026333,0.0,0.0,7.997195466192806e-09,18.967639923095703,0.0,2.0,18.96764161014327,18.967639923095703
7.509322643280029,0.0,0.0,2.0079999140921387,0.0,0.0,4.9626781387840996e-09,18.967639923095703,0.0,2.0,18.9676416101433,18.967639923095703
7.519208669662476,0.0,0.0,2.0079999141221108,0.0,0.0,8.823840906459712e-10,18.967639923095703,0.0,2.0,18.96764161014331,18.967639923095703
7.529247045516968,0.0,0.0,2.007999914107214,0.0,0.0,-3.972640437297446e-09,18.967639923095703,0.0,2.0,18.967641610143303,18.967639923095703
7.539234399795532,0.0,0.0,2.00799991404358,0.0,0.0,-8.361998563945912e-09,19.032196044921875,0.0,2.0,19.03219772624708,19.032196044921875
7.5492284297943115,0.0,0.0,2.0079999139477684,0.0,0.0,-1.0463421229563127e-08,19.032196044921875,0.0,2.0,19.03219772624704,19.032196044921875
7.559220552444458,0.0,0.0,2.007999913840119,0.0,0.0,-1.0816781361598309e-08,19.032196044921875,0.0,2.0,19.032197726246995,19.032196044921875
7.569271802902222,0.0,0.0,2.0079999137357354,0.0,0.0,-9.875144896800014e-09,19.10271453857422,0.0,2.0,19.102716213692613,19.10271453857422
7.579220771789551,0.0,0.0,2.007999913645804,0.0,0.0,-7.974151313765976e-09,19.10271453857422,0.0,2.0,19.102716213692574,19.10271453857422
7.589225769042969,0.0,0.0,2.007999913578613,0.0,0.0,-5.36244850984843e-09,19.10271453857422,0.0,2.0,19.102716213692545,19.10271453857422
7.599272966384888,0.0,0.0,2.0079999135403037,0.0,0.0,-2.2242393585580718e-09,19.168094635009766,0.0,2.0,19.168096304414448,19.168094635009766
7.609248638153076,0.0,0.0,2.007999913535424,0.0,0.0,1.3040152884308075e-09,19.168094635009766,0.0,2.0,19.168096304414444,19.168094635009766
7.619214057922363,0.0,0.0,2.0079999135673425,0.0,0.0,5.1212227299522115e-09,19.168094635009766,0.0,2.0,19.16809630441446,19.168094635009766
7.629191637039185,0.0,0.0,2.007999913638557,0.0,0.0,9.152491670428013e-09,19.232528686523438,0.0,2.0,19.232530350335214,19.232528686523438
7.639202117919922,0.0,0.0,2.0079999137480904,0.0,0.0,1.2302740394929981e-08,19.232528686523438,0.0,2.0,19.23253035033526,19.232528686523438
7.649216413497925,0.0,0.0,2.007999913875793,0.0,0.0,1.285735188016458e-08,19.232528686523438,0.0,2.0,19.232530350335313,19.232528686523438
7.659236907958984,0.0,0.0,2.007999913998668,0.0,0.0,1.143594988718974e-08,19.232528686523438,0.0,2.0,19.232530350335363,19.232528686523438
7.66924524307251,0.0,0.0,2.0079999140996456,0.0,0.0,8.550681170918989e-09,19.297088623046875,0.0,2.0,19.29709028129243,19.297088623046875
7.6792192459106445,0.0,0.0,2.007999914166077,0.0,0.0,4.580953248686871e-09,19.297088623046875,0.0,2.0,19.29709028129246,19.297088623046875
7.6892173290252686,0.0,0.0,2.0079999141885927,0.0,0.0,-1.9216187678285522e-10,19.297088623046875,0.0,2.0,19.297090281292466,19.297088623046875
7.699277639389038,0.0,0.0,2.007999914163082,0.0,0.0,-4.520840058111633e-09,19.364896774291992,0.0,2.0,19.36489842673106,19.364896774291992
7.709219694137573,0.0,0.0,2.007999914105918,0.0,0.0,-6.577309919502174e-09,19.364896774291992,0.0,2.0,19.364898426731035,19.364896774291992
7.719217777252197,0.0,0.0,2.0079999140373057,0.0,0.0,-6.897368120518247e-09,19.364896774291992,0.0,2.0,19.364898426731006,19.364896774291992
7.729217529296875,0.0,0.0,2.007999913972245,0.0,0.0,-5.931060922948421e-09,19.431535720825195,0.0,2.0,19.431537367597272,19.431535720825195
7.739206314086914,0.0,0.0,2.007999913921849,0.0,0.0,-4.011790809878176e-09,19.431535720825195,0.0,2.0,19.43153736759725,19.431535720825195
7.749229192733765,0.0,0.0,2.007999913894353,0.0,0.0,-1.386548449504676e-09,19.431535720825195,0.0,2.0,19.43153736759724,19.431535720825195
7.759241819381714,0.0,0.0,2.0079999138958553,0.0,0.0,1.761691096539508e-09,19.431535720825195,0.0,2.0,19.43153736759724,19.431535720825195
7.769246816635132,0.0,0.0,2.007999913930875,0.0,0.0,5.29737640588393e-09,19.496458053588867,0.0,2.0,19.49645969487725,19.496458053588867
7.779225587844849,0.0,0.0,2.00799991399993,0.0,0.0,8.080487774439151e-09,19.496458053588867,0.0,2.0,19.496459694877277,19.496458053588867
7.78921103477478,0.0,0.0,2.007999914083983,0.0,0.0,8.363117309377857e-09,19.496458053588867,0.0,2.0,19.496459694877313,19.496458053588867
7.799235582351685,0.0,0.0,2.0079999141608598,0.0,0.0,6.740226099495513e-09,19.564319610595703,0.0,2.0,19.56432124619114,19.564319610595703
7.809250593185425,0.0,0.0,2.0079999142140963,0.0,0.0,3.7056903969066183e-09,19.564319610595703,0.0,2.0,19.564321246191167,19.564319610595703
7.819214820861816,0.0,0.0,2.007999914231498,0.0,0.0,-3.746172852512285e-10,19.564319610595703,0.0,2.0,19.564321246191174,19.564319610595703
7.8291966915130615,0.0,0.0,2.0079999142040306,0.0,0.0,-5.2296518642852795e-09,19.636255264282227,0.0,2.0,19.63625689388583,19.636255264282227
7.839219093322754,0.0,0.0,2.0079999141278257,0.0,0.0,-9.619017416948991e-09,19.636255264282227,0.0,2.0,19.636256893885797,19.636255264282227
7.8492302894592285,0.0,0.0,2.007999914019445,0.0,0.0,-1.1720445564704895e-08,19.636255264282227,0.0,2.0,19.636256893885754,19.636255264282227
7.859224557876587,0.0,0.0,2.0079999138992277,0.0,0.0,-1.207380969824467e-08,19.636255264282227,0.0,2.0,19.636256893885704,19.636255264282227
7.869241714477539,0.0,0.0,2.0079999137822737,0.0,0.0,-1.113217614708758e-08,19.697053909301758,0.0,2.0,19.697055533875112,19.697053909301758
7.879257440567017,0.0,0.0,2.0079999136797717,0.0,0.0,-9.23118476379146e-09,19.697053909301758,0.0,2.0,19.69705553387507,19.697053909301758
7.889223337173462,0.0,0.0,2.0079999136000124,0.0,0.0,-6.6194836324144925e-09,19.697053909301758,0.0,2.0,19.697055533875037,19.697053909301758
7.899256229400635,0.0,0.0,2.0079999135491313,0.0,0.0,-3.4812757678787943e-09,19.697053909301758,0.0,2.0,19.697055533875016,19.697053909301758
7.909280776977539,0.0,0.0,2.007999913531681,0.0,0.0,4.697786656111125e-11,19.763774871826172,0.0,2.0,19.763776490914992,19.763774871826172
7.919237375259399,0.0,0.0,2.007999913551032,0.0,0.0,3.864184565209821e-09,19.763774871826172,0.0,2.0,19.763776490915,19.763774871826172
7.929224014282227,0.0,0.0,2.007999913609676,0.0,0.0,7.89545289238591e-09,19.838605880737305,0.0,2.0,19.83860749371897,19.838605880737305
7.939256429672241,0.0,0.0,2.007999913706639,0.0,0.0,1.1045701176392083e-08,19.838605880737305,0.0,2.0,19.83860749371901,19.838605880737305
7.949243783950806,0.0,0.0,2.007999913821772,0.0,0.0,1.1600312375369797e-08,19.838605880737305,0.0,2.0,19.838607493719056,19.838605880737305
7.959255695343018,0.0,0.0,2.007999913932078,0.0,0.0,1.0178910179501856e-08,19.838605880737305,0.0,2.0,19.838607493719103,19.838605880737305
7.969235420227051,0.0,0.0,2.007999914020484,0.0,0.0,7.293641317123329e-09,19.897674560546875,0.0,2.0,19.897676168740375,19.897674560546875
7.979247331619263,0.0,0.0,2.007999914074345,0.0,0.0,3.3239132805877785e-09,19.897674560546875,0.0,2.0,19.897676168740396,19.897674560546875
7.989204168319702,0.0,0.0,2.0079999140842926,0.0,0.0,-1.449201951432587e-09,19.897674560546875,0.0,2.0,19.8976761687404,19.897674560546875
7.999243974685669,0.0,0.0,2.00799991404621,0.0,0.0,-5.777880178671683e-09,19.897674560546875,0.0,2.0,19.897676168740386,19.897674560546875
8.009277582168579,0.0,0.0,2.0079999139764766,0.0,0.0,-7.834350068489964e-09,19.962200164794922,0.0,2.0,19.9622017677901,19.962200164794922
8.01923131942749,0.0,0.0,2.0079999138952953,0.0,0.0,-8.154408297960137e-09,19.962200164794922,0.0,2.0,19.962201767790063,19.962200164794922
8.029256820678711,0.0,0.0,2.007999913817664,0.0,0.0,-7.18810112657447e-09,19.962200164794922,0.0,2.0,19.96220176779003,19.962200164794922
8.039221286773682,0.0,0.0,2.0079999137546998,0.0,0.0,-5.2688310533621085e-09,20.0396671295166,0.0,2.0,20.039668726315018,20.0396671295166
8.049262762069702,0.0,0.0,2.007999913714634,0.0,0.0,-2.643588721341008e-09,20.0396671295166,0.0,2.0,20.039668726315004,20.0396671295166
8.059235334396362,0.0,0.0,2.0079999137035647,0.0,0.0,5.046508128017528e-10,20.0396671295166,0.0,2.0,20.039668726315,20.0396671295166
8.06917142868042,0.0,0.0,2.0079999137260134,0.0,0.0,4.040336122147744e-09,20.113197326660156,0.0,2.0,20.11319891762096,20.113197326660156
8.079283952713013,0.0,0.0,2.007999913782499,0.0,0.0,6.823447490706385e-09,20.113197326660156,0.0,2.0,20.11319891762098,20.113197326660156
8.089263200759888,0.0,0.0,2.0079999138539804,0.0,0.0,7.10607702564932e-09,20.113197326660156,0.0,2.0,20.11319891762101,20.113197326660156
8.099205493927002,0.0,0.0,2.0079999139182845,0.0,0.0,5.483185815770829e-09,20.179983139038086,0.0,2.0,20.179984724733668,20.179983139038086
8.109246492385864,0.0,0.0,2.00799991395895,0.0,0.0,2.4486501131844887e-09,20.179983139038086,0.0,2.0,20.179984724733686,20.179983139038086
8.11923360824585,0.0,0.0,2.0079999139637823,0.0,0.0,-1.6316575689726124e-09,20.179983139038086,0.0,2.0,20.179984724733686,20.179983139038086
8.129268646240234,0.0,0.0,2.0079999139237423,0.0,0.0,-6.48669214800483e-09,20.179983139038086,0.0,2.0,20.17998472473367,20.179983139038086
8.13919186592102,0.0,0.0,2.007999913834968,0.0,0.0,-1.0876057700664047e-08,20.246652603149414,0.0,2.0,20.246654183623484,20.246652603149414
8.14925241470337,0.0,0.0,2.007999913714017,0.0,0.0,-1.2977485848413709e-08,20.246652603149414,0.0,2.0,20.246654183623438,20.246652603149414
8.1592435836792,0.0,0.0,2.007999913581228,0.0,0.0,-1.3330849981946595e-08,20.246652603149414,0.0,2.0,20.246654183623384,20.246652603149414
8.169208526611328,0.0,0.0,2.0079999134517053,0.0,0.0,-1.2389216430782796e-08,20.313255310058594,0.0,2.0,20.313256885350487,20.313255310058594
8.179277181625366,0.0,0.0,2.007999913336633,0.0,0.0,-1.0488225047480758e-08,20.313255310058594,0.0,2.0,20.31325688535044,20.313255310058594
8.189177513122559,0.0,0.0,2.0079999132443014,0.0,0.0,-7.876523916099106e-09,20.313255310058594,0.0,2.0,20.313256885350402,20.313255310058594
8.199223518371582,0.0,0.0,2.0079999131808504,0.0,0.0,-4.7383160515602916e-09,20.37995719909668,0.0,2.0,20.37995876923267,20.37995719909668
8.209261894226074,0.0,0.0,2.0079999131508295,0.0,0.0,-1.2100624171190954e-09,20.37995719909668,0.0,2.0,20.379958769232655,20.37995719909668
8.219217777252197,0.0,0.0,2.0079999131576094,0.0,0.0,2.607144281530395e-09,20.37995719909668,0.0,2.0,20.37995876923266,20.37995719909668
8.229248762130737,0.0,0.0,2.007999913203682,0.0,0.0,6.638412608709338e-09,20.37995719909668,0.0,2.0,20.379958769232676,20.37995719909668
8.239200592041016,0.0,0.0,2.007999913288074,0.0,0.0,9.788660892720447e-09,20.446638107299805,0.0,2.0,20.446639672315282,20.446638107299805
8.249267816543579,0.0,0.0,2.0079999133906345,0.0,0.0,1.0343272091704096e-08,20.446638107299805,0.0,2.0,20.44663967231532,20.446638107299805
8.259246826171875,0.0,0.0,2.007999913488368,0.0,0.0,8.92186989584182e-09,20.446638107299805,0.0,2.0,20.44663967231536,20.446638107299805
8.269195079803467,0.0,0.0,2.0079999135642046,0.0,0.0,6.036601033467771e-09,20.513307571411133,0.0,2.0,20.513309131340325,20.513307571411133
8.2792649269104,0.0,0.0,2.007999913605496,0.0,0.0,2.066872996934812e-09,20.513307571411133,0.0,2.0,20.51330913134034,20.513307571411133
8.289236545562744,0.0,0.0,2.007999913602872,0.0,0.0,-2.7062422350848705e-09,20.513307571411133,0.0,2.0,20.51330913134034,20.513307571411133
8.299224853515625,0.0,0.0,2.0079999135522213,0.0,0.0,-7.034920462321547e-09,20.579986572265625,0.0,2.0,20.579988127140652,20.579986572265625
8.309237718582153,0.0,0.0,2.0079999134699156,0.0,0.0,-9.09139035213569e-09,20.579986572265625,0.0,2.0,20.579988127140624,20.579986572265625
8.319213628768921,0.0,0.0,2.007999913376162,0.0,0.0,-9.411448581601093e-09,20.579986572265625,0.0,2.0,20.579988127140584,20.579986572265625
8.329233169555664,0.0,0.0,2.007999913285961,0.0,0.0,-8.445141410210852e-09,20.579986572265625,0.0,2.0,20.57998812714055,20.579986572265625
8.339218139648438,0.0,0.0,2.007999913210427,0.0,0.0,-6.525871336994723e-09,20.646644592285156,0.0,2.0,20.646646142140114,20.646644592285156
8.34924602508545,0.0,0.0,2.0079999131577915,0.0,0.0,-3.900629004971097e-09,20.646644592285156,0.0,2.0,20.646646142140092,20.646644592285156
8.359244585037231,0.0,0.0,2.0079999131341526,0.0,0.0,-7.523894708273845e-10,20.646644592285156,0.0,2.0,20.646646142140085,20.646644592285156
8.369194507598877,0.0,0.0,2.007999913144032,0.0,0.0,2.7832958385195045e-09,20.713308334350586,0.0,2.0,20.713309879217462,20.713308334350586
8.379283666610718,0.0,0.0,2.0079999131907726,0.0,0.0,6.606008072526541e-09,20.713308334350586,0.0,2.0,20.71330987921748,20.713308334350586
8.389249324798584,0.0,0.0,2.0079999132768576,0.0,0.0,1.0641355070537274e-08,20.713308334350586,0.0,2.0,20.713309879217515,20.713308334350586
8.39919638633728,0.0,0.0,2.007999913401297,0.0,0.0,1.3794624925203259e-08,20.779977798461914,0.0,2.0,20.779979338372417,20.779977798461914
8.409251689910889,0.0,0.0,2.007999913543931,0.0,0.0,1.4351474635615763e-08,20.779977798461914,0.0,2.0,20.77997933837247,20.779977798461914
8.419221639633179,0.0,0.0,2.007999913681757,0.0,0.0,1.2931730720457318e-08,20.779977798461914,0.0,2.0,20.779979338372524,20.779977798461914
8.429219245910645,0.0,0.0,2.007999913797699,0.0,0.0,1.0047690194055063e-08,20.84663963317871,0.0,2.0,20.846641168165153,20.84663963317871
8.439216136932373,0.0,0.0,2.007999913879106,0.0,0.0,6.078872152902549e-09,20.84663963317871,0.0,2.0,20.846641168165185,20.84663963317871
8.449244260787964,0.0,0.0,2.0079999139166054,0.0,0.0,1.3064311484692743e-09,20.84663963317871,0.0,2.0,20.8466411681652,20.84663963317871
8.459261894226074,0.0,0.0,2.0079999139060813,0.0,0.0,-3.02174758833745e-09,20.84663963317871,0.0,2.0,20.846641168165196,20.84663963317871
8.469209909439087,0.0,0.0,2.0079999138639115,0.0,0.0,-5.077847487876875e-09,20.913307189941406,0.0,2.0,20.913308720034635,20.913307189941406
8.479286193847656,0.0,0.0,2.0079999138102957,0.0,0.0,-5.397631673285356e-09,20.913307189941406,0.0,2.0,20.913308720034617,20.913307189941406
8.48920726776123,0.0,0.0,2.0079999137602336,0.0,0.0,-4.431121517830322e-09,20.913307189941406,0.0,2.0,20.913308720034596,20.913307189941406
8.499180316925049,0.0,0.0,2.0079999137248397,0.0,0.0,-2.511701104686048e-09,20.979970932006836,0.0,2.0,20.97997245723815,20.979970932006836
8.509270906448364,0.0,0.0,2.0079999137123457,0.0,0.0,1.136526298989137e-10,20.979970932006836,0.0,2.0,20.979972457238144,20.979970932006836
8.519222259521484,0.0,0.0,2.0079999137288502,0.0,0.0,3.2619746140474544e-09,20.979970932006836,0.0,2.0,20.97997245723815,20.979970932006836
8.529223203659058,0.0,0.0,2.007999913778872,0.0,0.0,6.797721030385949e-09,21.046640396118164,0.0,2.0,21.046641916518023,21.046640396118164
8.539182662963867,0.0,0.0,2.007999913862932,0.0,0.0,9.580877643379144e-09,21.046640396118164,0.0,2.0,21.046641916518055,21.046640396118164
8.549248933792114,0.0,0.0,2.0079999139619873,0.0,0.0,9.863540689408337e-09,21.046640396118164,0.0,2.0,21.04664191651809,21.046640396118164
8.55923080444336,0.0,0.0,2.0079999140538685,0.0,0.0,8.240674260408083e-09,21.046640396118164,0.0,2.0,21.046641916518126,21.046640396118164
8.569195985794067,0.0,0.0,2.00799991412211,0.0,0.0,5.20615693299867e-09,21.113306045532227,0.0,2.0,21.113307561131524,21.113306045532227
8.579295873641968,0.0,0.0,2.007999914154516,0.0,0.0,1.1258628848602137e-09,21.113306045532227,0.0,2.0,21.11330756113154,21.113306045532227
8.589236736297607,0.0,0.0,2.0079999141420517,0.0,0.0,-3.729161643083373e-09,21.113306045532227,0.0,2.0,21.11330756113153,21.113306045532227
8.599196910858154,0.0,0.0,2.0079999140808513,0.0,0.0,-8.118519769732497e-09,21.179973602294922,0.0,2.0,21.1799751131236,21.179973602294922
8.609275102615356,0.0,0.0,2.0079999139874753,0.0,0.0,-1.0219942435350713e-08,21.179973602294922,0.0,2.0,21.179975113123565,21.179973602294922
8.619232654571533,0.0,0.0,2.007999913882261,0.0,0.0,-1.0573302567387018e-08,21.179973602294922,0.0,2.0,21.179975113123525,21.179973602294922
8.629215478897095,0.0,0.0,2.007999913780312,0.0,0.0,-9.63166610258982e-09,21.246639251708984,0.0,2.0,21.246640757797017,21.246639251708984
8.639216899871826,0.0,0.0,2.007999913692816,0.0,0.0,-7.730672519556718e-09,21.246639251708984,0.0,2.0,21.246640757796985,21.246639251708984
8.64927625656128,0.0,0.0,2.007999913628062,0.0,0.0,-5.118969715639869e-09,21.246639251708984,0.0,2.0,21.24664075779696,21.246639251708984
8.659279584884644,0.0,0.0,2.0079999135921884,0.0,0.0,-1.9807605643499027e-09,21.246639251708984,0.0,2.0,21.246640757796946,21.246639251708984
8.669202327728271,0.0,0.0,2.007999913589742,0.0,0.0,1.5474940826388792e-09,21.313312530517578,0.0,2.0,21.313314031894127,21.313312530517578
8.67927098274231,0.0,0.0,2.007999913624096,0.0,0.0,5.364701524159934e-09,21.313312530517578,0.0,2.0,21.313314031894137,21.313312530517578
8.689272165298462,0.0,0.0,2.007999913697746,0.0,0.0,9.395970464634969e-09,21.313312530517578,0.0,2.0,21.313314031894166,21.313312530517578
8.69920563697815,0.0,0.0,2.0079999138097158,0.0,0.0,1.254621918913576e-08,21.379974365234375,0.0,2.0,21.37997586192978,21.379974365234375
8.709504127502441,0.0,0.0,2.0079999139398548,0.0,0.0,1.3100830674368995e-08,21.379974365234375,0.0,2.0,21.37997586192983,21.379974365234375
8.719246864318848,0.0,0.0,2.0079999140651674,0.0,0.0,1.1679428681392854e-08,21.379974365234375,0.0,2.0,21.379975861929875,21.379974365234375
8.729236602783203,0.0,0.0,2.007999914168578,0.0,0.0,8.79415996512103e-09,21.446643829345703,0.0,2.0,21.446645321388583,21.446643829345703
8.739136219024658,0.0,0.0,2.0079999142324003,0.0,0.0,5.2615520051305874e-09,21.446643829345703,0.0,2.0,21.44664532138861,21.446643829345703
8.749286651611328,0.0,0.0,2.007999914262395,0.0,0.0,5.131691741821866e-11,21.446643829345703,0.0,2.0,21.44664532138862,21.446643829345703
8.759262323379517,0.0,0.0,2.0079999142393183,0.0,0.0,-4.2773612639108165e-09,21.446643829345703,0.0,2.0,21.44664532138861,21.446643829345703
8.769195556640625,0.0,0.0,2.0079999141845892,0.0,0.0,-6.333831125301948e-09,21.513307571411133,0.0,2.0,21.513309058830593,21.513307571411133
8.779289245605469,0.0,0.0,2.007999914118412,0.0,0.0,-6.653889326318733e-09,21.513307571411133,0.0,2.0,21.51330905883057,21.513307571411133
8.789212703704834,0.0,0.0,2.007999914055787,0.0,0.0,-5.6875821287495805e-09,21.513307571411133,0.0,2.0,21.513309058830547,21.513307571411133
8.799201965332031,0.0,0.0,2.0079999140078266,0.0,0.0,-3.768312015679856e-09,21.57997703552246,0.0,2.0,21.579978518346604,21.57997703552246
8.80924677848816,0.0,0.0,2.0079999139827662,0.0,0.0,-1.143069655306634e-09,21.57997703552246,0.0,2.0,21.579978518346596,21.57997703552246
8.819212198257446,0.0,0.0,2.007999913986703,0.0,0.0,2.0051698907374647e-09,21.57997703552246,0.0,2.0,21.579978518346596,21.57997703552246
8.829219341278076,0.0,0.0,2.007999914024158,0.0,0.0,5.540855200081509e-09,21.57997703552246,0.0,2.0,21.57997851834661,21.57997703552246
8.839229822158813,0.0,0.0,2.0079999140956475,0.0,0.0,8.323966568635986e-09,21.646642684936523,0.0,2.0,21.64664416319401,21.646642684936523
8.84928584098816,0.0,0.0,2.0079999141821356,0.0,0.0,8.60659610357378e-09,21.646642684936523,0.0,2.0,21.646644163194043,21.646642684936523
8.859238862991333,0.0,0.0,2.007999914261445,0.0,0.0,6.983704893690617e-09,21.646642684936523,0.0,2.0,21.646644163194075,21.646642684936523
8.869227409362793,0.0,0.0,2.007999914317116,0.0,0.0,3.949169191101143e-09,21.713314056396484,0.0,2.0,21.713315530115022,21.713314056396484
8.879272937774658,0.0,0.0,2.0079999143369527,0.0,0.0,-1.311384910569013e-10,21.713314056396484,0.0,2.0,21.71331553011503,21.713314056396484
8.889243364334106,0.0,0.0,2.0079999143119194,0.0,0.0,-4.986173070091231e-09,21.713314056396484,0.0,2.0,21.713315530115022,21.713314056396484
8.899226188659668,0.0,0.0,2.0079999142381495,0.0,0.0,-9.375538622755731e-09,21.779996871948242,0.0,2.0,21.779998341154734,21.779996871948242
8.909247875213623,0.0,0.0,2.007999914132204,0.0,0.0,-1.1476966770512763e-08,21.779996871948242,0.0,2.0,21.779998341154695,21.779996871948242
8.919239521026611,0.0,0.0,2.0079999140144205,0.0,0.0,-1.1830330904053797e-08,21.779996871948242,0.0,2.0,21.779998341154652,21.779996871948242
8.929218292236328,0.0,0.0,2.0079999138999027,0.0,0.0,-1.0888697352897936e-08,21.846649169921875,0.0,2.0,21.84665063464582,21.846649169921875
8.93919825553894,0.0,0.0,2.007999913799834,0.0,0.0,-8.987705969602892e-09,21.846649169921875,0.0,2.0,21.846650634645783,21.846649169921875
8.94929838180542,0.0,0.0,2.0079999137225077,0.0,0.0,-6.376004838226751e-09,21.846649169921875,0.0,2.0,21.846650634645755,21.846649169921875
8.95925521850586,0.0,0.0,2.007999913674063,0.0,0.0,-3.2377969736915765e-09,21.846649169921875,0.0,2.0,21.846650634645737,21.846649169921875
8.969176530838013,0.0,0.0,2.007999913659047,0.0,0.0,2.904566607481561e-10,21.91330909729004,0.0,2.0,21.91331055755823,21.91330909729004
8.979276895523071,0.0,0.0,2.0079999136808317,0.0,0.0,4.10766335939665e-09,21.91330909729004,0.0,2.0,21.913310557558237,21.91330909729004
8.989205837249756,0.0,0.0,2.0079999137419113,0.0,0.0,8.138931686572106e-09,21.91330909729004,0.0,2.0,21.91331055755826,21.91330909729004
8.999234437942505,0.0,0.0,2.0079999138413096,0.0,0.0,1.1289179970577242e-08,21.97998046875,0.0,2.0,21.97998192458886,21.97998046875
9.009258508682251,0.0,0.0,2.0079999139588773,0.0,0.0,1.1843791169553726e-08,21.97998046875,0.0,2.0,21.979981924588902,21.97998046875
9.019201278686523,0.0,0.0,2.0079999140716165,0.0,0.0,1.0422388973684608e-08,21.97998046875,0.0,2.0,21.97998192458894,21.97998046875
9.029221534729004,0.0,0.0,2.007999914162459,0.0,0.0,7.537120111305135e-09,22.04664421081543,0.0,2.0,22.0466456622523,22.04664421081543
9.039186239242554,0.0,0.0,2.007999914218755,0.0,0.0,3.567392074769005e-09,22.04664421081543,0.0,2.0,22.04664566225232,22.04664421081543
9.049266576766968,0.0,0.0,2.007999914231136,0.0,0.0,-1.2057231572515144e-09,22.04664421081543,0.0,2.0,22.046645662252324,22.04664421081543
9.059255599975586,0.0,0.0,2.0079999141954876,0.0,0.0,-5.534401384490998e-09,22.04664421081543,0.0,2.0,22.04664566225231,22.04664421081543
9.069186687469482,0.0,0.0,2.007999914128189,0.0,0.0,-7.59087127431e-09,22.11332130432129,0.0,2.0,22.11332275138171,22.11332130432129
9.079277992248535,0.0,0.0,2.007999914049442,0.0,0.0,-7.910929503781012e-09,22.11332130432129,0.0,2.0,22.11332275138168,22.11332130432129
9.089211225509644,0.0,0.0,2.007999913974246,0.0,0.0,-6.944622332396148e-09,22.11332130432129,0.0,2.0,22.113322751381652,22.11332130432129
9.099214315414429,0.0,0.0,2.0079999139137166,0.0,0.0,-5.025352259184442e-09,22.17997169494629,0.0,2.0,22.17997313765824,22.17997169494629
9.10926628112793,0.0,0.0,2.007999913876086,0.0,0.0,-2.4001099271637517e-09,22.17997169494629,0.0,2.0,22.179973137658227,22.17997169494629
9.119205713272095,0.0,0.0,2.0079999138674536,0.0,0.0,7.481296069788925e-10,22.17997169494629,0.0,2.0,22.179973137658227,22.17997169494629
9.12924838066101,0.0,0.0,2.0079999138923377,0.0,0.0,4.283814916324633e-09,22.17997169494629,0.0,2.0,22.179973137658234,22.17997169494629
9.139234066009521,0.0,0.0,2.0079999139512603,0.0,0.0,7.0669262848826615e-09,22.246639251708984,0.0,2.0,22.246640690097507,22.246639251708984
9.14924931526184,0.0,0.0,2.0079999140251785,0.0,0.0,7.3495558198248304e-09,22.246639251708984,0.0,2.0,22.246640690097532,22.246639251708984
9.15922498703003,0.0,0.0,2.0079999140919194,0.0,0.0,5.7266646099456495e-09,22.246639251708984,0.0,2.0,22.246640690097557,22.246639251708984
9.169208526611328,0.0,0.0,2.0079999141350218,0.0,0.0,2.6921289073588667e-09,22.313308715820312,0.0,2.0,22.31331014991117,22.313308715820312
9.17928409576416,0.0,0.0,2.007999914142287,0.0,0.0,-1.388178774798353e-09,22.313308715820312,0.0,2.0,22.313310149911175,22.313308715820312
9.189218282699585,0.0,0.0,2.007999914104683,0.0,0.0,-6.243213353830977e-09,22.313308715820312,0.0,2.0,22.31331014991116,22.313308715820312
9.199211597442627,0.0,0.0,2.007999914018342,0.0,0.0,-1.0632578906491121e-08,22.379974365234375,0.0,2.0,22.379975795053312,22.379974365234375
9.209241151809692,0.0,0.0,2.007999913899827,0.0,0.0,-1.2734007054242038e-08,22.379974365234375,0.0,2.0,22.37997579505327,22.379974365234375
9.219200372695923,0.0,0.0,2.0079999137694724,0.0,0.0,-1.3087371187776306e-08,22.379974365234375,0.0,2.0,22.379975795053223,22.379974365234375
9.229293823242188,0.0,0.0,2.007999913642384,0.0,0.0,-1.2145737636613859e-08,22.379974365234375,0.0,2.0,22.379975795053177,22.379974365234375
9.239222288131714,0.0,0.0,2.0079999135297464,0.0,0.0,-1.024474625331302e-08,22.446640014648438,0.0,2.0,22.44664144022069,22.446640014648438
9.249267816543579,0.0,0.0,2.007999913439849,0.0,0.0,-7.633045121932322e-09,22.446640014648438,0.0,2.0,22.44664144022066,22.446640014648438
9.259242534637451,0.0,0.0,2.0079999133788333,0.0,0.0,-4.494837257394168e-09,22.446640014648438,0.0,2.0,22.44664144022064,22.446640014648438
9.26920199394226,0.0,0.0,2.0079999133512465,0.0,0.0,-9.665836229532738e-10,22.513309478759766,0.0,2.0,22.513310900110362,22.513309478759766
9.279282331466675,0.0,0.0,2.0079999133604622,0.0,0.0,2.8506230756960993e-09,22.513309478759766,0.0,2.0,22.513310900110362,22.513309478759766
9.289215087890625,0.0,0.0,2.00799991340897,0.0,0.0,6.881891402874542e-09,22.513309478759766,0.0,2.0,22.51331090011038,22.513309478759766
9.29922866821289,0.0,0.0,2.0079999134957984,0.0,0.0,1.0032139686884747e-08,22.57996940612793,0.0,2.0,22.579970823282505,22.57996940612793
9.309268951416016,0.0,0.0,2.0079999136007953,0.0,0.0,1.0586750885867296e-08,22.57996940612793,0.0,2.0,22.579970823282544,22.57996940612793
9.319222688674927,0.0,0.0,2.007999913700965,0.0,0.0,9.16534869000398e-09,22.57996940612793,0.0,2.0,22.57997082328258,22.57996940612793
9.329245567321777,0.0,0.0,2.0079999137792366,0.0,0.0,6.280079827629115e-09,22.57996940612793,0.0,2.0,22.579970823282604,22.57996940612793
9.339197158813477,0.0,0.0,2.007999913822963,0.0,0.0,2.3103517910957044e-09,22.646642684936523,0.0,2.0,22.646644097919015,22.646642684936523
9.34928035736084,0.0,0.0,2.007999913822773,0.0,0.0,-2.4627634409241033e-09,22.646642684936523,0.0,2.0,22.646644097919015,22.646642684936523
9.359217643737793,0.0,0.0,2.0079999137745563,0.0,0.0,-6.791441668161303e-09,22.646642684936523,0.0,2.0,22.646644097918998,22.646642684936523
9.369184494018555,0.0,0.0,2.0079999136946864,0.0,0.0,-8.847911557976299e-09,22.71331024169922,0.0,2.0,22.713311650534312,22.71331024169922
9.379268884658813,0.0,0.0,2.0079999136033693,0.0,0.0,-9.167969787442684e-09,22.71331024169922,0.0,2.0,22.71331165053428,22.71331024169922
9.389225482940674,0.0,0.0,2.0079999135156026,0.0,0.0,-8.201662616053392e-09,22.71331024169922,0.0,2.0,22.71331165053425,22.71331024169922
9.399216651916504,0.0,0.0,2.007999913442502,0.0,0.0,-6.282392542838043e-09,22.77997589111328,0.0,2.0,22.77997729582533,22.77997589111328
9.409277439117432,0.0,0.0,2.0079999133923,0.0,0.0,-3.657150210814957e-09,22.77997589111328,0.0,2.0,22.77997729582531,22.77997589111328
9.419198274612427,0.0,0.0,2.0079999133710964,0.0,0.0,-5.089106766714828e-10,22.77997589111328,0.0,2.0,22.779977295825304,22.77997589111328
9.429252862930298,0.0,0.0,2.0079999133834106,0.0,0.0,3.0267746326752767e-09,22.77997589111328,0.0,2.0,22.779977295825308,22.77997589111328
9.439194917678833,0.0,0.0,2.007999913429761,0.0,0.0,5.809886001236175e-09,22.846643447875977,0.0,2.0,22.846644848489007,22.846643447875977
9.449314832687378,0.0,0.0,2.007999913491108,0.0,0.0,6.092515536182027e-09,22.846643447875977,0.0,2.0,22.846644848489024,22.846643447875977
9.45925760269165,0.0,0.0,2.0079999135452793,0.0,0.0,4.469624326306135e-09,22.846643447875977,0.0,2.0,22.846644848489046,22.846643447875977
9.469192504882812,0.0,0.0,2.007999913575809,0.0,0.0,1.4350886237213569e-09,22.913314819335938,0.0,2.0,22.91331621587362,22.913314819335938
9.47927474975586,0.0,0.0,2.0079999135733306,0.0,0.0,-1.605618254839127e-09,22.913314819335938,0.0,2.0,22.91331621587362,22.913314819335938
9.489206075668335,0.0,0.0,2.0079999135503295,0.0,0.0,-2.7079354539064728e-09,22.913314819335938,0.0,2.0,22.913316215873614,22.913314819335938
9.499210119247437,0.0,0.0,2.0079999135241215,0.0,0.0,-2.3211399888104132e-09,22.9799747467041,0.0,2.0,22.979976139190715,22.9799747467041
9.509464740753174,0.0,0.0,2.007999913507573,0.0,0.0,-8.311827419291154e-10,22.9799747467041,0.0,2.0,22.97997613919071,22.9799747467041
9.519213676452637,0.0,0.0,2.007999913510213,0.0,0.0,1.476016927912256e-09,22.9799747467041,0.0,2.0,22.97997613919071,22.9799747467041
9.529219388961792,0.0,0.0,2.0079999135391042,0.0,0.0,4.388644547027716e-09,23.046640396118164,0.0,2.0,23.04664178457682,23.046640396118164
9.539200067520142,0.0,0.0,2.007999913596649,0.0,0.0,6.71018343813451e-09,23.046640396118164,0.0,2.0,23.04664178457684,23.046640396118164
9.549296140670776,0.0,0.0,2.0079999136652025,0.0,0.0,6.650871672541457e-09,23.046640396118164,0.0,2.0,23.046641784576863,23.046640396118164
9.559239387512207,0.0,0.0,2.007999913723626,0.0,0.0,4.774664161660958e-09,23.046640396118164,0.0,2.0,23.046641784576885,23.046640396118164
9.569187879562378,0.0,0.0,2.007999913756221,0.0,0.0,1.552467151743171e-09,23.11331558227539,0.0,2.0,23.113316966728824,23.11331558227539
9.579309225082397,0.0,0.0,2.0079999137541895,0.0,0.0,-1.6272626633983606e-09,23.11331558227539,0.0,2.0,23.11331696672882,23.11331558227539
9.589202404022217,0.0,0.0,2.0079999137304294,0.0,0.0,-2.832570630296402e-09,23.11331558227539,0.0,2.0,23.113316966728814,23.11331558227539
9.599197387695312,0.0,0.0,2.007999913702575,0.0,0.0,-2.522072643084641e-09,23.17997169494629,0.0,2.0,23.17997307541858,23.17997169494629
9.609270095825195,0.0,0.0,2.007999913683718,0.0,0.0,-1.088637991990491e-09,23.17997169494629,0.0,2.0,23.179973075418577,23.17997169494629
9.619220733642578,0.0,0.0,2.0079999136835656,0.0,0.0,1.1766886336050612e-09,23.17997169494629,0.0,2.0,23.179973075418577,23.17997169494629
9.629211187362671,0.0,0.0,2.007999913709301,0.0,0.0,4.0582959804411414e-09,23.246646881103516,0.0,2.0,23.24664825761639,23.246646881103516
9.639253854751587,0.0,0.0,2.0079999137634235,0.0,0.0,6.356854472998256e-09,23.246646881103516,0.0,2.0,23.24664825761641,23.246646881103516
9.649306058883667,0.0,0.0,2.0079999138283555,0.0,0.0,6.280518380552783e-09,23.246646881103516,0.0,2.0,23.24664825761643,23.246646881103516
9.659302473068237,0.0,0.0,2.0079999138830096,0.0,0.0,4.391698893178075e-09,23.246646881103516,0.0,2.0,23.246648257616453,23.246646881103516
9.669191122055054,0.0,0.0,2.0079999139117257,0.0,0.0,1.1601586218057625e-09,23.313310623168945,0.0,2.0,23.313311995745792,23.313310623168945
9.679271936416626,0.0,0.0,2.007999913905731,0.0,0.0,-2.0264928312775036e-09,23.313310623168945,0.0,2.0,23.31331199574579,23.313310623168945
9.689200639724731,0.0,0.0,2.0079999138779523,0.0,0.0,-3.236928505466877e-09,23.313310623168945,0.0,2.0,23.313311995745778,23.313310623168945
9.69922685623169,0.0,0.0,2.007999913846033,0.0,0.0,-2.9302291944604904e-09,23.379974365234375,0.0,2.0,23.379975733897545,23.379974365234375
9.709287405014038,0.0,0.0,2.0079999138230806,0.0,0.0,-1.4996086544343953e-09,23.379974365234375,0.0,2.0,23.37997573389754,23.379974365234375
9.719213724136353,0.0,0.0,2.0079999138188045,0.0,0.0,7.636331917385571e-10,23.379974365234375,0.0,2.0,23.37997573389754,23.379974365234375
9.729193449020386,0.0,0.0,2.0079999138404,0.0,0.0,3.6436960762930286e-09,23.446643829345703,0.0,2.0,23.446645194117142,23.446643829345703
9.739228248596191,0.0,0.0,2.0079999138903704,0.0,0.0,5.9411104055304656e-09,23.446643829345703,0.0,2.0,23.44664519411716,23.446643829345703
9.749264478683472,0.0,0.0,2.007999913951142,0.0,0.0,5.863926708223769e-09,23.446643829345703,0.0,2.0,23.446645194117178,23.446643829345703
9.759220838546753,0.0,0.0,2.0079999140016276,0.0,0.0,3.974479259516251e-09,23.446643829345703,0.0,2.0,23.446645194117195,23.446643829345703
9.769197702407837,0.0,0.0,2.00799991402617,0.0,0.0,7.424738350033614e-10,23.513221740722656,0.0,2.0,23.513223101629794,23.513221740722656
9.779255390167236,0.0,0.0,2.0079999140159974,0.0,0.0,-2.4445221759803584e-09,23.513221740722656,0.0,2.0,23.51322310162979,23.513221740722656
9.789212465286255,0.0,0.0,2.0079999139840368,0.0,0.0,-3.6552130326014143e-09,23.513221740722656,0.0,2.0,23.51322310162978,23.513221740722656
9.79922103881836,0.0,0.0,2.007999913947935,0.0,0.0,-3.3487027939866868e-09,23.57997703552246,0.0,2.0,23.579978392576823,23.57997703552246
9.80928635597229,0.0,0.0,2.0079999139207985,0.0,0.0,-1.918222288461888e-09,23.57997703552246,0.0,2.0,23.579978392576812,23.57997703552246
9.81921672821045,0.0,0.0,2.0079999139123372,0.0,0.0,3.44915846514015e-10,23.57997703552246,0.0,2.0,23.57997839257681,23.57997703552246
9.82919692993164,0.0,0.0,2.0079999139297464,0.0,0.0,3.224901883803068e-09,23.646642684936523,0.0,2.0,23.64664403816501,23.646642684936523
9.839200496673584,0.0,0.0,2.007999913975527,0.0,0.0,5.522259292569268e-09,23.646642684936523,0.0,2.0,23.64664403816503,23.646642684936523
9.84927487373352,0.0,0.0,2.00799991403211,0.0,0.0,5.445033409380256e-09,23.646642684936523,0.0,2.0,23.646644038165046,23.646642684936523
9.859293937683105,0.0,0.0,2.0079999140784057,0.0,0.0,3.5555547562808424e-09,23.646642684936523,0.0,2.0,23.64664403816506,23.646642684936523
9.869210243225098,0.0,0.0,2.0079999140987583,0.0,0.0,3.235261988199106e-10,23.713306427001953,0.0,2.0,23.71330777642625,23.713306427001953
9.879295349121094,0.0,0.0,2.0079999140843965,0.0,0.0,-2.8634869056409498e-09,23.713306427001953,0.0,2.0,23.713307776426248,23.713306427001953
9.889237642288208,0.0,0.0,2.0079999140482463,0.0,0.0,-4.074190437799332e-09,23.713306427001953,0.0,2.0,23.713307776426234,23.713306427001953
9.899230003356934,0.0,0.0,2.0079999140079545,0.0,0.0,-3.767689523224828e-09,23.779972076416016,0.0,2.0,23.779973422057257,23.779972076416016
9.909263849258423,0.0,0.0,2.007999913976626,0.0,0.0,-2.3372159811781957e-09,23.779972076416016,0.0,2.0,23.779973422057246,23.779972076416016
9.919256687164307,0.0,0.0,2.0079999139639733,0.0,0.0,-7.408299661117272e-11,23.779972076416016,0.0,2.0,23.779973422057243,23.779972076416016
9.929193258285522,0.0,0.0,2.007999913977192,0.0,0.0,2.805899230674458e-09,23.84664535522461,0.0,2.0,23.846646697103537,23.84664535522461
9.93919563293457,0.0,0.0,2.007999914018783,0.0,0.0,5.1032537759842396e-09,23.84664535522461,0.0,2.0,23.84664669710355,23.84664535522461
9.949285745620728,0.0,0.0,2.0079999140711755,0.0,0.0,5.026025782138941e-09,23.84664535522461,0.0,2.0,23.84664669710357,23.84664535522461
9.959269762039185,0.0,0.0,2.0079999141132814,0.0,0.0,3.1365455353251336e-09,23.84664535522461,0.0,2.0,23.846646697103584,23.84664535522461
9.969212770462036,0.0,0.0,2.007999914129446,0.0,0.0,-9.548417566278697e-11,23.913311004638672,0.0,2.0,23.913312342776756,23.913311004638672
9.979274034500122,0.0,0.0,2.0079999141108944,0.0,0.0,-3.2824982194250802e-09,23.913311004638672,0.0,2.0,23.91331234277675,23.913311004638672
9.989216804504395,0.0,0.0,2.0079999140705542,0.0,0.0,-4.493202450858436e-09,23.913311004638672,0.0,2.0,23.913312342776734,23.913311004638672
9.999217748641968,0.0,0.0,2.0079999140260725,0.0,0.0,-4.186702073312576e-09,23.979976654052734,0.0,2.0,23.979977988470687,23.979976654052734
10.009262323379517,0.0,0.0,2.0079999139905547,0.0,0.0,-2.7562289182272e-09,23.979976654052734,0.0,2.0,23.979977988470676,23.979976654052734
10.019237756729126,0.0,0.0,2.007999913973715,0.0,0.0,-4.930962017666373e-10,23.979976654052734,0.0,2.0,23.97997798847067,23.979976654052734
10.029276847839355,0.0,0.0,2.0079999139827445,0.0,0.0,2.386885837125652e-09,23.979976654052734,0.0,2.0,23.979977988470672,23.979976654052734
10.039194583892822,0.0,0.0,2.007999914020145,0.0,0.0,4.684240293435429e-09,24.046640396118164,0.0,2.0,24.04664172683675,24.046640396118164
10.049277544021606,0.0,0.0,2.007999914068348,0.0,0.0,4.607012254445876e-09,24.046640396118164,0.0,2.0,24.046641726836764,24.046640396118164
10.05926775932312,0.0,0.0,2.0079999141062643,0.0,0.0,2.7175319767821727e-09,24.046640396118164,0.0,2.0,24.04664172683678,24.046640396118164
10.069193601608276,0.0,0.0,2.0079999141182383,0.0,0.0,-5.144977393092087e-10,24.113311767578125,0.0,2.0,24.113313094617414,24.113311767578125
10.079283237457275,0.0,0.0,2.007999914095496,0.0,0.0,-3.7015117830711277e-09,24.113311767578125,0.0,2.0,24.113313094617407,24.113311767578125
10.089231491088867,0.0,0.0,2.0079999140509663,0.0,0.0,-4.912216014503709e-09,24.113311767578125,0.0,2.0,24.11331309461739,24.113311767578125
10.099228382110596,0.0,0.0,2.0079999140022937,0.0,0.0,-4.6057156369570065e-09,24.179973602294922,0.0,2.0,24.17997492567565,24.179973602294922
10.109278440475464,0.0,0.0,2.0079999139625886,0.0,0.0,-3.1752424818709487e-09,24.179973602294922,0.0,2.0,24.17997492567564,24.179973602294922
10.119218826293945,0.0,0.0,2.007999913941558,0.0,0.0,-9.121097654100434e-10,24.179973602294922,0.0,2.0,24.179974925675634,24.179973602294922
10.12923288345337,0.0,0.0,2.0079999139463967,0.0,0.0,1.9678722734824065e-09,24.246639251708984,0.0,2.0,24.24664057145109,24.246639251708984
10.139225244522095,0.0,0.0,2.007999913979606,0.0,0.0,4.265226729792823e-09,24.246639251708984,0.0,2.0,24.2466405714511,24.246639251708984
10.149279356002808,0.0,0.0,2.007999914023616,0.0,0.0,4.187998690804108e-09,24.246639251708984,0.0,2.0,24.246640571451113,24.246639251708984
10.159259557723999,0.0,0.0,2.0079999140573404,0.0,0.0,2.298518413141054e-09,24.246639251708984,0.0,2.0,24.246640571451124,24.246639251708984
10.169201135635376,0.0,0.0,2.007999914065125,0.0,0.0,-9.33511302950122e-10,24.313310623168945,0.0,2.0,24.313311939292124,24.313310623168945
10.179303407669067,0.0,0.0,2.007999914038192,0.0,0.0,-4.12052534671159e-09,24.313310623168945,0.0,2.0,24.313311939292113,24.313310623168945
10.189226150512695,0.0,0.0,2.0079999139894715,0.0,0.0,-5.3312295781433276e-09,24.313310623168945,0.0,2.0,24.3133119392921,24.313310623168945
10.19922661781311,0.0,0.0,2.007999913936609,0.0,0.0,-5.024729200595699e-09,24.37990379333496,0.0,2.0,24.379905105863134,24.37990379333496
10.209310293197632,0.0,0.0,2.0079999138927125,0.0,0.0,-3.594256045508886e-09,24.37990379333496,0.0,2.0,24.37990510586312,24.37990379333496
10.219258546829224,0.0,0.0,2.0079999138674918,0.0,0.0,-1.331123329047561e-09,24.37990379333496,0.0,2.0,24.379905105863113,24.37990379333496
10.229283332824707,0.0,0.0,2.0079999138681415,0.0,0.0,1.5488587098450244e-09,24.37990379333496,0.0,2.0,24.379905105863116,24.37990379333496
10.23923659324646,0.0,0.0,2.0079999138999893,0.0,0.0,4.885814013870491e-09,24.446645736694336,0.0,2.0,24.446647045639157,24.446645736694336
10.24927830696106,0.0,0.0,2.0079999139669837,0.0,0.0,8.561303392286473e-09,24.446645736694336,0.0,2.0,24.44664704563918,24.446645736694336
10.259225368499756,0.0,0.0,2.0079999140692215,0.0,0.0,1.1447984219898016e-08,24.446645736694336,0.0,2.0,24.446647045639214,24.446645736694336
10.26919937133789,0.0,0.0,2.0079999141873546,0.0,0.0,1.1807339939319233e-08,24.5133056640625,0.0,2.0,24.513306969447953,24.5133056640625
10.279311656951904,0.0,0.0,2.007999914298972,0.0,0.0,1.0241288914070987e-08,24.5133056640625,0.0,2.0,24.513306969447992,24.5133056640625
10.289219617843628,0.0,0.0,2.0079999143874403,0.0,0.0,7.2488614384366095e-09,24.5133056640625,0.0,2.0,24.51330696944802,24.5133056640625
10.299206256866455,0.0,0.0,2.007999914440437,0.0,0.0,3.1997482698923737e-09,24.579978942871094,0.0,2.0,24.579980244715767,24.579978942871094
10.309327125549316,0.0,0.0,2.0079999144488334,0.0,0.0,-1.6321768663614744e-09,24.579978942871094,0.0,2.0,24.57998024471577,24.579978942871094
10.319243907928467,0.0,0.0,2.007999914408693,0.0,0.0,-6.0044225745278e-09,24.579978942871094,0.0,2.0,24.57998024471576,24.579978942871094
10.329254388809204,0.0,0.0,2.007999914336522,0.0,0.0,-8.093168077961802e-09,24.579978942871094,0.0,2.0,24.579980244715735,24.579978942871094
10.339233160018921,0.0,0.0,2.0079999142526264,0.0,0.0,-8.43713673199877e-09,24.64664649963379,0.0,2.0,24.646647797956998,24.64664649963379
10.349297046661377,0.0,0.0,2.007999914172076,0.0,0.0,-7.488542923844083e-09,24.64664649963379,0.0,2.0,24.646647797956973,24.64664649963379
10.359260320663452,0.0,0.0,2.0079999141060383,0.0,0.0,-5.582395246193257e-09,24.64664649963379,0.0,2.0,24.646647797956952,24.64664649963379
10.369409084320068,0.0,0.0,2.007999914062785,0.0,0.0,-2.966874172465103e-09,24.713314056396484,0.0,2.0,24.71331535121723,24.713314056396484
10.379302740097046,0.0,0.0,2.007999914048446,0.0,0.0,1.7416368554806162e-10,24.713314056396484,0.0,2.0,24.713315351217222,24.713314056396484
10.389217376708984,0.0,0.0,2.0079999140675615,0.0,0.0,3.704513860064901e-09,24.713314056396484,0.0,2.0,24.71331535121723,24.713314056396484
10.39922547340393,0.0,0.0,2.0079999141206692,0.0,0.0,6.4836728636958696e-09,24.77997589111328,0.0,2.0,24.779977182450782,24.77997589111328
10.409295320510864,0.0,0.0,2.0079999141887384,0.0,0.0,6.76337437504964e-09,24.77997589111328,0.0,2.0,24.779977182450803,24.77997589111328
10.419201374053955,0.0,0.0,2.0079999142496052,0.0,0.0,5.138313964091827e-09,24.77997589111328,0.0,2.0,24.779977182450825,24.77997589111328
10.429245233535767,0.0,0.0,2.0079999142868146,0.0,0.0,2.1021712780316426e-09,24.846656799316406,0.0,2.0,24.846658087188402,24.846656799316406
10.439233541488647,0.0,0.0,2.0079999142881753,0.0,0.0,-1.979326838540414e-09,24.846656799316406,0.0,2.0,24.846658087188402,24.846656799316406
10.449291229248047,0.0,0.0,2.007999914244655,0.0,0.0,-6.835243298074483e-09,24.846656799316406,0.0,2.0,24.846658087188388,24.846656799316406
10.459312438964844,0.0,0.0,2.0079999141523905,0.0,0.0,-1.122526214122241e-08,24.846656799316406,0.0,2.0,24.84665808718836,24.846656799316406
10.46918511390686,0.0,0.0,2.0079999140279443,0.0,0.0,-1.3327174291494873e-08,24.913312911987305,0.0,2.0,24.913314196413488,24.913312911987305
10.47930121421814,0.0,0.0,2.007999913891657,0.0,0.0,-1.3680897004416832e-08,24.913312911987305,0.0,2.0,24.913314196413445,24.913312911987305
10.489220142364502,0.0,0.0,2.00799991375863,0.0,0.0,-1.273952913919822e-08,24.913312911987305,0.0,2.0,24.9133141964134,24.913312911987305
10.499218940734863,0.0,0.0,2.0079999136400533,0.0,0.0,-1.0838734584431879e-08,24.979984283447266,0.0,2.0,24.9799855644452,24.979984283447266
10.509294509887695,0.0,0.0,2.0079999135442157,0.0,0.0,-8.227179247371988e-09,24.979984283447266,0.0,2.0,24.979985564445172,24.979984283447266
10.519250631332397,0.0,0.0,2.007999913477259,0.0,0.0,-5.089079315586799e-09,24.979984283447266,0.0,2.0,24.979985564445148,24.979984283447266
10.529250383377075,0.0,0.0,2.0079999134437303,0.0,0.0,-1.5609056179917046e-09,25.04665184020996,0.0,2.0,25.046653117798158,25.04665184020996
10.539212942123413,0.0,0.0,2.0079999134470006,0.0,0.0,2.2562418406800016e-09,25.04665184020996,0.0,2.0,25.046653117798158,25.04665184020996
10.549275398254395,0.0,0.0,2.0079999134895656,0.0,0.0,6.287466352377045e-09,25.04665184020996,0.0,2.0,25.046653117798172,25.04665184020996
10.5592782497406,0.0,0.0,2.0079999135704494,0.0,0.0,9.437682175658461e-09,25.04665184020996,0.0,2.0,25.046653117798197,25.04665184020996
10.569214344024658,0.0,0.0,2.007999913669501,0.0,0.0,9.992269310882038e-09,25.113304138183594,0.0,2.0,25.113305412381063,25.113304138183594
10.579323768615723,0.0,0.0,2.007999913763725,0.0,0.0,8.570849158200712e-09,25.113304138183594,0.0,2.0,25.11330541238109,25.113304138183594
10.589234828948975,0.0,0.0,2.007999913836052,0.0,0.0,5.685566895711369e-09,25.113304138183594,0.0,2.0,25.113305412381116,25.113304138183594
10.599217414855957,0.0,0.0,2.007999913873833,0.0,0.0,1.715828884403501e-09,25.17997169494629,0.0,2.0,25.1799729657702,25.17997169494629
10.60930585861206,0.0,0.0,2.007999913867699,0.0,0.0,-3.0572936961096375e-09,25.17997169494629,0.0,2.0,25.1799729657702,25.17997169494629
10.619254112243652,0.0,0.0,2.0079999138135367,0.0,0.0,-7.385977430257182e-09,25.17997169494629,0.0,2.0,25.179972965770183,25.17997169494629
10.629246473312378,0.0,0.0,2.0079999137277227,0.0,0.0,-9.442451394763589e-09,25.17997169494629,0.0,2.0,25.17997296577016,25.17997169494629
10.639196872711182,0.0,0.0,2.007999913630459,0.0,0.0,-9.76251268025042e-09,25.246644973754883,0.0,2.0,25.24664624122263,25.246644973754883
10.649282693862915,0.0,0.0,2.007999913536748,0.0,0.0,-8.796207780512632e-09,25.246644973754883,0.0,2.0,25.246646241222603,25.246644973754883
10.659319162368774,0.0,0.0,2.0079999134577022,0.0,0.0,-6.876939380769348e-09,25.246644973754883,0.0,2.0,25.246646241222578,25.246644973754883
10.669214725494385,0.0,0.0,2.0079999134015556,0.0,0.0,-4.251698285248957e-09,25.313310623168945,0.0,2.0,25.313311887298592,25.313310623168945
10.679287672042847,0.0,0.0,2.0079999133744075,0.0,0.0,-1.103459781428971e-09,25.313310623168945,0.0,2.0,25.313311887298582,25.313310623168945
10.689232349395752,0.0,0.0,2.007999913380775,0.0,0.0,2.4322247176407217e-09,25.313310623168945,0.0,2.0,25.313311887298585,25.313310623168945
10.699241876602173,0.0,0.0,2.007999913424006,0.0,0.0,6.254936335268527e-09,25.379974365234375,0.0,2.0,25.37997562604363,25.379974365234375
10.709279537200928,0.0,0.0,2.007999913506581,0.0,0.0,1.0290282817731178e-08,25.379974365234375,0.0,2.0,25.37997562604366,25.379974365234375
10.719213724136353,0.0,0.0,2.00799991362751,0.0,0.0,1.3443552328303363e-08,25.379974365234375,0.0,2.0,25.379975626043695,25.379974365234375
10.72925329208374,0.0,0.0,2.0079999137666342,0.0,0.0,1.4000401784200043e-08,25.379974365234375,0.0,2.0,25.379975626043738,25.379974365234375
10.7391996383667,0.0,0.0,2.0079999139009477,0.0,0.0,1.258065768351031e-08,25.446643829345703,0.0,2.0,25.446645086851827,25.446643829345703
10.749293327331543,0.0,0.0,2.0079999140133777,0.0,0.0,9.696617037292403e-09,25.446643829345703,0.0,2.0,25.446645086851863,25.446643829345703
10.759245872497559,0.0,0.0,2.0079999140912745,0.0,0.0,5.727798908577842e-09,25.446643829345703,0.0,2.0,25.446645086851888,25.446643829345703
10.769197225570679,0.0,0.0,2.007999914125264,0.0,0.0,9.553578584720542e-10,25.51331901550293,0.0,2.0,25.513320269722822,25.51331901550293
10.779275178909302,0.0,0.0,2.0079999141112284,0.0,0.0,-3.372820917630692e-09,25.51331901550293,0.0,2.0,25.51332026972282,25.51331901550293
10.789234638214111,0.0,0.0,2.0079999140655462,0.0,0.0,-5.4289208624550146e-09,25.51331901550293,0.0,2.0,25.5133202697228,25.51331901550293
10.7992262840271,0.0,0.0,2.0079999140084177,0.0,0.0,-5.748705094368808e-09,25.57997703552246,0.0,2.0,25.579978286473985,25.57997703552246
10.809345960617065,0.0,0.0,2.007999913954845,0.0,0.0,-4.78219497226666e-09,25.57997703552246,0.0,2.0,25.57997828647397,25.57997703552246
10.819253206253052,0.0,0.0,2.00799991391594,0.0,0.0,-2.8627745752536473e-09,25.57997703552246,0.0,2.0,25.579978286473956,25.57997703552246
10.829216241836548,0.0,0.0,2.0079999138999356,0.0,0.0,-2.374208406684687e-10,25.646644592285156,0.0,2.0,25.646645839984842,25.646644592285156
10.83922266960144,0.0,0.0,2.007999913912929,0.0,0.0,2.9109011434802976e-09,25.646644592285156,0.0,2.0,25.64664583998485,25.646644592285156
10.849260807037354,0.0,0.0,2.0079999139594404,0.0,0.0,6.446647559819527e-09,25.646644592285156,0.0,2.0,25.64664583998486,25.646644592285156
10.859232664108276,0.0,0.0,2.0079999140399885,0.0,0.0,9.229804172813977e-09,25.646644592285156,0.0,2.0,25.64664583998489,25.646644592285156
10.869194746017456,0.0,0.0,2.007999914135535,0.0,0.0,9.512467218844661e-09,25.71332359313965,0.0,2.0,25.713324837603913,25.71332359313965
10.879305362701416,0.0,0.0,2.0079999142239027,0.0,0.0,7.889600789845776e-09,25.71332359313965,0.0,2.0,25.713324837603942,25.71332359313965
10.889214515686035,0.0,0.0,2.007999914288633,0.0,0.0,4.8550834624373764e-09,25.71332359313965,0.0,2.0,25.71332483760396,25.71332359313965
10.899208307266235,0.0,0.0,2.007999914317528,0.0,0.0,7.747894142993855e-10,25.77997589111328,0.0,2.0,25.779977132360127,25.77997589111328
10.909445524215698,0.0,0.0,2.007999914301552,0.0,0.0,-4.080235113643953e-09,25.77997589111328,0.0,2.0,25.779977132360123,25.77997589111328
10.919240474700928,0.0,0.0,2.0079999142368417,0.0,0.0,-8.469593240292117e-09,25.77997589111328,0.0,2.0,25.779977132360102,25.77997589111328
10.929219245910645,0.0,0.0,2.0079999141399547,0.0,0.0,-1.0571015905908883e-08,25.846643447875977,0.0,2.0,25.84664468592116,25.846643447875977
10.939223766326904,0.0,0.0,2.0079999140312315,0.0,0.0,-1.0924376037943559e-08,25.846643447875977,0.0,2.0,25.846644685921124,25.846643447875977
10.949270009994507,0.0,0.0,2.007999913925772,0.0,0.0,-9.982739573144775e-09,25.846643447875977,0.0,2.0,25.846644685921092,25.846643447875977
10.95924186706543,0.0,0.0,2.0079999138347646,0.0,0.0,-8.081745990110307e-09,25.846643447875977,0.0,2.0,25.846644685921063,25.846643447875977
10.969212055206299,0.0,0.0,2.0079999137664974,0.0,0.0,-5.470043186192449e-09,25.91330909729004,0.0,2.0,25.913310332150058,25.91330909729004
10.979318141937256,0.0,0.0,2.007999913727111,0.0,0.0,-2.3318340349019097e-09,25.91330909729004,0.0,2.0,25.913310332150047,25.91330909729004
10.989251136779785,0.0,0.0,2.0079999137211546,0.0,0.0,1.1964206120870142e-09,25.91330909729004,0.0,2.0,25.913310332150044,25.91330909729004
10.999219179153442,0.0,0.0,2.0079999137519993,0.0,0.0,5.0136280536085655e-09,25.979978561401367,0.0,2.0,25.9799797930925,25.979978561401367
11.009312391281128,0.0,0.0,2.007999913822138,0.0,0.0,9.044896994084697e-09,25.979978561401367,0.0,2.0,25.97997979309252,25.979978561401367
11.019280433654785,0.0,0.0,2.0079999139305955,0.0,0.0,1.2195145718587166e-08,25.979978561401367,0.0,2.0,25.979979793092557,25.979978561401367
11.029282569885254,0.0,0.0,2.007999914057221,0.0,0.0,1.274975720382235e-08,25.979978561401367,0.0,2.0,25.979979793092596,25.979978561401367
11.039244413375854,0.0,0.0,2.0079999141790177,0.0,0.0,1.1328355210848085e-08,26.04664421081543,0.0,2.0,26.046645439354215,26.04664421081543
11.04929780960083,0.0,0.0,2.007999914278921,0.0,0.0,8.4430864945778e-09,26.04664421081543,0.0,2.0,26.046645439354247,26.04664421081543
11.059247255325317,0.0,0.0,2.0079999143442766,0.0,0.0,4.473358572345992e-09,26.04664421081543,0.0,2.0,26.04664543935427,26.04664421081543
11.069202184677124,0.0,0.0,2.0079999143657177,0.0,0.0,-2.9975655312363163e-10,26.113304138183594,0.0,2.0,26.113305363586324,26.113304138183594
11.079401731491089,0.0,0.0,2.00799991433913,0.0,0.0,-4.628434734452289e-09,26.113304138183594,0.0,2.0,26.113305363586317,26.113304138183594
11.089288711547852,0.0,0.0,2.007999914280892,0.0,0.0,-6.684904595842562e-09,26.113304138183594,0.0,2.0,26.1133053635863,26.113304138183594
11.099202156066895,0.0,0.0,2.0079999142112044,0.0,0.0,-7.004962796858315e-09,26.113304138183594,0.0,2.0,26.113305363586278,26.113304138183594
11.109216213226318,0.0,0.0,2.0079999141450684,0.0,0.0,-6.038655599288185e-09,26.113304138183594,0.0,2.0,26.113305363586257,26.113304138183594
11.119288444519043,0.0,0.0,2.0079999140935976,0.0,0.0,-4.119385486217703e-09,26.17997932434082,0.0,2.0,26.17998054662261,26.17997932434082
11.129311323165894,0.0,0.0,2.0079999140650258,0.0,0.0,-1.4941431258440728e-09,26.17997932434082,0.0,2.0,26.179980546622602,26.17997932434082
11.139215230941772,0.0,0.0,2.007999914065453,0.0,0.0,1.6540964202001482e-09,26.17997932434082,0.0,2.0,26.179980546622602,26.17997932434082
11.149324655532837,0.0,0.0,2.007999914099396,0.0,0.0,5.1897817295447346e-09,26.17997932434082,0.0,2.0,26.179980546622613,26.17997932434082
11.159270763397217,0.0,0.0,2.007999914167376,0.0,0.0,7.97289309810028e-09,26.268966674804688,0.0,2.0,26.268967892945966,26.268966674804688
11.169234275817871,0.0,0.0,2.007999914250353,0.0,0.0,8.255522633039372e-09,26.268966674804688,0.0,2.0,26.268967892945987,26.268966674804688
11.179235696792603,0.0,0.0,2.0079999143261547,0.0,0.0,6.632631423157383e-09,26.268966674804688,0.0,2.0,26.268967892946012,26.268966674804688
11.189241886138916,0.0,0.0,2.007999914378314,0.0,0.0,3.598095720568732e-09,26.34756088256836,0.0,2.0,26.34756209707601,26.34756088256836
11.199209690093994,0.0,0.0,2.0079999143946408,0.0,0.0,-4.822119615890345e-10,26.34756088256836,0.0,2.0,26.34756209707602,26.34756088256836
11.209203481674194,0.0,0.0,2.007999914366097,0.0,0.0,-5.337246540622956e-09,26.34756088256836,0.0,2.0,26.347562097076008,26.34756088256836
11.219224691390991,0.0,0.0,2.0079999142888165,0.0,0.0,-9.726612093286303e-09,26.402847290039062,0.0,2.0,26.40284850200356,26.402847290039062
11.229225158691406,0.0,0.0,2.007999914179359,0.0,0.0,-1.1828040241041699e-08,26.402847290039062,0.0,2.0,26.40284850200353,26.402847290039062
11.2391996383667,0.0,0.0,2.0079999140580655,0.0,0.0,-1.2181404374580912e-08,26.402847290039062,0.0,2.0,26.40284850200349,26.402847290039062
11.249208211898804,0.0,0.0,2.0079999139400364,0.0,0.0,-1.1239770823423277e-08,26.402847290039062,0.0,2.0,26.402848502003458,26.402847290039062
11.259251594543457,0.0,0.0,2.0079999138364584,0.0,0.0,-9.338779440126685e-09,26.464500427246094,0.0,2.0,26.464501636387,26.464500427246094
11.269198656082153,0.0,0.0,2.0079999137556213,0.0,0.0,-6.727078308749345e-09,26.464500427246094,0.0,2.0,26.464501636386974,26.464500427246094
11.279231071472168,0.0,0.0,2.007999913703666,0.0,0.0,-3.5888704442134084e-09,26.544187545776367,0.0,2.0,26.544188751287322,26.544187545776367
11.289239168167114,0.0,0.0,2.00799991368514,0.0,0.0,-6.061680977341988e-11,26.544187545776367,0.0,2.0,26.54418875128732,26.544187545776367
11.299240827560425,0.0,0.0,2.007999913703415,0.0,0.0,3.756589888875378e-09,26.544187545776367,0.0,2.0,26.544188751287322,26.544187545776367
11.309218645095825,0.0,0.0,2.007999913760984,0.0,0.0,7.787858216051742e-09,26.544187545776367,0.0,2.0,26.54418875128734,26.544187545776367
11.31923222541809,0.0,0.0,2.007999913856872,0.0,0.0,1.0938106500058363e-08,26.595670700073242,0.0,2.0,26.59567190325065,26.595670700073242
11.329208135604858,9.47630625825486e-12,-1.1724051977239601e-12,2.007999878741549,1.178317968743763e-08,-1.4606693716463853e-09,-2.5463594111282685e-05,26.595670700073242,0.0,2.0,26.595671903230613,26.595670700063767
11.339190244674683,4.6535076809066665e-09,-5.895744962470145e-10,2.0079987648994777,1.6298994796783198e-06,-2.0786555589966886e-07,-0.00021429531949110174,26.595670700073242,0.0,2.0,26.595671898251563,26.595670695419734
11.349215030670166,6.419260790155042e-08,-8.318113967241332e-09,2.007995466319121,1.2911732485043984e-05,-1.6908134276096042e-06,-0.00048079067130836267,26.595670700073242,0.0,2.0,26.59567183772061,26.595670635880634
11.359238386154175,3.445793011265382e-07,-4.535740883579526e-08,2.0079879164636396,4.9077092971034386e-05,-6.5024327536013895e-06,-0.0010521105790168026,26.666433334350586,0.0,2.0,26.666434186159417,26.666432989771284
11.369200468063354,1.2085021745614103e-06,-1.5990661504829283e-07,2.0079745453177558,0.00013417327804765428,-1.7796366584345663e-05,-0.0016412983530168918,26.666433334350586,0.0,2.0,26.66643331823462,26.666432125848413
11.379212379455566,3.2885724712603503e-06,-4.360105509093853e-07,2.0079542478975227,0.00029774066137230925,-3.954918116981062e-05,-0.002408749500537683,26.743026733398438,0.0,2.0,26.743024627752394,26.743023444825965
11.389195680618286,7.541758112446708e-06,-1.001834635394075e-06,2.007927202371936,0.000574669816356329,-7.657948290407672e-05,-0.0029791678291189332,26.743026733398438,0.0,2.0,26.74302036653641,26.743019191640343
11.399200677871704,1.5273113894848205e-05,-2.0354565269059118e-06,2.0078947918594925,0.0009991568225719493,-0.00013400750457965465,-0.0034529626913261074,26.743026733398438,0.0,2.0,26.743012625593494,26.74301146028462
11.40919542312622,2.8132101120780184e-05,-3.7686597242742295e-06,2.0078595246230293,0.0016055291487180497,-0.0002174215220795921,-0.0035296131622655773,26.743026733398438,0.0,2.0,26.742999756219042,26.74299860129758
11.419193029403687,4.808624283020791e-05,-6.488493888748847e-06,2.00782560794315,0.002422479307208685,-0.0003322063968113605,-0.003189713802945127,26.743026733398438,0.0,2.0,26.74297979213241,26.74297864715639
11.429217338562012,7.735717454716093e-05,-1.0533729229373425e-05,2.0077965922953274,0.0034716499667970624,-0.00048322323243420206,-0.0026018837617364835,26.795652389526367,0.0,2.0,26.795576166624198,26.79557503235389
11.43918514251709,0.00011833174969293706,-1.6286168938822166e-05,2.0077731102277405,0.004764517429121407,-0.0006742025325401971,-0.0021375199282202455,26.795652389526367,0.0,2.0,26.79553518523147,26.795534057781623
11.449225425720215,0.00017348121103775256,-2.4161598338599856e-05,2.0077528008953753,0.006307552811705299,-0.0009083349490608674,-0.001966108587718154,26.795652389526367,0.0,2.0,26.79548002989454,26.79547890832622
11.459264278411865,0.0002453351924274705,-3.460683102617262e-05,2.007733376484363,0.00810582930148007,-0.001188577404106652,-0.0019411599311415057,26.88173484802246,0.0,2.0,26.88149062523692,26.88148951285231
11.469199895858765,0.00033644136651531434,-4.809230826846834e-05,2.007713348986738,0.010155859416464732,-0.0015163364802985798,-0.002156181875130511,26.88173484802246,0.0,2.0,26.8813995133332,26.881398406698963
11.47919487953186,0.0004492165983825559,-6.508270971464933e-05,2.0076871172457005,0.012437276597536882,-0.0018890173477915694,-0.0032108625625695167,26.94155502319336,0.0,2.0,26.94110690335779,26.941105806673587
11.489208698272705,0.000585953662314012,-8.601133096954035e-05,2.0076477024020227,0.014947964890935668,-0.0023030635344350684,-0.004724702419928231,26.94155502319336,0.0,2.0,26.940970155140636,26.94096906966834
11.499229669570923,0.0007489186817733229,-0.00011125508897963435,2.00759179110058,0.01768271448916438,-0.002750490176760439,-0.006447117830913333,26.94155502319336,0.0,2.0,26.940807174406608,26.940806104741306
11.509217023849487,0.0009403708454218695,-0.00014109869960909053,2.0075198204669733,0.020644764636243536,-0.0032208859829119777,-0.007904795339409687,26.94155502319336,0.0,2.0,26.940615702205342,26.94061465271743
11.519230604171753,0.0011625305458742802,-0.0001756996293151407,2.007434221837299,0.023824253659410537,-0.0036996496103304387,-0.009130960553373738,26.997995376586914,0.0,2.0,26.996833870207915,26.99683284661278
11.529186010360718,0.0014176202006453765,-0.00021507798806811584,2.0073397886446744,0.027232929157135505,-0.004174319624113502,-0.009587871785326656,26.997995376586914,0.0,2.0,26.996578755008304,26.996577757243013
11.539182662963867,0.0017079804108541495,-0.00025913102330440513,2.007246075214753,0.030877878860992802,-0.004632395568027768,-0.008995477765728578,26.997995376586914,0.0,2.0,26.99628836987947,26.996287397419728
11.5491783618927,0.0020359336601953734,-0.00030762740910316073,2.0071625288405506,0.034750092621671815,-0.005061091686464425,-0.007594589257914234,26.997995376586914,0.0,2.0,26.995960394855345,26.99595944467947
11.559213638305664,0.0024037334195206417,-0.0003602246970675361,2.0070966417265867,0.03884703116637716,-0.005451392185359124,-0.005473856112696522,26.997995376586914,0.0,2.0,26.995592578358693,26.995591645570784
11.56919813156128,0.002813601027536472,-0.00041650756641408956,2.007054728467432,0.043160999958832116,-0.005797446949163509,-0.0028716281408381387,27.064456939697266,0.0,2.0,27.06164426142728,27.061643341874973
11.579187154769897,0.003267601667781898,-0.00047601536408333584,2.007038937395785,0.04767120753611668,-0.006096243265569389,-0.0003112661819135685,27.064456939697266,0.0,2.0,27.061190257671793,27.061189342216114
11.589192152023315,0.003767675372155935,-0.0005382790614918419,2.0070481013720114,0.05237808854826651,-0.006349174937889394,0.002162803217371215,27.064456939697266,0.0,2.0,27.06069018753656,27.06068926967871
11.599220752716064,0.004315909038841322,-0.000602861198931153,2.007083572016176,0.057306070599676365,-0.006560715983374635,0.004993802867778456,27.064456939697266,0.0,2.0,27.060141964512265,27.060141037373867
11.609236001968384,0.0049145382839819955,-0.0006693705435059633,2.007148898429733,0.06245634255261892,-0.006735442265548582,0.008099738668313696,27.160680770874023,0.0,2.0,27.155767181832356,27.1557662408398
11.619208097457886,0.00556575920922452,-0.0007374653045330223,2.007245856909396,0.06782415960128176,-0.00687876941805351,0.01130326576036998,27.160680770874023,0.0,2.0,27.15511598839232,27.155115021678654
11.62922191619873,0.006271756649641191,-0.0008068610226383487,2.007375251749275,0.07341358963325621,-0.006996631072412138,0.014613705960544341,27.24003028869629,0.0,2.0,27.23375954265563,27.233758543999176
11.63923692703247,0.0070348327199338655,-0.0008773324405523704,2.0075394829389013,0.07924164666759564,-0.007094778953806568,0.018295515453444596,27.24003028869629,0.0,2.0,27.232996513765134,27.23299547010833
11.649188756942749,0.007857380605385846,-0.0009487060698333648,2.0077422185855474,0.08530692459008027,-0.007177733137346687,0.022294880621341762,27.24003028869629,0.0,2.0,27.232174025188513,27.232172924616265
11.659242391586304,0.008741741103849336,-0.0010208482123677588,2.0079861165205846,0.09160339020324151,-0.007248998204082746,0.026519030087032994,27.24003028869629,0.0,2.0,27.23128973777091,27.231288566727244
11.66919994354248,0.009690208889325027,-0.0010936562943747682,2.008273288098185,0.09812851667602365,-0.007311320364881756,0.030959281082868554,27.296537399291992,0.0,2.0,27.286848466537247,27.28684721231953
11.679157972335815,0.010705086355298316,-0.001167051922334405,2.008606419915842,0.10488505281145223,-0.007366817144181239,0.035718791423549376,27.296537399291992,0.0,2.0,27.285833695201145,27.285832337894885
11.689210891723633,0.011788653273928631,-0.001240975594855693,2.0089885746078204,0.11186480947828989,-0.007417195565344435,0.04075630293455943,27.296537399291992,0.0,2.0,27.284750254818682,27.284748774239333
11.699282884597778,0.012943099576984668,-0.001315383968536472,2.009422449785768,0.11905922277412383,-0.0074640174966435595,0.046058759503264164,27.36344337463379,0.0,2.0,27.350501929739377,27.350500306687582
11.709217548370361,0.014170509622011529,-0.0013902494473242892,2.0099104401605876,0.12645528278388976,-0.007508891994354259,0.05157037095527993,27.36344337463379,0.0,2.0,27.3492746959492,27.34927290034715
11.719206809997559,0.015472834564981393,-0.0014655615022701484,2.01045444094937,0.13404003287326152,-0.007553720563959872,0.057255345941758726,27.36344337463379,0.0,2.0,27.347972577572868,27.347970579338096
11.729183197021484,0.016851894496478396,-0.0015413334210206816,2.01105599011428,0.14180013876194622,-0.007601446380728621,0.06307461170404795,27.43051528930664,0.0,2.0,27.413665667593246,27.4136634381409
11.739253997802734,0.01830938237861622,-0.0016176133746338475,2.0117163128748716,0.14972370532756404,-0.007656110629349081,0.0690063462344428,27.43051528930664,0.0,2.0,27.412208458504033,27.41220595465627
11.749315023422241,0.019846875644405043,-0.0016944965348408998,2.012436395060988,0.15779944923509925,-0.007723064829687906,0.07502205969297379,27.43051528930664,0.0,2.0,27.410671287273892,27.410668466038164
11.759202003479004,0.021465846492202477,-0.0017721359997162742,2.013216968326438,0.16601777597377074,-0.007808435577867264,0.08110184340248938,27.43051528930664,0.0,2.0,27.409052686792446,27.40904950010329
11.7692129611969,0.023167679836528947,-0.0018507481929278882,2.014058591637005,0.17437078636676237,-0.007918669897761226,0.08723032011531187,27.496105194091797,0.0,2.0,27.47294117366108,27.472937576594227
11.779256105422974,0.0249536909854216,-0.0019306124685412006,2.014961724921807,0.18285239924399938,-0.008059807173224258,0.09340289348124411,27.496105194091797,0.0,2.0,27.471155645278213,27.471151570945988
11.789194345474243,0.026825137830217335,-0.0020120651666346787,2.015926757163525,0.19145692556473431,-0.008237141165942227,0.09960661127712922,27.496105194091797,0.0,2.0,27.469284747137667,27.469280129951283
11.799241542816162,0.028783218161681744,-0.0020954884998030626,2.016953871867165,0.20017828392246306,-0.008454339368301486,0.10581712694831785,27.567541122436523,0.0,2.0,27.53876320271307,27.538757984000153
11.809226751327515,0.03082908131652375,-0.002181288129807162,2.018043119445264,0.20901279847774562,-0.008712280865858315,0.1120314221305923,27.567541122436523,0.0,2.0,27.536718038788507,27.536712127514082
11.8192138671875,0.03296383393762321,-0.002269862263612527,2.0191944331492775,0.21795559508548423,-0.009008551699058346,0.11822910394986644,27.567541122436523,0.0,2.0,27.53458407230547,27.534577382058984
11.82921290397644,0.03518854919743955,-0.002361568016204137,2.0204076838387746,0.22700509022574053,-0.009337386744660812,0.12442038430173281,27.567541122436523,0.0,2.0,27.53236023786751,27.532352674519995
11.839238166809082,0.03750428418190873,-0.0024566901696853926,2.0216828180929607,0.2361592409981161,-0.009690198723395974,0.13060586070107638,27.629533767700195,0.0,2.0,27.592038112456812,27.592029592885492
11.849204301834106,0.03991207918397004,-0.0025554164184452403,2.0230197968110764,0.2454168464397032,-0.01005630995624974,0.13678908614953147,27.629533767700195,0.0,2.0,27.589631410307806,27.5896218068606
11.859251260757446,0.042412958635949016,-0.0026578217276689133,2.0244185631096965,0.25477584312847223,-0.010424017293245514,0.14296255969673652,27.629533767700195,0.0,2.0,27.58713174406042,27.587120937095296
11.869204998016357,0.045007930557951784,-0.0027638622889465266,2.025879019955961,0.26423508811261165,-0.010781414078306226,0.14912667928590445,27.698925018310547,0.0,2.0,27.653929334886637,27.65391722586928
11.879222393035889,0.04769798672974513,-0.002873378429816328,2.027401031710151,0.2737923626464373,-0.0111173792077037,0.1552726212622048,27.698925018310547,0.0,2.0,27.651240757421125,27.65122718087442
11.88918423652649,0.05048409997013756,-0.002986105755998748,2.028984415598196,0.2834461556944923,-0.01142218275749119,0.1614004217931431,27.698925018310547,0.0,2.0,27.648456272062194,27.64844107959412
11.899221420288086,0.05336722077392125,-0.003101692546335174,2.0306289351636386,0.29319337609715534,-0.011688213509128244,0.16749833008656106,27.76462745666504,0.0,2.0,27.711277336374195,27.711260409475724
11.909209251403809,0.05634827137658046,-0.003219723891824852,2.0323342849314114,0.30303163089334006,-0.01191050205129583,0.1735659951377101,27.76462745666504,0.0,2.0,27.708298238659363,27.708279372355683
11.919202089309692,0.05942814329606017,-0.0033397493660221474,2.0341001161912864,0.31295701322683356,-0.012086908190478852,0.179593661097811,27.76462745666504,0.0,2.0,27.70522050021171,27.705199514665594
11.929218292236328,0.06260769219999156,-0.0034613102590076044,2.035926037359057,0.3229664420169794,-0.012217850865678224,0.1855840847954299,27.82891845703125,0.0,2.0,27.766334222399852,27.766310980572353
11.93923020362854,0.06588773709675094,-0.0035839632544452885,2.0378116482697153,0.33305550985839566,-0.012305899475735804,0.19153112273972825,27.82891845703125,0.0,2.0,27.763056699894634,27.763030951263573
11.949193954467773,0.06926905648633633,-0.003707298516493863,2.0397565325769884,0.34322067143071594,-0.01235505859048434,0.19743876917566847,27.82891845703125,0.0,2.0,27.759678117138144,27.75964964809959
11.959221839904785,0.0727523871140431,-0.003830950628406193,2.0417602591065296,0.3534569978700127,-0.012370060096459043,0.20329888023994652,27.82891845703125,0.0,2.0,27.756197749263972,27.756166334294186
11.969204187393188,0.07633842205000804,-0.003954600681266275,2.043822372479414,0.36376088836570286,-0.012355327736578978,0.20911657656748023,27.894651412963867,0.0,2.0,27.81834778881814,27.818313272003273
11.9791898727417,0.08002781401276621,-0.0040779701723035995,2.045942427455664,0.3741276912979518,-0.012314434725942383,0.21488691717272718,27.894651412963867,0.0,2.0,27.814661840256278,27.814623897891703
11.989197731018066,0.0838211746621998,-0.004200809373313608,2.048119976051612,0.38455400845546833,-0.012249497281053177,0.22061563556416977,27.894651412963867,0.0,2.0,27.810872185577512,27.810830555566547
11.9992516040802,0.08771907689843063,-0.004322882262331133,2.050354575040392,0.3950353237711848,-0.012161139726733512,0.226296536162786,27.96604347229004,0.0,2.0,27.87837020640241,27.878324730550037
12.00921082496643,0.0917220542071459,-0.004443950870045787,2.052645769500478,0.4055684172687116,-0.01204835843384114,0.2319348859894456,27.96604347229004,0.0,2.0,27.874371487880047,27.874321772328276
12.019203186035156,0.0958306019348442,-0.00456376058367329,2.0549930971830026,0.4161487351364912,-0.011908869073826883,0.23752259785233354,27.96604347229004,0.0,2.0,27.87026749974892,27.870213244014177
12.03020453453064,0.10004517691703321,-0.004682027430239384,2.057396077554277,0.4267732906511564,-0.011739120486007315,0.24306554747977913,28.028005599975586,0.0,2.0,27.928019794160566,27.927960815521526
12.039218187332153,0.10436619954051644,-0.004798428164021097,2.059854220620496,0.437437640189966,-0.011534895346839678,0.2485546214457607,28.028005599975586,0.0,2.0,27.923703961297264,27.92363981271859
12.049214601516724,0.10879405464848582,-0.004912594747134199,2.0623670220969252,0.44813930024849236,-0.01129151111954694,0.2539976906066114,28.028005599975586,0.0,2.0,27.919281636384532,27.919211977531052
12.059190273284912,0.11332909561324084,-0.005024112887620413,2.0649339848620945,0.45887422765895963,-0.011004467231275144,0.2593861771723871,28.028005599975586,0.0,2.0,27.914752479778492,27.914676956484904
12.069180488586426,0.11797164301251703,-0.005132523936950712,2.0675545906768096,0.46964011510320147,-0.010669412981667127,0.26472640608809594,28.028005599975586,0.0,2.0,27.910116184716163,27.91003442888657
12.079205989837646,0.12272198711870538,-0.005237328903228743,2.0702283093494773,0.4804330479370128,-0.010282686335567085,0.27000818017222555,28.028005599975586,0.0,2.0,27.905372474830486,27.905284104333944
12.08918571472168,0.12758038882582715,-0.005337994836715238,2.0729545939460405,0.49125123840526025,-0.009841159145194053,0.2752399425620212,28.028005599975586,0.0,2.0,27.900521103196763,27.90042572179052
12.099272727966309,0.13254708327254605,-0.0054339622719338145,2.0757329007177465,0.5020911428065338,-0.009342689478710382,0.2804122130600381,28.09476089477539,0.0,2.0,27.96231689685956,27.962214339500125
12.109191656112671,0.13762228032173363,-0.005524653629269915,2.0785626793292007,0.5129514701692032,-0.008785768057462479,0.28553519948763534,28.09476089477539,0.0,2.0,27.957249545049258,27.957139160321347
12.11920952796936,0.14280616994394085,-0.00560948138839498,2.0814434113755897,0.5238291889386338,-0.008169997217872576,0.2906022751638253,28.09476089477539,0.0,2.0,27.95207393798473,27.951955287695146
12.129218578338623,0.14809891625009106,-0.00568785959233277,2.0843745640880873,0.534722385833433,-0.007496089596711674,0.2956196515620524,28.2182559967041,0.0,2.0,28.070284464895867,28.07015765671987
12.139219284057617,0.15350065631858428,-0.0057592161127230975,2.0873556068566863,0.5456274030745044,-0.006766059799075496,0.3005799382663859,28.2182559967041,0.0,2.0,28.064891884458007,28.06475593131477
12.14920449256897,0.15901149664635902,-0.005823002096386922,2.090386003339212,0.5565419424170572,-0.005982454468584247,0.30549072725415355,28.2850284576416,0.0,2.0,28.1261627960009,28.126017563770837
12.159337043762207,0.16463151244561877,-0.005878696888649888,2.0934652213234077,0.567461917903731,-0.005148322897946618,0.31034386525825325,28.2850284576416,0.0,2.0,28.120552886848824,28.120397559680136
12.169203281402588,0.17036074595111633,-0.005925809303957619,2.096592721742175,0.5783850048301376,-0.004266427174071518,0.3151476648214285,28.2850284576416,0.0,2.0,28.1148342660575,28.114668336190405
12.179227590560913,0.1761992085789904,-0.005963875197798252,2.0997679729407897,0.589307147571795,-0.0033394175522458137,0.31989326139775526,28.2850284576416,0.0,2.0,28.10900693673097,28.10882988174295
12.18918228149414,0.18214687843850488,-0.00599245396254793,2.1029904201413014,0.6002260074463739,-0.002369304551075668,0.32458740618347776,28.351699829101562,0.0,2.0,28.169741858532447,28.16955358804456
12.199311017990112,0.1882037053055407,-0.006011123486053288,2.1062595249742477,0.6111380555523629,-0.001357810549235291,0.3292247678991787,28.351699829101562,0.0,2.0,28.163697220630088,28.16349676529317
12.209256172180176,0.19436961059225077,-0.006019475994627138,2.1095747600763466,0.622041253054954,-0.0003060753298809591,0.33381391746280475,28.351699829101562,0.0,2.0,28.157544067200085,28.1573308619313
12.21918249130249,0.20064448801159485,-0.006017114486484648,2.1129356117002915,0.6329319812914985,0.0007848485068210618,0.33834782010343917,28.418365478515625,0.0,2.0,28.21794763188827,28.217721632045325
12.229230642318726,0.20702820278108103,-0.006003650470968198,2.1163415656009956,0.6438083378338594,0.0019143200477783086,0.3428350577383538,28.418365478515625,0.0,2.0,28.211577805733498,28.211337914552516
12.239200830459595,0.21352059535856208,-0.005978702259637345,2.1197921322468876,0.6546670714696435,0.0030815624914984152,0.34726998102125683,28.418365478515625,0.0,2.0,28.205099907335555,28.20484551682267
12.249199628829956,0.22012147982188218,-0.005941895520216894,2.123286816779867,0.6655063735507054,0.004285890205082864,0.35165917609469044,28.48504066467285,0.0,2.0,28.26518868628813,28.26491980940825
12.25930118560791,0.22683064840032946,-0.005892864359846987,2.1268251430347442,0.6763235319152177,0.005526263947906165,0.3559982591854977,28.48504066467285,0.0,2.0,28.258495230045792,28.258210630710767
12.269198417663574,0.2336478727275174,-0.005831253670274798,2.130406642133661,0.6871172141371539,0.0068015754564378856,0.36029379463087363,28.48504066467285,0.0,2.0,28.25169436654398,28.251393393747858
12.27922511100769,0.2405729039709274,-0.005756722355442571,2.134030832505925,0.6978845110264129,0.008110025532932318,0.36453573876260925,28.551700592041016,0.0,2.0,28.311445536639827,28.311128273349706
12.289188861846924,0.24760547065079627,-0.005668951266031952,2.137697204878045,0.7086239509936004,0.009448987064244274,0.368730525715321,28.551700592041016,0.0,2.0,28.304430630167165,28.304095689099736
12.299296140670776,0.25474527848313966,-0.0055676541158812395,2.141405254092094,0.719332242081405,0.010814481817717318,0.3728709085886868,28.551700592041016,0.0,2.0,28.29730917352653,28.29695586129829
12.309192657470703,0.26199200435424647,-0.00545258970293425,2.145154476376773,0.730007013299105,0.012201505330925377,0.37696569767834254,28.551700592041016,0.0,2.0,28.29008150445992,28.289709113155848
12.319202661514282,0.26934529095220194,-0.005323572745059334,2.1489443851943855,0.7406436443556325,0.013603912031885377,0.38100783401020005,28.618366241455078,0.0,2.0,28.34941272094289,28.34902145035129
12.329213380813599,0.27680473823435514,-0.005180482084377188,2.1527744885848317,0.751238422364904,0.01501511141089089,0.385005175550331,28.618366241455078,0.0,2.0,28.341973737243496,28.341561976684307
12.339224815368652,0.2843699011085104,-0.005023264419018932,2.156644312936541,0.7617858970897007,0.01642816625168951,0.388951834448122,28.618366241455078,0.0,2.0,28.33442978584064,28.333996785627647
12.34919285774231,0.29204028401145354,-0.004851934757940728,2.1605533879647587,0.772281585156374,0.017836425122716496,0.3928558842841075,28.685029983520508,0.0,2.0,28.393444049781724,28.392990114070383
12.359278917312622,0.2998153395790251,-0.00466657306329569,2.1645012618048978,0.7827194923160027,0.01923358555108405,0.39671126356336733,28.685029983520508,0.0,2.0,28.38569169184837,28.385215027537384
12.369207382202148,0.307694466010405,-0.004467318149146207,2.1684874798748917,0.7930949427730892,0.020614237436627735,0.40052538643028646,28.685029983520508,0.0,2.0,28.377836053179713,28.37733586914515
12.379237174987793,0.3156770111091026,-0.004254358675382945,2.172511610495837,0.8034023582773526,0.021973835640840152,0.4042935595526973,28.75171661376953,0.0,2.0,28.43656320020751,28.436039920910925
12.38918948173523,0.32376227213325226,-0.004027922786844548,2.176573226339822,0.8136373797548601,0.023309059204234376,0.40802325114525434,28.75171661376953,0.0,2.0,28.42850299221855,28.427954626992058
12.399266958236694,0.33194950073125445,-0.003788266221270749,2.180671936536438,0.8237951670978925,0.024617726388304187,0.41171277883325613,28.75171661376953,0.0,2.0,28.42034164922978,28.419767365520308
12.409246683120728,0.34023790713265656,-0.003535659304436198,2.184807380042942,0.8338723725405429,0.025899110241532332,0.4153705127684629,28.75171661376953,0.0,2.0,28.4120799760645,28.41147892663399
12.419211149215698,0.34862666661264663,-0.003270373802965357,2.1889792189425945,0.8438652886254646,0.027153610594235402,0.41899156452196346,28.8183650970459,0.0,2.0,28.47036582374426,28.469738618270327
12.429230690002441,0.35711492624832447,-0.0029926715768273907,2.1931871139100827,0.8537721799504658,0.028382783508269914,0.42258261719030327,28.8183650970459,0.0,2.0,28.461905970995495,28.461250328135765
12.439205408096313,0.3657018186344114,-0.0027027952359880395,2.197430767776678,0.8635916998392495,0.029588845425020435,0.4261436239278888,28.8183650970459,0.0,2.0,28.45334837673472,28.45266340678439
12.449209690093994,0.37438646844135487,-0.002400962984527673,2.201709908987676,0.8733236382351066,0.030774406579266098,0.42968064306245063,28.8183650970459,0.0,2.0,28.44469393184815,28.44397872993747
12.459272861480713,0.38316799796546236,-0.0020873669554926037,2.206024290546633,0.8829676376455872,0.03194201079057183,0.43319168762954663,28.88503646850586,0.0,2.0,28.502613155242116,28.50186854697575
12.469191551208496,0.39204552976998835,-0.0017621748721946475,2.2103736758424386,0.8925242041393074,0.03309396741149393,0.43668237688762895,28.88503646850586,0.0,2.0,28.493767613701635,28.49299099322752
12.479191064834595,0.40101819271619377,-0.001425533235590368,2.214757882091892,0.9019939883305367,0.03423224294574422,0.44015656610541426,28.88503646850586,0.0,2.0,28.484827893381862,28.484018311461334
12.489201784133911,0.41008512297482447,-0.001077568958550347,2.219176769583721,0.9113777943165475,0.03535883366428221,0.44361915113119876,28.88503646850586,0.0,2.0,28.475794874732465,28.47495136592009
12.499242305755615,0.41924546434113946,-0.0007183886047891292,2.2236302277990903,0.9206763473711294,0.0364758285605641,0.4470709405605221,28.951698303222656,0.0,2.0,28.53332921335794,28.532452847925292
12.50917935371399,0.42849836903135724,-0.0003480764009990853,2.228118164331561,0.9298906569199871,0.037585623874437396,0.4505155696973112,28.951698303222656,0.0,2.0,28.524112124725388,28.523199936315137
12.519192695617676,0.4378430010883333,3.330812674953836e-05,2.2326405322737863,0.9390220022164987,0.03869067250551627,0.4539579322057892,28.951698303222656,0.0,2.0,28.514804327040714,28.513855302153775
12.529182434082031,0.44727853476334867,0.0004257276999484986,2.23719732454791,0.9480710617935364,0.03979289252528778,0.45740080140805117,28.951698303222656,0.0,2.0,28.505406664149707,28.504419771638535
12.539265394210815,0.45680414954744747,0.0008291604494400206,2.241788558443053,0.9570382429599313,0.04089341638890608,0.46084659541881584,29.02570343017578,0.0,2.0,28.569922444787753,28.568899292660774
12.549214601516724,0.4664190258902942,0.0012435909156246529,2.246414272105539,0.9659233954309336,0.04199238907967273,0.46429804848261286,29.02570343017578,0.0,2.0,28.560347463307934,28.55928443136107
12.559203624725342,0.47612234683696614,0.0016690015734587564,2.25107459024905,0.9747272033189956,0.043089352661287945,0.46776914050795465,29.02570343017578,0.0,2.0,28.5506851278489,28.549581132123528
12.569280862808228,0.4859132965944605,0.0021053692622087375,2.255769721341815,0.9834491079464357,0.04418372513073396,0.47126109153675616,29.098215103149414,0.0,2.0,28.613445043411375,28.612301884014286
12.579224824905396,0.49579105810911284,0.0025526671200329816,2.2604999163865913,0.9920896181605973,0.045275427623588674,0.4747828724707194,29.098215103149414,0.0,2.0,28.603610401046343,28.602424158948644
12.589208602905273,0.5057548168905259,0.0030108708879611314,2.2652654689048015,1.0006486203482687,0.04636508728263613,0.4783326144332801,29.098215103149414,0.0,2.0,28.593690913479996,28.592460444785708
12.599201917648315,0.515803763519016,0.0034799670683254096,2.2700666885576126,1.0091274126340017,0.04745421551437691,0.481916923688103,29.169389724731445,0.0,2.0,28.654858864824813,28.653586172532762
12.609219551086426,0.5259371007317435,0.00395996011171729,2.2749039078719315,1.0175269710668151,0.04854483351147372,0.4855320312780208,29.169389724731445,0.0,2.0,28.644772054655327,28.64345289773214
12.619208812713623,0.5361540465331833,0.004450876540087858,2.2797774408341906,1.0258495442342785,0.049639274224901664,0.4891797196597686,29.169389724731445,0.0,2.0,28.634602854412833,28.63323602413021
12.629247188568115,0.5464538427021568,0.004952765252546932,2.2846875948266487,1.0340975233938285,0.0507396005290413,0.4928557728843419,29.237192153930664,0.0,2.0,28.692151128835338,28.690738738716345
12.639261960983276,0.5568357604903058,0.0054656936107842355,2.2896346588611554,1.0422744825115873,0.0518474102429339,0.4965617366823744,29.237192153930664,0.0,2.0,28.681819345435105,28.680356914246413
12.64921760559082,0.5672991068804568,0.005989741141735387,2.294618912688358,1.0503838397386778,0.05296350188937739,0.5002929346095005,29.237192153930664,0.0,2.0,28.671407421157586,28.669893672741388
12.659205198287964,0.5778432248036602,0.0065249914834959385,2.2996405946449086,1.058429398091321,0.05408791648175285,0.5040468975852641,29.237192153930664,0.0,2.0,28.660916037400586,28.65934967191277
12.669182300567627,0.5884674928581093,0.007071524994584355,2.304699911090619,1.0664143699089992,0.05521997190328227,0.5078192367569292,29.237192153930664,0.0,2.0,28.650345839941114,28.64872553382458
12.679281234741211,0.5991713200580516,0.007629412426459249,2.3097970362084643,1.074341634814628,0.05635846428934431,0.5116083422564935,29.297950744628906,0.0,2.0,28.700452485487908,28.69878043868947
12.68916630744934,0.6099541392595219,0.008198710516663479,2.3149321223676838,1.082212980659017,0.057501821424104066,0.5154106311054515,29.297950744628906,0.0,2.0,28.689726361369125,28.687997776919524
12.699194431304932,0.6208153961831723,0.00877945943609664,2.3201052735094123,1.090029269493243,0.05864836978422475,0.5192206469024111,29.379295349121094,0.0,2.0,28.760262753816573,28.75848129304537
12.70921015739441,0.6317545420650073,0.009371684079383288,2.325316553093183,1.0977907324965122,0.05979677729576114,0.5230354768032305,29.379295349121094,0.0,2.0,28.749382969753174,28.747542334638233
12.719174861907959,0.6427710257318604,0.009975397932441963,2.3305659692983958,1.1054967135075513,0.06094609336649332,0.5268470736383086,29.379295349121094,0.0,2.0,28.73842729791182,28.73652605478444
12.72918963432312,0.6538642898209546,0.010590607387244188,2.3358534826996724,1.1131466989569598,0.062095845742034354,0.530654509326552,29.436370849609375,0.0,2.0,28.784467922597937,28.78250850821082
12.739236831665039,0.6650337696294462,0.011217315553309817,2.341179021658562,1.120739725333805,0.0632458285584494,0.5344515297219756,29.436370849609375,0.0,2.0,28.773362096265636,28.771339266672943
12.749207496643066,0.6762788932793474,0.011855525124370396,2.3465424841705205,1.1282754513689948,0.06439616537233919,0.5382397749369484,29.436370849609375,0.0,2.0,28.762182142239663,28.760094399880455
12.759219408035278,0.6875990878555287,0.01250524086397175,2.3519437975413897,1.1357539345533056,0.06554709677449902,0.5420221018825157,29.436370849609375,0.0,2.0,28.750928656777198,28.74877448154033
12.769222974777222,0.6989937818146075,0.013166469413368626,2.357382913008627,1.1431753854432303,0.06669872675644468,0.5458003867285672,29.49704360961914,0.0,2.0,28.800270307536003,28.798052837659515
12.779230117797852,0.7104624071941806,0.013839217309038742,2.3628597934220665,1.1505403333250293,0.06785091855016667,0.5495752076133261,29.49704360961914,0.0,2.0,28.788871392908476,28.78658452904307
12.789209842681885,0.7220044027982699,0.014523488192700872,2.368374409094489,1.15784958288513,0.06900322272212654,0.5533474552425529,29.49704360961914,0.0,2.0,28.77740071637922,28.775042872006072
12.799213171005249,0.733619216435013,0.015219279754519447,2.3739267301068097,1.165104113266892,0.0701549241830552,0.5571161948127374,29.49704360961914,0.0,2.0,28.765858854697598,28.763428419590316
12.809236526489258,0.7453063061531319,0.01592658206139256,2.3795167235330985,1.172304961982591,0.07130524054030508,0.5608818902993413,29.56663703918457,0.0,2.0,28.823833746090056,28.821335133522155
12.81919550895691,0.7570651396153456,0.016645377407595894,2.385144351322097,1.1794529977723909,0.07245341903092234,0.5646429216974312,29.56663703918457,0.0,2.0,28.812151017867325,28.8095767081892
12.829197406768799,0.7688951925638337,0.01737564142179323,2.390809568663003,1.1865489372844265,0.07359889436733186,0.5683994890361076,29.56663703918457,0.0,2.0,28.800398773219868,28.79774708857493
12.83927035331726,0.7807959452547645,0.018117345203754655,2.3965123074918697,1.193592983128842,0.07474137858373464,0.5721467157110531,29.64312171936035,0.0,2.0,28.865054985895828,28.862331460379238
12.849197387695312,0.7927668804769082,0.018870460536762373,2.402252474854376,1.2005854474466682,0.075881338318146,0.5758846461955774,29.64312171936035,0.0,2.0,28.85316512061186,28.85036101028488
12.859217405319214,0.8048074808456144,0.019634967164586764,2.4080299358453563,1.207525993260983,0.07701990599794845,0.5796045550686573,29.64312171936035,0.0,2.0,28.841207361686568,28.838320922884147
12.869248628616333,0.8169172285884811,0.02041086107238276,2.4138445133009676,1.2144149591469746,0.07815920700563057,0.583307751080467,29.709814071655273,0.0,2.0,28.89586772998067,28.89290405250654
12.879255533218384,0.8290956074623766,0.021198162630270766,2.4196960066735116,1.2212522487549153,0.079301944139335,0.5869870604499796,29.709814071655273,0.0,2.0,28.88377560340907,28.880726243813047
12.88919472694397,0.8413421036765424,0.021996922632201047,2.4255841857128826,1.2280384917083023,0.08045147139557227,0.5906443973289968,29.709814071655273,0.0,2.0,28.871617196300384,28.868480348480055
12.899248600006104,0.8536562062334798,0.02280722575828955,2.431508775613214,1.2347735458571387,0.08161112752742981,0.5942680627590438,29.709814071655273,0.0,2.0,28.859393041904433,28.856166878566714
12.909212827682495,0.8660374069446003,0.023629190100283557,2.43746945080698,1.2414582405009362,0.08278422505418472,0.5978618631696809,29.775829315185547,0.0,2.0,28.913111317130987,28.909801564805292
12.919225454330444,0.8784852020387905,0.024462963768899743,2.4434658692471007,1.2480923782018125,0.0839734005059193,0.6014149223046278,29.775829315185547,0.0,2.0,28.90075703519548,28.897354467670805
12.929234266281128,0.8909990878508416,0.025308720220759702,2.4494976275996203,1.2546764120863756,0.08518117618591096,0.6049299618805759,29.775829315185547,0.0,2.0,28.88833857996139,28.884841315009293
12.939237594604492,0.9035785606643927,0.02616665620628644,2.455564302452028,1.2612096906801462,0.0864096571031448,0.6083974269212984,29.843687057495117,0.0,2.0,28.943705763704475,28.940120326326063
12.949198722839355,0.9162231127345964,0.027036989837155818,2.461665442442695,1.2676921807196049,0.08766104631978344,0.6118231562020714,29.843687057495117,0.0,2.0,28.93116029914779,28.92747657978897
12.959236145019531,0.9289322301322868,0.027919959018791567,2.4678005848445634,1.2741225687702706,0.0889370146233374,0.6151970461914492,29.843687057495117,0.0,2.0,28.918552239657412,28.91476830705399
12.96929383277893,0.9417053891212868,0.028815816598553885,2.4739692373176685,1.2805003583807824,0.09023887343251245,0.6185254953098008,29.903583526611328,0.0,2.0,28.965770530749452,28.961892472732334
12.979814052581787,0.9545420563275366,0.02972482383961093,2.4801709050007825,1.2868240032712916,0.09156694597823832,0.621799395035634,29.903583526611328,0.0,2.0,28.953038695642505,28.94905673097766
12.989199876785278,0.9674416873513222,0.03064724233736165,2.486405074894816,1.2930930557401563,0.09292102513437228,0.62502736224185,29.903583526611328,0.0,2.0,28.940245916234364,28.93615806901871
12.99927282333374,0.9804037328926877,0.03158332736241115,2.492671303488517,1.2993067991794138,0.09429999487511985,0.628211748718531,29.977991104125977,0.0,2.0,29.00178952878868,28.997604571048203
13.009215831756592,0.9934276376302273,0.032533318949510205,2.498969193319457,1.3054647516907019,0.09570193167680331,0.6313597523469403,29.977991104125977,0.0,2.0,28.988876280670898,28.984581724775015
13.019213199615479,1.0065128369244902,0.03349743216993999,2.505298341498296,1.311565527160564,0.097123690742581,0.6344627384087862,29.977991104125977,0.0,2.0,28.975903807798833,28.971497632412618
13.029217958450317,1.019658756173592,0.0344758442221339,2.5116583227574374,1.3176086239814988,0.09856082658351127,0.6375266793205996,29.977991104125977,0.0,2.0,28.962872702781873,28.958352870256633
13.039222955703735,1.0328648126345648,0.035468679990781474,2.5180487114085515,1.3235928135416883,0.10000732895717782,0.6405436165228089,30.03148078918457,0.0,2.0,29.003264661932,28.998637667702283
13.049194097518921,1.0461304153260171,0.036475998603752204,2.524469065649265,1.3295178160127297,0.10145614080884054,0.6435206552635555,30.03148078918457,0.0,2.0,28.990117878246703,28.98537332507236
13.05921745300293,1.0594549693296198,0.03749778438661115,2.5309189786031885,1.3353830254420878,0.10289943751913874,0.6464553817842352,30.03148078918457,0.0,2.0,28.97691427933652,28.97205008607737
13.069228410720825,1.0728378775868062,0.038533942882120496,2.5373980588051754,1.3411887195907315,0.10432940296867267,0.6493547039071129,30.03148078918457,0.0,2.0,28.96365447970599,28.958668549264928
13.079258918762207,1.0862785455404105,0.03958430325663201,2.5439059370372994,1.3469350576677068,0.10573865886773301,0.6522148260977879,30.100923538208008,0.0,2.0,29.019769548291382,29.014671994830397
13.089191913604736,1.0997763849557052,0.040648625937510625,2.550442249082014,1.3526232377973175,0.10712092141586504,0.6550423299926698,30.100923538208008,0.0,2.0,29.006398866197767,29.00117564022853
13.099264144897461,1.1133308205255623,0.04172661528074461,2.55700667122563,1.358254549202088,0.10847134071594224,0.6578370984955615,30.180179595947266,0.0,2.0,29.072215176615746,29.066878725512602
13.10921049118042,1.1269412928236062,0.042817936986497065,2.5635989025044483,1.3638308560365158,0.10978708671741325,0.6606038689174527,30.180179595947266,0.0,2.0,29.058735915327144,29.05326985510959
13.119228839874268,1.1406072579116346,0.04392223862050485,2.5702186108955916,1.3693533624512977,0.11106743858976267,0.6633314886231155,30.180179595947266,0.0,2.0,29.04520339063339,29.039605554122968
13.129199743270874,1.154328187963349,0.04503917483776007,2.5768654210913295,1.3748241554857534,0.11231457651192339,0.6660243128053204,30.180179595947266,0.0,2.0,29.03161814642241,29.025886351421413
13.139221668243408,1.1681035723953945,0.04616843405063147,2.583538943238396,1.3802444658795263,0.11353298443395198,0.6686730668154404,30.23527717590332,0.0,2.0,29.073067098588798,29.067210268974396
13.149204015731812,1.1819329151794127,0.04730976114230678,2.5902387583475286,1.3856160672629025,0.1147294009898824,0.6712832983480906,30.23527717590332,0.0,2.0,29.05937770733389,29.053382779732175
13.1592435836792,1.1958157335866801,0.04846297467082805,2.5969644526818088,1.3909396947790116,0.11591162841689412,0.6738484386629651,30.23527717590332,0.0,2.0,29.045637126382243,29.039501881397843
13.169224262237549,1.2097515518275643,0.04962797383998948,2.603715601468309,1.3962160601701683,0.11708785513351806,0.6763745839816114,30.309284210205078,0.0,2.0,29.105836809808835,29.0995749775107
13.17923617362976,1.2237398948425313,0.05080473640632652,2.61049178632296,1.401444511651703,0.11826545010741898,0.678855194788113,30.309284210205078,0.0,2.0,29.091994937840333,29.085588686532713
13.189225673675537,1.2377802802846116,0.05199330833694771,2.617292580043943,1.4066243790766022,0.11945062376191731,0.6812974638511573,30.309284210205078,0.0,2.0,29.078103345659777,29.07155042393668
13.199243545532227,1.2518722148,0.05319378904796717,2.624117608515529,1.411753946235432,0.1206478075749278,0.6837025721321289,30.369937896728516,0.0,2.0,29.124802169723928,29.11811426992305
13.209217548370361,1.2660151821931032,0.05440631428169431,2.6309665314593382,1.416830307344863,0.12185985869061165,0.6860762797476953,30.369937896728516,0.0,2.0,29.110812358718295,29.1039735675506
13.21924090385437,1.280208627283289,0.055631040362010435,2.6378389901183175,1.4218486404459236,0.12308819523576987,0.6884088842461676,30.369937896728516,0.0,2.0,29.096774432221608,29.089782463646408
13.229187488555908,1.2944519454322159,0.056868138054745526,2.6447345941933635,1.4268040322002353,0.12433448044003031,0.6907055762574822,30.369937896728516,0.0,2.0,29.08268900886065,29.075541564847153
13.239248275756836,1.3087444784861004,0.05811779620473044,2.6516529470885426,1.4316906929982287,0.12560071824179153,0.692957989978332,30.430978775024414,0.0,2.0,29.129582208884447,29.12229228787988
13.249223232269287,1.3230855138467839,0.05938023027787639,2.658593631924597,1.4365036907364843,0.126890320596781,0.6951725385296885,30.430978775024414,0.0,2.0,29.115403512365575,29.10795382908009
13.259188652038574,1.3374742900993994,0.0606556939681987,2.6655562483955135,1.4412381125143967,0.1282073609783852,0.6973440095028395,30.430978775024414,0.0,2.0,29.101179485500943,29.093567713973524
13.269203186035156,1.351910000900245,0.061944483705982815,2.672540394380216,1.4458899486093428,0.12955622284808982,0.6994789117911466,30.498502731323242,0.0,2.0,29.154416740766422,29.146658554836236
13.279218673706055,1.3663918002953983,0.06324693663948458,2.6795456797680997,1.4504552377625506,0.13094054705542174,0.7015715496325162,30.498502731323242,0.0,2.0,29.140104148811783,29.132179586716582
13.289206743240356,1.3809188072972078,0.0645634226880715,2.6865717107344644,1.454931008418356,0.1323632211053228,0.7036287775025444,30.498502731323242,0.0,2.0,29.125748792472777,29.11765550328956
13.299799919128418,1.3954901132170014,0.06589433384055741,2.6936181235147645,1.4593147003013012,0.13382571265702262,0.7056478639403314,30.56527328491211,0.0,2.0,29.17810306459636,29.169857599017163
13.309171438217163,1.4101047908734827,0.06724007108444527,2.7006845644188955,1.463605262858386,0.13532838157806273,0.7076345871547018,30.56527328491211,0.0,2.0,29.163664550288548,29.155246031253828
13.319207429885864,1.424761907168608,0.06860103167818811,2.7077706759121867,1.467802561690683,0.13687010776820938,0.7095813912087134,30.56527328491211,0.0,2.0,29.14918607418785,29.14059212606953
13.329221725463867,1.439460537574074,0.06997759690159076,2.714876081712786,1.471908496879409,0.13844887757248825,0.7114937088022208,30.56527328491211,0.0,2.0,29.134668573183937,29.125896811206808
13.339229822158813,1.454199781432833,0.0713701221986388,2.722000404067666,1.475925840985536,0.14006155516016727,0.7133641462351217,30.631574630737305,0.0,2.0,29.186393771321622,29.177462137601477
13.349224090576172,1.4689787736086655,0.07277892966095811,2.7291432485121523,1.4798589149303232,0.14170469381757553,0.7151982320909651,30.631574630737305,0.0,2.0,29.171800489096828,29.16268667147832
13.359166622161865,1.483796693104156,0.0742043042679033,2.736304208085659,1.4837120892203155,0.14337433109360923,0.7169863448644331,30.631574630737305,0.0,2.0,29.157170796687225,29.147872392000508
13.369225025177002,1.4986527661940787,0.07564649245879554,2.7434828462951555,1.4874904390207437,0.14506680129199553,0.7187341974298874,30.70120620727539,0.0,2.0,29.212114209926103,29.202651418510467
13.379221677780151,1.5135462664026198,0.07710570394596214,2.750678720975338,1.4911982045521888,0.14677842349980194,0.7204329600216737,30.70120620727539,0.0,2.0,29.19741352681321,29.18776178663945
13.389186143875122,1.52847650913738,0.07858211497952698,2.7578913692497036,1.4948395499887306,0.14850625419143998,0.7220894713206546,30.70120620727539,0.0,2.0,29.1826786384835,29.172835535638598
13.399303913116455,1.5434428453714202,0.08007587426750781,2.7651203422577395,1.4984173224938002,0.15024772328323194,0.7236974904104495,30.763872146606445,0.0,2.0,29.230554388041476,29.220539021279432
13.409211874008179,1.5584446517273292,0.08158710995162226,2.7723651844276453,1.5019338579185266,0.15200134351460715,0.7252636689920814,30.763872146606445,0.0,2.0,29.215752593306018,29.20554145389452
13.419209003448486,1.5734813213794123,0.08311593827066173,2.7796254448946067,1.505390093894826,0.15376616427815634,0.7267807521548035,30.763872146606445,0.0,2.0,29.200918489373247,29.19050915603723
13.429224967956543,1.5885522548898527,0.0846624704210979,2.786900665865626,1.5087866472606273,0.15554212508914728,0.7282563043598806,30.763872146606445,0.0,2.0,29.186052682331532,29.175442730452126
13.439240217208862,1.6036568535503049,0.0862268179237338,2.7941904034186273,1.5121230227539986,0.15732927525401114,0.7296836286333048,30.830463409423828,0.0,2.0,29.23772212255023,29.22693375156862
13.449199676513672,1.6187945133880257,0.08780909487834518,2.8014942057280168,1.5153987637601494,0.15912808323993372,0.7310697819392945,30.830463409423828,0.0,2.0,29.222794238241224,29.211800871031024
13.459228754043579,1.6339646228084208,0.08940941894262476,2.8088116345911356,1.5186127488174084,0.16093872951723925,0.7324085116440181,30.830463409423828,0.0,2.0,29.2078364775839,29.19663568702789
13.469220399856567,1.6491665593326201,0.09102790997195344,2.8161422442508175,1.5217639835461088,0.16276149256384215,0.7337064142135024,30.898643493652344,0.0,2.0,29.261002634471467,29.249618578909633
13.479254245758057,1.6643996880937815,0.09266468838879592,2.8234856000904007,1.524850955901782,0.16459616177990397,0.734957368311416,30.898643493652344,0.0,2.0,29.24598649662667,29.234390666256644
13.48915982246399,1.6796633603729003,0.09431987223818068,2.8308412620424526,1.5278724788032754,0.1664425106907684,0.7361682731892393,30.898643493652344,0.0,2.0,29.230942397910987,29.219132366777732
13.499218463897705,1.694956914775305,0.09599357673803534,2.8382088122186406,1.530827190142577,0.16830043745541384,0.7373348320978159,30.976547241210938,0.0,2.0,29.29374234926062,29.28174767345665
13.509201049804688,1.7102796789796517,0.09768592770642472,2.8455878361986247,1.5337143180533965,0.17017242789694445,0.7384631708817863,30.976547241210938,0.0,2.0,29.278643724621368,29.266430591457215
13.519173860549927,1.7256309729959058,0.0993970882577049,2.8529779114332148,1.5365330749739248,0.1720634910538517,0.739544417590463,30.976547241210938,0.0,2.0,29.263519160016862,29.251085147585226
13.529153823852539,1.741010112528577,0.101127290311758,2.860378593356632,1.5392834185564772,0.173982430325191,0.7405848014807204,30.976547241210938,0.0,2.0,29.248369343526093,29.235712030518613
13.539268255233765,1.7564164126350967,0.10287686654634401,2.867789436431046,1.5419652067685272,0.17594041758538884,0.7415760395652287,31.032190322875977,0.0,2.0,29.288813226199387,29.27595466749481
13.549187183380127,1.7718491897319257,0.10464627479444476,2.875209976934469,1.5445788828623273,0.17795121885570978,0.7425245659902914,31.032190322875977,0.0,2.0,29.27361451161294,29.26052826028249
13.559192180633545,1.7873077636634418,0.10643611406970019,2.882639748100947,1.5471246260337344,0.18002903088979952,0.7434214132759694,31.032190322875977,0.0,2.0,29.258392598935426,29.24507624453237
13.569175958633423,1.8027914577799606,0.1082471274747455,2.8900782585054583,1.5496029921764238,0.18218835888973925,0.7442727575642922,31.106510162353516,0.0,2.0,29.317433152710432,29.30391863484098
13.57926082611084,1.8182995993378033,0.11008019520831853,2.897525018148804,1.5520141566021328,0.18444188018498092,0.745070748471275,31.106510162353516,0.0,2.0,29.302166247414632,29.28841743134856
13.589195728302002,1.8338315184665197,0.11193631654081515,2.904979524351058,1.5543585501110586,0.18680068613763234,0.745822420191691,31.106510162353516,0.0,2.0,29.286878165259154,29.272892660740556
13.599473237991333,1.8493865475632363,0.11381658601942408,2.912441275565308,1.55663616190341,0.18927260876687704,0.7465190660525716,31.174955368041992,0.0,2.0,29.33998108283719,29.325789688598142
13.609214544296265,1.8649640202465914,0.11572216509119533,2.9199097521206387,1.5588473292646376,0.19186330743342034,0.7471690003877138,31.174955368041992,0.0,2.0,29.32465205896536,29.31021979493389
13.619210481643677,1.8805632734692614,0.11765425515070885,2.9273845129271594,1.5609922847492375,0.19457474398688562,0.7477769153101855,31.174955368041992,0.0,2.0,29.30930385985204,29.294628359382212
13.629213094711304,1.8961836448558274,0.11961405302517127,2.9348651816151343,1.5630708967905258,0.1974038951779337,0.7483514783834081,31.174955368041992,0.0,2.0,29.29393715511664,29.27901605484936
13.639266014099121,1.9118244681765337,0.12160269700650456,2.942351431110616,1.5650825331993543,0.2003420859526323,0.7488935408920133,31.231157302856445,0.0,2.0,29.334725008194216,29.319585008772872
13.649188756942749,1.92748506890089,0.12362121365528467,2.949842968275048,1.5670261736560032,0.20337580918536222,0.7494098053241576,31.231157302856445,0.0,2.0,29.31932281387046,29.30393298858642
13.659204483032227,1.9431647601059605,0.12567047375217152,2.957339541225703,1.5689003209910608,0.20648765085017615,0.7499009309147763,31.231157302856445,0.0,2.0,29.30390416393992,29.288262158280766
13.669250965118408,1.958862836190671,0.12775116259766153,2.964840919224567,1.570702715441838,0.20965824858052645,0.7503712844453064,31.298091888427734,0.0,2.0,29.355367477491853,29.339507182963658
13.679226398468018,1.9745785657555524,0.1298637684657837,2.97234689515964,1.5724304871576784,0.21286783302565487,0.7508207723054247,31.298091888427734,0.0,2.0,29.33991746184402,29.323800882274675
13.689186096191406,1.9903111856193116,0.13200858786700861,2.9798572805737917,1.5740801598104375,0.2160980702215762,0.7512533728471251,31.298091888427734,0.0,2.0,29.32445321368284,29.308077998926855
13.699254274368286,2.006059896150399,0.1341857450470461,2.9873718921255725,1.5756479956763034,0.21933300064806768,0.7516657483986866,31.363933563232422,0.0,2.0,29.374779238657805,29.358180326214395
13.70920729637146,2.021823860450555,0.1363952216870816,2.99489053690219,1.5771303011849536,0.22256014449169362,0.752058621927311,31.363933563232422,0.0,2.0,29.359288353892406,29.342426714002116
13.719186305999756,2.0376022056961576,0.138636892072451,3.0024129265286836,1.5785237651284583,0.22577088311902146,0.7524131870432826,31.363933563232422,0.0,2.0,29.343785760449013,29.326659050765713
13.729197025299072,2.0533940345884756,0.1409105804745952,3.0099386973838715,1.5798269144961823,0.22896410766979755,0.7527348931504307,31.363933563232422,0.0,2.0,29.3282723566248,29.31087824088335
13.739225149154663,2.0691984428671457,0.14321613154155036,3.017467465056967,1.5810398317242598,0.23214485340310384,0.7530114113595555,31.431699752807617,0.0,2.0,29.380473687111294,29.36285057749995
13.749204635620117,2.0850145378064067,0.14555347607217653,3.0249987984557336,1.5821647609005716,0.2353252403217503,0.7532480255884488,31.431699752807617,0.0,2.0,29.364940685443294,29.347046170317842
13.759231567382812,2.100841457111847,0.14792268856065768,3.0325322465220883,1.5832054784105134,0.23852149703057982,0.7534334338783123,31.431699752807617,0.0,2.0,29.34939952237668,29.331231298463695
13.769224882125854,2.116678384606973,0.15032402544637696,3.040067322266864,1.5841673770837599,0.24175353141747774,0.7535736902156871,31.514846801757812,0.0,2.0,29.416944838487883,29.39855274661988
13.779221296310425,2.1325245621462177,0.15275794487165045,3.047603528158943,1.5850565635585585,0.24504133647243942,0.7536586944879062,31.514846801757812,0.0,2.0,29.40138888444399,29.38271932926045
13.789184331893921,2.1483792957464853,0.15522510397040234,3.055140339322738,1.585879691486556,0.24840451614389267,0.7536952835325194,31.514846801757812,0.0,2.0,29.38582702171555,29.36687774712391
13.799235582351685,2.164241956630309,0.1577263403689042,3.06267724488859,1.586642990948707,0.251859193761258,0.7536770558250163,31.565967559814453,0.0,2.0,29.42134648465607,29.402148663718105
13.80920934677124,2.1801119737487045,0.16026263557434903,3.070213724002602,1.58735169944388,0.25541799461279147,0.7536114932907887,31.565967559814453,0.0,2.0,29.405774093747578,29.386292597697192
13.819212436676025,2.1959888215030197,0.1628350731274539,3.0777493364491937,1.5880096105918402,0.2590885236241401,0.7535048854132788,31.565967559814453,0.0,2.0,29.390197515194124,29.37043013559567
13.829244375228882,2.21187200368742,0.1654447886147119,3.0852837126312296,1.588618789634319,0.2628736276831193,0.7533648877354118,31.565967559814453,0.0,2.0,29.374617250837826,29.354561790228047
13.839229345321655,2.227761036649643,0.16809292076859728,3.0928165192005697,1.5891797291879552,0.26677119026301094,0.7531912693349941,31.63078498840332,0.0,2.0,29.423805339929277,29.403504429530386
13.849204301834106,2.243655434754421,0.17078056983988887,3.100347446712102,1.589691587902158,0.27077586418771465,0.7529898860660157,31.63078498840332,0.0,2.0,29.40821847561435,29.38762578715707
13.859193563461304,2.259554698930626,0.17350876793690007,3.107876231295825,1.5901525686447529,0.2748794835308875,0.7527632255399889,31.63078498840332,0.0,2.0,29.392629412042393,29.371742781281966
13.869211673736572,2.275458307793194,0.1762784577728534,3.1154026431389736,1.5905600448240569,0.27907253670086324,0.7525157400693308,31.704299926757812,0.0,2.0,29.450499421658375,29.429369567300945
13.879210710525513,2.2913657116831363,0.17909048242817355,3.122926476511716,1.5909110686950962,0.2833447722106707,0.7522479141563646,31.704299926757812,0.0,2.0,29.434906767524474,29.413479436156596
13.889206886291504,2.307276330798197,0.18194558551631246,3.130447548175205,1.5912025998577273,0.28768670528693635,0.7519635871492583,31.704299926757812,0.0,2.0,29.419313590848287,29.39758664410219
13.89938759803772,2.3231895562588205,0.18484441939287186,3.137965682572572,1.5914319080112087,0.29208956518132256,0.7516602298843348,31.766218185424805,0.0,2.0,29.465591258482856,29.443608853489216
13.90920639038086,2.339104753395304,0.18778755487134713,3.1454806964789492,1.5915965739038864,0.2965458449789039,0.7513393824829094,31.766218185424805,0.0,2.0,29.449998219580618,29.427712604062446
13.919196844100952,2.3550212662148735,0.1907754917738065,3.1529923990570703,1.5916947993276511,0.30104884950272126,0.7509981618109427,31.766218185424805,0.0,2.0,29.434406584490347,29.411815644546756
13.929199934005737,2.3709384238998275,0.1938086697722095,3.1605006098145507,1.591725412184043,0.3055932197309312,0.7506412451712092,31.83193588256836,0.0,2.0,29.484482269925188,29.461634935287496
13.939250707626343,2.386855547711919,0.19688747755592315,3.168005158997415,1.591688016305758,0.310174075011413,0.7502657637565397,31.83193588256836,0.0,2.0,29.46889473082444,29.445738581413917
13.949210166931152,2.4027719581880262,0.20001225997967592,3.175505875614879,1.5915828374983094,0.3147875274765146,0.7498747468551671,31.83193588256836,0.0,2.0,29.453310650176427,29.42984359782075
13.959235668182373,2.418686981387199,0.2031833248748714,3.183002587051263,1.5914107378232667,0.3194301055143946,0.7494646091888599,31.83193588256836,0.0,2.0,29.437730712595897,29.413950676275054
13.969308137893677,2.434599953596695,0.20640095271683495,3.1904951160631705,1.5911728489517916,0.32409987331177426,0.7490382824315442,31.897886276245117,0.0,2.0,29.488050476506825,29.464009270356335
13.979246854782104,2.450510223652837,0.20966540913296422,3.1979832842475955,1.590870534018013,0.3287957709938086,0.748592316125635,31.897886276245117,0.0,2.0,29.472480043523802,29.448122452315566
13.989205360412598,2.466417153678505,0.21297695686077556,3.20546690826554,1.5905050450396574,0.333518285614141,0.748129614618229,31.897886276245117,0.0,2.0,29.45691573066788,29.43223970235268
13.999282121658325,2.482320117851729,0.2163358672881734,3.212945810847321,1.5900775153311122,0.33826860858965263,0.7476478043022884,31.897886276245117,0.0,2.0,29.441358174621392,29.41636166534355
14.009237289428711,2.4982184991162737,0.21974242990647985,3.2204198065129988,1.5895885204731524,0.34304919009092283,0.7471482870217193,31.970754623413086,0.0,2.0,29.49861177814324,29.473355294799436
14.019180536270142,2.5141116840025233,0.22319696167972466,3.2278887117178514,1.5890382149607285,0.34786300082990557,0.7466298303730375,31.970754623413086,0.0,2.0,29.48306871463677,29.457488524034588
14.02921986579895,2.529999057424379,0.22669981296661706,3.2353523488525817,1.5884261113392883,0.3527136775962809,0.7460943403727744,31.970754623413086,0.0,2.0,29.467534279734192,29.441628370412772
14.039249181747437,2.545879997630308,0.23025136868493645,3.2428105174355393,1.5877514019408991,0.35760445779205996,0.7455356365558331,32.045021057128906,0.0,2.0,29.526207289850582,29.500039643040775
14.0492103099823,2.561753872635832,0.23385204814546745,3.2502629921569657,1.5870128546368594,0.3625389572421704,0.7449548607876589,32.045021057128906,0.0,2.0,29.510691083100465,29.4841945905366
14.059256553649902,2.5776200376757763,0.23750230189771837,3.257709501277073,1.5862091640967808,0.367519771905032,0.7443420335536379,32.045021057128906,0.0,2.0,29.495185427019727,29.468358118237163
14.069232940673828,2.593477833082696,0.24120260798305612,3.265149747826337,1.585338636566208,0.37254980405197125,0.7437024551553045,32.09806823730469,0.0,2.0,29.532687610568587,29.505576313961505
14.079209089279175,2.609326582061489,0.24495346650722905,3.272583432633551,1.584399581170612,0.37763046610612294,0.7430292035357925,32.09806823730469,0.0,2.0,29.517204393428635,29.489759012416997
14.089221000671387,2.6251655898425046,0.24875539068726285,3.2800102390578822,1.583390087013265,0.38276309180516666,0.7423278774080583,32.09806823730469,0.0,2.0,29.501733778259073,29.473952393786274
14.099239110946655,2.640994143984563,0.25260890232029526,3.287429912113672,1.5823086775282451,0.38794786342724036,0.7416031617428781,32.09806823730469,0.0,2.0,29.48627648882592,29.45815719621448
14.109216928482056,2.656811521976648,0.2565145174463381,3.2948422359584595,1.5811549000124745,0.39318342656286137,0.740858548470783,32.163753509521484,0.0,2.0,29.536452758752514,29.508056953211895
14.119235277175903,2.6726170041989517,0.2604727305204861,3.3022470299798115,1.5799298343895578,0.39846683951364975,0.7400979503390548,32.163753509521484,0.0,2.0,29.521023453566162,29.492286761438358
14.12920880317688,2.688409889614103,0.2644839991393138,3.3096441529853426,1.5786361086087939,0.40379368849737696,0.7393248349791897,32.163753509521484,0.0,2.0,29.505609654858247,29.476530211295486
14.139254808425903,2.704189511096648,0.268548730837087,3.3170334991842942,1.5772778280587276,0.40915846958545643,0.7385432488590064,32.24506378173828,0.0,2.0,29.571438049791638,29.54209490023839
14.149208784103394,2.7199552478218174,0.27266727418235637,3.324414996028729,1.5758600658980448,0.4145549432969144,0.7377551144006889,32.24506378173828,0.0,2.0,29.556056172359373,29.526367561587332
14.159229278564453,2.735706532959954,0.2768399146932601,3.331788592139877,1.5743884593797,0.419976944413956,0.7369641572899099,32.24506378173828,0.0,2.0,29.54069170531637,29.510655797091214
14.169214487075806,2.75144285614973,0.28106688016659614,3.3391542832820407,1.5728685912669709,0.4254190851778716,0.7361739786607149,32.308738708496094,0.0,2.0,29.58895183829077,29.558632185780485
14.179198980331421,2.767163761706797,0.2853483477434378,3.346512059695279,1.571305758222203,0.4308767366706889,0.7353811326229752,32.308738708496094,0.0,2.0,29.573622854551214,29.54295303479882
14.189188003540039,2.782868842945507,0.28968445720107044,3.3538619083965013,1.5697043894957026,0.43634710239257496,0.7345886350724549,32.308738708496094,0.0,2.0,29.558312713502087,29.527290908618287
14.199254274368286,2.79855773281329,0.29407532675989506,3.3612038305276624,1.5680679689769896,0.44182862028993247,0.7337958161175049,32.36341094970703,0.0,2.0,29.597633383473827,29.56631573318328
14.209215879440308,2.814230093298886,0.2985210660666669,3.3685378240194237,1.5663988109500677,0.44732110736688246,0.7330027994523445,32.36341094970703,0.0,2.0,29.582361296681086,29.550688724826756
14.219207286834717,2.829885604417835,0.30302178808319064,3.3758638890741497,1.5646982375394416,0.4528253538935995,0.7322103949560353,32.36341094970703,0.0,2.0,29.567109141174942,29.535079846258963
14.229227304458618,2.8455239549851097,0.30757761625311747,3.3831820323917534,1.5629667298288301,0.45834253892277604,0.731418247379096,32.36341094970703,0.0,2.0,29.551877252687767,29.519489437034537
14.239246845245361,2.861144835806475,0.31218868617291523,3.3904922575028476,1.5612042488721896,0.46387388878946173,0.7306268692913334,32.43376922607422,0.0,2.0,29.606942493641732,29.57427218214563
14.249187231063843,2.8767479356191417,0.3168551437956057,3.397794567456607,1.5594104641788162,0.4694201688388704,0.7298351579581391,32.43376922607422,0.0,2.0,29.591751120867713,29.558719606007365
14.25920057296753,2.892332939308164,0.32157714069660664,3.40508896925236,1.5575849386004144,0.4749817332456151,0.7290454167721006,32.43376922607422,0.0,2.0,29.57658101867069,29.54318651977942
14.269221782684326,2.907899526609537,0.3263548274112282,3.4123754751305735,1.555727074903014,0.480557995077936,0.7282560954579685,32.43376922607422,0.0,2.0,29.56143253406187,29.527673274119334
14.27927541732788,2.923447370585928,0.3311883468749487,3.4196541138812537,1.5538361469025568,0.48614806556158735,0.7274726980542814,32.5062141418457,0.0,2.0,29.61866292334813,29.584620591852403
14.28920865058899,2.938976136866428,0.3360778282460606,3.426924942383141,1.5519114294702403,0.49174994270077615,0.7266927773198372,32.5062141418457,0.0,2.0,29.603557663580307,29.569147967936605
14.299214601516724,2.9544854843726593,0.3410233731448977,3.434187945287168,1.5499522213811758,0.4973599540788053,0.7259065512895936,32.5062141418457,0.0,2.0,29.58847509839518,29.55369627620113
14.309260845184326,2.9699750612631726,0.34602503273492724,3.4414430488922836,1.5479570022697275,0.502971446247623,0.7251123246823602,32.578514099121094,0.0,2.0,29.64562489378214,29.61056090788615
14.319217920303345,2.985444497672466,0.3510827718439841,3.4486901386579194,1.5459237039576321,0.5085737637618769,0.7243032057372067,32.578514099121094,0.0,2.0,29.6305877543243,29.595152095383266
14.329184293746948,3.0008933982944668,0.3561964300345024,3.455929071086992,1.5438492910633965,0.5141525929343657,0.7234811552205344,32.578514099121094,0.0,2.0,29.61557447828378,29.579765418588718
14.33924388885498,3.016321334587015,0.36136568837072913,3.4631597155311615,1.5417301380375108,0.5196907882415895,0.7226457093002162,32.645263671875,0.0,2.0,29.667248701897204,29.631145931048096
14.34920883178711,3.03172783558934,0.36659004930960426,3.4703819502339104,1.5395613423015682,0.5251700449998951,0.7217991687866329,32.645263671875,0.0,2.0,29.652283488304935,29.615804783784412
14.359261512756348,3.04711237723405,0.37186883327121406,3.477595653182407,1.5373372145983677,0.5305726075426108,0.7209398978069609,32.645263671875,0.0,2.0,29.637343595604477,29.600487267773385
14.3691987991333,3.0624743723521797,0.37720119436972877,3.484800730264081,1.535050841204396,0.5358831497890616,0.7200748031254843,32.705318450927734,0.0,2.0,29.682404198722995,29.645243898604978
14.379213571548462,3.077813163225092,0.38258614830996684,3.491997127458961,1.532695183817663,0.5410894469395399,0.7192037856225005,32.705318450927734,0.0,2.0,29.667515857618962,29.62997539205402
14.389189720153809,3.0931280207753784,0.388022607381416,3.499184795130437,1.5302629805281498,0.5461831140352985,0.7183295238999404,32.705318450927734,0.0,2.0,29.652654833343274,29.614732543371815
14.399236679077148,3.108418144681106,0.3935094200952312,3.5063637212153953,1.5277473194593822,0.5511597004343853,0.7174560567663387,32.705318450927734,0.0,2.0,29.637821935192864,29.599516168370144
14.409252405166626,3.123682666529563,0.3990454053249009,3.513533924658656,1.525141514351749,0.5560175770851571,0.7165851456532688,32.76366424560547,0.0,2.0,29.681282488877777,29.642667647218758
14.419238805770874,3.1389206550727122,0.4046293793362038,3.520695438887981,1.522439744995311,0.5607577830693047,0.715718534064648,32.76366424560547,0.0,2.0,29.66650758611954,29.627506775620414
14.429201364517212,3.154131124258427,0.410260176526494,3.5278483109678187,1.5196368884569758,0.5653826920199878,0.7148564041827479,32.76366424560547,0.0,2.0,29.651763615979377,29.612375201536793
14.439289331436157,3.169313043067616,0.4159366596542777,3.534992574554573,1.5167291008644384,0.5698955222286594,0.7139968745503289,32.84379196166992,0.0,2.0,29.71706419886316,29.677393793852875
14.449214458465576,3.1844653461999495,0.42165772310369587,3.5421282590855396,1.5137133783089536,0.5742991407022536,0.7131394790021209,32.84379196166992,0.0,2.0,29.702383912508584,29.662323754530405
14.45922589302063,3.199586946646077,0.4274222848247893,3.5492553341656996,1.5105884670525525,0.5785955004596965,0.7122748697032517,32.84379196166992,0.0,2.0,29.687737752694638,29.64728622964216
14.469214677810669,3.214676751882,0.43322928164170815,3.5563737574076426,1.507354548606112,0.582786408859927,0.7114103557948728,32.90557098388672,0.0,2.0,29.73481439624788,29.694054756913257
14.47919249534607,3.2297336817402478,0.43907766628458367,3.563483563934241,1.5040138729997647,0.586873261887912,0.7105522635262267,32.90557098388672,0.0,2.0,29.720238721033017,29.67908537641444
14.489187955856323,3.244756683262665,0.444966402786185,3.5705848272129135,1.500569382000436,0.5908569096336046,0.7097017166538904,32.90557098388672,0.0,2.0,29.705700408763036,29.664151767338854
14.499267339706421,3.259744732794775,0.4508944637675812,3.5776776313537253,1.4970238633792947,0.5947383121026771,0.7088606869722845,32.96361541748047,0.0,2.0,29.74915639439983,29.70729269842653
14.509228706359863,3.2746968293950705,0.45686083074948347,3.584762068253147,1.4933789705291272,0.5985182786409287,0.7080283649725726,32.96361541748047,0.0,2.0,29.73469487924182,29.69243352688755
14.519229650497437,3.2896119829952366,0.46286449686643294,3.5918382464262533,1.4896353075254518,0.6021985128442123,0.7072095181634147,32.96361541748047,0.0,2.0,29.720273760096596,29.677613168385037
14.529196977615356,3.3044892068876885,0.4689044777431526,3.598906296681879,1.4857930455726587,0.6057818544008081,0.7064026015815679,32.96361541748047,0.0,2.0,29.70589403351948,29.66283261903892
14.539233684539795,3.319327515606382,0.47497982708047937,3.60596635013851,1.4818523155832877,0.6092731594406333,0.7056103822848535,33.031856536865234,0.0,2.0,29.759689423666035,29.716325255241152
14.549214601516724,3.3341259266884995,0.48108965529155845,3.613018542416487,1.477813640239814,0.6126788553293431,0.7048303472649949,33.031856536865234,0.0,2.0,29.745394256409448,29.70162707076932
14.559222936630249,3.3488834645623,0.4872331460414185,3.6200630186560194,1.4736778302418645,0.6160070715546564,0.7040676402999075,33.031856536865234,0.0,2.0,29.731143448143385,29.68697166350355
14.57106351852417,3.3635991629247437,0.49340956592586166,3.6270999412050866,1.4694458961051973,0.6192660783268982,0.7033195633031275,33.105133056640625,0.0,2.0,29.790094755966575,29.745626423909744
14.579270601272583,3.3782720646167803,0.4996182651037031,3.6341294815349388,1.4651186181847529,0.6224642493375421,0.702591755451933,33.105133056640625,0.0,2.0,29.775934276061864,29.731059228522856
14.589216232299805,3.392901219965263,0.5058586717733794,3.641151832336417,1.4606967177904597,0.6256086752021329,0.7018817415139992,33.105133056640625,0.0,2.0,29.76182106405679,29.71653771407687
14.599292993545532,3.406029276257531,0.51150172883468,3.6474659748584033,1.4566364737256339,0.628397918295194,0.7012644214993264,33.17803955078125,0.0,2.0,29.821944503054503,29.77640390989058
14.609297275543213,3.422024523996364,0.5184326419361772,3.655175843280045,1.4515718487996385,0.6317598842349802,0.7005342410360058,33.17803955078125,0.0,2.0,29.806522939629353,29.760530954243286
14.61919355392456,3.436516819606546,0.5247653499844309,3.6621779796827787,1.4468724261979804,0.6347755815888311,0.6998972619513413,33.17803955078125,0.0,2.0,29.79255592723908,29.74615190308699
14.6291823387146,3.450961682321487,0.5311280352868689,3.669173864060747,1.442085965721777,0.6377557973102604,0.6992835976746855,33.17803955078125,0.0,2.0,29.77863994503109,29.73182227155507
14.639197587966919,3.4653582639638643,0.5375203566790754,3.676163744454156,1.4372170925524892,0.6407031842954872,0.698696771227082,33.17803955078125,0.0,2.0,29.764775864838207,29.717542923092285
14.649193286895752,3.479705769441049,0.5439419957938192,3.6831478749786912,1.4322718074101684,0.6436196276803091,0.6981331950511849,33.23208236694336,0.0,2.0,29.80491189155634,29.757348438568766
14.65926718711853,3.494003467300536,0.5503926519977128,3.6901264967664362,1.4272567267492682,0.646506861983227,0.697595277365696,33.23208236694336,0.0,2.0,29.79115298688231,29.743171799805666
14.669177770614624,3.508250695657771,0.5568720399242522,3.6970998532029062,1.4221791387125111,0.6493661738967593,0.6970795617456836,33.23208236694336,0.0,2.0,29.777448238616937,29.729047675493565
14.679189205169678,3.5224468657209895,0.5633798863073107,3.704068162447613,1.4170462491893623,0.6521986841650675,0.696585592173306,33.23208236694336,0.0,2.0,29.76379825919494,29.71497667022117
14.689196348190308,3.536591459343133,0.5699159251967076,3.7110316219151573,1.411864930237547,0.6550046646114142,0.6961090585290851,33.23208236694336,0.0,2.0,29.75020358949421,29.700959317927104
14.699291229248047,3.550684022602815,0.576479890280245,3.7179904036520677,1.4066410762621424,0.6577837974290451,0.6956500671424047,33.337608337402344,0.0,2.0,29.84199524540096,29.792502231257664
14.709233283996582,3.5647241557422453,0.5830715074017347,3.7249446723604307,1.401379639337453,0.6605348003356285,0.6952060483322546,33.337608337402344,0.0,2.0,29.828510505890076,29.778593064100427
14.719212055206299,3.578711502257591,0.5896904866915029,3.731894577701284,1.3960842121329968,0.6632558921719002,0.6947776557046048,33.337608337402344,0.0,2.0,29.815082333328444,29.76473879802883
14.729267120361328,3.5926457334851807,0.5963365177937466,3.7388402747127443,1.3907567776004917,0.6659447587095965,0.6943642793018051,33.337608337402344,0.0,2.0,29.801711075907168,29.75093977592783
14.739255666732788,3.6065265323734055,0.6030092666839751,3.7457819197237106,1.3853976768584908,0.6685990506595554,0.6939673735382499,33.433860778808594,0.0,2.0,29.88446490964003,29.83342904233893
14.749225616455078,3.62035357835457,0.6097083753146982,3.7527196689703377,1.3800059404706264,0.6712163185310903,0.6935846667702421,33.433860778808594,0.0,2.0,29.8712065730939,29.819741043383537
14.759246826171875,3.6341265355756285,0.6164334631001192,3.7596536564539336,1.374579490011073,0.6737946209669089,0.6932147152451076,33.433860778808594,0.0,2.0,29.85800616538909,29.806109292924177
14.769237756729126,3.647845042407695,0.6231841340542312,3.7665839946399586,1.3691152995166138,0.6763328672223581,0.6928543401525641,33.500633239746094,0.0,2.0,29.911505154876473,29.859292048206427
14.779234409332275,3.661508703751433,0.6299599873925478,3.773510772794685,1.3636097568856511,0.6788312299663638,0.6925026341494067,33.500633239746094,0.0,2.0,29.89842041181328,29.84577361470656
14.789232015609741,3.675117086922282,0.6367606300144025,3.78043407047951,1.3580590306740514,0.6812910487296066,0.6921581879778018,33.500633239746094,0.0,2.0,29.885394816893665,29.832312647233547
14.7992684841156,3.6886697212414936,0.6435856882157849,3.787353968330108,1.352459386265632,0.6837148288188983,0.6918227596251099,33.56730651855469,0.0,2.0,29.938967477385383,29.88556740976879
14.809215068817139,3.702166100235406,0.6504348167436659,3.794270547270082,1.3468074436387056,0.686105674217483,0.6914938775911509,33.56730651855469,0.0,2.0,29.92606028954632,29.872222509494677
14.819235563278198,3.7156056864727764,0.6573077042944252,3.8011838673665945,1.341100449440399,0.6884673229599263,0.6911715232966307,33.56730651855469,0.0,2.0,29.913213791070767,29.8589366184773
14.829196453094482,3.728987920605448,0.6642040805373903,3.8080940074689247,1.335336927535785,0.6908041891498005,0.6908582500873632,33.56730651855469,0.0,2.0,29.900428554674114,29.845710308406566
14.839169025421143,3.742312237583102,0.6711237216379982,3.8150010744051728,1.3295172642454636,0.6931211190682376,0.6905570858451185,33.56730651855469,0.0,2.0,29.887705161317168,29.832544157509144
14.849226713180542,3.7555780872601465,0.6780664528784079,3.821905182370479,1.3236440632352373,0.6954230379373276,0.6902661033167767,33.634857177734375,0.0,2.0,29.94245199669723,29.886971962394743
14.859256029129028,3.768784954500369,0.6850321486933685,3.8288064331280283,1.3177216205579891,0.6977148264359271,0.6899857962230039,33.634857177734375,0.0,2.0,29.92985252315861,29.873927413183782
14.869213819503784,3.7819323748974503,0.6920207305237825,3.8357049263655494,1.311755830418307,0.7000008996236796,0.6897130084040453,33.72151184082031,0.0,2.0,30.003785158950652,29.94757605028802
14.87922716140747,3.79501995272014,0.6990321569164873,3.8426006630012095,1.3057545093235154,0.7022839065411163,0.6894326193375168,33.72151184082031,0.0,2.0,29.991311073179535,29.934654878333383
14.889213562011719,3.808047375814168,0.7060663947242866,3.849493547495628,1.2997264759155711,0.7045625786619382,0.6891423394884468,33.72151184082031,0.0,2.0,29.9789011212081,29.92179617023256
14.899291753768921,3.821014427987273,0.7131233739132606,3.856383458423383,1.2936821884207657,0.7068306745155671,0.6888375034170506,33.76890563964844,0.0,2.0,30.013845013870206,29.956380505193103
14.909217834472656,3.833921004383838,0.7202029339210589,3.8632702561031143,1.287633413278475,0.7090763303384774,0.6885193004914933,33.76890563964844,0.0,2.0,30.001562849738924,29.943647028703037
14.919240474700928,3.846767125350103,0.7273047708318561,3.8701537721793597,1.281593320594418,0.7112829640277666,0.6881809475716342,33.76890563964844,0.0,2.0,29.989345118393754,29.930976353913522
14.929219245910645,3.8595529436479987,0.7344283965983964,3.877033829008717,1.2755751129729476,0.713430572145322,0.687827878777076,33.76890563964844,0.0,2.0,29.97719165897169,29.9183683339095
14.939198970794678,3.8722787457434107,0.7415731134262764,3.883910264026901,1.2695922758151457,0.715497521161964,0.687456260222312,33.76890563964844,0.0,2.0,29.965102172340877,29.905822682479776
14.94924783706665,3.8849449487069,0.7487380058724937,3.890782908204856,1.26365726084312,0.7174622129025643,0.687070388259106,33.83509063720703,0.0,2.0,30.019108837035464,29.959503256292834
14.959228754043579,3.897552089127232,0.7559219515190398,3.8976515928977564,1.2577815620089687,0.7193051836916216,0.6866625945811148,33.83509063720703,0.0,2.0,30.00714438067341,29.947080530738756
14.969223260879517,3.910100809218163,0.76312365000967,3.904516096737242,1.2519746228180137,0.721010434897809,0.6862349374263595,33.92387390136719,0.0,2.0,30.083818150210657,30.023473032482645
14.979279279708862,3.9225918387029517,0.7703416606730276,3.911376196867895,1.2462446984651971,0.7225659629937727,0.6857806293391641,33.92387390136719,0.0,2.0,30.07197550284418,30.011170448313194
14.989189863204956,3.935025981567453,0.7775744432492644,3.9182316328943636,1.2405983060830585,0.7239638154190332,0.6853018775288113,33.92387390136719,0.0,2.0,30.060193515164002,29.998927007005953
14.999224424362183,3.947404102858605,0.7848203962177822,3.9250821073612197,1.2350411675338033,0.7251994859317629,0.6847872804611029,33.972564697265625,0.0,2.0,30.09704558414885,30.035415958069425
15.009214639663696,3.959727113679624,0.7920778831156385,3.931927280445562,1.2295766558657033,0.7262702530485882,0.6842418703493304,33.972564697265625,0.0,2.0,30.085381004876158,30.02328774787387
15.019198417663574,3.971995952644406,0.799345245730516,3.9387668105630658,1.2242070186587946,0.7271743078488175,0.6836582349279462,33.972564697265625,0.0,2.0,30.07377419893214,30.01121586711567
15.029188871383667,3.9842115715187774,0.8066208051542278,3.9456003447718624,1.2189326412600654,0.727909122406106,0.683043052002314,34.03396987915039,0.0,2.0,30.123478752825996,30.06058235414582
15.039209127426147,3.996374923289274,0.8139028529739407,3.9524275338898884,1.2137535138256466,0.7284712892438376,0.6823885888301823,34.03396987915039,0.0,2.0,30.11198302771745,30.048619745113953
15.049209833145142,4.0084869555016125,0.8211896382943956,3.9592480130603764,1.2086684848878182,0.7288556624106381,0.6817028388186068,34.03396987915039,0.0,2.0,30.100542021648835,30.03671049266824
15.059187412261963,4.0205486014518454,0.8284793540002673,3.966061514043108,1.203676007716948,0.7290563221037332,0.6809942174334694,34.03396987915039,0.0,2.0,30.0891547357119,30.024853618837383
15.069254636764526,4.03256077953934,0.8357701307910111,3.9728678455155655,1.1987747011879977,0.7290668542488097,0.6802696390074797,34.10063171386719,0.0,2.0,30.14431304506976,30.07968419753262
15.079278945922852,4.044524395536834,0.8430600385400339,3.979666861204487,1.193963427940636,0.7288816229312933,0.6795316671501052,34.10063171386719,0.0,2.0,30.133028693460698,30.067928717481934
15.08921504020691,4.056440345619341,0.8503470944843737,3.986458447743102,1.1892414554411554,0.7284958699558349,0.6787830616134629,34.10063171386719,0.0,2.0,30.121795137700644,30.056222735949312
15.099289894104004,4.068309522187643,0.8576292797338061,3.993242437030474,1.1846086666863118,0.7279073096514824,0.6780108501803569,34.10063171386719,0.0,2.0,30.11061141224275,30.044565302335535
15.10925006866455,4.080132813422902,0.8649045647190619,4.000018596557946,1.1800642534146941,0.7271160944584245,0.677216832506025,34.16730880737305,0.0,2.0,30.16597907550125,30.09960496745766
15.11924695968628,4.091911099903938,0.872170936944442,4.006786658705205,1.1756075548101668,0.7261255133966205,0.6763903464247624,34.16730880737305,0.0,2.0,30.15489051711589,30.088041302246452
15.129218816757202,4.103645251883422,0.8794264281620799,4.013546315005663,1.1712370518959754,0.7249409775193213,0.6755371125736233,34.16730880737305,0.0,2.0,30.14384889132272,30.07652335660199
15.13931941986084,4.115336121997107,0.8866691341592813,4.02029733459475,1.166950884682019,0.7235696865177348,0.674664075686217,34.24668884277344,0.0,2.0,30.212020790696485,30.144395813107714
15.149534702301025,4.12698454527991,0.8938972217593567,4.027039556683871,1.1627473427005817,0.7220183291617559,0.6737810755408117,34.24668884277344,0.0,2.0,30.20106833500895,30.13296598762756
