Mono path[0] = '/mnt/nvme0n1p5/Flightmare_ws/src/flightmare/flightrender/RPG_Flightmare/RPG_Flightmare_Data/Managed'
Mono config path = '/mnt/nvme0n1p5/Flightmare_ws/src/flightmare/flightrender/RPG_Flightmare/RPG_Flightmare_Data/MonoBleedingEdge/etc'
Display 0 'HC-L240Z2 24"': 1920x1080 (primary device).
Display 1 'H27T22C 27"': 2560x1440 (secondary device).
Desktop is 2560 x 1440 @ 60 Hz
Initialize engine version: 2020.3.49f1 (18249dd5551b)
[Subsystems] Discovering subsystems at path /mnt/nvme0n1p5/Flightmare_ws/src/flightmare/flightrender/RPG_Flightmare/RPG_Flightmare_Data/UnitySubsystems
GfxDevice: creating device client; threaded=1
Renderer: NVIDIA GeForce RTX 4070/PCIe/SSE2
Vendor:   NVIDIA Corporation
Version:  4.5.0 NVIDIA 570.133.20
GLES:     0
 GL_AMD_multi_draw_indirect GL_AMD_seamless_cubemap_per_texture GL_AMD_vertex_shader_viewport_index GL_AMD_vertex_shader_layer GL_ARB_arrays_of_arrays GL_ARB_base_instance GL_ARB_bindless_texture GL_ARB_blend_func_extended GL_ARB_buffer_storage GL_ARB_clear_buffer_object GL_ARB_clear_texture GL_ARB_clip_control GL_ARB_color_buffer_float GL_ARB_compressed_texture_pixel_storage GL_ARB_conservative_depth GL_ARB_compute_shader GL_ARB_compute_variable_group_size GL_ARB_conditional_render_inverted GL_ARB_copy_buffer GL_ARB_copy_image GL_ARB_cull_distance GL_ARB_debug_output GL_ARB_depth_buffer_float GL_ARB_depth_clamp GL_ARB_depth_texture GL_ARB_derivative_control GL_ARB_direct_state_access GL_ARB_draw_buffers GL_ARB_draw_buffers_blend GL_ARB_draw_indirect GL_ARB_draw_elements_base_vertex GL_ARB_draw_instanced GL_ARB_enhanced_layouts GL_ARB_ES2_compatibility GL_ARB_ES3_compatibility GL_ARB_ES3_1_compatibility GL_ARB_ES3_2_compatibility GL_ARB_explicit_attrib_location GL_ARB_explicit_uniform_location GL_ARB_fragmen
t_coord_conventions GL_ARB_fragment_layer_viewport GL_ARB_fragment_program GL_ARB_fragment_program_shadow GL_ARB_fragment_shader GL_ARB_fragment_shader_interlock GL_ARB_framebuffer_no_attachments GL_ARB_framebuffer_object GL_ARB_framebuffer_sRGB GL_ARB_geometry_shader4 GL_ARB_get_program_binary GL_ARB_get_texture_sub_image GL_ARB_gl_spirv GL_ARB_gpu_shader5 GL_ARB_gpu_shader_fp64 GL_ARB_gpu_shader_int64 GL_ARB_half_float_pixel GL_ARB_half_float_vertex GL_ARB_imaging GL_ARB_indirect_parameters GL_ARB_instanced_arrays GL_ARB_internalformat_query GL_ARB_internalformat_query2 GL_ARB_invalidate_subdata GL_ARB_map_buffer_alignment GL_ARB_map_buffer_range GL_ARB_multi_bind GL_ARB_multi_draw_indirect GL_ARB_multisample GL_ARB_multitexture GL_ARB_occlusion_query GL_ARB_occlusion_query2 GL_ARB_parallel_shader_compile GL_ARB_pipeline_statistics_query GL_ARB_pixel_buffer_object GL_ARB_point_parameters GL_ARB_point_sprite GL_ARB_polygon_offset_clamp GL_ARB_post_depth_coverage GL_ARB_program_interface_query GL_ARB_provoki
ng_vertex GL_ARB_query_buffer_object GL_ARB_robust_buffer_access_behavior GL_ARB_robustness GL_ARB_sample_locations GL_ARB_sample_shading GL_ARB_sampler_objects GL_ARB_seamless_cube_map GL_ARB_seamless_cubemap_per_texture GL_ARB_separate_shader_objects GL_ARB_shader_atomic_counter_ops GL_ARB_shader_atomic_counters GL_ARB_shader_ballot GL_ARB_shader_bit_encoding GL_ARB_shader_clock GL_ARB_shader_draw_parameters GL_ARB_shader_group_vote GL_ARB_shader_image_load_store GL_ARB_shader_image_size GL_ARB_shader_objects GL_ARB_shader_precision GL_ARB_shader_storage_buffer_object GL_ARB_shader_subroutine GL_ARB_shader_texture_image_samples GL_ARB_shader_texture_lod GL_ARB_shading_language_100 GL_ARB_shader_viewport_layer_array GL_ARB_shading_language_420pack GL_ARB_shading_language_include GL_ARB_shading_language_packing GL_ARB_shadow GL_ARB_sparse_buffer GL_ARB_sparse_texture GL_ARB_sparse_texture2 GL_ARB_sparse_texture_clamp GL_ARB_spirv_extensions GL_ARB_stencil_texturing GL_ARB_sync GL_ARB_tessellation_shader GL_A
RB_texture_barrier GL_ARB_texture_border_clamp GL_ARB_texture_buffer_object GL_ARB_texture_buffer_object_rgb32 GL_ARB_texture_buffer_range GL_ARB_texture_compression GL_ARB_texture_compression_bptc GL_ARB_texture_compression_rgtc GL_ARB_texture_cube_map GL_ARB_texture_cube_map_array GL_ARB_texture_env_add GL_ARB_texture_env_combine GL_ARB_texture_env_crossbar GL_ARB_texture_env_dot3 GL_ARB_texture_filter_anisotropic GL_ARB_texture_filter_minmax GL_ARB_texture_float GL_ARB_texture_gather GL_ARB_texture_mirror_clamp_to_edge GL_ARB_texture_mirrored_repeat GL_ARB_texture_multisample GL_ARB_texture_non_power_of_two GL_ARB_texture_query_levels GL_ARB_texture_query_lod GL_ARB_texture_rectangle GL_ARB_texture_rg GL_ARB_texture_rgb10_a2ui GL_ARB_texture_stencil8 GL_ARB_texture_storage GL_ARB_texture_storage_multisample GL_ARB_texture_swizzle GL_ARB_texture_view GL_ARB_timer_query GL_ARB_transform_feedback2 GL_ARB_transform_feedback3 GL_ARB_transform_feedback_instanced GL_ARB_transform_feedback_overflow_query GL_ARB_t
ranspose_matrix GL_ARB_uniform_buffer_object GL_ARB_vertex_array_bgra GL_ARB_vertex_array_object GL_ARB_vertex_attrib_64bit GL_ARB_vertex_attrib_binding GL_ARB_vertex_buffer_object GL_ARB_vertex_program GL_ARB_vertex_shader GL_ARB_vertex_type_10f_11f_11f_rev GL_ARB_vertex_type_2_10_10_10_rev GL_ARB_viewport_array GL_ARB_window_pos GL_ATI_draw_buffers GL_ATI_texture_float GL_ATI_texture_mirror_once GL_S3_s3tc GL_EXT_texture_env_add GL_EXT_abgr GL_EXT_bgra GL_EXT_bindable_uniform GL_EXT_blend_color GL_EXT_blend_equation_separate GL_EXT_blend_func_separate GL_EXT_blend_minmax GL_EXT_blend_subtract GL_EXT_compiled_vertex_array GL_EXT_Cg_shader GL_EXT_depth_bounds_test GL_EXT_direct_state_access GL_EXT_draw_buffers2 GL_EXT_draw_instanced GL_EXT_draw_range_elements GL_EXT_fog_coord GL_EXT_framebuffer_blit GL_EXT_framebuffer_multisample GL_EXTX_framebuffer_mixed_formats GL_EXT_framebuffer_multisample_blit_scaled GL_EXT_framebuffer_object GL_EXT_framebuffer_sRGB GL_EXT_geometry_shader4 GL_EXT_gpu_program_parameters 
GL_EXT_gpu_shader4 GL_EXT_multi_draw_arrays GL_EXT_multiview_texture_multisample GL_EXT_multiview_timer_query GL_EXT_packed_depth_stencil GL_EXT_packed_float GL_EXT_packed_pixels GL_EXT_pixel_buffer_object GL_EXT_point_parameters GL_EXT_polygon_offset_clamp GL_EXT_post_depth_coverage GL_EXT_provoking_vertex GL_EXT_raster_multisample GL_EXT_rescale_normal GL_EXT_secondary_color GL_EXT_separate_shader_objects GL_EXT_separate_specular_color GL_EXT_shader_image_load_formatted GL_EXT_shader_image_load_store GL_EXT_shader_integer_mix GL_EXT_shadow_funcs GL_EXT_sparse_texture2 GL_EXT_stencil_two_side GL_EXT_stencil_wrap GL_EXT_texture3D GL_EXT_texture_array GL_EXT_texture_buffer_object GL_EXT_texture_compression_dxt1 GL_EXT_texture_compression_latc GL_EXT_texture_compression_rgtc GL_EXT_texture_compression_s3tc GL_EXT_texture_cube_map GL_EXT_texture_edge_clamp GL_EXT_texture_env_combine GL_EXT_texture_env_dot3 GL_EXT_texture_filter_anisotropic GL_EXT_texture_filter_minmax GL_EXT_texture_integer GL_EXT_texture_lod G
L_EXT_texture_lod_bias GL_EXT_texture_mirror_clamp GL_EXT_texture_object GL_EXT_texture_shadow_lod GL_EXT_texture_shared_exponent GL_EXT_texture_sRGB GL_EXT_texture_sRGB_R8 GL_EXT_texture_sRGB_decode GL_EXT_texture_storage GL_EXT_texture_swizzle GL_EXT_timer_query GL_EXT_transform_feedback2 GL_EXT_vertex_array GL_EXT_vertex_array_bgra GL_EXT_vertex_attrib_64bit GL_EXT_window_rectangles GL_EXT_x11_sync_object GL_EXT_import_sync_object GL_NV_robustness_video_memory_purge GL_IBM_rasterpos_clip GL_IBM_texture_mirrored_repeat GL_KHR_context_flush_control GL_KHR_debug GL_EXT_memory_object GL_EXT_memory_object_fd GL_NV_memory_object_sparse GL_KHR_parallel_shader_compile GL_KHR_no_error GL_KHR_robust_buffer_access_behavior GL_KHR_robustness GL_EXT_semaphore GL_EXT_semaphore_fd GL_NV_timeline_semaphore GL_KHR_shader_subgroup GL_KTX_buffer_region GL_NV_alpha_to_coverage_dither_control GL_NV_bindless_multi_draw_indirect GL_NV_bindless_multi_draw_indirect_count GL_NV_bindless_texture GL_NV_blend_equation_advanced GL_NV_
blend_equation_advanced_coherent GL_NVX_blend_equation_advanced_multi_draw_buffers GL_NV_blend_minmax_factor GL_NV_blend_square GL_NV_clip_space_w_scaling GL_NV_command_list GL_NV_compute_program5 GL_NV_compute_shader_derivatives GL_NV_conditional_render GL_NV_conservative_raster GL_NV_conservative_raster_dilate GL_NV_conservative_raster_pre_snap GL_NV_conservative_raster_pre_snap_triangles GL_NV_conservative_raster_underestimation GL_NV_copy_depth_to_color GL_NV_copy_image GL_NV_depth_buffer_float GL_NV_depth_clamp GL_NV_draw_texture GL_NV_draw_vulkan_image GL_NV_ES1_1_compatibility GL_NV_ES3_1_compatibility GL_NV_explicit_multisample GL_NV_feature_query GL_NV_fence GL_NV_fill_rectangle GL_NV_float_buffer GL_NV_fog_distance GL_NV_fragment_coverage_to_color GL_NV_fragment_program GL_NV_fragment_program_option GL_NV_fragment_program2 GL_NV_fragment_shader_barycentric GL_NV_fragment_shader_interlock GL_NV_framebuffer_mixed_samples GL_NV_framebuffer_multisample_coverage GL_NV_geometry_shader4 GL_NV_geometry_sha
der_passthrough GL_NV_gpu_program4 GL_NV_internalformat_sample_query GL_NV_gpu_program4_1 GL_NV_gpu_program5 GL_NV_gpu_program5_mem_extended GL_NV_gpu_program_fp64 GL_NV_gpu_program_multiview GL_NV_gpu_shader5 GL_NV_half_float GL_NV_light_max_exponent GL_NV_memory_attachment GL_NV_mesh_shader GL_NV_multisample_coverage GL_NV_multisample_filter_hint GL_NV_occlusion_query GL_NV_packed_depth_stencil GL_NV_parameter_buffer_object GL_NV_parameter_buffer_object2 GL_NV_path_rendering GL_NV_path_rendering_shared_edge GL_NV_pixel_data_range GL_NV_point_sprite GL_NV_primitive_restart GL_NV_primitive_shading_rate GL_NV_query_resource GL_NV_query_resource_tag GL_NV_register_combiners GL_NV_register_combiners2 GL_NV_representative_fragment_test GL_NV_sample_locations GL_NV_sample_mask_override_coverage GL_NV_scissor_exclusive GL_NV_shader_atomic_counters GL_NV_shader_atomic_float GL_NV_shader_atomic_float64 GL_NV_shader_atomic_fp16_vector GL_NV_shader_atomic_int64 GL_NV_shader_buffer_load GL_NV_shader_storage_buffer_obje
ct GL_NV_shader_subgroup_partitioned GL_NV_shader_texture_footprint GL_NV_shading_rate_image GL_NV_stereo_view_rendering GL_NV_texgen_reflection GL_NV_texture_barrier GL_NV_texture_compression_vtc GL_NV_texture_dirty_tile_map GL_NV_texture_env_combine4 GL_NV_texture_multisample GL_NV_texture_rectangle GL_NV_texture_rectangle_compressed GL_NV_texture_shader GL_NV_texture_shader2 GL_NV_texture_shader3 GL_NV_transform_feedback GL_NV_transform_feedback2 GL_NV_uniform_buffer_unified_memory GL_NV_uniform_buffer_std430_layout GL_NV_vdpau_interop GL_NV_vdpau_interop2 GL_NV_vertex_array_range GL_NV_vertex_array_range2 GL_NV_vertex_attrib_integer_64bit GL_NV_vertex_buffer_unified_memory GL_NV_vertex_program GL_NV_vertex_program1_1 GL_NV_vertex_program2 GL_NV_vertex_program2_option GL_NV_vertex_program3 GL_NV_viewport_array2 GL_NV_viewport_swizzle GL_NVX_conditional_render GL_NV_gpu_multicast GL_NVX_progress_fence GL_NVX_gpu_memory_info GL_NVX_nvenc_interop GL_NV_shader_thread_group GL_NV_shader_thread_shuffle GL_KHR_b
lend_equation_advanced GL_KHR_blend_equation_advanced_coherent GL_OVR_multiview GL_OVR_multiview2 GL_SGIS_generate_mipmap GL_SGIS_texture_lod GL_SGIX_depth_texture GL_SGIX_shadow GL_SUN_slice_accum
OPENGL LOG: Creating OpenGL 4.5 graphics device ; Context level  <OpenGL 4.5> ; Context handle 503475384
Begin MonoManager ReloadAssembly
- Completed reload, in  0.164 seconds
Default vsync count 1
requesting resize 640 x 360
resizing window to 640 x 360
Desktop is 2560 x 1440 @ 60 Hz
UnloadTime: 0.507980 ms
Configuring sockets.
Trying to connect to: 127.0.0.1
Terminated ZMQ sockets.
Configuring sockets.
tcp://127.0.0.1:10253
Sockets bound.
Fallback handler could not load library /mnt/nvme0n1p5/Flightmare_ws/src/flightmare/flightrender/RPG_Flightmare/RPG_Flightmare_Data/Mono/libKernel32
Fallback handler could not load library /mnt/nvme0n1p5/Flightmare_ws/src/flightmare/flightrender/RPG_Flightmare/RPG_Flightmare_Data/Mono/libKernel32.so
Fallback handler could not load library /mnt/nvme0n1p5/Flightmare_ws/src/flightmare/flightrender/RPG_Flightmare/RPG_Flightmare_Data/Mono/Kernel32
Fallback handler could not load library /mnt/nvme0n1p5/Flightmare_ws/src/flightmare/flightrender/RPG_Flightmare/RPG_Flightmare_Data/Mono/libKernel32
Fallback handler could not load library /mnt/nvme0n1p5/Flightmare_ws/src/flightmare/flightrender/RPG_Flightmare/RPG_Flightmare_Data/Mono/libKernel32.so
Fallback handler could not load library /mnt/nvme0n1p5/Flightmare_ws/src/flightmare/flightrender/RPG_Flightmare/RPG_Flightmare_Data/Mono/libKernel32
requesting resize 1024 x 768
resizing window to 1024 x 768
Desktop is 2560 x 1440 @ 60 Hz
Unloading 5 Unused Serialized files (Serialized files now loaded: 0)
UnloadTime: 0.181020 ms

Unloading 4 unused Assets to reduce memory usage. Loaded Objects now: 89916.
Total: 7.461579 ms (FindLiveObjects: 2.219489 ms CreateObjectMapping: 0.803920 ms MarkObjects: 4.400680 ms  DeleteObjects: 0.037180 ms)

Destory Time Line
Unloading 4 Unused Serialized files (Serialized files now loaded: 0)
UnloadTime: 39.314013 ms

Unloading 67 unused Assets to reduce memory usage. Loaded Objects now: 89936.
Total: 8.025819 ms (FindLiveObjects: 2.793260 ms CreateObjectMapping: 0.237320 ms MarkObjects: 4.657589 ms  DeleteObjects: 0.337370 ms)

resize screen
requesting resize 160 x 90
resizing window to 160 x 90
Desktop is 2560 x 1440 @ 60 Hz
instantiate object
obj_state id : yopo_target_person
vehicle id : quadrotor0
Disable extra camera!
quadrotor0_0
0.00000	0.00000	1.00000	80.00000
0.00000	1.00000	0.00000	32.40650
-1.00000	0.00000	0.00000	80.00000
0.00000	0.00000	0.00000	1.00000
ThirdPV init pos=(80.0, 34.3, 76.0) rot=(20.6, 0.0, 0.0)
set camera view ports
set camera post process settings
Unloading 3 Unused Serialized files (Serialized files now loaded: 0)

Unloading 1 unused Assets to reduce memory usage. Loaded Objects now: 90443.
Total: 9.934889 ms (FindLiveObjects: 3.482720 ms CreateObjectMapping: 0.241270 ms MarkObjects: 6.142869 ms  DeleteObjects: 0.067530 ms)

quadrotor0
0
0
0
1
(0.0, 0.0, 0.0)
ThirdPV update pos=(80.0, 34.3, 76.0) rot=(20.6, 0.0, 0.0)
quadrotor0
0
0
0
1
(0.0, 0.0, 0.0)
quadrotor0
0
0
0
1
(0.0, 0.0, 0.0)
quadrotor0
0
0
0
1
(0.0, 0.0, 0.0)
quadrotor0
0
0
0
1
(0.0, 0.0, 0.0)
quadrotor0
0
0
0
1
(0.0, 0.0, 0.0)
quadrotor0
0
0
0
1
(0.0, 0.0, 0.0)
quadrotor0
0
0
0
1
(0.0, 0.0, 0.0)
quadrotor0
0
0
0
1
(0.0, 0.0, 0.0)
quadrotor0
0
0
0
1
(0.0, 0.0, 0.0)
quadrotor0
0
0
0
1
(0.0, 0.0, 0.0)
quadrotor0
0
0
0
1
(0.0, 0.0, 0.0)
quadrotor0
0
0
0
1
(0.0, 0.0, 0.0)
quadrotor0
0
0
0
1
(0.0, 0.0, 0.0)
quadrotor0
0
0
0
1
(0.0, 0.0, 0.0)
quadrotor0
0
0
0
1
(0.0, 0.0, 0.0)
quadrotor0
0
0
0
1
(0.0, 0.0, 0.0)
quadrotor0
0
0
0
1
(0.0, 0.0, 0.0)
quadrotor0
0
0
0
1
(0.0, 0.0, 0.0)
quadrotor0
0
0
0
1
(0.0, 0.0, 0.0)
quadrotor0
0
0
0
1
(0.0, 0.0, 0.0)
quadrotor0
0
0
0
1
(0.0, 0.0, 0.0)
quadrotor0
0
0
0
1
(0.0, 0.0, 0.0)
quadrotor0
0
0
0
1
(0.0, 0.0, 0.0)
quadrotor0
0
0
0
1
(0.0, 0.0, 0.0)
quadrotor0
0
0
0
1
(0.0, 0.0, 0.0)
quadrotor0
0
0
0
1
(0.0, 0.0, 0.0)
quadrotor0
0
0
0
1
(0.0, 0.0, 0.0)
quadrotor0
0
0
0
1
(0.0, 0.0, 0.0)
quadrotor0
0
0
0
1
(0.0, 0.0, 0.0)
quadrotor0
0
0
0
1
(0.0, 0.0, 0.0)
quadrotor0
0
0
0
1
(0.0, 0.0, 0.0)
quadrotor0
0
0
0
1
(0.0, 0.0, 0.0)
quadrotor0
0
0
0
1
(0.0, 0.0, 0.0)
quadrotor0
0
0
0
1
(0.0, 0.0, 0.0)
quadrotor0
0
0
0
1
(0.0, 0.0, 0.0)
quadrotor0
0
0
0
1
(0.0, 0.0, 0.0)
quadrotor0
0
0
0
1
(0.0, 0.0, 0.0)
quadrotor0
0
0
0
1
(0.0, 0.0, 0.0)
quadrotor0
0
0
0
1
(0.0, 0.0, 0.0)
quadrotor0
0
0
0
1
(0.0, 0.0, 0.0)
quadrotor0
0
0
0
1
(0.0, 0.0, 0.0)
quadrotor0
0
0
0
1
(0.0, 0.0, 0.0)
quadrotor0
0
0
0
1
(0.0, 0.0, 0.0)
quadrotor0
0
0
0
1
(0.0, 0.0, 0.0)
quadrotor0
0
0
0
1
(0.0, 0.0, 0.0)
quadrotor0
0
0
0
1
(0.0, 0.0, 0.0)
quadrotor0
0
0
0
1
(0.0, 0.0, 0.0)
quadrotor0
0
0
0
1
(0.0, 0.0, 0.0)
quadrotor0
0
0
0
1
(0.0, 0.0, 0.0)
quadrotor0
0
0
0
1
(0.0, 0.0, 0.0)
quadrotor0
0
0
0
1
(0.0, 0.0, 0.0)
quadrotor0
0
0
0
1
(0.0, 0.0, 0.0)
quadrotor0
0
0
0
1
(0.0, 0.0, 0.0)
quadrotor0
0
0
0
1
(0.0, 0.0, 0.0)
quadrotor0
0
0
0
1
(0.0, 0.0, 0.0)
quadrotor0
0
0
0
1
(0.0, 0.0, 0.0)
quadrotor0
0
0
0
1
(0.0, 0.0, 0.0)
quadrotor0
0
0
0
1
(0.0, 0.0, 0.0)
quadrotor0
0
0
0
1
(0.0, 0.0, 0.0)
quadrotor0
0
0
0
1
(0.0, 0.0, 0.0)
quadrotor0
0
0
0
1
(0.0, 0.0, 0.0)
quadrotor0
0
0
0
1
(0.0, 0.0, 0.0)
quadrotor0
0
0
0
1
(0.0, 0.0, 0.0)
quadrotor0
0
0
0
1
(0.0, 0.0, 0.0)
quadrotor0
0
0
0
1
(0.0, 0.0, 0.0)
quadrotor0
0
0
0
1
(0.0, 0.0, 0.0)
quadrotor0
0
0
0
1
(0.0, 0.0, 0.0)
quadrotor0
0
0
0
1
(0.0, 0.0, 0.0)
quadrotor0
0
0
0
1
(0.0, 0.0, 0.0)
quadrotor0
0
0
0
1
(0.0, 0.0, 0.0)
quadrotor0
0
0
0
1
(0.0, 0.0, 0.0)
quadrotor0
0
0
0
1
(0.0, 0.0, 0.0)
quadrotor0
0
0
0
1
(0.0, 0.0, 0.0)
quadrotor0
0
0
0
1
(0.0, 0.0, 0.0)
quadrotor0
0
0
0
1
(0.0, 0.0, 0.0)
quadrotor0
0
0
0
1
(0.0, 0.0, 0.0)
quadrotor0
0
0
0
1
(0.0, 0.0, 0.0)
quadrotor0
0
0
0
1
(0.0, 0.0, 0.0)
quadrotor0
0
0
0
1
(0.0, 0.0, 0.0)
quadrotor0
0
0
0
1
(0.0, 0.0, 0.0)
quadrotor0
0
0
0
1
(0.0, 0.0, 0.0)
quadrotor0
0
0
0
1
(0.0, 0.0, 0.0)
quadrotor0
0
0
0
1
(0.0, 0.0, 0.0)
quadrotor0
0
0
0
1
(0.0, 0.0, 0.0)
quadrotor0
0
0
0
1
(0.0, 0.0, 0.0)
quadrotor0
0
0
0
1
(0.0, 0.0, 0.0)
quadrotor0
0
0
0
1
(0.0, 0.0, 0.0)
quadrotor0
0
0
0
1
(0.0, 0.0, 0.0)
quadrotor0
0
0
0
1
(0.0, 0.0, 0.0)
quadrotor0
0
0
0
1
(0.0, 0.0, 0.0)
quadrotor0
0
0
0
1
(0.0, 0.0, 0.0)
quadrotor0
0
0
0
1
(0.0, 0.0, 0.0)
quadrotor0
0
0
0
1
(0.0, 0.0, 0.0)
quadrotor0
0
0
0
1
(0.0, 0.0, 0.0)
quadrotor0
0
0
0
1
(0.0, 0.0, 0.0)
quadrotor0
0
0
0
1
(0.0, 0.0, 0.0)
quadrotor0
0
0
0
1
(0.0, 0.0, 0.0)
quadrotor0
0
0
0
1
(0.0, 0.0, 0.0)
quadrotor0
0
0
0
1
(0.0, 0.0, 0.0)
quadrotor0
0
0
0
1
(0.0, 0.0, 0.0)
quadrotor0
0
0
0
1
(0.0, 0.0, 0.0)
quadrotor0
0
0
0
1
(0.0, 0.0, 0.0)
quadrotor0
0
0
0
1
(0.0, 0.0, 0.0)
quadrotor0
0
0
0
1
(0.0, 0.0, 0.0)
quadrotor0
0
0
0
1
(0.0, 0.0, 0.0)
quadrotor0
0
0
0
1
(0.0, 0.0, 0.0)
quadrotor0
0
0
0
1
(0.0, 0.0, 0.0)
quadrotor0
0
0
0
1
(0.0, 0.0, 0.0)
quadrotor0
0
0
0
1
(0.0, 0.0, 0.0)
quadrotor0
0
0
0
1
(0.0, 0.0, 0.0)
quadrotor0
0
0
0
1
(0.0, 0.0, 0.0)
quadrotor0
0
0
0
1
(0.0, 0.0, 0.0)
quadrotor0
0
0
0
1
(0.0, 0.0, 0.0)
quadrotor0
0
0
0
1
(0.0, 0.0, 0.0)
quadrotor0
0
0
0
1
(0.0, 0.0, 0.0)
quadrotor0
0
0
0
1
(0.0, 0.0, 0.0)
quadrotor0
0
0
0
1
(0.0, 0.0, 0.0)
quadrotor0
0
0
0
1
(0.0, 0.0, 0.0)
quadrotor0
0
0
0
1
(0.0, 0.0, 0.0)
quadrotor0
0
0
0
1
(0.0, 0.0, 0.0)
quadrotor0
0
0
0
1
(0.0, 0.0, 0.0)
quadrotor0
0
0
0
1
(0.0, 0.0, 0.0)
quadrotor0
0
0
0
1
(0.0, 0.0, 0.0)
quadrotor0
0
0
0
1
(0.0, 0.0, 0.0)
quadrotor0
0
0
0
1
(0.0, 0.0, 0.0)
quadrotor0
0
0
0
1
(0.0, 0.0, 0.0)
quadrotor0
0
0
0
1
(0.0, 0.0, 0.0)
quadrotor0
0
0
0
1
(0.0, 0.0, 0.0)
quadrotor0
0
0
0
1
(0.0, 0.0, 0.0)
quadrotor0
0
0
0
1
(0.0, 0.0, 0.0)
quadrotor0
0
0
0
1
(0.0, 0.0, 0.0)
quadrotor0
0
0
0
1
(0.0, 0.0, 0.0)
quadrotor0
0
0
0
1
(0.0, 0.0, 0.0)
quadrotor0
0
0
0
1
(0.0, 0.0, 0.0)
quadrotor0
0
0
0
1
(0.0, 0.0, 0.0)
quadrotor0
0
0
0
1
(0.0, 0.0, 0.0)
quadrotor0
0
0
0
1
(0.0, 0.0, 0.0)
quadrotor0
0
0
0
1
(0.0, 0.0, 0.0)
quadrotor0
0
0
0
1
(0.0, 0.0, 0.0)
quadrotor0
0
0
0
1
(0.0, 0.0, 0.0)
quadrotor0
0
0
0
1
(0.0, 0.0, 0.0)
quadrotor0
0
0
0
1
(0.0, 0.0, 0.0)
quadrotor0
0
0
0
1
(0.0, 0.0, 0.0)
quadrotor0
0
0
0
1
(0.0, 0.0, 0.0)
quadrotor0
0
0
0
1
(0.0, 0.0, 0.0)
quadrotor0
0
0
0
1
(0.0, 0.0, 0.0)
quadrotor0
0
0
0
1
(0.0, 0.0, 0.0)
quadrotor0
0
0
0
1
(0.0, 0.0, 0.0)
quadrotor0
0
0
0
1
(0.0, 0.0, 0.0)
quadrotor0
0
0
0
1
(0.0, 0.0, 0.0)
quadrotor0
0
0
0
1
(0.0, 0.0, 0.0)
quadrotor0
0
0
0
1
(0.0, 0.0, 0.0)
quadrotor0
0
0
0
1
(0.0, 0.0, 0.0)
quadrotor0
0
0
0
1
(0.0, 0.0, 0.0)
quadrotor0
0
0
0
1
(0.0, 0.0, 0.0)
quadrotor0
0
0
0
1
(0.0, 0.0, 0.0)
quadrotor0
0
0
0
1
(0.0, 0.0, 0.0)
quadrotor0
0
0
0
1
(0.0, 0.0, 0.0)
quadrotor0
0
0
0
1
(0.0, 0.0, 0.0)
quadrotor0
0
0
0
1
(0.0, 0.0, 0.0)
quadrotor0
0
0
0
1
(0.0, 0.0, 0.0)
quadrotor0
0
0
0
1
(0.0, 0.0, 0.0)
quadrotor0
0
0
0
1
(0.0, 0.0, 0.0)
quadrotor0
0
0
0
1
(0.0, 0.0, 0.0)
quadrotor0
0
0
0
1
(0.0, 0.0, 0.0)
quadrotor0
0
0
0
1
(0.0, 0.0, 0.0)
quadrotor0
0
0
0
1
(0.0, 0.0, 0.0)
quadrotor0
0
0
0
1
(0.0, 0.0, 0.0)
quadrotor0
0
0
0
1
(0.0, 0.0, 0.0)
quadrotor0
0
0
0
1
(0.0, 0.0, 0.0)
quadrotor0
0
0
0
1
(0.0, 0.0, 0.0)
quadrotor0
0
0
0
1
(0.0, 0.0, 0.0)
quadrotor0
0
0
0
1
(0.0, 0.0, 0.0)
quadrotor0
0
0
0
1
(0.0, 0.0, 0.0)
quadrotor0
0
0
0
1
(0.0, 0.0, 0.0)
quadrotor0
0
0
0
1
(0.0, 0.0, 0.0)
quadrotor0
0
0
0
1
(0.0, 0.0, 0.0)
quadrotor0
0
0
0
1
(0.0, 0.0, 0.0)
quadrotor0
0
0
0
1
(0.0, 0.0, 0.0)
quadrotor0
0
0
0
1
(0.0, 0.0, 0.0)
quadrotor0
0
0
0
1
(0.0, 0.0, 0.0)
quadrotor0
0
0
0
1
(0.0, 0.0, 0.0)
quadrotor0
0
0
0
1
(0.0, 0.0, 0.0)
quadrotor0
0
0
0
1
(0.0, 0.0, 0.0)
quadrotor0
0
0
0
1
(0.0, 0.0, 0.0)
quadrotor0
0
0
0
1
(0.0, 0.0, 0.0)
quadrotor0
0
0
0
1
(0.0, 0.0, 0.0)
quadrotor0
0
0
0
1
(0.0, 0.0, 0.0)
quadrotor0
0
0
0
1
(0.0, 0.0, 0.0)
quadrotor0
0
0
0
1
(0.0, 0.0, 0.0)
quadrotor0
0
0
0
1
(0.0, 0.0, 0.0)
quadrotor0
0
0
0
1
(0.0, 0.0, 0.0)
quadrotor0
0
0
0
1
(0.0, 0.0, 0.0)
quadrotor0
0
0
0
1
(0.0, 0.0, 0.0)
quadrotor0
0
0
0
1
(0.0, 0.0, 0.0)
quadrotor0
0
0
0
1
(0.0, 0.0, 0.0)
quadrotor0
0
0
0
1
(0.0, 0.0, 0.0)
quadrotor0
0
0
0
1
(0.0, 0.0, 0.0)
quadrotor0
0
0
0
1
(0.0, 0.0, 0.0)
quadrotor0
0
0
0
1
(0.0, 0.0, 0.0)
quadrotor0
0
0
0
1
(0.0, 0.0, 0.0)
quadrotor0
0
0
0
1
(0.0, 0.0, 0.0)
quadrotor0
0
0
0
1
(0.0, 0.0, 0.0)
quadrotor0
0
0
0
1
(0.0, 0.0, 0.0)
quadrotor0
0
0
0
1
(0.0, 0.0, 0.0)
quadrotor0
0
0
0
1
(0.0, 0.0, 0.0)
quadrotor0
0
0
0
1
(0.0, 0.0, 0.0)
quadrotor0
0
0
0
1
(0.0, 0.0, 0.0)
quadrotor0
0
0
0
1
(0.0, 0.0, 0.0)
quadrotor0
0
0
0
1
(0.0, 0.0, 0.0)
quadrotor0
0
0
0
1
(0.0, 0.0, 0.0)
quadrotor0
0
0
0
1
(0.0, 0.0, 0.0)
quadrotor0
0
0
0
1
(0.0, 0.0, 0.0)
quadrotor0
0
0
0
1
(0.0, 0.0, 0.0)
quadrotor0
0
0
0
1
(0.0, 0.0, 0.0)
quadrotor0
0
0
0
1
(0.0, 0.0, 0.0)
quadrotor0
0
0
0
1
(0.0, 0.0, 0.0)
quadrotor0
0
0
0
1
(0.0, 0.0, 0.0)
quadrotor0
0
0
0
1
(0.0, 0.0, 0.0)
quadrotor0
0
0
0
1
(0.0, 0.0, 0.0)
quadrotor0
0
0
0
1
(0.0, 0.0, 0.0)
quadrotor0
0
0
0
1
(0.0, 0.0, 0.0)
quadrotor0
0
0
0
1
(0.0, 0.0, 0.0)
quadrotor0
0
0
0
1
(0.0, 0.0, 0.0)
quadrotor0
0
0
0
1
(0.0, 0.0, 0.0)
quadrotor0
0
0
0
1
(0.0, 0.0, 0.0)
quadrotor0
0
0
0
1
(0.0, 0.0, 0.0)
quadrotor0
0
0
0
1
(0.0, 0.0, 0.0)
quadrotor0
0
0
0
1
(0.0, 0.0, 0.0)
quadrotor0
0
0
0
1
(0.0, 0.0, 0.0)
quadrotor0
0
0
0
1
(0.0, 0.0, 0.0)
quadrotor0
0
0
0
1
(0.0, 0.0, 0.0)
quadrotor0
0
0
0
1
(0.0, 0.0, 0.0)
quadrotor0
0
0
0
1
(0.0, 0.0, 0.0)
quadrotor0
0
0
0
1
(0.0, 0.0, 0.0)
quadrotor0
0
0
0
1
(0.0, 0.0, 0.0)
quadrotor0
0
0
0
1
(0.0, 0.0, 0.0)
quadrotor0
0
0
0
1
(0.0, 0.0, 0.0)
quadrotor0
0
0
0
1
(0.0, 0.0, 0.0)
quadrotor0
0
0
0
1
(0.0, 0.0, 0.0)
quadrotor0
0
0
0
1
(0.0, 0.0, 0.0)
quadrotor0
0
0
0
1
(0.0, 0.0, 0.0)
quadrotor0
0
0
0
1
(0.0, 0.0, 0.0)
quadrotor0
0
0
0
1
(0.0, 0.0, 0.0)
quadrotor0
0
0
0
1
(0.0, 0.0, 0.0)
quadrotor0
0
0
0
1
(0.0, 0.0, 0.0)
quadrotor0
0
0
0
1
(0.0, 0.0, 0.0)
quadrotor0
0
0
0
1
(0.0, 0.0, 0.0)
quadrotor0
0
0
0
1
(0.0, 0.0, 0.0)
quadrotor0
0
0
0
1
(0.0, 0.0, 0.0)
quadrotor0
0
0
0
1
(0.0, 0.0, 0.0)
quadrotor0
0
0
0
1
(0.0, 0.0, 0.0)
quadrotor0
0
0
0
1
(0.0, 0.0, 0.0)
quadrotor0
0
0
0
1
(0.0, 0.0, 0.0)
quadrotor0
0
0
0
1
(0.0, 0.0, 0.0)
quadrotor0
0
0
0
1
(0.0, 0.0, 0.0)
quadrotor0
0
0
0
1
(0.0, 0.0, 0.0)
quadrotor0
0
0
0
1
(0.0, 0.0, 0.0)
quadrotor0
0
0
0
1
(0.0, 0.0, 0.0)
quadrotor0
0
0
0
1
(0.0, 0.0, 0.0)
quadrotor0
0
0
0
1
(0.0, 0.0, 0.0)
quadrotor0
0
0
0
1
(0.0, 0.0, 0.0)
quadrotor0
0
0
0
1
(0.0, 0.0, 0.0)
quadrotor0
0
0
0
1
(0.0, 0.0, 0.0)
quadrotor0
0
0
0
1
(0.0, 0.0, 0.0)
quadrotor0
0
0
0
1
(0.0, 0.0, 0.0)
quadrotor0
0
0
0
1
(0.0, 0.0, 0.0)
quadrotor0
0
0
0
1
(0.0, 0.0, 0.0)
quadrotor0
0
0
0
1
(0.0, 0.0, 0.0)
quadrotor0
0
0
0
1
(0.0, 0.0, 0.0)
quadrotor0
0
0
0
1
(0.0, 0.0, 0.0)
quadrotor0
0
0
0
1
(0.0, 0.0, 0.0)
quadrotor0
0
0
0
1
(0.0, 0.0, 0.0)
quadrotor0
0
0
0
1
(0.0, 0.0, 0.0)
quadrotor0
0
0
0
1
(0.0, 0.0, 0.0)
quadrotor0
0
0
0
1
(0.0, 0.0, 0.0)
quadrotor0
0
0
0
1
(0.0, 0.0, 0.0)
quadrotor0
0
0
0
1
(0.0, 0.0, 0.0)
quadrotor0
0
0
0
1
(0.0, 0.0, 0.0)
quadrotor0
0
0
0
1
(0.0, 0.0, 0.0)
quadrotor0
0
0
0
1
(0.0, 0.0, 0.0)
quadrotor0
0
0
0
1
(0.0, 0.0, 0.0)
quadrotor0
0
0
0
1
(0.0, 0.0, 0.0)
quadrotor0
0
0
0
1
(0.0, 0.0, 0.0)
quadrotor0
0
0
0
1
(0.0, 0.0, 0.0)
quadrotor0
0
0
0
1
(0.0, 0.0, 0.0)
quadrotor0
0
0
0
1
(0.0, 0.0, 0.0)
quadrotor0
0
0
0
1
(0.0, 0.0, 0.0)
quadrotor0
0
0
0
1
(0.0, 0.0, 0.0)
quadrotor0
0
0
0
1
(0.0, 0.0, 0.0)
quadrotor0
0
0
0
1
(0.0, 0.0, 0.0)
quadrotor0
0
0
0
1
(0.0, 0.0, 0.0)
quadrotor0
0
0
0
1
(0.0, 0.0, 0.0)
quadrotor0
0
0
0
1
(0.0, 0.0, 0.0)
quadrotor0
0
0
0
1
(0.0, 0.0, 0.0)
quadrotor0
0
0
0
1
(0.0, 0.0, 0.0)
quadrotor0
0
0
0
1
(0.0, 0.0, 0.0)
quadrotor0
0
0
0
1
(0.0, 0.0, 0.0)
quadrotor0
0
0
0
1
(0.0, 0.0, 0.0)
quadrotor0
0
0
0
1
(0.0, 0.0, 0.0)
quadrotor0
0
0
0
1
(0.0, 0.0, 0.0)
quadrotor0
0
0
0
1
(0.0, 0.0, 0.0)
quadrotor0
0
0
0
1
(0.0, 0.0, 0.0)
quadrotor0
0
0
0
1
(0.0, 0.0, 0.0)
quadrotor0
0
0
0
1
(0.0, 0.0, 0.0)
quadrotor0
0
0
0
1
(0.0, 0.0, 0.0)
quadrotor0
0
0
0
1
(0.0, 0.0, 0.0)
quadrotor0
0
0
0
1
(0.0, 0.0, 0.0)
quadrotor0
0
0
0
1
(0.0, 0.0, 0.0)
quadrotor0
0
0
0
1
(0.0, 0.0, 0.0)
quadrotor0
0
0
0
1
(0.0, 0.0, 0.0)
quadrotor0
0
0
0
1
(0.0, 0.0, 0.0)
quadrotor0
0
0
0
1
(0.0, 0.0, 0.0)
quadrotor0
0
0
0
1
(0.0, 0.0, 0.0)
quadrotor0
0
0
0
1
(0.0, 0.0, 0.0)
quadrotor0
0
0
0
1
(0.0, 0.0, 0.0)
quadrotor0
0
0
0
1
(0.0, 0.0, 0.0)
quadrotor0
0
0
0
1
(0.0, 0.0, 0.0)
quadrotor0
0
0
0
1
(0.0, 0.0, 0.0)
quadrotor0
0
0
0
1
(0.0, 0.0, 0.0)
quadrotor0
0
0
0
1
(0.0, 0.0, 0.0)
quadrotor0
0
0
0
1
(0.0, 0.0, 0.0)
quadrotor0
0
0
0
1
(0.0, 0.0, 0.0)
quadrotor0
0
0
0
1
(0.0, 0.0, 0.0)
quadrotor0
0
0
0
1
(0.0, 0.0, 0.0)
quadrotor0
0
0
0
1
(0.0, 0.0, 0.0)
quadrotor0
0
0
0
1
(0.0, 0.0, 0.0)
quadrotor0
0
0
0
1
(0.0, 0.0, 0.0)
quadrotor0
0
0
0
1
(0.0, 0.0, 0.0)
quadrotor0
0
0
0
1
(0.0, 0.0, 0.0)
quadrotor0
0
0
0
1
(0.0, 0.0, 0.0)
quadrotor0
0
0
0
1
(0.0, 0.0, 0.0)
quadrotor0
0
0
0
1
(0.0, 0.0, 0.0)
quadrotor0
0
0
0
1
(0.0, 0.0, 0.0)
quadrotor0
0
0
0
1
(0.0, 0.0, 0.0)
quadrotor0
0
0
0
1
(0.0, 0.0, 0.0)
quadrotor0
0
0
0
1
(0.0, 0.0, 0.0)
quadrotor0
0
0
0
1
(0.0, 0.0, 0.0)
quadrotor0
0
0
0
1
(0.0, 0.0, 0.0)
quadrotor0
0
0
0
1
(0.0, 0.0, 0.0)
quadrotor0
0
0
0
1
(0.0, 0.0, 0.0)
quadrotor0
0
0
0
1
(0.0, 0.0, 0.0)
quadrotor0
0
0
0
1
(0.0, 0.0, 0.0)
quadrotor0
0
0
0
1
(0.0, 0.0, 0.0)
quadrotor0
0
0
0
1
(0.0, 0.0, 0.0)
quadrotor0
0
0
0
1
(0.0, 0.0, 0.0)
quadrotor0
0
0
0
1
(0.0, 0.0, 0.0)
quadrotor0
0
0
0
1
(0.0, 0.0, 0.0)
quadrotor0
0
0
0
1
(0.0, 0.0, 0.0)
quadrotor0
0
0
0
1
(0.0, 0.0, 0.0)
quadrotor0
0
0
0
1
(0.0, 0.0, 0.0)
quadrotor0
0
0
0
1
(0.0, 0.0, 0.0)
quadrotor0
0
0
0
1
(0.0, 0.0, 0.0)
quadrotor0
0
0
0
1
(0.0, 0.0, 0.0)
quadrotor0
0
0
0
1
(0.0, 0.0, 0.0)
quadrotor0
0
0
0
1
(0.0, 0.0, 0.0)
quadrotor0
0
0
0
1
(0.0, 0.0, 0.0)
quadrotor0
0
0
0
1
(0.0, 0.0, 0.0)
quadrotor0
0
0
0
1
(0.0, 0.0, 0.0)
quadrotor0
0
0
0
1
(0.0, 0.0, 0.0)
quadrotor0
0
0
0
1
(0.0, 0.0, 0.0)
quadrotor0
0
0
0
1
(0.0, 0.0, 0.0)
quadrotor0
0
0
0
1
(0.0, 0.0, 0.0)
quadrotor0
0
0
0
1
(0.0, 0.0, 0.0)
quadrotor0
0
0
0
1
(0.0, 0.0, 0.0)
quadrotor0
-1.388129E-05
0.0001834741
-0.0001046596
1
(0.0, 0.0, 360.0)
quadrotor0
-8.036627E-05
0.001136682
-0.0006105129
0.9999992
(360.0, 0.1, 359.9)
quadrotor0
-0.0006163014
0.01140394
-0.004723855
0.9999236
(359.9, 1.3, 359.5)
quadrotor0
-0.001099483
0.02441387
-0.008534557
0.9996649
(359.9, 2.8, 359.0)
quadrotor0
-0.001409949
0.0348623
-0.01117346
0.9993287
(359.9, 4.0, 358.7)
quadrotor0
-0.001592882
0.05468726
-0.01598065
0.9983744
(359.9, 6.3, 358.2)
quadrotor0
-0.000445252
0.06618448
-0.02099221
0.9975865
(0.1, 7.6, 357.6)
quadrotor0
0.0006131108
0.06269004
-0.02491595
0.9977218
(0.2, 7.2, 357.2)
quadrotor0
0.0009331563
0.05817815
-0.02699077
0.9979408
(0.3, 6.7, 356.9)
quadrotor0
0.001151018
0.0471653
-0.03123886
0.9983978
(0.3, 5.4, 356.4)
quadrotor0
0.001115671
0.03936719
-0.03425602
0.9986368
(0.3, 4.5, 356.1)
quadrotor0
0.001003443
0.03315552
-0.03687883
0.998769
(0.3, 3.8, 355.8)
quadrotor0
0.0006377654
0.02774125
-0.03969594
0.9988264
(0.2, 3.2, 355.5)
quadrotor0
0.0001174669
0.02554676
-0.04147345
0.9988129
(0.1, 2.9, 355.2)
quadrotor0
-0.0005876301
0.02410895
-0.04359954
0.998758
(0.1, 2.8, 355.0)
quadrotor0
-0.0006942404
0.0232993
-0.0450845
0.9987112
(0.0, 2.7, 354.8)
quadrotor0
-0.0003361623
0.02228941
-0.0465023
0.9986694
(0.1, 2.6, 354.7)
quadrotor0
0.0002674399
0.02101231
-0.04782417
0.9986347
(0.1, 2.4, 354.5)
quadrotor0
0.0009451408
0.01917438
-0.04935922
0.9985965
(0.2, 2.2, 354.3)
quadrotor0
0.00126252
0.01787208
-0.05031729
0.9985725
(0.2, 2.0, 354.2)
quadrotor0
0.001588606
0.01670239
-0.05111588
0.9985518
(0.3, 1.9, 354.1)
quadrotor0
0.003002239
0.01417824
-0.05243396
0.9985192
(0.4, 1.6, 354.0)
quadrotor0
0.003789329
0.01288257
-0.05281365
0.9985141
(0.5, 1.5, 354.0)
quadrotor0
0.004511587
0.0113615
-0.05308297
0.9985153
(0.6, 1.3, 353.9)
quadrotor0
0.005277502
0.009004235
-0.05324217
0.9985271
(0.7, 1.0, 353.9)
quadrotor0
0.005759378
0.007024657
-0.05321835
0.9985416
(0.7, 0.8, 353.9)
quadrotor0
0.006198985
0.004867868
-0.05308233
0.9985591
(0.7, 0.5, 353.9)
quadrotor0
0.006687585
0.001834155
-0.05276213
0.998583
(0.8, 0.2, 354.0)
quadrotor0
0.006846054
-0.0004958309
-0.05238277
0.9986035
(0.8, 359.9, 354.0)
quadrotor0
0.006716577
-0.002869654
-0.05180243
0.9986306
(0.8, 359.6, 354.1)
quadrotor0
0.006179957
-0.006023434
-0.05066708
0.9986783
(0.7, 359.3, 354.2)
quadrotor0
0.005693049
-0.008254536
-0.04958484
0.9987196
(0.6, 359.0, 354.3)
quadrotor0
0.005291654
-0.01034777
-0.04841379
0.9987597
(0.5, 358.8, 354.4)
quadrotor0
0.004933754
-0.01284263
-0.04684131
0.9988076
(0.5, 358.5, 354.6)
quadrotor0
0.004766774
-0.01495794
-0.04530972
0.9988496
(0.5, 358.3, 354.8)
quadrotor0
0.004700384
-0.01631988
-0.04416161
0.99888
(0.5, 358.1, 354.9)
quadrotor0
0.004636218
-0.01752507
-0.04299749
0.9989107
(0.4, 358.0, 355.1)
quadrotor0
0.004650022
-0.01861483
-0.04188175
0.9989383
(0.4, 357.8, 355.2)
quadrotor0
0.004802111
-0.02030803
-0.04033971
0.9989681
(0.5, 357.7, 355.4)
quadrotor0
0.004836985
-0.02095271
-0.03982729
0.9989752
(0.5, 357.6, 355.4)
quadrotor0
0.004844032
-0.02187602
-0.03908306
0.9989847
(0.5, 357.5, 355.5)
quadrotor0
0.004839978
-0.02305682
-0.03806683
0.9989974
(0.5, 357.3, 355.6)
quadrotor0
0.004830047
-0.02418626
-0.03707142
0.9990082
(0.5, 357.2, 355.7)
quadrotor0
0.004791159
-0.02496858
-0.03637006
0.9990149
(0.4, 357.1, 355.8)
quadrotor0
0.004765005
-0.02568765
-0.03568851
0.9990214
(0.4, 357.0, 355.9)
quadrotor0
0.004904594
-0.02661232
-0.03480925
0.9990276
(0.5, 356.9, 356.0)
quadrotor0
0.005165726
-0.02732529
-0.03417874
0.9990287
(0.5, 356.8, 356.1)
quadrotor0
0.005522857
-0.02808016
-0.03354055
0.9990276
(0.5, 356.8, 356.1)
quadrotor0
0.005917461
-0.02886599
-0.03286273
0.9990254
(0.6, 356.7, 356.2)
quadrotor0
0.006310288
-0.02991748
-0.03188985
0.9990236
(0.6, 356.5, 356.3)
quadrotor0
0.006223852
-0.03096363
-0.03084721
0.999025
(0.6, 356.4, 356.4)
quadrotor0
0.005969906
-0.03147571
-0.03032615
0.9990265
(0.6, 356.4, 356.5)
quadrotor0
0.005323519
-0.03247188
-0.02936779
0.9990269
(0.5, 356.3, 356.6)
quadrotor0
0.005071368
-0.03323193
-0.02873458
0.9990216
(0.5, 356.2, 356.7)
quadrotor0
0.005148925
-0.03400242
-0.02811072
0.9990131
(0.5, 356.1, 356.8)
quadrotor0
0.005501739
-0.03499324
-0.02708139
0.9990054
(0.5, 356.0, 356.9)
quadrotor0
0.005916358
-0.03570976
-0.02604944
0.9990051
(0.6, 355.9, 357.0)
quadrotor0
0.006508306
-0.03641345
-0.02484091
0.9990068
(0.6, 355.8, 357.1)
quadrotor0
0.007341703
-0.03731828
-0.02313591
0.9990086
(0.7, 355.7, 357.3)
quadrotor0
0.007817148
-0.03798159
-0.02200202
0.9990056
(0.8, 355.6, 357.4)
quadrotor0
0.008128403
-0.03866954
-0.02106097
0.998997
(0.8, 355.5, 357.6)
quadrotor0
0.008416474
-0.03966096
-0.0199551
0.9989784
(0.9, 355.4, 357.7)
quadrotor0
0.00863474
-0.04050856
-0.01911288
0.9989591
(0.9, 355.3, 357.8)
quadrotor0
0.008856136
-0.04144993
-0.01821291
0.9989353
(0.9, 355.2, 357.9)
quadrotor0
0.009343996
-0.04280115
-0.01695082
0.9988961
(1.0, 355.1, 358.0)
quadrotor0
0.01030036
-0.04390026
-0.01602886
0.9988542
(1.1, 354.9, 358.1)
quadrotor0
0.01185686
-0.04506156
-0.01514793
0.998799
(1.3, 354.8, 358.2)
quadrotor0
0.01371636
-0.0462616
-0.01428737
0.998733
(1.5, 354.7, 358.3)
quadrotor0
0.01568064
-0.04794189
-0.01306936
0.9986416
(1.7, 354.5, 358.4)
quadrotor0
0.01620515
-0.04927665
-0.01198402
0.9985818
(1.8, 354.3, 358.5)
quadrotor0
0.01607025
-0.05112431
-0.01026413
0.9985102
(1.8, 354.1, 358.7)
quadrotor0
0.01629234
-0.05265845
-0.009021594
0.998439
(1.8, 353.9, 358.9)
quadrotor0
0.01737135
-0.05439618
-0.008075593
0.9983357
(1.9, 353.7, 359.0)
quadrotor0
0.01967851
-0.05692763
-0.007221398
0.9981582
(2.2, 353.5, 359.0)
quadrotor0
0.02131279
-0.05887941
-0.00660292
0.9980157
(2.4, 353.2, 359.1)
quadrotor0
0.02252721
-0.06086645
-0.005842534
0.9978746
(2.5, 353.0, 359.2)
quadrotor0
0.02338352
-0.0628764
-0.004947674
0.9977351
(2.6, 352.8, 359.3)
quadrotor0
0.02418339
-0.06562968
-0.003693086
0.9975441
(2.7, 352.5, 359.4)
quadrotor0
0.02486837
-0.06858812
-0.002519631
0.9973319
(2.8, 352.1, 359.5)
quadrotor0
0.02527563
-0.07013427
-0.00195801
0.9972153
(2.9, 351.9, 359.6)
quadrotor0
0.026312
-0.07328838
-0.0007999471
0.9969633
(3.0, 351.6, 359.7)
quadrotor0
0.02753508
-0.07660764
0.0004680254
0.9966809
(3.2, 351.2, 359.8)
quadrotor0
0.02835811
-0.07920112
0.001413917
0.9964542
(3.3, 350.9, 359.9)
quadrotor0
0.02890687
-0.08181334
0.00217736
0.996226
(3.3, 350.6, 360.0)
quadrotor0
0.02921855
-0.08449075
0.002715288
0.9959921
(3.4, 350.3, 0.0)
quadrotor0
0.02957433
-0.08833896
0.003243198
0.9956461
(3.4, 349.9, 0.1)
quadrotor0
0.02999201
-0.09244886
0.003754646
0.9952585
(3.5, 349.4, 0.1)
quadrotor0
0.03023421
-0.09549635
0.004182064
0.9949617
(3.5, 349.0, 0.1)
quadrotor0
0.03009455
-0.09839918
0.004739514
0.9946806
(3.5, 348.7, 0.2)
quadrotor0
0.02920259
-0.1011083
0.005582056
0.9944311
(3.4, 348.4, 0.3)
quadrotor0
0.02718383
-0.1044882
0.007298081
0.9941278
(3.2, 348.0, 0.5)
quadrotor0
0.02561359
-0.1069041
0.008944826
0.9938991
(3.0, 347.7, 0.7)
quadrotor0
0.02419079
-0.1092429
0.01074441
0.9936626
(2.9, 347.5, 0.9)
quadrotor0
0.02283435
-0.111653
0.01249558
0.9934063
(2.8, 347.2, 1.1)
quadrotor0
0.02111521
-0.1150722
0.01470004
0.9930239
(2.6, 346.8, 1.4)
quadrotor0
0.02009892
-0.1176984
0.01630505
0.9927121
(2.5, 346.5, 1.6)
quadrotor0
0.01944513
-0.1202161
0.01783446
0.9923971
(2.5, 346.2, 1.8)
quadrotor0
0.01883757
-0.1239483
0.02014876
0.9919052
(2.4, 345.8, 2.0)
quadrotor0
0.01839657
-0.1272583
0.02171947
0.9914611
(2.4, 345.4, 2.2)
quadrotor0
0.0179386
-0.1296934
0.02250573
0.9911364
(2.4, 345.1, 2.3)
quadrotor0
0.01747903
-0.1314956
0.02309812
0.9908935
(2.3, 344.9, 2.4)
quadrotor0
0.0170256
-0.1332964
0.02384117
0.9906431
(2.3, 344.7, 2.4)
quadrotor0
0.01662578
-0.1362455
0.02532333
0.9902118
(2.3, 344.4, 2.6)
quadrotor0
0.01662602
-0.13746
0.02583859
0.9900306
(2.3, 344.2, 2.7)
quadrotor0
0.01668703
-0.1393389
0.02633817
0.9897538
(2.3, 344.0, 2.7)
quadrotor0
0.01545388
-0.1423758
0.02618894
0.9893455
(2.2, 343.7, 2.7)
quadrotor0
0.01418629
-0.1435777
0.02579655
0.9892011
(2.0, 343.5, 2.7)
quadrotor0
0.01175495
-0.1453673
0.02497022
0.9889928
(1.7, 343.3, 2.6)
quadrotor0
0.008172283
-0.147648
0.02364821
0.9887234
(1.3, 343.0, 2.5)
quadrotor0
0.005257341
-0.1492359
0.02269991
0.9885271
(1.0, 342.9, 2.5)
quadrotor0
0.0009849078
-0.1510632
0.02156817
0.9882883
(0.5, 342.6, 2.4)
quadrotor0
-0.002187513
-0.1521399
0.02076791
0.9881383
(0.1, 342.5, 2.4)
quadrotor0
-0.005064687
-0.1529544
0.0199903
0.988018
(359.8, 342.4, 2.4)
quadrotor0
-0.007603592
-0.1535639
0.01930731
0.9879208
(359.5, 342.3, 2.3)
quadrotor0
-0.01039995
-0.1540939
0.01864124
0.9878256
(359.2, 342.3, 2.3)
quadrotor0
-0.01315011
-0.1542939
0.01780964
0.9877769
(358.8, 342.2, 2.2)
quadrotor0
-0.01477997
-0.1542463
0.01716995
0.9877726
(358.6, 342.2, 2.2)
quadrotor0
-0.01818002
-0.1538126
0.01557266
0.98781
(358.2, 342.3, 2.1)
quadrotor0
-0.02108053
-0.1529216
0.01433805
0.9879094
(357.9, 342.4, 2.0)
quadrotor0
-0.0243916
-0.1516002
0.01393945
0.9880426
(357.5, 342.5, 2.0)
quadrotor0
-0.02879881
-0.1497662
0.01412261
0.988201
(357.0, 342.7, 2.1)
quadrotor0
-0.0322802
-0.148076
0.01445146
0.9883434
(356.6, 342.9, 2.2)
quadrotor0
-0.03420212
-0.1461695
0.01494335
0.9885552
(356.4, 343.1, 2.3)
quadrotor0
-0.03308434
-0.1441471
0.01566511
0.988879
(356.5, 343.3, 2.3)
quadrotor0
-0.03002799
-0.1412697
0.0170324
0.989369
(356.9, 343.7, 2.4)
quadrotor0
-0.0301886
-0.1379706
0.01876237
0.9897983
(356.9, 344.1, 2.6)
quadrotor0
-0.03155993
-0.1360749
0.01975591
0.9899986
(356.7, 344.3, 2.7)
quadrotor0
-0.03463421
-0.1319314
0.02185404
0.9904125
(356.4, 344.7, 3.0)
quadrotor0
-0.03635393
-0.1276047
0.02355719
0.9908786
(356.2, 345.2, 3.2)
quadrotor0
-0.03713221
-0.1241989
0.02430476
0.9912644
(356.1, 345.6, 3.3)
quadrotor0
-0.03822457
-0.1207279
0.02469581
0.9916419
(356.0, 346.0, 3.3)
quadrotor0
-0.03988079
-0.1172412
0.02492236
0.9919894
(355.8, 346.4, 3.4)
quadrotor0
-0.04186673
-0.1136742
0.02508864
0.9923185
(355.6, 346.8, 3.4)
quadrotor0
-0.04436427
-0.1085998
0.02484237
0.9927843
(355.3, 347.4, 3.4)
quadrotor0
-0.04586888
-0.1044614
0.02404322
0.9931796
(355.1, 347.8, 3.3)
quadrotor0
-0.0478633
-0.09659563
0.0219991
0.9939288
(354.8, 348.8, 3.0)
quadrotor0
-0.0487023
-0.09095854
0.02097219
0.9944419
(354.7, 349.4, 2.9)
quadrotor0
-0.04921764
-0.08198589
0.02002286
0.9952161
(354.6, 350.5, 2.8)
quadrotor0
-0.04901334
-0.06875189
0.01910155
0.996246
(354.5, 352.0, 2.6)
quadrotor0
-0.048649
-0.06092399
0.01856693
0.9967833
(354.6, 352.9, 2.5)
quadrotor0
-0.04817522
-0.05237999
0.01795194
0.9973029
(354.6, 353.9, 2.4)
quadrotor0
-0.04732509
-0.03668884
0.01698843
0.9980609
(354.7, 355.7, 2.2)
quadrotor0
-0.04642372
-0.02253055
0.01595914
0.9985402
(354.7, 357.3, 2.0)
quadrotor0
-0.04522435
-0.006910417
0.01483656
0.9988428
(354.8, 359.1, 1.7)
quadrotor0
-0.04431081
0.006041172
0.01426678
0.9988977
(354.9, 0.6, 1.6)
quadrotor0
-0.04359762
0.02008886
0.01385675
0.998751
(355.0, 2.2, 1.5)
quadrotor0
-0.04287464
0.04019012
0.01323505
0.998184
(355.0, 4.6, 1.3)
quadrotor0
-0.04222587
0.05512636
0.01292646
0.9975024
(355.1, 6.3, 1.2)
quadrotor0
-0.04130478
0.0689948
0.01324995
0.9966735
(355.2, 7.9, 1.2)
quadrotor0
-0.03966993
0.08515815
0.01477383
0.9954678
(355.3, 9.7, 1.3)
quadrotor0
-0.03839941
0.09555566
0.01660539
0.9945445
(355.4, 10.9, 1.5)
quadrotor0
-0.03735311
0.1048492
0.01903765
0.993604
(355.5, 12.0, 1.7)
quadrotor0
-0.0361243
0.1164867
0.02315902
0.9922649
(355.6, 13.3, 2.2)
quadrotor0
-0.03493787
0.1247924
0.02629361
0.9912189
(355.7, 14.3, 2.5)
quadrotor0
-0.03346317
0.1327304
0.0286882
0.9901716
(355.8, 15.2, 2.8)
quadrotor0
-0.03189669
0.1403335
0.03006557
0.9891335
(355.9, 16.0, 2.9)
quadrotor0
-0.03001292
0.1501524
0.03051713
0.9877359
(356.1, 17.2, 2.9)
quadrotor0
-0.02877305
0.1575037
0.03048878
0.9866282
(356.2, 18.0, 2.9)
quadrotor0
-0.02760262
0.1644899
0.03026587
0.9855279
(356.3, 18.9, 2.9)
quadrotor0
-0.02635051
0.173432
0.02964314
0.9840469
(356.4, 19.9, 2.8)
quadrotor0
-0.02613675
0.1764478
0.02943225
0.9835227
(356.5, 20.3, 2.8)
quadrotor0
-0.02610003
0.1777436
0.02941346
0.9832908
(356.5, 20.4, 2.8)
quadrotor0
-0.02598499
0.1775517
0.02950745
0.9833257
(356.5, 20.4, 2.8)
quadrotor0
-0.02580081
0.176692
0.02953925
0.9834844
(356.5, 20.3, 2.8)
quadrotor0
-0.02558105
0.1755022
0.02951065
0.9837041
(356.5, 20.1, 2.8)
quadrotor0
-0.02551799
0.1749426
0.02948822
0.9838061
(356.5, 20.1, 2.8)
quadrotor0
-0.02552576
0.1747614
0.0294905
0.983838
(356.5, 20.1, 2.8)
quadrotor0
-0.02554914
0.174893
0.02950599
0.9838135
(356.5, 20.1, 2.8)
quadrotor0
-0.02554853
0.1753218
0.0295118
0.9837371
(356.5, 20.1, 2.8)
quadrotor0
-0.02553134
0.175657
0.02949801
0.9836781
(356.5, 20.2, 2.8)
quadrotor0
-0.02552085
0.1759012
0.02948047
0.9836352
(356.5, 20.2, 2.8)
quadrotor0
-0.0255237
0.1760202
0.02947115
0.9836142
(356.5, 20.2, 2.8)
quadrotor0
-0.02553211
0.1760252
0.02947274
0.983613
(356.5, 20.2, 2.8)
quadrotor0
-0.02553557
0.1759545
0.02947968
0.9836254
(356.5, 20.2, 2.8)
quadrotor0
-0.02552817
0.1758204
0.02948613
0.9836494
(356.5, 20.2, 2.8)
quadrotor0
-0.02552015
0.1757359
0.02948649
0.9836647
(356.5, 20.2, 2.8)
quadrotor0
-0.02551608
0.1756861
0.02948529
0.9836737
(356.5, 20.2, 2.8)
quadrotor0
-0.02551764
0.1756751
0.0294848
0.9836757
(356.5, 20.2, 2.8)
quadrotor0
-0.02552035
0.175696
0.02948538
0.9836718
(356.5, 20.2, 2.8)
quadrotor0
-0.0255217
0.1757268
0.02948562
0.9836662
(356.5, 20.2, 2.8)
quadrotor0
-0.02552135
0.1757635
0.02948466
0.9836597
(356.5, 20.2, 2.8)
quadrotor0
-0.02552091
0.1757795
0.02948362
0.9836569
(356.5, 20.2, 2.8)
quadrotor0
-0.02552105
0.1757842
0.0294831
0.9836561
(356.5, 20.2, 2.8)
quadrotor0
-0.02552159
0.1757776
0.02948343
0.9836573
(356.5, 20.2, 2.8)
quadrotor0
-0.02552161
0.1757684
0.02948396
0.9836589
(356.5, 20.2, 2.8)
quadrotor0
-0.02552122
0.1757596
0.02948432
0.9836605
(356.5, 20.2, 2.8)
quadrotor0
-0.02552062
0.1757521
0.02948438
0.9836618
(356.5, 20.2, 2.8)
quadrotor0
-0.02552049
0.1757504
0.02948429
0.9836621
(356.5, 20.2, 2.8)
quadrotor0
-0.02552063
0.1757515
0.02948423
0.9836619
(356.5, 20.2, 2.8)
quadrotor0
-0.02552089
0.1757551
0.02948423
0.9836613
(356.5, 20.2, 2.8)
quadrotor0
-0.02552098
0.1757578
0.02948421
0.9836608
(356.5, 20.2, 2.8)
quadrotor0
-0.02552097
0.1757597
0.02948416
0.9836605
(356.5, 20.2, 2.8)
quadrotor0
-0.02552094
0.1757607
0.02948408
0.9836603
(356.5, 20.2, 2.8)
quadrotor0
-0.02552094
0.1757604
0.02948407
0.9836603
(356.5, 20.2, 2.8)
quadrotor0
-0.02552095
0.1757596
0.0294841
0.9836605
(356.5, 20.2, 2.8)
quadrotor0
-0.02552094
0.1757585
0.02948416
0.9836606
(356.5, 20.2, 2.8)
quadrotor0
-0.02552091
0.1757579
0.02948418
0.9836608
(356.5, 20.2, 2.8)
quadrotor0
-0.02552088
0.1757576
0.02948417
0.9836609
(356.5, 20.2, 2.8)
quadrotor0
-0.02552088
0.1757576
0.02948416
0.9836608
(356.5, 20.2, 2.8)
quadrotor0
-0.02552089
0.1757579
0.02948415
0.9836608
(356.5, 20.2, 2.8)
quadrotor0
-0.02552091
0.1757582
0.02948416
0.9836607
(356.5, 20.2, 2.8)
quadrotor0
-0.02552091
0.1757584
0.02948416
0.9836607
(356.5, 20.2, 2.8)
quadrotor0
-0.02552091
0.1757585
0.02948415
0.9836606
(356.5, 20.2, 2.8)
quadrotor0
-0.02552091
0.1757585
0.02948415
0.9836606
(356.5, 20.2, 2.8)
quadrotor0
-0.02552091
0.1757585
0.02948414
0.9836606
(356.5, 20.2, 2.8)
quadrotor0
-0.02552091
0.1757584
0.02948415
0.9836607
(356.5, 20.2, 2.8)
quadrotor0
-0.02552091
0.1757583
0.02948415
0.9836607
(356.5, 20.2, 2.8)
quadrotor0
-0.02552091
0.1757582
0.02948415
0.9836607
(356.5, 20.2, 2.8)
quadrotor0
-0.02552091
0.1757582
0.02948415
0.9836607
(356.5, 20.2, 2.8)
quadrotor0
-0.02552091
0.1757582
0.02948415
0.9836607
(356.5, 20.2, 2.8)
quadrotor0
-0.02552091
0.1757583
0.02948415
0.9836607
(356.5, 20.2, 2.8)
quadrotor0
-0.02552091
0.1757583
0.02948415
0.9836607
(356.5, 20.2, 2.8)
quadrotor0
-0.02552091
0.1757583
0.02948415
0.9836607
(356.5, 20.2, 2.8)
quadrotor0
-0.02552091
0.1757583
0.02948415
0.9836607
(356.5, 20.2, 2.8)
quadrotor0
-0.02552091
0.1757583
0.02948415
0.9836607
(356.5, 20.2, 2.8)
quadrotor0
-0.02552091
0.1757583
0.02948415
0.9836607
(356.5, 20.2, 2.8)
quadrotor0
-0.02552091
0.1757583
0.02948415
0.9836607
(356.5, 20.2, 2.8)
quadrotor0
-0.02552091
0.1757583
0.02948415
0.9836607
(356.5, 20.2, 2.8)
quadrotor0
-0.02552091
0.1757583
0.02948415
0.9836607
(356.5, 20.2, 2.8)
quadrotor0
-0.02552091
0.1757583
0.02948415
0.9836607
(356.5, 20.2, 2.8)
quadrotor0
-0.02552091
0.1757583
0.02948415
0.9836607
(356.5, 20.2, 2.8)
quadrotor0
-0.02552091
0.1757583
0.02948415
0.9836607
(356.5, 20.2, 2.8)
quadrotor0
-0.02552091
0.1757583
0.02948415
0.9836607
(356.5, 20.2, 2.8)
quadrotor0
-0.0255209
0.1757583
0.02948416
0.9836607
(356.5, 20.2, 2.8)
quadrotor0
-0.0255209
0.1757583
0.02948416
0.9836607
(356.5, 20.2, 2.8)
quadrotor0
-0.0255209
0.1757583
0.02948416
0.9836607
(356.5, 20.2, 2.8)
quadrotor0
-0.0255209
0.1757583
0.02948415
0.9836607
(356.5, 20.2, 2.8)
quadrotor0
-0.0255209
0.1757583
0.02948415
0.9836607
(356.5, 20.2, 2.8)
quadrotor0
-0.02552091
0.1757583
0.02948415
0.9836607
(356.5, 20.2, 2.8)
quadrotor0
-0.02552091
0.1757583
0.02948415
0.9836607
(356.5, 20.2, 2.8)
quadrotor0
-0.02552091
0.1757583
0.02948415
0.9836607
(356.5, 20.2, 2.8)
quadrotor0
-0.02552091
0.1757583
0.02948415
0.9836607
(356.5, 20.2, 2.8)
quadrotor0
-0.02552091
0.1757583
0.02948415
0.9836607
(356.5, 20.2, 2.8)
quadrotor0
-0.02552091
0.1757583
0.02948415
0.9836607
(356.5, 20.2, 2.8)
quadrotor0
-0.02552091
0.1757583
0.02948415
0.9836607
(356.5, 20.2, 2.8)
quadrotor0
-0.02552091
0.1757583
0.02948415
0.9836607
(356.5, 20.2, 2.8)
quadrotor0
-0.02552091
0.1757583
0.02948415
0.9836607
(356.5, 20.2, 2.8)
quadrotor0
-0.02552091
0.1757583
0.02948415
0.9836607
(356.5, 20.2, 2.8)
quadrotor0
-0.02552091
0.1757583
0.02948415
0.9836607
(356.5, 20.2, 2.8)
quadrotor0
-0.02552091
0.1757583
0.02948415
0.9836607
(356.5, 20.2, 2.8)
quadrotor0
-0.02552091
0.1757583
0.02948415
0.9836607
(356.5, 20.2, 2.8)
quadrotor0
-0.02552091
0.1757583
0.02948415
0.9836607
(356.5, 20.2, 2.8)
quadrotor0
-0.02552091
0.1757583
0.02948415
0.9836607
(356.5, 20.2, 2.8)
quadrotor0
-0.02552091
0.1757583
0.02948415
0.9836607
(356.5, 20.2, 2.8)
quadrotor0
-0.02552091
0.1757583
0.02948415
0.9836607
(356.5, 20.2, 2.8)
quadrotor0
-0.02552091
0.1757583
0.02948415
0.9836607
(356.5, 20.2, 2.8)
quadrotor0
-0.02552091
0.1757583
0.02948415
0.9836607
(356.5, 20.2, 2.8)
quadrotor0
-0.02552091
0.1757583
0.02948415
0.9836607
(356.5, 20.2, 2.8)
quadrotor0
-0.02552091
0.1757583
0.02948415
0.9836607
(356.5, 20.2, 2.8)
quadrotor0
-0.02552091
0.1757583
0.02948415
0.9836607
(356.5, 20.2, 2.8)
quadrotor0
-0.02552091
0.1757583
0.02948415
0.9836607
(356.5, 20.2, 2.8)
quadrotor0
-0.02552091
0.1757583
0.02948415
0.9836607
(356.5, 20.2, 2.8)
quadrotor0
-0.02552091
0.1757583
0.02948415
0.9836607
(356.5, 20.2, 2.8)
quadrotor0
-0.02552091
0.1757583
0.02948415
0.9836607
(356.5, 20.2, 2.8)
quadrotor0
-0.02552091
0.1757583
0.02948415
0.9836607
(356.5, 20.2, 2.8)
quadrotor0
-0.02552091
0.1757583
0.02948415
0.9836607
(356.5, 20.2, 2.8)
quadrotor0
-0.02552091
0.1757583
0.02948415
0.9836607
(356.5, 20.2, 2.8)
quadrotor0
-0.02552091
0.1757583
0.02948415
0.9836607
(356.5, 20.2, 2.8)
quadrotor0
-0.02552091
0.1757583
0.02948415
0.9836607
(356.5, 20.2, 2.8)
quadrotor0
-0.02552091
0.1757583
0.02948415
0.9836607
(356.5, 20.2, 2.8)
quadrotor0
-0.02552091
0.1757583
0.02948415
0.9836607
(356.5, 20.2, 2.8)
quadrotor0
-0.02552091
0.1757583
0.02948415
0.9836607
(356.5, 20.2, 2.8)
quadrotor0
-0.02552091
0.1757583
0.02948415
0.9836607
(356.5, 20.2, 2.8)
quadrotor0
-0.02552091
0.1757583
0.02948415
0.9836607
(356.5, 20.2, 2.8)
quadrotor0
-0.02552091
0.1757583
0.02948415
0.9836607
(356.5, 20.2, 2.8)
quadrotor0
-0.02552091
0.1757583
0.02948415
0.9836607
(356.5, 20.2, 2.8)
quadrotor0
-0.02552091
0.1757583
0.02948416
0.9836607
(356.5, 20.2, 2.8)
quadrotor0
-0.02552091
0.1757583
0.02948416
0.9836607
(356.5, 20.2, 2.8)
quadrotor0
-0.02552091
0.1757583
0.02948415
0.9836607
(356.5, 20.2, 2.8)
quadrotor0
-0.02552091
0.1757583
0.02948415
0.9836607
(356.5, 20.2, 2.8)
quadrotor0
-0.02552091
0.1757583
0.02948415
0.9836607
(356.5, 20.2, 2.8)
quadrotor0
-0.02552091
0.1757583
0.02948415
0.9836607
(356.5, 20.2, 2.8)
quadrotor0
-0.02552091
0.1757583
0.02948415
0.9836607
(356.5, 20.2, 2.8)
quadrotor0
-0.02552091
0.1757583
0.02948415
0.9836607
(356.5, 20.2, 2.8)
quadrotor0
-0.02552091
0.1757583
0.02948415
0.9836607
(356.5, 20.2, 2.8)
quadrotor0
-0.02552091
0.1757583
0.02948415
0.9836607
(356.5, 20.2, 2.8)
quadrotor0
-0.02552091
0.1757583
0.02948415
0.9836607
(356.5, 20.2, 2.8)
quadrotor0
-0.02552091
0.1757583
0.02948415
0.9836607
(356.5, 20.2, 2.8)
quadrotor0
-0.02552091
0.1757583
0.02948415
0.9836607
(356.5, 20.2, 2.8)
quadrotor0
-0.02552091
0.1757583
0.02948415
0.9836607
(356.5, 20.2, 2.8)
quadrotor0
-0.02552091
0.1757583
0.02948415
0.9836607
(356.5, 20.2, 2.8)
quadrotor0
-0.02552091
0.1757583
0.02948415
0.9836607
(356.5, 20.2, 2.8)
quadrotor0
-0.02552091
0.1757583
0.02948415
0.9836607
(356.5, 20.2, 2.8)
quadrotor0
-0.02552091
0.1757583
0.02948415
0.9836607
(356.5, 20.2, 2.8)
quadrotor0
-0.02552091
0.1757583
0.02948415
0.9836607
(356.5, 20.2, 2.8)
quadrotor0
-0.02552091
0.1757583
0.02948415
0.9836607
(356.5, 20.2, 2.8)
quadrotor0
-0.02552091
0.1757583
0.02948415
0.9836607
(356.5, 20.2, 2.8)
quadrotor0
-0.02552091
0.1757583
0.02948415
0.9836607
(356.5, 20.2, 2.8)
quadrotor0
-0.02552091
0.1757583
0.02948415
0.9836607
(356.5, 20.2, 2.8)
quadrotor0
-0.02552091
0.1757583
0.02948415
0.9836607
(356.5, 20.2, 2.8)
quadrotor0
-0.02552091
0.1757583
0.02948415
0.9836607
(356.5, 20.2, 2.8)
quadrotor0
-0.02552091
0.1757583
0.02948415
0.9836607
(356.5, 20.2, 2.8)
quadrotor0
-0.02552091
0.1757583
0.02948415
0.9836607
(356.5, 20.2, 2.8)
quadrotor0
-0.02552091
0.1757583
0.02948415
0.9836607
(356.5, 20.2, 2.8)
quadrotor0
-0.02552091
0.1757583
0.02948415
0.9836607
(356.5, 20.2, 2.8)
quadrotor0
-0.02552091
0.1757583
0.02948415
0.9836607
(356.5, 20.2, 2.8)
quadrotor0
-0.02552091
0.1757583
0.02948415
0.9836607
(356.5, 20.2, 2.8)
quadrotor0
-0.02552091
0.1757583
0.02948415
0.9836607
(356.5, 20.2, 2.8)
quadrotor0
-0.02552091
0.1757583
0.02948415
0.9836607
(356.5, 20.2, 2.8)
quadrotor0
-0.02552091
0.1757583
0.02948415
0.9836607
(356.5, 20.2, 2.8)
quadrotor0
-0.02552091
0.1757583
0.02948415
0.9836607
(356.5, 20.2, 2.8)
quadrotor0
-0.02552091
0.1757583
0.02948415
0.9836607
(356.5, 20.2, 2.8)
quadrotor0
-0.02552091
0.1757583
0.02948415
0.9836607
(356.5, 20.2, 2.8)
quadrotor0
-0.02552091
0.1757583
0.02948415
0.9836607
(356.5, 20.2, 2.8)
quadrotor0
-0.02552091
0.1757583
0.02948415
0.9836607
(356.5, 20.2, 2.8)
quadrotor0
-0.02552091
0.1757583
0.02948415
0.9836607
(356.5, 20.2, 2.8)
quadrotor0
-0.02552091
0.1757583
0.02948415
0.9836607
(356.5, 20.2, 2.8)
quadrotor0
-0.02552091
0.1757583
0.02948415
0.9836607
(356.5, 20.2, 2.8)
quadrotor0
-0.02552091
0.1757583
0.02948415
0.9836607
(356.5, 20.2, 2.8)
quadrotor0
-0.02552091
0.1757583
0.02948415
0.9836607
(356.5, 20.2, 2.8)
quadrotor0
-0.02552091
0.1757583
0.02948415
0.9836607
(356.5, 20.2, 2.8)
quadrotor0
-0.02552091
0.1757583
0.02948415
0.9836607
(356.5, 20.2, 2.8)
quadrotor0
-0.02552091
0.1757583
0.02948415
0.9836607
(356.5, 20.2, 2.8)
quadrotor0
-0.02552091
0.1757583
0.02948415
0.9836607
(356.5, 20.2, 2.8)
quadrotor0
-0.02552091
0.1757583
0.02948415
0.9836607
(356.5, 20.2, 2.8)
quadrotor0
-0.02552091
0.1757583
0.02948415
0.9836607
(356.5, 20.2, 2.8)
quadrotor0
-0.02552091
0.1757583
0.02948415
0.9836607
(356.5, 20.2, 2.8)
quadrotor0
-0.02552091
0.1757583
0.02948415
0.9836607
(356.5, 20.2, 2.8)
quadrotor0
-0.02552091
0.1757583
0.02948415
0.9836607
(356.5, 20.2, 2.8)
quadrotor0
-0.02552091
0.1757583
0.02948415
0.9836607
(356.5, 20.2, 2.8)
quadrotor0
-0.02552091
0.1757583
0.02948415
0.9836607
(356.5, 20.2, 2.8)
quadrotor0
-0.02552091
0.1757583
0.02948415
0.9836607
(356.5, 20.2, 2.8)
quadrotor0
-0.02552091
0.1757583
0.02948415
0.9836607
(356.5, 20.2, 2.8)
quadrotor0
-0.02552091
0.1757583
0.02948415
0.9836607
(356.5, 20.2, 2.8)
quadrotor0
-0.02552091
0.1757583
0.02948415
0.9836607
(356.5, 20.2, 2.8)
quadrotor0
-0.02552091
0.1757583
0.02948415
0.9836607
(356.5, 20.2, 2.8)
quadrotor0
-0.02552091
0.1757583
0.02948415
0.9836607
(356.5, 20.2, 2.8)
quadrotor0
-0.02552091
0.1757583
0.02948415
0.9836607
(356.5, 20.2, 2.8)
quadrotor0
-0.02552091
0.1757583
0.02948415
0.9836607
(356.5, 20.2, 2.8)
quadrotor0
-0.02552091
0.1757583
0.02948415
0.9836607
(356.5, 20.2, 2.8)
quadrotor0
-0.02552091
0.1757583
0.02948415
0.9836607
(356.5, 20.2, 2.8)
quadrotor0
-0.02552091
0.1757583
0.02948415
0.9836607
(356.5, 20.2, 2.8)
quadrotor0
-0.02552091
0.1757583
0.02948415
0.9836607
(356.5, 20.2, 2.8)
quadrotor0
-0.02552091
0.1757583
0.02948415
0.9836607
(356.5, 20.2, 2.8)
quadrotor0
-0.02552091
0.1757583
0.02948415
0.9836607
(356.5, 20.2, 2.8)
quadrotor0
-0.02552091
0.1757583
0.02948415
0.9836607
(356.5, 20.2, 2.8)
quadrotor0
-0.02552091
0.1757583
0.02948415
0.9836607
(356.5, 20.2, 2.8)
quadrotor0
-0.02552091
0.1757583
0.02948415
0.9836607
(356.5, 20.2, 2.8)
quadrotor0
-0.02552091
0.1757583
0.02948415
0.9836607
(356.5, 20.2, 2.8)
quadrotor0
-0.02552091
0.1757583
0.02948415
0.9836607
(356.5, 20.2, 2.8)
quadrotor0
-0.02552091
0.1757583
0.02948415
0.9836607
(356.5, 20.2, 2.8)
quadrotor0
-0.02552091
0.1757583
0.02948415
0.9836607
(356.5, 20.2, 2.8)
quadrotor0
-0.02552091
0.1757583
0.02948415
0.9836607
(356.5, 20.2, 2.8)
quadrotor0
-0.02552091
0.1757583
0.02948415
0.9836607
(356.5, 20.2, 2.8)
quadrotor0
-0.02552091
0.1757583
0.02948415
0.9836607
(356.5, 20.2, 2.8)
quadrotor0
-0.02552091
0.1757583
0.02948415
0.9836607
(356.5, 20.2, 2.8)
quadrotor0
-0.02552091
0.1757583
0.02948415
0.9836607
(356.5, 20.2, 2.8)
quadrotor0
-0.02552091
0.1757583
0.02948415
0.9836607
(356.5, 20.2, 2.8)
quadrotor0
-0.02552091
0.1757583
0.02948415
0.9836607
(356.5, 20.2, 2.8)
quadrotor0
-0.02552091
0.1757583
0.02948415
0.9836607
(356.5, 20.2, 2.8)
quadrotor0
-0.02552091
0.1757583
0.02948415
0.9836607
(356.5, 20.2, 2.8)
quadrotor0
-0.02552091
0.1757583
0.02948415
0.9836607
(356.5, 20.2, 2.8)
quadrotor0
-0.02552091
0.1757583
0.02948415
0.9836607
(356.5, 20.2, 2.8)
quadrotor0
-0.02552091
0.1757583
0.02948415
0.9836607
(356.5, 20.2, 2.8)
quadrotor0
-0.02552091
0.1757583
0.02948415
0.9836607
(356.5, 20.2, 2.8)
quadrotor0
-0.02552091
0.1757583
0.02948415
0.9836607
(356.5, 20.2, 2.8)
quadrotor0
-0.02552091
0.1757583
0.02948415
0.9836607
(356.5, 20.2, 2.8)
quadrotor0
-0.02552091
0.1757583
0.02948415
0.9836607
(356.5, 20.2, 2.8)
quadrotor0
-0.02552091
0.1757583
0.02948415
0.9836607
(356.5, 20.2, 2.8)
quadrotor0
-0.02552091
0.1757583
0.02948415
0.9836607
(356.5, 20.2, 2.8)
quadrotor0
-0.02552091
0.1757583
0.02948415
0.9836607
(356.5, 20.2, 2.8)
quadrotor0
-0.02552091
0.1757583
0.02948415
0.9836607
(356.5, 20.2, 2.8)
quadrotor0
-0.02552091
0.1757583
0.02948415
0.9836607
(356.5, 20.2, 2.8)
quadrotor0
-0.02552091
0.1757583
0.02948415
0.9836607
(356.5, 20.2, 2.8)
quadrotor0
-0.02552091
0.1757583
0.02948415
0.9836607
(356.5, 20.2, 2.8)
quadrotor0
-0.02552091
0.1757583
0.02948415
0.9836607
(356.5, 20.2, 2.8)
quadrotor0
-0.02552091
0.1757583
0.02948415
0.9836607
(356.5, 20.2, 2.8)
quadrotor0
-0.02552091
0.1757583
0.02948415
0.9836607
(356.5, 20.2, 2.8)
quadrotor0
-0.02552091
0.1757583
0.02948415
0.9836607
(356.5, 20.2, 2.8)
quadrotor0
-0.02552091
0.1757583
0.02948415
0.9836607
(356.5, 20.2, 2.8)
quadrotor0
-0.02552091
0.1757583
0.02948415
0.9836607
(356.5, 20.2, 2.8)
quadrotor0
-0.02552091
0.1757583
0.02948415
0.9836607
(356.5, 20.2, 2.8)
quadrotor0
-0.02552091
0.1757583
0.02948415
0.9836607
(356.5, 20.2, 2.8)
quadrotor0
-0.02552091
0.1757583
0.02948415
0.9836607
(356.5, 20.2, 2.8)
quadrotor0
-0.02552091
0.1757583
0.02948415
0.9836607
(356.5, 20.2, 2.8)
quadrotor0
-0.02552091
0.1757583
0.02948415
0.9836607
(356.5, 20.2, 2.8)
quadrotor0
-0.02552091
0.1757583
0.02948415
0.9836607
(356.5, 20.2, 2.8)
quadrotor0
-0.02552091
0.1757583
0.02948415
0.9836607
(356.5, 20.2, 2.8)
quadrotor0
-0.02552091
0.1757583
0.02948415
0.9836607
(356.5, 20.2, 2.8)
quadrotor0
-0.02552091
0.1757583
0.02948415
0.9836607
(356.5, 20.2, 2.8)
quadrotor0
-0.02552091
0.1757583
0.02948415
0.9836607
(356.5, 20.2, 2.8)
quadrotor0
-0.02552091
0.1757583
0.02948415
0.9836607
(356.5, 20.2, 2.8)
quadrotor0
-0.02552091
0.1757583
0.02948415
0.9836607
(356.5, 20.2, 2.8)
quadrotor0
-0.02552091
0.1757583
0.02948415
0.9836607
(356.5, 20.2, 2.8)
quadrotor0
-0.02552091
0.1757583
0.02948415
0.9836607
(356.5, 20.2, 2.8)
quadrotor0
-0.02552091
0.1757583
0.02948415
0.9836607
(356.5, 20.2, 2.8)
quadrotor0
-0.02552091
0.1757583
0.02948415
0.9836607
(356.5, 20.2, 2.8)
quadrotor0
-0.02552091
0.1757583
0.02948415
0.9836607
(356.5, 20.2, 2.8)
quadrotor0
-0.02552091
0.1757583
0.02948415
0.9836607
(356.5, 20.2, 2.8)
quadrotor0
-0.02552091
0.1757583
0.02948415
0.9836607
(356.5, 20.2, 2.8)
quadrotor0
-0.02552091
0.1757583
0.02948415
0.9836607
(356.5, 20.2, 2.8)
quadrotor0
-0.02552091
0.1757583
0.02948415
0.9836607
(356.5, 20.2, 2.8)
quadrotor0
-0.02552091
0.1757583
0.02948415
0.9836607
(356.5, 20.2, 2.8)
quadrotor0
-0.02552091
0.1757583
0.02948415
0.9836607
(356.5, 20.2, 2.8)
quadrotor0
-0.02552091
0.1757583
0.02948415
0.9836607
(356.5, 20.2, 2.8)
quadrotor0
-0.02552091
0.1757583
0.02948415
0.9836607
(356.5, 20.2, 2.8)
quadrotor0
-0.02552091
0.1757583
0.02948415
0.9836607
(356.5, 20.2, 2.8)
quadrotor0
-0.02552091
0.1757583
0.02948415
0.9836607
(356.5, 20.2, 2.8)
quadrotor0
-0.02552091
0.1757583
0.02948415
0.9836607
(356.5, 20.2, 2.8)
quadrotor0
-0.02552091
0.1757583
0.02948415
0.9836607
(356.5, 20.2, 2.8)
quadrotor0
-0.02552091
0.1757583
0.02948415
0.9836607
(356.5, 20.2, 2.8)
quadrotor0
-0.02552091
0.1757583
0.02948415
0.9836607
(356.5, 20.2, 2.8)
quadrotor0
-0.02552091
0.1757583
0.02948415
0.9836607
(356.5, 20.2, 2.8)
quadrotor0
-0.02552091
0.1757583
0.02948415
0.9836607
(356.5, 20.2, 2.8)
quadrotor0
-0.02552091
0.1757583
0.02948415
0.9836607
(356.5, 20.2, 2.8)
quadrotor0
-0.02552091
0.1757583
0.02948415
0.9836607
(356.5, 20.2, 2.8)
quadrotor0
-0.02552091
0.1757583
0.02948415
0.9836607
(356.5, 20.2, 2.8)
quadrotor0
-0.02552091
0.1757583
0.02948415
0.9836607
(356.5, 20.2, 2.8)
quadrotor0
-0.02552091
0.1757583
0.02948415
0.9836607
(356.5, 20.2, 2.8)
quadrotor0
-0.02552091
0.1757583
0.02948415
0.9836607
(356.5, 20.2, 2.8)
quadrotor0
-0.02552091
0.1757583
0.02948415
0.9836607
(356.5, 20.2, 2.8)
quadrotor0
-0.02552091
0.1757583
0.02948415
0.9836607
(356.5, 20.2, 2.8)
quadrotor0
-0.02552091
0.1757583
0.02948415
0.9836607
(356.5, 20.2, 2.8)
quadrotor0
-0.02552091
0.1757583
0.02948415
0.9836607
(356.5, 20.2, 2.8)
quadrotor0
-0.02552091
0.1757583
0.02948415
0.9836607
(356.5, 20.2, 2.8)
quadrotor0
-0.02552091
0.1757583
0.02948415
0.9836607
(356.5, 20.2, 2.8)
quadrotor0
-0.02552091
0.1757583
0.02948415
0.9836607
(356.5, 20.2, 2.8)
quadrotor0
-0.02552091
0.1757583
0.02948415
0.9836607
(356.5, 20.2, 2.8)
quadrotor0
-0.02552091
0.1757583
0.02948415
0.9836607
(356.5, 20.2, 2.8)
quadrotor0
-0.02552091
0.1757583
0.02948415
0.9836607
(356.5, 20.2, 2.8)
quadrotor0
-0.02552091
0.1757583
0.02948415
0.9836607
(356.5, 20.2, 2.8)
quadrotor0
-0.02552091
0.1757583
0.02948415
0.9836607
(356.5, 20.2, 2.8)
quadrotor0
-0.02552091
0.1757583
0.02948415
0.9836607
(356.5, 20.2, 2.8)
quadrotor0
-0.02552091
0.1757583
0.02948415
0.9836607
(356.5, 20.2, 2.8)
quadrotor0
-0.02552091
0.1757583
0.02948415
0.9836607
(356.5, 20.2, 2.8)
quadrotor0
-0.02552091
0.1757583
0.02948415
0.9836607
(356.5, 20.2, 2.8)
quadrotor0
-0.02552091
0.1757583
0.02948415
0.9836607
(356.5, 20.2, 2.8)
quadrotor0
-0.02552091
0.1757583
0.02948415
0.9836607
(356.5, 20.2, 2.8)
quadrotor0
-0.02552091
0.1757583
0.02948415
0.9836607
(356.5, 20.2, 2.8)
quadrotor0
-0.02552091
0.1757583
0.02948415
0.9836607
(356.5, 20.2, 2.8)
quadrotor0
-0.02552091
0.1757583
0.02948415
0.9836607
(356.5, 20.2, 2.8)
quadrotor0
-0.02552091
0.1757583
0.02948415
0.9836607
(356.5, 20.2, 2.8)
quadrotor0
-0.02552091
0.1757583
0.02948415
0.9836607
(356.5, 20.2, 2.8)
quadrotor0
-0.02552091
0.1757583
0.02948415
0.9836607
(356.5, 20.2, 2.8)
quadrotor0
-0.02552091
0.1757583
0.02948415
0.9836607
(356.5, 20.2, 2.8)
quadrotor0
-0.02552091
0.1757583
0.02948415
0.9836607
(356.5, 20.2, 2.8)
quadrotor0
-0.02552091
0.1757583
0.02948415
0.9836607
(356.5, 20.2, 2.8)
quadrotor0
-0.02552091
0.1757583
0.02948415
0.9836607
(356.5, 20.2, 2.8)
quadrotor0
-0.02552091
0.1757583
0.02948415
0.9836607
(356.5, 20.2, 2.8)
quadrotor0
-0.02552091
0.1757583
0.02948415
0.9836607
(356.5, 20.2, 2.8)
quadrotor0
-0.02552091
0.1757583
0.02948415
0.9836607
(356.5, 20.2, 2.8)
quadrotor0
-0.02552091
0.1757583
0.02948415
0.9836607
(356.5, 20.2, 2.8)
quadrotor0
-0.02552091
0.1757583
0.02948415
0.9836607
(356.5, 20.2, 2.8)
quadrotor0
-0.02552091
0.1757583
0.02948415
0.9836607
(356.5, 20.2, 2.8)
quadrotor0
-0.02552091
0.1757583
0.02948415
0.9836607
(356.5, 20.2, 2.8)
quadrotor0
-0.02552091
0.1757583
0.02948415
0.9836607
(356.5, 20.2, 2.8)
quadrotor0
-0.02552091
0.1757583
0.02948415
0.9836607
(356.5, 20.2, 2.8)
quadrotor0
-0.02552091
0.1757583
0.02948415
0.9836607
(356.5, 20.2, 2.8)
quadrotor0
-0.02552091
0.1757583
0.02948415
0.9836607
(356.5, 20.2, 2.8)
quadrotor0
-0.02552091
0.1757583
0.02948415
0.9836607
(356.5, 20.2, 2.8)
quadrotor0
-0.02552091
0.1757583
0.02948415
0.9836607
(356.5, 20.2, 2.8)
quadrotor0
-0.02552091
0.1757583
0.02948415
0.9836607
(356.5, 20.2, 2.8)
quadrotor0
-0.02552091
0.1757583
0.02948415
0.9836607
(356.5, 20.2, 2.8)
quadrotor0
-0.02552091
0.1757583
0.02948415
0.9836607
(356.5, 20.2, 2.8)
quadrotor0
-0.02552091
0.1757583
0.02948415
0.9836607
(356.5, 20.2, 2.8)
quadrotor0
-0.02552091
0.1757583
0.02948415
0.9836607
(356.5, 20.2, 2.8)
quadrotor0
-0.02552091
0.1757583
0.02948415
0.9836607
(356.5, 20.2, 2.8)
quadrotor0
-0.02552091
0.1757583
0.02948415
0.9836607
(356.5, 20.2, 2.8)
quadrotor0
-0.02552091
0.1757583
0.02948415
0.9836607
(356.5, 20.2, 2.8)
quadrotor0
-0.02552091
0.1757583
0.02948415
0.9836607
(356.5, 20.2, 2.8)
quadrotor0
-0.02552091
0.1757583
0.02948415
0.9836607
(356.5, 20.2, 2.8)
quadrotor0
-0.02552091
0.1757583
0.02948415
0.9836607
(356.5, 20.2, 2.8)
quadrotor0
-0.02552091
0.1757583
0.02948415
0.9836607
(356.5, 20.2, 2.8)
quadrotor0
-0.02552091
0.1757583
0.02948415
0.9836607
(356.5, 20.2, 2.8)
quadrotor0
-0.02552091
0.1757583
0.02948415
0.9836607
(356.5, 20.2, 2.8)
quadrotor0
-0.02552091
0.1757583
0.02948415
0.9836607
(356.5, 20.2, 2.8)
quadrotor0
-0.02552091
0.1757583
0.02948415
0.9836607
(356.5, 20.2, 2.8)
quadrotor0
-0.02552091
0.1757583
0.02948415
0.9836607
(356.5, 20.2, 2.8)
quadrotor0
-0.02552091
0.1757583
0.02948415
0.9836607
(356.5, 20.2, 2.8)
quadrotor0
-0.02552091
0.1757583
0.02948415
0.9836607
(356.5, 20.2, 2.8)
quadrotor0
-0.02552091
0.1757583
0.02948415
0.9836607
(356.5, 20.2, 2.8)
quadrotor0
-0.02552091
0.1757583
0.02948415
0.9836607
(356.5, 20.2, 2.8)
quadrotor0
-0.02552091
0.1757583
0.02948415
0.9836607
(356.5, 20.2, 2.8)
quadrotor0
-0.02552091
0.1757583
0.02948415
0.9836607
(356.5, 20.2, 2.8)
quadrotor0
-0.02552091
0.1757583
0.02948415
0.9836607
(356.5, 20.2, 2.8)
quadrotor0
-0.02552091
0.1757583
0.02948415
0.9836607
(356.5, 20.2, 2.8)
quadrotor0
-0.02552091
0.1757583
0.02948415
0.9836607
(356.5, 20.2, 2.8)
quadrotor0
-0.02552091
0.1757583
0.02948415
0.9836607
(356.5, 20.2, 2.8)
quadrotor0
-0.02552091
0.1757583
0.02948415
0.9836607
(356.5, 20.2, 2.8)
quadrotor0
-0.02552091
0.1757583
0.02948415
0.9836607
(356.5, 20.2, 2.8)
quadrotor0
-0.02552091
0.1757583
0.02948415
0.9836607
(356.5, 20.2, 2.8)
quadrotor0
-0.02552091
0.1757583
0.02948415
0.9836607
(356.5, 20.2, 2.8)
quadrotor0
-0.02552091
0.1757583
0.02948415
0.9836607
(356.5, 20.2, 2.8)
quadrotor0
-0.02552091
0.1757583
0.02948415
0.9836607
(356.5, 20.2, 2.8)
quadrotor0
-0.02552091
0.1757583
0.02948415
0.9836607
(356.5, 20.2, 2.8)
quadrotor0
-0.02552091
0.1757583
0.02948415
0.9836607
(356.5, 20.2, 2.8)
quadrotor0
-0.02552091
0.1757583
0.02948415
0.9836607
(356.5, 20.2, 2.8)
quadrotor0
-0.02552091
0.1757583
0.02948415
0.9836607
(356.5, 20.2, 2.8)
quadrotor0
-0.02552091
0.1757583
0.02948415
0.9836607
(356.5, 20.2, 2.8)
quadrotor0
-0.02552091
0.1757583
0.02948415
0.9836607
(356.5, 20.2, 2.8)
quadrotor0
-0.02552091
0.1757583
0.02948415
0.9836607
(356.5, 20.2, 2.8)
quadrotor0
-0.02552091
0.1757583
0.02948415
0.9836607
(356.5, 20.2, 2.8)
quadrotor0
-0.02552091
0.1757583
0.02948415
0.9836607
(356.5, 20.2, 2.8)
quadrotor0
-0.02552091
0.1757583
0.02948415
0.9836607
(356.5, 20.2, 2.8)
quadrotor0
-0.02552091
0.1757583
0.02948415
0.9836607
(356.5, 20.2, 2.8)
quadrotor0
-0.02552091
0.1757583
0.02948415
0.9836607
(356.5, 20.2, 2.8)
quadrotor0
-0.02552091
0.1757583
0.02948415
0.9836607
(356.5, 20.2, 2.8)
quadrotor0
-0.02552091
0.1757583
0.02948415
0.9836607
(356.5, 20.2, 2.8)
quadrotor0
-0.02552091
0.1757583
0.02948415
0.9836607
(356.5, 20.2, 2.8)
quadrotor0
-0.02552091
0.1757583
0.02948415
0.9836607
(356.5, 20.2, 2.8)
quadrotor0
-0.02552091
0.1757583
0.02948415
0.9836607
(356.5, 20.2, 2.8)
quadrotor0
-0.02552091
0.1757583
0.02948415
0.9836607
(356.5, 20.2, 2.8)
quadrotor0
-0.02552091
0.1757583
0.02948415
0.9836607
(356.5, 20.2, 2.8)
quadrotor0
-0.02552091
0.1757583
0.02948415
0.9836607
(356.5, 20.2, 2.8)
quadrotor0
-0.02552091
0.1757583
0.02948415
0.9836607
(356.5, 20.2, 2.8)
quadrotor0
-0.02552091
0.1757583
0.02948415
0.9836607
(356.5, 20.2, 2.8)
quadrotor0
-0.02552091
0.1757583
0.02948415
0.9836607
(356.5, 20.2, 2.8)
quadrotor0
-0.02552091
0.1757583
0.02948415
0.9836607
(356.5, 20.2, 2.8)
quadrotor0
-0.02552091
0.1757583
0.02948415
0.9836607
(356.5, 20.2, 2.8)
quadrotor0
-0.02552091
0.1757583
0.02948415
0.9836607
(356.5, 20.2, 2.8)
quadrotor0
-0.02552091
0.1757583
0.02948415
0.9836607
(356.5, 20.2, 2.8)
quadrotor0
-0.02552091
0.1757583
0.02948415
0.9836607
(356.5, 20.2, 2.8)
quadrotor0
-0.02552091
0.1757583
0.02948415
0.9836607
(356.5, 20.2, 2.8)
quadrotor0
-0.02552091
0.1757583
0.02948415
0.9836607
(356.5, 20.2, 2.8)
quadrotor0
-0.02552091
0.1757583
0.02948415
0.9836607
(356.5, 20.2, 2.8)
quadrotor0
-0.02552091
0.1757583
0.02948415
0.9836607
(356.5, 20.2, 2.8)
quadrotor0
-0.02552091
0.1757583
0.02948415
0.9836607
(356.5, 20.2, 2.8)
quadrotor0
-0.02552091
0.1757583
0.02948415
0.9836607
(356.5, 20.2, 2.8)
quadrotor0
-0.02552091
0.1757583
0.02948415
0.9836607
(356.5, 20.2, 2.8)
quadrotor0
-0.02552091
0.1757583
0.02948415
0.9836607
(356.5, 20.2, 2.8)
quadrotor0
-0.02552091
0.1757583
0.02948415
0.9836607
(356.5, 20.2, 2.8)
quadrotor0
-0.02552091
0.1757583
0.02948415
0.9836607
(356.5, 20.2, 2.8)
quadrotor0
-0.02552091
0.1757583
0.02948415
0.9836607
(356.5, 20.2, 2.8)
quadrotor0
-0.02552091
0.1757583
0.02948415
0.9836607
(356.5, 20.2, 2.8)
quadrotor0
-0.02552091
0.1757583
0.02948415
0.9836607
(356.5, 20.2, 2.8)
quadrotor0
-0.02552091
0.1757583
0.02948415
0.9836607
(356.5, 20.2, 2.8)
quadrotor0
-0.02552091
0.1757583
0.02948415
0.9836607
(356.5, 20.2, 2.8)
quadrotor0
-0.02552091
0.1757583
0.02948415
0.9836607
(356.5, 20.2, 2.8)
quadrotor0
-0.02552091
0.1757583
0.02948415
0.9836607
(356.5, 20.2, 2.8)
quadrotor0
-0.02552091
0.1757583
0.02948415
0.9836607
(356.5, 20.2, 2.8)
quadrotor0
-0.02552091
0.1757583
0.02948415
0.9836607
(356.5, 20.2, 2.8)
quadrotor0
-0.02552091
0.1757583
0.02948415
0.9836607
(356.5, 20.2, 2.8)
quadrotor0
-0.02552091
0.1757583
0.02948415
0.9836607
(356.5, 20.2, 2.8)
quadrotor0
-0.02552091
0.1757583
0.02948415
0.9836607
(356.5, 20.2, 2.8)
quadrotor0
-0.02552091
0.1757583
0.02948415
0.9836607
(356.5, 20.2, 2.8)
quadrotor0
-0.02552091
0.1757583
0.02948415
0.9836607
(356.5, 20.2, 2.8)
quadrotor0
-0.02552091
0.1757583
0.02948415
0.9836607
(356.5, 20.2, 2.8)
quadrotor0
-0.02552091
0.1757583
0.02948415
0.9836607
(356.5, 20.2, 2.8)
quadrotor0
-0.02552091
0.1757583
0.02948415
0.9836607
(356.5, 20.2, 2.8)
quadrotor0
-0.02552091
0.1757583
0.02948415
0.9836607
(356.5, 20.2, 2.8)
quadrotor0
-0.02552091
0.1757583
0.02948415
0.9836607
(356.5, 20.2, 2.8)
quadrotor0
-0.02552091
0.1757583
0.02948415
0.9836607
(356.5, 20.2, 2.8)
quadrotor0
-0.02552091
0.1757583
0.02948415
0.9836607
(356.5, 20.2, 2.8)
quadrotor0
-0.02552091
0.1757583
0.02948415
0.9836607
(356.5, 20.2, 2.8)
quadrotor0
-0.02552091
0.1757583
0.02948415
0.9836607
(356.5, 20.2, 2.8)
quadrotor0
-0.02552091
0.1757583
0.02948415
0.9836607
(356.5, 20.2, 2.8)
quadrotor0
-0.02552091
0.1757583
0.02948415
0.9836607
(356.5, 20.2, 2.8)
quadrotor0
-0.02552091
0.1757583
0.02948415
0.9836607
(356.5, 20.2, 2.8)
quadrotor0
-0.02552091
0.1757583
0.02948415
0.9836607
(356.5, 20.2, 2.8)
quadrotor0
-0.02552091
0.1757583
0.02948415
0.9836607
(356.5, 20.2, 2.8)
quadrotor0
-0.02552091
0.1757583
0.02948415
0.9836607
(356.5, 20.2, 2.8)
quadrotor0
-0.02552091
0.1757583
0.02948415
0.9836607
(356.5, 20.2, 2.8)
quadrotor0
-0.02552091
0.1757583
0.02948415
0.9836607
(356.5, 20.2, 2.8)
quadrotor0
-0.02552091
0.1757583
0.02948415
0.9836607
(356.5, 20.2, 2.8)
quadrotor0
-0.02552091
0.1757583
0.02948415
0.9836607
(356.5, 20.2, 2.8)
quadrotor0
-0.02552091
0.1757583
0.02948415
0.9836607
(356.5, 20.2, 2.8)
quadrotor0
-0.02552091
0.1757583
0.02948415
0.9836607
(356.5, 20.2, 2.8)
quadrotor0
-0.02552091
0.1757583
0.02948415
0.9836607
(356.5, 20.2, 2.8)
quadrotor0
-0.02552091
0.1757583
0.02948415
0.9836607
(356.5, 20.2, 2.8)
quadrotor0
-0.02552091
0.1757583
0.02948415
0.9836607
(356.5, 20.2, 2.8)
quadrotor0
-0.02552091
0.1757583
0.02948415
0.9836607
(356.5, 20.2, 2.8)
quadrotor0
-0.02552091
0.1757583
0.02948415
0.9836607
(356.5, 20.2, 2.8)
quadrotor0
-0.02552091
0.1757583
0.02948415
0.9836607
(356.5, 20.2, 2.8)
quadrotor0
-0.02552091
0.1757583
0.02948415
0.9836607
(356.5, 20.2, 2.8)
quadrotor0
-0.02552091
0.1757583
0.02948415
0.9836607
(356.5, 20.2, 2.8)
quadrotor0
-0.02552091
0.1757583
0.02948415
0.9836607
(356.5, 20.2, 2.8)
quadrotor0
-0.02552091
0.1757583
0.02948415
0.9836607
(356.5, 20.2, 2.8)
quadrotor0
-0.02552091
0.1757583
0.02948415
0.9836607
(356.5, 20.2, 2.8)
quadrotor0
-0.02552091
0.1757583
0.02948415
0.9836607
(356.5, 20.2, 2.8)
quadrotor0
-0.02552091
0.1757583
0.02948415
0.9836607
(356.5, 20.2, 2.8)
quadrotor0
-0.02552091
0.1757583
0.02948415
0.9836607
(356.5, 20.2, 2.8)
quadrotor0
-0.02552091
0.1757583
0.02948415
0.9836607
(356.5, 20.2, 2.8)
quadrotor0
-0.02552091
0.1757583
0.02948415
0.9836607
(356.5, 20.2, 2.8)
quadrotor0
-0.02552091
0.1757583
0.02948415
0.9836607
(356.5, 20.2, 2.8)
quadrotor0
-0.02552091
0.1757583
0.02948415
0.9836607
(356.5, 20.2, 2.8)
quadrotor0
-0.02552091
0.1757583
0.02948415
0.9836607
(356.5, 20.2, 2.8)
quadrotor0
-0.02552091
0.1757583
0.02948415
0.9836607
(356.5, 20.2, 2.8)
quadrotor0
-0.02552091
0.1757583
0.02948415
0.9836607
(356.5, 20.2, 2.8)
quadrotor0
-0.02552091
0.1757583
0.02948415
0.9836607
(356.5, 20.2, 2.8)
quadrotor0
-0.02552091
0.1757583
0.02948415
0.9836607
(356.5, 20.2, 2.8)
quadrotor0
-0.02552091
0.1757583
0.02948415
0.9836607
(356.5, 20.2, 2.8)
quadrotor0
-0.02552091
0.1757583
0.02948415
0.9836607
(356.5, 20.2, 2.8)
quadrotor0
-0.02552091
0.1757583
0.02948415
0.9836607
(356.5, 20.2, 2.8)
quadrotor0
-0.02552091
0.1757583
0.02948415
0.9836607
(356.5, 20.2, 2.8)
quadrotor0
-0.02552091
0.1757583
0.02948415
0.9836607
(356.5, 20.2, 2.8)
quadrotor0
-0.02552091
0.1757583
0.02948415
0.9836607
(356.5, 20.2, 2.8)
quadrotor0
-0.02552091
0.1757583
0.02948415
0.9836607
(356.5, 20.2, 2.8)
quadrotor0
-0.02552091
0.1757583
0.02948415
0.9836607
(356.5, 20.2, 2.8)
quadrotor0
-0.02552091
0.1757583
0.02948415
0.9836607
(356.5, 20.2, 2.8)
quadrotor0
-0.02552091
0.1757583
0.02948415
0.9836607
(356.5, 20.2, 2.8)
quadrotor0
-0.02552091
0.1757583
0.02948415
0.9836607
(356.5, 20.2, 2.8)
quadrotor0
-0.02552091
0.1757583
0.02948415
0.9836607
(356.5, 20.2, 2.8)
quadrotor0
-0.02552091
0.1757583
0.02948415
0.9836607
(356.5, 20.2, 2.8)
quadrotor0
-0.02552091
0.1757583
0.02948415
0.9836607
(356.5, 20.2, 2.8)
quadrotor0
-0.02552091
0.1757583
0.02948415
0.9836607
(356.5, 20.2, 2.8)
quadrotor0
-0.02552091
0.1757583
0.02948415
0.9836607
(356.5, 20.2, 2.8)
quadrotor0
-0.02552091
0.1757583
0.02948415
0.9836607
(356.5, 20.2, 2.8)
quadrotor0
-0.02552091
0.1757583
0.02948415
0.9836607
(356.5, 20.2, 2.8)
quadrotor0
-0.02552091
0.1757583
0.02948415
0.9836607
(356.5, 20.2, 2.8)
quadrotor0
-0.02552091
0.1757583
0.02948415
0.9836607
(356.5, 20.2, 2.8)
quadrotor0
-0.02552091
0.1757583
0.02948415
0.9836607
(356.5, 20.2, 2.8)
quadrotor0
-0.02552091
0.1757583
0.02948415
0.9836607
(356.5, 20.2, 2.8)
quadrotor0
-0.02552091
0.1757583
0.02948415
0.9836607
(356.5, 20.2, 2.8)
quadrotor0
-0.02552091
0.1757583
0.02948415
0.9836607
(356.5, 20.2, 2.8)
quadrotor0
-0.02552091
0.1757583
0.02948415
0.9836607
(356.5, 20.2, 2.8)
quadrotor0
-0.02552091
0.1757583
0.02948415
0.9836607
(356.5, 20.2, 2.8)
quadrotor0
-0.02552091
0.1757583
0.02948415
0.9836607
(356.5, 20.2, 2.8)
quadrotor0
-0.02552091
0.1757583
0.02948415
0.9836607
(356.5, 20.2, 2.8)
quadrotor0
-0.02552091
0.1757583
0.02948415
0.9836607
(356.5, 20.2, 2.8)
quadrotor0
-0.02552091
0.1757583
0.02948415
0.9836607
(356.5, 20.2, 2.8)
quadrotor0
-0.02552091
0.1757583
0.02948415
0.9836607
(356.5, 20.2, 2.8)
quadrotor0
-0.02552091
0.1757583
0.02948415
0.9836607
(356.5, 20.2, 2.8)
quadrotor0
-0.02552091
0.1757583
0.02948415
0.9836607
(356.5, 20.2, 2.8)
quadrotor0
-0.02552091
0.1757583
0.02948415
0.9836607
(356.5, 20.2, 2.8)
quadrotor0
-0.02552091
0.1757583
0.02948415
0.9836607
(356.5, 20.2, 2.8)
quadrotor0
-0.02552091
0.1757583
0.02948415
0.9836607
(356.5, 20.2, 2.8)
quadrotor0
-0.02552091
0.1757583
0.02948415
0.9836607
(356.5, 20.2, 2.8)
quadrotor0
-0.02552091
0.1757583
0.02948415
0.9836607
(356.5, 20.2, 2.8)
quadrotor0
-0.02552091
0.1757583
0.02948415
0.9836607
(356.5, 20.2, 2.8)
quadrotor0
-0.02552091
0.1757583
0.02948415
0.9836607
(356.5, 20.2, 2.8)
quadrotor0
-0.02552091
0.1757583
0.02948415
0.9836607
(356.5, 20.2, 2.8)
quadrotor0
-0.02552091
0.1757583
0.02948415
0.9836607
(356.5, 20.2, 2.8)
quadrotor0
-0.02552091
0.1757583
0.02948415
0.9836607
(356.5, 20.2, 2.8)
quadrotor0
-0.02552091
0.1757583
0.02948415
0.9836607
(356.5, 20.2, 2.8)
quadrotor0
-0.02552091
0.1757583
0.02948415
0.9836607
(356.5, 20.2, 2.8)
quadrotor0
-0.02552091
0.1757583
0.02948415
0.9836607
(356.5, 20.2, 2.8)
quadrotor0
-0.02552091
0.1757583
0.02948415
0.9836607
(356.5, 20.2, 2.8)
quadrotor0
-0.02552091
0.1757583
0.02948415
0.9836607
(356.5, 20.2, 2.8)
quadrotor0
-0.02552091
0.1757583
0.02948415
0.9836607
(356.5, 20.2, 2.8)
quadrotor0
-0.02552091
0.1757583
0.02948415
0.9836607
(356.5, 20.2, 2.8)
quadrotor0
-0.02552091
0.1757583
0.02948415
0.9836607
(356.5, 20.2, 2.8)
quadrotor0
-0.02552091
0.1757583
0.02948415
0.9836607
(356.5, 20.2, 2.8)
quadrotor0
-0.02552091
0.1757583
0.02948415
0.9836607
(356.5, 20.2, 2.8)
quadrotor0
-0.02552091
0.1757583
0.02948415
0.9836607
(356.5, 20.2, 2.8)
quadrotor0
-0.02552091
0.1757583
0.02948415
0.9836607
(356.5, 20.2, 2.8)
quadrotor0
-0.02552091
0.1757583
0.02948415
0.9836607
(356.5, 20.2, 2.8)
quadrotor0
-0.02552091
0.1757583
0.02948415
0.9836607
(356.5, 20.2, 2.8)
quadrotor0
-0.02552091
0.1757583
0.02948415
0.9836607
(356.5, 20.2, 2.8)
quadrotor0
-0.02552091
0.1757583
0.02948415
0.9836607
(356.5, 20.2, 2.8)
quadrotor0
-0.02552091
0.1757583
0.02948415
0.9836607
(356.5, 20.2, 2.8)
quadrotor0
-0.02552091
0.1757583
0.02948415
0.9836607
(356.5, 20.2, 2.8)
quadrotor0
-0.02552091
0.1757583
0.02948415
0.9836607
(356.5, 20.2, 2.8)
quadrotor0
-0.02552091
0.1757583
0.02948415
0.9836607
(356.5, 20.2, 2.8)
quadrotor0
-0.02552091
0.1757583
0.02948415
0.9836607
(356.5, 20.2, 2.8)
quadrotor0
-0.02552091
0.1757583
0.02948415
0.9836607
(356.5, 20.2, 2.8)
quadrotor0
-0.02552091
0.1757583
0.02948415
0.9836607
(356.5, 20.2, 2.8)
quadrotor0
-0.02552091
0.1757583
0.02948415
0.9836607
(356.5, 20.2, 2.8)
quadrotor0
-0.02552091
0.1757583
0.02948415
0.9836607
(356.5, 20.2, 2.8)
quadrotor0
-0.02552091
0.1757583
0.02948415
0.9836607
(356.5, 20.2, 2.8)
quadrotor0
-0.02552091
0.1757583
0.02948415
0.9836607
(356.5, 20.2, 2.8)
quadrotor0
-0.02552091
0.1757583
0.02948415
0.9836607
(356.5, 20.2, 2.8)
quadrotor0
-0.02552091
0.1757583
0.02948415
0.9836607
(356.5, 20.2, 2.8)
quadrotor0
-0.02552091
0.1757583
0.02948415
0.9836607
(356.5, 20.2, 2.8)
quadrotor0
-0.02552091
0.1757583
0.02948415
0.9836607
(356.5, 20.2, 2.8)
quadrotor0
-0.02552091
0.1757583
0.02948415
0.9836607
(356.5, 20.2, 2.8)
quadrotor0
-0.02552091
0.1757583
0.02948415
0.9836607
(356.5, 20.2, 2.8)
quadrotor0
-0.02552091
0.1757583
0.02948415
0.9836607
(356.5, 20.2, 2.8)
quadrotor0
-0.02552091
0.1757583
0.02948415
0.9836607
(356.5, 20.2, 2.8)
quadrotor0
-0.02552091
0.1757583
0.02948415
0.9836607
(356.5, 20.2, 2.8)
quadrotor0
-0.02552091
0.1757583
0.02948415
0.9836607
(356.5, 20.2, 2.8)
quadrotor0
-0.02552091
0.1757583
0.02948415
0.9836607
(356.5, 20.2, 2.8)
quadrotor0
-0.02552091
0.1757583
0.02948415
0.9836607
(356.5, 20.2, 2.8)
quadrotor0
-0.02552091
0.1757583
0.02948415
0.9836607
(356.5, 20.2, 2.8)
quadrotor0
-0.02552091
0.1757583
0.02948415
0.9836607
(356.5, 20.2, 2.8)
quadrotor0
-0.02552091
0.1757583
0.02948415
0.9836607
(356.5, 20.2, 2.8)
quadrotor0
-0.02552091
0.1757583
0.02948415
0.9836607
(356.5, 20.2, 2.8)
quadrotor0
-0.02552091
0.1757583
0.02948415
0.9836607
(356.5, 20.2, 2.8)
quadrotor0
-0.02552091
0.1757583
0.02948415
0.9836607
(356.5, 20.2, 2.8)
quadrotor0
-0.02552091
0.1757583
0.02948415
0.9836607
(356.5, 20.2, 2.8)
quadrotor0
-0.02552091
0.1757583
0.02948415
0.9836607
(356.5, 20.2, 2.8)
quadrotor0
-0.02552091
0.1757583
0.02948415
0.9836607
(356.5, 20.2, 2.8)
quadrotor0
-0.02552091
0.1757583
0.02948415
0.9836607
(356.5, 20.2, 2.8)
quadrotor0
-0.02552091
0.1757583
0.02948415
0.9836607
(356.5, 20.2, 2.8)
quadrotor0
-0.02552091
0.1757583
0.02948415
0.9836607
(356.5, 20.2, 2.8)
quadrotor0
-0.02552091
0.1757583
0.02948415
0.9836607
(356.5, 20.2, 2.8)
quadrotor0
-0.02552091
0.1757583
0.02948415
0.9836607
(356.5, 20.2, 2.8)
quadrotor0
-0.02552091
0.1757583
0.02948415
0.9836607
(356.5, 20.2, 2.8)
quadrotor0
-0.02552091
0.1757583
0.02948415
0.9836607
(356.5, 20.2, 2.8)
quadrotor0
-0.02552091
0.1757583
0.02948415
0.9836607
(356.5, 20.2, 2.8)
quadrotor0
-0.02552091
0.1757583
0.02948415
0.9836607
(356.5, 20.2, 2.8)
quadrotor0
-0.02552091
0.1757583
0.02948415
0.9836607
(356.5, 20.2, 2.8)
quadrotor0
-0.02552091
0.1757583
0.02948415
0.9836607
(356.5, 20.2, 2.8)
quadrotor0
-0.02552091
0.1757583
0.02948415
0.9836607
(356.5, 20.2, 2.8)
quadrotor0
-0.02552091
0.1757583
0.02948415
0.9836607
(356.5, 20.2, 2.8)
quadrotor0
-0.02552091
0.1757583
0.02948415
0.9836607
(356.5, 20.2, 2.8)
quadrotor0
-0.02552091
0.1757583
0.02948415
0.9836607
(356.5, 20.2, 2.8)
quadrotor0
-0.02552091
0.1757583
0.02948415
0.9836607
(356.5, 20.2, 2.8)
quadrotor0
-0.02552091
0.1757583
0.02948415
0.9836607
(356.5, 20.2, 2.8)
quadrotor0
-0.02552091
0.1757583
0.02948415
0.9836607
(356.5, 20.2, 2.8)
quadrotor0
-0.02552091
0.1757583
0.02948415
0.9836607
(356.5, 20.2, 2.8)
quadrotor0
-0.02552091
0.1757583
0.02948415
0.9836607
(356.5, 20.2, 2.8)
quadrotor0
-0.02552091
0.1757583
0.02948415
0.9836607
(356.5, 20.2, 2.8)
quadrotor0
-0.02552091
0.1757583
0.02948415
0.9836607
(356.5, 20.2, 2.8)
quadrotor0
-0.02552091
0.1757583
0.02948415
0.9836607
(356.5, 20.2, 2.8)
quadrotor0
-0.02552091
0.1757583
0.02948415
0.9836607
(356.5, 20.2, 2.8)
quadrotor0
-0.02552091
0.1757583
0.02948415
0.9836607
(356.5, 20.2, 2.8)
quadrotor0
-0.02552091
0.1757583
0.02948415
0.9836607
(356.5, 20.2, 2.8)
quadrotor0
-0.02552091
0.1757583
0.02948415
0.9836607
(356.5, 20.2, 2.8)
quadrotor0
-0.02552091
0.1757583
0.02948415
0.9836607
(356.5, 20.2, 2.8)
quadrotor0
-0.02552091
0.1757583
0.02948415
0.9836607
(356.5, 20.2, 2.8)
quadrotor0
-0.02552091
0.1757583
0.02948415
0.9836607
(356.5, 20.2, 2.8)
quadrotor0
-0.02552091
0.1757583
0.02948415
0.9836607
(356.5, 20.2, 2.8)
quadrotor0
-0.02552091
0.1757583
0.02948415
0.9836607
(356.5, 20.2, 2.8)
quadrotor0
-0.02552091
0.1757583
0.02948415
0.9836607
(356.5, 20.2, 2.8)
quadrotor0
-0.02552091
0.1757583
0.02948415
0.9836607
(356.5, 20.2, 2.8)
quadrotor0
-0.02552091
0.1757583
0.02948415
0.9836607
(356.5, 20.2, 2.8)
quadrotor0
-0.02552091
0.1757583
0.02948415
0.9836607
(356.5, 20.2, 2.8)
quadrotor0
-0.02552091
0.1757583
0.02948415
0.9836607
(356.5, 20.2, 2.8)
quadrotor0
-0.02552091
0.1757583
0.02948415
0.9836607
(356.5, 20.2, 2.8)
quadrotor0
-0.02552091
0.1757583
0.02948415
0.9836607
(356.5, 20.2, 2.8)
quadrotor0
-0.02552091
0.1757583
0.02948415
0.9836607
(356.5, 20.2, 2.8)
quadrotor0
-0.02552091
0.1757583
0.02948415
0.9836607
(356.5, 20.2, 2.8)
quadrotor0
-0.02552091
0.1757583
0.02948415
0.9836607
(356.5, 20.2, 2.8)
quadrotor0
-0.02552091
0.1757583
0.02948415
0.9836607
(356.5, 20.2, 2.8)
quadrotor0
-0.02552091
0.1757583
0.02948415
0.9836607
(356.5, 20.2, 2.8)
quadrotor0
-0.02552091
0.1757583
0.02948415
0.9836607
(356.5, 20.2, 2.8)
quadrotor0
-0.02552091
0.1757583
0.02948415
0.9836607
(356.5, 20.2, 2.8)
quadrotor0
-0.02552091
0.1757583
0.02948415
0.9836607
(356.5, 20.2, 2.8)
quadrotor0
-0.02552091
0.1757583
0.02948415
0.9836607
(356.5, 20.2, 2.8)
quadrotor0
-0.02552091
0.1757583
0.02948415
0.9836607
(356.5, 20.2, 2.8)
quadrotor0
-0.02552091
0.1757583
0.02948415
0.9836607
(356.5, 20.2, 2.8)
quadrotor0
-0.02552091
0.1757583
0.02948415
0.9836607
(356.5, 20.2, 2.8)
quadrotor0
-0.02552091
0.1757583
0.02948415
0.9836607
(356.5, 20.2, 2.8)
quadrotor0
-0.02552091
0.1757583
0.02948415
0.9836607
(356.5, 20.2, 2.8)
quadrotor0
-0.02552091
0.1757583
0.02948415
0.9836607
(356.5, 20.2, 2.8)
quadrotor0
-0.02552091
0.1757583
0.02948415
0.9836607
(356.5, 20.2, 2.8)
quadrotor0
-0.02552091
0.1757583
0.02948415
0.9836607
(356.5, 20.2, 2.8)
quadrotor0
-0.02552091
0.1757583
0.02948415
0.9836607
(356.5, 20.2, 2.8)
quadrotor0
-0.02552091
0.1757583
0.02948415
0.9836607
(356.5, 20.2, 2.8)
quadrotor0
-0.02552091
0.1757583
0.02948415
0.9836607
(356.5, 20.2, 2.8)
quadrotor0
-0.02552091
0.1757583
0.02948415
0.9836607
(356.5, 20.2, 2.8)
quadrotor0
-0.02552091
0.1757583
0.02948415
0.9836607
(356.5, 20.2, 2.8)
quadrotor0
-0.02552091
0.1757583
0.02948415
0.9836607
(356.5, 20.2, 2.8)
quadrotor0
-0.02552091
0.1757583
0.02948415
0.9836607
(356.5, 20.2, 2.8)
quadrotor0
-0.02552091
0.1757583
0.02948415
0.9836607
(356.5, 20.2, 2.8)
quadrotor0
-0.02552091
0.1757583
0.02948415
0.9836607
(356.5, 20.2, 2.8)
quadrotor0
-0.02552091
0.1757583
0.02948415
0.9836607
(356.5, 20.2, 2.8)
quadrotor0
-0.02552091
0.1757583
0.02948415
0.9836607
(356.5, 20.2, 2.8)
quadrotor0
-0.02552091
0.1757583
0.02948415
0.9836607
(356.5, 20.2, 2.8)
quadrotor0
-0.02552091
0.1757583
0.02948415
0.9836607
(356.5, 20.2, 2.8)
quadrotor0
-0.02552091
0.1757583
0.02948415
0.9836607
(356.5, 20.2, 2.8)
quadrotor0
-0.02552091
0.1757583
0.02948415
0.9836607
(356.5, 20.2, 2.8)
quadrotor0
-0.02552091
0.1757583
0.02948415
0.9836607
(356.5, 20.2, 2.8)
quadrotor0
-0.02552091
0.1757583
0.02948415
0.9836607
(356.5, 20.2, 2.8)
quadrotor0
-0.02552091
0.1757583
0.02948415
0.9836607
(356.5, 20.2, 2.8)
quadrotor0
-0.02552091
0.1757583
0.02948415
0.9836607
(356.5, 20.2, 2.8)
quadrotor0
-0.02552091
0.1757583
0.02948415
0.9836607
(356.5, 20.2, 2.8)
quadrotor0
-0.02552091
0.1757583
0.02948415
0.9836607
(356.5, 20.2, 2.8)
quadrotor0
-0.02552091
0.1757583
0.02948415
0.9836607
(356.5, 20.2, 2.8)
quadrotor0
-0.02552091
0.1757583
0.02948415
0.9836607
(356.5, 20.2, 2.8)
quadrotor0
-0.02552091
0.1757583
0.02948415
0.9836607
(356.5, 20.2, 2.8)
quadrotor0
-0.02552091
0.1757583
0.02948415
0.9836607
(356.5, 20.2, 2.8)
quadrotor0
-0.02552091
0.1757583
0.02948415
0.9836607
(356.5, 20.2, 2.8)
quadrotor0
-0.02552091
0.1757583
0.02948415
0.9836607
(356.5, 20.2, 2.8)
quadrotor0
-0.02552091
0.1757583
0.02948415
0.9836607
(356.5, 20.2, 2.8)
quadrotor0
-0.02552091
0.1757583
0.02948415
0.9836607
(356.5, 20.2, 2.8)
quadrotor0
-0.02552091
0.1757583
0.02948415
0.9836607
(356.5, 20.2, 2.8)
quadrotor0
-0.02552091
0.1757583
0.02948415
0.9836607
(356.5, 20.2, 2.8)
quadrotor0
-0.02552091
0.1757583
0.02948415
0.9836607
(356.5, 20.2, 2.8)
quadrotor0
-0.02552091
0.1757583
0.02948415
0.9836607
(356.5, 20.2, 2.8)
quadrotor0
-0.02552091
0.1757583
0.02948415
0.9836607
(356.5, 20.2, 2.8)
quadrotor0
-0.02552091
0.1757583
0.02948415
0.9836607
(356.5, 20.2, 2.8)
quadrotor0
-0.02552091
0.1757583
0.02948415
0.9836607
(356.5, 20.2, 2.8)
quadrotor0
-0.02552091
0.1757583
0.02948415
0.9836607
(356.5, 20.2, 2.8)
quadrotor0
-0.02552091
0.1757583
0.02948415
0.9836607
(356.5, 20.2, 2.8)
quadrotor0
-0.02552091
0.1757583
0.02948415
0.9836607
(356.5, 20.2, 2.8)
quadrotor0
-0.02552091
0.1757583
0.02948415
0.9836607
(356.5, 20.2, 2.8)
quadrotor0
-0.02552091
0.1757583
0.02948415
0.9836607
(356.5, 20.2, 2.8)
quadrotor0
-0.02552091
0.1757583
0.02948415
0.9836607
(356.5, 20.2, 2.8)
quadrotor0
-0.02552091
0.1757583
0.02948415
0.9836607
(356.5, 20.2, 2.8)
quadrotor0
-0.02552091
0.1757583
0.02948415
0.9836607
(356.5, 20.2, 2.8)
quadrotor0
-0.02552091
0.1757583
0.02948415
0.9836607
(356.5, 20.2, 2.8)
quadrotor0
-0.02552091
0.1757583
0.02948415
0.9836607
(356.5, 20.2, 2.8)
quadrotor0
-0.02552091
0.1757583
0.02948415
0.9836607
(356.5, 20.2, 2.8)
quadrotor0
-0.02552091
0.1757583
0.02948415
0.9836607
(356.5, 20.2, 2.8)
quadrotor0
-0.02552091
0.1757583
0.02948415
0.9836607
(356.5, 20.2, 2.8)
quadrotor0
-0.02552091
0.1757583
0.02948415
0.9836607
(356.5, 20.2, 2.8)
quadrotor0
-0.02552091
0.1757583
0.02948415
0.9836607
(356.5, 20.2, 2.8)
quadrotor0
-0.02552091
0.1757583
0.02948415
0.9836607
(356.5, 20.2, 2.8)
quadrotor0
-0.02552091
0.1757583
0.02948415
0.9836607
(356.5, 20.2, 2.8)
quadrotor0
-0.02552091
0.1757583
0.02948415
0.9836607
(356.5, 20.2, 2.8)
quadrotor0
-0.02552091
0.1757583
0.02948415
0.9836607
(356.5, 20.2, 2.8)
quadrotor0
-0.02552091
0.1757583
0.02948415
0.9836607
(356.5, 20.2, 2.8)
quadrotor0
-0.02552091
0.1757583
0.02948415
0.9836607
(356.5, 20.2, 2.8)
quadrotor0
-0.02552091
0.1757583
0.02948415
0.9836607
(356.5, 20.2, 2.8)
quadrotor0
-0.02552091
0.1757583
0.02948415
0.9836607
(356.5, 20.2, 2.8)
quadrotor0
-0.02552091
0.1757583
0.02948415
0.9836607
(356.5, 20.2, 2.8)
quadrotor0
-0.02552091
0.1757583
0.02948415
0.9836607
(356.5, 20.2, 2.8)
quadrotor0
-0.02552091
0.1757583
0.02948415
0.9836607
(356.5, 20.2, 2.8)
quadrotor0
-0.02552091
0.1757583
0.02948415
0.9836607
(356.5, 20.2, 2.8)
quadrotor0
-0.02552091
0.1757583
0.02948415
0.9836607
(356.5, 20.2, 2.8)
quadrotor0
-0.02552091
0.1757583
0.02948415
0.9836607
(356.5, 20.2, 2.8)
quadrotor0
-0.02552091
0.1757583
0.02948415
0.9836607
(356.5, 20.2, 2.8)
quadrotor0
-0.02552091
0.1757583
0.02948415
0.9836607
(356.5, 20.2, 2.8)
quadrotor0
-0.02552091
0.1757583
0.02948415
0.9836607
(356.5, 20.2, 2.8)
quadrotor0
-0.02552091
0.1757583
0.02948415
0.9836607
(356.5, 20.2, 2.8)
quadrotor0
-0.02552091
0.1757583
0.02948415
0.9836607
(356.5, 20.2, 2.8)
quadrotor0
-0.02552091
0.1757583
0.02948415
0.9836607
(356.5, 20.2, 2.8)
quadrotor0
-0.02552091
0.1757583
0.02948415
0.9836607
(356.5, 20.2, 2.8)
quadrotor0
-0.02552091
0.1757583
0.02948415
0.9836607
(356.5, 20.2, 2.8)
quadrotor0
-0.02552091
0.1757583
0.02948415
0.9836607
(356.5, 20.2, 2.8)
quadrotor0
-0.02552091
0.1757583
0.02948415
0.9836607
(356.5, 20.2, 2.8)
quadrotor0
-0.02552091
0.1757583
0.02948415
0.9836607
(356.5, 20.2, 2.8)
quadrotor0
-0.02552091
0.1757583
0.02948415
0.9836607
(356.5, 20.2, 2.8)
quadrotor0
-0.02552091
0.1757583
0.02948415
0.9836607
(356.5, 20.2, 2.8)
quadrotor0
-0.02552091
0.1757583
0.02948415
0.9836607
(356.5, 20.2, 2.8)
quadrotor0
-0.02552091
0.1757583
0.02948415
0.9836607
(356.5, 20.2, 2.8)
quadrotor0
-0.02552091
0.1757583
0.02948415
0.9836607
(356.5, 20.2, 2.8)
quadrotor0
-0.02552091
0.1757583
0.02948415
0.9836607
(356.5, 20.2, 2.8)
quadrotor0
-0.02552091
0.1757583
0.02948415
0.9836607
(356.5, 20.2, 2.8)
quadrotor0
-0.02552091
0.1757583
0.02948415
0.9836607
(356.5, 20.2, 2.8)
quadrotor0
-0.02552091
0.1757583
0.02948415
0.9836607
(356.5, 20.2, 2.8)
quadrotor0
-0.02552091
0.1757583
0.02948415
0.9836607
(356.5, 20.2, 2.8)
quadrotor0
-0.02552091
0.1757583
0.02948415
0.9836607
(356.5, 20.2, 2.8)
quadrotor0
-0.02552091
0.1757583
0.02948415
0.9836607
(356.5, 20.2, 2.8)
quadrotor0
-0.02552091
0.1757583
0.02948415
0.9836607
(356.5, 20.2, 2.8)
quadrotor0
-0.02552091
0.1757583
0.02948415
0.9836607
(356.5, 20.2, 2.8)
quadrotor0
-0.02552091
0.1757583
0.02948415
0.9836607
(356.5, 20.2, 2.8)
quadrotor0
-0.02552091
0.1757583
0.02948415
0.9836607
(356.5, 20.2, 2.8)
quadrotor0
-0.02552091
0.1757583
0.02948415
0.9836607
(356.5, 20.2, 2.8)
quadrotor0
-0.02552091
0.1757583
0.02948415
0.9836607
(356.5, 20.2, 2.8)
quadrotor0
-0.02552091
0.1757583
0.02948415
0.9836607
(356.5, 20.2, 2.8)
quadrotor0
-0.02552091
0.1757583
0.02948415
0.9836607
(356.5, 20.2, 2.8)
quadrotor0
-0.02552091
0.1757583
0.02948415
0.9836607
(356.5, 20.2, 2.8)
quadrotor0
-0.02552091
0.1757583
0.02948415
0.9836607
(356.5, 20.2, 2.8)
quadrotor0
-0.02552091
0.1757583
0.02948415
0.9836607
(356.5, 20.2, 2.8)
quadrotor0
-0.02552091
0.1757583
0.02948415
0.9836607
(356.5, 20.2, 2.8)
quadrotor0
-0.02552091
0.1757583
0.02948415
0.9836607
(356.5, 20.2, 2.8)
quadrotor0
-0.02552091
0.1757583
0.02948415
0.9836607
(356.5, 20.2, 2.8)
quadrotor0
-0.02552091
0.1757583
0.02948415
0.9836607
(356.5, 20.2, 2.8)
quadrotor0
-0.02552091
0.1757583
0.02948415
0.9836607
(356.5, 20.2, 2.8)
quadrotor0
-0.02552091
0.1757583
0.02948415
0.9836607
(356.5, 20.2, 2.8)
quadrotor0
-0.02552091
0.1757583
0.02948415
0.9836607
(356.5, 20.2, 2.8)
quadrotor0
-0.02552091
0.1757583
0.02948415
0.9836607
(356.5, 20.2, 2.8)
quadrotor0
-0.02552091
0.1757583
0.02948415
0.9836607
(356.5, 20.2, 2.8)
quadrotor0
-0.02552091
0.1757583
0.02948415
0.9836607
(356.5, 20.2, 2.8)
quadrotor0
-0.02552091
0.1757583
0.02948415
0.9836607
(356.5, 20.2, 2.8)
quadrotor0
-0.02552091
0.1757583
0.02948415
0.9836607
(356.5, 20.2, 2.8)
quadrotor0
-0.02552091
0.1757583
0.02948415
0.9836607
(356.5, 20.2, 2.8)
quadrotor0
-0.02552091
0.1757583
0.02948415
0.9836607
(356.5, 20.2, 2.8)
quadrotor0
-0.02552091
0.1757583
0.02948415
0.9836607
(356.5, 20.2, 2.8)
quadrotor0
-0.02552091
0.1757583
0.02948415
0.9836607
(356.5, 20.2, 2.8)
quadrotor0
-0.02552091
0.1757583
0.02948415
0.9836607
(356.5, 20.2, 2.8)
quadrotor0
-0.02552091
0.1757583
0.02948415
0.9836607
(356.5, 20.2, 2.8)
quadrotor0
-0.02552091
0.1757583
0.02948415
0.9836607
(356.5, 20.2, 2.8)
quadrotor0
-0.02552091
0.1757583
0.02948415
0.9836607
(356.5, 20.2, 2.8)
quadrotor0
-0.02552091
0.1757583
0.02948415
0.9836607
(356.5, 20.2, 2.8)
quadrotor0
-0.02552091
0.1757583
0.02948415
0.9836607
(356.5, 20.2, 2.8)
quadrotor0
-0.02552091
0.1757583
0.02948415
0.9836607
(356.5, 20.2, 2.8)
quadrotor0
-0.02552091
0.1757583
0.02948415
0.9836607
(356.5, 20.2, 2.8)
quadrotor0
-0.02552091
0.1757583
0.02948415
0.9836607
(356.5, 20.2, 2.8)
quadrotor0
-0.02552091
0.1757583
0.02948415
0.9836607
(356.5, 20.2, 2.8)
quadrotor0
-0.02552091
0.1757583
0.02948415
0.9836607
(356.5, 20.2, 2.8)
quadrotor0
-0.02552091
0.1757583
0.02948415
0.9836607
(356.5, 20.2, 2.8)
quadrotor0
-0.02552091
0.1757583
0.02948415
0.9836607
(356.5, 20.2, 2.8)
quadrotor0
-0.02552091
0.1757583
0.02948415
0.9836607
(356.5, 20.2, 2.8)
quadrotor0
-0.02552091
0.1757583
0.02948415
0.9836607
(356.5, 20.2, 2.8)
quadrotor0
-0.02552091
0.1757583
0.02948415
0.9836607
(356.5, 20.2, 2.8)
quadrotor0
-0.02552091
0.1757583
0.02948415
0.9836607
(356.5, 20.2, 2.8)
quadrotor0
-0.02552091
0.1757583
0.02948415
0.9836607
(356.5, 20.2, 2.8)
quadrotor0
-0.02552091
0.1757583
0.02948415
0.9836607
(356.5, 20.2, 2.8)
quadrotor0
-0.02552091
0.1757583
0.02948415
0.9836607
(356.5, 20.2, 2.8)
quadrotor0
-0.02552091
0.1757583
0.02948415
0.9836607
(356.5, 20.2, 2.8)
quadrotor0
-0.02552091
0.1757583
0.02948415
0.9836607
(356.5, 20.2, 2.8)
quadrotor0
-0.02552091
0.1757583
0.02948415
0.9836607
(356.5, 20.2, 2.8)
quadrotor0
-0.02552091
0.1757583
0.02948415
0.9836607
(356.5, 20.2, 2.8)
quadrotor0
-0.02552091
0.1757583
0.02948415
0.9836607
(356.5, 20.2, 2.8)
quadrotor0
-0.02552091
0.1757583
0.02948415
0.9836607
(356.5, 20.2, 2.8)
quadrotor0
-0.02552091
0.1757583
0.02948415
0.9836607
(356.5, 20.2, 2.8)
quadrotor0
-0.02552091
0.1757583
0.02948415
0.9836607
(356.5, 20.2, 2.8)
quadrotor0
-0.02552091
0.1757583
0.02948415
0.9836607
(356.5, 20.2, 2.8)
quadrotor0
-0.02552091
0.1757583
0.02948415
0.9836607
(356.5, 20.2, 2.8)
quadrotor0
-0.02552091
0.1757583
0.02948415
0.9836607
(356.5, 20.2, 2.8)
quadrotor0
-0.02552091
0.1757583
0.02948415
0.9836607
(356.5, 20.2, 2.8)
quadrotor0
-0.02552091
0.1757583
0.02948415
0.9836607
(356.5, 20.2, 2.8)
quadrotor0
-0.02552091
0.1757583
0.02948415
0.9836607
(356.5, 20.2, 2.8)
quadrotor0
-0.02552091
0.1757583
0.02948415
0.9836607
(356.5, 20.2, 2.8)
quadrotor0
-0.02552091
0.1757583
0.02948415
0.9836607
(356.5, 20.2, 2.8)
quadrotor0
-0.02552091
0.1757583
0.02948415
0.9836607
(356.5, 20.2, 2.8)
quadrotor0
-0.02552091
0.1757583
0.02948415
0.9836607
(356.5, 20.2, 2.8)
quadrotor0
-0.02552091
0.1757583
0.02948415
0.9836607
(356.5, 20.2, 2.8)
quadrotor0
-0.02552091
0.1757583
0.02948415
0.9836607
(356.5, 20.2, 2.8)
quadrotor0
-0.02552091
0.1757583
0.02948415
0.9836607
(356.5, 20.2, 2.8)
quadrotor0
-0.02552091
0.1757583
0.02948415
0.9836607
(356.5, 20.2, 2.8)
quadrotor0
-0.02552091
0.1757583
0.02948415
0.9836607
(356.5, 20.2, 2.8)
quadrotor0
-0.02552091
0.1757583
0.02948415
0.9836607
(356.5, 20.2, 2.8)
quadrotor0
-0.02552091
0.1757583
0.02948415
0.9836607
(356.5, 20.2, 2.8)
quadrotor0
-0.02552091
0.1757583
0.02948415
0.9836607
(356.5, 20.2, 2.8)
quadrotor0
-0.02552091
0.1757583
0.02948415
0.9836607
(356.5, 20.2, 2.8)
quadrotor0
-0.02552091
0.1757583
0.02948415
0.9836607
(356.5, 20.2, 2.8)
quadrotor0
-0.02552091
0.1757583
0.02948415
0.9836607
(356.5, 20.2, 2.8)
quadrotor0
-0.02552091
0.1757583
0.02948415
0.9836607
(356.5, 20.2, 2.8)
quadrotor0
-0.02552091
0.1757583
0.02948415
0.9836607
(356.5, 20.2, 2.8)
quadrotor0
-0.02552091
0.1757583
0.02948415
0.9836607
(356.5, 20.2, 2.8)
quadrotor0
-0.02552091
0.1757583
0.02948415
0.9836607
(356.5, 20.2, 2.8)
quadrotor0
-0.02552091
0.1757583
0.02948415
0.9836607
(356.5, 20.2, 2.8)
quadrotor0
-0.02552091
0.1757583
0.02948415
0.9836607
(356.5, 20.2, 2.8)
quadrotor0
-0.02552091
0.1757583
0.02948415
0.9836607
(356.5, 20.2, 2.8)
quadrotor0
-0.02552091
0.1757583
0.02948415
0.9836607
(356.5, 20.2, 2.8)
quadrotor0
-0.02552091
0.1757583
0.02948415
0.9836607
(356.5, 20.2, 2.8)
quadrotor0
-0.02552091
0.1757583
0.02948415
0.9836607
(356.5, 20.2, 2.8)
quadrotor0
-0.02552091
0.1757583
0.02948415
0.9836607
(356.5, 20.2, 2.8)
quadrotor0
-0.02552091
0.1757583
0.02948415
0.9836607
(356.5, 20.2, 2.8)
quadrotor0
-0.02552091
0.1757583
0.02948415
0.9836607
(356.5, 20.2, 2.8)
quadrotor0
-0.02552091
0.1757583
0.02948415
0.9836607
(356.5, 20.2, 2.8)
quadrotor0
-0.02552091
0.1757583
0.02948415
0.9836607
(356.5, 20.2, 2.8)
quadrotor0
-0.02552091
0.1757583
0.02948415
0.9836607
(356.5, 20.2, 2.8)
quadrotor0
-0.02552091
0.1757583
0.02948415
0.9836607
(356.5, 20.2, 2.8)
quadrotor0
-0.02552091
0.1757583
0.02948415
0.9836607
(356.5, 20.2, 2.8)
quadrotor0
-0.02552091
0.1757583
0.02948415
0.9836607
(356.5, 20.2, 2.8)
quadrotor0
-0.02552091
0.1757583
0.02948415
0.9836607
(356.5, 20.2, 2.8)
quadrotor0
-0.02552091
0.1757583
0.02948415
0.9836607
(356.5, 20.2, 2.8)
quadrotor0
-0.02552091
0.1757583
0.02948415
0.9836607
(356.5, 20.2, 2.8)
quadrotor0
-0.02552091
0.1757583
0.02948415
0.9836607
(356.5, 20.2, 2.8)
quadrotor0
-0.02552091
0.1757583
0.02948415
0.9836607
(356.5, 20.2, 2.8)
quadrotor0
-0.02552091
0.1757583
0.02948415
0.9836607
(356.5, 20.2, 2.8)
quadrotor0
-0.02552091
0.1757583
0.02948415
0.9836607
(356.5, 20.2, 2.8)
quadrotor0
-0.02552091
0.1757583
0.02948415
0.9836607
(356.5, 20.2, 2.8)
quadrotor0
-0.02552091
0.1757583
0.02948415
0.9836607
(356.5, 20.2, 2.8)
quadrotor0
-0.02552091
0.1757583
0.02948415
0.9836607
(356.5, 20.2, 2.8)
quadrotor0
-0.02552091
0.1757583
0.02948415
0.9836607
(356.5, 20.2, 2.8)
quadrotor0
-0.02552091
0.1757583
0.02948415
0.9836607
(356.5, 20.2, 2.8)
quadrotor0
-0.02552091
0.1757583
0.02948415
0.9836607
(356.5, 20.2, 2.8)
quadrotor0
-0.02552091
0.1757583
0.02948415
0.9836607
(356.5, 20.2, 2.8)
quadrotor0
-0.02552091
0.1757583
0.02948415
0.9836607
(356.5, 20.2, 2.8)
quadrotor0
-0.02552091
0.1757583
0.02948415
0.9836607
(356.5, 20.2, 2.8)
quadrotor0
-0.02552091
0.1757583
0.02948415
0.9836607
(356.5, 20.2, 2.8)
quadrotor0
-0.02552091
0.1757583
0.02948415
0.9836607
(356.5, 20.2, 2.8)
quadrotor0
-0.02552091
0.1757583
0.02948415
0.9836607
(356.5, 20.2, 2.8)
quadrotor0
-0.02552091
0.1757583
0.02948415
0.9836607
(356.5, 20.2, 2.8)
quadrotor0
-0.02552091
0.1757583
0.02948415
0.9836607
(356.5, 20.2, 2.8)
quadrotor0
-0.02552091
0.1757583
0.02948415
0.9836607
(356.5, 20.2, 2.8)
quadrotor0
-0.02552091
0.1757583
0.02948415
0.9836607
(356.5, 20.2, 2.8)
quadrotor0
-0.02552091
0.1757583
0.02948415
0.9836607
(356.5, 20.2, 2.8)
quadrotor0
-0.02552091
0.1757583
0.02948415
0.9836607
(356.5, 20.2, 2.8)
quadrotor0
-0.02552091
0.1757583
0.02948415
0.9836607
(356.5, 20.2, 2.8)
quadrotor0
-0.02552091
0.1757583
0.02948415
0.9836607
(356.5, 20.2, 2.8)
quadrotor0
-0.02552091
0.1757583
0.02948415
0.9836607
(356.5, 20.2, 2.8)
quadrotor0
-0.02552091
0.1757583
0.02948415
0.9836607
(356.5, 20.2, 2.8)
quadrotor0
-0.02552091
0.1757583
0.02948415
0.9836607
(356.5, 20.2, 2.8)
quadrotor0
-0.02552091
0.1757583
0.02948415
0.9836607
(356.5, 20.2, 2.8)
quadrotor0
-0.02552091
0.1757583
0.02948415
0.9836607
(356.5, 20.2, 2.8)
quadrotor0
-0.02552091
0.1757583
0.02948415
0.9836607
(356.5, 20.2, 2.8)
quadrotor0
-0.02552091
0.1757583
0.02948415
0.9836607
(356.5, 20.2, 2.8)
quadrotor0
-0.02552091
0.1757583
0.02948415
0.9836607
(356.5, 20.2, 2.8)
quadrotor0
-0.02552091
0.1757583
0.02948415
0.9836607
(356.5, 20.2, 2.8)
quadrotor0
-0.02552091
0.1757583
0.02948415
0.9836607
(356.5, 20.2, 2.8)
quadrotor0
-0.02552091
0.1757583
0.02948415
0.9836607
(356.5, 20.2, 2.8)
quadrotor0
-0.02552091
0.1757583
0.02948415
0.9836607
(356.5, 20.2, 2.8)
quadrotor0
-0.02552091
0.1757583
0.02948415
0.9836607
(356.5, 20.2, 2.8)
quadrotor0
-0.02552091
0.1757583
0.02948415
0.9836607
(356.5, 20.2, 2.8)
quadrotor0
-0.02552091
0.1757583
0.02948415
0.9836607
(356.5, 20.2, 2.8)
quadrotor0
-0.02552091
0.1757583
0.02948415
0.9836607
(356.5, 20.2, 2.8)
quadrotor0
-0.02552091
0.1757583
0.02948415
0.9836607
(356.5, 20.2, 2.8)
quadrotor0
-0.02552091
0.1757583
0.02948415
0.9836607
(356.5, 20.2, 2.8)
quadrotor0
-0.02552091
0.1757583
0.02948415
0.9836607
(356.5, 20.2, 2.8)
quadrotor0
-0.02552091
0.1757583
0.02948415
0.9836607
(356.5, 20.2, 2.8)
quadrotor0
-0.02552091
0.1757583
0.02948415
0.9836607
(356.5, 20.2, 2.8)
quadrotor0
-0.02552091
0.1757583
0.02948415
0.9836607
(356.5, 20.2, 2.8)
quadrotor0
-0.02552091
0.1757583
0.02948415
0.9836607
(356.5, 20.2, 2.8)
quadrotor0
-0.02552091
0.1757583
0.02948415
0.9836607
(356.5, 20.2, 2.8)
quadrotor0
-0.02552091
0.1757583
0.02948415
0.9836607
(356.5, 20.2, 2.8)
quadrotor0
-0.02552091
0.1757583
0.02948415
0.9836607
(356.5, 20.2, 2.8)
quadrotor0
-0.02552091
0.1757583
0.02948415
0.9836607
(356.5, 20.2, 2.8)
quadrotor0
-0.02552091
0.1757583
0.02948415
0.9836607
(356.5, 20.2, 2.8)
quadrotor0
-0.02552091
0.1757583
0.02948415
0.9836607
(356.5, 20.2, 2.8)
quadrotor0
-0.02552091
0.1757583
0.02948415
0.9836607
(356.5, 20.2, 2.8)
quadrotor0
-0.02552091
0.1757583
0.02948415
0.9836607
(356.5, 20.2, 2.8)
quadrotor0
-0.02552091
0.1757583
0.02948415
0.9836607
(356.5, 20.2, 2.8)
quadrotor0
-0.02552091
0.1757583
0.02948415
0.9836607
(356.5, 20.2, 2.8)
quadrotor0
-0.02552091
0.1757583
0.02948415
0.9836607
(356.5, 20.2, 2.8)
quadrotor0
-0.02552091
0.1757583
0.02948415
0.9836607
(356.5, 20.2, 2.8)
quadrotor0
-0.02552091
0.1757583
0.02948415
0.9836607
(356.5, 20.2, 2.8)
quadrotor0
-0.02552091
0.1757583
0.02948415
0.9836607
(356.5, 20.2, 2.8)
quadrotor0
-0.02552091
0.1757583
0.02948415
0.9836607
(356.5, 20.2, 2.8)
quadrotor0
-0.02552091
0.1757583
0.02948415
0.9836607
(356.5, 20.2, 2.8)
quadrotor0
-0.02552091
0.1757583
0.02948415
0.9836607
(356.5, 20.2, 2.8)
quadrotor0
-0.02552091
0.1757583
0.02948415
0.9836607
(356.5, 20.2, 2.8)
quadrotor0
-0.02552091
0.1757583
0.02948415
0.9836607
(356.5, 20.2, 2.8)
quadrotor0
-0.02552091
0.1757583
0.02948415
0.9836607
(356.5, 20.2, 2.8)
quadrotor0
-0.02552091
0.1757583
0.02948415
0.9836607
(356.5, 20.2, 2.8)
quadrotor0
-0.02552091
0.1757583
0.02948415
0.9836607
(356.5, 20.2, 2.8)
quadrotor0
-0.02552091
0.1757583
0.02948415
0.9836607
(356.5, 20.2, 2.8)
quadrotor0
-0.02552091
0.1757583
0.02948415
0.9836607
(356.5, 20.2, 2.8)
quadrotor0
-0.02552091
0.1757583
0.02948415
0.9836607
(356.5, 20.2, 2.8)
quadrotor0
-0.02552091
0.1757583
0.02948415
0.9836607
(356.5, 20.2, 2.8)
quadrotor0
-0.02552091
0.1757583
0.02948415
0.9836607
(356.5, 20.2, 2.8)
quadrotor0
-0.02552091
0.1757583
0.02948415
0.9836607
(356.5, 20.2, 2.8)
quadrotor0
-0.02552091
0.1757583
0.02948415
0.9836607
(356.5, 20.2, 2.8)
quadrotor0
-0.02552091
0.1757583
0.02948415
0.9836607
(356.5, 20.2, 2.8)
quadrotor0
-0.02552091
0.1757583
0.02948415
0.9836607
(356.5, 20.2, 2.8)
quadrotor0
-0.02552091
0.1757583
0.02948415
0.9836607
(356.5, 20.2, 2.8)
quadrotor0
-0.02552091
0.1757583
0.02948415
0.9836607
(356.5, 20.2, 2.8)
quadrotor0
-0.02552091
0.1757583
0.02948415
0.9836607
(356.5, 20.2, 2.8)
quadrotor0
-0.02552091
0.1757583
0.02948415
0.9836607
(356.5, 20.2, 2.8)
quadrotor0
-0.02552091
0.1757583
0.02948415
0.9836607
(356.5, 20.2, 2.8)
quadrotor0
-0.02552091
0.1757583
0.02948415
0.9836607
(356.5, 20.2, 2.8)
quadrotor0
-0.02552091
0.1757583
0.02948415
0.9836607
(356.5, 20.2, 2.8)
quadrotor0
-0.02552091
0.1757583
0.02948415
0.9836607
(356.5, 20.2, 2.8)
quadrotor0
-0.02552091
0.1757583
0.02948415
0.9836607
(356.5, 20.2, 2.8)
quadrotor0
-0.02552091
0.1757583
0.02948415
0.9836607
(356.5, 20.2, 2.8)
quadrotor0
-0.02552091
0.1757583
0.02948415
0.9836607
(356.5, 20.2, 2.8)
quadrotor0
-0.02552091
0.1757583
0.02948415
0.9836607
(356.5, 20.2, 2.8)
quadrotor0
-0.02552091
0.1757583
0.02948415
0.9836607
(356.5, 20.2, 2.8)
quadrotor0
-0.02552091
0.1757583
0.02948415
0.9836607
(356.5, 20.2, 2.8)
quadrotor0
-0.02552091
0.1757583
0.02948415
0.9836607
(356.5, 20.2, 2.8)
quadrotor0
-0.02552091
0.1757583
0.02948415
0.9836607
(356.5, 20.2, 2.8)
quadrotor0
-0.02552091
0.1757583
0.02948415
0.9836607
(356.5, 20.2, 2.8)
quadrotor0
-0.02552091
0.1757583
0.02948415
0.9836607
(356.5, 20.2, 2.8)
quadrotor0
-0.02552091
0.1757583
0.02948415
0.9836607
(356.5, 20.2, 2.8)
quadrotor0
-0.02552091
0.1757583
0.02948415
0.9836607
(356.5, 20.2, 2.8)
quadrotor0
-0.02552091
0.1757583
0.02948415
0.9836607
(356.5, 20.2, 2.8)
quadrotor0
-0.02552091
0.1757583
0.02948415
0.9836607
(356.5, 20.2, 2.8)
quadrotor0
-0.02552091
0.1757583
0.02948415
0.9836607
(356.5, 20.2, 2.8)
quadrotor0
-0.02552091
0.1757583
0.02948415
0.9836607
(356.5, 20.2, 2.8)
quadrotor0
-0.02552091
0.1757583
0.02948415
0.9836607
(356.5, 20.2, 2.8)
quadrotor0
-0.02552091
0.1757583
0.02948415
0.9836607
(356.5, 20.2, 2.8)
quadrotor0
-0.02552091
0.1757583
0.02948415
0.9836607
(356.5, 20.2, 2.8)
quadrotor0
-0.02552091
0.1757583
0.02948415
0.9836607
(356.5, 20.2, 2.8)
quadrotor0
-0.02552091
0.1757583
0.02948415
0.9836607
(356.5, 20.2, 2.8)
quadrotor0
-0.02552091
0.1757583
0.02948415
0.9836607
(356.5, 20.2, 2.8)
quadrotor0
-0.02552091
0.1757583
0.02948415
0.9836607
(356.5, 20.2, 2.8)
quadrotor0
-0.02552091
0.1757583
0.02948415
0.9836607
(356.5, 20.2, 2.8)
quadrotor0
-0.02552091
0.1757583
0.02948415
0.9836607
(356.5, 20.2, 2.8)
quadrotor0
-0.02552091
0.1757583
0.02948415
0.9836607
(356.5, 20.2, 2.8)
quadrotor0
-0.02552091
0.1757583
0.02948415
0.9836607
(356.5, 20.2, 2.8)
quadrotor0
-0.02552091
0.1757583
0.02948415
0.9836607
(356.5, 20.2, 2.8)
quadrotor0
-0.02552091
0.1757583
0.02948415
0.9836607
(356.5, 20.2, 2.8)
quadrotor0
-0.02552091
0.1757583
0.02948415
0.9836607
(356.5, 20.2, 2.8)
quadrotor0
-0.02552091
0.1757583
0.02948415
0.9836607
(356.5, 20.2, 2.8)
quadrotor0
-0.02552091
0.1757583
0.02948415
0.9836607
(356.5, 20.2, 2.8)
quadrotor0
-0.02552091
0.1757583
0.02948415
0.9836607
(356.5, 20.2, 2.8)
quadrotor0
-0.02552091
0.1757583
0.02948415
0.9836607
(356.5, 20.2, 2.8)
quadrotor0
-0.02552091
0.1757583
0.02948415
0.9836607
(356.5, 20.2, 2.8)
quadrotor0
-0.02552091
0.1757583
0.02948415
0.9836607
(356.5, 20.2, 2.8)
quadrotor0
-0.02552091
0.1757583
0.02948415
0.9836607
(356.5, 20.2, 2.8)
quadrotor0
-0.02552091
0.1757583
0.02948415
0.9836607
(356.5, 20.2, 2.8)
quadrotor0
-0.02552091
0.1757583
0.02948415
0.9836607
(356.5, 20.2, 2.8)
quadrotor0
-0.02552091
0.1757583
0.02948415
0.9836607
(356.5, 20.2, 2.8)
quadrotor0
-0.02552091
0.1757583
0.02948415
0.9836607
(356.5, 20.2, 2.8)
quadrotor0
-0.02552091
0.1757583
0.02948415
0.9836607
(356.5, 20.2, 2.8)
quadrotor0
-0.02552091
0.1757583
0.02948415
0.9836607
(356.5, 20.2, 2.8)
quadrotor0
-0.02552091
0.1757583
0.02948415
0.9836607
(356.5, 20.2, 2.8)
quadrotor0
-0.02552091
0.1757583
0.02948415
0.9836607
(356.5, 20.2, 2.8)
quadrotor0
-0.02552091
0.1757583
0.02948415
0.9836607
(356.5, 20.2, 2.8)
quadrotor0
-0.02552091
0.1757583
0.02948415
0.9836607
(356.5, 20.2, 2.8)
quadrotor0
-0.02552091
0.1757583
0.02948415
0.9836607
(356.5, 20.2, 2.8)
quadrotor0
-0.02552091
0.1757583
0.02948415
0.9836607
(356.5, 20.2, 2.8)
quadrotor0
-0.02552091
0.1757583
0.02948415
0.9836607
(356.5, 20.2, 2.8)
quadrotor0
-0.02552091
0.1757583
0.02948415
0.9836607
(356.5, 20.2, 2.8)
quadrotor0
-0.02552091
0.1757583
0.02948415
0.9836607
(356.5, 20.2, 2.8)
quadrotor0
-0.02552091
0.1757583
0.02948415
0.9836607
(356.5, 20.2, 2.8)
quadrotor0
-0.02552091
0.1757583
0.02948415
0.9836607
(356.5, 20.2, 2.8)
quadrotor0
-0.02552091
0.1757583
0.02948415
0.9836607
(356.5, 20.2, 2.8)
quadrotor0
-0.02552091
0.1757583
0.02948415
0.9836607
(356.5, 20.2, 2.8)
quadrotor0
-0.02552091
0.1757583
0.02948415
0.9836607
(356.5, 20.2, 2.8)
quadrotor0
-0.02552091
0.1757583
0.02948415
0.9836607
(356.5, 20.2, 2.8)
quadrotor0
-0.02552091
0.1757583
0.02948415
0.9836607
(356.5, 20.2, 2.8)
quadrotor0
-0.02552091
0.1757583
0.02948415
0.9836607
(356.5, 20.2, 2.8)
quadrotor0
-0.02552091
0.1757583
0.02948415
0.9836607
(356.5, 20.2, 2.8)
quadrotor0
-0.02552091
0.1757583
0.02948415
0.9836607
(356.5, 20.2, 2.8)
quadrotor0
-0.02552091
0.1757583
0.02948415
0.9836607
(356.5, 20.2, 2.8)
quadrotor0
-0.02552091
0.1757583
0.02948415
0.9836607
(356.5, 20.2, 2.8)
quadrotor0
-0.02552091
0.1757583
0.02948415
0.9836607
(356.5, 20.2, 2.8)
quadrotor0
-0.02552091
0.1757583
0.02948415
0.9836607
(356.5, 20.2, 2.8)
quadrotor0
-0.02552091
0.1757583
0.02948415
0.9836607
(356.5, 20.2, 2.8)
quadrotor0
-0.02552091
0.1757583
0.02948415
0.9836607
(356.5, 20.2, 2.8)
quadrotor0
-0.02552091
0.1757583
0.02948415
0.9836607
(356.5, 20.2, 2.8)
quadrotor0
-0.02552091
0.1757583
0.02948415
0.9836607
(356.5, 20.2, 2.8)
quadrotor0
-0.02552091
0.1757583
0.02948415
0.9836607
(356.5, 20.2, 2.8)
quadrotor0
-0.02552091
0.1757583
0.02948415
0.9836607
(356.5, 20.2, 2.8)
quadrotor0
-0.02552091
0.1757583
0.02948415
0.9836607
(356.5, 20.2, 2.8)
quadrotor0
-0.02552091
0.1757583
0.02948415
0.9836607
(356.5, 20.2, 2.8)
quadrotor0
-0.02552091
0.1757583
0.02948415
0.9836607
(356.5, 20.2, 2.8)
quadrotor0
-0.02552091
0.1757583
0.02948415
0.9836607
(356.5, 20.2, 2.8)
quadrotor0
-0.02552091
0.1757583
0.02948415
0.9836607
(356.5, 20.2, 2.8)
quadrotor0
-0.02552091
0.1757583
0.02948415
0.9836607
(356.5, 20.2, 2.8)
quadrotor0
-0.02552091
0.1757583
0.02948415
0.9836607
(356.5, 20.2, 2.8)
quadrotor0
-0.02552091
0.1757583
0.02948415
0.9836607
(356.5, 20.2, 2.8)
quadrotor0
-0.02552091
0.1757583
0.02948415
0.9836607
(356.5, 20.2, 2.8)
quadrotor0
-0.02552091
0.1757583
0.02948415
0.9836607
(356.5, 20.2, 2.8)
quadrotor0
-0.02552091
0.1757583
0.02948415
0.9836607
(356.5, 20.2, 2.8)
quadrotor0
-0.02552091
0.1757583
0.02948415
0.9836607
(356.5, 20.2, 2.8)
quadrotor0
-0.02552091
0.1757583
0.02948415
0.9836607
(356.5, 20.2, 2.8)
quadrotor0
-0.02552091
0.1757583
0.02948415
0.9836607
(356.5, 20.2, 2.8)
quadrotor0
-0.02552091
0.1757583
0.02948415
0.9836607
(356.5, 20.2, 2.8)
quadrotor0
-0.02552091
0.1757583
0.02948415
0.9836607
(356.5, 20.2, 2.8)
quadrotor0
-0.02552091
0.1757583
0.02948415
0.9836607
(356.5, 20.2, 2.8)
quadrotor0
-0.02552091
0.1757583
0.02948415
0.9836607
(356.5, 20.2, 2.8)
quadrotor0
-0.02552091
0.1757583
0.02948415
0.9836607
(356.5, 20.2, 2.8)
quadrotor0
-0.02552091
0.1757583
0.02948415
0.9836607
(356.5, 20.2, 2.8)
quadrotor0
-0.02552091
0.1757583
0.02948415
0.9836607
(356.5, 20.2, 2.8)
quadrotor0
-0.02552091
0.1757583
0.02948415
0.9836607
(356.5, 20.2, 2.8)
quadrotor0
-0.02552091
0.1757583
0.02948415
0.9836607
(356.5, 20.2, 2.8)
quadrotor0
-0.02552091
0.1757583
0.02948415
0.9836607
(356.5, 20.2, 2.8)
quadrotor0
-0.02552091
0.1757583
0.02948415
0.9836607
(356.5, 20.2, 2.8)
quadrotor0
-0.02552091
0.1757583
0.02948415
0.9836607
(356.5, 20.2, 2.8)
quadrotor0
-0.02552091
0.1757583
0.02948415
0.9836607
(356.5, 20.2, 2.8)
quadrotor0
-0.02552091
0.1757583
0.02948415
0.9836607
(356.5, 20.2, 2.8)
quadrotor0
-0.02552091
0.1757583
0.02948415
0.9836607
(356.5, 20.2, 2.8)
quadrotor0
-0.02552091
0.1757583
0.02948415
0.9836607
(356.5, 20.2, 2.8)
quadrotor0
-0.02552091
0.1757583
0.02948415
0.9836607
(356.5, 20.2, 2.8)
quadrotor0
-0.02552091
0.1757583
0.02948415
0.9836607
(356.5, 20.2, 2.8)
quadrotor0
-0.02552091
0.1757583
0.02948415
0.9836607
(356.5, 20.2, 2.8)
quadrotor0
-0.02552091
0.1757583
0.02948415
0.9836607
(356.5, 20.2, 2.8)
quadrotor0
-0.02552091
0.1757583
0.02948415
0.9836607
(356.5, 20.2, 2.8)
quadrotor0
-0.02552091
0.1757583
0.02948415
0.9836607
(356.5, 20.2, 2.8)
quadrotor0
-0.02552091
0.1757583
0.02948415
0.9836607
(356.5, 20.2, 2.8)
quadrotor0
-0.02552091
0.1757583
0.02948415
0.9836607
(356.5, 20.2, 2.8)
quadrotor0
-0.02552091
0.1757583
0.02948415
0.9836607
(356.5, 20.2, 2.8)
quadrotor0
-0.02552091
0.1757583
0.02948415
0.9836607
(356.5, 20.2, 2.8)
quadrotor0
-0.02552091
0.1757583
0.02948415
0.9836607
(356.5, 20.2, 2.8)
quadrotor0
-0.02552091
0.1757583
0.02948415
0.9836607
(356.5, 20.2, 2.8)
quadrotor0
-0.02552091
0.1757583
0.02948415
0.9836607
(356.5, 20.2, 2.8)
quadrotor0
-0.02552091
0.1757583
0.02948415
0.9836607
(356.5, 20.2, 2.8)
quadrotor0
-0.02552091
0.1757583
0.02948415
0.9836607
(356.5, 20.2, 2.8)
quadrotor0
-0.02552091
0.1757583
0.02948415
0.9836607
(356.5, 20.2, 2.8)
quadrotor0
-0.02552091
0.1757583
0.02948415
0.9836607
(356.5, 20.2, 2.8)
quadrotor0
-0.02552091
0.1757583
0.02948415
0.9836607
(356.5, 20.2, 2.8)
quadrotor0
-0.02552091
0.1757583
0.02948415
0.9836607
(356.5, 20.2, 2.8)
quadrotor0
-0.02552091
0.1757583
0.02948415
0.9836607
(356.5, 20.2, 2.8)
quadrotor0
-0.02552091
0.1757583
0.02948415
0.9836607
(356.5, 20.2, 2.8)
quadrotor0
-0.02552091
0.1757583
0.02948415
0.9836607
(356.5, 20.2, 2.8)
quadrotor0
-0.02552091
0.1757583
0.02948415
0.9836607
(356.5, 20.2, 2.8)
quadrotor0
-0.02552091
0.1757583
0.02948415
0.9836607
(356.5, 20.2, 2.8)
quadrotor0
-0.02552091
0.1757583
0.02948415
0.9836607
(356.5, 20.2, 2.8)
quadrotor0
-0.02552091
0.1757583
0.02948415
0.9836607
(356.5, 20.2, 2.8)
quadrotor0
-0.02552091
0.1757583
0.02948415
0.9836607
(356.5, 20.2, 2.8)
quadrotor0
-0.02552091
0.1757583
0.02948415
0.9836607
(356.5, 20.2, 2.8)
quadrotor0
-0.02552091
0.1757583
0.02948415
0.9836607
(356.5, 20.2, 2.8)
quadrotor0
-0.02552091
0.1757583
0.02948415
0.9836607
(356.5, 20.2, 2.8)
quadrotor0
-0.02552091
0.1757583
0.02948415
0.9836607
(356.5, 20.2, 2.8)
quadrotor0
-0.02552091
0.1757583
0.02948415
0.9836607
(356.5, 20.2, 2.8)
quadrotor0
-0.02552091
0.1757583
0.02948415
0.9836607
(356.5, 20.2, 2.8)
quadrotor0
-0.02552091
0.1757583
0.02948415
0.9836607
(356.5, 20.2, 2.8)
quadrotor0
-0.02552091
0.1757583
0.02948415
0.9836607
(356.5, 20.2, 2.8)
quadrotor0
-0.02552091
0.1757583
0.02948415
0.9836607
(356.5, 20.2, 2.8)
quadrotor0
-0.02552091
0.1757583
0.02948415
0.9836607
(356.5, 20.2, 2.8)
quadrotor0
-0.02552091
0.1757583
0.02948415
0.9836607
(356.5, 20.2, 2.8)
quadrotor0
-0.02552091
0.1757583
0.02948415
0.9836607
(356.5, 20.2, 2.8)
quadrotor0
-0.02552091
0.1757583
0.02948415
0.9836607
(356.5, 20.2, 2.8)
quadrotor0
-0.02552091
0.1757583
0.02948415
0.9836607
(356.5, 20.2, 2.8)
quadrotor0
-0.02552091
0.1757583
0.02948415
0.9836607
(356.5, 20.2, 2.8)
quadrotor0
-0.02552091
0.1757583
0.02948415
0.9836607
(356.5, 20.2, 2.8)
quadrotor0
-0.02552091
0.1757583
0.02948415
0.9836607
(356.5, 20.2, 2.8)
quadrotor0
-0.02552091
0.1757583
0.02948415
0.9836607
(356.5, 20.2, 2.8)
quadrotor0
-0.02552091
0.1757583
0.02948415
0.9836607
(356.5, 20.2, 2.8)
quadrotor0
-0.02552091
0.1757583
0.02948415
0.9836607
(356.5, 20.2, 2.8)
quadrotor0
-0.02552091
0.1757583
0.02948415
0.9836607
(356.5, 20.2, 2.8)
quadrotor0
-0.02552091
0.1757583
0.02948415
0.9836607
(356.5, 20.2, 2.8)
quadrotor0
-0.02552091
0.1757583
0.02948415
0.9836607
(356.5, 20.2, 2.8)
quadrotor0
-0.02552091
0.1757583
0.02948415
0.9836607
(356.5, 20.2, 2.8)
quadrotor0
-0.02552091
0.1757583
0.02948415
0.9836607
(356.5, 20.2, 2.8)
quadrotor0
-0.02552091
0.1757583
0.02948415
0.9836607
(356.5, 20.2, 2.8)
quadrotor0
-0.02552091
0.1757583
0.02948415
0.9836607
(356.5, 20.2, 2.8)
quadrotor0
-0.02552091
0.1757583
0.02948415
0.9836607
(356.5, 20.2, 2.8)
quadrotor0
-0.02552091
0.1757583
0.02948415
0.9836607
(356.5, 20.2, 2.8)
quadrotor0
-0.02552091
0.1757583
0.02948415
0.9836607
(356.5, 20.2, 2.8)
quadrotor0
-0.02552091
0.1757583
0.02948415
0.9836607
(356.5, 20.2, 2.8)
quadrotor0
-0.02552091
0.1757583
0.02948415
0.9836607
(356.5, 20.2, 2.8)
quadrotor0
-0.02552091
0.1757583
0.02948415
0.9836607
(356.5, 20.2, 2.8)
quadrotor0
-0.02552091
0.1757583
0.02948415
0.9836607
(356.5, 20.2, 2.8)
quadrotor0
-0.02552091
0.1757583
0.02948415
0.9836607
(356.5, 20.2, 2.8)
quadrotor0
-0.02552091
0.1757583
0.02948415
0.9836607
(356.5, 20.2, 2.8)
quadrotor0
-0.02552091
0.1757583
0.02948415
0.9836607
(356.5, 20.2, 2.8)
quadrotor0
-0.02552091
0.1757583
0.02948415
0.9836607
(356.5, 20.2, 2.8)
quadrotor0
-0.02552091
0.1757583
0.02948415
0.9836607
(356.5, 20.2, 2.8)
quadrotor0
-0.02552091
0.1757583
0.02948415
0.9836607
(356.5, 20.2, 2.8)
quadrotor0
-0.02552091
0.1757583
0.02948415
0.9836607
(356.5, 20.2, 2.8)
quadrotor0
-0.02552091
0.1757583
0.02948415
0.9836607
(356.5, 20.2, 2.8)
quadrotor0
-0.02552091
0.1757583
0.02948415
0.9836607
(356.5, 20.2, 2.8)
quadrotor0
-0.02552091
0.1757583
0.02948415
0.9836607
(356.5, 20.2, 2.8)
quadrotor0
-0.02552091
0.1757583
0.02948415
0.9836607
(356.5, 20.2, 2.8)
quadrotor0
-0.02552091
0.1757583
0.02948415
0.9836607
(356.5, 20.2, 2.8)
quadrotor0
-0.02552091
0.1757583
0.02948415
0.9836607
(356.5, 20.2, 2.8)
quadrotor0
-0.02552091
0.1757583
0.02948415
0.9836607
(356.5, 20.2, 2.8)
quadrotor0
-0.02552091
0.1757583
0.02948415
0.9836607
(356.5, 20.2, 2.8)
quadrotor0
-0.02552091
0.1757583
0.02948415
0.9836607
(356.5, 20.2, 2.8)
quadrotor0
-0.02552091
0.1757583
0.02948415
0.9836607
(356.5, 20.2, 2.8)
quadrotor0
-0.02552091
0.1757583
0.02948415
0.9836607
(356.5, 20.2, 2.8)
quadrotor0
-0.02552091
0.1757583
0.02948415
0.9836607
(356.5, 20.2, 2.8)
quadrotor0
-0.02552091
0.1757583
0.02948415
0.9836607
(356.5, 20.2, 2.8)
quadrotor0
-0.02552091
0.1757583
0.02948415
0.9836607
(356.5, 20.2, 2.8)
quadrotor0
-0.02552091
0.1757583
0.02948415
0.9836607
(356.5, 20.2, 2.8)
quadrotor0
-0.02552091
0.1757583
0.02948415
0.9836607
(356.5, 20.2, 2.8)
quadrotor0
-0.02552091
0.1757583
0.02948415
0.9836607
(356.5, 20.2, 2.8)
quadrotor0
-0.02552091
0.1757583
0.02948415
0.9836607
(356.5, 20.2, 2.8)
quadrotor0
-0.02552091
0.1757583
0.02948415
0.9836607
(356.5, 20.2, 2.8)
quadrotor0
-0.02552091
0.1757583
0.02948415
0.9836607
(356.5, 20.2, 2.8)
quadrotor0
-0.02552091
0.1757583
0.02948415
0.9836607
(356.5, 20.2, 2.8)
quadrotor0
-0.02552091
0.1757583
0.02948415
0.9836607
(356.5, 20.2, 2.8)
quadrotor0
-0.02552091
0.1757583
0.02948415
0.9836607
(356.5, 20.2, 2.8)
quadrotor0
-0.02552091
0.1757583
0.02948415
0.9836607
(356.5, 20.2, 2.8)
quadrotor0
-0.02552091
0.1757583
0.02948415
0.9836607
(356.5, 20.2, 2.8)
quadrotor0
-0.02552091
0.1757583
0.02948415
0.9836607
(356.5, 20.2, 2.8)
quadrotor0
-0.02552091
0.1757583
0.02948415
0.9836607
(356.5, 20.2, 2.8)
quadrotor0
-0.02552091
0.1757583
0.02948415
0.9836607
(356.5, 20.2, 2.8)
quadrotor0
-0.02552091
0.1757583
0.02948415
0.9836607
(356.5, 20.2, 2.8)
quadrotor0
-0.02552091
0.1757583
0.02948415
0.9836607
(356.5, 20.2, 2.8)
quadrotor0
-0.02552091
0.1757583
0.02948415
0.9836607
(356.5, 20.2, 2.8)
quadrotor0
-0.02552091
0.1757583
0.02948415
0.9836607
(356.5, 20.2, 2.8)
quadrotor0
-0.02552091
0.1757583
0.02948415
0.9836607
(356.5, 20.2, 2.8)
quadrotor0
-0.02552091
0.1757583
0.02948415
0.9836607
(356.5, 20.2, 2.8)
quadrotor0
-0.02552091
0.1757583
0.02948415
0.9836607
(356.5, 20.2, 2.8)
quadrotor0
-0.02552091
0.1757583
0.02948415
0.9836607
(356.5, 20.2, 2.8)
quadrotor0
-0.02552091
0.1757583
0.02948415
0.9836607
(356.5, 20.2, 2.8)
quadrotor0
-0.02552091
0.1757583
0.02948415
0.9836607
(356.5, 20.2, 2.8)
quadrotor0
-0.02552091
0.1757583
0.02948415
0.9836607
(356.5, 20.2, 2.8)
quadrotor0
-0.02552091
0.1757583
0.02948415
0.9836607
(356.5, 20.2, 2.8)
quadrotor0
-0.02552091
0.1757583
0.02948415
0.9836607
(356.5, 20.2, 2.8)
quadrotor0
-0.02552091
0.1757583
0.02948415
0.9836607
(356.5, 20.2, 2.8)
quadrotor0
-0.02552091
0.1757583
0.02948415
0.9836607
(356.5, 20.2, 2.8)
quadrotor0
-0.02552091
0.1757583
0.02948415
0.9836607
(356.5, 20.2, 2.8)
quadrotor0
-0.02552091
0.1757583
0.02948415
0.9836607
(356.5, 20.2, 2.8)
quadrotor0
-0.02552091
0.1757583
0.02948415
0.9836607
(356.5, 20.2, 2.8)
quadrotor0
-0.02552091
0.1757583
0.02948415
0.9836607
(356.5, 20.2, 2.8)
quadrotor0
-0.02552091
0.1757583
0.02948415
0.9836607
(356.5, 20.2, 2.8)
quadrotor0
-0.02552091
0.1757583
0.02948415
0.9836607
(356.5, 20.2, 2.8)
quadrotor0
-0.02552091
0.1757583
0.02948415
0.9836607
(356.5, 20.2, 2.8)
quadrotor0
-0.02552091
0.1757583
0.02948415
0.9836607
(356.5, 20.2, 2.8)
quadrotor0
-0.02552091
0.1757583
0.02948415
0.9836607
(356.5, 20.2, 2.8)
quadrotor0
-0.02552091
0.1757583
0.02948415
0.9836607
(356.5, 20.2, 2.8)
quadrotor0
-0.02552091
0.1757583
0.02948415
0.9836607
(356.5, 20.2, 2.8)
quadrotor0
-0.02552091
0.1757583
0.02948415
0.9836607
(356.5, 20.2, 2.8)
quadrotor0
-0.02552091
0.1757583
0.02948415
0.9836607
(356.5, 20.2, 2.8)
quadrotor0
-0.02552091
0.1757583
0.02948415
0.9836607
(356.5, 20.2, 2.8)
quadrotor0
-0.02552091
0.1757583
0.02948415
0.9836607
(356.5, 20.2, 2.8)
quadrotor0
-0.02552091
0.1757583
0.02948415
0.9836607
(356.5, 20.2, 2.8)
quadrotor0
-0.02552091
0.1757583
0.02948415
0.9836607
(356.5, 20.2, 2.8)
quadrotor0
-0.02552091
0.1757583
0.02948415
0.9836607
(356.5, 20.2, 2.8)
quadrotor0
-0.02552091
0.1757583
0.02948415
0.9836607
(356.5, 20.2, 2.8)
quadrotor0
-0.02552091
0.1757583
0.02948416
0.9836607
(356.5, 20.2, 2.8)
quadrotor0
-0.02552091
0.1757583
0.02948416
0.9836607
(356.5, 20.2, 2.8)
quadrotor0
-0.02552091
0.1757583
0.02948415
0.9836607
(356.5, 20.2, 2.8)
quadrotor0
-0.02552091
0.1757583
0.02948415
0.9836607
(356.5, 20.2, 2.8)
quadrotor0
-0.02552091
0.1757583
0.02948415
0.9836607
(356.5, 20.2, 2.8)
quadrotor0
-0.02552091
0.1757583
0.02948415
0.9836607
(356.5, 20.2, 2.8)
quadrotor0
-0.02552091
0.1757583
0.02948415
0.9836607
(356.5, 20.2, 2.8)
quadrotor0
-0.02552091
0.1757583
0.02948415
0.9836607
(356.5, 20.2, 2.8)
quadrotor0
-0.02552091
0.1757583
0.02948415
0.9836607
(356.5, 20.2, 2.8)
quadrotor0
-0.02552091
0.1757583
0.02948415
0.9836607
(356.5, 20.2, 2.8)
quadrotor0
-0.02552091
0.1757583
0.02948415
0.9836607
(356.5, 20.2, 2.8)
quadrotor0
-0.02552091
0.1757583
0.02948415
0.9836607
(356.5, 20.2, 2.8)
quadrotor0
-0.02552091
0.1757583
0.02948415
0.9836607
(356.5, 20.2, 2.8)
quadrotor0
-0.02552091
0.1757583
0.02948415
0.9836607
(356.5, 20.2, 2.8)
quadrotor0
-0.02552091
0.1757583
0.02948415
0.9836607
(356.5, 20.2, 2.8)
quadrotor0
-0.02552091
0.1757583
0.02948415
0.9836607
(356.5, 20.2, 2.8)
quadrotor0
-0.02552091
0.1757583
0.02948415
0.9836607
(356.5, 20.2, 2.8)
quadrotor0
-0.02552091
0.1757583
0.02948415
0.9836607
(356.5, 20.2, 2.8)
quadrotor0
-0.02552091
0.1757583
0.02948415
0.9836607
(356.5, 20.2, 2.8)
quadrotor0
-0.02552091
0.1757583
0.02948415
0.9836607
(356.5, 20.2, 2.8)
quadrotor0
-0.02552091
0.1757583
0.02948415
0.9836607
(356.5, 20.2, 2.8)
quadrotor0
-0.02552091
0.1757583
0.02948415
0.9836607
(356.5, 20.2, 2.8)
quadrotor0
-0.02552091
0.1757583
0.02948415
0.9836607
(356.5, 20.2, 2.8)
quadrotor0
-0.02552091
0.1757583
0.02948415
0.9836607
(356.5, 20.2, 2.8)
quadrotor0
-0.02552091
0.1757583
0.02948415
0.9836607
(356.5, 20.2, 2.8)
quadrotor0
-0.02552091
0.1757583
0.02948415
0.9836607
(356.5, 20.2, 2.8)
quadrotor0
-0.02552091
0.1757583
0.02948415
0.9836607
(356.5, 20.2, 2.8)
quadrotor0
-0.02552091
0.1757583
0.02948415
0.9836607
(356.5, 20.2, 2.8)
quadrotor0
-0.02552091
0.1757583
0.02948415
0.9836607
(356.5, 20.2, 2.8)
quadrotor0
-0.02552091
0.1757583
0.02948415
0.9836607
(356.5, 20.2, 2.8)
quadrotor0
-0.02552091
0.1757583
0.02948415
0.9836607
(356.5, 20.2, 2.8)
quadrotor0
-0.02552091
0.1757583
0.02948415
0.9836607
(356.5, 20.2, 2.8)
quadrotor0
-0.02552091
0.1757583
0.02948415
0.9836607
(356.5, 20.2, 2.8)
quadrotor0
-0.02552091
0.1757583
0.02948415
0.9836607
(356.5, 20.2, 2.8)
quadrotor0
-0.02552091
0.1757583
0.02948415
0.9836607
(356.5, 20.2, 2.8)
quadrotor0
-0.02552091
0.1757583
0.02948415
0.9836607
(356.5, 20.2, 2.8)
quadrotor0
-0.02552091
0.1757583
0.02948415
0.9836607
(356.5, 20.2, 2.8)
quadrotor0
-0.02552091
0.1757583
0.02948415
0.9836607
(356.5, 20.2, 2.8)
quadrotor0
-0.02552091
0.1757583
0.02948415
0.9836607
(356.5, 20.2, 2.8)
quadrotor0
-0.02552091
0.1757583
0.02948415
0.9836607
(356.5, 20.2, 2.8)
quadrotor0
-0.02552091
0.1757583
0.02948415
0.9836607
(356.5, 20.2, 2.8)
quadrotor0
-0.02552091
0.1757583
0.02948415
0.9836607
(356.5, 20.2, 2.8)
quadrotor0
-0.02552091
0.1757583
0.02948415
0.9836607
(356.5, 20.2, 2.8)
quadrotor0
-0.02552091
0.1757583
0.02948415
0.9836607
(356.5, 20.2, 2.8)
quadrotor0
-0.02552091
0.1757583
0.02948415
0.9836607
(356.5, 20.2, 2.8)
quadrotor0
-0.02552091
0.1757583
0.02948415
0.9836607
(356.5, 20.2, 2.8)
quadrotor0
-0.02552091
0.1757583
0.02948415
0.9836607
(356.5, 20.2, 2.8)
quadrotor0
-0.02552091
0.1757583
0.02948415
0.9836607
(356.5, 20.2, 2.8)
quadrotor0
-0.02552091
0.1757583
0.02948415
0.9836607
(356.5, 20.2, 2.8)
quadrotor0
-0.02552091
0.1757583
0.02948415
0.9836607
(356.5, 20.2, 2.8)
quadrotor0
-0.02552091
0.1757583
0.02948415
0.9836607
(356.5, 20.2, 2.8)
quadrotor0
-0.02552091
0.1757583
0.02948415
0.9836607
(356.5, 20.2, 2.8)
quadrotor0
-0.02552091
0.1757583
0.02948415
0.9836607
(356.5, 20.2, 2.8)
quadrotor0
-0.02552091
0.1757583
0.02948415
0.9836607
(356.5, 20.2, 2.8)
quadrotor0
-0.02552091
0.1757583
0.02948415
0.9836607
(356.5, 20.2, 2.8)
quadrotor0
-0.02552091
0.1757583
0.02948415
0.9836607
(356.5, 20.2, 2.8)
quadrotor0
-0.02552091
0.1757583
0.02948415
0.9836607
(356.5, 20.2, 2.8)
quadrotor0
-0.02552091
0.1757583
0.02948415
0.9836607
(356.5, 20.2, 2.8)
quadrotor0
-0.02552091
0.1757583
0.02948415
0.9836607
(356.5, 20.2, 2.8)
quadrotor0
-0.02552091
0.1757583
0.02948415
0.9836607
(356.5, 20.2, 2.8)
quadrotor0
-0.02552091
0.1757583
0.02948415
0.9836607
(356.5, 20.2, 2.8)
quadrotor0
-0.02552091
0.1757583
0.02948415
0.9836607
(356.5, 20.2, 2.8)
quadrotor0
-0.02552091
0.1757583
0.02948415
0.9836607
(356.5, 20.2, 2.8)
quadrotor0
-0.02552091
0.1757583
0.02948415
0.9836607
(356.5, 20.2, 2.8)
quadrotor0
-0.02552091
0.1757583
0.02948415
0.9836607
(356.5, 20.2, 2.8)
quadrotor0
-0.02552091
0.1757583
0.02948415
0.9836607
(356.5, 20.2, 2.8)
quadrotor0
-0.02552091
0.1757583
0.02948415
0.9836607
(356.5, 20.2, 2.8)
quadrotor0
-0.02552091
0.1757583
0.02948415
0.9836607
(356.5, 20.2, 2.8)
quadrotor0
-0.02552091
0.1757583
0.02948415
0.9836607
(356.5, 20.2, 2.8)
quadrotor0
-0.02552091
0.1757583
0.02948415
0.9836607
(356.5, 20.2, 2.8)
quadrotor0
-0.02552091
0.1757583
0.02948415
0.9836607
(356.5, 20.2, 2.8)
quadrotor0
-0.02552091
0.1757583
0.02948415
0.9836607
(356.5, 20.2, 2.8)
quadrotor0
-0.02552091
0.1757583
0.02948415
0.9836607
(356.5, 20.2, 2.8)
quadrotor0
-0.02552091
0.1757583
0.02948415
0.9836607
(356.5, 20.2, 2.8)
quadrotor0
-0.02552091
0.1757583
0.02948415
0.9836607
(356.5, 20.2, 2.8)
quadrotor0
-0.02552091
0.1757583
0.02948415
0.9836607
(356.5, 20.2, 2.8)
quadrotor0
-0.02552091
0.1757583
0.02948415
0.9836607
(356.5, 20.2, 2.8)
quadrotor0
-0.02552091
0.1757583
0.02948415
0.9836607
(356.5, 20.2, 2.8)
quadrotor0
-0.02552091
0.1757583
0.02948415
0.9836607
(356.5, 20.2, 2.8)
quadrotor0
-0.02552091
0.1757583
0.02948415
0.9836607
(356.5, 20.2, 2.8)
quadrotor0
-0.02552091
0.1757583
0.02948415
0.9836607
(356.5, 20.2, 2.8)
quadrotor0
-0.02552091
0.1757583
0.02948415
0.9836607
(356.5, 20.2, 2.8)
quadrotor0
-0.02552091
0.1757583
0.02948415
0.9836607
(356.5, 20.2, 2.8)
quadrotor0
-0.02552091
0.1757583
0.02948415
0.9836607
(356.5, 20.2, 2.8)
quadrotor0
-0.02552091
0.1757583
0.02948415
0.9836607
(356.5, 20.2, 2.8)
quadrotor0
-0.02552091
0.1757583
0.02948415
0.9836607
(356.5, 20.2, 2.8)
quadrotor0
-0.02552091
0.1757583
0.02948415
0.9836607
(356.5, 20.2, 2.8)
quadrotor0
-0.02552091
0.1757583
0.02948415
0.9836607
(356.5, 20.2, 2.8)
quadrotor0
-0.02552091
0.1757583
0.02948415
0.9836607
(356.5, 20.2, 2.8)
quadrotor0
-0.02552091
0.1757583
0.02948415
0.9836607
(356.5, 20.2, 2.8)
quadrotor0
-0.02552091
0.1757583
0.02948415
0.9836607
(356.5, 20.2, 2.8)
quadrotor0
-0.02552091
0.1757583
0.02948415
0.9836607
(356.5, 20.2, 2.8)
quadrotor0
-0.02552091
0.1757583
0.02948415
0.9836607
(356.5, 20.2, 2.8)
quadrotor0
-0.02552091
0.1757583
0.02948415
0.9836607
(356.5, 20.2, 2.8)
quadrotor0
-0.02552091
0.1757583
0.02948415
0.9836607
(356.5, 20.2, 2.8)
quadrotor0
-0.02552091
0.1757583
0.02948415
0.9836607
(356.5, 20.2, 2.8)
quadrotor0
-0.02552091
0.1757583
0.02948415
0.9836607
(356.5, 20.2, 2.8)
quadrotor0
-0.02552091
0.1757583
0.02948415
0.9836607
(356.5, 20.2, 2.8)
quadrotor0
-0.02552091
0.1757583
0.02948415
0.9836607
(356.5, 20.2, 2.8)
quadrotor0
-0.02552091
0.1757583
0.02948415
0.9836607
(356.5, 20.2, 2.8)
quadrotor0
-0.02552091
0.1757583
0.02948415
0.9836607
(356.5, 20.2, 2.8)
quadrotor0
-0.02552091
0.1757583
0.02948415
0.9836607
(356.5, 20.2, 2.8)
quadrotor0
-0.02552091
0.1757583
0.02948415
0.9836607
(356.5, 20.2, 2.8)
quadrotor0
-0.02552091
0.1757583
0.02948415
0.9836607
(356.5, 20.2, 2.8)
quadrotor0
-0.02552091
0.1757583
0.02948415
0.9836607
(356.5, 20.2, 2.8)
quadrotor0
-0.02552091
0.1757583
0.02948415
0.9836607
(356.5, 20.2, 2.8)
quadrotor0
-0.02552091
0.1757583
0.02948415
0.9836607
(356.5, 20.2, 2.8)
quadrotor0
-0.02552091
0.1757583
0.02948415
0.9836607
(356.5, 20.2, 2.8)
quadrotor0
-0.02552091
0.1757583
0.02948415
0.9836607
(356.5, 20.2, 2.8)
quadrotor0
-0.02552091
0.1757583
0.02948415
0.9836607
(356.5, 20.2, 2.8)
quadrotor0
-0.02552091
0.1757583
0.02948415
0.9836607
(356.5, 20.2, 2.8)
quadrotor0
-0.02552091
0.1757583
0.02948415
0.9836607
(356.5, 20.2, 2.8)
quadrotor0
-0.02552091
0.1757583
0.02948415
0.9836607
(356.5, 20.2, 2.8)
quadrotor0
-0.02552091
0.1757583
0.02948415
0.9836607
(356.5, 20.2, 2.8)
quadrotor0
-0.02552091
0.1757583
0.02948415
0.9836607
(356.5, 20.2, 2.8)
quadrotor0
-0.02552091
0.1757583
0.02948415
0.9836607
(356.5, 20.2, 2.8)
quadrotor0
-0.02552091
0.1757583
0.02948415
0.9836607
(356.5, 20.2, 2.8)
quadrotor0
-0.02552091
0.1757583
0.02948415
0.9836607
(356.5, 20.2, 2.8)
quadrotor0
-0.02552091
0.1757583
0.02948415
0.9836607
(356.5, 20.2, 2.8)
quadrotor0
-0.02552091
0.1757583
0.02948415
0.9836607
(356.5, 20.2, 2.8)
quadrotor0
-0.02552091
0.1757583
0.02948415
0.9836607
(356.5, 20.2, 2.8)
quadrotor0
-0.02552091
0.1757583
0.02948415
0.9836607
(356.5, 20.2, 2.8)
quadrotor0
-0.02552091
0.1757583
0.02948415
0.9836607
(356.5, 20.2, 2.8)
quadrotor0
-0.02552091
0.1757583
0.02948415
0.9836607
(356.5, 20.2, 2.8)
quadrotor0
-0.02552091
0.1757583
0.02948415
0.9836607
(356.5, 20.2, 2.8)
quadrotor0
-0.02552091
0.1757583
0.02948415
0.9836607
(356.5, 20.2, 2.8)
quadrotor0
-0.02552091
0.1757583
0.02948415
0.9836607
(356.5, 20.2, 2.8)
quadrotor0
-0.02552091
0.1757583
0.02948415
0.9836607
(356.5, 20.2, 2.8)
quadrotor0
-0.02552091
0.1757583
0.02948415
0.9836607
(356.5, 20.2, 2.8)
quadrotor0
-0.02552091
0.1757583
0.02948416
0.9836607
(356.5, 20.2, 2.8)
quadrotor0
-0.02552091
0.1757583
0.02948415
0.9836607
(356.5, 20.2, 2.8)
quadrotor0
-0.02552091
0.1757583
0.02948415
0.9836607
(356.5, 20.2, 2.8)
quadrotor0
-0.02552091
0.1757583
0.02948415
0.9836607
(356.5, 20.2, 2.8)
quadrotor0
-0.02552091
0.1757583
0.02948415
0.9836607
(356.5, 20.2, 2.8)
quadrotor0
-0.02552091
0.1757583
0.02948415
0.9836607
(356.5, 20.2, 2.8)
quadrotor0
-0.02552091
0.1757583
0.02948415
0.9836607
(356.5, 20.2, 2.8)
quadrotor0
-0.02552091
0.1757583
0.02948415
0.9836607
(356.5, 20.2, 2.8)
quadrotor0
-0.02552091
0.1757583
0.02948415
0.9836607
(356.5, 20.2, 2.8)
quadrotor0
-0.02552091
0.1757583
0.02948415
0.9836607
(356.5, 20.2, 2.8)
quadrotor0
-0.02552091
0.1757583
0.02948415
0.9836607
(356.5, 20.2, 2.8)
quadrotor0
-0.02552091
0.1757583
0.02948415
0.9836607
(356.5, 20.2, 2.8)
quadrotor0
-0.02552091
0.1757583
0.02948415
0.9836607
(356.5, 20.2, 2.8)
quadrotor0
-0.02552091
0.1757583
0.02948415
0.9836607
(356.5, 20.2, 2.8)
quadrotor0
-0.02552091
0.1757583
0.02948415
0.9836607
(356.5, 20.2, 2.8)
quadrotor0
-0.02552091
0.1757583
0.02948415
0.9836607
(356.5, 20.2, 2.8)
quadrotor0
-0.02552091
0.1757583
0.02948415
0.9836607
(356.5, 20.2, 2.8)
quadrotor0
-0.02552091
0.1757583
0.02948415
0.9836607
(356.5, 20.2, 2.8)
quadrotor0
-0.02552091
0.1757583
0.02948415
0.9836607
(356.5, 20.2, 2.8)
quadrotor0
-0.02552091
0.1757583
0.02948415
0.9836607
(356.5, 20.2, 2.8)
quadrotor0
-0.02552091
0.1757583
0.02948415
0.9836607
(356.5, 20.2, 2.8)
quadrotor0
-0.02552091
0.1757583
0.02948415
0.9836607
(356.5, 20.2, 2.8)
quadrotor0
-0.02552091
0.1757583
0.02948415
0.9836607
(356.5, 20.2, 2.8)
quadrotor0
-0.02552091
0.1757583
0.02948415
0.9836607
(356.5, 20.2, 2.8)
quadrotor0
-0.02552091
0.1757583
0.02948415
0.9836607
(356.5, 20.2, 2.8)
quadrotor0
-0.02552091
0.1757583
0.02948415
0.9836607
(356.5, 20.2, 2.8)
quadrotor0
-0.02552091
0.1757583
0.02948415
0.9836607
(356.5, 20.2, 2.8)
quadrotor0
-0.02552091
0.1757583
0.02948415
0.9836607
(356.5, 20.2, 2.8)
quadrotor0
-0.02552091
0.1757583
0.02948415
0.9836607
(356.5, 20.2, 2.8)
quadrotor0
-0.02552091
0.1757583
0.02948415
0.9836607
(356.5, 20.2, 2.8)
quadrotor0
-0.02552091
0.1757583
0.02948415
0.9836607
(356.5, 20.2, 2.8)
quadrotor0
-0.02552091
0.1757583
0.02948415
0.9836607
(356.5, 20.2, 2.8)
quadrotor0
-0.02552091
0.1757583
0.02948415
0.9836607
(356.5, 20.2, 2.8)
quadrotor0
-0.02552091
0.1757583
0.02948415
0.9836607
(356.5, 20.2, 2.8)
quadrotor0
-0.02552091
0.1757583
0.02948415
0.9836607
(356.5, 20.2, 2.8)
quadrotor0
-0.02552091
0.1757583
0.02948415
0.9836607
(356.5, 20.2, 2.8)
quadrotor0
-0.02552091
0.1757583
0.02948415
0.9836607
(356.5, 20.2, 2.8)
quadrotor0
-0.02552091
0.1757583
0.02948415
0.9836607
(356.5, 20.2, 2.8)
quadrotor0
-0.02552091
0.1757583
0.02948415
0.9836607
(356.5, 20.2, 2.8)
quadrotor0
-0.02552091
0.1757583
0.02948415
0.9836607
(356.5, 20.2, 2.8)
quadrotor0
-0.02552091
0.1757583
0.02948415
0.9836607
(356.5, 20.2, 2.8)
quadrotor0
-0.02552091
0.1757583
0.02948415
0.9836607
(356.5, 20.2, 2.8)
quadrotor0
-0.02552091
0.1757583
0.02948415
0.9836607
(356.5, 20.2, 2.8)
quadrotor0
-0.02552091
0.1757583
0.02948415
0.9836607
(356.5, 20.2, 2.8)
quadrotor0
-0.02552091
0.1757583
0.02948415
0.9836607
(356.5, 20.2, 2.8)
quadrotor0
-0.02552091
0.1757583
0.02948415
0.9836607
(356.5, 20.2, 2.8)
quadrotor0
-0.02552091
0.1757583
0.02948415
0.9836607
(356.5, 20.2, 2.8)
quadrotor0
-0.02552091
0.1757583
0.02948415
0.9836607
(356.5, 20.2, 2.8)
quadrotor0
-0.02552091
0.1757583
0.02948415
0.9836607
(356.5, 20.2, 2.8)
quadrotor0
-0.02552091
0.1757583
0.02948415
0.9836607
(356.5, 20.2, 2.8)
quadrotor0
-0.02552091
0.1757583
0.02948415
0.9836607
(356.5, 20.2, 2.8)
quadrotor0
-0.02552091
0.1757583
0.02948415
0.9836607
(356.5, 20.2, 2.8)
quadrotor0
-0.02552091
0.1757583
0.02948415
0.9836607
(356.5, 20.2, 2.8)
quadrotor0
-0.02552091
0.1757583
0.02948415
0.9836607
(356.5, 20.2, 2.8)
quadrotor0
-0.02552091
0.1757583
0.02948415
0.9836607
(356.5, 20.2, 2.8)
quadrotor0
-0.02552091
0.1757583
0.02948415
0.9836607
(356.5, 20.2, 2.8)
quadrotor0
-0.02552091
0.1757583
0.02948415
0.9836607
(356.5, 20.2, 2.8)
quadrotor0
-0.02552091
0.1757583
0.02948415
0.9836607
(356.5, 20.2, 2.8)
quadrotor0
-0.02552091
0.1757583
0.02948415
0.9836607
(356.5, 20.2, 2.8)
quadrotor0
-0.02552091
0.1757583
0.02948415
0.9836607
(356.5, 20.2, 2.8)
quadrotor0
-0.02552091
0.1757583
0.02948415
0.9836607
(356.5, 20.2, 2.8)
quadrotor0
-0.02552091
0.1757583
0.02948415
0.9836607
(356.5, 20.2, 2.8)
quadrotor0
-0.02552091
0.1757583
0.02948415
0.9836607
(356.5, 20.2, 2.8)
quadrotor0
-0.02552091
0.1757583
0.02948415
0.9836607
(356.5, 20.2, 2.8)
quadrotor0
-0.02552091
0.1757583
0.02948415
0.9836607
(356.5, 20.2, 2.8)
quadrotor0
-0.02552091
0.1757583
0.02948415
0.9836607
(356.5, 20.2, 2.8)
quadrotor0
-0.02552091
0.1757583
0.02948415
0.9836607
(356.5, 20.2, 2.8)
quadrotor0
-0.02552091
0.1757583
0.02948415
0.9836607
(356.5, 20.2, 2.8)
quadrotor0
-0.02552091
0.1757583
0.02948415
0.9836607
(356.5, 20.2, 2.8)
quadrotor0
-0.02552091
0.1757583
0.02948415
0.9836607
(356.5, 20.2, 2.8)
quadrotor0
-0.02552091
0.1757583
0.02948415
0.9836607
(356.5, 20.2, 2.8)
quadrotor0
-0.02552091
0.1757583
0.02948415
0.9836607
(356.5, 20.2, 2.8)
quadrotor0
-0.02552091
0.1757583
0.02948415
0.9836607
(356.5, 20.2, 2.8)
quadrotor0
-0.02552091
0.1757583
0.02948415
0.9836607
(356.5, 20.2, 2.8)
quadrotor0
-0.02552091
0.1757583
0.02948415
0.9836607
(356.5, 20.2, 2.8)
quadrotor0
-0.02552091
0.1757583
0.02948415
0.9836607
(356.5, 20.2, 2.8)
quadrotor0
-0.02552091
0.1757583
0.02948415
0.9836607
(356.5, 20.2, 2.8)
quadrotor0
-0.02552091
0.1757583
0.02948415
0.9836607
(356.5, 20.2, 2.8)
quadrotor0
-0.02552091
0.1757583
0.02948415
0.9836607
(356.5, 20.2, 2.8)
quadrotor0
-0.02552091
0.1757583
0.02948415
0.9836607
(356.5, 20.2, 2.8)
quadrotor0
-0.02552091
0.1757583
0.02948415
0.9836607
(356.5, 20.2, 2.8)
quadrotor0
-0.02552091
0.1757583
0.02948415
0.9836607
(356.5, 20.2, 2.8)
quadrotor0
-0.02552091
0.1757583
0.02948415
0.9836607
(356.5, 20.2, 2.8)
quadrotor0
-0.02552091
0.1757583
0.02948415
0.9836607
(356.5, 20.2, 2.8)
quadrotor0
-0.02552091
0.1757583
0.02948416
0.9836607
(356.5, 20.2, 2.8)
quadrotor0
-0.02552091
0.1757583
0.02948416
0.9836607
(356.5, 20.2, 2.8)
quadrotor0
-0.02552091
0.1757583
0.02948416
0.9836607
(356.5, 20.2, 2.8)
quadrotor0
-0.02552091
0.1757583
0.02948416
0.9836607
(356.5, 20.2, 2.8)
quadrotor0
-0.02552091
0.1757583
0.02948416
0.9836607
(356.5, 20.2, 2.8)
quadrotor0
-0.02552091
0.1757583
0.02948416
0.9836607
(356.5, 20.2, 2.8)
quadrotor0
-0.02552091
0.1757583
0.02948416
0.9836607
(356.5, 20.2, 2.8)
quadrotor0
-0.02552091
0.1757583
0.02948416
0.9836607
(356.5, 20.2, 2.8)
quadrotor0
-0.02552091
0.1757583
0.02948416
0.9836607
(356.5, 20.2, 2.8)
quadrotor0
-0.02552091
0.1757583
0.02948416
0.9836607
(356.5, 20.2, 2.8)
quadrotor0
-0.02552091
0.1757583
0.02948415
0.9836607
(356.5, 20.2, 2.8)
quadrotor0
-0.02552091
0.1757583
0.02948415
0.9836607
(356.5, 20.2, 2.8)
quadrotor0
-0.02552091
0.1757583
0.02948415
0.9836607
(356.5, 20.2, 2.8)
quadrotor0
-0.02552091
0.1757583
0.02948415
0.9836607
(356.5, 20.2, 2.8)
quadrotor0
-0.02552091
0.1757583
0.02948415
0.9836607
(356.5, 20.2, 2.8)
quadrotor0
-0.02552091
0.1757583
0.02948415
0.9836607
(356.5, 20.2, 2.8)
quadrotor0
-0.02552091
0.1757583
0.02948415
0.9836607
(356.5, 20.2, 2.8)
quadrotor0
-0.02552091
0.1757583
0.02948415
0.9836607
(356.5, 20.2, 2.8)
quadrotor0
-0.02552091
0.1757583
0.02948415
0.9836607
(356.5, 20.2, 2.8)
quadrotor0
-0.02552091
0.1757583
0.02948415
0.9836607
(356.5, 20.2, 2.8)
quadrotor0
-0.02552091
0.1757583
0.02948415
0.9836607
(356.5, 20.2, 2.8)
quadrotor0
-0.02552091
0.1757583
0.02948415
0.9836607
(356.5, 20.2, 2.8)
quadrotor0
-0.02552091
0.1757583
0.02948415
0.9836607
(356.5, 20.2, 2.8)
quadrotor0
-0.02552091
0.1757583
0.02948415
0.9836607
(356.5, 20.2, 2.8)
quadrotor0
-0.02552091
0.1757583
0.02948415
0.9836607
(356.5, 20.2, 2.8)
quadrotor0
-0.02552091
0.1757583
0.02948415
0.9836607
(356.5, 20.2, 2.8)
quadrotor0
-0.02552091
0.1757583
0.02948415
0.9836607
(356.5, 20.2, 2.8)
quadrotor0
-0.02552091
0.1757583
0.02948415
0.9836607
(356.5, 20.2, 2.8)
quadrotor0
-0.02552091
0.1757583
0.02948415
0.9836607
(356.5, 20.2, 2.8)
quadrotor0
-0.02552091
0.1757583
0.02948415
0.9836607
(356.5, 20.2, 2.8)
quadrotor0
-0.02552091
0.1757583
0.02948415
0.9836607
(356.5, 20.2, 2.8)
quadrotor0
-0.02552091
0.1757583
0.02948415
0.9836607
(356.5, 20.2, 2.8)
quadrotor0
-0.02552091
0.1757583
0.02948415
0.9836607
(356.5, 20.2, 2.8)
quadrotor0
-0.02552091
0.1757583
0.02948415
0.9836607
(356.5, 20.2, 2.8)
quadrotor0
-0.02552091
0.1757583
0.02948415
0.9836607
(356.5, 20.2, 2.8)
quadrotor0
-0.02552091
0.1757583
0.02948415
0.9836607
(356.5, 20.2, 2.8)
quadrotor0
-0.02552091
0.1757583
0.02948415
0.9836607
(356.5, 20.2, 2.8)
quadrotor0
-0.02552091
0.1757583
0.02948415
0.9836607
(356.5, 20.2, 2.8)
quadrotor0
-0.02552091
0.1757583
0.02948415
0.9836607
(356.5, 20.2, 2.8)
quadrotor0
-0.02552091
0.1757583
0.02948415
0.9836607
(356.5, 20.2, 2.8)
quadrotor0
-0.02552091
0.1757583
0.02948415
0.9836607
(356.5, 20.2, 2.8)
quadrotor0
-0.02552091
0.1757583
0.02948415
0.9836607
(356.5, 20.2, 2.8)
quadrotor0
-0.02552091
0.1757583
0.02948415
0.9836607
(356.5, 20.2, 2.8)
quadrotor0
-0.02552091
0.1757583
0.02948415
0.9836607
(356.5, 20.2, 2.8)
quadrotor0
-0.02552091
0.1757583
0.02948415
0.9836607
(356.5, 20.2, 2.8)
quadrotor0
-0.02552091
0.1757583
0.02948415
0.9836607
(356.5, 20.2, 2.8)
quadrotor0
-0.02552091
0.1757583
0.02948415
0.9836607
(356.5, 20.2, 2.8)
quadrotor0
-0.02552091
0.1757583
0.02948415
0.9836607
(356.5, 20.2, 2.8)
quadrotor0
-0.02552091
0.1757583
0.02948415
0.9836607
(356.5, 20.2, 2.8)
quadrotor0
-0.02552091
0.1757583
0.02948416
0.9836607
(356.5, 20.2, 2.8)
quadrotor0
-0.02552091
0.1757583
0.02948415
0.9836607
(356.5, 20.2, 2.8)
quadrotor0
-0.02552091
0.1757583
0.02948415
0.9836607
(356.5, 20.2, 2.8)
quadrotor0
-0.02552091
0.1757583
0.02948415
0.9836607
(356.5, 20.2, 2.8)
quadrotor0
-0.02552091
0.1757583
0.02948415
0.9836607
(356.5, 20.2, 2.8)
quadrotor0
-0.02552091
0.1757583
0.02948415
0.9836607
(356.5, 20.2, 2.8)
quadrotor0
-0.02552091
0.1757583
0.02948415
0.9836607
(356.5, 20.2, 2.8)
quadrotor0
-0.02552091
0.1757583
0.02948415
0.9836607
(356.5, 20.2, 2.8)
quadrotor0
-0.02552091
0.1757583
0.02948415
0.9836607
(356.5, 20.2, 2.8)
quadrotor0
-0.02552091
0.1757583
0.02948415
0.9836607
(356.5, 20.2, 2.8)
quadrotor0
-0.02552091
0.1757583
0.02948415
0.9836607
(356.5, 20.2, 2.8)
quadrotor0
-0.02552091
0.1757583
0.02948415
0.9836607
(356.5, 20.2, 2.8)
quadrotor0
-0.02552091
0.1757583
0.02948415
0.9836607
(356.5, 20.2, 2.8)
quadrotor0
-0.02552091
0.1757583
0.02948415
0.9836607
(356.5, 20.2, 2.8)
quadrotor0
-0.02552091
0.1757583
0.02948415
0.9836607
(356.5, 20.2, 2.8)
quadrotor0
-0.02552091
0.1757583
0.02948415
0.9836607
(356.5, 20.2, 2.8)
quadrotor0
-0.02552091
0.1757583
0.02948415
0.9836607
(356.5, 20.2, 2.8)
quadrotor0
-0.02552091
0.1757583
0.02948415
0.9836607
(356.5, 20.2, 2.8)
quadrotor0
-0.02552091
0.1757583
0.02948415
0.9836607
(356.5, 20.2, 2.8)
quadrotor0
-0.02552091
0.1757583
0.02948415
0.9836607
(356.5, 20.2, 2.8)
quadrotor0
-0.02552091
0.1757583
0.02948415
0.9836607
(356.5, 20.2, 2.8)
quadrotor0
-0.02552091
0.1757583
0.02948415
0.9836607
(356.5, 20.2, 2.8)
quadrotor0
-0.02552091
0.1757583
0.02948415
0.9836607
(356.5, 20.2, 2.8)
quadrotor0
-0.02552091
0.1757583
0.02948415
0.9836607
(356.5, 20.2, 2.8)
quadrotor0
-0.02552091
0.1757583
0.02948415
0.9836607
(356.5, 20.2, 2.8)
quadrotor0
-0.02552091
0.1757583
0.02948415
0.9836607
(356.5, 20.2, 2.8)
quadrotor0
-0.02552091
0.1757583
0.02948415
0.9836607
(356.5, 20.2, 2.8)
quadrotor0
-0.02552091
0.1757583
0.02948415
0.9836607
(356.5, 20.2, 2.8)
quadrotor0
-0.02552091
0.1757583
0.02948415
0.9836607
(356.5, 20.2, 2.8)
quadrotor0
-0.02552091
0.1757583
0.02948415
0.9836607
(356.5, 20.2, 2.8)
quadrotor0
-0.02552091
0.1757583
0.02948415
0.9836607
(356.5, 20.2, 2.8)
quadrotor0
-0.02552091
0.1757583
0.02948415
0.9836607
(356.5, 20.2, 2.8)
quadrotor0
-0.02552091
0.1757583
0.02948415
0.9836607
(356.5, 20.2, 2.8)
quadrotor0
-0.02552091
0.1757583
0.02948415
0.9836607
(356.5, 20.2, 2.8)
quadrotor0
-0.02552091
0.1757583
0.02948415
0.9836607
(356.5, 20.2, 2.8)
quadrotor0
-0.02552091
0.1757583
0.02948415
0.9836607
(356.5, 20.2, 2.8)
quadrotor0
-0.02552091
0.1757583
0.02948415
0.9836607
(356.5, 20.2, 2.8)
quadrotor0
-0.02552091
0.1757583
0.02948415
0.9836607
(356.5, 20.2, 2.8)
quadrotor0
-0.02552091
0.1757583
0.02948415
0.9836607
(356.5, 20.2, 2.8)
quadrotor0
-0.02552091
0.1757583
0.02948415
0.9836607
(356.5, 20.2, 2.8)
quadrotor0
-0.02552091
0.1757583
0.02948415
0.9836607
(356.5, 20.2, 2.8)
quadrotor0
-0.02552091
0.1757583
0.02948415
0.9836607
(356.5, 20.2, 2.8)
quadrotor0
-0.02552091
0.1757583
0.02948415
0.9836607
(356.5, 20.2, 2.8)
quadrotor0
-0.02552091
0.1757583
0.02948415
0.9836607
(356.5, 20.2, 2.8)
quadrotor0
-0.02552091
0.1757583
0.02948415
0.9836607
(356.5, 20.2, 2.8)
quadrotor0
-0.02552091
0.1757583
0.02948415
0.9836607
(356.5, 20.2, 2.8)
quadrotor0
-0.02552091
0.1757583
0.02948415
0.9836607
(356.5, 20.2, 2.8)
quadrotor0
-0.02552091
0.1757583
0.02948415
0.9836607
(356.5, 20.2, 2.8)
quadrotor0
-0.02552091
0.1757583
0.02948415
0.9836607
(356.5, 20.2, 2.8)
quadrotor0
-0.02552091
0.1757583
0.02948415
0.9836607
(356.5, 20.2, 2.8)
quadrotor0
-0.02552091
0.1757583
0.02948415
0.9836607
(356.5, 20.2, 2.8)
quadrotor0
-0.02552091
0.1757583
0.02948415
0.9836607
(356.5, 20.2, 2.8)
quadrotor0
-0.02552091
0.1757583
0.02948415
0.9836607
(356.5, 20.2, 2.8)
quadrotor0
-0.02552091
0.1757583
0.02948415
0.9836607
(356.5, 20.2, 2.8)
quadrotor0
-0.02552091
0.1757583
0.02948415
0.9836607
(356.5, 20.2, 2.8)
quadrotor0
-0.02552091
0.1757583
0.02948415
0.9836607
(356.5, 20.2, 2.8)
quadrotor0
-0.02552091
0.1757583
0.02948415
0.9836607
(356.5, 20.2, 2.8)
quadrotor0
-0.02552091
0.1757583
0.02948415
0.9836607
(356.5, 20.2, 2.8)
quadrotor0
-0.02552091
0.1757583
0.02948415
0.9836607
(356.5, 20.2, 2.8)
quadrotor0
-0.02552091
0.1757583
0.02948415
0.9836607
(356.5, 20.2, 2.8)
quadrotor0
-0.02552091
0.1757583
0.02948415
0.9836607
(356.5, 20.2, 2.8)
quadrotor0
-0.02552091
0.1757583
0.02948415
0.9836607
(356.5, 20.2, 2.8)
quadrotor0
-0.02552091
0.1757583
0.02948415
0.9836607
(356.5, 20.2, 2.8)
quadrotor0
-0.02552091
0.1757583
0.02948415
0.9836607
(356.5, 20.2, 2.8)
quadrotor0
-0.02552091
0.1757583
0.02948415
0.9836607
(356.5, 20.2, 2.8)
quadrotor0
-0.02552091
0.1757583
0.02948415
0.9836607
(356.5, 20.2, 2.8)
quadrotor0
-0.02552091
0.1757583
0.02948415
0.9836607
(356.5, 20.2, 2.8)
quadrotor0
-0.02552091
0.1757583
0.02948415
0.9836607
(356.5, 20.2, 2.8)
quadrotor0
-0.02552091
0.1757583
0.02948415
0.9836607
(356.5, 20.2, 2.8)
quadrotor0
-0.02552091
0.1757583
0.02948415
0.9836607
(356.5, 20.2, 2.8)
quadrotor0
-0.02552091
0.1757583
0.02948415
0.9836607
(356.5, 20.2, 2.8)
quadrotor0
-0.02552091
0.1757583
0.02948415
0.9836607
(356.5, 20.2, 2.8)
quadrotor0
-0.02552091
0.1757583
0.02948415
0.9836607
(356.5, 20.2, 2.8)
quadrotor0
-0.02552091
0.1757583
0.02948415
0.9836607
(356.5, 20.2, 2.8)
quadrotor0
-0.02552091
0.1757583
0.02948416
0.9836607
(356.5, 20.2, 2.8)
quadrotor0
-0.02552091
0.1757583
0.02948416
0.9836607
(356.5, 20.2, 2.8)
quadrotor0
-0.02552091
0.1757583
0.02948416
0.9836607
(356.5, 20.2, 2.8)
quadrotor0
-0.02552091
0.1757583
0.02948416
0.9836607
(356.5, 20.2, 2.8)
quadrotor0
-0.02552091
0.1757583
0.02948416
0.9836607
(356.5, 20.2, 2.8)
quadrotor0
-0.02552091
0.1757583
0.02948415
0.9836607
(356.5, 20.2, 2.8)
quadrotor0
-0.02552091
0.1757583
0.02948415
0.9836607
(356.5, 20.2, 2.8)
quadrotor0
-0.02552091
0.1757583
0.02948415
0.9836607
(356.5, 20.2, 2.8)
quadrotor0
-0.02552091
0.1757583
0.02948415
0.9836607
(356.5, 20.2, 2.8)
quadrotor0
-0.02552091
0.1757583
0.02948415
0.9836607
(356.5, 20.2, 2.8)
quadrotor0
-0.02552091
0.1757583
0.02948415
0.9836607
(356.5, 20.2, 2.8)
quadrotor0
-0.02552091
0.1757583
0.02948415
0.9836607
(356.5, 20.2, 2.8)
quadrotor0
-0.02552091
0.1757583
0.02948415
0.9836607
(356.5, 20.2, 2.8)
quadrotor0
-0.02552091
0.1757583
0.02948415
0.9836607
(356.5, 20.2, 2.8)
quadrotor0
-0.02552091
0.1757583
0.02948415
0.9836607
(356.5, 20.2, 2.8)
quadrotor0
-0.02552091
0.1757583
0.02948415
0.9836607
(356.5, 20.2, 2.8)
quadrotor0
-0.02552091
0.1757583
0.02948415
0.9836607
(356.5, 20.2, 2.8)
quadrotor0
-0.02552091
0.1757583
0.02948415
0.9836607
(356.5, 20.2, 2.8)
quadrotor0
-0.02552091
0.1757583
0.02948415
0.9836607
(356.5, 20.2, 2.8)
quadrotor0
-0.02552091
0.1757583
0.02948415
0.9836607
(356.5, 20.2, 2.8)
quadrotor0
-0.02552091
0.1757583
0.02948415
0.9836607
(356.5, 20.2, 2.8)
quadrotor0
-0.02552091
0.1757583
0.02948415
0.9836607
(356.5, 20.2, 2.8)
quadrotor0
-0.02552091
0.1757583
0.02948415
0.9836607
(356.5, 20.2, 2.8)
quadrotor0
-0.02552091
0.1757583
0.02948415
0.9836607
(356.5, 20.2, 2.8)
quadrotor0
-0.02552091
0.1757583
0.02948415
0.9836607
(356.5, 20.2, 2.8)
quadrotor0
-0.02552091
0.1757583
0.02948415
0.9836607
(356.5, 20.2, 2.8)
quadrotor0
-0.02552091
0.1757583
0.02948415
0.9836607
(356.5, 20.2, 2.8)
quadrotor0
-0.02552091
0.1757583
0.02948415
0.9836607
(356.5, 20.2, 2.8)
quadrotor0
-0.02552091
0.1757583
0.02948415
0.9836607
(356.5, 20.2, 2.8)
quadrotor0
-0.02552091
0.1757583
0.02948416
0.9836607
(356.5, 20.2, 2.8)
quadrotor0
-0.02552091
0.1757583
0.02948416
0.9836607
(356.5, 20.2, 2.8)
quadrotor0
-0.02552091
0.1757583
0.02948416
0.9836607
(356.5, 20.2, 2.8)
quadrotor0
-0.02552091
0.1757583
0.02948416
0.9836607
(356.5, 20.2, 2.8)
quadrotor0
-0.02552091
0.1757583
0.02948415
0.9836607
(356.5, 20.2, 2.8)
quadrotor0
-0.02552091
0.1757583
0.02948415
0.9836607
(356.5, 20.2, 2.8)
quadrotor0
-0.02552091
0.1757583
0.02948415
0.9836607
(356.5, 20.2, 2.8)
quadrotor0
-0.02552091
0.1757583
0.02948415
0.9836607
(356.5, 20.2, 2.8)
quadrotor0
-0.02552091
0.1757583
0.02948415
0.9836607
(356.5, 20.2, 2.8)
quadrotor0
-0.02552091
0.1757583
0.02948415
0.9836607
(356.5, 20.2, 2.8)
quadrotor0
-0.02552091
0.1757583
0.02948415
0.9836607
(356.5, 20.2, 2.8)
quadrotor0
-0.02552091
0.1757583
0.02948415
0.9836607
(356.5, 20.2, 2.8)
quadrotor0
-0.02552091
0.1757583
0.02948415
0.9836607
(356.5, 20.2, 2.8)
quadrotor0
-0.02552091
0.1757583
0.02948415
0.9836607
(356.5, 20.2, 2.8)
quadrotor0
-0.02552091
0.1757583
0.02948415
0.9836607
(356.5, 20.2, 2.8)
quadrotor0
-0.02552091
0.1757583
0.02948415
0.9836607
(356.5, 20.2, 2.8)
quadrotor0
-0.02552091
0.1757583
0.02948415
0.9836607
(356.5, 20.2, 2.8)
quadrotor0
-0.02552091
0.1757583
0.02948415
0.9836607
(356.5, 20.2, 2.8)
quadrotor0
-0.02552091
0.1757583
0.02948415
0.9836607
(356.5, 20.2, 2.8)
quadrotor0
-0.02552091
0.1757583
0.02948415
0.9836607
(356.5, 20.2, 2.8)
quadrotor0
-0.02552091
0.1757583
0.02948415
0.9836607
(356.5, 20.2, 2.8)
quadrotor0
-0.02552091
0.1757583
0.02948415
0.9836607
(356.5, 20.2, 2.8)
quadrotor0
-0.02552091
0.1757583
0.02948415
0.9836607
(356.5, 20.2, 2.8)
quadrotor0
-0.02552091
0.1757583
0.02948415
0.9836607
(356.5, 20.2, 2.8)
quadrotor0
-0.02552091
0.1757583
0.02948415
0.9836607
(356.5, 20.2, 2.8)
quadrotor0
-0.02552091
0.1757583
0.02948415
0.9836607
(356.5, 20.2, 2.8)
quadrotor0
-0.02552091
0.1757583
0.02948415
0.9836607
(356.5, 20.2, 2.8)
quadrotor0
-0.02552091
0.1757583
0.02948415
0.9836607
(356.5, 20.2, 2.8)
quadrotor0
-0.02552091
0.1757583
0.02948415
0.9836607
(356.5, 20.2, 2.8)
quadrotor0
-0.02552091
0.1757583
0.02948415
0.9836607
(356.5, 20.2, 2.8)
quadrotor0
-0.02552091
0.1757583
0.02948415
0.9836607
(356.5, 20.2, 2.8)
quadrotor0
-0.02552091
0.1757583
0.02948415
0.9836607
(356.5, 20.2, 2.8)
quadrotor0
-0.02552091
0.1757583
0.02948415
0.9836607
(356.5, 20.2, 2.8)
quadrotor0
-0.02552091
0.1757583
0.02948415
0.9836607
(356.5, 20.2, 2.8)
quadrotor0
-0.02552091
0.1757583
0.02948415
0.9836607
(356.5, 20.2, 2.8)
quadrotor0
-0.02552091
0.1757583
0.02948415
0.9836607
(356.5, 20.2, 2.8)
quadrotor0
-0.02552091
0.1757583
0.02948415
0.9836607
(356.5, 20.2, 2.8)
quadrotor0
-0.02552091
0.1757583
0.02948415
0.9836607
(356.5, 20.2, 2.8)
quadrotor0
-0.02552091
0.1757583
0.02948415
0.9836607
(356.5, 20.2, 2.8)
quadrotor0
-0.02552091
0.1757583
0.02948415
0.9836607
(356.5, 20.2, 2.8)
quadrotor0
-0.02552091
0.1757583
0.02948415
0.9836607
(356.5, 20.2, 2.8)
quadrotor0
-0.02552091
0.1757583
0.02948415
0.9836607
(356.5, 20.2, 2.8)
quadrotor0
-0.02552091
0.1757583
0.02948416
0.9836607
(356.5, 20.2, 2.8)
quadrotor0
-0.02552091
0.1757583
0.02948416
0.9836607
(356.5, 20.2, 2.8)
quadrotor0
-0.02552091
0.1757583
0.02948415
0.9836607
(356.5, 20.2, 2.8)
quadrotor0
-0.02552091
0.1757583
0.02948415
0.9836607
(356.5, 20.2, 2.8)
quadrotor0
-0.02552091
0.1757583
0.02948415
0.9836607
(356.5, 20.2, 2.8)
quadrotor0
-0.02552091
0.1757583
0.02948415
0.9836607
(356.5, 20.2, 2.8)
quadrotor0
-0.02552091
0.1757583
0.02948415
0.9836607
(356.5, 20.2, 2.8)
quadrotor0
-0.02552091
0.1757583
0.02948415
0.9836607
(356.5, 20.2, 2.8)
quadrotor0
-0.02552091
0.1757583
0.02948415
0.9836607
(356.5, 20.2, 2.8)
quadrotor0
-0.02552091
0.1757583
0.02948415
0.9836607
(356.5, 20.2, 2.8)
quadrotor0
-0.02552091
0.1757583
0.02948415
0.9836607
(356.5, 20.2, 2.8)
quadrotor0
-0.02552091
0.1757583
0.02948415
0.9836607
(356.5, 20.2, 2.8)
quadrotor0
-0.02552091
0.1757583
0.02948415
0.9836607
(356.5, 20.2, 2.8)
quadrotor0
-0.02552091
0.1757583
0.02948415
0.9836607
(356.5, 20.2, 2.8)
quadrotor0
-0.02552091
0.1757583
0.02948415
0.9836607
(356.5, 20.2, 2.8)
quadrotor0
-0.02552091
0.1757583
0.02948415
0.9836607
(356.5, 20.2, 2.8)
quadrotor0
-0.02552091
0.1757583
0.02948415
0.9836607
(356.5, 20.2, 2.8)
quadrotor0
-0.02552091
0.1757583
0.02948415
0.9836607
(356.5, 20.2, 2.8)
quadrotor0
-0.02552091
0.1757583
0.02948415
0.9836607
(356.5, 20.2, 2.8)
quadrotor0
-0.02552091
0.1757583
0.02948415
0.9836607
(356.5, 20.2, 2.8)
quadrotor0
-0.02552091
0.1757583
0.02948415
0.9836607
(356.5, 20.2, 2.8)
quadrotor0
-0.02552091
0.1757583
0.02948415
0.9836607
(356.5, 20.2, 2.8)
quadrotor0
-0.02552091
0.1757583
0.02948415
0.9836607
(356.5, 20.2, 2.8)
quadrotor0
-0.02552091
0.1757583
0.02948415
0.9836607
(356.5, 20.2, 2.8)
quadrotor0
-0.02552091
0.1757583
0.02948415
0.9836607
(356.5, 20.2, 2.8)
quadrotor0
-0.02552091
0.1757583
0.02948415
0.9836607
(356.5, 20.2, 2.8)
quadrotor0
-0.02552091
0.1757583
0.02948415
0.9836607
(356.5, 20.2, 2.8)
quadrotor0
-0.02552091
0.1757583
0.02948415
0.9836607
(356.5, 20.2, 2.8)
quadrotor0
-0.02552091
0.1757583
0.02948415
0.9836607
(356.5, 20.2, 2.8)
quadrotor0
-0.02552091
0.1757583
0.02948415
0.9836607
(356.5, 20.2, 2.8)
quadrotor0
-0.02552091
0.1757583
0.02948415
0.9836607
(356.5, 20.2, 2.8)
quadrotor0
-0.02552091
0.1757583
0.02948415
0.9836607
(356.5, 20.2, 2.8)
quadrotor0
-0.02552091
0.1757583
0.02948415
0.9836607
(356.5, 20.2, 2.8)
quadrotor0
-0.02552091
0.1757583
0.02948415
0.9836607
(356.5, 20.2, 2.8)
quadrotor0
-0.02552091
0.1757583
0.02948415
0.9836607
(356.5, 20.2, 2.8)
quadrotor0
-0.02552091
0.1757583
0.02948415
0.9836607
(356.5, 20.2, 2.8)
quadrotor0
-0.02552091
0.1757583
0.02948415
0.9836607
(356.5, 20.2, 2.8)
quadrotor0
-0.02552091
0.1757583
0.02948415
0.9836607
(356.5, 20.2, 2.8)
quadrotor0
-0.02552091
0.1757583
0.02948416
0.9836607
(356.5, 20.2, 2.8)
quadrotor0
-0.02552091
0.1757583
0.02948415
0.9836607
(356.5, 20.2, 2.8)
quadrotor0
-0.02552091
0.1757583
0.02948415
0.9836607
(356.5, 20.2, 2.8)
quadrotor0
-0.02552091
0.1757583
0.02948415
0.9836607
(356.5, 20.2, 2.8)
quadrotor0
-0.02552091
0.1757583
0.02948415
0.9836607
(356.5, 20.2, 2.8)
quadrotor0
-0.02552091
0.1757583
0.02948415
0.9836607
(356.5, 20.2, 2.8)
quadrotor0
-0.02552091
0.1757583
0.02948415
0.9836607
(356.5, 20.2, 2.8)
quadrotor0
-0.02552091
0.1757583
0.02948415
0.9836607
(356.5, 20.2, 2.8)
quadrotor0
-0.02552091
0.1757583
0.02948415
0.9836607
(356.5, 20.2, 2.8)
quadrotor0
-0.02552091
0.1757583
0.02948415
0.9836607
(356.5, 20.2, 2.8)
quadrotor0
-0.02552091
0.1757583
0.02948415
0.9836607
(356.5, 20.2, 2.8)
quadrotor0
-0.02552091
0.1757583
0.02948415
0.9836607
(356.5, 20.2, 2.8)
quadrotor0
-0.02552091
0.1757583
0.02948415
0.9836607
(356.5, 20.2, 2.8)
quadrotor0
-0.02552091
0.1757583
0.02948415
0.9836607
(356.5, 20.2, 2.8)
quadrotor0
-0.02552091
0.1757583
0.02948415
0.9836607
(356.5, 20.2, 2.8)
quadrotor0
-0.02552091
0.1757583
0.02948415
0.9836607
(356.5, 20.2, 2.8)
quadrotor0
-0.02552091
0.1757583
0.02948415
0.9836607
(356.5, 20.2, 2.8)
quadrotor0
-0.02552091
0.1757583
0.02948415
0.9836607
(356.5, 20.2, 2.8)
quadrotor0
-0.02552091
0.1757583
0.02948415
0.9836607
(356.5, 20.2, 2.8)
quadrotor0
-0.02552091
0.1757583
0.02948415
0.9836607
(356.5, 20.2, 2.8)
quadrotor0
-0.02552091
0.1757583
0.02948415
0.9836607
(356.5, 20.2, 2.8)
quadrotor0
-0.02552091
0.1757583
0.02948415
0.9836607
(356.5, 20.2, 2.8)
quadrotor0
-0.02552091
0.1757583
0.02948415
0.9836607
(356.5, 20.2, 2.8)
quadrotor0
-0.02552091
0.1757583
0.02948415
0.9836607
(356.5, 20.2, 2.8)
quadrotor0
-0.02552091
0.1757583
0.02948415
0.9836607
(356.5, 20.2, 2.8)
quadrotor0
-0.02552091
0.1757583
0.02948415
0.9836607
(356.5, 20.2, 2.8)
quadrotor0
-0.02552091
0.1757583
0.02948415
0.9836607
(356.5, 20.2, 2.8)
quadrotor0
-0.02552091
0.1757583
0.02948415
0.9836607
(356.5, 20.2, 2.8)
quadrotor0
-0.02552091
0.1757583
0.02948415
0.9836607
(356.5, 20.2, 2.8)
quadrotor0
-0.02552091
0.1757583
0.02948415
0.9836607
(356.5, 20.2, 2.8)
quadrotor0
-0.02552091
0.1757583
0.02948415
0.9836607
(356.5, 20.2, 2.8)
quadrotor0
-0.02552091
0.1757583
0.02948415
0.9836607
(356.5, 20.2, 2.8)
quadrotor0
-0.02552091
0.1757583
0.02948415
0.9836607
(356.5, 20.2, 2.8)
quadrotor0
-0.02552091
0.1757583
0.02948415
0.9836607
(356.5, 20.2, 2.8)
quadrotor0
-0.02552091
0.1757583
0.02948415
0.9836607
(356.5, 20.2, 2.8)
quadrotor0
-0.02552091
0.1757583
0.02948416
0.9836607
(356.5, 20.2, 2.8)
quadrotor0
-0.02552091
0.1757583
0.02948416
0.9836607
(356.5, 20.2, 2.8)
quadrotor0
-0.02552091
0.1757583
0.02948415
0.9836607
(356.5, 20.2, 2.8)
quadrotor0
-0.02552091
0.1757583
0.02948415
0.9836607
(356.5, 20.2, 2.8)
quadrotor0
-0.02552091
0.1757583
0.02948415
0.9836607
(356.5, 20.2, 2.8)
quadrotor0
-0.02552091
0.1757583
0.02948415
0.9836607
(356.5, 20.2, 2.8)
quadrotor0
-0.02552091
0.1757583
0.02948415
0.9836607
(356.5, 20.2, 2.8)
quadrotor0
-0.02552091
0.1757583
0.02948415
0.9836607
(356.5, 20.2, 2.8)
quadrotor0
-0.02552091
0.1757583
0.02948415
0.9836607
(356.5, 20.2, 2.8)
quadrotor0
-0.02552091
0.1757583
0.02948415
0.9836607
(356.5, 20.2, 2.8)
quadrotor0
-0.02552091
0.1757583
0.02948415
0.9836607
(356.5, 20.2, 2.8)
quadrotor0
-0.02552091
0.1757583
0.02948415
0.9836607
(356.5, 20.2, 2.8)
quadrotor0
-0.02552091
0.1757583
0.02948415
0.9836607
(356.5, 20.2, 2.8)
quadrotor0
-0.02552091
0.1757583
0.02948415
0.9836607
(356.5, 20.2, 2.8)
quadrotor0
-0.02552091
0.1757583
0.02948415
0.9836607
(356.5, 20.2, 2.8)
quadrotor0
-0.02552091
0.1757583
0.02948415
0.9836607
(356.5, 20.2, 2.8)
quadrotor0
-0.02552091
0.1757583
0.02948415
0.9836607
(356.5, 20.2, 2.8)
quadrotor0
-0.02552091
0.1757583
0.02948415
0.9836607
(356.5, 20.2, 2.8)
quadrotor0
-0.02552091
0.1757583
0.02948415
0.9836607
(356.5, 20.2, 2.8)
quadrotor0
-0.02552091
0.1757583
0.02948415
0.9836607
(356.5, 20.2, 2.8)
quadrotor0
-0.02552091
0.1757583
0.02948415
0.9836607
(356.5, 20.2, 2.8)
quadrotor0
-0.02552091
0.1757583
0.02948415
0.9836607
(356.5, 20.2, 2.8)
quadrotor0
-0.02552091
0.1757583
0.02948415
0.9836607
(356.5, 20.2, 2.8)
quadrotor0
-0.02552091
0.1757583
0.02948415
0.9836607
(356.5, 20.2, 2.8)
quadrotor0
-0.02552091
0.1757583
0.02948415
0.9836607
(356.5, 20.2, 2.8)
quadrotor0
-0.02552091
0.1757583
0.02948415
0.9836607
(356.5, 20.2, 2.8)
quadrotor0
-0.02552091
0.1757583
0.02948415
0.9836607
(356.5, 20.2, 2.8)
quadrotor0
-0.02552091
0.1757583
0.02948415
0.9836607
(356.5, 20.2, 2.8)
quadrotor0
-0.02552091
0.1757583
0.02948415
0.9836607
(356.5, 20.2, 2.8)
quadrotor0
-0.02552091
0.1757583
0.02948415
0.9836607
(356.5, 20.2, 2.8)
quadrotor0
-0.02552091
0.1757583
0.02948415
0.9836607
(356.5, 20.2, 2.8)
quadrotor0
-0.02552091
0.1757583
0.02948415
0.9836607
(356.5, 20.2, 2.8)
quadrotor0
-0.02552091
0.1757583
0.02948415
0.9836607
(356.5, 20.2, 2.8)
quadrotor0
-0.02552091
0.1757583
0.02948415
0.9836607
(356.5, 20.2, 2.8)
quadrotor0
-0.02552091
0.1757583
0.02948415
0.9836607
(356.5, 20.2, 2.8)
quadrotor0
-0.02552091
0.1757583
0.02948415
0.9836607
(356.5, 20.2, 2.8)
quadrotor0
-0.02552091
0.1757583
0.02948415
0.9836607
(356.5, 20.2, 2.8)
quadrotor0
-0.02552091
0.1757583
0.02948415
0.9836607
(356.5, 20.2, 2.8)
quadrotor0
-0.02552091
0.1757583
0.02948415
0.9836607
(356.5, 20.2, 2.8)
quadrotor0
-0.02552091
0.1757583
0.02948415
0.9836607
(356.5, 20.2, 2.8)
quadrotor0
-0.02552091
0.1757583
0.02948415
0.9836607
(356.5, 20.2, 2.8)
quadrotor0
-0.02552091
0.1757583
0.02948415
0.9836607
(356.5, 20.2, 2.8)
quadrotor0
-0.02552091
0.1757583
0.02948415
0.9836607
(356.5, 20.2, 2.8)
quadrotor0
-0.02552091
0.1757583
0.02948415
0.9836607
(356.5, 20.2, 2.8)
quadrotor0
-0.02552091
0.1757583
0.02948415
0.9836607
(356.5, 20.2, 2.8)
quadrotor0
-0.02552091
0.1757583
0.02948415
0.9836607
(356.5, 20.2, 2.8)
quadrotor0
-0.02552091
0.1757583
0.02948415
0.9836607
(356.5, 20.2, 2.8)
quadrotor0
-0.02552091
0.1757583
0.02948415
0.9836607
(356.5, 20.2, 2.8)
quadrotor0
-0.02552091
0.1757583
0.02948415
0.9836607
(356.5, 20.2, 2.8)
quadrotor0
-0.02552091
0.1757583
0.02948415
0.9836607
(356.5, 20.2, 2.8)
quadrotor0
-0.02552091
0.1757583
0.02948415
0.9836607
(356.5, 20.2, 2.8)
quadrotor0
-0.02552091
0.1757583
0.02948415
0.9836607
(356.5, 20.2, 2.8)
quadrotor0
-0.02552091
0.1757583
0.02948415
0.9836607
(356.5, 20.2, 2.8)
quadrotor0
-0.02552091
0.1757583
0.02948415
0.9836607
(356.5, 20.2, 2.8)
quadrotor0
-0.02552091
0.1757583
0.02948415
0.9836607
(356.5, 20.2, 2.8)
quadrotor0
-0.02552091
0.1757583
0.02948415
0.9836607
(356.5, 20.2, 2.8)
quadrotor0
-0.02552091
0.1757583
0.02948415
0.9836607
(356.5, 20.2, 2.8)
quadrotor0
-0.02552091
0.1757583
0.02948415
0.9836607
(356.5, 20.2, 2.8)
quadrotor0
-0.02552091
0.1757583
0.02948415
0.9836607
(356.5, 20.2, 2.8)
quadrotor0
-0.02552091
0.1757583
0.02948415
0.9836607
(356.5, 20.2, 2.8)
quadrotor0
-0.02552091
0.1757583
0.02948415
0.9836607
(356.5, 20.2, 2.8)
quadrotor0
-0.02552091
0.1757583
0.02948415
0.9836607
(356.5, 20.2, 2.8)
quadrotor0
-0.02552091
0.1757583
0.02948415
0.9836607
(356.5, 20.2, 2.8)
quadrotor0
-0.02552091
0.1757583
0.02948415
0.9836607
(356.5, 20.2, 2.8)
quadrotor0
-0.02552091
0.1757583
0.02948415
0.9836607
(356.5, 20.2, 2.8)
quadrotor0
-0.02552091
0.1757583
0.02948415
0.9836607
(356.5, 20.2, 2.8)
quadrotor0
-0.02552091
0.1757583
0.02948415
0.9836607
(356.5, 20.2, 2.8)
quadrotor0
-0.02552091
0.1757583
0.02948415
0.9836607
(356.5, 20.2, 2.8)
quadrotor0
-0.02552091
0.1757583
0.02948415
0.9836607
(356.5, 20.2, 2.8)
quadrotor0
-0.02552091
0.1757583
0.02948415
0.9836607
(356.5, 20.2, 2.8)
quadrotor0
-0.02552091
0.1757583
0.02948415
0.9836607
(356.5, 20.2, 2.8)
quadrotor0
-0.02552091
0.1757583
0.02948415
0.9836607
(356.5, 20.2, 2.8)
quadrotor0
-0.02552091
0.1757583
0.02948415
0.9836607
(356.5, 20.2, 2.8)
quadrotor0
-0.02552091
0.1757583
0.02948415
0.9836607
(356.5, 20.2, 2.8)
quadrotor0
-0.02552091
0.1757583
0.02948415
0.9836607
(356.5, 20.2, 2.8)
quadrotor0
-0.02552091
0.1757583
0.02948415
0.9836607
(356.5, 20.2, 2.8)
quadrotor0
-0.02552091
0.1757583
0.02948415
0.9836607
(356.5, 20.2, 2.8)
quadrotor0
-0.02552091
0.1757583
0.02948415
0.9836607
(356.5, 20.2, 2.8)
quadrotor0
-0.02552091
0.1757583
0.02948415
0.9836607
(356.5, 20.2, 2.8)
quadrotor0
-0.02552091
0.1757583
0.02948415
0.9836607
(356.5, 20.2, 2.8)
quadrotor0
-0.02552091
0.1757583
0.02948415
0.9836607
(356.5, 20.2, 2.8)
quadrotor0
-0.02552091
0.1757583
0.02948415
0.9836607
(356.5, 20.2, 2.8)
quadrotor0
-0.02552091
0.1757583
0.02948415
0.9836607
(356.5, 20.2, 2.8)
quadrotor0
-0.02552091
0.1757583
0.02948415
0.9836607
(356.5, 20.2, 2.8)
quadrotor0
-0.02552091
0.1757583
0.02948415
0.9836607
(356.5, 20.2, 2.8)
quadrotor0
-0.02552091
0.1757583
0.02948415
0.9836607
(356.5, 20.2, 2.8)
quadrotor0
-0.02552091
0.1757583
0.02948415
0.9836607
(356.5, 20.2, 2.8)
quadrotor0
-0.02552091
0.1757583
0.02948415
0.9836607
(356.5, 20.2, 2.8)
quadrotor0
-0.02552091
0.1757583
0.02948415
0.9836607
(356.5, 20.2, 2.8)
quadrotor0
-0.02552091
0.1757583
0.02948415
0.9836607
(356.5, 20.2, 2.8)
quadrotor0
-0.02552091
0.1757583
0.02948415
0.9836607
(356.5, 20.2, 2.8)
quadrotor0
-0.02552091
0.1757583
0.02948415
0.9836607
(356.5, 20.2, 2.8)
quadrotor0
-0.02552091
0.1757583
0.02948415
0.9836607
(356.5, 20.2, 2.8)
quadrotor0
-0.02552091
0.1757583
0.02948415
0.9836607
(356.5, 20.2, 2.8)
quadrotor0
-0.02552091
0.1757583
0.02948415
0.9836607
(356.5, 20.2, 2.8)
quadrotor0
-0.02552091
0.1757583
0.02948415
0.9836607
(356.5, 20.2, 2.8)
quadrotor0
-0.02552091
0.1757583
0.02948415
0.9836607
(356.5, 20.2, 2.8)
quadrotor0
-0.02552091
0.1757583
0.02948415
0.9836607
(356.5, 20.2, 2.8)
quadrotor0
-0.02552091
0.1757583
0.02948415
0.9836607
(356.5, 20.2, 2.8)
quadrotor0
-0.02552091
0.1757583
0.02948415
0.9836607
(356.5, 20.2, 2.8)
quadrotor0
-0.02552091
0.1757583
0.02948415
0.9836607
(356.5, 20.2, 2.8)
quadrotor0
-0.02552091
0.1757583
0.02948415
0.9836607
(356.5, 20.2, 2.8)
quadrotor0
-0.02552091
0.1757583
0.02948415
0.9836607
(356.5, 20.2, 2.8)
quadrotor0
-0.02552091
0.1757583
0.02948415
0.9836607
(356.5, 20.2, 2.8)
quadrotor0
-0.02552091
0.1757583
0.02948415
0.9836607
(356.5, 20.2, 2.8)
quadrotor0
-0.02552091
0.1757583
0.02948415
0.9836607
(356.5, 20.2, 2.8)
quadrotor0
-0.02552091
0.1757583
0.02948415
0.9836607
(356.5, 20.2, 2.8)
quadrotor0
-0.02552091
0.1757583
0.02948415
0.9836607
(356.5, 20.2, 2.8)
quadrotor0
-0.02552091
0.1757583
0.02948415
0.9836607
(356.5, 20.2, 2.8)
quadrotor0
-0.02552091
0.1757583
0.02948415
0.9836607
(356.5, 20.2, 2.8)
quadrotor0
-0.02552091
0.1757583
0.02948415
0.9836607
(356.5, 20.2, 2.8)
quadrotor0
-0.02552091
0.1757583
0.02948415
0.9836607
(356.5, 20.2, 2.8)
quadrotor0
-0.02552091
0.1757583
0.02948415
0.9836607
(356.5, 20.2, 2.8)
quadrotor0
-0.02552091
0.1757583
0.02948415
0.9836607
(356.5, 20.2, 2.8)
quadrotor0
-0.02552091
0.1757583
0.02948415
0.9836607
(356.5, 20.2, 2.8)
quadrotor0
-0.02552091
0.1757583
0.02948415
0.9836607
(356.5, 20.2, 2.8)
quadrotor0
-0.02552091
0.1757583
0.02948415
0.9836607
(356.5, 20.2, 2.8)
quadrotor0
-0.02552091
0.1757583
0.02948415
0.9836607
(356.5, 20.2, 2.8)
quadrotor0
-0.02552091
0.1757583
0.02948415
0.9836607
(356.5, 20.2, 2.8)
quadrotor0
-0.02552091
0.1757583
0.02948415
0.9836607
(356.5, 20.2, 2.8)
quadrotor0
-0.02552091
0.1757583
0.02948415
0.9836607
(356.5, 20.2, 2.8)
quadrotor0
-0.02552091
0.1757583
0.02948415
0.9836607
(356.5, 20.2, 2.8)
quadrotor0
-0.02552091
0.1757583
0.02948415
0.9836607
(356.5, 20.2, 2.8)
quadrotor0
-0.02552091
0.1757583
0.02948415
0.9836607
(356.5, 20.2, 2.8)
quadrotor0
-0.02552091
0.1757583
0.02948415
0.9836607
(356.5, 20.2, 2.8)
quadrotor0
-0.02552091
0.1757583
0.02948415
0.9836607
(356.5, 20.2, 2.8)
quadrotor0
-0.02552091
0.1757583
0.02948415
0.9836607
(356.5, 20.2, 2.8)
quadrotor0
-0.02552091
0.1757583
0.02948415
0.9836607
(356.5, 20.2, 2.8)
quadrotor0
-0.02552091
0.1757583
0.02948415
0.9836607
(356.5, 20.2, 2.8)
quadrotor0
-0.02552091
0.1757583
0.02948415
0.9836607
(356.5, 20.2, 2.8)
quadrotor0
-0.02552091
0.1757583
0.02948415
0.9836607
(356.5, 20.2, 2.8)
quadrotor0
-0.02552091
0.1757583
0.02948415
0.9836607
(356.5, 20.2, 2.8)
quadrotor0
-0.02552091
0.1757583
0.02948415
0.9836607
(356.5, 20.2, 2.8)
quadrotor0
-0.02552091
0.1757583
0.02948415
0.9836607
(356.5, 20.2, 2.8)
quadrotor0
-0.02552091
0.1757583
0.02948415
0.9836607
(356.5, 20.2, 2.8)
quadrotor0
-0.02552091
0.1757583
0.02948415
0.9836607
(356.5, 20.2, 2.8)
quadrotor0
-0.02552091
0.1757583
0.02948415
0.9836607
(356.5, 20.2, 2.8)
quadrotor0
-0.02552091
0.1757583
0.02948415
0.9836607
(356.5, 20.2, 2.8)
quadrotor0
-0.02552091
0.1757583
0.02948415
0.9836607
(356.5, 20.2, 2.8)
quadrotor0
-0.02552091
0.1757583
0.02948415
0.9836607
(356.5, 20.2, 2.8)
quadrotor0
-0.02552091
0.1757583
0.02948415
0.9836607
(356.5, 20.2, 2.8)
quadrotor0
-0.02552091
0.1757583
0.02948415
0.9836607
(356.5, 20.2, 2.8)
quadrotor0
-0.02552091
0.1757583
0.02948415
0.9836607
(356.5, 20.2, 2.8)
quadrotor0
-0.02552091
0.1757583
0.02948415
0.9836607
(356.5, 20.2, 2.8)
quadrotor0
-0.02552091
0.1757583
0.02948415
0.9836607
(356.5, 20.2, 2.8)
quadrotor0
-0.02552091
0.1757583
0.02948415
0.9836607
(356.5, 20.2, 2.8)
quadrotor0
-0.02552091
0.1757583
0.02948415
0.9836607
(356.5, 20.2, 2.8)
quadrotor0
-0.02552091
0.1757583
0.02948415
0.9836607
(356.5, 20.2, 2.8)
quadrotor0
-0.02552091
0.1757583
0.02948415
0.9836607
(356.5, 20.2, 2.8)
quadrotor0
-0.02552091
0.1757583
0.02948415
0.9836607
(356.5, 20.2, 2.8)
quadrotor0
-0.02552091
0.1757583
0.02948415
0.9836607
(356.5, 20.2, 2.8)
quadrotor0
-0.02552091
0.1757583
0.02948415
0.9836607
(356.5, 20.2, 2.8)
quadrotor0
-0.02552091
0.1757583
0.02948415
0.9836607
(356.5, 20.2, 2.8)
quadrotor0
-0.02552091
0.1757583
0.02948415
0.9836607
(356.5, 20.2, 2.8)
quadrotor0
-0.02552091
0.1757583
0.02948415
0.9836607
(356.5, 20.2, 2.8)
quadrotor0
-0.02552091
0.1757583
0.02948415
0.9836607
(356.5, 20.2, 2.8)
quadrotor0
-0.02552091
0.1757583
0.02948415
0.9836607
(356.5, 20.2, 2.8)
quadrotor0
-0.02552091
0.1757583
0.02948415
0.9836607
(356.5, 20.2, 2.8)
quadrotor0
-0.02552091
0.1757583
0.02948415
0.9836607
(356.5, 20.2, 2.8)
quadrotor0
-0.02552091
0.1757583
0.02948415
0.9836607
(356.5, 20.2, 2.8)
quadrotor0
-0.02552091
0.1757583
0.02948415
0.9836607
(356.5, 20.2, 2.8)
quadrotor0
-0.02552091
0.1757583
0.02948415
0.9836607
(356.5, 20.2, 2.8)
quadrotor0
-0.02552091
0.1757583
0.02948415
0.9836607
(356.5, 20.2, 2.8)
quadrotor0
-0.02552091
0.1757583
0.02948415
0.9836607
(356.5, 20.2, 2.8)
quadrotor0
-0.02552091
0.1757583
0.02948415
0.9836607
(356.5, 20.2, 2.8)
quadrotor0
-0.02552091
0.1757583
0.02948415
0.9836607
(356.5, 20.2, 2.8)
quadrotor0
-0.02552091
0.1757583
0.02948415
0.9836607
(356.5, 20.2, 2.8)
quadrotor0
-0.02552091
0.1757583
0.02948415
0.9836607
(356.5, 20.2, 2.8)
quadrotor0
-0.02552091
0.1757583
0.02948415
0.9836607
(356.5, 20.2, 2.8)
quadrotor0
-0.02552091
0.1757583
0.02948415
0.9836607
(356.5, 20.2, 2.8)
quadrotor0
-0.02552091
0.1757583
0.02948415
0.9836607
(356.5, 20.2, 2.8)
quadrotor0
-0.02552091
0.1757583
0.02948415
0.9836607
(356.5, 20.2, 2.8)
quadrotor0
-0.02552091
0.1757583
0.02948415
0.9836607
(356.5, 20.2, 2.8)
quadrotor0
-0.02552091
0.1757583
0.02948415
0.9836607
(356.5, 20.2, 2.8)
quadrotor0
-0.02552091
0.1757583
0.02948415
0.9836607
(356.5, 20.2, 2.8)
quadrotor0
-0.02552091
0.1757583
0.02948415
0.9836607
(356.5, 20.2, 2.8)
quadrotor0
-0.02552091
0.1757583
0.02948415
0.9836607
(356.5, 20.2, 2.8)
quadrotor0
-0.02552091
0.1757583
0.02948415
0.9836607
(356.5, 20.2, 2.8)
quadrotor0
-0.02552091
0.1757583
0.02948415
0.9836607
(356.5, 20.2, 2.8)
quadrotor0
-0.02552091
0.1757583
0.02948415
0.9836607
(356.5, 20.2, 2.8)
quadrotor0
-0.02552091
0.1757583
0.02948415
0.9836607
(356.5, 20.2, 2.8)
quadrotor0
-0.02552091
0.1757583
0.02948415
0.9836607
(356.5, 20.2, 2.8)
quadrotor0
-0.02552091
0.1757583
0.02948415
0.9836607
(356.5, 20.2, 2.8)
quadrotor0
-0.02552091
0.1757583
0.02948415
0.9836607
(356.5, 20.2, 2.8)
quadrotor0
-0.02552091
0.1757583
0.02948415
0.9836607
(356.5, 20.2, 2.8)
quadrotor0
-0.02552091
0.1757583
0.02948415
0.9836607
(356.5, 20.2, 2.8)
quadrotor0
-0.02552091
0.1757583
0.02948415
0.9836607
(356.5, 20.2, 2.8)
quadrotor0
-0.02552091
0.1757583
0.02948415
0.9836607
(356.5, 20.2, 2.8)
quadrotor0
-0.02552091
0.1757583
0.02948415
0.9836607
(356.5, 20.2, 2.8)
quadrotor0
-0.02552091
0.1757583
0.02948415
0.9836607
(356.5, 20.2, 2.8)
quadrotor0
-0.02552091
0.1757583
0.02948415
0.9836607
(356.5, 20.2, 2.8)
quadrotor0
-0.02552091
0.1757583
0.02948415
0.9836607
(356.5, 20.2, 2.8)
quadrotor0
-0.02552091
0.1757583
0.02948415
0.9836607
(356.5, 20.2, 2.8)
quadrotor0
-0.02552091
0.1757583
0.02948415
0.9836607
(356.5, 20.2, 2.8)
quadrotor0
-0.02552091
0.1757583
0.02948415
0.9836607
(356.5, 20.2, 2.8)
quadrotor0
-0.02552091
0.1757583
0.02948415
0.9836607
(356.5, 20.2, 2.8)
quadrotor0
-0.02552091
0.1757583
0.02948415
0.9836607
(356.5, 20.2, 2.8)
quadrotor0
-0.02552091
0.1757583
0.02948415
0.9836607
(356.5, 20.2, 2.8)
quadrotor0
-0.02552091
0.1757583
0.02948415
0.9836607
(356.5, 20.2, 2.8)
quadrotor0
-0.02552091
0.1757583
0.02948415
0.9836607
(356.5, 20.2, 2.8)
quadrotor0
-0.02552091
0.1757583
0.02948415
0.9836607
(356.5, 20.2, 2.8)
quadrotor0
-0.02552091
0.1757583
0.02948415
0.9836607
(356.5, 20.2, 2.8)
quadrotor0
-0.02552091
0.1757583
0.02948415
0.9836607
(356.5, 20.2, 2.8)
quadrotor0
-0.02552091
0.1757583
0.02948415
0.9836607
(356.5, 20.2, 2.8)
quadrotor0
-0.02552091
0.1757583
0.02948415
0.9836607
(356.5, 20.2, 2.8)
quadrotor0
-0.02552091
0.1757583
0.02948415
0.9836607
(356.5, 20.2, 2.8)
quadrotor0
-0.02552091
0.1757583
0.02948415
0.9836607
(356.5, 20.2, 2.8)
quadrotor0
-0.02552091
0.1757583
0.02948415
0.9836607
(356.5, 20.2, 2.8)
quadrotor0
-0.02552091
0.1757583
0.02948415
0.9836607
(356.5, 20.2, 2.8)
quadrotor0
-0.02552091
0.1757583
0.02948415
0.9836607
(356.5, 20.2, 2.8)
quadrotor0
-0.02552091
0.1757583
0.02948415
0.9836607
(356.5, 20.2, 2.8)
quadrotor0
-0.02552091
0.1757583
0.02948415
0.9836607
(356.5, 20.2, 2.8)
quadrotor0
-0.02552091
0.1757583
0.02948415
0.9836607
(356.5, 20.2, 2.8)
quadrotor0
-0.02552091
0.1757583
0.02948415
0.9836607
(356.5, 20.2, 2.8)
quadrotor0
-0.02552091
0.1757583
0.02948415
0.9836607
(356.5, 20.2, 2.8)
quadrotor0
-0.02552091
0.1757583
0.02948415
0.9836607
(356.5, 20.2, 2.8)
quadrotor0
-0.02552091
0.1757583
0.02948415
0.9836607
(356.5, 20.2, 2.8)
quadrotor0
-0.02552091
0.1757583
0.02948415
0.9836607
(356.5, 20.2, 2.8)
quadrotor0
-0.02552091
0.1757583
0.02948415
0.9836607
(356.5, 20.2, 2.8)
quadrotor0
-0.02552091
0.1757583
0.02948415
0.9836607
(356.5, 20.2, 2.8)
quadrotor0
-0.02552091
0.1757583
0.02948415
0.9836607
(356.5, 20.2, 2.8)
quadrotor0
-0.02552091
0.1757583
0.02948415
0.9836607
(356.5, 20.2, 2.8)
quadrotor0
-0.02552091
0.1757583
0.02948415
0.9836607
(356.5, 20.2, 2.8)
quadrotor0
-0.02552091
0.1757583
0.02948415
0.9836607
(356.5, 20.2, 2.8)
quadrotor0
-0.02552091
0.1757583
0.02948415
0.9836607
(356.5, 20.2, 2.8)
quadrotor0
-0.02552091
0.1757583
0.02948415
0.9836607
(356.5, 20.2, 2.8)
quadrotor0
-0.02552091
0.1757583
0.02948415
0.9836607
(356.5, 20.2, 2.8)
quadrotor0
-0.02552091
0.1757583
0.02948415
0.9836607
(356.5, 20.2, 2.8)
quadrotor0
-0.02552091
0.1757583
0.02948415
0.9836607
(356.5, 20.2, 2.8)
quadrotor0
-0.02552091
0.1757583
0.02948415
0.9836607
(356.5, 20.2, 2.8)
quadrotor0
-0.02552091
0.1757583
0.02948415
0.9836607
(356.5, 20.2, 2.8)
quadrotor0
-0.02552091
0.1757583
0.02948415
0.9836607
(356.5, 20.2, 2.8)
quadrotor0
-0.02552091
0.1757583
0.02948415
0.9836607
(356.5, 20.2, 2.8)
quadrotor0
-0.02552091
0.1757583
0.02948415
0.9836607
(356.5, 20.2, 2.8)
quadrotor0
-0.02552091
0.1757583
0.02948415
0.9836607
(356.5, 20.2, 2.8)
quadrotor0
-0.02552091
0.1757583
0.02948415
0.9836607
(356.5, 20.2, 2.8)
quadrotor0
-0.02552091
0.1757583
0.02948415
0.9836607
(356.5, 20.2, 2.8)
quadrotor0
-0.02552091
0.1757583
0.02948415
0.9836607
(356.5, 20.2, 2.8)
quadrotor0
-0.02552091
0.1757583
0.02948415
0.9836607
(356.5, 20.2, 2.8)
quadrotor0
-0.02552091
0.1757583
0.02948415
0.9836607
(356.5, 20.2, 2.8)
quadrotor0
-0.02552091
0.1757583
0.02948415
0.9836607
(356.5, 20.2, 2.8)
quadrotor0
-0.02552091
0.1757583
0.02948415
0.9836607
(356.5, 20.2, 2.8)
quadrotor0
-0.02552091
0.1757583
0.02948415
0.9836607
(356.5, 20.2, 2.8)
quadrotor0
-0.02552091
0.1757583
0.02948415
0.9836607
(356.5, 20.2, 2.8)
quadrotor0
-0.02552091
0.1757583
0.02948415
0.9836607
(356.5, 20.2, 2.8)
quadrotor0
-0.02552091
0.1757583
0.02948415
0.9836607
(356.5, 20.2, 2.8)
quadrotor0
-0.02552091
0.1757583
0.02948415
0.9836607
(356.5, 20.2, 2.8)
quadrotor0
-0.02552091
0.1757583
0.02948415
0.9836607
(356.5, 20.2, 2.8)
quadrotor0
-0.02552091
0.1757583
0.02948415
0.9836607
(356.5, 20.2, 2.8)
quadrotor0
-0.02552091
0.1757583
0.02948415
0.9836607
(356.5, 20.2, 2.8)
quadrotor0
-0.02552091
0.1757583
0.02948415
0.9836607
(356.5, 20.2, 2.8)
quadrotor0
-0.02552091
0.1757583
0.02948415
0.9836607
(356.5, 20.2, 2.8)
quadrotor0
-0.02552091
0.1757583
0.02948415
0.9836607
(356.5, 20.2, 2.8)
quadrotor0
-0.02552091
0.1757583
0.02948415
0.9836607
(356.5, 20.2, 2.8)
quadrotor0
-0.02552091
0.1757583
0.02948415
0.9836607
(356.5, 20.2, 2.8)
quadrotor0
-0.02552091
0.1757583
0.02948415
0.9836607
(356.5, 20.2, 2.8)
quadrotor0
-0.02552091
0.1757583
0.02948415
0.9836607
(356.5, 20.2, 2.8)
quadrotor0
-0.02552091
0.1757583
0.02948415
0.9836607
(356.5, 20.2, 2.8)
quadrotor0
-0.02552091
0.1757583
0.02948415
0.9836607
(356.5, 20.2, 2.8)
quadrotor0
-0.02552091
0.1757583
0.02948415
0.9836607
(356.5, 20.2, 2.8)
quadrotor0
-0.02552091
0.1757583
0.02948415
0.9836607
(356.5, 20.2, 2.8)
quadrotor0
-0.02552091
0.1757583
0.02948415
0.9836607
(356.5, 20.2, 2.8)
quadrotor0
-0.02552091
0.1757583
0.02948415
0.9836607
(356.5, 20.2, 2.8)
quadrotor0
-0.02552091
0.1757583
0.02948415
0.9836607
(356.5, 20.2, 2.8)
quadrotor0
-0.02552091
0.1757583
0.02948415
0.9836607
(356.5, 20.2, 2.8)
quadrotor0
-0.02552091
0.1757583
0.02948415
0.9836607
(356.5, 20.2, 2.8)
quadrotor0
-0.02552091
0.1757583
0.02948415
0.9836607
(356.5, 20.2, 2.8)
quadrotor0
-0.02552091
0.1757583
0.02948415
0.9836607
(356.5, 20.2, 2.8)
quadrotor0
-0.02552091
0.1757583
0.02948415
0.9836607
(356.5, 20.2, 2.8)
quadrotor0
-0.02552091
0.1757583
0.02948415
0.9836607
(356.5, 20.2, 2.8)
quadrotor0
-0.02552091
0.1757583
0.02948415
0.9836607
(356.5, 20.2, 2.8)
quadrotor0
-0.02552091
0.1757583
0.02948415
0.9836607
(356.5, 20.2, 2.8)
quadrotor0
-0.02552091
0.1757583
0.02948415
0.9836607
(356.5, 20.2, 2.8)
quadrotor0
-0.02552091
0.1757583
0.02948415
0.9836607
(356.5, 20.2, 2.8)
quadrotor0
-0.02552091
0.1757583
0.02948415
0.9836607
(356.5, 20.2, 2.8)
quadrotor0
-0.02552091
0.1757583
0.02948415
0.9836607
(356.5, 20.2, 2.8)
quadrotor0
-0.02552091
0.1757583
0.02948415
0.9836607
(356.5, 20.2, 2.8)
quadrotor0
-0.02552091
0.1757583
0.02948415
0.9836607
(356.5, 20.2, 2.8)
quadrotor0
-0.02552091
0.1757583
0.02948415
0.9836607
(356.5, 20.2, 2.8)
quadrotor0
-0.02552091
0.1757583
0.02948415
0.9836607
(356.5, 20.2, 2.8)
quadrotor0
-0.02552091
0.1757583
0.02948415
0.9836607
(356.5, 20.2, 2.8)
quadrotor0
-0.02552091
0.1757583
0.02948415
0.9836607
(356.5, 20.2, 2.8)
quadrotor0
-0.02552091
0.1757583
0.02948415
0.9836607
(356.5, 20.2, 2.8)
quadrotor0
-0.02552091
0.1757583
0.02948415
0.9836607
(356.5, 20.2, 2.8)
quadrotor0
-0.02552091
0.1757583
0.02948415
0.9836607
(356.5, 20.2, 2.8)
quadrotor0
-0.02552091
0.1757583
0.02948415
0.9836607
(356.5, 20.2, 2.8)
quadrotor0
-0.02552091
0.1757583
0.02948415
0.9836607
(356.5, 20.2, 2.8)
quadrotor0
-0.02552091
0.1757583
0.02948415
0.9836607
(356.5, 20.2, 2.8)
quadrotor0
-0.02552091
0.1757583
0.02948415
0.9836607
(356.5, 20.2, 2.8)
quadrotor0
-0.02552091
0.1757583
0.02948415
0.9836607
(356.5, 20.2, 2.8)
quadrotor0
-0.02552091
0.1757583
0.02948415
0.9836607
(356.5, 20.2, 2.8)
quadrotor0
-0.02552091
0.1757583
0.02948415
0.9836607
(356.5, 20.2, 2.8)
quadrotor0
-0.02552091
0.1757583
0.02948415
0.9836607
(356.5, 20.2, 2.8)
quadrotor0
-0.02552091
0.1757583
0.02948415
0.9836607
(356.5, 20.2, 2.8)
quadrotor0
-0.02552091
0.1757583
0.02948415
0.9836607
(356.5, 20.2, 2.8)
quadrotor0
-0.02552091
0.1757583
0.02948415
0.9836607
(356.5, 20.2, 2.8)
quadrotor0
-0.02552091
0.1757583
0.02948415
0.9836607
(356.5, 20.2, 2.8)
quadrotor0
-0.02552091
0.1757583
0.02948415
0.9836607
(356.5, 20.2, 2.8)
quadrotor0
-0.02552091
0.1757583
0.02948415
0.9836607
(356.5, 20.2, 2.8)
quadrotor0
-0.02552091
0.1757583
0.02948415
0.9836607
(356.5, 20.2, 2.8)
quadrotor0
-0.02552091
0.1757583
0.02948415
0.9836607
(356.5, 20.2, 2.8)
quadrotor0
-0.02552091
0.1757583
0.02948415
0.9836607
(356.5, 20.2, 2.8)
quadrotor0
-0.02552091
0.1757583
0.02948415
0.9836607
(356.5, 20.2, 2.8)
quadrotor0
-0.02552091
0.1757583
0.02948415
0.9836607
(356.5, 20.2, 2.8)
quadrotor0
-0.02552091
0.1757583
0.02948415
0.9836607
(356.5, 20.2, 2.8)
quadrotor0
-0.02552091
0.1757583
0.02948415
0.9836607
(356.5, 20.2, 2.8)
quadrotor0
-0.02552091
0.1757583
0.02948415
0.9836607
(356.5, 20.2, 2.8)
quadrotor0
-0.02552091
0.1757583
0.02948415
0.9836607
(356.5, 20.2, 2.8)
quadrotor0
-0.02552091
0.1757583
0.02948415
0.9836607
(356.5, 20.2, 2.8)
quadrotor0
-0.02552091
0.1757583
0.02948415
0.9836607
(356.5, 20.2, 2.8)
quadrotor0
-0.02552091
0.1757583
0.02948415
0.9836607
(356.5, 20.2, 2.8)
quadrotor0
-0.02552091
0.1757583
0.02948415
0.9836607
(356.5, 20.2, 2.8)
quadrotor0
-0.02552091
0.1757583
0.02948415
0.9836607
(356.5, 20.2, 2.8)
quadrotor0
-0.02552091
0.1757583
0.02948415
0.9836607
(356.5, 20.2, 2.8)
quadrotor0
-0.02552091
0.1757583
0.02948415
0.9836607
(356.5, 20.2, 2.8)
quadrotor0
-0.02552091
0.1757583
0.02948415
0.9836607
(356.5, 20.2, 2.8)
quadrotor0
-0.02552091
0.1757583
0.02948415
0.9836607
(356.5, 20.2, 2.8)
quadrotor0
-0.02552091
0.1757583
0.02948415
0.9836607
(356.5, 20.2, 2.8)
quadrotor0
-0.02552091
0.1757583
0.02948415
0.9836607
(356.5, 20.2, 2.8)
quadrotor0
-0.02552091
0.1757583
0.02948415
0.9836607
(356.5, 20.2, 2.8)
quadrotor0
-0.02552091
0.1757583
0.02948415
0.9836607
(356.5, 20.2, 2.8)
quadrotor0
-0.02552091
0.1757583
0.02948415
0.9836607
(356.5, 20.2, 2.8)
quadrotor0
-0.02552091
0.1757583
0.02948415
0.9836607
(356.5, 20.2, 2.8)
quadrotor0
-0.02552091
0.1757583
0.02948415
0.9836607
(356.5, 20.2, 2.8)
quadrotor0
-0.02552091
0.1757583
0.02948415
0.9836607
(356.5, 20.2, 2.8)
quadrotor0
-0.02552091
0.1757583
0.02948415
0.9836607
(356.5, 20.2, 2.8)
quadrotor0
-0.02552091
0.1757583
0.02948415
0.9836607
(356.5, 20.2, 2.8)
quadrotor0
-0.02552091
0.1757583
0.02948415
0.9836607
(356.5, 20.2, 2.8)
quadrotor0
-0.02552091
0.1757583
0.02948415
0.9836607
(356.5, 20.2, 2.8)
quadrotor0
-0.02552091
0.1757583
0.02948415
0.9836607
(356.5, 20.2, 2.8)
quadrotor0
-0.02552091
0.1757583
0.02948415
0.9836607
(356.5, 20.2, 2.8)
quadrotor0
-0.02552091
0.1757583
0.02948415
0.9836607
(356.5, 20.2, 2.8)
quadrotor0
-0.02552091
0.1757583
0.02948415
0.9836607
(356.5, 20.2, 2.8)
quadrotor0
-0.02552091
0.1757583
0.02948415
0.9836607
(356.5, 20.2, 2.8)
quadrotor0
-0.02552091
0.1757583
0.02948415
0.9836607
(356.5, 20.2, 2.8)
quadrotor0
-0.02552091
0.1757583
0.02948415
0.9836607
(356.5, 20.2, 2.8)
quadrotor0
-0.02552091
0.1757583
0.02948415
0.9836607
(356.5, 20.2, 2.8)
quadrotor0
-0.02552091
0.1757583
0.02948415
0.9836607
(356.5, 20.2, 2.8)
quadrotor0
-0.02552091
0.1757583
0.02948415
0.9836607
(356.5, 20.2, 2.8)
quadrotor0
-0.02552091
0.1757583
0.02948415
0.9836607
(356.5, 20.2, 2.8)
quadrotor0
-0.02552091
0.1757583
0.02948415
0.9836607
(356.5, 20.2, 2.8)
quadrotor0
-0.02552091
0.1757583
0.02948415
0.9836607
(356.5, 20.2, 2.8)
quadrotor0
-0.02552091
0.1757583
0.02948415
0.9836607
(356.5, 20.2, 2.8)
quadrotor0
-0.02552091
0.1757583
0.02948415
0.9836607
(356.5, 20.2, 2.8)
quadrotor0
-0.02552091
0.1757583
0.02948415
0.9836607
(356.5, 20.2, 2.8)
quadrotor0
-0.02552091
0.1757583
0.02948415
0.9836607
(356.5, 20.2, 2.8)
quadrotor0
-0.02552091
0.1757583
0.02948415
0.9836607
(356.5, 20.2, 2.8)
quadrotor0
-0.02552091
0.1757583
0.02948415
0.9836607
(356.5, 20.2, 2.8)
quadrotor0
-0.02552091
0.1757583
0.02948415
0.9836607
(356.5, 20.2, 2.8)
quadrotor0
-0.02552091
0.1757583
0.02948415
0.9836607
(356.5, 20.2, 2.8)
quadrotor0
-0.02552091
0.1757583
0.02948415
0.9836607
(356.5, 20.2, 2.8)
quadrotor0
-0.02552091
0.1757583
0.02948415
0.9836607
(356.5, 20.2, 2.8)
quadrotor0
-0.02552091
0.1757583
0.02948415
0.9836607
(356.5, 20.2, 2.8)
quadrotor0
-0.02552091
0.1757583
0.02948415
0.9836607
(356.5, 20.2, 2.8)
quadrotor0
-0.02552091
0.1757583
0.02948415
0.9836607
(356.5, 20.2, 2.8)
quadrotor0
-0.02552091
0.1757583
0.02948415
0.9836607
(356.5, 20.2, 2.8)
quadrotor0
-0.02552091
0.1757583
0.02948415
0.9836607
(356.5, 20.2, 2.8)
quadrotor0
-0.02552091
0.1757583
0.02948415
0.9836607
(356.5, 20.2, 2.8)
quadrotor0
-0.02552091
0.1757583
0.02948415
0.9836607
(356.5, 20.2, 2.8)
quadrotor0
-0.02552091
0.1757583
0.02948415
0.9836607
(356.5, 20.2, 2.8)
quadrotor0
-0.02552091
0.1757583
0.02948415
0.9836607
(356.5, 20.2, 2.8)
quadrotor0
-0.02552091
0.1757583
0.02948415
0.9836607
(356.5, 20.2, 2.8)
quadrotor0
-0.02552091
0.1757583
0.02948415
0.9836607
(356.5, 20.2, 2.8)
quadrotor0
-0.02552091
0.1757583
0.02948415
0.9836607
(356.5, 20.2, 2.8)
quadrotor0
-0.02552091
0.1757583
0.02948415
0.9836607
(356.5, 20.2, 2.8)
quadrotor0
-0.02552091
0.1757583
0.02948415
0.9836607
(356.5, 20.2, 2.8)
quadrotor0
-0.02552091
0.1757583
0.02948415
0.9836607
(356.5, 20.2, 2.8)
quadrotor0
-0.02552091
0.1757583
0.02948415
0.9836607
(356.5, 20.2, 2.8)
quadrotor0
-0.02552091
0.1757583
0.02948415
0.9836607
(356.5, 20.2, 2.8)
quadrotor0
-0.02552091
0.1757583
0.02948415
0.9836607
(356.5, 20.2, 2.8)
quadrotor0
-0.02552091
0.1757583
0.02948415
0.9836607
(356.5, 20.2, 2.8)
quadrotor0
-0.02552091
0.1757583
0.02948415
0.9836607
(356.5, 20.2, 2.8)
quadrotor0
-0.02552091
0.1757583
0.02948415
0.9836607
(356.5, 20.2, 2.8)
quadrotor0
-0.02552091
0.1757583
0.02948415
0.9836607
(356.5, 20.2, 2.8)
quadrotor0
-0.02552091
0.1757583
0.02948415
0.9836607
(356.5, 20.2, 2.8)
quadrotor0
-0.02552091
0.1757583
0.02948415
0.9836607
(356.5, 20.2, 2.8)
quadrotor0
-0.02552091
0.1757583
0.02948415
0.9836607
(356.5, 20.2, 2.8)
quadrotor0
-0.02552091
0.1757583
0.02948415
0.9836607
(356.5, 20.2, 2.8)
quadrotor0
-0.02552091
0.1757583
0.02948415
0.9836607
(356.5, 20.2, 2.8)
quadrotor0
-0.02552091
0.1757583
0.02948415
0.9836607
(356.5, 20.2, 2.8)
quadrotor0
-0.02552091
0.1757583
0.02948415
0.9836607
(356.5, 20.2, 2.8)
quadrotor0
-0.02552091
0.1757583
0.02948415
0.9836607
(356.5, 20.2, 2.8)
quadrotor0
-0.02552091
0.1757583
0.02948415
0.9836607
(356.5, 20.2, 2.8)
quadrotor0
-0.02552091
0.1757583
0.02948415
0.9836607
(356.5, 20.2, 2.8)
quadrotor0
-0.02552091
0.1757583
0.02948415
0.9836607
(356.5, 20.2, 2.8)
quadrotor0
-0.02552091
0.1757583
0.02948415
0.9836607
(356.5, 20.2, 2.8)
quadrotor0
-0.02552091
0.1757583
0.02948415
0.9836607
(356.5, 20.2, 2.8)
quadrotor0
-0.02552091
0.1757583
0.02948415
0.9836607
(356.5, 20.2, 2.8)
quadrotor0
-0.02552091
0.1757583
0.02948415
0.9836607
(356.5, 20.2, 2.8)
quadrotor0
-0.02552091
0.1757583
0.02948415
0.9836607
(356.5, 20.2, 2.8)
quadrotor0
-0.02552091
0.1757583
0.02948415
0.9836607
(356.5, 20.2, 2.8)
quadrotor0
-0.02552091
0.1757583
0.02948415
0.9836607
(356.5, 20.2, 2.8)
quadrotor0
-0.02552091
0.1757583
0.02948415
0.9836607
(356.5, 20.2, 2.8)
quadrotor0
-0.02552091
0.1757583
0.02948415
0.9836607
(356.5, 20.2, 2.8)
quadrotor0
-0.02552091
0.1757583
0.02948415
0.9836607
(356.5, 20.2, 2.8)
quadrotor0
-0.02552091
0.1757583
0.02948415
0.9836607
(356.5, 20.2, 2.8)
quadrotor0
-0.02552091
0.1757583
0.02948415
0.9836607
(356.5, 20.2, 2.8)
quadrotor0
-0.02552091
0.1757583
0.02948415
0.9836607
(356.5, 20.2, 2.8)
quadrotor0
-0.02552091
0.1757583
0.02948415
0.9836607
(356.5, 20.2, 2.8)
quadrotor0
-0.02552091
0.1757583
0.02948415
0.9836607
(356.5, 20.2, 2.8)
quadrotor0
-0.02552091
0.1757583
0.02948415
0.9836607
(356.5, 20.2, 2.8)
quadrotor0
-0.02552091
0.1757583
0.02948415
0.9836607
(356.5, 20.2, 2.8)
quadrotor0
-0.02552091
0.1757583
0.02948415
0.9836607
(356.5, 20.2, 2.8)
quadrotor0
-0.02552091
0.1757583
0.02948415
0.9836607
(356.5, 20.2, 2.8)
quadrotor0
-0.02552091
0.1757583
0.02948415
0.9836607
(356.5, 20.2, 2.8)
quadrotor0
-0.02552091
0.1757583
0.02948415
0.9836607
(356.5, 20.2, 2.8)
quadrotor0
-0.02552091
0.1757583
0.02948415
0.9836607
(356.5, 20.2, 2.8)
quadrotor0
-0.02552091
0.1757583
0.02948415
0.9836607
(356.5, 20.2, 2.8)
quadrotor0
-0.02552091
0.1757583
0.02948415
0.9836607
(356.5, 20.2, 2.8)
quadrotor0
-0.02552091
0.1757583
0.02948415
0.9836607
(356.5, 20.2, 2.8)
quadrotor0
-0.02552091
0.1757583
0.02948415
0.9836607
(356.5, 20.2, 2.8)
quadrotor0
-0.02552091
0.1757583
0.02948415
0.9836607
(356.5, 20.2, 2.8)
quadrotor0
-0.02552091
0.1757583
0.02948415
0.9836607
(356.5, 20.2, 2.8)
quadrotor0
-0.02552091
0.1757583
0.02948415
0.9836607
(356.5, 20.2, 2.8)
quadrotor0
-0.02552091
0.1757583
0.02948415
0.9836607
(356.5, 20.2, 2.8)
quadrotor0
-0.02552091
0.1757583
0.02948415
0.9836607
(356.5, 20.2, 2.8)
quadrotor0
-0.02552091
0.1757583
0.02948415
0.9836607
(356.5, 20.2, 2.8)
quadrotor0
-0.02552091
0.1757583
0.02948415
0.9836607
(356.5, 20.2, 2.8)
quadrotor0
-0.02552091
0.1757583
0.02948415
0.9836607
(356.5, 20.2, 2.8)
quadrotor0
-0.02552091
0.1757583
0.02948415
0.9836607
(356.5, 20.2, 2.8)
quadrotor0
-0.02552091
0.1757583
0.02948415
0.9836607
(356.5, 20.2, 2.8)
quadrotor0
-0.02552091
0.1757583
0.02948415
0.9836607
(356.5, 20.2, 2.8)
quadrotor0
-0.02552091
0.1757583
0.02948415
0.9836607
(356.5, 20.2, 2.8)
quadrotor0
-0.02552091
0.1757583
0.02948415
0.9836607
(356.5, 20.2, 2.8)
quadrotor0
-0.02552091
0.1757583
0.02948415
0.9836607
(356.5, 20.2, 2.8)
quadrotor0
-0.02552091
0.1757583
0.02948415
0.9836607
(356.5, 20.2, 2.8)
quadrotor0
-0.02552091
0.1757583
0.02948415
0.9836607
(356.5, 20.2, 2.8)
quadrotor0
-0.02552091
0.1757583
0.02948415
0.9836607
(356.5, 20.2, 2.8)
quadrotor0
-0.02552091
0.1757583
0.02948415
0.9836607
(356.5, 20.2, 2.8)
quadrotor0
-0.02552091
0.1757583
0.02948415
0.9836607
(356.5, 20.2, 2.8)
quadrotor0
-0.02552091
0.1757583
0.02948415
0.9836607
(356.5, 20.2, 2.8)
quadrotor0
-0.02552091
0.1757583
0.02948415
0.9836607
(356.5, 20.2, 2.8)
quadrotor0
-0.02552091
0.1757583
0.02948415
0.9836607
(356.5, 20.2, 2.8)
quadrotor0
-0.02552091
0.1757583
0.02948415
0.9836607
(356.5, 20.2, 2.8)
quadrotor0
-0.02552091
0.1757583
0.02948415
0.9836607
(356.5, 20.2, 2.8)
quadrotor0
-0.02552091
0.1757583
0.02948415
0.9836607
(356.5, 20.2, 2.8)
quadrotor0
-0.02552091
0.1757583
0.02948415
0.9836607
(356.5, 20.2, 2.8)
quadrotor0
-0.02552091
0.1757583
0.02948415
0.9836607
(356.5, 20.2, 2.8)
quadrotor0
-0.02552091
0.1757583
0.02948415
0.9836607
(356.5, 20.2, 2.8)
quadrotor0
-0.02552091
0.1757583
0.02948415
0.9836607
(356.5, 20.2, 2.8)
quadrotor0
-0.02552091
0.1757583
0.02948415
0.9836607
(356.5, 20.2, 2.8)
quadrotor0
-0.02552091
0.1757583
0.02948415
0.9836607
(356.5, 20.2, 2.8)
quadrotor0
-0.02552091
0.1757583
0.02948416
0.9836607
(356.5, 20.2, 2.8)
quadrotor0
-0.02552091
0.1757583
0.02948415
0.9836607
(356.5, 20.2, 2.8)
quadrotor0
-0.02552091
0.1757583
0.02948415
0.9836607
(356.5, 20.2, 2.8)
quadrotor0
-0.02552091
0.1757583
0.02948415
0.9836607
(356.5, 20.2, 2.8)
quadrotor0
-0.02552091
0.1757583
0.02948415
0.9836607
(356.5, 20.2, 2.8)
quadrotor0
-0.02552091
0.1757583
0.02948415
0.9836607
(356.5, 20.2, 2.8)
quadrotor0
-0.02552091
0.1757583
0.02948415
0.9836607
(356.5, 20.2, 2.8)
quadrotor0
-0.02552091
0.1757583
0.02948415
0.9836607
(356.5, 20.2, 2.8)
quadrotor0
-0.02552091
0.1757583
0.02948415
0.9836607
(356.5, 20.2, 2.8)
quadrotor0
-0.02552091
0.1757583
0.02948415
0.9836607
(356.5, 20.2, 2.8)
quadrotor0
-0.02552091
0.1757583
0.02948415
0.9836607
(356.5, 20.2, 2.8)
quadrotor0
-0.02552091
0.1757583
0.02948415
0.9836607
(356.5, 20.2, 2.8)
quadrotor0
-0.02552091
0.1757583
0.02948415
0.9836607
(356.5, 20.2, 2.8)
quadrotor0
-0.02552091
0.1757583
0.02948415
0.9836607
(356.5, 20.2, 2.8)
quadrotor0
-0.02552091
0.1757583
0.02948415
0.9836607
(356.5, 20.2, 2.8)
quadrotor0
-0.02552091
0.1757583
0.02948415
0.9836607
(356.5, 20.2, 2.8)
quadrotor0
-0.02552091
0.1757583
0.02948415
0.9836607
(356.5, 20.2, 2.8)
quadrotor0
-0.02552091
0.1757583
0.02948415
0.9836607
(356.5, 20.2, 2.8)
quadrotor0
-0.02552091
0.1757583
0.02948415
0.9836607
(356.5, 20.2, 2.8)
quadrotor0
-0.02552091
0.1757583
0.02948415
0.9836607
(356.5, 20.2, 2.8)
quadrotor0
-0.02552091
0.1757583
0.02948415
0.9836607
(356.5, 20.2, 2.8)
quadrotor0
-0.02552091
0.1757583
0.02948415
0.9836607
(356.5, 20.2, 2.8)
quadrotor0
-0.02552091
0.1757583
0.02948415
0.9836607
(356.5, 20.2, 2.8)
quadrotor0
-0.02552091
0.1757583
0.02948415
0.9836607
(356.5, 20.2, 2.8)
quadrotor0
-0.02552091
0.1757583
0.02948415
0.9836607
(356.5, 20.2, 2.8)
quadrotor0
-0.02552091
0.1757583
0.02948415
0.9836607
(356.5, 20.2, 2.8)
quadrotor0
-0.02552091
0.1757583
0.02948415
0.9836607
(356.5, 20.2, 2.8)
quadrotor0
-0.02552091
0.1757583
0.02948415
0.9836607
(356.5, 20.2, 2.8)
quadrotor0
-0.02552091
0.1757583
0.02948415
0.9836607
(356.5, 20.2, 2.8)
quadrotor0
-0.02552091
0.1757583
0.02948415
0.9836607
(356.5, 20.2, 2.8)
quadrotor0
-0.02552091
0.1757583
0.02948415
0.9836607
(356.5, 20.2, 2.8)
quadrotor0
-0.02552091
0.1757583
0.02948415
0.9836607
(356.5, 20.2, 2.8)
quadrotor0
-0.02552091
0.1757583
0.02948415
0.9836607
(356.5, 20.2, 2.8)
quadrotor0
-0.02552091
0.1757583
0.02948415
0.9836607
(356.5, 20.2, 2.8)
quadrotor0
-0.02552091
0.1757583
0.02948415
0.9836607
(356.5, 20.2, 2.8)
quadrotor0
-0.02552091
0.1757583
0.02948415
0.9836607
(356.5, 20.2, 2.8)
quadrotor0
-0.02552091
0.1757583
0.02948415
0.9836607
(356.5, 20.2, 2.8)
quadrotor0
-0.02552091
0.1757583
0.02948415
0.9836607
(356.5, 20.2, 2.8)
quadrotor0
-0.02552091
0.1757583
0.02948415
0.9836607
(356.5, 20.2, 2.8)
quadrotor0
-0.02552091
0.1757583
0.02948415
0.9836607
(356.5, 20.2, 2.8)
quadrotor0
-0.02552091
0.1757583
0.02948415
0.9836607
(356.5, 20.2, 2.8)
quadrotor0
-0.02552091
0.1757583
0.02948415
0.9836607
(356.5, 20.2, 2.8)
quadrotor0
-0.02552091
0.1757583
0.02948415
0.9836607
(356.5, 20.2, 2.8)
quadrotor0
-0.02552091
0.1757583
0.02948415
0.9836607
(356.5, 20.2, 2.8)
quadrotor0
-0.02552091
0.1757583
0.02948415
0.9836607
(356.5, 20.2, 2.8)
quadrotor0
-0.02552091
0.1757583
0.02948415
0.9836607
(356.5, 20.2, 2.8)
quadrotor0
-0.02552091
0.1757583
0.02948415
0.9836607
(356.5, 20.2, 2.8)
quadrotor0
-0.02552091
0.1757583
0.02948415
0.9836607
(356.5, 20.2, 2.8)
quadrotor0
-0.02552091
0.1757583
0.02948415
0.9836607
(356.5, 20.2, 2.8)
quadrotor0
-0.02552091
0.1757583
0.02948415
0.9836607
(356.5, 20.2, 2.8)
quadrotor0
-0.02552091
0.1757583
0.02948415
0.9836607
(356.5, 20.2, 2.8)
quadrotor0
-0.02552091
0.1757583
0.02948415
0.9836607
(356.5, 20.2, 2.8)
quadrotor0
-0.02552091
0.1757583
0.02948415
0.9836607
(356.5, 20.2, 2.8)
quadrotor0
-0.02552091
0.1757583
0.02948415
0.9836607
(356.5, 20.2, 2.8)
quadrotor0
-0.02552091
0.1757583
0.02948415
0.9836607
(356.5, 20.2, 2.8)
quadrotor0
-0.02552091
0.1757583
0.02948415
0.9836607
(356.5, 20.2, 2.8)
quadrotor0
-0.02552091
0.1757583
0.02948415
0.9836607
(356.5, 20.2, 2.8)
quadrotor0
-0.02552091
0.1757583
0.02948415
0.9836607
(356.5, 20.2, 2.8)
quadrotor0
-0.02552091
0.1757583
0.02948415
0.9836607
(356.5, 20.2, 2.8)
quadrotor0
-0.02552091
0.1757583
0.02948415
0.9836607
(356.5, 20.2, 2.8)
quadrotor0
-0.02552091
0.1757583
0.02948415
0.9836607
(356.5, 20.2, 2.8)
quadrotor0
-0.02552091
0.1757583
0.02948415
0.9836607
(356.5, 20.2, 2.8)
quadrotor0
-0.02552091
0.1757583
0.02948415
0.9836607
(356.5, 20.2, 2.8)
quadrotor0
-0.02552091
0.1757583
0.02948415
0.9836607
(356.5, 20.2, 2.8)
quadrotor0
-0.02552091
0.1757583
0.02948415
0.9836607
(356.5, 20.2, 2.8)
quadrotor0
-0.02552091
0.1757583
0.02948415
0.9836607
(356.5, 20.2, 2.8)
quadrotor0
-0.02552091
0.1757583
0.02948415
0.9836607
(356.5, 20.2, 2.8)
quadrotor0
-0.02552091
0.1757583
0.02948415
0.9836607
(356.5, 20.2, 2.8)
quadrotor0
-0.02552091
0.1757583
0.02948415
0.9836607
(356.5, 20.2, 2.8)
quadrotor0
-0.02552091
0.1757583
0.02948415
0.9836607
(356.5, 20.2, 2.8)
quadrotor0
-0.02552091
0.1757583
0.02948415
0.9836607
(356.5, 20.2, 2.8)
quadrotor0
-0.02552091
0.1757583
0.02948415
0.9836607
(356.5, 20.2, 2.8)
quadrotor0
-0.02552091
0.1757583
0.02948415
0.9836607
(356.5, 20.2, 2.8)
quadrotor0
-0.02552091
0.1757583
0.02948415
0.9836607
(356.5, 20.2, 2.8)
quadrotor0
-0.02552091
0.1757583
0.02948415
0.9836607
(356.5, 20.2, 2.8)
quadrotor0
-0.02552091
0.1757583
0.02948415
0.9836607
(356.5, 20.2, 2.8)
quadrotor0
-0.02552091
0.1757583
0.02948415
0.9836607
(356.5, 20.2, 2.8)
quadrotor0
-0.02552091
0.1757583
0.02948415
0.9836607
(356.5, 20.2, 2.8)
quadrotor0
-0.02552091
0.1757583
0.02948415
0.9836607
(356.5, 20.2, 2.8)
quadrotor0
-0.02552091
0.1757583
0.02948415
0.9836607
(356.5, 20.2, 2.8)
quadrotor0
-0.02552091
0.1757583
0.02948415
0.9836607
(356.5, 20.2, 2.8)
quadrotor0
-0.02552091
0.1757583
0.02948415
0.9836607
(356.5, 20.2, 2.8)
quadrotor0
-0.02552091
0.1757583
0.02948415
0.9836607
(356.5, 20.2, 2.8)
quadrotor0
-0.02552091
0.1757583
0.02948415
0.9836607
(356.5, 20.2, 2.8)
quadrotor0
-0.02552091
0.1757583
0.02948415
0.9836607
(356.5, 20.2, 2.8)
quadrotor0
-0.02552091
0.1757583
0.02948415
0.9836607
(356.5, 20.2, 2.8)
quadrotor0
-0.02552091
0.1757583
0.02948415
0.9836607
(356.5, 20.2, 2.8)
quadrotor0
-0.02552091
0.1757583
0.02948415
0.9836607
(356.5, 20.2, 2.8)
quadrotor0
-0.02552091
0.1757583
0.02948416
0.9836607
(356.5, 20.2, 2.8)
quadrotor0
-0.02552091
0.1757583
0.02948416
0.9836607
(356.5, 20.2, 2.8)
quadrotor0
-0.02552091
0.1757583
0.02948416
0.9836607
(356.5, 20.2, 2.8)
quadrotor0
-0.02552091
0.1757583
0.02948415
0.9836607
(356.5, 20.2, 2.8)
quadrotor0
-0.02552091
0.1757583
0.02948415
0.9836607
(356.5, 20.2, 2.8)
quadrotor0
-0.02552091
0.1757583
0.02948415
0.9836607
(356.5, 20.2, 2.8)
quadrotor0
-0.02552091
0.1757583
0.02948415
0.9836607
(356.5, 20.2, 2.8)
quadrotor0
-0.02552091
0.1757583
0.02948415
0.9836607
(356.5, 20.2, 2.8)
quadrotor0
-0.02552091
0.1757583
0.02948415
0.9836607
(356.5, 20.2, 2.8)
quadrotor0
-0.02552091
0.1757583
0.02948415
0.9836607
(356.5, 20.2, 2.8)
quadrotor0
-0.02552091
0.1757583
0.02948415
0.9836607
(356.5, 20.2, 2.8)
quadrotor0
-0.02552091
0.1757583
0.02948415
0.9836607
(356.5, 20.2, 2.8)
quadrotor0
-0.02552091
0.1757583
0.02948415
0.9836607
(356.5, 20.2, 2.8)
quadrotor0
-0.02552091
0.1757583
0.02948415
0.9836607
(356.5, 20.2, 2.8)
quadrotor0
-0.02552091
0.1757583
0.02948415
0.9836607
(356.5, 20.2, 2.8)
quadrotor0
-0.02552091
0.1757583
0.02948415
0.9836607
(356.5, 20.2, 2.8)
quadrotor0
-0.02552091
0.1757583
0.02948415
0.9836607
(356.5, 20.2, 2.8)
quadrotor0
-0.02552091
0.1757583
0.02948415
0.9836607
(356.5, 20.2, 2.8)
quadrotor0
-0.02552091
0.1757583
0.02948415
0.9836607
(356.5, 20.2, 2.8)
quadrotor0
-0.02552091
0.1757583
0.02948415
0.9836607
(356.5, 20.2, 2.8)
quadrotor0
-0.02552091
0.1757583
0.02948415
0.9836607
(356.5, 20.2, 2.8)
quadrotor0
-0.02552091
0.1757583
0.02948415
0.9836607
(356.5, 20.2, 2.8)
quadrotor0
-0.02552091
0.1757583
0.02948415
0.9836607
(356.5, 20.2, 2.8)
quadrotor0
-0.02552091
0.1757583
0.02948415
0.9836607
(356.5, 20.2, 2.8)
quadrotor0
-0.02552091
0.1757583
0.02948415
0.9836607
(356.5, 20.2, 2.8)
quadrotor0
-0.02552091
0.1757583
0.02948415
0.9836607
(356.5, 20.2, 2.8)
quadrotor0
-0.02552091
0.1757583
0.02948415
0.9836607
(356.5, 20.2, 2.8)
quadrotor0
-0.02552091
0.1757583
0.02948415
0.9836607
(356.5, 20.2, 2.8)
quadrotor0
-0.02552091
0.1757583
0.02948415
0.9836607
(356.5, 20.2, 2.8)
quadrotor0
-0.02552091
0.1757583
0.02948415
0.9836607
(356.5, 20.2, 2.8)
quadrotor0
-0.02552091
0.1757583
0.02948415
0.9836607
(356.5, 20.2, 2.8)
quadrotor0
-0.02552091
0.1757583
0.02948415
0.9836607
(356.5, 20.2, 2.8)
quadrotor0
-0.02552091
0.1757583
0.02948415
0.9836607
(356.5, 20.2, 2.8)
quadrotor0
-0.02552091
0.1757583
0.02948415
0.9836607
(356.5, 20.2, 2.8)
quadrotor0
-0.02552091
0.1757583
0.02948415
0.9836607
(356.5, 20.2, 2.8)
quadrotor0
-0.02552091
0.1757583
0.02948415
0.9836607
(356.5, 20.2, 2.8)
quadrotor0
-0.02552091
0.1757583
0.02948415
0.9836607
(356.5, 20.2, 2.8)
quadrotor0
-0.02552091
0.1757583
0.02948415
0.9836607
(356.5, 20.2, 2.8)
quadrotor0
-0.02552091
0.1757583
0.02948415
0.9836607
(356.5, 20.2, 2.8)
quadrotor0
-0.02552091
0.1757583
0.02948415
0.9836607
(356.5, 20.2, 2.8)
quadrotor0
-0.02552091
0.1757583
0.02948415
0.9836607
(356.5, 20.2, 2.8)
quadrotor0
-0.02552091
0.1757583
0.02948415
0.9836607
(356.5, 20.2, 2.8)
quadrotor0
-0.02552091
0.1757583
0.02948415
0.9836607
(356.5, 20.2, 2.8)
quadrotor0
-0.02552091
0.1757583
0.02948415
0.9836607
(356.5, 20.2, 2.8)
quadrotor0
-0.02552091
0.1757583
0.02948415
0.9836607
(356.5, 20.2, 2.8)
quadrotor0
-0.02552091
0.1757583
0.02948415
0.9836607
(356.5, 20.2, 2.8)
quadrotor0
-0.02552091
0.1757583
0.02948415
0.9836607
(356.5, 20.2, 2.8)
quadrotor0
-0.02552091
0.1757583
0.02948415
0.9836607
(356.5, 20.2, 2.8)
quadrotor0
-0.02552091
0.1757583
0.02948415
0.9836607
(356.5, 20.2, 2.8)
quadrotor0
-0.02552091
0.1757583
0.02948415
0.9836607
(356.5, 20.2, 2.8)
quadrotor0
-0.02552091
0.1757583
0.02948415
0.9836607
(356.5, 20.2, 2.8)
quadrotor0
-0.02552091
0.1757583
0.02948415
0.9836607
(356.5, 20.2, 2.8)
quadrotor0
-0.02552091
0.1757583
0.02948415
0.9836607
(356.5, 20.2, 2.8)
quadrotor0
-0.02552091
0.1757583
0.02948415
0.9836607
(356.5, 20.2, 2.8)
quadrotor0
-0.02552091
0.1757583
0.02948415
0.9836607
(356.5, 20.2, 2.8)
quadrotor0
-0.02552091
0.1757583
0.02948415
0.9836607
(356.5, 20.2, 2.8)
quadrotor0
-0.02552091
0.1757583
0.02948415
0.9836607
(356.5, 20.2, 2.8)
quadrotor0
-0.02552091
0.1757583
0.02948415
0.9836607
(356.5, 20.2, 2.8)
quadrotor0
-0.02552091
0.1757583
0.02948415
0.9836607
(356.5, 20.2, 2.8)
quadrotor0
-0.02552091
0.1757583
0.02948415
0.9836607
(356.5, 20.2, 2.8)
quadrotor0
-0.02552091
0.1757583
0.02948415
0.9836607
(356.5, 20.2, 2.8)
quadrotor0
-0.02552091
0.1757583
0.02948415
0.9836607
(356.5, 20.2, 2.8)
quadrotor0
-0.02552091
0.1757583
0.02948415
0.9836607
(356.5, 20.2, 2.8)
quadrotor0
-0.02552091
0.1757583
0.02948415
0.9836607
(356.5, 20.2, 2.8)
quadrotor0
-0.02552091
0.1757583
0.02948415
0.9836607
(356.5, 20.2, 2.8)
quadrotor0
-0.02552091
0.1757583
0.02948415
0.9836607
(356.5, 20.2, 2.8)
quadrotor0
-0.02552091
0.1757583
0.02948415
0.9836607
(356.5, 20.2, 2.8)
quadrotor0
-0.02552091
0.1757583
0.02948415
0.9836607
(356.5, 20.2, 2.8)
quadrotor0
-0.02552091
0.1757583
0.02948415
0.9836607
(356.5, 20.2, 2.8)
quadrotor0
-0.02552091
0.1757583
0.02948415
0.9836607
(356.5, 20.2, 2.8)
quadrotor0
-0.02552091
0.1757583
0.02948415
0.9836607
(356.5, 20.2, 2.8)
quadrotor0
-0.02552091
0.1757583
0.02948415
0.9836607
(356.5, 20.2, 2.8)
quadrotor0
-0.02552091
0.1757583
0.02948415
0.9836607
(356.5, 20.2, 2.8)
quadrotor0
-0.02552091
0.1757583
0.02948415
0.9836607
(356.5, 20.2, 2.8)
quadrotor0
-0.02552091
0.1757583
0.02948415
0.9836607
(356.5, 20.2, 2.8)
quadrotor0
-0.02552091
0.1757583
0.02948415
0.9836607
(356.5, 20.2, 2.8)
quadrotor0
-0.02552091
0.1757583
0.02948415
0.9836607
(356.5, 20.2, 2.8)
quadrotor0
-0.02552091
0.1757583
0.02948415
0.9836607
(356.5, 20.2, 2.8)
quadrotor0
-0.02552091
0.1757583
0.02948415
0.9836607
(356.5, 20.2, 2.8)
quadrotor0
-0.02552091
0.1757583
0.02948415
0.9836607
(356.5, 20.2, 2.8)
quadrotor0
-0.02552091
0.1757583
0.02948415
0.9836607
(356.5, 20.2, 2.8)
quadrotor0
-0.02552091
0.1757583
0.02948415
0.9836607
(356.5, 20.2, 2.8)
quadrotor0
-0.02552091
0.1757583
0.02948415
0.9836607
(356.5, 20.2, 2.8)
quadrotor0
-0.02552091
0.1757583
0.02948415
0.9836607
(356.5, 20.2, 2.8)
quadrotor0
-0.02552091
0.1757583
0.02948415
0.9836607
(356.5, 20.2, 2.8)
quadrotor0
-0.02552091
0.1757583
0.02948415
0.9836607
(356.5, 20.2, 2.8)
quadrotor0
-0.02552091
0.1757583
0.02948415
0.9836607
(356.5, 20.2, 2.8)
quadrotor0
-0.02552091
0.1757583
0.02948415
0.9836607
(356.5, 20.2, 2.8)
quadrotor0
-0.02552091
0.1757583
0.02948415
0.9836607
(356.5, 20.2, 2.8)
quadrotor0
-0.02552091
0.1757583
0.02948415
0.9836607
(356.5, 20.2, 2.8)
quadrotor0
-0.02552091
0.1757583
0.02948415
0.9836607
(356.5, 20.2, 2.8)
quadrotor0
-0.02552091
0.1757583
0.02948415
0.9836607
(356.5, 20.2, 2.8)
quadrotor0
-0.02552091
0.1757583
0.02948415
0.9836607
(356.5, 20.2, 2.8)
quadrotor0
-0.02552091
0.1757583
0.02948415
0.9836607
(356.5, 20.2, 2.8)
quadrotor0
-0.02552091
0.1757583
0.02948415
0.9836607
(356.5, 20.2, 2.8)
quadrotor0
-0.02552091
0.1757583
0.02948415
0.9836607
(356.5, 20.2, 2.8)
quadrotor0
-0.02552091
0.1757583
0.02948415
0.9836607
(356.5, 20.2, 2.8)
quadrotor0
-0.02552091
0.1757583
0.02948415
0.9836607
(356.5, 20.2, 2.8)
quadrotor0
-0.02552091
0.1757583
0.02948415
0.9836607
(356.5, 20.2, 2.8)
quadrotor0
-0.02552091
0.1757583
0.02948415
0.9836607
(356.5, 20.2, 2.8)
quadrotor0
-0.02552091
0.1757583
0.02948415
0.9836607
(356.5, 20.2, 2.8)
quadrotor0
-0.02552091
0.1757583
0.02948415
0.9836607
(356.5, 20.2, 2.8)
quadrotor0
-0.02552091
0.1757583
0.02948415
0.9836607
(356.5, 20.2, 2.8)
quadrotor0
-0.02552091
0.1757583
0.02948415
0.9836607
(356.5, 20.2, 2.8)
quadrotor0
-0.02552091
0.1757583
0.02948415
0.9836607
(356.5, 20.2, 2.8)
quadrotor0
-0.02552091
0.1757583
0.02948415
0.9836607
(356.5, 20.2, 2.8)
quadrotor0
-0.02552091
0.1757583
0.02948415
0.9836607
(356.5, 20.2, 2.8)
quadrotor0
-0.02552091
0.1757583
0.02948415
0.9836607
(356.5, 20.2, 2.8)
quadrotor0
-0.02552091
0.1757583
0.02948415
0.9836607
(356.5, 20.2, 2.8)
quadrotor0
-0.02552091
0.1757583
0.02948415
0.9836607
(356.5, 20.2, 2.8)
quadrotor0
-0.02552091
0.1757583
0.02948415
0.9836607
(356.5, 20.2, 2.8)
quadrotor0
-0.02552091
0.1757583
0.02948415
0.9836607
(356.5, 20.2, 2.8)
quadrotor0
-0.02552091
0.1757583
0.02948415
0.9836607
(356.5, 20.2, 2.8)
quadrotor0
-0.02552091
0.1757583
0.02948415
0.9836607
(356.5, 20.2, 2.8)
quadrotor0
-0.02552091
0.1757583
0.02948415
0.9836607
(356.5, 20.2, 2.8)
quadrotor0
-0.02552091
0.1757583
0.02948415
0.9836607
(356.5, 20.2, 2.8)
quadrotor0
-0.02552091
0.1757583
0.02948415
0.9836607
(356.5, 20.2, 2.8)
quadrotor0
-0.02552091
0.1757583
0.02948415
0.9836607
(356.5, 20.2, 2.8)
quadrotor0
-0.02552091
0.1757583
0.02948415
0.9836607
(356.5, 20.2, 2.8)
quadrotor0
-0.02552091
0.1757583
0.02948415
0.9836607
(356.5, 20.2, 2.8)
quadrotor0
-0.02552091
0.1757583
0.02948415
0.9836607
(356.5, 20.2, 2.8)
quadrotor0
-0.02552091
0.1757583
0.02948415
0.9836607
(356.5, 20.2, 2.8)
quadrotor0
-0.02552091
0.1757583
0.02948415
0.9836607
(356.5, 20.2, 2.8)
quadrotor0
-0.02552091
0.1757583
0.02948415
0.9836607
(356.5, 20.2, 2.8)
quadrotor0
-0.02552091
0.1757583
0.02948415
0.9836607
(356.5, 20.2, 2.8)
quadrotor0
-0.02552091
0.1757583
0.02948415
0.9836607
(356.5, 20.2, 2.8)
quadrotor0
-0.02552091
0.1757583
0.02948415
0.9836607
(356.5, 20.2, 2.8)
quadrotor0
-0.02552091
0.1757583
0.02948415
0.9836607
(356.5, 20.2, 2.8)
quadrotor0
-0.02552091
0.1757583
0.02948415
0.9836607
(356.5, 20.2, 2.8)
quadrotor0
-0.02552091
0.1757583
0.02948415
0.9836607
(356.5, 20.2, 2.8)
quadrotor0
-0.02552091
0.1757583
0.02948415
0.9836607
(356.5, 20.2, 2.8)
quadrotor0
-0.02552091
0.1757583
0.02948415
0.9836607
(356.5, 20.2, 2.8)
quadrotor0
-0.02552091
0.1757583
0.02948415
0.9836607
(356.5, 20.2, 2.8)
quadrotor0
-0.02552091
0.1757583
0.02948415
0.9836607
(356.5, 20.2, 2.8)
quadrotor0
-0.02552091
0.1757583
0.02948415
0.9836607
(356.5, 20.2, 2.8)
quadrotor0
-0.02552091
0.1757583
0.02948415
0.9836607
(356.5, 20.2, 2.8)
quadrotor0
-0.02552091
0.1757583
0.02948415
0.9836607
(356.5, 20.2, 2.8)
quadrotor0
-0.02552091
0.1757583
0.02948415
0.9836607
(356.5, 20.2, 2.8)
quadrotor0
-0.02552091
0.1757583
0.02948415
0.9836607
(356.5, 20.2, 2.8)
quadrotor0
-0.02552091
0.1757583
0.02948415
0.9836607
(356.5, 20.2, 2.8)
quadrotor0
-0.02552091
0.1757583
0.02948415
0.9836607
(356.5, 20.2, 2.8)
quadrotor0
-0.02552091
0.1757583
0.02948415
0.9836607
(356.5, 20.2, 2.8)
quadrotor0
-0.02552091
0.1757583
0.02948415
0.9836607
(356.5, 20.2, 2.8)
quadrotor0
-0.02552091
0.1757583
0.02948415
0.9836607
(356.5, 20.2, 2.8)
quadrotor0
-0.02552091
0.1757583
0.02948415
0.9836607
(356.5, 20.2, 2.8)
quadrotor0
-0.02552091
0.1757583
0.02948415
0.9836607
(356.5, 20.2, 2.8)
quadrotor0
-0.02552091
0.1757583
0.02948415
0.9836607
(356.5, 20.2, 2.8)
quadrotor0
-0.02552091
0.1757583
0.02948415
0.9836607
(356.5, 20.2, 2.8)
quadrotor0
-0.02552091
0.1757583
0.02948415
0.9836607
(356.5, 20.2, 2.8)
quadrotor0
-0.02552091
0.1757583
0.02948415
0.9836607
(356.5, 20.2, 2.8)
quadrotor0
-0.02552091
0.1757583
0.02948415
0.9836607
(356.5, 20.2, 2.8)
quadrotor0
-0.02552091
0.1757583
0.02948415
0.9836607
(356.5, 20.2, 2.8)
quadrotor0
-0.02552091
0.1757583
0.02948415
0.9836607
(356.5, 20.2, 2.8)
quadrotor0
-0.02552091
0.1757583
0.02948415
0.9836607
(356.5, 20.2, 2.8)
quadrotor0
-0.02552091
0.1757583
0.02948415
0.9836607
(356.5, 20.2, 2.8)
quadrotor0
-0.02552091
0.1757583
0.02948415
0.9836607
(356.5, 20.2, 2.8)
quadrotor0
-0.02552091
0.1757583
0.02948415
0.9836607
(356.5, 20.2, 2.8)
quadrotor0
-0.02552091
0.1757583
0.02948415
0.9836607
(356.5, 20.2, 2.8)
quadrotor0
-0.02552091
0.1757583
0.02948415
0.9836607
(356.5, 20.2, 2.8)
quadrotor0
-0.02552091
0.1757583
0.02948415
0.9836607
(356.5, 20.2, 2.8)
quadrotor0
-0.02552091
0.1757583
0.02948415
0.9836607
(356.5, 20.2, 2.8)
quadrotor0
-0.02552091
0.1757583
0.02948415
0.9836607
(356.5, 20.2, 2.8)
quadrotor0
-0.02552091
0.1757583
0.02948415
0.9836607
(356.5, 20.2, 2.8)
quadrotor0
-0.02552091
0.1757583
0.02948415
0.9836607
(356.5, 20.2, 2.8)
quadrotor0
-0.02552091
0.1757583
0.02948415
0.9836607
(356.5, 20.2, 2.8)
quadrotor0
-0.02552091
0.1757583
0.02948415
0.9836607
(356.5, 20.2, 2.8)
quadrotor0
-0.02552091
0.1757583
0.02948415
0.9836607
(356.5, 20.2, 2.8)
quadrotor0
-0.02552091
0.1757583
0.02948415
0.9836607
(356.5, 20.2, 2.8)
quadrotor0
-0.02552091
0.1757583
0.02948415
0.9836607
(356.5, 20.2, 2.8)
quadrotor0
-0.02552091
0.1757583
0.02948415
0.9836607
(356.5, 20.2, 2.8)
quadrotor0
-0.02552091
0.1757583
0.02948415
0.9836607
(356.5, 20.2, 2.8)
quadrotor0
-0.02552091
0.1757583
0.02948415
0.9836607
(356.5, 20.2, 2.8)
quadrotor0
-0.02552091
0.1757583
0.02948415
0.9836607
(356.5, 20.2, 2.8)
quadrotor0
-0.02552091
0.1757583
0.02948415
0.9836607
(356.5, 20.2, 2.8)
quadrotor0
-0.02552091
0.1757583
0.02948415
0.9836607
(356.5, 20.2, 2.8)
quadrotor0
-0.02552091
0.1757583
0.02948415
0.9836607
(356.5, 20.2, 2.8)
quadrotor0
-0.02552091
0.1757583
0.02948415
0.9836607
(356.5, 20.2, 2.8)
quadrotor0
-0.02552091
0.1757583
0.02948415
0.9836607
(356.5, 20.2, 2.8)
quadrotor0
-0.02552091
0.1757583
0.02948415
0.9836607
(356.5, 20.2, 2.8)
quadrotor0
-0.02552091
0.1757583
0.02948415
0.9836607
(356.5, 20.2, 2.8)
quadrotor0
-0.02552091
0.1757583
0.02948415
0.9836607
(356.5, 20.2, 2.8)
quadrotor0
-0.02552091
0.1757583
0.02948415
0.9836607
(356.5, 20.2, 2.8)
quadrotor0
-0.02552091
0.1757583
0.02948415
0.9836607
(356.5, 20.2, 2.8)
quadrotor0
-0.02552091
0.1757583
0.02948415
0.9836607
(356.5, 20.2, 2.8)
quadrotor0
-0.02552091
0.1757583
0.02948415
0.9836607
(356.5, 20.2, 2.8)
quadrotor0
-0.02552091
0.1757583
0.02948415
0.9836607
(356.5, 20.2, 2.8)
quadrotor0
-0.02552091
0.1757583
0.02948415
0.9836607
(356.5, 20.2, 2.8)
quadrotor0
-0.02552091
0.1757583
0.02948415
0.9836607
(356.5, 20.2, 2.8)
quadrotor0
-0.02552091
0.1757583
0.02948416
0.9836607
(356.5, 20.2, 2.8)
quadrotor0
-0.02552091
0.1757583
0.02948416
0.9836607
(356.5, 20.2, 2.8)
quadrotor0
-0.02552091
0.1757583
0.02948416
0.9836607
(356.5, 20.2, 2.8)
quadrotor0
-0.02552091
0.1757583
0.02948416
0.9836607
(356.5, 20.2, 2.8)
quadrotor0
-0.02552091
0.1757583
0.02948416
0.9836607
(356.5, 20.2, 2.8)
quadrotor0
-0.02552091
0.1757583
0.02948416
0.9836607
(356.5, 20.2, 2.8)
quadrotor0
-0.02552091
0.1757583
0.02948415
0.9836607
(356.5, 20.2, 2.8)
quadrotor0
-0.02552091
0.1757583
0.02948415
0.9836607
(356.5, 20.2, 2.8)
quadrotor0
-0.02552091
0.1757583
0.02948415
0.9836607
(356.5, 20.2, 2.8)
quadrotor0
-0.02552091
0.1757583
0.02948415
0.9836607
(356.5, 20.2, 2.8)
quadrotor0
-0.02552091
0.1757583
0.02948415
0.9836607
(356.5, 20.2, 2.8)
quadrotor0
-0.02552091
0.1757583
0.02948415
0.9836607
(356.5, 20.2, 2.8)
quadrotor0
-0.02552091
0.1757583
0.02948415
0.9836607
(356.5, 20.2, 2.8)
quadrotor0
-0.02552091
0.1757583
0.02948415
0.9836607
(356.5, 20.2, 2.8)
quadrotor0
-0.02552091
0.1757583
0.02948415
0.9836607
(356.5, 20.2, 2.8)
quadrotor0
-0.02552091
0.1757583
0.02948415
0.9836607
(356.5, 20.2, 2.8)
quadrotor0
-0.02552091
0.1757583
0.02948415
0.9836607
(356.5, 20.2, 2.8)
quadrotor0
-0.02552091
0.1757583
0.02948415
0.9836607
(356.5, 20.2, 2.8)
quadrotor0
-0.02552091
0.1757583
0.02948415
0.9836607
(356.5, 20.2, 2.8)
quadrotor0
-0.02552091
0.1757583
0.02948415
0.9836607
(356.5, 20.2, 2.8)
quadrotor0
-0.02552091
0.1757583
0.02948415
0.9836607
(356.5, 20.2, 2.8)
quadrotor0
-0.02552091
0.1757583
0.02948415
0.9836607
(356.5, 20.2, 2.8)
quadrotor0
-0.02552091
0.1757583
0.02948415
0.9836607
(356.5, 20.2, 2.8)
quadrotor0
-0.02552091
0.1757583
0.02948415
0.9836607
(356.5, 20.2, 2.8)
quadrotor0
-0.02552091
0.1757583
0.02948415
0.9836607
(356.5, 20.2, 2.8)
quadrotor0
-0.02552091
0.1757583
0.02948415
0.9836607
(356.5, 20.2, 2.8)
quadrotor0
-0.02552091
0.1757583
0.02948415
0.9836607
(356.5, 20.2, 2.8)
quadrotor0
-0.02552091
0.1757583
0.02948415
0.9836607
(356.5, 20.2, 2.8)
quadrotor0
-0.02552091
0.1757583
0.02948415
0.9836607
(356.5, 20.2, 2.8)
quadrotor0
-0.02552091
0.1757583
0.02948415
0.9836607
(356.5, 20.2, 2.8)
quadrotor0
-0.02552091
0.1757583
0.02948415
0.9836607
(356.5, 20.2, 2.8)
quadrotor0
-0.02552091
0.1757583
0.02948415
0.9836607
(356.5, 20.2, 2.8)
quadrotor0
-0.02552091
0.1757583
0.02948415
0.9836607
(356.5, 20.2, 2.8)
quadrotor0
-0.02552091
0.1757583
0.02948415
0.9836607
(356.5, 20.2, 2.8)
quadrotor0
-0.02552091
0.1757583
0.02948415
0.9836607
(356.5, 20.2, 2.8)
quadrotor0
-0.02552091
0.1757583
0.02948415
0.9836607
(356.5, 20.2, 2.8)
quadrotor0
-0.02552091
0.1757583
0.02948415
0.9836607
(356.5, 20.2, 2.8)
quadrotor0
-0.02552091
0.1757583
0.02948415
0.9836607
(356.5, 20.2, 2.8)
quadrotor0
-0.02552091
0.1757583
0.02948415
0.9836607
(356.5, 20.2, 2.8)
quadrotor0
-0.02552091
0.1757583
0.02948415
0.9836607
(356.5, 20.2, 2.8)
quadrotor0
-0.02552091
0.1757583
0.02948415
0.9836607
(356.5, 20.2, 2.8)
quadrotor0
-0.02552091
0.1757583
0.02948415
0.9836607
(356.5, 20.2, 2.8)
quadrotor0
-0.02552091
0.1757583
0.02948415
0.9836607
(356.5, 20.2, 2.8)
quadrotor0
-0.02552091
0.1757583
0.02948415
0.9836607
(356.5, 20.2, 2.8)
quadrotor0
-0.02552091
0.1757583
0.02948415
0.9836607
(356.5, 20.2, 2.8)
quadrotor0
-0.02552091
0.1757583
0.02948415
0.9836607
(356.5, 20.2, 2.8)
quadrotor0
-0.02552091
0.1757583
0.02948415
0.9836607
(356.5, 20.2, 2.8)
quadrotor0
-0.02552091
0.1757583
0.02948415
0.9836607
(356.5, 20.2, 2.8)
quadrotor0
-0.02552091
0.1757583
0.02948415
0.9836607
(356.5, 20.2, 2.8)
quadrotor0
-0.02552091
0.1757583
0.02948415
0.9836607
(356.5, 20.2, 2.8)
quadrotor0
-0.02552091
0.1757583
0.02948415
0.9836607
(356.5, 20.2, 2.8)
quadrotor0
-0.02552091
0.1757583
0.02948415
0.9836607
(356.5, 20.2, 2.8)
quadrotor0
-0.02552091
0.1757583
0.02948415
0.9836607
(356.5, 20.2, 2.8)
quadrotor0
-0.02552091
0.1757583
0.02948415
0.9836607
(356.5, 20.2, 2.8)
quadrotor0
-0.02552091
0.1757583
0.02948415
0.9836607
(356.5, 20.2, 2.8)
quadrotor0
-0.02552091
0.1757583
0.02948415
0.9836607
(356.5, 20.2, 2.8)
quadrotor0
-0.02552091
0.1757583
0.02948415
0.9836607
(356.5, 20.2, 2.8)
quadrotor0
-0.02552091
0.1757583
0.02948415
0.9836607
(356.5, 20.2, 2.8)
quadrotor0
-0.02552091
0.1757583
0.02948415
0.9836607
(356.5, 20.2, 2.8)
quadrotor0
-0.02552091
0.1757583
0.02948415
0.9836607
(356.5, 20.2, 2.8)
quadrotor0
-0.02552091
0.1757583
0.02948415
0.9836607
(356.5, 20.2, 2.8)
quadrotor0
-0.02552091
0.1757583
0.02948415
0.9836607
(356.5, 20.2, 2.8)
quadrotor0
-0.02552091
0.1757583
0.02948415
0.9836607
(356.5, 20.2, 2.8)
quadrotor0
-0.02552091
0.1757583
0.02948415
0.9836607
(356.5, 20.2, 2.8)
quadrotor0
-0.02552091
0.1757583
0.02948415
0.9836607
(356.5, 20.2, 2.8)
quadrotor0
-0.02552091
0.1757583
0.02948415
0.9836607
(356.5, 20.2, 2.8)
quadrotor0
-0.02552091
0.1757583
0.02948415
0.9836607
(356.5, 20.2, 2.8)
quadrotor0
-0.02552091
0.1757583
0.02948415
0.9836607
(356.5, 20.2, 2.8)
quadrotor0
-0.02552091
0.1757583
0.02948415
0.9836607
(356.5, 20.2, 2.8)
quadrotor0
-0.02552091
0.1757583
0.02948415
0.9836607
(356.5, 20.2, 2.8)
quadrotor0
-0.02552091
0.1757583
0.02948415
0.9836607
(356.5, 20.2, 2.8)
quadrotor0
-0.02552091
0.1757583
0.02948415
0.9836607
(356.5, 20.2, 2.8)
quadrotor0
-0.02552091
0.1757583
0.02948415
0.9836607
(356.5, 20.2, 2.8)
quadrotor0
-0.02552091
0.1757583
0.02948415
0.9836607
(356.5, 20.2, 2.8)
quadrotor0
-0.02552091
0.1757583
0.02948415
0.9836607
(356.5, 20.2, 2.8)
quadrotor0
-0.02552091
0.1757583
0.02948415
0.9836607
(356.5, 20.2, 2.8)
quadrotor0
-0.02552091
0.1757583
0.02948415
0.9836607
(356.5, 20.2, 2.8)
quadrotor0
-0.02552091
0.1757583
0.02948415
0.9836607
(356.5, 20.2, 2.8)
quadrotor0
-0.02552091
0.1757583
0.02948415
0.9836607
(356.5, 20.2, 2.8)
quadrotor0
-0.02552091
0.1757583
0.02948415
0.9836607
(356.5, 20.2, 2.8)
quadrotor0
-0.02552091
0.1757583
0.02948415
0.9836607
(356.5, 20.2, 2.8)
quadrotor0
-0.02552091
0.1757583
0.02948415
0.9836607
(356.5, 20.2, 2.8)
quadrotor0
-0.02552091
0.1757583
0.02948415
0.9836607
(356.5, 20.2, 2.8)
quadrotor0
-0.02552091
0.1757583
0.02948415
0.9836607
(356.5, 20.2, 2.8)
quadrotor0
-0.02552091
0.1757583
0.02948415
0.9836607
(356.5, 20.2, 2.8)
quadrotor0
-0.02552091
0.1757583
0.02948415
0.9836607
(356.5, 20.2, 2.8)
quadrotor0
-0.02552091
0.1757583
0.02948415
0.9836607
(356.5, 20.2, 2.8)
quadrotor0
-0.02552091
0.1757583
0.02948415
0.9836607
(356.5, 20.2, 2.8)
quadrotor0
-0.02552091
0.1757583
0.02948415
0.9836607
(356.5, 20.2, 2.8)
quadrotor0
-0.02552091
0.1757583
0.02948415
0.9836607
(356.5, 20.2, 2.8)
quadrotor0
-0.02552091
0.1757583
0.02948415
0.9836607
(356.5, 20.2, 2.8)
quadrotor0
-0.02552091
0.1757583
0.02948415
0.9836607
(356.5, 20.2, 2.8)
quadrotor0
-0.02552091
0.1757583
0.02948415
0.9836607
(356.5, 20.2, 2.8)
quadrotor0
-0.02552091
0.1757583
0.02948415
0.9836607
(356.5, 20.2, 2.8)
quadrotor0
-0.02552091
0.1757583
0.02948415
0.9836607
(356.5, 20.2, 2.8)
quadrotor0
-0.02552091
0.1757583
0.02948415
0.9836607
(356.5, 20.2, 2.8)
quadrotor0
-0.02552091
0.1757583
0.02948415
0.9836607
(356.5, 20.2, 2.8)
quadrotor0
-0.02552091
0.1757583
0.02948415
0.9836607
(356.5, 20.2, 2.8)
quadrotor0
-0.02552091
0.1757583
0.02948415
0.9836607
(356.5, 20.2, 2.8)
quadrotor0
-0.02552091
0.1757583
0.02948415
0.9836607
(356.5, 20.2, 2.8)
quadrotor0
-0.02552091
0.1757583
0.02948415
0.9836607
(356.5, 20.2, 2.8)
quadrotor0
-0.02552091
0.1757583
0.02948415
0.9836607
(356.5, 20.2, 2.8)
quadrotor0
-0.02552091
0.1757583
0.02948415
0.9836607
(356.5, 20.2, 2.8)
quadrotor0
-0.02552091
0.1757583
0.02948415
0.9836607
(356.5, 20.2, 2.8)
quadrotor0
-0.02552091
0.1757583
0.02948415
0.9836607
(356.5, 20.2, 2.8)
quadrotor0
-0.02552091
0.1757583
0.02948415
0.9836607
(356.5, 20.2, 2.8)
quadrotor0
-0.02552091
0.1757583
0.02948415
0.9836607
(356.5, 20.2, 2.8)
quadrotor0
-0.02552091
0.1757583
0.02948415
0.9836607
(356.5, 20.2, 2.8)
quadrotor0
-0.02552091
0.1757583
0.02948415
0.9836607
(356.5, 20.2, 2.8)
quadrotor0
-0.02552091
0.1757583
0.02948415
0.9836607
(356.5, 20.2, 2.8)
quadrotor0
-0.02552091
0.1757583
0.02948415
0.9836607
(356.5, 20.2, 2.8)
quadrotor0
-0.02552091
0.1757583
0.02948415
0.9836607
(356.5, 20.2, 2.8)
quadrotor0
-0.02552091
0.1757583
0.02948415
0.9836607
(356.5, 20.2, 2.8)
quadrotor0
-0.02552091
0.1757583
0.02948415
0.9836607
(356.5, 20.2, 2.8)
quadrotor0
-0.02552091
0.1757583
0.02948415
0.9836607
(356.5, 20.2, 2.8)
quadrotor0
-0.02552091
0.1757583
0.02948415
0.9836607
(356.5, 20.2, 2.8)
quadrotor0
-0.02552091
0.1757583
0.02948415
0.9836607
(356.5, 20.2, 2.8)
quadrotor0
-0.02552091
0.1757583
0.02948415
0.9836607
(356.5, 20.2, 2.8)
quadrotor0
-0.02552091
0.1757583
0.02948415
0.9836607
(356.5, 20.2, 2.8)
quadrotor0
-0.02552091
0.1757583
0.02948415
0.9836607
(356.5, 20.2, 2.8)
quadrotor0
-0.02552091
0.1757583
0.02948415
0.9836607
(356.5, 20.2, 2.8)
quadrotor0
-0.02552091
0.1757583
0.02948415
0.9836607
(356.5, 20.2, 2.8)
quadrotor0
-0.02552091
0.1757583
0.02948415
0.9836607
(356.5, 20.2, 2.8)
quadrotor0
-0.02552091
0.1757583
0.02948415
0.9836607
(356.5, 20.2, 2.8)
quadrotor0
-0.02552091
0.1757583
0.02948415
0.9836607
(356.5, 20.2, 2.8)
quadrotor0
-0.02552091
0.1757583
0.02948415
0.9836607
(356.5, 20.2, 2.8)
quadrotor0
-0.02552091
0.1757583
0.02948415
0.9836607
(356.5, 20.2, 2.8)
quadrotor0
-0.02552091
0.1757583
0.02948415
0.9836607
(356.5, 20.2, 2.8)
quadrotor0
-0.02552091
0.1757583
0.02948415
0.9836607
(356.5, 20.2, 2.8)
quadrotor0
-0.02552091
0.1757583
0.02948415
0.9836607
(356.5, 20.2, 2.8)
quadrotor0
-0.02552091
0.1757583
0.02948415
0.9836607
(356.5, 20.2, 2.8)
quadrotor0
-0.02552091
0.1757583
0.02948415
0.9836607
(356.5, 20.2, 2.8)
quadrotor0
-0.02552091
0.1757583
0.02948415
0.9836607
(356.5, 20.2, 2.8)
quadrotor0
-0.02552091
0.1757583
0.02948415
0.9836607
(356.5, 20.2, 2.8)
quadrotor0
-0.02552091
0.1757583
0.02948415
0.9836607
(356.5, 20.2, 2.8)
quadrotor0
-0.02552091
0.1757583
0.02948415
0.9836607
(356.5, 20.2, 2.8)
quadrotor0
-0.02552091
0.1757583
0.02948415
0.9836607
(356.5, 20.2, 2.8)
quadrotor0
-0.02552091
0.1757583
0.02948415
0.9836607
(356.5, 20.2, 2.8)
quadrotor0
-0.02552091
0.1757583
0.02948415
0.9836607
(356.5, 20.2, 2.8)
quadrotor0
-0.02552091
0.1757583
0.02948415
0.9836607
(356.5, 20.2, 2.8)
quadrotor0
-0.02552091
0.1757583
0.02948415
0.9836607
(356.5, 20.2, 2.8)
quadrotor0
-0.02552091
0.1757583
0.02948415
0.9836607
(356.5, 20.2, 2.8)
quadrotor0
-0.02552091
0.1757583
0.02948415
0.9836607
(356.5, 20.2, 2.8)
quadrotor0
-0.02552091
0.1757583
0.02948415
0.9836607
(356.5, 20.2, 2.8)
quadrotor0
-0.02552091
0.1757583
0.02948415
0.9836607
(356.5, 20.2, 2.8)
quadrotor0
-0.02552091
0.1757583
0.02948415
0.9836607
(356.5, 20.2, 2.8)
quadrotor0
-0.02552091
0.1757583
0.02948415
0.9836607
(356.5, 20.2, 2.8)
quadrotor0
-0.02552091
0.1757583
0.02948415
0.9836607
(356.5, 20.2, 2.8)
quadrotor0
-0.02552091
0.1757583
0.02948415
0.9836607
(356.5, 20.2, 2.8)
quadrotor0
-0.02552091
0.1757583
0.02948415
0.9836607
(356.5, 20.2, 2.8)
quadrotor0
-0.02552091
0.1757583
0.02948415
0.9836607
(356.5, 20.2, 2.8)
quadrotor0
-0.02552091
0.1757583
0.02948415
0.9836607
(356.5, 20.2, 2.8)
quadrotor0
-0.02552091
0.1757583
0.02948415
0.9836607
(356.5, 20.2, 2.8)
quadrotor0
-0.02552091
0.1757583
0.02948415
0.9836607
(356.5, 20.2, 2.8)
quadrotor0
-0.02552091
0.1757583
0.02948415
0.9836607
(356.5, 20.2, 2.8)
quadrotor0
-0.02552091
0.1757583
0.02948415
0.9836607
(356.5, 20.2, 2.8)
quadrotor0
-0.02552091
0.1757583
0.02948415
0.9836607
(356.5, 20.2, 2.8)
quadrotor0
-0.02552091
0.1757583
0.02948415
0.9836607
(356.5, 20.2, 2.8)
quadrotor0
-0.02552091
0.1757583
0.02948415
0.9836607
(356.5, 20.2, 2.8)
quadrotor0
-0.02552091
0.1757583
0.02948415
0.9836607
(356.5, 20.2, 2.8)
quadrotor0
-0.02552091
0.1757583
0.02948415
0.9836607
(356.5, 20.2, 2.8)
quadrotor0
-0.02552091
0.1757583
0.02948415
0.9836607
(356.5, 20.2, 2.8)
quadrotor0
-0.02552091
0.1757583
0.02948415
0.9836607
(356.5, 20.2, 2.8)
quadrotor0
-0.02552091
0.1757583
0.02948415
0.9836607
(356.5, 20.2, 2.8)
quadrotor0
-0.02552091
0.1757583
0.02948415
0.9836607
(356.5, 20.2, 2.8)
quadrotor0
-0.02552091
0.1757583
0.02948415
0.9836607
(356.5, 20.2, 2.8)
quadrotor0
-0.02552091
0.1757583
0.02948415
0.9836607
(356.5, 20.2, 2.8)
quadrotor0
-0.02552091
0.1757583
0.02948415
0.9836607
(356.5, 20.2, 2.8)
quadrotor0
-0.02552091
0.1757583
0.02948415
0.9836607
(356.5, 20.2, 2.8)
quadrotor0
-0.02552091
0.1757583
0.02948415
0.9836607
(356.5, 20.2, 2.8)
quadrotor0
-0.02552091
0.1757583
0.02948415
0.9836607
(356.5, 20.2, 2.8)
quadrotor0
-0.02552091
0.1757583
0.02948415
0.9836607
(356.5, 20.2, 2.8)
quadrotor0
-0.02552091
0.1757583
0.02948415
0.9836607
(356.5, 20.2, 2.8)
quadrotor0
-0.02552091
0.1757583
0.02948415
0.9836607
(356.5, 20.2, 2.8)
quadrotor0
-0.02552091
0.1757583
0.02948415
0.9836607
(356.5, 20.2, 2.8)
quadrotor0
-0.02552091
0.1757583
0.02948415
0.9836607
(356.5, 20.2, 2.8)
quadrotor0
-0.02552091
0.1757583
0.02948415
0.9836607
(356.5, 20.2, 2.8)
quadrotor0
-0.02552091
0.1757583
0.02948415
0.9836607
(356.5, 20.2, 2.8)
quadrotor0
-0.02552091
0.1757583
0.02948415
0.9836607
(356.5, 20.2, 2.8)
quadrotor0
-0.02552091
0.1757583
0.02948415
0.9836607
(356.5, 20.2, 2.8)
quadrotor0
-0.02552091
0.1757583
0.02948415
0.9836607
(356.5, 20.2, 2.8)
quadrotor0
-0.02552091
0.1757583
0.02948415
0.9836607
(356.5, 20.2, 2.8)
quadrotor0
-0.02552091
0.1757583
0.02948415
0.9836607
(356.5, 20.2, 2.8)
quadrotor0
-0.02552091
0.1757583
0.02948415
0.9836607
(356.5, 20.2, 2.8)
quadrotor0
-0.02552091
0.1757583
0.02948415
0.9836607
(356.5, 20.2, 2.8)
quadrotor0
-0.02552091
0.1757583
0.02948415
0.9836607
(356.5, 20.2, 2.8)
quadrotor0
-0.02552091
0.1757583
0.02948415
0.9836607
(356.5, 20.2, 2.8)
quadrotor0
-0.02552091
0.1757583
0.02948415
0.9836607
(356.5, 20.2, 2.8)
quadrotor0
-0.02552091
0.1757583
0.02948415
0.9836607
(356.5, 20.2, 2.8)
quadrotor0
-0.02552091
0.1757583
0.02948415
0.9836607
(356.5, 20.2, 2.8)
quadrotor0
-0.02552091
0.1757583
0.02948415
0.9836607
(356.5, 20.2, 2.8)
quadrotor0
-0.02552091
0.1757583
0.02948415
0.9836607
(356.5, 20.2, 2.8)
quadrotor0
-0.02552091
0.1757583
0.02948415
0.9836607
(356.5, 20.2, 2.8)
quadrotor0
-0.02552091
0.1757583
0.02948415
0.9836607
(356.5, 20.2, 2.8)
quadrotor0
-0.02552091
0.1757583
0.02948415
0.9836607
(356.5, 20.2, 2.8)
quadrotor0
-0.02552091
0.1757583
0.02948415
0.9836607
(356.5, 20.2, 2.8)
quadrotor0
-0.02552091
0.1757583
0.02948415
0.9836607
(356.5, 20.2, 2.8)
quadrotor0
-0.02552091
0.1757583
0.02948415
0.9836607
(356.5, 20.2, 2.8)
quadrotor0
-0.02552091
0.1757583
0.02948415
0.9836607
(356.5, 20.2, 2.8)
quadrotor0
-0.02552091
0.1757583
0.02948415
0.9836607
(356.5, 20.2, 2.8)
quadrotor0
-0.02552091
0.1757583
0.02948415
0.9836607
(356.5, 20.2, 2.8)
quadrotor0
-0.02552091
0.1757583
0.02948415
0.9836607
(356.5, 20.2, 2.8)
quadrotor0
-0.02552091
0.1757583
0.02948415
0.9836607
(356.5, 20.2, 2.8)
quadrotor0
-0.02552091
0.1757583
0.02948415
0.9836607
(356.5, 20.2, 2.8)
quadrotor0
-0.02552091
0.1757583
0.02948416
0.9836607
(356.5, 20.2, 2.8)
quadrotor0
-0.02552091
0.1757583
0.02948415
0.9836607
(356.5, 20.2, 2.8)
quadrotor0
-0.02552091
0.1757583
0.02948415
0.9836607
(356.5, 20.2, 2.8)
quadrotor0
-0.02552091
0.1757583
0.02948415
0.9836607
(356.5, 20.2, 2.8)
quadrotor0
-0.02552091
0.1757583
0.02948415
0.9836607
(356.5, 20.2, 2.8)
quadrotor0
-0.02552091
0.1757583
0.02948415
0.9836607
(356.5, 20.2, 2.8)
quadrotor0
-0.02552091
0.1757583
0.02948415
0.9836607
(356.5, 20.2, 2.8)
quadrotor0
-0.02552091
0.1757583
0.02948415
0.9836607
(356.5, 20.2, 2.8)
quadrotor0
-0.02552091
0.1757583
0.02948415
0.9836607
(356.5, 20.2, 2.8)
quadrotor0
-0.02552091
0.1757583
0.02948415
0.9836607
(356.5, 20.2, 2.8)
quadrotor0
-0.02552091
0.1757583
0.02948415
0.9836607
(356.5, 20.2, 2.8)
quadrotor0
-0.02552091
0.1757583
0.02948415
0.9836607
(356.5, 20.2, 2.8)
quadrotor0
-0.02552091
0.1757583
0.02948415
0.9836607
(356.5, 20.2, 2.8)
quadrotor0
-0.02552091
0.1757583
0.02948415
0.9836607
(356.5, 20.2, 2.8)
quadrotor0
-0.02552091
0.1757583
0.02948415
0.9836607
(356.5, 20.2, 2.8)
quadrotor0
-0.02552091
0.1757583
0.02948415
0.9836607
(356.5, 20.2, 2.8)
quadrotor0
-0.02552091
0.1757583
0.02948415
0.9836607
(356.5, 20.2, 2.8)
quadrotor0
-0.02552091
0.1757583
0.02948415
0.9836607
(356.5, 20.2, 2.8)
quadrotor0
-0.02552091
0.1757583
0.02948415
0.9836607
(356.5, 20.2, 2.8)
quadrotor0
-0.02552091
0.1757583
0.02948415
0.9836607
(356.5, 20.2, 2.8)
quadrotor0
-0.02552091
0.1757583
0.02948415
0.9836607
(356.5, 20.2, 2.8)
quadrotor0
-0.02552091
0.1757583
0.02948415
0.9836607
(356.5, 20.2, 2.8)
quadrotor0
-0.02552091
0.1757583
0.02948415
0.9836607
(356.5, 20.2, 2.8)
quadrotor0
-0.02552091
0.1757583
0.02948415
0.9836607
(356.5, 20.2, 2.8)
quadrotor0
-0.02552091
0.1757583
0.02948415
0.9836607
(356.5, 20.2, 2.8)
quadrotor0
-0.02552091
0.1757583
0.02948415
0.9836607
(356.5, 20.2, 2.8)
quadrotor0
-0.02552091
0.1757583
0.02948415
0.9836607
(356.5, 20.2, 2.8)
quadrotor0
-0.02552091
0.1757583
0.02948415
0.9836607
(356.5, 20.2, 2.8)
quadrotor0
-0.02552091
0.1757583
0.02948415
0.9836607
(356.5, 20.2, 2.8)
quadrotor0
-0.02552091
0.1757583
0.02948415
0.9836607
(356.5, 20.2, 2.8)
quadrotor0
-0.02552091
0.1757583
0.02948415
0.9836607
(356.5, 20.2, 2.8)
quadrotor0
-0.02552091
0.1757583
0.02948415
0.9836607
(356.5, 20.2, 2.8)
quadrotor0
-0.02552091
0.1757583
0.02948415
0.9836607
(356.5, 20.2, 2.8)
quadrotor0
-0.02552091
0.1757583
0.02948415
0.9836607
(356.5, 20.2, 2.8)
quadrotor0
-0.02552091
0.1757583
0.02948415
0.9836607
(356.5, 20.2, 2.8)
quadrotor0
-0.02552091
0.1757583
0.02948415
0.9836607
(356.5, 20.2, 2.8)
quadrotor0
-0.02552091
0.1757583
0.02948415
0.9836607
(356.5, 20.2, 2.8)
quadrotor0
-0.02552091
0.1757583
0.02948415
0.9836607
(356.5, 20.2, 2.8)
quadrotor0
-0.02552091
0.1757583
0.02948415
0.9836607
(356.5, 20.2, 2.8)
quadrotor0
-0.02552091
0.1757583
0.02948415
0.9836607
(356.5, 20.2, 2.8)
quadrotor0
-0.02552091
0.1757583
0.02948415
0.9836607
(356.5, 20.2, 2.8)
quadrotor0
-0.02552091
0.1757583
0.02948415
0.9836607
(356.5, 20.2, 2.8)
quadrotor0
-0.02552091
0.1757583
0.02948415
0.9836607
(356.5, 20.2, 2.8)
quadrotor0
-0.02552091
0.1757583
0.02948415
0.9836607
(356.5, 20.2, 2.8)
quadrotor0
-0.02552091
0.1757583
0.02948415
0.9836607
(356.5, 20.2, 2.8)
quadrotor0
-0.02552091
0.1757583
0.02948415
0.9836607
(356.5, 20.2, 2.8)
quadrotor0
-0.02552091
0.1757583
0.02948415
0.9836607
(356.5, 20.2, 2.8)
quadrotor0
-0.02552091
0.1757583
0.02948415
0.9836607
(356.5, 20.2, 2.8)
quadrotor0
-0.02552091
0.1757583
0.02948415
0.9836607
(356.5, 20.2, 2.8)
quadrotor0
-0.02552091
0.1757583
0.02948416
0.9836607
(356.5, 20.2, 2.8)
quadrotor0
-0.02552091
0.1757583
0.02948415
0.9836607
(356.5, 20.2, 2.8)
quadrotor0
-0.02552091
0.1757583
0.02948415
0.9836607
(356.5, 20.2, 2.8)
quadrotor0
-0.02552091
0.1757583
0.02948415
0.9836607
(356.5, 20.2, 2.8)
quadrotor0
-0.02552091
0.1757583
0.02948415
0.9836607
(356.5, 20.2, 2.8)
quadrotor0
-0.02552091
0.1757583
0.02948415
0.9836607
(356.5, 20.2, 2.8)
quadrotor0
-0.02552091
0.1757583
0.02948415
0.9836607
(356.5, 20.2, 2.8)
quadrotor0
-0.02552091
0.1757583
0.02948415
0.9836607
(356.5, 20.2, 2.8)
quadrotor0
-0.02552091
0.1757583
0.02948415
0.9836607
(356.5, 20.2, 2.8)
quadrotor0
-0.02552091
0.1757583
0.02948415
0.9836607
(356.5, 20.2, 2.8)
quadrotor0
-0.02552091
0.1757583
0.02948415
0.9836607
(356.5, 20.2, 2.8)
quadrotor0
-0.02552091
0.1757583
0.02948415
0.9836607
(356.5, 20.2, 2.8)
quadrotor0
-0.02552091
0.1757583
0.02948415
0.9836607
(356.5, 20.2, 2.8)
quadrotor0
-0.02552091
0.1757583
0.02948415
0.9836607
(356.5, 20.2, 2.8)
quadrotor0
-0.02552091
0.1757583
0.02948415
0.9836607
(356.5, 20.2, 2.8)
quadrotor0
-0.02552091
0.1757583
0.02948415
0.9836607
(356.5, 20.2, 2.8)
quadrotor0
-0.02552091
0.1757583
0.02948415
0.9836607
(356.5, 20.2, 2.8)
quadrotor0
-0.02552091
0.1757583
0.02948415
0.9836607
(356.5, 20.2, 2.8)
quadrotor0
-0.02552091
0.1757583
0.02948416
0.9836607
(356.5, 20.2, 2.8)
quadrotor0
-0.02552091
0.1757583
0.02948415
0.9836607
(356.5, 20.2, 2.8)
quadrotor0
-0.02552091
0.1757583
0.02948415
0.9836607
(356.5, 20.2, 2.8)
quadrotor0
-0.02552091
0.1757583
0.02948415
0.9836607
(356.5, 20.2, 2.8)
quadrotor0
-0.02552091
0.1757583
0.02948415
0.9836607
(356.5, 20.2, 2.8)
quadrotor0
-0.02552091
0.1757583
0.02948415
0.9836607
(356.5, 20.2, 2.8)
quadrotor0
-0.02552091
0.1757583
0.02948415
0.9836607
(356.5, 20.2, 2.8)
quadrotor0
-0.02552091
0.1757583
0.02948415
0.9836607
(356.5, 20.2, 2.8)
quadrotor0
-0.02552091
0.1757583
0.02948415
0.9836607
(356.5, 20.2, 2.8)
quadrotor0
-0.02552091
0.1757583
0.02948415
0.9836607
(356.5, 20.2, 2.8)
quadrotor0
-0.02552091
0.1757583
0.02948415
0.9836607
(356.5, 20.2, 2.8)
quadrotor0
-0.02552091
0.1757583
0.02948415
0.9836607
(356.5, 20.2, 2.8)
quadrotor0
-0.02552091
0.1757583
0.02948415
0.9836607
(356.5, 20.2, 2.8)
quadrotor0
-0.02552091
0.1757583
0.02948415
0.9836607
(356.5, 20.2, 2.8)
quadrotor0
-0.02552091
0.1757583
0.02948415
0.9836607
(356.5, 20.2, 2.8)
quadrotor0
-0.02552091
0.1757583
0.02948415
0.9836607
(356.5, 20.2, 2.8)
quadrotor0
-0.02552091
0.1757583
0.02948415
0.9836607
(356.5, 20.2, 2.8)
quadrotor0
-0.02552091
0.1757583
0.02948415
0.9836607
(356.5, 20.2, 2.8)
quadrotor0
-0.02552091
0.1757583
0.02948415
0.9836607
(356.5, 20.2, 2.8)
quadrotor0
-0.02552091
0.1757583
0.02948415
0.9836607
(356.5, 20.2, 2.8)
quadrotor0
-0.02552091
0.1757583
0.02948415
0.9836607
(356.5, 20.2, 2.8)
quadrotor0
-0.02552091
0.1757583
0.02948415
0.9836607
(356.5, 20.2, 2.8)
quadrotor0
-0.02552091
0.1757583
0.02948415
0.9836607
(356.5, 20.2, 2.8)
quadrotor0
-0.02552091
0.1757583
0.02948415
0.9836607
(356.5, 20.2, 2.8)
quadrotor0
-0.02552091
0.1757583
0.02948415
0.9836607
(356.5, 20.2, 2.8)
quadrotor0
-0.02552091
0.1757583
0.02948415
0.9836607
(356.5, 20.2, 2.8)
quadrotor0
-0.02552091
0.1757583
0.02948415
0.9836607
(356.5, 20.2, 2.8)
quadrotor0
-0.02552091
0.1757583
0.02948415
0.9836607
(356.5, 20.2, 2.8)
quadrotor0
-0.02552091
0.1757583
0.02948415
0.9836607
(356.5, 20.2, 2.8)
quadrotor0
-0.02552091
0.1757583
0.02948415
0.9836607
(356.5, 20.2, 2.8)
quadrotor0
-0.02552091
0.1757583
0.02948415
0.9836607
(356.5, 20.2, 2.8)
quadrotor0
-0.02552091
0.1757583
0.02948415
0.9836607
(356.5, 20.2, 2.8)
quadrotor0
-0.02552091
0.1757583
0.02948415
0.9836607
(356.5, 20.2, 2.8)
quadrotor0
-0.02552091
0.1757583
0.02948415
0.9836607
(356.5, 20.2, 2.8)
quadrotor0
-0.02552091
0.1757583
0.02948415
0.9836607
(356.5, 20.2, 2.8)
quadrotor0
-0.02552091
0.1757583
0.02948415
0.9836607
(356.5, 20.2, 2.8)
quadrotor0
-0.02552091
0.1757583
0.02948415
0.9836607
(356.5, 20.2, 2.8)
quadrotor0
-0.02552091
0.1757583
0.02948415
0.9836607
(356.5, 20.2, 2.8)
quadrotor0
-0.02552091
0.1757583
0.02948415
0.9836607
(356.5, 20.2, 2.8)
quadrotor0
-0.02552091
0.1757583
0.02948415
0.9836607
(356.5, 20.2, 2.8)
quadrotor0
-0.02552091
0.1757583
0.02948415
0.9836607
(356.5, 20.2, 2.8)
quadrotor0
-0.02552091
0.1757583
0.02948415
0.9836607
(356.5, 20.2, 2.8)
quadrotor0
-0.02552091
0.1757583
0.02948415
0.9836607
(356.5, 20.2, 2.8)
quadrotor0
-0.02552091
0.1757583
0.02948415
0.9836607
(356.5, 20.2, 2.8)
quadrotor0
-0.02552091
0.1757583
0.02948415
0.9836607
(356.5, 20.2, 2.8)
quadrotor0
-0.02552091
0.1757583
0.02948415
0.9836607
(356.5, 20.2, 2.8)
quadrotor0
-0.02552091
0.1757583
0.02948415
0.9836607
(356.5, 20.2, 2.8)
quadrotor0
-0.02552091
0.1757583
0.02948415
0.9836607
(356.5, 20.2, 2.8)
quadrotor0
-0.02552091
0.1757583
0.02948415
0.9836607
(356.5, 20.2, 2.8)
quadrotor0
-0.02552091
0.1757583
0.02948415
0.9836607
(356.5, 20.2, 2.8)
quadrotor0
-0.02552091
0.1757583
0.02948415
0.9836607
(356.5, 20.2, 2.8)
quadrotor0
-0.02552091
0.1757583
0.02948415
0.9836607
(356.5, 20.2, 2.8)
quadrotor0
-0.02552091
0.1757583
0.02948415
0.9836607
(356.5, 20.2, 2.8)
quadrotor0
-0.02552091
0.1757583
0.02948415
0.9836607
(356.5, 20.2, 2.8)
quadrotor0
-0.02552091
0.1757583
0.02948415
0.9836607
(356.5, 20.2, 2.8)
quadrotor0
-0.02552091
0.1757583
0.02948415
0.9836607
(356.5, 20.2, 2.8)
quadrotor0
-0.02552091
0.1757583
0.02948415
0.9836607
(356.5, 20.2, 2.8)
quadrotor0
-0.02552091
0.1757583
0.02948415
0.9836607
(356.5, 20.2, 2.8)
quadrotor0
-0.02552091
0.1757583
0.02948415
0.9836607
(356.5, 20.2, 2.8)
quadrotor0
-0.02552091
0.1757583
0.02948415
0.9836607
(356.5, 20.2, 2.8)
quadrotor0
-0.02552091
0.1757583
0.02948415
0.9836607
(356.5, 20.2, 2.8)
quadrotor0
-0.02552091
0.1757583
0.02948415
0.9836607
(356.5, 20.2, 2.8)
quadrotor0
-0.02552091
0.1757583
0.02948415
0.9836607
(356.5, 20.2, 2.8)
quadrotor0
-0.02552091
0.1757583
0.02948415
0.9836607
(356.5, 20.2, 2.8)
quadrotor0
-0.02552091
0.1757583
0.02948415
0.9836607
(356.5, 20.2, 2.8)
quadrotor0
-0.02552091
0.1757583
0.02948415
0.9836607
(356.5, 20.2, 2.8)
quadrotor0
-0.02552091
0.1757583
0.02948415
0.9836607
(356.5, 20.2, 2.8)
quadrotor0
-0.02552091
0.1757583
0.02948415
0.9836607
(356.5, 20.2, 2.8)
quadrotor0
-0.02552091
0.1757583
0.02948415
0.9836607
(356.5, 20.2, 2.8)
quadrotor0
-0.02552091
0.1757583
0.02948415
0.9836607
(356.5, 20.2, 2.8)
quadrotor0
-0.02552091
0.1757583
0.02948415
0.9836607
(356.5, 20.2, 2.8)
quadrotor0
-0.02552091
0.1757583
0.02948415
0.9836607
(356.5, 20.2, 2.8)
quadrotor0
-0.02552091
0.1757583
0.02948415
0.9836607
(356.5, 20.2, 2.8)
quadrotor0
-0.02552091
0.1757583
0.02948415
0.9836607
(356.5, 20.2, 2.8)
quadrotor0
-0.02552091
0.1757583
0.02948415
0.9836607
(356.5, 20.2, 2.8)
quadrotor0
-0.02552091
0.1757583
0.02948415
0.9836607
(356.5, 20.2, 2.8)
quadrotor0
-0.02552091
0.1757583
0.02948415
0.9836607
(356.5, 20.2, 2.8)
quadrotor0
-0.02552091
0.1757583
0.02948415
0.9836607
(356.5, 20.2, 2.8)
quadrotor0
-0.02552091
0.1757583
0.02948415
0.9836607
(356.5, 20.2, 2.8)
quadrotor0
-0.02552091
0.1757583
0.02948415
0.9836607
(356.5, 20.2, 2.8)
quadrotor0
-0.02552091
0.1757583
0.02948415
0.9836607
(356.5, 20.2, 2.8)
quadrotor0
-0.02552091
0.1757583
0.02948415
0.9836607
(356.5, 20.2, 2.8)
quadrotor0
-0.02552091
0.1757583
0.02948415
0.9836607
(356.5, 20.2, 2.8)
quadrotor0
-0.02552091
0.1757583
0.02948415
0.9836607
(356.5, 20.2, 2.8)
quadrotor0
-0.02552091
0.1757583
0.02948415
0.9836607
(356.5, 20.2, 2.8)
quadrotor0
-0.02552091
0.1757583
0.02948415
0.9836607
(356.5, 20.2, 2.8)
quadrotor0
-0.02552091
0.1757583
0.02948415
0.9836607
(356.5, 20.2, 2.8)
quadrotor0
-0.02552091
0.1757583
0.02948415
0.9836607
(356.5, 20.2, 2.8)
quadrotor0
-0.02552091
0.1757583
0.02948415
0.9836607
(356.5, 20.2, 2.8)
quadrotor0
-0.02552091
0.1757583
0.02948415
0.9836607
(356.5, 20.2, 2.8)
quadrotor0
-0.02552091
0.1757583
0.02948415
0.9836607
(356.5, 20.2, 2.8)
quadrotor0
-0.02552091
0.1757583
0.02948415
0.9836607
(356.5, 20.2, 2.8)
quadrotor0
-0.02552091
0.1757583
0.02948415
0.9836607
(356.5, 20.2, 2.8)
quadrotor0
-0.02552091
0.1757583
0.02948415
0.9836607
(356.5, 20.2, 2.8)
quadrotor0
-0.02552091
0.1757583
0.02948415
0.9836607
(356.5, 20.2, 2.8)
quadrotor0
-0.02552091
0.1757583
0.02948415
0.9836607
(356.5, 20.2, 2.8)
quadrotor0
-0.02552091
0.1757583
0.02948415
0.9836607
(356.5, 20.2, 2.8)
quadrotor0
-0.02552091
0.1757583
0.02948415
0.9836607
(356.5, 20.2, 2.8)
quadrotor0
-0.02552091
0.1757583
0.02948415
0.9836607
(356.5, 20.2, 2.8)
quadrotor0
-0.02552091
0.1757583
0.02948415
0.9836607
(356.5, 20.2, 2.8)
quadrotor0
-0.02552091
0.1757583
0.02948415
0.9836607
(356.5, 20.2, 2.8)
quadrotor0
-0.02552091
0.1757583
0.02948415
0.9836607
(356.5, 20.2, 2.8)
quadrotor0
-0.02552091
0.1757583
0.02948415
0.9836607
(356.5, 20.2, 2.8)
quadrotor0
-0.02552091
0.1757583
0.02948415
0.9836607
(356.5, 20.2, 2.8)
quadrotor0
-0.02552091
0.1757583
0.02948415
0.9836607
(356.5, 20.2, 2.8)
quadrotor0
-0.02552091
0.1757583
0.02948415
0.9836607
(356.5, 20.2, 2.8)
quadrotor0
-0.02552091
0.1757583
0.02948415
0.9836607
(356.5, 20.2, 2.8)
quadrotor0
-0.02552091
0.1757583
0.02948415
0.9836607
(356.5, 20.2, 2.8)
quadrotor0
-0.02552091
0.1757583
0.02948415
0.9836607
(356.5, 20.2, 2.8)
quadrotor0
-0.02552091
0.1757583
0.02948415
0.9836607
(356.5, 20.2, 2.8)
quadrotor0
-0.02552091
0.1757583
0.02948415
0.9836607
(356.5, 20.2, 2.8)
quadrotor0
-0.02552091
0.1757583
0.02948415
0.9836607
(356.5, 20.2, 2.8)
quadrotor0
-0.02552091
0.1757583
0.02948415
0.9836607
(356.5, 20.2, 2.8)
quadrotor0
-0.02552091
0.1757583
0.02948415
0.9836607
(356.5, 20.2, 2.8)
quadrotor0
-0.02552091
0.1757583
0.02948415
0.9836607
(356.5, 20.2, 2.8)
quadrotor0
-0.02552091
0.1757583
0.02948415
0.9836607
(356.5, 20.2, 2.8)
quadrotor0
-0.02552091
0.1757583
0.02948415
0.9836607
(356.5, 20.2, 2.8)
quadrotor0
-0.02552091
0.1757583
0.02948415
0.9836607
(356.5, 20.2, 2.8)
quadrotor0
-0.02552091
0.1757583
0.02948415
0.9836607
(356.5, 20.2, 2.8)
quadrotor0
-0.02552091
0.1757583
0.02948415
0.9836607
(356.5, 20.2, 2.8)
quadrotor0
-0.02552091
0.1757583
0.02948415
0.9836607
(356.5, 20.2, 2.8)
quadrotor0
-0.02552091
0.1757583
0.02948415
0.9836607
(356.5, 20.2, 2.8)
quadrotor0
-0.02552091
0.1757583
0.02948415
0.9836607
(356.5, 20.2, 2.8)
quadrotor0
-0.02552091
0.1757583
0.02948415
0.9836607
(356.5, 20.2, 2.8)
quadrotor0
-0.02552091
0.1757583
0.02948415
0.9836607
(356.5, 20.2, 2.8)
quadrotor0
-0.02552091
0.1757583
0.02948415
0.9836607
(356.5, 20.2, 2.8)
quadrotor0
-0.02552091
0.1757583
0.02948415
0.9836607
(356.5, 20.2, 2.8)
quadrotor0
-0.02552091
0.1757583
0.02948415
0.9836607
(356.5, 20.2, 2.8)
quadrotor0
-0.02552091
0.1757583
0.02948415
0.9836607
(356.5, 20.2, 2.8)
quadrotor0
-0.02552091
0.1757583
0.02948415
0.9836607
(356.5, 20.2, 2.8)
quadrotor0
-0.02552091
0.1757583
0.02948415
0.9836607
(356.5, 20.2, 2.8)
quadrotor0
-0.02552091
0.1757583
0.02948415
0.9836607
(356.5, 20.2, 2.8)
quadrotor0
-0.02552091
0.1757583
0.02948415
0.9836607
(356.5, 20.2, 2.8)
quadrotor0
-0.02552091
0.1757583
0.02948415
0.9836607
(356.5, 20.2, 2.8)
quadrotor0
-0.02552091
0.1757583
0.02948415
0.9836607
(356.5, 20.2, 2.8)
quadrotor0
-0.02552091
0.1757583
0.02948415
0.9836607
(356.5, 20.2, 2.8)
quadrotor0
-0.02552091
0.1757583
0.02948415
0.9836607
(356.5, 20.2, 2.8)
quadrotor0
-0.02552091
0.1757583
0.02948415
0.9836607
(356.5, 20.2, 2.8)
quadrotor0
-0.02552091
0.1757583
0.02948415
0.9836607
(356.5, 20.2, 2.8)
quadrotor0
-0.02552091
0.1757583
0.02948415
0.9836607
(356.5, 20.2, 2.8)
quadrotor0
-0.02552091
0.1757583
0.02948415
0.9836607
(356.5, 20.2, 2.8)
quadrotor0
-0.02552091
0.1757583
0.02948415
0.9836607
(356.5, 20.2, 2.8)
quadrotor0
-0.02552091
0.1757583
0.02948415
0.9836607
(356.5, 20.2, 2.8)
quadrotor0
-0.02552091
0.1757583
0.02948415
0.9836607
(356.5, 20.2, 2.8)
quadrotor0
-0.02552091
0.1757583
0.02948415
0.9836607
(356.5, 20.2, 2.8)
quadrotor0
-0.02552091
0.1757583
0.02948415
0.9836607
(356.5, 20.2, 2.8)
quadrotor0
-0.02552091
0.1757583
0.02948415
0.9836607
(356.5, 20.2, 2.8)
quadrotor0
-0.02552091
0.1757583
0.02948415
0.9836607
(356.5, 20.2, 2.8)
quadrotor0
-0.02552091
0.1757583
0.02948415
0.9836607
(356.5, 20.2, 2.8)
quadrotor0
-0.02552091
0.1757583
0.02948415
0.9836607
(356.5, 20.2, 2.8)
quadrotor0
-0.02552091
0.1757583
0.02948415
0.9836607
(356.5, 20.2, 2.8)
quadrotor0
-0.02552091
0.1757583
0.02948415
0.9836607
(356.5, 20.2, 2.8)
quadrotor0
-0.02552091
0.1757583
0.02948415
0.9836607
(356.5, 20.2, 2.8)
quadrotor0
-0.02552091
0.1757583
0.02948415
0.9836607
(356.5, 20.2, 2.8)
quadrotor0
-0.02552091
0.1757583
0.02948415
0.9836607
(356.5, 20.2, 2.8)
quadrotor0
-0.02552091
0.1757583
0.02948415
0.9836607
(356.5, 20.2, 2.8)
quadrotor0
-0.02552091
0.1757583
0.02948415
0.9836607
(356.5, 20.2, 2.8)
quadrotor0
-0.02552091
0.1757583
0.02948415
0.9836607
(356.5, 20.2, 2.8)
quadrotor0
-0.02552091
0.1757583
0.02948415
0.9836607
(356.5, 20.2, 2.8)
quadrotor0
-0.02552091
0.1757583
0.02948415
0.9836607
(356.5, 20.2, 2.8)
quadrotor0
-0.02552091
0.1757583
0.02948415
0.9836607
(356.5, 20.2, 2.8)
quadrotor0
-0.02552091
0.1757583
0.02948415
0.9836607
(356.5, 20.2, 2.8)
quadrotor0
-0.02552091
0.1757583
0.02948415
0.9836607
(356.5, 20.2, 2.8)
quadrotor0
-0.02552091
0.1757583
0.02948415
0.9836607
(356.5, 20.2, 2.8)
quadrotor0
-0.02552091
0.1757583
0.02948415
0.9836607
(356.5, 20.2, 2.8)
quadrotor0
-0.02552091
0.1757583
0.02948415
0.9836607
(356.5, 20.2, 2.8)
quadrotor0
-0.02552091
0.1757583
0.02948415
0.9836607
(356.5, 20.2, 2.8)
quadrotor0
-0.02552091
0.1757583
0.02948415
0.9836607
(356.5, 20.2, 2.8)
quadrotor0
-0.02552091
0.1757583
0.02948415
0.9836607
(356.5, 20.2, 2.8)
quadrotor0
-0.02552091
0.1757583
0.02948415
0.9836607
(356.5, 20.2, 2.8)
quadrotor0
-0.02552091
0.1757583
0.02948415
0.9836607
(356.5, 20.2, 2.8)
quadrotor0
-0.02552091
0.1757583
0.02948415
0.9836607
(356.5, 20.2, 2.8)
quadrotor0
-0.02552091
0.1757583
0.02948415
0.9836607
(356.5, 20.2, 2.8)
quadrotor0
-0.02552091
0.1757583
0.02948415
0.9836607
(356.5, 20.2, 2.8)
quadrotor0
-0.02552091
0.1757583
0.02948415
0.9836607
(356.5, 20.2, 2.8)
quadrotor0
-0.02552091
0.1757583
0.02948415
0.9836607
(356.5, 20.2, 2.8)
quadrotor0
-0.02552091
0.1757583
0.02948415
0.9836607
(356.5, 20.2, 2.8)
quadrotor0
-0.02552091
0.1757583
0.02948415
0.9836607
(356.5, 20.2, 2.8)
quadrotor0
-0.02552091
0.1757583
0.02948415
0.9836607
(356.5, 20.2, 2.8)
quadrotor0
-0.02552091
0.1757583
0.02948415
0.9836607
(356.5, 20.2, 2.8)
quadrotor0
-0.02552091
0.1757583
0.02948415
0.9836607
(356.5, 20.2, 2.8)
quadrotor0
-0.02552091
0.1757583
0.02948415
0.9836607
(356.5, 20.2, 2.8)
quadrotor0
-0.02552091
0.1757583
0.02948415
0.9836607
(356.5, 20.2, 2.8)
quadrotor0
-0.02552091
0.1757583
0.02948415
0.9836607
(356.5, 20.2, 2.8)
quadrotor0
-0.02552091
0.1757583
0.02948415
0.9836607
(356.5, 20.2, 2.8)
quadrotor0
-0.02552091
0.1757583
0.02948415
0.9836607
(356.5, 20.2, 2.8)
quadrotor0
-0.02552091
0.1757583
0.02948415
0.9836607
(356.5, 20.2, 2.8)
quadrotor0
-0.02552091
0.1757583
0.02948415
0.9836607
(356.5, 20.2, 2.8)
quadrotor0
-0.02552091
0.1757583
0.02948415
0.9836607
(356.5, 20.2, 2.8)
quadrotor0
-0.02552091
0.1757583
0.02948415
0.9836607
(356.5, 20.2, 2.8)
quadrotor0
-0.02552091
0.1757583
0.02948415
0.9836607
(356.5, 20.2, 2.8)
quadrotor0
-0.02552091
0.1757583
0.02948415
0.9836607
(356.5, 20.2, 2.8)
quadrotor0
-0.02552091
0.1757583
0.02948415
0.9836607
(356.5, 20.2, 2.8)
quadrotor0
-0.02552091
0.1757583
0.02948415
0.9836607
(356.5, 20.2, 2.8)
quadrotor0
-0.02552091
0.1757583
0.02948415
0.9836607
(356.5, 20.2, 2.8)
quadrotor0
-0.02552091
0.1757583
0.02948415
0.9836607
(356.5, 20.2, 2.8)
quadrotor0
-0.02552091
0.1757583
0.02948415
0.9836607
(356.5, 20.2, 2.8)
quadrotor0
-0.02552091
0.1757583
0.02948416
0.9836607
(356.5, 20.2, 2.8)
quadrotor0
-0.02552091
0.1757583
0.02948415
0.9836607
(356.5, 20.2, 2.8)
quadrotor0
-0.02552091
0.1757583
0.02948415
0.9836607
(356.5, 20.2, 2.8)
quadrotor0
-0.02552091
0.1757583
0.02948415
0.9836607
(356.5, 20.2, 2.8)
quadrotor0
-0.02552091
0.1757583
0.02948415
0.9836607
(356.5, 20.2, 2.8)
quadrotor0
-0.02552091
0.1757583
0.02948415
0.9836607
(356.5, 20.2, 2.8)
quadrotor0
-0.02552091
0.1757583
0.02948415
0.9836607
(356.5, 20.2, 2.8)
quadrotor0
-0.02552091
0.1757583
0.02948415
0.9836607
(356.5, 20.2, 2.8)
quadrotor0
-0.02552091
0.1757583
0.02948415
0.9836607
(356.5, 20.2, 2.8)
quadrotor0
-0.02552091
0.1757583
0.02948415
0.9836607
(356.5, 20.2, 2.8)
quadrotor0
-0.02552091
0.1757583
0.02948415
0.9836607
(356.5, 20.2, 2.8)
quadrotor0
-0.02552091
0.1757583
0.02948415
0.9836607
(356.5, 20.2, 2.8)
quadrotor0
-0.02552091
0.1757583
0.02948415
0.9836607
(356.5, 20.2, 2.8)
quadrotor0
-0.02552091
0.1757583
0.02948415
0.9836607
(356.5, 20.2, 2.8)
quadrotor0
-0.02552091
0.1757583
0.02948415
0.9836607
(356.5, 20.2, 2.8)
quadrotor0
-0.02552091
0.1757583
0.02948415
0.9836607
(356.5, 20.2, 2.8)
quadrotor0
-0.02552091
0.1757583
0.02948415
0.9836607
(356.5, 20.2, 2.8)
quadrotor0
-0.02552091
0.1757583
0.02948415
0.9836607
(356.5, 20.2, 2.8)
quadrotor0
-0.02552091
0.1757583
0.02948415
0.9836607
(356.5, 20.2, 2.8)
quadrotor0
-0.02552091
0.1757583
0.02948415
0.9836607
(356.5, 20.2, 2.8)
quadrotor0
-0.02552091
0.1757583
0.02948415
0.9836607
(356.5, 20.2, 2.8)
quadrotor0
-0.02552091
0.1757583
0.02948415
0.9836607
(356.5, 20.2, 2.8)
quadrotor0
-0.02552091
0.1757583
0.02948415
0.9836607
(356.5, 20.2, 2.8)
quadrotor0
-0.02552091
0.1757583
0.02948415
0.9836607
(356.5, 20.2, 2.8)
quadrotor0
-0.02552091
0.1757583
0.02948415
0.9836607
(356.5, 20.2, 2.8)
quadrotor0
-0.02552091
0.1757583
0.02948415
0.9836607
(356.5, 20.2, 2.8)
quadrotor0
-0.02552091
0.1757583
0.02948415
0.9836607
(356.5, 20.2, 2.8)
quadrotor0
-0.02552091
0.1757583
0.02948415
0.9836607
(356.5, 20.2, 2.8)
quadrotor0
-0.02552091
0.1757583
0.02948415
0.9836607
(356.5, 20.2, 2.8)
quadrotor0
-0.02552091
0.1757583
0.02948415
0.9836607
(356.5, 20.2, 2.8)
quadrotor0
-0.02552091
0.1757583
0.02948415
0.9836607
(356.5, 20.2, 2.8)
quadrotor0
-0.02552091
0.1757583
0.02948415
0.9836607
(356.5, 20.2, 2.8)
quadrotor0
-0.02552091
0.1757583
0.02948415
0.9836607
(356.5, 20.2, 2.8)
quadrotor0
-0.02552091
0.1757583
0.02948415
0.9836607
(356.5, 20.2, 2.8)
quadrotor0
-0.02552091
0.1757583
0.02948415
0.9836607
(356.5, 20.2, 2.8)
quadrotor0
-0.02552091
0.1757583
0.02948415
0.9836607
(356.5, 20.2, 2.8)
quadrotor0
-0.02552091
0.1757583
0.02948415
0.9836607
(356.5, 20.2, 2.8)
quadrotor0
-0.02552091
0.1757583
0.02948415
0.9836607
(356.5, 20.2, 2.8)
quadrotor0
-0.02552091
0.1757583
0.02948415
0.9836607
(356.5, 20.2, 2.8)
quadrotor0
-0.02552091
0.1757583
0.02948415
0.9836607
(356.5, 20.2, 2.8)
quadrotor0
-0.02552091
0.1757583
0.02948415
0.9836607
(356.5, 20.2, 2.8)
quadrotor0
-0.02552091
0.1757583
0.02948415
0.9836607
(356.5, 20.2, 2.8)
quadrotor0
-0.02552091
0.1757583
0.02948415
0.9836607
(356.5, 20.2, 2.8)
quadrotor0
-0.02552091
0.1757583
0.02948415
0.9836607
(356.5, 20.2, 2.8)
quadrotor0
-0.02552091
0.1757583
0.02948415
0.9836607
(356.5, 20.2, 2.8)
quadrotor0
-0.02552091
0.1757583
0.02948415
0.9836607
(356.5, 20.2, 2.8)
quadrotor0
-0.02552091
0.1757583
0.02948415
0.9836607
(356.5, 20.2, 2.8)
quadrotor0
-0.02552091
0.1757583
0.02948415
0.9836607
(356.5, 20.2, 2.8)
quadrotor0
-0.02552091
0.1757583
0.02948415
0.9836607
(356.5, 20.2, 2.8)
quadrotor0
-0.02552091
0.1757583
0.02948415
0.9836607
(356.5, 20.2, 2.8)
quadrotor0
-0.02552091
0.1757583
0.02948415
0.9836607
(356.5, 20.2, 2.8)
quadrotor0
-0.02552091
0.1757583
0.02948415
0.9836607
(356.5, 20.2, 2.8)
quadrotor0
-0.02552091
0.1757583
0.02948415
0.9836607
(356.5, 20.2, 2.8)
quadrotor0
-0.02552091
0.1757583
0.02948415
0.9836607
(356.5, 20.2, 2.8)
quadrotor0
-0.02552091
0.1757583
0.02948415
0.9836607
(356.5, 20.2, 2.8)
quadrotor0
-0.02552091
0.1757583
0.02948415
0.9836607
(356.5, 20.2, 2.8)
quadrotor0
-0.02552091
0.1757583
0.02948415
0.9836607
(356.5, 20.2, 2.8)
quadrotor0
-0.02552091
0.1757583
0.02948415
0.9836607
(356.5, 20.2, 2.8)
quadrotor0
-0.02552091
0.1757583
0.02948415
0.9836607
(356.5, 20.2, 2.8)
quadrotor0
-0.02552091
0.1757583
0.02948415
0.9836607
(356.5, 20.2, 2.8)
quadrotor0
-0.02552091
0.1757583
0.02948415
0.9836607
(356.5, 20.2, 2.8)
quadrotor0
-0.02552091
0.1757583
0.02948415
0.9836607
(356.5, 20.2, 2.8)
quadrotor0
-0.02552091
0.1757583
0.02948415
0.9836607
(356.5, 20.2, 2.8)
quadrotor0
-0.02552091
0.1757583
0.02948415
0.9836607
(356.5, 20.2, 2.8)
quadrotor0
-0.02552091
0.1757583
0.02948415
0.9836607
(356.5, 20.2, 2.8)
quadrotor0
-0.02552091
0.1757583
0.02948415
0.9836607
(356.5, 20.2, 2.8)
quadrotor0
-0.02552091
0.1757583
0.02948415
0.9836607
(356.5, 20.2, 2.8)
quadrotor0
-0.02552091
0.1757583
0.02948415
0.9836607
(356.5, 20.2, 2.8)
quadrotor0
-0.02552091
0.1757583
0.02948415
0.9836607
(356.5, 20.2, 2.8)
quadrotor0
-0.02552091
0.1757583
0.02948415
0.9836607
(356.5, 20.2, 2.8)
quadrotor0
-0.02552091
0.1757583
0.02948415
0.9836607
(356.5, 20.2, 2.8)
quadrotor0
-0.02552091
0.1757583
0.02948415
0.9836607
(356.5, 20.2, 2.8)
quadrotor0
-0.02552091
0.1757583
0.02948415
0.9836607
(356.5, 20.2, 2.8)
quadrotor0
-0.02552091
0.1757583
0.02948415
0.9836607
(356.5, 20.2, 2.8)
quadrotor0
-0.02552091
0.1757583
0.02948415
0.9836607
(356.5, 20.2, 2.8)
quadrotor0
-0.02552091
0.1757583
0.02948415
0.9836607
(356.5, 20.2, 2.8)
quadrotor0
-0.02552091
0.1757583
0.02948415
0.9836607
(356.5, 20.2, 2.8)
quadrotor0
-0.02552091
0.1757583
0.02948415
0.9836607
(356.5, 20.2, 2.8)
quadrotor0
-0.02552091
0.1757583
0.02948415
0.9836607
(356.5, 20.2, 2.8)
quadrotor0
-0.02552091
0.1757583
0.02948415
0.9836607
(356.5, 20.2, 2.8)
quadrotor0
-0.02552091
0.1757583
0.02948415
0.9836607
(356.5, 20.2, 2.8)
quadrotor0
-0.02552091
0.1757583
0.02948415
0.9836607
(356.5, 20.2, 2.8)
quadrotor0
-0.02552091
0.1757583
0.02948415
0.9836607
(356.5, 20.2, 2.8)
quadrotor0
-0.02552091
0.1757583
0.02948415
0.9836607
(356.5, 20.2, 2.8)
quadrotor0
-0.02552091
0.1757583
0.02948415
0.9836607
(356.5, 20.2, 2.8)
quadrotor0
-0.02552091
0.1757583
0.02948415
0.9836607
(356.5, 20.2, 2.8)
quadrotor0
-0.02552091
0.1757583
0.02948415
0.9836607
(356.5, 20.2, 2.8)
quadrotor0
-0.02552091
0.1757583
0.02948415
0.9836607
(356.5, 20.2, 2.8)
quadrotor0
-0.02552091
0.1757583
0.02948415
0.9836607
(356.5, 20.2, 2.8)
quadrotor0
-0.02552091
0.1757583
0.02948415
0.9836607
(356.5, 20.2, 2.8)
quadrotor0
-0.02552091
0.1757583
0.02948415
0.9836607
(356.5, 20.2, 2.8)
quadrotor0
-0.02552091
0.1757583
0.02948415
0.9836607
(356.5, 20.2, 2.8)
quadrotor0
-0.02552091
0.1757583
0.02948415
0.9836607
(356.5, 20.2, 2.8)
quadrotor0
-0.02552091
0.1757583
0.02948415
0.9836607
(356.5, 20.2, 2.8)
quadrotor0
-0.02552091
0.1757583
0.02948415
0.9836607
(356.5, 20.2, 2.8)
quadrotor0
-0.02552091
0.1757583
0.02948415
0.9836607
(356.5, 20.2, 2.8)
quadrotor0
-0.02552091
0.1757583
0.02948415
0.9836607
(356.5, 20.2, 2.8)
quadrotor0
-0.02552091
0.1757583
0.02948415
0.9836607
(356.5, 20.2, 2.8)
quadrotor0
-0.02552091
0.1757583
0.02948415
0.9836607
(356.5, 20.2, 2.8)
quadrotor0
-0.02552091
0.1757583
0.02948415
0.9836607
(356.5, 20.2, 2.8)
quadrotor0
-0.02552091
0.1757583
0.02948415
0.9836607
(356.5, 20.2, 2.8)
quadrotor0
-0.02552091
0.1757583
0.02948415
0.9836607
(356.5, 20.2, 2.8)
quadrotor0
-0.02552091
0.1757583
0.02948415
0.9836607
(356.5, 20.2, 2.8)
quadrotor0
-0.02552091
0.1757583
0.02948415
0.9836607
(356.5, 20.2, 2.8)
quadrotor0
-0.02552091
0.1757583
0.02948415
0.9836607
(356.5, 20.2, 2.8)
quadrotor0
-0.02552091
0.1757583
0.02948415
0.9836607
(356.5, 20.2, 2.8)
quadrotor0
-0.02552091
0.1757583
0.02948415
0.9836607
(356.5, 20.2, 2.8)
quadrotor0
-0.02552091
0.1757583
0.02948415
0.9836607
(356.5, 20.2, 2.8)
quadrotor0
-0.02552091
0.1757583
0.02948415
0.9836607
(356.5, 20.2, 2.8)
quadrotor0
-0.02552091
0.1757583
0.02948415
0.9836607
(356.5, 20.2, 2.8)
quadrotor0
-0.02552091
0.1757583
0.02948415
0.9836607
(356.5, 20.2, 2.8)
quadrotor0
-0.02552091
0.1757583
0.02948415
0.9836607
(356.5, 20.2, 2.8)
quadrotor0
-0.02552091
0.1757583
0.02948415
0.9836607
(356.5, 20.2, 2.8)
quadrotor0
-0.02552091
0.1757583
0.02948415
0.9836607
(356.5, 20.2, 2.8)
quadrotor0
-0.02552091
0.1757583
0.02948415
0.9836607
(356.5, 20.2, 2.8)
quadrotor0
-0.02552091
0.1757583
0.02948415
0.9836607
(356.5, 20.2, 2.8)
quadrotor0
-0.02552091
0.1757583
0.02948415
0.9836607
(356.5, 20.2, 2.8)
quadrotor0
-0.02552091
0.1757583
0.02948415
0.9836607
(356.5, 20.2, 2.8)
quadrotor0
-0.02552091
0.1757583
0.02948415
0.9836607
(356.5, 20.2, 2.8)
quadrotor0
-0.02552091
0.1757583
0.02948415
0.9836607
(356.5, 20.2, 2.8)
quadrotor0
-0.02552091
0.1757583
0.02948415
0.9836607
(356.5, 20.2, 2.8)
quadrotor0
-0.02552091
0.1757583
0.02948415
0.9836607
(356.5, 20.2, 2.8)
quadrotor0
-0.02552091
0.1757583
0.02948415
0.9836607
(356.5, 20.2, 2.8)
quadrotor0
-0.02552091
0.1757583
0.02948415
0.9836607
(356.5, 20.2, 2.8)
quadrotor0
-0.02552091
0.1757583
0.02948415
0.9836607
(356.5, 20.2, 2.8)
quadrotor0
-0.02552091
0.1757583
0.02948415
0.9836607
(356.5, 20.2, 2.8)
quadrotor0
-0.02552091
0.1757583
0.02948415
0.9836607
(356.5, 20.2, 2.8)
quadrotor0
-0.02552091
0.1757583
0.02948415
0.9836607
(356.5, 20.2, 2.8)
quadrotor0
-0.02552091
0.1757583
0.02948415
0.9836607
(356.5, 20.2, 2.8)
quadrotor0
-0.02552091
0.1757583
0.02948415
0.9836607
(356.5, 20.2, 2.8)
quadrotor0
-0.02552091
0.1757583
0.02948415
0.9836607
(356.5, 20.2, 2.8)
quadrotor0
-0.02552091
0.1757583
0.02948415
0.9836607
(356.5, 20.2, 2.8)
quadrotor0
-0.02552091
0.1757583
0.02948415
0.9836607
(356.5, 20.2, 2.8)
quadrotor0
-0.02552091
0.1757583
0.02948415
0.9836607
(356.5, 20.2, 2.8)
quadrotor0
-0.02552091
0.1757583
0.02948415
0.9836607
(356.5, 20.2, 2.8)
quadrotor0
-0.02552091
0.1757583
0.02948415
0.9836607
(356.5, 20.2, 2.8)
quadrotor0
-0.02552091
0.1757583
0.02948415
0.9836607
(356.5, 20.2, 2.8)
quadrotor0
-0.02552091
0.1757583
0.02948415
0.9836607
(356.5, 20.2, 2.8)
quadrotor0
-0.02552091
0.1757583
0.02948415
0.9836607
(356.5, 20.2, 2.8)
quadrotor0
-0.02552091
0.1757583
0.02948415
0.9836607
(356.5, 20.2, 2.8)
quadrotor0
-0.02552091
0.1757583
0.02948415
0.9836607
(356.5, 20.2, 2.8)
quadrotor0
-0.02552091
0.1757583
0.02948415
0.9836607
(356.5, 20.2, 2.8)
quadrotor0
-0.02552091
0.1757583
0.02948415
0.9836607
(356.5, 20.2, 2.8)
quadrotor0
-0.02552091
0.1757583
0.02948415
0.9836607
(356.5, 20.2, 2.8)
quadrotor0
-0.02552091
0.1757583
0.02948415
0.9836607
(356.5, 20.2, 2.8)
quadrotor0
-0.02552091
0.1757583
0.02948415
0.9836607
(356.5, 20.2, 2.8)
quadrotor0
-0.02552091
0.1757583
0.02948415
0.9836607
(356.5, 20.2, 2.8)
quadrotor0
-0.02552091
0.1757583
0.02948415
0.9836607
(356.5, 20.2, 2.8)
quadrotor0
-0.02552091
0.1757583
0.02948415
0.9836607
(356.5, 20.2, 2.8)
quadrotor0
-0.02552091
0.1757583
0.02948415
0.9836607
(356.5, 20.2, 2.8)
quadrotor0
-0.02552091
0.1757583
0.02948415
0.9836607
(356.5, 20.2, 2.8)
quadrotor0
-0.02552091
0.1757583
0.02948415
0.9836607
(356.5, 20.2, 2.8)
quadrotor0
-0.02552091
0.1757583
0.02948415
0.9836607
(356.5, 20.2, 2.8)
quadrotor0
-0.02552091
0.1757583
0.02948415
0.9836607
(356.5, 20.2, 2.8)
quadrotor0
-0.02552091
0.1757583
0.02948415
0.9836607
(356.5, 20.2, 2.8)
quadrotor0
-0.02552091
0.1757583
0.02948415
0.9836607
(356.5, 20.2, 2.8)
quadrotor0
-0.02552091
0.1757583
0.02948415
0.9836607
(356.5, 20.2, 2.8)
quadrotor0
-0.02552091
0.1757583
0.02948415
0.9836607
(356.5, 20.2, 2.8)
quadrotor0
-0.02552091
0.1757583
0.02948415
0.9836607
(356.5, 20.2, 2.8)
quadrotor0
-0.02552091
0.1757583
0.02948415
0.9836607
(356.5, 20.2, 2.8)
quadrotor0
-0.02552091
0.1757583
0.02948415
0.9836607
(356.5, 20.2, 2.8)
quadrotor0
-0.02552091
0.1757583
0.02948415
0.9836607
(356.5, 20.2, 2.8)
quadrotor0
-0.02552091
0.1757583
0.02948415
0.9836607
(356.5, 20.2, 2.8)
quadrotor0
-0.02552091
0.1757583
0.02948415
0.9836607
(356.5, 20.2, 2.8)
quadrotor0
-0.02552091
0.1757583
0.02948415
0.9836607
(356.5, 20.2, 2.8)
quadrotor0
-0.02552091
0.1757583
0.02948415
0.9836607
(356.5, 20.2, 2.8)
quadrotor0
-0.02552091
0.1757583
0.02948415
0.9836607
(356.5, 20.2, 2.8)
quadrotor0
-0.02552091
0.1757583
0.02948415
0.9836607
(356.5, 20.2, 2.8)
quadrotor0
-0.02552091
0.1757583
0.02948415
0.9836607
(356.5, 20.2, 2.8)
quadrotor0
-0.02552091
0.1757583
0.02948415
0.9836607
(356.5, 20.2, 2.8)
quadrotor0
-0.02552091
0.1757583
0.02948415
0.9836607
(356.5, 20.2, 2.8)
quadrotor0
-0.02552091
0.1757583
0.02948415
0.9836607
(356.5, 20.2, 2.8)
quadrotor0
-0.02552091
0.1757583
0.02948415
0.9836607
(356.5, 20.2, 2.8)
quadrotor0
-0.02552091
0.1757583
0.02948415
0.9836607
(356.5, 20.2, 2.8)
quadrotor0
-0.02552091
0.1757583
0.02948415
0.9836607
(356.5, 20.2, 2.8)
quadrotor0
-0.02552091
0.1757583
0.02948415
0.9836607
(356.5, 20.2, 2.8)
quadrotor0
-0.02552091
0.1757583
0.02948415
0.9836607
(356.5, 20.2, 2.8)
quadrotor0
-0.02552091
0.1757583
0.02948415
0.9836607
(356.5, 20.2, 2.8)
quadrotor0
-0.02552091
0.1757583
0.02948415
0.9836607
(356.5, 20.2, 2.8)
quadrotor0
-0.02552091
0.1757583
0.02948415
0.9836607
(356.5, 20.2, 2.8)
quadrotor0
-0.02552091
0.1757583
0.02948415
0.9836607
(356.5, 20.2, 2.8)
quadrotor0
-0.02552091
0.1757583
0.02948415
0.9836607
(356.5, 20.2, 2.8)
quadrotor0
-0.02552091
0.1757583
0.02948415
0.9836607
(356.5, 20.2, 2.8)
quadrotor0
-0.02552091
0.1757583
0.02948415
0.9836607
(356.5, 20.2, 2.8)
quadrotor0
-0.02552091
0.1757583
0.02948415
0.9836607
(356.5, 20.2, 2.8)
quadrotor0
-0.02552091
0.1757583
0.02948415
0.9836607
(356.5, 20.2, 2.8)
quadrotor0
-0.02552091
0.1757583
0.02948415
0.9836607
(356.5, 20.2, 2.8)
quadrotor0
-0.02552091
0.1757583
0.02948415
0.9836607
(356.5, 20.2, 2.8)
quadrotor0
-0.02552091
0.1757583
0.02948415
0.9836607
(356.5, 20.2, 2.8)
quadrotor0
-0.02552091
0.1757583
0.02948415
0.9836607
(356.5, 20.2, 2.8)
quadrotor0
-0.02552091
0.1757583
0.02948415
0.9836607
(356.5, 20.2, 2.8)
quadrotor0
-0.02552091
0.1757583
0.02948415
0.9836607
(356.5, 20.2, 2.8)
quadrotor0
-0.02552091
0.1757583
0.02948415
0.9836607
(356.5, 20.2, 2.8)
quadrotor0
-0.02552091
0.1757583
0.02948415
0.9836607
(356.5, 20.2, 2.8)
quadrotor0
-0.02552091
0.1757583
0.02948415
0.9836607
(356.5, 20.2, 2.8)
quadrotor0
-0.02552091
0.1757583
0.02948415
0.9836607
(356.5, 20.2, 2.8)
quadrotor0
-0.02552091
0.1757583
0.02948415
0.9836607
(356.5, 20.2, 2.8)
quadrotor0
-0.02552091
0.1757583
0.02948415
0.9836607
(356.5, 20.2, 2.8)
quadrotor0
-0.02552091
0.1757583
0.02948415
0.9836607
(356.5, 20.2, 2.8)
quadrotor0
-0.02552091
0.1757583
0.02948415
0.9836607
(356.5, 20.2, 2.8)
quadrotor0
-0.02552091
0.1757583
0.02948415
0.9836607
(356.5, 20.2, 2.8)
quadrotor0
-0.02552091
0.1757583
0.02948415
0.9836607
(356.5, 20.2, 2.8)
quadrotor0
-0.02552091
0.1757583
0.02948415
0.9836607
(356.5, 20.2, 2.8)
quadrotor0
-0.02552091
0.1757583
0.02948415
0.9836607
(356.5, 20.2, 2.8)
quadrotor0
-0.02552091
0.1757583
0.02948415
0.9836607
(356.5, 20.2, 2.8)
quadrotor0
-0.02552091
0.1757583
0.02948415
0.9836607
(356.5, 20.2, 2.8)
quadrotor0
-0.02552091
0.1757583
0.02948415
0.9836607
(356.5, 20.2, 2.8)
quadrotor0
-0.02552091
0.1757583
0.02948415
0.9836607
(356.5, 20.2, 2.8)
quadrotor0
-0.02552091
0.1757583
0.02948415
0.9836607
(356.5, 20.2, 2.8)
quadrotor0
-0.02552091
0.1757583
0.02948415
0.9836607
(356.5, 20.2, 2.8)
quadrotor0
-0.02552091
0.1757583
0.02948415
0.9836607
(356.5, 20.2, 2.8)
quadrotor0
-0.02552091
0.1757583
0.02948415
0.9836607
(356.5, 20.2, 2.8)
quadrotor0
-0.02552091
0.1757583
0.02948415
0.9836607
(356.5, 20.2, 2.8)
quadrotor0
-0.02552091
0.1757583
0.02948415
0.9836607
(356.5, 20.2, 2.8)
quadrotor0
-0.02552091
0.1757583
0.02948415
0.9836607
(356.5, 20.2, 2.8)
quadrotor0
-0.02552091
0.1757583
0.02948415
0.9836607
(356.5, 20.2, 2.8)
quadrotor0
-0.02552091
0.1757583
0.02948415
0.9836607
(356.5, 20.2, 2.8)
quadrotor0
-0.02552091
0.1757583
0.02948415
0.9836607
(356.5, 20.2, 2.8)
quadrotor0
-0.02552091
0.1757583
0.02948415
0.9836607
(356.5, 20.2, 2.8)
quadrotor0
-0.02552091
0.1757583
0.02948415
0.9836607
(356.5, 20.2, 2.8)
quadrotor0
-0.02552091
0.1757583
0.02948415
0.9836607
(356.5, 20.2, 2.8)
quadrotor0
-0.02552091
0.1757583
0.02948415
0.9836607
(356.5, 20.2, 2.8)
quadrotor0
-0.02552091
0.1757583
0.02948415
0.9836607
(356.5, 20.2, 2.8)
quadrotor0
-0.02552091
0.1757583
0.02948415
0.9836607
(356.5, 20.2, 2.8)
quadrotor0
-0.02552091
0.1757583
0.02948415
0.9836607
(356.5, 20.2, 2.8)
quadrotor0
-0.02552091
0.1757583
0.02948415
0.9836607
(356.5, 20.2, 2.8)
quadrotor0
-0.02552091
0.1757583
0.02948415
0.9836607
(356.5, 20.2, 2.8)
quadrotor0
-0.02552091
0.1757583
0.02948415
0.9836607
(356.5, 20.2, 2.8)
quadrotor0
-0.02552091
0.1757583
0.02948415
0.9836607
(356.5, 20.2, 2.8)
quadrotor0
-0.02552091
0.1757583
0.02948415
0.9836607
(356.5, 20.2, 2.8)
quadrotor0
-0.02552091
0.1757583
0.02948415
0.9836607
(356.5, 20.2, 2.8)
quadrotor0
-0.02552091
0.1757583
0.02948415
0.9836607
(356.5, 20.2, 2.8)
quadrotor0
-0.02552091
0.1757583
0.02948415
0.9836607
(356.5, 20.2, 2.8)
quadrotor0
-0.02552091
0.1757583
0.02948415
0.9836607
(356.5, 20.2, 2.8)
quadrotor0
-0.02552091
0.1757583
0.02948415
0.9836607
(356.5, 20.2, 2.8)
quadrotor0
-0.02552091
0.1757583
0.02948415
0.9836607
(356.5, 20.2, 2.8)
quadrotor0
-0.02552091
0.1757583
0.02948415
0.9836607
(356.5, 20.2, 2.8)
quadrotor0
-0.02552091
0.1757583
0.02948415
0.9836607
(356.5, 20.2, 2.8)
quadrotor0
-0.02552091
0.1757583
0.02948415
0.9836607
(356.5, 20.2, 2.8)
quadrotor0
-0.02552091
0.1757583
0.02948415
0.9836607
(356.5, 20.2, 2.8)
quadrotor0
-0.02552091
0.1757583
0.02948415
0.9836607
(356.5, 20.2, 2.8)
quadrotor0
-0.02552091
0.1757583
0.02948415
0.9836607
(356.5, 20.2, 2.8)
quadrotor0
-0.02552091
0.1757583
0.02948415
0.9836607
(356.5, 20.2, 2.8)
quadrotor0
-0.02552091
0.1757583
0.02948415
0.9836607
(356.5, 20.2, 2.8)
quadrotor0
-0.02552091
0.1757583
0.02948415
0.9836607
(356.5, 20.2, 2.8)
quadrotor0
-0.02552091
0.1757583
0.02948415
0.9836607
(356.5, 20.2, 2.8)
quadrotor0
-0.02552091
0.1757583
0.02948415
0.9836607
(356.5, 20.2, 2.8)
quadrotor0
-0.02552091
0.1757583
0.02948415
0.9836607
(356.5, 20.2, 2.8)
quadrotor0
-0.02552091
0.1757583
0.02948415
0.9836607
(356.5, 20.2, 2.8)
quadrotor0
-0.02552091
0.1757583
0.02948415
0.9836607
(356.5, 20.2, 2.8)
quadrotor0
-0.02552091
0.1757583
0.02948415
0.9836607
(356.5, 20.2, 2.8)
quadrotor0
-0.02552091
0.1757583
0.02948415
0.9836607
(356.5, 20.2, 2.8)
quadrotor0
-0.02552091
0.1757583
0.02948415
0.9836607
(356.5, 20.2, 2.8)
quadrotor0
-0.02552091
0.1757583
0.02948415
0.9836607
(356.5, 20.2, 2.8)
quadrotor0
-0.02552091
0.1757583
0.02948415
0.9836607
(356.5, 20.2, 2.8)
quadrotor0
-0.02552091
0.1757583
0.02948415
0.9836607
(356.5, 20.2, 2.8)
quadrotor0
-0.02552091
0.1757583
0.02948415
0.9836607
(356.5, 20.2, 2.8)
quadrotor0
-0.02552091
0.1757583
0.02948415
0.9836607
(356.5, 20.2, 2.8)
quadrotor0
-0.02552091
0.1757583
0.02948415
0.9836607
(356.5, 20.2, 2.8)
quadrotor0
-0.02552091
0.1757583
0.02948415
0.9836607
(356.5, 20.2, 2.8)
quadrotor0
-0.02552091
0.1757583
0.02948415
0.9836607
(356.5, 20.2, 2.8)
quadrotor0
-0.02552091
0.1757583
0.02948415
0.9836607
(356.5, 20.2, 2.8)
quadrotor0
-0.02552091
0.1757583
0.02948415
0.9836607
(356.5, 20.2, 2.8)
quadrotor0
-0.02552091
0.1757583
0.02948415
0.9836607
(356.5, 20.2, 2.8)
quadrotor0
-0.02552091
0.1757583
0.02948415
0.9836607
(356.5, 20.2, 2.8)
quadrotor0
-0.02552091
0.1757583
0.02948415
0.9836607
(356.5, 20.2, 2.8)
quadrotor0
-0.02552091
0.1757583
0.02948415
0.9836607
(356.5, 20.2, 2.8)
quadrotor0
-0.02552091
0.1757583
0.02948415
0.9836607
(356.5, 20.2, 2.8)
quadrotor0
-0.02552091
0.1757583
0.02948415
0.9836607
(356.5, 20.2, 2.8)
quadrotor0
-0.02552091
0.1757583
0.02948415
0.9836607
(356.5, 20.2, 2.8)
quadrotor0
-0.02552091
0.1757583
0.02948415
0.9836607
(356.5, 20.2, 2.8)
quadrotor0
-0.02552091
0.1757583
0.02948415
0.9836607
(356.5, 20.2, 2.8)
quadrotor0
-0.02552091
0.1757583
0.02948415
0.9836607
(356.5, 20.2, 2.8)
quadrotor0
-0.02552091
0.1757583
0.02948415
0.9836607
(356.5, 20.2, 2.8)
quadrotor0
-0.02552091
0.1757583
0.02948415
0.9836607
(356.5, 20.2, 2.8)
quadrotor0
-0.02552091
0.1757583
0.02948415
0.9836607
(356.5, 20.2, 2.8)
quadrotor0
-0.02552091
0.1757583
0.02948415
0.9836607
(356.5, 20.2, 2.8)
quadrotor0
-0.02552091
0.1757583
0.02948415
0.9836607
(356.5, 20.2, 2.8)
quadrotor0
-0.02552091
0.1757583
0.02948415
0.9836607
(356.5, 20.2, 2.8)
quadrotor0
-0.02552091
0.1757583
0.02948415
0.9836607
(356.5, 20.2, 2.8)
quadrotor0
-0.02552091
0.1757583
0.02948415
0.9836607
(356.5, 20.2, 2.8)
quadrotor0
-0.02552091
0.1757583
0.02948415
0.9836607
(356.5, 20.2, 2.8)
quadrotor0
-0.02552091
0.1757583
0.02948415
0.9836607
(356.5, 20.2, 2.8)
quadrotor0
-0.02552091
0.1757583
0.02948415
0.9836607
(356.5, 20.2, 2.8)
quadrotor0
-0.02552091
0.1757583
0.02948415
0.9836607
(356.5, 20.2, 2.8)
quadrotor0
-0.02552091
0.1757583
0.02948415
0.9836607
(356.5, 20.2, 2.8)
quadrotor0
-0.02552091
0.1757583
0.02948415
0.9836607
(356.5, 20.2, 2.8)
quadrotor0
-0.02552091
0.1757583
0.02948415
0.9836607
(356.5, 20.2, 2.8)
quadrotor0
-0.02552091
0.1757583
0.02948415
0.9836607
(356.5, 20.2, 2.8)
quadrotor0
-0.02552091
0.1757583
0.02948415
0.9836607
(356.5, 20.2, 2.8)
quadrotor0
-0.02552091
0.1757583
0.02948415
0.9836607
(356.5, 20.2, 2.8)
quadrotor0
-0.02552091
0.1757583
0.02948415
0.9836607
(356.5, 20.2, 2.8)
quadrotor0
-0.02552091
0.1757583
0.02948415
0.9836607
(356.5, 20.2, 2.8)
quadrotor0
-0.02552091
0.1757583
0.02948415
0.9836607
(356.5, 20.2, 2.8)
quadrotor0
-0.02552091
0.1757583
0.02948415
0.9836607
(356.5, 20.2, 2.8)
quadrotor0
-0.02552091
0.1757583
0.02948415
0.9836607
(356.5, 20.2, 2.8)
quadrotor0
-0.02552091
0.1757583
0.02948415
0.9836607
(356.5, 20.2, 2.8)
quadrotor0
-0.02552091
0.1757583
0.02948415
0.9836607
(356.5, 20.2, 2.8)
quadrotor0
-0.02552091
0.1757583
0.02948415
0.9836607
(356.5, 20.2, 2.8)
quadrotor0
-0.02552091
0.1757583
0.02948415
0.9836607
(356.5, 20.2, 2.8)
quadrotor0
-0.02552091
0.1757583
0.02948415
0.9836607
(356.5, 20.2, 2.8)
quadrotor0
-0.02552091
0.1757583
0.02948415
0.9836607
(356.5, 20.2, 2.8)
quadrotor0
-0.02552091
0.1757583
0.02948415
0.9836607
(356.5, 20.2, 2.8)
quadrotor0
-0.02552091
0.1757583
0.02948415
0.9836607
(356.5, 20.2, 2.8)
quadrotor0
-0.02552091
0.1757583
0.02948415
0.9836607
(356.5, 20.2, 2.8)
quadrotor0
-0.02552091
0.1757583
0.02948415
0.9836607
(356.5, 20.2, 2.8)
quadrotor0
-0.02552091
0.1757583
0.02948415
0.9836607
(356.5, 20.2, 2.8)
quadrotor0
-0.02552091
0.1757583
0.02948415
0.9836607
(356.5, 20.2, 2.8)
quadrotor0
-0.02552091
0.1757583
0.02948415
0.9836607
(356.5, 20.2, 2.8)
quadrotor0
-0.02552091
0.1757583
0.02948415
0.9836607
(356.5, 20.2, 2.8)
quadrotor0
-0.02552091
0.1757583
0.02948415
0.9836607
(356.5, 20.2, 2.8)
quadrotor0
-0.02552091
0.1757583
0.02948415
0.9836607
(356.5, 20.2, 2.8)
quadrotor0
-0.02552091
0.1757583
0.02948415
0.9836607
(356.5, 20.2, 2.8)
quadrotor0
-0.02552091
0.1757583
0.02948415
0.9836607
(356.5, 20.2, 2.8)
quadrotor0
-0.02552091
0.1757583
0.02948415
0.9836607
(356.5, 20.2, 2.8)
quadrotor0
-0.02552091
0.1757583
0.02948415
0.9836607
(356.5, 20.2, 2.8)
quadrotor0
-0.02552091
0.1757583
0.02948415
0.9836607
(356.5, 20.2, 2.8)
quadrotor0
-0.02552091
0.1757583
0.02948415
0.9836607
(356.5, 20.2, 2.8)
quadrotor0
-0.02552091
0.1757583
0.02948415
0.9836607
(356.5, 20.2, 2.8)
quadrotor0
-0.02552091
0.1757583
0.02948415
0.9836607
(356.5, 20.2, 2.8)
quadrotor0
-0.02552091
0.1757583
0.02948415
0.9836607
(356.5, 20.2, 2.8)
quadrotor0
-0.02552091
0.1757583
0.02948415
0.9836607
(356.5, 20.2, 2.8)
quadrotor0
-0.02552091
0.1757583
0.02948415
0.9836607
(356.5, 20.2, 2.8)
quadrotor0
-0.02552091
0.1757583
0.02948415
0.9836607
(356.5, 20.2, 2.8)
quadrotor0
-0.02552091
0.1757583
0.02948415
0.9836607
(356.5, 20.2, 2.8)
quadrotor0
-0.02552091
0.1757583
0.02948415
0.9836607
(356.5, 20.2, 2.8)
quadrotor0
-0.02552091
0.1757583
0.02948415
0.9836607
(356.5, 20.2, 2.8)
quadrotor0
-0.02552091
0.1757583
0.02948415
0.9836607
(356.5, 20.2, 2.8)
quadrotor0
-0.02552091
0.1757583
0.02948415
0.9836607
(356.5, 20.2, 2.8)
quadrotor0
-0.02552091
0.1757583
0.02948415
0.9836607
(356.5, 20.2, 2.8)
quadrotor0
-0.02552091
0.1757583
0.02948415
0.9836607
(356.5, 20.2, 2.8)
quadrotor0
-0.02552091
0.1757583
0.02948415
0.9836607
(356.5, 20.2, 2.8)
quadrotor0
-0.02552091
0.1757583
0.02948415
0.9836607
(356.5, 20.2, 2.8)
quadrotor0
-0.02552091
0.1757583
0.02948415
0.9836607
(356.5, 20.2, 2.8)
quadrotor0
-0.02552091
0.1757583
0.02948415
0.9836607
(356.5, 20.2, 2.8)
quadrotor0
-0.02552091
0.1757583
0.02948415
0.9836607
(356.5, 20.2, 2.8)
quadrotor0
-0.02552091
0.1757583
0.02948415
0.9836607
(356.5, 20.2, 2.8)
quadrotor0
-0.02552091
0.1757583
0.02948415
0.9836607
(356.5, 20.2, 2.8)
quadrotor0
-0.02552091
0.1757583
0.02948415
0.9836607
(356.5, 20.2, 2.8)
quadrotor0
-0.02552091
0.1757583
0.02948415
0.9836607
(356.5, 20.2, 2.8)
quadrotor0
-0.02552091
0.1757583
0.02948415
0.9836607
(356.5, 20.2, 2.8)
quadrotor0
-0.02552091
0.1757583
0.02948415
0.9836607
(356.5, 20.2, 2.8)
quadrotor0
-0.02552091
0.1757583
0.02948415
0.9836607
(356.5, 20.2, 2.8)
quadrotor0
-0.02552091
0.1757583
0.02948415
0.9836607
(356.5, 20.2, 2.8)
quadrotor0
-0.02552091
0.1757583
0.02948415
0.9836607
(356.5, 20.2, 2.8)
quadrotor0
-0.02552091
0.1757583
0.02948415
0.9836607
(356.5, 20.2, 2.8)
quadrotor0
-0.02552091
0.1757583
0.02948415
0.9836607
(356.5, 20.2, 2.8)
quadrotor0
-0.02552091
0.1757583
0.02948415
0.9836607
(356.5, 20.2, 2.8)
quadrotor0
-0.02552091
0.1757583
0.02948415
0.9836607
(356.5, 20.2, 2.8)
quadrotor0
-0.02552091
0.1757583
0.02948415
0.9836607
(356.5, 20.2, 2.8)
quadrotor0
-0.02552091
0.1757583
0.02948415
0.9836607
(356.5, 20.2, 2.8)
quadrotor0
-0.02552091
0.1757583
0.02948415
0.9836607
(356.5, 20.2, 2.8)
quadrotor0
-0.02552091
0.1757583
0.02948415
0.9836607
(356.5, 20.2, 2.8)
quadrotor0
-0.02552091
0.1757583
0.02948415
0.9836607
(356.5, 20.2, 2.8)
quadrotor0
-0.02552091
0.1757583
0.02948415
0.9836607
(356.5, 20.2, 2.8)
quadrotor0
-0.02552091
0.1757583
0.02948415
0.9836607
(356.5, 20.2, 2.8)
quadrotor0
-0.02552091
0.1757583
0.02948415
0.9836607
(356.5, 20.2, 2.8)
quadrotor0
-0.02552091
0.1757583
0.02948415
0.9836607
(356.5, 20.2, 2.8)
quadrotor0
-0.02552091
0.1757583
0.02948415
0.9836607
(356.5, 20.2, 2.8)
quadrotor0
-0.02552091
0.1757583
0.02948415
0.9836607
(356.5, 20.2, 2.8)
quadrotor0
-0.02552091
0.1757583
0.02948415
0.9836607
(356.5, 20.2, 2.8)
quadrotor0
-0.02552091
0.1757583
0.02948415
0.9836607
(356.5, 20.2, 2.8)
quadrotor0
-0.02552091
0.1757583
0.02948415
0.9836607
(356.5, 20.2, 2.8)
quadrotor0
-0.02552091
0.1757583
0.02948415
0.9836607
(356.5, 20.2, 2.8)
quadrotor0
-0.02552091
0.1757583
0.02948415
0.9836607
(356.5, 20.2, 2.8)
quadrotor0
-0.02552091
0.1757583
0.02948415
0.9836607
(356.5, 20.2, 2.8)
quadrotor0
-0.02552091
0.1757583
0.02948415
0.9836607
(356.5, 20.2, 2.8)
quadrotor0
-0.02552091
0.1757583
0.02948415
0.9836607
(356.5, 20.2, 2.8)
quadrotor0
-0.02552091
0.1757583
0.02948415
0.9836607
(356.5, 20.2, 2.8)
quadrotor0
-0.02552091
0.1757583
0.02948415
0.9836607
(356.5, 20.2, 2.8)
quadrotor0
-0.02552091
0.1757583
0.02948415
0.9836607
(356.5, 20.2, 2.8)
quadrotor0
-0.02552091
0.1757583
0.02948415
0.9836607
(356.5, 20.2, 2.8)
quadrotor0
-0.02552091
0.1757583
0.02948415
0.9836607
(356.5, 20.2, 2.8)
quadrotor0
-0.02552091
0.1757583
0.02948415
0.9836607
(356.5, 20.2, 2.8)
quadrotor0
-0.02552091
0.1757583
0.02948415
0.9836607
(356.5, 20.2, 2.8)
quadrotor0
-0.02552091
0.1757583
0.02948415
0.9836607
(356.5, 20.2, 2.8)
quadrotor0
-0.02552091
0.1757583
0.02948415
0.9836607
(356.5, 20.2, 2.8)
quadrotor0
-0.02552091
0.1757583
0.02948415
0.9836607
(356.5, 20.2, 2.8)
quadrotor0
-0.02552091
0.1757583
0.02948415
0.9836607
(356.5, 20.2, 2.8)
quadrotor0
-0.02552091
0.1757583
0.02948415
0.9836607
(356.5, 20.2, 2.8)
quadrotor0
-0.02552091
0.1757583
0.02948415
0.9836607
(356.5, 20.2, 2.8)
quadrotor0
-0.02552091
0.1757583
0.02948415
0.9836607
(356.5, 20.2, 2.8)
quadrotor0
-0.02552091
0.1757583
0.02948415
0.9836607
(356.5, 20.2, 2.8)
quadrotor0
-0.02552091
0.1757583
0.02948415
0.9836607
(356.5, 20.2, 2.8)
quadrotor0
-0.02552091
0.1757583
0.02948415
0.9836607
(356.5, 20.2, 2.8)
quadrotor0
-0.02552091
0.1757583
0.02948415
0.9836607
(356.5, 20.2, 2.8)
quadrotor0
-0.02552091
0.1757583
0.02948415
0.9836607
(356.5, 20.2, 2.8)
quadrotor0
-0.02552091
0.1757583
0.02948415
0.9836607
(356.5, 20.2, 2.8)
quadrotor0
-0.02552091
0.1757583
0.02948415
0.9836607
(356.5, 20.2, 2.8)
quadrotor0
-0.02552091
0.1757583
0.02948415
0.9836607
(356.5, 20.2, 2.8)
quadrotor0
-0.02552091
0.1757583
0.02948415
0.9836607
(356.5, 20.2, 2.8)
quadrotor0
-0.02552091
0.1757583
0.02948415
0.9836607
(356.5, 20.2, 2.8)
quadrotor0
-0.02552091
0.1757583
0.02948415
0.9836607
(356.5, 20.2, 2.8)
quadrotor0
-0.02552091
0.1757583
0.02948415
0.9836607
(356.5, 20.2, 2.8)
quadrotor0
-0.02552091
0.1757583
0.02948415
0.9836607
(356.5, 20.2, 2.8)
quadrotor0
-0.02552091
0.1757583
0.02948415
0.9836607
(356.5, 20.2, 2.8)
quadrotor0
-0.02552091
0.1757583
0.02948415
0.9836607
(356.5, 20.2, 2.8)
quadrotor0
-0.02552091
0.1757583
0.02948415
0.9836607
(356.5, 20.2, 2.8)
quadrotor0
-0.02552091
0.1757583
0.02948415
0.9836607
(356.5, 20.2, 2.8)
quadrotor0
-0.02552091
0.1757583
0.02948415
0.9836607
(356.5, 20.2, 2.8)
quadrotor0
-0.02552091
0.1757583
0.02948415
0.9836607
(356.5, 20.2, 2.8)
quadrotor0
-0.02552091
0.1757583
0.02948415
0.9836607
(356.5, 20.2, 2.8)
quadrotor0
-0.02552091
0.1757583
0.02948415
0.9836607
(356.5, 20.2, 2.8)
quadrotor0
-0.02552091
0.1757583
0.02948415
0.9836607
(356.5, 20.2, 2.8)
quadrotor0
-0.02552091
0.1757583
0.02948415
0.9836607
(356.5, 20.2, 2.8)
quadrotor0
-0.02552091
0.1757583
0.02948415
0.9836607
(356.5, 20.2, 2.8)
quadrotor0
-0.02552091
0.1757583
0.02948415
0.9836607
(356.5, 20.2, 2.8)
quadrotor0
-0.02552091
0.1757583
0.02948415
0.9836607
(356.5, 20.2, 2.8)
quadrotor0
-0.02552091
0.1757583
0.02948415
0.9836607
(356.5, 20.2, 2.8)
quadrotor0
-0.02552091
0.1757583
0.02948415
0.9836607
(356.5, 20.2, 2.8)
quadrotor0
-0.02552091
0.1757583
0.02948415
0.9836607
(356.5, 20.2, 2.8)
quadrotor0
-0.02552091
0.1757583
0.02948415
0.9836607
(356.5, 20.2, 2.8)
quadrotor0
-0.02552091
0.1757583
0.02948415
0.9836607
(356.5, 20.2, 2.8)
quadrotor0
-0.02552091
0.1757583
0.02948415
0.9836607
(356.5, 20.2, 2.8)
quadrotor0
-0.02552091
0.1757583
0.02948415
0.9836607
(356.5, 20.2, 2.8)
quadrotor0
-0.02552091
0.1757583
0.02948415
0.9836607
(356.5, 20.2, 2.8)
quadrotor0
-0.02552091
0.1757583
0.02948415
0.9836607
(356.5, 20.2, 2.8)
quadrotor0
-0.02552091
0.1757583
0.02948415
0.9836607
(356.5, 20.2, 2.8)
quadrotor0
-0.02552091
0.1757583
0.02948415
0.9836607
(356.5, 20.2, 2.8)
quadrotor0
-0.02552091
0.1757583
0.02948415
0.9836607
(356.5, 20.2, 2.8)
quadrotor0
-0.02552091
0.1757583
0.02948415
0.9836607
(356.5, 20.2, 2.8)
quadrotor0
-0.02552091
0.1757583
0.02948415
0.9836607
(356.5, 20.2, 2.8)
quadrotor0
-0.02552091
0.1757583
0.02948415
0.9836607
(356.5, 20.2, 2.8)
quadrotor0
-0.02552091
0.1757583
0.02948415
0.9836607
(356.5, 20.2, 2.8)
quadrotor0
-0.02552091
0.1757583
0.02948415
0.9836607
(356.5, 20.2, 2.8)
quadrotor0
-0.02552091
0.1757583
0.02948415
0.9836607
(356.5, 20.2, 2.8)
quadrotor0
-0.02552091
0.1757583
0.02948415
0.9836607
(356.5, 20.2, 2.8)
quadrotor0
-0.02552091
0.1757583
0.02948415
0.9836607
(356.5, 20.2, 2.8)
quadrotor0
-0.02552091
0.1757583
0.02948415
0.9836607
(356.5, 20.2, 2.8)
quadrotor0
-0.02552091
0.1757583
0.02948415
0.9836607
(356.5, 20.2, 2.8)
quadrotor0
-0.02552091
0.1757583
0.02948415
0.9836607
(356.5, 20.2, 2.8)
quadrotor0
-0.02552091
0.1757583
0.02948415
0.9836607
(356.5, 20.2, 2.8)
quadrotor0
-0.0255209
0.1757583
0.02948415
0.9836607
(356.5, 20.2, 2.8)
quadrotor0
-0.0255209
0.1757583
0.02948416
0.9836607
(356.5, 20.2, 2.8)
quadrotor0
-0.02552091
0.1757583
0.02948415
0.9836607
(356.5, 20.2, 2.8)
quadrotor0
-0.02552091
0.1757583
0.02948415
0.9836607
(356.5, 20.2, 2.8)
quadrotor0
-0.02552091
0.1757583
0.02948415
0.9836607
(356.5, 20.2, 2.8)
quadrotor0
-0.02552091
0.1757583
0.02948415
0.9836607
(356.5, 20.2, 2.8)
quadrotor0
-0.02552091
0.1757583
0.02948415
0.9836607
(356.5, 20.2, 2.8)
quadrotor0
-0.02552091
0.1757583
0.02948415
0.9836607
(356.5, 20.2, 2.8)
quadrotor0
-0.02552091
0.1757583
0.02948415
0.9836607
(356.5, 20.2, 2.8)
quadrotor0
-0.02552091
0.1757583
0.02948415
0.9836607
(356.5, 20.2, 2.8)
quadrotor0
-0.02552091
0.1757583
0.02948415
0.9836607
(356.5, 20.2, 2.8)
quadrotor0
-0.02552091
0.1757583
0.02948415
0.9836607
(356.5, 20.2, 2.8)
quadrotor0
-0.02552091
0.1757583
0.02948415
0.9836607
(356.5, 20.2, 2.8)
quadrotor0
-0.02552091
0.1757583
0.02948415
0.9836607
(356.5, 20.2, 2.8)
quadrotor0
-0.02552091
0.1757583
0.02948415
0.9836607
(356.5, 20.2, 2.8)
quadrotor0
-0.02552091
0.1757583
0.02948415
0.9836607
(356.5, 20.2, 2.8)
quadrotor0
-0.02552091
0.1757583
0.02948415
0.9836607
(356.5, 20.2, 2.8)
quadrotor0
-0.02552091
0.1757583
0.02948415
0.9836607
(356.5, 20.2, 2.8)
quadrotor0
-0.02552091
0.1757583
0.02948415
0.9836607
(356.5, 20.2, 2.8)
quadrotor0
-0.02552091
0.1757583
0.02948415
0.9836607
(356.5, 20.2, 2.8)
quadrotor0
-0.02552091
0.1757583
0.02948415
0.9836607
(356.5, 20.2, 2.8)
quadrotor0
-0.02552091
0.1757583
0.02948415
0.9836607
(356.5, 20.2, 2.8)
quadrotor0
-0.02552091
0.1757583
0.02948415
0.9836607
(356.5, 20.2, 2.8)
quadrotor0
-0.02552091
0.1757583
0.02948415
0.9836607
(356.5, 20.2, 2.8)
quadrotor0
-0.02552091
0.1757583
0.02948415
0.9836607
(356.5, 20.2, 2.8)
quadrotor0
-0.02552091
0.1757583
0.02948415
0.9836607
(356.5, 20.2, 2.8)
quadrotor0
-0.02552091
0.1757583
0.02948415
0.9836607
(356.5, 20.2, 2.8)
quadrotor0
-0.02552091
0.1757583
0.02948415
0.9836607
(356.5, 20.2, 2.8)
quadrotor0
-0.02552091
0.1757583
0.02948415
0.9836607
(356.5, 20.2, 2.8)
quadrotor0
-0.02552091
0.1757583
0.02948415
0.9836607
(356.5, 20.2, 2.8)
quadrotor0
-0.02552091
0.1757583
0.02948415
0.9836607
(356.5, 20.2, 2.8)
quadrotor0
-0.02552091
0.1757583
0.02948415
0.9836607
(356.5, 20.2, 2.8)
quadrotor0
-0.02552091
0.1757583
0.02948415
0.9836607
(356.5, 20.2, 2.8)
quadrotor0
-0.02552091
0.1757583
0.02948415
0.9836607
(356.5, 20.2, 2.8)
quadrotor0
-0.02552091
0.1757583
0.02948415
0.9836607
(356.5, 20.2, 2.8)
quadrotor0
-0.02552091
0.1757583
0.02948415
0.9836607
(356.5, 20.2, 2.8)
quadrotor0
-0.02552091
0.1757583
0.02948415
0.9836607
(356.5, 20.2, 2.8)
quadrotor0
-0.02552091
0.1757583
0.02948415
0.9836607
(356.5, 20.2, 2.8)
quadrotor0
-0.02552091
0.1757583
0.02948415
0.9836607
(356.5, 20.2, 2.8)
quadrotor0
-0.02552091
0.1757583
0.02948415
0.9836607
(356.5, 20.2, 2.8)
quadrotor0
-0.02552091
0.1757583
0.02948415
0.9836607
(356.5, 20.2, 2.8)
quadrotor0
-0.02552091
0.1757583
0.02948415
0.9836607
(356.5, 20.2, 2.8)
quadrotor0
-0.02552091
0.1757583
0.02948415
0.9836607
(356.5, 20.2, 2.8)
quadrotor0
-0.02552091
0.1757583
0.02948415
0.9836607
(356.5, 20.2, 2.8)
quadrotor0
-0.02552091
0.1757583
0.02948415
0.9836607
(356.5, 20.2, 2.8)
quadrotor0
-0.02552091
0.1757583
0.02948415
0.9836607
(356.5, 20.2, 2.8)
quadrotor0
-0.02552091
0.1757583
0.02948415
0.9836607
(356.5, 20.2, 2.8)
quadrotor0
-0.02552091
0.1757583
0.02948415
0.9836607
(356.5, 20.2, 2.8)
quadrotor0
-0.02552091
0.1757583
0.02948415
0.9836607
(356.5, 20.2, 2.8)
quadrotor0
-0.02552091
0.1757583
0.02948415
0.9836607
(356.5, 20.2, 2.8)
quadrotor0
-0.02552091
0.1757583
0.02948415
0.9836607
(356.5, 20.2, 2.8)
quadrotor0
-0.02552091
0.1757583
0.02948415
0.9836607
(356.5, 20.2, 2.8)
quadrotor0
-0.02552091
0.1757583
0.02948415
0.9836607
(356.5, 20.2, 2.8)
quadrotor0
-0.02552091
0.1757583
0.02948415
0.9836607
(356.5, 20.2, 2.8)
quadrotor0
-0.02552091
0.1757583
0.02948415
0.9836607
(356.5, 20.2, 2.8)
quadrotor0
-0.02552091
0.1757583
0.02948415
0.9836607
(356.5, 20.2, 2.8)
quadrotor0
-0.02552091
0.1757583
0.02948415
0.9836607
(356.5, 20.2, 2.8)
quadrotor0
-0.02552091
0.1757583
0.02948415
0.9836607
(356.5, 20.2, 2.8)
quadrotor0
-0.02552091
0.1757583
0.02948415
0.9836607
(356.5, 20.2, 2.8)
quadrotor0
-0.02552091
0.1757583
0.02948415
0.9836607
(356.5, 20.2, 2.8)
quadrotor0
-0.02552091
0.1757583
0.02948415
0.9836607
(356.5, 20.2, 2.8)
quadrotor0
-0.02552091
0.1757583
0.02948415
0.9836607
(356.5, 20.2, 2.8)
quadrotor0
-0.02552091
0.1757583
0.02948415
0.9836607
(356.5, 20.2, 2.8)
quadrotor0
-0.02552091
0.1757583
0.02948415
0.9836607
(356.5, 20.2, 2.8)
quadrotor0
-0.02552091
0.1757583
0.02948415
0.9836607
(356.5, 20.2, 2.8)
quadrotor0
-0.02552091
0.1757583
0.02948415
0.9836607
(356.5, 20.2, 2.8)
quadrotor0
-0.02552091
0.1757583
0.02948415
0.9836607
(356.5, 20.2, 2.8)
quadrotor0
-0.02552091
0.1757583
0.02948415
0.9836607
(356.5, 20.2, 2.8)
quadrotor0
-0.02552091
0.1757583
0.02948415
0.9836607
(356.5, 20.2, 2.8)
quadrotor0
-0.02552091
0.1757583
0.02948415
0.9836607
(356.5, 20.2, 2.8)
quadrotor0
-0.02552091
0.1757583
0.02948415
0.9836607
(356.5, 20.2, 2.8)
quadrotor0
-0.02552091
0.1757583
0.02948415
0.9836607
(356.5, 20.2, 2.8)
quadrotor0
-0.02552091
0.1757583
0.02948415
0.9836607
(356.5, 20.2, 2.8)
quadrotor0
-0.02552091
0.1757583
0.02948415
0.9836607
(356.5, 20.2, 2.8)
quadrotor0
-0.02552091
0.1757583
0.02948415
0.9836607
(356.5, 20.2, 2.8)
quadrotor0
-0.02552091
0.1757583
0.02948415
0.9836607
(356.5, 20.2, 2.8)
quadrotor0
-0.02552091
0.1757583
0.02948415
0.9836607
(356.5, 20.2, 2.8)
quadrotor0
-0.02552091
0.1757583
0.02948415
0.9836607
(356.5, 20.2, 2.8)
quadrotor0
-0.02552091
0.1757583
0.02948415
0.9836607
(356.5, 20.2, 2.8)
quadrotor0
-0.02552091
0.1757583
0.02948415
0.9836607
(356.5, 20.2, 2.8)
quadrotor0
-0.02552091
0.1757583
0.02948415
0.9836607
(356.5, 20.2, 2.8)
quadrotor0
-0.02552091
0.1757583
0.02948415
0.9836607
(356.5, 20.2, 2.8)
quadrotor0
-0.02552091
0.1757583
0.02948415
0.9836607
(356.5, 20.2, 2.8)
quadrotor0
-0.02552091
0.1757583
0.02948415
0.9836607
(356.5, 20.2, 2.8)
quadrotor0
-0.02552091
0.1757583
0.02948415
0.9836607
(356.5, 20.2, 2.8)
quadrotor0
-0.02552091
0.1757583
0.02948415
0.9836607
(356.5, 20.2, 2.8)
quadrotor0
-0.02552091
0.1757583
0.02948415
0.9836607
(356.5, 20.2, 2.8)
quadrotor0
-0.02552091
0.1757583
0.02948415
0.9836607
(356.5, 20.2, 2.8)
quadrotor0
-0.02552091
0.1757583
0.02948415
0.9836607
(356.5, 20.2, 2.8)
quadrotor0
-0.02552091
0.1757583
0.02948415
0.9836607
(356.5, 20.2, 2.8)
quadrotor0
-0.02552091
0.1757583
0.02948415
0.9836607
(356.5, 20.2, 2.8)
quadrotor0
-0.02552091
0.1757583
0.02948415
0.9836607
(356.5, 20.2, 2.8)
quadrotor0
-0.02552091
0.1757583
0.02948415
0.9836607
(356.5, 20.2, 2.8)
quadrotor0
-0.02552091
0.1757583
0.02948415
0.9836607
(356.5, 20.2, 2.8)
quadrotor0
-0.02552091
0.1757583
0.02948415
0.9836607
(356.5, 20.2, 2.8)
quadrotor0
-0.02552091
0.1757583
0.02948415
0.9836607
(356.5, 20.2, 2.8)
quadrotor0
-0.02552091
0.1757583
0.02948415
0.9836607
(356.5, 20.2, 2.8)
quadrotor0
-0.02552091
0.1757583
0.02948415
0.9836607
(356.5, 20.2, 2.8)
quadrotor0
-0.02552091
0.1757583
0.02948415
0.9836607
(356.5, 20.2, 2.8)
quadrotor0
-0.02552091
0.1757583
0.02948415
0.9836607
(356.5, 20.2, 2.8)
quadrotor0
-0.02552091
0.1757583
0.02948415
0.9836607
(356.5, 20.2, 2.8)
quadrotor0
-0.02552091
0.1757583
0.02948415
0.9836607
(356.5, 20.2, 2.8)
quadrotor0
-0.02552091
0.1757583
0.02948415
0.9836607
(356.5, 20.2, 2.8)
quadrotor0
-0.02552091
0.1757583
0.02948415
0.9836607
(356.5, 20.2, 2.8)
quadrotor0
-0.02552091
0.1757583
0.02948415
0.9836607
(356.5, 20.2, 2.8)
quadrotor0
-0.02552091
0.1757583
0.02948415
0.9836607
(356.5, 20.2, 2.8)
quadrotor0
-0.02552091
0.1757583
0.02948415
0.9836607
(356.5, 20.2, 2.8)
quadrotor0
-0.02552091
0.1757583
0.02948415
0.9836607
(356.5, 20.2, 2.8)
quadrotor0
-0.02552091
0.1757583
0.02948415
0.9836607
(356.5, 20.2, 2.8)
quadrotor0
-0.02552091
0.1757583
0.02948415
0.9836607
(356.5, 20.2, 2.8)
quadrotor0
-0.02552091
0.1757583
0.02948415
0.9836607
(356.5, 20.2, 2.8)
quadrotor0
-0.02552091
0.1757583
0.02948415
0.9836607
(356.5, 20.2, 2.8)
quadrotor0
-0.02552091
0.1757583
0.02948415
0.9836607
(356.5, 20.2, 2.8)
quadrotor0
-0.02552091
0.1757583
0.02948415
0.9836607
(356.5, 20.2, 2.8)
quadrotor0
-0.02552091
0.1757583
0.02948415
0.9836607
(356.5, 20.2, 2.8)
quadrotor0
-0.02552091
0.1757583
0.02948415
0.9836607
(356.5, 20.2, 2.8)
quadrotor0
-0.02552091
0.1757583
0.02948415
0.9836607
(356.5, 20.2, 2.8)
quadrotor0
-0.02552091
0.1757583
0.02948415
0.9836607
(356.5, 20.2, 2.8)
quadrotor0
-0.02552091
0.1757583
0.02948415
0.9836607
(356.5, 20.2, 2.8)
quadrotor0
-0.02552091
0.1757583
0.02948415
0.9836607
(356.5, 20.2, 2.8)
quadrotor0
-0.02552091
0.1757583
0.02948415
0.9836607
(356.5, 20.2, 2.8)
quadrotor0
-0.02552091
0.1757583
0.02948415
0.9836607
(356.5, 20.2, 2.8)
quadrotor0
-0.02552091
0.1757583
0.02948415
0.9836607
(356.5, 20.2, 2.8)
quadrotor0
-0.02552091
0.1757583
0.02948415
0.9836607
(356.5, 20.2, 2.8)
quadrotor0
-0.02552091
0.1757583
0.02948415
0.9836607
(356.5, 20.2, 2.8)
quadrotor0
-0.02552091
0.1757583
0.02948415
0.9836607
(356.5, 20.2, 2.8)
quadrotor0
-0.02552091
0.1757583
0.02948415
0.9836607
(356.5, 20.2, 2.8)
quadrotor0
-0.02552091
0.1757583
0.02948415
0.9836607
(356.5, 20.2, 2.8)
quadrotor0
-0.02552091
0.1757583
0.02948415
0.9836607
(356.5, 20.2, 2.8)
quadrotor0
-0.02552091
0.1757583
0.02948415
0.9836607
(356.5, 20.2, 2.8)
quadrotor0
-0.02552091
0.1757583
0.02948415
0.9836607
(356.5, 20.2, 2.8)
quadrotor0
-0.02552091
0.1757583
0.02948415
0.9836607
(356.5, 20.2, 2.8)
quadrotor0
-0.02552091
0.1757583
0.02948415
0.9836607
(356.5, 20.2, 2.8)
quadrotor0
-0.02552091
0.1757583
0.02948415
0.9836607
(356.5, 20.2, 2.8)
quadrotor0
-0.02552091
0.1757583
0.02948416
0.9836607
(356.5, 20.2, 2.8)
quadrotor0
-0.02552091
0.1757583
0.02948415
0.9836607
(356.5, 20.2, 2.8)
quadrotor0
-0.02552091
0.1757583
0.02948415
0.9836607
(356.5, 20.2, 2.8)
quadrotor0
-0.02552091
0.1757583
0.02948415
0.9836607
(356.5, 20.2, 2.8)
quadrotor0
-0.02552091
0.1757583
0.02948415
0.9836607
(356.5, 20.2, 2.8)
quadrotor0
-0.02552091
0.1757583
0.02948415
0.9836607
(356.5, 20.2, 2.8)
quadrotor0
-0.02552091
0.1757583
0.02948415
0.9836607
(356.5, 20.2, 2.8)
quadrotor0
-0.02552091
0.1757583
0.02948415
0.9836607
(356.5, 20.2, 2.8)
quadrotor0
-0.02552091
0.1757583
0.02948415
0.9836607
(356.5, 20.2, 2.8)
quadrotor0
-0.02552091
0.1757583
0.02948415
0.9836607
(356.5, 20.2, 2.8)
quadrotor0
-0.02552091
0.1757583
0.02948415
0.9836607
(356.5, 20.2, 2.8)
quadrotor0
-0.02552091
0.1757583
0.02948415
0.9836607
(356.5, 20.2, 2.8)
quadrotor0
-0.02552091
0.1757583
0.02948415
0.9836607
(356.5, 20.2, 2.8)
quadrotor0
-0.02552091
0.1757583
0.02948415
0.9836607
(356.5, 20.2, 2.8)
quadrotor0
-0.02552091
0.1757583
0.02948415
0.9836607
(356.5, 20.2, 2.8)
quadrotor0
-0.02552091
0.1757583
0.02948415
0.9836607
(356.5, 20.2, 2.8)
quadrotor0
-0.02552091
0.1757583
0.02948415
0.9836607
(356.5, 20.2, 2.8)
quadrotor0
-0.02552091
0.1757583
0.02948415
0.9836607
(356.5, 20.2, 2.8)
quadrotor0
-0.02552091
0.1757583
0.02948415
0.9836607
(356.5, 20.2, 2.8)
quadrotor0
-0.02552091
0.1757583
0.02948415
0.9836607
(356.5, 20.2, 2.8)
quadrotor0
-0.02552091
0.1757583
0.02948415
0.9836607
(356.5, 20.2, 2.8)
quadrotor0
-0.02552091
0.1757583
0.02948415
0.9836607
(356.5, 20.2, 2.8)
quadrotor0
-0.02552091
0.1757583
0.02948415
0.9836607
(356.5, 20.2, 2.8)
quadrotor0
-0.02552091
0.1757583
0.02948415
0.9836607
(356.5, 20.2, 2.8)
quadrotor0
-0.02552091
0.1757583
0.02948415
0.9836607
(356.5, 20.2, 2.8)
quadrotor0
-0.02552091
0.1757583
0.02948415
0.9836607
(356.5, 20.2, 2.8)
quadrotor0
-0.02552091
0.1757583
0.02948415
0.9836607
(356.5, 20.2, 2.8)
quadrotor0
-0.02552091
0.1757583
0.02948415
0.9836607
(356.5, 20.2, 2.8)
quadrotor0
-0.02552091
0.1757583
0.02948415
0.9836607
(356.5, 20.2, 2.8)
quadrotor0
-0.02552091
0.1757583
0.02948415
0.9836607
(356.5, 20.2, 2.8)
quadrotor0
-0.02552091
0.1757583
0.02948415
0.9836607
(356.5, 20.2, 2.8)
quadrotor0
-0.02552091
0.1757583
0.02948415
0.9836607
(356.5, 20.2, 2.8)
quadrotor0
-0.02552091
0.1757583
0.02948415
0.9836607
(356.5, 20.2, 2.8)
quadrotor0
-0.02552091
0.1757583
0.02948415
0.9836607
(356.5, 20.2, 2.8)
quadrotor0
-0.02552091
0.1757583
0.02948415
0.9836607
(356.5, 20.2, 2.8)
quadrotor0
-0.02552091
0.1757583
0.02948415
0.9836607
(356.5, 20.2, 2.8)
quadrotor0
-0.02552091
0.1757583
0.02948415
0.9836607
(356.5, 20.2, 2.8)
quadrotor0
-0.02552091
0.1757583
0.02948415
0.9836607
(356.5, 20.2, 2.8)
quadrotor0
-0.02552091
0.1757583
0.02948415
0.9836607
(356.5, 20.2, 2.8)
quadrotor0
-0.02552091
0.1757583
0.02948415
0.9836607
(356.5, 20.2, 2.8)
quadrotor0
-0.02552091
0.1757583
0.02948415
0.9836607
(356.5, 20.2, 2.8)
quadrotor0
-0.02552091
0.1757583
0.02948415
0.9836607
(356.5, 20.2, 2.8)
quadrotor0
-0.02552091
0.1757583
0.02948415
0.9836607
(356.5, 20.2, 2.8)
quadrotor0
-0.02552091
0.1757583
0.02948415
0.9836607
(356.5, 20.2, 2.8)
quadrotor0
-0.02552091
0.1757583
0.02948415
0.9836607
(356.5, 20.2, 2.8)
quadrotor0
-0.02552091
0.1757583
0.02948415
0.9836607
(356.5, 20.2, 2.8)
quadrotor0
-0.02552091
0.1757583
0.02948415
0.9836607
(356.5, 20.2, 2.8)
quadrotor0
-0.02552091
0.1757583
0.02948415
0.9836607
(356.5, 20.2, 2.8)
quadrotor0
-0.02552091
0.1757583
0.02948415
0.9836607
(356.5, 20.2, 2.8)
quadrotor0
-0.02552091
0.1757583
0.02948415
0.9836607
(356.5, 20.2, 2.8)
quadrotor0
-0.02552091
0.1757583
0.02948415
0.9836607
(356.5, 20.2, 2.8)
quadrotor0
-0.02552091
0.1757583
0.02948415
0.9836607
(356.5, 20.2, 2.8)
quadrotor0
-0.02552091
0.1757583
0.02948415
0.9836607
(356.5, 20.2, 2.8)
quadrotor0
-0.02552091
0.1757583
0.02948415
0.9836607
(356.5, 20.2, 2.8)
quadrotor0
-0.02552091
0.1757583
0.02948415
0.9836607
(356.5, 20.2, 2.8)
quadrotor0
-0.02552091
0.1757583
0.02948415
0.9836607
(356.5, 20.2, 2.8)
quadrotor0
-0.02552091
0.1757583
0.02948415
0.9836607
(356.5, 20.2, 2.8)
quadrotor0
-0.02552091
0.1757583
0.02948415
0.9836607
(356.5, 20.2, 2.8)
quadrotor0
-0.02552091
0.1757583
0.02948415
0.9836607
(356.5, 20.2, 2.8)
quadrotor0
-0.02552091
0.1757583
0.02948415
0.9836607
(356.5, 20.2, 2.8)
quadrotor0
-0.02552091
0.1757583
0.02948415
0.9836607
(356.5, 20.2, 2.8)
quadrotor0
-0.02552091
0.1757583
0.02948415
0.9836607
(356.5, 20.2, 2.8)
quadrotor0
-0.02552091
0.1757583
0.02948415
0.9836607
(356.5, 20.2, 2.8)
quadrotor0
-0.02552091
0.1757583
0.02948415
0.9836607
(356.5, 20.2, 2.8)
quadrotor0
-0.02552091
0.1757583
0.02948415
0.9836607
(356.5, 20.2, 2.8)
quadrotor0
-0.02552091
0.1757583
0.02948415
0.9836607
(356.5, 20.2, 2.8)
quadrotor0
-0.02552091
0.1757583
0.02948415
0.9836607
(356.5, 20.2, 2.8)
quadrotor0
-0.02552091
0.1757583
0.02948415
0.9836607
(356.5, 20.2, 2.8)
quadrotor0
-0.02552091
0.1757583
0.02948415
0.9836607
(356.5, 20.2, 2.8)
quadrotor0
-0.02552091
0.1757583
0.02948415
0.9836607
(356.5, 20.2, 2.8)
quadrotor0
-0.02552091
0.1757583
0.02948415
0.9836607
(356.5, 20.2, 2.8)
quadrotor0
-0.02552091
0.1757583
0.02948415
0.9836607
(356.5, 20.2, 2.8)
quadrotor0
-0.02552091
0.1757583
0.02948415
0.9836607
(356.5, 20.2, 2.8)
quadrotor0
-0.02552091
0.1757583
0.02948415
0.9836607
(356.5, 20.2, 2.8)
quadrotor0
-0.02552091
0.1757583
0.02948415
0.9836607
(356.5, 20.2, 2.8)
quadrotor0
-0.02552091
0.1757583
0.02948415
0.9836607
(356.5, 20.2, 2.8)
quadrotor0
-0.02552091
0.1757583
0.02948415
0.9836607
(356.5, 20.2, 2.8)
quadrotor0
-0.02552091
0.1757583
0.02948415
0.9836607
(356.5, 20.2, 2.8)
quadrotor0
-0.02552091
0.1757583
0.02948415
0.9836607
(356.5, 20.2, 2.8)
quadrotor0
-0.02552091
0.1757583
0.02948415
0.9836607
(356.5, 20.2, 2.8)
quadrotor0
-0.02552091
0.1757583
0.02948415
0.9836607
(356.5, 20.2, 2.8)
quadrotor0
-0.02552091
0.1757583
0.02948415
0.9836607
(356.5, 20.2, 2.8)
quadrotor0
-0.02552091
0.1757583
0.02948415
0.9836607
(356.5, 20.2, 2.8)
quadrotor0
-0.02552091
0.1757583
0.02948415
0.9836607
(356.5, 20.2, 2.8)
quadrotor0
-0.02552091
0.1757583
0.02948415
0.9836607
(356.5, 20.2, 2.8)
quadrotor0
-0.02552091
0.1757583
0.02948415
0.9836607
(356.5, 20.2, 2.8)
quadrotor0
-0.02552091
0.1757583
0.02948416
0.9836607
(356.5, 20.2, 2.8)
quadrotor0
-0.02552091
0.1757583
0.02948416
0.9836607
(356.5, 20.2, 2.8)
quadrotor0
-0.02552091
0.1757583
0.02948416
0.9836607
(356.5, 20.2, 2.8)
quadrotor0
-0.02552091
0.1757583
0.02948416
0.9836607
(356.5, 20.2, 2.8)
quadrotor0
-0.02552091
0.1757583
0.02948416
0.9836607
(356.5, 20.2, 2.8)
quadrotor0
-0.02552091
0.1757583
0.02948416
0.9836607
(356.5, 20.2, 2.8)
quadrotor0
-0.02552091
0.1757583
0.02948416
0.9836607
(356.5, 20.2, 2.8)
quadrotor0
-0.02552091
0.1757583
0.02948416
0.9836607
(356.5, 20.2, 2.8)
quadrotor0
-0.02552091
0.1757583
0.02948416
0.9836607
(356.5, 20.2, 2.8)
quadrotor0
-0.02552091
0.1757583
0.02948416
0.9836607
(356.5, 20.2, 2.8)
quadrotor0
-0.02552091
0.1757583
0.02948415
0.9836607
(356.5, 20.2, 2.8)
quadrotor0
-0.02552091
0.1757583
0.02948415
0.9836607
(356.5, 20.2, 2.8)
quadrotor0
-0.02552091
0.1757583
0.02948415
0.9836607
(356.5, 20.2, 2.8)
quadrotor0
-0.02552091
0.1757583
0.02948415
0.9836607
(356.5, 20.2, 2.8)
quadrotor0
-0.02552091
0.1757583
0.02948415
0.9836607
(356.5, 20.2, 2.8)
quadrotor0
-0.02552091
0.1757583
0.02948415
0.9836607
(356.5, 20.2, 2.8)
quadrotor0
-0.02552091
0.1757583
0.02948415
0.9836607
(356.5, 20.2, 2.8)
quadrotor0
-0.02552091
0.1757583
0.02948415
0.9836607
(356.5, 20.2, 2.8)
quadrotor0
-0.02552091
0.1757583
0.02948415
0.9836607
(356.5, 20.2, 2.8)
quadrotor0
-0.02552091
0.1757583
0.02948415
0.9836607
(356.5, 20.2, 2.8)
quadrotor0
-0.02552091
0.1757583
0.02948415
0.9836607
(356.5, 20.2, 2.8)
quadrotor0
-0.02552091
0.1757583
0.02948415
0.9836607
(356.5, 20.2, 2.8)
quadrotor0
-0.02552091
0.1757583
0.02948416
0.9836607
(356.5, 20.2, 2.8)
quadrotor0
-0.02552091
0.1757583
0.02948416
0.9836607
(356.5, 20.2, 2.8)
quadrotor0
-0.02552091
0.1757583
0.02948416
0.9836607
(356.5, 20.2, 2.8)
quadrotor0
-0.02552091
0.1757583
0.02948416
0.9836607
(356.5, 20.2, 2.8)
quadrotor0
-0.02552091
0.1757583
0.02948416
0.9836607
(356.5, 20.2, 2.8)
quadrotor0
-0.02552091
0.1757583
0.02948416
0.9836607
(356.5, 20.2, 2.8)
quadrotor0
-0.02552091
0.1757583
0.02948416
0.9836607
(356.5, 20.2, 2.8)
quadrotor0
-0.02552091
0.1757583
0.02948415
0.9836607
(356.5, 20.2, 2.8)
quadrotor0
-0.02552091
0.1757583
0.02948415
0.9836607
(356.5, 20.2, 2.8)
quadrotor0
-0.02552091
0.1757583
0.02948415
0.9836607
(356.5, 20.2, 2.8)
quadrotor0
-0.02552091
0.1757583
0.02948415
0.9836607
(356.5, 20.2, 2.8)
quadrotor0
-0.02552091
0.1757583
0.02948415
0.9836607
(356.5, 20.2, 2.8)
quadrotor0
-0.02552091
0.1757583
0.02948415
0.9836607
(356.5, 20.2, 2.8)
quadrotor0
-0.02552091
0.1757583
0.02948415
0.9836607
(356.5, 20.2, 2.8)
quadrotor0
-0.02552091
0.1757583
0.02948415
0.9836607
(356.5, 20.2, 2.8)
quadrotor0
-0.02552091
0.1757583
0.02948415
0.9836607
(356.5, 20.2, 2.8)
quadrotor0
-0.02552091
0.1757583
0.02948415
0.9836607
(356.5, 20.2, 2.8)
quadrotor0
-0.02552091
0.1757583
0.02948415
0.9836607
(356.5, 20.2, 2.8)
quadrotor0
-0.02552091
0.1757583
0.02948415
0.9836607
(356.5, 20.2, 2.8)
quadrotor0
-0.02552091
0.1757583
0.02948415
0.9836607
(356.5, 20.2, 2.8)
quadrotor0
-0.02552091
0.1757583
0.02948415
0.9836607
(356.5, 20.2, 2.8)
quadrotor0
-0.02552091
0.1757583
0.02948415
0.9836607
(356.5, 20.2, 2.8)
quadrotor0
-0.02552091
0.1757583
0.02948415
0.9836607
(356.5, 20.2, 2.8)
quadrotor0
-0.02552091
0.1757583
0.02948415
0.9836607
(356.5, 20.2, 2.8)
quadrotor0
-0.02552091
0.1757583
0.02948415
0.9836607
(356.5, 20.2, 2.8)
quadrotor0
-0.02552091
0.1757583
0.02948415
0.9836607
(356.5, 20.2, 2.8)
quadrotor0
-0.02552091
0.1757583
0.02948415
0.9836607
(356.5, 20.2, 2.8)
quadrotor0
-0.02552091
0.1757583
0.02948415
0.9836607
(356.5, 20.2, 2.8)
quadrotor0
-0.02552091
0.1757583
0.02948415
0.9836607
(356.5, 20.2, 2.8)
quadrotor0
-0.02552091
0.1757583
0.02948415
0.9836607
(356.5, 20.2, 2.8)
quadrotor0
-0.02552091
0.1757583
0.02948415
0.9836607
(356.5, 20.2, 2.8)
quadrotor0
-0.02552091
0.1757583
0.02948415
0.9836607
(356.5, 20.2, 2.8)
quadrotor0
-0.02552091
0.1757583
0.02948415
0.9836607
(356.5, 20.2, 2.8)
quadrotor0
-0.02552091
0.1757583
0.02948415
0.9836607
(356.5, 20.2, 2.8)
quadrotor0
-0.02552091
0.1757583
0.02948415
0.9836607
(356.5, 20.2, 2.8)
quadrotor0
-0.02552091
0.1757583
0.02948415
0.9836607
(356.5, 20.2, 2.8)
quadrotor0
-0.02552091
0.1757583
0.02948415
0.9836607
(356.5, 20.2, 2.8)
quadrotor0
-0.02552091
0.1757583
0.02948415
0.9836607
(356.5, 20.2, 2.8)
quadrotor0
-0.02552091
0.1757583
0.02948415
0.9836607
(356.5, 20.2, 2.8)
quadrotor0
-0.02552091
0.1757583
0.02948415
0.9836607
(356.5, 20.2, 2.8)
quadrotor0
-0.02552091
0.1757583
0.02948415
0.9836607
(356.5, 20.2, 2.8)
quadrotor0
-0.02552091
0.1757583
0.02948415
0.9836607
(356.5, 20.2, 2.8)
quadrotor0
-0.02552091
0.1757583
0.02948415
0.9836607
(356.5, 20.2, 2.8)
quadrotor0
-0.02552091
0.1757583
0.02948415
0.9836607
(356.5, 20.2, 2.8)
quadrotor0
-0.02552091
0.1757583
0.02948415
0.9836607
(356.5, 20.2, 2.8)
quadrotor0
-0.02552091
0.1757583
0.02948415
0.9836607
(356.5, 20.2, 2.8)
quadrotor0
-0.02552091
0.1757583
0.02948415
0.9836607
(356.5, 20.2, 2.8)
quadrotor0
-0.02552091
0.1757583
0.02948415
0.9836607
(356.5, 20.2, 2.8)
quadrotor0
-0.02552091
0.1757583
0.02948415
0.9836607
(356.5, 20.2, 2.8)
quadrotor0
-0.02552091
0.1757583
0.02948415
0.9836607
(356.5, 20.2, 2.8)
quadrotor0
-0.02552091
0.1757583
0.02948415
0.9836607
(356.5, 20.2, 2.8)
quadrotor0
-0.02552091
0.1757583
0.02948415
0.9836607
(356.5, 20.2, 2.8)
quadrotor0
-0.02552091
0.1757583
0.02948415
0.9836607
(356.5, 20.2, 2.8)
quadrotor0
-0.02552091
0.1757583
0.02948415
0.9836607
(356.5, 20.2, 2.8)
quadrotor0
-0.02552091
0.1757583
0.02948415
0.9836607
(356.5, 20.2, 2.8)
quadrotor0
-0.02552091
0.1757583
0.02948415
0.9836607
(356.5, 20.2, 2.8)
quadrotor0
-0.02552091
0.1757583
0.02948415
0.9836607
(356.5, 20.2, 2.8)
quadrotor0
-0.02552091
0.1757583
0.02948415
0.9836607
(356.5, 20.2, 2.8)
quadrotor0
-0.02552091
0.1757583
0.02948415
0.9836607
(356.5, 20.2, 2.8)
quadrotor0
-0.02552091
0.1757583
0.02948415
0.9836607
(356.5, 20.2, 2.8)
quadrotor0
-0.02552091
0.1757583
0.02948415
0.9836607
(356.5, 20.2, 2.8)
quadrotor0
-0.02552091
0.1757583
0.02948415
0.9836607
(356.5, 20.2, 2.8)
quadrotor0
-0.02552091
0.1757583
0.02948415
0.9836607
(356.5, 20.2, 2.8)
quadrotor0
-0.02552091
0.1757583
0.02948415
0.9836607
(356.5, 20.2, 2.8)
quadrotor0
-0.02552091
0.1757583
0.02948415
0.9836607
(356.5, 20.2, 2.8)
quadrotor0
-0.02552091
0.1757583
0.02948415
0.9836607
(356.5, 20.2, 2.8)
quadrotor0
-0.02552091
0.1757583
0.02948415
0.9836607
(356.5, 20.2, 2.8)
quadrotor0
-0.02552091
0.1757583
0.02948415
0.9836607
(356.5, 20.2, 2.8)
quadrotor0
-0.02552091
0.1757583
0.02948415
0.9836607
(356.5, 20.2, 2.8)
quadrotor0
-0.02552091
0.1757583
0.02948415
0.9836607
(356.5, 20.2, 2.8)
quadrotor0
-0.02552091
0.1757583
0.02948415
0.9836607
(356.5, 20.2, 2.8)
quadrotor0
-0.02552091
0.1757583
0.02948415
0.9836607
(356.5, 20.2, 2.8)
quadrotor0
-0.02552091
0.1757583
0.02948415
0.9836607
(356.5, 20.2, 2.8)
quadrotor0
-0.02552091
0.1757583
0.02948415
0.9836607
(356.5, 20.2, 2.8)
quadrotor0
-0.02552091
0.1757583
0.02948415
0.9836607
(356.5, 20.2, 2.8)
quadrotor0
-0.02552091
0.1757583
0.02948415
0.9836607
(356.5, 20.2, 2.8)
quadrotor0
-0.02552091
0.1757583
0.02948415
0.9836607
(356.5, 20.2, 2.8)
quadrotor0
-0.02552091
0.1757583
0.02948415
0.9836607
(356.5, 20.2, 2.8)
quadrotor0
-0.02552091
0.1757583
0.02948415
0.9836607
(356.5, 20.2, 2.8)
quadrotor0
-0.02552091
0.1757583
0.02948415
0.9836607
(356.5, 20.2, 2.8)
quadrotor0
-0.02552091
0.1757583
0.02948415
0.9836607
(356.5, 20.2, 2.8)
quadrotor0
-0.02552091
0.1757583
0.02948415
0.9836607
(356.5, 20.2, 2.8)
quadrotor0
-0.02552091
0.1757583
0.02948415
0.9836607
(356.5, 20.2, 2.8)
quadrotor0
-0.02552091
0.1757583
0.02948415
0.9836607
(356.5, 20.2, 2.8)
quadrotor0
-0.02552091
0.1757583
0.02948415
0.9836607
(356.5, 20.2, 2.8)
quadrotor0
-0.02552091
0.1757583
0.02948415
0.9836607
(356.5, 20.2, 2.8)
quadrotor0
-0.02552091
0.1757583
0.02948415
0.9836607
(356.5, 20.2, 2.8)
quadrotor0
-0.02552091
0.1757583
0.02948415
0.9836607
(356.5, 20.2, 2.8)
quadrotor0
-0.02552091
0.1757583
0.02948415
0.9836607
(356.5, 20.2, 2.8)
quadrotor0
-0.02552091
0.1757583
0.02948415
0.9836607
(356.5, 20.2, 2.8)
quadrotor0
-0.02552091
0.1757583
0.02948415
0.9836607
(356.5, 20.2, 2.8)
quadrotor0
-0.02552091
0.1757583
0.02948415
0.9836607
(356.5, 20.2, 2.8)
quadrotor0
-0.02552091
0.1757583
0.02948415
0.9836607
(356.5, 20.2, 2.8)
quadrotor0
-0.02552091
0.1757583
0.02948415
0.9836607
(356.5, 20.2, 2.8)
quadrotor0
-0.02552091
0.1757583
0.02948415
0.9836607
(356.5, 20.2, 2.8)
quadrotor0
-0.02552091
0.1757583
0.02948415
0.9836607
(356.5, 20.2, 2.8)
quadrotor0
-0.02552091
0.1757583
0.02948415
0.9836607
(356.5, 20.2, 2.8)
quadrotor0
-0.02552091
0.1757583
0.02948415
0.9836607
(356.5, 20.2, 2.8)
quadrotor0
-0.02552091
0.1757583
0.02948415
0.9836607
(356.5, 20.2, 2.8)
quadrotor0
-0.02552091
0.1757583
0.02948415
0.9836607
(356.5, 20.2, 2.8)
quadrotor0
-0.02552091
0.1757583
0.02948415
0.9836607
(356.5, 20.2, 2.8)
quadrotor0
-0.02552091
0.1757583
0.02948415
0.9836607
(356.5, 20.2, 2.8)
quadrotor0
-0.02552091
0.1757583
0.02948416
0.9836607
(356.5, 20.2, 2.8)
quadrotor0
-0.02552091
0.1757583
0.02948415
0.9836607
(356.5, 20.2, 2.8)
quadrotor0
-0.02552091
0.1757583
0.02948415
0.9836607
(356.5, 20.2, 2.8)
quadrotor0
-0.02552091
0.1757583
0.02948415
0.9836607
(356.5, 20.2, 2.8)
quadrotor0
-0.02552091
0.1757583
0.02948415
0.9836607
(356.5, 20.2, 2.8)
quadrotor0
-0.02552091
0.1757583
0.02948415
0.9836607
(356.5, 20.2, 2.8)
quadrotor0
-0.02552091
0.1757583
0.02948415
0.9836607
(356.5, 20.2, 2.8)
quadrotor0
-0.02552091
0.1757583
0.02948415
0.9836607
(356.5, 20.2, 2.8)
quadrotor0
-0.02552091
0.1757583
0.02948415
0.9836607
(356.5, 20.2, 2.8)
quadrotor0
-0.02552091
0.1757583
0.02948415
0.9836607
(356.5, 20.2, 2.8)
quadrotor0
-0.02552091
0.1757583
0.02948415
0.9836607
(356.5, 20.2, 2.8)
quadrotor0
-0.02552091
0.1757583
0.02948415
0.9836607
(356.5, 20.2, 2.8)
quadrotor0
-0.02552091
0.1757583
0.02948415
0.9836607
(356.5, 20.2, 2.8)
quadrotor0
-0.02552091
0.1757583
0.02948415
0.9836607
(356.5, 20.2, 2.8)
quadrotor0
-0.02552091
0.1757583
0.02948415
0.9836607
(356.5, 20.2, 2.8)
quadrotor0
-0.02552091
0.1757583
0.02948415
0.9836607
(356.5, 20.2, 2.8)
quadrotor0
-0.02552091
0.1757583
0.02948415
0.9836607
(356.5, 20.2, 2.8)
quadrotor0
-0.02552091
0.1757583
0.02948415
0.9836607
(356.5, 20.2, 2.8)
quadrotor0
-0.02552091
0.1757583
0.02948415
0.9836607
(356.5, 20.2, 2.8)
quadrotor0
-0.02552091
0.1757583
0.02948415
0.9836607
(356.5, 20.2, 2.8)
quadrotor0
-0.02552091
0.1757583
0.02948415
0.9836607
(356.5, 20.2, 2.8)
quadrotor0
-0.02552091
0.1757583
0.02948415
0.9836607
(356.5, 20.2, 2.8)
quadrotor0
-0.02552091
0.1757583
0.02948415
0.9836607
(356.5, 20.2, 2.8)
quadrotor0
-0.02552091
0.1757583
0.02948415
0.9836607
(356.5, 20.2, 2.8)
quadrotor0
-0.02552091
0.1757583
0.02948415
0.9836607
(356.5, 20.2, 2.8)
quadrotor0
-0.02552091
0.1757583
0.02948415
0.9836607
(356.5, 20.2, 2.8)
quadrotor0
-0.02552091
0.1757583
0.02948415
0.9836607
(356.5, 20.2, 2.8)
quadrotor0
-0.02552091
0.1757583
0.02948415
0.9836607
(356.5, 20.2, 2.8)
quadrotor0
-0.02552091
0.1757583
0.02948415
0.9836607
(356.5, 20.2, 2.8)
quadrotor0
-0.02552091
0.1757583
0.02948415
0.9836607
(356.5, 20.2, 2.8)
quadrotor0
-0.02552091
0.1757583
0.02948415
0.9836607
(356.5, 20.2, 2.8)
quadrotor0
-0.02552091
0.1757583
0.02948415
0.9836607
(356.5, 20.2, 2.8)
quadrotor0
-0.02552091
0.1757583
0.02948415
0.9836607
(356.5, 20.2, 2.8)
quadrotor0
-0.02552091
0.1757583
0.02948415
0.9836607
(356.5, 20.2, 2.8)
quadrotor0
-0.02552091
0.1757583
0.02948415
0.9836607
(356.5, 20.2, 2.8)
quadrotor0
-0.02552091
0.1757583
0.02948415
0.9836607
(356.5, 20.2, 2.8)
quadrotor0
-0.02552091
0.1757583
0.02948415
0.9836607
(356.5, 20.2, 2.8)
quadrotor0
-0.02552091
0.1757583
0.02948415
0.9836607
(356.5, 20.2, 2.8)
quadrotor0
-0.02552091
0.1757583
0.02948415
0.9836607
(356.5, 20.2, 2.8)
quadrotor0
-0.02552091
0.1757583
0.02948415
0.9836607
(356.5, 20.2, 2.8)
quadrotor0
-0.02552091
0.1757583
0.02948415
0.9836607
(356.5, 20.2, 2.8)
quadrotor0
-0.02552091
0.1757583
0.02948415
0.9836607
(356.5, 20.2, 2.8)
quadrotor0
-0.02552091
0.1757583
0.02948415
0.9836607
(356.5, 20.2, 2.8)
quadrotor0
-0.02552091
0.1757583
0.02948415
0.9836607
(356.5, 20.2, 2.8)
quadrotor0
-0.02552091
0.1757583
0.02948415
0.9836607
(356.5, 20.2, 2.8)
quadrotor0
-0.02552091
0.1757583
0.02948415
0.9836607
(356.5, 20.2, 2.8)
quadrotor0
-0.02552091
0.1757583
0.02948415
0.9836607
(356.5, 20.2, 2.8)
quadrotor0
-0.02552091
0.1757583
0.02948415
0.9836607
(356.5, 20.2, 2.8)
quadrotor0
-0.02552091
0.1757583
0.02948415
0.9836607
(356.5, 20.2, 2.8)
quadrotor0
-0.02552091
0.1757583
0.02948415
0.9836607
(356.5, 20.2, 2.8)
quadrotor0
-0.02552091
0.1757583
0.02948415
0.9836607
(356.5, 20.2, 2.8)
quadrotor0
-0.02552091
0.1757583
0.02948415
0.9836607
(356.5, 20.2, 2.8)
quadrotor0
-0.02552091
0.1757583
0.02948416
0.9836607
(356.5, 20.2, 2.8)
quadrotor0
-0.02552091
0.1757583
0.02948415
0.9836607
(356.5, 20.2, 2.8)
quadrotor0
-0.02552091
0.1757583
0.02948415
0.9836607
(356.5, 20.2, 2.8)
quadrotor0
-0.02552091
0.1757583
0.02948415
0.9836607
(356.5, 20.2, 2.8)
quadrotor0
-0.02552091
0.1757583
0.02948415
0.9836607
(356.5, 20.2, 2.8)
quadrotor0
-0.02552091
0.1757583
0.02948415
0.9836607
(356.5, 20.2, 2.8)
quadrotor0
-0.02552091
0.1757583
0.02948415
0.9836607
(356.5, 20.2, 2.8)
quadrotor0
-0.02552091
0.1757583
0.02948415
0.9836607
(356.5, 20.2, 2.8)
quadrotor0
-0.02552091
0.1757583
0.02948415
0.9836607
(356.5, 20.2, 2.8)
quadrotor0
-0.02552091
0.1757583
0.02948415
0.9836607
(356.5, 20.2, 2.8)
quadrotor0
-0.02552091
0.1757583
0.02948415
0.9836607
(356.5, 20.2, 2.8)
quadrotor0
-0.02552091
0.1757583
0.02948415
0.9836607
(356.5, 20.2, 2.8)
quadrotor0
-0.02552091
0.1757583
0.02948415
0.9836607
(356.5, 20.2, 2.8)
quadrotor0
-0.02552091
0.1757583
0.02948415
0.9836607
(356.5, 20.2, 2.8)
quadrotor0
-0.02552091
0.1757583
0.02948415
0.9836607
(356.5, 20.2, 2.8)
quadrotor0
-0.02552091
0.1757583
0.02948415
0.9836607
(356.5, 20.2, 2.8)
quadrotor0
-0.02552091
0.1757583
0.02948415
0.9836607
(356.5, 20.2, 2.8)
quadrotor0
-0.02552091
0.1757583
0.02948415
0.9836607
(356.5, 20.2, 2.8)
quadrotor0
-0.02552091
0.1757583
0.02948415
0.9836607
(356.5, 20.2, 2.8)
quadrotor0
-0.02552091
0.1757583
0.02948415
0.9836607
(356.5, 20.2, 2.8)
quadrotor0
-0.02552091
0.1757583
0.02948415
0.9836607
(356.5, 20.2, 2.8)
quadrotor0
-0.02552091
0.1757583
0.02948415
0.9836607
(356.5, 20.2, 2.8)
quadrotor0
-0.02552091
0.1757583
0.02948415
0.9836607
(356.5, 20.2, 2.8)
quadrotor0
-0.02552091
0.1757583
0.02948415
0.9836607
(356.5, 20.2, 2.8)
quadrotor0
-0.02552091
0.1757583
0.02948415
0.9836607
(356.5, 20.2, 2.8)
quadrotor0
-0.02552091
0.1757583
0.02948415
0.9836607
(356.5, 20.2, 2.8)
quadrotor0
-0.02552091
0.1757583
0.02948415
0.9836607
(356.5, 20.2, 2.8)
quadrotor0
-0.02552091
0.1757583
0.02948415
0.9836607
(356.5, 20.2, 2.8)
quadrotor0
-0.02552091
0.1757583
0.02948415
0.9836607
(356.5, 20.2, 2.8)
quadrotor0
-0.02552091
0.1757583
0.02948415
0.9836607
(356.5, 20.2, 2.8)
quadrotor0
-0.02552091
0.1757583
0.02948415
0.9836607
(356.5, 20.2, 2.8)
quadrotor0
-0.02552091
0.1757583
0.02948415
0.9836607
(356.5, 20.2, 2.8)
quadrotor0
-0.02552091
0.1757583
0.02948415
0.9836607
(356.5, 20.2, 2.8)
quadrotor0
-0.02552091
0.1757583
0.02948415
0.9836607
(356.5, 20.2, 2.8)
quadrotor0
-0.02552091
0.1757583
0.02948415
0.9836607
(356.5, 20.2, 2.8)
quadrotor0
-0.02552091
0.1757583
0.02948415
0.9836607
(356.5, 20.2, 2.8)
quadrotor0
-0.02552091
0.1757583
0.02948415
0.9836607
(356.5, 20.2, 2.8)
quadrotor0
-0.02552091
0.1757583
0.02948415
0.9836607
(356.5, 20.2, 2.8)
quadrotor0
-0.02552091
0.1757583
0.02948415
0.9836607
(356.5, 20.2, 2.8)
quadrotor0
-0.02552091
0.1757583
0.02948415
0.9836607
(356.5, 20.2, 2.8)
quadrotor0
-0.02552091
0.1757583
0.02948415
0.9836607
(356.5, 20.2, 2.8)
quadrotor0
-0.02552091
0.1757583
0.02948415
0.9836607
(356.5, 20.2, 2.8)
quadrotor0
-0.02552091
0.1757583
0.02948415
0.9836607
(356.5, 20.2, 2.8)
quadrotor0
-0.02552091
0.1757583
0.02948415
0.9836607
(356.5, 20.2, 2.8)
quadrotor0
-0.02552091
0.1757583
0.02948415
0.9836607
(356.5, 20.2, 2.8)
quadrotor0
-0.02552091
0.1757583
0.02948415
0.9836607
(356.5, 20.2, 2.8)
quadrotor0
-0.02552091
0.1757583
0.02948415
0.9836607
(356.5, 20.2, 2.8)
quadrotor0
-0.02552091
0.1757583
0.02948415
0.9836607
(356.5, 20.2, 2.8)
quadrotor0
-0.02552091
0.1757583
0.02948415
0.9836607
(356.5, 20.2, 2.8)
quadrotor0
-0.02552091
0.1757583
0.02948415
0.9836607
(356.5, 20.2, 2.8)
quadrotor0
-0.02552091
0.1757583
0.02948415
0.9836607
(356.5, 20.2, 2.8)
quadrotor0
-0.02552091
0.1757583
0.02948415
0.9836607
(356.5, 20.2, 2.8)
quadrotor0
-0.02552091
0.1757583
0.02948415
0.9836607
(356.5, 20.2, 2.8)
quadrotor0
-0.02552091
0.1757583
0.02948415
0.9836607
(356.5, 20.2, 2.8)
quadrotor0
-0.02552091
0.1757583
0.02948415
0.9836607
(356.5, 20.2, 2.8)
quadrotor0
-0.02552091
0.1757583
0.02948415
0.9836607
(356.5, 20.2, 2.8)
quadrotor0
-0.02552091
0.1757583
0.02948415
0.9836607
(356.5, 20.2, 2.8)
quadrotor0
-0.02552091
0.1757583
0.02948415
0.9836607
(356.5, 20.2, 2.8)
quadrotor0
-0.02552091
0.1757583
0.02948415
0.9836607
(356.5, 20.2, 2.8)
quadrotor0
-0.02552091
0.1757583
0.02948415
0.9836607
(356.5, 20.2, 2.8)
quadrotor0
-0.02552091
0.1757583
0.02948415
0.9836607
(356.5, 20.2, 2.8)
quadrotor0
-0.02552091
0.1757583
0.02948415
0.9836607
(356.5, 20.2, 2.8)
quadrotor0
-0.02552091
0.1757583
0.02948415
0.9836607
(356.5, 20.2, 2.8)
quadrotor0
-0.02552091
0.1757583
0.02948415
0.9836607
(356.5, 20.2, 2.8)
quadrotor0
-0.02552091
0.1757583
0.02948415
0.9836607
(356.5, 20.2, 2.8)
quadrotor0
-0.02552091
0.1757583
0.02948415
0.9836607
(356.5, 20.2, 2.8)
quadrotor0
-0.02552091
0.1757583
0.02948415
0.9836607
(356.5, 20.2, 2.8)
quadrotor0
-0.02552091
0.1757583
0.02948415
0.9836607
(356.5, 20.2, 2.8)
quadrotor0
-0.02552091
0.1757583
0.02948415
0.9836607
(356.5, 20.2, 2.8)
quadrotor0
-0.02552091
0.1757583
0.02948415
0.9836607
(356.5, 20.2, 2.8)
quadrotor0
-0.02552091
0.1757583
0.02948415
0.9836607
(356.5, 20.2, 2.8)
quadrotor0
-0.02552091
0.1757583
0.02948415
0.9836607
(356.5, 20.2, 2.8)
quadrotor0
-0.02552091
0.1757583
0.02948415
0.9836607
(356.5, 20.2, 2.8)
quadrotor0
-0.02552091
0.1757583
0.02948415
0.9836607
(356.5, 20.2, 2.8)
quadrotor0
-0.02552091
0.1757583
0.02948415
0.9836607
(356.5, 20.2, 2.8)
quadrotor0
-0.02552091
0.1757583
0.02948415
0.9836607
(356.5, 20.2, 2.8)
quadrotor0
-0.02552091
0.1757583
0.02948415
0.9836607
(356.5, 20.2, 2.8)
quadrotor0
-0.02552091
0.1757583
0.02948415
0.9836607
(356.5, 20.2, 2.8)
quadrotor0
-0.02552091
0.1757583
0.02948415
0.9836607
(356.5, 20.2, 2.8)
quadrotor0
-0.02552091
0.1757583
0.02948415
0.9836607
(356.5, 20.2, 2.8)
quadrotor0
-0.02552091
0.1757583
0.02948415
0.9836607
(356.5, 20.2, 2.8)
quadrotor0
-0.02552091
0.1757583
0.02948415
0.9836607
(356.5, 20.2, 2.8)
quadrotor0
-0.02552091
0.1757583
0.02948415
0.9836607
(356.5, 20.2, 2.8)
quadrotor0
-0.02552091
0.1757583
0.02948415
0.9836607
(356.5, 20.2, 2.8)
quadrotor0
-0.02552091
0.1757583
0.02948415
0.9836607
(356.5, 20.2, 2.8)
quadrotor0
-0.02552091
0.1757583
0.02948415
0.9836607
(356.5, 20.2, 2.8)
quadrotor0
-0.02552091
0.1757583
0.02948415
0.9836607
(356.5, 20.2, 2.8)
quadrotor0
-0.02552091
0.1757583
0.02948415
0.9836607
(356.5, 20.2, 2.8)
quadrotor0
-0.02552091
0.1757583
0.02948415
0.9836607
(356.5, 20.2, 2.8)
quadrotor0
-0.02552091
0.1757583
0.02948415
0.9836607
(356.5, 20.2, 2.8)
quadrotor0
-0.02552091
0.1757583
0.02948415
0.9836607
(356.5, 20.2, 2.8)
quadrotor0
-0.02552091
0.1757583
0.02948415
0.9836607
(356.5, 20.2, 2.8)
quadrotor0
-0.02552091
0.1757583
0.02948415
0.9836607
(356.5, 20.2, 2.8)
quadrotor0
-0.02552091
0.1757583
0.02948415
0.9836607
(356.5, 20.2, 2.8)
quadrotor0
-0.02552091
0.1757583
0.02948415
0.9836607
(356.5, 20.2, 2.8)
quadrotor0
-0.02552091
0.1757583
0.02948415
0.9836607
(356.5, 20.2, 2.8)
quadrotor0
-0.02552091
0.1757583
0.02948415
0.9836607
(356.5, 20.2, 2.8)
quadrotor0
-0.02552091
0.1757583
0.02948415
0.9836607
(356.5, 20.2, 2.8)
quadrotor0
-0.02552091
0.1757583
0.02948415
0.9836607
(356.5, 20.2, 2.8)
quadrotor0
-0.02552091
0.1757583
0.02948415
0.9836607
(356.5, 20.2, 2.8)
quadrotor0
-0.02552091
0.1757583
0.02948415
0.9836607
(356.5, 20.2, 2.8)
quadrotor0
-0.02552091
0.1757583
0.02948415
0.9836607
(356.5, 20.2, 2.8)
quadrotor0
-0.02552091
0.1757583
0.02948415
0.9836607
(356.5, 20.2, 2.8)
quadrotor0
-0.02552091
0.1757583
0.02948415
0.9836607
(356.5, 20.2, 2.8)
quadrotor0
-0.02552091
0.1757583
0.02948415
0.9836607
(356.5, 20.2, 2.8)
quadrotor0
-0.02552091
0.1757583
0.02948415
0.9836607
(356.5, 20.2, 2.8)
quadrotor0
-0.02552091
0.1757583
0.02948415
0.9836607
(356.5, 20.2, 2.8)
quadrotor0
-0.02552091
0.1757583
0.02948415
0.9836607
(356.5, 20.2, 2.8)
quadrotor0
-0.02552091
0.1757583
0.02948415
0.9836607
(356.5, 20.2, 2.8)
quadrotor0
-0.02552091
0.1757583
0.02948415
0.9836607
(356.5, 20.2, 2.8)
quadrotor0
-0.02552091
0.1757583
0.02948415
0.9836607
(356.5, 20.2, 2.8)
quadrotor0
-0.02552091
0.1757583
0.02948415
0.9836607
(356.5, 20.2, 2.8)
quadrotor0
-0.02552091
0.1757583
0.02948415
0.9836607
(356.5, 20.2, 2.8)
quadrotor0
-0.02552091
0.1757583
0.02948415
0.9836607
(356.5, 20.2, 2.8)
quadrotor0
-0.02552091
0.1757583
0.02948415
0.9836607
(356.5, 20.2, 2.8)
quadrotor0
-0.02552091
0.1757583
0.02948415
0.9836607
(356.5, 20.2, 2.8)
quadrotor0
-0.02552091
0.1757583
0.02948415
0.9836607
(356.5, 20.2, 2.8)
quadrotor0
-0.02552091
0.1757583
0.02948415
0.9836607
(356.5, 20.2, 2.8)
quadrotor0
-0.02552091
0.1757583
0.02948415
0.9836607
(356.5, 20.2, 2.8)
quadrotor0
-0.02552091
0.1757583
0.02948415
0.9836607
(356.5, 20.2, 2.8)
quadrotor0
-0.02552091
0.1757583
0.02948415
0.9836607
(356.5, 20.2, 2.8)
quadrotor0
-0.02552091
0.1757583
0.02948415
0.9836607
(356.5, 20.2, 2.8)
quadrotor0
-0.02552091
0.1757583
0.02948415
0.9836607
(356.5, 20.2, 2.8)
quadrotor0
-0.02552091
0.1757583
0.02948415
0.9836607
(356.5, 20.2, 2.8)
quadrotor0
-0.02552091
0.1757583
0.02948415
0.9836607
(356.5, 20.2, 2.8)
quadrotor0
-0.02552091
0.1757583
0.02948415
0.9836607
(356.5, 20.2, 2.8)
quadrotor0
-0.02552091
0.1757583
0.02948415
0.9836607
(356.5, 20.2, 2.8)
quadrotor0
-0.02552091
0.1757583
0.02948415
0.9836607
(356.5, 20.2, 2.8)
quadrotor0
-0.02552091
0.1757583
0.02948415
0.9836607
(356.5, 20.2, 2.8)
quadrotor0
-0.02552091
0.1757583
0.02948415
0.9836607
(356.5, 20.2, 2.8)
quadrotor0
-0.02552091
0.1757583
0.02948415
0.9836607
(356.5, 20.2, 2.8)
quadrotor0
-0.02552091
0.1757583
0.02948415
0.9836607
(356.5, 20.2, 2.8)
quadrotor0
-0.02552091
0.1757583
0.02948415
0.9836607
(356.5, 20.2, 2.8)
quadrotor0
-0.02552091
0.1757583
0.02948415
0.9836607
(356.5, 20.2, 2.8)
quadrotor0
-0.02552091
0.1757583
0.02948415
0.9836607
(356.5, 20.2, 2.8)
quadrotor0
-0.02552091
0.1757583
0.02948415
0.9836607
(356.5, 20.2, 2.8)
quadrotor0
-0.02552091
0.1757583
0.02948415
0.9836607
(356.5, 20.2, 2.8)
quadrotor0
-0.02552091
0.1757583
0.02948415
0.9836607
(356.5, 20.2, 2.8)
quadrotor0
-0.02552091
0.1757583
0.02948415
0.9836607
(356.5, 20.2, 2.8)
quadrotor0
-0.02552091
0.1757583
0.02948415
0.9836607
(356.5, 20.2, 2.8)
quadrotor0
-0.02552091
0.1757583
0.02948415
0.9836607
(356.5, 20.2, 2.8)
quadrotor0
-0.02552091
0.1757583
0.02948415
0.9836607
(356.5, 20.2, 2.8)
quadrotor0
-0.02552091
0.1757583
0.02948415
0.9836607
(356.5, 20.2, 2.8)
quadrotor0
-0.02552091
0.1757583
0.02948415
0.9836607
(356.5, 20.2, 2.8)
quadrotor0
-0.02552091
0.1757583
0.02948415
0.9836607
(356.5, 20.2, 2.8)
quadrotor0
-0.02552091
0.1757583
0.02948415
0.9836607
(356.5, 20.2, 2.8)
quadrotor0
-0.02552091
0.1757583
0.02948415
0.9836607
(356.5, 20.2, 2.8)
quadrotor0
-0.02552091
0.1757583
0.02948415
0.9836607
(356.5, 20.2, 2.8)
quadrotor0
-0.02552091
0.1757583
0.02948415
0.9836607
(356.5, 20.2, 2.8)
quadrotor0
-0.02552091
0.1757583
0.02948415
0.9836607
(356.5, 20.2, 2.8)
quadrotor0
-0.02552091
0.1757583
0.02948415
0.9836607
(356.5, 20.2, 2.8)
quadrotor0
-0.02552091
0.1757583
0.02948415
0.9836607
(356.5, 20.2, 2.8)
quadrotor0
-0.02552091
0.1757583
0.02948415
0.9836607
(356.5, 20.2, 2.8)
quadrotor0
-0.02552091
0.1757583
0.02948415
0.9836607
(356.5, 20.2, 2.8)
quadrotor0
-0.02552091
0.1757583
0.02948415
0.9836607
(356.5, 20.2, 2.8)
quadrotor0
-0.02552091
0.1757583
0.02948415
0.9836607
(356.5, 20.2, 2.8)
quadrotor0
-0.02552091
0.1757583
0.02948415
0.9836607
(356.5, 20.2, 2.8)
quadrotor0
-0.02552091
0.1757583
0.02948415
0.9836607
(356.5, 20.2, 2.8)
quadrotor0
-0.02552091
0.1757583
0.02948415
0.9836607
(356.5, 20.2, 2.8)
quadrotor0
-0.02552091
0.1757583
0.02948415
0.9836607
(356.5, 20.2, 2.8)
quadrotor0
-0.02552091
0.1757583
0.02948415
0.9836607
(356.5, 20.2, 2.8)
quadrotor0
-0.02552091
0.1757583
0.02948415
0.9836607
(356.5, 20.2, 2.8)
quadrotor0
-0.02552091
0.1757583
0.02948415
0.9836607
(356.5, 20.2, 2.8)
quadrotor0
-0.02552091
0.1757583
0.02948415
0.9836607
(356.5, 20.2, 2.8)
quadrotor0
-0.02552091
0.1757583
0.02948415
0.9836607
(356.5, 20.2, 2.8)
quadrotor0
-0.02552091
0.1757583
0.02948415
0.9836607
(356.5, 20.2, 2.8)
quadrotor0
-0.02552091
0.1757583
0.02948415
0.9836607
(356.5, 20.2, 2.8)
quadrotor0
-0.02552091
0.1757583
0.02948415
0.9836607
(356.5, 20.2, 2.8)
quadrotor0
-0.02552091
0.1757583
0.02948415
0.9836607
(356.5, 20.2, 2.8)
quadrotor0
-0.02552091
0.1757583
0.02948415
0.9836607
(356.5, 20.2, 2.8)
quadrotor0
-0.02552091
0.1757583
0.02948415
0.9836607
(356.5, 20.2, 2.8)
quadrotor0
-0.02552091
0.1757583
0.02948415
0.9836607
(356.5, 20.2, 2.8)
quadrotor0
-0.02552091
0.1757583
0.02948415
0.9836607
(356.5, 20.2, 2.8)
quadrotor0
-0.02552091
0.1757583
0.02948415
0.9836607
(356.5, 20.2, 2.8)
quadrotor0
-0.02552091
0.1757583
0.02948415
0.9836607
(356.5, 20.2, 2.8)
quadrotor0
-0.02552091
0.1757583
0.02948415
0.9836607
(356.5, 20.2, 2.8)
quadrotor0
-0.02552091
0.1757583
0.02948415
0.9836607
(356.5, 20.2, 2.8)
quadrotor0
-0.02552091
0.1757583
0.02948415
0.9836607
(356.5, 20.2, 2.8)
quadrotor0
-0.02552091
0.1757583
0.02948415
0.9836607
(356.5, 20.2, 2.8)
quadrotor0
-0.02552091
0.1757583
0.02948415
0.9836607
(356.5, 20.2, 2.8)
quadrotor0
-0.02552091
0.1757583
0.02948415
0.9836607
(356.5, 20.2, 2.8)
quadrotor0
-0.02552091
0.1757583
0.02948415
0.9836607
(356.5, 20.2, 2.8)
quadrotor0
-0.02552091
0.1757583
0.02948415
0.9836607
(356.5, 20.2, 2.8)
quadrotor0
-0.02552091
0.1757583
0.02948415
0.9836607
(356.5, 20.2, 2.8)
quadrotor0
-0.02552091
0.1757583
0.02948415
0.9836607
(356.5, 20.2, 2.8)
quadrotor0
-0.02552091
0.1757583
0.02948415
0.9836607
(356.5, 20.2, 2.8)
quadrotor0
-0.02552091
0.1757583
0.02948415
0.9836607
(356.5, 20.2, 2.8)
quadrotor0
-0.02552091
0.1757583
0.02948415
0.9836607
(356.5, 20.2, 2.8)
quadrotor0
-0.02552091
0.1757583
0.02948415
0.9836607
(356.5, 20.2, 2.8)
quadrotor0
-0.02552091
0.1757583
0.02948415
0.9836607
(356.5, 20.2, 2.8)
quadrotor0
-0.02552091
0.1757583
0.02948415
0.9836607
(356.5, 20.2, 2.8)
quadrotor0
-0.02552091
0.1757583
0.02948415
0.9836607
(356.5, 20.2, 2.8)
quadrotor0
-0.02552091
0.1757583
0.02948415
0.9836607
(356.5, 20.2, 2.8)
quadrotor0
-0.02552091
0.1757583
0.02948415
0.9836607
(356.5, 20.2, 2.8)
quadrotor0
-0.02552091
0.1757583
0.02948415
0.9836607
(356.5, 20.2, 2.8)
quadrotor0
-0.02552091
0.1757583
0.02948415
0.9836607
(356.5, 20.2, 2.8)
quadrotor0
-0.02552091
0.1757583
0.02948415
0.9836607
(356.5, 20.2, 2.8)
quadrotor0
-0.02552091
0.1757583
0.02948415
0.9836607
(356.5, 20.2, 2.8)
quadrotor0
-0.02552091
0.1757583
0.02948415
0.9836607
(356.5, 20.2, 2.8)
quadrotor0
-0.02552091
0.1757583
0.02948415
0.9836607
(356.5, 20.2, 2.8)
quadrotor0
-0.02552091
0.1757583
0.02948415
0.9836607
(356.5, 20.2, 2.8)
quadrotor0
-0.02552091
0.1757583
0.02948415
0.9836607
(356.5, 20.2, 2.8)
quadrotor0
-0.02552091
0.1757583
0.02948415
0.9836607
(356.5, 20.2, 2.8)
quadrotor0
-0.02552091
0.1757583
0.02948415
0.9836607
(356.5, 20.2, 2.8)
quadrotor0
-0.02552091
0.1757583
0.02948415
0.9836607
(356.5, 20.2, 2.8)
quadrotor0
-0.02552091
0.1757583
0.02948415
0.9836607
(356.5, 20.2, 2.8)
quadrotor0
-0.02552091
0.1757583
0.02948415
0.9836607
(356.5, 20.2, 2.8)
quadrotor0
-0.02552091
0.1757583
0.02948415
0.9836607
(356.5, 20.2, 2.8)
quadrotor0
-0.02552091
0.1757583
0.02948415
0.9836607
(356.5, 20.2, 2.8)
quadrotor0
-0.02552091
0.1757583
0.02948415
0.9836607
(356.5, 20.2, 2.8)
quadrotor0
-0.02552091
0.1757583
0.02948415
0.9836607
(356.5, 20.2, 2.8)
quadrotor0
-0.02552091
0.1757583
0.02948415
0.9836607
(356.5, 20.2, 2.8)
quadrotor0
-0.02552091
0.1757583
0.02948415
0.9836607
(356.5, 20.2, 2.8)
quadrotor0
-0.02552091
0.1757583
0.02948415
0.9836607
(356.5, 20.2, 2.8)
quadrotor0
-0.02552091
0.1757583
0.02948415
0.9836607
(356.5, 20.2, 2.8)
quadrotor0
-0.02552091
0.1757583
0.02948415
0.9836607
(356.5, 20.2, 2.8)
quadrotor0
-0.02552091
0.1757583
0.02948415
0.9836607
(356.5, 20.2, 2.8)
quadrotor0
-0.02552091
0.1757583
0.02948415
0.9836607
(356.5, 20.2, 2.8)
quadrotor0
-0.02552091
0.1757583
0.02948415
0.9836607
(356.5, 20.2, 2.8)
quadrotor0
-0.02552091
0.1757583
0.02948415
0.9836607
(356.5, 20.2, 2.8)
quadrotor0
-0.02552091
0.1757583
0.02948415
0.9836607
(356.5, 20.2, 2.8)
quadrotor0
-0.02552091
0.1757583
0.02948415
0.9836607
(356.5, 20.2, 2.8)
quadrotor0
-0.02552091
0.1757583
0.02948415
0.9836607
(356.5, 20.2, 2.8)
quadrotor0
-0.02552091
0.1757583
0.02948415
0.9836607
(356.5, 20.2, 2.8)
quadrotor0
-0.02552091
0.1757583
0.02948415
0.9836607
(356.5, 20.2, 2.8)
quadrotor0
-0.02552091
0.1757583
0.02948415
0.9836607
(356.5, 20.2, 2.8)
quadrotor0
-0.02552091
0.1757583
0.02948415
0.9836607
(356.5, 20.2, 2.8)
quadrotor0
-0.02552091
0.1757583
0.02948415
0.9836607
(356.5, 20.2, 2.8)
quadrotor0
-0.02552091
0.1757583
0.02948415
0.9836607
(356.5, 20.2, 2.8)
quadrotor0
-0.02552091
0.1757583
0.02948415
0.9836607
(356.5, 20.2, 2.8)
quadrotor0
-0.02552091
0.1757583
0.02948415
0.9836607
(356.5, 20.2, 2.8)
quadrotor0
-0.02552091
0.1757583
0.02948415
0.9836607
(356.5, 20.2, 2.8)
quadrotor0
-0.02552091
0.1757583
0.02948415
0.9836607
(356.5, 20.2, 2.8)
quadrotor0
-0.02552091
0.1757583
0.02948415
0.9836607
(356.5, 20.2, 2.8)
quadrotor0
-0.02552091
0.1757583
0.02948415
0.9836607
(356.5, 20.2, 2.8)
quadrotor0
-0.02552091
0.1757583
0.02948415
0.9836607
(356.5, 20.2, 2.8)
quadrotor0
-0.02552091
0.1757583
0.02948415
0.9836607
(356.5, 20.2, 2.8)
quadrotor0
-0.02552091
0.1757583
0.02948415
0.9836607
(356.5, 20.2, 2.8)
quadrotor0
-0.02552091
0.1757583
0.02948415
0.9836607
(356.5, 20.2, 2.8)
quadrotor0
-0.02552091
0.1757583
0.02948415
0.9836607
(356.5, 20.2, 2.8)
quadrotor0
-0.02552091
0.1757583
0.02948415
0.9836607
(356.5, 20.2, 2.8)
quadrotor0
-0.02552091
0.1757583
0.02948415
0.9836607
(356.5, 20.2, 2.8)
quadrotor0
-0.02552091
0.1757583
0.02948415
0.9836607
(356.5, 20.2, 2.8)
quadrotor0
-0.02552091
0.1757583
0.02948415
0.9836607
(356.5, 20.2, 2.8)
quadrotor0
-0.02552091
0.1757583
0.02948415
0.9836607
(356.5, 20.2, 2.8)
quadrotor0
-0.02552091
0.1757583
0.02948415
0.9836607
(356.5, 20.2, 2.8)
quadrotor0
-0.02552091
0.1757583
0.02948415
0.9836607
(356.5, 20.2, 2.8)
quadrotor0
-0.02552091
0.1757583
0.02948415
0.9836607
(356.5, 20.2, 2.8)
quadrotor0
-0.02552091
0.1757583
0.02948415
0.9836607
(356.5, 20.2, 2.8)
quadrotor0
-0.02552091
0.1757583
0.02948415
0.9836607
(356.5, 20.2, 2.8)
quadrotor0
-0.02552091
0.1757583
0.02948415
0.9836607
(356.5, 20.2, 2.8)
quadrotor0
-0.02552091
0.1757583
0.02948415
0.9836607
(356.5, 20.2, 2.8)
quadrotor0
-0.02552091
0.1757583
0.02948415
0.9836607
(356.5, 20.2, 2.8)
quadrotor0
-0.02552091
0.1757583
0.02948415
0.9836607
(356.5, 20.2, 2.8)
quadrotor0
-0.02552091
0.1757583
0.02948415
0.9836607
(356.5, 20.2, 2.8)
quadrotor0
-0.02552091
0.1757583
0.02948415
0.9836607
(356.5, 20.2, 2.8)
quadrotor0
-0.02552091
0.1757583
0.02948415
0.9836607
(356.5, 20.2, 2.8)
quadrotor0
-0.02552091
0.1757583
0.02948415
0.9836607
(356.5, 20.2, 2.8)
quadrotor0
-0.02552091
0.1757583
0.02948415
0.9836607
(356.5, 20.2, 2.8)
quadrotor0
-0.02552091
0.1757583
0.02948415
0.9836607
(356.5, 20.2, 2.8)
quadrotor0
-0.02552091
0.1757583
0.02948415
0.9836607
(356.5, 20.2, 2.8)
quadrotor0
-0.02552091
0.1757583
0.02948415
0.9836607
(356.5, 20.2, 2.8)
quadrotor0
-0.02552091
0.1757583
0.02948415
0.9836607
(356.5, 20.2, 2.8)
quadrotor0
-0.02552091
0.1757583
0.02948415
0.9836607
(356.5, 20.2, 2.8)
quadrotor0
-0.02552091
0.1757583
0.02948415
0.9836607
(356.5, 20.2, 2.8)
quadrotor0
-0.02552091
0.1757583
0.02948415
0.9836607
(356.5, 20.2, 2.8)
quadrotor0
-0.02552091
0.1757583
0.02948415
0.9836607
(356.5, 20.2, 2.8)
quadrotor0
-0.02552091
0.1757583
0.02948415
0.9836607
(356.5, 20.2, 2.8)
quadrotor0
-0.02552091
0.1757583
0.02948415
0.9836607
(356.5, 20.2, 2.8)
quadrotor0
-0.02552091
0.1757583
0.02948415
0.9836607
(356.5, 20.2, 2.8)
quadrotor0
-0.02552091
0.1757583
0.02948415
0.9836607
(356.5, 20.2, 2.8)
quadrotor0
-0.02552091
0.1757583
0.02948415
0.9836607
(356.5, 20.2, 2.8)
quadrotor0
-0.02552091
0.1757583
0.02948415
0.9836607
(356.5, 20.2, 2.8)
quadrotor0
-0.02552091
0.1757583
0.02948415
0.9836607
(356.5, 20.2, 2.8)
quadrotor0
-0.02552091
0.1757583
0.02948415
0.9836607
(356.5, 20.2, 2.8)
quadrotor0
-0.02552091
0.1757583
0.02948415
0.9836607
(356.5, 20.2, 2.8)
quadrotor0
-0.02552091
0.1757583
0.02948415
0.9836607
(356.5, 20.2, 2.8)
quadrotor0
-0.02552091
0.1757583
0.02948415
0.9836607
(356.5, 20.2, 2.8)
quadrotor0
-0.02552091
0.1757583
0.02948415
0.9836607
(356.5, 20.2, 2.8)
quadrotor0
-0.02552091
0.1757583
0.02948415
0.9836607
(356.5, 20.2, 2.8)
quadrotor0
-0.02552091
0.1757583
0.02948415
0.9836607
(356.5, 20.2, 2.8)
quadrotor0
-0.02552091
0.1757583
0.02948415
0.9836607
(356.5, 20.2, 2.8)
quadrotor0
-0.02552091
0.1757583
0.02948415
0.9836607
(356.5, 20.2, 2.8)
quadrotor0
-0.02552091
0.1757583
0.02948415
0.9836607
(356.5, 20.2, 2.8)
quadrotor0
-0.02552091
0.1757583
0.02948415
0.9836607
(356.5, 20.2, 2.8)
quadrotor0
-0.02552091
0.1757583
0.02948415
0.9836607
(356.5, 20.2, 2.8)
quadrotor0
-0.02552091
0.1757583
0.02948415
0.9836607
(356.5, 20.2, 2.8)
quadrotor0
-0.02552091
0.1757583
0.02948415
0.9836607
(356.5, 20.2, 2.8)
quadrotor0
-0.02552091
0.1757583
0.02948415
0.9836607
(356.5, 20.2, 2.8)
quadrotor0
-0.02552091
0.1757583
0.02948415
0.9836607
(356.5, 20.2, 2.8)
quadrotor0
-0.02552091
0.1757583
0.02948415
0.9836607
(356.5, 20.2, 2.8)
quadrotor0
-0.02552091
0.1757583
0.02948415
0.9836607
(356.5, 20.2, 2.8)
quadrotor0
-0.02552091
0.1757583
0.02948415
0.9836607
(356.5, 20.2, 2.8)
quadrotor0
-0.02552091
0.1757583
0.02948415
0.9836607
(356.5, 20.2, 2.8)
quadrotor0
-0.02552091
0.1757583
0.02948415
0.9836607
(356.5, 20.2, 2.8)
quadrotor0
-0.02552091
0.1757583
0.02948415
0.9836607
(356.5, 20.2, 2.8)
quadrotor0
-0.02552091
0.1757583
0.02948415
0.9836607
(356.5, 20.2, 2.8)
quadrotor0
-0.02552091
0.1757583
0.02948415
0.9836607
(356.5, 20.2, 2.8)
quadrotor0
-0.02552091
0.1757583
0.02948415
0.9836607
(356.5, 20.2, 2.8)
quadrotor0
-0.02552091
0.1757583
0.02948415
0.9836607
(356.5, 20.2, 2.8)
quadrotor0
-0.02552091
0.1757583
0.02948415
0.9836607
(356.5, 20.2, 2.8)
quadrotor0
-0.02552091
0.1757583
0.02948415
0.9836607
(356.5, 20.2, 2.8)
quadrotor0
-0.02552091
0.1757583
0.02948415
0.9836607
(356.5, 20.2, 2.8)
quadrotor0
-0.02552091
0.1757583
0.02948415
0.9836607
(356.5, 20.2, 2.8)
quadrotor0
-0.02552091
0.1757583
0.02948415
0.9836607
(356.5, 20.2, 2.8)
quadrotor0
-0.02552091
0.1757583
0.02948415
0.9836607
(356.5, 20.2, 2.8)
quadrotor0
-0.02552091
0.1757583
0.02948415
0.9836607
(356.5, 20.2, 2.8)
quadrotor0
-0.02552091
0.1757583
0.02948415
0.9836607
(356.5, 20.2, 2.8)
quadrotor0
-0.02552091
0.1757583
0.02948415
0.9836607
(356.5, 20.2, 2.8)
quadrotor0
-0.02552091
0.1757583
0.02948415
0.9836607
(356.5, 20.2, 2.8)
quadrotor0
-0.02552091
0.1757583
0.02948415
0.9836607
(356.5, 20.2, 2.8)
quadrotor0
-0.02552091
0.1757583
0.02948415
0.9836607
(356.5, 20.2, 2.8)
quadrotor0
-0.02552091
0.1757583
0.02948415
0.9836607
(356.5, 20.2, 2.8)
quadrotor0
-0.02552091
0.1757583
0.02948415
0.9836607
(356.5, 20.2, 2.8)
quadrotor0
-0.02552091
0.1757583
0.02948415
0.9836607
(356.5, 20.2, 2.8)
quadrotor0
-0.02552091
0.1757583
0.02948415
0.9836607
(356.5, 20.2, 2.8)
quadrotor0
-0.02552091
0.1757583
0.02948415
0.9836607
(356.5, 20.2, 2.8)
quadrotor0
-0.02552091
0.1757583
0.02948415
0.9836607
(356.5, 20.2, 2.8)
quadrotor0
-0.02552091
0.1757583
0.02948415
0.9836607
(356.5, 20.2, 2.8)
quadrotor0
-0.02552091
0.1757583
0.02948415
0.9836607
(356.5, 20.2, 2.8)
quadrotor0
-0.02552091
0.1757583
0.02948415
0.9836607
(356.5, 20.2, 2.8)
quadrotor0
-0.02552091
0.1757583
0.02948415
0.9836607
(356.5, 20.2, 2.8)
quadrotor0
-0.02552091
0.1757583
0.02948415
0.9836607
(356.5, 20.2, 2.8)
quadrotor0
-0.02552091
0.1757583
0.02948416
0.9836607
(356.5, 20.2, 2.8)
quadrotor0
-0.02552091
0.1757583
0.02948415
0.9836607
(356.5, 20.2, 2.8)
quadrotor0
-0.02552091
0.1757583
0.02948415
0.9836607
(356.5, 20.2, 2.8)
quadrotor0
-0.02552091
0.1757583
0.02948415
0.9836607
(356.5, 20.2, 2.8)
quadrotor0
-0.02552091
0.1757583
0.02948415
0.9836607
(356.5, 20.2, 2.8)
quadrotor0
-0.02552091
0.1757583
0.02948415
0.9836607
(356.5, 20.2, 2.8)
quadrotor0
-0.02552091
0.1757583
0.02948415
0.9836607
(356.5, 20.2, 2.8)
quadrotor0
-0.02552091
0.1757583
0.02948415
0.9836607
(356.5, 20.2, 2.8)
quadrotor0
-0.02552091
0.1757583
0.02948415
0.9836607
(356.5, 20.2, 2.8)
quadrotor0
-0.02552091
0.1757583
0.02948415
0.9836607
(356.5, 20.2, 2.8)
quadrotor0
-0.02552091
0.1757583
0.02948415
0.9836607
(356.5, 20.2, 2.8)
quadrotor0
-0.02552091
0.1757583
0.02948415
0.9836607
(356.5, 20.2, 2.8)
quadrotor0
-0.02552091
0.1757583
0.02948415
0.9836607
(356.5, 20.2, 2.8)
quadrotor0
-0.02552091
0.1757583
0.02948415
0.9836607
(356.5, 20.2, 2.8)
quadrotor0
-0.02552091
0.1757583
0.02948415
0.9836607
(356.5, 20.2, 2.8)
quadrotor0
-0.02552091
0.1757583
0.02948415
0.9836607
(356.5, 20.2, 2.8)
quadrotor0
-0.02552091
0.1757583
0.02948415
0.9836607
(356.5, 20.2, 2.8)
quadrotor0
-0.02552091
0.1757583
0.02948415
0.9836607
(356.5, 20.2, 2.8)
quadrotor0
-0.02552091
0.1757583
0.02948415
0.9836607
(356.5, 20.2, 2.8)
quadrotor0
-0.02552091
0.1757583
0.02948415
0.9836607
(356.5, 20.2, 2.8)
quadrotor0
-0.02552091
0.1757583
0.02948415
0.9836607
(356.5, 20.2, 2.8)
quadrotor0
-0.02552091
0.1757583
0.02948415
0.9836607
(356.5, 20.2, 2.8)
quadrotor0
-0.02552091
0.1757583
0.02948415
0.9836607
(356.5, 20.2, 2.8)
quadrotor0
-0.02552091
0.1757583
0.02948415
0.9836607
(356.5, 20.2, 2.8)
quadrotor0
-0.02552091
0.1757583
0.02948415
0.9836607
(356.5, 20.2, 2.8)
quadrotor0
-0.02552091
0.1757583
0.02948415
0.9836607
(356.5, 20.2, 2.8)
quadrotor0
-0.02552091
0.1757583
0.02948415
0.9836607
(356.5, 20.2, 2.8)
quadrotor0
-0.02552091
0.1757583
0.02948415
0.9836607
(356.5, 20.2, 2.8)
quadrotor0
-0.02552091
0.1757583
0.02948415
0.9836607
(356.5, 20.2, 2.8)
quadrotor0
-0.02552091
0.1757583
0.02948415
0.9836607
(356.5, 20.2, 2.8)
quadrotor0
-0.02552091
0.1757583
0.02948415
0.9836607
(356.5, 20.2, 2.8)
quadrotor0
-0.02552091
0.1757583
0.02948415
0.9836607
(356.5, 20.2, 2.8)
quadrotor0
-0.02552091
0.1757583
0.02948415
0.9836607
(356.5, 20.2, 2.8)
quadrotor0
-0.02552091
0.1757583
0.02948415
0.9836607
(356.5, 20.2, 2.8)
quadrotor0
-0.02552091
0.1757583
0.02948415
0.9836607
(356.5, 20.2, 2.8)
quadrotor0
-0.02552091
0.1757583
0.02948415
0.9836607
(356.5, 20.2, 2.8)
quadrotor0
-0.02552091
0.1757583
0.02948415
0.9836607
(356.5, 20.2, 2.8)
quadrotor0
-0.02552091
0.1757583
0.02948415
0.9836607
(356.5, 20.2, 2.8)
quadrotor0
-0.02552091
0.1757583
0.02948415
0.9836607
(356.5, 20.2, 2.8)
quadrotor0
-0.02552091
0.1757583
0.02948415
0.9836607
(356.5, 20.2, 2.8)
quadrotor0
-0.02552091
0.1757583
0.02948415
0.9836607
(356.5, 20.2, 2.8)
quadrotor0
-0.02552091
0.1757583
0.02948415
0.9836607
(356.5, 20.2, 2.8)
quadrotor0
-0.02552091
0.1757583
0.02948415
0.9836607
(356.5, 20.2, 2.8)
quadrotor0
-0.02552091
0.1757583
0.02948415
0.9836607
(356.5, 20.2, 2.8)
quadrotor0
-0.02552091
0.1757583
0.02948415
0.9836607
(356.5, 20.2, 2.8)
quadrotor0
-0.02552091
0.1757583
0.02948415
0.9836607
(356.5, 20.2, 2.8)
quadrotor0
-0.02552091
0.1757583
0.02948415
0.9836607
(356.5, 20.2, 2.8)
quadrotor0
-0.02552091
0.1757583
0.02948415
0.9836607
(356.5, 20.2, 2.8)
quadrotor0
-0.02552091
0.1757583
0.02948415
0.9836607
(356.5, 20.2, 2.8)
quadrotor0
-0.02552091
0.1757583
0.02948415
0.9836607
(356.5, 20.2, 2.8)
quadrotor0
-0.02552091
0.1757583
0.02948415
0.9836607
(356.5, 20.2, 2.8)
quadrotor0
-0.02552091
0.1757583
0.02948415
0.9836607
(356.5, 20.2, 2.8)
quadrotor0
-0.02552091
0.1757583
0.02948415
0.9836607
(356.5, 20.2, 2.8)
quadrotor0
-0.02552091
0.1757583
0.02948415
0.9836607
(356.5, 20.2, 2.8)
quadrotor0
-0.02552091
0.1757583
0.02948415
0.9836607
(356.5, 20.2, 2.8)
quadrotor0
-0.02552091
0.1757583
0.02948415
0.9836607
(356.5, 20.2, 2.8)
quadrotor0
-0.02552091
0.1757583
0.02948415
0.9836607
(356.5, 20.2, 2.8)
quadrotor0
-0.02552091
0.1757583
0.02948415
0.9836607
(356.5, 20.2, 2.8)
quadrotor0
-0.02552091
0.1757583
0.02948415
0.9836607
(356.5, 20.2, 2.8)
quadrotor0
-0.02552091
0.1757583
0.02948415
0.9836607
(356.5, 20.2, 2.8)
quadrotor0
-0.02552091
0.1757583
0.02948415
0.9836607
(356.5, 20.2, 2.8)
quadrotor0
-0.02552091
0.1757583
0.02948415
0.9836607
(356.5, 20.2, 2.8)
quadrotor0
-0.02552091
0.1757583
0.02948415
0.9836607
(356.5, 20.2, 2.8)
quadrotor0
-0.02552091
0.1757583
0.02948415
0.9836607
(356.5, 20.2, 2.8)
quadrotor0
-0.02552091
0.1757583
0.02948415
0.9836607
(356.5, 20.2, 2.8)
quadrotor0
-0.02552091
0.1757583
0.02948415
0.9836607
(356.5, 20.2, 2.8)
quadrotor0
-0.02552091
0.1757583
0.02948415
0.9836607
(356.5, 20.2, 2.8)
quadrotor0
-0.02552091
0.1757583
0.02948415
0.9836607
(356.5, 20.2, 2.8)
quadrotor0
-0.02552091
0.1757583
0.02948415
0.9836607
(356.5, 20.2, 2.8)
quadrotor0
-0.02552091
0.1757583
0.02948415
0.9836607
(356.5, 20.2, 2.8)
quadrotor0
-0.02552091
0.1757583
0.02948415
0.9836607
(356.5, 20.2, 2.8)
quadrotor0
-0.02552091
0.1757583
0.02948415
0.9836607
(356.5, 20.2, 2.8)
quadrotor0
-0.02552091
0.1757583
0.02948415
0.9836607
(356.5, 20.2, 2.8)
quadrotor0
-0.02552091
0.1757583
0.02948415
0.9836607
(356.5, 20.2, 2.8)
quadrotor0
-0.02552091
0.1757583
0.02948415
0.9836607
(356.5, 20.2, 2.8)
quadrotor0
-0.02552091
0.1757583
0.02948415
0.9836607
(356.5, 20.2, 2.8)
quadrotor0
-0.02552091
0.1757583
0.02948415
0.9836607
(356.5, 20.2, 2.8)
quadrotor0
-0.02552091
0.1757583
0.02948415
0.9836607
(356.5, 20.2, 2.8)
quadrotor0
-0.02552091
0.1757583
0.02948415
0.9836607
(356.5, 20.2, 2.8)
quadrotor0
-0.02552091
0.1757583
0.02948415
0.9836607
(356.5, 20.2, 2.8)
quadrotor0
-0.02552091
0.1757583
0.02948415
0.9836607
(356.5, 20.2, 2.8)
quadrotor0
-0.02552091
0.1757583
0.02948415
0.9836607
(356.5, 20.2, 2.8)
quadrotor0
-0.02552091
0.1757583
0.02948415
0.9836607
(356.5, 20.2, 2.8)
quadrotor0
-0.02552091
0.1757583
0.02948415
0.9836607
(356.5, 20.2, 2.8)
quadrotor0
-0.02552091
0.1757583
0.02948415
0.9836607
(356.5, 20.2, 2.8)
quadrotor0
-0.02552091
0.1757583
0.02948415
0.9836607
(356.5, 20.2, 2.8)
quadrotor0
-0.02552091
0.1757583
0.02948415
0.9836607
(356.5, 20.2, 2.8)
quadrotor0
-0.02552091
0.1757583
0.02948415
0.9836607
(356.5, 20.2, 2.8)
quadrotor0
-0.02552091
0.1757583
0.02948415
0.9836607
(356.5, 20.2, 2.8)
quadrotor0
-0.02552091
0.1757583
0.02948415
0.9836607
(356.5, 20.2, 2.8)
quadrotor0
-0.02552091
0.1757583
0.02948415
0.9836607
(356.5, 20.2, 2.8)
quadrotor0
-0.02552091
0.1757583
0.02948415
0.9836607
(356.5, 20.2, 2.8)
quadrotor0
-0.02552091
0.1757583
0.02948415
0.9836607
(356.5, 20.2, 2.8)
quadrotor0
-0.02552091
0.1757583
0.02948415
0.9836607
(356.5, 20.2, 2.8)
quadrotor0
-0.02552091
0.1757583
0.02948415
0.9836607
(356.5, 20.2, 2.8)
quadrotor0
-0.02552091
0.1757583
0.02948415
0.9836607
(356.5, 20.2, 2.8)
quadrotor0
-0.02552091
0.1757583
0.02948415
0.9836607
(356.5, 20.2, 2.8)
quadrotor0
-0.02552091
0.1757583
0.02948415
0.9836607
(356.5, 20.2, 2.8)
quadrotor0
-0.02552091
0.1757583
0.02948415
0.9836607
(356.5, 20.2, 2.8)
quadrotor0
-0.02552091
0.1757583
0.02948415
0.9836607
(356.5, 20.2, 2.8)
quadrotor0
-0.02552091
0.1757583
0.02948415
0.9836607
(356.5, 20.2, 2.8)
quadrotor0
-0.02552091
0.1757583
0.02948415
0.9836607
(356.5, 20.2, 2.8)
quadrotor0
-0.02552091
0.1757583
0.02948415
0.9836607
(356.5, 20.2, 2.8)
quadrotor0
-0.02552091
0.1757583
0.02948415
0.9836607
(356.5, 20.2, 2.8)
quadrotor0
-0.02552091
0.1757583
0.02948415
0.9836607
(356.5, 20.2, 2.8)
quadrotor0
-0.02552091
0.1757583
0.02948415
0.9836607
(356.5, 20.2, 2.8)
quadrotor0
-0.02552091
0.1757583
0.02948415
0.9836607
(356.5, 20.2, 2.8)
quadrotor0
-0.02552091
0.1757583
0.02948415
0.9836607
(356.5, 20.2, 2.8)
quadrotor0
-0.02552091
0.1757583
0.02948415
0.9836607
(356.5, 20.2, 2.8)
quadrotor0
-0.02552091
0.1757583
0.02948415
0.9836607
(356.5, 20.2, 2.8)
quadrotor0
-0.02552091
0.1757583
0.02948415
0.9836607
(356.5, 20.2, 2.8)
quadrotor0
-0.02552091
0.1757583
0.02948415
0.9836607
(356.5, 20.2, 2.8)
quadrotor0
-0.02552091
0.1757583
0.02948415
0.9836607
(356.5, 20.2, 2.8)
quadrotor0
-0.02552091
0.1757583
0.02948415
0.9836607
(356.5, 20.2, 2.8)
quadrotor0
-0.02552091
0.1757583
0.02948415
0.9836607
(356.5, 20.2, 2.8)
quadrotor0
-0.02552091
0.1757583
0.02948415
0.9836607
(356.5, 20.2, 2.8)
quadrotor0
-0.02552091
0.1757583
0.02948415
0.9836607
(356.5, 20.2, 2.8)
quadrotor0
-0.02552091
0.1757583
0.02948415
0.9836607
(356.5, 20.2, 2.8)
quadrotor0
-0.02552091
0.1757583
0.02948415
0.9836607
(356.5, 20.2, 2.8)
quadrotor0
-0.02552091
0.1757583
0.02948415
0.9836607
(356.5, 20.2, 2.8)
quadrotor0
-0.02552091
0.1757583
0.02948415
0.9836607
(356.5, 20.2, 2.8)
quadrotor0
-0.02552091
0.1757583
0.02948415
0.9836607
(356.5, 20.2, 2.8)
quadrotor0
-0.02552091
0.1757583
0.02948415
0.9836607
(356.5, 20.2, 2.8)
quadrotor0
-0.02552091
0.1757583
0.02948415
0.9836607
(356.5, 20.2, 2.8)
quadrotor0
-0.02552091
0.1757583
0.02948415
0.9836607
(356.5, 20.2, 2.8)
quadrotor0
-0.02552091
0.1757583
0.02948415
0.9836607
(356.5, 20.2, 2.8)
quadrotor0
-0.02552091
0.1757583
0.02948415
0.9836607
(356.5, 20.2, 2.8)
quadrotor0
-0.02552091
0.1757583
0.02948415
0.9836607
(356.5, 20.2, 2.8)
quadrotor0
-0.02552091
0.1757583
0.02948415
0.9836607
(356.5, 20.2, 2.8)
quadrotor0
-0.02552091
0.1757583
0.02948415
0.9836607
(356.5, 20.2, 2.8)
quadrotor0
-0.02552091
0.1757583
0.02948415
0.9836607
(356.5, 20.2, 2.8)
quadrotor0
-0.02552091
0.1757583
0.02948415
0.9836607
(356.5, 20.2, 2.8)
quadrotor0
-0.02552091
0.1757583
0.02948415
0.9836607
(356.5, 20.2, 2.8)
quadrotor0
-0.02552091
0.1757583
0.02948415
0.9836607
(356.5, 20.2, 2.8)
quadrotor0
-0.02552091
0.1757583
0.02948415
0.9836607
(356.5, 20.2, 2.8)
quadrotor0
-0.02552091
0.1757583
0.02948415
0.9836607
(356.5, 20.2, 2.8)
quadrotor0
-0.02552091
0.1757583
0.02948415
0.9836607
(356.5, 20.2, 2.8)
quadrotor0
-0.02552091
0.1757583
0.02948415
0.9836607
(356.5, 20.2, 2.8)
quadrotor0
-0.02552091
0.1757583
0.02948415
0.9836607
(356.5, 20.2, 2.8)
quadrotor0
-0.02552091
0.1757583
0.02948415
0.9836607
(356.5, 20.2, 2.8)
quadrotor0
-0.02552091
0.1757583
0.02948415
0.9836607
(356.5, 20.2, 2.8)
quadrotor0
-0.02552091
0.1757583
0.02948415
0.9836607
(356.5, 20.2, 2.8)
quadrotor0
-0.02552091
0.1757583
0.02948415
0.9836607
(356.5, 20.2, 2.8)
quadrotor0
-0.02552091
0.1757583
0.02948415
0.9836607
(356.5, 20.2, 2.8)
quadrotor0
-0.02552091
0.1757583
0.02948415
0.9836607
(356.5, 20.2, 2.8)
quadrotor0
-0.02552091
0.1757583
0.02948415
0.9836607
(356.5, 20.2, 2.8)
quadrotor0
-0.02552091
0.1757583
0.02948415
0.9836607
(356.5, 20.2, 2.8)
quadrotor0
-0.02552091
0.1757583
0.02948415
0.9836607
(356.5, 20.2, 2.8)
quadrotor0
-0.02552091
0.1757583
0.02948415
0.9836607
(356.5, 20.2, 2.8)
quadrotor0
-0.02552091
0.1757583
0.02948415
0.9836607
(356.5, 20.2, 2.8)
quadrotor0
-0.02552091
0.1757583
0.02948415
0.9836607
(356.5, 20.2, 2.8)
quadrotor0
-0.02552091
0.1757583
0.02948415
0.9836607
(356.5, 20.2, 2.8)
quadrotor0
-0.02552091
0.1757583
0.02948415
0.9836607
(356.5, 20.2, 2.8)
quadrotor0
-0.02552091
0.1757583
0.02948415
0.9836607
(356.5, 20.2, 2.8)
quadrotor0
-0.02552091
0.1757583
0.02948415
0.9836607
(356.5, 20.2, 2.8)
quadrotor0
-0.02552091
0.1757583
0.02948415
0.9836607
(356.5, 20.2, 2.8)
quadrotor0
-0.02552091
0.1757583
0.02948415
0.9836607
(356.5, 20.2, 2.8)
quadrotor0
-0.02552091
0.1757583
0.02948415
0.9836607
(356.5, 20.2, 2.8)
quadrotor0
-0.02552091
0.1757583
0.02948415
0.9836607
(356.5, 20.2, 2.8)
quadrotor0
-0.02552091
0.1757583
0.02948415
0.9836607
(356.5, 20.2, 2.8)
quadrotor0
-0.02552091
0.1757583
0.02948415
0.9836607
(356.5, 20.2, 2.8)
quadrotor0
-0.02552091
0.1757583
0.02948415
0.9836607
(356.5, 20.2, 2.8)
quadrotor0
-0.02552091
0.1757583
0.02948415
0.9836607
(356.5, 20.2, 2.8)
quadrotor0
-0.02552091
0.1757583
0.02948415
0.9836607
(356.5, 20.2, 2.8)
quadrotor0
-0.02552091
0.1757583
0.02948415
0.9836607
(356.5, 20.2, 2.8)
quadrotor0
-0.02552091
0.1757583
0.02948415
0.9836607
(356.5, 20.2, 2.8)
quadrotor0
-0.02552091
0.1757583
0.02948415
0.9836607
(356.5, 20.2, 2.8)
quadrotor0
-0.02552091
0.1757583
0.02948415
0.9836607
(356.5, 20.2, 2.8)
quadrotor0
-0.02552091
0.1757583
0.02948415
0.9836607
(356.5, 20.2, 2.8)
quadrotor0
-0.02552091
0.1757583
0.02948415
0.9836607
(356.5, 20.2, 2.8)
quadrotor0
-0.02552091
0.1757583
0.02948415
0.9836607
(356.5, 20.2, 2.8)
quadrotor0
-0.02552091
0.1757583
0.02948415
0.9836607
(356.5, 20.2, 2.8)
quadrotor0
-0.02552091
0.1757583
0.02948415
0.9836607
(356.5, 20.2, 2.8)
quadrotor0
-0.02552091
0.1757583
0.02948415
0.9836607
(356.5, 20.2, 2.8)
quadrotor0
-0.02552091
0.1757583
0.02948415
0.9836607
(356.5, 20.2, 2.8)
quadrotor0
-0.02552091
0.1757583
0.02948415
0.9836607
(356.5, 20.2, 2.8)
quadrotor0
-0.02552091
0.1757583
0.02948415
0.9836607
(356.5, 20.2, 2.8)
quadrotor0
-0.02552091
0.1757583
0.02948415
0.9836607
(356.5, 20.2, 2.8)
quadrotor0
-0.02552091
0.1757583
0.02948415
0.9836607
(356.5, 20.2, 2.8)
quadrotor0
-0.02552091
0.1757583
0.02948415
0.9836607
(356.5, 20.2, 2.8)
quadrotor0
-0.02552091
0.1757583
0.02948415
0.9836607
(356.5, 20.2, 2.8)
quadrotor0
-0.02552091
0.1757583
0.02948415
0.9836607
(356.5, 20.2, 2.8)
quadrotor0
-0.02552091
0.1757583
0.02948415
0.9836607
(356.5, 20.2, 2.8)
quadrotor0
-0.02552091
0.1757583
0.02948415
0.9836607
(356.5, 20.2, 2.8)
quadrotor0
-0.02552091
0.1757583
0.02948416
0.9836607
(356.5, 20.2, 2.8)
quadrotor0
-0.02552091
0.1757583
0.02948416
0.9836607
(356.5, 20.2, 2.8)
quadrotor0
-0.02552091
0.1757583
0.02948415
0.9836607
(356.5, 20.2, 2.8)
quadrotor0
-0.02552091
0.1757583
0.02948415
0.9836607
(356.5, 20.2, 2.8)
quadrotor0
-0.02552091
0.1757583
0.02948415
0.9836607
(356.5, 20.2, 2.8)
quadrotor0
-0.02552091
0.1757583
0.02948415
0.9836607
(356.5, 20.2, 2.8)
quadrotor0
-0.02552091
0.1757583
0.02948415
0.9836607
(356.5, 20.2, 2.8)
quadrotor0
-0.02552091
0.1757583
0.02948415
0.9836607
(356.5, 20.2, 2.8)
quadrotor0
-0.02552091
0.1757583
0.02948415
0.9836607
(356.5, 20.2, 2.8)
quadrotor0
-0.02552091
0.1757583
0.02948415
0.9836607
(356.5, 20.2, 2.8)
quadrotor0
-0.02552091
0.1757583
0.02948415
0.9836607
(356.5, 20.2, 2.8)
quadrotor0
-0.02552091
0.1757583
0.02948415
0.9836607
(356.5, 20.2, 2.8)
quadrotor0
-0.02552091
0.1757583
0.02948415
0.9836607
(356.5, 20.2, 2.8)
quadrotor0
-0.02552091
0.1757583
0.02948415
0.9836607
(356.5, 20.2, 2.8)
quadrotor0
-0.02552091
0.1757583
0.02948415
0.9836607
(356.5, 20.2, 2.8)
quadrotor0
-0.02552091
0.1757583
0.02948415
0.9836607
(356.5, 20.2, 2.8)
quadrotor0
-0.02552091
0.1757583
0.02948415
0.9836607
(356.5, 20.2, 2.8)
quadrotor0
-0.02552091
0.1757583
0.02948415
0.9836607
(356.5, 20.2, 2.8)
quadrotor0
-0.02552091
0.1757583
0.02948415
0.9836607
(356.5, 20.2, 2.8)
quadrotor0
-0.02552091
0.1757583
0.02948415
0.9836607
(356.5, 20.2, 2.8)
quadrotor0
-0.02552091
0.1757583
0.02948415
0.9836607
(356.5, 20.2, 2.8)
quadrotor0
-0.02552091
0.1757583
0.02948415
0.9836607
(356.5, 20.2, 2.8)
quadrotor0
-0.02552091
0.1757583
0.02948415
0.9836607
(356.5, 20.2, 2.8)
quadrotor0
-0.02552091
0.1757583
0.02948415
0.9836607
(356.5, 20.2, 2.8)
quadrotor0
-0.02552091
0.1757583
0.02948415
0.9836607
(356.5, 20.2, 2.8)
quadrotor0
-0.02552091
0.1757583
0.02948415
0.9836607
(356.5, 20.2, 2.8)
quadrotor0
-0.02552091
0.1757583
0.02948415
0.9836607
(356.5, 20.2, 2.8)
quadrotor0
-0.02552091
0.1757583
0.02948415
0.9836607
(356.5, 20.2, 2.8)
quadrotor0
-0.02552091
0.1757583
0.02948415
0.9836607
(356.5, 20.2, 2.8)
quadrotor0
-0.02552091
0.1757583
0.02948415
0.9836607
(356.5, 20.2, 2.8)
quadrotor0
-0.02552091
0.1757583
0.02948415
0.9836607
(356.5, 20.2, 2.8)
quadrotor0
-0.02552091
0.1757583
0.02948415
0.9836607
(356.5, 20.2, 2.8)
quadrotor0
-0.02552091
0.1757583
0.02948415
0.9836607
(356.5, 20.2, 2.8)
quadrotor0
-0.02552091
0.1757583
0.02948415
0.9836607
(356.5, 20.2, 2.8)
quadrotor0
-0.02552091
0.1757583
0.02948415
0.9836607
(356.5, 20.2, 2.8)
quadrotor0
-0.02552091
0.1757583
0.02948415
0.9836607
(356.5, 20.2, 2.8)
quadrotor0
-0.02552091
0.1757583
0.02948415
0.9836607
(356.5, 20.2, 2.8)
quadrotor0
-0.02552091
0.1757583
0.02948415
0.9836607
(356.5, 20.2, 2.8)
quadrotor0
-0.02552091
0.1757583
0.02948415
0.9836607
(356.5, 20.2, 2.8)
quadrotor0
-0.02552091
0.1757583
0.02948415
0.9836607
(356.5, 20.2, 2.8)
quadrotor0
-0.02552091
0.1757583
0.02948415
0.9836607
(356.5, 20.2, 2.8)
quadrotor0
-0.02552091
0.1757583
0.02948415
0.9836607
(356.5, 20.2, 2.8)
quadrotor0
-0.02552091
0.1757583
0.02948415
0.9836607
(356.5, 20.2, 2.8)
quadrotor0
-0.02552091
0.1757583
0.02948415
0.9836607
(356.5, 20.2, 2.8)
quadrotor0
-0.02552091
0.1757583
0.02948415
0.9836607
(356.5, 20.2, 2.8)
quadrotor0
-0.02552091
0.1757583
0.02948415
0.9836607
(356.5, 20.2, 2.8)
quadrotor0
-0.02552091
0.1757583
0.02948415
0.9836607
(356.5, 20.2, 2.8)
quadrotor0
-0.02552091
0.1757583
0.02948415
0.9836607
(356.5, 20.2, 2.8)
quadrotor0
-0.02552091
0.1757583
0.02948415
0.9836607
(356.5, 20.2, 2.8)
quadrotor0
-0.02552091
0.1757583
0.02948415
0.9836607
(356.5, 20.2, 2.8)
quadrotor0
-0.02552091
0.1757583
0.02948415
0.9836607
(356.5, 20.2, 2.8)
quadrotor0
-0.02552091
0.1757583
0.02948415
0.9836607
(356.5, 20.2, 2.8)
quadrotor0
-0.02552091
0.1757583
0.02948415
0.9836607
(356.5, 20.2, 2.8)
quadrotor0
-0.02552091
0.1757583
0.02948415
0.9836607
(356.5, 20.2, 2.8)
quadrotor0
-0.02552091
0.1757583
0.02948415
0.9836607
(356.5, 20.2, 2.8)
quadrotor0
-0.02552091
0.1757583
0.02948415
0.9836607
(356.5, 20.2, 2.8)
quadrotor0
-0.02552091
0.1757583
0.02948415
0.9836607
(356.5, 20.2, 2.8)
quadrotor0
-0.02552091
0.1757583
0.02948415
0.9836607
(356.5, 20.2, 2.8)
quadrotor0
-0.02552091
0.1757583
0.02948415
0.9836607
(356.5, 20.2, 2.8)
quadrotor0
-0.02552091
0.1757583
0.02948415
0.9836607
(356.5, 20.2, 2.8)
quadrotor0
-0.02552091
0.1757583
0.02948415
0.9836607
(356.5, 20.2, 2.8)
quadrotor0
-0.02552091
0.1757583
0.02948415
0.9836607
(356.5, 20.2, 2.8)
quadrotor0
-0.02552091
0.1757583
0.02948415
0.9836607
(356.5, 20.2, 2.8)
quadrotor0
-0.02552091
0.1757583
0.02948415
0.9836607
(356.5, 20.2, 2.8)
quadrotor0
-0.02552091
0.1757583
0.02948415
0.9836607
(356.5, 20.2, 2.8)
quadrotor0
-0.02552091
0.1757583
0.02948415
0.9836607
(356.5, 20.2, 2.8)
quadrotor0
-0.02552091
0.1757583
0.02948415
0.9836607
(356.5, 20.2, 2.8)
quadrotor0
-0.02552091
0.1757583
0.02948415
0.9836607
(356.5, 20.2, 2.8)
quadrotor0
-0.02552091
0.1757583
0.02948415
0.9836607
(356.5, 20.2, 2.8)
quadrotor0
-0.02552091
0.1757583
0.02948415
0.9836607
(356.5, 20.2, 2.8)
quadrotor0
-0.02552091
0.1757583
0.02948415
0.9836607
(356.5, 20.2, 2.8)
quadrotor0
-0.02552091
0.1757583
0.02948415
0.9836607
(356.5, 20.2, 2.8)
quadrotor0
-0.02552091
0.1757583
0.02948415
0.9836607
(356.5, 20.2, 2.8)
quadrotor0
-0.02552091
0.1757583
0.02948415
0.9836607
(356.5, 20.2, 2.8)
quadrotor0
-0.02552091
0.1757583
0.02948415
0.9836607
(356.5, 20.2, 2.8)
quadrotor0
-0.02552091
0.1757583
0.02948415
0.9836607
(356.5, 20.2, 2.8)
quadrotor0
-0.02552091
0.1757583
0.02948415
0.9836607
(356.5, 20.2, 2.8)
quadrotor0
-0.02552091
0.1757583
0.02948415
0.9836607
(356.5, 20.2, 2.8)
quadrotor0
-0.02552091
0.1757583
0.02948415
0.9836607
(356.5, 20.2, 2.8)
quadrotor0
-0.02552091
0.1757583
0.02948415
0.9836607
(356.5, 20.2, 2.8)
quadrotor0
-0.02552091
0.1757583
0.02948415
0.9836607
(356.5, 20.2, 2.8)
quadrotor0
-0.02552091
0.1757583
0.02948415
0.9836607
(356.5, 20.2, 2.8)
quadrotor0
-0.02552091
0.1757583
0.02948415
0.9836607
(356.5, 20.2, 2.8)
quadrotor0
-0.02552091
0.1757583
0.02948415
0.9836607
(356.5, 20.2, 2.8)
quadrotor0
-0.02552091
0.1757583
0.02948415
0.9836607
(356.5, 20.2, 2.8)
quadrotor0
-0.02552091
0.1757583
0.02948415
0.9836607
(356.5, 20.2, 2.8)
quadrotor0
-0.02552091
0.1757583
0.02948415
0.9836607
(356.5, 20.2, 2.8)
quadrotor0
-0.02552091
0.1757583
0.02948415
0.9836607
(356.5, 20.2, 2.8)
quadrotor0
-0.02552091
0.1757583
0.02948415
0.9836607
(356.5, 20.2, 2.8)
quadrotor0
-0.02552091
0.1757583
0.02948415
0.9836607
(356.5, 20.2, 2.8)
quadrotor0
-0.02552091
0.1757583
0.02948415
0.9836607
(356.5, 20.2, 2.8)
quadrotor0
-0.02552091
0.1757583
0.02948415
0.9836607
(356.5, 20.2, 2.8)
quadrotor0
-0.02552091
0.1757583
0.02948415
0.9836607
(356.5, 20.2, 2.8)
quadrotor0
-0.02552091
0.1757583
0.02948415
0.9836607
(356.5, 20.2, 2.8)
quadrotor0
-0.02552091
0.1757583
0.02948415
0.9836607
(356.5, 20.2, 2.8)
quadrotor0
-0.02552091
0.1757583
0.02948415
0.9836607
(356.5, 20.2, 2.8)
