Mono path[0] = '/mnt/nvme0n1p5/Flightmare_ws/src/flightmare/flightrender/RPG_Flightmare/RPG_Flightmare_Data/Managed'
Mono config path = '/mnt/nvme0n1p5/Flightmare_ws/src/flightmare/flightrender/RPG_Flightmare/RPG_Flightmare_Data/MonoBleedingEdge/etc'
Display 0 'HC-L240Z2 24"': 1920x1080 (primary device).
Display 1 'H27T22C 27"': 2560x1440 (secondary device).
Desktop is 2560 x 1440 @ 60 Hz
Initialize engine version: 2020.3.49f1 (18249dd5551b)
[Subsystems] Discovering subsystems at path /mnt/nvme0n1p5/Flightmare_ws/src/flightmare/flightrender/RPG_Flightmare/RPG_Flightmare_Data/UnitySubsystems
GfxDevice: creating device client; threaded=1
Renderer: NVIDIA GeForce RTX 4070/PCIe/SSE2
Vendor:   NVIDIA Corporation
Version:  4.5.0 NVIDIA 570.133.20
GLES:     0
 GL_AMD_multi_draw_indirect GL_AMD_seamless_cubemap_per_texture GL_AMD_vertex_shader_viewport_index GL_AMD_vertex_shader_layer GL_ARB_arrays_of_arrays GL_ARB_base_instance GL_ARB_bindless_texture GL_ARB_blend_func_extended GL_ARB_buffer_storage GL_ARB_clear_buffer_object GL_ARB_clear_texture GL_ARB_clip_control GL_ARB_color_buffer_float GL_ARB_compressed_texture_pixel_storage GL_ARB_conservative_depth GL_ARB_compute_shader GL_ARB_compute_variable_group_size GL_ARB_conditional_render_inverted GL_ARB_copy_buffer GL_ARB_copy_image GL_ARB_cull_distance GL_ARB_debug_output GL_ARB_depth_buffer_float GL_ARB_depth_clamp GL_ARB_depth_texture GL_ARB_derivative_control GL_ARB_direct_state_access GL_ARB_draw_buffers GL_ARB_draw_buffers_blend GL_ARB_draw_indirect GL_ARB_draw_elements_base_vertex GL_ARB_draw_instanced GL_ARB_enhanced_layouts GL_ARB_ES2_compatibility GL_ARB_ES3_compatibility GL_ARB_ES3_1_compatibility GL_ARB_ES3_2_compatibility GL_ARB_explicit_attrib_location GL_ARB_explicit_uniform_location GL_ARB_fragmen
t_coord_conventions GL_ARB_fragment_layer_viewport GL_ARB_fragment_program GL_ARB_fragment_program_shadow GL_ARB_fragment_shader GL_ARB_fragment_shader_interlock GL_ARB_framebuffer_no_attachments GL_ARB_framebuffer_object GL_ARB_framebuffer_sRGB GL_ARB_geometry_shader4 GL_ARB_get_program_binary GL_ARB_get_texture_sub_image GL_ARB_gl_spirv GL_ARB_gpu_shader5 GL_ARB_gpu_shader_fp64 GL_ARB_gpu_shader_int64 GL_ARB_half_float_pixel GL_ARB_half_float_vertex GL_ARB_imaging GL_ARB_indirect_parameters GL_ARB_instanced_arrays GL_ARB_internalformat_query GL_ARB_internalformat_query2 GL_ARB_invalidate_subdata GL_ARB_map_buffer_alignment GL_ARB_map_buffer_range GL_ARB_multi_bind GL_ARB_multi_draw_indirect GL_ARB_multisample GL_ARB_multitexture GL_ARB_occlusion_query GL_ARB_occlusion_query2 GL_ARB_parallel_shader_compile GL_ARB_pipeline_statistics_query GL_ARB_pixel_buffer_object GL_ARB_point_parameters GL_ARB_point_sprite GL_ARB_polygon_offset_clamp GL_ARB_post_depth_coverage GL_ARB_program_interface_query GL_ARB_provoki
ng_vertex GL_ARB_query_buffer_object GL_ARB_robust_buffer_access_behavior GL_ARB_robustness GL_ARB_sample_locations GL_ARB_sample_shading GL_ARB_sampler_objects GL_ARB_seamless_cube_map GL_ARB_seamless_cubemap_per_texture GL_ARB_separate_shader_objects GL_ARB_shader_atomic_counter_ops GL_ARB_shader_atomic_counters GL_ARB_shader_ballot GL_ARB_shader_bit_encoding GL_ARB_shader_clock GL_ARB_shader_draw_parameters GL_ARB_shader_group_vote GL_ARB_shader_image_load_store GL_ARB_shader_image_size GL_ARB_shader_objects GL_ARB_shader_precision GL_ARB_shader_storage_buffer_object GL_ARB_shader_subroutine GL_ARB_shader_texture_image_samples GL_ARB_shader_texture_lod GL_ARB_shading_language_100 GL_ARB_shader_viewport_layer_array GL_ARB_shading_language_420pack GL_ARB_shading_language_include GL_ARB_shading_language_packing GL_ARB_shadow GL_ARB_sparse_buffer GL_ARB_sparse_texture GL_ARB_sparse_texture2 GL_ARB_sparse_texture_clamp GL_ARB_spirv_extensions GL_ARB_stencil_texturing GL_ARB_sync GL_ARB_tessellation_shader GL_A
RB_texture_barrier GL_ARB_texture_border_clamp GL_ARB_texture_buffer_object GL_ARB_texture_buffer_object_rgb32 GL_ARB_texture_buffer_range GL_ARB_texture_compression GL_ARB_texture_compression_bptc GL_ARB_texture_compression_rgtc GL_ARB_texture_cube_map GL_ARB_texture_cube_map_array GL_ARB_texture_env_add GL_ARB_texture_env_combine GL_ARB_texture_env_crossbar GL_ARB_texture_env_dot3 GL_ARB_texture_filter_anisotropic GL_ARB_texture_filter_minmax GL_ARB_texture_float GL_ARB_texture_gather GL_ARB_texture_mirror_clamp_to_edge GL_ARB_texture_mirrored_repeat GL_ARB_texture_multisample GL_ARB_texture_non_power_of_two GL_ARB_texture_query_levels GL_ARB_texture_query_lod GL_ARB_texture_rectangle GL_ARB_texture_rg GL_ARB_texture_rgb10_a2ui GL_ARB_texture_stencil8 GL_ARB_texture_storage GL_ARB_texture_storage_multisample GL_ARB_texture_swizzle GL_ARB_texture_view GL_ARB_timer_query GL_ARB_transform_feedback2 GL_ARB_transform_feedback3 GL_ARB_transform_feedback_instanced GL_ARB_transform_feedback_overflow_query GL_ARB_t
ranspose_matrix GL_ARB_uniform_buffer_object GL_ARB_vertex_array_bgra GL_ARB_vertex_array_object GL_ARB_vertex_attrib_64bit GL_ARB_vertex_attrib_binding GL_ARB_vertex_buffer_object GL_ARB_vertex_program GL_ARB_vertex_shader GL_ARB_vertex_type_10f_11f_11f_rev GL_ARB_vertex_type_2_10_10_10_rev GL_ARB_viewport_array GL_ARB_window_pos GL_ATI_draw_buffers GL_ATI_texture_float GL_ATI_texture_mirror_once GL_S3_s3tc GL_EXT_texture_env_add GL_EXT_abgr GL_EXT_bgra GL_EXT_bindable_uniform GL_EXT_blend_color GL_EXT_blend_equation_separate GL_EXT_blend_func_separate GL_EXT_blend_minmax GL_EXT_blend_subtract GL_EXT_compiled_vertex_array GL_EXT_Cg_shader GL_EXT_depth_bounds_test GL_EXT_direct_state_access GL_EXT_draw_buffers2 GL_EXT_draw_instanced GL_EXT_draw_range_elements GL_EXT_fog_coord GL_EXT_framebuffer_blit GL_EXT_framebuffer_multisample GL_EXTX_framebuffer_mixed_formats GL_EXT_framebuffer_multisample_blit_scaled GL_EXT_framebuffer_object GL_EXT_framebuffer_sRGB GL_EXT_geometry_shader4 GL_EXT_gpu_program_parameters 
GL_EXT_gpu_shader4 GL_EXT_multi_draw_arrays GL_EXT_multiview_texture_multisample GL_EXT_multiview_timer_query GL_EXT_packed_depth_stencil GL_EXT_packed_float GL_EXT_packed_pixels GL_EXT_pixel_buffer_object GL_EXT_point_parameters GL_EXT_polygon_offset_clamp GL_EXT_post_depth_coverage GL_EXT_provoking_vertex GL_EXT_raster_multisample GL_EXT_rescale_normal GL_EXT_secondary_color GL_EXT_separate_shader_objects GL_EXT_separate_specular_color GL_EXT_shader_image_load_formatted GL_EXT_shader_image_load_store GL_EXT_shader_integer_mix GL_EXT_shadow_funcs GL_EXT_sparse_texture2 GL_EXT_stencil_two_side GL_EXT_stencil_wrap GL_EXT_texture3D GL_EXT_texture_array GL_EXT_texture_buffer_object GL_EXT_texture_compression_dxt1 GL_EXT_texture_compression_latc GL_EXT_texture_compression_rgtc GL_EXT_texture_compression_s3tc GL_EXT_texture_cube_map GL_EXT_texture_edge_clamp GL_EXT_texture_env_combine GL_EXT_texture_env_dot3 GL_EXT_texture_filter_anisotropic GL_EXT_texture_filter_minmax GL_EXT_texture_integer GL_EXT_texture_lod G
L_EXT_texture_lod_bias GL_EXT_texture_mirror_clamp GL_EXT_texture_object GL_EXT_texture_shadow_lod GL_EXT_texture_shared_exponent GL_EXT_texture_sRGB GL_EXT_texture_sRGB_R8 GL_EXT_texture_sRGB_decode GL_EXT_texture_storage GL_EXT_texture_swizzle GL_EXT_timer_query GL_EXT_transform_feedback2 GL_EXT_vertex_array GL_EXT_vertex_array_bgra GL_EXT_vertex_attrib_64bit GL_EXT_window_rectangles GL_EXT_x11_sync_object GL_EXT_import_sync_object GL_NV_robustness_video_memory_purge GL_IBM_rasterpos_clip GL_IBM_texture_mirrored_repeat GL_KHR_context_flush_control GL_KHR_debug GL_EXT_memory_object GL_EXT_memory_object_fd GL_NV_memory_object_sparse GL_KHR_parallel_shader_compile GL_KHR_no_error GL_KHR_robust_buffer_access_behavior GL_KHR_robustness GL_EXT_semaphore GL_EXT_semaphore_fd GL_NV_timeline_semaphore GL_KHR_shader_subgroup GL_KTX_buffer_region GL_NV_alpha_to_coverage_dither_control GL_NV_bindless_multi_draw_indirect GL_NV_bindless_multi_draw_indirect_count GL_NV_bindless_texture GL_NV_blend_equation_advanced GL_NV_
blend_equation_advanced_coherent GL_NVX_blend_equation_advanced_multi_draw_buffers GL_NV_blend_minmax_factor GL_NV_blend_square GL_NV_clip_space_w_scaling GL_NV_command_list GL_NV_compute_program5 GL_NV_compute_shader_derivatives GL_NV_conditional_render GL_NV_conservative_raster GL_NV_conservative_raster_dilate GL_NV_conservative_raster_pre_snap GL_NV_conservative_raster_pre_snap_triangles GL_NV_conservative_raster_underestimation GL_NV_copy_depth_to_color GL_NV_copy_image GL_NV_depth_buffer_float GL_NV_depth_clamp GL_NV_draw_texture GL_NV_draw_vulkan_image GL_NV_ES1_1_compatibility GL_NV_ES3_1_compatibility GL_NV_explicit_multisample GL_NV_feature_query GL_NV_fence GL_NV_fill_rectangle GL_NV_float_buffer GL_NV_fog_distance GL_NV_fragment_coverage_to_color GL_NV_fragment_program GL_NV_fragment_program_option GL_NV_fragment_program2 GL_NV_fragment_shader_barycentric GL_NV_fragment_shader_interlock GL_NV_framebuffer_mixed_samples GL_NV_framebuffer_multisample_coverage GL_NV_geometry_shader4 GL_NV_geometry_sha
der_passthrough GL_NV_gpu_program4 GL_NV_internalformat_sample_query GL_NV_gpu_program4_1 GL_NV_gpu_program5 GL_NV_gpu_program5_mem_extended GL_NV_gpu_program_fp64 GL_NV_gpu_program_multiview GL_NV_gpu_shader5 GL_NV_half_float GL_NV_light_max_exponent GL_NV_memory_attachment GL_NV_mesh_shader GL_NV_multisample_coverage GL_NV_multisample_filter_hint GL_NV_occlusion_query GL_NV_packed_depth_stencil GL_NV_parameter_buffer_object GL_NV_parameter_buffer_object2 GL_NV_path_rendering GL_NV_path_rendering_shared_edge GL_NV_pixel_data_range GL_NV_point_sprite GL_NV_primitive_restart GL_NV_primitive_shading_rate GL_NV_query_resource GL_NV_query_resource_tag GL_NV_register_combiners GL_NV_register_combiners2 GL_NV_representative_fragment_test GL_NV_sample_locations GL_NV_sample_mask_override_coverage GL_NV_scissor_exclusive GL_NV_shader_atomic_counters GL_NV_shader_atomic_float GL_NV_shader_atomic_float64 GL_NV_shader_atomic_fp16_vector GL_NV_shader_atomic_int64 GL_NV_shader_buffer_load GL_NV_shader_storage_buffer_obje
ct GL_NV_shader_subgroup_partitioned GL_NV_shader_texture_footprint GL_NV_shading_rate_image GL_NV_stereo_view_rendering GL_NV_texgen_reflection GL_NV_texture_barrier GL_NV_texture_compression_vtc GL_NV_texture_dirty_tile_map GL_NV_texture_env_combine4 GL_NV_texture_multisample GL_NV_texture_rectangle GL_NV_texture_rectangle_compressed GL_NV_texture_shader GL_NV_texture_shader2 GL_NV_texture_shader3 GL_NV_transform_feedback GL_NV_transform_feedback2 GL_NV_uniform_buffer_unified_memory GL_NV_uniform_buffer_std430_layout GL_NV_vdpau_interop GL_NV_vdpau_interop2 GL_NV_vertex_array_range GL_NV_vertex_array_range2 GL_NV_vertex_attrib_integer_64bit GL_NV_vertex_buffer_unified_memory GL_NV_vertex_program GL_NV_vertex_program1_1 GL_NV_vertex_program2 GL_NV_vertex_program2_option GL_NV_vertex_program3 GL_NV_viewport_array2 GL_NV_viewport_swizzle GL_NVX_conditional_render GL_NV_gpu_multicast GL_NVX_progress_fence GL_NVX_gpu_memory_info GL_NVX_nvenc_interop GL_NV_shader_thread_group GL_NV_shader_thread_shuffle GL_KHR_b
lend_equation_advanced GL_KHR_blend_equation_advanced_coherent GL_OVR_multiview GL_OVR_multiview2 GL_SGIS_generate_mipmap GL_SGIS_texture_lod GL_SGIX_depth_texture GL_SGIX_shadow GL_SUN_slice_accum
OPENGL LOG: Creating OpenGL 4.5 graphics device ; Context level  <OpenGL 4.5> ; Context handle 690407688
Begin MonoManager ReloadAssembly
- Completed reload, in  0.147 seconds
Default vsync count 1
requesting resize 640 x 360
resizing window to 640 x 360
Desktop is 2560 x 1440 @ 60 Hz
UnloadTime: 0.515850 ms
Configuring sockets.
Trying to connect to: 127.0.0.1
Terminated ZMQ sockets.
Configuring sockets.
tcp://127.0.0.1:10253
Sockets bound.
Fallback handler could not load library /mnt/nvme0n1p5/Flightmare_ws/src/flightmare/flightrender/RPG_Flightmare/RPG_Flightmare_Data/Mono/libKernel32
Fallback handler could not load library /mnt/nvme0n1p5/Flightmare_ws/src/flightmare/flightrender/RPG_Flightmare/RPG_Flightmare_Data/Mono/libKernel32.so
Fallback handler could not load library /mnt/nvme0n1p5/Flightmare_ws/src/flightmare/flightrender/RPG_Flightmare/RPG_Flightmare_Data/Mono/Kernel32
Fallback handler could not load library /mnt/nvme0n1p5/Flightmare_ws/src/flightmare/flightrender/RPG_Flightmare/RPG_Flightmare_Data/Mono/libKernel32
Fallback handler could not load library /mnt/nvme0n1p5/Flightmare_ws/src/flightmare/flightrender/RPG_Flightmare/RPG_Flightmare_Data/Mono/libKernel32.so
Fallback handler could not load library /mnt/nvme0n1p5/Flightmare_ws/src/flightmare/flightrender/RPG_Flightmare/RPG_Flightmare_Data/Mono/libKernel32
requesting resize 1024 x 768
resizing window to 1024 x 768
Desktop is 2560 x 1440 @ 60 Hz
Unloading 5 Unused Serialized files (Serialized files now loaded: 0)
UnloadTime: 0.197049 ms

Unloading 4 unused Assets to reduce memory usage. Loaded Objects now: 89916.
Total: 8.220689 ms (FindLiveObjects: 2.268450 ms CreateObjectMapping: 0.920160 ms MarkObjects: 4.992119 ms  DeleteObjects: 0.039700 ms)

Destory Time Line
Unloading 4 Unused Serialized files (Serialized files now loaded: 0)
UnloadTime: 40.718543 ms

Unloading 67 unused Assets to reduce memory usage. Loaded Objects now: 89936.
Total: 8.446969 ms (FindLiveObjects: 2.232670 ms CreateObjectMapping: 0.299930 ms MarkObjects: 5.574399 ms  DeleteObjects: 0.339670 ms)

resize screen
requesting resize 160 x 90
resizing window to 160 x 90
Desktop is 2560 x 1440 @ 60 Hz
instantiate object
obj_state id : yopo_target_person
vehicle id : quadrotor0
Disable extra camera!
quadrotor0_0
0.00000	0.00000	1.00000	80.00000
0.00000	1.00000	0.00000	32.40650
-1.00000	0.00000	0.00000	80.00000
0.00000	0.00000	0.00000	1.00000
ThirdPV init pos=(80.0, 34.3, 76.0) rot=(20.6, 0.0, 0.0)
set camera view ports
set camera post process settings
Unloading 3 Unused Serialized files (Serialized files now loaded: 0)

Unloading 1 unused Assets to reduce memory usage. Loaded Objects now: 90443.
Total: 8.147218 ms (FindLiveObjects: 2.748089 ms CreateObjectMapping: 0.188230 ms MarkObjects: 5.150889 ms  DeleteObjects: 0.059590 ms)

quadrotor0
0
0
0
1
(0.0, 0.0, 0.0)
ThirdPV update pos=(80.0, 34.3, 76.0) rot=(20.6, 0.0, 0.0)
quadrotor0
0
0
0
1
(0.0, 0.0, 0.0)
quadrotor0
0
0
0
1
(0.0, 0.0, 0.0)
quadrotor0
0
0
0
1
(0.0, 0.0, 0.0)
quadrotor0
0
0
0
1
(0.0, 0.0, 0.0)
quadrotor0
0
0
0
1
(0.0, 0.0, 0.0)
quadrotor0
0
0
0
1
(0.0, 0.0, 0.0)
quadrotor0
0
0
0
1
(0.0, 0.0, 0.0)
quadrotor0
0
0
0
1
(0.0, 0.0, 0.0)
quadrotor0
0
0
0
1
(0.0, 0.0, 0.0)
quadrotor0
0
0
0
1
(0.0, 0.0, 0.0)
quadrotor0
0
0
0
1
(0.0, 0.0, 0.0)
quadrotor0
0
0
0
1
(0.0, 0.0, 0.0)
quadrotor0
0
0
0
1
(0.0, 0.0, 0.0)
quadrotor0
0
0
0
1
(0.0, 0.0, 0.0)
quadrotor0
0
0
0
1
(0.0, 0.0, 0.0)
quadrotor0
0
0
0
1
(0.0, 0.0, 0.0)
quadrotor0
0
0
0
1
(0.0, 0.0, 0.0)
quadrotor0
0
0
0
1
(0.0, 0.0, 0.0)
quadrotor0
0
0
0
1
(0.0, 0.0, 0.0)
quadrotor0
0
0
0
1
(0.0, 0.0, 0.0)
quadrotor0
0
0
0
1
(0.0, 0.0, 0.0)
quadrotor0
0
0
0
1
(0.0, 0.0, 0.0)
quadrotor0
0
0
0
1
(0.0, 0.0, 0.0)
quadrotor0
0
0
0
1
(0.0, 0.0, 0.0)
quadrotor0
0
0
0
1
(0.0, 0.0, 0.0)
quadrotor0
0
0
0
1
(0.0, 0.0, 0.0)
quadrotor0
0
0
0
1
(0.0, 0.0, 0.0)
quadrotor0
0
0
0
1
(0.0, 0.0, 0.0)
quadrotor0
0
0
0
1
(0.0, 0.0, 0.0)
quadrotor0
0
0
0
1
(0.0, 0.0, 0.0)
quadrotor0
0
0
0
1
(0.0, 0.0, 0.0)
quadrotor0
0
0
0
1
(0.0, 0.0, 0.0)
quadrotor0
0
0
0
1
(0.0, 0.0, 0.0)
quadrotor0
0
0
0
1
(0.0, 0.0, 0.0)
quadrotor0
0
0
0
1
(0.0, 0.0, 0.0)
quadrotor0
0
0
0
1
(0.0, 0.0, 0.0)
quadrotor0
0
0
0
1
(0.0, 0.0, 0.0)
quadrotor0
0
0
0
1
(0.0, 0.0, 0.0)
quadrotor0
0
0
0
1
(0.0, 0.0, 0.0)
quadrotor0
0
0
0
1
(0.0, 0.0, 0.0)
quadrotor0
0
0
0
1
(0.0, 0.0, 0.0)
quadrotor0
0
0
0
1
(0.0, 0.0, 0.0)
quadrotor0
0
0
0
1
(0.0, 0.0, 0.0)
quadrotor0
0
0
0
1
(0.0, 0.0, 0.0)
quadrotor0
0
0
0
1
(0.0, 0.0, 0.0)
quadrotor0
0
0
0
1
(0.0, 0.0, 0.0)
quadrotor0
0
0
0
1
(0.0, 0.0, 0.0)
quadrotor0
0
0
0
1
(0.0, 0.0, 0.0)
quadrotor0
0
0
0
1
(0.0, 0.0, 0.0)
quadrotor0
0
0
0
1
(0.0, 0.0, 0.0)
quadrotor0
0
0
0
1
(0.0, 0.0, 0.0)
quadrotor0
0
0
0
1
(0.0, 0.0, 0.0)
quadrotor0
0
0
0
1
(0.0, 0.0, 0.0)
quadrotor0
0
0
0
1
(0.0, 0.0, 0.0)
quadrotor0
0
0
0
1
(0.0, 0.0, 0.0)
quadrotor0
0
0
0
1
(0.0, 0.0, 0.0)
quadrotor0
0
0
0
1
(0.0, 0.0, 0.0)
quadrotor0
0
0
0
1
(0.0, 0.0, 0.0)
quadrotor0
0
0
0
1
(0.0, 0.0, 0.0)
quadrotor0
0
0
0
1
(0.0, 0.0, 0.0)
quadrotor0
0
0
0
1
(0.0, 0.0, 0.0)
quadrotor0
0
0
0
1
(0.0, 0.0, 0.0)
quadrotor0
0
0
0
1
(0.0, 0.0, 0.0)
quadrotor0
0
0
0
1
(0.0, 0.0, 0.0)
quadrotor0
0
0
0
1
(0.0, 0.0, 0.0)
quadrotor0
0
0
0
1
(0.0, 0.0, 0.0)
quadrotor0
0
0
0
1
(0.0, 0.0, 0.0)
quadrotor0
0
0
0
1
(0.0, 0.0, 0.0)
quadrotor0
0
0
0
1
(0.0, 0.0, 0.0)
quadrotor0
0
0
0
1
(0.0, 0.0, 0.0)
quadrotor0
0
0
0
1
(0.0, 0.0, 0.0)
quadrotor0
0
0
0
1
(0.0, 0.0, 0.0)
quadrotor0
0
0
0
1
(0.0, 0.0, 0.0)
quadrotor0
0
0
0
1
(0.0, 0.0, 0.0)
quadrotor0
0
0
0
1
(0.0, 0.0, 0.0)
quadrotor0
0
0
0
1
(0.0, 0.0, 0.0)
quadrotor0
0
0
0
1
(0.0, 0.0, 0.0)
quadrotor0
0
0
0
1
(0.0, 0.0, 0.0)
quadrotor0
0
0
0
1
(0.0, 0.0, 0.0)
quadrotor0
0
0
0
1
(0.0, 0.0, 0.0)
quadrotor0
0
0
0
1
(0.0, 0.0, 0.0)
quadrotor0
0
0
0
1
(0.0, 0.0, 0.0)
quadrotor0
0
0
0
1
(0.0, 0.0, 0.0)
quadrotor0
0
0
0
1
(0.0, 0.0, 0.0)
quadrotor0
0
0
0
1
(0.0, 0.0, 0.0)
quadrotor0
0
0
0
1
(0.0, 0.0, 0.0)
quadrotor0
0
0
0
1
(0.0, 0.0, 0.0)
quadrotor0
0
0
0
1
(0.0, 0.0, 0.0)
quadrotor0
0
0
0
1
(0.0, 0.0, 0.0)
quadrotor0
0
0
0
1
(0.0, 0.0, 0.0)
quadrotor0
0
0
0
1
(0.0, 0.0, 0.0)
quadrotor0
0
0
0
1
(0.0, 0.0, 0.0)
quadrotor0
0
0
0
1
(0.0, 0.0, 0.0)
quadrotor0
0
0
0
1
(0.0, 0.0, 0.0)
quadrotor0
0
0
0
1
(0.0, 0.0, 0.0)
quadrotor0
0
0
0
1
(0.0, 0.0, 0.0)
quadrotor0
0
0
0
1
(0.0, 0.0, 0.0)
quadrotor0
0
0
0
1
(0.0, 0.0, 0.0)
quadrotor0
0
0
0
1
(0.0, 0.0, 0.0)
quadrotor0
0
0
0
1
(0.0, 0.0, 0.0)
quadrotor0
0
0
0
1
(0.0, 0.0, 0.0)
quadrotor0
0
0
0
1
(0.0, 0.0, 0.0)
quadrotor0
0
0
0
1
(0.0, 0.0, 0.0)
quadrotor0
0
0
0
1
(0.0, 0.0, 0.0)
quadrotor0
0
0
0
1
(0.0, 0.0, 0.0)
quadrotor0
0
0
0
1
(0.0, 0.0, 0.0)
quadrotor0
0
0
0
1
(0.0, 0.0, 0.0)
quadrotor0
0
0
0
1
(0.0, 0.0, 0.0)
quadrotor0
0
0
0
1
(0.0, 0.0, 0.0)
quadrotor0
0
0
0
1
(0.0, 0.0, 0.0)
quadrotor0
0
0
0
1
(0.0, 0.0, 0.0)
quadrotor0
0
0
0
1
(0.0, 0.0, 0.0)
quadrotor0
0
0
0
1
(0.0, 0.0, 0.0)
quadrotor0
0
0
0
1
(0.0, 0.0, 0.0)
quadrotor0
0
0
0
1
(0.0, 0.0, 0.0)
quadrotor0
0
0
0
1
(0.0, 0.0, 0.0)
quadrotor0
0
0
0
1
(0.0, 0.0, 0.0)
quadrotor0
0
0
0
1
(0.0, 0.0, 0.0)
quadrotor0
0
0
0
1
(0.0, 0.0, 0.0)
quadrotor0
0
0
0
1
(0.0, 0.0, 0.0)
quadrotor0
0
0
0
1
(0.0, 0.0, 0.0)
quadrotor0
0
0
0
1
(0.0, 0.0, 0.0)
quadrotor0
0
0
0
1
(0.0, 0.0, 0.0)
quadrotor0
0
0
0
1
(0.0, 0.0, 0.0)
quadrotor0
0
0
0
1
(0.0, 0.0, 0.0)
quadrotor0
0
0
0
1
(0.0, 0.0, 0.0)
quadrotor0
0
0
0
1
(0.0, 0.0, 0.0)
quadrotor0
0
0
0
1
(0.0, 0.0, 0.0)
quadrotor0
0
0
0
1
(0.0, 0.0, 0.0)
quadrotor0
0
0
0
1
(0.0, 0.0, 0.0)
quadrotor0
0
0
0
1
(0.0, 0.0, 0.0)
quadrotor0
0
0
0
1
(0.0, 0.0, 0.0)
quadrotor0
-1.23788E-06
2.513339E-05
-1.468585E-05
1
(0.0, 0.0, 0.0)
quadrotor0
-8.593102E-05
0.001900394
-0.0009722546
0.9999977
(360.0, 0.2, 359.9)
quadrotor0
-0.0003966219
0.01053057
-0.004417984
0.9999347
(360.0, 1.2, 359.5)
quadrotor0
-0.0007200546
0.02194407
-0.008163035
0.9997256
(359.9, 2.5, 359.1)
quadrotor0
-0.0006767916
0.03723626
-0.01321306
0.9992189
(360.0, 4.3, 358.5)
quadrotor0
7.082261E-05
0.04310162
-0.01638632
0.9989363
(0.1, 4.9, 358.1)
quadrotor0
0.001169682
0.04202591
-0.01917754
0.9989318
(0.2, 4.8, 357.8)
quadrotor0
0.002299303
0.03245805
-0.02307863
0.999204
(0.3, 3.7, 357.4)
quadrotor0
0.002304032
0.02254417
-0.0263755
0.9993952
(0.3, 2.6, 357.0)
quadrotor0
0.001519465
0.01334013
-0.02982125
0.999465
(0.2, 1.5, 356.6)
quadrotor0
0.0001986336
0.004805273
-0.03415796
0.9994049
(0.0, 0.5, 356.1)
quadrotor0
-3.666387E-05
5.699829E-05
-0.03769572
0.9992893
(0.0, 0.0, 355.7)
quadrotor0
0.001159291
-0.002760123
-0.04051132
0.9991746
(0.1, 359.7, 355.4)
quadrotor0
0.00250075
-0.004463355
-0.0423739
0.9990888
(0.3, 359.5, 355.1)
quadrotor0
0.003822062
-0.00661485
-0.04464761
0.9989736
(0.4, 359.2, 354.9)
quadrotor0
0.004048421
-0.008170078
-0.04620717
0.9988903
(0.4, 359.0, 354.7)
quadrotor0
0.00383835
-0.009762913
-0.04758467
0.9988121
(0.4, 358.9, 354.5)
quadrotor0
0.003581919
-0.0115232
-0.04872833
0.9987392
(0.3, 358.7, 354.4)
quadrotor0
0.003455472
-0.0141314
-0.04988722
0.9986489
(0.3, 358.4, 354.3)
quadrotor0
0.003425608
-0.01623964
-0.05050694
0.9985858
(0.3, 358.1, 354.2)
quadrotor0
0.003212532
-0.01900379
-0.05101204
0.998512
(0.3, 357.8, 354.1)
quadrotor0
0.002864978
-0.02082471
-0.05118454
0.998468
(0.2, 357.6, 354.1)
quadrotor0
0.002159629
-0.02316141
-0.05126359
0.9984142
(0.1, 357.3, 354.1)
quadrotor0
0.001862536
-0.02411198
-0.05128017
0.9983914
(0.1, 357.2, 354.1)
quadrotor0
0.001598531
-0.0249352
-0.05111911
0.9983799
(0.0, 357.1, 354.1)
quadrotor0
0.001341068
-0.02528476
-0.05071425
0.9983922
(0.0, 357.1, 354.2)
quadrotor0
0.0009537711
-0.02545623
-0.05010115
0.9984192
(360.0, 357.1, 354.3)
quadrotor0
0.0002908105
-0.02547817
-0.04915565
0.9984661
(359.9, 357.1, 354.4)
quadrotor0
-0.0004061379
-0.02535339
-0.04845043
0.9985037
(359.8, 357.1, 354.4)
quadrotor0
-0.001369024
-0.02510592
-0.04773635
0.9985435
(359.7, 357.1, 354.5)
quadrotor0
-0.002938889
-0.02455818
-0.04666678
0.9986042
(359.5, 357.2, 354.7)
quadrotor0
-0.004117182
-0.0239405
-0.04573303
0.9986583
(359.4, 357.3, 354.8)
quadrotor0
-0.005369614
-0.02284362
-0.04430175
0.9987426
(359.3, 357.4, 354.9)
quadrotor0
-0.006067913
-0.0217838
-0.04314734
0.9988128
(359.2, 357.5, 355.1)
quadrotor0
-0.006483609
-0.0204921
-0.04200016
0.9988864
(359.2, 357.7, 355.2)
quadrotor0
-0.00645538
-0.01901857
-0.040916
0.9989607
(359.2, 357.9, 355.3)
quadrotor0
-0.005734164
-0.016896
-0.03963372
0.999055
(359.3, 358.1, 355.5)
quadrotor0
-0.004935122
-0.0151767
-0.03877051
0.9991207
(359.4, 358.3, 355.6)
quadrotor0
-0.004192396
-0.0133929
-0.03790918
0.9991826
(359.5, 358.5, 355.7)
quadrotor0
-0.003495838
-0.01107759
-0.03667329
0.9992598
(359.6, 358.7, 355.8)
quadrotor0
-0.003078767
-0.009437695
-0.03572208
0.9993125
(359.6, 358.9, 355.9)
quadrotor0
-0.002591898
-0.007934468
-0.03481481
0.999359
(359.7, 359.1, 356.0)
quadrotor0
-0.0016722
-0.006257171
-0.03370461
0.9994109
(359.8, 359.3, 356.1)
quadrotor0
-0.0007641048
-0.005267271
-0.03284155
0.9994464
(359.9, 359.4, 356.2)
quadrotor0
0.0001226047
-0.004486638
-0.03190511
0.9994808
(0.0, 359.5, 356.3)
quadrotor0
0.0005581842
-0.0036724
-0.03064272
0.9995235
(0.1, 359.6, 356.5)
quadrotor0
0.0002687003
-0.003199677
-0.02969603
0.9995538
(0.0, 359.6, 356.6)
quadrotor0
-5.193836E-05
-0.002855689
-0.02865565
0.9995853
(360.0, 359.7, 356.7)
quadrotor0
0.000216384
-0.002638818
-0.02700115
0.9996319
(0.0, 359.7, 356.9)
quadrotor0
0.001052349
-0.002651727
-0.02563892
0.9996672
(0.1, 359.7, 357.1)
quadrotor0
0.002266738
-0.00278814
-0.02433918
0.9996973
(0.3, 359.7, 357.2)
quadrotor0
0.003647351
-0.003024072
-0.02321119
0.9997194
(0.4, 359.6, 357.3)
quadrotor0
0.005286159
-0.00345915
-0.02198856
0.9997383
(0.6, 359.6, 357.5)
quadrotor0
0.006262221
-0.003900274
-0.02121728
0.9997476
(0.7, 359.5, 357.6)
quadrotor0
0.007329748
-0.004496641
-0.02055831
0.9997517
(0.8, 359.5, 357.6)
quadrotor0
0.009263423
-0.005623888
-0.01988511
0.9997435
(1.0, 359.3, 357.7)
quadrotor0
0.01099673
-0.006741009
-0.01952061
0.9997262
(1.2, 359.2, 357.8)
quadrotor0
0.01319209
-0.008662773
-0.01908249
0.9996933
(1.5, 359.0, 357.8)
quadrotor0
0.01454845
-0.01045865
-0.01867055
0.9996651
(1.6, 358.8, 357.8)
quadrotor0
0.01608468
-0.01321928
-0.01793934
0.9996223
(1.8, 358.5, 357.9)
quadrotor0
0.01719401
-0.01547788
-0.0173001
0.9995827
(1.9, 358.2, 358.0)
quadrotor0
0.01828026
-0.01785425
-0.0166292
0.9995351
(2.1, 357.9, 358.1)
quadrotor0
0.01926064
-0.02033553
-0.01590707
0.9994811
(2.2, 357.6, 358.1)
quadrotor0
0.02030279
-0.02391921
-0.01479091
0.9993983
(2.3, 357.2, 358.2)
quadrotor0
0.02081897
-0.0269083
-0.01385475
0.999325
(2.3, 356.9, 358.3)
quadrotor0
0.02128198
-0.031189
-0.0126725
0.9992065
(2.4, 356.4, 358.5)
quadrotor0
0.02164824
-0.03445705
-0.01199388
0.9990997
(2.4, 356.0, 358.5)
quadrotor0
0.02204317
-0.0376964
-0.01154381
0.9989794
(2.5, 355.6, 358.6)
quadrotor0
0.02221948
-0.04093665
-0.0111915
0.998852
(2.5, 355.3, 358.6)
quadrotor0
0.02182523
-0.04520817
-0.01060623
0.9986828
(2.4, 354.8, 358.7)
quadrotor0
0.02087552
-0.04938423
-0.009915728
0.9985124
(2.3, 354.3, 358.7)
quadrotor0
0.02034049
-0.05141753
-0.009614412
0.9984238
(2.3, 354.1, 358.8)
quadrotor0
0.01934702
-0.05530514
-0.009073597
0.9982408
(2.2, 353.6, 358.8)
quadrotor0
0.01864755
-0.05812676
-0.00865198
0.9980975
(2.1, 353.3, 358.9)
quadrotor0
0.01763756
-0.06170893
-0.008012896
0.9979061
(2.0, 352.9, 359.0)
quadrotor0
0.01679309
-0.06414708
-0.007517503
0.9977708
(1.9, 352.6, 359.0)
quadrotor0
0.01590784
-0.06634604
-0.00707803
0.9976447
(1.8, 352.4, 359.1)
quadrotor0
0.01469652
-0.06909398
-0.006504636
0.9974807
(1.6, 352.1, 359.1)
quadrotor0
0.01376225
-0.07112379
-0.006004586
0.9973544
(1.5, 351.8, 359.2)
quadrotor0
0.01285503
-0.07312601
-0.005475865
0.9972248
(1.4, 351.6, 359.3)
quadrotor0
0.01204528
-0.07505079
-0.004979967
0.9970945
(1.3, 351.4, 359.3)
quadrotor0
0.01114894
-0.07738126
-0.004357193
0.9969297
(1.2, 351.1, 359.4)
quadrotor0
0.01045724
-0.07938197
-0.003729513
0.9967824
(1.2, 350.9, 359.5)
quadrotor0
0.01007586
-0.08065855
-0.003211433
0.9966857
(1.1, 350.7, 359.5)
quadrotor0
0.009794075
-0.08177145
-0.002603784
0.9965996
(1.1, 350.6, 359.6)
quadrotor0
0.009582438
-0.08279484
-0.00188086
0.9965187
(1.1, 350.5, 359.7)
quadrotor0
0.009411059
-0.08376724
-0.001071868
0.9964404
(1.1, 350.4, 359.8)
quadrotor0
0.009315689
-0.08499338
-9.881406E-05
0.996338
(1.1, 350.2, 359.9)
quadrotor0
0.009558426
-0.08590669
0.0003242728
0.9962572
(1.1, 350.1, 359.9)
quadrotor0
0.01012477
-0.08684053
0.0005013305
0.9961706
(1.2, 350.0, 360.0)
quadrotor0
0.01115587
-0.08809508
0.0008216954
0.9960493
(1.3, 349.9, 360.0)
quadrotor0
0.01220702
-0.08940747
0.001955354
0.9959184
(1.4, 349.7, 0.1)
quadrotor0
0.01270529
-0.09009361
0.002804959
0.9958483
(1.5, 349.7, 0.2)
quadrotor0
0.01343625
-0.09115489
0.004165012
0.9957374
(1.6, 349.5, 0.3)
quadrotor0
0.01443616
-0.09266996
0.005797229
0.9955754
(1.7, 349.4, 0.5)
quadrotor0
0.01515973
-0.09389943
0.006775856
0.9954432
(1.8, 349.2, 0.6)
quadrotor0
0.01595699
-0.09567664
0.007753496
0.9952543
(1.9, 349.0, 0.7)
quadrotor0
0.01631222
-0.09708586
0.008421436
0.9951067
(2.0, 348.9, 0.8)
quadrotor0
0.01636986
-0.09854115
0.009211187
0.9949557
(2.0, 348.7, 0.9)
quadrotor0
0.01598793
-0.1006097
0.01036941
0.9947435
(1.9, 348.5, 1.0)
quadrotor0
0.01553546
-0.1022596
0.01121471
0.9945732
(1.9, 348.3, 1.1)
quadrotor0
0.01517691
-0.1039356
0.01205296
0.9943951
(1.9, 348.1, 1.2)
quadrotor0
0.01511345
-0.1061061
0.01322467
0.994152
(1.9, 347.8, 1.3)
quadrotor0
0.01544413
-0.1077367
0.01422903
0.9939576
(1.9, 347.7, 1.4)
quadrotor0
0.01608258
-0.1098986
0.01579577
0.9936872
(2.0, 347.4, 1.6)
quadrotor0
0.01637951
-0.1115655
0.01727463
0.9934719
(2.1, 347.2, 1.8)
quadrotor0
0.01622369
-0.1138768
0.01918963
0.993177
(2.1, 347.0, 2.0)
quadrotor0
0.01598779
-0.1156492
0.02019143
0.9929562
(2.1, 346.8, 2.1)
quadrotor0
0.01607338
-0.117437
0.02071459
0.9927341
(2.1, 346.5, 2.1)
quadrotor0
0.01693074
-0.1199291
0.02083881
0.9924193
(2.2, 346.3, 2.1)
quadrotor0
0.01774458
-0.12185
0.02081873
0.9921715
(2.3, 346.0, 2.1)
quadrotor0
0.0182028
-0.1237921
0.02090714
0.9919209
(2.4, 345.8, 2.1)
quadrotor0
0.01825531
-0.1257947
0.02104053
0.9916651
(2.4, 345.6, 2.1)
quadrotor0
0.0182548
-0.1278243
0.02103835
0.9914056
(2.4, 345.4, 2.1)
quadrotor0
0.01881277
-0.130483
0.02059294
0.9910581
(2.4, 345.0, 2.1)
quadrotor0
0.01988667
-0.1332238
0.01970049
0.9906906
(2.6, 344.7, 1.9)
quadrotor0
0.02031972
-0.1346311
0.01911167
0.9905031
(2.6, 344.6, 1.9)
quadrotor0
0.02065631
-0.1374783
0.01767856
0.9901316
(2.6, 344.2, 1.7)
quadrotor0
0.02004603
-0.1396811
0.01659724
0.9898545
(2.5, 344.0, 1.6)
quadrotor0
0.01814388
-0.1418754
0.01568601
0.9895939
(2.3, 343.7, 1.5)
quadrotor0
0.0150165
-0.1439398
0.01499764
0.9893588
(2.0, 343.5, 1.5)
quadrotor0
0.009773999
-0.1464928
0.01438122
0.9890589
(1.3, 343.2, 1.5)
quadrotor0
0.004207988
-0.1487862
0.0139949
0.9887614
(0.7, 342.9, 1.5)
quadrotor0
-0.0001389681
-0.1502505
0.0137704
0.988552
(0.2, 342.7, 1.6)
quadrotor0
-0.004751102
-0.1513723
0.01355689
0.9883724
(359.7, 342.6, 1.6)
quadrotor0
-0.009527897
-0.152164
0.0133853
0.9882187
(359.2, 342.5, 1.7)
quadrotor0
-0.01589158
-0.1526421
0.01323193
0.9880652
(358.4, 342.4, 1.8)
quadrotor0
-0.02206375
-0.1523644
0.01315493
0.9879905
(357.7, 342.4, 1.9)
quadrotor0
-0.02504823
-0.1519459
0.0131529
0.9879838
(357.4, 342.5, 1.9)
quadrotor0
-0.03079762
-0.150552
0.01320251
0.9880341
(356.7, 342.6, 2.0)
quadrotor0
-0.03615368
-0.1483355
0.01323947
0.9881873
(356.1, 342.9, 2.1)
quadrotor0
-0.04102829
-0.1453302
0.01320643
0.9884439
(355.6, 343.2, 2.2)
quadrotor0
-0.04431167
-0.1424852
0.01319112
0.9887165
(355.2, 343.5, 2.2)
quadrotor0
-0.04800902
-0.1379977
0.01328907
0.989179
(354.8, 344.0, 2.3)
quadrotor0
-0.05020027
-0.1342004
0.01342553
0.9895908
(354.5, 344.4, 2.3)
quadrotor0
-0.05192991
-0.1300275
0.01352933
0.9900571
(354.3, 344.9, 2.3)
quadrotor0
-0.05369405
-0.1238003
0.01343949
0.9907622
(354.1, 345.6, 2.3)
quadrotor0
-0.05474643
-0.1185713
0.01314688
0.991348
(353.9, 346.2, 2.3)
quadrotor0
-0.05565032
-0.1128145
0.01275206
0.9919745
(353.8, 346.9, 2.2)
quadrotor0
-0.05676046
-0.1019798
0.01200235
0.9930933
(353.7, 348.2, 2.0)
quadrotor0
-0.05698326
-0.09722198
0.0117375
0.9935608
(353.6, 348.7, 2.0)
quadrotor0
-0.05708404
-0.08964086
0.01149019
0.9942706
(353.6, 349.6, 1.9)
quadrotor0
-0.05700262
-0.07868743
0.01138936
0.9952031
(353.6, 350.9, 1.8)
quadrotor0
-0.05695729
-0.06980133
0.01128174
0.9958696
(353.6, 351.9, 1.8)
quadrotor0
-0.05688014
-0.06004402
0.01100092
0.9965131
(353.6, 353.0, 1.7)
quadrotor0
-0.05657164
-0.0459808
0.01009285
0.9972881
(353.6, 354.6, 1.5)
quadrotor0
-0.05617737
-0.03490175
0.008902144
0.9977709
(353.6, 355.9, 1.3)
quadrotor0
-0.05558565
-0.02300671
0.007578455
0.9981601
(353.6, 357.3, 1.0)
quadrotor0
-0.05431023
-0.005917351
0.006255644
0.998487
(353.8, 359.3, 0.8)
quadrotor0
-0.0529184
0.007646075
0.005846051
0.9985524
(353.9, 0.8, 0.6)
quadrotor0
-0.05125231
0.02194342
0.005946796
0.9984269
(354.1, 2.5, 0.6)
quadrotor0
-0.04885352
0.04202672
0.006913509
0.9978974
(354.4, 4.8, 0.6)
quadrotor0
-0.04704372
0.05729305
0.00852686
0.997212
(354.6, 6.5, 0.7)
quadrotor0
-0.04525829
0.07209975
0.01130549
0.9963059
(354.7, 8.2, 0.9)
quadrotor0
-0.0432471
0.08592299
0.01485576
0.9952518
(354.9, 9.8, 1.3)
quadrotor0
-0.03995902
0.1020677
0.01948285
0.9937836
(355.2, 11.7, 1.8)
quadrotor0
-0.03628749
0.115958
0.02372438
0.9923075
(355.6, 13.2, 2.2)
quadrotor0
-0.03345441
0.1248163
0.02658569
0.9912593
(355.8, 14.3, 2.5)
quadrotor0
-0.03042149
0.1330347
0.02919319
0.9902142
(356.1, 15.2, 2.9)
quadrotor0
-0.0274206
0.1404162
0.03158581
0.9892086
(356.4, 16.1, 3.1)
quadrotor0
-0.02338787
0.1493321
0.03473973
0.9878998
(356.8, 17.1, 3.5)
quadrotor0
-0.02027147
0.1555578
0.03656993
0.9869415
(357.1, 17.8, 3.8)
quadrotor0
-0.0174089
0.1617102
0.03720135
0.9859831
(357.3, 18.5, 3.9)
quadrotor0
-0.01451611
0.1696993
0.0359422
0.9847332
(357.7, 19.5, 3.8)
quadrotor0
-0.01315744
0.1752246
0.03400473
0.9838531
(357.8, 20.1, 3.6)
quadrotor0
-0.01248969
0.1802081
0.03169325
0.9830384
(357.9, 20.7, 3.3)
quadrotor0
-0.01240628
0.1848072
0.02851598
0.9822826
(358.0, 21.3, 3.0)
quadrotor0
-0.01292863
0.1905206
0.0221245
0.9813487
(358.1, 21.9, 2.2)
quadrotor0
-0.01350508
0.1946849
0.01609758
0.9806407
(358.1, 22.4, 1.5)
quadrotor0
-0.01404818
0.1987184
0.009805935
0.9799069
(358.2, 22.9, 0.8)
quadrotor0
-0.01461132
0.2024475
0.00377927
0.9791768
(358.3, 23.4, 0.1)
quadrotor0
-0.01531182
0.2058522
-0.001857533
0.9784615
(358.3, 23.8, 359.4)
quadrotor0
-0.01618127
0.2089185
-0.007241096
0.9777724
(358.4, 24.1, 358.8)
quadrotor0
-0.01719336
0.2115616
-0.0124881
0.9771336
(358.4, 24.5, 358.2)
quadrotor0
-0.01827203
0.2137479
-0.01756843
0.9765599
(358.4, 24.7, 357.6)
quadrotor0
-0.01962266
0.2159915
-0.02387778
0.975906
(358.4, 25.0, 356.8)
quadrotor0
-0.02042108
0.2172499
-0.02812288
0.9754971
(358.4, 25.2, 356.3)
quadrotor0
-0.02091415
0.2181778
-0.03192265
0.9751626
(358.5, 25.3, 355.9)
quadrotor0
-0.02081544
0.218957
-0.03637934
0.9748339
(358.6, 25.4, 355.4)
quadrotor0
-0.02013667
0.2192227
-0.03936289
0.9746725
(358.7, 25.4, 355.1)
quadrotor0
-0.01890473
0.2192385
-0.04209873
0.9745793
(358.9, 25.4, 354.8)
quadrotor0
-0.01621741
0.2189232
-0.04511983
0.9745634
(359.3, 25.4, 354.5)
quadrotor0
-0.01343512
0.2184375
-0.0465418
0.9746478
(359.7, 25.3, 354.5)
quadrotor0
-0.0103047
0.2177368
-0.04713755
0.9748141
(0.0, 25.2, 354.5)
quadrotor0
-0.006126081
0.2164634
-0.04724219
0.9751278
(0.5, 25.0, 354.6)
quadrotor0
-0.00307934
0.2151428
-0.04739561
0.975427
(0.8, 24.8, 354.6)
quadrotor0
0.0001659265
0.2134925
-0.04747723
0.9757904
(1.2, 24.6, 354.7)
quadrotor0
0.005290406
0.2107109
-0.0467104
0.9764175
(1.7, 24.3, 354.9)
quadrotor0
0.00962649
0.2082375
-0.04542203
0.9769756
(2.2, 24.0, 355.1)
quadrotor0
0.01400661
0.2055751
-0.04388093
0.9775568
(2.6, 23.6, 355.4)
quadrotor0
0.01950332
0.2017804
-0.04193099
0.9783384
(3.2, 23.2, 355.7)
quadrotor0
0.02343424
0.1986237
-0.0406184
0.9789533
(3.6, 22.8, 356.0)
quadrotor0
0.02736222
0.1951839
-0.03934347
0.9795951
(4.0, 22.4, 356.2)
quadrotor0
0.03265345
0.1900608
-0.03766197
0.9805061
(4.5, 21.8, 356.5)
quadrotor0
0.03650446
0.1859438
-0.03650297
0.9812033
(4.9, 21.3, 356.7)
quadrotor0
0.04006383
0.1816385
-0.03556712
0.9819049
(5.3, 20.8, 356.8)
quadrotor0
0.04416791
0.1756158
-0.03472704
0.9828541
(5.7, 20.1, 357.0)
quadrotor0
0.04674312
0.1705908
-0.0342998
0.9836348
(5.9, 19.5, 357.0)
quadrotor0
0.04897286
0.165181
-0.03393499
0.984462
(6.2, 18.9, 357.1)
quadrotor0
0.05149862
0.157575
-0.03353112
0.985593
(6.4, 18.0, 357.1)
quadrotor0
0.05301844
0.1513674
-0.03335365
0.986491
(6.6, 17.3, 357.1)
quadrotor0
0.0541958
0.1448583
-0.03329439
0.9874058
(6.7, 16.5, 357.1)
quadrotor0
0.05525017
0.1358998
-0.03327393
0.988621
(6.8, 15.5, 357.1)
quadrotor0
0.05562468
0.1290203
-0.03319145
0.9895241
(6.8, 14.7, 357.0)
quadrotor0
0.05577301
0.1220007
-0.03313228
0.9904077
(6.8, 13.9, 357.0)
quadrotor0
0.05589695
0.1125313
-0.0331471
0.9915208
(6.8, 12.8, 356.9)
quadrotor0
0.05587923
0.1051932
-0.03303218
0.992331
(6.8, 11.9, 356.9)
quadrotor0
0.05560609
0.09748447
-0.03271058
0.9931439
(6.7, 11.0, 356.9)
quadrotor0
0.05463324
0.08634786
-0.03210073
0.9942479
(6.6, 9.7, 356.9)
quadrotor0
0.05331782
0.07752238
-0.03164632
0.9950608
(6.4, 8.7, 356.8)
quadrotor0
0.05159419
0.06874683
-0.03118842
0.9958108
(6.1, 7.7, 356.8)
quadrotor0
0.04920693
0.05741116
-0.03047154
0.9966716
(5.8, 6.4, 356.8)
quadrotor0
0.04776895
0.04895074
-0.02988052
0.9972107
(5.6, 5.5, 356.8)
quadrotor0
0.04685208
0.04058348
-0.02923833
0.9976487
(5.5, 4.5, 356.9)
quadrotor0
0.04643884
0.02970484
-0.02819524
0.9980812
(5.4, 3.3, 356.9)
quadrotor0
0.04649226
0.02132085
-0.02725473
0.9983191
(5.4, 2.3, 357.0)
quadrotor0
0.0466049
0.01271898
-0.02620826
0.9984885
(5.4, 1.3, 357.1)
quadrotor0
0.04661656
0.001205569
-0.02476107
0.9986052
(5.3, 0.0, 357.2)
quadrotor0
0.04640088
-0.00735119
-0.02371094
0.9986144
(5.3, 359.0, 357.2)
quadrotor0
0.04559385
-0.01548057
-0.02256842
0.9985851
(5.2, 358.1, 357.3)
quadrotor0
0.04325347
-0.02530642
-0.02077503
0.9985275
(4.9, 357.0, 357.5)
quadrotor0
0.04085596
-0.03200097
-0.01922836
0.9984673
(4.6, 356.2, 357.6)
quadrotor0
0.03830375
-0.03806946
-0.01751364
0.9983871
(4.3, 355.6, 357.8)
quadrotor0
0.0353343
-0.04528124
-0.0151336
0.9982345
(4.0, 354.7, 358.1)
quadrotor0
0.03380054
-0.05026574
-0.01342591
0.9980735
(3.8, 354.2, 358.3)
quadrotor0
0.03285142
-0.05488829
-0.01184208
0.9978817
(3.7, 353.7, 358.4)
quadrotor0
0.03216487
-0.06051239
-0.009944155
0.9975995
(3.6, 353.0, 358.6)
quadrotor0
0.03187267
-0.06445266
-0.008722611
0.9973735
(3.6, 352.6, 358.8)
quadrotor0
0.03172959
-0.06812599
-0.007690991
0.9971424
(3.6, 352.1, 358.9)
quadrotor0
0.0317133
-0.07256617
-0.006549833
0.9968378
(3.6, 351.6, 359.0)
quadrotor0
0.03173414
-0.07573609
-0.005769512
0.9966061
(3.6, 351.3, 359.1)
quadrotor0
0.03165644
-0.07879593
-0.005003394
0.9963754
(3.6, 350.9, 359.1)
quadrotor0
0.03132839
-0.08267205
-0.004064166
0.996076
(3.5, 350.5, 359.2)
quadrotor0
0.03102325
-0.08556166
-0.003474047
0.9958437
(3.5, 350.2, 359.3)
quadrotor0
0.03070052
-0.08841993
-0.002915878
0.9956058
(3.5, 349.8, 359.4)
quadrotor0
0.03013692
-0.09215165
-0.002083882
0.9952866
(3.4, 349.4, 359.4)
quadrotor0
0.02957026
-0.09492923
-0.001394634
0.9950438
(3.4, 349.1, 359.5)
quadrotor0
0.02891379
-0.097611
-0.0007265005
0.9948043
(3.3, 348.8, 359.6)
quadrotor0
0.0280295
-0.1009344
-8.140238E-05
0.9944982
(3.2, 348.4, 359.7)
quadrotor0
0.02742244
-0.10334
4.702122E-05
0.994268
(3.1, 348.1, 359.7)
quadrotor0
0.02662028
-0.1064994
-0.0002502843
0.9939563
(3.0, 347.8, 359.6)
quadrotor0
0.0257222
-0.109558
-0.000847736
0.9936472
(2.9, 347.4, 359.6)
quadrotor0
0.02499765
-0.111685
-0.001367682
0.9934283
(2.8, 347.2, 359.5)
quadrotor0
0.02427885
-0.1136314
-0.001917811
0.9932244
(2.7, 346.9, 359.5)
quadrotor0
0.02359667
-0.1153998
-0.002500955
0.9930357
(2.7, 346.7, 359.4)
quadrotor0
0.02296816
-0.1170327
-0.003124104
0.9928575
(2.6, 346.5, 359.3)
quadrotor0
0.02220516
-0.11909
-0.003995792
0.9926271
(2.5, 346.3, 359.2)
quadrotor0
0.02164803
-0.1206316
-0.004609806
0.9924506
(2.4, 346.1, 359.2)
quadrotor0
0.02107386
-0.1221751
-0.005106395
0.9922717
(2.3, 345.9, 359.1)
quadrotor0
0.02031207
-0.1241352
-0.00558346
0.9920417
(2.2, 345.7, 359.1)
quadrotor0
0.01964455
-0.1259719
-0.006084061
0.9918206
(2.1, 345.5, 359.0)
quadrotor0
0.01937231
-0.1268446
-0.006391957
0.9917128
(2.1, 345.4, 359.0)
quadrotor0
0.01898746
-0.128461
-0.007059342
0.9915076
(2.1, 345.2, 358.9)
quadrotor0
0.01884858
-0.1299043
-0.007602677
0.9913182
(2.0, 345.0, 358.9)
quadrotor0
0.01900516
-0.1314647
-0.008001293
0.9911063
(2.0, 344.9, 358.8)
quadrotor0
0.01919248
-0.1323201
-0.008195359
0.9909874
(2.1, 344.8, 358.8)
quadrotor0
0.01940607
-0.1331474
-0.008407188
0.9908706
(2.1, 344.7, 358.7)
quadrotor0
0.01964371
-0.1339454
-0.008631725
0.9907564
(2.1, 344.6, 358.7)
quadrotor0
0.0198746
-0.1347116
-0.008864683
0.9906458
(2.1, 344.5, 358.7)
quadrotor0
0.02003426
-0.1356886
-0.009206234
0.9905062
(2.1, 344.4, 358.6)
quadrotor0
0.0200108
-0.1363933
-0.009469861
0.9904073
(2.1, 344.3, 358.6)
quadrotor0
0.01996641
-0.1371093
-0.009696645
0.9903072
(2.1, 344.2, 358.6)
quadrotor0
0.01992678
-0.1378356
-0.009898894
0.9902052
(2.1, 344.1, 358.6)
quadrotor0
0.01964509
-0.1387876
-0.0102415
0.9900743
(2.1, 344.0, 358.5)
quadrotor0
0.01907229
-0.1394866
-0.01054598
0.9899841
(2.0, 343.9, 358.5)
quadrotor0
0.01782334
-0.1403651
-0.01090276
0.9898794
(1.8, 343.8, 358.5)
quadrotor0
0.01687508
-0.1409661
-0.01114681
0.9898078
(1.7, 343.8, 358.5)
quadrotor0
0.01648654
-0.1415263
-0.01144738
0.989731
(1.7, 343.7, 358.4)
quadrotor0
0.01703141
-0.1421957
-0.0119695
0.9896197
(1.7, 343.6, 358.4)
quadrotor0
0.01782439
-0.1426281
-0.01239014
0.9895383
(1.8, 343.6, 358.3)
quadrotor0
0.01850977
-0.1430095
-0.01273948
0.9894662
(1.9, 343.5, 358.3)
quadrotor0
0.01898601
-0.1433473
-0.0129904
0.989405
(1.9, 343.5, 358.2)
quadrotor0
0.01953743
-0.1437521
-0.01322653
0.9893324
(2.0, 343.4, 358.2)
quadrotor0
0.02000033
-0.1440486
-0.01350602
0.9892763
(2.0, 343.4, 358.1)
quadrotor0
0.02076608
-0.1445516
-0.01446191
0.9891737
(2.1, 343.3, 358.0)
quadrotor0
0.02092974
-0.1449588
-0.01540203
0.9890964
(2.1, 343.3, 357.9)
quadrotor0
0.020541
-0.1452684
-0.01592482
0.9890509
(2.1, 343.3, 357.9)
quadrotor0
0.01968725
-0.1455801
-0.01619823
0.9890179
(2.0, 343.2, 357.8)
quadrotor0
0.01786333
-0.145992
-0.01611578
0.9889932
(1.8, 343.2, 357.9)
quadrotor0
0.01608637
-0.1462741
-0.01577949
0.9889874
(1.6, 343.1, 357.9)
quadrotor0
0.01403549
-0.1465105
-0.01533421
0.9889907
(1.3, 343.1, 358.0)
quadrotor0
0.01091521
-0.1467165
-0.01466818
0.9890096
(1.0, 343.1, 358.2)
quadrotor0
0.008359852
-0.1467598
-0.01408317
0.9890366
(0.7, 343.1, 358.3)
quadrotor0
0.005733241
-0.1467014
-0.01340818
0.9890733
(0.4, 343.1, 358.4)
quadrotor0
0.002558651
-0.1464771
-0.01271861
0.989129
(0.1, 343.2, 358.5)
quadrotor0
0.0009792382
-0.1461791
-0.01285511
0.9891741
(359.9, 343.2, 358.5)
quadrotor0
-7.265589E-06
-0.1455774
-0.01386816
0.9892497
(359.8, 343.3, 358.4)
quadrotor0
-0.00042205
-0.1449763
-0.01478611
0.9893245
(359.7, 343.3, 358.3)
quadrotor0
-0.0009738231
-0.1442672
-0.0154919
0.989417
(359.6, 343.4, 358.3)
quadrotor0
-0.001943299
-0.1434933
-0.01575941
0.9895239
(359.5, 343.5, 358.2)
quadrotor0
-0.00408091
-0.1423495
-0.01537183
0.9896887
(359.3, 343.6, 358.3)
quadrotor0
-0.007391348
-0.140756
-0.01435455
0.9899126
(358.9, 343.8, 358.5)
quadrotor0
-0.009293407
-0.139756
-0.01377541
0.9900465
(358.7, 343.9, 358.6)
quadrotor0
-0.0110681
-0.1386937
-0.01323344
0.990185
(358.5, 344.1, 358.7)
quadrotor0
-0.01392918
-0.1368156
-0.01225684
0.9904228
(358.2, 344.3, 358.8)
quadrotor0
-0.01507485
-0.1360551
-0.01185434
0.9905156
(358.1, 344.4, 358.9)
quadrotor0
-0.01676192
-0.1348782
-0.01129947
0.990656
(357.9, 344.5, 359.0)
quadrotor0
-0.01872797
-0.1331024
-0.01066693
0.9908679
(357.7, 344.7, 359.1)
quadrotor0
-0.01985057
-0.1316293
-0.01022816
0.9910474
(357.6, 344.9, 359.1)
quadrotor0
-0.02069638
-0.1300178
-0.009784614
0.9912473
(357.5, 345.1, 359.2)
quadrotor0
-0.02174217
-0.127157
-0.009097523
0.9916025
(357.4, 345.4, 359.3)
quadrotor0
-0.02205264
-0.1259965
-0.008880273
0.9917458
(357.4, 345.5, 359.3)
quadrotor0
-0.02230253
-0.1242581
-0.008620244
0.9919618
(357.3, 345.7, 359.3)
quadrotor0
-0.02194476
-0.1213876
-0.008219087
0.9923285
(357.4, 346.1, 359.4)
quadrotor0
-0.02162226
-0.1202404
-0.008036862
0.9924768
(357.4, 346.2, 359.4)
quadrotor0
-0.0211152
-0.118501
-0.007765224
0.992699
(357.5, 346.4, 359.4)
quadrotor0
-0.02064931
-0.1166965
-0.00752817
0.9929244
(357.5, 346.6, 359.4)
quadrotor0
-0.02003997
-0.1142178
-0.00726243
0.9932271
(357.6, 346.9, 359.4)
quadrotor0
-0.01943803
-0.1123379
-0.007058317
0.9934549
(357.7, 347.1, 359.4)
quadrotor0
-0.01864634
-0.1105091
-0.006810805
0.9936768
(357.8, 347.3, 359.5)
quadrotor0
-0.01752115
-0.1082314
-0.006351441
0.993951
(357.9, 347.6, 359.5)
quadrotor0
-0.01691647
-0.1065839
-0.005847084
0.9941426
(358.0, 347.8, 359.5)
quadrotor0
-0.01644473
-0.1044745
-0.005111502
0.9943784
(358.1, 348.0, 359.6)
quadrotor0
-0.01607528
-0.1029738
-0.004750148
0.9945428
(358.1, 348.2, 359.6)
quadrotor0
-0.01558098
-0.1014883
-0.004611751
0.994704
(358.2, 348.4, 359.7)
quadrotor0
-0.01485814
-0.0995539
-0.004612321
0.9949105
(358.3, 348.6, 359.6)
quadrotor0
-0.01442928
-0.09815824
-0.004644338
0.9950554
(358.3, 348.7, 359.6)
quadrotor0
-0.01415973
-0.09676699
-0.004706947
0.9951952
(358.3, 348.9, 359.6)
quadrotor0
-0.01394995
-0.09451269
-0.0049513
0.9954136
(358.4, 349.2, 359.6)
quadrotor0
-0.01383382
-0.09322518
-0.005121201
0.9955358
(358.4, 349.3, 359.6)
quadrotor0
-0.01354288
-0.09114499
-0.005340246
0.9957312
(358.4, 349.5, 359.5)
quadrotor0
-0.01333694
-0.08949886
-0.005499143
0.9958825
(358.4, 349.7, 359.5)
quadrotor0
-0.01323829
-0.08822178
-0.005609777
0.9959971
(358.4, 349.9, 359.5)
quadrotor0
-0.01320792
-0.08609186
-0.00582343
0.9961826
(358.4, 350.1, 359.5)
quadrotor0
-0.01328745
-0.08486086
-0.006001041
0.9962861
(358.4, 350.3, 359.4)
quadrotor0
-0.01345974
-0.08325762
-0.006240285
0.9964176
(358.4, 350.5, 359.4)
quadrotor0
-0.01356834
-0.0820693
-0.006353447
0.996514
(358.4, 350.6, 359.4)
quadrotor0
-0.0136687
-0.08051496
-0.006460973
0.9966387
(358.4, 350.8, 359.4)
quadrotor0
-0.01373569
-0.07930958
-0.006574442
0.9967337
(358.4, 350.9, 359.4)
quadrotor0
-0.01380935
-0.07805609
-0.006727335
0.9968306
(358.4, 351.1, 359.4)
quadrotor0
-0.01388492
-0.07675444
-0.006872279
0.9969296
(358.4, 351.2, 359.3)
quadrotor0
-0.01396297
-0.07500822
-0.006975515
0.9970608
(358.3, 351.4, 359.3)
quadrotor0
-0.01401254
-0.07332277
-0.0069831
0.9971853
(358.3, 351.6, 359.3)
quadrotor0
-0.01405498
-0.07212342
-0.006968317
0.9972724
(358.3, 351.7, 359.3)
quadrotor0
-0.01411364
-0.07049614
-0.006937283
0.9973881
(358.3, 351.9, 359.3)
quadrotor0
-0.01409363
-0.06881481
-0.006849702
0.9975064
(358.3, 352.1, 359.3)
quadrotor0
-0.01397806
-0.06749532
-0.006724007
0.997599
(358.3, 352.3, 359.3)
quadrotor0
-0.01373246
-0.06581311
-0.006510055
0.9977162
(358.4, 352.5, 359.4)
quadrotor0
-0.0135107
-0.06452657
-0.006332334
0.9978045
(358.4, 352.6, 359.4)
quadrotor0
-0.01329083
-0.06325436
-0.006175587
0.9978898
(358.4, 352.8, 359.4)
quadrotor0
-0.01301537
-0.06160273
-0.006000918
0.9979978
(358.5, 352.9, 359.4)
quadrotor0
-0.01284058
-0.0604099
-0.005878958
0.9980738
(358.5, 353.1, 359.4)
quadrotor0
-0.01269102
-0.05921707
-0.005747576
0.9981479
(358.5, 353.2, 359.4)
quadrotor0
-0.01249742
-0.05764365
-0.005551329
0.9982436
(358.5, 353.4, 359.4)
quadrotor0
-0.01232919
-0.05650112
-0.005401357
0.9983118
(358.6, 353.5, 359.5)
quadrotor0
-0.01212896
-0.0553784
-0.005256704
0.9983779
(358.6, 353.7, 359.5)
quadrotor0
-0.01175701
-0.05355295
-0.005035008
0.9984831
(358.6, 353.9, 359.5)
quadrotor0
-0.01146856
-0.0521611
-0.004838256
0.9985611
(358.7, 354.0, 359.5)
quadrotor0
-0.01125385
-0.05111202
-0.004639713
0.9986187
(358.7, 354.1, 359.5)
quadrotor0
-0.01103042
-0.05003225
-0.00439126
0.998677
(358.7, 354.3, 359.6)
quadrotor0
-0.01079098
-0.04892827
-0.004100626
0.9987356
(358.7, 354.4, 359.6)
quadrotor0
-0.01043834
-0.04742461
-0.003722795
0.9988133
(358.8, 354.6, 359.6)
quadrotor0
-0.01014294
-0.04630425
-0.003481626
0.9988698
(358.8, 354.7, 359.7)
quadrotor0
-0.009734333
-0.04486031
-0.003149316
0.9989409
(358.9, 354.9, 359.7)
quadrotor0
-0.009440397
-0.0438529
-0.00282528
0.9989894
(358.9, 355.0, 359.7)
quadrotor0
-0.009068883
-0.04261855
-0.002264872
0.9990477
(359.0, 355.1, 359.8)
quadrotor0
-0.008752583
-0.04172804
-0.001766372
0.9990891
(359.0, 355.2, 359.8)
quadrotor0
-0.008243778
-0.04055215
-0.001015145
0.9991429
(359.1, 355.4, 359.9)
quadrotor0
-0.007824715
-0.03942789
-0.0001010686
0.9991918
(359.1, 355.5, 0.0)
quadrotor0
-0.007798485
-0.03860229
0.0007235357
0.9992239
(359.1, 355.6, 0.1)
quadrotor0
-0.008076281
-0.03779774
0.001624873
0.9992514
(359.1, 355.7, 0.2)
quadrotor0
-0.008636492
-0.03680683
0.002848933
0.999281
(359.0, 355.8, 0.4)
quadrotor0
-0.009049207
-0.03608953
0.003629025
0.999301
(359.0, 355.9, 0.5)
quadrotor0
-0.009666797
-0.03512895
0.004269573
0.9993269
(358.9, 356.0, 0.5)
quadrotor0
-0.01029202
-0.03440215
0.004501471
0.9993449
(358.8, 356.1, 0.6)
quadrotor0
-0.01105905
-0.03364751
0.00471966
0.9993615
(358.8, 356.1, 0.6)
quadrotor0
-0.01227255
-0.03223541
0.005332224
0.9993907
(358.6, 356.3, 0.7)
quadrotor0
-0.01241771
-0.03176533
0.005504094
0.9994031
(358.6, 356.4, 0.7)
quadrotor0
-0.01239856
-0.0314479
0.005533049
0.9994132
(358.6, 356.4, 0.7)
quadrotor0
-0.0124264
-0.03140653
0.005509577
0.9994143
(358.6, 356.4, 0.7)
quadrotor0
-0.01252268
-0.03147014
0.005520694
0.999411
(358.6, 356.4, 0.7)
quadrotor0
-0.012645
-0.0316124
0.005583887
0.9994046
(358.6, 356.4, 0.7)
quadrotor0
-0.0126705
-0.03170287
0.005621933
0.9994012
(358.6, 356.4, 0.7)
quadrotor0
-0.0126525
-0.03175379
0.005630331
0.9993998
(358.6, 356.4, 0.7)
quadrotor0
-0.01262992
-0.03175835
0.005615013
0.9994
(358.6, 356.4, 0.7)
quadrotor0
-0.0126389
-0.03172938
0.005608095
0.9994009
(358.6, 356.4, 0.7)
quadrotor0
-0.01265904
-0.0316904
0.005612507
0.9994018
(358.6, 356.4, 0.7)
quadrotor0
-0.01267374
-0.0316457
0.005624029
0.999403
(358.6, 356.4, 0.7)
quadrotor0
-0.0126703
-0.03162698
0.00562714
0.9994036
(358.6, 356.4, 0.7)
quadrotor0
-0.01266307
-0.03162203
0.005624758
0.9994038
(358.6, 356.4, 0.7)
quadrotor0
-0.01266045
-0.03163066
0.005620544
0.9994037
(358.6, 356.4, 0.7)
quadrotor0
-0.01266408
-0.031642
0.005620525
0.9994032
(358.6, 356.4, 0.7)
quadrotor0
-0.01266781
-0.03165256
0.005622566
0.9994028
(358.6, 356.4, 0.7)
quadrotor0
-0.01266835
-0.03166117
0.005624674
0.9994025
(358.6, 356.4, 0.7)
quadrotor0
-0.0126665
-0.0316628
0.005624494
0.9994025
(358.6, 356.4, 0.7)
quadrotor0
-0.01266515
-0.03166126
0.005623536
0.9994026
(358.6, 356.4, 0.7)
quadrotor0
-0.01266556
-0.03165687
0.00562284
0.9994027
(358.6, 356.4, 0.7)
quadrotor0
-0.01266656
-0.0316536
0.005623099
0.9994028
(358.6, 356.4, 0.7)
quadrotor0
-0.01266707
-0.03165132
0.005623547
0.9994029
(358.6, 356.4, 0.7)
quadrotor0
-0.01266672
-0.03165027
0.005623723
0.9994029
(358.6, 356.4, 0.7)
quadrotor0
-0.01266628
-0.03165068
0.005623533
0.9994029
(358.6, 356.4, 0.7)
quadrotor0
-0.01266615
-0.03165165
0.005623342
0.9994029
(358.6, 356.4, 0.7)
quadrotor0
-0.01266641
-0.03165301
0.005623341
0.9994028
(358.6, 356.4, 0.7)
quadrotor0
-0.01266658
-0.03165372
0.005623463
0.9994028
(358.6, 356.4, 0.7)
quadrotor0
-0.01266659
-0.03165404
0.005623549
0.9994028
(358.6, 356.4, 0.7)
quadrotor0
-0.01266645
-0.03165396
0.005623527
0.9994028
(358.6, 356.4, 0.7)
quadrotor0
-0.01266639
-0.03165367
0.005623469
0.9994028
(358.6, 356.4, 0.7)
quadrotor0
-0.01266641
-0.03165336
0.005623439
0.9994028
(358.6, 356.4, 0.7)
quadrotor0
-0.01266648
-0.03165303
0.005623457
0.9994028
(358.6, 356.4, 0.7)
quadrotor0
-0.0126665
-0.03165293
0.00562348
0.9994028
(358.6, 356.4, 0.7)
quadrotor0
-0.01266648
-0.03165293
0.005623485
0.9994028
(358.6, 356.4, 0.7)
quadrotor0
-0.01266645
-0.03165303
0.005623471
0.9994028
(358.6, 356.4, 0.7)
quadrotor0
-0.01266645
-0.03165313
0.005623463
0.9994028
(358.6, 356.4, 0.7)
quadrotor0
-0.01266646
-0.03165321
0.005623463
0.9994028
(358.6, 356.4, 0.7)
quadrotor0
-0.01266647
-0.03165326
0.005623473
0.9994028
(358.6, 356.4, 0.7)
quadrotor0
-0.01266647
-0.03165326
0.005623478
0.9994028
(358.6, 356.4, 0.7)
quadrotor0
-0.01266646
-0.03165325
0.005623477
0.9994028
(358.6, 356.4, 0.7)
quadrotor0
-0.01266646
-0.0316532
0.005623472
0.9994028
(358.6, 356.4, 0.7)
quadrotor0
-0.01266646
-0.03165318
0.00562347
0.9994028
(358.6, 356.4, 0.7)
quadrotor0
-0.01266646
-0.03165317
0.00562347
0.9994028
(358.6, 356.4, 0.7)
quadrotor0
-0.01266646
-0.03165317
0.005623472
0.9994028
(358.6, 356.4, 0.7)
quadrotor0
-0.01266646
-0.03165317
0.005623472
0.9994028
(358.6, 356.4, 0.7)
quadrotor0
-0.01266646
-0.03165317
0.005623472
0.9994028
(358.6, 356.4, 0.7)
quadrotor0
-0.01266646
-0.03165319
0.005623472
0.9994028
(358.6, 356.4, 0.7)
quadrotor0
-0.01266646
-0.0316532
0.005623472
0.9994028
(358.6, 356.4, 0.7)
quadrotor0
-0.01266646
-0.0316532
0.005623472
0.9994028
(358.6, 356.4, 0.7)
quadrotor0
-0.01266646
-0.0316532
0.005623472
0.9994028
(358.6, 356.4, 0.7)
quadrotor0
-0.01266646
-0.03165319
0.005623472
0.9994028
(358.6, 356.4, 0.7)
quadrotor0
-0.01266646
-0.03165319
0.005623471
0.9994028
(358.6, 356.4, 0.7)
quadrotor0
-0.01266646
-0.03165319
0.005623471
0.9994028
(358.6, 356.4, 0.7)
quadrotor0
-0.01266646
-0.03165318
0.005623472
0.9994028
(358.6, 356.4, 0.7)
quadrotor0
-0.01266646
-0.03165318
0.005623475
0.9994028
(358.6, 356.4, 0.7)
quadrotor0
-0.01266646
-0.03165319
0.005623473
0.9994028
(358.6, 356.4, 0.7)
quadrotor0
-0.01266646
-0.03165319
0.005623471
0.9994028
(358.6, 356.4, 0.7)
quadrotor0
-0.01266646
-0.03165319
0.005623471
0.9994028
(358.6, 356.4, 0.7)
quadrotor0
-0.01266646
-0.03165319
0.005623471
0.9994028
(358.6, 356.4, 0.7)
quadrotor0
-0.01266646
-0.03165319
0.00562347
0.9994028
(358.6, 356.4, 0.7)
quadrotor0
-0.01266646
-0.03165319
0.005623467
0.9994028
(358.6, 356.4, 0.7)
quadrotor0
-0.01266646
-0.03165319
0.00562347
0.9994028
(358.6, 356.4, 0.7)
quadrotor0
-0.01266646
-0.03165319
0.005623475
0.9994028
(358.6, 356.4, 0.7)
quadrotor0
-0.01266646
-0.03165319
0.005623476
0.9994028
(358.6, 356.4, 0.7)
quadrotor0
-0.01266646
-0.03165319
0.005623472
0.9994028
(358.6, 356.4, 0.7)
quadrotor0
-0.01266646
-0.03165319
0.005623473
0.9994028
(358.6, 356.4, 0.7)
quadrotor0
-0.01266646
-0.03165319
0.005623476
0.9994028
(358.6, 356.4, 0.7)
quadrotor0
-0.01266646
-0.03165319
0.005623479
0.9994028
(358.6, 356.4, 0.7)
quadrotor0
-0.01266646
-0.03165319
0.005623476
0.9994028
(358.6, 356.4, 0.7)
quadrotor0
-0.01266646
-0.03165319
0.005623472
0.9994028
(358.6, 356.4, 0.7)
quadrotor0
-0.01266646
-0.03165319
0.005623468
0.9994028
(358.6, 356.4, 0.7)
quadrotor0
-0.01266647
-0.03165319
0.005623469
0.9994028
(358.6, 356.4, 0.7)
quadrotor0
-0.01266646
-0.03165319
0.005623471
0.9994028
(358.6, 356.4, 0.7)
quadrotor0
-0.01266646
-0.03165319
0.005623471
0.9994028
(358.6, 356.4, 0.7)
quadrotor0
-0.01266645
-0.03165319
0.005623469
0.9994028
(358.6, 356.4, 0.7)
quadrotor0
-0.01266646
-0.03165319
0.005623467
0.9994028
(358.6, 356.4, 0.7)
quadrotor0
-0.01266646
-0.03165319
0.00562347
0.9994028
(358.6, 356.4, 0.7)
quadrotor0
-0.01266646
-0.03165319
0.005623471
0.9994028
(358.6, 356.4, 0.7)
quadrotor0
-0.01266645
-0.03165319
0.005623471
0.9994028
(358.6, 356.4, 0.7)
quadrotor0
-0.01266645
-0.03165319
0.005623471
0.9994028
(358.6, 356.4, 0.7)
quadrotor0
-0.01266646
-0.03165319
0.005623471
0.9994028
(358.6, 356.4, 0.7)
quadrotor0
-0.01266646
-0.03165319
0.00562347
0.9994028
(358.6, 356.4, 0.7)
quadrotor0
-0.01266646
-0.03165319
0.005623469
0.9994028
(358.6, 356.4, 0.7)
quadrotor0
-0.01266646
-0.03165319
0.005623471
0.9994028
(358.6, 356.4, 0.7)
quadrotor0
-0.01266646
-0.03165319
0.005623478
0.9994028
(358.6, 356.4, 0.7)
quadrotor0
-0.01266646
-0.03165319
0.005623478
0.9994028
(358.6, 356.4, 0.7)
quadrotor0
-0.01266646
-0.03165319
0.005623474
0.9994028
(358.6, 356.4, 0.7)
quadrotor0
-0.01266646
-0.03165319
0.005623473
0.9994028
(358.6, 356.4, 0.7)
quadrotor0
-0.01266646
-0.03165319
0.005623474
0.9994028
(358.6, 356.4, 0.7)
quadrotor0
-0.01266646
-0.03165319
0.005623476
0.9994028
(358.6, 356.4, 0.7)
quadrotor0
-0.01266646
-0.03165319
0.005623475
0.9994028
(358.6, 356.4, 0.7)
quadrotor0
-0.01266646
-0.03165319
0.005623471
0.9994028
(358.6, 356.4, 0.7)
quadrotor0
-0.01266646
-0.03165319
0.005623466
0.9994028
(358.6, 356.4, 0.7)
quadrotor0
-0.01266646
-0.03165319
0.005623468
0.9994028
(358.6, 356.4, 0.7)
quadrotor0
-0.01266646
-0.03165319
0.00562347
0.9994028
(358.6, 356.4, 0.7)
quadrotor0
-0.01266646
-0.03165319
0.00562347
0.9994028
(358.6, 356.4, 0.7)
quadrotor0
-0.01266645
-0.03165319
0.005623468
0.9994028
(358.6, 356.4, 0.7)
quadrotor0
-0.01266646
-0.03165319
0.005623466
0.9994028
(358.6, 356.4, 0.7)
quadrotor0
-0.01266646
-0.03165319
0.005623468
0.9994028
(358.6, 356.4, 0.7)
quadrotor0
-0.01266646
-0.03165319
0.00562347
0.9994028
(358.6, 356.4, 0.7)
quadrotor0
-0.01266645
-0.03165319
0.005623469
0.9994028
(358.6, 356.4, 0.7)
quadrotor0
-0.01266645
-0.03165319
0.00562347
0.9994028
(358.6, 356.4, 0.7)
quadrotor0
-0.01266646
-0.03165319
0.005623471
0.9994028
(358.6, 356.4, 0.7)
quadrotor0
-0.01266646
-0.03165319
0.00562347
0.9994028
(358.6, 356.4, 0.7)
quadrotor0
-0.01266646
-0.03165319
0.005623469
0.9994028
(358.6, 356.4, 0.7)
quadrotor0
-0.01266646
-0.03165319
0.005623469
0.9994028
(358.6, 356.4, 0.7)
quadrotor0
-0.01266646
-0.03165319
0.005623471
0.9994028
(358.6, 356.4, 0.7)
quadrotor0
-0.01266646
-0.03165319
0.005623474
0.9994028
(358.6, 356.4, 0.7)
quadrotor0
-0.01266646
-0.03165319
0.005623475
0.9994028
(358.6, 356.4, 0.7)
quadrotor0
-0.01266646
-0.03165319
0.005623472
0.9994028
(358.6, 356.4, 0.7)
quadrotor0
-0.01266646
-0.03165319
0.005623471
0.9994028
(358.6, 356.4, 0.7)
quadrotor0
-0.01266646
-0.03165319
0.005623472
0.9994028
(358.6, 356.4, 0.7)
quadrotor0
-0.01266646
-0.03165319
0.005623473
0.9994028
(358.6, 356.4, 0.7)
quadrotor0
-0.01266646
-0.03165319
0.005623473
0.9994028
(358.6, 356.4, 0.7)
quadrotor0
-0.01266646
-0.03165319
0.00562347
0.9994028
(358.6, 356.4, 0.7)
quadrotor0
-0.01266646
-0.03165319
0.005623467
0.9994028
(358.6, 356.4, 0.7)
quadrotor0
-0.01266646
-0.03165319
0.005623467
0.9994028
(358.6, 356.4, 0.7)
quadrotor0
-0.01266646
-0.03165319
0.005623471
0.9994028
(358.6, 356.4, 0.7)
quadrotor0
-0.01266646
-0.03165319
0.005623472
0.9994028
(358.6, 356.4, 0.7)
quadrotor0
-0.01266646
-0.03165319
0.005623472
0.9994028
(358.6, 356.4, 0.7)
quadrotor0
-0.01266646
-0.03165319
0.005623471
0.9994028
(358.6, 356.4, 0.7)
quadrotor0
-0.01266646
-0.03165319
0.005623471
0.9994028
(358.6, 356.4, 0.7)
quadrotor0
-0.01266646
-0.03165319
0.005623473
0.9994028
(358.6, 356.4, 0.7)
quadrotor0
-0.01266646
-0.03165319
0.005623475
0.9994028
(358.6, 356.4, 0.7)
quadrotor0
-0.01266646
-0.03165319
0.005623474
0.9994028
(358.6, 356.4, 0.7)
quadrotor0
-0.01266646
-0.03165319
0.005623471
0.9994028
(358.6, 356.4, 0.7)
quadrotor0
-0.01266646
-0.03165319
0.005623469
0.9994028
(358.6, 356.4, 0.7)
quadrotor0
-0.01266646
-0.03165319
0.005623468
0.9994028
(358.6, 356.4, 0.7)
quadrotor0
-0.01266646
-0.03165319
0.005623468
0.9994028
(358.6, 356.4, 0.7)
quadrotor0
-0.01266646
-0.03165319
0.005623471
0.9994028
(358.6, 356.4, 0.7)
quadrotor0
-0.01266646
-0.03165319
0.005623471
0.9994028
(358.6, 356.4, 0.7)
quadrotor0
-0.01266646
-0.03165319
0.005623471
0.9994028
(358.6, 356.4, 0.7)
quadrotor0
-0.01266646
-0.03165319
0.005623472
0.9994028
(358.6, 356.4, 0.7)
quadrotor0
-0.01266646
-0.03165319
0.005623475
0.9994028
(358.6, 356.4, 0.7)
quadrotor0
-0.01266647
-0.03165319
0.005623479
0.9994028
(358.6, 356.4, 0.7)
quadrotor0
-0.01266646
-0.03165319
0.005623478
0.9994028
(358.6, 356.4, 0.7)
quadrotor0
-0.01266646
-0.03165319
0.005623474
0.9994028
(358.6, 356.4, 0.7)
quadrotor0
-0.01266646
-0.03165319
0.00562347
0.9994028
(358.6, 356.4, 0.7)
quadrotor0
-0.01266647
-0.03165319
0.005623467
0.9994028
(358.6, 356.4, 0.7)
quadrotor0
-0.01266647
-0.03165319
0.00562347
0.9994028
(358.6, 356.4, 0.7)
quadrotor0
-0.01266646
-0.03165319
0.00562347
0.9994028
(358.6, 356.4, 0.7)
quadrotor0
-0.01266646
-0.03165319
0.005623468
0.9994028
(358.6, 356.4, 0.7)
quadrotor0
-0.01266646
-0.03165319
0.005623466
0.9994028
(358.6, 356.4, 0.7)
quadrotor0
-0.01266646
-0.03165319
0.005623466
0.9994028
(358.6, 356.4, 0.7)
quadrotor0
-0.01266646
-0.03165319
0.00562347
0.9994028
(358.6, 356.4, 0.7)
quadrotor0
-0.01266646
-0.03165319
0.005623471
0.9994028
(358.6, 356.4, 0.7)
quadrotor0
-0.01266645
-0.03165319
0.00562347
0.9994028
(358.6, 356.4, 0.7)
quadrotor0
-0.01266646
-0.03165319
0.005623471
0.9994028
(358.6, 356.4, 0.7)
quadrotor0
-0.01266646
-0.03165319
0.005623472
0.9994028
(358.6, 356.4, 0.7)
quadrotor0
-0.01266646
-0.03165319
0.005623473
0.9994028
(358.6, 356.4, 0.7)
quadrotor0
-0.01266646
-0.03165319
0.005623474
0.9994028
(358.6, 356.4, 0.7)
quadrotor0
-0.01266646
-0.03165319
0.005623472
0.9994028
(358.6, 356.4, 0.7)
quadrotor0
-0.01266646
-0.03165319
0.005623468
0.9994028
(358.6, 356.4, 0.7)
quadrotor0
-0.01266646
-0.03165319
0.005623465
0.9994028
(358.6, 356.4, 0.7)
quadrotor0
-0.01266646
-0.03165319
0.005623468
0.9994028
(358.6, 356.4, 0.7)
quadrotor0
-0.01266646
-0.03165319
0.00562347
0.9994028
(358.6, 356.4, 0.7)
quadrotor0
-0.01266646
-0.03165319
0.005623468
0.9994028
(358.6, 356.4, 0.7)
quadrotor0
-0.01266646
-0.03165319
0.005623466
0.9994028
(358.6, 356.4, 0.7)
quadrotor0
-0.01266646
-0.03165319
0.005623466
0.9994028
(358.6, 356.4, 0.7)
quadrotor0
-0.01266646
-0.03165319
0.00562347
0.9994028
(358.6, 356.4, 0.7)
quadrotor0
-0.01266646
-0.03165319
0.005623471
0.9994028
(358.6, 356.4, 0.7)
quadrotor0
-0.01266646
-0.03165319
0.005623471
0.9994028
(358.6, 356.4, 0.7)
quadrotor0
-0.01266646
-0.03165319
0.005623471
0.9994028
(358.6, 356.4, 0.7)
quadrotor0
-0.01266646
-0.03165319
0.005623471
0.9994028
(358.6, 356.4, 0.7)
quadrotor0
-0.01266646
-0.03165319
0.005623471
0.9994028
(358.6, 356.4, 0.7)
quadrotor0
-0.01266646
-0.03165319
0.005623472
0.9994028
(358.6, 356.4, 0.7)
quadrotor0
-0.01266646
-0.03165319
0.005623471
0.9994028
(358.6, 356.4, 0.7)
quadrotor0
-0.01266646
-0.03165319
0.005623471
0.9994028
(358.6, 356.4, 0.7)
quadrotor0
-0.01266646
-0.03165319
0.005623468
0.9994028
(358.6, 356.4, 0.7)
quadrotor0
-0.01266646
-0.03165319
0.00562347
0.9994028
(358.6, 356.4, 0.7)
quadrotor0
-0.01266646
-0.03165319
0.005623473
0.9994028
(358.6, 356.4, 0.7)
quadrotor0
-0.01266646
-0.03165319
0.005623475
0.9994028
(358.6, 356.4, 0.7)
quadrotor0
-0.01266646
-0.03165319
0.005623476
0.9994028
(358.6, 356.4, 0.7)
quadrotor0
-0.01266646
-0.03165319
0.005623476
0.9994028
(358.6, 356.4, 0.7)
quadrotor0
-0.01266646
-0.03165319
0.00562347
0.9994028
(358.6, 356.4, 0.7)
quadrotor0
-0.01266646
-0.03165319
0.005623466
0.9994028
(358.6, 356.4, 0.7)
quadrotor0
-0.01266646
-0.03165319
0.005623467
0.9994028
(358.6, 356.4, 0.7)
quadrotor0
-0.01266646
-0.03165319
0.005623471
0.9994028
(358.6, 356.4, 0.7)
quadrotor0
-0.01266646
-0.03165319
0.00562347
0.9994028
(358.6, 356.4, 0.7)
quadrotor0
-0.01266645
-0.03165319
0.00562347
0.9994028
(358.6, 356.4, 0.7)
quadrotor0
-0.01266646
-0.03165319
0.005623468
0.9994028
(358.6, 356.4, 0.7)
quadrotor0
-0.01266646
-0.03165319
0.005623469
0.9994028
(358.6, 356.4, 0.7)
quadrotor0
-0.01266646
-0.03165319
0.00562347
0.9994028
(358.6, 356.4, 0.7)
quadrotor0
-0.01266646
-0.03165319
0.005623469
0.9994028
(358.6, 356.4, 0.7)
quadrotor0
-0.01266646
-0.03165319
0.005623469
0.9994028
(358.6, 356.4, 0.7)
quadrotor0
-0.01266646
-0.03165319
0.005623471
0.9994028
(358.6, 356.4, 0.7)
quadrotor0
-0.01266646
-0.03165319
0.005623471
0.9994028
(358.6, 356.4, 0.7)
quadrotor0
-0.01266646
-0.03165319
0.00562347
0.9994028
(358.6, 356.4, 0.7)
quadrotor0
-0.01266646
-0.03165319
0.005623469
0.9994028
(358.6, 356.4, 0.7)
quadrotor0
-0.01266646
-0.03165319
0.005623471
0.9994028
(358.6, 356.4, 0.7)
quadrotor0
-0.01266646
-0.03165319
0.005623472
0.9994028
(358.6, 356.4, 0.7)
quadrotor0
-0.01266646
-0.03165319
0.005623473
0.9994028
(358.6, 356.4, 0.7)
quadrotor0
-0.01266646
-0.03165319
0.005623471
0.9994028
(358.6, 356.4, 0.7)
quadrotor0
-0.01266646
-0.03165319
0.00562347
0.9994028
(358.6, 356.4, 0.7)
quadrotor0
-0.01266646
-0.03165319
0.005623469
0.9994028
(358.6, 356.4, 0.7)
quadrotor0
-0.01266646
-0.03165319
0.005623469
0.9994028
(358.6, 356.4, 0.7)
quadrotor0
-0.01266646
-0.03165319
0.005623469
0.9994028
(358.6, 356.4, 0.7)
quadrotor0
-0.01266646
-0.03165319
0.00562347
0.9994028
(358.6, 356.4, 0.7)
quadrotor0
-0.01266646
-0.03165319
0.005623471
0.9994028
(358.6, 356.4, 0.7)
quadrotor0
-0.01266646
-0.03165319
0.005623471
0.9994028
(358.6, 356.4, 0.7)
quadrotor0
-0.01266646
-0.03165319
0.005623471
0.9994028
(358.6, 356.4, 0.7)
quadrotor0
-0.01266646
-0.03165319
0.005623473
0.9994028
(358.6, 356.4, 0.7)
quadrotor0
-0.01266646
-0.03165319
0.005623475
0.9994028
(358.6, 356.4, 0.7)
quadrotor0
-0.01266646
-0.03165319
0.005623476
0.9994028
(358.6, 356.4, 0.7)
quadrotor0
-0.01266646
-0.03165319
0.005623471
0.9994028
(358.6, 356.4, 0.7)
quadrotor0
-0.01266646
-0.03165319
0.005623467
0.9994028
(358.6, 356.4, 0.7)
quadrotor0
-0.01266647
-0.03165319
0.005623466
0.9994028
(358.6, 356.4, 0.7)
quadrotor0
-0.01266647
-0.03165319
0.00562347
0.9994028
(358.6, 356.4, 0.7)
quadrotor0
-0.01266646
-0.03165319
0.005623469
0.9994028
(358.6, 356.4, 0.7)
quadrotor0
-0.01266646
-0.03165319
0.005623467
0.9994028
(358.6, 356.4, 0.7)
quadrotor0
-0.01266646
-0.03165319
0.005623464
0.9994028
(358.6, 356.4, 0.7)
quadrotor0
-0.01266646
-0.03165319
0.005623467
0.9994028
(358.6, 356.4, 0.7)
quadrotor0
-0.01266646
-0.03165319
0.005623469
0.9994028
(358.6, 356.4, 0.7)
quadrotor0
-0.01266645
-0.03165319
0.005623469
0.9994028
(358.6, 356.4, 0.7)
quadrotor0
-0.01266645
-0.03165319
0.005623469
0.9994028
(358.6, 356.4, 0.7)
quadrotor0
-0.01266646
-0.03165319
0.005623471
0.9994028
(358.6, 356.4, 0.7)
quadrotor0
-0.01266646
-0.03165319
0.005623471
0.9994028
(358.6, 356.4, 0.7)
quadrotor0
-0.01266646
-0.03165319
0.00562347
0.9994028
(358.6, 356.4, 0.7)
quadrotor0
-0.01266646
-0.03165319
0.005623469
0.9994028
(358.6, 356.4, 0.7)
quadrotor0
-0.01266646
-0.03165319
0.005623471
0.9994028
(358.6, 356.4, 0.7)
quadrotor0
-0.01266646
-0.03165319
0.005623476
0.9994028
(358.6, 356.4, 0.7)
quadrotor0
-0.01266646
-0.03165319
0.005623477
0.9994028
(358.6, 356.4, 0.7)
quadrotor0
-0.01266646
-0.03165319
0.005623473
0.9994028
(358.6, 356.4, 0.7)
quadrotor0
-0.01266646
-0.03165319
0.005623472
0.9994028
(358.6, 356.4, 0.7)
quadrotor0
-0.01266646
-0.03165319
0.005623473
0.9994028
(358.6, 356.4, 0.7)
quadrotor0
-0.01266646
-0.03165319
0.005623476
0.9994028
(358.6, 356.4, 0.7)
quadrotor0
-0.01266646
-0.03165319
0.005623475
0.9994028
(358.6, 356.4, 0.7)
quadrotor0
-0.01266646
-0.03165319
0.005623471
0.9994028
(358.6, 356.4, 0.7)
quadrotor0
-0.01266646
-0.03165319
0.005623466
0.9994028
(358.6, 356.4, 0.7)
quadrotor0
-0.01266647
-0.03165319
0.005623467
0.9994028
(358.6, 356.4, 0.7)
quadrotor0
-0.01266646
-0.03165319
0.00562347
0.9994028
(358.6, 356.4, 0.7)
quadrotor0
-0.01266646
-0.03165319
0.005623469
0.9994028
(358.6, 356.4, 0.7)
quadrotor0
-0.01266646
-0.03165319
0.005623466
0.9994028
(358.6, 356.4, 0.7)
quadrotor0
-0.01266646
-0.03165319
0.005623464
0.9994028
(358.6, 356.4, 0.7)
quadrotor0
-0.01266646
-0.03165319
0.005623467
0.9994028
(358.6, 356.4, 0.7)
quadrotor0
-0.01266646
-0.03165319
0.00562347
0.9994028
(358.6, 356.4, 0.7)
quadrotor0
-0.01266645
-0.03165319
0.005623468
0.9994028
(358.6, 356.4, 0.7)
quadrotor0
-0.01266645
-0.03165319
0.005623469
0.9994028
(358.6, 356.4, 0.7)
quadrotor0
-0.01266646
-0.03165319
0.005623471
0.9994028
(358.6, 356.4, 0.7)
quadrotor0
-0.01266646
-0.03165319
0.00562347
0.9994028
(358.6, 356.4, 0.7)
quadrotor0
-0.01266646
-0.03165319
0.005623467
0.9994028
(358.6, 356.4, 0.7)
quadrotor0
-0.01266646
-0.03165319
0.005623467
0.9994028
(358.6, 356.4, 0.7)
quadrotor0
-0.01266646
-0.03165319
0.00562347
0.9994028
(358.6, 356.4, 0.7)
quadrotor0
-0.01266646
-0.03165319
0.005623471
0.9994028
(358.6, 356.4, 0.7)
quadrotor0
-0.01266646
-0.03165319
0.005623472
0.9994028
(358.6, 356.4, 0.7)
quadrotor0
-0.01266646
-0.03165319
0.005623471
0.9994028
(358.6, 356.4, 0.7)
quadrotor0
-0.01266646
-0.03165319
0.005623469
0.9994028
(358.6, 356.4, 0.7)
quadrotor0
-0.01266646
-0.03165319
0.005623467
0.9994028
(358.6, 356.4, 0.7)
quadrotor0
-0.01266646
-0.03165319
0.005623465
0.9994028
(358.6, 356.4, 0.7)
quadrotor0
-0.01266646
-0.03165319
0.005623469
0.9994028
(358.6, 356.4, 0.7)
quadrotor0
-0.01266646
-0.03165319
0.005623471
0.9994028
(358.6, 356.4, 0.7)
quadrotor0
-0.01266645
-0.03165319
0.005623474
0.9994028
(358.6, 356.4, 0.7)
quadrotor0
-0.01266646
-0.03165319
0.005623473
0.9994028
(358.6, 356.4, 0.7)
quadrotor0
-0.01266646
-0.03165319
0.005623472
0.9994028
(358.6, 356.4, 0.7)
quadrotor0
-0.01266646
-0.03165319
0.005623473
0.9994028
(358.6, 356.4, 0.7)
quadrotor0
-0.01266646
-0.03165319
0.005623475
0.9994028
(358.6, 356.4, 0.7)
quadrotor0
-0.01266646
-0.03165319
0.005623476
0.9994028
(358.6, 356.4, 0.7)
quadrotor0
-0.01266646
-0.03165319
0.005623472
0.9994028
(358.6, 356.4, 0.7)
quadrotor0
-0.01266646
-0.03165319
0.005623467
0.9994028
(358.6, 356.4, 0.7)
quadrotor0
-0.01266647
-0.03165319
0.005623466
0.9994028
(358.6, 356.4, 0.7)
quadrotor0
-0.01266647
-0.03165319
0.00562347
0.9994028
(358.6, 356.4, 0.7)
quadrotor0
-0.01266646
-0.03165319
0.005623469
0.9994028
(358.6, 356.4, 0.7)
quadrotor0
-0.01266646
-0.03165319
0.005623465
0.9994028
(358.6, 356.4, 0.7)
quadrotor0
-0.01266646
-0.03165319
0.005623463
0.9994028
(358.6, 356.4, 0.7)
quadrotor0
-0.01266646
-0.03165319
0.005623465
0.9994028
(358.6, 356.4, 0.7)
quadrotor0
-0.01266646
-0.03165319
0.005623468
0.9994028
(358.6, 356.4, 0.7)
quadrotor0
-0.01266646
-0.03165319
0.005623467
0.9994028
(358.6, 356.4, 0.7)
quadrotor0
-0.01266645
-0.03165319
0.005623465
0.9994028
(358.6, 356.4, 0.7)
quadrotor0
-0.01266646
-0.03165319
0.00562347
0.9994028
(358.6, 356.4, 0.7)
quadrotor0
-0.01266646
-0.03165319
0.005623471
0.9994028
(358.6, 356.4, 0.7)
quadrotor0
-0.01266646
-0.03165319
0.00562347
0.9994028
(358.6, 356.4, 0.7)
quadrotor0
-0.01266646
-0.03165319
0.005623468
0.9994028
(358.6, 356.4, 0.7)
quadrotor0
-0.01266646
-0.03165319
0.005623469
0.9994028
(358.6, 356.4, 0.7)
quadrotor0
-0.01266646
-0.03165319
0.005623471
0.9994028
(358.6, 356.4, 0.7)
quadrotor0
-0.01266647
-0.03165319
0.005623471
0.9994028
(358.6, 356.4, 0.7)
quadrotor0
-0.01266647
-0.03165319
0.005623471
0.9994028
(358.6, 356.4, 0.7)
quadrotor0
-0.01266646
-0.03165319
0.005623472
0.9994028
(358.6, 356.4, 0.7)
quadrotor0
-0.01266646
-0.03165319
0.005623476
0.9994028
(358.6, 356.4, 0.7)
quadrotor0
-0.01266646
-0.03165319
0.005623479
0.9994028
(358.6, 356.4, 0.7)
quadrotor0
-0.01266646
-0.03165319
0.005623478
0.9994028
(358.6, 356.4, 0.7)
quadrotor0
-0.01266646
-0.03165319
0.005623472
0.9994028
(358.6, 356.4, 0.7)
quadrotor0
-0.01266646
-0.03165319
0.005623467
0.9994028
(358.6, 356.4, 0.7)
quadrotor0
-0.01266646
-0.03165319
0.005623468
0.9994028
(358.6, 356.4, 0.7)
quadrotor0
-0.01266646
-0.03165319
0.005623471
0.9994028
(358.6, 356.4, 0.7)
quadrotor0
-0.01266646
-0.03165319
0.00562347
0.9994028
(358.6, 356.4, 0.7)
quadrotor0
-0.01266647
-0.03165319
0.005623468
0.9994028
(358.6, 356.4, 0.7)
quadrotor0
-0.01266646
-0.03165319
0.005623465
0.9994028
(358.6, 356.4, 0.7)
quadrotor0
-0.01266646
-0.03165319
0.005623468
0.9994028
(358.6, 356.4, 0.7)
quadrotor0
-0.01266646
-0.03165319
0.005623469
0.9994028
(358.6, 356.4, 0.7)
quadrotor0
-0.01266647
-0.03165319
0.005623468
0.9994028
(358.6, 356.4, 0.7)
quadrotor0
-0.01266647
-0.03165319
0.005623468
0.9994028
(358.6, 356.4, 0.7)
quadrotor0
-0.01266646
-0.03165319
0.005623471
0.9994028
(358.6, 356.4, 0.7)
quadrotor0
-0.01266646
-0.03165319
0.00562347
0.9994028
(358.6, 356.4, 0.7)
quadrotor0
-0.01266646
-0.03165319
0.00562347
0.9994028
(358.6, 356.4, 0.7)
quadrotor0
-0.01266646
-0.03165319
0.005623469
0.9994028
(358.6, 356.4, 0.7)
quadrotor0
-0.01266646
-0.03165319
0.00562347
0.9994028
(358.6, 356.4, 0.7)
quadrotor0
-0.01266646
-0.03165319
0.005623472
0.9994028
(358.6, 356.4, 0.7)
quadrotor0
-0.01266646
-0.03165319
0.005623474
0.9994028
(358.6, 356.4, 0.7)
quadrotor0
-0.01266646
-0.03165319
0.005623472
0.9994028
(358.6, 356.4, 0.7)
quadrotor0
-0.01266646
-0.03165319
0.005623471
0.9994028
(358.6, 356.4, 0.7)
quadrotor0
-0.01266646
-0.03165319
0.005623471
0.9994028
(358.6, 356.4, 0.7)
quadrotor0
-0.01266646
-0.03165319
0.005623471
0.9994028
(358.6, 356.4, 0.7)
quadrotor0
-0.01266646
-0.03165319
0.005623471
0.9994028
(358.6, 356.4, 0.7)
quadrotor0
-0.01266646
-0.03165319
0.005623469
0.9994028
(358.6, 356.4, 0.7)
quadrotor0
-0.01266646
-0.03165319
0.005623466
0.9994028
(358.6, 356.4, 0.7)
quadrotor0
-0.01266646
-0.03165319
0.005623468
0.9994028
(358.6, 356.4, 0.7)
quadrotor0
-0.01266646
-0.03165319
0.005623471
0.9994028
(358.6, 356.4, 0.7)
quadrotor0
-0.01266646
-0.03165319
0.005623471
0.9994028
(358.6, 356.4, 0.7)
quadrotor0
-0.01266646
-0.03165319
0.005623471
0.9994028
(358.6, 356.4, 0.7)
quadrotor0
-0.01266646
-0.03165319
0.00562347
0.9994028
(358.6, 356.4, 0.7)
quadrotor0
-0.01266646
-0.03165319
0.005623471
0.9994028
(358.6, 356.4, 0.7)
quadrotor0
-0.01266646
-0.03165319
0.005623472
0.9994028
(358.6, 356.4, 0.7)
quadrotor0
-0.01266646
-0.03165319
0.005623473
0.9994028
(358.6, 356.4, 0.7)
quadrotor0
-0.01266646
-0.03165319
0.005623471
0.9994028
(358.6, 356.4, 0.7)
quadrotor0
-0.01266646
-0.03165319
0.005623468
0.9994028
(358.6, 356.4, 0.7)
quadrotor0
-0.01266646
-0.03165319
0.005623465
0.9994028
(358.6, 356.4, 0.7)
quadrotor0
-0.01266646
-0.03165319
0.005623463
0.9994028
(358.6, 356.4, 0.7)
quadrotor0
-0.01266646
-0.03165319
0.005623467
0.9994028
(358.6, 356.4, 0.7)
quadrotor0
-0.01266646
-0.03165319
0.00562347
0.9994028
(358.6, 356.4, 0.7)
quadrotor0
-0.01266646
-0.03165319
0.00562347
0.9994028
(358.6, 356.4, 0.7)
quadrotor0
-0.01266646
-0.03165319
0.00562347
0.9994028
(358.6, 356.4, 0.7)
quadrotor0
-0.01266646
-0.03165319
0.005623473
0.9994028
(358.6, 356.4, 0.7)
quadrotor0
-0.01266646
-0.03165319
0.005623479
0.9994028
(358.6, 356.4, 0.7)
quadrotor0
-0.01266645
-0.03165319
0.005623482
0.9994028
(358.6, 356.4, 0.7)
quadrotor0
-0.01266646
-0.03165319
0.005623478
0.9994028
(358.6, 356.4, 0.7)
quadrotor0
-0.01266646
-0.03165319
0.005623474
0.9994028
(358.6, 356.4, 0.7)
quadrotor0
-0.01266646
-0.03165319
0.005623472
0.9994028
(358.6, 356.4, 0.7)
quadrotor0
-0.01266645
-0.03165319
0.005623471
0.9994028
(358.6, 356.4, 0.7)
quadrotor0
-0.01266646
-0.03165319
0.005623472
0.9994028
(358.6, 356.4, 0.7)
quadrotor0
-0.01266646
-0.03165319
0.005623471
0.9994028
(358.6, 356.4, 0.7)
quadrotor0
-0.01266646
-0.03165319
0.005623471
0.9994028
(358.6, 356.4, 0.7)
quadrotor0
-0.01266646
-0.03165319
0.005623469
0.9994028
(358.6, 356.4, 0.7)
quadrotor0
-0.01266646
-0.03165319
0.005623471
0.9994028
(358.6, 356.4, 0.7)
quadrotor0
-0.01266646
-0.03165319
0.005623473
0.9994028
(358.6, 356.4, 0.7)
quadrotor0
-0.01266646
-0.03165319
0.005623476
0.9994028
(358.6, 356.4, 0.7)
quadrotor0
-0.01266646
-0.03165319
0.005623474
0.9994028
(358.6, 356.4, 0.7)
quadrotor0
-0.01266646
-0.03165319
0.005623472
0.9994028
(358.6, 356.4, 0.7)
quadrotor0
-0.01266646
-0.03165319
0.005623471
0.9994028
(358.6, 356.4, 0.7)
quadrotor0
-0.01266646
-0.03165319
0.005623471
0.9994028
(358.6, 356.4, 0.7)
quadrotor0
-0.01266646
-0.03165319
0.005623471
0.9994028
(358.6, 356.4, 0.7)
quadrotor0
-0.01266646
-0.03165319
0.005623471
0.9994028
(358.6, 356.4, 0.7)
quadrotor0
-0.01266646
-0.03165319
0.005623471
0.9994028
(358.6, 356.4, 0.7)
quadrotor0
-0.01266647
-0.03165319
0.005623471
0.9994028
(358.6, 356.4, 0.7)
quadrotor0
-0.01266646
-0.03165319
0.005623472
0.9994028
(358.6, 356.4, 0.7)
quadrotor0
-0.01266646
-0.03165319
0.005623474
0.9994028
(358.6, 356.4, 0.7)
quadrotor0
-0.01266645
-0.03165319
0.005623475
0.9994028
(358.6, 356.4, 0.7)
quadrotor0
-0.01266646
-0.03165319
0.005623475
0.9994028
(358.6, 356.4, 0.7)
quadrotor0
-0.01266646
-0.03165319
0.005623472
0.9994028
(358.6, 356.4, 0.7)
quadrotor0
-0.01266646
-0.03165319
0.005623467
0.9994028
(358.6, 356.4, 0.7)
quadrotor0
-0.01266646
-0.03165319
0.005623467
0.9994028
(358.6, 356.4, 0.7)
quadrotor0
-0.01266646
-0.03165319
0.00562347
0.9994028
(358.6, 356.4, 0.7)
quadrotor0
-0.01266646
-0.03165319
0.00562347
0.9994028
(358.6, 356.4, 0.7)
quadrotor0
-0.01266646
-0.03165319
0.005623468
0.9994028
(358.6, 356.4, 0.7)
quadrotor0
-0.01266646
-0.03165319
0.005623465
0.9994028
(358.6, 356.4, 0.7)
quadrotor0
-0.01266646
-0.03165319
0.005623466
0.9994028
(358.6, 356.4, 0.7)
quadrotor0
-0.01266646
-0.03165319
0.005623471
0.9994028
(358.6, 356.4, 0.7)
quadrotor0
-0.01266646
-0.03165319
0.005623471
0.9994028
(358.6, 356.4, 0.7)
quadrotor0
-0.01266646
-0.03165319
0.005623471
0.9994028
(358.6, 356.4, 0.7)
quadrotor0
-0.01266646
-0.03165319
0.005623471
0.9994028
(358.6, 356.4, 0.7)
quadrotor0
-0.01266646
-0.03165319
0.00562347
0.9994028
(358.6, 356.4, 0.7)
quadrotor0
-0.01266646
-0.03165319
0.005623469
0.9994028
(358.6, 356.4, 0.7)
quadrotor0
-0.01266646
-0.03165319
0.005623468
0.9994028
(358.6, 356.4, 0.7)
quadrotor0
-0.01266646
-0.03165319
0.00562347
0.9994028
(358.6, 356.4, 0.7)
quadrotor0
-0.01266646
-0.03165319
0.00562347
0.9994028
(358.6, 356.4, 0.7)
quadrotor0
-0.01266646
-0.03165319
0.005623469
0.9994028
(358.6, 356.4, 0.7)
quadrotor0
-0.01266646
-0.03165319
0.005623471
0.9994028
(358.6, 356.4, 0.7)
quadrotor0
-0.01266646
-0.03165319
0.005623471
0.9994028
(358.6, 356.4, 0.7)
quadrotor0
-0.01266646
-0.03165319
0.005623471
0.9994028
(358.6, 356.4, 0.7)
quadrotor0
-0.01266646
-0.03165319
0.005623471
0.9994028
(358.6, 356.4, 0.7)
quadrotor0
-0.01266646
-0.03165319
0.005623471
0.9994028
(358.6, 356.4, 0.7)
quadrotor0
-0.01266646
-0.03165319
0.005623472
0.9994028
(358.6, 356.4, 0.7)
quadrotor0
-0.01266646
-0.03165319
0.005623474
0.9994028
(358.6, 356.4, 0.7)
quadrotor0
-0.01266646
-0.03165319
0.005623475
0.9994028
(358.6, 356.4, 0.7)
quadrotor0
-0.01266646
-0.03165319
0.005623471
0.9994028
(358.6, 356.4, 0.7)
quadrotor0
-0.01266646
-0.03165319
0.00562347
0.9994028
(358.6, 356.4, 0.7)
quadrotor0
-0.01266646
-0.03165319
0.00562347
0.9994028
(358.6, 356.4, 0.7)
quadrotor0
-0.01266646
-0.03165319
0.00562347
0.9994028
(358.6, 356.4, 0.7)
quadrotor0
-0.01266646
-0.03165319
0.005623471
0.9994028
(358.6, 356.4, 0.7)
quadrotor0
-0.01266646
-0.03165319
0.005623471
0.9994028
(358.6, 356.4, 0.7)
quadrotor0
-0.01266646
-0.03165319
0.005623471
0.9994028
(358.6, 356.4, 0.7)
quadrotor0
-0.01266646
-0.03165319
0.005623471
0.9994028
(358.6, 356.4, 0.7)
quadrotor0
-0.01266646
-0.03165319
0.005623471
0.9994028
(358.6, 356.4, 0.7)
quadrotor0
-0.01266646
-0.03165319
0.005623469
0.9994028
(358.6, 356.4, 0.7)
quadrotor0
-0.01266646
-0.03165319
0.005623468
0.9994028
(358.6, 356.4, 0.7)
quadrotor0
-0.01266646
-0.03165319
0.005623468
0.9994028
(358.6, 356.4, 0.7)
quadrotor0
-0.01266646
-0.03165319
0.005623472
0.9994028
(358.6, 356.4, 0.7)
quadrotor0
-0.01266646
-0.03165319
0.005623475
0.9994028
(358.6, 356.4, 0.7)
quadrotor0
-0.01266646
-0.03165319
0.005623475
0.9994028
(358.6, 356.4, 0.7)
quadrotor0
-0.01266646
-0.03165319
0.005623471
0.9994028
(358.6, 356.4, 0.7)
quadrotor0
-0.01266646
-0.03165319
0.005623471
0.9994028
(358.6, 356.4, 0.7)
quadrotor0
-0.01266646
-0.03165319
0.005623471
0.9994028
(358.6, 356.4, 0.7)
quadrotor0
-0.01266646
-0.03165319
0.005623471
0.9994028
(358.6, 356.4, 0.7)
quadrotor0
-0.01266646
-0.03165319
0.005623471
0.9994028
(358.6, 356.4, 0.7)
quadrotor0
-0.01266646
-0.03165319
0.005623471
0.9994028
(358.6, 356.4, 0.7)
quadrotor0
-0.01266646
-0.03165319
0.005623471
0.9994028
(358.6, 356.4, 0.7)
quadrotor0
-0.01266646
-0.03165319
0.005623471
0.9994028
(358.6, 356.4, 0.7)
quadrotor0
-0.01266646
-0.03165319
0.005623473
0.9994028
(358.6, 356.4, 0.7)
quadrotor0
-0.01266646
-0.03165319
0.005623476
0.9994028
(358.6, 356.4, 0.7)
quadrotor0
-0.01266646
-0.03165319
0.005623479
0.9994028
(358.6, 356.4, 0.7)
quadrotor0
-0.01266646
-0.03165319
0.005623476
0.9994028
(358.6, 356.4, 0.7)
quadrotor0
-0.01266646
-0.03165319
0.005623471
0.9994028
(358.6, 356.4, 0.7)
quadrotor0
-0.01266646
-0.03165319
0.005623467
0.9994028
(358.6, 356.4, 0.7)
quadrotor0
-0.01266645
-0.03165319
0.005623468
0.9994028
(358.6, 356.4, 0.7)
quadrotor0
-0.01266646
-0.03165319
0.005623471
0.9994028
(358.6, 356.4, 0.7)
quadrotor0
-0.01266646
-0.03165319
0.005623469
0.9994028
(358.6, 356.4, 0.7)
quadrotor0
-0.01266646
-0.03165319
0.005623466
0.9994028
(358.6, 356.4, 0.7)
quadrotor0
-0.01266646
-0.03165319
0.005623465
0.9994028
(358.6, 356.4, 0.7)
quadrotor0
-0.01266646
-0.03165319
0.005623469
0.9994028
(358.6, 356.4, 0.7)
quadrotor0
-0.01266646
-0.03165319
0.005623471
0.9994028
(358.6, 356.4, 0.7)
quadrotor0
-0.01266646
-0.03165319
0.005623472
0.9994028
(358.6, 356.4, 0.7)
quadrotor0
-0.01266646
-0.03165319
0.005623471
0.9994028
(358.6, 356.4, 0.7)
quadrotor0
-0.01266646
-0.03165319
0.00562347
0.9994028
(358.6, 356.4, 0.7)
quadrotor0
-0.01266646
-0.03165319
0.005623468
0.9994028
(358.6, 356.4, 0.7)
quadrotor0
-0.01266646
-0.03165319
0.005623466
0.9994028
(358.6, 356.4, 0.7)
quadrotor0
-0.01266646
-0.03165319
0.005623467
0.9994028
(358.6, 356.4, 0.7)
quadrotor0
-0.01266646
-0.03165319
0.005623471
0.9994028
(358.6, 356.4, 0.7)
quadrotor0
-0.01266646
-0.03165319
0.005623472
0.9994028
(358.6, 356.4, 0.7)
quadrotor0
-0.01266645
-0.03165319
0.005623472
0.9994028
(358.6, 356.4, 0.7)
quadrotor0
-0.01266646
-0.03165319
0.005623471
0.9994028
(358.6, 356.4, 0.7)
quadrotor0
-0.01266646
-0.03165319
0.005623471
0.9994028
(358.6, 356.4, 0.7)
quadrotor0
-0.01266646
-0.03165319
0.005623471
0.9994028
(358.6, 356.4, 0.7)
quadrotor0
-0.01266646
-0.03165319
0.005623471
0.9994028
(358.6, 356.4, 0.7)
quadrotor0
-0.01266646
-0.03165319
0.005623471
0.9994028
(358.6, 356.4, 0.7)
quadrotor0
-0.01266646
-0.03165319
0.005623469
0.9994028
(358.6, 356.4, 0.7)
quadrotor0
-0.01266646
-0.03165319
0.005623467
0.9994028
(358.6, 356.4, 0.7)
quadrotor0
-0.01266646
-0.03165319
0.005623471
0.9994028
(358.6, 356.4, 0.7)
quadrotor0
-0.01266646
-0.03165319
0.005623471
0.9994028
(358.6, 356.4, 0.7)
quadrotor0
-0.01266646
-0.03165319
0.005623471
0.9994028
(358.6, 356.4, 0.7)
quadrotor0
-0.01266646
-0.03165319
0.00562347
0.9994028
(358.6, 356.4, 0.7)
quadrotor0
-0.01266646
-0.03165319
0.005623469
0.9994028
(358.6, 356.4, 0.7)
quadrotor0
-0.01266646
-0.03165319
0.005623471
0.9994028
(358.6, 356.4, 0.7)
quadrotor0
-0.01266646
-0.03165319
0.005623473
0.9994028
(358.6, 356.4, 0.7)
quadrotor0
-0.01266646
-0.03165319
0.005623474
0.9994028
(358.6, 356.4, 0.7)
quadrotor0
-0.01266646
-0.03165319
0.005623471
0.9994028
(358.6, 356.4, 0.7)
quadrotor0
-0.01266646
-0.03165319
0.005623469
0.9994028
(358.6, 356.4, 0.7)
quadrotor0
-0.01266646
-0.03165319
0.005623469
0.9994028
(358.6, 356.4, 0.7)
quadrotor0
-0.01266646
-0.03165319
0.005623469
0.9994028
(358.6, 356.4, 0.7)
quadrotor0
-0.01266646
-0.03165319
0.00562347
0.9994028
(358.6, 356.4, 0.7)
quadrotor0
-0.01266646
-0.03165319
0.00562347
0.9994028
(358.6, 356.4, 0.7)
quadrotor0
-0.01266646
-0.03165319
0.00562347
0.9994028
(358.6, 356.4, 0.7)
quadrotor0
-0.01266647
-0.03165319
0.00562347
0.9994028
(358.6, 356.4, 0.7)
quadrotor0
-0.01266646
-0.03165319
0.005623472
0.9994028
(358.6, 356.4, 0.7)
quadrotor0
-0.01266646
-0.03165319
0.005623473
0.9994028
(358.6, 356.4, 0.7)
quadrotor0
-0.01266646
-0.03165319
0.005623474
0.9994028
(358.6, 356.4, 0.7)
quadrotor0
-0.01266646
-0.03165319
0.005623474
0.9994028
(358.6, 356.4, 0.7)
quadrotor0
-0.01266646
-0.03165319
0.005623471
0.9994028
(358.6, 356.4, 0.7)
quadrotor0
-0.01266647
-0.03165319
0.005623469
0.9994028
(358.6, 356.4, 0.7)
quadrotor0
-0.01266647
-0.03165319
0.005623467
0.9994028
(358.6, 356.4, 0.7)
quadrotor0
-0.01266646
-0.03165319
0.005623471
0.9994028
(358.6, 356.4, 0.7)
quadrotor0
-0.01266646
-0.03165319
0.005623471
0.9994028
(358.6, 356.4, 0.7)
quadrotor0
-0.01266646
-0.03165319
0.005623469
0.9994028
(358.6, 356.4, 0.7)
quadrotor0
-0.01266646
-0.03165319
0.005623467
0.9994028
(358.6, 356.4, 0.7)
quadrotor0
-0.01266646
-0.03165319
0.005623469
0.9994028
(358.6, 356.4, 0.7)
quadrotor0
-0.01266646
-0.03165319
0.005623471
0.9994028
(358.6, 356.4, 0.7)
quadrotor0
-0.01266646
-0.03165319
0.005623473
0.9994028
(358.6, 356.4, 0.7)
quadrotor0
-0.01266646
-0.03165319
0.005623473
0.9994028
(358.6, 356.4, 0.7)
quadrotor0
-0.01266646
-0.03165319
0.005623471
0.9994028
(358.6, 356.4, 0.7)
quadrotor0
-0.01266646
-0.03165319
0.00562347
0.9994028
(358.6, 356.4, 0.7)
quadrotor0
-0.01266646
-0.03165319
0.00562347
0.9994028
(358.6, 356.4, 0.7)
quadrotor0
-0.01266646
-0.03165319
0.00562347
0.9994028
(358.6, 356.4, 0.7)
quadrotor0
-0.01266646
-0.03165319
0.005623471
0.9994028
(358.6, 356.4, 0.7)
quadrotor0
-0.01266646
-0.03165319
0.005623473
0.9994028
(358.6, 356.4, 0.7)
quadrotor0
-0.01266646
-0.03165319
0.005623475
0.9994028
(358.6, 356.4, 0.7)
quadrotor0
-0.01266646
-0.03165319
0.005623472
0.9994028
(358.6, 356.4, 0.7)
quadrotor0
-0.01266646
-0.03165319
0.00562347
0.9994028
(358.6, 356.4, 0.7)
quadrotor0
-0.01266646
-0.03165319
0.00562347
0.9994028
(358.6, 356.4, 0.7)
quadrotor0
-0.01266646
-0.03165319
0.005623469
0.9994028
(358.6, 356.4, 0.7)
quadrotor0
-0.01266646
-0.03165319
0.00562347
0.9994028
(358.6, 356.4, 0.7)
quadrotor0
-0.01266646
-0.03165319
0.005623471
0.9994028
(358.6, 356.4, 0.7)
quadrotor0
-0.01266647
-0.03165319
0.005623471
0.9994028
(358.6, 356.4, 0.7)
quadrotor0
-0.01266647
-0.03165319
0.00562347
0.9994028
(358.6, 356.4, 0.7)
quadrotor0
-0.01266646
-0.03165319
0.005623472
0.9994028
(358.6, 356.4, 0.7)
quadrotor0
-0.01266646
-0.03165319
0.005623474
0.9994028
(358.6, 356.4, 0.7)
quadrotor0
-0.01266646
-0.03165319
0.005623475
0.9994028
(358.6, 356.4, 0.7)
quadrotor0
-0.01266646
-0.03165319
0.005623476
0.9994028
(358.6, 356.4, 0.7)
quadrotor0
-0.01266646
-0.03165319
0.005623471
0.9994028
(358.6, 356.4, 0.7)
quadrotor0
-0.01266646
-0.03165319
0.005623466
0.9994028
(358.6, 356.4, 0.7)
quadrotor0
-0.01266646
-0.03165319
0.005623465
0.9994028
(358.6, 356.4, 0.7)
quadrotor0
-0.01266646
-0.03165319
0.00562347
0.9994028
(358.6, 356.4, 0.7)
quadrotor0
-0.01266646
-0.03165319
0.00562347
0.9994028
(358.6, 356.4, 0.7)
quadrotor0
-0.01266646
-0.03165319
0.005623469
0.9994028
(358.6, 356.4, 0.7)
quadrotor0
-0.01266646
-0.03165319
0.005623466
0.9994028
(358.6, 356.4, 0.7)
quadrotor0
-0.01266646
-0.03165319
0.005623468
0.9994028
(358.6, 356.4, 0.7)
quadrotor0
-0.01266646
-0.03165319
0.00562347
0.9994028
(358.6, 356.4, 0.7)
quadrotor0
-0.01266646
-0.03165319
0.00562347
0.9994028
(358.6, 356.4, 0.7)
quadrotor0
-0.01266646
-0.03165319
0.00562347
0.9994028
(358.6, 356.4, 0.7)
quadrotor0
-0.01266646
-0.03165319
0.005623472
0.9994028
(358.6, 356.4, 0.7)
quadrotor0
-0.01266646
-0.03165319
0.005623476
0.9994028
(358.6, 356.4, 0.7)
quadrotor0
-0.01266646
-0.03165319
0.005623479
0.9994028
(358.6, 356.4, 0.7)
quadrotor0
-0.01266646
-0.03165319
0.005623478
0.9994028
(358.6, 356.4, 0.7)
quadrotor0
-0.01266646
-0.03165319
0.005623473
0.9994028
(358.6, 356.4, 0.7)
quadrotor0
-0.01266646
-0.03165319
0.005623469
0.9994028
(358.6, 356.4, 0.7)
quadrotor0
-0.01266645
-0.03165319
0.005623467
0.9994028
(358.6, 356.4, 0.7)
quadrotor0
-0.01266646
-0.03165319
0.005623471
0.9994028
(358.6, 356.4, 0.7)
quadrotor0
-0.01266646
-0.03165319
0.00562347
0.9994028
(358.6, 356.4, 0.7)
quadrotor0
-0.01266646
-0.03165319
0.005623468
0.9994028
(358.6, 356.4, 0.7)
quadrotor0
-0.01266646
-0.03165319
0.005623464
0.9994028
(358.6, 356.4, 0.7)
quadrotor0
-0.01266646
-0.03165319
0.005623467
0.9994028
(358.6, 356.4, 0.7)
quadrotor0
-0.01266646
-0.03165319
0.00562347
0.9994028
(358.6, 356.4, 0.7)
quadrotor0
-0.01266646
-0.03165319
0.005623472
0.9994028
(358.6, 356.4, 0.7)
quadrotor0
-0.01266646
-0.03165319
0.005623472
0.9994028
(358.6, 356.4, 0.7)
quadrotor0
-0.01266646
-0.03165319
0.005623471
0.9994028
(358.6, 356.4, 0.7)
quadrotor0
-0.01266646
-0.03165319
0.005623467
0.9994028
(358.6, 356.4, 0.7)
quadrotor0
-0.01266645
-0.03165319
0.005623464
0.9994028
(358.6, 356.4, 0.7)
quadrotor0
-0.01266646
-0.03165319
0.005623465
0.9994028
(358.6, 356.4, 0.7)
quadrotor0
-0.01266646
-0.03165319
0.005623469
0.9994028
(358.6, 356.4, 0.7)
quadrotor0
-0.01266646
-0.03165319
0.005623468
0.9994028
(358.6, 356.4, 0.7)
quadrotor0
-0.01266645
-0.03165319
0.005623467
0.9994028
(358.6, 356.4, 0.7)
quadrotor0
-0.01266646
-0.03165319
0.00562347
0.9994028
(358.6, 356.4, 0.7)
quadrotor0
-0.01266646
-0.03165319
0.00562347
0.9994028
(358.6, 356.4, 0.7)
quadrotor0
-0.01266646
-0.03165319
0.005623469
0.9994028
(358.6, 356.4, 0.7)
quadrotor0
-0.01266646
-0.03165319
0.005623467
0.9994028
(358.6, 356.4, 0.7)
quadrotor0
-0.01266646
-0.03165319
0.005623469
0.9994028
(358.6, 356.4, 0.7)
quadrotor0
-0.01266646
-0.03165319
0.005623471
0.9994028
(358.6, 356.4, 0.7)
quadrotor0
-0.01266646
-0.03165319
0.005623473
0.9994028
(358.6, 356.4, 0.7)
quadrotor0
-0.01266646
-0.03165319
0.005623473
0.9994028
(358.6, 356.4, 0.7)
quadrotor0
-0.01266646
-0.03165319
0.005623471
0.9994028
(358.6, 356.4, 0.7)
quadrotor0
-0.01266646
-0.03165319
0.005623471
0.9994028
(358.6, 356.4, 0.7)
quadrotor0
-0.01266646
-0.03165319
0.005623471
0.9994028
(358.6, 356.4, 0.7)
quadrotor0
-0.01266646
-0.03165319
0.005623472
0.9994028
(358.6, 356.4, 0.7)
quadrotor0
-0.01266646
-0.03165319
0.005623471
0.9994028
(358.6, 356.4, 0.7)
quadrotor0
-0.01266646
-0.03165319
0.005623468
0.9994028
(358.6, 356.4, 0.7)
quadrotor0
-0.01266646
-0.03165319
0.005623465
0.9994028
(358.6, 356.4, 0.7)
quadrotor0
-0.01266646
-0.03165319
0.005623469
0.9994028
(358.6, 356.4, 0.7)
quadrotor0
-0.01266646
-0.03165319
0.005623471
0.9994028
(358.6, 356.4, 0.7)
quadrotor0
-0.01266646
-0.03165319
0.00562347
0.9994028
(358.6, 356.4, 0.7)
quadrotor0
-0.01266646
-0.03165319
0.005623469
0.9994028
(358.6, 356.4, 0.7)
quadrotor0
-0.01266646
-0.03165319
0.005623469
0.9994028
(358.6, 356.4, 0.7)
quadrotor0
-0.01266646
-0.03165319
0.005623471
0.9994028
(358.6, 356.4, 0.7)
quadrotor0
-0.01266646
-0.03165319
0.005623471
0.9994028
(358.6, 356.4, 0.7)
quadrotor0
-0.01266646
-0.03165319
0.005623472
0.9994028
(358.6, 356.4, 0.7)
quadrotor0
-0.01266646
-0.03165319
0.005623471
0.9994028
(358.6, 356.4, 0.7)
quadrotor0
-0.01266646
-0.03165319
0.005623469
0.9994028
(358.6, 356.4, 0.7)
quadrotor0
-0.01266646
-0.03165319
0.005623466
0.9994028
(358.6, 356.4, 0.7)
quadrotor0
-0.01266646
-0.03165319
0.005623466
0.9994028
(358.6, 356.4, 0.7)
quadrotor0
-0.01266646
-0.03165319
0.005623471
0.9994028
(358.6, 356.4, 0.7)
quadrotor0
-0.01266646
-0.03165319
0.005623472
0.9994028
(358.6, 356.4, 0.7)
quadrotor0
-0.01266646
-0.03165319
0.005623473
0.9994028
(358.6, 356.4, 0.7)
quadrotor0
-0.01266646
-0.03165319
0.005623471
0.9994028
(358.6, 356.4, 0.7)
quadrotor0
-0.01266646
-0.03165319
0.005623469
0.9994028
(358.6, 356.4, 0.7)
quadrotor0
-0.01266647
-0.03165319
0.005623467
0.9994028
(358.6, 356.4, 0.7)
quadrotor0
-0.01266646
-0.03165319
0.005623466
0.9994028
(358.6, 356.4, 0.7)
quadrotor0
-0.01266646
-0.03165319
0.005623469
0.9994028
(358.6, 356.4, 0.7)
quadrotor0
-0.01266646
-0.03165319
0.005623469
0.9994028
(358.6, 356.4, 0.7)
quadrotor0
-0.01266647
-0.03165319
0.005623467
0.9994028
(358.6, 356.4, 0.7)
quadrotor0
-0.01266647
-0.03165319
0.005623469
0.9994028
(358.6, 356.4, 0.7)
quadrotor0
-0.01266646
-0.03165319
0.00562347
0.9994028
(358.6, 356.4, 0.7)
quadrotor0
-0.01266646
-0.03165319
0.00562347
0.9994028
(358.6, 356.4, 0.7)
quadrotor0
-0.01266646
-0.03165319
0.005623469
0.9994028
(358.6, 356.4, 0.7)
quadrotor0
-0.01266646
-0.03165319
0.005623468
0.9994028
(358.6, 356.4, 0.7)
quadrotor0
-0.01266646
-0.03165319
0.00562347
0.9994028
(358.6, 356.4, 0.7)
quadrotor0
-0.01266646
-0.03165319
0.005623471
0.9994028
(358.6, 356.4, 0.7)
quadrotor0
-0.01266646
-0.03165319
0.005623472
0.9994028
(358.6, 356.4, 0.7)
quadrotor0
-0.01266646
-0.03165319
0.005623471
0.9994028
(358.6, 356.4, 0.7)
quadrotor0
-0.01266646
-0.03165319
0.00562347
0.9994028
(358.6, 356.4, 0.7)
quadrotor0
-0.01266646
-0.03165319
0.00562347
0.9994028
(358.6, 356.4, 0.7)
quadrotor0
-0.01266646
-0.03165319
0.005623469
0.9994028
(358.6, 356.4, 0.7)
quadrotor0
-0.01266646
-0.03165319
0.00562347
0.9994028
(358.6, 356.4, 0.7)
quadrotor0
-0.01266646
-0.03165319
0.005623473
0.9994028
(358.6, 356.4, 0.7)
quadrotor0
-0.01266646
-0.03165319
0.005623478
0.9994028
(358.6, 356.4, 0.7)
quadrotor0
-0.01266646
-0.03165319
0.005623475
0.9994028
(358.6, 356.4, 0.7)
quadrotor0
-0.01266646
-0.03165319
0.005623472
0.9994028
(358.6, 356.4, 0.7)
quadrotor0
-0.01266646
-0.03165319
0.005623473
0.9994028
(358.6, 356.4, 0.7)
quadrotor0
-0.01266646
-0.03165319
0.005623474
0.9994028
(358.6, 356.4, 0.7)
quadrotor0
-0.01266646
-0.03165319
0.005623475
0.9994028
(358.6, 356.4, 0.7)
quadrotor0
-0.01266646
-0.03165319
0.005623471
0.9994028
(358.6, 356.4, 0.7)
quadrotor0
-0.01266646
-0.03165319
0.005623469
0.9994028
(358.6, 356.4, 0.7)
quadrotor0
-0.01266646
-0.03165319
0.005623467
0.9994028
(358.6, 356.4, 0.7)
quadrotor0
-0.01266646
-0.03165319
0.005623471
0.9994028
(358.6, 356.4, 0.7)
quadrotor0
-0.01266646
-0.03165319
0.00562347
0.9994028
(358.6, 356.4, 0.7)
quadrotor0
-0.01266646
-0.03165319
0.005623469
0.9994028
(358.6, 356.4, 0.7)
quadrotor0
-0.01266646
-0.03165319
0.005623467
0.9994028
(358.6, 356.4, 0.7)
quadrotor0
-0.01266646
-0.03165319
0.005623469
0.9994028
(358.6, 356.4, 0.7)
quadrotor0
-0.01266646
-0.03165319
0.005623471
0.9994028
(358.6, 356.4, 0.7)
quadrotor0
-0.01266646
-0.03165319
0.005623471
0.9994028
(358.6, 356.4, 0.7)
quadrotor0
-0.01266647
-0.03165319
0.005623471
0.9994028
(358.6, 356.4, 0.7)
quadrotor0
-0.01266646
-0.03165319
0.005623472
0.9994028
(358.6, 356.4, 0.7)
quadrotor0
-0.01266646
-0.03165319
0.005623474
0.9994028
(358.6, 356.4, 0.7)
quadrotor0
-0.01266646
-0.03165319
0.005623475
0.9994028
(358.6, 356.4, 0.7)
quadrotor0
-0.01266646
-0.03165319
0.005623475
0.9994028
(358.6, 356.4, 0.7)
quadrotor0
-0.01266646
-0.03165319
0.005623471
0.9994028
(358.6, 356.4, 0.7)
quadrotor0
-0.01266646
-0.03165319
0.005623465
0.9994028
(358.6, 356.4, 0.7)
quadrotor0
-0.01266646
-0.03165319
0.005623465
0.9994028
(358.6, 356.4, 0.7)
quadrotor0
-0.01266646
-0.03165319
0.00562347
0.9994028
(358.6, 356.4, 0.7)
quadrotor0
-0.01266646
-0.03165319
0.00562347
0.9994028
(358.6, 356.4, 0.7)
quadrotor0
-0.01266646
-0.03165319
0.005623468
0.9994028
(358.6, 356.4, 0.7)
quadrotor0
-0.01266646
-0.03165319
0.005623464
0.9994028
(358.6, 356.4, 0.7)
quadrotor0
-0.01266646
-0.03165319
0.005623467
0.9994028
(358.6, 356.4, 0.7)
quadrotor0
-0.01266646
-0.03165319
0.00562347
0.9994028
(358.6, 356.4, 0.7)
quadrotor0
-0.01266646
-0.03165319
0.005623472
0.9994028
(358.6, 356.4, 0.7)
quadrotor0
-0.01266646
-0.03165319
0.005623472
0.9994028
(358.6, 356.4, 0.7)
quadrotor0
-0.01266646
-0.03165319
0.00562347
0.9994028
(358.6, 356.4, 0.7)
quadrotor0
-0.01266646
-0.03165319
0.005623467
0.9994028
(358.6, 356.4, 0.7)
quadrotor0
-0.01266646
-0.03165319
0.005623464
0.9994028
(358.6, 356.4, 0.7)
quadrotor0
-0.01266646
-0.03165319
0.005623466
0.9994028
(358.6, 356.4, 0.7)
quadrotor0
-0.01266646
-0.03165319
0.005623469
0.9994028
(358.6, 356.4, 0.7)
quadrotor0
-0.01266646
-0.03165319
0.005623466
0.9994028
(358.6, 356.4, 0.7)
quadrotor0
-0.01266647
-0.03165319
0.005623464
0.9994028
(358.6, 356.4, 0.7)
quadrotor0
-0.01266647
-0.03165319
0.005623469
0.9994028
(358.6, 356.4, 0.7)
quadrotor0
-0.01266646
-0.03165319
0.00562347
0.9994028
(358.6, 356.4, 0.7)
quadrotor0
-0.01266646
-0.03165319
0.005623471
0.9994028
(358.6, 356.4, 0.7)
quadrotor0
-0.01266646
-0.03165319
0.00562347
0.9994028
(358.6, 356.4, 0.7)
quadrotor0
-0.01266646
-0.03165319
0.005623469
0.9994028
(358.6, 356.4, 0.7)
quadrotor0
-0.01266646
-0.03165319
0.005623471
0.9994028
(358.6, 356.4, 0.7)
quadrotor0
-0.01266646
-0.03165319
0.005623472
0.9994028
(358.6, 356.4, 0.7)
quadrotor0
-0.01266646
-0.03165319
0.005623473
0.9994028
(358.6, 356.4, 0.7)
quadrotor0
-0.01266646
-0.03165319
0.005623471
0.9994028
(358.6, 356.4, 0.7)
quadrotor0
-0.01266646
-0.03165319
0.00562347
0.9994028
(358.6, 356.4, 0.7)
quadrotor0
-0.01266646
-0.03165319
0.005623469
0.9994028
(358.6, 356.4, 0.7)
quadrotor0
-0.01266646
-0.03165319
0.005623469
0.9994028
(358.6, 356.4, 0.7)
quadrotor0
-0.01266646
-0.03165319
0.005623471
0.9994028
(358.6, 356.4, 0.7)
quadrotor0
-0.01266646
-0.03165319
0.005623472
0.9994028
(358.6, 356.4, 0.7)
quadrotor0
-0.01266646
-0.03165319
0.005623475
0.9994028
(358.6, 356.4, 0.7)
quadrotor0
-0.01266646
-0.03165319
0.005623473
0.9994028
(358.6, 356.4, 0.7)
quadrotor0
-0.01266646
-0.03165319
0.005623471
0.9994028
(358.6, 356.4, 0.7)
quadrotor0
-0.01266646
-0.03165319
0.005623471
0.9994028
(358.6, 356.4, 0.7)
quadrotor0
-0.01266646
-0.03165319
0.005623471
0.9994028
(358.6, 356.4, 0.7)
quadrotor0
-0.01266646
-0.03165319
0.005623472
0.9994028
(358.6, 356.4, 0.7)
quadrotor0
-0.01266646
-0.03165319
0.005623471
0.9994028
(358.6, 356.4, 0.7)
quadrotor0
-0.01266646
-0.03165319
0.005623468
0.9994028
(358.6, 356.4, 0.7)
quadrotor0
-0.01266646
-0.03165319
0.005623466
0.9994028
(358.6, 356.4, 0.7)
quadrotor0
-0.01266646
-0.03165319
0.005623469
0.9994028
(358.6, 356.4, 0.7)
quadrotor0
-0.01266646
-0.03165319
0.005623471
0.9994028
(358.6, 356.4, 0.7)
quadrotor0
-0.01266646
-0.03165319
0.005623472
0.9994028
(358.6, 356.4, 0.7)
quadrotor0
-0.01266646
-0.03165319
0.005623472
0.9994028
(358.6, 356.4, 0.7)
quadrotor0
-0.01266646
-0.03165319
0.005623472
0.9994028
(358.6, 356.4, 0.7)
quadrotor0
-0.01266646
-0.03165319
0.005623471
0.9994028
(358.6, 356.4, 0.7)
quadrotor0
-0.01266646
-0.03165319
0.00562347
0.9994028
(358.6, 356.4, 0.7)
quadrotor0
-0.01266647
-0.03165319
0.005623469
0.9994028
(358.6, 356.4, 0.7)
quadrotor0
-0.01266646
-0.03165319
0.005623471
0.9994028
(358.6, 356.4, 0.7)
quadrotor0
-0.01266646
-0.03165319
0.005623472
0.9994028
(358.6, 356.4, 0.7)
quadrotor0
-0.01266646
-0.03165319
0.005623473
0.9994028
(358.6, 356.4, 0.7)
quadrotor0
-0.01266646
-0.03165319
0.005623473
0.9994028
(358.6, 356.4, 0.7)
quadrotor0
-0.01266646
-0.03165319
0.005623472
0.9994028
(358.6, 356.4, 0.7)
quadrotor0
-0.01266647
-0.03165319
0.00562347
0.9994028
(358.6, 356.4, 0.7)
quadrotor0
-0.01266647
-0.03165319
0.005623468
0.9994028
(358.6, 356.4, 0.7)
quadrotor0
-0.01266647
-0.03165319
0.005623469
0.9994028
(358.6, 356.4, 0.7)
quadrotor0
-0.01266646
-0.03165319
0.005623471
0.9994028
(358.6, 356.4, 0.7)
quadrotor0
-0.01266646
-0.03165319
0.00562347
0.9994028
(358.6, 356.4, 0.7)
quadrotor0
-0.01266646
-0.03165319
0.005623468
0.9994028
(358.6, 356.4, 0.7)
quadrotor0
-0.01266646
-0.03165319
0.005623468
0.9994028
(358.6, 356.4, 0.7)
quadrotor0
-0.01266646
-0.03165319
0.005623471
0.9994028
(358.6, 356.4, 0.7)
quadrotor0
-0.01266646
-0.03165319
0.005623473
0.9994028
(358.6, 356.4, 0.7)
quadrotor0
-0.01266645
-0.03165319
0.005623474
0.9994028
(358.6, 356.4, 0.7)
quadrotor0
-0.01266646
-0.03165319
0.005623472
0.9994028
(358.6, 356.4, 0.7)
quadrotor0
-0.01266646
-0.03165319
0.005623472
0.9994028
(358.6, 356.4, 0.7)
quadrotor0
-0.01266647
-0.03165319
0.005623474
0.9994028
(358.6, 356.4, 0.7)
quadrotor0
-0.01266646
-0.03165319
0.005623475
0.9994028
(358.6, 356.4, 0.7)
quadrotor0
-0.01266646
-0.03165319
0.005623473
0.9994028
(358.6, 356.4, 0.7)
quadrotor0
-0.01266646
-0.03165319
0.005623468
0.9994028
(358.6, 356.4, 0.7)
quadrotor0
-0.01266647
-0.03165319
0.005623466
0.9994028
(358.6, 356.4, 0.7)
quadrotor0
-0.01266647
-0.03165319
0.005623469
0.9994028
(358.6, 356.4, 0.7)
quadrotor0
-0.01266646
-0.03165319
0.00562347
0.9994028
(358.6, 356.4, 0.7)
quadrotor0
-0.01266646
-0.03165319
0.005623468
0.9994028
(358.6, 356.4, 0.7)
quadrotor0
-0.01266646
-0.03165319
0.005623466
0.9994028
(358.6, 356.4, 0.7)
quadrotor0
-0.01266646
-0.03165319
0.005623467
0.9994028
(358.6, 356.4, 0.7)
quadrotor0
-0.01266646
-0.03165319
0.00562347
0.9994028
(358.6, 356.4, 0.7)
quadrotor0
-0.01266646
-0.03165319
0.005623471
0.9994028
(358.6, 356.4, 0.7)
quadrotor0
-0.01266646
-0.03165319
0.005623471
0.9994028
(358.6, 356.4, 0.7)
quadrotor0
-0.01266646
-0.03165319
0.005623471
0.9994028
(358.6, 356.4, 0.7)
quadrotor0
-0.01266646
-0.03165319
0.005623472
0.9994028
(358.6, 356.4, 0.7)
quadrotor0
-0.01266646
-0.03165319
0.005623472
0.9994028
(358.6, 356.4, 0.7)
quadrotor0
-0.01266646
-0.03165319
0.005623473
0.9994028
(358.6, 356.4, 0.7)
quadrotor0
-0.01266646
-0.03165319
0.005623472
0.9994028
(358.6, 356.4, 0.7)
quadrotor0
-0.01266646
-0.03165319
0.005623468
0.9994028
(358.6, 356.4, 0.7)
quadrotor0
-0.01266646
-0.03165319
0.005623466
0.9994028
(358.6, 356.4, 0.7)
quadrotor0
-0.01266646
-0.03165319
0.00562347
0.9994028
(358.6, 356.4, 0.7)
quadrotor0
-0.01266646
-0.03165319
0.005623471
0.9994028
(358.6, 356.4, 0.7)
quadrotor0
-0.01266646
-0.03165319
0.005623471
0.9994028
(358.6, 356.4, 0.7)
quadrotor0
-0.01266646
-0.03165319
0.005623471
0.9994028
(358.6, 356.4, 0.7)
quadrotor0
-0.01266646
-0.03165319
0.005623471
0.9994028
(358.6, 356.4, 0.7)
quadrotor0
-0.01266646
-0.03165319
0.005623472
0.9994028
(358.6, 356.4, 0.7)
quadrotor0
-0.01266646
-0.03165319
0.005623473
0.9994028
(358.6, 356.4, 0.7)
quadrotor0
-0.01266646
-0.03165319
0.005623473
0.9994028
(358.6, 356.4, 0.7)
quadrotor0
-0.01266646
-0.03165319
0.005623471
0.9994028
(358.6, 356.4, 0.7)
quadrotor0
-0.01266646
-0.03165319
0.00562347
0.9994028
(358.6, 356.4, 0.7)
quadrotor0
-0.01266646
-0.03165319
0.005623471
0.9994028
(358.6, 356.4, 0.7)
quadrotor0
-0.01266646
-0.03165319
0.00562347
0.9994028
(358.6, 356.4, 0.7)
quadrotor0
-0.01266646
-0.03165319
0.005623471
0.9994028
(358.6, 356.4, 0.7)
quadrotor0
-0.01266646
-0.03165319
0.005623473
0.9994028
(358.6, 356.4, 0.7)
quadrotor0
-0.01266646
-0.03165319
0.005623475
0.9994028
(358.6, 356.4, 0.7)
quadrotor0
-0.01266646
-0.03165319
0.005623473
0.9994028
(358.6, 356.4, 0.7)
quadrotor0
-0.01266646
-0.03165319
0.005623471
0.9994028
(358.6, 356.4, 0.7)
quadrotor0
-0.01266646
-0.03165319
0.005623471
0.9994028
(358.6, 356.4, 0.7)
quadrotor0
-0.01266646
-0.03165319
0.005623472
0.9994028
(358.6, 356.4, 0.7)
quadrotor0
-0.01266646
-0.03165319
0.005623472
0.9994028
(358.6, 356.4, 0.7)
quadrotor0
-0.01266646
-0.03165319
0.005623471
0.9994028
(358.6, 356.4, 0.7)
quadrotor0
-0.01266646
-0.03165319
0.005623469
0.9994028
(358.6, 356.4, 0.7)
quadrotor0
-0.01266646
-0.03165319
0.005623469
0.9994028
(358.6, 356.4, 0.7)
quadrotor0
-0.01266646
-0.03165319
0.005623471
0.9994028
(358.6, 356.4, 0.7)
quadrotor0
-0.01266646
-0.03165319
0.005623473
0.9994028
(358.6, 356.4, 0.7)
quadrotor0
-0.01266646
-0.03165319
0.005623474
0.9994028
(358.6, 356.4, 0.7)
quadrotor0
-0.01266646
-0.03165319
0.005623475
0.9994028
(358.6, 356.4, 0.7)
quadrotor0
-0.01266646
-0.03165319
0.005623473
0.9994028
(358.6, 356.4, 0.7)
quadrotor0
-0.01266646
-0.03165319
0.005623473
0.9994028
(358.6, 356.4, 0.7)
quadrotor0
-0.01266646
-0.03165319
0.005623474
0.9994028
(358.6, 356.4, 0.7)
quadrotor0
-0.01266646
-0.03165319
0.005623473
0.9994028
(358.6, 356.4, 0.7)
quadrotor0
-0.01266646
-0.03165319
0.005623469
0.9994028
(358.6, 356.4, 0.7)
quadrotor0
-0.01266646
-0.03165319
0.005623465
0.9994028
(358.6, 356.4, 0.7)
quadrotor0
-0.01266646
-0.03165319
0.005623463
0.9994028
(358.6, 356.4, 0.7)
quadrotor0
-0.01266646
-0.03165319
0.005623467
0.9994028
(358.6, 356.4, 0.7)
quadrotor0
-0.01266646
-0.03165319
0.005623469
0.9994028
(358.6, 356.4, 0.7)
quadrotor0
-0.01266646
-0.03165319
0.005623469
0.9994028
(358.6, 356.4, 0.7)
quadrotor0
-0.01266646
-0.03165319
0.005623468
0.9994028
(358.6, 356.4, 0.7)
quadrotor0
-0.01266646
-0.03165319
0.005623471
0.9994028
(358.6, 356.4, 0.7)
quadrotor0
-0.01266646
-0.03165319
0.005623473
0.9994028
(358.6, 356.4, 0.7)
quadrotor0
-0.01266645
-0.03165319
0.005623477
0.9994028
(358.6, 356.4, 0.7)
quadrotor0
-0.01266646
-0.03165319
0.005623478
0.9994028
(358.6, 356.4, 0.7)
quadrotor0
-0.01266646
-0.03165319
0.005623475
0.9994028
(358.6, 356.4, 0.7)
quadrotor0
-0.01266646
-0.03165319
0.00562347
0.9994028
(358.6, 356.4, 0.7)
quadrotor0
-0.01266645
-0.03165319
0.005623468
0.9994028
(358.6, 356.4, 0.7)
quadrotor0
-0.01266645
-0.03165319
0.00562347
0.9994028
(358.6, 356.4, 0.7)
quadrotor0
-0.01266646
-0.03165319
0.005623471
0.9994028
(358.6, 356.4, 0.7)
quadrotor0
-0.01266646
-0.03165319
0.005623469
0.9994028
(358.6, 356.4, 0.7)
quadrotor0
-0.01266646
-0.03165319
0.005623466
0.9994028
(358.6, 356.4, 0.7)
quadrotor0
-0.01266646
-0.03165319
0.005623467
0.9994028
(358.6, 356.4, 0.7)
quadrotor0
-0.01266646
-0.03165319
0.00562347
0.9994028
(358.6, 356.4, 0.7)
quadrotor0
-0.01266646
-0.03165319
0.005623472
0.9994028
(358.6, 356.4, 0.7)
quadrotor0
-0.01266646
-0.03165319
0.005623473
0.9994028
(358.6, 356.4, 0.7)
quadrotor0
-0.01266646
-0.03165319
0.005623471
0.9994028
(358.6, 356.4, 0.7)
quadrotor0
-0.01266646
-0.03165319
0.005623469
0.9994028
(358.6, 356.4, 0.7)
quadrotor0
-0.01266647
-0.03165319
0.005623467
0.9994028
(358.6, 356.4, 0.7)
quadrotor0
-0.01266646
-0.03165319
0.005623467
0.9994028
(358.6, 356.4, 0.7)
quadrotor0
-0.01266646
-0.03165319
0.005623469
0.9994028
(358.6, 356.4, 0.7)
quadrotor0
-0.01266646
-0.03165319
0.005623468
0.9994028
(358.6, 356.4, 0.7)
quadrotor0
-0.01266647
-0.03165319
0.005623465
0.9994028
(358.6, 356.4, 0.7)
quadrotor0
-0.01266647
-0.03165319
0.005623466
0.9994028
(358.6, 356.4, 0.7)
quadrotor0
-0.01266646
-0.03165319
0.00562347
0.9994028
(358.6, 356.4, 0.7)
quadrotor0
-0.01266646
-0.03165319
0.00562347
0.9994028
(358.6, 356.4, 0.7)
quadrotor0
-0.01266646
-0.03165319
0.00562347
0.9994028
(358.6, 356.4, 0.7)
quadrotor0
-0.01266646
-0.03165319
0.005623467
0.9994028
(358.6, 356.4, 0.7)
quadrotor0
-0.01266646
-0.03165319
0.00562347
0.9994028
(358.6, 356.4, 0.7)
quadrotor0
-0.01266646
-0.03165319
0.005623471
0.9994028
(358.6, 356.4, 0.7)
quadrotor0
-0.01266645
-0.03165319
0.005623472
0.9994028
(358.6, 356.4, 0.7)
quadrotor0
-0.01266645
-0.03165319
0.005623472
0.9994028
(358.6, 356.4, 0.7)
quadrotor0
-0.01266646
-0.03165319
0.00562347
0.9994028
(358.6, 356.4, 0.7)
quadrotor0
-0.01266646
-0.03165319
0.005623469
0.9994028
(358.6, 356.4, 0.7)
quadrotor0
-0.01266646
-0.03165319
0.005623468
0.9994028
(358.6, 356.4, 0.7)
quadrotor0
-0.01266646
-0.03165319
0.005623469
0.9994028
(358.6, 356.4, 0.7)
quadrotor0
-0.01266646
-0.03165319
0.005623473
0.9994028
(358.6, 356.4, 0.7)
quadrotor0
-0.01266646
-0.03165319
0.005623477
0.9994028
(358.6, 356.4, 0.7)
quadrotor0
-0.01266646
-0.03165319
0.005623476
0.9994028
(358.6, 356.4, 0.7)
quadrotor0
-0.01266646
-0.03165319
0.005623472
0.9994028
(358.6, 356.4, 0.7)
quadrotor0
-0.01266646
-0.03165319
0.005623473
0.9994028
(358.6, 356.4, 0.7)
quadrotor0
-0.01266646
-0.03165319
0.005623474
0.9994028
(358.6, 356.4, 0.7)
quadrotor0
-0.01266646
-0.03165319
0.005623476
0.9994028
(358.6, 356.4, 0.7)
quadrotor0
-0.01266646
-0.03165319
0.005623473
0.9994028
(358.6, 356.4, 0.7)
quadrotor0
-0.01266646
-0.03165319
0.00562347
0.9994028
(358.6, 356.4, 0.7)
quadrotor0
-0.01266645
-0.03165319
0.005623467
0.9994028
(358.6, 356.4, 0.7)
quadrotor0
-0.01266645
-0.03165319
0.005623471
0.9994028
(358.6, 356.4, 0.7)
quadrotor0
-0.01266646
-0.03165319
0.005623471
0.9994028
(358.6, 356.4, 0.7)
quadrotor0
-0.01266646
-0.03165319
0.005623467
0.9994028
(358.6, 356.4, 0.7)
quadrotor0
-0.01266646
-0.03165319
0.005623465
0.9994028
(358.6, 356.4, 0.7)
quadrotor0
-0.01266646
-0.03165319
0.005623467
0.9994028
(358.6, 356.4, 0.7)
quadrotor0
-0.01266646
-0.03165319
0.00562347
0.9994028
(358.6, 356.4, 0.7)
quadrotor0
-0.01266646
-0.03165319
0.005623469
0.9994028
(358.6, 356.4, 0.7)
quadrotor0
-0.01266646
-0.03165319
0.005623469
0.9994028
(358.6, 356.4, 0.7)
quadrotor0
-0.01266646
-0.03165319
0.005623471
0.9994028
(358.6, 356.4, 0.7)
quadrotor0
-0.01266646
-0.03165319
0.005623473
0.9994028
(358.6, 356.4, 0.7)
quadrotor0
-0.01266645
-0.03165319
0.005623475
0.9994028
(358.6, 356.4, 0.7)
quadrotor0
-0.01266646
-0.03165319
0.005623476
0.9994028
(358.6, 356.4, 0.7)
quadrotor0
-0.01266646
-0.03165319
0.005623474
0.9994028
(358.6, 356.4, 0.7)
quadrotor0
-0.01266646
-0.03165319
0.005623471
0.9994028
(358.6, 356.4, 0.7)
quadrotor0
-0.01266645
-0.03165319
0.005623467
0.9994028
(358.6, 356.4, 0.7)
quadrotor0
-0.01266645
-0.03165319
0.00562347
0.9994028
(358.6, 356.4, 0.7)
quadrotor0
-0.01266646
-0.03165319
0.005623471
0.9994028
(358.6, 356.4, 0.7)
quadrotor0
-0.01266646
-0.03165319
0.005623468
0.9994028
(358.6, 356.4, 0.7)
quadrotor0
-0.01266646
-0.03165319
0.005623465
0.9994028
(358.6, 356.4, 0.7)
quadrotor0
-0.01266646
-0.03165319
0.005623465
0.9994028
(358.6, 356.4, 0.7)
quadrotor0
-0.01266646
-0.03165319
0.00562347
0.9994028
(358.6, 356.4, 0.7)
quadrotor0
-0.01266646
-0.03165319
0.005623472
0.9994028
(358.6, 356.4, 0.7)
quadrotor0
-0.01266646
-0.03165319
0.005623473
0.9994028
(358.6, 356.4, 0.7)
quadrotor0
-0.01266646
-0.03165319
0.00562347
0.9994028
(358.6, 356.4, 0.7)
quadrotor0
-0.01266646
-0.03165319
0.005623468
0.9994028
(358.6, 356.4, 0.7)
quadrotor0
-0.01266645
-0.03165319
0.005623467
0.9994028
(358.6, 356.4, 0.7)
quadrotor0
-0.01266646
-0.03165319
0.005623466
0.9994028
(358.6, 356.4, 0.7)
quadrotor0
-0.01266646
-0.03165319
0.005623469
0.9994028
(358.6, 356.4, 0.7)
quadrotor0
-0.01266646
-0.03165319
0.005623469
0.9994028
(358.6, 356.4, 0.7)
quadrotor0
-0.01266645
-0.03165319
0.005623466
0.9994028
(358.6, 356.4, 0.7)
quadrotor0
-0.01266645
-0.03165319
0.005623468
0.9994028
(358.6, 356.4, 0.7)
quadrotor0
-0.01266646
-0.03165319
0.005623471
0.9994028
(358.6, 356.4, 0.7)
quadrotor0
-0.01266646
-0.03165319
0.005623469
0.9994028
(358.6, 356.4, 0.7)
quadrotor0
-0.01266646
-0.03165319
0.005623467
0.9994028
(358.6, 356.4, 0.7)
quadrotor0
-0.01266646
-0.03165319
0.005623467
0.9994028
(358.6, 356.4, 0.7)
quadrotor0
-0.01266646
-0.03165319
0.00562347
0.9994028
(358.6, 356.4, 0.7)
quadrotor0
-0.01266646
-0.03165319
0.005623471
0.9994028
(358.6, 356.4, 0.7)
quadrotor0
-0.01266646
-0.03165319
0.005623471
0.9994028
(358.6, 356.4, 0.7)
quadrotor0
-0.01266646
-0.03165319
0.005623471
0.9994028
(358.6, 356.4, 0.7)
quadrotor0
-0.01266646
-0.03165319
0.005623471
0.9994028
(358.6, 356.4, 0.7)
quadrotor0
-0.01266646
-0.03165319
0.005623471
0.9994028
(358.6, 356.4, 0.7)
quadrotor0
-0.01266646
-0.03165319
0.005623471
0.9994028
(358.6, 356.4, 0.7)
quadrotor0
-0.01266646
-0.03165319
0.005623471
0.9994028
(358.6, 356.4, 0.7)
quadrotor0
-0.01266646
-0.03165319
0.005623472
0.9994028
(358.6, 356.4, 0.7)
quadrotor0
-0.01266646
-0.03165319
0.005623474
0.9994028
(358.6, 356.4, 0.7)
quadrotor0
-0.01266646
-0.03165319
0.005623472
0.9994028
(358.6, 356.4, 0.7)
quadrotor0
-0.01266646
-0.03165319
0.005623471
0.9994028
(358.6, 356.4, 0.7)
quadrotor0
-0.01266646
-0.03165319
0.00562347
0.9994028
(358.6, 356.4, 0.7)
quadrotor0
-0.01266646
-0.03165319
0.005623471
0.9994028
(358.6, 356.4, 0.7)
quadrotor0
-0.01266646
-0.03165319
0.005623471
0.9994028
(358.6, 356.4, 0.7)
quadrotor0
-0.01266646
-0.03165319
0.005623471
0.9994028
(358.6, 356.4, 0.7)
quadrotor0
-0.01266645
-0.03165319
0.005623472
0.9994028
(358.6, 356.4, 0.7)
quadrotor0
-0.01266645
-0.03165319
0.005623473
0.9994028
(358.6, 356.4, 0.7)
quadrotor0
-0.01266646
-0.03165319
0.005623471
0.9994028
(358.6, 356.4, 0.7)
quadrotor0
-0.01266646
-0.03165319
0.005623471
0.9994028
(358.6, 356.4, 0.7)
quadrotor0
-0.01266646
-0.03165319
0.00562347
0.9994028
(358.6, 356.4, 0.7)
quadrotor0
-0.01266646
-0.03165319
0.00562347
0.9994028
(358.6, 356.4, 0.7)
quadrotor0
-0.01266646
-0.03165319
0.005623471
0.9994028
(358.6, 356.4, 0.7)
quadrotor0
-0.01266646
-0.03165319
0.005623475
0.9994028
(358.6, 356.4, 0.7)
quadrotor0
-0.01266646
-0.03165319
0.005623477
0.9994028
(358.6, 356.4, 0.7)
quadrotor0
-0.01266646
-0.03165319
0.005623473
0.9994028
(358.6, 356.4, 0.7)
quadrotor0
-0.01266646
-0.03165319
0.005623472
0.9994028
(358.6, 356.4, 0.7)
quadrotor0
-0.01266646
-0.03165319
0.005623475
0.9994028
(358.6, 356.4, 0.7)
quadrotor0
-0.01266646
-0.03165319
0.005623478
0.9994028
(358.6, 356.4, 0.7)
quadrotor0
-0.01266646
-0.03165319
0.005623477
0.9994028
(358.6, 356.4, 0.7)
quadrotor0
-0.01266646
-0.03165319
0.005623471
0.9994028
(358.6, 356.4, 0.7)
quadrotor0
-0.01266646
-0.03165319
0.005623466
0.9994028
(358.6, 356.4, 0.7)
quadrotor0
-0.01266646
-0.03165319
0.005623466
0.9994028
(358.6, 356.4, 0.7)
quadrotor0
-0.01266646
-0.03165319
0.00562347
0.9994028
(358.6, 356.4, 0.7)
quadrotor0
-0.01266646
-0.03165319
0.00562347
0.9994028
(358.6, 356.4, 0.7)
quadrotor0
-0.01266646
-0.03165319
0.005623469
0.9994028
(358.6, 356.4, 0.7)
quadrotor0
-0.01266646
-0.03165319
0.005623467
0.9994028
(358.6, 356.4, 0.7)
quadrotor0
-0.01266646
-0.03165319
0.005623469
0.9994028
(358.6, 356.4, 0.7)
quadrotor0
-0.01266646
-0.03165319
0.00562347
0.9994028
(358.6, 356.4, 0.7)
quadrotor0
-0.01266646
-0.03165319
0.00562347
0.9994028
(358.6, 356.4, 0.7)
quadrotor0
-0.01266647
-0.03165319
0.00562347
0.9994028
(358.6, 356.4, 0.7)
quadrotor0
-0.01266646
-0.03165319
0.005623471
0.9994028
(358.6, 356.4, 0.7)
quadrotor0
-0.01266646
-0.03165319
0.005623472
0.9994028
(358.6, 356.4, 0.7)
quadrotor0
-0.01266645
-0.03165319
0.005623473
0.9994028
(358.6, 356.4, 0.7)
quadrotor0
-0.01266646
-0.03165319
0.005623473
0.9994028
(358.6, 356.4, 0.7)
quadrotor0
-0.01266646
-0.03165319
0.005623472
0.9994028
(358.6, 356.4, 0.7)
quadrotor0
-0.01266646
-0.03165319
0.00562347
0.9994028
(358.6, 356.4, 0.7)
quadrotor0
-0.01266646
-0.03165319
0.005623468
0.9994028
(358.6, 356.4, 0.7)
quadrotor0
-0.01266646
-0.03165319
0.005623471
0.9994028
(358.6, 356.4, 0.7)
quadrotor0
-0.01266646
-0.03165319
0.005623471
0.9994028
(358.6, 356.4, 0.7)
quadrotor0
-0.01266646
-0.03165319
0.005623472
0.9994028
(358.6, 356.4, 0.7)
quadrotor0
-0.01266646
-0.03165319
0.005623471
0.9994028
(358.6, 356.4, 0.7)
quadrotor0
-0.01266646
-0.03165319
0.005623471
0.9994028
(358.6, 356.4, 0.7)
quadrotor0
-0.01266646
-0.03165319
0.005623471
0.9994028
(358.6, 356.4, 0.7)
quadrotor0
-0.01266646
-0.03165319
0.005623473
0.9994028
(358.6, 356.4, 0.7)
quadrotor0
-0.01266646
-0.03165319
0.005623474
0.9994028
(358.6, 356.4, 0.7)
quadrotor0
-0.01266646
-0.03165319
0.005623472
0.9994028
(358.6, 356.4, 0.7)
quadrotor0
-0.01266646
-0.03165319
0.00562347
0.9994028
(358.6, 356.4, 0.7)
quadrotor0
-0.01266646
-0.03165319
0.00562347
0.9994028
(358.6, 356.4, 0.7)
quadrotor0
-0.01266646
-0.03165319
0.005623469
0.9994028
(358.6, 356.4, 0.7)
quadrotor0
-0.01266646
-0.03165319
0.00562347
0.9994028
(358.6, 356.4, 0.7)
quadrotor0
-0.01266646
-0.03165319
0.005623471
0.9994028
(358.6, 356.4, 0.7)
quadrotor0
-0.01266646
-0.03165319
0.005623471
0.9994028
(358.6, 356.4, 0.7)
quadrotor0
-0.01266646
-0.03165319
0.005623471
0.9994028
(358.6, 356.4, 0.7)
quadrotor0
-0.01266646
-0.03165319
0.005623472
0.9994028
(358.6, 356.4, 0.7)
quadrotor0
-0.01266646
-0.03165319
0.005623475
0.9994028
(358.6, 356.4, 0.7)
quadrotor0
-0.01266646
-0.03165319
0.005623479
0.9994028
(358.6, 356.4, 0.7)
quadrotor0
-0.01266646
-0.03165319
0.005623478
0.9994028
(358.6, 356.4, 0.7)
quadrotor0
-0.01266646
-0.03165319
0.005623473
0.9994028
(358.6, 356.4, 0.7)
quadrotor0
-0.01266646
-0.03165319
0.005623465
0.9994028
(358.6, 356.4, 0.7)
quadrotor0
-0.01266646
-0.03165319
0.005623466
0.9994028
(358.6, 356.4, 0.7)
quadrotor0
-0.01266646
-0.03165319
0.00562347
0.9994028
(358.6, 356.4, 0.7)
quadrotor0
-0.01266646
-0.03165319
0.005623469
0.9994028
(358.6, 356.4, 0.7)
quadrotor0
-0.01266645
-0.03165319
0.005623467
0.9994028
(358.6, 356.4, 0.7)
quadrotor0
-0.01266645
-0.03165319
0.005623465
0.9994028
(358.6, 356.4, 0.7)
quadrotor0
-0.01266646
-0.03165319
0.005623467
0.9994028
(358.6, 356.4, 0.7)
quadrotor0
-0.01266646
-0.03165319
0.005623469
0.9994028
(358.6, 356.4, 0.7)
quadrotor0
-0.01266645
-0.03165319
0.005623468
0.9994028
(358.6, 356.4, 0.7)
quadrotor0
-0.01266645
-0.03165319
0.005623467
0.9994028
(358.6, 356.4, 0.7)
quadrotor0
-0.01266646
-0.03165319
0.00562347
0.9994028
(358.6, 356.4, 0.7)
quadrotor0
-0.01266646
-0.03165319
0.00562347
0.9994028
(358.6, 356.4, 0.7)
quadrotor0
-0.01266646
-0.03165319
0.005623468
0.9994028
(358.6, 356.4, 0.7)
quadrotor0
-0.01266646
-0.03165319
0.005623467
0.9994028
(358.6, 356.4, 0.7)
quadrotor0
-0.01266646
-0.03165319
0.005623469
0.9994028
(358.6, 356.4, 0.7)
quadrotor0
-0.01266646
-0.03165319
0.005623472
0.9994028
(358.6, 356.4, 0.7)
quadrotor0
-0.01266646
-0.03165319
0.005623473
0.9994028
(358.6, 356.4, 0.7)
quadrotor0
-0.01266646
-0.03165319
0.005623473
0.9994028
(358.6, 356.4, 0.7)
quadrotor0
-0.01266646
-0.03165319
0.00562347
0.9994028
(358.6, 356.4, 0.7)
quadrotor0
-0.01266646
-0.03165319
0.005623468
0.9994028
(358.6, 356.4, 0.7)
quadrotor0
-0.01266646
-0.03165319
0.005623467
0.9994028
(358.6, 356.4, 0.7)
quadrotor0
-0.01266646
-0.03165319
0.005623468
0.9994028
(358.6, 356.4, 0.7)
quadrotor0
-0.01266646
-0.03165319
0.005623469
0.9994028
(358.6, 356.4, 0.7)
quadrotor0
-0.01266646
-0.03165319
0.005623468
0.9994028
(358.6, 356.4, 0.7)
quadrotor0
-0.01266646
-0.03165319
0.005623466
0.9994028
(358.6, 356.4, 0.7)
quadrotor0
-0.01266646
-0.03165319
0.00562347
0.9994028
(358.6, 356.4, 0.7)
quadrotor0
-0.01266646
-0.03165319
0.005623471
0.9994028
(358.6, 356.4, 0.7)
quadrotor0
-0.01266646
-0.03165319
0.005623471
0.9994028
(358.6, 356.4, 0.7)
quadrotor0
-0.01266646
-0.03165319
0.005623469
0.9994028
(358.6, 356.4, 0.7)
quadrotor0
-0.01266646
-0.03165319
0.005623469
0.9994028
(358.6, 356.4, 0.7)
quadrotor0
-0.01266646
-0.03165319
0.005623471
0.9994028
(358.6, 356.4, 0.7)
quadrotor0
-0.01266646
-0.03165319
0.005623471
0.9994028
(358.6, 356.4, 0.7)
quadrotor0
-0.01266646
-0.03165319
0.005623471
0.9994028
(358.6, 356.4, 0.7)
quadrotor0
-0.01266646
-0.03165319
0.005623472
0.9994028
(358.6, 356.4, 0.7)
quadrotor0
-0.01266646
-0.03165319
0.005623474
0.9994028
(358.6, 356.4, 0.7)
quadrotor0
-0.01266646
-0.03165319
0.005623476
0.9994028
(358.6, 356.4, 0.7)
quadrotor0
-0.01266646
-0.03165319
0.005623476
0.9994028
(358.6, 356.4, 0.7)
quadrotor0
-0.01266646
-0.03165319
0.005623472
0.9994028
(358.6, 356.4, 0.7)
quadrotor0
-0.01266646
-0.03165319
0.005623467
0.9994028
(358.6, 356.4, 0.7)
quadrotor0
-0.01266646
-0.03165319
0.005623466
0.9994028
(358.6, 356.4, 0.7)
quadrotor0
-0.01266646
-0.03165319
0.00562347
0.9994028
(358.6, 356.4, 0.7)
quadrotor0
-0.01266646
-0.03165319
0.00562347
0.9994028
(358.6, 356.4, 0.7)
quadrotor0
-0.01266646
-0.03165319
0.005623469
0.9994028
(358.6, 356.4, 0.7)
quadrotor0
-0.01266646
-0.03165319
0.005623467
0.9994028
(358.6, 356.4, 0.7)
quadrotor0
-0.01266646
-0.03165319
0.005623468
0.9994028
(358.6, 356.4, 0.7)
quadrotor0
-0.01266646
-0.03165319
0.00562347
0.9994028
(358.6, 356.4, 0.7)
quadrotor0
-0.01266646
-0.03165319
0.005623468
0.9994028
(358.6, 356.4, 0.7)
quadrotor0
-0.01266646
-0.03165319
0.005623467
0.9994028
(358.6, 356.4, 0.7)
quadrotor0
-0.01266646
-0.03165319
0.005623471
0.9994028
(358.6, 356.4, 0.7)
quadrotor0
-0.01266646
-0.03165319
0.005623472
0.9994028
(358.6, 356.4, 0.7)
quadrotor0
-0.01266645
-0.03165319
0.005623473
0.9994028
(358.6, 356.4, 0.7)
quadrotor0
-0.01266646
-0.03165319
0.005623473
0.9994028
(358.6, 356.4, 0.7)
quadrotor0
-0.01266646
-0.03165319
0.005623473
0.9994028
(358.6, 356.4, 0.7)
quadrotor0
-0.01266646
-0.03165319
0.005623471
0.9994028
(358.6, 356.4, 0.7)
quadrotor0
-0.01266646
-0.03165319
0.00562347
0.9994028
(358.6, 356.4, 0.7)
quadrotor0
-0.01266646
-0.03165319
0.005623471
0.9994028
(358.6, 356.4, 0.7)
quadrotor0
-0.01266646
-0.03165319
0.005623472
0.9994028
(358.6, 356.4, 0.7)
quadrotor0
-0.01266646
-0.03165319
0.005623474
0.9994028
(358.6, 356.4, 0.7)
quadrotor0
-0.01266646
-0.03165319
0.005623474
0.9994028
(358.6, 356.4, 0.7)
quadrotor0
-0.01266646
-0.03165319
0.005623475
0.9994028
(358.6, 356.4, 0.7)
quadrotor0
-0.01266646
-0.03165319
0.005623472
0.9994028
(358.6, 356.4, 0.7)
quadrotor0
-0.01266646
-0.03165319
0.005623471
0.9994028
(358.6, 356.4, 0.7)
quadrotor0
-0.01266646
-0.03165319
0.005623469
0.9994028
(358.6, 356.4, 0.7)
quadrotor0
-0.01266646
-0.03165319
0.005623471
0.9994028
(358.6, 356.4, 0.7)
quadrotor0
-0.01266646
-0.03165319
0.005623472
0.9994028
(358.6, 356.4, 0.7)
quadrotor0
-0.01266646
-0.03165319
0.005623473
0.9994028
(358.6, 356.4, 0.7)
quadrotor0
-0.01266646
-0.03165319
0.005623473
0.9994028
(358.6, 356.4, 0.7)
quadrotor0
-0.01266646
-0.03165319
0.005623472
0.9994028
(358.6, 356.4, 0.7)
quadrotor0
-0.01266646
-0.03165319
0.005623472
0.9994028
(358.6, 356.4, 0.7)
quadrotor0
-0.01266646
-0.03165319
0.005623472
0.9994028
(358.6, 356.4, 0.7)
quadrotor0
-0.01266646
-0.03165319
0.005623471
0.9994028
(358.6, 356.4, 0.7)
quadrotor0
-0.01266646
-0.03165319
0.005623471
0.9994028
(358.6, 356.4, 0.7)
quadrotor0
-0.01266646
-0.03165319
0.00562347
0.9994028
(358.6, 356.4, 0.7)
quadrotor0
-0.01266646
-0.03165319
0.005623469
0.9994028
(358.6, 356.4, 0.7)
quadrotor0
-0.01266646
-0.03165319
0.005623468
0.9994028
(358.6, 356.4, 0.7)
quadrotor0
-0.01266646
-0.03165319
0.005623471
0.9994028
(358.6, 356.4, 0.7)
quadrotor0
-0.01266646
-0.03165319
0.005623473
0.9994028
(358.6, 356.4, 0.7)
quadrotor0
-0.01266646
-0.03165319
0.005623475
0.9994028
(358.6, 356.4, 0.7)
quadrotor0
-0.01266646
-0.03165319
0.005623472
0.9994028
(358.6, 356.4, 0.7)
quadrotor0
-0.01266646
-0.03165319
0.005623471
0.9994028
(358.6, 356.4, 0.7)
quadrotor0
-0.01266646
-0.03165319
0.00562347
0.9994028
(358.6, 356.4, 0.7)
quadrotor0
-0.01266646
-0.03165319
0.005623469
0.9994028
(358.6, 356.4, 0.7)
quadrotor0
-0.01266646
-0.03165319
0.00562347
0.9994028
(358.6, 356.4, 0.7)
quadrotor0
-0.01266646
-0.03165319
0.005623471
0.9994028
(358.6, 356.4, 0.7)
quadrotor0
-0.01266645
-0.03165319
0.005623471
0.9994028
(358.6, 356.4, 0.7)
quadrotor0
-0.01266645
-0.03165319
0.005623471
0.9994028
(358.6, 356.4, 0.7)
quadrotor0
-0.01266646
-0.03165319
0.005623472
0.9994028
(358.6, 356.4, 0.7)
quadrotor0
-0.01266646
-0.03165319
0.005623474
0.9994028
(358.6, 356.4, 0.7)
quadrotor0
-0.01266646
-0.03165319
0.005623475
0.9994028
(358.6, 356.4, 0.7)
quadrotor0
-0.01266646
-0.03165319
0.005623474
0.9994028
(358.6, 356.4, 0.7)
quadrotor0
-0.01266646
-0.03165319
0.005623469
0.9994028
(358.6, 356.4, 0.7)
quadrotor0
-0.01266645
-0.03165319
0.005623466
0.9994028
(358.6, 356.4, 0.7)
quadrotor0
-0.01266645
-0.03165319
0.005623469
0.9994028
(358.6, 356.4, 0.7)
quadrotor0
-0.01266646
-0.03165319
0.005623471
0.9994028
(358.6, 356.4, 0.7)
quadrotor0
-0.01266646
-0.03165319
0.005623469
0.9994028
(358.6, 356.4, 0.7)
quadrotor0
-0.01266646
-0.03165319
0.005623465
0.9994028
(358.6, 356.4, 0.7)
quadrotor0
-0.01266646
-0.03165319
0.005623465
0.9994028
(358.6, 356.4, 0.7)
quadrotor0
-0.01266646
-0.03165319
0.005623468
0.9994028
(358.6, 356.4, 0.7)
quadrotor0
-0.01266646
-0.03165319
0.00562347
0.9994028
(358.6, 356.4, 0.7)
quadrotor0
-0.01266646
-0.03165319
0.00562347
0.9994028
(358.6, 356.4, 0.7)
quadrotor0
-0.01266646
-0.03165319
0.005623471
0.9994028
(358.6, 356.4, 0.7)
quadrotor0
-0.01266646
-0.03165319
0.005623473
0.9994028
(358.6, 356.4, 0.7)
quadrotor0
-0.01266646
-0.03165319
0.005623475
0.9994028
(358.6, 356.4, 0.7)
quadrotor0
-0.01266646
-0.03165319
0.005623476
0.9994028
(358.6, 356.4, 0.7)
quadrotor0
-0.01266646
-0.03165319
0.005623475
0.9994028
(358.6, 356.4, 0.7)
quadrotor0
-0.01266646
-0.03165319
0.005623471
0.9994028
(358.6, 356.4, 0.7)
quadrotor0
-0.01266646
-0.03165319
0.005623466
0.9994028
(358.6, 356.4, 0.7)
quadrotor0
-0.01266647
-0.03165319
0.005623467
0.9994028
(358.6, 356.4, 0.7)
quadrotor0
-0.01266646
-0.03165319
0.00562347
0.9994028
(358.6, 356.4, 0.7)
quadrotor0
-0.01266646
-0.03165319
0.005623469
0.9994028
(358.6, 356.4, 0.7)
quadrotor0
-0.01266646
-0.03165319
0.005623467
0.9994028
(358.6, 356.4, 0.7)
quadrotor0
-0.01266646
-0.03165319
0.005623465
0.9994028
(358.6, 356.4, 0.7)
quadrotor0
-0.01266646
-0.03165319
0.005623468
0.9994028
(358.6, 356.4, 0.7)
quadrotor0
-0.01266646
-0.03165319
0.00562347
0.9994028
(358.6, 356.4, 0.7)
quadrotor0
-0.01266646
-0.03165319
0.005623471
0.9994028
(358.6, 356.4, 0.7)
quadrotor0
-0.01266646
-0.03165319
0.005623471
0.9994028
(358.6, 356.4, 0.7)
quadrotor0
-0.01266646
-0.03165319
0.005623471
0.9994028
(358.6, 356.4, 0.7)
quadrotor0
-0.01266646
-0.03165319
0.005623471
0.9994028
(358.6, 356.4, 0.7)
quadrotor0
-0.01266646
-0.03165319
0.005623471
0.9994028
(358.6, 356.4, 0.7)
quadrotor0
-0.01266646
-0.03165319
0.005623472
0.9994028
(358.6, 356.4, 0.7)
quadrotor0
-0.01266646
-0.03165319
0.005623471
0.9994028
(358.6, 356.4, 0.7)
quadrotor0
-0.01266646
-0.03165319
0.005623468
0.9994028
(358.6, 356.4, 0.7)
quadrotor0
-0.01266646
-0.03165319
0.005623468
0.9994028
(358.6, 356.4, 0.7)
quadrotor0
-0.01266646
-0.03165319
0.005623471
0.9994028
(358.6, 356.4, 0.7)
quadrotor0
-0.01266646
-0.03165319
0.005623472
0.9994028
(358.6, 356.4, 0.7)
quadrotor0
-0.01266646
-0.03165319
0.005623472
0.9994028
(358.6, 356.4, 0.7)
quadrotor0
-0.01266646
-0.03165319
0.005623471
0.9994028
(358.6, 356.4, 0.7)
quadrotor0
-0.01266646
-0.03165319
0.005623471
0.9994028
(358.6, 356.4, 0.7)
quadrotor0
-0.01266646
-0.03165319
0.005623473
0.9994028
(358.6, 356.4, 0.7)
quadrotor0
-0.01266645
-0.03165319
0.005623475
0.9994028
(358.6, 356.4, 0.7)
quadrotor0
-0.01266645
-0.03165319
0.005623474
0.9994028
(358.6, 356.4, 0.7)
quadrotor0
-0.01266646
-0.03165319
0.005623473
0.9994028
(358.6, 356.4, 0.7)
quadrotor0
-0.01266646
-0.03165319
0.005623474
0.9994028
(358.6, 356.4, 0.7)
quadrotor0
-0.01266645
-0.03165319
0.005623476
0.9994028
(358.6, 356.4, 0.7)
quadrotor0
-0.01266646
-0.03165319
0.005623476
0.9994028
(358.6, 356.4, 0.7)
quadrotor0
-0.01266646
-0.03165319
0.005623471
0.9994028
(358.6, 356.4, 0.7)
quadrotor0
-0.01266646
-0.03165319
0.005623467
0.9994028
(358.6, 356.4, 0.7)
quadrotor0
-0.01266647
-0.03165319
0.005623468
0.9994028
(358.6, 356.4, 0.7)
quadrotor0
-0.01266646
-0.03165319
0.005623471
0.9994028
(358.6, 356.4, 0.7)
quadrotor0
-0.01266646
-0.03165319
0.00562347
0.9994028
(358.6, 356.4, 0.7)
quadrotor0
-0.01266646
-0.03165319
0.005623468
0.9994028
(358.6, 356.4, 0.7)
quadrotor0
-0.01266646
-0.03165319
0.005623466
0.9994028
(358.6, 356.4, 0.7)
quadrotor0
-0.01266646
-0.03165319
0.005623468
0.9994028
(358.6, 356.4, 0.7)
quadrotor0
-0.01266646
-0.03165319
0.005623469
0.9994028
(358.6, 356.4, 0.7)
quadrotor0
-0.01266645
-0.03165319
0.005623467
0.9994028
(358.6, 356.4, 0.7)
quadrotor0
-0.01266645
-0.03165319
0.005623468
0.9994028
(358.6, 356.4, 0.7)
quadrotor0
-0.01266646
-0.03165319
0.005623471
0.9994028
(358.6, 356.4, 0.7)
quadrotor0
-0.01266646
-0.03165319
0.00562347
0.9994028
(358.6, 356.4, 0.7)
quadrotor0
-0.01266646
-0.03165319
0.005623468
0.9994028
(358.6, 356.4, 0.7)
quadrotor0
-0.01266646
-0.03165319
0.005623467
0.9994028
(358.6, 356.4, 0.7)
quadrotor0
-0.01266646
-0.03165319
0.005623471
0.9994028
(358.6, 356.4, 0.7)
quadrotor0
-0.01266646
-0.03165319
0.005623472
0.9994028
(358.6, 356.4, 0.7)
quadrotor0
-0.01266646
-0.03165319
0.005623474
0.9994028
(358.6, 356.4, 0.7)
quadrotor0
-0.01266646
-0.03165319
0.005623471
0.9994028
(358.6, 356.4, 0.7)
quadrotor0
-0.01266646
-0.03165319
0.005623471
0.9994028
(358.6, 356.4, 0.7)
quadrotor0
-0.01266646
-0.03165319
0.005623471
0.9994028
(358.6, 356.4, 0.7)
quadrotor0
-0.01266646
-0.03165319
0.005623472
0.9994028
(358.6, 356.4, 0.7)
quadrotor0
-0.01266646
-0.03165319
0.005623472
0.9994028
(358.6, 356.4, 0.7)
quadrotor0
-0.01266646
-0.03165319
0.005623471
0.9994028
(358.6, 356.4, 0.7)
quadrotor0
-0.01266646
-0.03165319
0.00562347
0.9994028
(358.6, 356.4, 0.7)
quadrotor0
-0.01266646
-0.03165319
0.00562347
0.9994028
(358.6, 356.4, 0.7)
quadrotor0
-0.01266646
-0.03165319
0.005623472
0.9994028
(358.6, 356.4, 0.7)
quadrotor0
-0.01266646
-0.03165319
0.005623473
0.9994028
(358.6, 356.4, 0.7)
quadrotor0
-0.01266646
-0.03165319
0.005623474
0.9994028
(358.6, 356.4, 0.7)
quadrotor0
-0.01266646
-0.03165319
0.005623474
0.9994028
(358.6, 356.4, 0.7)
quadrotor0
-0.01266646
-0.03165319
0.005623471
0.9994028
(358.6, 356.4, 0.7)
quadrotor0
-0.01266646
-0.03165319
0.005623468
0.9994028
(358.6, 356.4, 0.7)
quadrotor0
-0.01266646
-0.03165319
0.005623466
0.9994028
(358.6, 356.4, 0.7)
quadrotor0
-0.01266646
-0.03165319
0.00562347
0.9994028
(358.6, 356.4, 0.7)
quadrotor0
-0.01266646
-0.03165319
0.00562347
0.9994028
(358.6, 356.4, 0.7)
quadrotor0
-0.01266646
-0.03165319
0.005623469
0.9994028
(358.6, 356.4, 0.7)
quadrotor0
-0.01266646
-0.03165319
0.005623467
0.9994028
(358.6, 356.4, 0.7)
quadrotor0
-0.01266646
-0.03165319
0.005623468
0.9994028
(358.6, 356.4, 0.7)
quadrotor0
-0.01266646
-0.03165319
0.00562347
0.9994028
(358.6, 356.4, 0.7)
quadrotor0
-0.01266646
-0.03165319
0.005623471
0.9994028
(358.6, 356.4, 0.7)
quadrotor0
-0.01266646
-0.03165319
0.005623472
0.9994028
(358.6, 356.4, 0.7)
quadrotor0
-0.01266646
-0.03165319
0.005623471
0.9994028
(358.6, 356.4, 0.7)
quadrotor0
-0.01266646
-0.03165319
0.005623467
0.9994028
(358.6, 356.4, 0.7)
quadrotor0
-0.01266646
-0.03165319
0.005623465
0.9994028
(358.6, 356.4, 0.7)
quadrotor0
-0.01266646
-0.03165319
0.005623466
0.9994028
(358.6, 356.4, 0.7)
quadrotor0
-0.01266646
-0.03165319
0.005623471
0.9994028
(358.6, 356.4, 0.7)
quadrotor0
-0.01266646
-0.03165319
0.005623473
0.9994028
(358.6, 356.4, 0.7)
quadrotor0
-0.01266646
-0.03165319
0.005623474
0.9994028
(358.6, 356.4, 0.7)
quadrotor0
-0.01266646
-0.03165319
0.005623471
0.9994028
(358.6, 356.4, 0.7)
quadrotor0
-0.01266646
-0.03165319
0.005623471
0.9994028
(358.6, 356.4, 0.7)
quadrotor0
-0.01266646
-0.03165319
0.005623471
0.9994028
(358.6, 356.4, 0.7)
quadrotor0
-0.01266646
-0.03165319
0.005623473
0.9994028
(358.6, 356.4, 0.7)
quadrotor0
-0.01266646
-0.03165319
0.005623472
0.9994028
(358.6, 356.4, 0.7)
quadrotor0
-0.01266646
-0.03165319
0.005623471
0.9994028
(358.6, 356.4, 0.7)
quadrotor0
-0.01266646
-0.03165319
0.005623468
0.9994028
(358.6, 356.4, 0.7)
quadrotor0
-0.01266646
-0.03165319
0.005623469
0.9994028
(358.6, 356.4, 0.7)
quadrotor0
-0.01266646
-0.03165319
0.005623472
0.9994028
(358.6, 356.4, 0.7)
quadrotor0
-0.01266646
-0.03165319
0.005623474
0.9994028
(358.6, 356.4, 0.7)
quadrotor0
-0.01266646
-0.03165319
0.005623476
0.9994028
(358.6, 356.4, 0.7)
quadrotor0
-0.01266646
-0.03165319
0.005623476
0.9994028
(358.6, 356.4, 0.7)
quadrotor0
-0.01266646
-0.03165319
0.005623472
0.9994028
(358.6, 356.4, 0.7)
quadrotor0
-0.01266646
-0.03165319
0.005623471
0.9994028
(358.6, 356.4, 0.7)
quadrotor0
-0.01266646
-0.03165319
0.00562347
0.9994028
(358.6, 356.4, 0.7)
quadrotor0
-0.01266646
-0.03165319
0.005623471
0.9994028
(358.6, 356.4, 0.7)
quadrotor0
-0.01266646
-0.03165319
0.005623472
0.9994028
(358.6, 356.4, 0.7)
quadrotor0
-0.01266646
-0.03165319
0.005623471
0.9994028
(358.6, 356.4, 0.7)
quadrotor0
-0.01266646
-0.03165319
0.005623469
0.9994028
(358.6, 356.4, 0.7)
quadrotor0
-0.01266646
-0.03165319
0.005623471
0.9994028
(358.6, 356.4, 0.7)
quadrotor0
-0.01266646
-0.03165319
0.005623471
0.9994028
(358.6, 356.4, 0.7)
quadrotor0
-0.01266646
-0.03165319
0.005623472
0.9994028
(358.6, 356.4, 0.7)
quadrotor0
-0.01266646
-0.03165319
0.005623472
0.9994028
(358.6, 356.4, 0.7)
quadrotor0
-0.01266646
-0.03165319
0.005623471
0.9994028
(358.6, 356.4, 0.7)
quadrotor0
-0.01266646
-0.03165319
0.005623467
0.9994028
(358.6, 356.4, 0.7)
quadrotor0
-0.01266646
-0.03165319
0.005623466
0.9994028
(358.6, 356.4, 0.7)
quadrotor0
-0.01266646
-0.03165319
0.005623467
0.9994028
(358.6, 356.4, 0.7)
quadrotor0
-0.01266646
-0.03165319
0.005623471
0.9994028
(358.6, 356.4, 0.7)
quadrotor0
-0.01266646
-0.03165319
0.005623473
0.9994028
(358.6, 356.4, 0.7)
quadrotor0
-0.01266646
-0.03165319
0.005623474
0.9994028
(358.6, 356.4, 0.7)
quadrotor0
-0.01266646
-0.03165319
0.005623471
0.9994028
(358.6, 356.4, 0.7)
quadrotor0
-0.01266646
-0.03165319
0.005623471
0.9994028
(358.6, 356.4, 0.7)
quadrotor0
-0.01266646
-0.03165319
0.005623472
0.9994028
(358.6, 356.4, 0.7)
quadrotor0
-0.01266646
-0.03165319
0.005623473
0.9994028
(358.6, 356.4, 0.7)
quadrotor0
-0.01266646
-0.03165319
0.005623471
0.9994028
(358.6, 356.4, 0.7)
quadrotor0
-0.01266646
-0.03165319
0.00562347
0.9994028
(358.6, 356.4, 0.7)
quadrotor0
-0.01266645
-0.03165319
0.005623468
0.9994028
(358.6, 356.4, 0.7)
quadrotor0
-0.01266646
-0.03165319
0.005623471
0.9994028
(358.6, 356.4, 0.7)
quadrotor0
-0.01266646
-0.03165319
0.005623471
0.9994028
(358.6, 356.4, 0.7)
quadrotor0
-0.01266646
-0.03165319
0.005623469
0.9994028
(358.6, 356.4, 0.7)
quadrotor0
-0.01266646
-0.03165319
0.005623468
0.9994028
(358.6, 356.4, 0.7)
quadrotor0
-0.01266646
-0.03165319
0.005623468
0.9994028
(358.6, 356.4, 0.7)
quadrotor0
-0.01266646
-0.03165319
0.005623471
0.9994028
(358.6, 356.4, 0.7)
quadrotor0
-0.01266646
-0.03165319
0.005623473
0.9994028
(358.6, 356.4, 0.7)
quadrotor0
-0.01266646
-0.03165319
0.005623474
0.9994028
(358.6, 356.4, 0.7)
quadrotor0
-0.01266646
-0.03165319
0.005623471
0.9994028
(358.6, 356.4, 0.7)
quadrotor0
-0.01266646
-0.03165319
0.00562347
0.9994028
(358.6, 356.4, 0.7)
quadrotor0
-0.01266646
-0.03165319
0.005623469
0.9994028
(358.6, 356.4, 0.7)
quadrotor0
-0.01266646
-0.03165319
0.005623468
0.9994028
(358.6, 356.4, 0.7)
quadrotor0
-0.01266646
-0.03165319
0.00562347
0.9994028
(358.6, 356.4, 0.7)
quadrotor0
-0.01266646
-0.03165319
0.00562347
0.9994028
(358.6, 356.4, 0.7)
quadrotor0
-0.01266646
-0.03165319
0.005623469
0.9994028
(358.6, 356.4, 0.7)
quadrotor0
-0.01266646
-0.03165319
0.005623471
0.9994028
(358.6, 356.4, 0.7)
quadrotor0
-0.01266646
-0.03165319
0.005623472
0.9994028
(358.6, 356.4, 0.7)
quadrotor0
-0.01266646
-0.03165319
0.005623473
0.9994028
(358.6, 356.4, 0.7)
quadrotor0
-0.01266646
-0.03165319
0.005623472
0.9994028
(358.6, 356.4, 0.7)
quadrotor0
-0.01266646
-0.03165319
0.005623472
0.9994028
(358.6, 356.4, 0.7)
quadrotor0
-0.01266646
-0.03165319
0.005623473
0.9994028
(358.6, 356.4, 0.7)
quadrotor0
-0.01266645
-0.03165319
0.005623474
0.9994028
(358.6, 356.4, 0.7)
quadrotor0
-0.01266645
-0.03165319
0.005623475
0.9994028
(358.6, 356.4, 0.7)
quadrotor0
-0.01266646
-0.03165319
0.005623472
0.9994028
(358.6, 356.4, 0.7)
quadrotor0
-0.01266646
-0.03165319
0.005623472
0.9994028
(358.6, 356.4, 0.7)
quadrotor0
-0.01266646
-0.03165319
0.005623473
0.9994028
(358.6, 356.4, 0.7)
quadrotor0
-0.01266646
-0.03165319
0.005623474
0.9994028
(358.6, 356.4, 0.7)
quadrotor0
-0.01266646
-0.03165319
0.005623471
0.9994028
(358.6, 356.4, 0.7)
quadrotor0
-0.01266646
-0.03165319
0.005623466
0.9994028
(358.6, 356.4, 0.7)
quadrotor0
-0.01266647
-0.03165319
0.005623466
0.9994028
(358.6, 356.4, 0.7)
quadrotor0
-0.01266647
-0.03165319
0.00562347
0.9994028
(358.6, 356.4, 0.7)
quadrotor0
-0.01266646
-0.03165319
0.005623469
0.9994028
(358.6, 356.4, 0.7)
quadrotor0
-0.01266646
-0.03165319
0.005623466
0.9994028
(358.6, 356.4, 0.7)
quadrotor0
-0.01266646
-0.03165319
0.005623464
0.9994028
(358.6, 356.4, 0.7)
quadrotor0
-0.01266646
-0.03165319
0.005623466
0.9994028
(358.6, 356.4, 0.7)
quadrotor0
-0.01266646
-0.03165319
0.00562347
0.9994028
(358.6, 356.4, 0.7)
quadrotor0
-0.01266646
-0.03165319
0.00562347
0.9994028
(358.6, 356.4, 0.7)
quadrotor0
-0.01266646
-0.03165319
0.00562347
0.9994028
(358.6, 356.4, 0.7)
quadrotor0
-0.01266646
-0.03165319
0.005623472
0.9994028
(358.6, 356.4, 0.7)
quadrotor0
-0.01266646
-0.03165319
0.005623476
0.9994028
(358.6, 356.4, 0.7)
quadrotor0
-0.01266647
-0.03165319
0.00562348
0.9994028
(358.6, 356.4, 0.7)
quadrotor0
-0.01266646
-0.03165319
0.005623478
0.9994028
(358.6, 356.4, 0.7)
quadrotor0
-0.01266646
-0.03165319
0.005623474
0.9994028
(358.6, 356.4, 0.7)
quadrotor0
-0.01266646
-0.03165319
0.005623471
0.9994028
(358.6, 356.4, 0.7)
quadrotor0
-0.01266647
-0.03165319
0.005623469
0.9994028
(358.6, 356.4, 0.7)
quadrotor0
-0.01266647
-0.03165319
0.005623471
0.9994028
(358.6, 356.4, 0.7)
quadrotor0
-0.01266646
-0.03165319
0.005623471
0.9994028
(358.6, 356.4, 0.7)
quadrotor0
-0.01266646
-0.03165319
0.00562347
0.9994028
(358.6, 356.4, 0.7)
quadrotor0
-0.01266646
-0.03165319
0.005623468
0.9994028
(358.6, 356.4, 0.7)
quadrotor0
-0.01266646
-0.03165319
0.005623468
0.9994028
(358.6, 356.4, 0.7)
quadrotor0
-0.01266646
-0.03165319
0.005623471
0.9994028
(358.6, 356.4, 0.7)
quadrotor0
-0.01266646
-0.03165319
0.005623472
0.9994028
(358.6, 356.4, 0.7)
quadrotor0
-0.01266645
-0.03165319
0.005623472
0.9994028
(358.6, 356.4, 0.7)
quadrotor0
-0.01266646
-0.03165319
0.005623471
0.9994028
(358.6, 356.4, 0.7)
quadrotor0
-0.01266646
-0.03165319
0.00562347
0.9994028
(358.6, 356.4, 0.7)
quadrotor0
-0.01266646
-0.03165319
0.005623469
0.9994028
(358.6, 356.4, 0.7)
quadrotor0
-0.01266646
-0.03165319
0.005623469
0.9994028
(358.6, 356.4, 0.7)
quadrotor0
-0.01266646
-0.03165319
0.005623471
0.9994028
(358.6, 356.4, 0.7)
quadrotor0
-0.01266646
-0.03165319
0.005623474
0.9994028
(358.6, 356.4, 0.7)
quadrotor0
-0.01266646
-0.03165319
0.005623476
0.9994028
(358.6, 356.4, 0.7)
quadrotor0
-0.01266646
-0.03165319
0.005623472
0.9994028
(358.6, 356.4, 0.7)
quadrotor0
-0.01266646
-0.03165319
0.005623471
0.9994028
(358.6, 356.4, 0.7)
quadrotor0
-0.01266646
-0.03165319
0.005623472
0.9994028
(358.6, 356.4, 0.7)
quadrotor0
-0.01266646
-0.03165319
0.005623473
0.9994028
(358.6, 356.4, 0.7)
quadrotor0
-0.01266646
-0.03165319
0.005623472
0.9994028
(358.6, 356.4, 0.7)
quadrotor0
-0.01266646
-0.03165319
0.00562347
0.9994028
(358.6, 356.4, 0.7)
quadrotor0
-0.01266646
-0.03165319
0.005623468
0.9994028
(358.6, 356.4, 0.7)
quadrotor0
-0.01266646
-0.03165319
0.005623469
0.9994028
(358.6, 356.4, 0.7)
quadrotor0
-0.01266646
-0.03165319
0.005623471
0.9994028
(358.6, 356.4, 0.7)
quadrotor0
-0.01266646
-0.03165319
0.005623472
0.9994028
(358.6, 356.4, 0.7)
quadrotor0
-0.01266646
-0.03165319
0.005623472
0.9994028
(358.6, 356.4, 0.7)
quadrotor0
-0.01266646
-0.03165319
0.005623471
0.9994028
(358.6, 356.4, 0.7)
quadrotor0
-0.01266646
-0.03165319
0.005623472
0.9994028
(358.6, 356.4, 0.7)
quadrotor0
-0.01266646
-0.03165319
0.005623473
0.9994028
(358.6, 356.4, 0.7)
quadrotor0
-0.01266647
-0.03165319
0.005623475
0.9994028
(358.6, 356.4, 0.7)
quadrotor0
-0.01266647
-0.03165319
0.005623473
0.9994028
(358.6, 356.4, 0.7)
quadrotor0
-0.01266646
-0.03165319
0.005623471
0.9994028
(358.6, 356.4, 0.7)
quadrotor0
-0.01266646
-0.03165319
0.005623471
0.9994028
(358.6, 356.4, 0.7)
quadrotor0
-0.01266646
-0.03165319
0.005623471
0.9994028
(358.6, 356.4, 0.7)
quadrotor0
-0.01266646
-0.03165319
0.005623471
0.9994028
(358.6, 356.4, 0.7)
quadrotor0
-0.01266646
-0.03165319
0.005623471
0.9994028
(358.6, 356.4, 0.7)
quadrotor0
-0.01266647
-0.03165319
0.005623471
0.9994028
(358.6, 356.4, 0.7)
quadrotor0
-0.01266647
-0.03165319
0.005623471
0.9994028
(358.6, 356.4, 0.7)
quadrotor0
-0.01266646
-0.03165319
0.005623472
0.9994028
(358.6, 356.4, 0.7)
quadrotor0
-0.01266646
-0.03165319
0.005623474
0.9994028
(358.6, 356.4, 0.7)
quadrotor0
-0.01266646
-0.03165319
0.005623476
0.9994028
(358.6, 356.4, 0.7)
quadrotor0
-0.01266646
-0.03165319
0.005623476
0.9994028
(358.6, 356.4, 0.7)
quadrotor0
-0.01266646
-0.03165319
0.005623472
0.9994028
(358.6, 356.4, 0.7)
quadrotor0
-0.01266646
-0.03165319
0.005623467
0.9994028
(358.6, 356.4, 0.7)
quadrotor0
-0.01266645
-0.03165319
0.00562347
0.9994028
(358.6, 356.4, 0.7)
quadrotor0
-0.01266646
-0.03165319
0.005623471
0.9994028
(358.6, 356.4, 0.7)
quadrotor0
-0.01266646
-0.03165319
0.00562347
0.9994028
(358.6, 356.4, 0.7)
quadrotor0
-0.01266646
-0.03165319
0.005623465
0.9994028
(358.6, 356.4, 0.7)
quadrotor0
-0.01266646
-0.03165319
0.005623464
0.9994028
(358.6, 356.4, 0.7)
quadrotor0
-0.01266646
-0.03165319
0.005623469
0.9994028
(358.6, 356.4, 0.7)
quadrotor0
-0.01266646
-0.03165319
0.00562347
0.9994028
(358.6, 356.4, 0.7)
quadrotor0
-0.01266646
-0.03165319
0.00562347
0.9994028
(358.6, 356.4, 0.7)
quadrotor0
-0.01266646
-0.03165319
0.005623471
0.9994028
(358.6, 356.4, 0.7)
quadrotor0
-0.01266646
-0.03165319
0.005623474
0.9994028
(358.6, 356.4, 0.7)
quadrotor0
-0.01266645
-0.03165319
0.005623478
0.9994028
(358.6, 356.4, 0.7)
quadrotor0
-0.01266646
-0.03165319
0.005623481
0.9994028
(358.6, 356.4, 0.7)
quadrotor0
-0.01266646
-0.03165319
0.005623477
0.9994028
(358.6, 356.4, 0.7)
quadrotor0
-0.01266646
-0.03165319
0.005623473
0.9994028
(358.6, 356.4, 0.7)
quadrotor0
-0.01266645
-0.03165319
0.005623469
0.9994028
(358.6, 356.4, 0.7)
quadrotor0
-0.01266645
-0.03165319
0.005623469
0.9994028
(358.6, 356.4, 0.7)
quadrotor0
-0.01266646
-0.03165319
0.005623471
0.9994028
(358.6, 356.4, 0.7)
quadrotor0
-0.01266646
-0.03165319
0.00562347
0.9994028
(358.6, 356.4, 0.7)
quadrotor0
-0.01266646
-0.03165319
0.005623466
0.9994028
(358.6, 356.4, 0.7)
quadrotor0
-0.01266646
-0.03165319
0.005623464
0.9994028
(358.6, 356.4, 0.7)
quadrotor0
-0.01266646
-0.03165319
0.005623468
0.9994028
(358.6, 356.4, 0.7)
quadrotor0
-0.01266646
-0.03165319
0.005623472
0.9994028
(358.6, 356.4, 0.7)
quadrotor0
-0.01266646
-0.03165319
0.005623474
0.9994028
(358.6, 356.4, 0.7)
quadrotor0
-0.01266646
-0.03165319
0.005623472
0.9994028
(358.6, 356.4, 0.7)
quadrotor0
-0.01266646
-0.03165319
0.00562347
0.9994028
(358.6, 356.4, 0.7)
quadrotor0
-0.01266646
-0.03165319
0.005623469
0.9994028
(358.6, 356.4, 0.7)
quadrotor0
-0.01266646
-0.03165319
0.005623468
0.9994028
(358.6, 356.4, 0.7)
quadrotor0
-0.01266646
-0.03165319
0.005623469
0.9994028
(358.6, 356.4, 0.7)
quadrotor0
-0.01266646
-0.03165319
0.005623469
0.9994028
(358.6, 356.4, 0.7)
quadrotor0
-0.01266646
-0.03165319
0.005623467
0.9994028
(358.6, 356.4, 0.7)
quadrotor0
-0.01266646
-0.03165319
0.005623465
0.9994028
(358.6, 356.4, 0.7)
quadrotor0
-0.01266646
-0.03165319
0.005623469
0.9994028
(358.6, 356.4, 0.7)
quadrotor0
-0.01266646
-0.03165319
0.005623471
0.9994028
(358.6, 356.4, 0.7)
quadrotor0
-0.01266646
-0.03165319
0.005623471
0.9994028
(358.6, 356.4, 0.7)
quadrotor0
-0.01266646
-0.03165319
0.00562347
0.9994028
(358.6, 356.4, 0.7)
quadrotor0
-0.01266646
-0.03165319
0.005623471
0.9994028
(358.6, 356.4, 0.7)
quadrotor0
-0.01266646
-0.03165319
0.00562347
0.9994028
(358.6, 356.4, 0.7)
quadrotor0
-0.01266646
-0.03165319
0.005623467
0.9994028
(358.6, 356.4, 0.7)
quadrotor0
-0.01266646
-0.03165319
0.005623465
0.9994028
(358.6, 356.4, 0.7)
quadrotor0
-0.01266646
-0.03165319
0.00562347
0.9994028
(358.6, 356.4, 0.7)
quadrotor0
-0.01266646
-0.03165319
0.005623471
0.9994028
(358.6, 356.4, 0.7)
quadrotor0
-0.01266646
-0.03165319
0.005623471
0.9994028
(358.6, 356.4, 0.7)
quadrotor0
-0.01266645
-0.03165319
0.005623469
0.9994028
(358.6, 356.4, 0.7)
quadrotor0
-0.01266646
-0.03165319
0.005623469
0.9994028
(358.6, 356.4, 0.7)
quadrotor0
-0.01266646
-0.03165319
0.00562347
0.9994028
(358.6, 356.4, 0.7)
quadrotor0
-0.01266646
-0.03165319
0.005623469
0.9994028
(358.6, 356.4, 0.7)
quadrotor0
-0.01266645
-0.03165319
0.005623467
0.9994028
(358.6, 356.4, 0.7)
quadrotor0
-0.01266646
-0.03165319
0.00562347
0.9994028
(358.6, 356.4, 0.7)
quadrotor0
-0.01266646
-0.03165319
0.005623471
0.9994028
(358.6, 356.4, 0.7)
quadrotor0
-0.01266646
-0.03165319
0.00562347
0.9994028
(358.6, 356.4, 0.7)
quadrotor0
-0.01266646
-0.03165319
0.005623468
0.9994028
(358.6, 356.4, 0.7)
quadrotor0
-0.01266646
-0.03165319
0.00562347
0.9994028
(358.6, 356.4, 0.7)
quadrotor0
-0.01266646
-0.03165319
0.005623471
0.9994028
(358.6, 356.4, 0.7)
quadrotor0
-0.01266646
-0.03165319
0.005623472
0.9994028
(358.6, 356.4, 0.7)
quadrotor0
-0.01266646
-0.03165319
0.005623472
0.9994028
(358.6, 356.4, 0.7)
quadrotor0
-0.01266646
-0.03165319
0.00562347
0.9994028
(358.6, 356.4, 0.7)
quadrotor0
-0.01266646
-0.03165319
0.005623468
0.9994028
(358.6, 356.4, 0.7)
quadrotor0
-0.01266646
-0.03165319
0.005623465
0.9994028
(358.6, 356.4, 0.7)
quadrotor0
-0.01266646
-0.03165319
0.005623466
0.9994028
(358.6, 356.4, 0.7)
quadrotor0
-0.01266646
-0.03165319
0.005623469
0.9994028
(358.6, 356.4, 0.7)
quadrotor0
-0.01266646
-0.03165319
0.00562347
0.9994028
(358.6, 356.4, 0.7)
quadrotor0
-0.01266646
-0.03165319
0.00562347
0.9994028
(358.6, 356.4, 0.7)
quadrotor0
-0.01266646
-0.03165319
0.005623471
0.9994028
(358.6, 356.4, 0.7)
quadrotor0
-0.01266646
-0.03165319
0.005623473
0.9994028
(358.6, 356.4, 0.7)
quadrotor0
-0.01266646
-0.03165319
0.005623473
0.9994028
(358.6, 356.4, 0.7)
quadrotor0
-0.01266646
-0.03165319
0.005623473
0.9994028
(358.6, 356.4, 0.7)
quadrotor0
-0.01266646
-0.03165319
0.005623472
0.9994028
(358.6, 356.4, 0.7)
quadrotor0
-0.01266646
-0.03165319
0.00562347
0.9994028
(358.6, 356.4, 0.7)
quadrotor0
-0.01266646
-0.03165319
0.005623467
0.9994028
(358.6, 356.4, 0.7)
quadrotor0
-0.01266646
-0.03165319
0.005623468
0.9994028
(358.6, 356.4, 0.7)
quadrotor0
-0.01266646
-0.03165319
0.005623471
0.9994028
(358.6, 356.4, 0.7)
quadrotor0
-0.01266646
-0.03165319
0.005623472
0.9994028
(358.6, 356.4, 0.7)
quadrotor0
-0.01266646
-0.03165319
0.005623471
0.9994028
(358.6, 356.4, 0.7)
quadrotor0
-0.01266646
-0.03165319
0.005623471
0.9994028
(358.6, 356.4, 0.7)
quadrotor0
-0.01266646
-0.03165319
0.005623471
0.9994028
(358.6, 356.4, 0.7)
quadrotor0
-0.01266646
-0.03165319
0.005623474
0.9994028
(358.6, 356.4, 0.7)
quadrotor0
-0.01266646
-0.03165319
0.005623476
0.9994028
(358.6, 356.4, 0.7)
quadrotor0
-0.01266646
-0.03165319
0.005623474
0.9994028
(358.6, 356.4, 0.7)
quadrotor0
-0.01266646
-0.03165319
0.005623472
0.9994028
(358.6, 356.4, 0.7)
quadrotor0
-0.01266646
-0.03165319
0.005623472
0.9994028
(358.6, 356.4, 0.7)
quadrotor0
-0.01266646
-0.03165319
0.005623474
0.9994028
(358.6, 356.4, 0.7)
quadrotor0
-0.01266646
-0.03165319
0.005623473
0.9994028
(358.6, 356.4, 0.7)
quadrotor0
-0.01266646
-0.03165319
0.00562347
0.9994028
(358.6, 356.4, 0.7)
quadrotor0
-0.01266646
-0.03165319
0.005623467
0.9994028
(358.6, 356.4, 0.7)
quadrotor0
-0.01266646
-0.03165319
0.005623468
0.9994028
(358.6, 356.4, 0.7)
quadrotor0
-0.01266646
-0.03165319
0.005623471
0.9994028
(358.6, 356.4, 0.7)
quadrotor0
-0.01266646
-0.03165319
0.005623472
0.9994028
(358.6, 356.4, 0.7)
quadrotor0
-0.01266646
-0.03165319
0.005623472
0.9994028
(358.6, 356.4, 0.7)
quadrotor0
-0.01266646
-0.03165319
0.005623472
0.9994028
(358.6, 356.4, 0.7)
quadrotor0
-0.01266646
-0.03165319
0.005623472
0.9994028
(358.6, 356.4, 0.7)
quadrotor0
-0.01266646
-0.03165319
0.005623471
0.9994028
(358.6, 356.4, 0.7)
quadrotor0
-0.01266646
-0.03165319
0.00562347
0.9994028
(358.6, 356.4, 0.7)
quadrotor0
-0.01266646
-0.03165319
0.005623471
0.9994028
(358.6, 356.4, 0.7)
quadrotor0
-0.01266646
-0.03165319
0.005623473
0.9994028
(358.6, 356.4, 0.7)
quadrotor0
-0.01266646
-0.03165319
0.005623474
0.9994028
(358.6, 356.4, 0.7)
quadrotor0
-0.01266646
-0.03165319
0.005623475
0.9994028
(358.6, 356.4, 0.7)
quadrotor0
-0.01266646
-0.03165319
0.005623475
0.9994028
(358.6, 356.4, 0.7)
quadrotor0
-0.01266646
-0.03165319
0.005623472
0.9994028
(358.6, 356.4, 0.7)
quadrotor0
-0.01266646
-0.03165319
0.005623471
0.9994028
(358.6, 356.4, 0.7)
quadrotor0
-0.01266646
-0.03165319
0.00562347
0.9994028
(358.6, 356.4, 0.7)
quadrotor0
-0.01266646
-0.03165319
0.005623471
0.9994028
(358.6, 356.4, 0.7)
quadrotor0
-0.01266646
-0.03165319
0.005623473
0.9994028
(358.6, 356.4, 0.7)
quadrotor0
-0.01266646
-0.03165319
0.005623473
0.9994028
(358.6, 356.4, 0.7)
quadrotor0
-0.01266646
-0.03165319
0.005623473
0.9994028
(358.6, 356.4, 0.7)
quadrotor0
-0.01266646
-0.03165319
0.005623473
0.9994028
(358.6, 356.4, 0.7)
quadrotor0
-0.01266646
-0.03165319
0.00562347
0.9994028
(358.6, 356.4, 0.7)
quadrotor0
-0.01266646
-0.03165319
0.005623467
0.9994028
(358.6, 356.4, 0.7)
quadrotor0
-0.01266646
-0.03165319
0.005623468
0.9994028
(358.6, 356.4, 0.7)
quadrotor0
-0.01266646
-0.03165319
0.005623471
0.9994028
(358.6, 356.4, 0.7)
quadrotor0
-0.01266646
-0.03165319
0.005623472
0.9994028
(358.6, 356.4, 0.7)
quadrotor0
-0.01266646
-0.03165319
0.005623472
0.9994028
(358.6, 356.4, 0.7)
quadrotor0
-0.01266646
-0.03165319
0.005623472
0.9994028
(358.6, 356.4, 0.7)
quadrotor0
-0.01266646
-0.03165319
0.005623471
0.9994028
(358.6, 356.4, 0.7)
quadrotor0
-0.01266646
-0.03165319
0.005623471
0.9994028
(358.6, 356.4, 0.7)
quadrotor0
-0.01266646
-0.03165319
0.00562347
0.9994028
(358.6, 356.4, 0.7)
quadrotor0
-0.01266646
-0.03165319
0.005623471
0.9994028
(358.6, 356.4, 0.7)
quadrotor0
-0.01266646
-0.03165319
0.005623473
0.9994028
(358.6, 356.4, 0.7)
quadrotor0
-0.01266646
-0.03165319
0.005623474
0.9994028
(358.6, 356.4, 0.7)
quadrotor0
-0.01266646
-0.03165319
0.005623475
0.9994028
(358.6, 356.4, 0.7)
quadrotor0
-0.01266646
-0.03165319
0.005623474
0.9994028
(358.6, 356.4, 0.7)
quadrotor0
-0.01266646
-0.03165319
0.005623471
0.9994028
(358.6, 356.4, 0.7)
quadrotor0
-0.01266646
-0.03165319
0.005623468
0.9994028
(358.6, 356.4, 0.7)
quadrotor0
-0.01266647
-0.03165319
0.005623468
0.9994028
(358.6, 356.4, 0.7)
quadrotor0
-0.01266646
-0.03165319
0.005623471
0.9994028
(358.6, 356.4, 0.7)
quadrotor0
-0.01266646
-0.03165319
0.005623471
0.9994028
(358.6, 356.4, 0.7)
quadrotor0
-0.01266646
-0.03165319
0.00562347
0.9994028
(358.6, 356.4, 0.7)
quadrotor0
-0.01266646
-0.03165319
0.005623468
0.9994028
(358.6, 356.4, 0.7)
quadrotor0
-0.01266646
-0.03165319
0.005623469
0.9994028
(358.6, 356.4, 0.7)
quadrotor0
-0.01266646
-0.03165319
0.005623471
0.9994028
(358.6, 356.4, 0.7)
quadrotor0
-0.01266645
-0.03165319
0.005623471
0.9994028
(358.6, 356.4, 0.7)
quadrotor0
-0.01266645
-0.03165319
0.005623471
0.9994028
(358.6, 356.4, 0.7)
quadrotor0
-0.01266646
-0.03165319
0.005623473
0.9994028
(358.6, 356.4, 0.7)
quadrotor0
-0.01266646
-0.03165319
0.005623474
0.9994028
(358.6, 356.4, 0.7)
quadrotor0
-0.01266646
-0.03165319
0.005623476
0.9994028
(358.6, 356.4, 0.7)
quadrotor0
-0.01266646
-0.03165319
0.005623475
0.9994028
(358.6, 356.4, 0.7)
quadrotor0
-0.01266646
-0.03165319
0.00562347
0.9994028
(358.6, 356.4, 0.7)
quadrotor0
-0.01266646
-0.03165319
0.005623465
0.9994028
(358.6, 356.4, 0.7)
quadrotor0
-0.01266646
-0.03165319
0.005623467
0.9994028
(358.6, 356.4, 0.7)
quadrotor0
-0.01266646
-0.03165319
0.005623471
0.9994028
(358.6, 356.4, 0.7)
quadrotor0
-0.01266646
-0.03165319
0.00562347
0.9994028
(358.6, 356.4, 0.7)
quadrotor0
-0.01266646
-0.03165319
0.005623469
0.9994028
(358.6, 356.4, 0.7)
quadrotor0
-0.01266646
-0.03165319
0.005623467
0.9994028
(358.6, 356.4, 0.7)
quadrotor0
-0.01266646
-0.03165319
0.00562347
0.9994028
(358.6, 356.4, 0.7)
quadrotor0
-0.01266646
-0.03165319
0.005623469
0.9994028
(358.6, 356.4, 0.7)
quadrotor0
-0.01266646
-0.03165319
0.005623466
0.9994028
(358.6, 356.4, 0.7)
quadrotor0
-0.01266646
-0.03165319
0.005623468
0.9994028
(358.6, 356.4, 0.7)
quadrotor0
-0.01266646
-0.03165319
0.005623471
0.9994028
(358.6, 356.4, 0.7)
quadrotor0
-0.01266646
-0.03165319
0.005623471
0.9994028
(358.6, 356.4, 0.7)
quadrotor0
-0.01266645
-0.03165319
0.005623471
0.9994028
(358.6, 356.4, 0.7)
quadrotor0
-0.01266646
-0.03165319
0.005623469
0.9994028
(358.6, 356.4, 0.7)
quadrotor0
-0.01266646
-0.03165319
0.005623471
0.9994028
(358.6, 356.4, 0.7)
quadrotor0
-0.01266646
-0.03165319
0.005623472
0.9994028
(358.6, 356.4, 0.7)
quadrotor0
-0.01266646
-0.03165319
0.005623473
0.9994028
(358.6, 356.4, 0.7)
quadrotor0
-0.01266646
-0.03165319
0.005623472
0.9994028
(358.6, 356.4, 0.7)
quadrotor0
-0.01266646
-0.03165319
0.005623471
0.9994028
(358.6, 356.4, 0.7)
quadrotor0
-0.01266646
-0.03165319
0.005623471
0.9994028
(358.6, 356.4, 0.7)
quadrotor0
-0.01266646
-0.03165319
0.005623471
0.9994028
(358.6, 356.4, 0.7)
quadrotor0
-0.01266646
-0.03165319
0.005623471
0.9994028
(358.6, 356.4, 0.7)
quadrotor0
-0.01266646
-0.03165319
0.00562347
0.9994028
(358.6, 356.4, 0.7)
quadrotor0
-0.01266646
-0.03165319
0.005623468
0.9994028
(358.6, 356.4, 0.7)
quadrotor0
-0.01266645
-0.03165319
0.005623469
0.9994028
(358.6, 356.4, 0.7)
quadrotor0
-0.01266646
-0.03165319
0.005623471
0.9994028
(358.6, 356.4, 0.7)
quadrotor0
-0.01266646
-0.03165319
0.005623471
0.9994028
(358.6, 356.4, 0.7)
quadrotor0
-0.01266646
-0.03165319
0.005623469
0.9994028
(358.6, 356.4, 0.7)
quadrotor0
-0.01266646
-0.03165319
0.005623467
0.9994028
(358.6, 356.4, 0.7)
quadrotor0
-0.01266646
-0.03165319
0.00562347
0.9994028
(358.6, 356.4, 0.7)
quadrotor0
-0.01266646
-0.03165319
0.005623471
0.9994028
(358.6, 356.4, 0.7)
quadrotor0
-0.01266646
-0.03165319
0.005623473
0.9994028
(358.6, 356.4, 0.7)
quadrotor0
-0.01266646
-0.03165319
0.005623472
0.9994028
(358.6, 356.4, 0.7)
quadrotor0
-0.01266646
-0.03165319
0.005623471
0.9994028
(358.6, 356.4, 0.7)
quadrotor0
-0.01266646
-0.03165319
0.00562347
0.9994028
(358.6, 356.4, 0.7)
quadrotor0
-0.01266646
-0.03165319
0.005623471
0.9994028
(358.6, 356.4, 0.7)
quadrotor0
-0.01266646
-0.03165319
0.005623471
0.9994028
(358.6, 356.4, 0.7)
quadrotor0
-0.01266646
-0.03165319
0.00562347
0.9994028
(358.6, 356.4, 0.7)
quadrotor0
-0.01266646
-0.03165319
0.005623469
0.9994028
(358.6, 356.4, 0.7)
quadrotor0
-0.01266645
-0.03165319
0.00562347
0.9994028
(358.6, 356.4, 0.7)
quadrotor0
-0.01266646
-0.03165319
0.005623471
0.9994028
(358.6, 356.4, 0.7)
quadrotor0
-0.01266646
-0.03165319
0.005623472
0.9994028
(358.6, 356.4, 0.7)
quadrotor0
-0.01266646
-0.03165319
0.005623471
0.9994028
(358.6, 356.4, 0.7)
quadrotor0
-0.01266646
-0.03165319
0.005623471
0.9994028
(358.6, 356.4, 0.7)
quadrotor0
-0.01266646
-0.03165319
0.005623472
0.9994028
(358.6, 356.4, 0.7)
quadrotor0
-0.01266646
-0.03165319
0.005623474
0.9994028
(358.6, 356.4, 0.7)
quadrotor0
-0.01266646
-0.03165319
0.005623476
0.9994028
(358.6, 356.4, 0.7)
quadrotor0
-0.01266646
-0.03165319
0.005623473
0.9994028
(358.6, 356.4, 0.7)
quadrotor0
-0.01266646
-0.03165319
0.005623472
0.9994028
(358.6, 356.4, 0.7)
quadrotor0
-0.01266646
-0.03165319
0.005623472
0.9994028
(358.6, 356.4, 0.7)
quadrotor0
-0.01266646
-0.03165319
0.005623473
0.9994028
(358.6, 356.4, 0.7)
quadrotor0
-0.01266646
-0.03165319
0.005623473
0.9994028
(358.6, 356.4, 0.7)
quadrotor0
-0.01266646
-0.03165319
0.00562347
0.9994028
(358.6, 356.4, 0.7)
quadrotor0
-0.01266647
-0.03165319
0.005623467
0.9994028
(358.6, 356.4, 0.7)
quadrotor0
-0.01266647
-0.03165319
0.005623468
0.9994028
(358.6, 356.4, 0.7)
quadrotor0
-0.01266646
-0.03165319
0.005623471
0.9994028
(358.6, 356.4, 0.7)
quadrotor0
-0.01266646
-0.03165319
0.005623469
0.9994028
(358.6, 356.4, 0.7)
quadrotor0
-0.01266646
-0.03165319
0.005623467
0.9994028
(358.6, 356.4, 0.7)
quadrotor0
-0.01266646
-0.03165319
0.005623466
0.9994028
(358.6, 356.4, 0.7)
quadrotor0
-0.01266646
-0.03165319
0.00562347
0.9994028
(358.6, 356.4, 0.7)
quadrotor0
-0.01266646
-0.03165319
0.005623471
0.9994028
(358.6, 356.4, 0.7)
quadrotor0
-0.01266646
-0.03165319
0.00562347
0.9994028
(358.6, 356.4, 0.7)
quadrotor0
-0.01266646
-0.03165319
0.005623471
0.9994028
(358.6, 356.4, 0.7)
quadrotor0
-0.01266646
-0.03165319
0.005623474
0.9994028
(358.6, 356.4, 0.7)
quadrotor0
-0.01266647
-0.03165319
0.005623477
0.9994028
(358.6, 356.4, 0.7)
quadrotor0
-0.01266646
-0.03165319
0.005623479
0.9994028
(358.6, 356.4, 0.7)
quadrotor0
-0.01266646
-0.03165319
0.005623476
0.9994028
(358.6, 356.4, 0.7)
quadrotor0
-0.01266646
-0.03165319
0.005623473
0.9994028
(358.6, 356.4, 0.7)
quadrotor0
-0.01266647
-0.03165319
0.005623469
0.9994028
(358.6, 356.4, 0.7)
quadrotor0
-0.01266647
-0.03165319
0.00562347
0.9994028
(358.6, 356.4, 0.7)
quadrotor0
-0.01266646
-0.03165319
0.005623471
0.9994028
(358.6, 356.4, 0.7)
quadrotor0
-0.01266646
-0.03165319
0.00562347
0.9994028
(358.6, 356.4, 0.7)
quadrotor0
-0.01266645
-0.03165319
0.005623468
0.9994028
(358.6, 356.4, 0.7)
quadrotor0
-0.01266646
-0.03165319
0.005623467
0.9994028
(358.6, 356.4, 0.7)
quadrotor0
-0.01266646
-0.03165319
0.00562347
0.9994028
(358.6, 356.4, 0.7)
quadrotor0
-0.01266646
-0.03165319
0.005623471
0.9994028
(358.6, 356.4, 0.7)
quadrotor0
-0.01266645
-0.03165319
0.005623471
0.9994028
(358.6, 356.4, 0.7)
quadrotor0
-0.01266645
-0.03165319
0.005623471
0.9994028
(358.6, 356.4, 0.7)
quadrotor0
-0.01266646
-0.03165319
0.005623471
0.9994028
(358.6, 356.4, 0.7)
quadrotor0
-0.01266646
-0.03165319
0.005623471
0.9994028
(358.6, 356.4, 0.7)
quadrotor0
-0.01266646
-0.03165319
0.005623471
0.9994028
(358.6, 356.4, 0.7)
quadrotor0
-0.01266646
-0.03165319
0.005623471
0.9994028
(358.6, 356.4, 0.7)
quadrotor0
-0.01266646
-0.03165319
0.005623472
0.9994028
(358.6, 356.4, 0.7)
quadrotor0
-0.01266646
-0.03165319
0.005623475
0.9994028
(358.6, 356.4, 0.7)
quadrotor0
-0.01266646
-0.03165319
0.005623473
0.9994028
(358.6, 356.4, 0.7)
quadrotor0
-0.01266646
-0.03165319
0.005623471
0.9994028
(358.6, 356.4, 0.7)
quadrotor0
-0.01266646
-0.03165319
0.005623471
0.9994028
(358.6, 356.4, 0.7)
quadrotor0
-0.01266645
-0.03165319
0.005623471
0.9994028
(358.6, 356.4, 0.7)
quadrotor0
-0.01266646
-0.03165319
0.005623471
0.9994028
(358.6, 356.4, 0.7)
quadrotor0
-0.01266646
-0.03165319
0.005623471
0.9994028
(358.6, 356.4, 0.7)
quadrotor0
-0.01266646
-0.03165319
0.005623472
0.9994028
(358.6, 356.4, 0.7)
quadrotor0
-0.01266646
-0.03165319
0.005623473
0.9994028
(358.6, 356.4, 0.7)
quadrotor0
-0.01266646
-0.03165319
0.005623472
0.9994028
(358.6, 356.4, 0.7)
quadrotor0
-0.01266646
-0.03165319
0.00562347
0.9994028
(358.6, 356.4, 0.7)
quadrotor0
-0.01266646
-0.03165319
0.00562347
0.9994028
(358.6, 356.4, 0.7)
quadrotor0
-0.01266646
-0.03165319
0.005623471
0.9994028
(358.6, 356.4, 0.7)
quadrotor0
-0.01266646
-0.03165319
0.005623472
0.9994028
(358.6, 356.4, 0.7)
quadrotor0
-0.01266646
-0.03165319
0.005623471
0.9994028
(358.6, 356.4, 0.7)
quadrotor0
-0.01266646
-0.03165319
0.005623466
0.9994028
(358.6, 356.4, 0.7)
quadrotor0
-0.01266646
-0.03165319
0.005623465
0.9994028
(358.6, 356.4, 0.7)
quadrotor0
-0.01266646
-0.03165319
0.005623469
0.9994028
(358.6, 356.4, 0.7)
quadrotor0
-0.01266646
-0.03165319
0.005623471
0.9994028
(358.6, 356.4, 0.7)
quadrotor0
-0.01266646
-0.03165319
0.005623471
0.9994028
(358.6, 356.4, 0.7)
quadrotor0
-0.01266646
-0.03165319
0.00562347
0.9994028
(358.6, 356.4, 0.7)
quadrotor0
-0.01266646
-0.03165319
0.00562347
0.9994028
(358.6, 356.4, 0.7)
quadrotor0
-0.01266646
-0.03165319
0.005623471
0.9994028
(358.6, 356.4, 0.7)
quadrotor0
-0.01266646
-0.03165319
0.005623471
0.9994028
(358.6, 356.4, 0.7)
quadrotor0
-0.01266646
-0.03165319
0.005623471
0.9994028
(358.6, 356.4, 0.7)
quadrotor0
-0.01266646
-0.03165319
0.005623472
0.9994028
(358.6, 356.4, 0.7)
quadrotor0
-0.01266646
-0.03165319
0.005623474
0.9994028
(358.6, 356.4, 0.7)
quadrotor0
-0.01266646
-0.03165319
0.005623478
0.9994028
(358.6, 356.4, 0.7)
quadrotor0
-0.01266646
-0.03165319
0.005623478
0.9994028
(358.6, 356.4, 0.7)
quadrotor0
-0.01266646
-0.03165319
0.005623474
0.9994028
(358.6, 356.4, 0.7)
quadrotor0
-0.01266646
-0.03165319
0.005623468
0.9994028
(358.6, 356.4, 0.7)
quadrotor0
-0.01266646
-0.03165319
0.005623466
0.9994028
(358.6, 356.4, 0.7)
quadrotor0
-0.01266646
-0.03165319
0.00562347
0.9994028
(358.6, 356.4, 0.7)
quadrotor0
-0.01266646
-0.03165319
0.00562347
0.9994028
(358.6, 356.4, 0.7)
quadrotor0
-0.01266646
-0.03165319
0.005623469
0.9994028
(358.6, 356.4, 0.7)
quadrotor0
-0.01266646
-0.03165319
0.005623467
0.9994028
(358.6, 356.4, 0.7)
quadrotor0
-0.01266646
-0.03165319
0.005623468
0.9994028
(358.6, 356.4, 0.7)
quadrotor0
-0.01266646
-0.03165319
0.00562347
0.9994028
(358.6, 356.4, 0.7)
quadrotor0
-0.01266646
-0.03165319
0.005623471
0.9994028
(358.6, 356.4, 0.7)
quadrotor0
-0.01266646
-0.03165319
0.005623471
0.9994028
(358.6, 356.4, 0.7)
quadrotor0
-0.01266646
-0.03165319
0.005623471
0.9994028
(358.6, 356.4, 0.7)
quadrotor0
-0.01266646
-0.03165319
0.005623472
0.9994028
(358.6, 356.4, 0.7)
quadrotor0
-0.01266645
-0.03165319
0.005623472
0.9994028
(358.6, 356.4, 0.7)
quadrotor0
-0.01266646
-0.03165319
0.005623472
0.9994028
(358.6, 356.4, 0.7)
quadrotor0
-0.01266646
-0.03165319
0.005623472
0.9994028
(358.6, 356.4, 0.7)
quadrotor0
-0.01266646
-0.03165319
0.005623469
0.9994028
(358.6, 356.4, 0.7)
quadrotor0
-0.01266646
-0.03165319
0.005623467
0.9994028
(358.6, 356.4, 0.7)
quadrotor0
-0.01266646
-0.03165319
0.005623469
0.9994028
(358.6, 356.4, 0.7)
quadrotor0
-0.01266646
-0.03165319
0.005623471
0.9994028
(358.6, 356.4, 0.7)
quadrotor0
-0.01266646
-0.03165319
0.005623471
0.9994028
(358.6, 356.4, 0.7)
quadrotor0
-0.01266646
-0.03165319
0.00562347
0.9994028
(358.6, 356.4, 0.7)
quadrotor0
-0.01266646
-0.03165319
0.005623468
0.9994028
(358.6, 356.4, 0.7)
quadrotor0
-0.01266646
-0.03165319
0.00562347
0.9994028
(358.6, 356.4, 0.7)
quadrotor0
-0.01266646
-0.03165319
0.005623472
0.9994028
(358.6, 356.4, 0.7)
quadrotor0
-0.01266646
-0.03165319
0.005623473
0.9994028
(358.6, 356.4, 0.7)
quadrotor0
-0.01266646
-0.03165319
0.005623472
0.9994028
(358.6, 356.4, 0.7)
quadrotor0
-0.01266646
-0.03165319
0.00562347
0.9994028
(358.6, 356.4, 0.7)
quadrotor0
-0.01266646
-0.03165319
0.00562347
0.9994028
(358.6, 356.4, 0.7)
quadrotor0
-0.01266646
-0.03165319
0.00562347
0.9994028
(358.6, 356.4, 0.7)
quadrotor0
-0.01266646
-0.03165319
0.00562347
0.9994028
(358.6, 356.4, 0.7)
quadrotor0
-0.01266646
-0.03165319
0.005623471
0.9994028
(358.6, 356.4, 0.7)
quadrotor0
-0.01266647
-0.03165319
0.005623471
0.9994028
(358.6, 356.4, 0.7)
quadrotor0
-0.01266647
-0.03165319
0.005623471
0.9994028
(358.6, 356.4, 0.7)
quadrotor0
-0.01266646
-0.03165319
0.005623472
0.9994028
(358.6, 356.4, 0.7)
quadrotor0
-0.01266646
-0.03165319
0.005623474
0.9994028
(358.6, 356.4, 0.7)
quadrotor0
-0.01266646
-0.03165319
0.005623476
0.9994028
(358.6, 356.4, 0.7)
quadrotor0
-0.01266646
-0.03165319
0.005623476
0.9994028
(358.6, 356.4, 0.7)
quadrotor0
-0.01266646
-0.03165319
0.005623471
0.9994028
(358.6, 356.4, 0.7)
quadrotor0
-0.01266646
-0.03165319
0.005623467
0.9994028
(358.6, 356.4, 0.7)
quadrotor0
-0.01266647
-0.03165319
0.00562347
0.9994028
(358.6, 356.4, 0.7)
quadrotor0
-0.01266646
-0.03165319
0.005623471
0.9994028
(358.6, 356.4, 0.7)
quadrotor0
-0.01266646
-0.03165319
0.005623471
0.9994028
(358.6, 356.4, 0.7)
quadrotor0
-0.01266645
-0.03165319
0.005623468
0.9994028
(358.6, 356.4, 0.7)
quadrotor0
-0.01266646
-0.03165319
0.005623467
0.9994028
(358.6, 356.4, 0.7)
quadrotor0
-0.01266646
-0.03165319
0.00562347
0.9994028
(358.6, 356.4, 0.7)
quadrotor0
-0.01266646
-0.03165319
0.005623472
0.9994028
(358.6, 356.4, 0.7)
quadrotor0
-0.01266645
-0.03165319
0.005623473
0.9994028
(358.6, 356.4, 0.7)
quadrotor0
-0.01266645
-0.03165319
0.005623472
0.9994028
(358.6, 356.4, 0.7)
quadrotor0
-0.01266646
-0.03165319
0.005623471
0.9994028
(358.6, 356.4, 0.7)
quadrotor0
-0.01266646
-0.03165319
0.00562347
0.9994028
(358.6, 356.4, 0.7)
quadrotor0
-0.01266646
-0.03165319
0.00562347
0.9994028
(358.6, 356.4, 0.7)
quadrotor0
-0.01266646
-0.03165319
0.005623471
0.9994028
(358.6, 356.4, 0.7)
quadrotor0
-0.01266646
-0.03165319
0.005623474
0.9994028
(358.6, 356.4, 0.7)
quadrotor0
-0.01266646
-0.03165319
0.005623478
0.9994028
(358.6, 356.4, 0.7)
quadrotor0
-0.01266646
-0.03165319
0.005623474
0.9994028
(358.6, 356.4, 0.7)
quadrotor0
-0.01266646
-0.03165319
0.005623473
0.9994028
(358.6, 356.4, 0.7)
quadrotor0
-0.01266646
-0.03165319
0.005623473
0.9994028
(358.6, 356.4, 0.7)
quadrotor0
-0.01266646
-0.03165319
0.005623474
0.9994028
(358.6, 356.4, 0.7)
quadrotor0
-0.01266646
-0.03165319
0.005623475
0.9994028
(358.6, 356.4, 0.7)
quadrotor0
-0.01266646
-0.03165319
0.005623472
0.9994028
(358.6, 356.4, 0.7)
quadrotor0
-0.01266646
-0.03165319
0.005623467
0.9994028
(358.6, 356.4, 0.7)
quadrotor0
-0.01266646
-0.03165319
0.005623465
0.9994028
(358.6, 356.4, 0.7)
quadrotor0
-0.01266646
-0.03165319
0.005623469
0.9994028
(358.6, 356.4, 0.7)
quadrotor0
-0.01266646
-0.03165319
0.00562347
0.9994028
(358.6, 356.4, 0.7)
quadrotor0
-0.01266646
-0.03165319
0.00562347
0.9994028
(358.6, 356.4, 0.7)
quadrotor0
-0.01266645
-0.03165319
0.005623468
0.9994028
(358.6, 356.4, 0.7)
quadrotor0
-0.01266646
-0.03165319
0.005623468
0.9994028
(358.6, 356.4, 0.7)
quadrotor0
-0.01266646
-0.03165319
0.00562347
0.9994028
(358.6, 356.4, 0.7)
quadrotor0
-0.01266646
-0.03165319
0.005623471
0.9994028
(358.6, 356.4, 0.7)
quadrotor0
-0.01266645
-0.03165319
0.005623471
0.9994028
(358.6, 356.4, 0.7)
quadrotor0
-0.01266646
-0.03165319
0.005623471
0.9994028
(358.6, 356.4, 0.7)
quadrotor0
-0.01266646
-0.03165319
0.005623473
0.9994028
(358.6, 356.4, 0.7)
quadrotor0
-0.01266646
-0.03165319
0.005623473
0.9994028
(358.6, 356.4, 0.7)
quadrotor0
-0.01266646
-0.03165319
0.005623473
0.9994028
(358.6, 356.4, 0.7)
quadrotor0
-0.01266646
-0.03165319
0.005623473
0.9994028
(358.6, 356.4, 0.7)
quadrotor0
-0.01266645
-0.03165319
0.005623471
0.9994028
(358.6, 356.4, 0.7)
