t,x,y,z,vx,vy,vz,ax,ay,az,yaw,yaw_dot
3.14780855178833,-2.5087855430972892e-05,9.736805630614662e-06,2.0080159064408574,-0.003737327240044555,0.0014506335255869993,0.002383316641931694,-0.36857505836810295,0.14309073395454422,0.2352238560539605,0.031415926535897754,1.5707963267948966
3.167724847793579,-9.616182645770608e-05,3.793568522483093e-05,2.008061224875542,-0.010714322040638585,0.004249609565087882,0.0068299075091871105,-0.698028739436847,0.27990789319446985,0.4448697610013043,0.06283185307179551,1.5707963267948966
3.1876838207244873,-0.00016740768534172373,6.783539570270726e-05,2.0081587609610407,-0.017422100505883956,0.007034070195752982,0.012800733384835799,-1.0165830835114367,0.4105272288608931,0.6496160375063595,0.09424777960769326,1.5707963267948966
3.2076871395111084,-0.0007389503177491038,0.0002987444010307908,2.0085574669313724,-0.04069748547251502,0.016453312211126156,0.027693769562698884,-1.3061920837187135,0.5294767384373062,0.8367948474938702,0.12566370614359101,1.5707963267948966
3.227717399597168,-0.0003722756437627268,0.00015544361505720973,2.0085109937074175,-0.031485354013287274,0.012586257450977172,0.027114499902536806,-1.5505689435818495,0.5896806821698927,1.0077749670593306,0.15707963267948877,1.5707963267948966
3.2477099895477295,-0.0013271270570194562,0.0005287719741005853,2.009265424547548,-0.06473059439927407,0.024924243241638323,0.04884451334531212,-1.7698218929118026,0.6429832321649358,1.1625603579301818,0.18849555921538652,1.5707963267948966
3.2677345275878906,-0.0008605814216859915,0.0003692066273939986,2.0093500116968777,-0.048852334739568064,0.019232875476693535,0.04881659067371338,-1.8358780284960892,0.6759449705183705,1.3032778644575356,0.21991148575128427,1.5707963267948966
3.287754774093628,-0.002208607692588014,0.0008909964464491906,2.0105956309210806,-0.0861306415111545,0.033039102728430386,0.07616460873838767,-1.889988062866822,0.7038462397173325,1.4290672231779227,0.25132741228718203,1.5707963267948966
3.3077406883239746,-0.0026260993351555142,0.001176509406707254,2.0117456627562893,-0.08584827698778996,0.03636870700610583,0.08944406071667632,-2.165940542038511,0.8849942737681927,1.5147911244809018,0.2827433388230798,1.5707963267948966
3.3277971744537354,-0.005379280093802263,0.0023951980122550896,2.014788181372964,-0.12715905658004273,0.0560217215603169,0.12594498100079654,-2.0292319418120224,1.0022240189337768,1.5179263980305129,0.31415926535897754,1.5707963267948966
3.351097583770752,-0.00831930742651838,0.003723288138903087,2.017610629496157,-0.16639555094907763,0.07713790491794463,0.156293958482751,-1.8947937977190223,1.107413310091801,1.5161667996090866,0.3455751918948753,1.5707963267948966
3.3676743507385254,-0.011411966903974799,0.004981624789797603,2.020830362176215,-0.18894475731016414,0.08413891269688403,0.1808562394816513,-1.658528055438027,0.8486621274056941,1.3806890655785293,0.37699111843077304,1.5707963267948966
3.3877222537994385,-0.015507324016351338,0.006817701640542606,2.0247148743268433,-0.21983713132103008,0.09866052002396938,0.20716209573839894,-1.4323777777706657,0.6061804780900706,1.250823414098912,0.4084070449666708,1.5707963267948966
3.40767502784729,-0.02336136786965317,0.009979852552856907,2.0317116996941187,-0.28002085803815596,0.11799173001221129,0.2503127769082585,-1.4938139635343672,0.5182265400245165,1.228296304510743,0.43982297150256855,1.5707963267948966
3.4277937412261963,-0.029264066304014142,0.012437665652684636,2.036961971403026,-0.3104154364788343,0.12750948793202496,0.27462992106038175,-1.5437546200066825,0.43419779776491413,1.2029557346931212,0.4712388980384663,1.5707963267948966
3.4477922916412354,-0.03298673595344771,0.014139014488598575,2.0398800078479473,-0.3428916497301512,0.14117689383778312,0.2886705759354606,-1.7639855680601766,0.1325705269163556,1.0718792550371203,0.5026548245743641,1.5707963267948966
3.467662811279297,-0.04021079993601831,0.01697004432116134,2.0458593511573664,-0.3801659350565945,0.1409928535576491,0.3088464063311925,-1.9593521815038908,-0.1474086541785538,0.9466727856994439,0.5340707511102618,1.5707963267948966
3.4877617359161377,-0.048454378418501275,0.020878089263496775,2.0525571342723716,-0.4228246391176455,0.16176076684172874,0.33824699423486915,-1.8439112866165706,-0.8107984136422545,1.1358074109162475,0.5654866776461596,1.5707963267948966
3.5095067024230957,-0.06188043058787724,0.026627204048998352,2.0633818802315558,-0.47399628242829367,0.1703659686018269,0.379744483375624,-1.6009007728670404,-1.3153947117278104,1.5297233816861584,0.5969026041820573,1.5707963267948966
3.5277597904205322,-0.0716647641792797,0.029739889727135795,2.071307125629208,-0.503655535431115,0.13935913461519697,0.4139702045062353,-1.3664357901242494,-1.7784512644206723,1.8867832585905848,0.5654866776461596,-1.5707963267948966
3.547899007797241,-0.07702580656146936,0.03266709381225848,2.0753870163014674,-0.5263737132299251,0.1724065611229954,0.42817190389171067,-1.469524791806575,-1.2540485601656952,1.9013334251696072,0.571559347753964,0.3036335053902217
3.5676887035369873,-0.0941919043824999,0.03876558706620452,2.088584350870598,-0.5920080388468858,0.17729963136439555,0.4710472379527586,-1.6152807062295775,-0.9646345644788488,1.8715541760911265,0.5401434212180662,-1.5707963267948966
3.587777853012085,-0.10636386533283486,0.04213695420408599,2.0983773598182007,-0.6256092826323983,0.16073581787746138,0.5081370370921133,-1.7416573514279312,-0.6950063085796998,1.8365707337484194,0.5214507248095215,-0.9346348204272381
3.607684850692749,-0.12002950887574125,0.045682618898712155,2.1085081980084337,-0.6847571596978425,0.1508351832428342,0.5327568889560584,-2.434244689605738,-1.1341770916019869,1.4978236457785996,0.5345291535586925,0.6539214374585489
3.627732515335083,-0.1342542621592768,0.04844506912947846,2.1194413604044073,-0.739800215806795,0.12406951812320602,0.5594994881043499,-3.0588892619193273,-1.5362887798334153,1.1798562193680828,0.5031132270227943,-1.5707963267948966
3.647808790206909,-0.1414841619644656,0.04944112255644588,2.125221988927647,-0.7610707309558946,0.1027692290992871,0.5758654531282889,-3.2439602148740616,-1.7598045635502455,1.2204790497316567,0.4716973004868965,-1.5707963267948966
3.6676809787750244,-0.16360734492159557,0.05225760163194413,2.142898118120548,-0.8198877341408858,0.07036592460272657,0.6244342548379104,-3.584112725995109,-1.5974259385370568,1.2222354489417326,0.44028137395099876,-1.5707963267948966
3.6877708435058594,-0.18074239787867571,0.053355856044041715,2.155631047214628,-0.8946052301010899,0.03997392208086133,0.6488432465528581,-3.880433704099918,-1.4431012129304892,1.2176160330583772,0.408865447415101,-1.5707963267948966
3.7082715034484863,-0.1974005109876259,0.05457161633554588,2.169431230520249,-0.9211982806435326,0.020301549238940165,0.6854037228136615,-3.720909781427912,-2.215109599550083,0.9852433451445676,0.37744952087920325,-1.5707963267948966
3.7277493476867676,-0.216557451501953,0.054486448217537835,2.1833214836491512,-0.9939261097000809,-0.031173147543670777,0.7028883276181649,-3.550019630176151,-2.921572961429517,0.7652602429948617,0.3460335943433055,-1.5707963267948966
3.7477831840515137,-0.22586767517152065,0.05443903228206505,2.1907490519964834,-1.004300918426039,-0.053937199769604455,0.7192020847950967,-3.0931585852741885,-3.6637768698321813,0.5699180696085078,0.31461766780740774,-1.5707963267948966
3.7676773071289062,-0.24654245542268693,0.052581621813147045,2.205234595299509,-1.061693380640949,-0.1340407758462857,0.7287370517136506,-2.6480397933803177,-4.3348864385197645,0.38535608427449625,0.28320174127151,-1.5707963267948966
3.7878477573394775,-0.25755547996866723,0.052614080013326264,2.2130626562035065,-1.0946314397544192,-0.13618676730917903,0.7458674450038663,-2.3275519678784384,-4.926674363534478,0.22154611022362714,0.25178581473561223,-1.5707963267948966
3.8076517581939697,-0.2798924634355662,0.04886873493834373,2.228013865278403,-1.1380126655174179,-0.24010930198105507,0.7487387759227471,-2.011281070630264,-5.455170988019641,0.06713673941157756,0.22036988819971448,-1.5707963267948966
3.8277852535247803,-0.3177746209345198,0.044684127639851114,2.2518132820884498,-1.2565815193366534,-0.2875096266629816,0.7784539108858787,-1.2668231810851844,-6.132721897829951,-0.07284005009553551,0.18895396166381673,-1.5707963267948966
3.847990036010742,-0.34311184552207896,0.0376656398961454,2.2673588825367506,-1.2747830714797759,-0.4163705261467028,0.7756675938387592,-0.5594502827736104,-6.742165095652066,-0.20440517454722104,0.15753803512791897,-1.5707963267948966
3.8677022457122803,-0.3713618201995565,0.03167821516692725,2.283652302093795,-1.3516118656959442,-0.4624231815440434,0.7909155199420761,-0.19558930630384458,-7.165383894383281,-0.3246383679608408,0.12612210859202122,-1.5707963267948966
3.8878064155578613,-0.39840944437122994,0.02097128515884195,2.2993980527533044,-1.3519727392961878,-0.6094929310785357,0.7832842544419739,0.15775561521082843,-7.532343179866319,-0.437228704405717,0.09470618205612347,-1.5707963267948966
3.907707452774048,-0.4287453591489454,0.010728729214271105,2.3157407953809543,-1.4254567395199087,-0.6742856654446009,0.7943839759066804,0.9270034234787138,-7.404765861820647,-0.34939156959130374,0.06329025552022571,-1.5707963267948966
3.927675247192383,-0.45836820074989804,-0.003305481704484827,2.3318042478749827,-1.445364132032527,-0.7905069522899514,0.7944727367831593,1.5933267060333343,-7.196613534343846,-0.4679662461168464,0.03187432898432796,-1.5707963267948966
3.947794198989868,-0.4869144218217583,-0.020540754385258143,2.347592600088005,-1.4071715080886211,-0.9323057886287472,0.7839935321927234,2.219281624936275,-6.982260088490953,-0.5786549586250734,0.0004584024484302063,-1.5707963267948966
3.9677228927612305,-0.5187121674663724,-0.03975934409417731,2.363685878238491,-1.4654857567035455,-1.0559056617804796,0.7846868952839651,2.301198737891705,-6.979454912420214,-0.6797167164823883,-0.030957524087467547,-1.5707963267948966
3.987689971923828,-0.5640843451567539,-0.07499199810963851,2.3871941970675956,-1.45911838330332,-1.2764281876168844,0.770411696378652,2.962427279726827,-6.794686955412269,-0.8677813713188721,-0.0623734506233653,-1.5707963267948966
4.007768630981445,-0.5926326061729655,-0.10186645706673803,2.4024170319021723,-1.3936671268540761,-1.4103537816552112,0.7512910715389641,3.5746242878476697,-6.595518201181445,-1.0420016140206088,-0.09378937715926305,-1.5707963267948966
4.027705192565918,-0.6083648470515138,-0.11709103981565434,2.410139941849387,-1.4121707992618482,-1.4994726962279776,0.7480485907022569,3.7599431572925988,-6.602091010635485,-1.0712877104615146,-0.1252053036951608,-1.5707963267948966
4.047811031341553,-0.6358444973040109,-0.14839994638140602,2.4248848514777124,-1.3352148978573535,-1.631346692538902,0.7263545645864741,3.9337451208457743,-6.580725285673599,-1.097631344333687,-0.15662123023105856,-1.5707963267948966
4.067836761474609,-0.6648644708787019,-0.1838487038658969,2.43957447616393,-1.330992736997566,-1.7980950763906118,0.7142805808725436,4.013783438482505,-6.342459057517715,-0.9563497851486892,-0.18803715676695631,-1.5707963267948966
4.087730169296265,-0.7042949375732431,-0.24162609249036743,2.4605171764479077,-1.2450744528827773,-2.014476129320235,0.6823700837450538,4.196043991585151,-6.060479892629189,-1.0944165887411832,-0.21945308330285407,-1.5707963267948966
4.1077494621276855,-0.7283457950440123,-0.28310860702086016,2.4739370471375777,-1.1594521333738672,-2.1328151897357195,0.659193754220252,4.363797756756564,-5.772445386927049,-1.2213904754954865,-0.2508690098387518,-1.5707963267948966
4.127773284912109,-0.7405071404015283,-0.305859817480624,2.480356228426435,-1.1365273981011639,-2.2201657078205486,0.6429385590789468,4.478996564613933,-5.413656704996305,-1.3228569196365223,-0.2822849363746496,-1.5707963267948966
4.147796392440796,-0.7623347660394644,-0.3513219660237508,2.4929441249703417,-1.04588817590614,-2.324854755312384,0.6155435101766987,4.583097858336264,-5.055342411605545,-1.4151363737811646,-0.31370086291054733,-1.5707963267948966
4.167761325836182,-0.7832638609663509,-0.4012493406337679,2.5049487617540076,-0.9768520488328464,-2.4850010386917156,0.5860410879738159,4.529631417713085,-4.753285280748368,-1.4827844932792367,-0.3451167894464451,-1.5707963267948966
4.187691688537598,-0.8107598423456474,-0.47968278865821007,2.521824921486853,-0.8469057838806152,-2.6718162928719615,0.5433864301574134,4.489199962464737,-4.080653512113896,-1.1024935691353779,-0.37653271598234284,-1.5707963267948966
4.207724571228027,-0.8268029312481722,-0.533891674716811,2.532496097806065,-0.7575456987983865,-2.746914790647998,0.5249053895103446,4.446423370720772,-3.4333899381074997,-0.7502262810775404,-0.4079486425182406,-1.5707963267948966
4.22763466835022,-0.8407290265716476,-0.5923939306527026,2.5419179986707623,-0.658998788371991,-2.878281311253983,0.4824800770703418,4.421651806489821,-2.101410064377841,-0.8587480409163473,-0.43936456905413834,-1.5707963267948966
4.247753858566284,-0.8530264264204802,-0.6502953341805277,2.551389058886457,-0.5708306319125859,-2.907704454699247,0.46429364107921994,4.394821311530163,-0.8550009991077165,-0.9584427383526827,-0.4707804955900361,-1.5707963267948966
4.2677531242370605,-0.8527496400860427,-0.6515950871716906,2.5507021544923347,-0.562104869790412,-2.9357994753706724,0.44006411514013366,4.360271098608439,0.313733704818153,-1.0353331954669829,-0.5021964221259339,-1.5707963267948966
4.287744522094727,-0.870982719956431,-0.7758796493969352,2.5658448624718093,-0.3698972279039399,-3.0908938920821254,0.3575482861773815,4.225096044486081,1.3997323340114602,-1.0837223267275444,-0.5336123486618316,-1.5707963267948966
4.307682275772095,-0.877544240685566,-0.8373488255816751,2.572776130693963,-0.28667779334215854,-3.0526459403426194,0.33543536507778304,4.09820731446779,2.413095935484806,-1.126676048080752,-0.532837676575034,0.038733604339880046
4.327815055847168,-0.8797778735149453,-0.8719396032496591,2.574927668795008,-0.23947110899703927,-3.1390972828279757,0.2911568195044369,3.381435659405123,3.3895793222422674,-1.1037815573004024,-0.5221019810086234,0.5367847783205315
4.3485658168792725,-0.8847280009707362,-0.9693407132155039,2.58154992521825,-0.11889093814429573,-3.1720746111884517,0.20951897716579326,3.227801980874381,3.3910773108144823,-1.1080355551882186,-0.4936896136332112,1.4206183687706098
4.367735147476196,-0.8864697427676125,-1.0321037577670424,2.58551854981698,-0.05574499380385831,-3.1042160730474033,0.18733831491549988,3.089268106587713,3.3952069546420427,-1.1095872926078951,-0.4916968050502062,0.09964042915024951
4.387777090072632,-0.8859600357074745,-1.066638808319388,2.5856762139889673,0.007632152869148552,-3.174005770774756,0.13396898633172472,3.5838298133691824,3.1367263413337962,-1.0523466892833462,-0.48132567356243205,0.5185565743887066
4.407728672027588,-0.8850596141272146,-1.1295079674501929,2.588148859947843,0.08392843012869176,-3.11371572877394,0.11348105610127998,4.039372927688886,2.8950436240593094,-0.9967123941348613,-0.4629109963212916,0.9207338620570216
4.427766799926758,-0.87959300504525,-1.1928388150054579,2.5921311896722004,0.2411566604992275,-3.0861507696073436,0.15258669066073066,4.12866965662897,2.5234872248354225,-0.7472500225093813,-0.4465653560965537,0.8172820112368973
4.447757005691528,-0.8725935926531884,-1.252573565747304,2.5965844563311276,0.37032780217163735,-2.9859186296628675,0.18925373695512135,4.265543649034073,2.246669187562175,-0.7428651803006111,-0.43096272456848306,0.780131576403531
4.467779636383057,-0.8643256853685011,-1.3118599030485378,2.6002213107613734,0.45686056316486445,-2.9435610350014305,0.17445033054710965,4.384842568828811,1.9928789694919322,-0.73727850740396,-0.41547806877109617,0.7742327898693446
4.487814664840698,-0.8565978956489222,-1.3361518959319758,2.604077185991433,0.5854670408108532,-2.7760131366391945,0.2254429387954293,4.278781323088472,1.8754706289968666,-0.744699093672144,-0.40523370107826784,0.5122183846414163
4.507620096206665,-0.8334610430557976,-1.4117838717377962,2.6106386287786516,0.8179532519337896,-2.5213127007947964,0.20175024334484135,4.078927257140041,2.209179505669707,-0.7471741915661653,-0.3738177745423701,1.5707963267948966
4.527842283248901,-0.8162992801914966,-1.4617472062650807,2.614524117657827,0.8975725684741555,-2.4739857230832776,0.18679596095111142,3.883786812986086,2.519696944523132,-0.7479801337312867,-0.35255986137133943,1.0628956585515326
4.547900438308716,-0.7914623212774303,-1.5009324413478788,2.614036824007374,1.126549528124964,-2.184390889114965,0.06081652301033359,3.871423103349722,2.5094457446820306,-0.7506348542709468,-0.3211439348354417,1.5707963267948966
4.567723751068115,-0.7530923705924246,-1.560741415985878,2.6109624466164947,1.319082648880074,-1.9808614947390002,-0.09255091148873643,3.7609616699997015,2.562734644016638,-0.680022705127859,-0.2897280082995439,1.5707963267948966
4.587859153747559,-0.7259659927364841,-1.5998428162902445,2.608979979380146,1.3931800992133598,-1.9291188379913131,-0.1054705416048499,3.648452506045139,2.6106462414516582,-0.6124405999444614,-0.2623589221362468,1.368454308164857
4.607658863067627,-0.7105943822282226,-1.6161025996832084,2.603480315150762,1.4623258914515638,-1.8231294983367983,-0.23478823662638706,3.5538000787110122,2.639805073850995,-0.5187970451893816,-0.25430664000575565,0.402614106524557
4.627795457839966,-0.6806435495513252,-1.6520354316063433,2.5986867947997805,1.5324329294595056,-1.7700662551784223,-0.2442675485538745,3.45646826688583,2.666037994164975,-0.4299204279661141,-0.2320223082161177,1.1142165894818978
4.6477882862091064,-0.648825455489044,-1.6851924154599038,2.589571956544749,1.6077977890195045,-1.6816946873473768,-0.3474777944672225,3.109444959663952,2.520757815602325,-0.323385253437305,-0.2154096459434447,0.8306331136336498
4.66783595085144,-0.6160699448481174,-1.718331336747644,2.5825645279570195,1.66664977549872,-1.6326480665321932,-0.3529297538545249,2.7783900857170174,2.3855664224014284,-0.22278998037685813,-0.2047594309776688,0.5325107482887947
4.687801122665405,-0.5994804677511033,-1.735016743524879,2.5783818484087675,1.6843984772164236,-1.6252332429854126,-0.37015217982157655,2.355198509612799,2.2631351232659527,-0.12871923880166009,-0.20240774964723407,0.11758406652173647
4.707648277282715,-0.529949079143196,-1.799287388658144,2.563745766046473,1.783227421868809,-1.5604369855835776,-0.3660896904860964,2.0235081951704057,2.2473230958639245,-0.0414564746111069,-0.17099182311133632,1.5707963267948966
4.727797746658325,-0.4939011560763651,-1.830047644486249,2.5564212341140338,1.820511491474866,-1.515636428457816,-0.3660901954917459,1.707485243535865,2.232973086639441,0.04053766406772563,-0.16445434914066626,0.326873698533503
4.749669075012207,-0.47528810453402087,-1.8452876570032317,2.5532403757294513,1.8452231309541904,-1.4975868268837624,-0.35117465358332445,1.4929383117860393,2.2797356873546706,0.10970953286648266,-0.16256762530181224,0.09433619194270104
4.767832279205322,-0.43809890508893534,-1.8747805010997542,2.5462432144892464,1.8730117378257154,-1.4515531516935565,-0.34832561991167765,1.2874129969425556,2.323066303710618,0.17446636442744884,-0.1443538482544744,0.9106888523668921
4.78778862953186,-0.3995020484384058,-1.903436888642283,2.540215261398722,1.9180233177972181,-1.4087177550913732,-0.3208511836224678,1.0554605451554748,2.3301975724518322,0.22593700949704137,-0.13827950303030923,0.30371726120825837
4.807635307312012,-0.3411996620646121,-1.945350547259415,2.531582968183654,1.9568534336141508,-1.3604607675847642,-0.28773849808533974,1.0200112371906753,2.301458093919739,0.2662220603125053,-0.12183312176501948,0.8223190632644872
4.82792329788208,-0.3018609492745033,-1.9721013572068222,2.525883981922777,1.97690003359392,-1.3147140458922835,-0.28203557127725887,0.9846680101957848,2.273312334160622,0.3035902289020259,-0.11244169350967859,0.4695714127670447
4.84792947769165,-0.2822395518476682,-1.986411740205211,2.5241818744634346,1.9794273471642265,-1.3295249763077668,-0.24701844269726453,0.9042634400494292,2.2393790852954814,0.32786853288747736,-0.12098047470276496,-0.4269390596543188
4.867676734924316,-0.24247531957161123,-2.0125565936759306,2.5193085957785915,1.9967406931753868,-1.2850713202620014,-0.2402352810264988,0.8277059884104204,2.2060941519874047,0.3501127945172548,-0.10375256123797172,0.8613956732396622
4.887799978256226,-0.22302060443704141,-2.0267231356864985,2.5180845642422702,1.9881759698898651,-1.3031344630925619,-0.20334592834696077,0.7710497386724198,2.267840958135843,0.3604647088225072,-0.11362143276861847,-0.4934435765323375
4.907599449157715,-0.14391476346091545,-2.0789623084207354,2.5120144851234634,1.9921917358126164,-1.2593695399307563,-0.14467759191825613,0.7187906949430729,2.3334754844370456,0.3568282954042326,-0.09047893347492053,1.157124964684897
4.9277565479278564,-0.10393054963103054,-2.103678945910835,2.509192038507304,2.00606242766838,-1.2120965161633346,-0.13758038586523685,0.668624239530127,2.3927859773024087,0.3528336550600061,-0.0848738397410651,0.2802546866927713
4.947744607925415,-0.0648372970074384,-2.1291638053244957,2.5082069159483007,1.990074648782808,-1.2070605300872495,-0.08850209559938615,0.6326400174623937,2.4356522576302293,0.3370677093197434,-0.08657436634746318,-0.08502633031990392
4.967628002166748,-0.024911621224268758,-2.152815280307177,2.5065032579832027,2.0023765602615105,-1.1579608598707747,-0.08191482539178688,0.5977290433202864,2.4734868989425394,0.3217302737017438,-0.0727804624837618,0.6896951931850692
4.9878222942352295,-0.025361596976983394,-2.1534921660206847,2.507102391977434,1.9870765953592622,-1.1800271060098293,-0.06221907875930395,0.5878099084663128,2.5179386192682545,0.30289239774299964,-0.08597726631705704,-0.6598401916647623
5.0076212882995605,0.053359530563258276,-2.2006435340787722,2.5063858173904476,1.9792932016817264,-1.127871882927311,-0.012511528492056567,0.574522308377883,2.5817593995948074,0.2738739891879408,-0.06111333595720003,1.2431965179928506
5.0278778076171875,0.09305942439435347,-2.2226807008081493,2.506188495488641,1.9906526348171167,-1.075654354112852,-0.007312840434217395,0.5614583373030878,2.6388929741819886,0.2462199058157188,-0.0553652037520882,0.28740661025559167
5.047832489013672,0.11210020313222226,-2.234546891699286,2.5070076754338424,1.9705562404800252,-1.0842645410157798,0.019833305964676168,0.5488462271120101,2.6722307330759465,0.2147772199905876,-0.06391036055226618,-0.4272578400088989
5.067638874053955,0.15162028272979394,-2.2556957525828083,2.5074452820345816,1.9814114310889483,-1.030526279254986,0.023827943760288232,0.5367596093536819,2.7008132223649706,0.18495354541181463,-0.045760303184002815,0.9075028684131681
5.087857723236084,0.17057465569644037,-2.2670250405569035,2.50850275540458,1.9614943743898605,-1.0360654995223797,0.048333265723358956,0.5361168512956394,2.7232768669306258,0.1522785069290877,-0.05503381161948395,-0.46367542177405685
5.107632637023926,0.2481996474602419,-2.3077738750125985,2.5116563117145203,1.951528221053534,-0.9637172086784495,0.08108867780411148,0.5295921854956783,2.6918456309559935,0.1140268580151371,-0.028491992960521628,1.3270909329481162
5.127715587615967,0.28733569303497325,-2.3265119647121892,2.5132984523495296,1.9620544381248974,-0.9101978041412846,0.08300531173584076,0.5230228520972063,2.6600331456523105,0.07800384360609322,-0.022787091860610342,0.2852450549955643
5.147807836532593,0.30623086918537173,-2.336218314718124,2.5147195445309416,1.9461362910122508,-0.9040616155078941,0.1000404804504716,0.5458103346908603,2.6894977792921058,0.041791382547701504,-0.027865417036125883,-0.25391625877577706
5.167806625366211,0.34526421945324937,-2.353759901299239,2.5167264101962203,1.9572709181101207,-0.850013317968199,0.10053281733160478,0.5674653847560502,2.714617026498692,0.0078099140691751745,-0.006227836974533663,1.081879003079611
5.187798023223877,0.3641688140007959,-2.362705938453443,2.518259255829432,1.943377359639728,-0.8390887854720671,0.11521730035293867,0.5993771842807181,2.743815257535034,-0.025962852019408116,-0.017747820927145774,-0.5759991976306056
5.207662105560303,0.44133963283736877,-2.394890014775895,2.523562765329965,1.9419515149822144,-0.7490938944926456,0.13139525098804652,0.6627637992596456,2.786673500991898,-0.061652622865523504,0.01366810560875198,1.5707963267948966
5.227736234664917,0.4803152615759839,-2.409311978321085,2.5261760806508455,1.955810675364488,-0.6929780386173483,0.12982529883049948,0.722559972993965,2.824002277424585,-0.09494823791613793,0.020282767505937382,0.33073309485927016
5.248105764389038,0.4992595160892777,-2.4165652138916136,2.527835369457188,1.9448525782810768,-0.6778517935778348,0.1389109706363924,0.7633096176971566,2.828175650566688,-0.12661454326127813,0.017677020717041803,-0.130287339444779
5.2677202224731445,0.538311822823938,-2.429556507708221,2.5305862684005986,1.9605057246666329,-0.6212750525174534,0.1360809127566057,0.8015993201341896,2.828937915880397,-0.1560187284431006,0.0393890050582999,1.0855992170629047
5.28777551651001,0.5766752304379711,-2.4420167269835757,2.533780237623676,1.9516588953810636,-0.5792134565440977,0.14510001530724528,0.8068603747539757,2.825386273814824,-0.18455053811131386,0.039587858576932256,0.009942675931617906
5.307655096054077,0.6350339367599165,-2.458366167512729,2.538314508670848,1.9602425922109408,-0.5012861237291032,0.1467686447407364,0.7991225504125842,2.813239787941736,-0.21175660696603885,0.06276894895228535,1.1590545187676549
5.327794551849365,0.6743981359896886,-2.46783018598964,2.541205824435989,1.976154107405873,-0.44516512183336754,0.14227941567034083,0.792155087212654,2.7984217475236166,-0.2368123204763767,0.0730830647846088,0.5157057916161722
5.347895383834839,0.6937848513886611,-2.472276720275267,2.5428168847819106,1.9724317260370563,-0.42096059979971473,0.14531196466997953,0.78216053133399,2.7845363402390317,-0.2595242168551509,0.0725339477980298,-0.027455849328950066
5.367861747741699,0.7333892295814799,-2.480140016501481,2.545669803479812,1.9879713100514662,-0.3654196797172212,0.13991073421890166,0.7717258381780369,2.7693398028987084,-0.2802763104360937,0.09306678723251816,1.026641971724418
5.387795686721802,0.7729040834852471,-2.4869612675958144,2.5486630836329764,1.9952273612254816,-0.3135360755579131,0.1402493287762749,0.9323416522166752,2.520073752196577,-0.2988275810029618,0.09881493885050618,0.28740758089940144
5.407615900039673,0.8130051535408809,-2.492744045875811,2.55140715722325,2.015371633263896,-0.26553632039455477,0.13410212355723752,1.0799437622786148,2.281699924291076,-0.315600355252091,0.11027663449590719,0.5730847822700502
5.427795171737671,0.8329484666254464,-2.4951250767564255,2.552847116526069,2.019485514477242,-0.23949466144369305,0.1339856080497477,1.2125884739533086,2.0542017155914025,-0.3300980893068979,0.11501517726478294,0.23692713844378765
5.447848558425903,0.8935605997246844,-2.5007441281150014,2.556778957610134,2.0421264717454455,-0.16117085947995535,0.12555934373806402,1.3657693421412547,1.8009898525486898,-0.34204320273818517,0.13725561567074074,1.1120219202978898
5.4678261280059814,0.9346857819342884,-2.503623434070863,2.559221012573593,2.070854979130562,-0.12755100486123988,0.1186111886530956,1.5047444534803545,1.5636032445743537,-0.3525330462750363,0.13808365078203622,0.04140175556477388
5.487854480743408,0.975481125991835,-2.5045614760834916,2.5614888564822365,2.07835029944379,-0.06412726058074428,0.11040607718831869,1.6009168913522474,1.4173432007258029,-0.3596623758868905,0.15943729215267632,1.0676820685320054
5.507607698440552,1.0379342829649558,-2.504874354418905,2.5645666284092963,2.10934774716745,0.007129797883087621,0.09746590565859947,1.645451950095462,1.5656703031959895,-0.3636540641277422,0.17304905709862828,0.6805882472975977
5.52772068977356,1.0804528560303752,-2.504409305026161,2.56644300031909,2.1426287089495673,0.03983174949631615,0.0901613473619729,1.6812010527498862,1.7026572119303223,-0.3666359484921219,0.18035370207780366,0.36523224895876893
5.547650575637817,1.1229903002051684,-2.5024589942377755,2.5680853533606784,2.1595873243650616,0.09251517096572327,0.08086861006766219,1.5407036265553302,1.7752727019206438,-0.36671437510245286,0.1919303064637874,0.5788302192991868
5.5677125453948975,1.1664810704716535,-2.500249117225324,2.569629416499494,2.189037977982733,0.12869318955891199,0.07354003370944605,1.4051850351626543,1.8414731127881396,-0.3660158172138237,0.19694248055071117,0.2506087043461891
5.587833642959595,1.1663683453878129,-2.5002238724128736,2.5696255644294017,2.1838851909661714,0.13015201386851943,0.07344192956779937,1.285011237902358,1.9017639456885247,-0.36471131158565606,0.19576676309800067,-0.05878587263552504
5.607636451721191,1.2551720281959162,-2.493852182895968,2.5722555224822137,2.245405485816288,0.1968106255056613,0.058378480469625606,1.1571364200223617,1.870854211773223,-0.36048273288541627,0.21524422464813187,0.9738730775065596
5.6278088092803955,1.3003033048445674,-2.489543918840058,2.573351302839617,2.267313530206955,0.23390886014025258,0.051215334595091394,1.0345402604696508,1.8387790326027673,-0.3557492437621629,0.22130791609920086,0.3031845725534499
5.647990942001343,1.3234334781866492,-2.4872962606858007,2.573803766805158,2.2883666399690066,0.24701401781247997,0.0464906994019483,0.9154786506060183,1.7995858358349737,-0.34987979364090793,0.22012334734871564,-0.059228437524261324
5.667720079421997,1.3693762172143755,-2.481998695645516,2.5746640156066216,2.3055268809122405,0.28261054824091664,0.039555036669828764,0.8013626749661587,1.760004907838386,-0.3436232778832463,0.23220397851790153,0.6040315584592948
5.687775611877441,1.4165076558160303,-2.4759936520060983,2.5752967584115485,2.3419506521373328,0.3186999756569514,0.030466137679326332,0.6496902863986115,1.809905265724757,-0.33539766605531623,0.23612825488180222,0.19621381819503458
5.707662343978882,1.4638226190701382,-2.4692391451638427,2.575800427156929,2.3655717627146537,0.35574401765683866,0.022544127933497287,0.5263941735921348,1.8506967547346076,-0.32617317993215866,0.24318410742162344,0.35279262699106084
5.727745294570923,1.511231416797345,-2.4617516721490547,2.5761866971305194,2.374917194708337,0.39312157928458397,0.016114085506273634,0.4091476573917987,1.886187744032875,-0.3168085195160557,0.2531006939409757,0.49582932596761164
5.747837066650391,1.5598292581924553,-2.453678149321865,2.576354780465325,2.4076358698533182,0.4260212986637594,0.007664120748718525,0.2839631693861221,1.8805826255020806,-0.3059257964235679,0.2566220970999171,0.17607015794707248
5.7677600383758545,1.6080307435030616,-2.4447821043463223,2.576447603416682,2.412116715524255,0.4635562950872969,0.0016544592015891265,0.16517736917037895,1.8725127976417,-0.29504045938061574,0.2676258894108363,0.5501896155459596
5.787884950637817,1.6573728212521657,-2.435496246870935,2.576358150436501,2.4413450112517845,0.4909473845349801,-0.0056901970890713156,0.07540800851779106,1.7446576364462856,-0.2830577923189371,0.2693193937986602,0.08467521939119482
5.807718992233276,1.7312994468648963,-2.420099891935073,2.5760237474496352,2.461120334781325,0.5401237049057876,-0.015113877747835435,-0.03238782830555754,1.7155686868506073,-0.26987432549100754,0.28079375940469253,0.5737182803016161
5.827959060668945,1.7805084618148588,-2.4089562565888314,2.5756683637266344,2.4594399407674454,0.5741419950085792,-0.020381230284189256,-0.13475536411536176,1.68621864054345,-0.2568950657107274,0.288920901553944,0.4063571074625738
5.847883224487305,1.830476862723262,-2.397109347623805,2.5751502332172804,2.475978751157887,0.6087078585507406,-0.02688948766467697,-0.21237336920374034,1.6736638265125925,-0.24322379524668974,0.294152569842669,0.26158341443625055
5.8677144050598145,1.8799489928628255,-2.384601300184102,2.5745646959992365,2.470989119188049,0.6420546707763007,-0.03161960439136008,-0.2859178391085953,1.6609995057307552,-0.229834855296383,0.30387104746584725,0.4859238811589117
5.887826204299927,1.905079274221429,-2.378052472911909,2.574206806015978,2.4799034220460268,0.6597288860308288,-0.03462316125924004,-0.33030560240118645,1.6442460140742168,-0.21674533199828408,0.30407740476183154,0.01031786479921415
5.907618999481201,1.979699908708858,-2.357519673098345,2.573053070124653,2.480760740955157,0.7084023851498377,-0.04146336414526143,-0.27854754546416943,1.574810363614641,-0.20299822591583436,0.31695597701511335,0.6439286126640908
5.9278035163879395,2.0292625818542933,-2.3430411053978704,2.572184101621614,2.47566032439586,0.739235358641182,-0.045388864185887355,-0.23241975689969857,1.5091010959956563,-0.18961157894090855,0.3245120942453932,0.3778058615139912
5.948189735412598,2.0789375299931137,-2.3279487787760216,2.5712429037941327,2.475224748937073,0.7704771779674008,-0.04892860486433536,-0.22914424898303326,1.587348030802813,-0.17630263794047085,0.33080809061876426,0.3147998186685541
5.967740058898926,2.1283963401951342,-2.3122168598301873,2.5702299392717727,2.4706622580203335,0.8029548976678577,-0.052324759627280316,-0.22734745425181607,1.6594048688169933,-0.16337624421021124,0.3402864961029848,0.473920274211026
5.987789869308472,2.1529989303793684,-2.304126346683139,2.5697079469339394,2.4654698214495308,0.8175900095432614,-0.053553271476977325,-0.23572210977525318,1.5220900021859034,-0.15118439714867715,0.34189932906863296,0.08064164828240905
6.00761604309082,2.2266949352872163,-2.278976265439755,2.5680483101039564,2.4534664521904026,0.8610891020522695,-0.057540001632209826,-0.2663281045265268,1.4392953687912724,-0.138821427427218,0.35492260723620905,0.6511639083788046
6.0277509689331055,2.2757089846605916,-2.261471966573922,2.5668705502349387,2.4478382326101187,0.8890765927453103,-0.06019608960626323,-0.29640347788033183,1.3600365409898274,-0.12685264363448623,0.36259631315654905,0.3836852960170001
6.047794342041016,2.3243656696510033,-2.243331650343522,2.565661333051506,2.435275917561638,0.9179785320896534,-0.06218224578239934,-0.3873143494123529,1.2481436236187005,-0.115197236886403,0.3708553352511039,0.41295110472774343
6.067795753479004,2.372987916175245,-2.2247296225312807,2.5643954059065366,2.4266624428087216,0.9418704112476132,-0.06437293541544703,-0.47320341729796,1.141990107192936,-0.10393715543761835,0.37866868174393087,0.39066732464134724
6.087760925292969,2.397142797249542,-2.2150736072370463,2.5637480819723844,2.418809713852917,0.957482149031386,-0.06528285593443821,-0.5603343117257051,1.0153256049596817,-0.09334553140402815,0.38279757425157346,0.2064446253821295
6.107667446136475,2.4694985693430564,-2.1855674534244542,2.5617379519688828,2.402628310996576,0.9965063030775432,-0.06826617821622272,-0.6431212706863997,0.9221588284131975,-0.08258123350179156,0.39644350103838777,0.6822963393407155
6.127779245376587,2.5174172366121543,-2.165458880706922,2.5603568095490674,2.3889787124106414,1.0140554363984113,-0.06981352845746995,-0.721033853804795,0.8334975754694514,-0.07222053704766655,0.4033676506599022,0.3462074810757221
6.147763967514038,2.5413144723458245,-2.1549759440484424,2.5596494828332386,2.3820295881675886,1.0307444530628667,-0.07059792675439495,-0.8341896712938703,0.8227419955108545,-0.06248539208162875,0.40917455221418164,0.29034507771397156
6.167717695236206,2.588781074355175,-2.1341972689455275,2.5582256572882742,2.3642794769960225,1.0470841943910145,-0.07175343722620661,-0.9395331558157238,0.8110835167501579,-0.05312813745410246,0.4170245111951254,0.39249794904718804
6.187915325164795,2.6124945030778486,-2.123410686757802,2.5575003938185503,2.357401328555872,1.0632030793051734,-0.07232292119796027,-1.039157181216524,0.8686964669926553,-0.044351875883834074,0.4236727045054294,0.3324096655151987
6.208176136016846,2.7062821945468576,-2.0800734620946755,2.554582196245258,2.3235944504552952,1.1009476615291849,-0.07366816769912876,-1.052304099263856,0.9752216997976577,-0.035396511179713236,0.4421055655571773,0.9216430525873953
6.227756500244141,2.752542922947374,-2.0578528084263743,2.5531023312569814,2.3024463030725775,1.121443179900737,-0.07428976723871414,-1.0619315549947088,1.07286754000312,-0.026827232662826286,0.45146443681307247,0.46794356279475924
6.248136520385742,2.775615354937323,-2.046723451318987,2.552388192575585,2.2943727425024636,1.1288128909765005,-0.07361332533825855,-1.0741148029202305,1.1875992686451478,-0.01910049575773076,0.45382995667697124,0.11827599319493842
6.267705202102661,2.8212873888372716,-2.0239025122566865,2.550912603960528,2.2728042643895114,1.153631066398843,-0.07392091927877918,-1.0820316805762087,1.292618388913752,-0.011715329759395402,0.465080666778102,0.5625355050565384
6.287792444229126,2.8665053185431226,-2.0011969468013797,2.5494815818884615,2.250018515842435,1.1638840292996162,-0.07282842120306068,-1.1050668717851981,1.3671661820787357,-0.004975704193181918,0.46976606748446015,0.23427003531790724
6.307626724243164,2.9334094641723163,-1.9661738045601278,2.5473334503702985,2.213962294948123,1.1907483612146803,-0.07180223404894881,-1.1045690166392685,1.4073627272785347,0.0013704090417215019,0.4819498244582663,0.6091878486903068
6.3277428150177,2.9774679666404937,-1.942074948055728,2.5458980877676276,2.19189872443801,1.219253802445213,-0.07171387516115252,-1.101338413585935,1.4423188678248964,0.007415817127966773,0.49219885807084207,0.5124516806287893
6.348230361938477,3.020876732345284,-1.9180664724676038,2.544527849090982,2.1647908039576205,1.2317495584574503,-0.06996747499266123,-1.0706477230846663,1.436219975418204,0.01276459144379753,0.4968201840282531,0.23106629787055244
6.367824077606201,3.063960497056495,-1.8931447244651607,2.5431313958774036,2.1436900998233375,1.260399559126214,-0.06966089600330112,-1.0393183457724269,1.4285158340444613,0.017849780855618957,0.5074103211215544,0.5295068546650628
6.387841463088989,3.0851679486827037,-1.8807937891584265,2.542471151321814,2.128587368410072,1.2654313248240896,-0.0684466142513128,-0.9856152551781533,1.402200109931993,0.022288105633323344,0.5072958245977688,-0.005724826189279497
6.407657623291016,3.1483203849726187,-1.842401409078864,2.54045014240131,2.0916998524235377,1.3024574215219087,-0.06712686870199527,-0.951333069963408,1.4660173236869236,0.02646043509052679,0.5209675045881506,0.6835839995190884
6.427792549133301,3.189966433971543,-1.8160551275498569,2.539113164144121,2.073021509982314,1.3323618702106237,-0.06655778900288627,-0.9163949326963543,1.5233615385349644,0.030410909389160256,0.5284470341794583,0.3739764795653855
6.447807550430298,3.2103513560530055,-1.8028344324718688,2.5384628705202688,2.0548086135086163,1.343385899003186,-0.06582870638802675,-0.975090059775609,1.6414506378481923,0.03394305819137993,0.5300931844065104,0.08230751135260839
6.4677276611328125,3.2512489372368747,-1.7756311814726917,2.5371533105153734,2.0347764353758993,1.377290996884244,-0.06511618285276569,-1.027013839197009,1.7469947079419574,0.037276496772970916,0.5386109393539056,0.42588774736975754
6.487826824188232,3.271270022843131,-1.762080276897106,2.5365194237803848,2.0161979240835555,1.386854467324674,-0.06424989103347509,-1.1082644769795305,1.8796816541068182,0.04021488927170686,0.5415285917186905,0.14588261823924586
6.507660865783691,3.3113673700729387,-1.7339591216126184,2.535242655987933,1.99329641117761,1.4256557702010455,-0.06341768146168403,-1.1803847207714973,1.9981003246124924,0.0429769720984118,0.5506937721681808,0.45825902247451644
6.527852296829224,3.3509083465614693,-1.7058319004978661,2.534031252694963,1.968401835903075,1.4467588449730413,-0.06124836272835395,-1.152872447483288,2.1392363765535767,0.04522461461130271,0.5562485351200488,0.2777381475933982
6.547821521759033,3.4094840086255425,-1.6620573818557893,2.5322662503510562,1.9345394979234256,1.4954186954818343,-0.05836361626693835,-1.2008899239154514,2.3031176277013024,0.04697682383980057,0.5670415425346671,0.5396503707309153
6.5678417682647705,3.4479318301428385,-1.6316783192835018,2.531108484062646,1.9101098724800394,1.5429766790236565,-0.057407580190212006,-1.2407280532293992,2.4498599536570262,0.04860658003380294,0.5769409206628127,0.4949689064072782
6.587737321853638,3.485932709843241,-1.6012202906065232,2.530061867475578,1.8860994847701553,1.5701366540289285,-0.054120783752787276,-1.2875868971056281,2.519206801236526,0.049524332349607326,0.5791719394986425,0.11155094179149394
6.6076579093933105,3.5419679481716266,-1.5535268224667638,2.528526720195762,1.8474892767081499,1.6314206132218172,-0.050728404168093134,-1.3950931310844525,2.6350109668210453,0.04989781053766272,0.591856318913742,0.6342189707549739
6.627788305282593,3.5786322036664946,-1.5203644674629606,2.5275221541232025,1.8186214714810334,1.685149107213477,-0.04972712105112247,-1.4895392250751711,2.7352837614999435,0.05022243712447028,0.6006805267743665,0.44121039303122167
6.647950887680054,3.596823773253612,-1.5037948372710468,2.5270980765163604,1.805826228039613,1.7019366082668401,-0.04719149824118449,-1.528068238479173,2.8770779163565026,0.050011436310920004,0.59871330173854,-0.09836125179132349
6.667758464813232,3.6326325834168456,-1.469172128480532,2.526164234000781,1.7749574254459695,1.7607476712110843,-0.0461935079722462,-1.5572815128409871,3.0011057252576867,0.049785043281176146,0.6128713614429167,0.7079029852188334
6.687763452529907,3.6681279989776545,-1.434065951729232,2.525373416204867,1.7499305903114206,1.8012628013561751,-0.042098676354890625,-1.741151771427619,2.7875348143172958,0.04879442237526228,0.612896311859144,0.0012475208113649217
6.707590103149414,3.720118659472815,-1.379014730873097,2.5242183168085477,1.706176982004301,1.8778437213058063,-0.03823152220181754,-1.698250257044046,2.655571388557392,0.047239412371275734,0.6250321249053634,0.6067906523109734
6.727784633636475,3.753905485048896,-1.340935503411816,2.5234630339723587,1.672653609562939,1.9296415855461533,-0.0373017193555217,-1.6538411559952761,2.5243402368602306,0.04575200375206899,0.6301832845870647,0.25755798408506614
6.747734546661377,3.7707756126598753,-1.321408462219033,2.523133150905703,1.662559961391709,1.9564585730507469,-0.03583309619881795,-1.6184120187765039,2.2859533719682346,0.04418388044154975,0.6286990058507373,-0.07421393681636967
6.767804384231567,3.8037055278391896,-1.28183758331755,2.522425224798388,1.630552064041621,1.9998619153242527,-0.03496450359803025,-1.5822603852033177,2.0557306629576373,0.04268713218091027,0.6367060317752093,0.4003512962236
6.787873268127441,3.836007624934386,-1.2405360248620143,2.5216735813149658,1.5976177068198418,2.062206706248043,-0.03594985659412823,-1.685207909909837,1.7498646606424608,0.04182218200398358,0.6397205363206528,0.15072522727217486
6.80767560005188,3.883138225393897,-1.1769345532931899,2.520494714143576,1.5461547625882828,2.140544082001961,-0.03819385328856992,-1.6832482663952262,1.5562729469112917,0.04189306794614781,0.6463330839283974,0.3306273803872273
6.827804088592529,3.9137251165370532,-1.1338250620424992,2.5197392187579797,1.5125617893462844,2.169777118867249,-0.037355559267013776,-1.6750201479095292,1.367894696168188,0.04193088094558923,0.6467506686524924,0.020879236204751628
6.847687721252441,3.943665585789255,-1.0886742980328967,2.5187737270676003,1.4814795886453045,2.232236573801763,-0.042189603195652264,-1.4602934275507973,1.139859231938159,0.04340734751106273,0.6498668599215001,0.155809563450382
6.867766618728638,3.973017074930402,-1.0438163598154386,2.5179387085081593,1.4543611950753412,2.2528262108021804,-0.04130775624667185,-1.2527307001475247,0.9205455856185671,0.04475634684003508,0.6485418237813492,-0.06625180700754463
6.887742519378662,3.9873706051334747,-1.0202911541185125,2.5173769367378354,1.438785727768452,2.2875846246802456,-0.04518359534377107,-1.1263134775281403,0.7556333180661574,0.04703654160403268,0.6492467244878499,0.035245035325037755
6.907576322555542,4.029518300911188,-0.9502925836097565,2.515869722560888,1.3910224098482016,2.338754556971845,-0.048715056466721716,-1.027987035974313,0.6760418438273053,0.05033557887709709,0.6484792644140627,-0.038373003689362584
6.927821636199951,4.057139697568798,-0.9033877891574766,2.514905695445919,1.3714443776895002,2.3514464014337926,-0.047677524554048716,-0.9298511441500902,0.5924987467578481,0.05337482372236185,0.6455653616899233,-0.14569513620696917
6.948231935501099,4.070253557712353,-0.8790310405538279,2.514261075865056,1.3463816425052362,2.3795505888977826,-0.05193025360662723,-0.9320175849470256,0.5286822517220261,0.05723145426175643,0.647394382672553,0.09145104913148572
6.967703342437744,4.096994992626437,-0.8313387730184826,2.5132341586358664,1.3277778647925578,2.389448443406036,-0.05074964755676887,-0.9272162980652743,0.46036892149333447,0.06077810433747598,0.6422306962566862,-0.2581843207933421
6.987763166427612,4.122597869798531,-0.7825021670965077,2.512031741128785,1.2896293135428254,2.419923453633407,-0.0542737025581766,-1.0824536211853104,0.24378658789479754,0.06502564072315117,0.6430859708988073,0.042763732106054775
7.007640361785889,4.16063709190631,-0.7092850903017127,2.5103634231827083,1.252676356710452,2.440120957750487,-0.0541727420391465,-1.1495488559996547,0.03463225753665576,0.06923855683329182,0.6350966347851918,-0.3994668056807704
7.027728080749512,4.185456668146439,-0.6604893215032386,2.509294078789312,1.2290863059494253,2.438783142703867,-0.05274885848827592,-1.2080409851147762,-0.16720345244046625,0.07309034794248635,0.6339250184701819,-0.05858081575049745
7.047814607620239,4.197772008367389,-0.6356142344270826,2.508741613563698,1.2203660279468989,2.448275067118939,-0.052743536359032804,-1.1244992729981511,-0.5270896158386882,0.0765450461873444,0.6302029725861629,-0.1861022942009516
7.067894458770752,4.221959999899707,-0.586777109336613,2.50770226561945,1.198711672765801,2.434306557032987,-0.0511808412098258,-1.0409356381015364,-0.8663623981304154,0.07967024084887181,0.6252469179536959,-0.24780273162334776
7.087854623794556,4.245876166152097,-0.5369931706940113,2.506684980195825,1.181248748297584,2.447108209663926,-0.049762542502533466,-0.9914280077951403,-1.1926763849379411,0.08224255775372787,0.6205081691574028,-0.2369374398146551
7.107642889022827,4.280755902329961,-0.4630707724543516,2.505232525488295,1.148333411517097,2.438621394339611,-0.047152517732717315,-0.9627240819673414,-1.5020318309401637,0.08427617131677594,0.6117938614610567,-0.43571538481730343
7.127804756164551,4.3035321421934025,-0.4146184041753417,2.5043064528380623,1.129399717557809,2.405648750591061,-0.0454488389798704,-0.9299834461886116,-1.7920437469791035,0.08604877987059731,0.6073497542005244,-0.22220536302661742
7.148164510726929,4.314622935065259,-0.3897151496219857,2.5038819691574945,1.115896301751631,2.412044402924673,-0.043776041974718315,-0.9021859393585201,-2.0388470697522965,0.08720489773374214,0.6063405733561802,-0.050459042217210204
7.167725563049316,4.336762471118365,-0.3418976719993834,2.5030239556347005,1.0981628398329224,2.3689346866236116,-0.04202216965963487,-0.8705271453350378,-2.269454781218094,0.08814719000375922,0.5967378352933541,-0.48013690314130386
7.187750577926636,4.3475633379582685,-0.31732182382148433,2.5026731708274688,1.0858041108618102,2.3721676819719115,-0.0391870352960317,-0.8606823430029082,-2.515763621865592,0.0882632873376633,0.5984118785373749,0.0837021622010381
7.207725524902344,4.369108188210436,-0.27039715985425156,2.5019070828358285,1.068730206648062,2.3195364096910507,-0.037421886952677806,-0.8458971489373275,-2.744461800962925,0.08822643843099603,0.5857442229949319,-0.633382777122149
7.227782487869263,4.390231937977286,-0.22309125711583577,2.501346494460958,1.0508600288462022,2.298951617922498,-0.031247285909788185,-0.7590493075255307,-2.9464501903232003,0.08670914943110275,0.5845078933238694,-0.06181648355312319
7.248389720916748,4.421397012463149,-0.15466861033168855,2.500602098057091,1.0285373736927999,2.231063049687701,-0.024197594785456585,-0.6224364822642128,-3.1092343404295466,0.0837928303521533,0.568762308204565,-0.7872792559652231
7.267726182937622,4.441852232019605,-0.11067932248279269,2.5001347123335864,1.0174300914764016,2.1673713567608637,-0.022550563382868434,-0.4887832790414397,-3.257553798362406,0.08091708803707627,0.5650021106556622,-0.18800987744513886
7.287820100784302,4.461880504663018,-0.06718475255799136,2.4999762924181783,1.0021762529947242,2.1201284785964365,-0.014030376626472517,-0.38274242583200124,-3.417443935040425,0.07623378493634198,0.556353498950465,-0.43243058525985756
7.307630777359009,4.491450573156024,-0.004792109068624683,2.499773187916493,0.9820674113196342,2.025878243036526,-0.0065642282483839715,-0.2990261292133407,-3.4962278803874853,0.07023196747388713,0.5431990031619898,-0.6577247894237637
7.327740669250488,4.511037646004866,0.03502147213709049,2.499655562443204,0.9769155074160659,1.955251419074069,-0.00521747277058798,-0.21633613910407773,-3.5647698916201356,0.0644857792649791,0.5364168272248904,-0.33910879685497
7.3478264808654785,4.520502006309614,0.054471414842451965,2.4997765297994405,0.9680566839902219,1.9206915022014146,0.00017800954688794075,-0.029020760750676056,-3.627935123687388,0.058003691320412304,0.5345406994112896,-0.09380639068004015
7.367784023284912,4.539869360400267,0.09215594611099984,2.499791273973899,0.9692723206102075,1.847584232527662,0.001275823699542826,0.14906100298637429,-3.681157285425779,0.051828328155786745,0.5197600742870851,-0.7390312562102208
7.387850999832153,4.549221729845185,0.11034582894550339,2.4999524705596206,0.9628362464668289,1.8069570803012571,0.005827438563590104,0.39022637608672345,-3.73579475617453,0.0451837807397086,0.5213644168388663,0.08021712758905508
7.407668828964233,4.5871839759619375,0.17924965026810938,2.5003877270564843,0.958690176834127,1.647128815308514,0.01157742267302567,0.6040906582880349,-3.747337160589024,0.03768145791194993,0.4899484903029685,-1.5707963267948966
7.427729368209839,4.606492104166257,0.2114423151447436,2.5006263320572555,0.9727856179777501,1.5721208108525027,0.01225942630660919,0.8029889348881647,-3.752398727771159,0.030585982477276438,0.4855405224719811,-0.22039839154937013
7.447794437408447,4.615707565498975,0.22655099497294606,2.5008151124927256,0.9648223835800204,1.5218281620569523,0.014278473827841158,0.772867236734004,-3.802189814014549,0.023780631779804426,0.47994292364583346,-0.2798799413073816
7.46774959564209,4.635156721124804,0.25622427807368575,2.501105003864734,0.9800022485390165,1.4453658735054027,0.014689272194312488,0.7455869164340793,-3.842476467131436,0.017363135884360018,0.4615843640610797,-0.9179279792376871
7.4877707958221436,4.654102526703859,0.28362594724103835,2.5014660671104534,0.9769026676582742,1.3497458111821168,0.016505758918928262,0.8204630081779054,-3.878771945543398,0.01117709374957996,0.4510235615047917,-0.5280401278143998
7.50759744644165,4.683592928441188,0.321887415998274,2.5019859109963303,0.9964643216247855,1.2194586820211484,0.017315707075805643,0.8050985642379769,-3.882136972867809,0.005284051018115441,0.4198528053359536,-1.5585378084419066
7.527805805206299,4.703682259479602,0.34550024590298567,2.5023329073829763,1.0124208365130773,1.1418335426279063,0.01736550456861369,0.7907144867486537,-3.8793696714613577,-0.00024419331218159484,0.4100901999152784,-0.48813027103375983
7.5477728843688965,4.724158143272634,0.36677835744028636,2.5026621702930174,1.0306611137582655,1.0445011762453476,0.0167312274995963,0.7862087712540878,-3.884997189480399,-0.00501235585756638,0.3834931780085391,-1.3298510953369647
7.567765474319458,4.7449283515112155,0.3868913367548719,2.5029954902164193,1.0463476514073784,0.966799934841704,0.016585915733111935,0.7825907199845286,-3.884046481202861,-0.009467209427407126,0.36765602901409977,-0.7918574497219666
7.5880584716796875,4.755620136606315,0.39582661687955695,2.5031160226189946,1.0593637193953822,0.912521574625601,0.01512769344637326,0.7440267246532071,-3.889709853473376,-0.013024860038729632,0.3551842277239263,-0.6235900645086723
7.607730150222778,4.776953851983921,0.4132990677769942,2.50341574698915,1.0738929906492076,0.8347271417757359,0.014833725281836704,0.7095765048254861,-3.8886251328928623,-0.016330446369339682,0.33061656087494296,-1.2283833424491686
7.627774000167847,4.787977420708146,0.42092578912803535,2.5035040909585984,1.0879148111012418,0.7813685127220982,0.012931615508598983,0.6728570918318569,-3.8256501986091997,-0.018752635267232632,0.31872924412793635,-0.5943658373503302
7.64811635017395,4.821258459742241,0.4421109432831948,2.5038127908155525,1.1178070511696085,0.6520559101975623,0.010306618388954296,0.6547537407961004,-3.72696756041211,-0.020360955344240383,0.2873133175920386,-1.5707963267948966
7.667773723602295,4.843744490548019,0.45441322842344467,2.504014750990698,1.1307453743970128,0.5785003067289332,0.009884517681310533,0.639555840897192,-3.628657156094477,-0.02182544965685946,0.25589739105614084,-1.5707963267948966
7.687711000442505,4.878780112335979,0.46884084110847146,2.504077728066671,1.1679971644843015,0.4410823570843734,0.0039683644210158076,0.5928149940568699,-3.545340469217054,-0.02162777450551031,0.2244814645202431,-1.5707963267948966
7.707674264907837,4.9022557730220795,0.47695910927489477,2.504152784650887,1.179431063842691,0.3710311037572675,0.003538063866622526,0.5514604707386057,-3.4593492353657873,-0.02139683419409378,0.19306553798434534,-1.5707963267948966
7.727741479873657,4.914482555189202,0.47986634127304306,2.504029872523743,1.1964588029857068,0.31923511082469425,-0.001212759343176335,0.5441896546286665,-3.372190899391828,-0.019952738732264132,0.16164961144844758,-1.5707963267948966
7.747646331787109,4.938520248840823,0.4855825182135222,2.504001720661944,1.207297236654382,0.2526798852557782,-0.001597772874473998,0.5401902602335524,-3.2830020522885275,-0.018556538345578355,0.13023368491254983,-1.5707963267948966
7.767719507217407,4.963403043191218,0.4889587304139754,2.503700511745092,1.2335340585376962,0.16253853944167765,-0.008561577083023015,0.5356161726544453,-3.1714035260395117,-0.015503835682577837,0.09881775837665208,-1.5707963267948966
7.787822723388672,4.9881806990735065,0.49158264133418633,2.5035263750682857,1.2442266646001028,0.1002232566280454,-0.008842438847611454,0.5341549937305364,-3.060193032452816,-0.01260825634392591,0.06740183184075432,-1.5707963267948966
7.807875394821167,5.0009892224745975,0.4917874159739583,2.5032734962222616,1.2595565939117064,0.0513819251937582,-0.013590429751623006,0.5864911728284479,-3.057644290509942,-0.008807545298582178,0.03598590530485657,-1.5707963267948966
7.827752590179443,5.039278348098661,0.49133324860128075,2.5027048469183124,1.2837767347328175,-0.05721499640966294,-0.01828826033309074,0.5943331326328345,-3.00008065207716,-0.004088685889104384,0.004569978768958816,-1.5707963267948966
7.847855567932129,5.065073380822846,0.4895929019253268,2.502338564350632,1.2957598856891717,-0.11661905466362975,-0.01832521161046943,0.6043363729933517,-2.939897473482123,0.00034686672254681837,-0.026845947766938938,-1.5707963267948966
7.867747068405151,5.078216565539345,0.4878062112584537,2.502018858505859,1.3058044305702328,-0.15863921697767738,-0.02211830652211238,0.5620615885919151,-2.8590898624770746,0.005260135908881696,-0.05826187430283669,-1.5707963267948966
7.887718915939331,5.128442200864501,0.4791084104231767,2.501025214558751,1.33210751354562,-0.2813808415945111,-0.025804587999884145,0.5334373851608348,-2.727991242214188,0.010836568246646743,-0.08967780083873444,-1.5707963267948966
7.9077348709106445,5.155189280378241,0.47294381369324673,2.5005116434975103,1.342514993920231,-0.3346499289144743,-0.025535151238496374,0.5078030259254728,-2.5993201037437896,0.01604677488334029,-0.1210937273746322,-1.5707963267948966
7.927787780761719,5.182386346817935,0.46515824179877646,2.499864558079884,1.3582299801753852,-0.40015086786976006,-0.028657536286134145,0.42888233736953313,-2.4765106052526735,0.021531239284980422,-0.15250965391052995,-1.5707963267948966
7.947769403457642,5.20963181972893,0.456668006994762,2.4992960601014516,1.3660780431864954,-0.4484700841330843,-0.028175251289051618,0.35709913395195114,-2.3557519020195006,0.026634469302705962,-0.1839255804464277,-1.5707963267948966
7.967761039733887,5.223508982549021,0.45165247264172625,2.498924980220536,1.374111896901218,-0.482476241856686,-0.030446077930443214,0.2026916105088507,-2.205575284161583,0.031729136891147064,-0.21534150698232546,-1.5707963267948966
7.9877448081970215,5.251022026571213,0.44157163261454074,2.4983227252514624,1.3767151368817052,-0.5251212706945539,-0.029763691395890232,0.059476886003177895,-2.0596272035059755,0.036447561643568945,-0.2467574335182232,-1.5707963267948966
8.007726192474365,5.279122673597215,0.42989347444506837,2.4976021711493654,1.3900867555027152,-0.5840509483537136,-0.03226743508188673,-0.2137903328862679,-1.8901884387113201,0.041334559212763494,-0.27817336005412097,-1.5707963267948966
8.027687549591064,5.321297041811141,0.4110187116100008,2.4965755477784795,1.3968700151216034,-0.6532532773603963,-0.033174396222460226,-0.6284796612967685,-1.6722010228406299,0.04621028726084711,-0.3095892865900187,-1.5707963267948966
8.047937154769897,5.349082626893065,0.3976332644585191,2.4959216072708124,1.380407642669063,-0.6845963204319838,-0.03220471026057815,-1.0127466775969454,-1.4636627353677933,0.05069373328592494,-0.3388139383829958,-1.4612325896488532
8.067770004272461,5.363629384953323,0.3902509988441737,2.4955313390448786,1.391328615251004,-0.7098317761718798,-0.03368239551496925,-1.2564155541381627,-1.1521154670434903,0.05501383889984945,-0.3352096651901224,0.18021365964366876
8.087720155715942,5.406048556746971,0.3677257259428011,2.494470578967077,1.3867585620535796,-0.7632071041641678,-0.03417396034839162,-1.5366811106894025,-0.9441399749063101,0.05928588782943211,-0.3545439229965903,-0.9667128903233957
8.107752323150635,5.433458920487171,0.35228610451709363,2.493799222602831,1.3534241870855985,-0.7800961101297957,-0.03294870732231279,-1.792778623982625,-0.7464578203621113,0.06317667475121247,-0.35875526126256485,-0.21056691329872645
8.127742052078247,5.448062446510836,0.3437550662099471,2.493376294103803,1.3706568029039459,-0.8073275955357492,-0.03499243838708493,-1.4899700076220632,-0.7748635983739058,0.06710268867499265,-0.36186212506593485,-0.15534319016849985
8.147677421569824,5.47519732131803,0.32745191320353745,2.49269010877004,1.3438097771813773,-0.8230647638672034,-0.03361425967886536,-1.1962388775663326,-0.7979834710729773,0.07065344251523464,-0.3694146233990816,-0.37762491665733755
8.167785882949829,5.48935394945577,0.3185778669758396,2.4922955827650424,1.3460776776319991,-0.8461429530531996,-0.03454074776009897,-1.9742668425692513,-0.6368617529421196,0.07398590625361327,-0.3728961164809954,-0.17407465409569056
8.18770432472229,5.542293155161949,0.28381270336719766,2.490970811151457,1.2882866390013505,-0.8793889189164087,-0.031334468147645435,-1.5913866260738647,-0.4440916697900832,0.07652409232569868,-0.39066735628696136,-0.8885619902982977
8.20789361000061,5.56776534746376,0.2661484755531848,2.490359580283497,1.2601564153101972,-0.8864233668358026,-0.029781189890549665,-1.224234942376958,-0.2609396842341555,0.07875285871282324,-0.38994592325631183,0.0360716515324766
8.227657079696655,5.580478226588785,0.25713847632209325,2.4901421033262903,1.2543036595351833,-0.8933575046650812,-0.02679900866115044,-0.9231875315293029,-0.3277222763977799,0.07990024668299973,-0.3922819286489134,-0.11680026963007961
8.247640371322632,5.617054240161065,0.23000988069544978,2.4894322079183517,1.2106915484808638,-0.9073029865606327,-0.0228026477234562,-0.5440450063482833,-0.2599272416509459,0.08012451636793587,-0.402149950132642,-0.4934010741864281
8.267828226089478,5.641183580560532,0.21181633120014895,2.488992186092837,1.2034426284405682,-0.9118275874726198,-0.021199366496055055,-0.18399751655637772,-0.1926149155060115,0.08017510505959653,-0.39878747712248463,0.1681236505078676
8.287704944610596,5.652212217410578,0.2026832918528078,2.4888026883752645,1.175054114694606,-0.9117052712896286,-0.019979903092913816,0.11689844412393927,0.04261455329458003,0.0798333842671157,-0.4055347041982169,-0.3373613537866138
8.307753562927246,5.675755951611424,0.1844726896774911,2.4884190272231317,1.180269941532054,-0.9086174803565112,-0.018387814789459545,0.40209470275186043,0.26385945402531596,0.07935265973181138,-0.39798350069194655,0.37756017531351826
8.327720403671265,5.707945782555403,0.15711231943061957,2.4878790862573736,1.1185652594879432,-0.9046536254496953,-0.0165137580157073,0.6633355814828663,0.4762469146136011,0.07847049000467436,-0.4114420694106835,-0.6729284359368481
8.347749710083008,5.730466463077928,0.13912796757296858,2.487564441118632,1.134326542916041,-0.8931193167891257,-0.014954045672694335,0.9104655480529532,0.6749251936564672,0.07748360905280885,-0.3954711978110028,0.7985435799840346
8.367741823196411,5.740381090372122,0.13005446732946407,2.4874333881452104,1.102740739083331,-0.8889960764912799,-0.013712591918598636,1.0251410546668598,0.9655231108856275,0.07621061667245761,-0.40758370490331597,-0.6056253546156576
8.387656927108765,5.7618152882019,0.11224171830330665,2.4872014076936666,1.0977127706840548,-0.8753038518722488,-0.011267676614835105,1.250369638094684,1.226491227600409,0.07452106918131415,-0.39654566450093576,0.5519020201190106
8.407824516296387,5.7840338792443795,0.09499732900832643,2.486990843283211,1.124847021952457,-0.8483321843355796,-0.009794558801993201,1.4605819972010277,1.4673673051063794,0.07278279934063729,-0.3830467596698668,0.6749452415534485
8.427804946899414,5.804865233465971,0.07748932354599636,2.4869521427724814,1.1074839633289901,-0.8389041719242567,-0.004584487724305857,1.690576568489809,1.618901424544029,0.06985293442802723,-0.3874994612393112,-0.22263507847222197
8.456127643585205,5.837667284288173,0.052543121389172026,2.4869946238741045,1.1260313742449766,-0.8010889122477318,0.0018155243855099863,1.8606039685478213,2.026432211383789,0.06562932887703414,-0.3644528064023418,1.152332741848472
8.467622518539429,5.860570779733153,0.03695211999795075,2.4870437849184452,1.1648458531076584,-0.7567642990013509,0.0030869182695278823,2.0189133044156633,2.4005242207044657,0.06153076885943677,-0.34644725671015175,0.9002774846095019
8.487707376480103,5.882755758290694,0.021520086907885153,2.4874140834798886,1.1699497674781245,-0.7264890011488868,0.011839364171919439,2.2622839783287882,2.7199983845150237,0.05556842058080722,-0.339055056536508,0.3696100086821863
8.507746696472168,5.906622508176597,0.007554149024306377,2.4876615996058606,1.2174748608828494,-0.6691365925023957,0.012893215010715126,2.487183190607768,3.0104688624930747,0.049858319146802846,-0.3076391300006103,1.5707963267948966
8.527810096740723,5.918063160378648,0.00029602953313628995,2.4880564083600367,1.2194605303505697,-0.6573251694706224,0.021013549773707174,2.639434766830292,3.2531997770487213,0.04264829551337713,-0.31305476970989066,-0.2707819854640192
8.547788143157959,5.942989742773717,-0.012184928296829968,2.488484746102564,1.273661013510907,-0.5900463033056447,0.021797371510274107,2.778431489783511,3.4705037979839544,0.035792286015194436,-0.2816388431739929,1.5707963267948966
8.567745208740234,5.967741642455391,-0.024612086962958118,2.4894369557813953,1.2986637919230573,-0.5526087201573423,0.035285371953751116,2.827209677960469,3.5206692358427576,0.026133653751217498,-0.2599115633342932,1.0863639919849843
8.587705373764038,5.9939671493795625,-0.03530352882472712,2.4903497082652453,1.345340285261938,-0.4931164515746387,0.04244977840553385,2.866955106580822,3.5444867033296124,0.015452362404767432,-0.2319294894962245,1.399103691903436
8.607670068740845,6.021449668542923,-0.04445599559191169,2.4912011134871537,1.4030223809274294,-0.42209219459875413,0.04265721763287799,2.9001830261275763,3.5559018484290545,0.005394288374116906,-0.20051356296032674,1.5707963267948966
8.627717018127441,6.049718844540326,-0.052459113218004214,2.4925372481202928,1.4524386134279517,-0.35540391805307764,0.054401909447724425,2.8308855284571304,3.6227176903375566,-0.006693763848148069,-0.16943574573391418,1.5538908613206281
8.648178577423096,6.0793292875725955,-0.05883896843793636,2.493623179520598,1.5083822461686638,-0.2824103378326734,0.054153451470983376,2.763851789478759,3.6741046887732205,-0.01802778136562871,-0.13801981919801642,1.5707963267948966
8.66773247718811,6.110321708422338,-0.06340168609412439,2.4950350006908044,1.5720021507989355,-0.19968749538968888,0.06314918836843396,2.7823225877419198,3.656631615882465,0.1418988150562038,-0.10660389266211867,1.5707963267948966
8.688030242919922,6.159192561350126,-0.06736721604291589,2.4970355380875118,1.6687886711229623,-0.07971785299628924,0.06912686994835561,2.7831645558029106,3.549316042684907,0.256867578985222,-0.07518796612622092,1.5707963267948966
8.707734823226929,6.193124822637444,-0.06825904529693438,2.498476604651469,1.7244269075887864,-0.00983478679020799,0.0753291990840704,2.7800015389642736,3.438404352827003,0.3616954174105211,-0.043772039590323164,1.5707963267948966
8.72776985168457,6.211047741754613,-0.06762536727615076,2.4991496764009136,1.7674554138771155,0.038739779101368096,0.0755341701851276,2.743825501709081,3.1657088948532617,0.3068574302694114,-0.01235611305442541,1.5707963267948966
8.747678279876709,6.246943109516733,-0.06623495365133442,2.500718221518704,1.8219545478412917,0.09943621055315231,0.08114725910979259,2.7057822682239308,2.906092773460044,0.25493164884645036,0.019059813481472343,1.5707963267948966
8.767762660980225,6.265889669940332,-0.06411525845843703,2.5013531713070076,1.8659082368561584,0.15575009761491826,0.07800171632267505,2.7008227371882887,2.744067777815738,0.20968495610542362,0.050475740017370097,1.5707963267948966
8.787734508514404,6.323677106276843,-0.05678494856065356,2.503638623729958,1.963109184521252,0.2785094208180333,0.07908269738775461,2.617731875257411,2.705023192547316,0.10603524413347358,0.08189166655326785,1.5707963267948966
8.807809114456177,6.363457384385777,-0.050676685544577556,2.5052349185188625,2.0146474781193593,0.3321650277198726,0.08022412564410265,2.5363871236013353,2.659470870825375,0.009235785580554837,0.1133075930891656,1.5707963267948966
8.827739238739014,6.405151723144075,-0.04154635473608762,2.506625568503584,2.087367214760926,0.43234837708901963,0.07464127922850883,2.464715556629134,2.548565417965453,-0.07311911139209128,0.14472351962506336,1.5707963267948966
8.847690105438232,6.447387294552346,-0.03239709399406637,2.5080985721070475,2.135955157302318,0.48220629738359105,0.07240397734375674,2.39428478519945,2.4371466107792874,-0.14965259420508686,0.1761394461609611,1.5707963267948966
8.86774754524231,6.469505657877405,-0.026442124782211866,2.5087565438916397,2.177874481926858,0.532766273634985,0.07086054193567261,2.364939165535996,2.160894123139914,0.0535608967514037,0.1820032539817258,0.29319039103823386
8.88768458366394,6.559480948059883,-0.0018141195175251958,2.511307059554209,2.2950307951916606,0.6544712909933054,0.06363090603651614,2.22054330553174,1.6377594813396341,0.029643190325581683,0.206795200110792,1.2395973064533106
8.90773320198059,6.605816155446192,0.01156953109301326,2.51258408572843,2.3380159151061966,0.6822529050988582,0.06399689880468389,2.078335179948263,1.1454885219718474,0.007198857866250757,0.2030029321898259,-0.18961339604830485
8.927772760391235,6.629888693599821,0.01966523016691716,2.512892759196472,2.3769742677621424,0.7252639365643713,0.05435885895725515,2.2525793638259484,0.6871128031164424,-0.010160825111491566,0.21217192103823468,0.45844944242043884
8.94772458076477,6.677889333080978,0.034279014179553924,2.5139768037811834,2.423605532408497,0.734695596615548,0.053991513897688,2.407343614110733,0.2614395684775325,-0.026386948873748445,0.20683492557244598,-0.2668497732894348
8.967788457870483,6.727493272872286,0.05207402401585589,2.514482388259269,2.487703863393298,0.8140195527560099,0.039122649822752445,2.598044190872631,-0.11577643101476114,-0.03700557257563721,0.22235006484199138,0.7757569634772699
8.987684726715088,6.8031933461405005,0.07853263613929216,2.515321723785814,2.5614139619336473,0.865989124532324,0.029096011295555148,2.508624302013741,-0.5755622050405585,-0.04429270604505861,0.22182172487441987,-0.026416998378575585
9.007750272750854,6.854917232526593,0.09570820204363481,2.51589432803651,2.6106662601644923,0.8501377321189194,0.028142008541622725,2.416102069926001,-1.0044942383860878,-0.05101450784079566,0.21241668081709442,-0.47025220286627256
9.027715682983398,6.8809857803204375,0.10598173500284726,2.515976803854905,2.63019737180731,0.8896168458935542,0.022190837530075877,2.3751942009421487,-1.228956679296125,-0.055352263005113825,0.22226705732480756,0.49251882538565717
9.047775983810425,6.934061889694969,0.12351437795114317,2.5164092810824097,2.6772672748387882,0.8629697623625344,0.02104376212688699,2.331308739368723,-1.4322715447112915,-0.05928936345479979,0.2075537949513646,-0.7356631186721474
9.067801713943481,6.961007291707398,0.13389646606333913,2.516529463112305,2.7012279995416706,0.8981825620666153,0.020761021072237863,2.184152323317542,-1.6096299075744092,0.2664022168009443,0.21737681237152673,0.49115087100810584
9.087653160095215,7.071246540564296,0.1707219286829,2.517199013612673,2.799942579010801,0.8857034149517657,0.02124877774461029,2.152096903055078,-1.6579425325078745,0.23002432916556856,0.2003917543999969,-0.8492528985764913
9.107779741287231,7.127673469477879,0.1881015522377063,2.5176676653583883,2.8426298597679582,0.8521221144600496,0.02550155261142868,2.1159635328590114,-1.6989936260812202,0.19557037724531195,0.19307006513155578,-0.36608446342205614
9.127781867980957,7.156527819293608,0.19728615510007247,2.5178278837583306,2.871275038713561,0.855459194743935,0.024647811978089393,1.923444683055795,-1.695969433919389,0.1653300406785905,0.19330710697657105,0.011852092250763668
9.148056030273438,7.2143255594679125,0.2140564786725884,2.518351972820227,2.907882856703414,0.8215920009120107,0.027665798906895828,1.7386058202791888,-1.690319316979284,0.13674085077598044,0.181650479377784,-0.5828313799393525
9.167772054672241,7.273418001062426,0.23052254374985276,2.5190906628059486,2.9568945500843107,0.7960791076666452,0.03450646290993378,1.6258701301906555,-1.600658421669479,0.10967765266962397,0.17448953440457116,-0.3580472486606423
9.18775987625122,7.332873697514579,0.24612977999492344,2.519801001144021,2.9883091061097624,0.7649306451005592,0.03644232848530335,1.516072972873499,-1.5148187530225699,0.08416435591229544,0.16599348325386076,-0.42480255753551965
9.20775818824768,7.393672102966784,0.2606922724432721,2.520794330021385,3.0360572701356245,0.7234368788477376,0.04409971963102428,1.4183225793842145,-1.368937272531278,0.05960353885650615,0.15505116733851398,-0.5471157957673389
9.228070735931396,7.454670455688652,0.27489649730922866,2.5216866821126502,3.063456146966893,0.6974419271052417,0.045058563139562906,1.3217665275057333,-1.2320380936710191,0.03652507250036882,0.14917571343996672,-0.29377269492736335
9.247835874557495,7.516906485209541,0.28744111181948356,2.522805336860056,3.1061860768970226,0.6435041000444414,0.05072367137678539,1.189195297559866,-1.1100747630880872,0.014624602410801086,0.13545612537197504,-0.6859794033995836
9.26768159866333,7.5792594460408615,0.30009691284798246,2.5238213452681175,3.128683959014642,0.6224561718280978,0.050808825671512604,1.0613800209962583,-0.9960209908022032,-0.005879063132057316,0.13177887381876108,-0.18386257766069836
9.287754774093628,7.6426892243333695,0.31067297390356713,2.5249728201288555,3.164106095906915,0.5606342807071056,0.05380309697794343,0.8386589375968454,-0.926691253801508,-0.024811581050041834,0.11622183323841195,-0.7778520290174562
9.307857036590576,7.706124807510472,0.321704745095382,2.526042721959472,3.1787482140386984,0.5427607657688487,0.053128255343049574,0.627452753858764,-0.8613116816187438,-0.04246130806864519,0.11448401281097231,-0.08689102137198201
9.327726364135742,7.738411017541553,0.32590727121624324,2.526621674785515,3.197620450797701,0.5017292440311655,0.05391950517560659,0.5354511228589734,-0.7131013549332004,-0.058151587796364985,0.10420208899560812,-0.5140961907682096
9.347776889801025,7.835195228063461,0.339422460589023,2.528249766688747,3.229992000980137,0.446525523045617,0.0530471110212828,0.41349350843412386,-0.6008739622564419,-0.07245457507983355,0.0913633903289508,-0.6419349333328661
9.367743730545044,7.899869909761662,0.3482400461838446,2.5292953187148206,3.2370878284386193,0.4355917040186125,0.05146401960219517,0.2969896844399178,-0.4932723822374423,-0.08567661076952819,0.09042648736081249,-0.04684514840691545
9.387829303741455,7.965392900181164,0.35506121672927904,2.530329779411615,3.2587877158977743,0.382050120448006,0.05020437934715821,0.06833750247893847,-0.3643950500192249,-0.09702784103020791,0.07682512839624733,-0.6800679482282579
9.40771484375,8.063613042692731,0.36520361222062514,2.531804406757032,3.2718298758575375,0.33960849230139956,0.04754668401582524,-0.07306567394238388,-0.19515139479416369,-0.10695006824334131,0.06831119064602698,-0.42569688751101786
9.427741289138794,8.129025994735754,0.37196752212014444,2.532733332753314,3.2690202113239644,0.33731257222906746,0.04531575197861794,-0.20660353911283216,-0.03612538807571584,-0.11599952934728901,0.06876144499844195,0.022512717620748468
9.447906017303467,8.162061461151946,0.37423831054804835,2.533188022852202,3.276641108879852,0.307082546311018,0.044296557883253956,-0.2340873394624936,0.13788517026878575,-0.12355642766686294,0.0611754804267064,-0.3792982285867774
9.468332290649414,8.227545653923618,0.38041857121722084,2.534048776874057,3.271687914493133,0.3114858047766535,0.04175617497711212,-0.2611633149498722,0.3005745725085137,-0.13035755619607076,0.06342378864594034,0.11241541096169705
9.487723350524902,8.26055652182225,0.38234112143883886,2.534476075435378,3.276172533160453,0.279877979019869,0.0408816233233511,-0.40926279097789814,0.2577299093745196,-0.13594917000671716,0.05491468027550628,-0.425455418521703
9.507600545883179,8.391549816317907,0.39210984729635073,2.536055881237335,3.2655673435972514,0.2519246673410908,0.036798711257743595,-0.48069072530098655,0.38036272947943217,-0.1403667320882448,0.048861112147836394,-0.3026784063834942
9.527727365493774,8.456760499522918,0.397232186681166,2.536763517424948,3.25527859143965,0.26069132558404984,0.03395216220180317,-0.547408106057373,0.49498195430635433,-0.14419059725385103,0.05171038908962755,0.14246384708955784
9.547770738601685,8.489304837343074,0.3991250794226086,2.5371539320216034,3.24877213928727,0.24568373911330768,0.03418386409367042,-0.7130096547514315,0.5861635943237408,-0.14740854251808846,0.04760448838340947,-0.20529503531090398
9.567741870880127,8.554127205461706,0.4041617322811006,2.5378079398251243,3.2329503718510666,0.25826332618805176,0.03120796671692537,-0.8673041934836091,0.6706998981813099,-0.1500936586241122,0.05116374539144175,0.17796285040161397
9.587708711624146,8.650932424109348,0.4108185057423856,2.5388556541802005,3.2115342617166913,0.24937458755647243,0.030776444282222752,-0.9295423480444026,0.7894205775586606,-0.15230330298277667,0.04808547547484876,-0.15391349582964953
9.607673406600952,8.715026841447548,0.4156862269278023,2.5394983295429703,3.1940328017099526,0.25681321185862904,0.0296436179829364,-0.9948494580118383,0.9015851148498145,-0.15417211686216614,0.05059013933729517,0.1252331931223205
9.627843141555786,8.77870441567958,0.42100982684693916,2.540060266235808,3.1735230113382626,0.2758901609328787,0.026545371794804432,-1.055334169140847,1.0046028897074633,-0.1555761991653227,0.05461131544863118,0.20105880556680056
9.64774203300476,8.81040715867372,0.42336237727547577,2.540425479726114,3.162525572775794,0.27388802626136144,0.02805960297516791,-1.1483623169956951,1.0970575057139793,-0.15695712973817946,0.05353069272305566,-0.05403113627877598
9.667915344238281,8.904743031097622,0.431630180887325,2.541307735540625,3.1261902757100333,0.2943018215909736,0.02651646309464928,-1.2800578078183207,1.0803682991876111,-0.15803954173666362,0.05897924339618266,0.27242753365634975
9.687804460525513,8.967002528885809,0.43773107241180004,2.5418064061269896,3.09935265386493,0.3157246677883602,0.023348407701488105,-1.4021161786956933,1.0615705012577707,-0.15869611133468922,0.06305064634956992,0.203570147669363
9.707633018493652,8.99786950182451,0.44071980005121886,2.54214149795145,3.0833157227725154,0.320990982353148,0.024876803720357825,-1.44769537851829,1.1170056074223689,-0.15940799495989744,0.06387470681069374,0.04120302305619106
9.72787618637085,9.059243430018759,0.44736636335347096,2.5426071254014837,3.0539378914028577,0.34382667202767014,0.021684924712952105,-1.4894582650079493,1.1654058470586353,-0.15971317693455175,0.0693183848858725,0.272183903758938
9.747904777526855,9.120050612318922,0.4544848589710204,2.543165529649674,3.0241351149225095,0.3688722282217476,0.02236255678514189,-1.539372010202074,1.2964893447024328,-0.1599592492268421,0.0747227280191316,0.2702171566629552
9.768012762069702,9.180222418963005,0.4621297275275165,2.5435807916540205,2.9928995232195224,0.3960108573910921,0.019164092693743032,-1.583182379744184,1.4153632567651746,-0.15982473761369395,0.08067158677771546,0.2974429379291932
9.787786483764648,9.21002021172427,0.46620127896433317,2.5438554627432195,2.975568636993023,0.41288761094080684,0.02015182742945291,-1.5632462211521072,1.613564636079348,-0.1596873171578327,0.08345591162644483,0.13921624243646846
9.807786464691162,9.29845761996519,0.47913790192523464,2.5444757931041107,2.924935291188915,0.457526398474412,0.017868839874040844,-1.5431702618596155,1.80358960808248,-0.1591562198254144,0.09449438642666008,0.5519237400107624
9.827878952026367,9.356649171577834,0.48866089926291273,2.5448013908108718,2.894296177925076,0.495345835324011,0.014693812461310591,-1.5202794049421462,1.975347145473493,-0.15829190620581488,0.10080472727009138,0.31551704217156473
9.847791194915771,9.436534995751328,0.5026663242361086,2.5453235932545155,2.8384304205182156,0.5364675169693551,0.014165520158680894,-1.5116063402928557,2.085549690137265,-0.15720058393752828,0.11016535766081237,0.4680315195360496
9.867859125137329,9.493002055027313,0.5138194458727078,2.5455755512005234,2.80831729126437,0.5791664544646494,0.011034901108542815,-1.499073052608079,2.182097941970181,-0.15581275421989454,0.11860145145755485,0.42180468983712416
9.887933731079102,9.5206430044204,0.5194259133997267,2.545754968016972,2.7828335950931264,0.5931782188564361,0.01165850439760297,-1.496136170305244,2.2146235310503433,-0.15446099534955582,0.11995393631823159,0.06762424303383696
9.907826900482178,9.60308290863727,0.5380343502792271,2.546094741672929,2.7273701577805007,0.6550377694717572,0.008692920839326261,-1.4970292424873735,2.234743999115513,-0.15259923402321654,0.13531742233292032,0.7681743007344366
9.927792310714722,9.657331122843653,0.5515830056645676,2.5462382165255515,2.6974666365612276,0.699868929766407,0.005661577174144832,-1.4924199591643277,2.247095943816411,-0.15049555750203186,0.14076877096007223,0.2725674313575954
9.947740316390991,9.683896070323804,0.5587356677171308,2.546319951680729,2.6729979474718486,0.7240006550214638,0.005060967621596148,-1.4985281927600416,2.256609337555218,-0.148193986285621,0.14591750036994888,0.25743647049383256
9.967668533325195,9.737056223529763,0.5736672950054631,2.546391696099353,2.6430173995848407,0.7691710826448374,0.0021218374247913546,-1.4985233794958484,2.2593152722765857,-0.14568516591145503,0.15432657511093506,0.4204537370493089
9.987794399261475,9.789171864181036,0.5897970876339779,2.5464155881639865,2.602762028922639,0.8218941376864547,-0.0005768093049801254,-1.4146164537039372,2.233623946283682,-0.14250180186051506,0.16477620759175426,0.5224816240409602
10.00779676437378,9.840949743001191,0.606679723140693,2.546375771011554,2.5753033807048116,0.8662665662903007,-0.0033938197667342813,-1.3313585768566392,2.202772690854937,-0.13917605937076205,0.17154032408077224,0.338205824450899
10.030917644500732,9.866322595395063,0.6157387150539867,2.546325219892331,2.5533923847998485,0.8964945890868278,-0.0050562133039116644,-1.27211505470569,2.1919254310812386,-0.13552100677915777,0.17607832221081798,0.22689990650228697
10.047705888748169,9.941908577690844,0.6439752775039993,2.546081541668257,2.5031468588707817,0.9723995005869726,-0.010021219752937523,-1.1928534251801934,2.1843681720275256,-0.1309486835897136,0.19160023296016648,0.776095537467425
10.067973852157593,9.991738163473647,0.6638592990071482,2.5458552341255842,2.480071602838918,1.0159549978884355,-0.012594177415097697,-1.114888424697521,2.170076006791826,-0.12634161918269185,0.1934288414998826,0.09143042698580572
10.087738037109375,10.040400324868692,0.6851836421254767,2.5454911931210717,2.4403475788079065,1.0736796487000337,-0.017336454646603335,-1.0411210292759183,2.164752596919349,-0.12074196653098694,0.20572423943916762,0.6147698969642512
10.107685804367065,10.112663511775663,0.7187577523082425,2.544841096891469,2.395790509563167,1.1498881538099648,-0.023081886352575593,-1.0094760831953167,2.181891133223921,-0.11412659976334961,0.2161569139993733,0.5216337280102845
10.127767324447632,10.160379679978723,0.7421925566429317,2.5443570686256733,2.3759413161492047,1.193617569034187,-0.025299305231338446,-0.9749762170040246,2.189482628323677,-0.10763610146994496,0.2180086560304546,0.09258710155406469
10.14766812324524,10.183700109404848,0.7545945680694662,2.544022162795197,2.35522056418308,1.2253648536993995,-0.028486908624827976,-0.9825154017177643,2.159981584222142,-0.10080258525273643,0.22460956473164417,0.33004543505947836
10.167739152908325,10.23060767585005,0.7795314754782869,2.5434327115093267,2.3355216321604404,1.2681997205829993,-0.030435985359492598,-0.9868513369172626,2.122135921789287,-0.09413218693651641,0.22715223874709034,0.12713370077230834
10.187735319137573,10.276710823140258,0.8058299199204524,2.5426996276976848,2.30718293127695,1.323509696966824,-0.03485460501636222,-0.8593851836495903,2.124990736336866,-0.08675703746305308,0.23572832847677017,0.4288044864839913
10.207716703414917,10.345335031108984,0.8468236343217922,2.5415526266772286,2.2765062694715423,1.3965902116873887,-0.039168052313299145,-0.7268291632281103,2.1143949275183616,-0.07877357676463972,0.24243714648169323,0.33544090024615336
10.227914810180664,10.39072840249525,0.8751771208436628,2.540754029203957,2.2632577390652724,1.4386905700633228,-0.04066601109808097,-0.598767023224673,2.094038702265315,-0.07106833466230944,0.24233843514278464,-0.004935566945429848
10.247723579406738,10.413060937367714,0.8899599110466127,2.5402836947867486,2.25028982760561,1.4675746009202288,-0.043028302740078725,-0.4946536114439199,2.057901109457564,-0.06339499791714903,0.247391283408521,0.2526424132868188
10.268352746963501,10.47991164964572,0.9352011652839287,2.538897505873167,2.223810143848582,1.5375365435464252,-0.04676825471757688,-0.3956651473128525,2.0595416389420236,-0.05522486193532487,0.25224732935675354,0.24280229741162618
10.287812232971191,10.524315182389932,0.9663633550984068,2.537951623642969,2.2168640181140558,1.5786508101968704,-0.047793854466141955,-0.29939834691716743,2.050058873579411,-0.047390615259063566,0.2506023851817547,-0.08224720874994151
10.307740211486816,10.565795969547557,0.9970788452716108,2.536948520822692,2.1969985546438964,1.6264865995631386,-0.050770745437051366,-0.23914887234578086,2.0731862767544507,-0.0393569179858199,0.2568870644167838,0.31423396175145335
10.327761888504028,10.609692105870907,1.0300240894514952,2.535925752127448,2.1928144601576154,1.668070630978283,-0.051480540916883595,-0.1793343965756179,2.0830365508515802,-0.03168185787567345,0.2532956783844291,-0.17956930161773244
10.347721815109253,10.631298121075142,1.0469737414110525,2.535368269301086,2.183005185400673,1.6937328337948678,-0.05285855907687159,-0.10427648102341847,2.1167637792360243,-0.02431935484339794,0.2589290740973782,0.2816697856474537
10.367901086807251,10.674942296167371,1.08127328227932,2.534306707749647,2.181657376385416,1.7362860662840258,-0.05327420688218295,-0.030760536165460525,2.1362146734267458,-0.017302491178210786,0.2572638979581665,-0.08325880696058441
10.38845181465149,10.696512239321354,1.098815978852701,2.5337487832388392,2.175220477734883,1.759603558792881,-0.05403816562472648,0.04844609665003716,2.1375019259869883,-0.01069142334499246,0.2582665691740287,0.0501335607931086
10.407646417617798,10.783207942837388,1.1709242747730857,2.5315681236762164,2.169316055060532,1.845805182467814,-0.054594774125561435,0.1263037014388745,2.183194291700452,-0.004062474923896675,0.2565901664427477,-0.08382013656405007
10.427722454071045,10.826624580674439,1.2082792293939666,2.5304758404580054,2.1725983057582874,1.8897872117713028,-0.05461259275848892,0.20147752643529712,2.2122821174403535,0.0022241195817937986,0.2541166918049056,-0.1236737318921044
10.447768449783325,10.848202665522168,1.2272592443101666,2.5299420728100452,2.170550050385179,1.91105899044735,-0.05416453920859768,0.2456589307053505,2.2169586884626744,0.007853730755275642,0.25707593249810534,0.14796203465998747
10.468294382095337,10.891665713833005,1.2659234311888459,2.5288607128558946,2.1759000563926514,1.955329054256643,-0.053953702902005636,0.2892415794458643,2.207772851322313,0.013179824228131364,0.2547989801821333,-0.11384761579860125
10.487812757492065,10.913265056284454,1.2855103907087737,2.5283409813115294,2.174146720786186,1.9747364491389956,-0.05321446745681352,0.3066286932481611,2.146899441285026,0.017873029455870396,0.253979241404215,-0.04098693889591498
10.508321046829224,11.000335612534725,1.3661983983608867,2.526257830321823,2.183727794510782,2.0594608364467164,-0.051681636818481876,0.3413803039914977,2.034370543898024,0.022237598231261584,0.2469943822670424,-0.3492429568586308
10.52777099609375,11.04408072808274,1.4077867112401572,2.525228923205627,2.1908973884330725,2.0989770576602096,-0.051195381804780477,0.375468791397745,1.9163561647098573,0.02634558648740675,0.24428247378163537,-0.13559542427035165
10.547737121582031,11.088039275279954,1.4503098414160016,2.5242248960380773,2.2004664010469597,2.140502692614286,-0.050363611631694685,0.40000173701747077,1.7387954938218604,0.030041295691431477,0.24287257903258208,-0.07049473745266432
10.567981719970703,11.132130137671425,1.4934557415259575,2.5232238667923585,2.2086948703194924,2.173490479536507,-0.04972776846293022,0.4225122250673165,1.5597460337810742,0.033504721763503595,0.23550296221639933,-0.3684808408091378
10.587667465209961,11.176527154345404,1.5377366611170493,2.5222041436272797,2.220587395652255,2.216075812869245,-0.04993253736463329,0.40836890156879163,1.3417063809771201,0.03687950000286924,0.23623790117984234,0.03674694817215052
10.607643604278564,11.221019657212285,1.5823120926653906,2.521213082319542,2.22861734400976,2.2407478964104253,-0.04916310486351139,0.3947045513892085,1.1258734531342482,0.04002614754481974,0.23116265204127595,-0.2537624569283192
10.627832412719727,11.221091195781092,1.5825575789578257,2.5211878906759253,2.2310816376594085,2.245832603779051,-0.04997989456759672,0.4084953298413576,0.8681856741033406,0.04301049238884985,0.23425669250337844,0.15470202310512438
10.64777135848999,11.265795387646035,1.627631014353478,2.520197082986993,2.2393795735265023,2.260673636652452,-0.049091647745292566,0.42110314748574573,0.6169948093986196,0.045778547719814724,0.22157813910128388,-0.6339276701047281
10.667721509933472,11.33354376629116,1.6976308795549946,2.5186038151933983,2.2608266726635806,2.320777791355411,-0.05091454649315559,0.46031356721070377,0.45905844188065476,0.04906155212831041,0.2189511682625893,-0.13134854193472822
10.687720775604248,11.401747088545806,1.7682917871480917,2.5170246825948133,2.2797778089906395,2.3566702619426114,-0.05150029015344514,0.49871196301901777,0.2959501014856147,0.052554056148428556,0.20849478578618585,-0.5228191238201729
10.707743406295776,11.447444792141214,1.815473519611724,2.516005406721722,2.290110254461381,2.36096006908433,-0.05041656682513461,0.5340243578092485,0.13307692411007388,0.0557732623726059,0.20132557612509183,-0.35846048305470113
10.727710723876953,11.47051378007857,1.8397430530145138,2.5154477880560795,2.2998965002890133,2.378538292872037,-0.05139381798833467,0.5910772965955786,-0.11339949757383616,0.05895871862238918,0.20434140675911117,0.1507915317009667
10.747738599777222,11.516633528461673,1.887275184567029,2.5144319023367756,2.312255182516588,2.3738850202161994,-0.05018503057200719,0.644132161343576,-0.35035494831373837,0.06187583702527096,0.18810592242875224,-0.8117742165179465
10.767831563949585,11.563092131473109,1.9357809938139083,2.5133912275665953,2.327166267084114,2.3923332429478434,-0.050058855539371776,0.6630985860139263,-0.611733027040739,0.06463285178383121,0.19013436652179827,0.10142220465230167
10.788740158081055,11.609769263007996,1.9834884733729183,2.5124031480021642,2.340604926534807,2.377582449357801,-0.04874076294164635,0.6805111842636155,-0.8614158513437907,0.06713434521798507,0.17942986536113503,-0.5352250580331619
10.80785584449768,11.633231614562163,2.0080039344017426,2.5119123244184047,2.34830826109712,2.3897318667964305,-0.04819931160424039,0.7047619657113202,-1.0382553969305772,0.06927382303853852,0.17955920342078535,0.006466902982515954
10.827836751937866,11.680340236158868,2.0555794741119433,2.5109623241452064,2.362627243626998,2.367255435574835,-0.046794343958659335,0.72676637903259,-1.2082579335267525,0.07118544621966774,0.16284250215028617,-0.835835063524959
10.848094940185547,11.749238027468127,2.1256097329114483,2.509673396763131,2.385691082230737,2.372366187422433,-0.04369605140000523,0.7427272974521778,-1.3670822987179414,0.07236751835070296,0.15642389619808084,-0.3209302976102668
10.86777949333191,11.79710135215903,2.1727733724950706,2.5088140191159307,2.4006875171347235,2.3434896768682707,-0.04223836606636151,0.7565672983161374,-1.519512389152825,0.0733717733510905,0.14268980954466093,-0.6867043326709954
10.887831211090088,11.842951083015723,2.2179429521279452,2.5081046320906757,2.4180235652009308,2.336018885938875,-0.03872486795771205,0.8033999823776624,-1.6574566724081519,0.07350092888684662,0.14342832638754954,0.03692584214443073
10.9077467918396,11.915899272147328,2.2876941768295573,2.50705529813934,2.442875358071315,2.2959433181308437,-0.034217655156015235,0.741933973229583,-1.8794236817581842,0.0727685941993939,0.12405546837620429,-0.9686429005672625
10.927690267562866,11.96490101387341,2.333222940392037,2.506385446718939,2.4570903328285625,2.256231688565196,-0.032770141223894614,0.6793908307541646,-2.0898324584867294,0.0719723293099565,0.11707331162498358,-0.3491078375610357
10.947731733322144,11.989591036556376,2.3559495550621987,2.5061573353443447,2.4658096577288893,2.2414502323322543,-0.029289855470836335,0.5967406165675048,-2.2540800375992016,0.07040381218826847,0.11741139017312996,0.016903927407319053
10.967679738998413,12.039021163157365,2.4003172031607773,2.50558551395623,2.476933854015143,2.1947942997584566,-0.027897542834797,0.5159959853334561,-2.410165973206253,0.0688259801979409,0.10548955914531355,-0.5960915513908205
10.98779296875,12.05907354601651,2.418140925292533,2.5054657477943145,2.4869771032101937,2.184436222248467,-0.024375524124896283,0.43516373276858733,-2.506772037407461,0.06653580915548028,0.10534989999187383,-0.006982957671985979
11.007683277130127,12.154476106739958,2.499850723472031,2.5047530818294907,2.51788103790862,2.1007088466065977,-0.017639483380327302,0.35351937035101655,-2.5888989945708576,0.06299383401296287,0.07503555381346239,-1.5157173089205722
11.027733325958252,12.204899165591902,2.5413417808486463,2.5044126610246957,2.524164481184246,2.0481321468754925,-0.016413989487218943,0.27540845846183465,-2.6683227012983695,0.059576082203627784,0.07386175717431387,-0.05868983195742583
11.047760009765625,12.230563965434762,2.561759289337021,2.5043511628700186,2.5379320263553535,2.0222497565573825,-0.013058297833342704,0.1998488533530854,-2.753176672806943,0.05570605455788884,0.07064864087379741,-0.16065581502582305
11.068016290664673,12.307240503953096,2.6211245321089574,2.504069559273038,2.5562498394942206,1.9370513602613584,-0.009020811681946272,0.15170157340792717,-2.8066526130070923,0.0513007403135843,0.04949436589720646,-1.0577137488295474
11.087799549102783,12.35839268406999,2.6593007663130934,2.503899119379523,2.558811200540621,1.8804006359018306,-0.008037205218963199,0.10460997664942415,-2.8580802503695315,0.04709241020718773,0.042946521202756216,-0.3273922347225122
11.107659339904785,12.41014675702031,2.6959653884941117,2.503850510084752,2.5740045523264374,1.8129605315730526,-0.0046175389936899194,0.037404982462349946,-2.9230739836810633,0.04252365389929795,0.03193477461667538,-0.550587329304042
11.127685070037842,12.46163001594705,2.7316357862171405,2.5037663705786657,2.574108439896439,1.7538715656019777,-0.0038109011455349103,-0.026466289859154106,-2.9853771079129765,0.038176718116655434,0.019510980139893164,-0.6211897238391106
11.147786140441895,12.487681958390032,2.7486961041019096,2.5037855608992965,2.5821873166015608,1.7142101899584776,-0.00190286920330514,-0.08479385031872505,-3.0199940102634986,0.033852711293636754,0.022128117639527822,0.13085687498173293
11.167764663696289,12.539305001776968,2.782374057688086,2.5037539968865716,2.5799321922391525,1.6534735364976514,-0.0012672078519360426,-0.1402437631926414,-3.0534837063675835,0.029749898221796543,0.0020504308710465047,-1.0038843384240659
11.187788963317871,12.59139145823025,2.8143368209743636,2.5038055660500143,2.589883002096378,1.5801362331165518,0.0009880904470120314,-0.14813865833778456,-3.0163799190017526,0.02555665008987169,-0.0017612490112197676,-0.19058399411331362
11.207853317260742,12.64332794905324,2.8451148246717586,2.503845104838479,2.592625244136717,1.5134162644140186,0.0019461846019619368,-0.12765239837333253,-2.8774861909863567,0.02153953252006243,-0.011510585237103133,-0.48746681129416825
11.227743864059448,12.695156112129983,2.874816313571876,2.503888079826082,2.5902475974013206,1.4571558328842018,0.0023386679542656418,-0.11069038657819955,-2.7505188336997834,0.017745589531823026,-0.023979234827598894,-0.6234324795247881
11.247710943222046,12.74719396074703,2.902474822379947,2.503933920882034,2.5935552010938725,1.3776007276469042,0.002353019448192095,-0.13765898859284673,-2.7620372446129418,0.014392528108455442,-0.03372346550885519,-0.4872115340628147
11.272551536560059,12.824968476647578,2.9417883714153374,2.503945398856431,2.589702780509047,1.273512822574816,0.0008105331041638811,-0.19519700090732742,-2.6774518466566066,0.01175462427547598,-0.051242503003645634,-0.8759518747395223
11.287790298461914,12.876719748021776,2.9667284404188052,2.5039637922920295,2.5852386224134096,1.2207537025641821,0.0010205297696292176,-0.25091770660679424,-2.5995615116834347,0.009270360811305143,-0.05896489427780027,-0.3861195637077319
11.307763576507568,12.902584861540028,2.9780666184521585,2.5038882025065967,2.5844266657011987,1.1742879742044834,-0.001395645635328022,-0.13488954559110608,-2.530528242820914,0.007706641680699123,-0.060336606300372964,-0.06858560112863454
11.327760457992554,12.954253755081814,3.001050706710997,2.5038617313446077,2.582823062228266,1.1243398072393243,-0.0012563725924303387,-0.026774367435416575,-2.4648404598881224,0.006235997453229202,-0.07639568577863809,-0.8029539739132563
11.34772276878357,13.031592968757046,3.032081758469917,2.503621951664119,2.5782797496890386,1.0164618671657215,-0.00562006237798997,0.04886361600474677,-2.3614680737852742,0.006086258753404856,-0.09163700716958534,-0.7620660695473624
11.367684602737427,13.083173089403653,3.0519453056549923,2.503510758016711,2.5799651984028005,0.9702182794244709,-0.00549977950789476,0.1187309369896588,-2.2638376382093877,0.005943112292614634,-0.09134777035485486,0.01446184073652379
11.387718200683594,13.083037647081118,3.051589418839338,2.503456402171446,2.5762676185681803,0.9594712495582336,-0.007316788546889145,0.18643175054711805,-2.1898175949094383,0.006282740576824707,-0.09309824059650085,-0.08752351208229925
11.407721519470215,13.18560841002731,3.087118736108542,2.503016605369851,2.5686078651252604,0.8452996984116121,-0.010890279398110804,0.2630361042507012,-2.1376933665880604,0.007579540041452231,-0.12268314700321081,-1.4792453203354983
11.427841663360596,13.237037977613284,3.1036005180140216,2.5028003977282878,2.5745840503531467,0.803042379569142,-0.010726455487175539,0.3335856401667777,-2.088526085390055,0.00878835494634202,-0.12356962229614998,-0.04432376464695853
11.44775676727295,13.262403108656667,3.110942798099781,2.502587495517828,2.567060291735111,0.7657755256577388,-0.013641761849384034,0.38507460260436455,-2.082687959717619,0.010618821188970682,-0.12621355440309356,-0.13219660534717903
11.467670202255249,13.313824526555711,3.1258421490004453,2.5023168996742777,2.5752374859117935,0.7241782782143867,-0.013412146368325458,0.43187289735043305,-2.077073746638276,0.012321711920750005,-0.1347072456566223,-0.4246845626764362
11.487911701202393,13.339183889959113,3.13249377784487,2.502096017437172,2.56844548876658,0.6900060818488628,-0.015706986605473667,0.5019072281209113,-2.0590461535098425,0.014428749771064878,-0.14017743113435177,-0.27350927388647417
11.507720708847046,13.441723856681765,3.15796409472325,2.5013962012018536,2.5746766210939,0.5968412660021808,-0.01705139625675642,0.6054990182295625,-1.9770386372993587,0.016830460519711227,-0.1632864255632489,-1.1554497214448567
11.528162956237793,13.49334491849014,3.1695107139040135,2.501058690621781,2.587743209314871,0.5580763597338775,-0.016692244840314906,0.6995979468890208,-1.9003243746015865,0.019055603663083086,-0.1671794826223154,-0.19465285295332535
11.547810316085815,13.518903617307105,3.174780894806236,2.5008642245535535,2.5850150268671137,0.5334039234496123,-0.017292681797798873,0.7459807915388643,-1.8477679285525224,0.021184152397263536,-0.1669334062132677,0.012303820452386205
11.567836284637451,13.570755915336807,3.185082736506534,2.500522741218757,2.60035006792386,0.4969430112751926,-0.01684911679938732,0.7865709552293725,-1.7989370940506864,0.023144685231110317,-0.1815112305905906,-0.7288912188661456
11.587767362594604,13.622287098605335,3.194256655832637,2.5001570464159126,2.600724210827027,0.45115883748062163,-0.017167497578736264,0.8154812485294842,-1.7696490077316807,0.02500776367006576,-0.18359398684217743,-0.1041378125793413
11.607701301574707,13.674267455786866,3.202797193400339,2.4998115993515944,2.6102519096017613,0.41170743637917456,-0.01688108388309624,0.7796728709935756,-1.7467941241112175,0.026699150067495653,-0.18998673510338682,-0.31963741306046956
11.627754926681519,13.726626030849921,3.210683412150751,2.499479422620028,2.625485549146972,0.37698432152339656,-0.01633145907886996,0.7436590445222866,-1.7258285216805667,0.02823827232704498,-0.20074950506167477,-0.5381384979143977
11.647762298583984,13.77898770326985,3.217655412780665,2.4991585324158585,2.6332139670538006,0.33738881074894544,-0.015701070080106416,0.6777148331109335,-1.717622403588997,0.02947698780554688,-0.20508366554665214,-0.21670802424886837
11.66808271408081,13.858320244543322,3.2269784240356323,2.4987140411582223,2.6540229978474295,0.28528234089533894,-0.014410830539519191,0.5871212375932832,-1.7237953863662403,0.030384177180772038,-0.21627208137855813,-0.5594207915952998
11.687658786773682,13.911512298337154,3.2323388997714226,2.498431956253868,2.664894308433883,0.2507446255637615,-0.013795008433076333,0.5006979169761572,-1.7299774863543194,0.03117966587815645,-0.22446087941854076,-0.4094399019991313
11.707724809646606,13.965205548373795,3.2371328428614445,2.498192539759025,2.682297217680675,0.21993389890468834,-0.0124038136018702,0.4314302427806458,-1.6899391922294316,0.03155115385022698,-0.2278713106169481,-0.17052155992036688
11.727812767028809,14.018933298134796,3.241196060596189,2.4979507944057615,2.690255990836272,0.1865119240192061,-0.011769754211407274,0.3648991666830012,-1.652723273705223,0.031841446552029466,-0.23916212891298194,-0.5645409148016922
11.747759580612183,14.04616232782203,3.243103449295213,2.4978556944599384,2.70233429779078,0.17371425374229116,-0.010856465323050608,0.31966020650714627,-1.6309209657099768,0.03184913747048161,-0.23259072014254079,0.3285704385220578
11.767663955688477,14.100269998300682,3.2462529106478684,2.4976449324995795,2.7082865058254804,0.14129837523956798,-0.010219903828384261,0.2757866246712665,-1.6109721149880765,0.031797233609459824,-0.24254392462875174,-0.4976602243105477
11.787790060043335,14.127718547343946,3.24766892754276,2.4975602370260828,2.7207019307893017,0.12799738968707428,-0.009461269605446933,0.24065720726911824,-1.5607044474084453,0.03153937428571407,-0.2438686173864819,-0.06623463788650863
11.80771279335022,14.20979130175972,3.2508611835961383,2.497302892738032,2.737673904953,0.08317025446242252,-0.008159684944682685,0.2464922069073959,-1.5032198099201077,0.031051013594768695,-0.25440577035327694,-0.5268576483397513
11.827895164489746,14.264594349697566,3.2522275809607772,2.4971458752618956,2.742642532298233,0.05364806583359797,-0.007543784848286934,0.24998645790925297,-1.4496432265343935,0.03053437880865787,-0.2614373247671864,-0.3515777206954729
11.847810983657837,14.319883395729164,3.2530651329294886,2.4970232644774284,2.7566209557369983,0.026561194298299534,-0.006385619738003461,0.21191692254501468,-1.3684937475291283,0.029779835347378575,-0.26355996200150056,-0.1061318617157081
11.86823582649231,14.402864903450787,3.253235896534535,2.4968586454737216,2.7679897223501637,-0.014253460147306577,-0.005115056652847497,0.17247155232436945,-1.2953109917532972,0.02882922540585501,-0.2732424807251026,-0.484125936180102
11.887714624404907,14.458256612730425,3.252696410098825,2.49676204698841,2.771053063700986,-0.0394667868876789,-0.004547948616054224,0.1340288015916378,-1.2267903628316759,0.027882210729322968,-0.2796136072766857,-0.31855632757915586
11.907711267471313,14.486148722471919,3.252214357607367,2.496728063656395,2.77675367033498,-0.051900831200340954,-0.004002643243060533,0.058526121950650996,-1.156479488577082,0.026881119700913034,-0.2755518491863711,0.20308790451573078
11.927739143371582,14.541690648084577,3.250949510398386,2.496653320765553,2.777199213964593,-0.07436428190903592,-0.003474950070466729,-0.01337820169895949,-1.0905955871601343,0.025889854810370688,-0.28707855445658836,-0.5763352635108632
11.947774887084961,14.597599791367653,3.249090029652462,2.49659676872519,2.7857906705882107,-0.09955425506894557,-0.002786909899072177,-0.08157955827674404,-1.0256487162903165,0.024822524241389476,-0.2868669411486513,0.010580665396853206
11.968448162078857,14.68141968740623,3.2455368645118314,2.4965271763116794,2.7906313344062803,-0.13261938230647125,-0.001966524923214842,-0.17604181270374672,-0.9465314279853394,0.0236778238937308,-0.2949301395661559,-0.403159920875229
11.98778748512268,14.7371910918895,3.2427001669259696,2.496492506260713,2.786213089132842,-0.15080513648818206,-0.0015042161597734452,-0.2648514101614305,-0.8729573965604736,0.022557025942492485,-0.3004059868129172,-0.2737923623380656
12.0076162815094,14.765311164075207,3.2410688621246915,2.4964826690838158,2.790513569947364,-0.16119606683580723,-0.0011685633289278462,-0.3566628353207394,-0.8051713359741064,0.02145486371152984,-0.296475015494996,0.19654856589605973
12.027617692947388,14.821044258044758,3.2376881849456574,2.4964635165613944,2.7825081238180207,-0.17666169139874446,-0.000750279608676726,-0.4429758945031401,-0.7421816645154389,0.020377652149275133,-0.3063154506719834,-0.49202175884937027
12.047790765762329,14.877136354376825,3.2338028845502995,2.4964620687530923,2.78664380049235,-0.19639680916043692,-0.00011428577397251366,-0.4781478357720494,-0.7196782034426221,0.019240160292853727,-0.30514215658655397,0.058664704271471635
12.068166971206665,14.960827807667927,3.227488314362486,2.496476355573173,2.780459283482703,-0.22067369520401547,0.0007247434180825064,-0.527921985987883,-0.7234457694425626,0.0180067492501355,-0.31097997995203475,-0.2918911682740388
12.087751865386963,15.016328218833644,3.2229299233473263,2.496494371522267,2.769424438624894,-0.2351764264607943,0.0010728704219807863,-0.5751412356969069,-0.7267521448437133,0.016812419400601616,-0.3165958426389488,-0.28079313434570263
12.107654571533203,15.044203605042467,3.2205431849853907,2.496521947919249,2.769193505365417,-0.2421224865895199,0.001704008935719548,-0.6100838528536612,-0.7184199894749549,0.015570602041797024,-0.3124719889281411,0.20619268554038506
12.127762794494629,15.099463239496815,3.2155575756515424,2.496559061629913,2.756660814457268,-0.2564127410632198,0.0020033690460103874,-0.6428224454697097,-0.7107081272700788,0.014372665183740864,-0.3220784658621567,-0.4803238467007809
12.14771819114685,15.15472246137872,3.2104347202730734,2.496639576632277,2.7503263270583727,-0.2667075506363508,0.0032407687853847444,-0.5918492491465845,-0.7099412190570143,0.012968130644703361,-0.3190735915206937,0.15024371707315076
12.16765022277832,15.2370133982693,3.202259012332752,2.4967708169105802,2.7339329331409163,-0.2838510497119988,0.004422999645705561,-0.5534101522701866,-0.7145742681281563,0.011380636044873547,-0.3250738519179803,-0.3000130198643314
12.187716245651245,15.291583828978357,3.1964387817805284,2.496861450872347,2.7232310560316453,-0.29818650802846697,0.00463534919944166,-0.5171338347691788,-0.7189251457315013,0.009866412937650622,-0.33055826190189563,-0.2742204991957653
12.207626342773438,15.345792927624181,3.190585850522361,2.4969962355263178,2.7083117149022473,-0.30614649889481294,0.005805846616154161,-0.5510666146206504,-0.7202008423938193,0.008193809419022476,-0.3286549701696475,0.09516458661240623
12.228041172027588,15.399846796227791,3.184318783012247,2.4971138839544498,2.696969334274708,-0.3205653231301296,0.005953702774800416,-0.5828107920349875,-0.721722057819036,0.006605753953649247,-0.33731744154985766,-0.4331235690105073
12.24782395362854,15.426620698672691,3.181257625352173,2.497196719415736,2.686312741874339,-0.32267761844657034,0.0066608844436999316,-0.5974012484971568,-0.729956652335062,0.005000446463615247,-0.32911775978482405,0.4099840882516803
12.267667293548584,15.480226556521618,3.174657544277552,2.4973308344986496,2.674228127222938,-0.33735716779646285,0.006745560333021819,-0.6108764007662352,-0.7379604060055035,0.0034813618650366075,-0.33558804223434047,-0.3235141224758209
12.287839412689209,15.506830340598308,3.1714391645749767,2.497421835483523,2.664884624358297,-0.33931222900005636,0.0074314216132852365,-0.6350261901557221,-0.7484630722887872,0.001944291907054536,-0.33586802809199545,-0.013999292882749259
12.307687997817993,15.612813194016882,3.1575894175423027,2.497756086346393,2.63665909027714,-0.3612355513253705,0.008380290969086688,-0.6637457686496724,-0.7521149597194349,0.0002442842174854219,-0.34301159882636467,-0.357178536718461
12.327691316604614,15.665411829827525,3.1502140451478153,2.4979236327809473,2.6231165855716987,-0.37631352409532276,0.008369024234748246,-0.6901182854603755,-0.7556658192948488,-0.0013542286235930425,-0.348264424079884,-0.26264126267596666
12.347733497619629,15.654877502579145,3.1518003820483647,2.4978990977890336,2.6240244407630087,-0.3702278367502456,0.008668514294023528,-0.7350541512802323,-0.7576959228485524,-0.002828957736086695,-0.33766349544817986,0.5300464315852071
12.36766004562378,15.754029825229397,3.1374606488247534,2.4982558794002747,2.5948825128115525,-0.3921690307204175,0.00928209768512516,-0.7878074758001783,-0.7743633034655141,-0.004395871422083253,-0.34952610087909397,-0.5931302715457054
12.387759923934937,15.805766603378304,3.1294613635093795,2.4984405428445733,2.578633163816572,-0.4078098049772211,0.009179364338280538,-0.83645059579391,-0.7894552998882375,-0.005860632249747035,-0.3531740017559386,-0.1823950438422317
12.40768814086914,15.831496120144028,3.1255181813669304,2.498547810812864,2.569656124159014,-0.4110429378943387,0.009560478091741792,-0.8620301544655524,-0.8256315888517131,-0.007264028687660641,-0.3490126064181047,0.2080697668916942
12.427737474441528,15.882715254081644,3.117129924088626,2.4987374788982275,2.552180163309682,-0.4278941070648942,0.009401977339279848,-0.885163016004498,-0.859027909348746,-0.008569998161518934,-0.35909456678605034,-0.504098018397281
12.447768688201904,15.933631733865184,3.1087017285696983,2.498952131953856,2.5351712204375074,-0.43746722336744903,0.009933974849997144,-0.9472175163226035,-0.8627605134643784,-0.009893952236728468,-0.355279642939045,0.19074619235026624
12.467678308486938,16.00930060644118,3.0953892658857924,2.499264713134432,2.5074219214883517,-0.45784704437495444,0.010169969577856906,-1.0099998979820317,-0.8785952154683178,-0.011221091494147892,-0.36257682890832355,-0.3648592984639265
12.487783193588257,16.059243130499762,3.0860556373642885,2.499465784897467,2.486639222435587,-0.4755628085883037,0.009933119519298029,-1.0673806633455543,-0.8926962584795104,-0.012447293842696975,-0.36869624252257527,-0.30597068071258615
12.507688045501709,16.084109588909115,3.0814168642594626,2.4995834203977276,2.47695977149137,-0.4805850739125612,0.01033987096342974,-1.1339472149110665,-0.9704605667721371,-0.013639047301362095,-0.36378568671927347,0.24552779016508985
12.527751922607422,16.133417843074007,3.071606210497384,2.4997874154388824,2.453662757218758,-0.5007179842220234,0.010055984974457838,-1.1948157978905445,-1.041767857356166,-0.014733540346260758,-0.3751418349597251,-0.5678074120225807
12.547801971435547,16.182454144923256,3.061681296390199,2.500016860415058,2.4344312734870415,-0.5142698411456118,0.010542469787902643,-1.2576875225410133,-1.0944217550938384,-0.015853617940593145,-0.37277686496299856,0.11824849983632646
12.568551778793335,16.255079610582573,3.0460135702194,2.5003505724207056,2.4006566026517064,-0.5402956980422505,0.010770329881625733,-1.3248484478795854,-1.145567454147836,-0.01700070146246675,-0.38044575038375195,-0.38344427103766954
12.587768077850342,16.302823626166166,3.034975390710973,2.5005625075175617,2.3735430523927485,-0.5636756240050466,0.010419695791327718,-1.3854221269172045,-1.1915810706646741,-0.01804594788835728,-0.3884010663266695,-0.397765797145877
12.607622623443604,16.32663070568858,3.0295190571743835,2.500694079134513,2.3631152157184387,-0.5690882992928946,0.011042644396376729,-1.4516267124627398,-1.2264353782134383,-0.019125469825322667,-0.3834047423472855,0.24981619896919938
12.6278715133667,16.373598604264874,3.017889889421863,2.500911040078813,2.3334760998720068,-0.5939307800964775,0.010650191654550667,-1.511192071609901,-1.2571284822006663,-0.0201030268484809,-0.3964300187191374,-0.6512638185925956
12.647804737091064,16.420247004784375,3.0061272997263324,2.5011652222751257,2.310018543351913,-0.6094002117975011,0.011362641998252281,-1.542192359729398,-1.174010259957059,-0.021172348019031433,-0.3950135308956342,0.0708243911751616
12.667632818222046,16.48901199175951,2.987425928470572,2.5015232794101405,2.2677732750079906,-0.6412435706588507,0.011469837455575093,-1.587767368454989,-1.0937906256111833,-0.022250132619773853,-0.40553569823920377,-0.5261083671784794
12.68762469291687,16.534047235479218,2.9743874510179777,2.5017481597503615,2.235623755632639,-0.662349796096588,0.011014967305795115,-1.6259731195672977,-1.0174756686274522,-0.023218957950984578,-0.4128419038656457,-0.3653102813220954
12.707601547241211,16.57859762293107,2.9608087312953653,2.501984408774813,2.2071630466985073,-0.6859337728545777,0.010998352560120295,-1.615256910843299,-0.9359124017414299,-0.024089918239980433,-0.4161951966109596,-0.16766463726569647
12.727727890014648,16.62241872162917,2.9469081186269994,2.5021995048045804,2.1749941415892815,-0.7038683995225232,0.010508681065039913,-1.6010632051193832,-0.8581827784608391,-0.024860768072931493,-0.4252209368268889,-0.45128701079646394
12.747689008712769,16.644135938753266,2.939578436023647,2.5023006931339817,2.1603829283170324,-0.7193548571614633,0.010150346941653244,-1.5732777487433476,-0.8250459563848126,-0.025436531473754742,-0.4229562640506672,0.11323363881108328
12.767711877822876,16.708180684188083,2.9173051449468934,2.5025782468417423,2.1114175487581486,-0.7527690814224371,0.008918092442481177,-1.5615634485404843,-0.7743798184209899,-0.02572000138592531,-0.4368296615244165,-0.6936698736874636
12.787740230560303,16.75009768949566,2.9020981305434526,2.5027514491726546,2.0803343801477494,-0.7677724148072552,0.008401420199555965,-1.546145951940575,-0.7263956033304495,-0.025936168727345305,-0.4422878699768966,-0.27291042262400644
12.807637929916382,16.770702780307875,2.8941155474974374,2.5028091424108982,2.0612059366306767,-0.7821988760895885,0.007420057211229452,-1.5634961239830634,-0.6778573165337659,-0.025857782536003297,-0.4433265517264302,-0.05193408747667938
12.8277907371521,16.811613327401105,2.878339115948125,2.502952379502042,2.0298098133779754,-0.7952903581497669,0.006904064358266713,-1.5751866654105684,-0.631680278488009,-0.025734070366262043,-0.4521874095080456,-0.44304288908076916
12.847774028778076,16.851690258080566,2.861887441990051,2.503044729898476,1.9933686229742207,-0.8181679402634936,0.005381901862095531,-1.5707318455688895,-0.6074681446091054,-0.025232487446453917,-0.45817814321813843,-0.2995366855046422
12.867624521255493,16.910672862902846,2.8368171835852625,2.503170104055528,1.9423692179336567,-0.843060343392857,0.003929831033111769,-1.656127527200626,-0.5531327441371373,-0.024454772119536547,-0.46881605576368557,-0.5318956272773567
12.887807607650757,16.949183783103678,2.8198488409723668,2.5032438615633383,1.9084683381250864,-0.8536015445755644,0.003448511530937256,-1.7324705011019867,-0.5014198212970542,-0.023677244220862224,-0.47554200384590883,-0.33629740411116327
12.907728433609009,16.98696205757085,2.8023255439103774,2.5032766834342675,1.8730321357279165,-0.871884147545952,0.0022296175386474874,-1.7532722862516124,-0.4351194223682542,-0.02266360976614167,-0.48238197669754834,-0.34199864258197543
12.927742004394531,17.024070985722606,2.7848050492199548,2.5033168097470653,1.8378130318140928,-0.879958133354116,0.0017863330810183075,-1.7675697091977567,-0.372961338558441,-0.021667807722280604,-0.48578860412013736,-0.17033137112945074
12.947774171829224,17.042416557953885,2.775747048245057,2.503322627190791,1.8216339859345891,-0.8901381892902687,0.0012747138468306516,-1.77391857599534,-0.33056559455555345,-0.02063258428563738,-0.49165783531732554,-0.29346155985940925
12.967681407928467,17.096297525636242,2.7486282619304006,2.5033408743121996,1.7689994943058622,-0.9076504041729322,0.00035430869729412236,-1.7940313432797255,-0.34416575225409074,-0.019479228377980752,-0.504103525719541,-0.6222845201107718
12.98776125907898,17.131317700671197,2.7304055843777664,2.503344139931999,1.7329730278522137,-0.9146580119239478,-2.4008619336562346e-05,-1.8075289851367549,-0.3563646336940005,-0.018357792865221257,-0.5116736548780603,-0.3785064579259645
13.007678508758545,17.1485513555963,2.7210693993815993,2.5033306894017078,1.7151801446121577,-0.9234926308535693,-0.0005457170240795877,-1.7453498187867436,-0.4311212786550541,-0.017209039054183545,-0.5144782425445906,-0.1402293833265178
13.030223846435547,17.18251014321534,2.702508612289791,2.5033164080560457,1.6809131263487398,-0.9328170917355411,-0.0008787068713595351,-1.6809988660182205,-0.5004275239899914,-0.016095829842660298,-0.5225703727793429,-0.4046065117376152
13.047712802886963,17.21566535561078,2.683794417089485,2.503280484149573,1.6435371878224847,-0.94075303184769,-0.001564578237162522,-1.6901246102287455,-0.4754144495089009,-0.014911055057833677,-0.5329821171415401,-0.5205872181098581
13.067631483078003,17.264061478965147,2.655518161436724,2.5032145468993297,1.5899775979964903,-0.9505281667781105,-0.00235833540852492,-1.5229961208748768,-0.482163251104348,-0.013633344148296209,-0.5464665039716201,-0.674219341504001
13.08784818649292,17.29556729832675,2.6364107463618507,2.503164736195963,1.5611431192627885,-0.9602337873040387,-0.0026186426331411047,-1.3613604341107977,-0.4882974452440155,-0.012405641322486108,-0.5566159459891105,-0.5074721008745176
13.10773229598999,17.31087928385667,2.626927153161318,2.5031201978251363,1.5409771297267214,-0.9611105783081759,-0.0032711862787030864,-1.3259005150975531,-0.49178220388370164,-0.011131506204804674,-0.5603205012589121,-0.1852277634900812
13.127641439437866,17.341436091805715,2.6076063997815706,2.5030526300193796,1.5148272621997914,-0.9709732573246029,-0.0034815281386837726,-1.288822616943402,-0.49433191258748316,-0.009911642177961017,-0.5716739424756283,-0.567672060835811
13.147761583328247,17.370829407130444,2.5882672624678995,2.5029241961571667,1.47353976283488,-0.9761991021347126,-0.005121580814556042,-1.2356078700022284,-0.46029223298111993,-0.008383276708126523,-0.585222495724897,-0.6774276624634368
13.167661428451538,17.41413251364862,2.5588494351508917,2.502729524441849,1.4279399671749622,-0.9880845586900099,-0.0064053103554434195,-1.086378900160483,-0.4778147402214377,-0.006643499561833076,-0.6050242012119709,-0.9900852743536914
13.18777060508728,17.44248371503839,2.5389911147617017,2.502600200905143,1.4076595934665417,-0.997799119430612,-0.006521550822205711,-0.9425508453554452,-0.4933073706092073,-0.004995719590311111,-0.6148676383485072,-0.4921718568268174
13.207670450210571,17.46992373076976,2.519064886122549,2.5024191464131302,1.3758078635607556,-1.004545827245488,-0.007860307347013602,-0.8822995620988315,-0.5248331422601823,-0.003160540021443578,-0.6263249788533574,-0.5728670252425072
13.227764368057251,17.497267471947197,2.4988670967256983,2.502261425255548,1.3587688742693962,-1.015325214086288,-0.007906039958951205,-0.8215143265000672,-0.5524653900577442,-0.0014299665344743907,-0.6333291425730212,-0.3502081859831918
13.247766494750977,17.49703858494068,2.498941039899884,2.5022425792143674,1.3508305615106668,-1.0129636339597061,-0.00850933704733315,-0.90716140192848,-0.5515891987958011,0.0002504001954976913,-0.6339984397238645,-0.03346485754216477
13.267623662948608,17.54988710117228,2.4582577107402845,2.5018563922193566,1.3047768119395082,-1.0276657818537944,-0.009605898827373905,-0.8163814036373117,-0.4884869069349723,0.0021287062645615647,-0.6525778935547173,-0.92897269154264
13.287864446640015,17.575825274876333,2.437610726622928,2.501664819305663,1.2893339605926313,-1.0368341149369258,-0.009545523548100681,-0.7283600792983763,-0.4289311564195748,0.003889448600254718,-0.6579650659117413,-0.26935861785120085
13.307709455490112,17.588550148638504,2.427324218959754,2.501549069391704,1.2801518041383662,-1.0381857098792275,-0.010047059296430887,-0.5121049302753155,-0.40459905114711414,0.00558706641182563,-0.6576724180987865,0.01463239064773969
13.327704429626465,17.614064600088913,2.4064811502028696,2.501349353133131,1.2719755948782079,-1.0460438392871194,-0.009919283995236935,-0.30742463762577893,-0.38140065775178766,0.007171879399649717,-0.6604695429044107,-0.1398562402812109
13.348061561584473,17.62649275520186,2.395966114168543,2.501236995232111,1.262607680719424,-1.0505946117484457,-0.01022811307401343,-0.08605989668376969,-0.3366545259351577,0.008661774769333398,-0.6644068339329157,-0.1968645514252465
13.367706775665283,17.675991236977428,2.353516431419494,2.5008007986055283,1.237724993450363,-1.0688413099090872,-0.010730494628687788,0.1688753844881624,-0.4391702805676409,0.010234805666084607,-0.6744181651295329,-0.5005665598308617
13.3878333568573,17.70079563125751,2.3320454035636313,2.50058833479499,1.2435059866790603,-1.0785721854816386,-0.010511024916854534,0.406347906590288,-0.5323871613187517,0.011693303509751871,-0.6733835559458088,0.05173045918620556
13.407748222351074,17.712596516017555,2.3212427332844885,2.5004637654152497,1.228690794535014,-1.083113768558715,-0.010939437319526934,0.3845867466025382,-0.5089246735211146,0.013097010679172986,-0.6762425802863965,-0.14295121702938562
13.429234504699707,17.73724597089108,2.299480223533518,2.5002476841544237,1.236193603732376,-1.0930599076805203,-0.01066437497924915,0.366258446999574,-0.4857350895527907,0.014391190099927644,-0.6727697586587822,0.17364108138071543
13.447806119918823,17.74891782275049,2.2886795918641756,2.5001345579227694,1.2196078850077066,-1.0957558143445472,-0.01067490253381829,0.2740120496134051,-0.7567945803790879,0.015540459817668512,-0.6792862252607885,-0.3258233301003166
13.467996835708618,17.77335901582127,2.2665962188187696,2.4999242396405603,1.2242293659902201,-1.11340711139598,-0.010353423087225228,0.18939224492634432,-1.004490861329074,0.01659128058655859,-0.6783240225444036,0.04811013581924595
13.487866401672363,17.80985677662099,2.233571123385745,2.499650213519537,1.2252112125041912,-1.1220337584501605,-0.009103814505943577,0.08114685276023943,-0.9029777721063473,0.017252939419566432,-0.6799170967012631,-0.07965370784297487
13.50762152671814,17.834549193408478,2.211230326747774,2.4994891887074053,1.231080239100252,-1.132018457752087,-0.008160894734466911,-0.1343142876209882,-1.0406458687571214,0.01765580159425756,-0.6758994071861228,0.20088447575701274
13.527800559997559,17.859130597025377,2.188373330701603,2.499329525987894,1.226410059650115,-1.1540948573933318,-0.007804223136834648,-0.329341942424012,-1.1647648084210687,0.018002051219073292,-0.6845079470735072,-0.43042699436921517
13.547715425491333,17.871921560716853,2.177178250120608,2.4992852611695597,1.2350823234457735,-1.1575346495417864,-0.006689206550481451,-0.8125050661274309,-1.5662777583944552,0.01801767277918684,-0.6773454974951929,0.35812247891571225
13.567925930023193,17.896430613177234,2.1536894014219303,2.49915507993804,1.2143530745182063,-1.1925645483553287,-0.006328975822757678,-1.253477355017088,-1.930592119479548,0.01799992345783732,-0.6913443673354576,-0.699943492013233
13.587766170501709,17.922299733293386,2.130631852408607,2.4990791592985584,1.2377111580148878,-1.2009210536548285,-0.00478966531844805,-1.235644751939474,-2.0565774957416836,0.017599001865117384,-0.681870768657054,0.47367993392017915
13.607741355895996,17.973075742252373,2.0825926910555608,2.4989745990093795,1.2437708366398326,-1.2421113167336129,-0.0021557967624345727,-1.1936175092280747,-1.9861079894695168,0.01661518012496543,-0.6882613289498103,-0.31952801463781544
13.627809762954712,17.997715454614337,2.0573580906126807,2.4989347420792623,1.2203549007307313,-1.2811039149534265,-0.0018330720504867802,-1.1472699393986776,-1.9126661505571685,0.015662432218032964,-0.6982657167368402,-0.5002193893514972
13.647760152816772,18.010911171949605,2.0451958348787547,2.4989910930403503,1.239622336838859,-1.2776191441650981,0.00041471015160347006,-0.9446446301289493,-1.6426403736543915,0.014235652628253596,-0.6880698707044659,0.5097923016187167
13.6676504611969,18.04815189337076,2.0062384753441256,2.4990572753803284,1.2256367103977142,-1.3234239881446503,0.0020768461861574196,-0.7146530598802359,-1.4436851112155282,0.012526116881132695,-0.7013619143099281,-0.6646021802731106
13.687691450119019,18.07255833147961,1.9792933105737125,2.4990979922441765,1.21410484098935,-1.3579490877711407,0.002148485079266609,-0.47097087616936656,-1.3224500960833936,0.010960876203815815,-0.7027573883874307,-0.06977370387513115
13.70781660079956,18.096761867998424,1.951877735903753,2.4991430536589276,1.2070204263761675,-1.3832165867102841,0.0023526973441914726,-0.23948208451385025,-1.2049114618281085,0.009473134162663028,-0.708145544099072,-0.26940778558206535
13.727757930755615,18.120315646311337,1.9230664263584578,2.4991096753530346,1.1876750230616566,-1.4294478266941684,0.00037324083681508836,-0.2147140908651987,-1.092476951725732,0.008650174452208144,-0.71722874156647,-0.45415987336989705
13.747788190841675,18.144028017235954,1.894266307247365,2.499118817091793,1.1836553807332153,-1.4502001368169886,0.0005383062786184529,-0.18672263889090332,-0.9832919298776177,0.007862135470960478,-0.7125004955846572,0.2364122990906381
13.76775074005127,18.143770633461237,1.8939281990961399,2.4990833461239808,1.1785324074146037,-1.4597978197966692,-0.0006407015940860312,0.21606518935696162,-0.8517844953997893,0.007458036682755294,-0.717619425449505,-0.25594649324238716
13.78772759437561,18.19018462556684,1.83382432781209,2.4989970509986215,1.1673972347099357,-1.5172896256815331,-0.0019602241664491682,0.5808996862161288,-0.6331718033645231,0.007441632795604326,-0.721077546146621,-0.17290603485580203
13.807794332504272,18.21367192630453,1.8033658135805435,2.498959333052781,1.1824727781041848,-1.52787705431749,-0.001811671256430119,0.9228899302239216,-0.42774393801397026,0.007411388567231824,-0.714916836469178,0.30803548387214885
13.827801704406738,18.224809134339477,1.7874292139932682,2.498899858502881,1.1706567148642186,-1.5499311699130134,-0.0029567677470335872,0.9589305598375086,-0.36213843385582783,0.007669770089775666,-0.7188338679524358,-0.19585157416288634
13.847645998001099,18.24841640512315,1.756362475681481,2.4988422727370505,1.1901870115287627,-1.5565280381829363,-0.0028010531903287796,0.9939250229118883,-0.29775151366351876,0.007896478083337141,-0.7063517243841653,0.6241071784135244
13.867750406265259,18.25928075510872,1.7399489892488238,2.4987564200925148,1.1684694050765916,-1.5822937979639375,-0.004389868478631042,0.8697918603410749,-0.1972787045107677,0.008495332050986877,-0.719813751160137,-0.6731013387985874
13.887797594070435,18.293973198790532,1.6915872807246286,2.4985750509844786,1.1743975463609313,-1.6106237894559152,-0.005643293295065794,0.9092460427673561,-0.15600678121133094,0.009388400302651197,-0.7086542264158862,0.557976237212543
13.907650470733643,18.317645609538264,1.6593463531932486,2.4984641185660093,1.192973723999883,-1.613331522814541,-0.005447222155124764,0.9483044586129722,-0.11477484634046363,0.010206350640267016,-0.7054422077015019,0.16060093571921286
13.927683591842651,18.33880209280401,1.629423680740532,2.498321761761727,1.1993943728870284,-1.636386183669287,-0.006343472323611205,0.999470495490026,-0.059542009147673235,0.01116322842868079,-0.7019180834826368,0.17620621094325273
13.94766902923584,18.375119237289265,1.5798970672863353,2.4981332208747418,1.226398343473306,-1.6483937085390357,-0.006040608932557,1.0117990890257653,0.0793411506197643,0.011996302692487682,-0.6894603490066644,0.6228867237986213
13.967749118804932,18.39985032158015,1.5469540435751588,2.4980148596418426,1.2467469075672997,-1.6454641209263146,-0.005792993404884584,1.022846160094378,0.2127051214341394,0.012752621168106062,-0.6853808759812763,0.2039736512694068
13.987686157226562,18.412326128482945,1.5301907410951439,2.4979777000210506,1.256153736617914,-1.6502319284505482,-0.005050450377493472,1.0629642623696527,0.47792660006408294,0.013220441630241959,-0.6800533111199858,0.2663782430645245
14.007732391357422,18.437664233989516,1.497298545144679,2.497879363464571,1.2777748288892203,-1.638158371522259,-0.004781833518042688,1.0983709639931443,0.7267210874798252,0.013631992682231293,-0.6712208948846077,0.4416208117689058
14.027758836746216,18.463373570191255,1.463792954412193,2.4978403023185543,1.2992875661944137,-1.6450906667070635,-0.0031305136390964447,1.243723809851404,0.9374524846197867,0.013572252017304689,-0.663640516514342,0.3790189185132853
14.047956943511963,18.489617183283315,1.4310920376884555,2.497780401303885,1.3255201690965095,-1.6243412806686897,-0.0028598672341796764,1.3776562734364424,1.1353746674728153,0.013488443369783689,-0.6531982891321992,0.5221113691071366
14.0676748752594,18.516231698707212,1.3975965189963089,2.497794952500437,1.3495045631302227,-1.6307541818633415,-0.0008203524992092088,1.5173185478009414,1.3730259650090446,0.012884868619216151,-0.6458919101058296,0.3653189513184829
14.087725162506104,18.5571991201003,1.3484818006156871,2.497842009362625,1.3915808098220148,-1.6096345921606972,0.0014854472911055674,1.799281864000524,1.7230076637125578,0.011761708659934261,-0.6265875080743015,0.9652201015764028
14.107739686965942,18.585408266631852,1.3166558270022855,2.4978739980666034,1.4301990691583348,-1.5718769352940107,0.0017098317777928473,2.058858764380437,2.0487670442206016,0.010684296310354557,-0.6150457208753126,0.5770893599494453
14.12776803970337,18.599514495329498,1.3002934360640772,2.4979857372347305,1.4418372935940034,-1.5702854169214069,0.00458042838610955,2.029962189518692,2.325994308352785,0.008983556197145866,-0.6119035884665811,0.15710662043657564
14.147881031036377,18.62875524496821,1.269370248032783,2.498079033497247,1.4821372256776923,-1.521186397801877,0.004743818979570341,1.9998297515763,2.5801000342738885,0.007369860395075245,-0.591393568783928,1.0255009841326546
14.16776704788208,18.65815589420837,1.23791847620002,2.498403774059367,1.506887946119156,-1.5071478429587724,0.010717162097567547,1.9446993007657352,2.695766025792214,0.004384925976728972,-0.5847544765380985,0.33195461229147405
14.18768858909607,18.704204622208977,1.1930487702682437,2.498893486357445,1.564657532209887,-1.4500210935104918,0.015539690583688572,1.9094488339124747,2.743059671734643,0.00038871912129098934,-0.5559893993650307,1.4382538586533933
14.207651615142822,18.73587722802641,1.1645997231203118,2.4992041039269695,1.6024799458252263,-1.3947518891655457,0.01550957160651147,1.8725189937668159,2.7825827178953904,-0.003359802906923583,-0.543730665588579,0.6129366888225851
14.227757692337036,18.752216475392697,1.1502981203852973,2.4994921857345638,1.6270041247243547,-1.3803877711016166,0.01913465272581805,1.7662385132409797,2.7599437353865777,-0.007612544275147916,-0.5361870816607719,0.3771791963903537
14.24774169921875,18.785102897732497,1.1232407115353578,2.499873086751893,1.661295652209504,-1.3254373997949478,0.018942202740491007,1.6635005840603203,2.7346593327678854,-0.01158653151467631,-0.5167081340785065,0.9739473791132713
14.267782211303711,18.819353202393206,1.0971516790412073,2.5003792722760685,1.7122616358418519,-1.272879000509923,0.02173109987545181,1.6333086936781835,2.674358120028719,-0.015873308093801757,-0.49638342183823214,1.0162356120137161
14.287712574005127,18.871993757770927,1.0604619129970152,2.501054545521376,1.7762517000314884,-1.184840142845201,0.02200873348704125,1.6019261311233193,2.5456120637961903,-0.01996603991753071,-0.4649674953023344,1.5707963267948966
14.307688474655151,18.90783698304961,1.037265749885766,2.5014904688478286,1.8079594708708915,-1.1351986252413917,0.021570934387884818,1.5685203638366438,2.418875083465683,-0.023765587292688285,-0.4527473408398732,0.6110077231230582
14.327682971954346,18.926454827676096,1.0265557394668097,2.501692752542342,1.8354554618307473,-1.0958948958803703,0.020855066776988243,1.425582377627009,2.4037114019053076,-0.026938947244309137,-0.43828612058912286,0.7230610125375181
14.347840070724487,18.96343984155823,1.0051174381324985,2.502104267018853,1.8625905708349828,-1.0479947324411563,0.020286632710133708,1.2889737862409196,2.3858642444621654,-0.029863497744889323,-0.4228377443425919,0.7724188123265474
14.367791175842285,19.001754138757978,0.9857508174978661,2.5024155581540306,1.9081099647975115,-0.9724215627155339,0.01729294793753777,1.1753287632618001,2.3854774301629464,-0.03172549872537113,-0.3948411475657445,1.3998298388423702
14.388391256332397,19.060190575399165,0.9583387484894572,2.502816777040548,1.961888823450788,-0.880993328591228,0.01332408317914491,1.111465766704649,2.432006959239325,-0.03252184928343585,-0.36342522102984676,1.5707963267948966
14.407681941986084,19.099646529370663,0.9412079939222382,2.5030767068499427,1.9835031313975102,-0.8319530245466538,0.012666615554001873,1.0504321957077773,2.470741474012209,-0.03320656222282651,-0.3502741404742262,0.6575540277810266
14.428014516830444,19.120160164139406,0.9335910533873784,2.503083689091616,2.010969463502209,-0.7914425816159326,0.008972222281611856,0.9617578491248836,2.4056325274538617,-0.03284753048934031,-0.3343913779144625,0.7941381279881865
14.44776964187622,19.160566203838336,0.9182389090829542,2.503256589991929,2.0293529194480455,-0.7439940831503828,0.008319198872693931,0.8772804007725609,2.33896346299428,-0.03244821777471712,-0.3184369843040087,0.7977196805226905
14.467828035354614,19.20222749636734,0.9046338649169609,2.503257262129046,2.0684769482198657,-0.6776560370270012,0.0037125553749931192,0.8058867577032749,2.224680223362754,-0.03091208790321696,-0.2919781887497712,1.3229397777118734
14.488046407699585,19.24375363947536,0.8915181502206738,2.503325431399617,2.0839117738618644,-0.6342904517515248,0.003109370395762472,0.7382089010093663,2.1121744604389168,-0.029412468496396327,-0.27820633344371304,0.6885927653029089
14.507828712463379,19.265123120568468,0.8859379607002962,2.503239487740753,2.1047113052032795,-0.5946171198121423,-0.0005107174636785802,0.686247555199879,2.0653411989076442,-0.027136206045678332,-0.26218138262693147,0.8012475408390785
14.5277578830719,19.329020968473806,0.8698238302348898,2.5030781848270927,2.137883911485463,-0.5106868438262966,-0.005148684774592319,0.6875093518383125,1.9824882139024194,-0.023905103030683862,-0.23076545609103372,1.5707963267948966
14.547786235809326,19.371916219628204,0.860001053407614,2.502970637732343,2.151644542421847,-0.4718679280717438,-0.005595771946259678,0.6885110181761954,1.8993623576976597,-0.020829224739279003,-0.21309758499977516,0.8833935545629279
14.56771445274353,19.41553458475884,0.8520804667434143,2.502648557719132,2.176046081490904,-0.40627629405002885,-0.011080893535289071,0.6951140760112631,1.820796677518123,-0.01666282741741127,-0.18432060688556984,1.438848905710266
14.58768343925476,19.48125237961643,0.8413814094242404,2.5021958435332565,2.2001994031643077,-0.3337383486875874,-0.014722173428921534,0.6993603994335402,1.6962854795026323,-0.011904689907269284,-0.15290468034967208,1.5707963267948966
14.607717514038086,19.525396474194086,0.8350377399664183,2.501899322616908,2.21422097699116,-0.30103423238182414,-0.014914969565930757,0.7026375326027697,1.5745945670170116,-0.007419997874870055,-0.1371086180774035,0.7898031136134298
14.627675771713257,19.547583350083208,0.8326944696304932,2.501653363438108,2.221691533558357,-0.26983822516375394,-0.0176892659031009,0.7480247921166948,1.4248673123348423,-0.0027251064899883547,-0.12472377295744375,0.6192422559979871
14.647770404815674,19.592169610123648,0.827572979469638,2.5012993317236405,2.237072379717755,-0.24279107870749891,-0.017699210783963297,0.7893991986179817,1.2807794142485198,0.0016834286542461478,-0.11385015098214835,0.54368109876477
14.66774845123291,19.614477817293952,0.8258915304120842,2.5010379276289423,2.242357620943255,-0.21175015576272507,-0.02002476013110619,0.8523459248850349,1.135043100882638,0.006191650014714431,-0.10256463718037612,0.5642756900886114
14.687705993652344,19.70445793333908,0.8195237214395281,2.50011526197661,2.2665333385906608,-0.1377951206944897,-0.022897651821506687,0.8855233087444515,1.031693066090636,0.011185469932035279,-0.07439381674673795,1.4085410216819083
14.707770586013794,19.749967712162867,0.8169674478070379,2.499659862285823,2.2845415576536787,-0.11816475796288049,-0.022626778931768295,0.9146293265861497,0.9319374838597397,0.01584709608272031,-0.07166214349696043,0.1365836624888761
14.727740049362183,19.772550115480833,0.8164529134838376,2.4993657953341146,2.284848013749277,-0.0915656958615669,-0.024309957021656895,0.9143624915047868,0.9164155047175838,0.020404592199337244,-0.06180451171465062,0.4928815891154903
14.747740745544434,19.818429853084048,0.8148037374456554,2.4988839647755845,2.3031197210917584,-0.07341097442284904,-0.023858981618989254,0.9125556648283194,0.8986968254614996,0.024639883090178498,-0.056382977495338604,0.27107671096560093
14.767708778381348,19.841186651971757,0.8146248043584404,2.498611160366671,2.302803089183796,-0.05059913835324774,-0.024521764391981688,0.863638469726524,0.8706895354304188,0.028553200270143256,-0.04954722941846468,0.3417874038436963
14.787619590759277,19.933638748168384,0.8137071683398963,2.49765399591786,2.327447988952417,-0.006514897919814636,-0.023186453424547858,0.6858112401438509,0.854260546348898,0.03198298679032521,-0.03561651829616519,0.6965355561149744
14.807727575302124,19.980313516890046,0.8137464757163547,2.49719687830069,2.339469481794005,0.010380819886227608,-0.02251479243895539,0.5179872070415258,0.8348175770965695,0.035137855493261656,-0.03351840229682557,0.10490579996698113
14.827722787857056,20.003677228097747,0.8139499512518429,2.497004663586181,2.3422358501486356,0.0199601579120932,-0.0212350021333544,0.37548181561553085,0.814387351573318,0.03758602241244512,-0.030074595518027714,0.17219033893989266
14.8477623462677,20.0505879893848,0.8145106059276234,2.496587632699107,2.348395054747925,0.036032972816897255,-0.020460674045436243,0.24191139003697015,0.7926872479295666,0.03980987603864716,-0.02626910110164893,0.19027472081893926
14.867774486541748,20.098058041404244,0.8153548823104055,2.496237011808618,2.3643372161187326,0.050737607675120054,-0.01838000809082371,0.1404032777924748,0.7856340737477985,0.04127588591855748,-0.022032129873329254,0.21184856141598374
14.887720584869385,20.169441981284205,0.8171483778470157,2.4957398120750156,2.378944212008463,0.07223467311378595,-0.01610647626805775,0.058821746169051,0.8348422936830805,0.04215822040122924,-0.016328001151912463,0.2852064360708395
14.907678604125977,20.217027487467174,0.8187630467939003,2.4954261661569,2.379354163298959,0.08937808033398051,-0.015255629943092354,-0.016853384123314663,0.8786023035106563,0.04290396392001154,-0.01313686489516197,0.15955681283752465
14.927743196487427,20.241123975397983,0.819508648166469,2.4953182874770414,2.387044547305528,0.09166043450679641,-0.013591405910293317,-0.08779685664339472,0.7837600831516466,0.04310777944604032,-0.012652770032554717,0.024204743130362694
14.947740316390991,20.288842806552587,0.8214925238345486,2.495055089652576,2.384617320361072,0.10642679745842885,-0.012728019124040759,-0.1541728459795525,0.6936579800197805,0.04321505173070404,-0.007879001828166476,0.238688410219412
14.967739820480347,20.312951180446657,0.8223291257832084,2.494981577144701,2.3897341206555756,0.10459790684622264,-0.010806988700713737,-0.25655974180799873,0.5256063135005549,0.0427853095510298,-0.010213970512793047,-0.11674843423132852
14.987741708755493,20.408748748006172,0.8268828231014532,2.4946678775312265,2.388932995437677,0.12382053406109583,-0.0070107187563746435,-0.33634346495019446,0.40271241755246256,0.04154134186784029,-0.004554231245336382,0.28298696337283324
15.007670879364014,20.456455071403152,0.8294318701629707,2.49453588826649,2.381450090003633,0.13069359397985927,-0.006192369018112315,-0.4111214789165292,0.28553706420030894,0.040292965232254646,-0.004884995307115947,-0.016538203088978243
15.027667760848999,20.504333902226367,0.8322415966845518,2.494494924704508,2.3808707821352564,0.13971844318594004,-0.003548598570186765,-0.4924483357366729,0.20914735475414922,0.038489620712556384,-0.001886924942350987,0.149903518238248
15.047765970230103,20.551847668997475,0.835072851595608,2.494431532212655,2.370252259283188,0.14316233988187196,-0.002796543264715818,-0.5685409120953794,0.13573408235280762,0.03672182370140742,-0.002648211498895492,-0.03806432782722524
15.067741870880127,20.575733847339485,0.8366625828313676,2.4944526151683926,2.3700116498658796,0.14817654017874865,-0.0010947121270072015,-0.6284164682131705,0.07549213532889908,0.034683626154800654,3.6411530908164735e-05,0.13423115149018283
15.08778429031372,20.623004601003693,0.8396373107457155,2.4944375246121218,2.3568771376382633,0.14910308136427566,-0.00042094840597901986,-0.6843915119825198,0.017540532918863247,0.03270214336107764,-8.600921730472777e-05,-0.006121037410644625
15.107798337936401,20.64675858186025,0.8412595453875441,2.494486096312276,2.35598722721292,0.152770533303999,0.0013537421712785554,-0.6985705073482461,0.019743820462476188,0.03045661241842662,0.00045678045498664943,0.02713948361456886
15.127760171890259,20.717279553227176,0.8458949013779821,2.494595381726235,2.3388554176162555,0.15387809549436013,0.003817926214968231,-0.7415133889017357,-0.031837693472710406,0.027802205153016027,0.00046595130966320397,0.00045854273382772703
15.147811651229858,20.763905684720136,0.848962801911615,2.494677129119273,2.323627124900742,0.15274965485760297,0.004348323391792148,-0.780696946337984,-0.08052955569331503,0.025255264153221598,0.000283353428878641,-0.009129894039228148
15.167760610580444,20.78715267226375,0.8504400704287082,2.4947758587808764,2.3167285188025004,0.1503407705295175,0.0061149963648921635,-0.8228378512936902,-0.10430114122658037,0.022513022319485838,-0.0009409174158028222,-0.06121354223407316
15.18773365020752,20.87919538015665,0.8563102957838229,2.4951195421005297,2.2843006946813125,0.14414708466737883,0.008998074898735118,-0.8330076523297837,-0.1487978020058402,0.019249899501622814,-0.003136222277031475,-0.10976524306143265
15.207705974578857,20.924714172463016,0.8591606122110531,2.495303144133106,2.2675484864187543,0.14074293514403532,0.009351789516089825,-0.8420229523465921,-0.1912852730252443,0.016148192128196702,-0.004633481708261833,-0.07486297156151789
15.227735757827759,20.947298863708113,0.8604915747833783,2.49544546282956,2.257754885617326,0.13656990890529336,0.010847480703351722,-0.8256447238727176,-0.2307221613761854,0.01298834967002462,-0.004603130533047395,0.0015175587607219043
15.247679471969604,20.992289918168503,0.8631743024824821,2.4956648078022834,2.2414047406383517,0.13157825716560828,0.01107703847598884,-0.8093907047756719,-0.26810401483294494,0.009994863818338539,-0.005769687299683746,-0.05832783833181754
15.267825365066528,21.01455590914247,0.8644379187681167,2.4958208750352644,2.2303611059403177,0.12758901613714108,0.012415023313087005,-0.7755111413535299,-0.28485603870555914,0.006974104360806946,-0.007190749500633142,-0.07105311004746984
15.28774356842041,21.102824604606862,0.8692341308476809,2.4963794233331895,2.191217242300318,0.11391109810326203,0.014026164467247335,-0.7418470362466492,-0.28986566510017286,0.003720315856540435,-0.0116864527865852,-0.22478516429760287
15.307729959487915,21.146502783673487,0.8714540452893823,2.496660483304147,2.1767101729278173,0.10806362021507321,0.014069620580436702,-0.70899430103335,-0.29488340673875757,0.000656631919270448,-0.013471386544408492,-0.08924668789116463
15.327685117721558,21.18946693805559,0.8733545242377451,2.496975398687863,2.151920277853039,0.09670173842837436,0.014854982391842571,-0.6746196224419229,-0.32132156973758164,-0.002314650600003346,-0.016214384708463925,-0.13714990820277162
15.347872495651245,21.232372671650335,0.8752226039975465,2.497271846551385,2.1387650229396318,0.09002288512679318,0.01478051319316325,-0.6410370617581824,-0.34632784348197304,-0.005101949605101411,-0.01878416450914777,-0.12848899003419234
15.36782956123352,21.253411942487368,0.8759462171578914,2.497432088564451,2.123443319338513,0.08207908963583578,0.015056696544601933,-0.6283692396741896,-0.3376410374208054,-0.007657474392319206,-0.019601942627960334,-0.040888905940628106
15.387726068496704,21.316511528858534,0.8781089081152968,2.4978898932198614,2.0957013396454243,0.06758029079356755,0.015070830299577682,-0.6054624091632694,-0.35024281363078735,-0.010073837222659057,-0.024394907166914948,-0.2396482269477307
15.40771222114563,21.358305964210487,0.8793896480012432,2.498189142217268,2.08381681662664,0.0604532053861585,0.014846563112495348,-0.583075952050158,-0.36239065480906757,-0.012325799428940876,-0.026681623222834183,-0.11433580279596178
15.42771315574646,21.378836048580457,0.8798204357904726,2.4983422459697633,2.0703291124141923,0.05221558422716958,0.014849262083328188,-0.5546129966352099,-0.38304278502412065,-0.01433073894690784,-0.028254911938165872,-0.07866443576658444
15.447799444198608,21.420133559527372,0.8807868202966127,2.4986362387702337,2.059513784952916,0.04435789367251864,0.014543824499321442,-0.5270718945498797,-0.4025350108867205,-0.016188836387335814,-0.0302629778589254,-0.10040329603797638
15.467721223831177,21.46080381407607,0.8813934446700706,2.4989295241172504,2.0388726063283538,0.03138761863271025,0.014336598163049675,-0.5004401331389843,-0.4030418155284468,-0.017825479260023182,-0.03535441789525562,-0.25457200181651096
15.487756729125977,21.52148657938784,0.8820327979229228,2.499352095994426,2.0166622979702566,0.015774380185941517,0.0137977205220015,-0.48411001736647413,-0.40863354119527434,-0.019270304960777616,-0.03987545306864515,-0.22605175866947658
15.507807493209839,21.56172406746688,0.8822661957949028,2.49962410616074,2.007139313000729,0.0075474178246561045,0.013398887861881273,-0.46826887759009844,-0.4140303207929857,-0.020592829617609772,-0.04279502420855641,-0.14597855699556295
15.527735948562622,21.581549123427507,0.8821945929858424,2.499754754224154,1.9962937596288948,-6.24593883580777e-05,0.013113567402983287,-0.4544633898230238,-0.39577771443526105,-0.021691154924853264,-0.044136947921224134,-0.06709618563338626
15.547705888748169,21.641041629519233,0.8818791179185844,2.500136118769366,1.9772978272220039,-0.015553656178032208,0.01238907240074166,-0.4522614333281016,-0.3586975746364389,-0.022595779494521247,-0.04981558138510245,-0.28393167319391566
15.567778587341309,21.68049731687056,0.8814986394719669,2.500379325560858,1.968280658853883,-0.02237974511152312,0.0119289106932185,-0.4493364626280248,-0.3243634564809834,-0.02340463755718802,-0.05203073875278674,-0.11075786838421475
15.587759256362915,21.719579094422976,0.8807147861523695,2.500608172867618,1.954907672206067,-0.03627946807288035,0.011326516092442509,-0.4216665515685898,-0.3761346822960333,-0.023992973521849776,-0.056619993412259095,-0.22946273297361763
15.607722520828247,21.758594699256246,0.8799105929947689,2.5008298693548285,1.9467410589151783,-0.04430745428864063,0.010841436012454842,-0.39519177493703617,-0.42641688618209206,-0.024501994152174567,-0.05961423049529335,-0.14971185415171284
15.627720594406128,21.77795796389557,0.879281052356555,2.500933548523286,1.9406373082526462,-0.05343736620092643,0.01049581088169732,-0.36753183366388986,-0.4649698433685116,-0.02485650773481488,-0.06189510891199124,-0.11404392083489423
15.647703647613525,21.816698985614384,0.8781167794257592,2.501138473160454,1.9335529376555194,-0.06311586531680603,0.009995693939321397,-0.34110917217509124,-0.5027513454276661,-0.025144207874047583,-0.06491787683207839,-0.15113839600435774
15.667811393737793,21.835916883148386,0.8774264007468785,2.5012362366472125,1.927653830208353,-0.06935756304423638,0.009720964638320497,-0.29657426294695466,-0.5484669064927891,-0.025318824484094966,-0.06726399540405748,-0.11730592859895417
15.687731266021729,21.91259298908984,0.8743171890414679,2.5016070463334414,1.9114807519872787,-0.08884020632133086,0.008768867839594683,-0.24136546876596582,-0.5771673284134886,-0.025333996345883774,-0.07518490590663962,-0.3960455251291073
15.707854986190796,21.950777829852747,0.8724230488368945,2.5017773582791913,1.907175276046672,-0.10066875879268894,0.008262435458198863,-0.18977849187339998,-0.6056504800256399,-0.025301404107829096,-0.07930490618951236,-0.2060000141436369
15.727774858474731,21.96972527272185,0.8714568234338939,2.50186054731536,1.9024322267821094,-0.10451648607391864,0.008060239685879272,-0.13811892269648227,-0.5773628155560676,-0.025207112532010103,-0.07951823959287019,-0.010666670167891468
15.74781084060669,22.026575987783563,0.8681003787590147,2.502092046653541,1.8939907516999983,-0.12093077921749805,0.007333742205909665,-0.10753318217664767,-0.5804813821531726,-0.025001179692320526,-0.08639873514334351,-0.344024777523666
15.767839670181274,22.06443623129199,0.8655653896626391,2.502233736717039,1.8921286457640705,-0.1325831251570234,0.006836065137557302,-0.07901835363575287,-0.5849789910116192,-0.02476090123454518,-0.09075365846995753,-0.2177461663307012
15.787763595581055,22.10226480011246,0.8627963646262494,2.50236552352555,1.8908165482568597,-0.1443388075798678,0.006343527258410268,-0.05252391975112297,-0.5908069081558146,-0.024487457494408286,-0.09468989281546802,-0.1968117172755246
15.807782649993896,22.102082415034214,0.8627615870710493,2.502365049468878,1.8867857715230076,-0.14534828472609476,0.006334583107373994,-0.02859416826402927,-0.5907696981768573,-0.024176027047157517,-0.09466100079271378,0.0014446011377122758
15.82775092124939,22.15857241697757,0.8581024402300848,2.5025443430478114,1.883395665008813,-0.1642318627695872,0.005620009147032077,0.0012415682427505785,-0.6185243849595751,-0.023764681699687165,-0.10260547343346804,-0.39722363203771316
15.848100662231445,22.215014601719012,0.8528859065147655,2.5027036763500115,1.881747946569279,-0.1833954534788518,0.004954262884406933,-0.0014574494855288168,-0.6638250452618193,-0.02327052237082879,-0.10995918910581493,-0.36768578361734416
15.867772817611694,22.25264909759901,0.8490822923670414,2.5027981411821862,1.881693202710961,-0.1971116409162626,0.004493916195496127,-0.003989072641345036,-0.7075292590761804,-0.022761775746352565,-0.11547256787788429,-0.2756689386034683
15.88774585723877,22.290272229925176,0.8450747737872654,2.5028891552182455,1.8816469857277154,-0.20819394609317854,0.0041943908267748084,0.0028965590501578145,-0.5996016537039354,-0.022227718117321223,-0.11941951044108867,-0.19734712816021904
15.907748699188232,22.327906213573193,0.8407978998448729,2.502968633634273,1.8817747007097503,-0.2191516290740957,0.0037552666288427666,0.009892962222440536,-0.4970540858123889,-0.021682972713568262,-0.12419454399924712,-0.2387516779079224
15.927860498428345,22.3467697385905,0.8385890064199812,2.503009692943254,1.883333413922793,-0.22388089074498327,0.003665232884707572,0.02319248883487954,-0.45878534208408733,-0.02115727869145946,-0.12523595251410402,-0.05207042574284504
15.947821140289307,22.38444190997315,0.8340220587631259,2.5030788016776673,1.883926591365347,-0.23269455366996314,0.003247425008074601,0.036052734102728114,-0.4229879889243103,-0.020621953147037624,-0.12887664562937262,-0.18203465576343003
15.96772289276123,22.42221141237854,0.8289637234618009,2.5031343259217103,1.8868286587429866,-0.24902623655813813,0.0026782416994011074,0.046079668635648795,-0.3767585856842163,-0.019990962587952334,-0.1361607057357479,-0.36420300531876393
15.98772668838501,22.459988860231956,0.8237639975366273,2.5031789763895866,1.8888668382258638,-0.261008183500082,0.002119158609542897,0.0538357445631538,-0.33118893960995216,-0.019296843330723675,-0.14078857650318266,-0.23139353837173804
16.00768280029297,22.49777746891784,0.8184804771302914,2.5032175462815043,1.890019066256017,-0.2672023857612903,0.0017401317740800505,0.06134659396871855,-0.2887462965138117,-0.018606490251041677,-0.14341545241656561,-0.13134379566914767
16.02769160270691,22.529994829026915,0.8135584484926511,2.503233394979316,1.8931118170749595,-0.2804800606827306,0.0011500622878557105,0.06114117876250257,-0.2510665012315246,-0.01782646740588527,-0.1491446432526553,-0.28645954180448463
16.050997972488403,22.586884474996456,0.8048119644202838,2.5032540544513147,1.896930522333564,-0.29424842890406905,0.00046021571574890175,0.05895543284159108,-0.26101093677636555,-0.01696006856484873,-0.15505688073054014,-0.2956118738942415
16.06767749786377,22.624834737765468,0.7988741530747214,2.503259923590068,1.8980889317313108,-0.29956436531300684,0.0001295247481960736,0.05690856424311808,-0.27050896793494944,-0.016112090400818194,-0.15736946450592493,-0.11562918876923955
16.087669849395752,22.662940070208816,0.7926326114458099,2.503254044008224,1.9022878032300148,-0.3090578173116003,-0.0003074133732588334,0.02080705474159695,-0.21499103480012155,-0.0152290524544418,-0.1614983516142816,-0.20644435541783412
16.107719898223877,22.700987735423208,0.7864120271797264,2.503244907676251,1.9023686451338402,-0.31282425353444565,-0.0006033511481273329,-0.012216132300621945,-0.16208347040958432,-0.014368446193786246,-0.16327610989057728,-0.08888791381478356
16.1277596950531,22.720132675204,0.7831929511041942,2.503236548753502,1.905811223224857,-0.3162394566527443,-0.0007859447540845287,-0.010255340915077668,-0.08859554169317639,-0.013538622879439913,-0.16456934301460358,-0.0646616562013147
16.148095846176147,22.777465485617245,0.7734935280398378,2.503203670906601,1.9102671859583575,-0.3233799842643456,-0.0012793512719822683,0.00790579817714156,-0.02225130877112248,-0.012662463320232634,-0.16771813120267787,-0.1574394094037146
16.167738914489746,22.81567364954588,0.7670256949054789,2.5031756084712113,1.9106116172980574,-0.32319588198956856,-0.0015240601067269771,0.026628416299780452,0.03998436324653096,-0.01181280961241383,-0.16758220256332423,0.006796431967681649
16.18774724006653,22.83490790111455,0.7635965923380592,2.503156061582435,1.9146659187444763,-0.32795670221787293,-0.0017391942469219023,0.05903359768050035,0.1042991061379277,-0.010985131552273899,-0.1696399691396877,-0.10288832881817367
16.20776343345642,22.873215165600786,0.7570623794035413,2.5031191345249133,1.9161671463189605,-0.32526525079675317,-0.0019508407321469539,0.09101838850893146,0.16410299006971005,-0.010183893599539987,-0.1681422846057261,0.07488422669807981
16.227690935134888,22.907777992443656,0.7508746611652212,2.503078531297045,1.9192571100177427,-0.33104433382040704,-0.002217226904976781,0.1213485786061362,0.21865851474434092,-0.009382956109227365,-0.17076992222750365,-0.13138188108887672
16.247671604156494,22.96538243623426,0.7408085313884523,2.503007973151564,1.9224352574390733,-0.3306731032144944,-0.0024810176858605223,0.16895925112683755,0.26206360854377436,-0.008579951826755097,-0.17021144015139944,0.027924103805210265
16.267736673355103,23.003868004963252,0.7342501826328213,2.502956688871139,1.9262735127077912,-0.32502991720941105,-0.00264483145870754,0.2145290015508,0.3016217303805683,-0.007806274727127073,-0.1670858081466502,0.1562816002374623
16.287742614746094,23.042345843594088,0.7275623784300714,2.502907408872853,1.928466229794018,-0.3246744097638424,-0.0026550765168028797,0.25329638359009543,0.3391023954141286,-0.007093934701284988,-0.16670374869757199,0.01910297245391046
16.307706832885742,23.080968326072327,0.7211390287704835,2.5028529347217026,1.9339055305475923,-0.3175476225782819,-0.0027900521513149626,0.2903506313424189,0.3729839813562864,-0.006407993623877324,-0.1627120940770035,0.19958273102842483
16.327765226364136,23.100233433327208,0.7178707820433327,2.502830883927379,1.9346839440993948,-0.316706896616942,-0.0026679802729208356,0.33660943853768865,0.3951593110293639,-0.005814113841428939,-0.16221509361356334,0.02485002317200724
16.347875833511353,23.13899739566213,0.7116170161937098,2.5027764000224755,1.9418583506202456,-0.3086049463166051,-0.0027785017126933926,0.38042860670070927,0.4145831166435037,-0.00524155702256451,-0.15757424679833498,0.23204234076141805
16.367717266082764,23.158313082407783,0.7084588059646353,2.502756020497985,1.9425679622614038,-0.3069915393203362,-0.002603692144289494,0.42599105296328127,0.41522299890438585,-0.004762239834962684,-0.15673109462668755,0.04215760858237161
16.38778042793274,23.2361111287981,0.6964526958836192,2.5026616909551085,1.9537344504132683,-0.29137620769558736,-0.0024437929891950134,0.44770947787270243,0.4365509426641489,-0.004346986010521209,-0.14808165539531215,0.43247196156877
16.407780647277832,23.27527675596871,0.6907137691729445,2.502611972731025,1.9628972281910488,-0.2824543110311511,-0.0025266885455859506,0.4683982531827514,0.4551978356168441,-0.003944721292738138,-0.14301161163710008,0.25350218791060364
16.42767858505249,23.29480770902767,0.6879365211082751,2.5025959951071326,1.964321769162981,-0.27713189150873235,-0.0022938166662709687,0.4839450682046286,0.4546835141066541,-0.003632318132880937,-0.14031710919775486,0.13472512196726072
16.447755336761475,23.334191930662804,0.6824847233466105,2.5025494127416015,1.9741496100754996,-0.26805373822931594,-0.00236340488177163,0.49871005273568253,0.45292806353957676,-0.0033278157138432185,-0.13527752951141725,0.2519789843168807
16.46782422065735,23.373627509492916,0.6772946785658841,2.502514443626001,1.9805091269989537,-0.256776892311168,-0.002107944644710896,0.48722469828789966,0.45571844578759274,-0.0031029384428089882,-0.12944343978062633,0.2917044865395457
16.487757205963135,23.433222338050996,0.6698928985675465,2.502456459559949,1.9938660968290827,-0.24021294250906397,-0.0020139928776746452,0.4561468043336295,0.46617799609716604,-0.002909346005381511,-0.12076365812935563,0.4339890825635351
16.50777506828308,23.473188929183312,0.6651824788285841,2.502415610640827,2.0026968458158363,-0.23080039533192848,-0.002070260326060457,0.42729476772259184,0.4747696638757086,-0.0027177345887746084,-0.11628499901292066,0.22393295582174844
16.527706384658813,23.493265531247264,0.6630097286623711,2.502398698774495,2.007724563687184,-0.2226946305208332,-0.0019903287312559993,0.405439625307975,0.49428810669371054,-0.0025542970301851357,-0.11230647512919623,0.19892619418622193
16.547678470611572,23.53349974289393,0.6586558695779131,2.5023583921959918,2.0156296944071435,-0.212634541364372,-0.00203978705473866,0.38536693647366405,0.5113101576757164,-0.002391679185711627,-0.10727666177541062,0.2514906676892803
16.567713499069214,23.553780205620974,0.6566551608876873,2.5023387807531865,2.022156310322317,-0.20433196360750527,-0.0020416624410441765,0.3388724261837007,0.5539782590097442,-0.002233405844682577,-0.10351458045661843,0.18810406593960938
16.58773183822632,23.635183472146018,0.6490063149789836,2.502252824686021,2.0415335074756795,-0.18000939048072442,-0.0021970727924176853,0.29241004440860385,0.5805481820407412,-0.0020312115816329816,-0.09173937487517758,0.5887602790720425
16.60771107673645,23.67606969034827,0.645523856096392,2.5022084902446706,2.046944306462024,-0.1681580320702937,-0.0022357122119362354,0.24920693129957244,0.6040891594238498,-0.0018334722635864156,-0.08742191062707372,0.2158732124051932
16.627748727798462,23.696725157573084,0.6439121855139395,2.5021827811203035,2.0541242322753557,-0.16081089047140656,-0.002346987776847194,0.2140420039237712,0.6260219035115203,-0.0016170363309566743,-0.08401702953601164,0.17024405455310365
16.647685527801514,23.73784824099707,0.6408224874438351,2.5021355320758434,2.0580758451495207,-0.14809556066186283,-0.0023772159053252204,0.181561469195987,0.6450299273179697,-0.0014068062713035719,-0.07838149549881868,0.2817767018596484
16.667707920074463,23.758655977733127,0.6393900040206336,2.5021079243881688,2.065694296012029,-0.1410212734281229,-0.00249747856038665,0.13352615867202447,0.6618232207658795,-0.0011774727909982718,-0.0757527884020841,0.13143535483672864
16.68763542175293,23.841758091417784,0.6343004139479649,2.502000323621305,2.0798868187524278,-0.11360286208761529,-0.0027118416234564935,0.10504079178248027,0.6983696573696664,-0.0008914141891550935,-0.06377474682261797,0.5989020789733068
16.707762241363525,23.883375054811857,0.6321702533695037,2.5019459269648867,2.081722403367601,-0.09930557041413793,-0.002726911173173512,0.07890470282317538,0.7306590741779655,-0.0006175571804914415,-0.05946284578899874,0.21559505168096127
16.727818250656128,23.904395820154512,0.6312388474281279,2.501913567758998,2.087952154639965,-0.09090135573986431,-0.0028744527881571437,0.05671595166239683,0.7789647651813958,-0.00032604993660909044,-0.055986662633183304,0.17380915779077188
16.74773597717285,23.94616481950562,0.6295795757579458,2.501856032240349,2.0888799533052733,-0.07488192566737996,-0.0028781730508515143,0.03636711082015538,0.8221325783137378,-4.8238000360492745e-05,-0.04951597304831035,0.32353447924364787
16.76772165298462,23.967239677726337,0.6288433640029085,2.5018241993665886,2.0941236879048684,-0.06717864670911707,-0.0029554805732053277,0.0010701130145157117,0.8632443621830691,0.00022830816534408338,-0.047355487507340754,0.10802427704847961
16.78766942024231,24.05125709527422,0.6267119819029252,2.5017074342091625,2.099780301683153,-0.03565977388324655,-0.0028975315222818138,-0.061978419374541766,0.9022660701566392,0.0004919727092030299,-0.03483727982641227,0.6259103840464242
16.80780839920044,24.093236331955932,0.6261816039044957,2.5016495988595318,2.09794846086557,-0.01726370916826607,-0.0028851705248524847,-0.12045184631985127,0.9365631439108123,0.0007418519674648481,-0.02996301664744694,0.24371315894826662
16.827667236328125,24.11435700804146,0.6259805152221971,2.501623629813848,2.1007418225323873,-0.010140820736388686,-0.002795704369230502,-0.14691380102522322,0.9207341668674153,0.0009496887312404453,-0.027463729170027484,0.1249643738709727
16.847708702087402,24.156340789523426,0.6259607597150744,2.50156791895606,2.097554229443546,0.008110473650749968,-0.002774726113901292,-0.17154330895469494,0.9042956481774358,0.0011462811184059334,-0.020465965120693763,0.34988820246668606
16.8677499294281,24.177496867994257,0.626030309182182,2.5015433277767025,2.100687649968945,0.015630996240553946,-0.0026730696822963793,-0.22896704135100862,0.8969018361351135,0.00130327030084689,-0.019044173960052202,0.07108955803207806
16.88765835762024,24.26162296364558,0.6274300258094544,2.5014389188751127,2.0981507538031896,0.053107860196681095,-0.0025938541929402315,-0.2604264003006335,0.8914668058399117,0.0014510779843305143,-0.005036079294311602,0.70040473328703
16.907883405685425,24.303531923076733,0.6286700335252892,2.5013873414229617,2.0926487599000834,0.07086945076446781,-0.002563427430993109,-0.2893561814986978,0.8844294737728224,0.0015901582653239977,-0.0016837625319885419,0.167615838116153
16.92778706550598,24.324567741449087,0.6294986291765196,2.501359223871561,2.0928331646237908,0.08114891873324691,-0.002623723070846624,-0.33274195347499175,0.7914502634660858,0.0017364087963525187,0.002015966598677643,0.18498645653330925
16.947799682617188,24.366355119747777,0.6312738605558239,2.50130710597609,2.0857703979956304,0.09607503653285496,-0.0025876099411677924,-0.3730233326544097,0.7016946351606045,0.0018733725810023086,0.007149302462794882,0.25666679320586194
16.967797994613647,24.38730991724661,0.6324214412169464,2.501278741406466,2.084882808616451,0.10768951908354199,-0.0026430314205930644,-0.42158289682032185,0.7142755683437311,0.002016029157497007,0.010026029437816053,0.14383634875105855
16.988022565841675,24.47056881091803,0.6376831731345496,2.501164623959882,2.0725443717876257,0.14566309547341683,-0.0028273309884203116,-0.46558643456568594,0.7169711230573537,0.0022183595031864765,0.023101817471124608,0.6537894016654278
17.007750034332275,24.511923810892426,0.640739899831115,2.5011085337962142,2.0628198081730837,0.16001131582144532,-0.0027810577641648165,-0.506332830179638,0.717494785757292,0.002406649030578572,0.02459151649496727,0.07448495119213305
17.02774739265442,24.53262308322036,0.6425640097759941,2.5010730432964037,2.0603999646422793,0.17250892650184432,-0.002972862761613261,-0.5127593985108081,0.7271828061123358,0.002628474749845756,0.02949799049425117,0.245323699964195
17.04792881011963,24.573728218997076,0.6461601337191876,2.5010141257136262,2.0500999472070713,0.18712666456624316,-0.0029182099833894525,-0.5168602499050846,0.7341431898559516,0.002834140735633582,0.033978876351950404,0.22404429288496175
17.067699432373047,24.59429331238624,0.6481869584628541,2.5009820022439366,2.0474276680934387,0.19776760002194385,-0.0029653877176208567,-0.5083384060961024,0.7383921321985362,0.003033883980566099,0.03627864266399028,0.11498831560199374
17.087666273117065,24.675796944626754,0.6567765018622435,2.5008670070641963,2.0276247184391307,0.22954499928986638,-0.0028069430113427333,-0.44564002287235494,0.7562011968060359,0.003203255867297244,0.04665500031225012,0.5188178824129919
17.1077561378479,24.716264389726195,0.6615196370510266,2.500811519429502,2.0193220572305632,0.24481511300566297,-0.0027413035331405166,-0.38495976835247936,0.7701810348737749,0.0033583390591964113,0.04844350761958127,0.08942536536655776
17.127665519714355,24.736333496560526,0.664033959130672,2.5007841944686335,2.012713389265989,0.2532133800367101,-0.002714828877124638,-0.3309605207317474,0.7629857111323549,0.003493072359928784,0.051760389714806454,0.1658441047612591
17.147907257080078,24.77652508295432,0.6692502337199838,2.50073060484598,2.0066193114672255,0.26838276355850427,-0.0026437269183846156,-0.27874164628805387,0.7535923140585838,0.0036150185673113726,0.05639860990361312,0.23191100944033316
17.167834520339966,24.816203165862685,0.6747903658181164,2.5006740710025084,1.9913398878681108,0.2838079057223303,-0.002690211900087001,-0.21245593303699337,0.7221180339624363,0.0037454259747607024,0.05994058508311628,0.17709875897515825
17.18767023086548,24.855800065882388,0.6806333548375466,2.5006180332115675,1.9807117752489338,0.29878350117422436,-0.0027144303151943896,-0.22498540844204615,0.6902299059200563,0.003882713811624397,0.06455708208321465,0.23082485000491815
17.207737684249878,24.895368557034242,0.6867448769866674,2.500564529599544,1.9761014240747214,0.312257913687086,-0.002635519831800367,-0.23576086579109978,0.6569908170553936,0.004006036287180943,0.06668234284114494,0.10626303789651459
17.227761268615723,24.934406120189376,0.693243578020638,2.5005025155489067,1.961174594597517,0.32847282902023894,-0.002808306665444928,-0.19972847153018264,0.6416323905673841,0.004169172825401513,0.07231258449385924,0.28151208263571537
17.24803614616394,24.992954156805652,0.7034884719891435,2.5004141233572597,1.9501214622474794,0.3507286133557126,-0.00285165508582676,-0.1358192822298552,0.6569949499196004,0.00434871802075779,0.07788858433581147,0.2787999920976114
17.267786741256714,25.03193355604379,0.710635238242938,2.5003579710730763,1.9480230624470996,0.36398400009324117,-0.0027630343558017792,-0.07443825784366898,0.6677934515832114,0.004510418585329707,0.07911816980355502,0.06147927338717718
17.28789258003235,25.070559915206356,0.7181213674366224,2.500296837170216,1.9384986441503842,0.3788084541707295,-0.0028325771707017116,-0.051712746035523866,0.6576100637642873,0.004680282079636608,0.08405751933162753,0.2469674764036256
17.307780981063843,25.10932106504705,0.7258282447308648,2.5002411321011935,1.9376923825954098,0.3918363748084328,-0.0027374237216523673,-0.028900202814440647,0.6447413033217255,0.004832092794366497,0.0850822573372354,0.05123690028039363
17.3277530670166,25.12844895047324,0.7297741584852454,2.5002120030858,1.9306903417030992,0.3982069072064853,-0.002741633624173415,0.007915550114835607,0.6555761007808757,0.004968392935048047,0.08811538806407881,0.1516565363421707
17.347838878631592,25.167066702331027,0.737869967378595,2.500158172344167,1.931201416033384,0.4113990251960993,-0.002641041629553979,0.042887765199898994,0.663090693636545,0.0050880731123548574,0.09089475222274102,0.13896820793311004
17.367823362350464,25.18613826117165,0.7420084736756781,2.50013112552412,1.925045317753785,0.41804698380800515,-0.0026126534562774008,0.07515395646564167,0.6994663308322099,0.005187055054300139,0.09166839796914994,0.03868228732044621
17.38766312599182,25.262857527233155,0.7592098349329418,2.50003187668895,1.9199689125786887,0.44386904043593767,-0.002367601257468922,0.10184756283329893,0.6950778340098788,0.005240511234618329,0.09778440389863352,0.30580029647417906
17.407824754714966,25.301279011033795,0.7682258142174304,2.4999855757136227,1.9222655482235338,0.4577059966568523,-0.002262359004578785,0.12767194764239945,0.6882118169729474,0.005281698270557159,0.09786411660948247,0.003985635542447241
17.427745580673218,25.32034870920118,0.772773323463673,2.4999667069706537,1.9183200843460941,0.4625174519971058,-0.002106528173079574,0.032905432739060256,0.6566179062578,0.005277575841772365,0.10028017417112256,0.12080287808200474
17.44779396057129,25.358715762189732,0.782152828122848,2.499925631202499,1.9180951019909984,0.47532361242177096,-0.002001091925919515,-0.05413155039033862,0.6237983551305172,0.00526459533023905,0.10132045051677085,0.05201381728241472
17.467804431915283,25.39701622531601,0.7917510555594357,2.4998935139213385,1.9157797355721409,0.4868632993922913,-0.0017290501849111595,-0.15311833125306915,0.5817241177694277,0.0051874545183244955,0.10418615789804875,0.14328536906389466
17.487709045410156,25.454615892308965,0.8066647264286947,2.499845659523087,1.9165512236108349,0.5053799431531883,-0.0015336300325499569,-0.21212850062020444,0.5400265576865699,0.005081885383894945,0.10727364949457474,0.15437457982629965
17.50791049003601,25.492900861492643,0.8168775396913467,2.499815996139879,1.9117692141617713,0.5157616665191693,-0.0014330682388670932,-0.26507537511084306,0.49811206876185654,0.0049739023166612845,0.1073211144776951,0.002373249156017998
17.527777433395386,25.512273377537948,0.8221347834876502,2.4998001376408117,1.9163225105022454,0.5224726309845642,-0.0014402332184253383,-0.3237369617870133,0.44555551845778224,0.004878215570116574,0.10937221546266152,0.1025550492483207
17.547900438308716,25.550531483692275,0.8326698819744967,2.4997723021003595,1.9093134295461196,0.5308646007385301,-0.0013436490589758426,-0.3761423624045303,0.39377052504916304,0.004779748167189763,0.11108907073633656,0.08584276368375221
17.567781686782837,25.56992362607819,0.8381274824752749,2.499755995955057,1.9141261763919835,0.5378182280753759,-0.0013859294450361656,-0.42868112297434596,0.31073023663159394,0.0047012842505922805,0.11086562768877961,-0.01117215237784741
17.587647914886475,25.646641675267112,0.8601974921642392,2.4996999299124814,1.9093637577437714,0.5575301869646551,-0.0013074154409944538,-0.39923574995474514,0.2585832416406412,0.004625410309031819,0.11384400983654563,0.14891910738830116
17.607836723327637,25.68475107640875,0.8713964226333365,2.499674701436169,1.90167517101362,0.5621947951231603,-0.0012156977832707139,-0.3695917597731753,0.2081633861366991,0.004545735047259601,0.11199773626154519,-0.09231367875002228
17.62774133682251,25.703962916305112,0.8772102221916416,2.499659900803534,1.904417586818387,0.569127165003327,-0.0012523476866154785,-0.30063508256521665,0.17382361918755046,0.004481977253700824,0.11530696069929602,0.16546122188754175
17.647815227508545,25.74199562823108,0.8886252570765754,2.499635745773414,1.8990761485519017,0.5722629408535433,-0.0011633825269993937,-0.23387173830986788,0.1398089961707456,0.004413819611532545,0.11257892530972935,-0.1364017694783337
17.667741775512695,25.77998007329627,0.900393047780821,2.499609628998062,1.8956419023821716,0.5818637745014537,-0.0011665019380023263,-0.15664810683510527,0.09054720997203619,0.0043547749724788835,0.11569097610839085,0.15560253993307516
17.687689542770386,25.817798635011428,0.9121387676828192,2.499586049061707,1.8910625195359898,0.5862698407103684,-0.001116670015857038,-0.062382030460216314,0.03841812402904674,0.004295297156143976,0.11554566101741903,-0.007265754548591019
17.707791328430176,25.85561345609782,0.9238684856453983,2.4995645705290936,1.8907180346453687,0.5865356923703371,-0.0010313965276377856,0.027153270591730772,-0.011461523509479946,0.004231315390858938,0.11265164454123244,-0.14470082380932947
17.72770380973816,25.89308921091599,0.9358387196280061,2.4995423043537,1.8827271802756707,0.5922103471787915,-0.0010078078373158678,0.08543961824057525,-0.028184709787038267,0.004168388122845781,0.11508208287609722,0.12152191674323909
17.747875452041626,25.930764599092807,0.9476761696339792,2.4995229774700376,1.8849973421131831,0.5914785732334514,-0.0009251041695364806,0.14115189924760202,-0.04500858986121865,0.004101298656287015,0.11288537763906348,-0.10983526185168735
17.767682313919067,25.949324073835985,0.9537285672634043,2.499512975171307,1.8782524391582394,0.5952765480177383,-0.0009092322946497066,0.17544047758628545,0.0009683062159579656,0.00403450671110135,0.11395959177174708,0.053710706634180205
17.78766894340515,26.024146518166457,0.9776057468764612,2.4994819443412224,1.8746738044857676,0.5966906030537186,-0.0006854134230389091,0.2073229225189393,0.026173353897345337,0.003927025995403479,0.11012235074568055,-0.19186205130332645
17.807835578918457,26.061683547274097,0.9895463130200813,2.4994690142578175,1.879132914394943,0.5974393385080814,-0.0006079567943535485,0.23846550715986117,0.048172906691763155,0.003818464470766264,0.10816859200814344,-0.09768793687685573
17.827759265899658,26.08028686915941,0.9954516102920274,2.4994671477761217,1.876199680550242,0.5959125814417463,-0.0004527682077749081,0.2703892665154482,0.07140325939035863,0.003679081277715561,0.1094804628646937,0.0655935428275134
17.847909450531006,26.117867028334814,1.0073855271752832,2.4994588190014477,1.8819199511386133,0.5975456427777004,-0.0003805694913304972,0.30150366389868977,0.09136548773372796,0.003541012358507501,0.10802367495788179,-0.07283939534059591
17.867737293243408,26.136522768891084,1.013207850122606,2.4994607198254126,1.880170366806178,0.5937539023064299,-0.00018607514281533666,0.33127745970016814,0.07548932926110492,0.003365418442283533,0.10602815767163243,-0.09977586431246799
17.88769292831421,26.17419437043698,1.0250969527864922,2.4994576599057297,1.88708595871832,0.5951024630497874,-0.00012048843703943816,0.3601289229059653,0.059319331462010336,0.0031939344235877147,0.10568697020055762,-0.017059373553740542
17.90779137611389,26.211742089158673,1.036758054085095,2.4994663914045576,1.8877178306121891,0.5902791797444603,0.00020853020582056706,0.3616243607251022,0.0712381834467872,0.002954568406197983,0.10110930230565573,-0.22888339474509412
17.927777528762817,26.268399883101036,1.054376606464299,2.49948199323492,1.894743264959895,0.5888307704199338,0.0005246842326041052,0.35564854631583526,0.05520383268742568,0.002657439688249137,0.09983193803303081,-0.06386821363124628
17.947832107543945,26.306365549698427,1.066163201811957,2.4994929992504424,1.9018081201888402,0.589775860973222,0.0005749702114794923,0.3510654379227282,0.039332910919742205,0.0023733031689687507,0.0966673689670765,-0.15822845329771518
17.96776556968689,26.344383093775388,1.0778226422848216,2.4995166030564726,1.906950118261071,0.5868005755662942,0.0009064690444319945,0.35524935532365015,0.005330033548143928,0.0020318969860409165,0.09523136290453316,-0.07180030312716745
17.98764967918396,26.401763798520285,1.0953720196084669,2.4995507939414714,1.9177309172562782,0.5852776977725026,0.001135307332421678,0.31731936874703043,-0.008503291841423753,0.001659877261374361,0.09204027760445266,-0.15955426500402492
18.007731199264526,26.440179537787888,1.1070749382284308,2.499573808242695,1.923728912379801,0.5849672297849767,0.0011649478971102448,0.28308861881257213,-0.022583371243578867,0.0013074025973981117,0.08929690237809318,-0.13716876131797395
18.02772092819214,26.459501146863794,1.1128840334862136,2.4995900116533587,1.9284323019798215,0.5843108498192765,0.0012988163283895512,0.2526130979821662,0.06268390867417269,0.000958198832453298,0.09052074176174507,0.06119196918259462
18.049046993255615,26.498118449540318,1.1245880903883052,2.4996161573126447,1.9332073891109611,0.5863537283742956,0.0013146502748741155,0.22543871100592106,0.14035346509772514,0.0006283942940451377,0.08683725175435608,-0.1841745003694495
18.06778073310852,26.537067776024596,1.136170922456274,2.499645683211928,1.9435818785592518,0.5845363585261188,0.0013908268547547203,0.19069986148110535,0.17320125756617005,0.00031093337938732836,0.08606892684077883,-0.038416245678862815
18.087757110595703,26.595653083415645,1.153552702900027,2.499686986276866,1.9546789896117522,0.5834880237487886,0.0013791806007500747,0.17515550467503832,0.2257267416171957,1.7965525925506224e-05,0.08283958453811513,-0.1614671151331848
18.107792377471924,26.63478078538794,1.165270818678831,2.4997145548382336,1.9580478521889106,0.5884792596306834,0.0013767579568728923,0.1621477165407207,0.2724409154396792,-0.00025731475636376147,0.0818077925687164,-0.051589598469936604
18.12770700454712,26.65455163615771,1.1709264422577292,2.499726826486704,1.964846210861638,0.5847725526992188,0.0013295738013642817,0.16488265842140176,0.3315377676827722,-0.0004908063477389891,0.08135707547833393,-0.022535854519123433
18.147768020629883,26.693881783837792,1.1826917973557651,2.4997533049836194,1.9681819613269755,0.5919371429396031,0.0013175473125003293,0.16890322582722184,0.38379650518142816,-0.0007093852668618352,0.08256086528215967,0.06018949019128694
18.167768716812134,26.713730804545655,1.188349680089518,2.4997655629155933,1.9743113987698264,0.5878744097707325,0.0012855055407524608,0.1681989612802071,0.39054730210392075,-0.0008961896819983501,0.07868079443632503,-0.1940035422917319
18.187693119049072,26.79300944237197,1.2117780779193876,2.4998170254857044,1.9853713138061726,0.5940097782532938,0.0012713858943727554,0.1887964763220508,0.4045878301578859,-0.0010735948778738567,0.0767674353378025,-0.09566795492612634
18.207765102386475,26.832755991894786,1.2237399394721022,2.4998422272890726,1.989351679830669,0.6022107206032868,0.0012482450528730985,0.2092087888892001,0.41489268400475093,-0.0012384166669171118,0.07589510170559066,-0.04361668161059207
18.227672815322876,26.85272946727709,1.229614843037496,2.499856351324374,1.9935418020247686,0.6017398259724656,0.0012852166087549473,0.23226018131465895,0.42039561459202796,-0.001394621510420874,0.07694340480559836,0.05241515500038485
18.247658729553223,26.89264826587828,1.2417339110250654,2.4998817669151414,1.9984131493200024,0.6101737289058338,0.0012558614232124835,0.2547876302438851,0.4224241601065806,-0.0015389396985630338,0.07480417260199612,-0.10696161018011185
18.267747402191162,26.932675195620792,1.2538502411082382,2.4999111245006116,2.0035707464496912,0.6144391177308748,0.0013411986318980816,0.2595055724984614,0.40973613390366537,-0.0016924086785930239,0.07550551625888069,0.035067182844228384
18.287692546844482,26.992874626528145,1.2724145223818213,2.499954361446302,2.0106522759056076,0.6249096467619426,0.0013965504748450857,0.25833823607856543,0.35955342106749894,-0.0018549051656373632,0.07515876530334209,-0.017337547776929974
18.307780504226685,27.033139325733462,1.2849813246172854,2.4999819113080433,2.0158179926271385,0.6316062421201036,0.001357938318616794,0.25844197495872895,0.3102529868895494,-0.0020041248107276312,0.07283734992956958,-0.11607076868862531
18.327735424041748,27.05329395805364,1.2913283103783586,2.4999981812307674,2.017655875949789,0.634688888558749,0.0014116402510914038,0.22089149331533667,0.23546672905419933,-0.0021499301334480165,0.07521989201784551,0.11912710441379648
18.347906351089478,27.113943527184222,1.3106277170226186,2.500039485122161,2.024742115373956,0.6458603622282469,0.0013356656885912341,0.1925330022595997,0.1812855758795713,-0.00227266709768818,0.07383023466084282,-0.06948286785013469
18.36771297454834,27.154475143310908,1.3235776840279772,2.5000657363062735,2.028335449023309,0.6489633615788359,0.0012890825432995256,0.16731711845985264,0.12939179940367934,-0.0023837258718793683,0.07091352523130645,-0.1458354714768184
18.38775610923767,27.17482143712494,1.3302786918921325,2.5000745328474094,2.0309559216101363,0.6553741410725332,0.0011448321228215914,0.08687414082182522,0.03400635902596635,-0.0024446429345379873,0.07471816168854772,0.19023182286206364
18.40771508216858,27.21545277350456,1.3433867433356979,2.5000969369103045,2.031923265236287,0.6551214665431251,0.0010953983515756065,0.010537360782740384,-0.05885504425956404,-0.0024973911385374184,0.068915494195525,-0.29013337465113587
18.42769169807434,27.27674790133659,1.3636942870444722,2.500113251212654,2.039606018784218,0.6683357327142455,0.000659419161159914,-0.05730851555849113,-0.12399414746842474,-0.002436866850278719,0.0711041300490014,0.10943179267381975
18.44780969619751,27.31752421459583,1.3770318927644905,2.500125956288804,2.0378109623359157,0.6652098844687855,0.000611292267862598,-0.12161321247411759,-0.18848027927659014,-0.0023757234841980104,0.06900049726245827,-0.10518163932715652
18.467737674713135,27.317634639211555,1.3772152623108322,2.5001201589356765,2.0407596365104967,0.6707520337067069,0.00041903376438489183,-0.17379788922298992,-0.21618161153167936,-0.0022699071671155677,0.07106113551666837,0.10303191271050505
18.48772168159485,27.379071378674936,1.3976123869664854,2.500122351886138,2.0436085555525194,0.674374112803564,8.931307235495084e-05,-0.20219327583945026,-0.25914294805329435,-0.0020939922341057004,0.0674142841378389,-0.18234256894147371
18.50778102874756,27.419901305138197,1.4110451326581388,2.500123730716376,2.0392952218547062,0.6687543505300503,4.913236743587817e-05,-0.22885466575181307,-0.30297382143253004,-0.0019252652575308853,0.06355624719983233,-0.19290184690032852
18.527785539627075,27.460998124193598,1.424801482268536,2.5001153454818725,2.0434984840241914,0.673316721802779,-0.00019600817552981975,-0.21512262253730882,-0.32929494872743,-0.0017119463829321038,0.06505379956851787,0.07487761843427698
18.547860145568848,27.501825871812763,1.4382001105906792,2.500111096638544,2.039314547085074,0.6664522486180301,-0.00022819911903579256,-0.20364080381445993,-0.3574522584393623,-0.0015088314652710315,0.05864636352841046,-0.3203718020053703
18.567800283432007,27.542756520239955,1.451794701475382,2.5001044582838574,2.03925789435843,0.6673355226926684,-0.00028581332598843817,-0.22213212650348688,-0.3775510300722829,-0.0013125777761400972,0.06068251634111288,0.10180764063512093
18.58778142929077,27.583514304554257,1.4651592061656862,2.5000995627246794,2.0350863228382456,0.6625038674849547,-0.0002729234986787203,-0.2577229432306523,-0.42331987267158394,-0.0011380400313733374,0.05823726534928708,-0.1222625495912899
18.607823610305786,27.62416216802629,1.4783215715519442,2.5000938878417234,2.029585004250196,0.6535803382620229,-0.0002940123086385849,-0.2922291840514489,-0.46901930029572764,-0.0009722905118939403,0.05306399530807537,-0.2586635020605854
18.627713203430176,27.664751256860086,1.4915233535429464,2.500094093211368,2.025065117955132,0.6492607587675928,-0.00014572792847793804,-0.31489910569938406,-0.5333175124002347,-0.0008620163490989731,0.053522397207378614,0.022920094965162008
18.647728204727173,27.705188077495972,1.504397714060126,2.500091013338242,2.018542012162022,0.637967315127853,-0.00016190928157244013,-0.3373789840403554,-0.5957112155831507,-0.000756983816416407,0.04656601920423897,-0.347818900156982
18.667680025100708,27.74559076922229,1.5172927535694358,2.5000988123973147,2.0139045198284147,0.6327120059245386,0.00011315364532616424,-0.3850833990682056,-0.5746177412636473,-0.000733411734203043,0.047792419855653634,0.06132003257073304
18.68780493736267,27.785832779021504,1.5299164286972402,2.5001063645094455,2.007122664604982,0.6238677884567804,0.0002807815085033311,-0.4440337186230791,-0.58493076767059,-0.0007554406003245453,0.04535189187924615,-0.12202639882037403
18.707607984542847,27.845944010580222,1.5484369313294601,2.500124106904594,1.9963700611000381,0.6077135060069603,0.0005312334497614194,-0.4720275404567938,-0.6312668417404389,-0.0008414547392583211,0.03971856833170806,-0.2816661773769047
18.727779150009155,27.885775282887167,1.5604619472036143,2.5001345579047185,1.986673346266993,0.5946394962541738,0.0005136035238410032,-0.4971757546987968,-0.6758427902084879,-0.0009203693155166455,0.03515785294804896,-0.22803576918295487
18.747690677642822,27.905692198697842,1.5663943408429255,2.500148614412432,1.9833036234000818,0.5884885264576258,0.0007598924871862499,-0.553360099926256,-0.6632686422907361,-0.001052298984870481,0.037271098999821284,0.10566230258861609
18.767630577087402,27.945244096618588,1.5780321911408834,2.500163593528698,1.9717150387337607,0.5753314614883096,0.0007376140310688243,-0.6047010682703565,-0.652780131357685,-0.0011738357454520868,0.03328381797345559,-0.19936405131828483
18.78787136077881,27.965015338790817,1.5837616630394908,2.500180403171633,1.9679044372358934,0.5685526456983313,0.0009960800615118135,-0.623167343210718,-0.6979499480009802,-0.0013464454596629068,0.03136777228575793,-0.0958022843848827
18.80765461921692,28.043391348534776,1.6059084391427974,2.500232894932045,1.9464674051969586,0.5399943892259718,0.0012823914140823744,-0.6556970468132556,-0.6623462164208455,-0.0015854254977784837,0.021636384041331613,-0.486569412221316
18.827733039855957,28.08218758324777,1.6165780641264147,2.5002582106566504,1.933060563333297,0.5270756865440258,0.0012484451363227833,-0.6843496097390417,-0.6300715196992686,-0.001806205896201065,0.019143526706525194,-0.12464286674032099
18.847763538360596,28.10154464773671,1.6217436428649843,2.500278204751344,1.9280357662933267,0.5186570608986707,0.0014370987257849668,-0.6662502630190422,-0.6160445690254629,-0.0020483867503497707,0.019961289911006652,0.040888160224072934
18.86775302886963,28.13997338453936,1.6319944088646194,2.500306521871289,1.914902548743765,0.5064595600333743,0.0013938703238296117,-0.6468606763303811,-0.6040373146906266,-0.0022712781216738605,0.013312232553303271,-0.33245286788516903
18.88784170150757,28.178170480991728,1.6417607410674617,2.500339470017493,1.9023757073030472,0.48841085211074964,0.001466469393713967,-0.6377696453583181,-0.5783437244262725,-0.0024892165474482016,0.011748758356448175,-0.07817370984275485
18.907655239105225,28.234884351205686,1.6559625880032642,2.5003805620587416,1.8815127536013292,0.46584719211493375,0.0013317546595607882,-0.5905724834001181,-0.5476340329215263,-0.002662284683810588,0.005541034347285478,-0.3103862004581348
18.927797555923462,28.27239961526116,1.6651718763398455,2.500406653971461,1.8701694374678866,0.4551723172772507,0.001276913815113238,-0.5438370139820197,-0.5204297206920226,-0.0028191308011472614,0.002131974255318969,-0.17045300459832546
18.947749376296997,28.290945320924433,1.6695007521590801,2.500413386487588,1.86150727033897,0.4448892100491402,0.0010703914510108911,-0.4745569898641277,-0.45407868661955725,-0.002902750466408129,0.0030427471070209045,0.04553864258509677
18.967684984207153,28.328085074677187,1.6783118285197782,2.5004342087488483,1.8526924544322354,0.4364186365045497,0.001011592933786143,-0.40725174355546884,-0.3940128755818913,-0.0029752778715937647,0.0009774026723228246,-0.10326722173490399
18.987849950790405,28.34635357309026,1.682406764692686,2.5004340238719633,1.8420291356514462,0.42535505478895347,0.0006811091232276675,-0.37077780846505587,-0.387393881762605,-0.0029523518684655414,-0.002497910471429332,-0.17376565718760784
19.007680416107178,28.41925204808405,1.6986665034372153,2.5004335648855314,1.8154761319149606,0.3990840129278255,-8.464489210690718e-05,-0.3346678892815398,-0.3733239628323224,-0.0027427952766061253,-0.010340236413304726,-0.3921162970937697
19.027745246887207,28.45549702158934,1.706574314543191,2.5004313370216056,1.8091400569417797,0.3917345454332926,-0.00013746808651765179,-0.29901648204035447,-0.3620882534962359,-0.0025407690862066195,-0.0123468952579886,-0.10033294223419364
19.049947023391724,28.4733034432799,1.7102477180750064,2.5004120945187154,1.7987741861366835,0.3818258588375533,-0.0006638699040962221,-0.26932998429107063,-0.3569460392872147,-0.002224453107680309,-0.011848941974189842,0.024897664189937885
19.067772150039673,28.509227037337723,1.7178130798681535,2.5003983925573268,1.7936839827699058,0.3747202261830784,-0.0007053224023081841,-0.2397013114286167,-0.3539732117428506,-0.0019232983179864906,-0.01716815673645078,-0.2659607381130469
19.08783793449402,28.54466385659131,1.724980078493004,2.500362659947036,1.7795877803816476,0.3612001274530802,-0.0012518739454273281,-0.20659774497531253,-0.3872743179771836,-0.0015117855518916247,-0.017864855243974187,-0.03483492537617039
19.10767126083374,28.597737749749975,1.73555818476143,2.5003153317395097,1.7672928378848274,0.34710098223731894,-0.0015452146185958656,-0.18803288416750694,-0.41926232424946486,-0.0010575222485807937,-0.02229057334071749,-0.22128590483716515
19.127763271331787,28.63304724998065,1.7424142316026732,2.5002842449215414,1.7637198855852925,0.3383978930516066,-0.0015620397281968525,-0.16922307406930517,-0.4510048004302293,-0.0006292777701197278,-0.026217234822250912,-0.1963330740766711
19.14760184288025,28.650494142745355,1.74575968904545,2.5002633831594325,1.7570055213180067,0.33313956561255764,-0.0017058172482944923,-0.15921651666137657,-0.4997887828260224,-0.00021127020406665838,-0.023760309209002628,0.12284628066241421
19.16786551475525,28.685603129143665,1.7523193501433425,2.5002292511579705,1.7539299329811617,0.3226692412187767,-0.0017060739193525787,-0.1481728537220802,-0.5469800372787601,0.00018143280520096196,-0.031007733213809896,-0.3623712002403634
19.18777871131897,28.71693941410296,1.758156413560682,2.5001961030432733,1.7460580843046698,0.31572947457457673,-0.0017519273193383222,-0.14554037138199288,-0.5917809820451582,0.000546024495834963,-0.028937201498708376,0.103526585755076
19.20764708518982,28.769163166137456,1.7675140941053078,2.500145653946357,1.7392750912721566,0.30181998297730045,-0.0016723116044714092,-0.13121863604961997,-0.6590928609203947,0.0008669081150422525,-0.0347027454443527,-0.28827719728221624
19.227797985076904,28.803923413590283,1.773414363585743,2.5001124014188916,1.7367996840243503,0.28799428225233376,-0.0016519425846113203,-0.1162101329628878,-0.7228989049149899,0.001166483555861725,-0.039883587471114534,-0.2590421013380917
19.2476589679718,28.82123491743017,1.7764416178317997,2.500100979489218,1.7342259421063966,0.28625300281437166,-0.001487757616224457,-0.11992902351655668,-0.6970761269694922,0.0013905680985120503,-0.03605688682586772,0.19133503226234083
19.267786264419556,28.855895300189108,1.7820288551673509,2.5000715165750997,1.7318064188874274,0.27254823835493486,-0.0014578409608632529,-0.12170451696298687,-0.6738226686509913,0.0015984249211144377,-0.04490228090363191,-0.4422697038882095
19.288147449493408,28.89046879592989,1.7876373918816242,2.500053752977116,1.7281429166825835,0.2662759698234549,-0.0011478438917574513,-0.17352113331469907,-0.633073999565464,0.0017070253955938069,-0.04256537087880119,0.11684550124153592
19.307663440704346,28.924993732927668,1.792838833903269,2.500031144261253,1.7241938266466021,0.2539921619349567,-0.001112697790811766,-0.2206101024304135,-0.5958935294510396,0.001806000518897667,-0.04662628497722654,-0.2030457049212675
19.327794790267944,28.9422742196517,1.7954018533340421,2.500025463899351,1.7234056027190192,0.24927705935957067,-0.0009459742426501758,-0.23935822879557997,-0.6037697299539067,0.0018510067799536673,-0.048003703633123784,-0.06887093279486223
19.3478524684906,28.99401801658044,1.8025673775638298,2.50000055169206,1.7200674324090133,0.23014413423625416,-0.0008196482006660955,-0.2988515073316554,-0.5820569123710426,0.001866572611479087,-0.05438577374462339,-0.31910350557498024
19.367801666259766,29.028355901184575,1.8070551686669678,2.499984532870614,1.713540819167918,0.21869887153956824,-0.0007821959807488657,-0.3529164255676473,-0.5628870465445225,0.0018779635818767328,-0.05827255465383718,-0.1943390454606897
19.38780641555786,29.062870482542245,1.8112260079915758,2.499971966423842,1.7144072165008681,0.20472443757770342,-0.0006769155141119684,-0.37806891873661186,-0.6123610987107433,0.0018627814082613514,-0.06082101146843488,-0.12742284072988497
19.407641887664795,29.114375068358278,1.817076122513678,2.499954850270402,1.7093823644257673,0.18613196182696262,-0.0005496708692613623,-0.44647947492096307,-0.60526224410918,0.0018220402351353797,-0.06650400098874831,-0.28414947601567153
19.427739143371582,29.148469172298782,1.8206781256830107,2.4999442185115326,1.6998208067923053,0.1740882440271004,-0.0005136430326935271,-0.508648881515086,-0.5992949284146661,0.001780636385417415,-0.07077674245197141,-0.21363707316115477
19.44780468940735,29.165680687176415,1.8224079190603146,2.499943879314753,1.7012663548020424,0.1682607721991396,-0.000359200414211221,-0.54331155962773,-0.6451206548791811,0.0017039494340901253,-0.06911648392697956,0.08301292624959267
19.467710494995117,29.19959530234052,1.8256412437849963,2.4999370310725912,1.6900969706409485,0.1549314699466073,-0.0003258735192654403,-0.5727711437612532,-0.6871912602998725,0.0016290339983530036,-0.07311579543124802,-0.19996557521342329
19.487802743911743,29.2167506254747,1.8271921475898396,2.499939409716938,1.6920554594698922,0.1487948970494995,-0.00015108845652640694,-0.6109842171219618,-0.729811609740861,0.0015174169249415057,-0.0751348434502086,-0.10095240094802893
19.507648229599,29.284353216515964,1.8327201905707864,2.4999441954461465,1.6776004882928106,0.12325157421207464,0.00015725328910483149,-0.613398706617678,-0.7744747365931419,0.0013398085089107992,-0.08449482385832585,-0.4679990204058626
19.52778649330139,29.317782530550865,1.8350274793411299,2.4999475970708214,1.6653324913603949,0.10733705216385765,0.0001823462509556276,-0.612927320216803,-0.81655084310192,0.0011709272845191372,-0.08901619138744543,-0.226068376455979
19.547829151153564,29.334592699769875,1.8361663652781681,2.4999578155080404,1.6645956709088703,0.1015352162377207,0.0004319739286531183,-0.5896179493588769,-0.9003154078611137,0.0009570577761085021,-0.08736505846824283,0.08255664596013013
19.56778645515442,29.36776830578733,1.8380117046048379,2.4999666327264944,1.6530467547543664,0.08273826651535339,0.00044907398782262283,-0.5650715922452487,-0.9784525618879729,0.0007548749126778831,-0.09696815427371597,-0.48015479027365693
19.587823152542114,29.400847947274194,1.8397676780047545,2.499990604410319,1.6447436113802036,0.07037794292058683,0.0008393801324210621,-0.5507119859077392,-1.041366973559446,0.00047422818640214696,-0.0970556388332735,-0.004374227977876899
19.607629537582397,29.44993334970768,1.8416650843962366,2.5000275127472316,1.6280169990290096,0.04577115151883609,0.001184519741725261,-0.5323302688058135,-1.1189259954821325,0.00012748977710789913,-0.1061759919859302,-0.4560176576328345
19.627821922302246,29.48238852114997,1.84235186192938,2.5000512066074636,1.6175661975610591,0.022668688430970464,0.0011837824820964933,-0.5125154442121383,-1.1903025313267677,-0.00019765824043633674,-0.11419153068121135,-0.40077693476405774
19.647671699523926,29.51456187535482,1.8429523483418269,2.5000946813491534,1.6052699091954166,0.008221676275435918,0.0016747363559912736,-0.5161989799337908,-1.2296400684014535,-0.0006144439948787472,-0.11606692809334707,-0.09376987060678577
19.667684078216553,29.54656392755512,1.8428684471959642,2.5001280267765855,1.5949322856189168,-0.016728578397224865,0.0016585084626111908,-0.5171079435391446,-1.2646782033567598,-0.0010038319628635306,-0.12454695930185089,-0.4240015604251912
19.687799215316772,29.54652508859568,1.8430072938539659,2.5001356610539545,1.59345415841166,-0.012041418266038448,0.0019088381958143618,-0.5415483128524161,-1.2281027717844746,-0.001407424781262007,-0.11985728137594442,0.2344838962953233
19.707714557647705,29.578284433584713,1.8425232352404057,2.5001735308326576,1.5824122112611254,-0.03624572243074358,0.0018768877880069833,-0.5619889092420262,-1.1924863476987337,-0.0017830017753473846,-0.13320361606927644,-0.6673167346666009
19.727750301361084,29.625453251597882,1.841223115689374,2.5002558537001223,1.5648186549645349,-0.06594514950402995,0.002371443221797473,-0.5514777681608876,-1.1894215534483865,-0.002252315401567685,-0.1414716632766999,-0.4134023603711734
19.74774718284607,29.65663858919023,1.839658621345596,2.500304557372369,1.5536255644602017,-0.09027255678463705,0.0023773794421202542,-0.5669982722724876,-1.2184655658242174,-0.0026880332685709574,-0.14860568020662734,-0.3567008464963717
19.76778244972229,29.687596784068035,1.8376076747565975,2.500351539941926,1.542150021887045,-0.11491001558440465,0.0023195337712704593,-0.5801697573175337,-1.2448406356196824,-0.003091169070411866,-0.15660018239258067,-0.39972510929766614
19.787788152694702,29.70298425810199,1.836359120933651,2.5003741725383426,1.536138278479294,-0.12871420582203236,0.0022701983311381514,-0.5879361787803304,-1.2796394702712828,-0.003433422449665866,-0.16148172558993368,-0.24407715986765055
19.807660341262817,29.763961866553327,1.8301993727047405,2.500464301599801,1.5127715906559458,-0.17982903525710994,0.0021984362677943104,-0.5712531080337484,-1.3185438847379665,-0.0037460966632061423,-0.1846056819652402,-1.1561978187653255
19.827751398086548,29.794104136727018,1.8263366768365161,2.5005075016168496,1.501509493944133,-0.20655779174369665,0.0021206132734242914,-0.5550327528422844,-1.353717434537927,-0.004031757087082861,-0.19329808646098057,-0.434620224787019
19.84778642654419,29.80906327361179,1.8242322444427814,2.500529618442991,1.4947381924235554,-0.21966866971460206,0.00209242308385817,-0.599047088801515,-1.4047883909743495,-0.004274399791504848,-0.1963430522335874,-0.15224828863034112
19.867764711380005,29.838835530919734,1.819554896231571,2.500570597036486,1.4823565812997999,-0.2482106471250291,0.002004706370392929,-0.6383361433930046,-1.4481406577376557,-0.0044933785761181256,-0.2114769387900184,-0.7566943278215499
19.887789487838745,29.868326820946177,1.8144257990938646,2.500610812835692,1.4689494744605762,-0.2739681553740112,0.0019551067901708405,-0.6638819647624822,-1.4443440804935253,-0.004676017330331617,-0.22119187095340864,-0.48574660816951276
19.907651662826538,29.91214919831279,1.805608527846692,2.500671856297706,1.4508920447455163,-0.3161928687197215,0.001945265384101528,-0.6271618030391908,-1.4696813694833626,-0.004853132032353691,-0.24214070877150773,-1.0474418909049543
19.927793264389038,29.941044019132608,1.7989893311792893,2.500709780217944,1.438710061562491,-0.34579225488108223,0.001846605772015385,-0.5911543083214206,-1.4893211203103935,-0.005009401655143298,-0.2563589282293677,-0.7109109728929974
19.947752952575684,29.955430528396384,1.7954553666204087,2.5007294045065502,1.4335842190999282,-0.3608226930238247,0.0018238591008496985,-0.5822943731814013,-1.4914132172653347,-0.005137424952376535,-0.26197931890083215,-0.2810195335732235
19.96779704093933,29.983986426464543,1.7879406763356775,2.5007648465913586,1.4220405607435909,-0.39064098007740883,0.0017199839110274304,-0.5718031844656789,-1.4898084222551047,-0.005247074102435919,-0.27977682192658015,-0.8898751512874004
19.987756967544556,30.012230005219042,1.7797897454305052,2.5007932756953144,1.4089336640595167,-0.4218606223570097,0.0014724314074708665,-0.5073435357419381,-1.5216825825688116,-0.00528050912630484,-0.2970500920742163,-0.8636635073818066
20.00760245323181,30.054152616706983,1.7664091276905636,2.500827148515596,1.3902137600015108,-0.4687331564564375,0.0010863508458853577,-0.5099006971277806,-1.5352194524707468,-0.005223862416196414,-0.32650490820474465,-1.472740806526418
20.027761220932007,30.08185492459354,1.75672673233388,2.5008478348956746,1.3800206782572266,-0.4995372837807086,0.000982499811663084,-0.5088074993229058,-1.544492853428876,-0.005160071814382993,-0.34715185126329784,-1.0323471529276596
20.04775905609131,30.09551175669542,1.7516212345781401,2.5008450598101613,1.3718614438215475,-0.5159310023400719,0.0005604655442982211,-0.4820412237864414,-1.5450478719617897,-0.004990366008456024,-0.3593250310841043,-0.6086589910403228
20.06776785850525,30.122854461158305,1.7409937168535514,2.500855282346686,1.36250481927192,-0.5468127345141094,0.000462352762871206,-0.4532973213881281,-1.5426386613757699,-0.004820971031596213,-0.37988606335479647,-1.0280516135346085
20.087820053100586,30.149873938724383,1.7296903122913778,2.500841619004771,1.350909204116095,-0.5791551227040961,-0.00015812529560048548,-0.3366965471890274,-1.5325323573912113,-0.004507358374845664,-0.39911183825645,-0.9612887450826779
20.10765814781189,30.190097811331754,1.7115558710703076,2.5008217368854995,1.3371206882066722,-0.6266982275939628,-0.0006720497576186008,-0.23021677017578976,-1.4709045244846173,-0.004093620211052583,-0.42519633643278754,-1.3042249088168756
20.127898454666138,30.216801081884487,1.6987317745566843,2.500807503886154,1.33354809797202,-0.6555099663923207,-0.0007499284181324926,-0.12769633718576012,-1.4104671963934046,-0.003697087361279547,-0.4366083341912508,-0.5705998879231622
20.147899866104126,30.229890345977726,1.691980657977619,2.500778833523783,1.3257748036792556,-0.6727489036793368,-0.001404342248983574,-0.06937515148383772,-1.339865675169287,-0.0031736257923745265,-0.44358644726099783,-0.3489056534873525
20.16783571243286,30.256395794812953,1.6782623265233187,2.500750145559248,1.3249604699728357,-0.6988546964052299,-0.0014627952138100513,-0.01225792130924604,-1.2710017886161487,-0.0026759199100969593,-0.4548092612464649,-0.5611406992733547
20.187873601913452,30.282332622278943,1.6636295151833707,2.5006642375212316,1.3112232659952103,-0.7343049219284562,-0.003005559964329082,0.042766670819737,-1.2330846175818913,-0.0018317446112002735,-0.47048454535540696,-0.7837642054471017
20.20767307281494,30.321362214021054,1.6407364249105683,2.500518853499848,1.3032829968748665,-0.7801295889577522,-0.00459776419394984,0.035116460429568896,-1.2406589414464524,-0.0006435391791976971,-0.4866366789021299,-0.8076066773361479
20.22775363922119,30.347434539804404,1.6248854113715299,2.5004268450922074,1.3039342112374064,-0.8049827415050314,-0.004599357108632473,0.030503928060278986,-1.2439541063856343,0.0004723263366527118,-0.49223791589395693,-0.28006184959135094
20.247771501541138,30.36026950353851,1.6165357043653021,2.5003402936217007,1.297870252160785,-0.824318225346825,-0.00569711118432629,-0.06484224128039179,-1.28160308725646,0.0017443208762306798,-0.49793195157936987,-0.28470178427064674
20.267931938171387,30.386208096263715,1.599790868426123,2.500226780943916,1.2957052452882272,-0.8502670160672737,-0.005650190268286969,-0.14997922474382763,-1.312100649695251,0.0029342500120550057,-0.5065196256114404,-0.4293837016035251
20.287874460220337,30.412118660560168,1.5823674353847204,2.500086601584015,1.293773789362857,-0.8806888126101268,-0.006203958871424728,-0.21292487568427562,-1.4093428882150771,0.0041468605542124455,-0.5133594874026519,-0.34199308956057717
20.307636737823486,30.45106200830917,1.555388362878381,2.4999029655948988,1.294140919362207,-0.919498197009402,-0.00602298087827612,-0.19343078170181052,-1.2825325664755662,0.0052387396499619775,-0.5219650611833107,-0.43027868903293687
20.327816486358643,30.476907545492875,1.5367500789482444,2.499783622618965,1.290484769269467,-0.9439252830836493,-0.005907936147639079,-0.17184089700254007,-1.1610570683050503,0.006252940574364418,-0.5278122100653988,-0.29235744410440745
20.34784436225891,30.490010015821053,1.5272908268714211,2.4997336223021653,1.2940553864954916,-0.9537012501853833,-0.005604579150411143,-0.2257842643200978,-1.0338855448847162,0.007071982560086217,-0.5256781989082446,0.10670055785770849
20.367759227752686,30.515842729037622,1.5080182066365875,2.4996229965032044,1.289059940809715,-0.9731565631437841,-0.005455484233613725,-0.27258571592449665,-0.9126205789769348,0.007826962220752715,-0.5308208098385756,-0.25713054651654854
20.38778853416443,30.528866413078973,1.4979974290008933,2.499562185474048,1.2902614329615045,-0.9885189008672192,-0.0055940946970790845,-0.3024480791412241,-0.7917909431467159,0.008527860620453959,-0.5332870896270676,-0.12331398942460048
20.407654762268066,30.580531867819264,1.4571000099668476,2.4993117871861203,1.2861724995686885,-1.0376528283487212,-0.006116521782142763,-0.2329182064735601,-0.7172282738119443,0.009349739463144048,-0.5441924607380377,-0.545268555548506
20.42776393890381,30.60621325764021,1.4362084529973742,2.4991913780252526,1.2821908101561514,-1.0512560462247382,-0.00592188491580113,-0.16561925776905753,-0.6431820548541756,0.010102584766659371,-0.5440212584257029,0.008560115616740305
20.44783115386963,30.61916409454578,1.425261192006316,2.499105892812519,1.284192603444086,-1.068834049172556,-0.006578568959294951,-0.17751075782819614,-0.628885466665951,0.01093140315218318,-0.545818698378115,-0.08987199762060527
20.467668056488037,30.644811806607045,1.4037598528028414,2.498976559323616,1.2805492535732084,-1.0812412197751626,-0.006352259350849051,-0.18631686406511386,-0.6112920287697471,0.011687607637279367,-0.5458218370272574,-0.00015693245711823067
20.487890481948853,30.657642752794683,1.3925968871847239,2.4988943498312195,1.2799185438426832,-1.0958063760037509,-0.006747615174083803,-0.1572489146807952,-0.5732963957508076,0.012451493787011757,-0.5493248448378871,-0.17515039053148662
20.507783889770508,30.708751097020627,1.3480414662007085,2.498629314416545,1.2747490757004107,-1.1247679213167685,-0.006322207893409562,-0.1260562021155645,-0.5584123259579945,0.013099961799341085,-0.5515401082713844,-0.11076317167486582
20.52777647972107,30.73422297736405,1.3254355692603221,2.4985055301677614,1.2725449564086082,-1.1357620989482355,-0.0060542755935647456,-0.09425741134848153,-0.5405120579612793,0.013682407892894937,-0.5522747970691406,-0.03673443988780889
20.54766273498535,30.746945277022107,1.3139922567709024,2.498452505355431,1.2714391598944141,-1.1419542033386982,-0.005709576045069912,-0.11472086428540239,-0.44556397897110556,0.014100150625357778,-0.5507476328929508,0.07635820880949051
20.567750215530396,30.785017919618852,1.2794490953462616,2.498296840724479,1.2674469477881989,-1.1569169428890904,-0.005018553837502473,-0.12526448180836972,-0.3312722158716177,0.014344432192065265,-0.5509727637006288,-0.011256540383897118
20.58779525756836,30.810341289328125,1.256251831007996,2.4981993526349573,1.2648672670064547,-1.1624478321734946,-0.004729585914709328,-0.1320930470012413,-0.22277271110455327,0.014545212759427825,-0.5507431119258239,0.01148258874024144
20.607674837112427,30.835637606109376,1.2327116918903214,2.498119921069558,1.262603383692145,-1.1723322596077363,-0.004140699839449145,-0.1774055943713544,-0.08545262354490418,0.014572537655958262,-0.5495896190937373,0.05767464160433278
20.627788066864014,30.860851457999306,1.2092567188331846,2.4980400218618186,1.2586497734740651,-1.1727333700154237,-0.003849232087799058,-0.21701759400298662,0.04405296302962864,0.014569207485052223,-0.5487316374577347,0.04289908180012958
20.64774799346924,30.886100759444506,1.1853842875260614,2.497976522305819,1.2571881104861782,-1.1827083149067168,-0.0032916793380630724,-0.2627970449968448,0.05272657453570374,0.014420690831691467,-0.5475459859633687,0.05928257471830012
20.667795181274414,30.911189193438805,1.161741347370852,2.497913561967337,1.2515215010012641,-1.1815499840140173,-0.0030049151592147745,-0.30293583612397185,0.06344030942541445,0.014252507810267863,-0.5466205232410868,0.04627313611409445
20.687869548797607,30.923830676761668,1.1496899635209739,2.497894093579202,1.2522158583035234,-1.1869331035558923,-0.002572448099777347,-0.344945582771533,0.11695366875905802,0.01397918690414839,-0.544958856593265,0.08308333239108734
20.707672834396362,30.96143072086081,1.1140392645731547,2.497838221904859,1.247051310777809,-1.1849390737103518,-0.0017188943938006278,-0.36906568867097295,0.23799547397682078,0.013536916672612673,-0.5406245714098001,0.21671425917324516
20.727746963500977,30.98629653998567,1.0903958101056943,2.4978065219129353,1.2394644185630246,-1.1790256019513445,-0.0014525790985852561,-0.3889225425892232,0.3522292418291657,0.013094630785173842,-0.5401173412903755,0.0253615059712331
20.747746229171753,30.99883558278107,1.0785742534808853,2.497811260687166,1.2400324753280016,-1.1757697204850632,-0.0007887423721424516,-0.40594389108010637,0.4915983896606136,0.012518834844957595,-0.536189276545346,0.19640323725147457
20.767770767211914,31.0235541110691,1.0551659847811352,2.4977979517227,1.231777053240403,-1.1646248323391577,-0.0005440398986774082,-0.4189357670754325,0.621297241394896,0.011953087667678917,-0.5343186234891362,0.09353265281049072
20.787780046463013,31.048316390910315,1.0316401199439011,2.4978236062912167,1.2283722448627277,-1.1608107115583675,0.0005558566864370141,-0.43501805617498707,0.719616920953729,0.011157600379065727,-0.5305183137238223,0.19001548826569348
20.807628631591797,31.08507182847233,0.9968181990675505,2.497872078260484,1.2179158563465744,-1.14786609369547,0.0016543208150039844,-0.4604120606761015,0.7764396281350381,0.010159212637958239,-0.5256180221276896,0.245014579806635
20.827763080596924,31.10933659874226,0.9740197110366435,2.497907132002334,1.2084917036962692,-1.1318093970756087,0.0018478612209864912,-0.48125404842300307,0.8284352741104951,0.00920155579476833,-0.5231066661836934,0.12556779719981037
20.847784519195557,31.121482092780216,0.9625225614959293,2.4979551005347362,1.2059993257607868,-1.1284561602943226,0.0027609285753915354,-0.4905228960046706,0.959083207386916,0.008106478756628446,-0.520900086288484,0.11032899476046687
20.867746353149414,31.14550354072703,0.9401534398184428,2.4980118699289746,1.1961267907976434,-1.1080553969580806,0.002912528945655202,-0.49612792518080984,1.07927052284606,0.007061891572102248,-0.5146351734550971,0.3132456416693463
20.88774085044861,31.15753119482746,0.9289495924699281,2.498070869365688,1.1939899989085656,-1.1010087276442253,0.0038154302469900303,-0.46260685715731525,1.2225053917879949,0.005893260361082278,-0.5145154946497694,0.005983940266385268
20.90772008895874,31.193188129454473,0.8961989399133614,2.4982197989280253,1.1818619720206005,-1.0715129500996565,0.004898051677207563,-0.38725234755431415,1.291463349331429,0.004538041784250293,-0.504204825178963,0.5155334735403194
20.927762031555176,31.216752812021127,0.8750313151120328,2.4983185809083075,1.1748488193919844,-1.045036663600847,0.004975873986241,-0.3144911219645468,1.3553251149874963,0.003256306347935703,-0.5001897954898404,0.20075148445612978
20.947762489318848,31.240065668245503,0.8540577932919629,2.4984742785715808,1.1652440636943484,-1.025913125203502,0.006420961002802259,-0.2747360029029323,1.4066878035791617,0.0017273544404255484,-0.4948875118913678,0.2651141799236312
20.96761202812195,31.274691297070703,0.8237640100077689,2.4987023970679294,1.1514270943952607,-0.9872501292439804,0.007440538344151442,-0.22147767749359826,1.4691407673650785,4.380539634630636e-05,-0.4842334127281416,0.5327049581613119
20.98778796195984,31.29767904645335,0.8043166410384303,2.4988511095171932,1.1475222068906579,-0.9573023807417688,0.007425437546757355,-0.16916864191915792,1.5244597915220008,-0.0015369436253800202,-0.4780085907217084,0.3112411003216575
21.007652521133423,31.308920268885448,0.7947715391611232,2.498953328437586,1.1394776119058683,-0.9430520848318374,0.0081824690064865,-0.16069237767053662,1.5461523910661934,-0.0031375801954767767,-0.47571895953389154,0.11448155939084437
21.02775502204895,31.331678334231235,0.7762209527968793,2.499116248790056,1.1363629200184173,-0.9119489438336122,0.00810457618685601,-0.15049401865959014,1.5634366520162815,-0.00463463575984407,-0.46527884240564754,0.5220058564121999
21.047722816467285,31.354026712699337,0.7583209779689407,2.499312345621132,1.124293363443445,-0.8793101739699714,0.008846981807333624,-0.22670552133935212,1.5981665178894608,-0.006177131346349312,-0.4584106660777718,0.3434088163937865
21.06778860092163,31.376462497461496,0.741056448180376,2.4994879523122417,1.1190536240549658,-0.8470453002922514,0.008708898790861718,-0.2961548248865712,1.627420326777053,-0.007613726400729886,-0.4493547877402073,0.4527939168782247
21.087780237197876,31.39868805444789,0.724608477701804,2.499684394823563,1.1115669622939268,-0.8099688849632347,0.00912704681357851,-0.2860989729691027,1.651721702467296,-0.009018490961174805,-0.4385356848383526,0.5409551450927363
21.107629776000977,31.431975193831434,0.7011910812394888,2.4999671912977197,1.104692142525766,-0.7565780436118442,0.009212208122647295,-0.3168237222051452,1.630496021866928,-0.010373645852508318,-0.4206865657666854,0.8924559535833598
21.127764225006104,31.454003864112668,0.6863840908416213,2.500149275542708,1.0980884441549115,-0.724199291372466,0.008992041737178862,-0.3427582572378404,1.6070087602678462,-0.011626078858385205,-0.4145145837498476,0.3085991008418887
21.147673845291138,31.465039990182,0.6794203444282753,2.500244585051738,1.0964152444674558,-0.7017029819956819,0.009008770725854036,-0.3799791367750794,1.6850618395237758,-0.012737972758466479,-0.4062479592910715,0.4133312229388064
21.167707920074463,31.48689004662301,0.6657280298608993,2.5004221433681137,1.0884815287619165,-0.6672995729542742,0.008743661723081933,-0.41264229425311716,1.7537364722230788,-0.013757767275833029,-0.39439418576422725,0.5926886763422123
21.187891006469727,31.49784827636955,0.6593630778715106,2.5005054945554606,1.086520852047953,-0.643033075398366,0.00849132715727272,-0.4743391921675594,1.8175572568883167,-0.014592766651848258,-0.38772718370596815,0.33335010291295486
21.207643508911133,31.541153750486828,0.63524534840584,2.500831451016354,1.0729516021109138,-0.5662904300159713,0.007880462324782306,-0.5060262682210598,1.8665975737983314,-0.015274720075551265,-0.3563112571700704,1.5707963267948966
21.22777223587036,31.56250974327038,0.624295806564816,2.5009859634052916,1.0625605485120815,-0.5285216857205154,0.007568739206771346,-0.5321670571757385,1.9092207705396933,-0.015885959408478176,-0.3475625348601792,0.4374361154945605
21.247684955596924,31.573263961875274,0.6191853811996462,2.501060140021631,1.0616920965117045,-0.5068040389503425,0.007363791760238958,-0.5295631319754768,1.954620338825351,-0.016367578009827646,-0.33800080089712825,0.4780866981525467
21.267777919769287,31.59439225121255,0.6094429246474592,2.501204113271112,1.0511578954479388,-0.46731197250228773,0.0070321295571574086,-0.5232474894002984,1.9935162452293176,-0.016788694366307897,-0.32136928360082484,0.8315758648151705
21.28777837753296,31.61553796179163,0.6005509126497696,2.5013425970790344,1.046412573010404,-0.42576444212004294,0.006736360887709949,-0.4889241221120426,2.0260496925629643,-0.017095460875245546,-0.3023209767399475,0.9524153430438664
21.307650327682495,31.646763329192396,0.5887419838547996,2.5015370289538383,1.0327640125160327,-0.3631087820416487,0.006213382379449643,-0.5259963606176923,2.0640915783748186,-0.017291093566731034,-0.27121284405373647,1.5554066343105521
21.327855110168457,31.66731123605322,0.5818947390404008,2.501657827608205,1.0219228501696718,-0.32151702268481114,0.005865981521424174,-0.5571460295297989,2.093698603696969,-0.01744157605931095,-0.2534306525626451,0.8891095745545696
21.347691535949707,31.676500914486105,0.579158281495184,2.5017006774907373,1.0166655492125738,-0.300100469668992,0.005419912669386943,-0.6403647281835538,2.146913692885604,-0.01744769939857955,-0.2431394675335321,0.5145592514556485
21.36764097213745,31.706817166079002,0.5711652752527129,2.5018471407025378,1.000667659214013,-0.23390240161115258,0.004684030380565363,-0.6331424592478346,2.2155848925334793,-0.017308447155922797,-0.21172354099763435,1.5707963267948966
21.387756824493408,31.72670455218719,0.5669343462843779,2.501937370152135,0.9881069704641805,-0.18899984552638593,0.004339461553935538,-0.6223386296574464,2.272785033450913,-0.01714436891437529,-0.1803076144617366,1.5707963267948966
21.40764546394348,31.73667542010262,0.5651736301296871,2.5019776722061353,0.9853167608210073,-0.16580439605567043,0.004122291990062802,-0.6164756092693537,2.2803810030947407,-0.016929854801535013,-0.15613247057573565,1.2087571943000475
21.427757740020752,31.756259081801595,0.5623137574048414,2.502056747368183,0.9730842644681631,-0.12018195217261401,0.003786005072294262,-0.6060215275512878,2.280661802436132,-0.016695609797358846,-0.1247165440398379,1.5707963267948966
21.447727918624878,31.775683221357585,0.5603370665482628,2.502132055295576,0.9623757438453646,-0.07492519251769937,0.0035296809295988756,-0.6546741947098563,2.2954906240042696,-0.01641884329373855,-0.09330061750394014,1.5707963267948966
21.467708826065063,31.794796910112826,0.559298261423979,2.502199384365281,0.9488543515703288,-0.0289316532339672,0.003204199548198178,-0.6963113391746052,2.3025943371948627,-0.016126801647455998,-0.06188469096804239,1.5707963267948966
21.48777985572815,31.804274098853423,0.5591698914764927,2.502224472905373,0.9429912079820857,-0.004559071108848457,0.0028505192652369367,-0.6460216571784484,2.2945578804466296,-0.015763003589832812,-0.030468764432144635,1.5707963267948966
21.507587671279907,31.841509726575676,0.5609730480823001,2.5023037560898302,0.918408132340938,0.0909322980203526,0.0016494160735594067,-0.5648033694613137,2.266372210172047,-0.015159533258514013,0.0009471621037531186,1.5707963267948966
21.527808904647827,31.859770274743685,0.5632428873497046,2.5023337523860847,0.9079128548541368,0.13594426372778107,0.0013522017396645934,-0.484952253679723,2.2341648700238164,-0.014563078815915901,0.03236308863965087,1.5707963267948966
21.54813814163208,31.868755962650233,0.5648661831815146,2.502322296611005,0.9009425111700571,0.16295282501817662,0.0004929118069065915,-0.4801125014509296,2.2652301967644504,-0.013799917366591996,0.06377901517554863,1.5707963267948966
21.567671537399292,31.886679324802003,0.5685799327787336,2.502329444773414,0.8914238926987934,0.20849752991067547,0.00022438387898968977,-0.47105813942906244,2.2878526613643864,-0.013056080767397848,0.09519494171144638,1.5707963267948966
21.58778953552246,31.895383829239076,0.5709492745933772,2.5022940927699344,0.8819510802933094,0.23624818106971765,-0.0009677961036481041,-0.40567376668569793,2.3018140202562734,-0.012077427480010205,0.12661086824734413,1.5707963267948966
21.607636213302612,31.930018423832994,0.582389885388474,2.5021936471699457,0.857736474129705,0.33178419817294386,-0.002695727748609591,-0.40747659176027623,2.283909990812871,-0.010746078755038383,0.1580267947832419,1.5707963267948966
21.627774715423584,31.947091806223128,0.5894807725037484,2.502137669123067,0.8496135712675699,0.37721925925809846,-0.0028978407521500884,-0.40393750207327034,2.2583376844788288,-0.009475203159120517,0.18944272131913964,1.5707963267948966
21.647722959518433,31.95540596469745,0.5934571557602792,2.502083304600165,0.8409740560270876,0.40269353111445344,-0.0036891516904474482,-0.416316768329827,2.28909958631611,-0.008133304032568128,0.2208586478550374,1.5707963267948966
21.667688846588135,31.97214172315111,0.6019704473078291,2.5020079810628535,0.8325848197126123,0.44870829866812145,-0.003838948604543283,-0.42141138163147346,2.3109064524616367,-0.006857251042284892,0.25227457439093515,1.5707963267948966
21.687832593917847,31.980347844992654,0.6066784338678674,2.5019430280584105,0.8259408035718618,0.47475930844055664,-0.004643179293688915,-0.38826853762339875,2.308936460455897,-0.005508599409144945,0.27826050058707175,1.29929630980683
21.70763874053955,32.012961855769916,0.6276257441024732,2.501719815440945,0.8077419688374637,0.5700755583114024,-0.005640857392408013,-0.36595175906769456,2.3345737546938636,-0.003993822411769477,0.3096764271229695,1.5707963267948966
21.72784972190857,32.02904522270185,0.6394953301216749,2.5016062962719676,0.8006843884190505,0.6169320474799496,-0.005706292191071389,-0.33905493916408136,2.349280302295823,-0.002563597789951674,0.3275261810656307,0.8924876971330598
21.747758150100708,32.036960990207845,0.6458251268945078,2.501535172354825,0.7960877956063335,0.6412339015988273,-0.006104284917176923,-0.22489409511255062,2.305557261512646,-0.0011848627847838883,0.3311782034711568,0.18260112027630448
21.767733335494995,32.05284533847922,0.6591076635837033,2.5014129375245595,0.7927249147597222,0.6868516022412297,-0.006114873166822909,-0.11152972460513534,2.2551115813683236,0.00011264975322314735,0.3482964870413223,0.8559141785082769
21.78780746459961,32.06060908860147,0.6661220637475965,2.5013387255988593,0.7889607000459139,0.7092498702896389,-0.00651557100508935,0.13741687400003516,2.111051738457778,0.0013725085669312367,0.34885489117424306,0.027920206646037116
21.8076388835907,32.09157923120207,0.696493426869597,2.5010120065578207,0.7781292047467977,0.8009087251844187,-0.008200597908216834,0.33639631869312403,1.9841946897032816,0.003002861350700345,0.3802708177101408,1.5707963267948966
21.827797889709473,32.107222136062816,0.7128999422186859,2.500848698579022,0.7868096190297134,0.8393172663380395,-0.008125116553558938,0.5308973591252861,1.8565332520111186,0.004527926910745977,0.3719329275675056,-0.4168945071317598
21.847803115844727,32.114584252845496,0.7216821195096292,2.500694722723161,0.7802631077890403,0.8642069999525506,-0.010179708046632251,0.9512259918299375,1.5779869320848265,0.006408029669297993,0.38573250584360874,0.689978913805156
21.867679595947266,32.13040653425265,0.7392639167186064,2.500492529112282,0.803283187838898,0.893086087731819,-0.010033811062291613,1.3466814602786221,1.3119927431848308,0.008160672844732238,0.3776931042899756,-0.40197007768165705
21.88779640197754,32.137597383463124,0.7488358706952936,2.500312087653704,0.7921540576067118,0.9205870887936557,-0.012259436391746608,1.555736314541959,1.0258340325380526,0.010283641434730928,0.39177794437066327,0.7042420040343833
21.907626152038574,32.168526613104696,0.7879670093006899,2.499689587784226,0.8072353088047411,0.9962427143854233,-0.015355089679607099,1.7980815943007453,0.729545553218982,0.013112137861131447,0.3940831620579366,0.115260884363666
21.927796125411987,32.18504636183546,0.808018772230532,2.4993852869195567,0.8454988520825033,1.0079959491871031,-0.01506623727061092,2.025873143708384,0.44825165614381235,0.01574007207769583,0.380883152417141,-0.6600004820397798
21.947664737701416,32.19255706285881,0.8190378623067882,2.4991427611484767,0.8375217576327875,1.0362260272268662,-0.017492846416794907,2.1671200856645743,0.1635853837608838,0.01868322672466226,0.3966831789982175,0.7900013290538244
21.967655658721924,32.209749854171434,0.8397768473772957,2.49879682611212,0.882196009063558,1.0367718029649968,-0.017091575183902065,2.2987143267375227,-0.10662256984787093,0.021407924756101558,0.373174893330825,-1.1754142833696246
21.987736225128174,32.21769403574153,0.8512867195948127,2.4985683720955434,0.8789329666066802,1.066491585010525,-0.018454866592037076,2.4714783018129123,-0.3166307738612342,0.02416143179502941,0.39188981366134934,0.9357460165262177
22.007631063461304,32.25359306395882,0.8955417593126267,2.497829047105617,0.9481847048756138,1.0973156464787974,-0.017756035367211744,2.4846025759865915,-0.4953410878973672,0.026650572275609657,0.36401869313687163,-1.3935560262238855
22.027822732925415,32.2730545095739,0.9173775059041039,2.497479412095502,0.9980006794796391,1.085690964438206,-0.017199856799143542,2.4968496176072317,-0.6657582167370795,0.02893331119866727,0.3592787770907111,-0.23699580230802653
22.047683238983154,32.28272959454237,0.9290462141567322,2.4973557729361224,1.0110707842206723,1.1013581289224348,-0.015494287015254881,2.4666322921775907,-0.8176810920006468,0.030502761672465212,0.36152950539878503,0.11253641540369674
22.067691326141357,32.30344245010135,0.9509000552582039,2.497052084531212,1.0601225392259215,1.0835423758365221,-0.0148698432314784,2.438961296340126,-0.9627647968709065,0.03191590243771882,0.34169018517887073,-0.9919660109957151
22.087830543518066,32.311874910668195,0.9602212154004847,2.497003392671874,1.076475290680204,1.0941487959984733,-0.012514717476228536,2.449801507773558,-1.1128009323169665,0.03253855987931123,0.34893353389048976,0.3621674355809512
22.107651472091675,32.35710515087968,1.004103647160877,2.496675184329991,1.1804615032164063,1.0725301104747273,-0.007531657061181076,2.4495548041669717,-1.2590053687984197,0.031951996783783285,0.317517607354592,-1.5707963267948966
22.127793312072754,32.381204241228026,1.0252931012982982,2.496530901226339,1.2294444360432017,1.0459545423284446,-0.006898691844964757,2.44862644751232,-1.39723642578309,0.03134045278100985,0.30490853598067647,-0.6304535686957768
22.14775514602661,32.40628276006473,1.045923921094108,2.4963991535076735,1.278402142990534,1.0166926991838332,-0.006278198175106132,2.4470353719028837,-1.5276606217033566,0.030705025003418786,0.2912170840411261,-0.6845725969775174
22.167763710021973,32.419890019953,1.0567943762440861,2.4965602209646214,1.3187462802646148,1.016341836174278,-0.0010046332675696195,2.410360331173211,-1.694957054697397,0.02872244461550362,0.2877171677334025,-0.1749958153861808
22.187782049179077,32.44699565885123,1.0769534911641323,2.496609617080577,1.3752761908572444,0.9867155778131479,0.0016743112703607945,2.4052215626399946,-1.8734580375484786,0.026266556442195575,0.2686958033276343,-0.9510682202884091
22.207595825195312,32.48981492609432,1.1059870270755694,2.496771935233384,1.4598844189112,0.937112036462037,0.005264450454403633,2.246804425803392,-2.0039571164977383,0.02313204292276242,0.24541057424129198,-1.164261454317117
22.227797508239746,32.519451854209045,1.1243202658461386,2.496881649215673,1.5033095813162247,0.895809364666112,0.005697000146727578,2.0971579186364075,-2.1247037068318138,0.020147704376821146,0.2340150428716603,-0.5697765684815836
22.247737646102905,32.53519266883798,1.1333119858737972,2.497021157625777,1.5409517388219474,0.877419835548645,0.0081361995114165,1.9922833116805918,-2.222381557467415,0.01685882208212016,0.2275427111984314,-0.32361658366144574
22.26767349243164,32.566403464391634,1.1504098536950451,2.497187042706309,1.5797978917251445,0.8320718665816293,0.008441916256138436,1.8933037125268677,-2.3109093618835552,0.013741076688331771,0.2099222344643059,-0.8810238367062739
22.287787914276123,32.583157700884726,1.1587172329404833,2.497316447184343,1.6227426987358264,0.8112395425601125,0.009721377199005553,1.8130130129526214,-2.3443828908086175,0.010632514383036551,0.20360208962155912,-0.31600724213733944
22.307743549346924,32.615970042409394,1.1744711739570652,2.4975128025783104,1.6582396134199797,0.7640601371723307,0.009904370928872884,1.737459166852696,-2.3727117835190352,0.007695072479230425,0.18617427569873124,-0.8713906961413942
22.3277690410614,32.65092394899845,1.18923870999166,2.4977190037157406,1.7281689221952246,0.7151956904866607,0.010114463034864553,1.658629175359889,-2.3271309029447744,0.004997588125096923,0.16718630599399376,-0.9493984852368742
22.347630500793457,32.704364631574,1.2093717552468153,2.4980090543320577,1.8007108765979838,0.6379164301636302,0.009776666773428548,1.508872047348487,-2.2179534523422393,0.002582377586965087,0.14081815321257674,-1.318407639070851
22.367822885513306,32.740671191305886,1.2216935296389453,2.498204950297828,1.8294825559367944,0.5946088427205313,0.009805355560127346,1.3701054050446555,-2.113601791200958,0.00031005188445830183,0.13225095741070048,-0.428359790093813
22.387770175933838,32.77871675419363,1.2323220201468859,2.498330629774071,1.8857949252445139,0.5317462260604869,0.007825990886162685,1.286467550147601,-1.9314619363776482,-0.0012326574113688759,0.10973933783336332,-1.125580978866858
22.40764093399048,32.836624054124904,1.246552872476406,2.4984599350114522,1.9454719657639488,0.4504415328304924,0.004680820061007159,1.2551479783399866,-1.7610049705157804,-0.0018768490290846237,0.08557182433668853,-1.2083756748337393
22.428008556365967,32.875782572420945,1.2552202713044072,2.498553135122869,1.9702845926146042,0.41682702401733096,0.004637178433079661,1.2265655394871793,-1.6023982090634716,-0.0024806582935589776,0.07943440839769167,-0.306870796949843
22.447723865509033,32.89614727380012,1.2583251156889463,2.4984513865561726,1.9992182001722385,0.3738732952465615,0.0003358769869796979,1.214319188308714,-1.447406528786582,-0.0019256219843531229,0.06598302769381448,-0.6725690351938596
22.467740297317505,32.93637381189036,1.2655228792067745,2.4984577542286273,2.023403197678114,0.34638289692855134,0.00030262440175298275,1.204594582208497,-1.3034498945309838,-0.0014053654886930517,0.05847726470513104,-0.375288149434172
22.4877507686615,32.977701437199954,1.27039234754316,2.498225657688604,2.0617380287688696,0.27621401871246054,-0.00563512275118751,1.1563994580861379,-1.1934854321668442,0.000570308546796007,0.03564499207893945,-1.1416136313095793
22.50773811340332,33.019164509384936,1.2756848407913097,2.4981131945511006,2.0844247950135966,0.2533738854370163,-0.005605034420629926,1.1130789058135722,-1.091908102078279,0.0024173319165134684,0.03257319095348432,-0.15359005627275657
22.527681350708008,33.06140278153185,1.2788060939284522,2.497782909082978,2.1145372166669127,0.18923679031426155,-0.010898698607464619,1.1110944407628036,-1.0362157488621802,0.005416897983433908,0.010947710120431164,-1.0812740416526578
22.54766082763672,33.12545792507916,1.2830449290313695,2.4973443431861524,2.1509096562229417,0.13097925989610767,-0.01390811443219256,1.091404011937769,-1.012788187449017,0.008966358522454717,-0.004342068253286868,-0.7644889186859016
22.567798137664795,33.16869324067501,1.2854633947252174,2.4970681985740324,2.172566517494115,0.11093718662998688,-0.013695327642786288,1.0747867369822157,-0.9918238857117417,0.012272195446062844,-0.008541388297515162,-0.2099660022114147
22.587681531906128,33.21240989379807,1.286360876319705,2.4966883016603822,2.194762683486541,0.06392790371677132,-0.015961835780402535,1.037850275006515,-0.982170795362523,0.015802082289932413,-0.02378831438461404,-0.7623463043549439
22.607784748077393,33.25651045230027,1.2874435763037395,2.496372447864573,2.2151831424939687,0.04436979210871683,-0.01561262950330182,1.0048412059725482,-0.973860903001131,0.019076473606795423,-0.027823300314192778,-0.2017492964789369
22.62776207923889,33.27868047994565,1.2873214962731099,2.4961896826598893,2.2232111017377463,0.02022298961826007,-0.01611597715654797,0.8815380872654996,-0.971776314593381,0.022084068893099842,-0.034810068344181655,-0.34933840149944384
22.647744178771973,33.32333040313541,1.2873067787031136,2.4958694298213335,2.2413772004825723,-0.0070471087546814205,-0.015715491422544983,0.899472192272217,-1.028110147438727,0.024770269388274646,-0.042586346746876114,-0.38881392013472293
22.6677348613739,33.36833902086113,1.2869566195162607,2.4955602421008805,2.2595432623713485,-0.02814591168654333,-0.015195059154836847,0.9170792250457885,-1.0812417332923785,0.02723680070977724,-0.048061670950346524,-0.27376621017352054
22.68777585029602,33.39099424081294,1.2863729708801803,2.4954202477243714,2.268995154302218,-0.04608940115210801,-0.01456147416287524,0.926147684662052,-1.129896657715737,0.029232071025415467,-0.053411364346360735,-0.2674846698007105
22.707730054855347,33.436560009682125,1.2852220930825515,2.4951349883903884,2.2876140606147493,-0.06915170431353268,-0.013958425003307911,0.9358456396581959,-1.1758952275045969,0.031042419676741134,-0.06004928072033877,-0.33189581869890183
22.72782254219055,33.48233214224761,1.2835930956220611,2.494915688805326,2.301372941288881,-0.09232424028213436,-0.011884020204132371,0.8895500535900664,-1.1812759069572223,0.032120641254091774,-0.067168455765652,-0.35595875226566154
22.747835874557495,33.55159998112545,1.2804167373208617,2.494633613937521,2.322517834392911,-0.12444081750259675,-0.00917423189335401,0.8166215821136884,-1.2211015077448444,0.03249276152031968,-0.07676939299784769,-0.48004686160978416
22.76772427558899,33.598209162221764,1.277681140037316,2.494456648121935,2.3381812174138483,-0.14924537786506523,-0.008521410571912434,0.7509007934843969,-1.259041931514825,0.03277453376426943,-0.08393395898878797,-0.3582282995470143
22.787801504135132,33.64494293551122,1.2747111579639567,2.4943917985187647,2.348742943593332,-0.168184971781625,-0.005418144225777327,0.7067503241751081,-1.336830005476699,0.03221519486439405,-0.08901740120294033,-0.2541721107076178
22.80774426460266,33.69205646709903,1.2710752450980125,2.4942898397760787,2.362480711743064,-0.1956431180154265,-0.004779701083425702,0.6678967851040383,-1.4078735743902047,0.03162390478229127,-0.09742063872885787,-0.420161876295877
22.827757596969604,33.71569425044327,1.2693044433404725,2.494302293976226,2.368588924152154,-0.20265553611912865,-0.0027943803621731053,0.665010524276187,-1.4517388484282094,0.030555885875133203,-0.09871175766312001,-0.06455594671310738
22.847761392593384,33.78705611653066,1.2629382228800958,2.4942950897118505,2.389141134032702,-0.23581668966426458,-8.259092085483408e-05,0.736252159420256,-1.4666607726560559,0.028928539515156917,-0.1095946620202537,-0.5441452178566841
22.86767053604126,33.83499081574361,1.2579276561670367,2.494299117138161,2.4045580521086123,-0.26528346710429795,0.0004800440013592138,0.8050321721015055,-1.4797069284861228,0.027341668279248516,-0.11814798416436245,-0.42766610720543774
22.88776445388794,33.858969160056084,1.255551324386987,2.4943740698686545,2.4101184871969843,-0.2703879828956726,0.002710665169860012,0.9125470066585468,-1.507855087019427,0.02532944841260951,-0.11895339742292776,-0.040270662928265644
22.90773582458496,33.95556389381363,1.2440048650165156,2.4946148394182197,2.4337825650570464,-0.31944371362799223,0.0065026920528481105,1.0485993005890775,-1.553972452841748,0.02252448214490559,-0.13554167754624924,-0.8294140061660737
22.927767515182495,34.00445801652421,1.237302335304858,2.4947492174766044,2.4560620230392125,-0.3509487862226871,0.006926184027216499,1.1782961985292975,-1.5958325091295438,0.019845514516025373,-0.1448506078802425,-0.4654465166996635
22.947789192199707,34.028603491681125,1.2339754789281074,2.494891934939637,2.4542702344987024,-0.35949031427772843,0.009171210294687017,1.1906633920945147,-1.5996079074678584,0.016865368286208382,-0.14738287212068002,-0.12661321202187548
22.967756986618042,34.07792790456855,1.2264655762917467,2.49507854092952,2.478215656718643,-0.3915074186614763,0.009479945945218103,1.2040432658968683,-1.6018491629020584,0.014032494174794392,-0.15788352341998824,-0.5250325649654108
22.987879991531372,34.126892809201294,1.2187034062998667,2.495387325836387,2.482696658263596,-0.41430561266826044,0.012628961061232763,1.3039357656480282,-1.6294773789184995,0.010660996893784741,-0.16574672141387614,-0.39315989969439524
23.007644414901733,34.20152794228391,1.205745927016558,2.4958381169661696,2.5099812557771597,-0.4574089280630728,0.014817826749196012,1.356544638359572,-1.6319142809073768,0.006976334396244451,-0.1801673725013737,-0.7210325543748786
23.02777075767517,34.25200224491018,1.1962713024350211,2.496135633680018,2.537615147933491,-0.4900550556891701,0.014922264053044008,1.4063877983144166,-1.6323727642802952,0.003502083380899579,-0.19061397262787416,-0.5223300063250225
23.047751426696777,34.27707873696582,1.1914549639513767,2.4963445476494326,2.541045547500138,-0.5013952644245968,0.01661407194832338,1.3817677672988862,-1.5898513931546792,-3.145076781113342e-05,-0.19412587959336758,-0.17559534827467083
23.0676748752594,34.32817447335602,1.1811118554717015,2.4966765979668986,2.5684535420051953,-0.532778341651755,0.016579894984703025,1.359401800970938,-1.5486782727524342,-0.0033509742748010674,-0.2031561963345987,-0.45151583706155574
23.08779549598694,34.353608892866895,1.175796500269668,2.496898818906402,2.573649938165393,-0.5456867232757436,0.01811635709534123,1.4153677760332581,-1.5263373314424118,-0.006703682979774364,-0.20677742949296185,-0.18106165791815787
23.107692003250122,34.45733730168979,1.1527084362334652,2.4976827247715834,2.6223035306941767,-0.6079707626128825,0.019354033179954818,1.4921904126115502,-1.5366767798170515,-0.010220367884073727,-0.22385296444992164,-0.8537767478479896
23.127704858779907,34.510086668426084,1.1402411240955912,2.498067538619723,2.6528717051724886,-0.638786426920173,0.01911640711202829,1.5637609338513603,-1.5444705371275758,-0.013503814137117038,-0.2298034484082394,-0.29752419791588824
23.1477952003479,34.53648030810704,1.1337399280461111,2.4982843273896633,2.662590037316536,-0.6554511057200177,0.01970661756043599,1.586460219173794,-1.572305405053671,-0.016573363200048558,-0.23330764301210438,-0.1752097301932487
23.167777061462402,34.590050807370595,1.1203148231342284,2.498674951338829,2.6945284543791805,-0.6871366294263546,0.019346270301531757,1.607030608257071,-1.5954806501559897,-0.019425564916674395,-0.24014028401860577,-0.34163205032506916
23.18785572052002,34.643871704604166,1.1062789076648143,2.499109018130308,2.7171959145047166,-0.7184100346572445,0.020220371641763775,1.616914901497078,-1.624134665766772,-0.02223207922987066,-0.24637997236521114,-0.3119844173302688
23.207709550857544,34.72593962053667,1.0840694537516726,2.4997379447452928,2.7609321892116916,-0.7650275386760029,0.020440969276087725,1.624442862005382,-1.6294629261953677,-0.024967944563231703,-0.25491753268605866,-0.42687801604237574
23.227742433547974,34.78148358072941,1.0684428501951437,2.5001415988846993,2.793484004464906,-0.7976376287264507,0.019916038294746283,1.6304957727528924,-1.6309083298161222,-0.027489942125481958,-0.25995188432234917,-0.25171758181452564
23.24776029586792,34.80940887682411,1.0604568869579305,2.5003627440438616,2.8071600683671245,-0.8117168459414779,0.020265428748395705,1.6078499667765784,-1.6028128153985426,-0.029809573384981244,-0.26128104953228526,-0.06645826049680448
23.267686128616333,34.86587215235673,1.0439039210099985,2.500761945968884,2.839092922746116,-0.843482085266857,0.019647689832560846,1.5854812396159146,-1.5735145118547582,-0.031931831529314066,-0.2662648165599548,-0.24918835138347806
23.28782057762146,34.922958088354136,1.0267399895377978,2.5011661344774354,2.8697797405364507,-0.8740244333318455,0.019372716126506387,1.461943303737574,-1.4843601595800227,-0.03378530830446194,-0.2706138735754413,-0.21745285077432452
23.307639837265015,35.00983355369222,0.9997502377091538,2.5017242065219323,2.915977743557743,-0.9208842559193575,0.018074147742504147,1.2763131060381772,-1.3895926623421098,-0.03527175436986921,-0.2768884484444012,-0.31372874344799406
23.327776670455933,35.068396540196844,0.9810607793370979,2.502078543928408,2.9397383177087972,-0.9477571653329974,0.017355162776379347,1.1015322989574374,-1.2982668712840306,-0.036600861441694825,-0.27991632740130434,-0.15139394784515758
23.347877502441406,35.09813973045442,0.9713366271670486,2.502209929444759,2.9584185966379475,-0.9652699179007771,0.01574318208151395,0.9874661200851335,-1.2061534565851046,-0.037350685099619446,-0.28121171352196184,-0.06476930603287467
23.367750883102417,35.157498272601885,0.9517958927226313,2.502517278771918,2.97707410445769,-0.9885128503067269,0.014989637125460748,0.8790101081479568,-1.1189487570895131,-0.03798479114539663,-0.28381978538487784,-0.1304035931458003
23.387799501419067,35.18786879821757,0.9415436706834304,2.5025878014181857,3.0008075835847468,-1.0080192800906584,0.012345138056367255,0.7649224184975979,-1.0495524925128996,-0.03785201610597105,-0.28565408909030365,-0.09171518527129052
23.407601594924927,35.3033399843197,0.9019605971222602,2.502899409961078,3.0510362055406093,-1.0601736594801567,0.00757320310297117,0.615669062134448,-0.9510176404256409,-0.036633999286006524,-0.2912483243664621,-0.2797117638079216
23.427730560302734,35.36447437620278,0.8805732566354653,2.503043628052521,3.0619376473159337,-1.0782474125593486,0.006852641116616317,0.4760647126651276,-0.8571230494498226,-0.03542348349409681,-0.29231375413064953,-0.05327148820937211
23.44816541671753,35.39564879373225,0.8694556843097581,2.503022508971818,3.081849778640631,-1.0933144241906099,0.004015412599036113,0.49188601801864773,-0.6411792929430129,-0.03360358059942073,-0.2927469039440558,-0.02165749067031264
23.46759009361267,35.48883389781158,0.8359393029572335,2.503044710448917,3.1104419745193406,-1.1232737186090649,0.0006664944951717104,0.4658059933667161,-0.427291266480819,-0.031146721176911987,-0.29483273833008594,-0.10429171930150805
23.48782706260681,35.55113423131333,0.8134019443490776,2.5030519700567853,3.119509193759304,-1.1297947154075785,6.734135316102102e-05,0.4411509243741433,-0.22705798254628495,-0.028784175403492086,-0.29396589902615533,0.04334196519653055
23.507563591003418,35.61406653322991,0.7899298282850584,2.502934388369749,3.1389414734538317,-1.1539570185397083,-0.0032817071123198566,0.42404330174008437,-0.013088480201250445,-0.025811449522408447,-0.2960345309108696,-0.10343159423571446
23.527803421020508,35.67692905288432,0.7668616755567321,2.5028637832960055,3.1472549340182723,-1.152188836335876,-0.0037693448301957594,0.40737585937200993,0.18774192104126744,-0.022974775566019054,-0.2933310234252411,0.13517537428142656
23.54777216911316,35.708571028203465,0.7546638441415688,2.5027629285610415,3.1552538068581177,-1.1689086935717474,-0.005713799867596398,0.39313766016347534,0.2951347898312375,-0.01994441509753256,-0.29563455329887756,-0.11517649368182337
23.567670345306396,35.77175382884664,0.7313515731036221,2.5026448581765615,3.1629818670953433,-1.161979290626014,-0.0060836378345433565,0.3798202323273885,0.3968725878934094,-0.01706414021365141,-0.2917713560395532,0.193159862966219
23.587827682495117,35.835198067484946,0.7070529291898167,2.5024533878867965,3.17286540524214,-1.180566052994935,-0.007958233219198172,0.3582234767608776,0.5434973061835657,-0.013998015393455018,-0.2938963731085069,-0.10625085344768692
23.607605457305908,35.93056080935377,0.6713242231841499,2.5021948538680263,3.1840980318575416,-1.1786191982946432,-0.008687385201031681,0.3732202598868963,0.6925504267412935,-0.010996091593975863,-0.2894644222384595,0.22159754350237204
23.627805709838867,35.99431835264574,0.6478998197470058,2.5020190988045266,3.191702221107581,-1.1633553012401538,-0.008878664391196762,0.38699787046402445,0.8323071317421649,-0.008159005262191,-0.28554547628482396,0.19594729768177555
23.647737741470337,36.026202081341815,0.6358935978183128,2.5019410658482553,3.193570117862888,-1.1655427801183513,-0.008572597433748412,0.34525543546254844,0.9635143920429751,-0.005709825401639073,-0.2855897216437211,-0.0022122679448566274
23.66797661781311,36.122060152097085,0.6009079992496543,2.5017122891977728,3.2007836320298035,-1.1482709257969848,-0.007800307387383803,0.32597668883581055,1.1024449034678572,-0.0036404069829901165,-0.2788749581904737,0.3357381726623698
23.68777322769165,36.18613977549153,0.5781718204271755,2.501555686911045,3.2071171495985125,-1.1249178309213261,-0.007853423259557847,0.30750911385549345,1.2311865912207047,-0.0016909553482575613,-0.27396839632811965,0.24532809311770265
23.707709550857544,36.250170268041295,0.5553623765165276,2.501475305290493,3.2090532057615953,-1.1130160035239165,-0.005893421415259924,0.321962355437297,1.3567484388196718,-0.0004370968541803176,-0.2707240661118471,0.16221651081362864
23.727816104888916,36.31441664036461,0.5333812815727448,2.501357429280678,3.2156290264858693,-1.0847078640471062,-0.00589024945267129,0.3354626882784281,1.4724404665258057,0.000741964770421354,-0.26387488898623435,0.3424588562806363
23.747675895690918,36.346457953312225,0.5223126287537825,2.5013633443337273,3.2152493305076724,-1.0772366650254432,-0.004006965641702557,0.34827866431458426,1.5798668334132024,0.0013136906752856232,-0.2629110739830032,0.048190750161558604
23.767517805099487,36.44289491440676,0.4904401997132596,2.5013156400548353,3.221003248184473,-1.0363213795633788,-0.0019017706930855066,0.4011921304600955,1.6822917969329212,0.0013206808620723003,-0.25179845428990033,0.5556309846551422
23.78785538673401,36.50739859309184,0.47005662064177284,2.5012778692468296,3.2295308783501904,-1.001724223161855,-0.0018752865726770144,0.4510706573972882,1.775986696803958,0.001327740908286156,-0.24537835564900723,0.3210049320446551
23.807671546936035,36.57170778783182,0.45018716080884275,2.5013561147020655,3.2283381212612396,-0.9707580286714376,0.001047127046692438,0.3792022060202714,1.7598582096032145,0.0005960167611089006,-0.23876891577585413,0.330471993657655
23.827738523483276,36.6363458111417,0.4311227752097179,2.5013771300602983,3.2352387175186994,-0.9357423498911511,0.0010521288815684305,0.3115530215611957,1.741314005960209,-8.797039531758833e-05,-0.23118492034521587,0.37919977153191287
23.84764289855957,36.70078803612548,0.41284426854824596,2.50150830034078,3.2337657658751775,-0.897660239262579,0.003721623732056962,0.2856144432092998,1.7607246514496886,-0.0013747495377399558,-0.2232565757605003,0.39641722923577927
23.867604732513428,36.76547687747912,0.3953853781143445,2.5016112475878556,3.2379115617709626,-0.8572990617416689,0.004628201305815814,0.26485767043245056,1.8034579928624854,-0.0027812858337369546,-0.2145055291093314,0.43755233255844406
23.88777256011963,36.83028675324557,0.3786025993042041,2.501703166425198,3.2430106004048036,-0.820858825905493,0.004559315416968561,0.24523294464938789,1.8394591150969775,-0.004091427286508268,-0.2069975810891722,0.3753974010079597
23.907666206359863,36.895147409427445,0.3629940392556057,2.501849469156192,3.2468481418441426,-0.7725333258644179,0.005827163222245751,0.25340418639933926,1.8964487495702578,-0.005579713368973032,-0.19623249831730272,0.5382541385934747
23.927759408950806,36.960135574023475,0.34792606272708754,2.501964802619917,3.25199397081058,-0.7341008658190358,0.00570157841200554,0.26110024917548835,1.9454907142655813,-0.006961177561727986,-0.18846036251562515,0.38860679008387855
23.94771456718445,36.992621492150604,0.3409531619905978,2.5020521055204306,3.2530880432354787,-0.7068614517219017,0.006494336499226975,0.2526237768197787,1.9545228331554976,-0.008375749512898344,-0.18292698727588919,0.276668761986798
23.967806816101074,37.057733242580774,0.3272071967601588,2.502180228186971,3.258060732829504,-0.667721090798909,0.006313573119135163,0.24474347790381867,1.9587194039864086,-0.009682903885120442,-0.17356023892156802,0.4683374177160582
23.98781943321228,37.122803132646474,0.31461007760056936,2.5023500955348688,3.259363778515077,-0.6190247078424798,0.007214299436365503,0.23988263648435734,1.9821834721666687,-0.01107557891760529,-0.16291996095228578,0.5320138984641121
24.00762915611267,37.220600844541416,0.29721927370215767,2.502576548701764,3.2638877111313573,-0.5510160905039988,0.007266942485907124,0.22787781584041097,2.0125077357819183,-0.012397725196669198,-0.1469324334444111,0.7993763753937344
24.02791953086853,37.28592343766065,0.2866031416901354,2.502719325365616,3.268335813246587,-0.5105181662620949,0.007006682293931936,0.21714100766561378,2.0361942347062603,-0.013610252465826445,-0.1386122573892994,0.41600880275558527
24.047780513763428,37.31854541645583,0.28189949253607754,2.5027885443960614,3.2677914731635442,-0.4822285450540516,0.006831016167067154,0.13020774345533664,1.956790649736832,-0.014622765297048954,-0.1322793486516507,0.3166454368824345
24.0677649974823,37.383921787257464,0.27264099203094955,2.5029221774072115,3.2695754557765486,-0.4438857797228215,0.0065292248948475,0.049160106212497674,1.8775089151936066,-0.015540821734333998,-0.12287792109364659,0.47007137790020526
24.08782410621643,37.44937793254943,0.26468303681263533,2.503034691411287,3.272028068668299,-0.3929783028160199,0.0057816209322319265,-0.006037121103634867,1.7827182990185493,-0.016161823191118144,-0.11024275575396647,0.6317582669840061
24.107604026794434,37.54768991629388,0.2541907040064145,2.5031672336699966,3.275836690384886,-0.3261205928413601,0.004284985189068759,-0.061969606926617286,1.670950199176258,-0.016384446831081055,-0.09320196401903047,0.8520395867468
24.12778615951538,37.61319075974171,0.24799517839975885,2.503249644090123,3.274076652897852,-0.29379471787988154,0.003955477237985602,-0.11327195816583707,1.5621245516723705,-0.016558346234834098,-0.0856354368091985,0.37832636049159873
24.14770746231079,37.64608850392911,0.24569139482698296,2.5032321226677174,3.2776789122387013,-0.26210155340153596,0.002143576918364922,-0.09670378828311395,1.5802266870705148,-0.01622925465933437,-0.07710869102652396,0.4263372891337269
24.16758370399475,37.7445137734925,0.23912413632311938,2.503220235855321,3.2779981468869988,-0.1990697340835779,-0.00030073446693107186,-0.15829827644142203,1.4877651769955909,-0.015327592980338447,-0.05954438095626724,0.8782155035128358
24.187880277633667,37.81003822591453,0.23543421039591267,2.503211214581235,3.2742587520155895,-0.1702257441633204,-0.0005984657566622851,-0.21480334054519187,1.3968994540238815,-0.014449433581374814,-0.05164388329641012,0.395024882992856
24.207650184631348,37.87561648149783,0.23305068685176805,2.503105032187934,3.27317573789429,-0.12469289299730156,-0.003125522850474326,-0.24633049609485833,1.2915710336613446,-0.013001592187064565,-0.038147875346520976,0.6748003974944572
24.227762699127197,37.94102878828811,0.23080825560749796,2.503040014826639,3.267960476206759,-0.0998923858426399,-0.0033715938514906206,-0.2746713136696294,1.1889242326363632,-0.011615744862563405,-0.030644214030126182,0.3751830658197397
24.247693061828613,37.97380008913639,0.2303538210998018,2.502951483803074,3.2684403015136727,-0.07417900277471304,-0.005022282035195148,-0.24236269727288962,1.195502638043038,-0.009947087038328308,-0.023087167560712274,0.3778523234706954
24.267611980438232,38.03912253643272,0.229109589666499,2.5028491559058543,3.263909455234939,-0.050234856916656585,-0.005205216935811837,-0.2108543750516039,1.1982896499360594,-0.00835983454180449,-0.01627621602419893,0.34054757682566716
24.287777423858643,38.07182184494406,0.22914996312407937,2.5027414576414673,3.263641846090196,-0.0252971643399494,-0.00684124074519814,-0.21108423664601653,1.133635652791446,-0.006517913882458531,-0.009326382292355717,0.3474916865921607
24.307584762573242,38.202141002899,0.22958858398235513,2.5023969630524694,3.253496716110583,0.03324022125927961,-0.008649157594703442,-0.21747889424051903,1.1362259413994984,-0.004329360112096738,0.007109305618744788,0.8217843955550252
24.327661752700806,38.267167119249514,0.23048055625961,2.5022232536702105,3.2491005197020844,0.055949042157624355,-0.008714901657740639,-0.221799562343342,1.1338391521649693,-0.002265622858716922,0.011973683687791947,0.24321890345235797
24.347836017608643,38.29956909606449,0.2312900903520342,2.502111677425452,3.244464680639422,0.07113528769471619,-0.009386131901920782,-0.24292783780993635,0.9609228564311348,-0.0002520936301333629,0.015795576264630018,0.19109462884190354
24.3676655292511,38.39673874912127,0.2340525764824434,2.5018178978709353,3.2365661687098877,0.10495483440490612,-0.009707913085864744,-0.13250813427248276,0.8592301873265538,0.0017116181359816188,0.02468992696214567,0.4447175348757826
24.38782572746277,38.46145056338682,0.2363169477664306,2.501624206711174,3.2349588155591693,0.1211571555641171,-0.009655064962078798,-0.02943799781111554,0.7616874279662831,0.0035530424937226103,0.027882802116693473,0.15964375772739015
24.407647132873535,38.52592304224489,0.23928953940362974,2.5014132105993414,3.228063085998576,0.14581378168212378,-0.010049515087806413,-0.04085963680764603,0.6713568335368991,0.005319186775100506,0.034132265881740675,0.31247318825236015
24.42786741256714,38.5904754121115,0.2423342281571477,2.5012133960104226,3.227138586859828,0.1583648859048213,-0.009926446574652165,-0.05145411744292998,0.5842935931665414,0.006968400472054643,0.036395418482778386,0.1131576300518855
24.44772744178772,38.622501611513044,0.24424651292810642,2.501101340706706,3.2204120092042414,0.17258457474937577,-0.010209254961756557,0.024871124734826406,0.5788983819461831,0.008508128676010937,0.0399666573538453,0.17856194355334587
24.46760892868042,38.718902899281716,0.24994742002076417,2.5007915830431737,3.215632051823306,0.19723003070614745,-0.010127867230788552,0.13173001153569186,0.5951241890483954,0.009950342395779055,0.045702141795621376,0.28677422208880365
24.48780369758606,38.78324866047417,0.2540119154493913,2.5005911066020774,3.2192770157708646,0.2092595368659943,-0.009915322502091938,0.23161704342715625,0.6071335796331035,0.011286697437923454,0.047521105376116424,0.09094817902475238
24.50766921043396,38.847274373193464,0.2583897512283187,2.5004069439287755,3.215632332493918,0.22250009457199688,-0.009325556684455559,0.49992576618279855,0.6175303876649805,0.012347629915819319,0.05050762608171411,0.1493260352798842
24.527888298034668,38.911703891631305,0.26296372746832447,2.500222968690289,3.2281473827979865,0.23491725481099313,-0.009068720376461108,0.7482950182426806,0.6234501379965582,0.013321701774385339,0.05252757665236141,0.10099752853236499
24.547809839248657,38.94353790535731,0.26520617452366435,2.500155585750585,3.2205251746656804,0.23627801994746075,-0.008261145602505926,0.634694995340168,0.5308042475979967,0.013978208572776539,0.0526590899431425,0.006575664539054671
24.567630290985107,39.03978883351852,0.2724011321784336,2.499945445766066,3.221105622385663,0.24850740752426786,-0.006931386238435309,0.5713449597110344,0.5172630721474994,0.014293355111283825,0.055208751557093816,0.12748308069756575
24.58777666091919,39.104321122562126,0.2774737487548177,2.49980969549347,3.231920820814548,0.2587037074450999,-0.006642738549817755,0.5106057592514796,0.5021011408074553,0.01456411661948636,0.056583636886314626,0.06874426646104048
24.60767698287964,39.1685965812219,0.28261202411738523,2.4997248504359675,3.2310414117650024,0.26518880503028686,-0.005256139895089495,0.409381617024928,0.47912462673755396,0.014462440188645401,0.05766030254135934,0.05383328275223587
24.62783193588257,39.23329283265021,0.28801005916740086,2.49962261239312,3.238265931554238,0.2745358436886761,-0.004968066654108429,0.31403952815712904,0.4554681974677182,0.014341771444293355,0.05903508627982923,0.06873918692349434
24.64768624305725,39.26576408465448,0.2906800366085393,2.4995933674035484,3.244036519235439,0.2754203121723004,-0.004281464126787981,0.3275068675348301,0.35748155888330063,0.014055091086680235,0.05883347258560656,-0.010080684711133436
24.66775870323181,39.330711116636444,0.2962536475620418,2.4995105296761198,3.2507050875575647,0.2816301747571063,-0.004003287456470306,0.33903031273983325,0.2642975080681691,0.0137614449480089,0.05959793798499291,0.038223269969317464
24.687780380249023,39.396163533073235,0.30187310936500183,2.4994531183765734,3.2655008322851997,0.2853229647055207,-0.0032359484352795886,0.2242778640719691,0.22834127315221914,0.013310540354620173,0.05964173481907098,0.0021898417039034612
24.70763349533081,39.49443417640576,0.3105510952382272,2.49937773981635,3.2775792800043617,0.2922993783793529,-0.0023870703119800653,0.15523182064942487,0.19488151651659055,0.012714611214985906,0.06028959332479422,0.03239292528616211
24.727778434753418,39.56001240659458,0.3164338528762505,2.499332502318643,3.2800269626089986,0.29586648106843,-0.002138618292010703,0.09019741355796662,0.16191022200602392,0.012132958946345645,0.06020855213615084,-0.0040520594321691306
24.747725009918213,39.62596876427141,0.32236008772427044,2.499315483268282,3.2894218337896914,0.29828982671899146,-0.0013325256667922624,-0.037526557348195086,0.14485500260908943,0.011411184382449395,0.060144722530977024,-0.00319148025869076
24.767759084701538,39.69174157430317,0.32835367638025326,2.49929106809018,3.2874595811682576,0.30100941386713204,-0.0011113171233922468,-0.15740595908537836,0.12696809915271215,0.010713684074682431,0.06002974192453214,-0.005749030322244053
24.787782907485962,39.724942061253046,0.331316023274803,2.4992903219485716,3.295059557097522,0.3002399086344196,-0.000743747694124953,-0.2228727711101407,0.0797862147737947,0.009995961018729583,0.05964137305417294,-0.01941844351796007
24.807587385177612,39.824198639631845,0.3402947615460202,2.499276371992496,3.3031891234690747,0.3001034798099715,-0.00034826473700276853,-0.1731937656649393,-0.00527794894610711,0.00925649272333974,0.0585939065219665,-0.052373326610322124
24.82770800590515,39.89023086615938,0.34629036616194014,2.499271210152177,3.300183904932005,0.29919081783553664,-0.00017028750990200306,-0.12807913472206212,-0.08512906433827254,0.008546019657447588,0.057760868083271966,-0.041651921934726666
24.85096573829651,39.92360256441967,0.34924875936403516,2.4992728111206466,3.3085184192930712,0.29771274292509664,-8.274239084816678e-07,-0.21776362432621438,-0.07015225076865943,0.007867790033707665,0.057344342729910736,-0.020826267668061504
24.86776304244995,39.98972369306674,0.3551898593854127,2.4992743242950852,3.303314900085291,0.2964390230717675,0.00014997588557002026,-0.3016294010147551,-0.057621992835906716,0.007217087062813264,0.056327415099459266,-0.05084638152257348
24.887847661972046,40.056071879463104,0.36114596067131827,2.499292069171284,3.3056591106964386,0.2961641891703563,0.0006372059794410176,-0.32627196793930774,-0.02939249476830723,0.006510534876581817,0.0559115785791886,-0.020791826013533132
24.907672882080078,40.15531868291267,0.3699362798526878,2.4993251481890937,3.3025196718151224,0.29354162226351715,0.0011409123222685246,-0.2860007048711862,0.06689435277087609,0.005742641940657399,0.05446532541568594,-0.07231265817513322
24.9278461933136,40.221314342024705,0.3758263899567275,2.499349065622062,3.297165938508615,0.29575578323312834,0.0012483943872099482,-0.25008890929973265,0.15281748609461338,0.005011653343607435,0.054430638791595154,-0.0017343312045392523
24.94806694984436,40.25441617267163,0.3785778559597419,2.4993720945614877,3.2980740181367736,0.291667426287515,0.0015838183923244113,-0.308413831411356,0.2449910998012463,0.004273730749606227,0.053436095784905824,-0.04972715033446651
24.967743635177612,40.320312218991944,0.38446581721329864,2.4994045783687766,3.2913453119886813,0.2974007155216044,0.0016622281084912058,-0.36400520603435393,0.32660075387273124,0.0035734492982773237,0.05415543657411215,0.03596703946031621
24.987818241119385,40.386189469100835,0.38983334602890896,2.499452845422227,3.2870700693960044,0.28903475193872785,0.0020806631099787834,-0.39168769447501567,0.5206695879113533,0.0028376154077474182,0.051619638638905396,-0.12678989676033758
25.007622003555298,40.451915193903545,0.395407958515348,2.499499889018584,3.2812772035071576,0.28953349752549234,0.002293962599839906,-0.39737215071299486,0.5916250998706294,0.0021115008529183927,0.05189121678196562,0.013578907153011244
25.02787685394287,40.51746090083767,0.40132117465193273,2.4995461442138223,3.27327562139039,0.3019908205635401,0.0023292728450064115,-0.4027328557247973,0.6524412103754081,0.0014262623731656837,0.053929595359004434,0.10191892885194065
25.047805547714233,40.5829674692771,0.406581227793488,2.4996074239290964,3.2673799192111574,0.2933619629929279,0.0027197783223043216,-0.4830821442859717,0.7560329565750709,0.0007103358788582871,0.05108060605927234,-0.14244946498660482
25.067597150802612,40.68082733123501,0.4152023712588283,2.4996969133365714,3.252860338340269,0.3042133195876242,0.0024448085204996795,-0.6907657229434627,1.1115825139439062,-0.06262130943484923,0.05352664709935029,0.12230205200389754
25.087737560272217,40.745733044669606,0.4215312074915291,2.499729294367984,3.2370523305893353,0.32975914174810717,0.000597552236612068,-0.8883712577651118,1.4382460747124508,-0.1213459112499973,0.05825730032960719,0.2365326615128449
25.107712030410767,40.81053023232789,0.427320206793504,2.499802835256183,3.2136348250765248,0.3265492951197318,0.0006751326807069695,-2.3791693630367807,1.069725667460416,-0.10924256705465996,0.05642681403992844,-0.09152431448393727
25.127840757369995,40.87423383743088,0.43404198733844246,2.4997952675758586,3.1521634716867166,0.3444945382413957,-0.00139346488393351,-3.7478869728660267,0.729447728854037,-0.09771162538486497,0.06139015131384751,0.2481668636959533
25.147693395614624,40.90673004440248,0.4369060284985763,2.4999029678761633,3.1330215813995332,0.3360226914257975,0.0069554550774594825,-5.878760154710622,0.8026689202011023,0.6059320328159036,0.05873721273161303,-0.13264692911172382
25.16789746284485,40.96808186750007,0.4437913472899839,2.5002073125440325,2.99566899770792,0.35271673106635687,0.025634445897330157,-7.8263609820515825,0.8649375046818712,1.2525856828561517,0.06665835036164536,0.39605688150161633
25.18778395652771,41.00193090788681,0.4474649936725065,2.500221232258752,3.030519525384678,0.36441770172632426,0.03192421986958503,-9.313374097407218,0.8322921837346374,1.6448213254309276,0.06585483196996922,-0.04017591958380695
25.20764660835266,41.12651500716638,0.463077985210466,2.501586563128506,2.9244810967108044,0.40599740070601914,0.0686154982699046,-9.461310783005267,0.6520752271810962,1.4618586309082386,0.0774308913723254,0.5788029701178088
25.227792501449585,41.18310409927142,0.4713167967706,2.5032394974835546,2.7340408898668116,0.4173138197530155,0.09609798779903272,-9.577493075211978,0.4810918012655103,1.2878707203279889,0.08269841599080241,0.26337623092385076
25.24775266647339,41.21511927680995,0.47587098705218184,2.504535149470947,2.7882243813687113,0.4282200758363753,0.11664893026937252,-8.637821105174488,-0.03319856067310114,1.128272341514624,0.08185747951862332,-0.0420468236089544
25.267781972885132,41.29717936977914,0.48946581346673385,2.5092802386066273,2.596322102290041,0.4450376382864739,0.16996156042308722,-7.663721650839617,-0.6210903603389627,0.9704115389734845,0.09283416960921675,0.5488345045296716
25.287806749343872,41.3476352895312,0.49820524273967537,2.5128634423710072,2.4523362373169886,0.4270843513980181,0.18786015228395136,-6.743792121730856,-1.1673880594415738,0.8208094977835547,0.08969872114208854,-0.1567724233564105
25.30760908126831,41.37159730038456,0.5035731476907035,2.5151348144567693,2.3809193410765483,0.44421276061658427,0.20388187661047602,-6.047148987862295,-1.767351270331062,0.6840811738273912,0.09916792891448978,0.4734603886200617
25.32775068283081,41.41805084117136,0.5120664465358976,2.519340526064584,2.2666333186421523,0.4032840985351821,0.21625831956587135,-5.387561064213719,-2.3172796509305793,0.5547891155280952,0.0885230706738036,-0.5322429120343086
25.34774613380432,41.458870698558954,0.523001828124345,2.52379093588915,2.07813152341084,0.43999672697233977,0.2260678123252082,-4.492905455690556,-2.5950744761122753,0.4372112607423013,0.11380080161286354,1.263886546952997
25.367663145065308,41.516394359051795,0.5374243091012144,2.530663893308396,1.868446685287098,0.42777846205848225,0.2351489077686231,-3.814798473621136,-2.818106707005983,0.32751291284117784,0.11525132999548449,0.07252641913104707
25.387744903564453,41.55304363367695,0.5454025232028301,2.535425381156988,1.7986144208698573,0.36937491209068374,0.24065550582205011,-3.1746914044493795,-3.018526980847763,0.22419916711194826,0.09741695433531472,-0.8917187830084883
25.407690048217773,41.58402946180068,0.5549504670893786,2.539847832426072,1.6301725975786432,0.3735995833540004,0.2327108781598546,-2.6028863318279174,-3.311601664103111,0.13425264155809402,0.11800340518035446,1.029322542251987
25.4277446269989,41.61614888475154,0.5617420487042344,2.544523179860991,1.5835712214446274,0.3046779003869198,0.2345423711492112,-2.0624179232195967,-3.5758170470639192,0.049802310933289864,0.0865874786444567,-1.5707963267948966
25.447662591934204,41.6287926319552,0.5659174723891609,2.546383538282583,1.476723132498562,0.29919401530516176,0.2200822200009494,-1.8735184050494256,-4.354949543331955,-0.021104787728371866,0.10238436546305119,0.789844340929724
25.467880964279175,41.657964660232814,0.5709818300487794,2.5507764645059186,1.4410878149033313,0.20487114364093098,0.21898932431069523,-1.6910805655154255,-5.066160229712497,-0.08742996110885384,0.07096843892715343,-1.5707963267948966
25.487895250320435,41.681570519145936,0.5767453233107995,2.5544712510084815,1.2886233337120727,0.16869468671733906,0.20096957086941303,-1.5308182238241903,-5.594692192523843,-0.14183040365876648,0.05579154757776372,-0.7588445674694855
25.50763702392578,41.71692987147345,0.5815150134416419,2.5603395720338344,1.1689921846807991,0.05907248002769921,0.19385661309913088,-1.5672861876401851,-6.220572475840295,-0.23897420211008713,0.02437562104186597,-1.5707963267948966
25.52773642539978,41.73999419024827,0.5814139321940032,2.5641627864583607,1.1373422862570772,-0.07104707975760108,0.18816448791438262,-1.596511070243318,-6.780544028500388,-0.32907948470482135,-0.007040305494031784,-1.5707963267948966
25.547770738601685,41.749403797367,0.5823972785626819,2.566275227703281,1.0732916561017938,-0.08403789847706797,0.19192977667714883,-1.070484589582609,-7.082221192181088,-0.40688988082941613,-0.03845623202992954,-1.5707963267948966
25.567667484283447,41.779532595956255,0.5787298777020092,2.57244187702708,0.998585221447183,-0.23613272774967692,0.19669407648511297,-0.6980112553469078,-6.628689028071304,-0.4325670289239624,-0.06987215856582729,-1.5707963267948966
25.58778142929077,41.79938854166706,0.5727109334190975,2.5762876590896147,0.9881852523043373,-0.364302290507378,0.18780689240989595,-0.345233503766808,-6.1908613565071295,-0.455739319986364,-0.10128808510172504,-1.5707963267948966
25.607646703720093,41.81658522248902,0.5650780201852362,2.5807043958266602,0.9207992555987468,-0.46865433406619356,0.1959404642445896,-0.05573374735465122,-5.752305906946695,-0.47838149530320145,-0.1327040116376228,-1.5707963267948966
25.62776827812195,41.83500848755219,0.5545829460803433,2.584526140350516,0.9224342162570446,-0.579441988220192,0.18616655248116,0.21636258200923061,-5.328975071557821,-0.49861325525618766,-0.16411993817352055,-1.5707963267948966
25.64768671989441,41.842579968377606,0.5475561570496313,2.5864474791921412,0.8759848955805233,-0.6595585037949739,0.18282309687887532,-0.0013396595425619296,-5.067472853259738,-0.515142203895769,-0.1955358647094183,-1.5707963267948966
25.667573928833008,41.86764434866629,0.5237111894779122,2.5915717550429074,0.8458843003462455,-0.8584109062465517,0.16339215931200332,0.3188292423619534,-4.550424261907301,-0.5264991631877547,-0.22695179124531606,-1.5707963267948966
25.687780618667603,41.884646087942706,0.5056661444732,2.5947336320558843,0.855286609570733,-0.9444506755993962,0.1527637145240142,0.6179322325034073,-4.057540794408728,-0.5360482511545562,-0.2583677177812138,-1.5707963267948966
25.70760202407837,41.90095592709187,0.4829279808044587,2.59738678870842,0.8492999457231459,-1.0986529954445188,0.13433322039603532,1.1032939561877129,-3.5544984659463705,-0.5395913670700422,-0.28978364431711157,-1.5707963267948966
25.727710247039795,41.9181931193078,0.4602763099055577,2.59996536657379,0.8759160274178717,-1.1649202167076171,0.123517266037761,1.5523341206940429,-3.0763267404776,-0.5417820804615797,-0.3211995708530093,-1.5707963267948966
25.747835397720337,41.92635685394273,0.44618311168806185,2.600867287310986,0.8727697838768771,-1.258143900845196,0.10910592854055191,1.638839241706654,-2.7356054269189154,-0.5393991692637593,-0.3526154973889071,-1.5707963267948966
25.767887830734253,41.94414538017846,0.4204950658459416,2.6029417345466475,0.9063443318322888,-1.3095755790484571,0.09835003210263529,1.7172903006586908,-2.4100693478044515,-0.5360285918370922,-0.3840314239248048,-1.5707963267948966
25.78784728050232,41.961106695510395,0.3898210080257633,2.604135497467401,0.9027771660046439,-1.4528602358973413,0.0708826500290773,1.5427354283180092,-1.8559627147734037,-0.5256186854568416,-0.4154473504607026,-1.5707963267948966
25.80760669708252,41.988476943919544,0.3427626235529264,2.605568656839497,0.9374280730998853,-1.5813370884474527,0.042186642370363577,1.3624304579888014,-1.5456801936166213,-0.5095402013180924,-0.44686327699660033,-1.5707963267948966
25.82781720161438,42.00748649578085,0.3108467903424823,2.6063115580019334,0.962960965264646,-1.6092545710932276,0.03215736036710192,1.1925822710343432,-1.24817766086654,-0.49337445273575653,-0.4782792035324981,-1.5707963267948966
25.84775400161743,42.01743642949991,0.2923215020245383,2.6061443853288457,0.9815139516255766,-1.6842809253819326,0.014145691844529375,0.9492465947997448,-0.719729517844909,-0.4737729470629142,-0.5096951300683958,-1.5707963267948966
25.867666959762573,42.037241075448804,0.2585255948905004,2.606333841691481,0.9981887057586953,-1.6936528111223283,0.004864636947141994,0.7206599322994942,-0.22262481908725737,-0.4543652737931802,-0.5411110566042936,-1.5707963267948966
25.88774013519287,42.05890890609905,0.22085499531896352,2.605647158976726,1.0512133621616981,-1.789172988204734,-0.021269978445780623,0.4504086654317856,0.1336775793927864,-0.4298346696750424,-0.5612256726018137,-1.0057307998760034
25.907592296600342,42.08080917867709,0.18370606885875385,2.604888978528635,1.0838812333428023,-1.831687208544757,-0.03786847147592311,0.10531582038583218,0.2712842814231933,-0.40349153808435834,-0.540359996582561,1.0432838009626355
25.92773175239563,42.10248606433049,0.14713550466476655,2.6040526299429816,1.0827370283187916,-1.8249271944512921,-0.045681043290620484,-0.21578470269529346,0.4038905713083566,-0.3778882599778057,-0.54308897440092,-0.13644889091795065
25.947633981704712,42.12656914917907,0.10760080589011538,2.6023241179383434,1.1399048276213208,-1.8921368327736672,-0.07227759702277625,-0.3346399404902155,0.4065538755240743,-0.308638838633335,-0.5292766421901556,0.6906166105382194
25.967681169509888,42.14929302138001,0.06983974210593104,2.600821233871903,1.1321278813738487,-1.8839484186808304,-0.07779466640043482,-0.4409986068290462,0.41289003673278313,-0.2437942797506068,-0.5288482927657432,0.021417471220619433
25.987786531448364,42.16224412987157,0.04975346653433906,2.5992754888782152,1.1738908216385637,-1.9137821800323782,-0.10139852841025673,-0.5123577716549778,0.5317530989156649,-0.2563863312826214,-0.5200808774606274,0.4383707652557911
26.0075466632843,42.21110762599355,-0.027433754515087068,2.594590755598835,1.2106101034653833,-1.9139674681386467,-0.12039891793175804,-0.47642774621170647,0.9063135683777536,-0.2629302451813196,-0.5011088931938787,0.948599213337431
26.027921438217163,42.23522716811605,-0.06550814717257156,2.5921298244106623,1.201479149825458,-1.892308100793984,-0.1257114015296982,-0.4359182017846341,1.2554325373999842,-0.26809114500144415,-0.5021121496246685,-0.05016282153949003
26.04782009124756,42.24839121390945,-0.08477665858994345,2.590930522790886,1.2285580865560106,-1.8923632628767646,-0.1256920159853671,-0.6113478977524074,1.1330961700572453,-0.2141123746509478,-0.4924495833219864,0.48312831513410703
26.067649126052856,42.272829302498735,-0.12240492301459228,2.588377283602022,1.2147252446329067,-1.8708352680153035,-0.12946360082437985,-0.7690138564217628,1.0214651665301158,-0.16362037992751013,-0.4897217472869797,0.13639180175033516
26.087833642959595,42.28592732592626,-0.14157648931699934,2.587122500113615,1.2341449147730255,-1.8753122418022568,-0.12969975400644282,-0.897142042110694,0.9207482308179472,-0.1369908651356399,-0.4839412879458571,0.2890229670561295
26.107614994049072,42.336233264530804,-0.21575673037593932,2.58176397266358,1.2389501021701996,-1.8348616149899202,-0.13634530596662903,-0.9336269992268642,0.8704569317063431,-0.1100617403698701,-0.4654015682668269,0.9269859839515115
26.127790927886963,42.36082345396815,-0.25228290373006806,2.5790167828502386,1.219970145572917,-1.817902085858756,-0.1382883408185194,-0.9632389557194141,0.8265443509232209,-0.08446093666890137,-0.4687893733760573,-0.1693902554615212
26.147865772247314,42.37387307486923,-0.2699234021592068,2.577692694838655,1.235580000336614,-1.795553273784876,-0.13679022774788105,-0.9635571990755475,0.7300512757718192,-0.061692100806817016,-0.4579039931701172,0.5442690102970049
26.167641401290894,42.4112096743746,-0.3226185788752426,2.5737365791588216,1.2268749103341703,-1.7492135466715082,-0.13323531964664465,-0.8840791207701748,0.7160301472905602,-0.04110155398873167,-0.4485548650971998,0.4674564036458717
26.187856912612915,42.435575731332946,-0.3574603921435658,2.5710649716996063,1.2100007380044946,-1.7350021423297617,-0.13386034505948424,-0.8030949384463579,0.705719687825788,-0.021576830581717256,-0.4472797901297083,0.06375374837457315
26.207701683044434,42.44804239026801,-0.37383527134326305,2.5700060781608562,1.213406374850141,-1.7018211956538605,-0.12575439475093503,-0.7517379867185916,0.6219361177358438,-0.005936119638436958,-0.4401531060298125,0.3563342049947904
26.22783923149109,42.47216374073793,-0.40775243796574473,2.567490804453996,1.1989095894270456,-1.6901444797328087,-0.12572358601583405,-0.6974648697217077,0.5472281994826619,0.008881132659709702,-0.4377602586299254,0.11964236999435496
26.2477023601532,42.49606894258365,-0.43998229806242106,2.5654671096666637,1.1861291931137417,-1.640612492937732,-0.11317802402594179,-0.656640366707814,0.773632260153634,0.01949068123413771,-0.42862810836618337,0.4566075131871017
26.26770305633545,42.531230238072595,-0.4880506541530602,2.5623999665377606,1.1632799951781883,-1.5933015487797468,-0.10342347308490826,-0.5826555581323657,1.0060610931296288,0.02739497188808136,-0.42193566417773853,0.33462220942224175
26.28770613670349,42.554384189230824,-0.5197007565690474,2.560337482396215,1.1523584000154594,-1.5709856926090564,-0.10279996491519043,-0.5096719764288269,1.2229670986207133,0.034887949551024214,-0.4174490624720617,0.22433008528384146
26.307650804519653,42.565684742881864,-0.5348558973618646,2.5596245905569996,1.1404126702470276,-1.5425905564646563,-0.09346046066596989,-0.6457424411021133,1.5401860395326468,0.039480311677417855,-0.416121687209448,0.0663687631306864
26.327819108963013,42.58835542834017,-0.5653797265242806,2.557763572026433,1.1262456145480049,-1.508814905345611,-0.09262685180318553,-0.7688262670436022,1.833432064573985,0.04384255457478671,-0.4077734636587369,0.4174111775355538
26.347691535949707,42.610502332282024,-0.5953433038259488,2.556398438000111,1.1055340504934243,-1.4762536835654871,-0.07970211592902018,-0.8546889618535397,1.9975501264839077,0.04494888650327646,-0.4065114583295908,0.06310026645730549
26.367621898651123,42.6433631107706,-0.6391174356778376,2.554361084485329,1.0813774852141027,-1.4266113011318386,-0.06881875176168761,-0.9719675263481787,2.0730449896352354,0.04377061793820841,-0.39627271101190065,0.5119373658845072
26.387723445892334,42.66478903857188,-0.667230387029244,2.5529933907219524,1.0608635726616793,-1.384456586466913,-0.06795417384262457,-1.0774891913502396,2.1412223423101584,0.04270577774742228,-0.39301503433440477,0.162883833874794
26.407604217529297,42.675495878265785,-0.6811944044850431,2.5526412932331812,1.0538311771915903,-1.3685239218367464,-0.058316967191681814,-1.1583096561451032,2.203187009191495,0.039594741994942055,-0.39230173492337705,0.03566497055138562
26.42778968811035,42.69633597193474,-0.7081204452721401,2.551482677395864,1.0299433316567281,-1.3238955799702328,-0.05755419228233455,-1.2287717137793994,2.2585628404657423,0.036721911683620885,-0.38425488964508636,0.40234226391453465
26.44767427444458,42.71708568974311,-0.7342323961182562,2.5507705722935436,1.0156919521876597,-1.2798385522221831,-0.04626619768616356,-1.1664300206669351,2.3026758891226202,0.03171069064011171,-0.3799098648962018,0.21725123744422703
26.46757745742798,42.747163509600036,-0.771506080594923,2.549633599566777,0.9845912039935518,-1.2078145853356,-0.0386614030932751,-1.0951447824492073,2.3462049130121923,0.025613791577962335,-0.3694203419918485,0.5244761452176672
26.487680673599243,42.76664117498353,-0.7951905564045384,2.5488651100474313,0.9634207591944594,-1.160509620627338,-0.03820639409146315,-1.0215192513777842,2.383220278712263,0.019960029484718176,-0.36540633631867614,0.20070028365861692
26.507687091827393,42.77615596276379,-0.8065485095855627,2.548690035084053,0.9517505684199054,-1.1327453187397263,-0.03223783576771675,-0.9188193590755579,2.412711357040419,0.013698974965351534,-0.3640886907916956,0.06588227634902744
26.52776336669922,42.795014064926,-0.8287192075571113,2.548047624446966,0.9344024842728135,-1.084246095673585,-0.032022524555455206,-0.8159695061157524,2.4362288849244385,0.00790979044784328,-0.3536423046742998,0.5223193058697895
26.547845602035522,42.81304507151611,-0.849757045991375,2.5476756921158135,0.9067205664280034,-1.0316508593581097,-0.025387190602379487,-0.6187173692152038,2.4117694938709042,0.0014271737144064423,-0.3517763449072926,0.0932979883503604
26.567703247070312,42.83106856826673,-0.8699094573324442,2.5471678268976743,0.8962652406535101,-0.983679598959935,-0.0254192569946302,-0.4278762756848086,2.3849735097156293,-0.0045507760635463855,-0.34133740899127263,0.5219467958009982
26.587738513946533,42.83948215489778,-0.8794572025132026,2.5470425237839036,0.8774111652926107,-0.9551528515731059,-0.021921935198420586,-0.3422708404203989,2.3383128970388674,-0.01047435308335542,-0.3427769644071259,-0.07197777079266388
26.607592821121216,42.86490368562488,-0.9067495692180402,2.546462736359555,0.8463490589435805,-0.8761132492866524,-0.020035031127966823,-0.2875479976586491,2.3137985021685274,-0.016121388967288975,-0.32538193269178795,0.869751585766898
26.627771377563477,42.88177686113641,-0.9238108867457372,2.5460584590763444,0.8411545848080451,-0.8301120266343154,-0.020409920697621833,-0.23172140777669492,2.2857435293042356,-0.021288649057209882,-0.31846015627879476,0.3460888206496593
26.64782404899597,42.89758165881525,-0.9393730710248342,2.5456931156417433,0.8128729243674667,-0.7710004197428764,-0.019821361506100955,-0.21092358927831922,2.126258889030569,-0.025706449311351635,-0.31047460405872895,0.3992776110032903
26.667777061462402,42.921400641345755,-0.9610685039514834,2.5450928998796902,0.7936875671215544,-0.6947172704481659,-0.020485944567850065,-0.17572761230131387,1.9535342052404645,-0.029365070784047997,-0.29105998736431005,0.9707308347209453
26.68781018257141,42.937241579311404,-0.974583136310448,2.544677082888845,0.7905225969392118,-0.6572870779426989,-0.021106699826053326,-0.1408174442987272,1.791196518286462,-0.032648834811872425,-0.28438745197340776,0.3336267695451145
26.707594394683838,42.95254270115148,-0.9864480079095659,2.544209497179963,0.7764443199457866,-0.5996012901884418,-0.022901282712404405,-0.09296383867735507,1.5720354956958693,-0.03479136264592711,-0.2678148307156616,0.8286310628873084
26.727802276611328,42.96805624977484,-0.9981395696685196,2.5437443848423604,0.7750743389453201,-0.570241052759319,-0.023616135035978397,-0.04382603365492503,1.3661802555641505,-0.03664669780104576,-0.2606892492643791,0.35627907256412517
26.74769115447998,42.97556647940773,-1.0029983763711106,2.5434426970129285,0.7687616333402473,-0.5358908658310614,-0.025873424724036777,0.058805904789382905,1.1809581809693834,-0.03746158401726401,-0.250963767587844,0.4862740838267543
26.767781496047974,42.9983728730746,-1.0175644473888168,2.542562104079489,0.7633431747464359,-0.4741016308951498,-0.029526755714955034,0.17749842666533608,0.994116913736343,-0.03707289254468189,-0.224961593249712,1.3001087169066006
26.787811040878296,43.013683017933026,-1.0268594887426312,2.541964186778413,0.768058214913885,-0.4559838465125527,-0.03026324899829017,0.2935697824995039,0.8197094269945613,-0.03655535254122684,-0.22342658442529517,0.07675044122084085
26.80767560005188,43.021068774901664,-1.0304897889009095,2.5415628329954396,0.7625292603192335,-0.4247639222495288,-0.033384542499531884,0.33992997163304584,0.5642387843857882,-0.0350562591324657,-0.20942075748513966,0.7002913470077754
26.82777452468872,43.03639056575976,-1.0388883264960997,2.540888233537482,0.7698129054823898,-0.4158799787315249,-0.03407022738726402,0.388852078873338,0.32718900442014853,-0.033503535255684704,-0.20641336016765743,0.1503698658741115
26.84770703315735,43.05130146506392,-1.0456028677231692,2.540070113853557,0.7640556299286062,-0.37283424420623834,-0.03790642154758226,0.4096681880408576,0.07102280026209817,-0.03082271597851893,-0.18403267465613204,1.1190342755762694
26.867692470550537,43.06666604787466,-1.0530614365921844,2.5393059980626296,0.7724819126645649,-0.3738108047321109,-0.03849632443615353,0.43344492376710075,-0.1654337844257241,-0.028172798310633698,-0.19181438155124342,-0.38908534475556866
26.887826681137085,43.07416056398572,-1.0557489157100761,2.5388489422939258,0.7678077592361685,-0.34667680076487184,-0.040748686117983476,0.17316842104453026,-0.31900017365852396,-0.025021968919437854,-0.17216855062165415,0.9822915464794635
26.907634735107422,43.10512993919114,-1.0681812912636104,2.537118339406279,0.7758929715510179,-0.3202583229337985,-0.04364405477964464,-0.20782762205631847,-0.5471153246580543,-0.021040853053057366,-0.15973815649972156,0.6215197060966293
26.92770504951477,43.120582525951995,-1.0747100998463532,2.5362415087617576,0.7682081523449691,-0.3333172342655093,-0.04402619090278461,-0.5551078496888426,-0.755533027584202,-0.017195193844159493,-0.17444566320723665,-0.7353753353757542
26.947681427001953,43.12877297676712,-1.077241120314596,2.5357783888892675,0.7778580533681704,-0.3160866237744781,-0.04475068683781057,-0.6679531018681422,-0.6093570013169533,-0.0133936575605676,-0.15537567843517186,0.9534992386032393
26.96761202812195,43.15286928240274,-1.086364323997211,2.5344107649027077,0.7856385912748155,-0.317263011474849,-0.04590276330697574,-0.9630788854472805,-0.5855862794668102,-0.04323025766363618,-0.16152132151150722,-0.30728215381676804
26.987845182418823,43.16837129864888,-1.092825072097373,2.533482183248276,0.7636812476240896,-0.3287295997350223,-0.047047627901002115,-1.2276283918600928,-0.5609271762037316,-0.07089877040790163,-0.17160193033881033,-0.5040304413651553
27.00760579109192,43.18505440605653,-1.0993156170271812,2.532582517767874,0.7797026636637895,-0.334686997358847,-0.04679747181168829,-1.364513408267726,-0.33939478311833543,-0.06038338853740798,-0.16720436643371617,0.21987819525470798
27.027782440185547,43.20036724720216,-1.1060631669017558,2.531635168233352,0.7511793781422004,-0.3393760541040284,-0.047904055788262435,-1.4851425846667026,-0.13180866334518104,-0.05035547750824302,-0.179126841144289,-0.596123735528642
27.047832250595093,43.20885307494996,-1.1097920720624772,2.53121502910881,0.7655900301263239,-0.34787048359342626,-0.04657833823920649,-1.5011296401513414,0.2268292728752904,-0.041620336630581185,-0.17638597793945987,0.1370431602414568
27.0678973197937,43.223863971588266,-1.116681576933653,2.5302757000162197,0.7354720886320801,-0.33997558244320353,-0.04732682378762762,-1.509396979721413,0.5581668028523676,-0.033296035834197144,-0.18178373687548355,-0.2698879468011839
27.087732076644897,43.23953437395053,-1.1249388660396202,2.5293956680361944,0.7384215597590278,-0.3686918986942724,-0.046165863062806414,-1.1589038930896405,0.7292527063158365,-0.02592473568995536,-0.1959410211396726,-0.7078642132094526
27.107604503631592,43.26143374049892,-1.1370716293307643,2.5280236787212305,0.712715797491502,-0.38620403417140764,-0.04621763552452293,-0.827311191378238,0.7942936211240065,-0.018939231317091014,-0.20890895116285257,-0.6483965011589987
27.127758264541626,43.27554396199289,-1.1446327939432417,2.527095986477405,0.6993625610302671,-0.36971414333618946,-0.04652945984940286,-0.5104438946760197,0.8537809622626986,-0.012300415273307544,-0.19575688384508805,0.6576033658882263
27.147905588150024,43.28223564259771,-1.1495100747380171,2.5266369501711017,0.687376211389261,-0.39484566628985057,-0.04644864211526464,-0.2845605661849526,0.9385163567879121,-0.0062825415399661065,-0.22301040206335232,-1.3626759109132136
27.167757272720337,43.295940880519865,-1.1572139157084063,2.525707106433566,0.6838717211164154,-0.37527458522833856,-0.04651670775704646,-0.06731603396714302,1.0176720658286929,-0.0005752739011484957,-0.19981691540219426,1.159674333057903
27.18778944015503,43.30188714569042,-1.1619389700074054,2.5252103640477492,0.6593069529750778,-0.39357615366366117,-0.047419150607869574,0.1415968276109559,1.0487397947774975,0.004858568542885992,-0.23038120772471382,-1.528214616125978
27.207629680633545,43.326667683326164,-1.1781447660743791,2.5232504191663137,0.6251323247465335,-0.38418463156997856,-0.04885772854483759,0.39988052710751343,0.9490397090137156,0.010591023447705522,-0.22230103684256797,0.4040085441072927
27.227832794189453,43.33926695477294,-1.18564503691201,2.5222757484717424,0.6356178569798723,-0.36615746680586486,-0.04859132898551633,0.6467950920072791,0.8545335509784296,0.01599471710408659,-0.2084994035727732,0.6900816634897389
27.247808933258057,43.34469183708267,-1.1898488576188666,2.5217739762014633,0.6146993338981223,-0.3755075792381208,-0.04879750801423764,0.6387768882539634,0.6486127742352186,0.020960785718668704,-0.23059600157891058,-1.1048299003068696
27.26764225959778,43.36242874627087,-1.2009896089154193,2.520323833085825,0.6049020107720826,-0.3599485811868183,-0.04682023028154495,0.47706655579192886,0.6692184507194454,0.16720705363297514,-0.21359696980994514,0.8499515884482722
27.28777766227722,43.37461199543753,-1.2080535383449498,2.51943002325191,0.6129221668863516,-0.3463873112110924,-0.04211289071524494,0.3268403002517401,0.6863352545568892,0.30157060260398055,-0.20727596084884814,0.31605044805484983
27.307600498199463,43.38017290071661,-1.2114986444184332,2.5189703587173673,0.5971838453290044,-0.3407070079815568,-0.04081032997094733,-0.06572481762247548,0.5893554677789393,0.2860272890133815,-0.21360276186577654,-0.3163400508464198
27.327756881713867,43.39207875239889,-1.2182010594040322,2.518210333397133,0.5921918228307067,-0.3298365257598081,-0.03524320914258619,-0.42858681896721634,0.49874266219039726,0.27072520289509544,-0.20371899935214488,0.49418812568158277
27.347649097442627,43.40422911991016,-1.2246012093582401,2.517423785758418,0.5938475683848048,-0.31749964014994403,-0.03286876203457813,-0.7493487002335933,0.42592328580909106,0.24720027759592852,-0.19876292891389147,0.24780352191267063
27.367623805999756,43.42267444604639,-1.2337448419296542,2.5165675432818215,0.5982710546686487,-0.29963747622263615,-0.02502396458613682,-0.9006775560349389,0.3725083486782774,0.22432461496339312,-0.1855539632323664,0.6604482840762538
27.387821435928345,43.4344504846234,-1.2396664680365683,2.5161104583104783,0.5788842716389405,-0.29269103905367977,-0.020757165595359433,-1.035244446211646,0.3227356159377193,0.2025343308909395,-0.1924663477645474,-0.34561922660905076
27.40764045715332,43.441166823861685,-1.2423598180023807,2.515958987730712,0.5939823109674923,-0.28359483940663044,-0.017469214201735323,-1.2981877277590015,0.2789542439074132,0.19307077964096225,-0.17734467454182035,0.7560836611363531
27.42773985862732,43.45277056950156,-1.2479786880203678,2.5156475858008824,0.5655999066426384,-0.27842781817874057,-0.01370258017297114,-1.5359025604383145,0.23825643344009229,0.1835904940876756,-0.18993326571496816,-0.6294295586573906
27.447776794433594,43.46531832119855,-1.2530883640663324,2.5155158395574513,0.5739690796491181,-0.2640555005752779,-0.007542055174080415,-1.4778320895251225,0.15656299026791964,0.16307352977878706,-0.16977189060925646,1.008068755285585
27.467687129974365,43.482722884996875,-1.2606500666407936,2.515438144277665,0.5544792483304415,-0.25126666541726433,-0.0006454955980184702,-1.3150474924716846,0.13007835418583563,0.142941645096099,-0.1750493863157696,-0.26387478532565734
27.487772941589355,43.49356008515368,-1.2656510527147469,2.5154525332629274,0.5297682330632393,-0.24891376490040193,0.002020790367803101,-1.1568068820394997,0.10553071429782665,0.12386014381194119,-0.18016116200558807,-0.25558878449092326
27.507646083831787,43.50448532671983,-1.2702154482032995,2.515643201915781,0.5202406600202588,-0.23749671053937477,0.007452164373160485,-0.9670045608404076,0.06677804762607793,0.10562918017461408,-0.17222230682599937,0.396942758979435
27.52776527404785,43.5147090958742,-1.2749544677483324,2.5158122055870837,0.5027491924210117,-0.23652494525484638,0.009390752516108962,-0.7831221135052668,0.030866572250806478,0.08839374591857872,-0.181601267060314,-0.46894801171573075
27.547640085220337,43.51955525117071,-1.2771011385784101,2.515975468857331,0.49177243416192107,-0.22954884929551,0.011945857694400503,-0.6079503826946527,0.09936249877515695,0.07254316779460004,-0.1769908987750073,0.23051841426533493
27.5677433013916,43.52928052771539,-1.2816679422010684,2.516227883276825,0.48132181076657493,-0.2269208331339289,0.01324576218268127,-0.43797216989194554,0.16256868847724704,0.05759621144262461,-0.18042898081519088,-0.17190410200917938
27.58775305747986,43.537951140213245,-1.2859899950195064,2.516585978407683,0.45015917360417024,-0.21899570901946955,0.016260036694921823,-0.4317844332971553,0.2611339274076307,0.043630376279127234,-0.1870310730274447,-0.3301046106126915
27.607637405395508,43.54650357370176,-1.2903517417316064,2.51694253498473,0.4294675503488044,-0.21366578498140756,0.017781584791214257,-0.4355025622992064,0.4374215788453244,0.03060646686356961,-0.19023211625988168,-0.16005216162184865
27.627802848815918,43.55500582924544,-1.2945264995480352,2.517303459867145,0.42076239843490626,-0.2032674794355364,0.01827015886210786,-0.4341868816383372,0.6001823109913731,0.01838278515003766,-0.18129822143562713,0.44669474121272756
27.6476788520813,43.562644015617884,-1.2989412900848012,2.517736397089215,0.39614926754928903,-0.20335125492836498,0.02016463313524726,-0.3747409737849526,0.688252832056843,0.007114946185518147,-0.20030658854674854,-0.9504183555560708
27.667673349380493,43.57049605882018,-1.3028652035502477,2.5181403982853965,0.3892560426536641,-0.18877377928761577,0.02020036800230332,-0.3144450173091156,0.7681500352326056,-0.003420883025216621,-0.17961874426984137,1.0343922138453587
27.68783926963806,43.574091704300955,-1.30523620814458,2.5183799633837523,0.37955694512125066,-0.196585083473468,0.020918779033577393,-0.14755731604459826,0.6913744205620325,-0.04040782372747696,-0.2037324166555594,-1.2056836192859022
27.70766544342041,43.58501947521614,-1.3112870215951213,2.5190411401200596,0.36484213160528656,-0.19013311465982718,0.02094790242231906,0.002948977347599191,0.5012721161596548,-0.06998361896074579,-0.1950788470703415,0.4326784792608951
27.727826356887817,43.592326596057376,-1.3150014382667548,2.5194442465757922,0.36634867921312,-0.18189805862423122,0.01927192112287345,0.14656920640398305,0.3244150914220317,-0.09723116679429468,-0.18682614782729123,0.41263496215251383
27.74776029586792,43.59884257503012,-1.318674089987595,2.519880224548615,0.3476941517337989,-0.17757166475681976,0.01904083613511072,0.16048333215350652,0.14021393036015994,-0.10098520089488235,-0.19799296272535516,-0.5583407449031963
27.767736196517944,43.6087364819182,-1.323536701101902,2.5204352832718326,0.33493784182781466,-0.1612780477312751,0.017790233907562552,0.100167140902494,0.16129212645849828,0.02338490636140744,-0.18013221146421987,0.8930375630567644
27.788009643554688,43.61545158448734,-1.3267287505867438,2.520803561903017,0.3363935056264958,-0.15786674322613894,0.019419347429007593,0.04649138424906808,0.17934087652447323,0.1379042997213189,-0.18121207116960347,-0.05399298526918006
27.807741403579712,43.621685807268115,-1.3292770065465143,2.521100134444137,0.3247598362550839,-0.14061595838945898,0.01858054888242681,-0.11142898945862313,0.19605779689317954,0.11414752837682983,-0.16381659168751517,0.8697739741044153
27.827940225601196,43.62814880372337,-1.3320490983532305,2.521493058325877,0.32105417632860195,-0.13654405482893345,0.02063711523368203,-0.2571237400461059,0.21080881392588424,0.09172981786048562,-0.1665187906109824,-0.1351099461733618
27.847898721694946,43.63139186465719,-1.3332793242453056,2.521619760737032,0.3156629890315912,-0.1318199770773297,0.019159386789523954,-0.8301954423963039,0.1413570276397676,0.07235021672552276,-0.16265917571680433,0.1929807447089038
27.86771273612976,43.63750329440141,-1.3358918337057701,2.5220161836027177,0.2937301016183124,-0.12964593720400672,0.020422093268569644,-1.3551809831103814,0.076864807925246,0.054107837406590406,-0.17736434810693202,-0.7352586195063848
27.887800455093384,43.641077945974835,-1.3371571698749223,2.522224104234183,0.2979251246283232,-0.1281512723811524,0.020917891898618184,-1.7791277619328678,0.06776274919232843,0.03793198976773104,-0.1653364929170973,0.6013927594917368
27.90766191482544,43.65085858793014,-1.3408576940419374,2.5228911390407265,0.2883081504200037,-0.12294466756740431,0.02250671721783821,-2.2339217071302,0.04998828185500027,0.022826245594383916,-0.16905026806242107,-0.18568875726618916
27.927772045135498,43.65614980976315,-1.3433077128454654,2.5233448795915683,0.23944171549001317,-0.1221123440287128,0.022820175591278337,-2.6456357066312006,0.033448665937284475,0.008677193719370629,-0.20046619459831883,-1.5707963267948966
27.947803497314453,43.66325228939387,-1.345504376239771,2.5238423235550145,0.2604301222269193,-0.11600875692576729,0.02313512015931741,-2.4011315106205466,-0.0445598463095794,-0.10923782446791148,-0.16905026806242107,1.5707963267948966
27.967709064483643,43.67154561505223,-1.3488051869183233,2.5245764284869887,0.23423828813255218,-0.11082073802811881,0.02259988477917811,-2.014930792144985,0.05248155119520205,-0.1099677539613678,-0.19228651243171635,-1.161812218464764
27.98776650428772,43.67585224970345,-1.3510049812594926,2.525006398341385,0.19765322867898816,-0.1088581692446951,0.020395621628219503,-1.646509508474777,0.14264236475643902,-0.11041160900929559,-0.2183099792858747,-1.3011733427079175
28.00766634941101,43.678292197325256,-1.3520067781748353,2.525284931312829,0.19380834201992192,-0.10482967582441267,0.02141491378405631,-1.7769619789874933,0.23097479590888825,-0.11090866299498817,-0.2033915540543738,0.7459212615750443
28.02778935432434,43.68180527229507,-1.3540516313874136,2.5256910285136467,0.1571305433941334,-0.09938402381640167,0.019194065162537167,-1.8875548248836649,0.3124641291319513,-0.111131145107071,-0.23480748059027157,-1.5707963267948966
28.047685861587524,43.684094959128835,-1.3563111164934354,2.5260302489500406,0.1071363437721506,-0.1010925640403142,0.016209643993510565,-1.9571638280976846,0.4439985931856882,-0.11045894414184708,-0.2662234071261693,-1.5707963267948966
28.067573070526123,43.68631561336642,-1.3595352621594903,2.52645596838024,0.04551317907987179,-0.09825258654682283,0.012703910251336966,-1.9791758732153424,0.548571900162233,-0.10909664625411292,-0.2976393336620671,-1.5707963267948966
28.08772587776184,43.68682902445523,-1.361384174624673,2.526688325986051,0.00578444800174155,-0.08632638927447221,0.010536915966478658,-1.9922246760560989,0.6422580608955308,-0.10757705249091631,-0.3290552601979648,-1.5707963267948966
28.107641220092773,43.68685094691547,-1.362616578602412,2.5268222172097805,-0.014005011545258805,-0.08910812454711398,0.010495761010568537,-2.2224330195882365,0.9090843374193028,-0.10605225448306772,-0.3604711867338626,-1.5707963267948966
28.127796173095703,43.686112430567505,-1.3642003610008007,2.5270110308076217,-0.06051983721312247,-0.06846208092481922,0.008391157255617612,-2.4244104128876507,1.1515051955968543,-0.10438480106238918,-0.39188711326976033,-1.5707963267948966
28.14768099784851,43.68481666901727,-1.3662788447461032,2.5272334088313055,-0.09861929536739604,-0.06946900429964366,0.008280152830727585,-2.4627745007607307,1.2029163301029033,-0.10273818054463739,-0.4233030398056581,-1.5707963267948966
28.167582750320435,43.6810385415979,-1.3685779283603825,2.5275052710882813,-0.16286813739422662,-0.056920515750483174,0.0072020108423891975,-2.2312538223292155,0.9303190806937217,-0.1010596527227448,-0.45471896634155584,-1.5707963267948966
28.187751054763794,43.6773502148287,-1.3695475965415727,2.527629217610319,-0.2052026878879587,-0.04089836977181149,0.005198656378085587,-2.00269902847767,0.6746925807656703,-0.09925523176081814,-0.4233030398056581,1.5707963267948966
28.207690000534058,43.67507953457277,-1.370299269699321,2.5277125491959156,-0.22821868761188535,-0.045414305319523604,0.005071852295890062,-1.841535588304345,0.4892237820775786,-0.09745413254023254,-0.39188711326976033,1.5707963267948966
28.227922439575195,43.67015760655236,-1.3711214247599477,2.5277946211481512,-0.2634363755154413,-0.037376175514923136,0.0031417217211361596,-1.6802156143542255,0.31672641236706106,-0.09554057273104187,-0.3604711867338626,1.5707963267948966
28.247740268707275,43.663511619485575,-1.3712749014034735,2.5273356269023117,-0.32186718592147917,-0.018597355694907797,-0.013682227051907725,-1.4672201420314022,0.058428961835774715,-0.08939462303731656,-0.3290552601979648,1.5707963267948966
28.267654180526733,43.65241899413276,-1.371146215394953,2.5260005606902194,-0.3857207319104114,0.0012679677494663514,-0.040829430470300694,-1.1428282770074107,-0.07980860172515938,-0.0768389591007742,-0.2976393336620671,1.5707963267948966
28.28779935836792,43.644497207687785,-1.3711455761557088,2.5251694111848413,-0.405405392751332,-0.0016344336525500928,-0.04224567224697677,-0.8270711743867306,-0.20892893735178966,-0.06488441487048527,-0.2662234071261693,1.5707963267948966
28.307650089263916,43.63940340429581,-1.370433026361836,2.524516891044644,-0.4418588943598303,0.01876182774449544,-0.0478585430783247,-0.7475338423144209,-0.025807972534474293,-0.052692059886556446,-0.23480748059027157,1.5707963267948966
28.327807188034058,43.63042226897801,-1.3700513690624025,2.5235499633532807,-0.45597315273011124,0.01997272685727905,-0.048795661739023104,-0.6630919034926387,0.1448443375629402,-0.041122551722463395,-0.2033915540543738,1.5707963267948966
28.347789525985718,43.61930290441996,-1.3688791864918426,2.52271837637796,-0.5147053828996593,0.0397002886603068,-0.04645496133654707,-0.6501835698247551,0.21320013103186944,-0.03121863697101635,-0.17197562751847606,1.5707963267948966
28.36758852005005,43.60270088558464,-1.3676531848128484,2.5211258684624394,-0.5581550760482181,0.043787685485189035,-0.05310904866830617,-0.6265842145678053,0.20412941067218987,-0.020272275131129926,-0.1405597009825783,1.5707963267948966
28.387802124023438,43.591414568795564,-1.3667372259200041,2.520060332320774,-0.5703628969421709,0.04777691164252109,-0.053410103020298,-0.5924788321283924,0.19474209478542873,-0.009933316228242,-0.10914377444668055,1.5707963267948966
28.40766978263855,43.58511689553481,-1.3664039795231815,2.5191536753765322,-0.5899450617461257,0.04736585391128052,-0.06418806704230741,-0.3471153039026854,0.43900905474511176,0.0020955674515032085,-0.0777278479107828,1.5707963267948966
28.427860498428345,43.573264584758945,-1.3653536138501854,2.5178710990614706,-0.5944910439098816,0.0584160026634367,-0.06403186175313844,-0.10862264179756098,0.6626046483846857,0.013406644076052212,-0.046311921374885046,1.5707963267948966
28.44779109954834,43.56044243836071,-1.3644773918827566,2.516054646878827,-0.6180948801035077,0.0609099723172578,-0.0766513047247001,0.15948665800578032,0.7662869142268899,0.02693481477804523,-0.014895994838987292,1.5707963267948966
28.468096017837524,43.5411175169682,-1.3627836578594914,2.5136047531333516,-0.6365882656577186,0.06951098072915766,-0.07863980948556899,0.32453723215225405,0.6765414531001,0.20921248382559815,0.01651993169691046,1.5707963267948966
28.48777413368225,43.528461534794275,-1.3612639840906506,2.5120852215351537,-0.628468311901941,0.08216582762703792,-0.07275424557776333,0.48702857601829075,0.5893705365626531,0.37694976134437214,0.047935858232808215,1.5707963267948966
28.507625341415405,43.52137350964137,-1.3607442880308789,2.5112962478325236,-0.6461267069098059,0.07927063991702647,-0.06990317867359802,0.5848016577894354,0.6179975228095157,0.5231652081943978,0.07935178476870597,1.5707963267948966
28.52775764465332,43.50857452693172,-1.359033705296907,2.5100119099824028,-0.6334408527737088,0.09186061830167774,-0.05808673945917574,0.6840129388894767,0.6398964677185147,0.6563306613921819,0.11076771130460372,1.5707963267948966
28.553001165390015,43.49488694295054,-1.3572180935065261,2.5087383803512022,-0.6493744015616271,0.10010195094049427,-0.05114500874355027,0.4728763044072424,0.5147949098257497,0.6178620377705303,0.14218363784050148,1.5707963267948966
28.567673921585083,43.48198086768616,-1.3551210667832563,2.5078365278352077,-0.6418762412378489,0.1092082322860672,-0.03916581560937755,0.27993372723599913,0.397045575784153,0.580190244484255,0.17359956437639923,1.5707963267948966
28.58776307106018,43.47529878307617,-1.3539872454227646,2.5074769647845256,-0.6483820371479321,0.11254788852916643,-0.03306465115967084,-0.02955646929526313,0.20968673415963784,0.5466943506441845,0.20501549091229698,1.5707963267948966
28.60761523246765,43.450187336345344,-1.348832734120524,2.506877208283754,-0.6300211667524657,0.13177759039755163,-0.004010381209938421,-0.4304756548165065,0.0062383536087162956,0.5398427203590969,0.23643141744819474,1.5707963267948966
28.6277437210083,43.437475955648,-1.3462087310127977,2.506904443205753,-0.6423293746428488,0.12999551289086206,0.006706441459869842,-0.7942335449274971,-0.18193000603436363,0.531613914874181,0.2678473439840925,1.5707963267948966
28.6477689743042,43.43202402535752,-1.3444831925493024,2.507182568040042,-0.6212903240577132,0.1396407930068256,0.016775394591210743,-0.8532182187630699,-0.3221666014184025,0.47214018551519404,0.29926327051999024,1.5707963267948966
28.66767644882202,43.419424540862444,-1.3417635110569524,2.5076086863568463,-0.6387951451496258,0.13190294811978004,0.02564798341297889,-0.894333736685434,-0.4494946756462515,0.41560307023306187,0.330679197055888,1.5707963267948966
28.687832355499268,43.408534855221404,-1.3381724039682046,2.5085502172640037,-0.6084355366292593,0.1474878372644869,0.04287836816139739,-1.1588176945372943,-0.6409447780276158,0.4174979493052282,0.36209512359178575,1.5707963267948966
28.707655906677246,43.39678564726625,-1.3349325623112596,2.50963844971179,-0.6097087534010462,0.14921337635359547,0.05655730844281059,-1.1335290724161826,-0.5703379286548893,0.47602670249250967,0.3935110501276835,1.5707963267948966
28.727755308151245,43.38436673978685,-1.332057885450504,2.5108684005299393,-0.632078627584921,0.13847437092471168,0.06661276106542086,-1.1025223988110102,-0.504317697139613,0.5285253764479635,0.42492697666358126,1.5707963267948966
28.747729778289795,43.37292637743875,-1.3285311922864245,2.51258237581834,-0.6178748938939049,0.15062523549640805,0.08487886682485654,-0.8316897550996406,-0.23755976657948508,0.6636261060826734,0.456342903199479,1.5707963267948966
28.76764440536499,43.36042029891599,-1.3255494476083622,2.514421031562889,-0.631850058564639,0.14836986861020388,0.0993936223106912,-0.5668196453851644,0.008639736106981644,0.7857058195603754,0.48775882973537676,1.5707963267948966
28.78776717185974,43.34815017446026,-1.3226285058015284,2.516615999330393,-0.630573726943539,0.147400843491737,0.11488147125170506,-0.1918091520416441,0.29625557280472214,0.6740878236878659,0.5191747562712745,1.5707963267948966
28.807667016983032,43.32878149665518,-1.3186883279588084,2.520419078481266,-0.6432844309589107,0.1405008852903077,0.13611389373562907,0.34762197685985713,0.5910944282458198,0.5675220078238021,0.5505906828071723,1.5707963267948966
28.827764987945557,43.31602000577308,-1.3157414533757978,2.523248045089629,-0.6311522456891664,0.15510172572705488,0.14644673827441465,0.8613534864929168,0.8656481154002212,0.46671129254070787,0.58200660934307,1.5707963267948966
28.8476665019989,43.3089431573174,-1.3149678560010356,2.5248788077873563,-0.6421869032030447,0.14236679220164122,0.1544522744961858,1.369270192955272,1.1356186565667805,0.3753903328964662,0.6134225358789678,1.5707963267948966
28.867674589157104,43.296405805250586,-1.3118765273514243,2.5280371010327407,-0.6099436117719832,0.16759096901465084,0.16108977819442594,1.8506865738873781,1.3830968417055187,0.2892069002995617,0.6448384624148655,1.5707963267948966
28.88773274421692,43.2887724697106,-1.3112770744650384,2.5298942583950637,-0.6338831927934008,0.15023896600464684,0.1698884243947317,2.3669306933459513,1.5560816851981571,0.21069885669577873,0.6762543889507633,1.5707963267948966
28.90765881538391,43.26200482179306,-1.3059450218774655,2.5373034279456963,-0.6194820692564726,0.16401895443134473,0.18865307067959777,2.54057805787113,1.3890273134683604,0.13361351506831928,0.707670315486661,1.5707963267948966
28.92785096168518,43.25013446357615,-1.3023975385776896,2.5410983081213003,-0.5670021191054416,0.19020149363507258,0.1905936187816027,2.7060706151256766,1.2306598201453356,0.06121331848509088,0.7390862420225588,1.5707963267948966
28.94787883758545,43.24291237050052,-1.3012210687592551,2.5432717285415425,-0.591469011799016,0.17844323173438775,0.19818362029743325,2.157961559287376,0.9117305230640688,-0.004663327601916723,0.7705021685584565,1.5707963267948966
28.967862606048584,43.23148016329923,-1.2974899795895656,2.5472302888467997,-0.5534378092810565,0.19367835467299654,0.19746693225086423,1.6521135423561901,0.6155220495527866,-0.06630834946112063,0.8019180950943543,1.5707963267948966
28.987876415252686,43.21984799521774,-1.2933979578818855,2.551614373162786,-0.531275920749236,0.21037250707806499,0.20613465786283264,2.2755623232613784,0.5186316341622413,-0.17414347203189837,0.833334021630252,1.5707963267948966
29.00758671760559,43.20518806331369,-1.2862670933895564,2.5579007873086357,-0.4531519828670848,0.2426649200867546,0.20514832462405372,2.713621984038406,0.5087423594275899,-0.2708756826472753,0.8647499481661498,1.5707963267948966
29.02780270576477,43.19669562061473,-1.2813126356524358,2.561943484583037,-0.3947205796314652,0.25275254905538586,0.19882253124499188,3.125143908097234,0.5002503805383739,-0.36054002324636897,0.8342925202976348,-1.522871393425751
29.04763126373291,43.19268919031551,-1.278280676936612,2.564104507327049,-0.3707070145686696,0.2708827757095573,0.20056503853043284,3.1020753951658766,0.48680950337860013,-0.3897503580394474,0.8657084468335325,1.5707963267948966
29.068058013916016,43.18589411866004,-1.2727664947519775,2.5680360429694122,-0.3088643373185235,0.28049467989127075,0.19249994676348264,3.0828175084373375,0.47458009901415055,-0.4163251601557563,0.8342925202976348,-1.5707963267948966
29.08787441253662,43.17914570129255,-1.2666907963970926,2.5721734047657114,-0.2763432442086719,0.29891956546017573,0.19300463072436363,3.0458680472388284,0.5128093744961496,-0.44007506872661917,0.8544266790709578,1.0067079386661515
29.107666015625,43.17183374022935,-1.2573758326289086,2.5778066671509063,-0.19478688872875463,0.3184767387289723,0.18047317437020202,3.097873070749664,0.6258704778866445,-0.45975463922590526,0.8230107525350601,-1.5707963267948966
29.127750158309937,43.16856094777703,-1.2508739455597688,2.5813229775192235,-0.13232541691618782,0.3320649667771529,0.17109955558379095,3.1479552734137477,0.7317727714226503,-0.47724767399109685,0.7921890506166793,-1.541085095919037
29.14779043197632,43.1674427561578,-1.2474584170840803,2.5829527739799247,-0.09626486311292598,0.3416775070308367,0.16428327657548697,3.463110637296224,0.8254535270330791,-0.4904809542838937,0.7896993315584835,-0.12448595290979192
29.167765617370605,43.16623014274441,-1.240453857275366,2.58613955378284,-0.024009025804176153,0.35906904758581165,0.1543567478590343,3.7593527340820794,0.9126280251975781,-0.5018685628891277,0.7582834050225857,-1.5707963267948966
29.187806367874146,43.166487039453564,-1.2333075125471982,2.5888975613780527,0.05175754457067949,0.37203890762755104,0.13912384912572323,4.007138830487644,0.9780812663460569,-0.5079079665764653,0.726867478486688,-1.5707963267948966
29.207651615142822,43.16952264835168,-1.2219280354714535,2.5928713636813345,0.16457538853534645,0.39547469700690646,0.1249520559307123,4.258155680590122,1.0312310019617534,-0.5108403112139441,0.6954515519507902,-1.5707963267948966
29.22785711288452,43.173681673503374,-1.2138089865229786,2.595268104309817,0.2521074666318207,0.4165917822223753,0.11471641886097815,4.4922636061911225,1.0797082045902362,-0.5125173650731768,0.6640356254148925,-1.5707963267948966
29.2476863861084,43.178967814717296,-1.2055576347621282,2.5976658153645493,0.32653095437028556,0.43116599659181504,0.10983634236035837,4.645464637610603,1.107432900231664,-0.5124595362847162,0.6326196988789947,-1.5707963267948966
29.267619609832764,43.18643714604252,-1.1967111606252911,2.5997601084570383,0.42087336084209453,0.4535618302000926,0.09959676354468415,4.786823717680432,1.1315583925217914,-0.5113211127643219,0.601203772343097,-1.5707963267948966
29.287790060043335,43.18622525892733,-1.1967902693276584,2.5998497602529973,0.4154753739495746,0.45044428617215526,0.10259581291554855,4.88075935492109,1.044875462760631,-0.5101455750328928,0.5697878458071992,-1.5707963267948966
29.307649612426758,43.20631314023996,-1.1779307187074561,2.6037258703569495,0.60174580175684,0.4919877342968797,0.08652831206236547,4.915884251336497,0.9008508957967463,-0.5060976412048972,0.5383719192713015,-1.5707963267948966
29.32774543762207,43.21933327782249,-1.1679199625755665,2.605355528764432,0.7003653076158303,0.5086365650677311,0.07645379726324514,4.94509195023613,0.7654534278371291,-0.5012175485980886,0.5069559927354037,-1.5707963267948966
29.348805904388428,43.226730650680466,-1.1625516790537862,2.606145487853083,0.7550705387783591,0.5224292661704943,0.0728159268614542,5.009678842090981,0.6161618429377143,-0.49529373425407863,0.47554006619950595,-1.5707963267948966
29.367767572402954,43.242837951243736,-1.1519893252094742,2.607503177818081,0.8558514220977887,0.5333409657744357,0.06297515399628766,5.067252600042528,0.4766121786085196,-0.48866885648743125,0.4441241396636082,-1.5707963267948966
29.387771129608154,43.26141510854457,-1.1403254761016652,2.608671528103958,0.968988835725893,0.5662110413438269,0.0533940466352392,5.122071746022031,0.48799110143527424,-0.4798525727495593,0.41270821312771044,-1.5707963267948966
29.407616138458252,43.29309696739359,-1.1224922841278915,2.610067116313409,1.1313852615082296,0.5987243305959977,0.03939849095794548,5.113644924485445,0.529069473165306,-0.46882273658777235,0.3812922865918127,-1.5707963267948966
29.427744388580322,43.31674663387742,-1.1104094101632442,2.610762074225488,1.2335396185104497,0.6096890211039124,0.030135212837096064,5.101116236024053,0.5668572676294279,-0.4574492504076631,0.34987636005591494,-1.5707963267948966
29.447832345962524,43.32970154850282,-1.1038833031001776,2.611056955993934,1.2950570101317989,0.6264584724287656,0.026085875220872284,5.09037794013326,0.5842754163544788,-0.4456409102793778,0.3406008214172229,-0.4637769319346008
29.467711925506592,43.356619783776914,-1.0912362262034077,2.611490345514934,1.396713153748333,0.6383000460820045,0.01729329606448804,5.074371502049383,0.5995249546356675,-0.4335754071292665,0.327367236164823,-0.6616792626199963
29.48783254623413,43.38630480140978,-1.0781455611545705,2.611689461016892,1.516746952007093,0.654746252287915,0.007042426835113879,5.037488932189586,0.5922459133390909,-0.41963397288803217,0.31591136463252933,-0.572793576614683
29.50761318206787,43.43466699062512,-1.058203242345985,2.611606847940729,1.684344064846237,0.6733744199414355,-0.008534686639251996,4.964819739245951,0.5808526971580926,-0.4032347406328928,0.2986962902066872,-0.8607537212921068
29.52776598930359,43.469341872229116,-1.0446203432122028,2.6113565954739943,1.782893976650421,0.684877497181052,-0.01643623675757881,4.8897857576451225,0.5694537573378997,-0.38693786439983957,0.29304667939274154,-0.282480540697283
29.54783797264099,43.48805604559165,-1.037692965687557,2.6110199971417827,1.8497155872881088,0.6917934222597987,-0.024584328854813424,4.838020866201226,0.5360355206612533,-0.3697266999447728,0.2874964897135017,-0.2775094839619907
29.568201780319214,43.546424078389336,-1.016601361253063,2.6099274700644783,2.014285649701743,0.7106327141535874,-0.0409200916787541,4.783174304493874,0.52957429773095,-0.34994689491191266,0.2741120739735221,-0.6692207869989808
29.58774709701538,43.58766258886689,-1.0022832668653425,2.60904037703001,2.1093705766170574,0.7211522653005412,-0.04772464349837292,4.72473014475663,0.5222369297460661,-0.33057639150217605,0.2697318777819575,-0.21900980957823002
29.60786199569702,43.63079087602538,-0.9877563060557758,2.608021039840547,2.2032517800964,0.7315165213329905,-0.05414586701753016,4.662824675678171,0.5140490601952538,-0.3116138398957913,0.2633929724016584,-0.31694526901495657
29.627809762954712,43.63173191507778,-0.9876424443293902,2.607750827596024,2.2256592141295446,0.7342106762354227,-0.060537658252838134,4.605870109267548,0.5285546613001176,-0.2923035973455025,0.2634886037680939,0.004781568321776675
29.647706270217896,43.701184802370584,-0.9653766270621911,2.605626089931271,2.3800637887590588,0.7502411951494379,-0.07415612918928334,4.476573798560609,0.5656699104884954,-0.27104751079597916,0.25242554529508787,-0.5531529236503019
29.667676210403442,43.77516876601292,-0.9427014478882353,2.603116639047494,2.529269957776602,0.7649653519880152,-0.08676837086028122,4.315525163144302,0.6148319839470557,-0.2481932650086609,0.2451343286362495,-0.3645608329419181
29.687750101089478,43.82660673395563,-0.9272761369875431,2.601333116956696,2.6140033443383413,0.7777136672817899,-0.0915102944900464,4.158476842326273,0.6592127643353586,-0.22612995264575253,0.24285092269322428,-0.11417029715126148
29.70766854286194,43.85351891355683,-0.9196263950166104,2.600223290085883,2.670368994316608,0.7800718741997219,-0.09889151673950068,4.000419818196247,0.7145665631766316,-0.20408484079944866,0.23905526523281084,-0.18978287302067187
29.72781205177307,43.907716064335645,-0.9038786464795014,2.5982060712619313,2.748834137808976,0.7948680611564308,-0.10275962227526599,3.846835133804548,0.764093570790835,-0.18286161011597982,0.23732595809686208,-0.08646535679743828
29.74772310256958,43.96454999718797,-0.8882228501396995,2.5957724023408617,2.8516371733783985,0.8007159853408387,-0.11477578752887664,3.6783380015888114,0.8372198388702337,-0.16014182755791306,0.23100340852117363,-0.3161274787844226
29.767685651779175,44.0223074638875,-0.8720366070277896,2.593446325302427,2.9235670481249,0.8181258004418657,-0.11775934765073925,3.5156019212447456,0.9024657028454098,-0.13837095156420923,0.2309935785725168,-0.0004914974328418253
29.787831783294678,44.052424200212606,-0.8641208347785384,2.5920510533518577,2.977413689637805,0.8186264005131386,-0.12491413215863346,3.3672037931929393,0.9474998929360513,-0.11669926240293933,0.22722230004402189,-0.18856392642474518
29.807960033416748,44.17531089123515,-0.8311764789024544,2.586673956836356,3.1375009346846663,0.8429400572894934,-0.13636147694660164,3.223460372501617,0.971804587287369,-0.09303996517913704,0.22229375689491793,-0.24642715745519794
29.82780933380127,44.23869626371902,-0.8141219647069884,2.5839296393165454,3.200573437752024,0.8625745722544729,-0.13799521872989906,3.084596198921428,0.9907702168546878,-0.07052270415430903,0.22347187289284376,0.05890579989629163
29.847710609436035,44.30407087285629,-0.7971225639900429,2.5809581896592424,3.2792668221541406,0.8713098504841444,-0.14403874953768375,2.925577194459489,0.9840274040578135,-0.04818840463601554,0.21972638360542573,-0.18727446437090123
29.868926763534546,44.37023105195942,-0.7795001686552813,2.5780692083690764,3.3362428661187233,0.8908967445380047,-0.14478875924548562,2.773108498102838,0.9741475447535018,-0.027001949818716318,0.22098916340627905,0.06313899004266599
29.88782286643982,44.40413824768907,-0.7707541003661222,2.5765216003730154,3.374079767364226,0.8947752056717567,-0.1476344376168749,2.6227111181628397,0.9746730141853134,-0.007052177366849652,0.21889784910430965,-0.10456571509847024
29.907600164413452,44.50698116322059,-0.7436000639036909,2.5720012066077658,3.4636745071620427,0.9204756248127639,-0.15014346094031217,2.4449650655002286,0.9736001066647917,0.01263988035087646,0.21873720127727614,-0.00803239135167555
29.92778992652893,44.576732221404946,-0.7249961077196964,2.569002122726528,3.510867063364301,0.9399028210773396,-0.14970297240746464,2.275687858616243,0.968450427843521,0.031226699783815648,0.2196280559927728,0.04454273577483292
29.947781085968018,44.612291541850745,-0.7156337055824485,2.5674515251326597,3.541742073827098,0.9468128834661592,-0.15075728076969935,2.1204083298886447,0.9181361496498697,0.04835517575991515,0.21865762298896696,-0.048521650190291865
29.967726469039917,44.68354050268774,-0.6965171891432191,2.564447141519925,3.5826623156044604,0.9646701136723552,-0.14962737090047432,1.9728974079859654,0.8675425630109239,0.06446841947438858,0.21946774048561668,0.04050587483248602
29.98787784576416,44.71985971547461,-0.6868520095585581,2.5629114342364403,3.6120366583486243,0.972070782548478,-0.15001136997044096,1.813292718204524,0.7821178680769072,0.07920289824555923,0.21887081797706465,-0.029846125427601677
30.00770592689514,44.866381445638496,-0.6471672353865285,2.556941090667696,3.697116079539856,1.0056178500201747,-0.14741084366889898,1.642744211323561,0.4913353165245949,0.09330825208533051,0.21956684157798545,0.03480118004604016
30.027803659439087,44.94064138313708,-0.6269752392694362,2.554012429401568,3.7283382281858017,1.0126628438230532,-0.1454113488901792,1.4809087569672805,0.21565468336944732,0.10648881188903753,0.21843095932911583,-0.056794112443481204
30.0477511882782,45.000731728313596,-0.610271424062671,2.551711261605041,3.7571267689210126,1.0285263499075477,-0.14331583708381798,1.3276240815156388,0.05933480678331379,0.11814694954969562,0.2194515310672287,0.051028586905643714
30.067760705947876,45.076130038622026,-0.589698960691891,2.5488693100721203,3.7822244866937194,1.0282315308235364,-0.14084320638482625,1.1836879447346804,-0.08720590790648049,0.12898021049219974,0.21712209789054615,-0.11647165883412747
30.087825536727905,45.10278020408132,-0.5818868269777342,2.547889552050973,3.793518806620869,1.0449738393531591,-0.13974143580097062,1.0672524456375578,-0.19225882995165924,0.13844951395638327,0.21977335691250577,0.13256295109798089
30.107656478881836,45.17898625053824,-0.5605538663334848,2.5451257677763914,3.817913832037947,1.0561610745726322,-0.1367747842877004,0.9463146604383269,-0.2718426145094572,0.1469261799157901,0.21900799055643727,-0.03826831780342488
30.127822399139404,45.25552614798203,-0.5394900619630182,2.5424201878852815,3.8357007174995505,1.0499711588279164,-0.13375724521171373,0.8337527919439366,-0.3463057555788007,0.1547143352646982,0.21634028081561185,-0.13338548704127096
30.147823095321655,45.332610472102886,-0.51752179449086,2.5398316531357175,3.856214716000877,1.0674703603086642,-0.12906085503709255,0.7312560457137401,-0.4273826406544928,0.16097742110930882,0.2181445733834555,0.0902146283921823
30.16783905029297,45.409874514032865,-0.4962629932692415,2.537283019702366,3.869869721720308,1.058157822179024,-0.12578356178466374,0.6353270410147803,-0.502966751160423,0.16665561344397098,0.21448716454188288,-0.1828704420786309
30.187986135482788,45.48741879784851,-0.47451643116266645,2.534924127371539,3.8811588680776428,1.063988389330581,-0.11921005099715143,0.4470634462698596,-0.5864301052522726,0.17051673942266574,0.21483764393547844,0.017523969679777984
