t,x,y,z,vx,vy,vz,target_x,target_y,target_z,dist3,dist_xy
0.13066673278808594,0.0,0.0,2.007999913951197,0.0,0.0,-7.808639280133553e-09,2.0,0.0,2.0,2.00001599959181,2.0
0.14062905311584473,0.0,0.0,2.0079999138710414,0.0,0.0,-7.981790669366188e-09,2.0,0.0,2.0,2.0000159995914895,2.0
0.15067028999328613,0.0,0.0,2.007999913795709,0.0,0.0,-6.90665230949118e-09,2.0,0.0,2.0,2.000015999591188,2.0
0.1606287956237793,0.0,0.0,2.0079999137359814,0.0,0.0,-4.906758178621879e-09,2.0,0.0,2.0,2.000015999590949,2.0
0.1707005500793457,0.0,0.0,2.007999913699849,0.0,0.0,-2.2217880927873063e-09,2.0,0.0,2.0,2.0000159995908047,2.0
0.18062257766723633,0.0,0.0,2.007999913693232,0.0,0.0,9.706987127037124e-10,2.0,0.0,2.0,2.000015999590778,2.0
0.1906578540802002,0.0,0.0,2.007999913720514,0.0,0.0,4.5391632154423255e-09,2.0,0.0,2.0,2.0000159995908873,2.0
0.2006664276123047,0.0,0.0,2.0079999137809468,0.0,0.0,7.082961803976403e-09,2.0,0.0,2.0,2.000015999591129,2.0
0.2107224464416504,0.0,0.0,2.007999913853884,0.0,0.0,7.1483322296518795e-09,2.0,0.0,2.0,2.0000159995914206,2.0
0.2206401824951172,0.0,0.0,2.007999913917767,0.0,0.0,5.3644914906390936e-09,2.0,0.0,2.0,2.0000159995916764,2.0
0.23065757751464844,0.0,0.0,2.007999913956621,0.0,0.0,2.210721413543713e-09,2.0,0.0,2.0,2.000015999591832,2.0
0.24063944816589355,0.0,0.0,2.0079999139586087,0.0,0.0,-1.957917285231428e-09,2.0,0.0,2.0,2.0000159995918394,2.0
0.2506437301635742,0.0,0.0,2.0079999139149636,0.0,0.0,-6.878389050449525e-09,2.0,0.0,2.0,2.000015999591665,2.0
0.26067495346069336,0.0,0.0,2.0079999138231854,0.0,0.0,-1.1052635493084584e-08,2.0,0.0,2.0,2.000015999591298,2.0
0.27071142196655273,0.0,0.0,2.007999913701515,0.0,0.0,-1.295472771839755e-08,2.0,0.0,2.0,2.0000159995908113,2.0
0.2806727886199951,0.0,0.0,2.0079999135697286,0.0,0.0,-1.3160420228664882e-08,2.0,0.0,2.0,2.000015999590284,2.0
0.29070472717285156,0.0,0.0,2.007999913442483,0.0,0.0,-1.2109388933100204e-08,2.0,0.0,2.0,2.0000159995897753,2.0
0.30067968368530273,0.0,0.0,2.0079999133306363,0.0,0.0,-1.0127353679380949e-08,2.0,0.0,2.0,2.0000159995893276,2.0
0.31064772605895996,0.0,0.0,2.007999913242229,0.0,0.0,-7.455613751523333e-09,2.0,0.0,2.0,2.000015999588974,2.0
0.3206796646118164,0.0,0.0,2.007999913183221,0.0,0.0,-4.272928068939438e-09,2.0,0.0,2.0,2.000015999588738,2.0
0.33071422576904297,0.0,0.0,2.0079999131580277,0.0,0.0,-7.11724422889786e-10,2.0,0.0,2.0,2.0000159995886375,2.0
0.3406984806060791,0.0,0.0,2.00799991316992,0.0,0.0,3.1298922349226648e-09,2.0,0.0,2.0,2.000015999588685,2.0
0.35070157051086426,0.0,0.0,2.007999913221315,0.0,0.0,7.179243930320894e-09,2.0,0.0,2.0,2.0000159995888906,2.0
0.3607470989227295,0.0,0.0,2.007999913310017,0.0,0.0,1.007929245140483e-08,2.0,0.0,2.0,2.000015999589245,2.0
0.3706705570220947,0.0,0.0,2.0079999134143027,0.0,0.0,1.0408579254998616e-08,2.0,0.0,2.0,2.0000159995896625,2.0
0.38064050674438477,0.0,0.0,2.007999913511815,0.0,0.0,8.82025264672526e-09,2.0,0.0,2.0,2.0000159995900524,2.0
0.39069461822509766,0.0,0.0,2.007999913585986,0.0,0.0,5.811323153428423e-09,2.0,0.0,2.0,2.000015999590349,2.0
0.40070152282714844,0.0,0.0,2.0079999136245426,0.0,0.0,1.7499850679195957e-09,2.0,0.0,2.0,2.000015999590503,2.0
0.4106612205505371,0.0,0.0,2.0079999136183946,0.0,0.0,-3.090996542181451e-09,2.0,0.0,2.0,2.0000159995904787,2.0
0.42070508003234863,0.0,0.0,2.0079999135648,0.0,0.0,-7.2063552255285805e-09,2.0,0.0,2.0,2.000015999590264,2.0
0.43068480491638184,0.0,0.0,2.0079999134818216,0.0,0.0,-9.064822278767533e-09,2.0,0.0,2.0,2.0000159995899325,2.0
0.4406852722167969,0.0,0.0,2.0079999133891047,0.0,0.0,-9.238196391016077e-09,2.0,0.0,2.0,2.0000159995895617,2.0
0.45069098472595215,0.0,0.0,2.0079999133012065,0.0,0.0,-8.163222947565137e-09,2.0,0.0,2.0,2.00001599958921,2.0
0.4606812000274658,0.0,0.0,2.0079999132289137,0.0,0.0,-6.163450907868205e-09,2.0,0.0,2.0,2.000015999588921,2.0
0.47069597244262695,0.0,0.0,2.0079999131802144,0.0,0.0,-3.4785712444828975e-09,2.0,0.0,2.0,2.000015999588726,2.0
0.4806222915649414,0.0,0.0,2.007999913161029,0.0,0.0,-2.861512995892573e-10,2.0,0.0,2.0,2.0000159995886495,2.0
0.49070096015930176,0.0,0.0,2.0079999131757402,0.0,0.0,3.282263650673288e-09,2.0,0.0,2.0,2.000015999588708,2.0
0.5007128715515137,0.0,0.0,2.007999913223603,0.0,0.0,5.826025511281431e-09,2.0,0.0,2.0,2.0000159995888995,2.0
0.5106778144836426,0.0,0.0,2.007999913283971,0.0,0.0,5.891368746091208e-09,2.0,0.0,2.0,2.000015999589141,2.0
0.5206730365753174,0.0,0.0,2.007999913335286,0.0,0.0,4.107507892951162e-09,2.0,0.0,2.0,2.0000159995893463,2.0
0.5306715965270996,0.0,0.0,2.0079999133615685,0.0,0.0,9.537229419474383e-10,2.0,0.0,2.0,2.0000159995894515,2.0
0.5406749248504639,0.0,0.0,2.0079999133549826,0.0,0.0,-1.9117297395712248e-09,2.0,0.0,2.0,2.0000159995894253,2.0
0.5506820678710938,0.0,0.0,2.007999913329812,0.0,0.0,-2.8442435977480384e-09,2.0,0.0,2.0,2.0000159995893245,2.0
0.5606441497802734,0.0,0.0,2.007999913302902,0.0,0.0,-2.331654732657666e-09,2.0,0.0,2.0,2.0000159995892166,2.0
0.570659875869751,0.0,0.0,2.0079999132867385,0.0,0.0,-7.485074384201171e-10,2.0,0.0,2.0,2.000015999589152,2.0
0.5806369781494141,0.0,0.0,2.007999913290569,0.0,0.0,1.6277291165005704e-09,2.0,0.0,2.0,2.0000159995891673,2.0
0.5907366275787354,0.0,0.0,2.0079999133212456,0.0,0.0,4.591500510908779e-09,2.0,0.0,2.0,2.0000159995892903,2.0
0.6006875038146973,0.0,0.0,2.0079999133798494,0.0,0.0,6.687331424392643e-09,2.0,0.0,2.0,2.0000159995895244,2.0
0.6106326580047607,0.0,0.0,2.007999913447087,0.0,0.0,6.42083925331029e-09,2.0,0.0,2.0,2.0000159995897935,2.0
0.6209783554077148,0.0,0.0,2.0079999134930913,0.0,0.0,4.914275222300893e-09,2.0,0.0,2.0,2.0000159995899773,2.0
0.6309731006622314,0.0,0.0,2.0079999135276996,0.0,0.0,1.80924400845429e-09,2.0,0.0,2.0,2.000015999590116,2.0
0.640977144241333,0.0,0.0,2.007999913531304,0.0,0.0,-7.296693897822536e-10,2.0,0.0,2.0,2.0000159995901305,2.0
0.6509675979614258,0.0,0.0,2.0079999135192903,0.0,0.0,-1.4071305658354936e-09,2.0,0.0,2.0,2.000015999590082,2.0
0.6609616279602051,0.0,0.0,2.007999913507742,0.0,0.0,-7.055940551828393e-10,2.0,0.0,2.0,2.000015999590036,2.0
0.6709673404693604,0.0,0.0,2.0079999135085735,0.0,0.0,1.0175290377868667e-09,2.0,0.0,2.0,2.0000159995900395,2.0
0.6809470653533936,0.0,0.0,2.00799991353061,0.0,0.0,3.497462134313221e-09,2.0,0.0,2.0,2.0000159995901274,2.0
0.6909902095794678,0.0,0.0,2.0079999135803885,0.0,0.0,6.538053835177254e-09,2.0,0.0,2.0,2.000015999590327,2.0
0.700974702835083,0.0,0.0,2.007999913657311,0.0,0.0,8.400373060904488e-09,2.0,0.0,2.0,2.0000159995906346,2.0
0.7110536098480225,0.0,0.0,2.0079999137407043,0.0,0.0,7.947744745025055e-09,2.0,0.0,2.0,2.000015999590968,2.0
0.7210099697113037,0.0,0.0,2.0079999138105675,0.0,0.0,5.780161157151613e-09,2.0,0.0,2.0,2.0000159995912474,2.0
0.7309534549713135,0.0,0.0,2.0079999138520845,0.0,0.0,2.3421074602083603e-09,2.0,0.0,2.0,2.0000159995914135,2.0
0.7409777641296387,0.0,0.0,2.007999913854283,0.0,0.0,-2.0371336520397016e-09,2.0,0.0,2.0,2.0000159995914224,2.0
0.7509632110595703,0.0,0.0,2.007999913809026,0.0,0.0,-7.113623536248516e-09,2.0,0.0,2.0,2.000015999591241,2.0
0.7609312534332275,0.0,0.0,2.0079999137157345,0.0,0.0,-1.1113029442351284e-08,2.0,0.0,2.0,2.000015999590868,2.0
0.771003007888794,0.0,0.0,2.0079999135942113,0.0,0.0,-1.2872450117439708e-08,2.0,0.0,2.0,2.000015999590382,2.0
0.7809503078460693,0.0,0.0,2.0079999134638036,0.0,0.0,-1.2972448904633696e-08,2.0,0.0,2.0,2.0000159995898605,2.0
0.7910079956054688,0.0,0.0,2.007999913338849,0.0,0.0,-1.1843117710343078e-08,2.0,0.0,2.0,2.0000159995893605,2.0
0.8009884357452393,0.0,0.0,2.007999913229968,0.0,0.0,-9.803076477938916e-09,2.0,0.0,2.0,2.000015999588925,2.0
0.8109710216522217,0.0,0.0,2.007999913145029,0.0,0.0,-7.0883646464616745e-09,2.0,0.0,2.0,2.000015999588585,2.0
0.8209621906280518,0.0,0.0,2.007999913089861,0.0,0.0,-3.873844544421114e-09,2.0,0.0,2.0,2.000015999588365,2.0
0.8309569358825684,0.0,0.0,2.0079999130687827,0.0,0.0,-2.890573162667355e-10,2.0,0.0,2.0,2.0000159995882805,2.0
0.840991735458374,0.0,0.0,2.0079999130849933,0.0,0.0,3.5700305371857622e-09,2.0,0.0,2.0,2.0000159995883453,2.0
0.8509323596954346,0.0,0.0,2.007999913140861,0.0,0.0,7.632325281021323e-09,2.0,0.0,2.0,2.0000159995885687,2.0
0.8610661029815674,0.0,0.0,2.0079999132326987,0.0,0.0,1.0251540714764746e-08,2.0,0.0,2.0,2.000015999588936,2.0
0.8709945678710938,0.0,0.0,2.0079999133375477,0.0,0.0,1.035963488139745e-08,2.0,0.0,2.0,2.000015999589355,2.0
0.881000280380249,0.0,0.0,2.0079999134337103,0.0,0.0,8.607444644314795e-09,2.0,0.0,2.0,2.00001599958974,2.0
0.8910017013549805,0.0,0.0,2.007999913505116,0.0,0.0,5.477121875050822e-09,2.0,0.0,2.0,2.0000159995900257,2.0
0.9009866714477539,0.0,0.0,2.0079999135398605,0.0,0.0,1.3258534276082326e-09,2.0,0.0,2.0,2.0000159995901647,2.0
0.9110162258148193,0.0,0.0,2.0079999135291198,0.0,0.0,-3.5817502268536857e-09,2.0,0.0,2.0,2.0000159995901217,2.0
0.9209854602813721,0.0,0.0,2.0079999134718047,0.0,0.0,-7.456042115722411e-09,2.0,0.0,2.0,2.0000159995898925,2.0
0.9309811592102051,0.0,0.0,2.0079999133873354,0.0,0.0,-9.122776105311313e-09,2.0,0.0,2.0,2.0000159995895546,2.0
0.9409594535827637,0.0,0.0,2.0079999132947846,0.0,0.0,-9.154110943796486e-09,2.0,0.0,2.0,2.000015999589184,2.0
0.9509396553039551,0.0,0.0,2.007999913208279,0.0,0.0,-7.973912244550475e-09,2.0,0.0,2.0,2.0000159995888382,2.0
0.9609692096710205,0.0,0.0,2.0079999131382875,0.0,0.0,-5.89618736575731e-09,2.0,0.0,2.0,2.0000159995885585,2.0
0.9710190296173096,0.0,0.0,2.007999913092564,0.0,0.0,-3.153558795995319e-09,2.0,0.0,2.0,2.0000159995883755,2.0
0.980964183807373,0.0,0.0,2.007999913076854,0.0,0.0,8.164253712346437e-11,2.0,0.0,2.0,2.0000159995883124,2.0
0.991002082824707,0.0,0.0,2.007999913095412,0.0,0.0,3.6817507526736006e-09,2.0,0.0,2.0,2.000015999588387,2.0
1.0009825229644775,0.0,0.0,2.0079999131459463,0.0,0.0,5.9585700251182716e-09,2.0,0.0,2.0,2.000015999588589,2.0
1.0109472274780273,0.0,0.0,2.0079999132065334,0.0,0.0,5.813010887368815e-09,2.0,0.0,2.0,2.000015999588831,2.0
1.020946741104126,0.0,0.0,2.007999913256243,0.0,0.0,3.872909680460482e-09,2.0,0.0,2.0,2.00001599958903,2.0
1.0310132503509521,0.0,0.0,2.007999913279574,0.0,0.0,6.03379048589776e-10,2.0,0.0,2.0,2.0000159995891233,2.0
1.0409834384918213,0.0,0.0,2.0079999132704796,0.0,0.0,-2.0573985639229696e-09,2.0,0.0,2.0,2.000015999589087,2.0
1.0509696006774902,0.0,0.0,2.0079999132447175,0.0,0.0,-2.8251390331726244e-09,2.0,0.0,2.0,2.000015999588984,2.0
1.0609068870544434,0.0,0.0,2.007999913218638,0.0,0.0,-2.1904830421969834e-09,2.0,0.0,2.0,2.0000159995888795,2.0
1.0709264278411865,0.0,0.0,2.0079999132043596,0.0,0.0,-5.169062132218399e-10,2.0,0.0,2.0,2.0000159995888227,2.0
1.0811021327972412,0.0,0.0,2.0079999132108592,0.0,0.0,1.9263220688238103e-09,2.0,0.0,2.0,2.0000159995888485,2.0
1.0909769535064697,0.0,0.0,2.0079999132447837,0.0,0.0,4.939722227231324e-09,2.0,0.0,2.0,2.0000159995889844,2.0
1.1010992527008057,0.0,0.0,2.0079999133056146,0.0,0.0,6.781897469475621e-09,2.0,0.0,2.0,2.0000159995892277,2.0
1.110975980758667,0.0,0.0,2.007999913372743,0.0,0.0,6.314346065266483e-09,2.0,0.0,2.0,2.000015999589496,2.0
1.1209847927093506,0.0,0.0,2.007999913426215,0.0,0.0,4.135707136840787e-09,2.0,0.0,2.0,2.00001599958971,2.0
1.1309690475463867,0.0,0.0,2.007999913451246,0.0,0.0,6.894634591589379e-10,2.0,0.0,2.0,2.0000159995898104,2.0
1.1409471035003662,0.0,0.0,2.0079999134423256,0.0,0.0,-2.102226366693527e-09,2.0,0.0,2.0,2.0000159995897744,2.0
1.1509661674499512,0.0,0.0,2.007999913415604,0.0,0.0,-2.9669489906429504e-09,2.0,0.0,2.0,2.000015999589668,2.0
1.1609477996826172,0.0,0.0,2.0079999133877298,0.0,0.0,-2.4041392020983625e-09,2.0,0.0,2.0,2.000015999589556,2.0
1.1709678173065186,0.0,0.0,2.0079999133710364,0.0,0.0,-7.837873746505458e-10,2.0,0.0,2.0,2.0000159995894893,2.0
1.1809585094451904,0.0,0.0,2.007999913374658,0.0,0.0,1.6200108920508e-09,2.0,0.0,2.0,2.000015999589504,2.0
1.190972089767456,0.0,0.0,2.0079999134053663,0.0,0.0,4.604200584541255e-09,2.0,0.0,2.0,2.0000159995896265,2.0
1.2009382247924805,0.0,0.0,2.0079999134627298,0.0,0.0,6.424736153013214e-09,2.0,0.0,2.0,2.000015999589856,2.0
1.2109267711639404,0.0,0.0,2.0079999135262043,0.0,0.0,5.941153733657254e-09,2.0,0.0,2.0,2.00001599959011,2.0
1.221083402633667,0.0,0.0,2.007999913575882,0.0,0.0,3.750638738373641e-09,2.0,0.0,2.0,2.0000159995903086,2.0
1.230959177017212,0.0,0.0,2.0079999135970152,0.0,0.0,2.95596941311905e-10,2.0,0.0,2.0,2.0000159995903934,2.0
1.240921974182129,0.0,0.0,2.0079999135841238,0.0,0.0,-2.5026107095298057e-09,2.0,0.0,2.0,2.0000159995903415,2.0
1.2509284019470215,0.0,0.0,2.0079999135533737,0.0,0.0,-3.372161865237067e-09,2.0,0.0,2.0,2.0000159995902185,2.0
1.2614984512329102,0.0,0.0,2.007999913521428,0.0,0.0,-2.8129290775779413e-09,2.0,0.0,2.0,2.000015999590091,2.0
1.270925521850586,0.0,0.0,2.007999913500631,0.0,0.0,-1.1952271626780828e-09,2.0,0.0,2.0,2.0000159995900075,2.0
1.2812519073486328,0.0,0.0,2.007999913500128,0.0,0.0,1.2066079851217828e-09,2.0,0.0,2.0,2.0000159995900058,2.0
1.2909297943115234,0.0,0.0,2.007999913526693,0.0,0.0,4.189343326379081e-09,2.0,0.0,2.0,2.000015999590112,2.0
1.3009843826293945,0.0,0.0,2.0079999135799023,0.0,0.0,6.008801449323575e-09,2.0,0.0,2.0,2.0000159995903246,2.0
1.310983657836914,0.0,0.0,2.0079999136392113,0.0,0.0,5.5244208263361755e-09,2.0,0.0,2.0,2.000015999590562,2.0
1.3213939666748047,0.0,0.0,2.0079999136847184,0.0,0.0,3.3333144710009384e-09,2.0,0.0,2.0,2.000015999590744,2.0
1.3309571743011475,0.0,0.0,2.0079999137016773,0.0,0.0,-1.2216535304802546e-10,2.0,0.0,2.0,2.0000159995908118,2.0
1.3409621715545654,0.0,0.0,2.007999913684605,0.0,0.0,-2.920697458790764e-09,2.0,0.0,2.0,2.0000159995907434,2.0
1.3509743213653564,0.0,0.0,2.0079999136496722,0.0,0.0,-3.790488911982146e-09,2.0,0.0,2.0,2.000015999590604,2.0
1.3609890937805176,0.0,0.0,2.0079999136135434,0.0,0.0,-3.231434180469524e-09,2.0,0.0,2.0,2.000015999590459,2.0
1.370997428894043,0.0,0.0,2.0079999135885616,0.0,0.0,-1.6138641058954044e-09,2.0,0.0,2.0,2.0000159995903593,2.0
1.381007194519043,0.0,0.0,2.007999913583871,0.0,0.0,7.878733752813233e-10,2.0,0.0,2.0,2.0000159995903406,2.0
1.3909687995910645,0.0,0.0,2.007999913606249,0.0,0.0,3.770536339950479e-09,2.0,0.0,2.0,2.0000159995904303,2.0
1.4009597301483154,0.0,0.0,2.0079999136552713,0.0,0.0,5.589940859865643e-09,2.0,0.0,2.0,2.000015999590626,2.0
1.4111318588256836,0.0,0.0,2.007999913710392,0.0,0.0,5.105520512368541e-09,2.0,0.0,2.0,2.000015999590847,2.0
1.420947551727295,0.0,0.0,2.007999913751708,0.0,0.0,2.9143847748447517e-09,2.0,0.0,2.0,2.000015999591012,2.0
1.4309430122375488,0.0,0.0,2.0079999137644764,0.0,0.0,-5.411168332512236e-10,2.0,0.0,2.0,2.000015999591063,2.0
1.4409608840942383,0.0,0.0,2.007999913743214,0.0,0.0,-3.3396650317483264e-09,2.0,0.0,2.0,2.000015999590978,2.0
1.4509541988372803,0.0,0.0,2.007999913704092,0.0,0.0,-4.209468418965915e-09,2.0,0.0,2.0,2.0000159995908215,2.0
1.4609119892120361,0.0,0.0,2.007999913663774,0.0,0.0,-3.6504224696203886e-09,2.0,0.0,2.0,2.0000159995906603,2.0
1.470918893814087,0.0,0.0,2.0079999136346016,0.0,0.0,-2.032858953244579e-09,2.0,0.0,2.0,2.0000159995905435,2.0
1.480924129486084,0.0,0.0,2.0079999136257225,0.0,0.0,3.6887367556595917e-10,2.0,0.0,2.0,2.000015999590508,2.0
1.491048812866211,0.0,0.0,2.0079999136439097,0.0,0.0,3.351533048353001e-09,2.0,0.0,2.0,2.000015999590581,2.0
1.5009348392486572,0.0,0.0,2.007999913688742,0.0,0.0,5.1709348688914084e-09,2.0,0.0,2.0,2.0000159995907603,2.0
1.510941982269287,0.0,0.0,2.0079999137396727,0.0,0.0,4.686512523190131e-09,2.0,0.0,2.0,2.0000159995909637,2.0
1.5209770202636719,0.0,0.0,2.0079999137767994,0.0,0.0,2.495375299458511e-09,2.0,0.0,2.0,2.0000159995911124,2.0
1.5309925079345703,0.0,0.0,2.007999913785377,0.0,0.0,-9.601274176049082e-10,2.0,0.0,2.0,2.0000159995911466,2.0
1.5409796237945557,0.0,0.0,2.0079999137599285,0.0,0.0,-3.758676515509008e-09,2.0,0.0,2.0,2.000015999591045,2.0
1.5510013103485107,0.0,0.0,2.007999913716617,0.0,0.0,-4.62848054448331e-09,2.0,0.0,2.0,2.0000159995908717,2.0
1.56097412109375,0.0,0.0,2.007999913672107,0.0,0.0,-4.069435109646447e-09,2.0,0.0,2.0,2.0000159995906936,2.0
1.570988655090332,0.0,0.0,2.0079999136387454,0.0,0.0,-2.4518719602390918e-09,2.0,0.0,2.0,2.00001599959056,2.0
1.580967903137207,0.0,0.0,2.007999913625675,0.0,0.0,-5.013956800630552e-11,2.0,0.0,2.0,2.000015999590508,2.0
1.5909459590911865,0.0,0.0,2.007999913639672,0.0,0.0,2.932519630942273e-09,2.0,0.0,2.0,2.000015999590564,2.0
1.6009604930877686,0.0,0.0,2.007999913680313,0.0,0.0,4.751921377510564e-09,2.0,0.0,2.0,2.0000159995907265,2.0
1.610966682434082,0.0,0.0,2.007999913727054,0.0,0.0,4.2674989866761805e-09,2.0,0.0,2.0,2.0000159995909135,2.0
1.6209466457366943,0.0,0.0,2.007999913759991,0.0,0.0,2.076361735813099e-09,2.0,0.0,2.0,2.000015999591045,2.0
1.6309916973114014,0.0,0.0,2.007999913764379,0.0,0.0,-1.3791409812501372e-09,2.0,0.0,2.0,2.0000159995910627,2.0
1.6409990787506104,0.0,0.0,2.0079999137347393,0.0,0.0,-4.177690079153736e-09,2.0,0.0,2.0,2.000015999590944,2.0
1.6510076522827148,0.0,0.0,2.007999913687237,0.0,0.0,-5.047494108127211e-09,2.0,0.0,2.0,2.000015999590754,2.0
1.6609630584716797,0.0,0.0,2.0079999136385385,0.0,0.0,-4.488448673289499e-09,2.0,0.0,2.0,2.0000159995905595,2.0
1.6709115505218506,0.0,0.0,2.007999913600988,0.0,0.0,-2.8708855238815e-09,2.0,0.0,2.0,2.000015999590409,2.0
1.6809933185577393,0.0,0.0,2.007999913583729,0.0,0.0,-4.691531316484381e-10,2.0,0.0,2.0,2.00001599959034,2.0
1.6909923553466797,0.0,0.0,2.0079999135935367,0.0,0.0,2.5135060673003617e-09,2.0,0.0,2.0,2.0000159995903792,2.0
1.7010481357574463,0.0,0.0,2.0079999136354303,0.0,0.0,5.926526484417662e-09,2.0,0.0,2.0,2.000015999590547,2.0
1.710942029953003,0.0,0.0,2.0079999137131264,0.0,0.0,9.65836628534369e-09,2.0,0.0,2.0,2.0000159995908575,2.0
1.7210769653320312,0.0,0.0,2.0079999138239377,0.0,0.0,1.203277472218164e-08,2.0,0.0,2.0,2.0000159995913007,2.0
1.7310070991516113,0.0,0.0,2.007999913945647,0.0,0.0,1.1959511455838146e-08,2.0,0.0,2.0,2.000015999591788,2.0
1.740981101989746,0.0,0.0,2.0079999140571023,0.0,0.0,1.0072968384603909e-08,2.0,0.0,2.0,2.0000159995922338,2.0
1.7510230541229248,0.0,0.0,2.00799991414264,0.0,0.0,6.8431145593709966e-09,2.0,0.0,2.0,2.0000159995925757,2.0
1.76092529296875,0.0,0.0,2.0079999141906555,0.0,0.0,2.618111627621559e-09,2.0,0.0,2.0,2.0000159995927675,2.0
1.7709524631500244,0.0,0.0,2.0079999141925526,0.0,0.0,-2.3441158338864392e-09,2.0,0.0,2.0,2.0000159995927755,2.0
1.780928373336792,0.0,0.0,2.0079999141474008,0.0,0.0,-6.258874096237866e-09,2.0,0.0,2.0,2.000015999592595,2.0
1.7909436225891113,0.0,0.0,2.007999914074745,0.0,0.0,-7.955586273041215e-09,2.0,0.0,2.0,2.000015999592304,2.0
1.8009767532348633,0.0,0.0,2.007999913993748,0.0,0.0,-8.00912950588466e-09,2.0,0.0,2.0,2.00001599959198,2.0
1.8109395503997803,0.0,0.0,2.0079999139186056,0.0,0.0,-6.845383246148666e-09,2.0,0.0,2.0,2.0000159995916795,2.0
1.8209471702575684,0.0,0.0,2.0079999138598357,0.0,0.0,-4.779846704926534e-09,2.0,0.0,2.0,2.0000159995914446,2.0
1.830939769744873,0.0,0.0,2.007999913825229,0.0,0.0,-2.0462474414194446e-09,2.0,0.0,2.0,2.000015999591306,2.0
1.840991497039795,0.0,0.0,2.0079999138205555,0.0,0.0,1.1822648792721557e-09,2.0,0.0,2.0,2.0000159995912874,2.0
1.850989580154419,0.0,0.0,2.0079999138500932,0.0,0.0,4.777417714728986e-09,2.0,0.0,2.0,2.0000159995914055,2.0
1.8609249591827393,0.0,0.0,2.0079999139115654,0.0,0.0,7.0505658983822104e-09,2.0,0.0,2.0,2.0000159995916515,2.0
1.8709275722503662,0.0,0.0,2.007999913983059,0.0,0.0,6.90228709667965e-09,2.0,0.0,2.0,2.0000159995919375,2.0
1.8809213638305664,0.0,0.0,2.0079999140436535,0.0,0.0,4.9601710687724465e-09,2.0,0.0,2.0,2.0000159995921796,2.0
1.890944242477417,0.0,0.0,2.007999914077848,0.0,0.0,1.6891478342698194e-09,2.0,0.0,2.0,2.0000159995923164,2.0
1.9010014533996582,0.0,0.0,2.007999914079606,0.0,0.0,-9.727354640567606e-10,2.0,0.0,2.0,2.0000159995923235,2.0
1.9109406471252441,0.0,0.0,2.007999914064686,0.0,0.0,-1.7412950267104e-09,2.0,0.0,2.0,2.000015999592264,2.0
1.9209868907928467,0.0,0.0,2.007999914049444,0.0,0.0,-1.107245849685557e-09,2.0,0.0,2.0,2.000015999592203,2.0
1.9309563636779785,0.0,0.0,2.007999914045995,0.0,0.0,5.658814520812355e-10,2.0,0.0,2.0,2.0000159995921893,2.0
1.9409375190734863,0.0,0.0,2.007999914063319,0.0,0.0,3.008776753774007e-09,2.0,0.0,2.0,2.0000159995922586,2.0
1.9509680271148682,0.0,0.0,2.007999914108065,0.0,0.0,6.021930190697435e-09,2.0,0.0,2.0,2.0000159995924376,2.0
1.9611029624938965,0.0,0.0,2.0079999141797202,0.0,0.0,7.863922587673117e-09,2.0,0.0,2.0,2.000015999592724,2.0
1.9710357189178467,0.0,0.0,2.0079999142576686,0.0,0.0,7.3962357346846786e-09,2.0,0.0,2.0,2.0000159995930358,2.0
1.9809563159942627,0.0,0.0,2.0079999143219585,0.0,0.0,5.217496464887723e-09,2.0,0.0,2.0,2.000015999593293,2.0
1.9909813404083252,0.0,0.0,2.007999914357808,0.0,0.0,1.7711784300623094e-09,2.0,0.0,2.0,2.0000159995934363,2.0
2.0009782314300537,0.0,0.0,2.0079999143542615,0.0,0.0,-2.6141851167619277e-09,2.0,0.0,2.0,2.000015999593422,2.0
2.010955333709717,0.0,0.0,2.0079999143032103,0.0,0.0,-7.695210656701965e-09,2.0,0.0,2.0,2.000015999593218,2.0
2.0209548473358154,0.0,0.0,2.007999914204085,0.0,0.0,-1.1697976654867993e-08,2.0,0.0,2.0,2.0000159995928213,2.0
2.0309762954711914,0.0,0.0,2.007999914076697,0.0,0.0,-1.3459886524551481e-08,2.0,0.0,2.0,2.000015999592312,2.0
2.0409657955169678,0.0,0.0,2.0079999139404023,0.0,0.0,-1.35617293480485e-08,2.0,0.0,2.0,2.0000159995917666,2.0
2.051027536392212,0.0,0.0,2.0079999138095466,0.0,0.0,-1.2433764203007447e-08,2.0,0.0,2.0,2.0000159995912434,2.0
2.0610060691833496,0.0,0.0,2.0079999136947535,0.0,0.0,-1.0394734955823871e-08,2.0,0.0,2.0,2.0000159995907842,2.0
2.0709948539733887,0.0,0.0,2.007999913603895,0.0,0.0,-7.680772834048453e-09,2.0,0.0,2.0,2.0000159995904205,2.0
2.080981731414795,0.0,0.0,2.0079999135428,0.0,0.0,-4.466808140630138e-09,2.0,0.0,2.0,2.0000159995901763,2.0
2.0909762382507324,0.0,0.0,2.00799991351579,0.0,0.0,-8.824324272228094e-10,2.0,0.0,2.0,2.0000159995900684,2.0
2.1010115146636963,0.0,0.0,2.007999913526065,0.0,0.0,2.9763505395104595e-09,2.0,0.0,2.0,2.0000159995901092,2.0
2.111006259918213,0.0,0.0,2.007999913575994,0.0,0.0,7.038419339572374e-09,2.0,0.0,2.0,2.000015999590309,2.0
2.1209754943847656,0.0,0.0,2.0079999136618922,0.0,0.0,9.657467383299971e-09,2.0,0.0,2.0,2.000015999590653,2.0
2.1309516429901123,0.0,0.0,2.0079999137607976,0.0,0.0,9.765437569069193e-09,2.0,0.0,2.0,2.0000159995910485,2.0
2.1409757137298584,0.0,0.0,2.0079999138510165,0.0,0.0,8.01315544432305e-09,2.0,0.0,2.0,2.000015999591409,2.0
2.150963306427002,0.0,0.0,2.0079999139164797,0.0,0.0,4.882764547441263e-09,2.0,0.0,2.0,2.000015999591671,2.0
2.160923719406128,0.0,0.0,2.007999913945278,0.0,0.0,7.314457007355762e-10,2.0,0.0,2.0,2.000015999591786,2.0
2.170963764190674,0.0,0.0,2.007999913928595,0.0,0.0,-4.176195264252889e-09,2.0,0.0,2.0,2.0000159995917195,2.0
2.1809651851654053,0.0,0.0,2.007999913865334,0.0,0.0,-8.050514864086056e-09,2.0,0.0,2.0,2.0000159995914664,2.0
2.191011905670166,0.0,0.0,2.0079999137749214,0.0,0.0,-9.717269347280832e-09,2.0,0.0,2.0,2.000015999591105,2.0
2.2009329795837402,0.0,0.0,2.0079999136764255,0.0,0.0,-9.748619349875626e-09,2.0,0.0,2.0,2.000015999590711,2.0
2.2109596729278564,0.0,0.0,2.0079999135839754,0.0,0.0,-8.568431905830005e-09,2.0,0.0,2.0,2.000015999590341,2.0
2.223938226699829,0.0,0.0,2.0079999135080393,0.0,0.0,-6.490715389456499e-09,2.0,0.0,2.0,2.0000159995900373,2.0
2.230968713760376,0.0,0.0,2.007999913464464,0.0,0.0,-4.3408094910166956e-09,2.0,0.0,2.0,2.000015999589863,2.0
2.240973472595215,0.0,0.0,2.007999913436423,0.0,0.0,-1.1926738865559847e-09,2.0,0.0,2.0,2.000015999589751,2.0
2.251035213470459,0.0,0.0,2.0079999134418984,0.0,0.0,2.342934455502655e-09,2.0,0.0,2.0,2.0000159995897726,2.0
2.2608819007873535,0.0,0.0,2.007999913467502,0.0,0.0,4.993504706164167e-09,2.0,0.0,2.0,2.000015999589875,2.0
2.2708311080932617,0.0,0.0,2.0079999135371627,0.0,0.0,8.971568855535992e-09,2.0,0.0,2.0,2.0000159995901536,2.0
2.2808237075805664,0.0,0.0,2.0079999136435123,0.0,0.0,1.1818806283927761e-08,2.0,0.0,2.0,2.000015999590579,2.0
2.291347026824951,0.0,0.0,2.007999913752844,0.0,0.0,1.2175274392673426e-08,2.0,0.0,2.0,2.0000159995910165,2.0
2.3013250827789307,0.0,0.0,2.0079999138687428,0.0,0.0,1.0724006304023642e-08,2.0,0.0,2.0,2.00001599959148,2.0
2.3113081455230713,0.0,0.0,2.007999913962485,0.0,0.0,7.816612122685015e-09,2.0,0.0,2.0,2.000015999591855,2.0
2.321300506591797,0.0,0.0,2.007999914021491,0.0,0.0,3.830493241848944e-09,2.0,0.0,2.0,2.000015999592091,2.0
2.3312904834747314,0.0,0.0,2.007999914036439,0.0,0.0,-9.54764568358787e-10,2.0,0.0,2.0,2.0000159995921507,2.0
2.341317653656006,0.0,0.0,2.0079999140058704,0.0,0.0,-4.738420513462802e-09,2.0,0.0,2.0,2.0000159995920286,2.0
2.353487253189087,0.0,0.0,2.0079999139489275,0.0,0.0,-6.338009691174575e-09,2.0,0.0,2.0,2.0000159995918008,2.0
2.3612966537475586,0.0,0.0,2.0079999138844857,0.0,0.0,-6.319602366081238e-09,2.0,0.0,2.0,2.000015999591543,2.0
2.371284008026123,0.0,0.0,2.0079999138265205,0.0,0.0,-5.102553774883632e-09,2.0,0.0,2.0,2.0000159995913114,2.0
2.381308078765869,0.0,0.0,2.007999913785387,0.0,0.0,-2.997529844504734e-09,2.0,0.0,2.0,2.0000159995911466,2.0
2.391335964202881,0.0,0.0,2.0079999137687574,0.0,0.0,-2.346777185233392e-10,2.0,0.0,2.0,2.00001599959108,2.0
2.4013257026672363,0.0,0.0,2.0079999137823146,0.0,0.0,3.0155055827395554e-09,2.0,0.0,2.0,2.0000159995911346,2.0
2.411294460296631,0.0,0.0,2.0079999138302673,0.0,0.0,6.626712671304912e-09,2.0,0.0,2.0,2.000015999591326,2.0
2.4213173389434814,0.0,0.0,2.007999913910295,0.0,0.0,8.911754116979194e-09,2.0,0.0,2.0,2.000015999591646,2.0
2.4313266277313232,0.0,0.0,2.007999914000445,0.0,0.0,8.772286140388079e-09,2.0,0.0,2.0,2.000015999592007,2.0
2.441303014755249,0.0,0.0,2.0079999140797713,0.0,0.0,6.836697382382124e-09,2.0,0.0,2.0,2.0000159995923243,2.0
2.4512927532196045,0.0,0.0,2.007999914132755,0.0,0.0,3.5705096684519554e-09,2.0,0.0,2.0,2.000015999592536,2.0
2.4612815380096436,0.0,0.0,2.0079999141479044,0.0,0.0,-6.814100898262265e-10,2.0,0.0,2.0,2.0000159995925966,2.0
2.471297264099121,0.0,0.0,2.0079999141167004,0.0,0.0,-5.663578060267999e-09,2.0,0.0,2.0,2.000015999592472,2.0
2.4813499450683594,0.0,0.0,2.0079999140382783,0.0,0.0,-9.593108630538468e-09,2.0,0.0,2.0,2.0000159995921583,2.0
2.491330862045288,0.0,0.0,2.007999913932223,0.0,0.0,-1.1300764444711872e-08,2.0,0.0,2.0,2.000015999591734,2.0
2.501286268234253,0.0,0.0,2.0079999138177325,0.0,0.0,-1.1362414863564493e-08,2.0,0.0,2.0,2.0000159995912763,2.0
2.5112977027893066,0.0,0.0,2.0079999137090274,0.0,0.0,-1.0204674507344336e-08,2.0,0.0,2.0,2.000015999590841,2.0
2.5212996006011963,0.0,0.0,2.0079999136166413,0.0,0.0,-8.143587238529872e-09,2.0,0.0,2.0,2.0000159995904716,2.0
2.531346321105957,0.0,0.0,2.00799991354838,0.0,0.0,-5.4132840796899455e-09,2.0,0.0,2.0,2.0000159995901985,2.0
2.541242837905884,0.0,0.0,2.0079999135100235,0.0,0.0,-2.1872136440356935e-09,2.0,0.0,2.0,2.0000159995900453,2.0
2.5513360500335693,0.0,0.0,2.0079999135058557,0.0,0.0,1.4061302349209376e-09,2.0,0.0,2.0,2.0000159995900284,2.0
2.5613396167755127,0.0,0.0,2.0079999135390496,0.0,0.0,5.2715569761759735e-09,2.0,0.0,2.0,2.000015999590161,2.0
2.5713093280792236,0.0,0.0,2.0079999136119566,0.0,0.0,9.338547664451524e-09,2.0,0.0,2.0,2.000015999590453,2.0
2.581660747528076,0.0,0.0,2.007999913720874,0.0,0.0,1.1961241950658177e-08,2.0,0.0,2.0,2.0000159995908886,2.0
2.5912935733795166,0.0,0.0,2.0079999138428297,0.0,0.0,1.2071913347379533e-08,2.0,0.0,2.0,2.0000159995913767,2.0
2.601285457611084,0.0,0.0,2.007999913956125,0.0,0.0,1.0321632425553649e-08,2.0,0.0,2.0,2.0000159995918296,2.0
2.611236572265625,0.0,0.0,2.007999914044682,0.0,0.0,7.192724143149135e-09,2.0,0.0,2.0,2.000015999592184,2.0
2.621283769607544,0.0,0.0,2.0079999140965854,0.0,0.0,3.0425035591972377e-09,2.0,0.0,2.0,2.0000159995923914,2.0
2.6313419342041016,0.0,0.0,2.0079999141030163,0.0,0.0,-1.8643237937795666e-09,2.0,0.0,2.0,2.000015999592417,2.0
2.6412816047668457,0.0,0.0,2.0079999140628786,0.0,0.0,-5.738040606998113e-09,2.0,0.0,2.0,2.000015999592257,2.0
2.651360034942627,0.0,0.0,2.007999913995593,0.0,0.0,-7.404348547780408e-09,2.0,0.0,2.0,2.0000159995919877,2.0
2.6612937450408936,0.0,0.0,2.0079999139202265,0.0,0.0,-7.43536772932061e-09,2.0,0.0,2.0,2.000015999591686,2.0
2.671313762664795,0.0,0.0,2.007999913850911,0.0,0.0,-6.254935198404419e-09,2.0,0.0,2.0,2.0000159995914086,2.0
2.681330442428589,0.0,0.0,2.0079999137981095,0.0,0.0,-4.177037153239421e-09,2.0,0.0,2.0,2.0000159995911977,2.0
2.691300630569458,0.0,0.0,2.007999913769579,0.0,0.0,-1.4342802743389808e-09,2.0,0.0,2.0,2.0000159995910836,2.0
2.701289653778076,0.0,0.0,2.007999913771063,0.0,0.0,1.8010160982350001e-09,2.0,0.0,2.0,2.0000159995910893,2.0
2.7112717628479004,0.0,0.0,2.007999913806813,0.0,0.0,5.401194734132161e-09,2.0,0.0,2.0,2.0000159995912323,2.0
2.7212777137756348,0.0,0.0,2.0079999138745435,0.0,0.0,7.678066102727955e-09,2.0,0.0,2.0,2.0000159995915032,2.0
2.731370449066162,0.0,0.0,2.0079999139523257,0.0,0.0,7.532545551862882e-09,2.0,0.0,2.0,2.0000159995918145,2.0
2.7413012981414795,0.0,0.0,2.0079999140192326,0.0,0.0,5.592472878321896e-09,2.0,0.0,2.0,2.000015999592082,2.0
2.751391887664795,0.0,0.0,2.007999914059759,0.0,0.0,2.3229633300481388e-09,2.0,0.0,2.0,2.000015999592244,2.0
2.7613296508789062,0.0,0.0,2.00799991406242,0.0,0.0,-1.9314172231539912e-09,2.0,0.0,2.0,2.0000159995922546,2.0
2.7713143825531006,0.0,0.0,2.007999914018708,0.0,0.0,-6.915408161617157e-09,2.0,0.0,2.0,2.00001599959208,2.0
2.7813284397125244,0.0,0.0,2.0079999139277587,0.0,0.0,-1.0846289170763696e-08,2.0,0.0,2.0,2.0000159995917164,2.0
2.7913033962249756,0.0,0.0,2.0079999138091678,0.0,0.0,-1.2554945350904936e-08,2.0,0.0,2.0,2.0000159995912417,2.0
2.8013105392456055,0.0,0.0,2.00799991368213,0.0,0.0,-1.2617336844223446e-08,2.0,0.0,2.0,2.0000159995907336,2.0
2.8113090991973877,0.0,0.0,2.007999913560873,0.0,0.0,-1.146014545382395e-08,2.0,0.0,2.0,2.0000159995902487,2.0
2.821316719055176,0.0,0.0,2.0079999134559308,0.0,0.0,-9.399464905466808e-09,2.0,0.0,2.0,2.000015999589829,2.0
2.8313238620758057,0.0,0.0,2.0079999133751087,0.0,0.0,-6.669463128898713e-09,2.0,0.0,2.0,2.0000159995895057,2.0
2.8412868976593018,0.0,0.0,2.007999913324188,0.0,0.0,-3.4436159902638287e-09,2.0,0.0,2.0,2.000015999589302,2.0
2.8513054847717285,0.0,0.0,2.0079999133074553,0.0,0.0,1.495624260113892e-10,2.0,0.0,2.0,2.000015999589235,2.0
2.8613579273223877,0.0,0.0,2.0079999133280846,0.0,0.0,4.01486659966794e-09,2.0,0.0,2.0,2.0000159995893174,2.0
2.870624542236328,0.0,0.0,2.007999913359399,0.0,0.0,6.4345067179811266e-09,2.0,0.0,2.0,2.0000159995894427,2.0
2.880596399307251,0.0,0.0,2.0079999134512456,0.0,0.0,9.7167841697777e-09,2.0,0.0,2.0,2.0000159995898104,2.0
2.890644073486328,0.0,0.0,2.007999913551801,0.0,0.0,1.002592040600861e-08,2.0,0.0,2.0,2.0000159995902123,2.0
2.900641918182373,0.0,0.0,2.007999913645409,0.0,0.0,8.422665801773816e-09,2.0,0.0,2.0,2.0000159995905866,2.0
2.9106545448303223,0.0,0.0,2.0079999137155444,0.0,0.0,5.402677219625085e-09,2.0,0.0,2.0,2.0000159995908673,2.0
2.920726776123047,0.0,0.0,2.0079999137499716,0.0,0.0,1.3331462992587117e-09,2.0,0.0,2.0,2.000015999591005,2.0
2.9307239055633545,0.0,0.0,2.007999913739622,0.0,0.0,-3.513904669107347e-09,2.0,0.0,2.0,2.0000159995909637,2.0
2.940739393234253,0.0,0.0,2.0079999136817754,0.0,0.0,-7.633759664032798e-09,2.0,0.0,2.0,2.0000159995907323,2.0
2.950741767883301,0.0,0.0,2.0079999135945052,0.0,0.0,-9.495557690201358e-09,2.0,0.0,2.0,2.0000159995903832,2.0
2.9607322216033936,0.0,0.0,2.007999913497468,0.0,0.0,-9.671399473646816e-09,2.0,0.0,2.0,2.000015999589995,2.0
2.97074818611145,0.0,0.0,2.00799991340523,0.0,0.0,-8.598254126767765e-09,2.0,0.0,2.0,2.000015999589626,2.0
2.9808833599090576,0.0,0.0,2.0079999133285806,0.0,0.0,-6.59983638993814e-09,2.0,0.0,2.0,2.0000159995893196,2.0
2.9906256198883057,0.0,0.0,2.007999913275514,0.0,0.0,-3.915959946728635e-09,2.0,0.0,2.0,2.0000159995891074,2.0
3.0006446838378906,0.0,0.0,2.0079999132519504,0.0,0.0,-7.242833157395001e-10,2.0,0.0,2.0,2.0000159995890128,2.0
3.0106663703918457,0.0,0.0,2.00799991326228,0.0,0.0,2.8435809685693123e-09,2.0,0.0,2.0,2.0000159995890545,2.0
3.020615816116333,0.0,0.0,2.0079999133097486,0.0,0.0,6.690131937638756e-09,2.0,0.0,2.0,2.000015999589244,2.0
3.0306451320648193,0.0,0.0,2.007999913396768,0.0,0.0,1.0743139121567681e-08,2.0,0.0,2.0,2.0000159995895923,2.0
3.0406150817871094,0.0,0.0,2.007999913521125,0.0,0.0,1.3645895749759415e-08,2.0,0.0,2.0,2.0000159995900897,2.0
3.050673484802246,0.0,0.0,2.007999913661088,0.0,0.0,1.3977188783748525e-08,2.0,0.0,2.0,2.0000159995906497,2.0
3.06064772605896,0.0,0.0,2.007999913794293,0.0,0.0,1.2390348380470888e-08,2.0,0.0,2.0,2.000015999591182,2.0
3.0706727504730225,0.0,0.0,2.0079999139041718,0.0,0.0,9.382519789464804e-09,2.0,0.0,2.0,2.000015999591622,2.0
3.080594062805176,0.0,0.0,2.007999913978444,0.0,0.0,5.321997204476283e-09,2.0,0.0,2.0,2.000015999591919,2.0
3.0906260013580322,0.0,0.0,2.0079999140080176,0.0,0.0,4.81619804136394e-10,2.0,0.0,2.0,2.000015999592037,2.0
3.1006181240081787,0.0,0.0,2.0079999139901514,0.0,0.0,-3.633291258792876e-09,2.0,0.0,2.0,2.000015999591966,2.0
3.110558271408081,0.0,0.0,2.007999913942906,0.0,0.0,-5.49142676037358e-09,2.0,0.0,2.0,2.000015999591777,2.0
3.120736837387085,0.0,0.0,2.007999913885926,0.0,0.0,-5.664555343119242e-09,2.0,0.0,2.0,2.000015999591549,2.0
3.1307120323181152,0.0,0.0,2.0079999138337663,0.0,0.0,-4.589400090308312e-09,2.0,0.0,2.0,2.0000159995913402,2.0
3.1405880451202393,0.0,0.0,2.007999913797212,0.0,0.0,-2.589493363760971e-09,2.0,0.0,2.0,2.000015999591194,2.0
3.1507718563079834,-1.080072147712902e-11,5.609710009870527e-12,2.0079999248733302,-1.7962302751872157e-08,9.315613294393581e-09,1.1305684494498304e-05,2.0,0.0,2.0,2.0000159996462985,2.0000000000108007
3.160623073577881,-1.5873957105695683e-08,8.05188935566791e-09,2.0080009644670094,-6.039188305452173e-06,3.0448577250284698e-06,0.0002547187317065055,2.0,0.0,2.0,2.0000160196679,2.0000000158739573
3.1705901622772217,-2.6316523660247206e-07,1.30565343826187e-07,2.008006275635003,-5.596267748306549e-05,2.7489330208472047e-05,0.0008639587581336034,2.0,0.0,2.0,2.000016288211318,2.0000002631652407
3.1806516647338867,-1.5334415433412444e-06,7.482877159805977e-07,2.0080193158234954,-0.00022713109117297218,0.00011002189729050432,0.001826244505894799,2.0,0.0,2.0,2.000017610721306,2.0000015334416834
3.190622568130493,-5.615404300005756e-06,2.7220569887820066e-06,2.008044854916544,-0.0006422298807567346,0.0003102767723683033,0.003382457217399375,2.0,0.0,2.0,2.000021795217935,2.0000056154061525
3.200632095336914,-1.571704738765738e-05,7.597141870107509e-06,2.0080888939371024,-0.0014605616175014755,0.0007042935312150688,0.005558923024473806,2.0,0.0,2.0,2.0000320744176623,2.0000157170618165
3.2105791568756104,-3.6814344254297476e-05,1.775748242387317e-05,2.0081591330298205,-0.0028753293928879898,0.0013830252464262364,0.00864147952090295,2.0,0.0,2.0,2.00005345691045,2.0000368144230847
3.2206151485443115,-7.589901822521242e-05,3.651550205944631e-05,2.008264810005943,-0.005093554383772927,0.0024394041164142,0.012677207140921872,2.0,0.0,2.0,2.000092975401738,2.0000758993515575
3.2305667400360107,-0.00014207725144165916,6.811032194077863e-05,2.0084164264562188,-0.008328273966448871,0.003964503050470198,0.017825465627813238,2.0,0.0,2.0,2.000159786133353,2.000142078411113
3.2405991554260254,-0.0002465081588086194,0.00011762611424100549,2.008625206013532,-0.01277516104606796,0.006035040368725374,0.024133015145466015,2.0,0.0,2.0,2.000265107783512,2.000246511617358
3.2506766319274902,-0.00040216533456468407,0.00019080957646860311,2.0089027181165475,-0.018595988607370145,0.008704246049851577,0.031536137608950125,2.0,0.0,2.0,2.0004219849505183,2.000402174434808
3.260636568069458,-0.0006234334076208676,0.00029381315202965533,2.0092598708577656,-0.02591472276197929,0.01200222344981806,0.04008203112093495,2.0,0.0,2.0,2.000644884489541,2.0006234549824375
3.270573377609253,-0.0009256408203079212,0.0004329360440112904,2.0097073394683975,-0.03478714778709327,0.01592456571635487,0.049543390930006176,2.0,0.0,2.0,2.00094923472969,2.000925687657035
3.2806036472320557,-0.0013244545681289324,0.0006143334557855671,2.0102542132201644,-0.04523599455131087,0.020452692529997533,0.05998662332302465,2.0,0.0,2.0,2.0013508185090334,2.0013245488570846
3.2906360626220703,-0.001835379774281714,0.0008438288606429186,2.010909278875881,-0.05719155232551971,0.025533268659811436,0.07112284141706965,2.0,0.0,2.0,2.00186528321183,2.0018355576228504
3.300647497177124,-0.0024730708577375663,0.0011266892813386665,2.0116796649814814,-0.07057329515463841,0.031117372790302234,0.08308555677729046,2.0,0.0,2.0,2.00250744905312,2.0024733878229584
3.3105618953704834,-0.003251021219682072,0.0014675961447136844,2.0125727406465845,-0.08521113690237346,0.03712921385397729,0.09560953504133737,2.0,0.0,2.0,2.003291012724689,2.0032515588053696
3.3206706047058105,-0.004181084004886497,0.0018705536023533502,2.013594762828131,-0.10097619645232982,0.043521602588980586,0.10892668183410503,2.0,0.0,2.0,2.0042280643754427,2.0041819569225203
3.3306100368499756,-0.0052736886183785674,0.0023391134337985672,2.0147530777755414,-0.11768824545511175,0.050241516563508656,0.12280667094005193,2.0,0.0,2.0,2.005329322336026,2.005275052883473
3.340608596801758,-0.0065376054094248934,0.002876423008527194,2.0160528083828635,-0.13522119634772145,0.05727153617989422,0.13721736940692109,2.0,0.0,2.0,2.006603879291698,2.006539667121364
3.3506462574005127,-0.007980358195927253,0.0034855551077938936,2.0174983127212354,-0.15342857267275145,0.06460557137193838,0.15189711923158483,2.0,0.0,2.0,2.0080596253456084,2.007983383396151
3.3605942726135254,-0.00960807542749754,0.004169630118900973,2.019091409814847,-0.17220591280151606,0.0722688874303435,0.1667752612093052,2.0,0.0,2.0,2.009703083683622,2.0096124010959775
3.3705832958221436,-0.011426068597511385,0.00493216826245993,2.020834371586449,-0.19146050343998763,0.08030285564096798,0.1818176813338003,2.0,0.0,2.0,2.011540013710096,2.0114321156125077
3.38066029548645,-0.013438405510502406,0.005777006061379811,2.0227272723058762,-0.21105280317773342,0.08873216514727834,0.1967255280266953,2.0,0.0,2.0,2.013574958994617,2.013446693256046
3.3905911445617676,-0.015647837335845984,0.006708153205846166,2.0247679412051762,-0.2308579491845338,0.09756230502729449,0.21134684590206987,2.0,0.0,2.0,2.015811165359407,2.0156589998003396
3.400608777999878,-0.018055811836396235,0.007729460908899182,2.026952652725008,-0.2507395147994022,0.1067542583590046,0.22551682528148173,2.0,0.0,2.0,2.0182505914136417,2.0180706142879634
3.41060471534729,-0.02066248065067761,0.008844179625398097,2.0292767422351203,-0.27057791672116055,0.11622763646309002,0.23923197178974434,2.0,0.0,2.0,2.0208939130638446,2.020681835475985
3.4206061363220215,-0.023466936709088563,0.010054594913665737,2.031736429091478,-0.2902844167407453,0.1258731816101336,0.252673887178444,2.0,0.0,2.0,2.0237407787968347,2.0234919171654084
3.4306490421295166,-0.02646743738694754,0.01136173446979414,2.0343296119075545,-0.30977227456491935,0.1355457118826372,0.2659321027275855,2.0,0.0,2.0,2.0267900448871132,2.026499287885338
3.440793037414551,-0.02966144005860829,0.012765071308812688,2.0370546170519965,-0.3289791350884857,0.1450872134604283,0.2790558645182177,2.0,0.0,2.0,2.030039790977303,2.0297015810966648
3.45060396194458,-0.0330460117733949,0.014262539308197448,2.0399105080128836,-0.3478823138819981,0.1543463960372819,0.29209838620715123,2.0,0.0,2.0,2.033487731623939,2.0330960395454087
3.4606077671051025,-0.036617978364150996,0.015850534837690722,2.042895554902738,-0.3664609071419373,0.1631691998449027,0.30486558620646104,2.0,0.0,2.0,2.037131330543305,2.036679657985203
3.4706404209136963,-0.040374398302868764,0.017524056927266312,2.046007070539332,-0.3847885630929248,0.17143123939669833,0.31738980115699167,2.0,0.0,2.0,2.040968257558308,2.0404496508909458
3.4806511402130127,-0.044313183691875646,0.019276855469812136,2.0492418186094796,-0.4029544084753096,0.1790049088887372,0.3294927277718259,2.0,0.0,2.0,2.044997004123279,2.044404067246301
3.4905667304992676,-0.04843353661895936,0.021101525250652058,2.0525958460275056,-0.42113653192974804,0.18579019159037963,0.3412753530149338,2.0,0.0,2.0,2.0492173021259874,2.0485422202906047
3.5006422996520996,-0.052736742156655164,0.02298974514434955,2.056067295650116,-0.4395625343097218,0.19169799144835808,0.3530269765312255,2.0,0.0,2.0,2.0536309801479034,2.0528654756173674
3.510591745376587,-0.05722618845218339,0.02493210409622619,2.059656614272637,-0.4584073897675043,0.1965908304076937,0.36484823080985945,2.0,0.0,2.0,2.0582419954647304,2.0573772625039295
3.520590305328369,-0.06190694683381162,0.02691767228284065,2.0633661577021174,-0.47785974465036496,0.20031355092249103,0.37719833487444354,2.0,0.0,2.0,2.0630560070983504,2.062082641041008
3.5305893421173096,-0.06678564287633595,0.028933817458973842,2.067203016437015,-0.4979862595901374,0.20266903464023267,0.39027657084637263,2.0588200092315674,0.0,2.0,2.126864546576497,2.125802567047517
3.5406312942504883,-0.07186860211312376,0.030965769409282425,2.0711735060454264,-0.5186901340408163,0.2034398173513142,0.403912852884668,2.0588200092315674,0.0,2.0,2.1321018984447893,2.1309136156562225
3.5505897998809814,-0.0771608136526026,0.03299665237255258,2.0752832505112684,-0.5398042194562491,0.20242315530913024,0.41815605308139037,2.0588200092315674,0.0,2.0,2.1375617938680214,2.1362356739827963
3.5605709552764893,-0.08266540973901594,0.035007706577871896,2.0795397901203225,-0.5611272495113796,0.1994531053885333,0.4333095646702297,2.0588200092315674,0.0,2.0,2.1432479831778317,2.141771542248019
3.5705807209014893,-0.08838308093135669,0.036979004677689914,2.0839523237222894,-0.5823634380870835,0.1944761433598786,0.4493033447715228,2.1195311546325684,0.0,2.0,2.2098191579971327,2.208223883213109
3.580658197402954,-0.09431116638204709,0.03889091241363032,2.0885266591875005,-0.6031629921788987,0.18760523918775285,0.46561539706612076,2.1195311546325684,0.0,2.0,2.2159529089695575,2.214183896017615
3.5905792713165283,-0.1004443618549716,0.04072552102487392,2.0932661516288826,-0.6233678017659212,0.17906271079744146,0.48235918457581206,2.1195311546325684,0.0,2.0,2.222307007797647,2.2203490405490007
3.600621461868286,-0.10677618870918588,0.042467733134464745,2.0981748577261565,-0.6428833799949938,0.16918954115534646,0.49944801119614385,2.186551570892334,0.0,2.0,2.2958209912809098,2.2937209336177986
3.6105785369873047,-0.1132998881677636,0.0441061961377903,2.1032566621670346,-0.6617549003051281,0.1583852875700238,0.5169725327323956,2.186551570892334,0.0,2.0,2.302590721027183,2.3002743510891492
3.6205992698669434,-0.12000932341363842,0.04563391825501591,2.108514200708563,-0.68004949978006,0.14711794520504354,0.5345095705019707,2.186551570892334,0.0,2.0,2.3095629338453394,2.307012269936351
3.6305992603302,-0.12689970188565852,0.04704829172437581,2.113946226380471,-0.697992133023077,0.13576883430741785,0.5518461966602095,2.186551570892334,0.0,2.0,2.316733492609507,2.3139296301470136
3.641301155090332,-0.1332540338559595,0.04822476343150601,2.118981673330176,-0.7141027795209752,0.125701495055987,0.567084373188102,2.256010055541992,0.0,2.0,2.3927108382090587,2.389750722710352
3.6511919498443604,-0.14048589880172682,0.04942680359560448,2.1247355943092576,-0.7323735335798434,0.11474352025981899,0.583640798549166,2.256010055541992,0.0,2.0,2.400248911381312,2.397005604519833
3.6612131595611572,-0.14790447600381298,0.05052010838111819,2.130653870678876,-0.7515329312813938,0.10392465228505442,0.5999963340291449,2.256010055541992,0.0,2.0,2.4079924813527347,2.4044453323641877
3.671201705932617,-0.15552110077105996,0.051505041400611226,2.1367349666512725,-0.772053391319569,0.09302609637404441,0.6161905345674442,2.3210949897766113,0.0,2.0,2.480922505914773,2.4771515959362094
3.6812264919281006,-0.16335141958253271,0.05237938342423281,2.142977227427476,-0.7943299741758411,0.08175539309140946,0.6322284435071942,2.3210949897766113,0.0,2.0,2.4891082837731857,2.4849985031756954
3.6912078857421875,-0.17141445791107401,0.053137967692874086,2.1493784382448093,-0.8186337682340247,0.06982984896183488,0.6479556049875822,2.3210949897766113,0.0,2.0,2.4975469781838653,2.4930758092009357
3.701242685317993,-0.17973155551158404,0.0537729254478919,2.155935487715598,-0.8451654933001629,0.056994269606731485,0.6633959965739549,2.385683059692383,0.0,2.0,2.570711876454155,2.565978112808709
3.711199998855591,-0.1883253308090847,0.05427434256416336,2.162644660103759,-0.8739603737526878,0.04311004575379817,0.6783209468471497,2.385683059692383,0.0,2.0,2.579712810390528,2.574580528675056
3.721217393875122,-0.19721798182145397,0.05463150967406606,2.1694992434221825,-0.9049244142422884,0.02813719533575882,0.6924784193182401,2.385683059692383,0.0,2.0,2.5890330985955403,2.583478738465353
3.7312185764312744,-0.2064305497628976,0.054833301814374014,2.1764918352609035,-0.9378887555432609,0.012036336682234342,0.7058684610089614,2.452536106109619,0.0,2.0,2.665381724245798,2.659531982892806
3.741213798522949,-0.2159810512020222,0.054868528874628064,2.1836127215423677,-0.9724603960347957,-0.005189903181655765,0.7181644871760438,2.452536106109619,0.0,2.0,2.675389318555276,2.669081185413338
3.751189947128296,-0.2258841335234482,0.054725297048569196,2.1908525305784545,-1.008317842905671,-0.023666371333006236,0.7296049871907485,2.452536106109619,0.0,2.0,2.685768889283162,2.6789792530389462
3.7612063884735107,-0.2361496578531949,0.05439086505291266,2.1982003789261406,-1.0448824739472555,-0.04346426944320628,0.7398142608255431,2.452536106109619,0.0,2.0,2.6965297872903187,2.6892358586664553
3.7712066173553467,-0.24678302788537243,0.053850667220603145,2.2056463033592952,-1.081799217624082,-0.0648541240678976,0.7492059974158195,2.520589828491211,0.0,2.0,2.775525684020117,2.7678967503449243
3.7817623615264893,-0.2577849174340749,0.05308783789372861,2.213180986572864,-1.118520499469676,-0.08804206728720133,0.7576056910745836,2.520589828491211,0.0,2.0,2.7870469462073664,2.778881887977182
3.79119873046875,-0.2691515809540183,0.052082706306094725,2.2207960611667916,-1.1546805472525221,-0.11336092682489964,0.7652791248519809,2.520589828491211,0.0,2.0,2.7989499174684047,2.7902275426691676
3.801248550415039,-0.28087538834857695,0.05081255176792057,2.228484272195596,-1.1898999012129694,-0.14109952878924112,0.7722601786305612,2.520589828491211,0.0,2.0,2.8112264830890306,2.801925994129818
3.8112235069274902,-0.29294536178576913,0.049251796881491124,2.236238826008946,-1.2238629109614783,-0.1715157016467594,0.7785251180755444,2.5909392833709717,0.0,2.0,2.89396357423188,2.8843051825468944
3.8212850093841553,-0.3053478847514686,0.04737246048858869,2.24405280941726,-1.2563870489121653,-0.20485176815348963,0.7841606202088856,2.5909392833709717,0.0,2.0,2.9069374406801236,2.8966745606373268
3.831190347671509,-0.3180676494663034,0.04514474147004956,2.251919175580351,-1.2872877594374146,-0.24120061707543397,0.7889676221596899,2.5909392833709717,0.0,2.0,2.9202435949767636,2.9093572113059145
3.8411741256713867,-0.3310882128517388,0.042537951148808366,2.2598298898271847,-1.3165459635882306,-0.2806803842425921,0.7930456521027703,2.5909392833709717,0.0,2.0,2.9338653237013297,2.92233710683239
3.851288080215454,-0.3443927822855698,0.039520866934367516,2.2677769508489996,-1.344079060011,-0.32325263872485915,0.7962188367806159,2.6797661781311035,0.0,2.0,3.0362483120123236,3.0244171863008082
3.861229658126831,-0.35796416955658594,0.03606228473449363,2.2757521064485484,-1.369908751821943,-0.36898667987630807,0.7986920563866055,2.6797661781311035,0.0,2.0,3.050433637674135,3.0379443960749253
3.871201515197754,-0.371784924646632,0.03213093170038279,2.2837479958515727,-1.3939384339066452,-0.41779994000108683,0.8003680218932019,2.6797661781311035,0.0,2.0,3.064883269357209,3.0517202574344764
3.8812177181243896,-0.3858369171422891,0.02769556590806978,2.291758104884835,-1.4161460332458093,-0.46979957454750376,0.801574910457745,2.6797661781311035,0.0,2.0,3.0795798697041072,3.0657281976915
3.891225814819336,-0.4001012657871753,0.022724713428901883,2.299777540328015,-1.4363885012756412,-0.5248874676059355,0.802234306420208,2.6797661781311035,0.0,2.0,3.094505850437716,3.07995127959975
3.901242733001709,-0.4145579545581711,0.017187094278882875,2.307802120577754,-1.4545995954090856,-0.5831611404263592,0.8026369894028875,2.757380723953247,0.0,2.0,3.186884453801028,3.17198524215459
3.9111907482147217,-0.4291859946077461,0.011051352266496818,2.315828972028981,-1.47063545390561,-0.6444825880441674,0.8026596089439484,2.757380723953247,0.0,2.0,3.202198857628985,3.1865858821358466
3.921801805496216,-0.44396305894372984,0.0042876740782842385,2.323853903792395,-1.4843871890115143,-0.7087252763067633,0.8022485352840043,2.842045783996582,0.0,2.0,3.301931836218383,3.2860116402762376
3.931209087371826,-0.45886572351570115,-0.003132188100332956,2.3318722152946605,-1.4957337198204976,-0.7756683992822141,0.8013088845039581,2.842045783996582,0.0,2.0,3.317554183176801,3.3009129935563752
3.941232442855835,-0.47386926659910117,-0.011233393417436755,2.339877577362113,-1.5045418730549531,-0.8449360712317577,0.7996424614701745,2.842045783996582,0.0,2.0,3.333307003485905,3.3159340783397133
3.9511899948120117,-0.4889476930695944,-0.020037757660314345,2.347862812830033,-1.5106886185120447,-0.9162435847258149,0.7972827824493492,2.8960506916046143,0.0,2.0,3.4028846751732678,3.385057691676621
3.9612410068511963,-0.5040737117105413,-0.02956354053163383,2.3558204702673877,-1.5140381472152449,-0.989155730801117,0.7941246216852414,2.8960506916046143,0.0,2.0,3.418819703934285,3.400252926025946
3.9711930751800537,-0.5192186931763169,-0.03982535674600817,2.3637431712421497,-1.5144592466392472,-1.0634037308980309,0.7903136422150251,2.8960506916046143,0.0,2.0,3.434815879241151,3.4155015780499745
3.981269121170044,-0.5343527476131085,-0.05083493390812979,2.3716247111648956,-1.511837341151721,-1.1386623087535397,0.7859100303108206,2.957366704940796,0.0,2.0,3.5118077754622576,3.492089478499768
3.9912056922912598,-0.5494450847770705,-0.06260128543748378,2.379459933565904,-1.506113821161824,-1.2146978684041077,0.7810386266199033,2.957366704940796,0.0,2.0,3.5278375374476205,3.5073705035885
4.001206636428833,-0.5644648283322538,-0.07512964762489598,2.3872428408749142,-1.4973285517368022,-1.291007557764599,0.7754297158257906,2.957366704940796,0.0,2.0,3.543853669456107,3.5226327956102153
4.0112080574035645,-0.5793816034329627,-0.08842203836967635,2.3949666152189626,-1.485535844776446,-1.367449309009589,0.7691864565878099,2.957366704940796,0.0,2.0,3.5598322545861087,3.5378534528233487
4.021219253540039,-0.59416607671995,-0.10247687814340734,2.4026225319517254,-1.470889836168055,-1.4434428857337578,0.7618248744646252,3.0178427696228027,0.0,2.0,3.635823747082295,3.613462247846561
4.03119969367981,-0.6087900491287052,-0.11728973435813533,2.4102003739638307,-1.4534451951912228,-1.5190550775170595,0.7536015980345909,3.0178427696228027,0.0,2.0,3.6516416624076595,3.628528969683349
4.041205883026123,-0.6232260076312861,-0.13285605848460783,2.4176914209001623,-1.4332981857003229,-1.5941361360954822,0.7444882526729394,3.0178427696228027,0.0,2.0,3.6673558180335117,3.643491810471193
4.051206827163696,-0.637447073294272,-0.14917134012407843,2.4250883671765946,-1.410480235972464,-1.6688470535241418,0.7348012407781631,3.0887701511383057,0.0,2.0,3.7533514373531953,3.7292019109150467
4.061238765716553,-0.6514272488601102,-0.16623106202163135,2.4323850571667904,-1.3851393990063334,-1.7430240362350256,0.7244529902699083,3.0887701511383057,0.0,2.0,3.7687751584031752,3.7438896026640194
4.071218252182007,-0.6651416287963731,-0.18403076429594473,2.4395763785641496,-1.3573321561632414,-1.8168759172719147,0.7137800398644414,3.0887701511383057,0.0,2.0,3.7840386317176082,3.758420010288858
4.081255912780762,-0.6785661460654375,-0.2025675680722325,2.446659908886636,-1.3271971811177317,-1.8904363629693095,0.7028964649909779,3.0887701511383057,0.0,2.0,3.7991264088037564,3.772778339084276
4.0911924839019775,-0.6916782681945667,-0.22183878017552103,2.4536341285428436,-1.2948950688979664,-1.9637267966077574,0.6918923829752782,3.1600253582000732,0.0,2.0,3.884664360347005,3.8580867369683873
4.1012282371521,-0.7044581592017595,-0.24183946590357822,2.4604955260221684,-1.2607904818507474,-2.0363055055046604,0.6803137449205553,3.1600253582000732,0.0,2.0,3.899330110804342,3.8720432827564015
4.111208915710449,-0.7168882860548843,-0.26256314743244713,2.4672394953476737,-1.2249740550631303,-2.108305324522265,0.6683965403621838,3.1600253582000732,0.0,2.0,3.913784812353975,3.885794489084553
4.121246337890625,-0.7289530294237817,-0.28400219236257673,2.473860905705129,-1.1877362141830423,-2.1793646483980127,0.655801917805015,3.2250564098358154,0.0,2.0,3.992416818040976,3.964195743277663
4.131234884262085,-0.7406381650460123,-0.30614796365667396,2.480354405765523,-1.149071520744856,-2.2496281628673187,0.6428058690710148,3.2250564098358154,0.0,2.0,4.006394937102012,3.9774941906806465
4.141215085983276,-0.7519304971767677,-0.32899079537271003,2.4867144862575077,-1.109180494558968,-2.318769353030824,0.6291281682882476,3.2250564098358154,0.0,2.0,4.020143130924867,3.9905713628488693
4.151205778121948,-0.7628173208041966,-0.35252017048716433,2.4929357691657232,-1.067980190271614,-2.386909103824675,0.6150326879459224,3.289147138595581,0.0,2.0,4.097032111585438,4.067270147265759
4.161241054534912,-0.7732862933905273,-0.3767244623272111,2.499012701950041,-1.0256028128508772,-2.453750778567391,0.6002749673815175,3.289147138595581,0.0,2.0,4.110267678210464,4.0798635651004505
4.171184539794922,-0.7833249741808838,-0.401591301206269,2.504939990527336,-0.9819315221162297,-2.5193853712978447,0.5850815465753749,3.289147138595581,0.0,2.0,4.123259520886394,4.092224906153931
4.181231498718262,-0.792921151629353,-0.4271070096109422,2.5107118136187836,-0.9370980630536719,-2.5835195288659216,0.5691919565163333,3.289147138595581,0.0,2.0,4.136003926532046,4.104351583833763
4.191192865371704,-0.8020628458175899,-0.4532568560518418,2.516322043197382,-0.8910877751310227,-2.64613516064124,0.55267886844579,3.3560304641723633,0.0,2.0,4.214471521369283,4.182724202256373
4.201228141784668,-0.810740184839734,-0.4800230653107687,2.5217616048522964,-0.844190003683325,-2.706855031873908,0.5351615776840647,3.3560304641723633,0.0,2.0,4.226657657889633,4.194329479749897
4.211215257644653,-0.8189427458176324,-0.5073891712755665,2.5270245607010082,-0.7962184918430196,-2.7660165365746474,0.5172700472735556,3.3560304641723633,0.0,2.0,4.238584665055538,4.205691985305376
4.221237897872925,-0.8266630346312436,-0.5353359435109108,2.5321037334741137,-0.7476829779673207,-2.8230775800677366,0.4985847156331907,3.4231505393981934,0.0,2.0,4.316321856580747,4.283398182100232
4.231237411499023,-0.8338934279188055,-0.5638454836393366,2.5369974405140834,-0.6983705242945311,-2.8784294731556592,0.48006420203445904,3.4231505393981934,0.0,2.0,4.327668115765026,4.294222289203312
4.241195917129517,-0.8406331474693473,-0.592892896212184,2.541698811083956,-0.6496595606282985,-2.9305239459378445,0.46001393441304805,3.4231505393981934,0.0,2.0,4.33875684000687,4.304808162366428
4.251227140426636,-0.8468863016466688,-0.6224473723056604,2.546197714910762,-0.6009288786651102,-2.979952764091431,0.43983864098113523,3.49928879737854,0.0,2.0,4.4243655665474515,4.390521463639257
4.261591196060181,-0.8520973573068145,-0.6494577292337942,2.55007482534997,-0.5571381502416036,-3.0218769642553194,0.42167973492626326,3.49928879737854,0.0,2.0,4.433840222959406,4.399585981572461
4.27117395401001,-0.8579329120552345,-0.6829627385760001,2.5545900227297844,-0.503905729357617,-3.069207352008058,0.3992586022138212,3.49928879737854,0.0,2.0,4.445153453004254,4.410421649620841
4.281221389770508,-0.8627308845986976,-0.7138530014461814,2.5584802864992953,-0.4557368772822956,-3.1081510001849444,0.37874802208083574,3.551806926727295,0.0,2.0,4.5066207324012675,4.471882175918838
4.291194200515747,-0.8670489845790879,-0.7451110074364976,2.5621633572378384,-0.40797412828463975,-3.142670824669652,0.3577421330882638,3.551806926727295,0.0,2.0,4.516359775140962,4.481236210945635
4.301211357116699,-0.8708918566263179,-0.7766907524710105,2.565633210904307,-0.360687979680928,-3.1724718867301593,0.33611572528313527,3.551806926727295,0.0,2.0,4.525864998266014,4.490380056660183
4.311639070510864,-0.8742653183756095,-0.8085436499624201,2.568882239323546,-0.314173562479043,-3.1972431935023717,0.3134624443353197,3.618726968765259,0.0,2.0,4.6004727505354985,4.565164019638493
4.321248531341553,-0.8771792823180768,-0.8406181724308597,2.5718972453182483,-0.26883488965855,-3.2167906878317916,0.289264205079069,3.618726968765259,0.0,2.0,4.6094336300193985,4.573818091086615
4.33121919631958,-0.8796469604592919,-0.8728620994669773,2.574661350816568,-0.22511553509520432,-3.231087405543619,0.26298953833206035,3.618726968765259,0.0,2.0,4.618169758674463,4.582276317706411
4.34116792678833,-0.8816946350547024,-0.9052211500177977,2.5771381764727934,-0.18495773840046073,-3.239876709848352,0.23164172205324104,3.618726968765259,0.0,2.0,4.626695193905831,4.590557694068225
4.35119104385376,-0.8833501969800084,-0.9376448925004734,2.579291225224927,-0.14601606500347392,-3.2441972960388075,0.19942869758688261,3.682589054107666,0.0,2.0,4.697079679191944,4.661220783127023
4.361211776733398,-0.8846061071276473,-0.9700913354062635,2.581147113534193,-0.10456351038586838,-3.2443362787633205,0.1730852413008544,3.682589054107666,0.0,2.0,4.705112199237196,4.669084368464717
4.371153831481934,-0.8854282259821357,-1.002514398722182,2.582782575810772,-0.05916463845633045,-3.23929676840085,0.1555856323937876,3.682589054107666,0.0,2.0,4.712902770216352,4.6767314430961635
4.381232738494873,-0.8857754908172883,-1.0348551398571086,2.5842908668733946,-0.009624155184745641,-3.2276210759169848,0.14762993961993795,3.7486443519592285,0.0,2.0,4.784367069605033,4.748554773782165
4.391202688217163,-0.8856084016032154,-1.0670399743672148,2.585764300782361,0.043620930503426504,-3.207897687543233,0.14841581416036004,3.7486443519592285,0.0,2.0,4.791449958714974,4.755509740374703
4.401222229003906,-0.8848920206672426,-1.098982332584234,2.5872841338441397,0.10015625766727866,-3.1789741193362078,0.156615125081603,3.7486443519592285,0.0,2.0,4.798158411062501,4.762081633465008
4.411231517791748,-0.8835961937172554,-1.1305868923700568,2.588913676488926,0.15945984986571682,-3.1402799671715247,0.16999614504901292,3.814574956893921,0.0,2.0,4.868044597165255,4.832291266224971
4.421288967132568,-0.8816932425514624,-1.1617544325370965,2.5906956801523626,0.2215849179139408,-3.091595594617089,0.1867480661759373,3.814574956893921,0.0,2.0,4.873759303575858,4.837830956393741
4.431325674057007,-0.8791558683140156,-1.192387793177072,2.5926504958897847,0.28635598435423737,-3.033581321298604,0.2041569255545482,3.8798792362213135,0.0,2.0,4.941805174811699,4.906139396258251
4.441199779510498,-0.8759554532765264,-1.2223971182509183,2.5947757423793014,0.3542420191654545,-2.9669741695381515,0.22049852734449765,3.8798792362213135,0.0,2.0,4.946309380969009,4.910419361779518
4.451351642608643,-0.872061447981759,-1.2517044823232122,2.597047705679946,0.42504276788943,-2.8934917084921685,0.23309790603299727,3.8798792362213135,0.0,2.0,4.950168718347898,4.91403137731663
4.461234092712402,-0.8674444189210482,-1.280248960622888,2.599419848964592,0.4988317473756333,-2.8146717323588644,0.24026603181037276,3.8798792362213135,0.0,2.0,4.953324483938332,4.916921728871654
4.471181869506836,-0.8620763622352985,-1.3079864393786662,2.6018289933861753,0.5751943412658173,-2.732354656702996,0.2403025267809464,3.9465506076812744,0.0,2.0,5.019553764896611,4.983344445390819
4.481280088424683,-0.8559321117844533,-1.3348880199932063,2.6042005640869315,0.654006145880825,-2.647693547856352,0.23266804516576295,3.9465506076812744,0.0,2.0,5.021038201241978,4.9845527679710955
4.491187334060669,-0.8489910778965161,-1.3609376384561709,2.606454325861375,0.7343840540432572,-2.5621982937246033,0.21667180090889873,3.9465506076812744,0.0,2.0,5.021668862364075,4.9849143737762365
4.501193046569824,-0.8412422514486881,-1.3861329941639815,2.6085062712762026,0.8153722891376756,-2.477039066024857,0.1923382003962776,4.013212203979492,0.0,2.0,5.08501451517289,5.048474297977212
4.513787031173706,-0.8326863246277367,-1.4104839484157674,2.6102742102723426,0.8955912527968174,-2.39349310888839,0.15999196283912195,4.013212203979492,0.0,2.0,5.08376161223358,5.04699886252179
4.52126932144165,-0.8233362977703249,-1.4340105304864734,2.611683351146681,0.9739842793906877,-2.312311225015953,0.12077900281848268,4.013212203979492,0.0,2.0,5.081608419919281,5.044659315684708
4.531301498413086,-0.8132180432458592,-1.4567420817437255,2.61267051002181,1.0489814394131427,-2.2346792386047323,0.07580602996189287,4.079885005950928,0.0,2.0,5.141976283165095,5.105345722160443
4.541167736053467,-0.8023722558326108,-1.478719127209828,2.6131852025469278,1.1192852678302494,-2.1615735498222652,0.026536816587631275,4.079885005950928,0.0,2.0,5.137999836515841,5.101278881556496
4.551215410232544,-0.7908519060393259,-1.4999920256239434,2.61319178642318,1.1838089579992521,-2.093926387201907,-0.025518071109668385,4.079885005950928,0.0,2.0,5.133230786716746,5.096474677927849
4.561206340789795,-0.7787144320380521,-1.5206151010673015,2.6126728037693283,1.2427552839507352,-2.031592375072648,-0.07824943310667093,4.079885005950928,0.0,2.0,5.1277311502163725,5.090997818151246
4.571157932281494,-0.7660151696382164,-1.5406422582933113,2.611629888434811,1.296250664692911,-1.9747179012263811,-0.13001796670394627,4.146543979644775,0.0,2.0,5.1846800367688965,5.148477052803397
4.5812764167785645,-0.7528043175931209,-1.5601257279409373,2.6100822533124166,1.3452221143507481,-1.9227817805522607,-0.17889955959901185,4.146543979644775,0.0,2.0,5.17781868941332,5.14175126047839
4.591216802597046,-0.739123784186452,-1.5791139432609362,2.6080661577857516,1.3902987888743388,-1.875638952051893,-0.22348388716275383,4.146543979644775,0.0,2.0,5.170405670407793,5.134525328045497
4.601180076599121,-0.7250086507986598,-1.5976535064447548,2.605631764183497,1.4322424549254542,-1.8330347090831995,-0.2623655184737477,4.213217735290527,0.0,2.0,5.22545370285784,5.19023858477842
4.611224412918091,-0.7104883146387783,-1.6157902586224444,2.6028401811033075,1.471380997664779,-1.7951050283543242,-0.2948438662805561,4.213217735290527,0.0,2.0,5.216998726271869,5.182051661839124
4.621261358261108,-0.6955893754683075,-1.6335713936528378,2.599757576629557,1.5079934742209038,-1.7619251128414946,-0.32056876830878944,4.213217735290527,0.0,2.0,5.208133245177386,5.1734845847646405
4.631194114685059,-0.6803366558649957,-1.6510448547530767,2.596449833034388,1.5421655208903289,-1.7335456377253649,-0.3399547443739103,4.213217735290527,0.0,2.0,5.198901431545981,5.1645739119122025
4.6411871910095215,-0.6647529665462619,-1.6682568541029614,2.592978694985461,1.5742390781474564,-1.7095411013129813,-0.35335785970193484,4.279876232147217,0.0,2.0,5.252053177238429,5.218470929672179
4.651219606399536,-0.6488582487856769,-1.6852482207895392,2.589398655140631,1.6044161200941645,-1.6892793234675074,-0.36193774960384384,4.279876232147217,0.0,2.0,5.242125134322218,5.2088852117522375
4.661221265792847,-0.6326695722510376,-1.7020514037005772,2.58575296964115,1.6331013608150011,-1.6717088359511025,-0.3666463810303766,4.279876232147217,0.0,2.0,5.231939583232343,5.199046572319774
4.67115592956543,-0.6162000346547841,-1.718687413874711,2.5820748822678152,1.6606482087117878,-1.6556399302422005,-0.3685806305440868,4.346551418304443,0.0,2.0,5.284089285678976,5.251931874125964
4.681264877319336,-0.5994591041733662,-1.7351651244323634,2.57838833744377,1.6874340435754687,-1.6398590545448015,-0.3684411997556746,4.346551418304443,0.0,2.0,5.273362415612885,5.241547299939933
4.691143989562988,-0.5824531616080032,-1.7514822385825168,2.574710686833283,1.7136751491664204,-1.6233812618363834,-0.36690035987642333,4.346551418304443,0.0,2.0,5.262420408369925,5.230944100338666
4.70125937461853,-0.5651870766865319,-1.7676281548577544,2.5710535397682173,1.7394667145826639,-1.6055390990802234,-0.36439681233722343,4.346551418304443,0.0,2.0,5.2512652268099975,5.220123019337957
4.712188720703125,-0.5476654875224167,-1.783587490648386,2.567425005690756,1.7647592245167252,-1.5860488067744236,-0.3612023217464246,4.413207054138184,0.0,2.0,5.302208204935248,5.271758787292862
4.721268653869629,-0.5298939565158615,-1.7993438094103242,2.56383185934846,1.789426008724075,-1.5649753357813667,-0.35730724640229355,4.413207054138184,0.0,2.0,5.290537979412741,5.260407374528355
4.731217384338379,-0.5118798279338285,-1.8148830330312464,2.560281273614894,1.813234061241565,-1.5427196992920147,-0.3526845676447517,4.413207054138184,0.0,2.0,5.278654783664683,5.248836177624761
4.741185903549194,-0.49363304227145766,-1.8301963322629218,2.5567808735571207,1.8359111312701872,-1.5199067021768764,-0.34725149144432665,4.479880332946777,0.0,2.0,5.3287389548806345,5.299571106052199
4.7512030601501465,-0.4751663019172102,-1.84528174716757,2.553339306036351,1.857181519137474,-1.497266420614539,-0.3408952594985403,4.479880332946777,0.0,2.0,5.31636494869488,5.287490130497335
4.761223554611206,-0.45649487413510975,-1.860144611604515,2.5499666163957455,1.8768133317504394,-1.4755092107910321,-0.3334528767280775,4.479880332946777,0.0,2.0,5.303810087128293,5.27521925242677
4.771208047866821,-0.43763614711367366,-1.8747969500015271,2.5466741005917446,1.894613387057377,-1.4552523398060535,-0.3248611714328568,4.546548366546631,0.0,2.0,5.353112313617568,5.32512524453146
4.78125262260437,-0.41860916429804795,-1.8892561811193356,2.5434730525367923,1.9104496619597744,-1.4369430665280365,-0.31516535229831655,4.546548366546631,0.0,2.0,5.3401723926138285,5.312445597274502
4.791202068328857,-0.39943386869865355,-1.9035430211932731,2.5403743995467503,1.9242732991724523,-1.4207896959808988,-0.3043940818560863,4.546548366546631,0.0,2.0,5.327121248533871,5.299643035610564
4.801194667816162,-0.38013036682381235,-1.9176791342838142,2.537388346039247,1.936098876899827,-1.406776327774226,-0.2926650078082528,4.546548366546631,0.0,2.0,5.313985588837338,5.286743478164239
4.811170816421509,-0.3607183054435218,-1.9316849461026562,2.5345239341145294,1.9460004753078952,-1.3946787471175497,-0.28010056282403634,4.613215446472168,0.0,2.0,5.3625683711806404,5.33586203901916
4.821265697479248,-0.3412164084848258,-1.9455778911261548,2.531788136322999,1.954090434899613,-1.384130227397926,-0.2669711616445488,4.613215446472168,0.0,2.0,5.349249195708253,5.322750072645859
4.831186771392822,-0.32164195051042177,-1.9593711134898544,2.5291862327600203,1.9605445081166941,-1.3746508057775344,-0.25333646205962673,4.613215446472168,0.0,2.0,5.335915175288584,5.3096094667058376
4.84120512008667,-0.3020103076603831,-1.973072821088634,2.5267225505756237,1.9655632460297237,-1.365745720867463,-0.23934380766309493,4.679880142211914,0.0,2.0,5.384207040700827,5.358381174557057
4.851200819015503,-0.2823347215050727,-1.9866863800019898,2.524400459049922,1.9693711330634278,-1.356949376713457,-0.22502352750129012,4.679880142211914,0.0,2.0,5.37080021669313,5.345137895899338
4.861187934875488,-0.26262617326561105,-2.0002108981673503,2.5222229063605615,1.972192060684042,-1.3478834739442718,-0.21045377889547062,4.679880142211914,0.0,2.0,5.357418135595758,5.331905130033978
4.87116813659668,-0.2428934725718972,-2.013642246266607,2.520191896023899,1.9742341744376388,-1.338281421073424,-0.1957390013389104,4.746544361114502,0.0,2.0,5.405538326647938,5.3804502592414005
4.8812665939331055,-0.22314348622796681,-2.026974266544207,2.5183079810225095,1.9756764338650463,-1.3280039959673162,-0.18105061757360277,4.746544361114502,0.0,2.0,5.392129926146762,5.367161445052295
4.89119553565979,-0.203381456115704,-2.0401999501454453,2.5165707919542064,1.9766634927300324,-1.3170177894768453,-0.16639691176693838,4.746544361114502,0.0,2.0,5.378756995417788,5.353894043839082
4.901330947875977,-0.18361139125987927,-2.0533124915379757,2.514979651116887,1.977296849281881,-1.3053933753179108,-0.15185112950189977,4.746544361114502,0.0,2.0,5.3654200181943414,5.340648643243261
4.911195278167725,-0.16383648802774167,-2.066306105828226,2.5135333909216997,1.9776382577388567,-1.2932576012814045,-0.13742945242208335,4.813210487365723,0.0,2.0,5.413347768419075,5.388934729448506
4.92126989364624,-0.1440595087264875,-2.079176499118406,2.512230258258305,1.9777142338413767,-1.2807763529619667,-0.12323053917094205,4.813210487365723,0.0,2.0,5.39998894129587,5.3756395646139
4.931214094161987,-0.12428307684395998,-2.091920971490136,2.5110682501003683,1.977527531914705,-1.2680971000992665,-0.10920180982463458,4.813210487365723,0.0,2.0,5.386665648045451,5.3623666461341735
4.94123101234436,-0.10450988100869223,-2.1045382371600634,2.510045415280798,1.9770638045768434,-1.2553534059158804,-0.09540039049872504,4.879885196685791,0.0,2.0,5.434466101454929,5.410478304384353
4.9511942863464355,-0.08474279466016911,-2.117028087784148,2.5091596397554126,1.9763019003306155,-1.2426238086324144,-0.08179129297798947,4.879885196685791,0.0,2.0,5.421123735507122,5.397160273414421
4.961239337921143,-0.06498490641287316,-2.1293909117074694,2.508408596509469,1.9752212842481651,-1.22995016024014,-0.06846416672137534,4.879885196685791,0.0,2.0,5.407820752612469,5.383869054070814
4.971168518066406,-0.04523947372203227,-2.141627208034572,2.507789507579136,1.9738096925721977,-1.2173113904534087,-0.05540191958065602,4.946547985076904,0.0,2.0,5.455488916313896,5.431805328987435
4.9813055992126465,-0.02550981512021852,-2.1537370845834993,2.5072993890156865,1.9720677796399968,-1.2046532134623686,-0.042675174504502714,4.946547985076904,0.0,2.0,5.442177401381452,5.418481539879164
4.991177558898926,-0.0057991708083466875,-2.1657198718304036,2.5069350330668927,1.9700106856142732,-1.191876080271062,-0.030255260396194743,4.946547985076904,0.0,2.0,5.428910391910734,5.405190553130003
5.0011749267578125,0.01388945310981469,-2.1775738864964156,2.5066927343654344,1.9676702516219104,-1.1788801487250484,-0.01827689550295394,5.013212203979492,0.0,2.0,5.476476378619101,5.452985970870847
5.011184453964233,0.03355343824237515,-2.189296319237557,2.506568207851574,1.9650915156314361,-1.1655391377636652,-0.006695602346289787,5.013212203979492,0.0,2.0,5.463207038527424,5.439670927235363
5.021279335021973,0.053190679890193424,-2.20088315789358,2.506557322209661,1.9623317615975377,-1.1517432110261896,0.0044511710267129585,5.013212203979492,0.0,2.0,5.449981698575965,5.426389240934411
5.031255006790161,0.0727996795419098,-2.2123292970315207,2.5066560336881403,1.959454078721583,-1.1373838067806576,0.015226061552355676,5.013212203979492,0.0,2.0,5.436798429829481,5.413139276808209
5.041190147399902,0.09237959376780597,-2.223628729822672,2.506860317177838,1.9565257441926545,-1.1223915865254588,0.025560508866191003,5.079885482788086,0.0,2.0,5.484218002799888,5.460745344832038
5.051218271255493,0.11193023656858331,-2.234774808937538,2.507165976391706,1.9536100243123922,-1.1067062241639671,0.035501745492762256,5.079885482788086,0.0,2.0,5.471015911392604,5.447457918616874
5.061259508132935,0.13145203413192422,-2.2457605025909615,2.5075686937113666,1.9507656397090025,-1.0903134243386932,0.044963988989013805,5.079885482788086,0.0,2.0,5.457843879190077,5.434191184599298
5.071176528930664,0.15094594380107715,-2.256578680826899,2.5080638500006542,1.9480393190142098,-1.0732040206694167,0.05399424159098929,5.146543025970459,0.0,2.0,5.505112753233961,5.481618150705293
5.0812742710113525,0.1704133363865813,-2.2672222869275274,2.5086469745221875,1.9454671951529758,-1.0554038908304568,0.0625582614028053,5.146543025970459,0.0,2.0,5.491892691102914,5.468287079689491
5.091238975524902,0.18985588120239522,-2.277684534549679,2.5093137254276217,1.9430728925077778,-1.036939015670566,0.07072338621991066,5.146543025970459,0.0,2.0,5.478685495713797,5.454960521400293
5.101193428039551,0.2092754372707889,-2.2879590597689363,2.5100598561105345,1.9408710484890606,-1.0178690877173306,0.07842937985186924,5.213212490081787,0.0,2.0,5.525785350924252,5.502194352044788
5.11117696762085,0.2286739610828793,-2.2980400429005963,2.510880983821423,1.9388667928976722,-0.9982402219158119,0.0857199890140286,5.213212490081787,0.0,2.0,5.512495965121381,5.488771482385577
5.121298313140869,0.24805343272734032,-2.307922265747344,2.511772436537029,1.9370601106178988,-0.9781268796181118,0.09249124920284928,5.213212490081787,0.0,2.0,5.4992018217519805,5.475336487336759
5.131228685379028,0.26741580530361947,-2.3176010738715065,2.5127294697851,1.935446054272676,-0.9575642598969951,0.09884628874583097,5.213212490081787,0.0,2.0,5.485897473883301,5.461884252231374
5.141187429428101,0.2867629776575839,-2.327072264346128,2.513747788809248,1.9340190971888935,-0.9366118758389663,0.10474778208615328,5.279882907867432,0.0,2.0,5.532671032282165,5.508766827607411
5.151224613189697,0.3060967920644562,-2.336332111947947,2.514823216842,1.932773631905488,-0.9153015758770369,0.11027633195640243,5.279882907867432,0.0,2.0,5.519242611778644,5.49517934767134
5.161227703094482,0.3254190428095066,-2.3453772707834784,2.5159519316803336,1.9317061303571275,-0.8936806605429669,0.11540254150483938,5.279882907867432,0.0,2.0,5.5057890559189735,5.481560611037013
5.1711790561676025,0.3447315127827953,-2.3542047489520117,2.5171301168677482,1.930818183040481,-0.8717680118196671,0.1201763526750775,5.346542835235596,0.0,2.0,5.552280618194373,5.528145846973037
5.1812825202941895,0.3640360251357381,-2.36281175895887,2.5183540859199502,1.9301161089949481,-0.8495895713917867,0.12455562874473267,5.346542835235596,0.0,2.0,5.538677141642729,5.514367916721351
5.191200256347656,0.38333449588558965,-2.3711956141331845,2.519620163867244,1.9296123921967292,-0.8271352976822798,0.12860428637347573,5.346542835235596,0.0,2.0,5.525034911652171,5.500545942020473
5.201159238815308,0.40262898993708257,-2.3793535661458765,2.5209248687651313,1.9293240596690662,-0.8044081155435298,0.13227544270648373,5.413209915161133,0.0,2.0,5.571230323712005,5.546822928573635
5.211207389831543,0.42192177011245546,-2.387282783022361,2.5222645472923237,1.9292735539919033,-0.7813853616060743,0.1355975384449228,5.413209915161133,0.0,2.0,5.55741276947978,5.532818127592705
5.221244812011719,0.44121533350302206,-2.3949802726243403,2.523635414914377,1.9294852280113444,-0.7580579737565812,0.13851692656622736,5.413209915161133,0.0,2.0,5.5435417085154075,5.518755351190825
5.2311928272247314,0.46051245120362083,-2.402442763518374,2.525033900100478,1.9299897395738543,-0.734379337821265,0.14113041368596801,5.413209915161133,0.0,2.0,5.529611559388931,5.50462927012101
5.241168022155762,0.4798162086339456,-2.409666630388184,2.5264569204063556,1.9308186731903816,-0.7103294687518854,0.14342405091271995,5.479889392852783,0.0,2.0,5.5753369410462,5.550425669905927
5.251257419586182,0.4991300222977039,-2.416648005526891,2.5279014893172427,1.9320066316472866,-0.6858771070478882,0.1454441616348841,5.479889392852783,0.0,2.0,5.561189753318321,5.536077265536431
5.261189222335815,0.5184576364426697,-2.4233828390568912,2.529364679988835,1.9335832698724835,-0.661022389042486,0.14713799589403645,5.479889392852783,0.0,2.0,5.546964613423261,5.521647350035148
5.271167993545532,0.5378030713902047,-2.4298670940692237,2.5308431926289594,1.9355745470148191,-0.6357616783764968,0.14850938108050765,5.479889392852783,0.0,2.0,5.532654498411088,5.507129134460889
5.280454635620117,0.5552327016683245,-2.4354853681747906,2.532184216150362,1.9377359837170989,-0.6126906465009465,0.1494538466269662,5.54654598236084,0.0,2.0,5.579248810057726,5.553809255331963
5.2911787033081055,0.576564524354331,-2.4420679481979746,2.5338331522850837,1.9408677083835102,-0.5840664867668898,0.15029574202950477,5.54654598236084,0.0,2.0,5.563217539430127,5.537545625685116
5.301176071166992,0.595989412229014,-2.4477769421724593,2.5353385619414315,1.9441840696484267,-0.5576769029874035,0.15073534424668644,5.613489627838135,0.0,2.0,5.608342691755761,5.582734130537539
5.31127667427063,0.6154496745215879,-2.4532204276257032,2.5368469043991984,1.9479403363176535,-0.5309718047876102,0.15088144576518936,5.613489627838135,0.0,2.0,5.593469266942611,5.567647065095677
5.321264743804932,0.6349496172266225,-2.458395504543654,2.538355081981906,1.9521163951723564,-0.5040014387118723,0.15070671060689148,5.613489627838135,0.0,2.0,5.578476072218637,5.552438121584078
5.331236124038696,0.654493322737133,-2.463299653217292,2.5398602217240267,1.9566878230466218,-0.47679239245974425,0.15027863754112214,5.613489627838135,0.0,2.0,5.563356773976097,5.537101185236352
5.341209650039673,0.674084568056298,-2.467930733714431,2.5413597118410816,1.961618010937463,-0.44939484602763385,0.14957776399008058,5.679879665374756,0.0,2.0,5.6072931972881905,5.581099055092085
5.351203203201294,0.6937267557069646,-2.4722870151697487,2.5428510373940014,1.9668695525816577,-0.4218384165137019,0.1486487763462034,5.679879665374756,0.0,2.0,5.591834329874703,5.5654221694284365
5.361211538314819,0.7134228818898242,-2.4763671320140266,2.5443318095222853,1.9723984494750322,-0.3941686946252127,0.1474638151549721,5.679879665374756,0.0,2.0,5.576233879026298,5.5496024321335735
5.371166944503784,0.7331755163003674,-2.480170096740846,2.5457995382935117,1.9781647252017402,-0.36641188530106206,0.14604337015523772,5.746543884277344,0.0,2.0,5.619875731526547,5.593309047585305
5.381582975387573,0.7529868416075856,-2.4836951568355374,2.547251924615147,1.9841310762489284,-0.33858969051860144,0.14440178638658674,5.746543884277344,0.0,2.0,5.603912761587214,5.577127716888421
5.3912177085876465,0.7728587045438972,-2.4869416945843628,2.5486869897917295,1.9902667660463276,-0.3107120674209111,0.14257274826844837,5.746543884277344,0.0,2.0,5.587797479519903,5.560793401967229
5.401235342025757,0.7927926290570496,-2.489909401596577,2.5501023244911303,1.9965403746746766,-0.2828311655380124,0.14044527200503046,5.746543884277344,0.0,2.0,5.571526980475479,5.54430341222012
5.411203622817993,0.8127899785140851,-2.492598404853768,2.551495019423876,2.0029537945453364,-0.2549803593416699,0.13804343286410994,5.8132100105285645,0.0,2.0,5.614391691082888,5.587239685609633
5.421254396438599,0.832852230222038,-2.4950094030283707,2.5528619917276587,2.009527235462167,-0.22724386836065522,0.13529914784030825,5.8132100105285645,0.0,2.0,5.597739894185582,5.57037122111801
5.43117356300354,0.8529812517267089,-2.4971438987096186,2.5542001338745752,2.016318910490571,-0.1996961006636433,0.13228321496332676,5.8132100105285645,0.0,2.0,5.580925978625256,5.553341065566537
5.441185712814331,0.8731795624343301,-2.49900438732528,2.5555065901480964,2.0233986589813897,-0.17246342677897156,0.12896286363210285,5.8798828125,0.0,2.0,5.623227537081093,5.595721612275679
5.451230764389038,0.893450499536242,-2.5005945874586293,2.5567786609743592,2.0308597611870627,-0.1456601177428017,0.12541171290043535,5.8798828125,0.0,2.0,5.60602202813304,5.578304446926188
5.461215496063232,0.913798295577148,-2.5019195819389606,2.558013708784545,2.0387849985017112,-0.11944636219273365,0.1215558967522063,5.8798828125,0.0,2.0,5.5886470923562515,5.560719110304935
5.471184730529785,0.934228085450545,-2.502985815973517,2.5592092576004055,2.047274312083528,-0.09392627760883908,0.11753004844251783,5.9465413093566895,0.0,2.0,5.630358500423842,5.6025192413332245
5.481239557266235,0.9547459228764582,-2.5038008649871633,2.560363738179094,2.056407052604899,-0.06922968050001155,0.11334621346843646,5.9465413093566895,0.0,2.0,5.612579395524115,5.58453578661609
5.4911744594573975,0.9753586235849047,-2.5043734931665274,2.561475925703959,2.0662568980572664,-0.04546014873065869,0.10907414478265649,5.9465413093566895,0.0,2.0,5.5946223379006925,5.566376189999405
5.5011749267578125,0.9960735978143719,-2.5047135136968275,2.5625448285339805,2.076869203986341,-0.022719461339951067,0.10470077790123944,6.013208866119385,0.0,2.0,5.635751304863961,5.607605200632933
5.511192083358765,1.0168986925511343,-2.504831446290398,2.5635700340595013,2.0882859856508516,-0.0010470620100329585,0.10035374483909947,6.013208866119385,0.0,2.0,5.617375464406548,5.58903354121505
5.521282196044922,1.0378420612425963,-2.5047380374097603,2.564552363800705,2.100524417712284,0.01955140753628987,0.09613914607840306,6.013208866119385,0.0,2.0,5.59881298585603,5.570277145629036
5.531203508377075,1.058911865954322,-2.5044438913855127,2.5654933322922795,2.1135679710195463,0.039110552153801506,0.09208216011546058,6.013208866119385,0.0,2.0,5.5800609924811555,5.551332990457586
5.541203022003174,1.0801159773504652,-2.503958976005431,2.5663946303713057,2.1273766406885075,0.057725048676238414,0.08820342881688442,6.013208866119385,0.0,2.0,5.561116693619556,5.532198116729068
5.551209449768066,1.1014617115915937,-2.5032920950567332,2.5672577728874986,2.141879126658484,0.07553017889402988,0.0844395475972272,6.07988166809082,0.0,2.0,5.6011532702957325,5.572354670733306
5.561209678649902,1.1229555919106005,-2.50245046325531,2.5680836849314943,2.1569895800462304,0.09270802979516395,0.0807503698353671,6.07988166809082,0.0,2.0,5.581764373282653,5.552780784954701
5.571173667907715,1.1446031510844634,-2.501439359756007,2.568872807030251,2.172594022326256,0.10945851928240347,0.07707056896307786,6.146548748016357,0.0,2.0,5.621412179851374,5.592553855369022
5.581336736679077,1.166408682431136,-2.500262037699417,2.569624961449307,2.188560810849678,0.12598495611198016,0.07335015057736466,6.146548748016357,0.0,2.0,5.601569237875592,5.572531321581604
5.591232776641846,1.1883750911393507,-2.498919776726561,2.570339555239525,2.20474431849006,0.1424750742264857,0.06955141102047593,6.146548748016357,0.0,2.0,5.581520695163197,5.552304572181198
5.601245164871216,1.2105037820705515,-2.4974121441153443,2.5710155658620035,2.220992882350545,0.15908246130435802,0.06563127784102128,6.146548748016357,0.0,2.0,5.561264793180634,5.531871954719644
5.611218452453613,1.2327947127272505,-2.4957373164063315,2.5716518684513354,2.2371716420752747,0.17593200771388579,0.06161977457639522,6.213210105895996,0.0,2.0,5.600002508902935,5.570748804336385
5.621260643005371,1.2552466051522955,-2.493892408975503,2.57224790009704,2.253167191564236,0.19310742278432627,0.057585674211474897,6.213210105895996,0.0,2.0,5.579280337231482,5.549855982118127
5.631207704544067,1.2778570954736395,-2.4918740043161263,2.5728035789884247,2.268874763993175,0.21062969968237635,0.05354764797788903,6.213210105895996,0.0,2.0,5.558349515006541,5.528756224583565
5.641188144683838,1.30062283933635,-2.489678780170707,2.573318743007072,2.2842056009618004,0.22846201352155354,0.04948192418412282,6.2798895835876465,0.0,2.0,5.596453530578309,5.567009766368225
5.651239633560181,1.3235397563388227,-2.4873039562531614,2.573793207379952,2.299101450156629,0.2465352050764605,0.04541015273805875,6.2798895835876465,0.0,2.0,5.575062620787092,5.545456210345734
5.661215305328369,1.3466032821557403,-2.4847476125819377,2.5742268931686167,2.3135226755090645,0.26474782901298144,0.04132696364984687,6.2798895835876465,0.0,2.0,5.553469271992546,5.523702058414025
5.671203136444092,1.3698085712467272,-2.482008896092171,2.574619804033209,2.327452237702339,0.28299075861237993,0.03725671951078528,6.2798895835876465,0.0,2.0,5.531677108004287,5.501750967467675
5.681288480758667,1.3931506580969082,-2.4790880866039418,2.574972006629841,2.340882350951675,0.3011486379726893,0.03318693993835178,6.346543788909912,0.0,2.0,5.568893432086395,5.539131813698519
5.691182851791382,1.4166245806655886,-2.475986516160061,2.575283692583843,2.3538210971206106,0.31912904575994355,0.02916007820827368,6.346543788909912,0.0,2.0,5.546671430234142,5.5167574378454205
5.701178789138794,1.4402254706857862,-2.4727063433343437,2.575555428139106,2.366276894775705,0.3368596841818447,0.025200724369530306,6.413207530975342,0.0,2.0,5.583555433877955,5.553811955074429
5.711179733276367,1.4639485167757862,-2.469250283001683,2.5757880210462316,2.3782517394435914,0.35430303756199033,0.021333599461424033,6.413207530975342,0.0,2.0,5.560925605950847,5.531036227483911
5.721277713775635,1.4877888745876826,-2.4656212596830565,2.575982405863023,2.3897371450659928,0.3714549446813201,0.01756038086796963,6.413207530975342,0.0,2.0,5.5381217816834285,5.5080883377894985
5.731228590011597,1.5117415714391966,-2.461822043404186,2.5761395872825306,2.400715530830211,0.38834942146274426,0.013891473632195414,6.413207530975342,0.0,2.0,5.515149422265586,5.4849736850674455
5.74120306968689,1.5358013995471704,-2.4578549429254433,2.576260495444967,2.411158457076215,0.40504396777698554,0.010305233882784271,6.479889869689941,0.0,2.0,5.551318571265047,5.5213278947243944
5.751209259033203,1.559962853864351,-2.4537215478175383,2.576346022094335,2.4210351431688837,0.4216232448579517,0.0068157777086955435,6.479889869689941,0.0,2.0,5.5279839012481355,5.497856971154723
5.761203289031982,1.5842200957268553,-2.4494225685789117,2.5763970901215534,2.4303098612872374,0.4381755502227912,0.003412090185358863,6.479889869689941,0.0,2.0,5.504496985253065,5.47423542197077
5.771339654922485,1.6085669216162692,-2.444957840564557,2.5764145457064322,2.4389457247667847,0.4547858074981255,9.061252337507892e-05,6.479889869689941,0.0,2.0,5.4808630556755595,5.450468430012899
5.781264781951904,1.63299675930128,-2.4403264442987527,2.5763990459795476,2.4469069325603936,0.4715188098484437,-0.00318193928488533,6.5465474128723145,0.0,2.0,5.516376441121315,5.486180199369333
5.791202068328857,1.6575027197740388,-2.4355268816031876,2.576351109522709,2.454165973005378,0.48842510726388627,-0.006397493233249571,6.5465474128723145,0.0,2.0,5.4924247653993605,5.462101170989436
5.801226377487183,1.6820776577269791,-2.430557308509799,2.576271174635537,2.4606992652262445,0.5055209881792981,-0.009584895884231287,6.5465474128723145,0.0,2.0,5.468341914638288,5.437892498815521
5.811211347579956,1.7067142411026521,-2.4254158728206097,2.576159522317949,2.466493707141621,0.5227922329490685,-0.012740523688670922,6.613208293914795,0.0,2.0,5.503479430466578,5.473237254715995
5.821280479431152,1.7314050594013821,-2.4201010326425885,2.576016479926465,2.471546670631353,0.5401925027332589,-0.01585910365692287,6.613208293914795,0.0,2.0,5.479113688713733,5.448751400890239
5.831218719482422,1.7561427201043263,-2.4146118063845203,2.575842557842461,2.4758635945649594,0.557657162415672,-0.01891343881766669,6.613208293914795,0.0,2.0,5.454633884620386,5.424153036541865
5.841181039810181,1.7809199190205225,-2.4089479331831263,2.575638471506209,2.479456897054975,0.5751088477608036,-0.02188877037806762,6.679876804351807,0.0,2.0,5.489459751104843,5.459194877371758
5.851210117340088,1.8057294992413073,-2.403109929212562,2.5754051064150767,2.482342764294156,0.5924710585452307,-0.02476623661376682,6.679876804351807,0.0,2.0,5.4647360705055545,5.434358221887471
5.861207962036133,1.8305644808192005,-2.397099030937416,2.575143558338905,2.484540405709294,0.6096777220650754,-0.02752262173553918,6.679876804351807,0.0,2.0,5.439917636139819,5.409428229978313
5.87123703956604,1.8554180750185654,-2.390917074663486,2.5748550524388842,2.4860685405323615,0.6266754429485375,-0.03015784937358119,6.679876804351807,0.0,2.0,5.415011063725689,5.384411433848374
5.881256341934204,1.88028369038296,-2.3845663162271227,2.574540869342339,2.486948092037866,0.6434351439285932,-0.03265562169512289,6.74654483795166,0.0,2.0,5.449472569282855,5.419100854645689
5.8911895751953125,1.9051549390280127,-2.378049204317484,2.574202370121842,2.487198406758189,0.6599459977192438,-0.03502321702391522,6.74654483795166,0.0,2.0,5.424378538911945,5.393901572290225
5.901257753372192,1.9300256288696243,-2.371368192440613,2.573840827322022,2.48683976133691,0.6762181015443257,-0.037266532088537155,6.74654483795166,0.0,2.0,5.39921639598534,5.368635245160105
5.91122841835022,1.9548897735694406,-2.364525564005408,2.5734573670192122,2.4858930783766886,0.6922744397697553,-0.03940938290176584,6.813230037689209,0.0,2.0,5.433535185916352,5.403188990291051
5.921249151229858,1.9797416151765643,-2.3575232957712604,2.573053000239712,2.484384187254628,0.7081525520204789,-0.04144703309999776,6.813230037689209,0.0,2.0,5.408226711386247,5.3777808081650145
5.931192398071289,2.0045757029746594,-2.3503629949552645,2.572628721154116,2.482349418362857,0.7238859766416664,-0.0433957871536729,6.813230037689209,0.0,2.0,5.3828678574821724,5.352323114202291
5.94119119644165,2.02938701280106,-2.343045964846095,2.5721853345097414,2.479837886067558,0.7395022437476982,-0.04527010379452696,6.879878997802734,0.0,2.0,5.417059437275456,5.386755692431861
5.9512104988098145,2.054171076991016,-2.335573288450595,2.571723519946778,2.4769115130946897,0.7550170299299137,-0.04708157248752569,6.879878997802734,0.0,2.0,5.39158856979733,5.361190121858101
5.96119236946106,2.078924093072951,-2.327945915059762,2.5712440587647616,2.473640323788904,0.770443515483401,-0.0487929815375393,6.879878997802734,0.0,2.0,5.366080502132486,5.33558808199175
5.971184730529785,2.103642978477171,-2.320164696346946,2.570747968705242,2.470097448574677,0.7857872496834831,-0.050408266388912076,6.879878997802734,0.0,2.0,5.3405381727180625,5.309952422619022
5.98052978515625,2.12585882411891,-2.3130306949651342,2.5702881446560517,2.4667337534003764,0.7995382383304684,-0.05175855486657051,6.946554183959961,0.0,2.0,5.3772152008431995,5.34688832389867
5.991194725036621,2.152969547757289,-2.3041435996247515,2.5697102487448396,2.4624653186738703,0.8162887892660553,-0.05329750636550897,6.946554183959961,0.0,2.0,5.349028057475014,5.318602390866421
6.001270532608032,2.1775743723594103,-2.2959047282978853,2.5691705282624726,2.4584878193151964,0.8314812059563714,-0.05464060460298299,6.946554183959961,0.0,2.0,5.323373183904805,5.292858109270851
6.011219263076782,2.202139117779829,-2.287514050017183,2.568617526468214,2.4544538977785115,0.8466507934268591,-0.05595661604574457,7.013227462768555,0.0,2.0,5.357482382959295,5.327221751749439
6.021259784698486,2.226663325361452,-2.278971796612197,2.5680514650428163,2.4503819276780985,0.8617945240244226,-0.057251199374378475,7.013227462768555,0.0,2.0,5.331753103642639,5.301406293736185
6.031177520751953,2.251146639399405,-2.270278310756467,2.5674725969938152,2.4462744907555387,0.8768922392782158,-0.058518504842276095,7.013227462768555,0.0,2.0,5.305996845544704,5.275564176141868
6.041221618652344,2.275588664780451,-2.2614342293929512,2.566881168124211,2.4421215380942396,0.891906403629896,-0.059762410437995586,7.0798797607421875,0.0,2.0,5.340098497910051,5.309924454133723
6.05121922492981,2.2999888510032918,-2.2524406226723745,2.5662774584788086,2.437902704358737,0.9067882332986902,-0.060974533796656724,7.0798797607421875,0.0,2.0,5.314274741453481,5.284017966251557
6.061502456665039,2.3243464124373907,-2.2432990989829236,2.5656617563177244,2.4335915476425556,0.9214798921830064,-0.062160663759286174,7.0798797607421875,0.0,2.0,5.288427128825458,5.258087891461745
6.071183204650879,2.3486602596283332,-2.2340118598607543,2.5650343700856157,2.4291536171716053,0.9359209071672113,-0.06331065026848988,7.146550178527832,0.0,2.0,5.3225764910665205,5.29250003910023
6.081296443939209,2.3729289319912716,-2.2245817239388543,2.5643956624006523,2.4245496059433607,0.9500491999389724,-0.0644234391534558,7.146550178527832,0.0,2.0,5.296675005662014,5.2665191210008935
6.091182470321655,2.3971505530986965,-2.2150121135596974,2.5637460654925612,2.4197361276486666,0.9638063609995106,-0.06548805286249,7.146550178527832,0.0,2.0,5.27075754437642,5.240522442013068
6.101239442825317,2.42132281604488,-2.2053070124265015,2.563086048441916,2.4146710673991487,0.9771390464378652,-0.06650758844107753,7.146550178527832,0.0,2.0,5.2448277897529705,5.214513653852591
6.111208915710449,2.445443001237611,-2.195470903273321,2.562416071998904,2.4093143387263773,0.9900008764530018,-0.06748019441500212,7.2132134437561035,0.0,2.0,5.27901878361078,5.248973945417595
6.121413946151733,2.469508016449745,-2.185508685054885,2.5617366170811215,2.4036317895342556,1.0023560585845157,-0.0684000592353915,7.2132134437561035,0.0,2.0,5.253069333301806,5.222948342986568
6.131266117095947,2.4935144548790555,-2.1754255524497794,2.561048301625026,2.397594981627996,1.0141805338959278,-0.06925150227401805,7.2132134437561035,0.0,2.0,5.227122542720305,5.196925521869488
6.141193389892578,2.517458670178537,-2.1652268876309955,2.5603518245588366,2.3911845853708886,1.0254613146637945,-0.07003158270651046,7.279880523681641,0.0,2.0,5.261450708020608,5.23152648713969
6.151204347610474,2.5413368612616942,-2.154918149096738,2.5596479118128594,2.3843888351090174,1.036195837604745,-0.07073742891558579,7.279880523681641,0.0,2.0,5.235520418751439,5.205522862303723
6.16121506690979,2.565145144300562,-2.144504753499315,2.5589374027170697,2.3772024799064897,1.04639563057365,-0.07134871476767267,7.279880523681641,0.0,2.0,5.209610480211059,5.179539587199696
6.171182155609131,2.5888796040050277,-2.1339919476962548,2.5582212182127724,2.3696240525488297,1.0560827831790869,-0.07187355248738928,7.34654426574707,0.0,2.0,5.24413058522425,5.214335496151113
6.181225776672363,2.6125363133642736,-2.1233846797694587,2.557500275025628,2.3616520928258544,1.0652953227096809,-0.0722990504306577,7.34654426574707,0.0,2.0,5.218275610597514,5.188409562814332
6.191194534301758,2.636111327400303,-2.112687470943413,2.5567755171043283,2.353284399415363,1.0740795199774866,-0.0726375320288747,7.34654426574707,0.0,2.0,5.192458549953984,5.16252136233289
6.201220512390137,2.6596006618220467,-2.101904323062812,2.5560478897595234,2.3445150039610216,1.0824935078594942,-0.07287133288361071,7.34654426574707,0.0,2.0,5.1666847576942265,5.136676175279479
6.21120023727417,2.683000267186589,-2.0910386228906583,2.5553183604037937,2.335337615611789,1.0906010063375824,-0.07302469267486329,7.413208961486816,0.0,2.0,5.201508944090693,5.171780816513198
6.2212913036346436,2.7063060365703477,-2.0800930904505175,2.554587568785512,2.325746871681222,1.0984729162197082,-0.0731228447984447,7.413208961486816,0.0,2.0,5.175837109200657,5.146039487754363
6.231234312057495,2.7295138173285483,-2.0690696744274417,2.5538561296066415,2.3157404140378572,1.1061918463755265,-0.07315462230909155,7.413208961486816,0.0,2.0,5.150223891574993,5.120356386136322
6.241167068481445,2.7526194864752074,-2.057969475852842,2.5531246902749314,2.305326787745738,1.1138442746729156,-0.07312187254017245,7.4798784255981445,0.0,2.0,5.185379674050057,5.155794355970739
6.251218557357788,2.7756190615752674,-2.046792713524557,2.5523938958882564,2.294526037442834,1.1215191891618919,-0.07302730762902258,7.4798784255981445,0.0,2.0,5.15989879671576,5.13024527446146
6.261219024658203,2.798508816357513,-2.0355387289999207,2.5516643818572575,2.283368742840962,1.129302603406533,-0.07286568885502318,7.4798784255981445,0.0,2.0,5.13448857490114,5.104766335061811
6.271186351776123,2.821285390463039,-2.024206036545385,2.5509367110726844,2.271897515067611,1.1372734276111425,-0.07266203210740911,7.546544551849365,0.0,2.0,5.17001116829159,5.140572363137414
6.281287908554077,2.843945866974267,-2.012792387004313,2.550211338092071,2.2601569410488116,1.14550567385904,-0.07240395760671357,7.546544551849365,0.0,2.0,5.144754620070484,5.115248535914118
6.291192531585693,2.8664877987641315,-2.001294841777437,2.5494887510358906,2.248196878304534,1.1540620498319853,-0.07210744288940275,7.546544551849365,0.0,2.0,5.119575191687164,5.09000120391181
6.301189661026001,2.888909225189079,-1.989709890653771,2.5487693511130813,2.2360632667841984,1.1629942293850946,-0.07176668682183032,7.546544551849365,0.0,2.0,5.094473484653776,5.064830923645854
6.311205148696899,2.9112086316470234,-1.9780335865842231,2.5480534771080032,2.223799334801925,1.172337260722294,-0.07140523236780849,7.61321496963501,0.0,2.0,5.130481759630825,5.1011254123119185
6.321255207061768,2.933384882098712,-1.966261700177685,2.5473413605737165,2.2114366223542445,1.1821130043036183,-0.07101310578468281,7.61321496963501,0.0,2.0,5.105543779734957,5.07612004603867
6.331201791763306,2.955437124032224,-1.954389871494973,2.546633274430576,2.199001496095619,1.1923248057574918,-0.07060184605414337,7.61321496963501,0.0,2.0,5.080683238060109,5.051191367270722
6.341198205947876,2.9773647298343993,-1.9424137859881783,2.545929399354975,2.186511750834651,1.202961461769266,-0.07016972242835964,7.67996883392334,0.0,2.0,5.117176524693199,5.0879717644451485
6.3511786460876465,2.9991672224847377,-1.9303293070320346,2.5452299185374363,2.1739808631217823,1.2139983461662451,-0.06972588295162091,7.67996883392334,0.0,2.0,5.0924798107897615,5.063207971161464
6.361239910125732,3.0208442419948534,-1.9181326007260522,2.544534886193136,2.1614185522688154,1.2254003936709836,-0.06928139955841013,7.67996883392334,0.0,2.0,5.067858806178626,5.038519091665812
6.37117338180542,3.0423955210078404,-1.9058202252406127,2.5438442491578965,2.148834408375312,1.2371245647495888,-0.06884837517484743,7.7465410232543945,0.0,2.0,5.104596184281846,5.0755428908878955
6.381398439407349,3.0638208880581272,-1.8933891878205233,2.5431578978692873,2.1362379196959407,1.2491250689675149,-0.06842259751871518,7.7465410232543945,0.0,2.0,5.080138874395659,5.051018756758701
6.391193389892578,3.0851202844661,-1.880836961007238,2.5424757723108637,2.1236431680026326,1.2613543572442825,-0.06800530480158713,7.7465410232543945,0.0,2.0,5.055756218553345,5.02656850922143
6.40118670463562,3.106293824610778,-1.8681614994450266,2.5417976974373633,2.1110704597671677,1.2737643305891924,-0.06761472737211688,7.813209056854248,0.0,2.0,5.092997460875345,5.0640969966554055
6.411291122436523,3.127341848742488,-1.855361214164091,2.541123385863499,2.0985441553614193,1.2863128369717851,-0.0672496722756467,7.813209056854248,0.0,2.0,5.068780054984624,5.039813163906134
6.4212987422943115,3.148264943001198,-1.8424348820323408,2.540452751638832,2.086088907368909,1.2989697294255458,-0.0668732696779604,7.813209056854248,0.0,2.0,5.044636662501644,5.015602643741003
6.4312098026275635,3.169063964556816,-1.8293815213835471,2.5397860011247664,2.073734895449204,1.311716604898446,-0.0664725804456167,7.813209056854248,0.0,2.0,5.020566632970842,4.9914647538663335
6.441193103790283,3.1897400792939226,-1.8162002602417116,2.5391234067651127,2.0615124393361923,1.3245509777507412,-0.06604044415559694,7.879892349243164,0.0,2.0,5.058336262876767,5.029524003383629
6.451227426528931,3.21029474853144,-1.8028901618089088,2.5384653092792253,2.0494500042450867,1.3374882135878032,-0.06557016964658885,7.879892349243164,0.0,2.0,5.034431405572749,5.00555238591307
6.461187124252319,3.2307296741689973,-1.789450035129139,2.5378122716515557,2.037566120963521,1.3505636258745006,-0.06502510163473876,7.879892349243164,0.0,2.0,5.0105974740609,4.981650831554381
6.471176862716675,3.251046701733195,-1.775878276732175,2.537165008527276,2.025870575733209,1.3638235793627198,-0.06441643945720586,7.9465484619140625,0.0,2.0,5.048764866778505,5.020107611758025
6.481260061264038,3.271247679888787,-1.7621727383306374,2.5365242314546226,2.0143532109978435,1.377330797683973,-0.06372618300020531,7.9465484619140625,0.0,2.0,5.025091881056487,4.996367696849568
6.491195917129517,3.291334283528487,-1.7483306155116065,2.5358906878716363,2.0029902308302887,1.391152128960144,-0.06297098752022548,7.9465484619140625,0.0,2.0,5.001485561023326,4.9726933333735035
6.501245498657227,3.311307856189678,-1.7343483995097715,2.535265117499295,1.9917389141519417,1.405361490279235,-0.06213062572647269,7.9465484619140625,0.0,2.0,4.977944213211895,4.949082727520148
6.511214733123779,3.331169264632769,-1.7202218710027546,2.534648247822237,1.980547820603983,1.4200254917538178,-0.06123489186181681,8.013216018676758,0.0,2.0,5.01662972935311,4.988058248710621
6.521273374557495,3.3509187997111054,-1.7059461523699821,2.534040642436184,1.9693532101940232,1.4352097200550875,-0.06027745840980108,8.013216018676758,0.0,2.0,4.99324213718246,4.964601457595646
6.531213283538818,3.370556103783584,-1.691515768674503,2.533442803287236,1.9580909404558695,1.4509662334168845,-0.059285836790240735,8.013216018676758,0.0,2.0,4.96991729361861,4.941205994595894
6.541172027587891,3.3900801833230227,-1.6769247720505556,2.532855047187915,1.9466991192710807,1.4673385597038726,-0.058261853238292256,8.07988166809082,0.0,2.0,5.009016785653715,4.980593805727089
6.551230430603027,3.4094895089084876,-1.6621668465387673,2.532277575106694,1.935134444892266,1.484356328977445,-0.05723149477913838,8.07988166809082,0.0,2.0,4.985848068608379,4.9573542889614455
6.561187505722046,3.4287821991840843,-1.647235400293119,2.5317105235708484,1.923368965981088,1.5020467377374676,-0.056174386856394386,8.07988166809082,0.0,2.0,4.962743879601217,4.934177817392007
6.571193218231201,3.4479561951846858,-1.6321236137319757,2.5311541281645047,1.9113957966546173,1.5204267979357837,-0.05510222605294152,8.07988166809082,0.0,2.0,4.939705030153565,4.911065167258345
6.58124303817749,3.467009436596457,-1.6168245048770882,2.5306086008406217,1.89921987157105,1.5395139686855173,-0.05399787070108799,8.146551132202148,0.0,2.0,4.9793350407227335,4.950982928720642
6.591219663619995,3.4859399785740934,-1.6013309416578578,2.5300742315080207,1.8868596864433171,1.5593192323670626,-0.05287277748542462,8.146551132202148,0.0,2.0,4.9564640421314365,4.928037855986202
6.601203203201294,3.504746090762324,-1.5856356907962026,2.5295512437641494,1.874338129124491,1.5798522110133393,-0.05172270779528733,8.146551132202148,0.0,2.0,4.933661835435733,4.905159996031009
6.611213207244873,3.5234262948385697,-1.5697314867405607,2.529039753680927,1.861681997656314,1.6011090815909879,-0.050574742204618085,8.213211059570312,0.0,2.0,4.97373311919221,4.945516967918995
6.621264696121216,3.54197933048982,-1.5536110881939948,2.528539881700639,1.8489061175402592,1.6230906341808902,-0.04939410701003243,8.213211059570312,0.0,2.0,4.951107723194456,4.922815584614932
6.6314027309417725,3.560404046319621,-1.537267307106551,2.5280519230933907,1.8360180500581884,1.6457829968631934,-0.04819386280990838,8.213211059570312,0.0,2.0,4.92855381522167,4.90018406552789
6.641191482543945,3.5786992788958973,-1.520693085539348,2.5275761705409487,1.8230063831091816,1.6691766647701993,-0.04695048156345583,8.279885292053223,0.0,2.0,4.969103944016054,4.941017849665517
6.651233196258545,3.5968636917288515,-1.503881511014051,2.5271129635212484,1.809849090196359,1.693250237022559,-0.04568722236416545,8.279885292053223,0.0,2.0,4.946736195168153,4.918572039553202
6.6611855030059814,3.6148956445954528,-1.486825848420969,2.5266625767730897,1.7965077290804718,1.71799187368814,-0.04438658420804978,8.279885292053223,0.0,2.0,4.924444434065042,4.896200518199892
6.671196460723877,3.6327931118244803,-1.4695195182988492,2.526225214118644,1.7829452492463107,1.7433819528110843,-0.043084417046543,8.279885292053223,0.0,2.0,4.902230749585195,4.873905348506925
6.681244850158691,3.650553658809878,-1.4519560223002088,2.525801055766165,1.7691170148854105,1.7694259116490088,-0.041741962398201604,8.346550941467285,0.0,2.0,4.943382801246977,4.915339944441238
6.691194295883179,3.6681744744815337,-1.4341288489411765,2.5253903646161007,1.7549964201964923,1.7961140696792401,-0.04040652828000151,8.346550941467285,0.0,2.0,4.921378562704038,4.89325371529123
6.70119047164917,3.685652584046804,-1.4160317053698193,2.524992497663064,1.7405735692669326,1.8234138481767728,-0.03919174652627126,8.413209915161133,0.0,2.0,4.962918620347094,4.935072857576207
6.711366415023804,3.702984861024376,-1.397658665676142,2.5246059973164363,1.725825924498258,1.8512829479124542,-0.03814151505085655,8.413209915161133,0.0,2.0,4.941141695881388,4.913213796117285
6.721285104751587,3.7201679615963283,-1.3790044425888885,2.524228852149863,1.7107351477712551,1.879634597884212,-0.037326393268177,8.413209915161133,0.0,2.0,4.919462564145155,4.891451321499505
6.731215953826904,3.7371983567562626,-1.3600646876331997,2.523858752944363,1.6952837281503184,1.9083693527396475,-0.0367323346493581,8.413209915161133,0.0,2.0,4.89788607890375,4.869790554929722
6.7412073612213135,3.754072466098594,-1.3408362622071759,2.523493320144837,1.679480592418071,1.9373443733561972,-0.03639375743691798,8.479881286621094,0.0,2.0,4.940157502186974,4.912342708950382
6.75122594833374,3.770786857231214,-1.3213174577235547,2.5231301950007547,1.6633463383614835,1.9664188100962403,-0.03627039829149252,8.479881286621094,0.0,2.0,4.918853054312292,4.890955956558578
6.761260509490967,3.787338488144876,-1.3015081754247262,2.522766928182384,1.6469386775483814,1.9954110476265843,-0.0364257069933118,8.479881286621094,0.0,2.0,4.897669517988087,4.86969007702014
6.771174669265747,3.8037248950016096,-1.2814100009677023,2.5224010000703228,1.6303121444389903,2.024171363091467,-0.03679490206851168,8.546545028686523,0.0,2.0,4.9405725595260215,4.912876388742855
6.781302452087402,3.819944267111162,-1.2610261051029394,2.5220302162446018,1.6135441967843007,2.052529092784155,-0.03739360280082572,8.546545028686523,0.0,2.0,4.919700920152389,4.891926164311546
6.7912068367004395,3.835995515903974,-1.2403611946592292,2.5216526912247215,1.5966988901465058,2.0803517516277363,-0.03813387699550321,8.546545028686523,0.0,2.0,4.898968680840323,4.871116156035738
6.801245927810669,3.851878243893348,-1.2194213615830163,2.5212669656539197,1.579849930168953,2.107491444570877,-0.039031061498574875,8.546545028686523,0.0,2.0,4.878381281409574,4.850452007527266
6.81121039390564,3.8675926130503413,-1.1982139954330011,2.520871870790156,1.563031033839924,2.1338405467790285,-0.03999651147330329,8.613216400146484,0.0,2.0,4.9221915254574045,4.894554311426553
6.821270942687988,3.8831390413224254,-1.1767475747361356,2.5204667979141506,1.5462625670124246,2.159286054616571,-0.04102209063702131,8.613216400146484,0.0,2.0,4.901964133165233,4.874255499571946
6.831218719482422,3.8985179852909666,-1.1550315297224032,2.5200515044973844,1.5295311206212783,2.1837538579513733,-0.0420331198336288,8.613216400146484,0.0,2.0,4.8818984570578685,4.854119794328731
6.841233015060425,3.913729740477322,-1.1330760018303159,2.5196261043171377,1.5128206921304095,2.2071736960719175,-0.043043200365537694,8.613216400146484,0.0,2.0,4.862000347451653,4.83415308925278
6.851206302642822,3.9287743482912925,-1.1108916515195337,2.5191908133842382,1.4960969916595888,2.2295127565140933,-0.0440140086814765,8.67988109588623,0.0,2.0,4.906796784987181,4.879251539781276
6.861230373382568,3.9436516100125685,-1.0884895029881207,2.518745561335144,1.4793501644226008,2.250729616717204,-0.04504501778067608,8.67988109588623,0.0,2.0,4.887307653338322,4.859699490809532
6.871169567108154,3.958361238591762,-1.0658807795727747,2.518289867091566,1.462572316604228,2.2708282138294114,-0.04610183962309941,8.746548652648926,0.0,2.0,4.932693476664437,4.9053889293712585
6.881279468536377,3.9729030942578163,-1.0430767090326083,2.517823130432535,1.4458043734567585,2.28979940886279,-0.047258940481949285,8.746548652648926,0.0,2.0,4.913638339609908,4.8862767971200185
6.891183137893677,3.9872775407371415,-1.0200884751846524,2.517344586819347,1.4291030386952015,2.3076640337207386,-0.04845438782694727,8.746548652648926,0.0,2.0,4.894781653495267,4.867364996985801
6.901226758956909,4.001485703087531,-0.9969270930452667,2.51685387524766,1.4125651294600035,2.324431071832904,-0.049689215759613936,8.746548652648926,0.0,2.0,4.87612796719964,4.848658167384866
6.911178827285767,4.015529733942766,-0.9736034432668833,2.5163509338611845,1.3962952228788497,2.3401205503903624,-0.05088935060027627,8.813212394714355,0.0,2.0,4.9226294665665025,4.8954736827205485
6.921221971511841,4.029412890504472,-0.9501282308171908,2.5158362886875616,1.380409204485739,2.3547463724699886,-0.05202394965091116,8.813212394714355,0.0,2.0,4.904443742994866,4.877241161914647
6.9312522411346436,4.0431395480218795,-0.9265119850829907,2.515310875343268,1.3650121166725808,2.368331132238441,-0.05303683919081463,8.813212394714355,0.0,2.0,4.886467509305913,4.859220042481641
6.941181659698486,4.056715079278757,-0.9027650015508252,2.5147759581982516,1.3501974785770703,2.380898808257126,-0.05392262745148295,8.879881858825684,0.0,2.0,4.93385414442797,4.906925965546058
6.95122504234314,4.070145659011032,-0.8788972794504734,2.5142329734893716,1.3360303787412915,2.3924855338845066,-0.05464446610381102,8.879881858825684,0.0,2.0,4.916346030402727,4.889378563747435
6.961264610290527,4.083437971292562,-0.8549184176734245,2.513683678000787,1.3225473572983895,2.403134403182015,-0.05518325862475899,8.879881858825684,0.0,2.0,4.899043823867622,4.872038533009676
6.9711809158325195,4.09659889722301,-0.830837557423632,2.513129943081459,1.3097505061345833,2.4128936433337844,-0.055532334729378206,8.946542739868164,0.0,2.0,4.94727689361775,4.920594102711309
6.981463193893433,4.109635164171699,-0.8066633359631852,2.512573645896372,1.2976074811327645,2.4218154592747925,-0.05569686966544856,8.946542739868164,0.0,2.0,4.93042720014043,4.9037109043475535
6.991194486618042,4.122553023013425,-0.7824038669549129,2.5120165896590656,1.2860565526815306,2.429951667035819,-0.055686447265347654,8.946542739868164,0.0,2.0,4.913775899187138,4.887026969369646
7.001232147216797,4.13535798289397,-0.7580667622431594,2.5114604509613385,1.2750109061514165,2.4373490615998605,-0.05551599326160129,8.946542739868164,0.0,2.0,4.897321285627097,4.870540419887578
7.0112690925598145,4.148054548279533,-0.7336592590156469,2.510906740963164,1.2643569012596885,2.4440338282645535,-0.05520493845794086,9.013195991516113,0.0,2.0,4.9466031646978825,4.920148084259
7.021284341812134,4.160645989851589,-0.7091884457582489,2.510356737880418,1.2539632126805562,2.4500095212010353,-0.05477675495157032,9.013195991516113,0.0,2.0,4.9305835121364,4.90409928225881
7.031228065490723,4.173134217856631,-0.6846615082511842,2.5098115685429683,1.2436914975338604,2.4552527191258244,-0.05424044636676404,9.013195991516113,0.0,2.0,4.914760135463459,4.8882470634901996
7.041182518005371,4.185519792488973,-0.6600859810723384,2.5092722363264626,1.2334120996826643,2.4597181969498076,-0.053611252745598185,9.079885482788086,0.0,2.0,4.964865277475139,4.938676848386149
7.051221609115601,4.1978020576188175,-0.6354699513738388,2.508739614647879,1.223013261212328,2.463341282261233,-0.05290380069760608,9.079885482788086,0.0,2.0,4.949482460310739,4.923267271783197
7.061211347579956,4.209979390770247,-0.6108222199866525,2.508214257349136,1.2124153609184796,2.466044262304008,-0.052161882518890354,9.079885482788086,0.0,2.0,4.9343055094790005,4.908063684336409
7.0711829662323,4.2220495577677735,-0.5861524496028656,2.507696512931932,1.201577121347627,2.4677319917870366,-0.051382157133531434,9.1465482711792,0.0,2.0,4.985179838462146,4.95926025457086
7.081270694732666,4.234010149078443,-0.5614713174523105,2.507186676869696,1.1905047706025145,2.4682979862759504,-0.050579060096243925,9.1465482711792,0.0,2.0,4.970464683166854,4.944520284255578
7.09121036529541,4.245859025282229,-0.5367906179815952,2.5066850968463426,1.1792453791030997,2.4676258512267175,-0.04972843342867007,9.1465482711792,0.0,2.0,4.955969031356982,4.929999924178832
7.101201772689819,4.257594707390731,-0.5121233086814054,2.5061922999068877,1.16788176943683,2.465601066962246,-0.04881814579914659,9.1465482711792,0.0,2.0,4.9416968620768085,4.915703126936649
7.1112143993377686,4.269216657344026,-0.48748347808922854,2.5057090222924367,1.156517538528848,2.4621126797165926,-0.04782318635801099,9.213223457336426,0.0,2.0,4.993654472929523,4.967981821603322
7.121256351470947,4.28072542843159,-0.46288625051566346,2.50523616012319,1.1452640140628798,2.4570658345867114,-0.04672931666722342,9.213223457336426,0.0,2.0,4.9798658680292345,4.954170009806541
7.131228446960449,4.292122653345982,-0.43834762621877865,2.504774857511862,1.1342245354926404,2.4503805986716545,-0.045508940065030375,9.213223457336426,0.0,2.0,4.966304402795217,4.9405851641730685
7.141173839569092,4.3034109189669625,-0.4138842880092881,2.504326490381374,1.1234844902768808,2.4420010945111406,-0.044138658128891534,9.279881477355957,0.0,2.0,5.019054157037342,4.993651912415745
7.151193857192993,4.314593556762222,-0.3895133667033143,2.503892555751464,1.11310719859836,2.431893747095486,-0.04262400389804557,9.279881477355957,0.0,2.0,5.005967689166237,4.980542620762783
7.161219835281372,4.325674379448622,-0.3652522062154118,2.5034745590358365,1.1031245644232885,2.42004955015534,-0.04095139880458053,9.279881477355957,0.0,2.0,4.993101618703246,4.967653081999652
7.171231746673584,4.336657395119692,-0.3411181084256519,2.5030739037684415,1.0935445799976324,2.406485835532704,-0.039160041017181006,9.34654712677002,0.0,2.0,5.046626600001638,5.021489488905785
7.181278228759766,4.347546531602848,-0.3171281186991213,2.50269187822918,1.084343010021609,2.3912347300688546,-0.037221942563918524,9.34654712677002,0.0,2.0,5.034210595375303,5.009049530015787
7.1912171840667725,4.358345395698395,-0.2932988594720473,2.502329816118564,1.0754825982655558,2.374349637030468,-0.035172389847477746,9.34654712677002,0.0,2.0,5.022003183491153,4.996817059972633
7.201286315917969,4.3690571387805415,-0.2696463856983631,2.5019888840229414,1.0669093857118637,2.3558879669893544,-0.032996728045078444,9.34654712677002,0.0,2.0,5.010000857638478,4.984788436218301
7.211202621459961,4.379684361159486,-0.2461861240430558,2.5016701002593185,1.0585687650349325,2.335917628533899,-0.030746456631853655,9.413217544555664,0.0,2.0,5.0644581946656455,5.039549971577007
7.221269845962524,4.390229075623742,-0.2229329126997275,2.5013744231146444,1.0503978549385886,2.314485278698243,-0.02836870144011918,9.413217544555664,0.0,2.0,5.052869338775879,5.027933197904269
7.231180191040039,4.40069271965972,-0.1999011097603504,2.5011030022652943,1.0423472815805603,2.291644299096889,-0.025902547108713713,9.413217544555664,0.0,2.0,5.0414749620285555,5.016509301683945
7.241184234619141,4.411076282916708,-0.1771046027575542,2.500856696472007,1.034376617711841,2.2674318387399373,-0.02334782494566323,9.479888916015625,0.0,2.0,5.096575809323544,5.071905711838606
7.2512078285217285,4.421380464756205,-0.15455690800882793,2.500636117570861,1.0264702344411814,2.241888296386666,-0.020769030345013477,9.479888916015625,0.0,2.0,5.085570972023953,5.0608690547450665
7.261215448379517,4.4316059058901365,-0.13227119272608429,2.500441356768026,1.018630638248392,2.215038558288928,-0.018181370664914914,9.479888916015625,0.0,2.0,5.074751084566677,5.050015546386649
7.271186351776123,4.441753398306321,-0.11026041531447318,2.5002724561893497,1.0108878513855695,2.1869048517896057,-0.015601611351644335,9.479888916015625,0.0,2.0,5.064112892147158,5.0393419068355865
7.281327962875366,4.451824161356081,-0.08853731279524708,2.5001293000398372,1.003295789146294,2.1575072121952434,-0.013033944943286543,9.546544075012207,0.0,2.0,5.119974528366291,5.095489167328421
7.291176080703735,4.461820076543551,-0.06711437962059744,2.500011600249494,0.9959324421524068,2.1268760684395014,-0.010514965189129219,9.546544075012207,0.0,2.0,5.109690213793688,5.085166907836451
7.301219463348389,4.471743855645281,-0.04600384002869103,2.4999189146977465,0.9888833946279955,2.095032254728806,-0.00802845566456711,9.546544075012207,0.0,2.0,5.09957179977462,5.07500873100569
7.311181545257568,4.481599100942625,-0.02521765011517175,2.499850814215834,0.9822408864582454,2.062013885606972,-0.005606238625840929,9.613226890563965,0.0,2.0,5.155976196372862,5.131689751055819
7.321289777755737,4.491390308446514,-0.004767333611452526,2.4998064959267996,0.9760885233599893,2.027864567373176,-0.003272878967308714,9.613226890563965,0.0,2.0,5.146167431667664,5.121838800800582
7.331191778182983,4.501122736127507,0.015336040960106769,2.4997849973256683,0.9704947084710102,1.9926353503396317,-0.0010463687851399413,9.613226890563965,0.0,2.0,5.136499695659549,5.112127158038894
7.341192722320557,4.5108022201631,0.035081972783000834,2.4997851872507466,0.9655055855949144,1.956386973465235,0.0010636320126107385,9.679889678955078,0.0,2.0,5.193311191797592,5.169206505978926
7.351225137710571,4.520434947436308,0.05446063703255166,2.4998058027793832,0.9611454343246083,1.9191955110615142,0.0030348257418522165,9.679889678955078,0.0,2.0,5.183892835318779,5.159742153206633
7.361194610595703,4.530027234993422,0.07346300949260696,2.4998453958046025,0.9574171032934159,1.8811427546694515,0.004857888842232642,9.679889678955078,0.0,2.0,5.174584565469725,5.1503863938048795
7.371181488037109,4.539585380169781,0.09208091907448236,2.4999024160955896,0.9543156619633892,1.842317193444174,0.0065202968920024485,9.746550559997559,0.0,2.0,5.231717471845621,5.207779304040881
7.381269216537476,4.54911560649516,0.11030702319566181,2.499975375793114,0.9518321891084485,1.8027936640778643,0.00805173213634556,9.746550559997559,0.0,2.0,5.222592566116395,5.198605364446773
7.391190052032471,4.5586240782725405,0.12813473221481778,2.500063047443631,0.9499651220766245,1.762651981608177,0.009462100868293712,9.746550559997559,0.0,2.0,5.2135460812005965,5.189508617333965
7.40123724937439,4.56811698515408,0.14555826655514725,2.500164208200457,0.9487217650169033,1.7219710916945146,0.010749455674177292,9.746550559997559,0.0,2.0,5.2045677758286075,5.180478886939773
7.411198377609253,4.577600676995335,0.1625725930767229,2.500277608440408,0.9481277822719558,1.6808240740456544,0.011902284942719056,9.813210487365723,0.0,2.0,5.261968986983218,5.238133249017855
7.4212658405303955,4.587081838804163,0.17917347124582897,2.500401612207657,0.9482240049415619,1.6392889072078474,0.012874628038640507,9.813210487365723,0.0,2.0,5.253087240624714,5.229199153227399
7.43124532699585,4.596567651480435,0.19535715276103824,2.5005347463019225,0.9490686165506281,1.5973901031784745,0.013735461224440127,9.813210487365723,0.0,2.0,5.244240834151663,5.220299502358863
7.441191673278809,4.606065924301219,0.21112021593084443,2.500675957152415,0.9507275826305063,1.5551724988089342,0.014490514738714426,9.879883766174316,0.0,2.0,5.301735827906195,5.278041907263877
7.451217174530029,4.615585156146759,0.22645966305411194,2.500824253937196,0.9532720702125789,1.512673243756184,0.015153869197866515,9.879883766174316,0.0,2.0,5.292914959439686,5.269167280940002
7.461245536804199,4.625134523469626,0.24137286475520167,2.5009787486745485,0.9567628975112058,1.469928963972932,0.015731481480219554,9.879883766174316,0.0,2.0,5.28409218032475,5.260289960025554
7.471176624298096,4.634723678781336,0.2558575392870002,2.501138593488885,0.9612317026954817,1.4269740136523317,0.016220983562120896,9.946545600891113,0.0,2.0,5.341540517725202,5.317980369709539
7.481304883956909,4.644362392631116,0.26991174613954183,2.5013028396558243,0.966669671717902,1.3838382397969553,0.01661395018157519,9.946545600891113,0.0,2.0,5.332663842931164,5.309048796597972
7.491164922714233,4.654060136819779,0.28353374477389115,2.5014705993169093,0.9730256177202312,1.3405350229392072,0.016923808567179073,9.946545600891113,0.0,2.0,5.323745536162593,5.300074883606068
7.501235008239746,4.663825669507352,0.29672193571537286,2.5016410403900378,0.9802103581672208,1.2970781393510795,0.017151710538547957,10.013208389282227,0.0,2.0,5.381039223343788,5.3576057516171085
7.511272430419922,4.673666739710689,0.3094748361727394,2.501813353493056,0.9881125573060756,1.253484551150924,0.017284826560890348,10.013208389282227,0.0,2.0,5.3719918413449985,5.348502566301457
7.52127480506897,4.683589877818194,0.3217913767571406,2.501986035681833,0.9966035457904917,1.2098076036051424,0.01722687114872342,10.013208389282227,0.0,2.0,5.362869861176469,5.339324223897191
7.531184911727905,4.693600393083996,0.333670624600239,2.5021575545201293,1.0055688053235992,1.1660250967791097,0.017060291838001826,10.013208389282227,0.0,2.0,5.353664868900453,5.330062412292868
7.54121470451355,4.703702448131362,0.34511159852411866,2.5023268558709066,1.014893382795715,1.1221559675789428,0.016784321240910963,10.079879760742188,0.0,2.0,5.410611497991367,5.387242755999327
7.551201820373535,4.713899125417325,0.3561135005618541,2.5024929558237106,1.0244771929731162,1.078217342807804,0.016415212226233628,10.079879760742188,0.0,2.0,5.401209510342686,5.377784395451703
7.561194658279419,4.72419255842773,0.36667588064527734,2.5026546904849925,1.0342328621621537,1.0342542275044146,0.01591689389514869,10.079879760742188,0.0,2.0,5.391706441225117,5.368224716839063
7.571196556091309,4.734584169044421,0.3767985069771588,2.5028110967069668,1.0441044964930555,0.9902705486289973,0.015353039254847807,10.079879760742188,0.0,2.0,5.382098203902959,5.358559701774702
7.581271648406982,4.745074891467875,0.3864813524950287,2.5029614901019768,1.0540502950659842,0.9463026661951662,0.01471636288879848,10.146549224853516,0.0,2.0,5.4385901730665305,5.415283262217244
7.5911946296691895,4.755665356404578,0.3957246857841375,2.50310526115596,1.06405082207608,0.9023732903149231,0.014028621757297865,10.146549224853516,0.0,2.0,5.428751404682733,5.405388691855743
7.601237535476685,4.766356064014904,0.4045290558992451,2.503241866372739,1.0740984676487062,0.8585147312786636,0.01328276937638529,10.146549224853516,0.0,2.0,5.4187982598609095,5.3953797090660185
7.611202955245972,4.777147481736574,0.4128953102746239,2.5033706980379256,1.084193014481378,0.8147548936068574,0.012471404711868816,10.213211059570312,0.0,2.0,5.474911124314303,5.45172172432685
7.62127423286438,4.7880400947367,0.42082452897069844,2.5034911144118754,1.0943385370122232,0.7711074924262087,0.011606006726574093,10.213211059570312,0.0,2.0,5.464711939722788,5.441467934469253
7.6312150955200195,4.799034427281154,0.428317858710984,2.5036026910524622,1.1045358550909232,0.727581490704614,0.01069799705665089,10.213211059570312,0.0,2.0,5.454390934297982,5.43109241255539
7.641184091567993,4.810130943543399,0.4353766871617822,2.50370473507749,1.114772932971306,0.6842117700913927,0.009693660593792628,10.279879570007324,0.0,2.0,5.510119904010025,5.487048650816572
7.651211500167847,4.8213299657309525,0.4420026777032426,2.5037962083549377,1.125033108553935,0.6410197069628816,0.008576954069973225,10.279879570007324,0.0,2.0,5.499540050676546,5.4764158123212825
7.661212205886841,4.832631591731619,0.4481978053915696,2.5038757468116537,1.1352899836022192,0.5980407310859469,0.0073124911475878724,10.279879570007324,0.0,2.0,5.488832533227041,5.465655661454221
7.671173095703125,4.844035681148234,0.4539642128247094,2.503942172814089,1.1455198820604204,0.5552847456505107,0.0059474380377462,10.279879570007324,0.0,2.0,5.477995984309669,5.454766932745366
7.681420087814331,4.855541757191615,0.4593045259059271,2.503994021481491,1.1556825552569359,0.5128268922127908,0.004402953079109156,10.346549987792969,0.0,2.0,5.533185520994084,5.510184392200454
7.691193103790283,4.867149042620618,0.4642217432977734,2.50403002414521,1.1657563700328502,0.47067536160709994,0.0027768149349041353,10.346549987792969,0.0,2.0,5.52208138387564,5.49903050954494
7.70120906829834,4.878856453940112,0.4687193765324592,2.504048974866187,1.1757037361349312,0.42891570003344826,0.0010019182660936888,10.346549987792969,0.0,2.0,5.510847103952075,5.487747300493465
7.711190223693848,4.890662646446823,0.47280135565651144,2.5040500416935463,1.1855078409911364,0.3875539844905891,-0.0007993440246824736,10.346549987792969,0.0,2.0,5.499483089155109,5.476335253011063
7.721208810806274,4.9025660121835175,0.47647208632502597,2.5040326229208367,1.1951349311000332,0.3466707016812685,-0.0026854152174630155,10.415374755859375,0.0,2.0,5.556269861909549,5.533361175036012
7.731221914291382,4.914564712296722,0.47973634980808777,2.503996485460589,1.2045706203858895,0.306268253319242,-0.004543016550319245,10.415374755859375,0.0,2.0,5.54464341126132,5.521689786712663
7.741195440292358,4.926656692356047,0.4825992780046348,2.5039416505063747,1.213788686181857,0.26640577951861466,-0.0064154168887144,10.415374755859375,0.0,2.0,5.53289121805891,5.509893650857367
7.751176595687866,4.938839737541613,0.48506624514892666,2.5038684416501815,1.2227812649695569,0.22708198455404136,-0.00822123793147935,10.415374755859375,0.0,2.0,5.521015167116876,5.497974633357597
7.761251211166382,4.95111152243479,0.48714285228195636,2.5037772824190236,1.23153665866615,0.18833345511397367,-0.00999779947213695,10.492890357971191,0.0,2.0,5.585911955160956,5.563148462923544
7.7711875438690186,4.963469692651973,0.48883481020046704,2.503668749745116,1.2400581203089653,0.15015672704211827,-0.011703771472781782,10.492890357971191,0.0,2.0,5.573789965112855,5.550986611920709
7.781263113021851,4.975911913022819,0.490147967405154,2.5035432935712243,1.2483488053720861,0.11257143873318995,-0.01337663636967676,10.492890357971191,0.0,2.0,5.561551226094831,5.538708892149539
7.7913126945495605,4.988435942666198,0.49108819626886624,2.503401384689326,1.2564214679460726,0.07557472909234056,-0.015003338998389789,10.565651893615723,0.0,2.0,5.62138046516579,5.598794993571421
7.801254987716675,5.001039661687019,0.491661447193331,2.5032433199528095,1.2642900601176683,0.03917323258951629,-0.01660053331357928,10.565651893615723,0.0,2.0,5.608912025470172,5.586290385433502
7.8112123012542725,5.013721120670215,0.49187365033440933,2.5030694845680768,1.2719721518468174,0.0033667078183749503,-0.018159775462919747,10.565651893615723,0.0,2.0,5.596333969821332,5.5736769726521285
7.821244955062866,5.026478569147453,0.4917306656108277,2.5028805436954933,1.2794927515209653,-0.031870283631849794,-0.019605110778824764,10.6342134475708,0.0,2.0,5.651670403996969,5.629253015648505
7.835260629653931,5.039310508679359,0.49123815787414504,2.5026776979533594,1.2868737350140207,-0.06653527741412617,-0.02095149730888677,10.6342134475708,0.0,2.0,5.638877431846463,5.6164271403951895
7.841216564178467,5.05221567604201,0.49040178697352244,2.5024619543839366,1.294143604345913,-0.10064899396203995,-0.022174904118224745,10.6342134475708,0.0,2.0,5.62598089666349,5.603498285358817
7.853480815887451,5.065193088319213,0.4892270017989866,2.50223448248431,1.3013260391516615,-0.13421745842936453,-0.023308865606111895,10.688124656677246,0.0,2.0,5.666475267494144,5.644174207244719
7.860556602478027,5.075626520047033,0.488047118629761,2.5020446466563033,1.3070263566078877,-0.16070005848491045,-0.024136175335906725,10.688124656677246,0.0,2.0,5.656003372604783,5.633677779539794
7.87053370475769,5.088732235346772,0.4862764439159342,2.501798473360444,1.3141095809996435,-0.1933504528241718,-0.02509012558582182,10.688124656677246,0.0,2.0,5.642823936277611,5.620467975886054
7.880584716796875,5.101908595966297,0.4841817297401612,2.5015431080397676,1.3211575662191595,-0.22551409601395686,-0.025966172463688434,10.688124656677246,0.0,2.0,5.629545924280334,5.607159871482098
7.890537977218628,5.115155277497936,0.4817677396416731,2.501279377305988,1.328172267829324,-0.2572034284050342,-0.0267768047196089,10.754405975341797,0.0,2.0,5.681947694426991,5.659792274288158
7.900575399398804,5.128471896208277,0.4790392481897417,2.501007661425937,1.3351433095732368,-0.2884172860699486,-0.027556932982162385,10.754405975341797,0.0,2.0,5.668476121575322,5.646291957033583
7.910527229309082,5.141857941096334,0.47600097470505703,2.5007283717109963,1.3420530874062389,-0.3191553248104978,-0.028301196048114412,10.754405975341797,0.0,2.0,5.654909483525719,5.632696722231081
7.920580148696899,5.155312664758059,0.47265780400084784,2.500441655846218,1.3488751664574583,-0.34939598795459115,-0.0290339592978914,10.754405975341797,0.0,2.0,5.641249254483671,5.619008035259112
7.930570125579834,5.168835064550673,0.4690147670285661,2.500147841076711,1.3555829248208995,-0.3791211396122677,-0.02972772382507524,10.822690963745117,0.0,2.0,5.695279557974338,5.67327607124373
7.94054651260376,5.182423836978711,0.465077247669067,2.499847122197993,1.362145230056224,-0.40828863977387236,-0.030406651968960554,10.822690963745117,0.0,2.0,5.681439716581601,5.659408989248012
7.950870752334595,5.19607738826433,0.46085094160400697,2.499539914302938,1.3685328538017685,-0.43687006908007525,-0.031030348585962653,10.904574394226074,0.0,2.0,5.748813945800759,5.727069203130996
7.96059775352478,5.209793795523464,0.4563419669238656,2.4992265863353396,1.3747114955633042,-0.46481822606039236,-0.03162251233695547,10.904574394226074,0.0,2.0,5.7348061207541825,5.713035450453252
7.970539093017578,5.22357082136424,0.4515567639783597,2.4989077499093515,1.3806506573505153,-0.49210820147820694,-0.03213760729082132,10.904574394226074,0.0,2.0,5.720717966206964,5.698921398472129
7.980531692504883,5.237405886830407,0.44650216267387716,2.4985838695964824,1.3863138017483814,-0.5186942990003883,-0.032627569876362235,10.904574394226074,0.0,2.0,5.706553158213063,5.684730694807774
7.990548133850098,5.251296056539117,0.44118526220982635,2.4982554674100945,1.3916640857939173,-0.5445630383010872,-0.033045901517873115,10.953929901123047,0.0,2.0,5.741335707985494,5.719674571248371
8.000620603561401,5.265237965750302,0.4356134099711356,2.4979229933382876,1.3966539625669545,-0.5696831857114519,-0.03343714396338512,10.953929901123047,0.0,2.0,5.727032589903478,5.70534617516953
8.010534763336182,5.2792277713158,0.42979409412342157,2.4975870145321486,1.401234002544155,-0.5940523842227944,-0.03375145695821215,10.953929901123047,0.0,2.0,5.712666633229467,5.690954860599605
8.020551919937134,5.293261078941769,0.4237349633813996,2.497247959324983,1.4053440137068647,-0.6176452853290396,-0.034050506537525324,11.035903930664062,0.0,2.0,5.7796845739782245,5.758254791308647
8.031787395477295,5.30733285340425,0.4174437596027982,2.496906247848444,1.4089139086398572,-0.6404643871805155,-0.03428744255259888,11.035903930664062,0.0,2.0,5.765214800751121,5.74376060431221
8.040539503097534,5.32143726049032,0.4109283529555425,2.4965621091546337,1.4118541631072485,-0.6624843160402039,-0.03453581172242221,11.035903930664062,0.0,2.0,5.750701293236976,5.729222585638416
8.050572395324707,5.3355674624118645,0.40419673574671094,2.4962157080343816,1.4140514331648202,-0.6837034447067366,-0.03474010360587052,11.096572875976562,0.0,2.0,5.7964461875540705,5.77516738946241
8.060564517974854,5.349715357688544,0.3972570496597293,2.49586731625267,1.415368453370906,-0.7040951650140638,-0.03492890534375361,11.096572875976562,0.0,2.0,5.781874167978364,5.760571542738434
8.070516586303711,5.363871373444273,0.390117649541835,2.4955173665395183,1.4156480661544812,-0.7236391647897179,-0.0350591894484456,11.096572875976562,0.0,2.0,5.767286689437441,5.745960171948638
8.080632209777832,5.378024326163936,0.3827873482672928,2.495165636977722,1.4147303112247878,-0.7422618888829234,-0.03531760108877139,11.156684875488281,0.0,2.0,5.812454981017453,5.791324882814904
8.090536832809448,5.392161505190789,0.3752756841970338,2.4948104584494963,1.412471115658803,-0.759904334659484,-0.0357329219324607,11.156684875488281,0.0,2.0,5.797878828989659,5.77672584825137
8.100591897964478,5.406268866892018,0.3675926010792939,2.494451287396396,1.4087484898133453,-0.7765402726023581,-0.036078804412094226,11.156684875488281,0.0,2.0,5.783328684062179,5.762153121211586
8.110547304153442,5.420331281117715,0.359748449973851,2.4940893080043662,1.4034690940616257,-0.7921054593009986,-0.03629586549197481,11.156684875488281,0.0,2.0,5.768821001833125,5.747623118029462
8.120570421218872,5.434332868947027,0.35175427726198577,2.4937258465906864,1.3965765920209996,-0.8065351944927017,-0.03637044494644731,11.218371391296387,0.0,2.0,5.815719896211058,5.794724557698448
8.130560874938965,5.448257345627875,0.34362170272729803,2.493362461286311,1.3880450878594304,-0.8197787943017331,-0.03627595919456217,11.218371391296387,0.0,2.0,5.801353160497363,5.780336666199145
8.140544414520264,5.462088347026149,0.3353627513990165,2.493000978677504,1.3778892251202346,-0.8318084264976774,-0.035987735786983756,11.218371391296387,0.0,2.0,5.787081529212798,5.766043935037172
8.150548696517944,5.4758099971017655,0.32698956339540797,2.4926433622341224,1.3661960264655475,-0.8426308547810509,-0.03550301339898284,11.28573226928711,0.0,2.0,5.8399329162035905,5.819116684120093
8.160558462142944,5.489407693934081,0.3185139940082254,2.4922915262757375,1.3531337649404789,-0.8522968708111589,-0.034836416465252235,11.28573226928711,0.0,2.0,5.825905997702283,5.8050693145922505
8.17052960395813,5.502868937841022,0.3099471663045385,2.4919471590786415,1.3389517565605165,-0.8609029155052175,-0.03400300323274484,11.28573226928711,0.0,2.0,5.8120209534558205,5.791163575317482
8.180673837661743,5.516183883925281,0.3012989739100412,2.4916126413423574,1.3239167372384748,-0.8685955793935586,-0.03284009078567787,11.350300788879395,0.0,2.0,5.8625407564876015,5.841891913785346
8.190527439117432,5.529345216172,0.2925778335997551,2.4912914181022243,1.3082632223195674,-0.8755136208294362,-0.031369453370356674,11.350300788879395,0.0,2.0,5.8489736557491945,5.828303832861427
8.200564861297607,5.5423477251451745,0.28379091734515105,2.4909852515158875,1.2921768190629668,-0.8817677880433193,-0.029869447826994668,11.350300788879395,0.0,2.0,5.8355738871608365,5.81488229247225
8.210565090179443,5.555187644966263,0.2749443655084835,2.490693990936105,1.275757983737852,-0.8874540075102773,-0.028385928060292984,11.350300788879395,0.0,2.0,5.822345862933634,5.801631732097412
8.220558881759644,5.567862044698613,0.2660435462112827,2.4904172615347124,1.259086067366696,-0.892626365026838,-0.02697339226320849,11.414423942565918,0.0,2.0,5.873123043533622,5.852611826703905
8.230551719665527,5.580368782305882,0.2570935141121985,2.4901543213183928,1.2422403702818614,-0.8972943838730942,-0.02562663917977865,11.414423942565918,0.0,2.0,5.8602515258871275,5.839717175339514
8.240558385848999,5.592706645257878,0.24809944320380356,2.489904273761047,1.2253317289304269,-0.901427279749236,-0.024403189277483986,11.414423942565918,0.0,2.0,5.847559475622544,5.827001426419396
8.25053334236145,5.604875625161097,0.23906688393840356,2.489665968053501,1.2084879434664728,-0.9049852981087568,-0.023277043226603986,11.48554801940918,0.0,2.0,5.905864335026437,5.885529779337412
8.260546922683716,5.616877219890035,0.23000179495972298,2.4894379325259917,1.1918857294816187,-0.9079273025991068,-0.02236390655948153,11.48554801940918,0.0,2.0,5.893534361366589,5.873176123599
8.270539283752441,5.628714719263979,0.2209104736971734,2.4892182782476464,1.1756986684474457,-0.9102288320344953,-0.021580223468525353,11.48554801940918,0.0,2.0,5.881380132830255,5.860998015959299
8.28060245513916,5.64039323417014,0.21179939714686363,2.489006008254028,1.1601230392712558,-0.9118773832857292,-0.02088291001795165,11.546719551086426,0.0,2.0,5.930318408200204,5.910122633797853
8.290537595748901,5.651919890362832,0.2026750965769545,2.48880060851828,1.1453610711364155,-0.9128752034062686,-0.020196044131719403,11.546719551086426,0.0,2.0,5.918502029206995,5.898282820858922
8.30054497718811,5.663303870254343,0.19354401745378477,2.488601925778542,1.1316209715226258,-0.9132355786252959,-0.01954251181586532,11.546719551086426,0.0,2.0,5.906841051021051,5.886598284251524
8.310570001602173,5.674556308392918,0.1844124730716599,2.4884099010113885,1.119079734578799,-0.9129693021781898,-0.018850520063474346,11.546719551086426,0.0,2.0,5.895324701869362,5.8750582217596055
8.320588111877441,5.685689965901735,0.17528671308139776,2.488225116101743,1.107887192404466,-0.9120777988300337,-0.018092167198049788,11.614319801330566,0.0,2.0,5.951280611877778,5.931220545327899
8.33055853843689,5.696718935082213,0.16617304979785621,2.4880484372191387,1.0981585238710205,-0.910546213019965,-0.017225720761859343,11.614319801330566,0.0,2.0,5.94001723665634,5.919933571815006
8.34054708480835,5.707658296340336,0.15707801050939646,2.487880783762866,1.0899757048917316,-0.9083472344478297,-0.016292092795997637,11.614319801330566,0.0,2.0,5.928857503354598,5.908749752351935
8.350522994995117,5.7185237338232575,0.14800847765429329,2.487722968285303,1.0833771635437355,-0.9054363241653355,-0.015249665573967635,11.694825172424316,0.0,2.0,5.9979962561071725,5.978133939155481
8.360594272613525,5.729331140521909,0.1389718347969025,2.4875761936045615,1.0783682326515713,-0.9017597589123293,-0.014083203967235816,11.694825172424316,0.0,2.0,5.986999478879213,5.9671125526111926
8.370531558990479,5.74009634447385,0.12997603435468671,2.487441778907717,1.0749323445908125,-0.8972578865115372,-0.012775076753582212,11.694825172424316,0.0,2.0,5.976059627526789,5.95614717614759
8.380672216415405,5.7508349100600125,0.12102962028744742,2.4873212068283563,1.0730327829907225,-0.891872659552521,-0.011313150939041372,11.757803916931152,0.0,2.0,6.0279189424810635,6.0081881477278465
8.39053726196289,5.761561941643312,0.1121417347183199,2.4872160248235904,1.0726149696920357,-0.8855414796337414,-0.009698169375648878,11.757803916931152,0.0,2.0,6.017048533102783,5.99729052113281
8.400554895401001,5.772291914378902,0.10332215547409097,2.4871277787874866,1.0736089332577148,-0.878200788308687,-0.007925001042322749,11.757803916931152,0.0,2.0,6.006190379381534,5.986403711787975
8.410580396652222,5.7830385979010135,0.0945812947199943,2.487057997832697,1.0759462220349731,-0.8697878486604999,-0.006010784541075617,11.757803916931152,0.0,2.0,5.995330827573156,5.9755138890974235
8.420567035675049,5.793815108366318,0.0859301537486512,2.487007933656841,1.0795652963366442,-0.860248145038108,-0.0039827695529042985,11.814032554626465,0.0,2.0,6.04049491507302,6.020830681191616
8.430564165115356,5.804634033191629,0.07738025597817305,2.486978726512237,1.0844237378351071,-0.8495315886674273,-0.0018376905922837922,11.814032554626465,0.0,2.0,6.029594229590737,6.00989669573766
8.440594673156738,5.815507639828472,0.0689435810390295,2.4869717187294995,1.0904998147936802,-0.8375986622732419,0.0004609114775572118,11.814032554626465,0.0,2.0,6.018653987866482,5.998921100566229
8.450608491897583,5.826448082901369,0.060632385926401806,2.486988335945497,1.0977923142021793,-0.8244357088520005,0.0028768986383187443,11.88575553894043,0.0,2.0,6.079148030142105,6.059610807059615
8.46058964729309,5.83746757546619,0.05245891949046487,2.487029461276652,1.106311883016843,-0.8100572473851434,0.005360055480218639,11.88575553894043,0.0,2.0,6.068091703615964,6.048515456485291
8.470527648925781,5.848578467256034,0.04443520675933959,2.487095885648722,1.1160753223807596,-0.7944891413369614,0.007943397405425092,11.88575553894043,0.0,2.0,6.056958303000561,6.037340596858151
8.480659484863281,5.859793306280734,0.036573057355742185,2.4871888031303766,1.1271066448272589,-0.7777431699774465,0.010668796541852004,11.952570915222168,0.0,2.0,6.11233421128443,6.092887376321874
8.490541458129883,5.871124939580615,0.02888435137441237,2.4873098342057833,1.139440143838049,-0.7597932345011992,0.013569787656481423,11.952570915222168,0.0,2.0,6.101007321329391,6.081514569611847
8.500614404678345,5.882586602946198,0.02138144326719897,2.487461138476421,1.1531197717789359,-0.7405701681150034,0.016734158891257966,11.952570915222168,0.0,2.0,6.089563619744629,6.070021970091424
8.51055645942688,5.8941919100618705,0.014077419710801354,2.487645141736187,1.1681719885261572,-0.7200047817634574,0.02008907959550407,11.952570915222168,0.0,2.0,6.07798915169908,6.058395360482244
8.520557641983032,5.905954717896484,0.006986129100038154,2.4878634841862732,1.1846261028399923,-0.6980056788381009,0.023607406135197493,12.018218040466309,0.0,2.0,6.131706329369867,6.112267315033932
8.531096458435059,5.9178891914724225,0.00012239831853243599,2.488117691748817,1.2025080401007433,-0.6744788754450828,0.027249052377149398,12.018218040466309,0.0,2.0,6.119826056502474,6.100328850221799
8.540564775466919,5.930009709080344,-0.006498060294206838,2.488408812066747,1.2218360970216458,-0.6493394405263129,0.03098034124115795,12.018218040466309,0.0,2.0,6.10777095828335,6.088211799136514
8.550541877746582,5.942330678302108,-0.012858879652344677,2.4887371099110682,1.2425952067386246,-0.6225448156079747,0.03466702028284932,12.08954906463623,0.0,2.0,6.166629809115707,6.147231835555758
8.560567140579224,5.954866427440094,-0.01894318731380211,2.4891023227890368,1.2647929528197688,-0.594026853894518,0.03837970014192678,12.08954906463623,0.0,2.0,6.154178335539115,6.134711884307311
8.570556402206421,5.967631195008533,-0.02473368078695696,2.489504504762209,1.288387626724687,-0.5637889805826892,0.04203496835458197,12.08954906463623,0.0,2.0,6.141506722101238,6.12196783374694
8.58060622215271,5.980638617685883,-0.030213387774702918,2.4899425141017417,1.3133124610866167,-0.5318794808220284,0.04553580185874881,12.156539916992188,0.0,2.0,6.195378388339042,6.1759752029597825
8.590609788894653,5.993901594770009,-0.03536599424830748,2.490414437929293,1.339481373514757,-0.4983890730835914,0.04880088222131362,12.156539916992188,0.0,2.0,6.182221944010103,6.162739800127095
8.600584268569946,6.00743203691475,-0.0401763469124859,2.490917496488364,1.3667889449042208,-0.46345125993353364,0.05176130070604726,12.156539916992188,0.0,2.0,6.168803923617615,6.149239128516768
8.61057448387146,6.02124083117806,-0.044630685216719465,2.4914486643489395,1.3951317333057647,-0.42721618648969006,0.05441617512687741,12.156539916992188,0.0,2.0,6.155112392161896,6.135461414633342
8.620593786239624,6.035337683234887,-0.048717013043064146,2.492004595750031,1.4243821765619067,-0.3898790408091302,0.05671814620638212,12.214184761047363,0.0,2.0,6.1985960572206,6.17903912905167
8.630543947219849,6.049731185334255,-0.052425140708381994,2.4925821020343193,1.454443115516731,-0.35160774923562116,0.05873341142680894,12.214184761047363,0.0,2.0,6.18432481437909,6.1646764945534995
8.640503168106079,6.064428814406097,-0.055746754600814026,2.4931781497444327,1.4851899331435356,-0.31260516824947304,0.060431241438466364,12.214184761047363,0.0,2.0,6.1697512584611935,6.150008610066993
8.650556802749634,6.079436979014573,-0.05867526827942693,2.493789955788367,1.516532352105733,-0.2730125474893763,0.061888373067707725,12.287775039672852,0.0,2.0,6.228220675519079,6.208615325700721
8.660735845565796,6.0947610314024105,-0.06120556098175747,2.494414989172604,1.548350486037969,-0.2329794255060357,0.06308151193917251,12.287775039672852,0.0,2.0,6.213019781784664,6.193316448182589
8.670506238937378,6.110405285350669,-0.06333363723053327,2.495050943834499,1.580559102681094,-0.19257759002186592,0.06408593685945735,12.287775039672852,0.0,2.0,6.197498178153082,6.177694410637301
8.680553436279297,6.126373432385635,-0.06505578024237876,2.4956968805242985,1.6131270252560008,-0.1517834543865353,0.0651221020946863,12.287775039672852,0.0,2.0,6.181651673961092,6.161745046723732
8.690535545349121,6.142668769251814,-0.06636806262114615,2.4963536975120624,1.6459780635914172,-0.11061611945246617,0.0662510766940783,12.352036476135254,0.0,2.0,6.229527994323237,6.20972238018923
8.700573682785034,6.1592936754885494,-0.06726693688865372,2.4970222969253077,1.6790325214768234,-0.0691011764681252,0.0674942854472084,12.352036476135254,0.0,2.0,6.213020151214776,6.193108124016565
8.71056318283081,6.176249841953303,-0.06774906136513978,2.4977039713287548,1.712213975747795,-0.027279340818181654,0.06885354719422847,12.352036476135254,0.0,2.0,6.196179446185584,6.176158230344838
8.72059178352356,6.193538186812743,-0.06781164908436914,2.498399830981877,1.745463662990234,0.014802029594286269,0.0703469845858345,12.42813777923584,0.0,2.0,6.254856744092269,6.234968363800557
8.73056697845459,6.211159151710416,-0.0674524194620574,2.4991113298932635,1.7787190917085052,0.05705620194206695,0.07194944154603272,12.42813777923584,0.0,2.0,6.237346006405851,6.217344536375573
8.740871906280518,6.229112061682175,-0.0666707483519546,2.4998380486374288,1.8118360513115348,0.0992588140385861,0.07335973131166121,12.42813777923584,0.0,2.0,6.219501821725211,6.199384230355266
8.750550270080566,6.247395314710567,-0.06546781730395798,2.500577909348873,1.8447800443582727,0.1412812367304763,0.07456782548034994,12.48242473602295,0.0,2.0,6.255434130662847,6.235373117924345
8.760536432266235,6.266006781545639,-0.06384649634680195,2.5013280321009055,1.8774721497805034,0.18290633737365633,0.07540019277254292,12.48242473602295,0.0,2.0,6.236926996174783,6.2167458175353785
8.770537376403809,6.284943979121691,-0.061811419224259076,2.5020849713804867,1.9099265623738975,0.2240074849276701,0.07593704752263683,12.48242473602295,0.0,2.0,6.218092770471832,6.197788991544317
8.780596494674683,6.304204451458655,-0.05936869153494373,2.5028456464284736,1.942129422661731,0.26441365296678065,0.07615587688424037,12.55070686340332,0.0,2.0,6.266990567098148,6.246784534779882
8.790505647659302,6.323785842618352,-0.0565258251514547,2.5036073796555933,1.9741107700483707,0.3040119875122947,0.07614938373805294,12.55070686340332,0.0,2.0,6.247508380214175,6.227177576398699
8.80059266090393,6.343685838442753,-0.05329167903786921,2.5043675876365725,2.005849723690928,0.34265121124079373,0.0758478606382103,12.55070686340332,0.0,2.0,6.227707176065324,6.207249794180769
8.810554265975952,6.363902079318309,-0.04967620642273358,2.505123511302701,2.037358263066869,0.3802671030271479,0.07528993237170939,12.55070686340332,0.0,2.0,6.207589783767329,6.187004215439145
8.82058572769165,6.3844321432165385,-0.04568993095050085,2.5058723245309125,2.0686125062433747,0.41681134839101247,0.07442638895601744,12.615453720092773,0.0,2.0,6.251689713190649,6.231189088872802
8.830536365509033,6.405273459671798,-0.04134345028460308,2.506611133375235,2.0996027307087255,0.45231261764076036,0.07328261226989598,12.615453720092773,0.0,2.0,6.230947198320935,6.210317878160809
8.840552806854248,6.426423138201236,-0.036647058110770105,2.5073367754294833,2.130279663814808,0.48680623077339336,0.07179366079258401,12.615453720092773,0.0,2.0,6.209897998692093,6.189139079909004
8.850559949874878,6.447877934518367,-0.031610356772930726,2.5080460109416802,2.1606176362695537,0.5203873024959295,0.06999579462860717,12.684629440307617,0.0,2.0,6.257489856871807,6.2368316122547185
8.860668897628784,6.469634118668991,-0.026242157099620123,2.5087353488656876,2.1905500268053775,0.5531212354182026,0.06781452503125242,12.684629440307617,0.0,2.0,6.235837325811565,6.215050723751115
8.870510339736938,6.49168751502452,-0.02055038324112162,2.5094012791143787,2.2200586646613187,0.5851215573114136,0.065333144941386,12.684629440307617,0.0,2.0,6.2138910250618205,6.1929760219284296
8.88055157661438,6.514034030920268,-0.014541637546113382,2.5100419397685836,2.2491795979887885,0.6165367679623895,0.06280134869855068,12.684629440307617,0.0,2.0,6.1916558323196265,6.170612543789696
8.890538454055786,6.536669688496408,-0.008221510894993464,2.5106572089875727,2.277871929342283,0.6473881236549559,0.06022955580635443,12.751090049743652,0.0,2.0,6.235371585127602,6.214425799663693
8.900547981262207,6.559589647806379,-0.0015961362422853421,2.5112455558658477,2.3060285882609555,0.6775695672465109,0.05740091827495454,12.751090049743652,0.0,2.0,6.212572075496017,6.191500607675034
8.910523176193237,6.582788436533077,0.005327381358334193,2.5118046880670235,2.3336322240794116,0.7069930679294469,0.05439038984071109,12.751090049743652,0.0,2.0,6.18950056234392,6.168303913761733
8.920584201812744,6.606260071416354,0.012540358332200335,2.5123319172062666,2.360582097013414,0.7354172436619651,0.050987781785664585,12.821377754211426,0.0,2.0,6.236211114528382,6.215130334239103
8.93056845664978,6.629997866872848,0.020031712310269886,2.5128234349220704,2.386868290450547,0.7626359209490429,0.04728095566257866,12.821377754211426,0.0,2.0,6.212614107945545,6.191412292751853
8.940560817718506,6.653995332708366,0.02778837710960489,2.51327719452491,2.4125246680291137,0.7884439840658944,0.04347313639209456,12.821377754211426,0.0,2.0,6.188766565753365,6.167445024235508
8.950563192367554,6.67824646675686,0.03579513040986449,2.5136932292470893,2.43761238364009,0.8126124606946599,0.03975785699601888,12.883173942565918,0.0,2.0,6.226257865298026,6.205030722841848
8.960570096969604,6.702745877313459,0.04403430604411985,2.514072807066164,2.462193598388182,0.8348881115564427,0.03618969187155991,12.883173942565918,0.0,2.0,6.201927195705696,6.180584931045688
8.970555782318115,6.727489042018704,0.05248586720526954,2.5144178665273467,2.486386176775043,0.8550574019948162,0.03287193595144597,12.883173942565918,0.0,2.0,6.177364899573587,6.155908654380866
8.98056173324585,6.752472806063775,0.061127873810956,2.51473142129709,2.510341970372135,0.8729545287160067,0.029909947905600507,12.883173942565918,0.0,2.0,6.15257519077466,6.131005875226782
8.990543127059937,6.777695673111677,0.0699369876365076,2.5150175998734916,2.5342321394591827,0.888460838679075,0.027395463233477454,12.95570182800293,0.0,2.0,6.1998301880207425,6.178401996642326
9.000583171844482,6.803157588301442,0.07888878375205977,2.515280249047775,2.5581694426622454,0.9014801616342721,0.025180155013665457,12.95570182800293,0.0,2.0,6.174588066968077,6.153049980431319
9.010579824447632,6.8288596493731974,0.08795821430201603,2.515522199077355,2.5822793574183662,0.9119870456977469,0.023255181615660665,12.95570182800293,0.0,2.0,6.149121471156759,6.127473519265466
9.020586729049683,6.854803940021201,0.09712016181367791,2.515745933878051,2.6066210421148224,0.9199871439593705,0.02152088508824376,13.023170471191406,0.0,2.0,6.190651973500304,6.1691310562097375
9.030547618865967,6.880992961803083,0.10634972168636984,2.5159532829747473,2.6312276434493915,0.9255169989364604,0.01998331391589313,13.023170471191406,0.0,2.0,6.164727294078054,6.143098145084328
9.040534019470215,6.907429310561494,0.1156224401537527,2.516146248782275,2.6560795958092824,0.9286288571079041,0.018646015884152486,13.023170471191406,0.0,2.0,6.138571938376386,6.1168340252527695
9.051875829696655,6.934115195912298,0.12491445646876856,2.5163269940047712,2.6811225319193435,0.9293886653565633,0.017543343051218626,13.089765548706055,0.0,2.0,6.178529635117306,6.156917644997762
9.060630083084106,6.961052084124707,0.13420264504571053,2.5164978829836313,2.7062626382254367,0.9278780954881343,0.01667398138200087,13.089765548706055,0.0,2.0,6.151902888050538,6.130182630303763
9.07054877281189,6.988240429618411,0.14346475335108677,2.516661326608039,2.7314037322278404,0.9241875053286644,0.016084793794592357,13.089765548706055,0.0,2.0,6.125041211349027,6.103211524624684
9.080598592758179,7.015680314480268,0.1526793701661359,2.516822435729813,2.7565731699786458,0.9183914055512971,0.01628775320670514,13.089765548706055,0.0,2.0,6.097944559668262,6.076003820169475
9.090557336807251,7.043371600748099,0.16182586218385764,2.5169897987758003,2.7816545101166925,0.9105805523669557,0.017303941147756664,13.153753280639648,0.0,2.0,6.134348403511497,6.112524182661842
9.10056209564209,7.07131251217907,0.17088467278860953,2.517170504041366,2.8064714309036827,0.9008769287594003,0.018926625975316993,13.153753280639648,0.0,2.0,6.106779233235454,6.084840776324833
9.110566139221191,7.099499712992091,0.17983753128481478,2.5173699817509276,2.8308938694676717,0.8894132721035978,0.021041589635324803,13.153753280639648,0.0,2.0,6.078980136260419,6.056923955196384
9.120589017868042,7.12792872939181,0.18866756995851416,2.51759251191265,2.8548215821502803,0.8763383735117513,0.023517173612556258,13.225139617919922,0.0,2.0,6.122048519860642,6.100129184791075
9.130561590194702,7.156594338084855,0.19735942114531774,2.517841286282728,2.878207080513836,0.8618011417021728,0.026274826451345153,13.225139617919922,0.0,2.0,6.093796202065033,6.071753663853903
9.140577793121338,7.185490932921952,0.20589927509649056,2.5181183207000415,2.9010152980368544,0.8459664039677062,0.029141007086670556,13.225139617919922,0.0,2.0,6.065327472109647,6.0431573494062665
9.15090823173523,7.214612750613443,0.2142749167618922,2.5184242471923235,2.92325471068366,0.8289824568117576,0.0320448897028582,13.29033088684082,0.0,2.0,6.101559498268661,6.079495424032785
9.160537004470825,7.243954149660511,0.2224755939928985,2.5187589657622707,2.944933296822842,0.8109971096678575,0.034884795265619446,13.29033088684082,0.0,2.0,6.072666457364214,6.0504683321076635
9.170551776885986,7.273509620916146,0.23049193240581226,2.519121686303592,2.9660716554155364,0.7921343799392816,0.03764229320948952,13.29033088684082,0.0,2.0,6.043571129901446,6.021234481149822
9.1805739402771,7.303273759498957,0.23831578344053583,2.5195112240161626,2.9866652957083883,0.7725198436473345,0.04023576631203808,13.29033088684082,0.0,2.0,6.014277959204302,5.991798349301474
9.190544605255127,7.333241119088059,0.24594017325824863,2.5199258687573534,3.0067152815141194,0.7522593000173664,0.042664539247304976,13.29033088684082,0.0,2.0,5.984791389755372,5.962164461828182
9.200621366500854,7.363406179852836,0.25335919996071826,2.520363754904992,3.0262016887565153,0.7314657602672526,0.044876404305853254,13.354592323303223,0.0,2.0,6.019076401500106,5.996540860335787
9.210535049438477,7.3937632323649805,0.26056803628689257,2.5208227540331363,3.045110705436908,0.7102376076351309,0.046889910229987626,13.354592323303223,0.0,2.0,5.989209922354425,5.9665215287393405
9.220531225204468,7.424306355123733,0.26756288373029785,2.5213006908412074,3.063410585056063,0.6886865408902013,0.04865761125695732,13.354592323303223,0.0,2.0,5.959164032933491,5.936318856087215
9.230549097061157,7.455029361029022,0.27434101723380616,2.5217952248531104,3.081084440756366,0.6669118927402683,0.05021452954476916,13.444429397583008,0.0,2.0,6.018342466849927,5.995679760595104
9.240562915802002,7.485925847230721,0.28090078595384127,2.5223040748176624,3.098102058040975,0.6450338386184018,0.05151332773286148,13.444429397583008,0.0,2.0,5.987943833878322,5.96512110615621
9.250532388687134,7.516989186239903,0.28724169725070753,2.5228247822490983,3.114454158006238,0.6231577963824035,0.052593916381787134,13.444429397583008,0.0,2.0,5.957382059648388,5.934395946655957
9.26053500175476,7.548212660697928,0.2933643431606472,2.523355132577511,3.1301275910598148,0.6013994453335886,0.05344072715464251,13.444429397583008,0.0,2.0,5.9266630611970035,5.903510349458347
9.270555257797241,7.579589488561294,0.2992703945380711,2.5238930364255157,3.1451250905370824,0.5798547503530286,0.05411216664572204,13.444429397583008,0.0,2.0,5.895792893336394,5.872470513123143
9.280583381652832,7.611112861421235,0.30496252308841953,2.5244365885756945,3.1594347583150553,0.5586320680525367,0.05456249610957004,13.515226364135742,0.0,2.0,5.935199417783798,5.911984302535336
9.29052996635437,7.642775907169168,0.3104443679198406,2.5249837212491983,3.1730606454156605,0.5378095918148503,0.05483760141883318,13.515226364135742,0.0,2.0,5.904037430663592,5.880650480610124
9.300551176071167,7.674571772440554,0.31572030595368733,2.525532681168451,3.1859973904631014,0.5174613088687142,0.05492755712813699,13.515226364135742,0.0,2.0,5.872742968158718,5.849181598401744
9.31055212020874,7.70649354543668,0.3207953113110426,2.5260818919890125,3.1982398651833988,0.4976290436624058,0.05489554564514724,13.607032775878906,0.0,2.0,5.9326246298603476,5.909253154312049
9.320605516433716,7.738534140913988,0.32567476957255576,2.526629957889107,3.209755394302862,0.47835796024444077,0.0546893558767934,13.607032775878906,0.0,2.0,5.901074427311312,5.877528416275097
9.330552339553833,7.7706861255616495,0.33036437121554363,2.5271752688643603,3.220511729498383,0.4596575012599219,0.05435499626143002,13.607032775878906,0.0,2.0,5.869411947081267,5.845689252811691
9.340622425079346,7.80294168961784,0.33486984431988537,2.527716590865887,3.2304636408314304,0.44153265151577575,0.053891055114820674,13.667736053466797,0.0,2.0,5.898002674053687,5.874346835425136
9.350543737411499,7.83529259608615,0.33919691922366874,2.5282528599882097,3.2395745969858054,0.4239773809943103,0.053352066875735356,13.667736053466797,0.0,2.0,5.866131801932076,5.842298454679729
9.360524892807007,7.867730257271287,0.34335133138346613,2.528783260732735,3.2478100670105565,0.40700203777035504,0.05271467599969418,13.667736053466797,0.0,2.0,5.834172529973333,5.810159840543487
9.370540142059326,7.900245834679148,0.34733890315033916,2.5293070271162175,3.255156675715974,0.3906108166183869,0.05203301407310426,13.667736053466797,0.0,2.0,5.802133544344485,5.777939748513555
9.380636215209961,7.9328304031918195,0.35116558097832073,2.5298236240129075,3.2616085300365665,0.37482799713352527,0.05127425145692584,13.727495193481445,0.0,2.0,5.8294228161669945,5.805295625296456
9.390533924102783,7.965475069541831,0.3548375591289622,2.5303323820866375,3.26717969835128,0.3596749138845891,0.050470675846010324,13.727495193481445,0.0,2.0,5.797244003623048,5.7729356138843
9.40054202079773,7.998171126557176,0.35836130117490467,2.5308327298256565,3.2718904028733204,0.34518674567754476,0.04958793626762368,13.727495193481445,0.0,2.0,5.765011749603948,5.740520628481132
9.410554647445679,8.03091008931339,0.36174360247533716,2.531324055655137,3.275764086791723,0.33139197934801995,0.04867319531003742,13.801559448242188,0.0,2.0,5.80633771923017,5.781976518253701
9.420540571212769,8.063683659484642,0.36499159651369406,2.5318059320405295,3.2788135540519803,0.31833251104606425,0.04769317090276134,13.801559448242188,0.0,2.0,5.774015498947776,5.74947279606884
9.430550575256348,8.096483647038657,0.36811282657511324,2.5322778714516057,3.2810486892392174,0.30604587233993386,0.04669339361851753,13.801559448242188,0.0,2.0,5.7416649748138635,5.716939474103888
9.440595865249634,8.12930192759724,0.37111525476328727,2.5327396251393757,3.282472333150006,0.2945805321017327,0.04565136542453695,13.866331100463867,0.0,2.0,5.773650645028187,5.749019939314939
9.450541496276855,8.162130393187526,0.37400732580314355,2.5331908836279213,3.283085792338401,0.2839819446127884,0.04460148352642969,13.866331100463867,0.0,2.0,5.74126115997437,5.716448826732058
9.461010217666626,8.194960948338588,0.3767979413579501,2.5336316148299716,3.2828911598838704,0.2742972150407839,0.04354579949357993,13.866331100463867,0.0,2.0,5.708868433531741,5.68387333523796
9.47056770324707,8.22778555985042,0.3794964637822559,2.534061898672882,3.2819000166952548,0.26557061218707445,0.04251617841239445,13.933724403381348,0.0,2.0,5.7434290945176985,5.718544889404847
9.480558395385742,8.26059637565304,0.38211269401544656,2.5344819350789063,3.2801375450903945,0.25784555858902086,0.0414927657145805,13.933724403381348,0.0,2.0,5.711047423095863,5.685982037425393
9.49052381515503,8.29338587460651,0.3846568335585137,2.534891858709319,3.277644730309704,0.25115772340416254,0.04049985612343003,13.933724403381348,0.0,2.0,5.678687251407553,5.653439625465647
9.500624895095825,8.326147013841231,0.38713938588348473,2.535292118146784,3.274474816761244,0.2455302403733925,0.039562873505893485,13.990077018737793,0.0,2.0,5.702325635757737,5.677145409840214
9.510568141937256,8.358873288696019,0.3895709713380472,2.5356833504173095,3.2706801067438738,0.24096160167524616,0.0386943180705032,13.990077018737793,0.0,2.0,5.670024483444491,5.644663053800967
9.520556926727295,8.391558691377025,0.3919620489774688,2.536066149822717,3.2663075997092528,0.2374216580342409,0.037873064441860366,13.990077018737793,0.0,2.0,5.637766279885924,5.6122225285205
9.530529022216797,8.424197642262872,0.3943226704906407,2.5364409785620476,3.2613953779747114,0.23486108465616756,0.03710075622326082,13.990077018737793,0.0,2.0,5.605557289459482,5.579830069270185
9.540556192398071,8.456784903738798,0.3966623350467715,2.536808290854632,3.2559742342429088,0.2332199442613113,0.03636788182248775,14.055473327636719,0.0,2.0,5.6383345251114365,5.612722429974008
9.55054259300232,8.489315507013751,0.3989899351376612,2.537168463432582,3.2500669747487123,0.2324386164750594,0.035672892783827855,14.055473327636719,0.0,2.0,5.606233656433694,5.580439575196865
9.560571193695068,8.521784676637282,0.40131378897259445,2.537521869692906,3.243689088970102,0.2324622363222838,0.03501443332218236,14.055473327636719,0.0,2.0,5.574198830667746,5.548221592854733
9.570534706115723,8.554187723972436,0.40364171443199653,2.537868869846532,3.2368413894635633,0.23324650168631955,0.03439115545694553,14.124239921569824,0.0,2.0,5.6105000702913355,5.584658281183289
9.580600500106812,8.586519897368591,0.4059811402490812,2.538209803807478,3.2295109578850063,0.23475768532601357,0.03380122829600389,14.124239921569824,0.0,2.0,5.578604982035539,5.552581719585696
9.590534687042236,8.618776243270192,0.4083392210004162,2.538544998940916,3.221670363997775,0.236974972644966,0.033242507788390226,14.124239921569824,0.0,2.0,5.546792041204359,5.520586131244014
9.600566148757935,8.650951488178938,0.41072295616252447,2.53887473949444,3.2132848403331464,0.2398877347551095,0.03270915825878286,14.19564437866211,0.0,2.0,5.585937574065674,5.559884225097993
9.61056637763977,8.683040010990391,0.41313929868930144,2.539199233503334,3.2043209426201957,0.24349759473980262,0.03219156183572707,14.19564437866211,0.0,2.0,5.55429804817903,5.528063946319253
9.62055492401123,8.71503589667483,0.415595264610907,2.5395186168344854,3.194754409629668,0.24781476065684127,0.031686818477501995,14.19564437866211,0.0,2.0,5.522759192170967,5.496343216794045
9.630619525909424,8.746933053774516,0.41809801032479915,2.5398329808512923,3.184574832411948,0.25285683929603503,0.031185682146827133,14.19564437866211,0.0,2.0,5.49132777162415,5.4647288174433575
9.640569686889648,8.778725367134312,0.4206548831696292,2.5401423325305945,3.1737879395415574,0.2586435163943729,0.0306843866165939,14.25588607788086,0.0,2.0,5.5197820356850755,5.493290451276
9.650515079498291,8.810406858445802,0.4232734283485777,2.5404466432235866,3.162415251926239,0.2651942887416392,0.030176300910445316,14.25588607788086,0.0,2.0,5.4885778575708155,5.46190482564874
9.660603761672974,8.841971831423638,0.42596136639614485,2.5407458633323126,3.150490718711361,0.27252399309687897,0.02966715042161826,14.25588607788086,0.0,2.0,5.4575009521176945,5.430645500643043
9.670540809631348,8.873414973457606,0.4287265290555923,2.541039941232336,3.1380564005597273,0.2806396091730503,0.029145474759341813,14.32556438446045,0.0,2.0,5.495676833168358,5.468979761949637
9.680553436279297,8.904731401091897,0.4315767680354083,2.541328742751092,3.125154427610686,0.28953725157308124,0.02861267102386288,14.32556438446045,0.0,2.0,5.464862811453986,5.4379857245384775
9.690537691116333,8.935916622689305,0.4345198044963846,2.541612120860154,3.111820264454703,0.2991933468409643,0.028058533167010975,14.32556438446045,0.0,2.0,5.434193053796204,5.407135143166322
9.700742244720459,8.966966444667605,0.43756301850229984,2.5418898480385645,3.0980772001038686,0.30956360990172493,0.027482954634881193,14.38713264465332,0.0,2.0,5.46473308021862,5.437799465834359
9.710529804229736,8.997876837036262,0.4407132381424634,2.5421616729036263,3.0839347733882474,0.32058181537911756,0.02687607438205671,14.38713264465332,0.0,2.0,5.434357882746945,5.407245723860551
9.720550298690796,9.028643797618466,0.4439765457809762,2.5424272719209853,3.069389599371135,0.33216701250944114,0.026238077232693204,14.38713264465332,0.0,2.0,5.404141489850554,5.3768501836112685
9.730540037155151,9.05926326031662,0.4473581791662193,2.5426862966317674,3.0544337144565916,0.3442326808402018,0.02555992543678046,14.38713264465332,0.0,2.0,5.374088753786185,5.346617764252392
9.740570783615112,9.08973106908868,0.4508625324727494,2.5429383770312617,3.039057446392567,0.35669841374084305,0.02485129256146822,14.454007148742676,0.0,2.0,5.410500620385245,5.383190028406556
9.750591039657593,9.120042997449422,0.45449324422780846,2.5431832023067553,3.0232579071584453,0.3694937142646655,0.024106923445664962,14.454007148742676,0.0,2.0,5.380779280698893,5.353292227809937
9.760530948638916,9.15019482046394,0.45825333339978497,2.5434204735210946,3.0070369470046603,0.38256759197424983,0.02334755349523202,14.454007148742676,0.0,2.0,5.351236038731185,5.323572234052388
9.7705397605896,9.180182371401646,0.4621454288576034,2.5436501306574235,2.9904066208813798,0.3958923456856845,0.022582400174634833,14.521028518676758,0.0,2.0,5.388299493424732,5.360803667947316
9.780565023422241,9.210001651640908,0.46617201701902594,2.5438721436921328,2.9733864841172903,0.40946880655116796,0.021821247455209417,14.521028518676758,0.0,2.0,5.359115565138756,5.331446589043935
9.790549278259277,9.239648894077725,0.4703357315163025,2.5440865440166296,2.956004222415294,0.4233240338981259,0.021057839812412625,14.521028518676758,0.0,2.0,5.330123507654467,5.302281248620333
9.803369045257568,9.2691206278018,0.4746395983499478,2.544293337553005,2.938290329439296,0.437509863937914,0.020301931195507713,14.592328071594238,0.0,2.0,5.371971283921164,5.344325985376361
9.810467958450317,9.292569538007282,0.4781860279221568,2.544453323180435,2.923908429048036,0.4491436792179835,0.01969212764858408,14.592328071594238,0.0,2.0,5.349068312589582,5.321287662927812
9.820432424545288,9.321717808431885,0.48275188101395194,2.544646358546184,2.905707593880587,0.4641127093959696,0.018913233968031153,14.592328071594238,0.0,2.0,5.3206222926131925,5.29267247473097
9.830409288406372,9.350683017739827,0.487470157683425,2.5448315464070324,2.887305292164934,0.4796443760328923,0.018121593498540933,14.592328071594238,0.0,2.0,5.292382397294114,5.264263483644061
9.840568542480469,9.379463422613332,0.49234696733246985,2.5450087649585145,2.868755810055848,0.49583549547803135,0.017320947749714967,14.65465259552002,0.0,2.0,5.3260736851901544,5.298115357954507
9.850436210632324,9.40805783797621,0.49738937269374384,2.5451779031970783,2.8501174729852172,0.5127775260811345,0.016501496289233433,14.65465259552002,0.0,2.0,5.298242320250106,5.270118854253181
9.860411167144775,9.436465663470592,0.5026052778762042,2.5453386979102,2.831446486115446,0.5305467877330511,0.015652383490115575,14.65465259552002,0.0,2.0,5.270624367055465,5.242336017765404
9.870435953140259,9.464686829605776,0.5080032475055415,2.545490810930626,2.812793684082797,0.5491967760669184,0.014761710640445277,14.740341186523438,0.0,2.0,5.32805371762994,5.3000562443374575
9.880460023880005,9.49272173244469,0.5135922400058767,2.545633793454603,2.794199538296595,0.568753429247958,0.013827393546841501,14.740341186523438,0.0,2.0,5.300849286706768,5.272692568680635
9.890400886535645,9.520571128083555,0.5193813213627106,2.545767165025151,2.775697321298798,0.5892106431385798,0.012835073760358987,14.740341186523438,0.0,2.0,5.273861793637141,5.245546341418211
9.900468349456787,9.548236066145746,0.5253793335427537,2.545890235190537,2.757311123890688,0.6105309599575482,0.011763933767107859,14.793684959411621,0.0,2.0,5.299882421795261,5.2716939911169
9.91045069694519,9.575717786457252,0.5315946018441832,2.5460021063982534,2.73905500849232,0.6326493577078864,0.010593760944673802,14.793684959411621,0.0,2.0,5.273318930135993,5.244976095154227
9.92048978805542,9.603017588533955,0.5380347284746954,2.5461018833041997,2.720925991170435,0.6554887333121147,0.009351830079509186,14.793684959411621,0.0,2.0,5.24697402233776,5.218477663470344
9.930372714996338,9.630136709608967,0.54470645724852,2.5461889365758954,2.7029177736495096,0.678952092202745,0.008048215215164493,14.793684959411621,0.0,2.0,5.2208483991633186,5.192199500463005
9.940412759780884,9.657076315279065,0.5516154941615822,2.546262654796409,2.685021059396065,0.7029324152280554,0.006685915840721489,14.856888771057129,0.0,2.0,5.257445398355465,5.228989312349359
9.950371026992798,9.683837468829374,0.5587664689719751,2.5463224595363876,2.6672256117917685,0.7273222314129105,0.00526588847729546,14.856888771057129,0.0,2.0,5.231744257140401,5.203141334071916
9.960752964019775,9.707770720207993,0.5654121986132298,2.546363960578823,2.651286036018161,0.7495433609753294,0.003951582918685844,14.856888771057129,0.0,2.0,5.208802283955539,5.180068306105726
9.97036337852478,9.736828117144437,0.5738077297081282,2.5463984093416223,2.6318923658459332,0.7769560079685257,0.0023053031180942348,14.923103332519531,0.0,2.0,5.2464518621653085,5.21792160925083
9.98042917251587,9.763059202780196,0.5817026473793563,2.5464138978569357,2.614335925488392,0.8020502316612361,0.0007908051970097944,14.923103332519531,0.0,2.0,5.221398427490161,5.192728896334327
9.990369081497192,9.789115056090537,0.5898491112641586,2.546414186082986,2.5968459573657046,0.8272577236921617,-0.0007370878628933749,14.923103332519531,0.0,2.0,5.19656868128597,5.167761371867849
10.000359535217285,9.814996363742583,0.598248036299364,2.5463989945669643,2.579428261792244,0.8525371182396784,-0.002309070345722491,14.923103332519531,0.0,2.0,5.1719637835804155,5.1430202719222935
10.010406732559204,9.84070389748503,0.606900027613771,2.5463678685385664,2.562094129324178,0.8778684171654281,-0.003924185823298004,15.000208854675293,0.0,2.0,5.2237282561940255,5.195076423575355
10.020407676696777,9.866238618275462,0.615805510061892,2.546320257255278,2.544871234315694,0.9032328526247827,-0.005610017114775831,15.000208854675293,0.0,2.0,5.199551195819635,5.170770427553512
10.03041410446167,9.891601807317002,0.6249647787727888,2.546255470895534,2.527794384039745,0.9286251703818811,-0.007356461679626339,15.000208854675293,0.0,2.0,5.175600639395259,5.146692815685167
10.04040789604187,9.916795146343597,0.6343780790722295,2.5461729151900347,2.5109094261419527,0.9540378918983337,-0.009163780424168651,15.069043159484863,0.0,2.0,5.219808424589228,5.19115547215892
10.050418853759766,9.941820797558144,0.6440455917144621,2.5460720551021727,2.494265354510593,0.9794663418404483,-0.011015909986457984,15.069043159484863,0.0,2.0,5.196286997675528,5.167514283758511
10.060440063476562,9.966681440209408,0.6539673997518975,2.545952368128801,2.4779161790275404,1.0048948108210451,-0.012929287211747891,15.069043159484863,0.0,2.0,5.172990669093777,5.1441003561619825
10.070415735244751,9.991380249961686,0.6641434766952902,2.545813401303344,2.4619058034618955,1.0303191375770897,-0.014865697967857376,15.069043159484863,0.0,2.0,5.149918392501633,5.120912729229456
10.080442190170288,10.01592083211877,0.6745737137005163,2.5456549826997947,2.446277493678425,1.0557236870272297,-0.016819891092401004,15.122198104858398,0.0,2.0,5.179464899143355,5.150642414428803
10.090375661849976,10.040307190284626,0.6852578366642609,2.5454770119899037,2.4310662718524307,1.081093468842705,-0.01877378041696436,15.122198104858398,0.0,2.0,5.1568147863721725,5.127883927151359
10.100441932678223,10.06454364830333,0.696195386192136,2.5452794703550765,2.416301326676279,1.1064055706465956,-0.020733408784309574,15.122198104858398,0.0,2.0,5.1343827592474325,5.105345886192881
10.110414505004883,10.088634757793663,0.7073857118540838,2.545062431225907,2.401998581089257,1.1316463325798418,-0.022668830243297675,15.203766822814941,0.0,2.0,5.192500711784068,5.163813570215733
10.120426893234253,10.112585191255674,0.7188280162253332,2.5448262033354845,2.3881664995532406,1.1567991147944237,-0.024568160071658643,15.203766822814941,0.0,2.0,5.170462234102276,5.141677170188434
10.130387783050537,10.136399643573945,0.7305213751403897,2.5445712876097017,2.3748008932323894,1.1818560880029891,-0.026402794496709885,15.203766822814941,0.0,2.0,5.148633750430763,5.119753080841483
10.140404462814331,10.160082721972376,0.7424647942123739,2.544298394024312,2.3618889075907754,1.206810075976077,-0.028163552899308754,15.263481140136719,0.0,2.0,5.185768036357255,5.157124139010728
10.150377035140991,10.18363886755633,0.7546572171653173,2.544008255316951,2.3494104301258774,1.2316563217545173,-0.029852975607608495,15.263481140136719,0.0,2.0,5.164324739166525,5.135591984349457
10.160431861877441,10.207072285290874,0.7670975562427491,2.5437015465945403,2.3373381065431844,1.256393291009446,-0.03147846904655484,15.263481140136719,0.0,2.0,5.14308472999681,5.114265261810055
10.171454191207886,10.230386868838947,0.7797847164365276,2.543378880467238,2.325637381378309,1.2810201497373148,-0.03304608825541582,15.320488929748535,0.0,2.0,5.178075299008491,5.149485721357429
10.180442810058594,10.253586141558694,0.7927175764259159,2.543040765275974,2.31426906290344,1.3055322215928977,-0.034570556855379,15.320488929748535,0.0,2.0,5.15720838183722,5.1285382928219
10.190365314483643,10.27667321559545,0.8058949548615627,2.542687592282726,2.3031904116497617,1.3299223193760346,-0.03605832234390672,15.320488929748535,0.0,2.0,5.136541001435357,5.107792442592878
10.200471878051758,10.299650778261418,0.8193155804237144,2.5423197054458413,2.292360864797183,1.3541798424054852,-0.03751321323685482,15.401480674743652,0.0,2.0,5.195580523471833,5.167199078123947
10.210400819778442,10.32252117500262,0.8329780748590414,2.541937453520096,2.2817546578292904,1.378294069879555,-0.03893154151286344,15.401480674743652,0.0,2.0,5.175266010238835,5.146812807282343
10.220427989959717,10.345286599805373,0.8468809345137083,2.541541148951241,2.2713676699221153,1.4022508184035452,-0.04032479083071628,15.401480674743652,0.0,2.0,5.1551501100056445,5.126627140789915
10.230377197265625,10.367949320042499,0.861022540177526,2.5411310751178737,2.261218947471277,1.4260420136613123,-0.04168415283354121,15.401480674743652,0.0,2.0,5.135233252142654,5.106642508875415
10.2404146194458,10.390511912446978,0.8754011861110623,2.5407075403574297,2.2513508555293917,1.4496573312296681,-0.04301839237042524,15.455575942993164,0.0,2.0,5.1685167615455025,5.140155724312001
10.25037670135498,10.412977472342643,0.8900150871049353,2.540270825059082,2.2418236770188753,1.4730925990475996,-0.04431822639468435,15.455575942993164,0.0,2.0,5.14896288158027,5.120539638698385
10.260382890701294,10.435349760120458,0.9048624213485327,2.539821286962281,2.2327087684314724,1.4963432999381698,-0.04558262072669187,15.455575942993164,0.0,2.0,5.12960563305085,5.101122124471183
10.271278381347656,10.455408769504341,0.9184230735853888,2.539406078389279,2.2249188283642884,1.517109734981078,-0.046678159806894305,15.520630836486816,0.0,2.0,5.175995986024675,5.147812693750644
10.28135061264038,10.477616808621136,0.9337088057251051,2.5389334596607,2.2167855313643,1.5400053799934155,-0.047833387008771384,15.520630836486816,0.0,2.0,5.156961498118877,5.128723293290314
10.291293144226074,10.499746504477182,0.9492225538857302,2.5384496746519605,2.2092589590913043,1.56271281484107,-0.0489099687459003,15.520630836486816,0.0,2.0,5.138115509051736,5.109824158640411
10.301287412643433,10.521804159175305,0.9649624330314596,2.5379555347961684,2.2023833150434546,1.5852316941019575,-0.04990387328303015,15.587017059326172,0.0,2.0,5.184296517217604,5.156310136232764
10.311298608779907,10.543796435074599,0.980926566666461,2.537451888169954,2.1961861748643168,1.607564629603774,-0.050809370026705054,15.587017059326172,0.0,2.0,5.165766712325086,5.137732106101725
10.321325063705444,10.565730169979108,0.9971131382426551,2.5369397126261624,2.1906747725001905,1.6297210184830273,-0.05160745298483482,15.587017059326172,0.0,2.0,5.147413028947637,5.119331659072777
10.33133316040039,10.58761218399148,1.0135204301766725,2.536420091589275,2.1858387154309806,1.6517106906758763,-0.05229912842599978,15.656620025634766,0.0,2.0,5.197096369674828,5.169338851441897
10.341318607330322,10.609449101705316,1.0301468479967,2.5358940889195427,2.181649564099856,1.6735489529739382,-0.05288448546052615,15.656620025634766,0.0,2.0,5.179026871752578,5.151226733875766
10.351300716400146,10.631247196563836,1.046990959015098,2.5353627174889977,2.178066399882827,1.695252612411067,-0.053373527429245324,15.656620025634766,0.0,2.0,5.161121523341698,5.133279861786586
10.361303091049194,10.653012282580349,1.0640515322195736,2.534826972998741,2.175039216272505,1.7168453743700696,-0.05375877382046243,15.656620025634766,0.0,2.0,5.143377878458857,5.115495685617664
10.371277570724487,10.674749666633456,1.081327568826699,2.5342878424791873,2.1725177843969488,1.7383492026619722,-0.05405246493985419,15.721030235290527,0.0,2.0,5.188417907930283,5.160834902291546
10.381311893463135,10.696464165902857,1.098818308293671,2.533746233857353,2.17045505099068,1.7597901335739852,-0.05425526281559964,15.721030235290527,0.0,2.0,5.170933271899777,5.143312732109845
10.391298770904541,10.718160169654524,1.1165232344726155,2.533202980944688,2.1688131850873087,1.7811900251278947,-0.054384280439645716,15.721030235290527,0.0,2.0,5.1536044129950715,5.125947037060954
10.401305198669434,10.739841737021582,1.1344420443842196,2.532658770492661,2.167564049566015,1.8025701370364418,-0.05444781140209702,15.787988662719727,0.0,2.0,5.201391304380495,5.174045432299786
10.411282539367676,10.76151270711618,1.1525746224781808,2.5321142016785285,2.1666921985773118,1.8239461604106442,-0.05445589182129765,15.787988662719727,0.0,2.0,5.184306541502854,5.156926293116987
10.421295166015625,10.783176825358183,1.170921011492076,2.5315699046785323,2.166194104337481,1.8453344929911744,-0.05439193361107879,15.787988662719727,0.0,2.0,5.167374972469852,5.139960850293303
10.431824684143066,10.804837860825101,1.1894813788266003,2.531026564139242,2.1660776908679673,1.866743122772554,-0.054265828680879154,15.787988662719727,0.0,2.0,5.150596768998696,5.123149213618347
10.441328048706055,10.826499701561731,1.2082559775966673,2.5304848236704207,2.1663582015642473,1.8881822540587745,-0.054071658959171064,15.856406211853027,0.0,2.0,5.200120783002398,5.1729915918807405
10.451294422149658,10.84816641500774,1.2272451428213091,2.529945311195365,2.167055706978447,1.9096572227998678,-0.053822527581580897,15.856406211853027,0.0,2.0,5.183573915373579,5.1564131431920215
10.461322784423828,10.86984227125968,1.2464492611693943,2.529408536850601,2.168189740923364,1.9311735753558061,-0.053525442735143404,15.856406211853027,0.0,2.0,5.167178058978215,5.139985962460947
10.471291065216064,10.891531715299223,1.2658687571631306,2.528874913333059,2.1697750899987542,1.9527328127522285,-0.05319444381554545,15.929424285888672,0.0,2.0,5.221349819454271,5.194495669760646
10.481297254562378,10.913239298461992,1.2855040632235304,2.528344750923547,2.171817730857207,1.974335373970825,-0.05283367534053342,15.929424285888672,0.0,2.0,5.205168652452817,5.178284708728269
10.491270303726196,10.934969581775485,1.3053555913717776,2.527818303754335,2.174313493689569,1.9959755598282507,-0.05245477769013449,15.929424285888672,0.0,2.0,5.1891351083915715,5.1622215190132925
10.501283645629883,10.956727027004193,1.3254236508497823,2.5272956239246276,2.17724659709566,2.0176388057829633,-0.052083175197235966,15.987861633300781,0.0,2.0,5.229445855529737,5.202793795731971
10.511274099349976,10.978515886847406,1.3457083824842617,2.5267766020350835,2.180591201686771,2.03930588092416,-0.05172484546533631,15.987861633300781,0.0,2.0,5.213633037206451,5.186952463460498
10.521310091018677,11.000340099509192,1.3662096636041896,2.52626095805604,2.1843104525623662,2.0609421679264597,-0.05141203738970081,15.987861633300781,0.0,2.0,5.197965995553871,5.171257090394973
10.53128695487976,11.022203210772048,1.3869269959587782,2.5257482337677004,2.1883639159350206,2.0825084441748487,-0.05114059147126367,15.987861633300781,0.0,2.0,5.1824454909491955,5.155708492666143
10.541304349899292,11.044108346168038,1.4078594098772703,2.525237934059302,2.1927082838892593,2.1039485850446513,-0.05092787173637446,16.060762405395508,0.0,2.0,5.236865565900876,5.210459295296666
10.551309823989868,11.066058217638453,1.4290053518991135,2.5247295541667993,2.1973048346021145,2.1252027044694213,-0.05075690620788738,16.060762405395508,0.0,2.0,5.22153878889837,5.195105987268611
10.561274528503418,11.088055156802174,1.4503625763176062,2.524222516154787,2.202116306842734,2.1461919012377964,-0.05066183633945411,16.060762405395508,0.0,2.0,5.2063594026381805,5.179900480028099
10.571283102035522,11.110101170374351,1.4719280629065092,2.523716170458358,2.2071156304711463,2.1668418609036295,-0.05061595341810392,16.060762405395508,0.0,2.0,5.191329070046752,5.164844517147918
10.581347703933716,11.132198015004928,1.4936979856785972,2.5232099491306625,2.2122793947915484,2.1870649296716005,-0.050636763992310055,16.13678550720215,0.0,2.0,5.248883527984449,5.222741582682142
10.591278076171875,11.154347263755481,1.5156676796323398,2.5227033515818977,2.2175944941801253,2.2067822072444367,-0.050689604214862925,16.13678550720215,0.0,2.0,5.2340384177608925,5.207872825333006
10.601356029510498,11.176550362616059,1.5378316343956253,2.5221958953521626,2.223047646738233,2.225902896926143,-0.050810625510759454,16.13678550720215,0.0,2.0,5.219343577353148,5.193154997237701
10.611263513565063,11.198808654763454,1.56018350505877,2.5216870616893154,2.2286317457441225,2.2443529654921353,-0.050960946823802505,16.21814727783203,0.0,2.0,5.282053594277463,5.256227999476947
10.621352910995483,11.22112339076132,1.5827161898738564,2.5211764951994975,2.2343343225716463,2.2620535692333297,-0.05115698689317942,16.21814727783203,0.0,2.0,5.2675291365869565,5.241682770412961
10.631282567977905,11.243495699730953,1.6054218694239293,2.5206639235602246,2.240143755798807,2.278941047146498,-0.051360517603037344,16.21814727783203,0.0,2.0,5.253154159514576,5.227287796011251
10.641318559646606,11.265926551209587,1.6282920611936855,2.5201490848715977,2.2460396601663133,2.2949456862428583,-0.05161210728736587,16.21814727783203,0.0,2.0,5.238929302083402,5.213043752140903
10.651293277740479,11.28841673362161,1.6513176725764809,2.519631703792679,2.2520072916620113,2.3100164462649873,-0.051863370410112845,16.284921646118164,0.0,2.0,5.287903980212962,5.262310461799609
10.66132378578186,11.310966871262378,1.6744890898143805,2.5191117564825363,2.2580279357076267,2.324098337764306,-0.05212442297446772,16.284921646118164,0.0,2.0,5.273861662002185,5.248251119584319
10.67125916481018,11.333577430026999,1.6977961954934804,2.5185893529268486,2.2640897328958283,2.3371469317432334,-0.05234764605056576,16.284921646118164,0.0,2.0,5.259967336839712,5.2343405953043955
10.681428909301758,11.356248766868903,1.7212284425638207,2.5180649709804372,2.270182349280741,2.349120497271442,-0.05251690708576549,16.35711097717285,0.0,2.0,5.314098372451692,5.2887853234875
10.691285133361816,11.378981170602898,1.744774922979087,2.5175393096446177,2.276302890808287,2.3599894537948507,-0.052602179730734486,16.35711097717285,0.0,2.0,5.300364406335126,5.275037052279053
10.701351404190063,11.401774915571407,1.7684244834280503,2.5170131327928518,2.2824514612725197,2.3697350193426856,-0.05261960038529986,16.35711097717285,0.0,2.0,5.286774367842434,5.2614333253397305
10.711276531219482,11.42463032934497,1.7921658790286674,2.516487248318237,2.2886387444796874,2.3783575269795265,-0.05254159039792341,16.35711097717285,0.0,2.0,5.273327503277841,5.247973311589071
10.721303462982178,11.447547861266674,1.8159879270417938,2.5159625724413313,2.294877773898689,2.3858685487390616,-0.0523776856714276,16.419919967651367,0.0,2.0,5.3186947545120855,5.293609025562249
10.731282234191895,11.470528120947117,1.8398796220479072,2.515440047009094,2.301187428548858,2.3922913584807586,-0.052110873148434746,16.419919967651367,0.0,2.0,5.305404331237195,5.280306494499127
10.741300821304321,11.4935719026573,1.8638302172221801,2.5149206293428814,2.3075852515603534,2.397652817778317,-0.051758825187162225,16.419919967651367,0.0,2.0,5.2922501443737655,5.2671404325403435
10.751323461532593,11.516680187578409,1.887829210885896,2.514405151754362,2.314091341937054,2.401973802076604,-0.051324373537503555,16.419919967651367,0.0,2.0,5.279230259281689,5.254108817902801
10.761354446411133,11.539854152570836,1.911866266559966,2.5138943655800414,2.320724659143993,2.405266187960206,-0.05081957274116607,16.48997688293457,0.0,2.0,5.331325828145244,5.30650051039983
10.771298885345459,11.56309517563592,1.9359310980551687,2.513389052215167,2.327506164025855,2.407527275662377,-0.05022915376049311,16.48997688293457,0.0,2.0,5.31841714169409,5.293580317151252
10.781331777572632,11.586404822872803,1.9600133204330694,2.5128900266256644,2.3344517407860548,2.408740071392121,-0.04956377784927137,16.48997688293457,0.0,2.0,5.30563166304499,5.280783196126638
10.791282653808594,11.609784794978356,1.9841022895549618,2.512398021600521,2.341572424916034,2.4088697725179213,-0.04882469010388745,16.570629119873047,0.0,2.0,5.36741930948172,5.342905418520629
10.80137586593628,11.633236870823586,2.008186962587384,2.5119138156308867,2.3488726180948882,2.407872941114893,-0.04800168516757008,16.570629119873047,0.0,2.0,5.354690733582418,5.330164828378165
10.811333417892456,11.65676283371344,2.0322558176330197,2.5114382778216173,2.3563484979648566,2.4056970384585328,-0.04709147971835454,16.570629119873047,0.0,2.0,5.342070263351129,5.317531907432174
10.82060170173645,11.678000787047914,2.053894308207223,2.5110184245811844,2.3632180209032607,2.402687031834734,-0.046197941731452107,16.570629119873047,0.0,2.0,5.330800471102881,5.306250449465166
10.833033084869385,11.701671722998952,2.077899473550831,2.5105617154904336,2.3709925646870076,2.3981303403186134,-0.04513188135285199,16.628929138183594,0.0,2.0,5.371797196748905,5.3474790189092705
10.842966079711914,11.723042576336166,2.099459966039527,2.5101600985121344,2.378102648452647,2.3929123273090873,-0.04410481884502462,16.628929138183594,0.0,2.0,5.360570718946984,5.336239790968718
10.851105451583862,11.746863560253082,2.1233549202074897,2.5097250842939265,2.3861119562200903,2.3858575436829077,-0.04288403360157875,16.628929138183594,0.0,2.0,5.3481791374206775,5.323833245358399
10.861188411712646,11.77076514773589,2.1471727077052436,2.5093027170918156,2.394220895738964,2.3774804750904557,-0.041575217338174215,16.628929138183594,0.0,2.0,5.335868931339499,5.3115071302594545
10.871067523956299,11.79474826096347,2.170900178095344,2.5088938230020372,2.4024147408460426,2.367798709181619,-0.04019379284952926,16.718059539794922,0.0,2.0,5.404699293634477,5.380687830707463
10.881105899810791,11.818813687725877,2.1945244507571124,2.5084990377978875,2.41068234786896,2.3568477794649483,-0.03875279153850948,16.718059539794922,0.0,2.0,5.392320349851993,5.368290927659058
10.891034126281738,11.84296213330312,2.218033055395701,2.508118962267417,2.4190178457574936,2.3446736523991936,-0.03725152293835695,16.718059539794922,0.0,2.0,5.380002810169043,5.355954196743199
10.901047706604004,11.86719426810609,2.241414029068795,2.5077542548664136,2.427420154788228,2.3313315809513804,-0.035680458790523804,16.79924774169922,0.0,2.0,5.441222537208288,5.417479886080654
10.911048889160156,11.891510758896711,2.264656006073971,2.5074054733594413,2.4358895847740296,2.3168851267447392,-0.034070885961105184,16.79924774169922,0.0,2.0,5.428812893497941,5.4050484843537125
10.921026229858398,11.915912308126995,2.2877482483363862,2.5070730000903394,2.4444330227005606,2.3013933569512592,-0.03241503663267442,16.79924774169922,0.0,2.0,5.416445331762229,5.392657693989877
10.93105697631836,11.940399669721446,2.3106805470033644,2.5067573179468394,2.453051525466092,2.2849030903057215,-0.03071363322320347,16.79924774169922,0.0,2.0,5.404114372971261,5.380301959635899
10.941089868545532,11.96497357101119,2.3334430815846616,2.506458931060005,2.4617388162105556,2.267444007005199,-0.02895551453082429,16.855430603027344,0.0,2.0,5.442244688163332,5.418627741134425
10.951039552688599,11.989634601135878,2.3560262477824363,2.506178302147804,2.470472445539485,2.249030499796349,-0.027167544502618535,16.855430603027344,0.0,2.0,5.429829360654716,5.406184459696391
10.963935136795044,12.009426374992259,2.37395722589027,2.5059667174296574,2.477470561066062,2.2336117004206533,-0.025729073301460365,16.855430603027344,0.0,2.0,5.419910719526391,5.396242200688414
10.970946073532104,12.029274088547549,2.3917623868988023,2.505766609636673,2.4844533380262397,2.2175741306891137,-0.024297180905603687,16.93242073059082,0.0,2.0,5.478793130990386,5.4553986388497835
10.98097562789917,12.05416203995676,2.413834254723376,2.5055326711117356,2.4931211885723363,2.196631616982192,-0.022488742447679073,16.93242073059082,0.0,2.0,5.466220535578862,5.44279373686186
10.990942478179932,12.079136080846526,2.435691623007213,2.505316792985419,2.501659628959914,2.174670372056826,-0.020692010514881967,16.93242073059082,0.0,2.0,5.453651128840584,5.430190196837594
11.00097942352295,12.104194573417839,2.4573241966059354,2.5051187043086687,2.5100001500333495,2.151670084988754,-0.018934571003292006,16.98866081237793,0.0,2.0,5.491047036058643,5.467764867545599
11.010966062545776,12.129335194876372,2.47872153861535,2.5049378623099536,2.5180738576758857,2.1276256355686747,-0.01725282476766605,16.98866081237793,0.0,2.0,5.478327132227199,5.45500741730958
11.0211021900177,12.154554944797638,2.499873292492307,2.504773205771267,2.5258169650547893,2.102554605580046,-0.015694719065774725,16.98866081237793,0.0,2.0,5.465596216951552,5.44223722539642
11.030948400497437,12.179850281192225,2.5207692522354126,2.504623725409086,2.5331845354881057,2.076471110328415,-0.014210856002024364,16.98866081237793,0.0,2.0,5.452850763784368,5.429450832990204
11.040969133377075,12.20521726783083,2.541399470066886,2.5044888228168536,2.540141961899542,2.049415128020565,-0.01277843721273086,17.056350708007812,0.0,2.0,5.499701436733338,5.476514121305597
11.050937175750732,12.230651665148478,2.561754526050064,2.504367954279876,2.5466633879452583,2.021450740790237,-0.011405526115714121,17.056350708007812,0.0,2.0,5.486742616279349,5.463511462785768
11.060938358306885,12.256149039655003,2.5818257051363798,2.504260526028817,2.552736099716393,1.992653085069863,-0.010090548059092624,17.056350708007812,0.0,2.0,5.4737591019947995,5.450482550064723
11.070939779281616,12.281704874536537,2.60160509281824,2.5041659045686555,2.558355367242496,1.9631071590955202,-0.00884754895868379,17.12315559387207,0.0,2.0,5.519255147758789,5.496179957637154
11.081040859222412,12.307314652014583,2.6210856404186096,2.5040833017769306,2.5635265585820113,1.9328978196472328,-0.007683519578912473,17.12315559387207,0.0,2.0,5.506043396742327,5.482920199280621
11.09092092514038,12.332973962075878,2.640261077012987,2.5040120595256834,2.568264813454295,1.9020970461979303,-0.006573295228247,17.12315559387207,0.0,2.0,5.492799539081572,5.469626917842515
11.100951671600342,12.358678571210616,2.6591258508645796,2.5039516664464143,2.572590015785508,1.8707765875553561,-0.0055133261050084766,17.188098907470703,0.0,2.0,5.536083304750109,5.513098137619062
11.110944032669067,12.38442445936102,2.6776750876820787,2.503901625731297,2.5765243673571416,1.8389994717424767,-0.0045035353360497275,17.188098907470703,0.0,2.0,5.522603455529805,5.499566535520332
11.120970249176025,12.410207831201875,2.6959044879525162,2.5038614438047393,2.58009023559601,1.806816315912049,-0.003539872752835907,17.188098907470703,0.0,2.0,5.509085268844984,5.485995273863424
11.130932807922363,12.436025093384558,2.7138101904851695,2.503830673369664,2.5833047619346634,1.7742657821998817,-0.002622790928689369,17.188098907470703,0.0,2.0,5.495526965808877,5.472382596685324
11.140955686569214,12.461872794773553,2.731388668615374,2.503808834130546,2.5861794309299,1.741374426077318,-0.0017521615675158322,17.2581729888916,0.0,2.0,5.542454596339539,5.519509000910976
11.150929689407349,12.487747561092704,2.7486365972723075,2.503795469154107,2.5887176224716355,1.7081588116229285,-0.0009312812711304404,17.2581729888916,0.0,2.0,5.5286319990387485,5.505630018994646
11.160908699035645,12.51364601385593,2.7655508353350413,2.5037899133990424,2.59091566243227,1.674639478165452,-0.00019655982553213488,17.2581729888916,0.0,2.0,5.514763087976319,5.491703528019652
11.170918464660645,12.539564712782099,2.7821284144689042,2.5037911912949387,2.5927652242049497,1.6408280901818633,0.0004354078415109954,17.2581729888916,0.0,2.0,5.500846129677754,5.47772786636616
11.181032657623291,12.565500124734953,2.7983664199922633,2.503798365408485,2.594256507910683,1.6067242462343583,0.0009887283519470574,17.32187271118164,0.0,2.0,5.541457172498054,5.518508385573213
11.1909499168396,12.59144860754221,2.8142619437495555,2.503810753103038,2.5953771883240493,1.5723347896618483,0.0014755988229193454,17.32187271118164,0.0,2.0,5.527278513271445,5.504269478171461
11.200950384140015,12.61740639248523,2.829812277971127,2.5038274859406475,2.596115417716391,1.5376925562402404,0.0018506447526558886,17.402360916137695,0.0,2.0,5.581887624949789,5.559103104096769
11.211045503616333,12.643369625111477,2.8450150567674095,2.5038473739512814,2.596466649696834,1.502830917020164,0.002103424822855472,17.402360916137695,0.0,2.0,5.567402532378475,5.544556680321399
11.220957040786743,12.669334447350408,2.859868413044557,2.5038688542292493,2.596435130882881,1.467820883135581,0.002158682970259104,17.402360916137695,0.0,2.0,5.552861489037283,5.529953606873303
11.23093581199646,12.695297113328563,2.874371180184011,2.5038899592697534,2.596039645341332,1.4327250950999275,0.0020319651495875543,17.402360916137695,0.0,2.0,5.538263664384467,5.515293222049793
11.240972518920898,12.72125412863566,2.8885229861787245,2.5039087044536923,2.595311214424586,1.3976465938231089,0.0016823632842149446,17.45368766784668,0.0,2.0,5.567173091179795,5.5443207198657065
11.250936031341553,12.747202370852783,2.9023244552294813,2.503923068914112,2.594292967156078,1.3626723398145466,0.0011684296492616962,17.45368766784668,0.0,2.0,5.552335504418537,5.529420502570123
11.26095175743103,12.773139187049903,2.9157770985044404,2.503931712391888,2.593034387072269,1.3278964101836674,0.0005493205294847875,17.45368766784668,0.0,2.0,5.537439601477041,5.514461911125327
11.271072387695312,12.799062420130586,2.928883314198962,2.503933954763595,2.591584104125896,1.2933993576940543,-0.00010108640022776408,17.522415161132812,0.0,2.0,5.58053474273658,5.55773502284216
11.280973196029663,12.824970376266974,2.9416463155672985,2.5039295423262007,2.5899856075449743,1.2592718485819614,-0.0007999487043223182,17.522415161132812,0.0,2.0,5.565358527209458,5.5424967796791655
11.290934562683105,12.850861748413909,2.9540702073799934,2.5039177594277526,2.5882713972709768,1.2255832401916924,-0.0015652587590125441,17.522415161132812,0.0,2.0,5.55012388927332,5.52720020245474
11.301011562347412,12.876735472666685,2.966159604634797,2.5038980116781735,2.5864570055713303,1.192378550971764,-0.002389248266123339,17.586002349853516,0.0,2.0,5.588310167385976,5.565545554636694
11.310930013656616,12.902590544152973,2.9779194421883854,2.5038699798402586,2.584538874021188,1.159674235851787,-0.003217063443648366,17.586002349853516,0.0,2.0,5.572812153888108,5.549986517635768
11.320920705795288,12.928425855123079,2.9893548442277176,2.503833600864756,2.5825024925905593,1.12749424361217,-0.0040600923752385255,17.586002349853516,0.0,2.0,5.557257370892006,5.534370893694529
11.330965757369995,12.95424016647425,3.000471082453438,2.5037887996120816,2.580338231876742,1.095841244907639,-0.004899228524422367,17.586002349853516,0.0,2.0,5.5416469388293,5.518699814269804
11.340972423553467,12.980032201201421,3.011273432656977,2.5037355800347694,2.578049124845645,1.0647152820460617,-0.0057432738062911815,17.586002349853516,0.0,2.0,5.52598210557118,5.5029745316964656
11.350964069366455,13.005800805922966,3.021767084551139,2.5036740122086956,2.5756577824733404,1.0341005385263273,-0.006571999632004034,17.65399742126465,0.0,2.0,5.566910776968225,5.544078650970832
11.360950708389282,13.031545157086388,3.031957169991513,2.5036039722660526,2.573207043096006,1.00400036337171,-0.007439088849874635,17.65399742126465,0.0,2.0,5.550986054400769,5.52809453747579
11.371063709259033,13.057264944354557,3.0418487278660624,2.503525263060813,2.5707558883456247,0.9743925086095604,-0.00830114411375939,17.74239158630371,0.0,2.0,5.60863557604366,5.585987409073005
11.380960464477539,13.082960503208469,3.0514466818685926,2.5034378411528704,2.5683733608981605,0.9452813607595936,-0.009188250098334788,17.74239158630371,0.0,2.0,5.592412228216515,5.569705994969658
11.391010522842407,13.108632883369282,3.060756014910445,2.5033414442713378,2.566132258859951,0.9166691964038279,-0.010094497071337308,17.74239158630371,0.0,2.0,5.576136629365549,5.553372587881262
11.400988817214966,13.134283855055777,3.0697817782915227,2.503235841894612,2.564102971635035,0.8885698272134869,-0.011029050525102044,17.74239158630371,0.0,2.0,5.559807851147827,5.536986276768044
11.410943269729614,13.15991586305685,3.078529157342638,2.503120852514685,2.5623493317947688,0.8609958931779759,-0.011972918758641796,17.79214096069336,0.0,2.0,5.584620105254917,5.5619107443200075
11.420953750610352,13.185531936209474,3.087003532914817,2.5029962766527465,2.5609236761642884,0.8339700139280853,-0.012937791926473527,17.79214096069336,0.0,2.0,5.568073524210278,5.545307702615333
11.430984497070312,13.211135564243072,3.0952103645514777,2.5028623346373378,2.559865772925562,0.8074872893537122,-0.013836048712478623,17.79214096069336,0.0,2.0,5.551469010156723,5.528646999323934
11.440951585769653,13.236730563609981,3.1031551227382734,2.502719832167293,2.559201147777525,0.7815570180424183,-0.014648983258061146,17.86434555053711,0.0,2.0,5.594382844663356,5.571749472383817
11.450944662094116,13.262320946166161,3.110843364160369,2.502569683358508,2.5589437811605777,0.7561842476032433,-0.015363771621666834,17.86434555053711,0.0,2.0,5.57750420727831,5.554815649108095
11.46095585823059,13.287910806355276,3.1182806570276638,2.5024129050196002,2.559096309680257,0.7313660912666059,-0.015974748378068393,17.86434555053711,0.0,2.0,5.560561837699295,5.537818092330907
11.470943450927734,13.313504219370571,3.1254724965077108,2.5022505186849973,2.559652653459017,0.707090385690873,-0.01648569859586886,17.923572540283203,0.0,2.0,5.592277159925794,5.569677571449567
11.48095965385437,13.33910516056969,3.132424174018858,2.502083577212187,2.5605991875576004,0.6833277762168044,-0.01688338534576173,17.923572540283203,0.0,2.0,5.5750793967567125,5.552424908239192
11.490953207015991,13.364717442519138,3.1391406461699227,2.50191320760688,2.5619174188692106,0.660043023217796,-0.017173759774103552,17.923572540283203,0.0,2.0,5.557812579317131,5.53510287156847
11.50096344947815,13.390344678051965,3.1456264836457835,2.5017404380805472,2.5635865343286826,0.6371931935826032,-0.017364286143734857,17.98914337158203,0.0,2.0,5.594252306200788,5.571706686306053
11.510960102081299,13.415990282398962,3.151885815710296,2.50156619207818,2.565588263889692,0.6147367127275202,-0.017481110748615573,17.98914337158203,0.0,2.0,5.576708887634015,5.554107792650446
11.520941734313965,13.441657500950457,3.1579224490645443,2.501390735847918,2.5679083123014745,0.5926469520006058,-0.017608075156969293,17.98914337158203,0.0,2.0,5.559091167438589,5.536434045294825
11.530938386917114,13.467349518504648,3.163739821747465,2.501214175948779,2.5705494541353677,0.5708785658276083,-0.017695362789275637,17.98914337158203,0.0,2.0,5.541397383297024,5.518683657308062
11.540952444076538,13.493069596127267,3.1693410248128298,2.5010369413918894,2.5735230735870926,0.5494112327006803,-0.017744592686509592,18.0557918548584,0.0,2.0,5.578009946075885,5.555461901757779
11.550948143005371,13.518821164825997,3.174729027681193,2.5008594455612316,2.576852246410637,0.5282390958993027,-0.01774713496542085,18.0557918548584,0.0,2.0,5.560024067000301,5.537418842873876
11.560936450958252,13.544607922092975,3.1799068325579287,2.5006821146446874,2.580565905374913,0.5073748867854005,-0.017713636589930904,18.0557918548584,0.0,2.0,5.541955477889965,5.519292340417339
11.570939779281616,13.570433868850651,3.184877627913999,2.500505276402592,2.584695124158256,0.48684157919551035,-0.017649291047808015,18.12480354309082,0.0,2.0,5.579985140314662,5.557493017037952
11.581013202667236,13.59630329947378,3.1896448535279336,2.500329239927055,2.589266663348458,0.4666648910565704,-0.017550215324739788,18.12480354309082,0.0,2.0,5.561607510100188,5.5390566659023115
11.591023921966553,13.622220743023913,3.194212194024244,2.500154450667716,2.5943000039667985,0.4468686816957773,-0.01739840998731725,18.12480354309082,0.0,2.0,5.54313971377542,5.520529269183483
11.601870775222778,13.648190864166077,3.198583572601568,2.4999814545971173,2.599802365471459,0.4274758903602618,-0.017191818198403156,18.20098304748535,0.0,2.0,5.586486820028375,5.564068074296872
11.610936164855957,13.674218338814583,3.202763112181249,2.499810783896607,2.6057688253482993,0.4085027609249981,-0.016934250605445712,18.20098304748535,0.0,2.0,5.567683638652201,5.545204259575662
11.620972871780396,13.700307727965974,3.2067550425785463,2.499642932537756,2.612180888571151,0.3899537449475,-0.016628078798781556,18.20098304748535,0.0,2.0,5.548783586955677,5.526242505973999
11.630934238433838,13.726463327771393,3.2105635788943037,2.4994783688270545,2.619003770449269,0.37182193054720086,-0.016278442175786993,18.20098304748535,0.0,2.0,5.529785154701566,5.507181240546899
11.640963792800903,13.752689007483413,3.2141928115241747,2.4993174841312387,2.6261875231048273,0.35408877615801804,-0.015891740394590338,18.25477409362793,0.0,2.0,5.5541987273141125,5.531709098690798
11.650925636291504,13.778988076629805,3.2176465859487373,2.4991606703139264,2.633670482309994,0.3367249683204432,-0.01546497027391984,18.25477409362793,0.0,2.0,5.534895789155542,5.512341609699413
11.661041736602783,13.805363178253687,3.2209284298413885,2.4990082760100933,2.641381657097482,0.31969650179981673,-0.015009630849121611,18.25477409362793,0.0,2.0,5.5154915196688075,5.492871511696952
11.670937061309814,13.831816217513078,3.22404150160062,2.4988605577068173,2.649245078294205,0.30296380472817896,-0.014531206037997917,18.329143524169922,0.0,2.0,5.556011011803346,5.533569960454506
11.680952787399292,13.858348327305679,3.226988558701375,2.4987176765211263,2.6571829301216963,0.28648650017061117,-0.014042801712343105,18.329143524169922,0.0,2.0,5.536260847464523,5.513752338498163
11.690919160842896,13.884959871288272,3.2297719361488264,2.498579760499973,2.6651193223287963,0.2702209656625562,-0.013538829878055405,18.329143524169922,0.0,2.0,5.516409781520516,5.493832460138826
11.700995445251465,13.911650461929844,3.2323935553706207,2.4984469028673195,2.672980537137727,0.25412830754572124,-0.013031259063614567,18.329143524169922,0.0,2.0,5.496459075324656,5.473811565238681
11.710939407348633,13.93841900920864,3.2348549479180275,2.498319180506237,2.680700131083489,0.23816977039228443,-0.012511762543631993,18.386722564697266,0.0,2.0,5.5226816911264125,5.500153730200865
11.721012592315674,13.96526379388313,3.2371573022808735,2.4981966379326246,2.68821911640106,0.22231658620099912,-0.01199824386411207,18.386722564697266,0.0,2.0,5.5024253699406955,5.479825276568554
11.73095703125,13.992182566938588,3.2393015577743647,2.4980791940887923,2.695490995042928,0.2065475702497894,-0.011493472028673698,18.463315963745117,0.0,2.0,5.543662265851181,5.521241566372379
11.74096417427063,14.019172671578001,3.241288508538401,2.4979666774255795,2.7024808581910196,0.19085482490299988,-0.011012250027989706,18.463315963745117,0.0,2.0,5.523072660098121,5.500578223868565
11.750934839248657,14.046231173163363,3.243118901860288,2.497858932634706,2.7091676169847907,0.17523712472176203,-0.010538983013957419,18.463315963745117,0.0,2.0,5.502392368379077,5.479822830967452
11.76097297668457,14.073354969753868,3.244793547973906,2.4977557882122916,2.7155387303201914,0.15970812159528447,-0.010094708628543142,18.463315963745117,0.0,2.0,5.481624168295065,5.458978173407338
11.770987033843994,14.100540893668752,3.246313409529325,2.497656975826075,2.7215939817628665,0.14428266630218875,-0.009668670160789875,18.52108383178711,0.0,2.0,5.507033056576503,5.48450094544964
11.780977010726929,14.12778582795507,3.2476795951224138,2.49756244339631,2.727342828953125,0.12897551638209803,-0.009235269098514012,18.52108383178711,0.0,2.0,5.485987467004239,5.4633771701255505
11.790923833847046,14.155086772679683,3.248893368039061,2.497472329677136,2.7327984490128463,0.11380291192441977,-0.008785636898109912,18.52108383178711,0.0,2.0,5.4648620436217135,5.4421722167736375
11.801036834716797,14.182440869128447,3.2499561580074943,2.497386729990951,2.737975859590776,0.09878130963200739,-0.008333912360709152,18.59178924560547,0.0,2.0,5.500178332861806,5.477642570861245
11.810956239700317,14.209845418073257,3.2508695358884494,2.497305670658328,2.742891596753056,0.08392241309039265,-0.00787864940562098,18.59178924560547,0.0,2.0,5.478767870341301,5.456151065267092
11.82094693183899,14.237297879976127,3.251635188956214,2.497229105043612,2.7475612689990134,0.06923777902666486,-0.007435265720658277,18.59178924560547,0.0,2.0,5.457285335979901,5.434586134693129
11.830978870391846,14.264795884762982,3.2522548915733545,2.497156983314169,2.752003242632613,0.05473343300768288,-0.006988779120717223,18.655193328857422,0.0,2.0,5.486339094781861,5.463767161663626
11.841010570526123,14.292337243619533,3.252730491332683,2.4970892677235534,2.756235168328997,0.040418497921140197,-0.006555864653954462,18.655193328857422,0.0,2.0,5.464601230632348,5.441945320355822
11.85094428062439,14.319919955811459,3.253063905342406,2.4970258779116628,2.7602772789348626,0.02629697480409637,-0.006121643294304613,18.655193328857422,0.0,2.0,5.442798426783484,5.4200571944660245
11.860945224761963,14.347542216212725,3.253257103169315,2.496966775769038,2.7641475174780914,0.012376733628147714,-0.0057011416007217005,18.655193328857422,0.0,2.0,5.420933117444724,5.398105212719616
11.870940685272217,14.375202382230714,3.2533121351591077,2.496911834669602,2.7678602604009765,-0.0013345536823423454,-0.005289381627503578,18.71796417236328,0.0,2.0,5.448902750650229,5.426197546589041
11.880983591079712,14.402898918539483,3.25323115878076,2.4968608532014067,2.771422167783543,-0.014822562704669,-0.0049116543466987015,18.71796417236328,0.0,2.0,5.426801251627285,5.404007875384662
11.890937566757202,14.430630327253239,3.2530164654551563,2.4968135593226553,2.774834180046625,-0.02807558921370166,-0.004550260366089034,18.71796417236328,0.0,2.0,5.404643497648598,5.381760643502127
11.903901815414429,14.458395076857608,3.252670490148135,2.4967697436538128,2.7780885707570304,-0.041076181355011544,-0.004215505925781636,18.788015365600586,0.0,2.0,5.438038004683786,5.415300283656977
11.9109525680542,14.486191530995507,3.2521958324800666,2.496729238981999,2.7811724152818047,-0.05380923936756616,-0.0038869782412314434,18.788015365600586,0.0,2.0,5.4156445575422225,5.392816150841512
11.920948028564453,14.514017892573213,3.2515952630566067,2.496691912045331,2.7840663908740364,-0.06625544159180043,-0.0035823008925614077,18.788015365600586,0.0,2.0,5.393202110960407,5.37028175742917
11.930951833724976,14.541872146296507,3.250871731094386,2.4966575422964965,2.7867465032454333,-0.0783994051571009,-0.0032940050024494218,18.849117279052734,0.0,2.0,5.419150889207719,5.396343914696396
11.94096302986145,14.569752018252856,3.2500283259951304,2.496625989018981,2.7891851936064675,-0.0902283077708626,-0.003016775412607777,18.849117279052734,0.0,2.0,5.396507067361313,5.373606903664569
11.950967073440552,14.597654944434616,3.249068244388072,2.4965972352668175,2.7913521865938775,-0.10173337983586646,-0.0027325584979673964,18.849117279052734,0.0,2.0,5.373824080991318,5.350829509465568
11.960941553115845,14.625578054619773,3.2479947647512706,2.4965713182889497,2.7932170772611964,-0.11290692432290106,-0.0024514884648321462,18.849117279052734,0.0,2.0,5.351106114283539,5.328015913280988
11.970948219299316,14.653518185326718,3.2468112201679498,2.4965482132398997,2.794751941983656,-0.12374622728332947,-0.002169197215094015,18.918176651000977,0.0,2.0,5.382903961276604,5.359952884891397
11.980973482131958,14.681471913150151,3.245520956438665,2.49652791021157,2.795932771484786,-0.13425089877191754,-0.0018915747852846284,18.918176651000977,0.0,2.0,5.360001238808556,5.336953561200452
11.990936040878296,14.709435588250393,3.2441273108896986,2.4965104043834105,2.796737981457671,-0.1444228620322622,-0.0016086404949293058,18.918176651000977,0.0,2.0,5.3370765334782595,5.313931063021362
12.000957489013672,14.737405357900041,3.242633607693591,2.496495714351773,2.797148772311644,-0.15426248263919393,-0.001329599259477242,18.98541259765625,0.0,2.0,5.367191650866848,5.344177974465776
12.010915040969849,14.765377192675405,3.241043166199927,2.496483831021352,2.79714837674295,-0.16377039757811343,-0.0010472925615339075,18.98541259765625,0.0,2.0,5.344114128546351,5.321001750090211
12.020925998687744,14.793346906423167,3.2393593148857494,2.4964747170392094,2.7967222650876558,-0.1729439456733087,-0.0007772470472562867,18.98541259765625,0.0,2.0,5.321029099263575,5.297816864572668
12.030937671661377,14.821310173725637,3.2375854098001913,2.496468277815443,2.795857025987875,-0.18178070556993028,-0.0005104120817016257,18.98541259765625,0.0,2.0,5.297941962084231,5.2746287341135085
12.040948152542114,14.84926254671384,3.235724833173157,2.4964645207900844,2.7945416627445994,-0.19027775239577568,-0.00023911205179366125,19.05080795288086,0.0,2.0,5.3262910187577965,5.303102770651974
12.050968170166016,14.877199472112952,3.233780997554449,2.4964635524412304,2.7927660206085356,-0.1984320012657298,4.860287490950298e-05,19.05080795288086,0.0,2.0,5.303095638378079,5.279805611088541
12.060976266860962,14.905116312871169,3.2317573424428883,2.4964655436264858,2.790524285394364,-0.20624167028708373,0.0003523399106874706,19.05080795288086,0.0,2.0,5.279914083627507,5.256521158949116
12.070936679840088,14.933008405510392,3.2296573030167304,2.4964706599727946,2.7878171805193843,-0.21370990764948788,0.0006741576599195468,19.126338958740234,0.0,2.0,5.316125519567236,5.292892160584815
12.08092975616455,14.960871134930395,3.2274842493702107,2.496479094757343,2.7846537707526577,-0.2208469367967612,0.0010164945635768887,19.126338958740234,0.0,2.0,5.292850674509809,5.269513902735988
12.090907573699951,14.988700010514464,3.225241405647011,2.4964910639120843,2.7810494750744765,-0.2276718061964624,0.00138025242766685,19.126338958740234,0.0,2.0,5.269605447006382,5.246164140643597
12.100975513458252,15.0164907242966,3.222931763216357,2.4965067433753427,2.7770251366826217,-0.23421202456837856,0.0017582338940531131,19.187150955200195,0.0,2.0,5.294168004342789,5.2708344606892865
12.110918045043945,15.044239189068339,3.2205579951413257,2.496526284694503,2.772603647781591,-0.24050338057259465,0.002152484881377118,19.187150955200195,0.0,2.0,5.27088702719144,5.247448113323512
12.120981931686401,15.071941555895716,3.218122391545456,2.4965498261372896,2.7678096857361405,-0.24658600945362766,0.0025571043635866215,19.187150955200195,0.0,2.0,5.247649174337701,5.2241037630477996
12.130958080291748,15.09959422198916,3.2156268328863646,2.496577447530108,2.762667518157979,-0.2525011543036316,0.002967459708845421,19.25217628479004,0.0,2.0,5.275488875741273,5.2520656618776576
12.14094352722168,15.127193826265799,3.2130727973614026,2.4966091579381575,2.7572011866556276,-0.25828755520100966,0.0033741662514965515,19.25217628479004,0.0,2.0,5.252231691388391,5.228701280841784
12.150933027267456,15.154737236786222,3.210461394684473,2.496644931172536,2.7514321644487825,-0.2639798154178711,0.003780205571862467,19.25217628479004,0.0,2.0,5.22902718548347,5.205388469544401
12.1609365940094,15.18222153140669,3.207793422583439,2.496684737645615,2.745381880651622,-0.2696054184464594,0.004179635281029339,19.25217628479004,0.0,2.0,5.205878030185435,5.182129903481512
12.170936584472656,15.209644023966094,3.205069439367129,2.4967284926453814,2.7390767082417695,-0.2751848256375558,0.004568983344469651,19.317184448242188,0.0,2.0,5.233650508357727,5.210024803033797
12.180974006652832,15.23700232626617,3.2022898352791587,2.4967760521949955,2.732549952276149,-0.2807313783276972,0.004940109143888783,19.317184448242188,0.0,2.0,5.210502162331322,5.18676646260702
12.190907716751099,15.264294416937506,3.1994548918605927,2.4968272463127223,2.725841596757398,-0.2862536897431157,0.00529531535042566,19.317184448242188,0.0,2.0,5.187414242527602,5.163567488752281
12.200962543487549,15.291518705328137,3.1965648295115594,2.4968818674402207,2.7189974081766195,-0.2917556526426242,0.005625386744351151,19.317184448242188,0.0,2.0,5.164387957263947,5.140429104942699
12.21095061302185,15.31867407286472,3.193619837473981,2.496939704814125,2.712065533486316,-0.2972399484930102,0.005940326047110856,19.38367462158203,0.0,2.0,5.193302051450515,5.169471648764444
12.220954418182373,15.345759880540006,3.19062008522413,2.4970006439314085,2.705092682124448,-0.3027078499296238,0.006246235027226925,19.38367462158203,0.0,2.0,5.170282547813838,5.146339668556684
12.231024980545044,15.372775917501173,3.187565731460554,2.497064607385505,2.6981167418015364,-0.30816044064203096,0.0065449676552008385,19.4649600982666,0.0,2.0,5.210913536569551,5.187152076206026
12.240953922271729,15.399722291960751,3.184456923524887,2.4971314984127235,2.6911631432985996,-0.31359903778217696,0.006831841704092488,19.4649600982666,0.0,2.0,5.187876641393671,5.1640027420213475
12.250961780548096,15.426599287785574,3.1812937866666235,2.4972012303608473,2.6842413736071715,-0.3190268020286889,0.0071130624350429755,19.4649600982666,0.0,2.0,5.164900507868954,5.14091316720217
12.260943412780762,15.453407214118903,3.1780764117412095,2.4972736969053195,2.677347527560974,-0.32444749617970114,0.007377312745700331,19.4649600982666,0.0,2.0,5.141984767656696,5.117882982364838
12.270923137664795,15.480146279346403,3.174804837065416,2.497348730334453,2.6704657337604396,-0.3298681685839817,0.007628069939695308,19.51508140563965,0.0,2.0,5.158240299405829,5.134207555879393
12.28105092048645,15.506816491489063,3.1714790171271905,2.4974262516858357,2.66357269204412,-0.3352982365900227,0.007875909533408738,19.51508140563965,0.0,2.0,5.135357792204441,5.111209913326653
12.290937185287476,15.53341760971114,3.1680988057467308,2.497506238363207,2.6566426522604196,-0.3407482891483673,0.008120612664486626,19.51508140563965,0.0,2.0,5.112534506875429,5.088270494655496
12.30103611946106,15.559949138134165,3.164663947320498,2.497588641008687,2.649650769239797,-0.3462295992255803,0.008358576233725558,19.589017868041992,0.0,2.0,5.14743501031845,5.123328286357535
12.310479402542114,15.575834356499634,3.162576651795416,2.4976392092168327,2.645416646680578,-0.34953836721199166,0.00849645038916245,19.589017868041992,0.0,2.0,5.133729420055844,5.109553109206025
12.320561170578003,15.602252937090597,3.1590535354131393,2.497725258461736,2.638282326845369,-0.355094266718169,0.008710502788238596,19.589017868041992,0.0,2.0,5.110933797965,5.086640723922827
12.333723306655884,15.628599637490538,3.155474559710388,2.4978133714424815,2.6310385998565216,-0.3607120699319965,0.008909340072309552,19.655872344970703,0.0,2.0,5.140404975308951,5.1162432660492305
12.340688943862915,15.649624478914806,3.152570714234865,2.497885227238092,2.625158896685123,-0.3652573017398367,0.009052410672426962,19.655872344970703,0.0,2.0,5.122168854306804,5.0979136980267485
12.350697755813599,15.675838872645224,3.148889447224186,2.497976584904596,2.617699396747014,-0.3710097121365929,0.009216297210738375,19.655872344970703,0.0,2.0,5.099426621766833,5.075053811702005
12.36071228981018,15.701978061096987,3.1451502413315473,2.498069461012503,2.6101180614850708,-0.37684577539989544,0.009354518176108316,19.655872344970703,0.0,2.0,5.076743369187615,5.05225197793985
12.37070608139038,15.728040829733393,3.1413522395505766,2.498163603857019,2.6024155038802625,-0.3827694038920702,0.009471497847498178,19.71947479248047,0.0,2.0,5.103705119627119,5.079334500886927
12.380744218826294,15.754025967603258,3.1374945536966434,2.498258871275212,2.5945917970796,-0.38878286074840956,0.009581805469292265,19.71947479248047,0.0,2.0,5.0810351661842095,5.056545901818369
12.39069676399231,15.779932255701196,3.1335762786753087,2.4983552403635914,2.5866450581740867,-0.3948873766339353,0.00969188897369257,19.71947479248047,0.0,2.0,5.05842402720133,5.033815222410321
12.400759935379028,15.805758445888978,3.129596500611935,2.4984527015435907,2.5785712649026715,-0.40108364721926787,0.009800260516861017,19.78168487548828,0.0,2.0,5.08437019953355,5.059877985705656
12.410699129104614,15.831503231928286,3.125554293791661,2.498551246228098,2.5703627070877393,-0.40737350341965306,0.009908723684466905,19.78168487548828,0.0,2.0,5.0617761710365485,5.03716434718561
12.420719385147095,15.857165219202153,3.1214487095898273,2.4986508754024235,2.5620099028367256,-0.41375977160349375,0.010016649666184154,19.78168487548828,0.0,2.0,5.039240942316193,5.014508607947161
12.4307119846344,15.882742917825398,3.1172787581276222,2.4987515602818395,2.5535035419481074,-0.4202481732299212,0.010118779300816973,19.854290008544922,0.0,2.0,5.0733979016592,5.0488229469527255
12.440747261047363,15.908234753596258,3.1130433772927084,2.4988532150429563,2.544836281870781,-0.42684742965833145,0.010210910034534403,19.854290008544922,0.0,2.0,5.0508658341093025,5.026170624244064
12.450693607330322,15.933639090535692,3.10874139787858,2.4989557595625596,2.5360032956094036,-0.43357021921438815,0.010297344052854093,19.854290008544922,0.0,2.0,5.028392740207485,5.003576390919867
12.460728406906128,15.958954262477276,3.1043715141097423,2.4990591562993636,2.5270032075795625,-0.4404305576961893,0.010381290266338142,19.854290008544922,0.0,2.0,5.005978736840043,4.981040360427569
12.47068452835083,15.984178595125918,3.099932287390947,2.499163359426159,2.5178352170589005,-0.44744058978126505,0.010457919276390018,19.916475296020508,0.0,2.0,5.032067327616846,5.007248498953826
12.480676889419556,16.009310399120224,3.095422172067388,2.499268306455676,2.5084968209767076,-0.4546095346381361,0.010531264614282729,19.916475296020508,0.0,2.0,5.009675118880197,4.984734291303418
12.490654230117798,16.03434794579055,3.0908395490287552,2.499373972979666,2.49898265935796,-0.46194260833586187,0.010600898463753878,19.916475296020508,0.0,2.0,4.9873416011070715,4.962277892384077
12.500765085220337,16.059289441218628,3.0861827699304585,2.4994802983406323,2.489284973153618,-0.4694406188230546,0.010663245614799692,19.982894897460938,0.0,2.0,5.016840084565234,4.991913847981559
12.510441064834595,16.081653103900347,3.0819269084504297,2.499576502973874,2.480390761092321,-0.476328098452747,0.010715087108163867,19.982894897460938,0.0,2.0,4.996752713831082,4.97171610219798
12.52069640159607,16.108876592287846,3.07664021151663,2.499694745334053,2.469291026482132,-0.4849213846362198,0.010784738538818789,19.982894897460938,0.0,2.0,4.9722658475238175,4.947093370852958
12.5306875705719,16.133518072098468,3.0717512385230936,2.499802913324066,2.458966444800399,-0.4928998783740704,0.010848505854509319,20.0487003326416,0.0,2.0,5.001410876623417,4.976374966241973
12.54072904586792,16.1580551224278,3.0667816654470244,2.4999117457070428,2.448402303224449,-0.5010431587436699,0.010920048619347632,20.0487003326416,0.0,2.0,4.97917479998217,4.954015536439265
12.550703287124634,16.182485266353478,3.061729779907009,2.500021346322918,2.437582666902857,-0.5093653008357022,0.011001753539417305,20.0487003326416,0.0,2.0,4.956998036184934,4.931714527825257
12.560702085494995,16.20680587519471,3.0565936938155853,2.5001318404378345,2.4264930753325924,-0.5178871397227142,0.011099044935853166,20.0487003326416,0.0,2.0,4.9348809397040245,4.909472276246638
12.570712566375732,16.23101418993519,3.051371291247741,2.5002433338182786,2.4151221317257656,-0.5266328278176831,0.011199371209806814,20.12073516845703,0.0,2.0,4.969007893013798,4.9437633486852715
12.580751419067383,16.255107344365964,3.0460602014207296,2.5003558586235086,2.4034593529524044,-0.5356291098638852,0.011306880514944082,20.12073516845703,0.0,2.0,4.946909864786825,4.9215405337217675
12.590728521347046,16.27908237773485,3.0406577894824043,2.500469471401115,2.3914969068611933,-0.5449011063250169,0.011414530681471526,20.12073516845703,0.0,2.0,4.9248721454478455,4.899377098897732
12.60071349143982,16.302936265233537,3.0351611884193224,2.5005841323893536,2.3792292862575053,-0.5544702468566013,0.01151708015906154,20.18614959716797,0.0,2.0,4.954001785889899,4.928645779623476
12.610703468322754,16.32666593146236,3.0295673365221067,2.5006997909326003,2.3666521511642946,-0.564353563696706,0.011613342399092319,20.18614959716797,0.0,2.0,4.931996826135434,4.906515302367867
12.62070631980896,16.350268268535572,3.023873034242247,2.500816387112177,2.353763284227706,-0.5745613416155427,0.01170406075329867,20.18614959716797,0.0,2.0,4.910052010739616,4.884444051738954
12.630728960037231,16.3737401584719,3.0180750227140414,2.5009338044686342,2.3405627632443076,-0.5850950303577515,0.011775574398596807,20.249427795410156,0.0,2.0,4.937678217371584,4.9122023066895775
12.640730619430542,16.397078479616777,3.0121700597382874,2.5010518687741214,2.3270491329768603,-0.5959505388646329,0.011836498475533114,20.249427795410156,0.0,2.0,4.915772237897064,4.890170111527561
12.650718450546265,16.42028009508104,3.006154975160036,2.5011705053210975,2.3132218820482717,-0.6071167609188627,0.011887758995344427,20.249427795410156,0.0,2.0,4.893926002813998,4.868196775564357
12.660740375518799,16.44334188673434,3.000026759517008,2.5012895026488464,2.29908532198675,-0.6185721398897263,0.011904246215455858,20.249427795410156,0.0,2.0,4.87213933170067,4.846282131906759
12.670685052871704,16.466260787808466,2.9937826805459005,2.501408428768499,2.2846448167311353,-0.6302825927957336,0.011872190731793573,20.314796447753906,0.0,2.0,4.901568307863146,4.875854947002452
12.680705785751343,16.489033796283152,2.987420414850135,2.5015267643211008,2.269908130518518,-0.6422005009432145,0.011786652779649166,20.314796447753906,0.0,2.0,4.87982271151138,4.853981932439787
12.690685272216797,16.511657988710375,2.980938178633938,2.5016440102200437,2.2548831565811502,-0.6542655684828328,0.01165467617776166,20.314796447753906,0.0,2.0,4.858137634575936,4.832168722581344
12.700734853744507,16.534130537385195,2.9743348512149144,2.5017596801147657,2.239581234709681,-0.6664063458288298,0.011471610391598832,20.314796447753906,0.0,2.0,4.836513755750581,4.810416045725746
12.710715055465698,16.556448721562802,2.9676100503172655,2.501873312816318,2.224012023716604,-0.6785474154153681,0.011248214186482466,20.382474899291992,0.0,2.0,4.86796287429663,4.842022895796041
12.72072982788086,16.578609935792056,2.9607641630610515,2.5019844639747113,2.2081899156825013,-0.6906108539607226,0.01097350408337292,20.382474899291992,0.0,2.0,4.8463905632832525,4.820322923810083
12.730738639831543,16.600611728438317,2.9537983334194857,2.5020926358454534,2.1921307264637213,-0.7025244272757633,0.010653462829614746,20.462154388427734,0.0,2.0,4.887589725457746,4.8617318220393315
12.740718126296997,16.622451835917456,2.946714392619301,2.5021973556555706,2.1758569439193303,-0.714223226590472,0.010283131485511488,20.462154388427734,0.0,2.0,4.866070651711824,4.840086921060787
12.750693559646606,16.644128232894055,2.939514759448294,2.502298186577332,2.159393212986862,-0.7256551652262441,0.009877701805576709,20.462154388427734,0.0,2.0,4.844623227206893,4.818513333524528
12.760691165924072,16.665639176940967,2.9322023180255368,2.5023947587536948,2.1427722301133887,-0.7367793425845937,0.009429771571187974,20.462154388427734,0.0,2.0,4.823249804696822,4.797013465155664
12.770760536193848,16.686983266683605,2.9247802760583954,2.5024866727041797,2.126028153882161,-0.7475730236938232,0.008948470308422192,20.51726722717285,0.0,2.0,4.845400678730989,4.8192753481411925
12.780736923217773,16.70815944982489,2.9172519796893654,2.5025736486670915,2.1091967658518467,-0.7580306141294614,0.008444820810073831,20.51726722717285,0.0,2.0,4.824131159575661,4.797880904363326
12.790775775909424,16.729167023419407,2.9096207574118442,2.502655563717607,2.092311927466531,-0.7681603238300768,0.007938073486517516,20.51726722717285,0.0,2.0,4.8029427147713335,4.776567397790882
12.800731182098389,16.750005627501526,2.901889815500179,2.5027323753234803,2.075408281118436,-0.7779777286399524,0.0074233645790838165,20.581998825073242,0.0,2.0,4.83299867667455,4.806780249557865
12.810705184936523,16.770675219701342,2.8940621707901797,2.5028040350935132,2.058513725317761,-0.7875047784577076,0.0069092641357008395,20.581998825073242,0.0,2.0,4.81192221164995,4.785580787455565
12.820745706558228,16.791176008780713,2.8861406105267693,2.5028705683582215,2.041650808776271,-0.7967645551475121,0.006397978958865728,20.581998825073242,0.0,2.0,4.7909314393734315,4.76446694271834
12.83071517944336,16.811508387986617,2.8781277023747798,2.5029320116149285,2.0248332412661676,-0.8057773912549561,0.00589159848259226,20.6486873626709,0.0,2.0,4.822914281141982,4.796619805126965
12.840771436691284,16.83167284010545,2.8700258320777245,2.502988423599697,2.0080652464872735,-0.8145591693179205,0.005392639264273288,20.6486873626709,0.0,2.0,4.8020459698491305,4.775630653879021
12.850700855255127,16.851669841967553,2.8618372580681775,2.5030399077507504,1.9913418459225984,-0.8231189765133143,0.004906036611010912,20.6486873626709,0.0,2.0,4.781265909043885,4.7547297025378175
12.860728025436401,16.87149979344805,2.853564185684583,2.503086564632621,1.9746530878282422,-0.8314587516258664,0.004426703665240338,20.6486873626709,0.0,2.0,4.760574606749398,4.733917457551762
12.870700120925903,16.891162971600618,2.845208824179607,2.503128475187285,1.9579847285407068,-0.8395760975161609,0.003957094261618484,20.715364456176758,0.0,2.0,4.793002035297725,4.766521818666505
12.880716562271118,16.910659501456472,2.8367734215714706,2.5031657597136365,1.9413200104209491,-0.8474659556048644,0.003504101878081704,20.715364456176758,0.0,2.0,4.772445811065392,4.7458469463107855
12.890684127807617,16.929989304434823,2.828260291848853,2.503198656719667,1.9246349878775577,-0.8551196991455887,0.0030805098032739326,20.715364456176758,0.0,2.0,4.751981713558956,4.72526415323781
12.900696039199829,16.94915203731667,2.819671852754682,2.50322749108315,1.9079005608494672,-0.8625257410252591,0.0026929963544030378,20.7813777923584,0.0,2.0,4.784322470591214,4.757783474983091
12.910722017288208,16.96814703576616,2.8110106506505503,2.503252639958873,1.8910822224893573,-0.8696696764760921,0.0023417088943105293,20.7813777923584,0.0,2.0,4.7640080710172406,4.737352602571592
12.920710802078247,16.98697328680697,2.802279385463099,2.5032743950603775,1.874145311530879,-0.876535718263645,0.0020124241328528885,20.7813777923584,0.0,2.0,4.743791776908408,4.717019748309354
12.930771350860596,17.00562943634089,2.7934809175535253,2.5032929377593636,1.8570570204327255,-0.8831074258135266,0.0016976800330144877,20.859127044677734,0.0,2.0,4.786050901880581,4.759514623802881
12.940712928771973,17.02411383940724,2.7846182713869383,2.503308363838768,1.839792734943168,-0.8893687525625782,0.0013875192428217775,20.859127044677734,0.0,2.0,4.765998794696776,4.7393486052348015
12.950695514678955,17.04242465623,2.775694629943948,2.5033206719872063,1.8223383455239697,-0.8953039991024537,0.0010729713451552404,20.859127044677734,0.0,2.0,4.746054097830319,4.7192899678534594
12.960759162902832,17.060559958568163,2.7667133198913407,2.5033298159370365,1.8046901807472207,-0.9009007236755083,0.0007553733184153153,20.859127044677734,0.0,2.0,4.7262199912562615,4.6993419222417865
12.97074270248413,17.078517842761805,2.7576777748281898,2.5033357618527488,1.7868572033048542,-0.9061498840464466,0.0004327720889904779,20.91442108154297,0.0,2.0,4.751030125797254,4.72429257847915
12.980704307556152,17.096296544304078,2.74859148814925,2.503338482238369,1.7688569207547327,-0.9110496161522471,0.00011348031164502362,20.91442108154297,0.0,2.0,4.7314035738134015,4.7045541925449434
12.990702390670776,17.11389450044264,2.7394579196419344,2.503338085946928,1.7507126405240858,-0.9156085765868462,-0.00019010834519543024,20.91442108154297,0.0,2.0,4.7118978358941295,4.684936711113509
13.000725984573364,17.131310411416163,2.730280387568924,2.503334737736012,1.7324525119433656,-0.9198466575466998,-0.0004757587693020815,20.982378005981445,0.0,2.0,4.74747285098779,4.720715264941781
13.010695457458496,17.14854325560103,2.7210619532812834,2.503328647769273,1.7141039524388064,-0.9237949600011773,-0.0007393447832112252,20.982378005981445,0.0,2.0,4.728192759869743,4.701326094499233
13.020699739456177,17.16559229400701,2.71180532169293,2.503319967503836,1.6956963215409748,-0.9274937776451955,-0.0009964927919169791,20.982378005981445,0.0,2.0,4.709041544049316,4.682065919430684
13.03072190284729,17.182457084543806,2.702512735739857,2.503308715220899,1.677259511007084,-0.9309954563989592,-0.0012545796825354308,21.046913146972656,0.0,2.0,4.742458793505383,4.715675534351279
13.040710687637329,17.199137493747845,2.6931858676144413,2.503294841603425,1.6588254823961994,-0.9343608831951462,-0.0015218063912948215,21.046913146972656,0.0,2.0,4.723550919875046,4.696661324288539
13.050699234008789,17.215633713775485,2.68382574897627,2.503278255759259,1.640427476036019,-0.9376570514127067,-0.0017964957866892796,21.046913146972656,0.0,2.0,4.70477541959526,4.677779681227802
13.06070065498352,17.23194627806177,2.674432731698069,2.5032589025981,1.6220995827817155,-0.9409513546429034,-0.002072975479984407,21.046913146972656,0.0,2.0,4.686131898518219,4.659030226051955
13.070696830749512,17.248076035795233,2.6650065340098075,2.5032368299059256,1.603871302526123,-0.9443013009726294,-0.0023436991075293638,21.11611557006836,0.0,2.0,4.724112294599759,4.69723212807445
13.080719709396362,17.264024163791166,2.655546390500073,2.5032118069068297,1.585779338018978,-0.9477456195835483,-0.002670113865419682,21.11611557006836,0.0,2.0,4.705715350190978,4.6787321823772485
13.090678691864014,17.279792169634227,2.646051224827844,2.5031833112193738,1.5678524962760874,-0.9513082028354942,-0.003035906083219334,21.11611557006836,0.0,2.0,4.687446827626008,4.660360964252816
13.100720405578613,17.295381921026426,2.6365198167499755,2.5031508244379275,1.5501368650385905,-0.954993567390318,-0.003472014263211507,21.184545516967773,0.0,2.0,4.7254619850595905,4.698598750703315
13.110698461532593,17.310795773479608,2.6269509690211055,2.5031137374012498,1.532681694264627,-0.9587938310224849,-0.003949605972703506,21.184545516967773,0.0,2.0,4.7074336853085255,4.680470966560476
13.1207115650177,17.32603661755303,2.617343620600627,2.5030717730105176,1.5155451981715924,-0.9626897626423387,-0.004444468433086518,21.184545516967773,0.0,2.0,4.6895266033962875,4.662464858329934
13.130712747573853,17.341107933107853,2.607696941410321,2.5030248504945916,1.4987850243233034,-0.9666553281184728,-0.004938758460629802,21.184545516967773,0.0,2.0,4.671737342732662,4.644577031255669
13.14070463180542,17.356013728513666,2.598010375256626,2.502973068292258,1.48244752291431,-0.9706625880223613,-0.005412045823827858,21.24576187133789,0.0,2.0,4.7045489084473235,4.677584689190093
13.150705337524414,17.370758398589647,2.5882836386546115,2.5029167377748167,1.466564089178275,-0.9746852384961756,-0.005848447080232472,21.24576187133789,0.0,2.0,4.686980835577651,4.65992104095532
13.160740375518799,17.38534658066828,2.5785166973065556,2.502856187512158,1.451150755573206,-0.9787000623341048,-0.006255197525233912,21.325672149658203,0.0,2.0,4.735797535077247,4.7090247342655225
13.170692920684814,17.39978296873979,2.5687097276324535,2.5027917789468557,1.43620420517473,-0.9826877065461503,-0.006623945919013563,21.325672149658203,0.0,2.0,4.718439900927254,4.691574951515307
13.180742740631104,17.414072206729873,2.5588630976381697,2.5027235782611634,1.4217183667568143,-0.9866298888872285,-0.007017933959428136,21.325672149658203,0.0,2.0,4.701183410813817,4.67422661688234
13.190680503845215,17.428218798514237,2.5489773031403256,2.502651485130218,1.4076720575213166,-0.9905201363815991,-0.007397480031889185,21.325672149658203,0.0,2.0,4.684024597690694,4.656976263227874
13.200742721557617,17.442227087565893,2.5390528720466237,2.502575599867835,1.3940572970710683,-0.9943578452215702,-0.007778920984214141,21.37952423095703,0.0,2.0,4.711865927208322,4.684986476224261
13.210699558258057,17.45610138274195,2.5290902904477925,2.50249595518443,1.3808745684681383,-0.9981524536584352,-0.008147559625999442,21.37952423095703,0.0,2.0,4.694895816534182,4.667927221276425
13.220679998397827,17.469846060452202,2.5190899120874817,2.5024127057135472,1.3681364144222714,-1.0019206621156116,-0.008497711772651021,21.37952423095703,0.0,2.0,4.678014098842083,4.650956609354994
13.230733633041382,17.483465655826112,2.5090518849093733,2.502326096096973,1.3558617217668356,-1.00568669106566,-0.008819819991515892,21.454923629760742,0.0,2.0,4.724420737690099,4.697639811639057
13.240690231323242,17.49696490761616,2.498976089396225,2.502236410334644,1.3440709590491984,-1.0094794566712535,-0.0091126932098348,21.454923629760742,0.0,2.0,4.707712836764818,4.680845942943907
13.250686883926392,17.510348753684614,2.4888621019674546,2.5021439074281533,1.3327834007037156,-1.013330385026393,-0.009384920661835683,21.454923629760742,0.0,2.0,4.6910823931527865,4.664129663247031
13.26068925857544,17.523622282950978,2.478709181876822,2.5020488126967644,1.3220076078978051,-1.0172709950505576,-0.009629888040460673,21.454923629760742,0.0,2.0,4.674524841957625,4.647486362298305
13.270699501037598,17.53679058085777,2.4685162937604677,2.501951365547108,1.3117332683052305,-1.0213279434527271,-0.009855640558149104,21.513511657714844,0.0,2.0,4.707423752866829,4.680585776981361
13.28071141242981,17.549858497954663,2.4582821664084396,2.501851897912025,1.3019240622118966,-1.025521041178279,-0.01002688831099548,21.513511657714844,0.0,2.0,4.691007664457237,4.664085931944076
13.290707349777222,17.56283046938743,2.4480054103057833,2.501751016716681,1.2925369577983772,-1.0298523191620539,-0.010142014619551649,21.513511657714844,0.0,2.0,4.674651476149503,4.647645892351364
13.300740957260132,17.575710500503206,2.4376847149598926,2.5016491593728523,1.283529101324412,-1.0343045186824904,-0.01022552160099929,21.584129333496094,0.0,2.0,4.718196709479232,4.691452686561077
13.31068229675293,17.588502192314895,2.4273190310360646,2.501546564346519,1.2748639803181172,-1.038842878704267,-0.010293262211333622,21.584129333496094,0.0,2.0,4.701963726570154,4.675137851419325
13.320686340332031,17.60120885037725,2.41690773408705,2.5014431923032365,1.2665206683539572,-1.0434182294602974,-0.010386627858761177,21.584129333496094,0.0,2.0,4.685781028285967,4.658873100862207
13.330784797668457,17.613833686828805,2.4064507221940623,2.5013387516447136,1.258502619480546,-1.047976874683525,-0.010504742967515879,21.646953582763672,0.0,2.0,4.72317707875056,4.6964945622596
13.340685844421387,17.62638009123332,2.395948428546887,2.5012330213328453,1.2508421771526308,-1.0524662498527884,-0.010643545599948859,21.646953582763672,0.0,2.0,4.707102571086307,4.6803397390630606
13.350728511810303,17.638851928058973,2.3854017795902576,2.5011258795254787,1.243601743347007,-1.056841266200478,-0.010783774749946155,21.646953582763672,0.0,2.0,4.691071058047309,4.664227752213534
13.360699653625488,17.65125381075918,2.374812101125591,2.5010173525205643,1.2368673896933324,-1.0610673667514754,-0.010919653589810693,21.646953582763672,0.0,2.0,4.675079418702533,4.648155460357291
13.370808601379395,17.66359131095911,2.3641810054066172,2.500907566177796,1.2307437740405482,-1.0651218558445448,-0.011033520794128204,21.712841033935547,0.0,2.0,4.715578812320325,4.688899140027454
13.38071346282959,17.675871100595067,2.3535102718927323,2.5007967204318957,1.2253446136272623,-1.068995032054052,-0.011131333994177286,21.712841033935547,0.0,2.0,4.699673839512162,4.672915240254165
13.390691757202148,17.688101010271343,2.3428016640692566,2.500685081829422,1.2207872481323758,-1.0727011013808136,-0.01118752522142496,21.712841033935547,0.0,2.0,4.683795196890738,4.656957364551475
13.400718212127686,17.700290023747286,2.3320566864768146,2.5005731603568417,1.217183184994209,-1.0762770586540291,-0.011185975620288073,21.78158950805664,0.0,2.0,4.727162717575381,4.700584417874551
13.410693883895874,17.712448193621658,2.3212763595376615,2.5004615946250848,1.21463419722526,-1.0797825033823754,-0.011115260628841835,21.78158950805664,0.0,2.0,4.711337048215163,4.684680882855318
13.42070746421814,17.724586488719304,2.3104610258510925,2.500351089107275,1.2132180400543564,-1.083291082913325,-0.010974385153606296,21.78158950805664,0.0,2.0,4.6955143342620085,4.668779674699713
13.430819034576416,17.736716451854996,2.299610281464725,2.5002423242038585,1.2129693026091892,-1.0868762089619117,-0.010768384250777602,21.849220275878906,0.0,2.0,4.7382631345414365,4.711782587219996
13.440683364868164,17.748849710956115,2.2887230370446225,2.5001359139255213,1.213869634845371,-1.0906000424971871,-0.01050513305535538,21.849220275878906,0.0,2.0,4.7224387600457165,4.695880312570158
13.450780630111694,17.760997442227527,2.277797672706269,2.500032368733816,1.2158477232643685,-1.0945055215120827,-0.01019688931815554,21.849220275878906,0.0,2.0,4.70658693164762,4.6799495911146956
13.460686683654785,17.773169868826606,2.2668322361342352,2.4999321436919772,1.2187853653524172,-1.0986184096632439,-0.009840272331234644,21.849220275878906,0.0,2.0,4.690697971081171,4.663980628991565
13.470693588256836,17.785375820845385,2.2558245185669255,2.4998356974985065,1.2225235618291166,-1.102967388028904,-0.009442377965875385,21.91155242919922,0.0,2.0,4.729049945431732,4.7025607557897695
13.48078465461731,17.797622392332983,2.2447719670466975,2.4997434652208637,1.2268768653614777,-1.107593609470045,-0.00899604025516423,21.91155242919922,0.0,2.0,4.713084453232287,4.686514859921915
13.490694046020508,17.809914745192728,2.233671516085009,2.4996559118604686,1.2316464079177665,-1.1125593503562927,-0.00851007778360578,21.91155242919922,0.0,2.0,4.697060374626746,4.670408989867122
13.500735998153687,17.822256050411077,2.2225194012045075,2.4995732762795244,1.23663548200356,-1.1179383654532156,-0.008017653069494007,21.992671966552734,0.0,2.0,4.752003247127548,4.725670471196453
13.510682344436646,17.834647579631383,2.211311160401203,2.499495542599702,1.2416629261569123,-1.1237929587399471,-0.0075301706102968114,21.992671966552734,0.0,2.0,4.735880028825114,4.70946534654918
13.520738363265991,17.847088912591193,2.20004182766889,2.499422648357829,1.2465720049312117,-1.1301614286121389,-0.007049460261382064,21.992671966552734,0.0,2.0,4.719689172231421,4.69319112127194
13.530701160430908,17.859578168270183,2.1887061468744173,2.499354544944174,1.2512264886443305,-1.137064762674001,-0.006571947998479584,22.04611587524414,0.0,2.0,4.750461822900698,4.7241435805107175
13.540688037872314,17.87211221145179,2.177298730470335,2.499291173297853,1.2555122384600934,-1.1445086776419922,-0.006103758065396311,22.04611587524414,0.0,2.0,4.734155470914834,4.7077527916257145
13.550696611404419,17.884686864700363,2.165814171829157,2.4992324576460905,1.259334281842279,-1.1524928918575617,-0.00563856211707108,22.04611587524414,0.0,2.0,4.717782899144336,4.691294324244789
13.560729503631592,17.89729708857724,2.1542470661374797,2.4991784992526527,1.2626127674012846,-1.161020243903221,-0.005145666519747866,22.04611587524414,0.0,2.0,4.7013462881049595,4.674770341584938
13.570706605911255,17.909936992386417,2.142591858431105,2.4991297118046556,1.2652525545980267,-1.1701210390437102,-0.0046026560045129205,22.11578369140625,0.0,2.0,4.746469930029841,4.720153210169272
13.580842018127441,17.92259963324626,2.1308425292519733,2.499086678656318,1.2671390864352063,-1.1798582251887866,-0.003990762962558892,22.11578369140625,0.0,2.0,4.729943968260958,4.703539351390187
13.590681552886963,17.935276788893876,2.1189922345145535,2.4990501651595896,1.2681297186580631,-1.1903341670772634,-0.0032972534077416204,22.11578369140625,0.0,2.0,4.713365795186323,4.686871670089397
13.6007981300354,17.947958726897625,2.107032947380407,2.499021103047342,1.2680707989190676,-1.2016794109255804,-0.002497886414373527,22.188701629638672,0.0,2.0,4.761565947225946,4.735344571252986
13.610722303390503,17.960634258883402,2.094955309720278,2.4990004799068264,1.26682976195998,-1.2140247231202916,-0.0016183517463105907,22.188701629638672,0.0,2.0,4.744933394718814,4.718621773502361
13.620717287063599,17.973291094645273,2.082748767432554,2.4989887515400886,1.2643226030225028,-1.2274745339786415,-0.0007306682218094994,22.188701629638672,0.0,2.0,4.728267989543179,4.701864354357233
13.630765914916992,17.985916414221737,2.0704019254963435,2.4989857400274795,1.2605288466559461,-1.2420898485065766,0.00011583527093331368,22.25657844543457,0.0,2.0,4.7722222377727395,4.74606345490048
13.640746355056763,17.998497541312428,2.0579031040874995,2.498990609313734,1.2554977168434451,-1.2578644060243225,0.000834799777088332,22.25657844543457,0.0,2.0,4.755545163285267,4.7292936229274884
13.650694608688354,18.011022597897803,2.0452409612381777,2.4990020157559543,1.2493373189065367,-1.274738906786886,0.001422806127505055,22.25657844543457,0.0,2.0,4.738856196996129,4.712510482118857
13.660728454589844,18.02348106886783,2.0324051132131817,2.499018356239361,1.242212367361356,-1.2925766252638102,0.001809369553154017,22.31354331970215,0.0,2.0,4.7732927817296655,4.747136469520199
13.670706748962402,18.0358643204607,2.0193868570657094,2.49903755908993,1.2343314264890115,-1.3111828352560535,0.0019961469937304992,22.31354331970215,0.0,2.0,4.756626891445605,4.730376401412582
13.680702447891235,18.04816600016392,2.0061797819925427,2.499057317763193,1.2259405507033112,-1.3302939403277696,0.001913745638464413,22.379487991333008,0.0,2.0,4.799392223529307,4.773374855263369
13.690680980682373,18.06038227041911,1.99278018269332,2.4990752207774065,1.2172915585598332,-1.349642607122022,0.0016421038738897425,22.379487991333008,0.0,2.0,4.782773584538619,4.756663440371451
13.700783252716064,18.072511816537553,1.979187079772594,2.499089616672307,1.208636958788532,-1.3689490555744368,0.0012176915687727079,22.379487991333008,0.0,2.0,4.7661636262789555,4.739960471037122
13.710697889328003,18.08455577316277,1.9654021671924016,2.499099376579752,1.200210730165919,-1.3879663636763995,0.000728483325694609,22.379487991333008,0.0,2.0,4.749562993074584,4.72326671250749
13.720754146575928,18.096517497198985,1.9514294463725854,2.4991039948480824,1.1922224546456524,-1.4064793954929309,0.0001920664956687455,22.419401168823242,0.0,2.0,4.7691199314170065,4.742931595813462
13.730711698532104,18.10840225195377,1.9372747567210824,2.4991033079264744,1.1848418006473294,-1.4243406052779297,-0.00032165843895153766,22.419401168823242,0.0,2.0,4.752562388465999,4.7262823809288514
13.740689039230347,18.120216786981725,1.9229451281435812,2.4990976785250005,1.178194833095442,-1.4414567325653156,-0.0007938854974947866,22.419401168823242,0.0,2.0,4.736011276129967,4.709639510081548
13.750713586807251,18.131968818196636,1.9084482104466263,2.4990877170771415,1.1723468429614465,-1.4577974632086093,-0.0011842169644379907,22.492156982421875,0.0,2.0,4.7856560625210065,4.7595604208169044
13.760727882385254,18.14366641562244,1.8937917365687043,2.4990741471632547,1.167304171595993,-1.4733730759447126,-0.00152307701788473,22.492156982421875,0.0,2.0,4.769160550391054,4.742975579848538
13.770668983459473,18.155317417670275,1.8789831247605404,2.4990573991234997,1.1630148672068754,-1.4882365287972292,-0.0018209466794653134,22.492156982421875,0.0,2.0,4.752663808975935,4.726389213081137
13.780720949172974,18.166928923228543,1.8640291338280677,2.4990377451362353,1.1593890856745488,-1.5024622833383443,-0.002109244299312815,22.551593780517578,0.0,2.0,4.790504064665424,4.7644402108228086
13.790719032287598,18.17850712947788,1.8489357303743028,2.49901523863422,1.1563432735787598,-1.5161318751028352,-0.0023938756939488634,22.551593780517578,0.0,2.0,4.774040888068046,4.747889024877938
13.800721645355225,18.190057543453705,1.8337081396445805,2.498989663806452,1.1538257757421357,-1.5293085662656183,-0.002730315990417951,22.551593780517578,0.0,2.0,4.757570238389103,4.731330033787548
13.810686826705933,18.20158540090752,1.8183510563120475,2.498960511120963,1.1518367635788571,-1.5420343769355978,-0.0031076328370599235,22.551593780517578,0.0,2.0,4.741090070682793,4.7147612311408595
13.820769309997559,18.213096217509683,1.8028689578276926,2.4989271998301823,1.150431431850404,-1.5543083614385238,-0.0035674074576682786,22.61825180053711,0.0,2.0,4.78588137551557,4.759803797403462
13.831228017807007,18.22459634009287,1.787266494908166,2.4988890252626557,1.1497204280471474,-1.5660995670250806,-0.004069068611888077,22.61825180053711,0.0,2.0,4.769425551200095,4.7432615180815
13.840697526931763,18.23609342658191,1.7715487692443974,2.4988458775282525,1.1498496847536221,-1.577349295064195,-0.0045538789929186795,22.61825180053711,0.0,2.0,4.7529511112322576,4.726700440713058
13.850704908370972,18.247596632705495,1.7557215663054333,2.4987981268427877,1.1509675684778888,-1.5879814675368804,-0.0049897116583487505,22.684925079345703,0.0,2.0,4.798045595145411,4.77204798401613
13.860721826553345,18.259116477373897,1.7397914773621943,2.4987460397747814,1.1531940461627035,-1.5979142248505278,-0.005426536117767396,22.684925079345703,0.0,2.0,4.781569175300174,4.755486953613662
13.870675325393677,18.27066447326768,1.7237658042105766,2.4986897362591383,1.1566065207330598,-1.607090984976564,-0.005822257381137156,22.684925079345703,0.0,2.0,4.765055791823246,4.7388886087497415
13.880569458007812,18.27993121373753,1.7108816406039296,2.4986420999647883,1.1602066122131998,-1.6138644279815333,-0.00607699583832703,22.751659393310547,0.0,2.0,4.813742083244624,4.787845956183531
13.890521764755249,18.29156009423132,1.6947036272058138,2.4985800686358544,1.1657579683522927,-1.6216022449768988,-0.0063153510702598165,22.751659393310547,0.0,2.0,4.79719587118897,4.771216421596443
13.900543212890625,18.30324993778316,1.678452318296967,2.4985160424691246,1.1723773424528232,-1.6285240726956305,-0.006476911053364938,22.751659393310547,0.0,2.0,4.7805927575376055,4.754529300448355
13.910543203353882,18.315010704970604,1.6621358217620612,2.4984508014565137,1.1799149641997377,-1.6346438079362955,-0.00655730767815379,22.818260192871094,0.0,2.0,4.826013327968885,4.800203270723092
13.92057752609253,18.326850713115256,1.6457620036163505,2.4983851906094157,1.1881953222695831,-1.6399955068029954,-0.006549995525941232,22.818260192871094,0.0,2.0,4.809332540551411,4.78343931574217
13.930527210235596,18.338776488532506,1.6293383108422679,2.4983200909333414,1.1970393184263555,-1.6446278858338979,-0.0064556350087504434,22.818260192871094,0.0,2.0,4.792581820025727,4.76660440865542
13.940557718276978,18.35079282991658,1.6128716434847947,2.498256378070191,1.2062834874893833,-1.6486009723580848,-0.006272333807329502,22.818260192871094,0.0,2.0,4.775759520297137,4.749696787945639
13.950557947158813,18.362903046023963,1.5963682790533218,2.4981949137549813,1.215795190091892,-1.6519777325215668,-0.006009237261891707,22.884931564331055,0.0,2.0,4.821341283796619,4.795532671429765
13.960552215576172,18.375109304817688,1.5798338757210828,2.498136370828266,1.2254799878058797,-1.6548178526930593,-0.005689685621148502,22.884931564331055,0.0,2.0,4.804426264521093,4.7785323988938435
13.970519542694092,18.38741305163464,1.5632735601192602,2.4980813228785355,1.2352876677321127,-1.6571659222500608,-0.0053102760538513896,22.884931564331055,0.0,2.0,4.7874400257356085,4.7614595447000205
13.980525493621826,18.399815416185874,1.5466921135498712,2.4980303347346173,1.2452038200225153,-1.6590461712444442,-0.004879631768206104,22.951595306396484,0.0,2.0,4.833113993830372,4.807385637021757
13.990530967712402,18.41231753756107,1.5300941946328936,2.4979838602533797,1.255243463951108,-1.6604584275846583,-0.004410105368929432,22.951595306396484,0.0,2.0,4.816037669305087,4.790222427726369
14.000566244125366,18.424920813539266,1.5134845781183837,2.4979422228287183,1.2654419681900426,-1.6613794262329797,-0.003913764696289406,22.951595306396484,0.0,2.0,4.79889195437467,4.772988323103916
14.010520696640015,18.43762706594373,1.4968684251559687,2.497905631431765,1.2758473525842746,-1.6617539852915684,-0.003402596861654568,22.951595306396484,0.0,2.0,4.781676941811995,4.7556833744526195
14.020570993423462,18.450438629657892,1.4802515881758929,2.497874251172492,1.2865131176508886,-1.661500547646561,-0.0028696072329612546,23.01825523376465,0.0,2.0,4.8274187785017375,4.801676092058963
14.030553579330444,18.46335835859527,1.4636408607351135,2.4978482890424436,1.2974878421113438,-1.6605129262285312,-0.0023195196623218787,23.01825523376465,0.0,2.0,4.81011257992406,4.78427947685346
14.040515899658203,18.4763895662597,1.4470441672219552,2.497828038884393,1.3088158218306312,-1.6586738070717169,-0.0017218281883737128,23.01825523376465,0.0,2.0,4.79273547359446,4.766810313359578
14.050626516342163,18.489535973492572,1.430470622057099,2.4978139765768548,1.3205334809869695,-1.655863972164309,-0.001084067057591473,23.08492088317871,0.0,2.0,4.838556336761489,4.81287945711707
14.060563802719116,18.502801662864197,1.413930484316716,2.497806617802783,1.3326784305485502,-1.6519757779695974,-0.0003753122608900128,23.08492088317871,0.0,2.0,4.821081558362608,4.795311873450546
14.070534467697144,18.516191068966382,1.397434998522796,2.497806648866027,1.3452816806638601,-1.646920924554654,0.0003902221410182915,23.08492088317871,0.0,2.0,4.80353288216332,4.777668541283398
14.080639123916626,18.52970894010049,1.380996169883968,2.4978147268670305,1.3583770373704454,-1.6406357597212098,0.0012390584473307956,23.08492088317871,0.0,2.0,4.785909084999665,4.75994813707005
14.090525388717651,18.543360338241737,1.3646265170472225,2.4978316182409417,1.3719915959851994,-1.6330810610825146,0.0021500519657958158,23.15496253967285,0.0,2.0,4.834968119377121,4.8092702560027485
14.100688457489014,18.557150645276256,1.3483388668907759,2.4978582320934977,1.3861669579915785,-1.624231630033198,0.003199237919166057,23.15496253967285,0.0,2.0,4.817235175438955,4.79143944094289
14.110533475875854,18.571085689371152,1.3321462511007724,2.497896037296171,1.4009469771841487,-1.6140720265479143,0.00438389643627692,23.15496253967285,0.0,2.0,4.799420910590037,4.773524967259904
14.120568752288818,18.5851718277882,1.316061863422677,2.4979466037761595,1.4163984300530847,-1.6025821219416372,0.005762338991647965,23.220842361450195,0.0,2.0,4.844523809955923,4.818865024569337
14.130558967590332,18.59941611934992,1.3000991036543477,2.4980117820090544,1.432588780070076,-1.589743529332129,0.007292536232361559,23.220842361450195,0.0,2.0,4.826577868999498,4.800816408747152
14.14052677154541,18.613826308380506,1.2842715650953769,2.4980928395163122,1.44958882703648,-1.5755335834290556,0.008931762771403494,23.220842361450195,0.0,2.0,4.808538950963356,4.782671885688411
14.150625228881836,18.628410745695426,1.2685930850081744,2.498190503828401,1.4674431356645017,-1.5599275018798582,0.010599911434864181,23.288572311401367,0.0,2.0,4.855371047810682,4.829744737955973
14.160542726516724,18.643178093542623,1.2530777808524964,2.4983048725021266,1.4861719696763898,-1.5428921232263146,0.012274096846381465,23.288572311401367,0.0,2.0,4.837168501317794,4.81143340016067
14.170527219772339,18.658137026508555,1.2377401118179507,2.498435891348078,1.5057517756784664,-1.5243964371231709,0.013920087019945838,23.288572311401367,0.0,2.0,4.81885565770209,4.793008607543229
14.180599451065063,18.673295739946,1.2225947822648764,2.498583032531731,1.5261131882906764,-1.5044224720363868,0.01549237160947834,23.3546199798584,0.0,2.0,4.863961315752958,4.838340070810722
14.190518617630005,18.688661527883465,1.207656584821477,2.498745328240599,1.5471439901957251,-1.4829736538572074,0.0169377210999016,23.3546199798584,0.0,2.0,4.845446275097973,4.819709815167195
14.200538396835327,18.704240340290223,1.1929400845991187,2.498921036665811,1.5686935105059117,-1.460090219826603,0.01817230787077576,23.3546199798584,0.0,2.0,4.826806297996769,4.800951659572672
14.210526704788208,18.720036666543237,1.178459418548721,2.499108248991329,1.590622494670897,-1.435817513076345,0.019244846150638952,23.3546199798584,0.0,2.0,4.808038907229924,4.782063266961817
14.220565795898438,18.736053545156576,1.1642280713854838,2.4993053987635467,1.6127794391223877,-1.4102433045249276,0.020161969361558372,23.419715881347656,0.0,2.0,4.851950717277668,4.826191032445447
14.230523824691772,18.75229255699903,1.1502585298392858,2.4995110650844694,1.6350266715937565,-1.3834776524116932,0.020948066245669247,23.419715881347656,0.0,2.0,4.832954218517224,4.807071371858505
14.240544557571411,18.76875392828366,1.1365619920302148,2.4997237662948155,1.6572309749907703,-1.3556685816692466,0.021562708134609174,23.419715881347656,0.0,2.0,4.813828423736809,4.7878199893664055
14.250515937805176,18.78543668831805,1.1231481342796752,2.4999417563990654,1.6792891259415645,-1.3269675266769376,0.022006198957691625,23.484933853149414,0.0,2.0,4.857641103826561,4.831845955097694
14.260602951049805,18.802338943257425,1.1100250780661716,2.500163274994038,1.7011190111060177,-1.297533571795651,0.0222712140498328,23.484933853149414,0.0,2.0,4.83828627364431,4.812364363188035
14.270540237426758,18.81945813596896,1.097199436239297,2.5003867251442373,1.7226688479877637,-1.2675084548084286,0.022395291950489903,23.484933853149414,0.0,2.0,4.818806610062793,4.792756020337807
14.2805495262146,18.836791235504542,1.0846763879029793,2.500610645551771,1.743895913657504,-1.2370365016325862,0.02236762142159557,23.484933853149414,0.0,2.0,4.799204483961955,4.773023429697447
14.290518522262573,18.854334944406496,1.0724598223420656,2.500833731520404,1.7647880969874443,-1.2062326771145295,0.02222446053298616,23.556013107299805,0.0,2.0,4.848379321442829,4.822442080312191
14.300540447235107,18.87208577288117,1.0605523322534383,2.501054287409629,1.7853197000399088,-1.1752402272278544,0.021855977613520733,23.556013107299805,0.0,2.0,4.828561061278383,4.802493781730723
14.310526371002197,18.89004025772484,1.0489554359126867,2.501270470780582,1.805525079764412,-1.1441252986781503,0.02136253187023247,23.556013107299805,0.0,2.0,4.808625814552227,4.782427222603756
14.320614099502563,18.908195225515556,1.0376698955310346,2.5014809615088724,1.8254188456666958,-1.1129851033141778,0.02071018994031565,23.622150421142578,0.0,2.0,4.852794612718145,4.826813897227693
14.33053469657898,18.926547699687944,1.026695577701665,2.5016842406149786,1.8450311755158701,-1.0818928874870506,0.019923151737917547,23.622150421142578,0.0,2.0,4.832646873534808,4.8065360424118655
14.340551853179932,18.945094971146162,1.0160316088008798,2.501878896912051,1.8643807641390038,-1.0509269723411725,0.018984029687306794,23.622150421142578,0.0,2.0,4.812385098845409,4.786143323431057
14.350556135177612,18.963834475569108,1.0056764364451305,2.50206347525591,1.8834775448197094,-1.0201416274438353,0.017909135455291988,23.690771102905273,0.0,2.0,4.85874291425871,4.832733695712311
14.360564470291138,18.98276363744277,0.995628029213356,2.502236620715029,1.902308622436422,-0.9895789276246548,0.016699561172124948,23.690771102905273,0.0,2.0,4.838269431376594,4.8121314889979825
14.370530843734741,19.001879656364984,0.9858840509680686,2.5023970919632714,1.920841346799568,-0.9592582372747734,0.015376126653735556,23.690771102905273,0.0,2.0,4.817683384927349,4.7914163208170395
14.380563497543335,19.021179302048537,0.9764420460065617,2.5025438422126944,1.9390256378922555,-0.9291813361542035,0.013966745274548147,23.690771102905273,0.0,2.0,4.796986238169111,4.770589759750668
14.39053988456726,19.040658817473336,0.9672996859731208,2.5026763603815008,1.9568030444566205,-0.8993276150294132,0.012530688294756735,23.758474349975586,0.0,2.0,4.842120982017032,4.815958064726393
14.40054440498352,19.06031374066429,0.9584547644781419,2.502794272461308,1.974096683032893,-0.8696877788552868,0.01105440430512461,23.758474349975586,0.0,2.0,4.8212188009729475,4.794929472519395
14.410594940185547,19.08013896747673,0.9499053986988542,2.5028976505218057,1.990854626161513,-0.840208983462529,0.009632831552393297,23.758474349975586,0.0,2.0,4.800213356145567,4.773797462986667
14.42065954208374,19.100128862445104,0.9416501617770076,2.502987137965137,2.0070222818823416,-0.8108562526141132,0.008276241344423608,23.827463150024414,0.0,2.0,4.84637911792464,4.820206893246145
14.430537462234497,19.120277308118908,0.9336879656705926,2.503063366234745,2.022558742149831,-0.7815968000648793,0.006974003279778429,23.827463150024414,0.0,2.0,4.825188547395964,4.798892764739981
14.440523862838745,19.140577838799487,0.9260179720062915,2.503126604073764,2.037436822053439,-0.7524127293360723,0.005671780978543713,23.827463150024414,0.0,2.0,4.803908781896407,4.777489215587474
14.450674533843994,19.16102383182195,0.9186395109518163,2.503176726806298,2.051651531644564,-0.7232895105307527,0.004346097314989014,23.893051147460938,0.0,2.0,4.846562481329919,4.820371465668938
14.460578918457031,19.181608692020706,0.9115519725241924,2.503213368471665,2.06521345318234,-0.6942293774621298,0.0029747698827194283,23.893051147460938,0.0,2.0,4.8251259780181925,4.7988141253373655
14.470550298690796,19.20232599835954,0.9047546558154169,2.5032360571134116,2.07814455101056,-0.6652508482504372,0.0015513892549791825,23.893051147460938,0.0,2.0,4.8036163398850915,4.7771836275814215
14.480632781982422,19.223169564429313,0.8982465363011086,2.503244124601062,2.0904711070437147,-0.636396556701546,5.461888675453052e-05,23.893051147460938,0.0,2.0,4.7820388422157745,4.7554853421617125
14.49077296257019,19.244133528448323,0.8920261703709843,2.503237080627294,2.1022293880666565,-0.607710534967636,-0.0014679991526247332,23.959426879882812,0.0,2.0,4.825240889119144,4.798927179975648
14.500579595565796,19.265212339999103,0.8860914860845678,2.503214562935787,2.1134449024515587,-0.5792743581216907,-0.0030424373032768522,23.959426879882812,0.0,2.0,4.803543813115255,4.77711296372267
14.510515451431274,19.286400712389124,0.8804395932520198,2.5031761647064736,2.124145902550318,-0.5511656374865104,-0.004638532993541726,23.959426879882812,0.0,2.0,4.78179189134944,4.755244203975915
14.520642518997192,19.30769362436924,0.8750668164940558,2.503121829119765,2.1343567174226714,-0.523463368163083,-0.006222069551352092,24.029388427734375,0.0,2.0,4.828382267839943,4.802097848800498
14.530550241470337,19.329086277849914,0.8699687340037547,2.5030518989459316,2.144096097010975,-0.4962398139131927,-0.007759215488083887,24.029388427734375,0.0,2.0,4.806531713344424,4.780134506303415
14.540514707565308,19.350573996297708,0.8651401543893195,2.5029666233759738,2.1533723425163265,-0.4695707656515131,-0.009285603223671699,24.029388427734375,0.0,2.0,4.784636600076021,4.758126939306769
14.550552368164062,19.37215226007905,0.8605754003152195,2.502866569089348,2.1622083954517275,-0.4434789523472916,-0.010706355765974443,24.093034744262695,0.0,2.0,4.824955568231414,4.798679135876834
14.560579299926758,19.393816739510694,0.8562685220609652,2.502752733777552,2.1706184776531376,-0.4179992155823471,-0.012042826410608349,24.093034744262695,0.0,2.0,4.802978862058281,4.776593518194515
14.570522785186768,19.41556329369106,0.8522133706241211,2.502626145788037,2.178626986437515,-0.39313520503524896,-0.013259859455189893,24.093034744262695,0.0,2.0,4.7809664130187075,4.754472294585723
14.5805983543396,19.437387996892202,0.8484036870833814,2.5024875934587927,2.1862530222821728,-0.3689044534654619,-0.014436958999788366,24.15981101989746,0.0,2.0,4.8242680072780795,4.798027513933909
14.590514659881592,19.459287208466286,0.8448332840321985,2.5023378306687007,2.193533989644465,-0.3452768827061769,-0.015504287202631273,24.15981101989746,0.0,2.0,4.802188113325115,4.775842059746123
14.60055685043335,19.48125759493277,0.8414960691056366,2.5021773073629756,2.200493550435409,-0.3222648824560638,-0.016595044798878047,24.15981101989746,0.0,2.0,4.780079479736649,4.7536278550775375
14.61059308052063,19.503296166197856,0.8383860946948353,2.5020062955647706,2.207178140386505,-0.2998233669115316,-0.01758829748275945,24.15981101989746,0.0,2.0,4.7579441093070205,4.731386881930361
14.620566844940186,19.525400355260587,0.8354977149819091,2.501825770615604,2.2136227952744654,-0.27794587114273683,-0.018501710721181237,24.218257904052734,0.0,2.0,4.7929946285229015,4.76665169747019
14.630585432052612,19.54756794193251,0.8328253037506783,2.501636561410283,2.2198630706501232,-0.2566314312585119,-0.01932871079332438,24.218257904052734,0.0,2.0,4.770805167742816,4.74435904088403
14.640537738800049,19.569797038633293,0.8303631517666283,2.5014393655192646,2.2259300589525775,-0.2358977607907089,-0.020104001867930554,24.218257904052734,0.0,2.0,4.748592719789752,4.722043136307404
14.650611639022827,19.592086071513354,0.8281053088286296,2.5012345299997913,2.2318557146671045,-0.21577587330843234,-0.02086315684085949,24.284929275512695,0.0,2.0,4.791635607378454,4.765347389208154
14.660624504089355,19.61443380154979,0.8260454883270827,2.5010221635658736,2.2376757017841333,-0.19629918029673038,-0.02160857618541386,24.284929275512695,0.0,2.0,4.769371271926494,4.742982091584735
14.670528411865234,19.636839352370636,0.8241770183280661,2.5008023257285883,2.243426007715522,-0.1775137608479637,-0.022359826808186517,24.284929275512695,0.0,2.0,4.747084437906078,4.7205939977035625
14.680751323699951,19.6593022281266,0.82249279211354,2.5005751247822436,2.2491477677440193,-0.15945644362357997,-0.0230719831039388,24.35159683227539,0.0,2.0,4.790062473575199,4.763834909524321
14.690530061721802,19.681822344719034,0.8209853018297574,2.500341013343583,2.254880882285347,-0.14217443230920962,-0.023741923723029995,24.35159683227539,0.0,2.0,4.7677197652637275,4.741393321635817
14.700551748275757,19.704400035432666,0.8196466250780511,2.50010071724018,2.260670334226757,-0.12569703228168713,-0.024289455018816183,24.35159683227539,0.0,2.0,4.745351344839627,4.718925583073664
14.71053147315979,19.727036071541164,0.81846858250057,2.4998557769893504,2.266555488042201,-0.1100529499441262,-0.02467301727212424,24.35159683227539,0.0,2.0,4.722955520439807,4.696429819582447
14.720568656921387,19.749731560989137,0.817442701076911,2.4996077098995704,2.272565214284308,-0.09526790688931681,-0.024920234869139794,24.418254852294922,0.0,2.0,4.765808447136709,4.739548743394092
14.730539798736572,19.77248786583581,0.8165603211959053,2.499357729491645,2.2787218673964684,-0.08135279119323609,-0.025057480563297825,24.418254852294922,0.0,2.0,4.743340573122278,4.716982261003844
14.740533351898193,19.795306552069356,0.8158127944201293,2.4991070504186235,2.285043845101325,-0.06829322622509626,-0.025054196812469134,24.418254852294922,0.0,2.0,4.720837780508415,4.6943797782133085
14.750560760498047,19.81818931428261,0.8151916948629041,2.498857073722326,2.291537078830429,-0.0560612683510883,-0.02492077930603569,24.484926223754883,0.0,2.0,4.763594153746421,4.737401279351823
14.760528087615967,19.8411378569008,0.8146889746300798,2.498609085005335,2.298198740034065,-0.04460756970282507,-0.024655862517199503,24.484926223754883,0.0,2.0,4.741001955405943,4.714709802470679
14.770508527755737,19.864153808698298,0.8142971578443853,2.498364330926389,2.3050161514456917,-0.03386900099397518,-0.024277493915771706,24.484926223754883,0.0,2.0,4.718366727943158,4.691973739592041
14.780603647232056,19.887238637382666,0.8140094647159718,2.498123897565818,2.311970344211715,-0.023769508766589592,-0.023792279125120098,24.55160903930664,0.0,2.0,4.760996751975133,4.734866698756323
14.790600538253784,19.91039357941838,0.8138199013680815,2.4978887846965754,2.319033328188989,-0.014230106463993534,-0.02321919633187417,24.55160903930664,0.0,2.0,4.738256748942082,4.712025443158023
14.800564289093018,19.933619536140736,0.8137232437699108,2.497659613426934,2.326165804705371,-0.005175999529503471,-0.02260979030317241,24.55160903930664,0.0,2.0,4.715467915237909,4.689133456066473
14.810596466064453,19.956916957369135,0.8137150091874209,2.4974367214051103,2.333316215684321,0.003465944608101203,-0.02196261951998084,24.55160903930664,0.0,2.0,4.692629405333258,4.6661898208277055
14.820562839508057,19.98028569061739,0.8137913932075924,2.497220412912498,2.3404153125597364,0.011756900402011607,-0.021296198727395788,24.618253707885742,0.0,2.0,4.735000728603932,4.708821907957752
14.830527305603027,20.003724814891864,0.813949145461504,2.4970108778676883,2.3473794444001665,0.01974677099175198,-0.020607181346971183,24.618253707885742,0.0,2.0,4.712049440359431,4.685764624442078
14.840513229370117,20.027232516592264,0.8141854424886675,2.496808289116584,2.354114764324573,0.027470608116624003,-0.019908726681998595,24.618253707885742,0.0,2.0,4.6890502225718595,4.662657344655112
14.850745439529419,20.050806028478934,0.8144977510595294,2.496612772293118,2.3605257246460907,0.03495200403041504,-0.019191153912501556,24.689163208007812,0.0,2.0,4.735439594902756,4.70932733109179
14.860565900802612,20.07444164416044,0.8148837122598404,2.4964244902707033,2.3665211010769074,0.04220225674721718,-0.018462894616886952,24.689163208007812,0.0,2.0,4.71233783284739,4.686116790728152
14.87052297592163,20.098134797737675,0.8153410410339738,2.4962435972674197,2.3720211766680164,0.04922570084397142,-0.01771127981071832,24.689163208007812,0.0,2.0,4.689198288079831,4.662866379932188
14.880543231964111,20.121880200679747,0.8158674642106006,2.496070316728259,2.376961917443323,0.056020709987375336,-0.016941048152715594,24.756471633911133,0.0,2.0,4.731930180304656,4.70585565780966
14.890512943267822,20.14567202364877,0.8164606898595915,2.4959048835676443,2.3812996493507854,0.06258610227106992,-0.01614014222992055,24.756471633911133,0.0,2.0,4.708715616559125,4.682529348982401
14.90054202079773,20.16950410683072,0.8171184233130723,2.495747587453688,2.385012121612732,0.06892320594461297,-0.015314212217546962,24.756471633911133,0.0,2.0,4.685479621412733,4.659179499891355
14.910526752471924,20.193370177750154,0.8178384345355574,2.4955987251951774,2.388098744738915,0.07504479335084871,-0.014451686680273272,24.756471633911133,0.0,2.0,4.66222829778177,4.635812183881268
14.92060661315918,20.217264054712096,0.81861867961277,2.4954586622247503,2.3905777368030376,0.08097509999795421,-0.013554952087757548,24.81856918334961,0.0,2.0,4.699747303356892,4.673558112341906
14.930519819259644,20.24117981401812,0.819457423883154,2.4953277552298867,2.39248153033665,0.08675184524261705,-0.012620795485873346,24.81856918334961,0.0,2.0,4.6764680575330795,4.6501617077286825
14.940556526184082,20.26511190699328,0.8203533525189028,2.4952063035951046,2.3938519422446527,0.09241925693629961,-0.011667088925903258,24.81856918334961,0.0,2.0,4.6531905262638595,4.626764829834277
14.950565338134766,20.2890552266319,0.8213055772506928,2.4950944649722304,2.3947344770098424,0.09801665356455297,-0.01069932406308674,24.884920120239258,0.0,2.0,4.694852021178284,4.668674005701799
14.96052861213684,20.31300511959882,0.8223135379649221,2.4949922786864023,2.3951737385015788,0.1035692370508779,-0.009739597231148459,24.884920120239258,0.0,2.0,4.671576145559505,4.645277852594121
14.970507860183716,20.33695735522277,0.8233768391472948,2.4948996596510655,2.3952089035294954,0.10908426263919918,-0.008785435732484513,24.884920120239258,0.0,2.0,4.64831586753131,4.621895144983346
14.98060154914856,20.360908054080188,0.8244950516250431,2.494816483185745,2.394870457207135,0.1145469736604545,-0.007853993299809953,24.951601028442383,0.0,2.0,4.690319544236289,4.664145588959739
14.990519285202026,20.384853575528393,0.8256674733600192,2.494742520723364,2.3941749443461746,0.11991735078047737,-0.0069415837527512705,24.951601028442383,0.0,2.0,4.667084661442606,4.640787549033153
15.000553607940674,20.40879037411747,0.8268928827915218,2.4946775472456477,2.39312528350658,0.1251324966845826,-0.006057253864678368,24.951601028442383,0.0,2.0,4.643876221047261,4.617453895888862
15.010493755340576,20.43271486831015,0.828169345238039,2.494621327540877,2.391711523606758,0.13011402319668758,-0.005188529079207367,24.951601028442383,0.0,2.0,4.6206976583936905,4.594148081268892
15.020572900772095,20.456623330596972,0.8294940999299657,2.4945737142295634,2.3899152975095785,0.13477660277807385,-0.004336365076608402,25.018259048461914,0.0,2.0,4.662744260961205,4.636440540362815
15.03055715560913,20.48051181846672,0.8308635327361662,2.4945345822863025,2.387712374291501,0.1390361776750271,-0.003490452093648228,25.018259048461914,0.0,2.0,4.639617288789774,4.6131858984176946
15.040520668029785,20.504376139825848,0.8322732315551291,2.4945038801464876,2.3850779120692107,0.14281877759446016,-0.0026504881022958527,25.018259048461914,0.0,2.0,4.616530269836855,4.589969242254246
15.050529956817627,20.52821185710506,0.8337181281159718,2.4944815810656165,2.381987792951134,0.1460681269870272,-0.0018086715505236043,25.095476150512695,0.0,2.0,4.668993582882579,4.642735082145605
15.060578346252441,20.55201431236178,0.8351927023477528,2.494467703316434,2.3784227655621315,0.14875071188935304,-0.0009667497859934416,25.095476150512695,0.0,2.0,4.645975746214315,4.619587895558285
15.070505142211914,20.57577868149917,0.8366912162750693,2.4944622577740443,2.374368788071693,0.150856262243741,-0.00012182962959534445,25.095476150512695,0.0,2.0,4.623008795920913,4.596489682659923
15.080566644668579,20.59950003786079,0.8382079430479781,2.4944652612002587,2.369819911892666,0.15239704410125987,0.000722283992900149,25.095476150512695,0.0,2.0,4.6000967007074,4.573444408902908
15.090524673461914,20.623173434493765,0.8397373757704019,2.4944767022071,2.364777809696747,0.15340392278288184,0.0015656600287357715,25.159910202026367,0.0,2.0,4.640220530015092,4.613798799053544
15.100547313690186,20.646793984547532,0.8412743916383382,2.494496554953176,2.3592530035351547,0.15392204424834185,0.002403840307708532,25.159910202026367,0.0,2.0,4.617411335083489,4.5908561940554105
15.110548973083496,20.670356941689448,0.8428143620886839,2.494524758797467,2.3532625982960296,0.1540038982517475,0.0032355187439007324,25.159910202026367,0.0,2.0,4.594668569484475,4.56797816614143
15.120561361312866,20.693857764520438,0.8443532006210286,2.49456121443366,2.3468307567528797,0.1537051048685024,0.004052905601979464,25.228612899780273,0.0,2.0,4.639130011002766,4.612692973108488
15.130532264709473,20.71729218638932,0.8458873852201082,2.494605765604515,2.339988019148686,0.15308258577396952,0.004854634850152887,25.228612899780273,0.0,2.0,4.616511118898558,4.5899390025952185
15.140544414520264,20.740656276181205,0.8474139575121933,2.494658242215661,2.33277062541057,0.1521912838119827,0.00563751948000336,25.228612899780273,0.0,2.0,4.593969073392322,4.567260127329429
15.150551795959473,20.763946473945058,0.8489304709375747,2.4947184573781858,2.3252157413321832,0.15107763021434212,0.006402555083978516,25.284923553466797,0.0,2.0,4.626517378127726,4.599990945431002
15.160547971725464,20.78715958669861,0.8504348868132158,2.4947862251570334,2.317359334172712,0.14977646341236528,0.007147731548087094,25.284923553466797,0.0,2.0,4.604121371779033,4.57745783131503
15.170548915863037,20.810292759861827,0.851925445478242,2.494861351859867,2.30923255187964,0.14830846005538556,0.007874563611238375,25.284923553466797,0.0,2.0,4.581810282115107,4.555007980644067
15.180676937103271,20.83334342327272,0.8534005272087821,2.494943645408269,2.3008610958384836,0.1466814526258699,0.008580717433062,25.351591110229492,0.0,2.0,4.62469716118369,4.598135994131802
15.190533876419067,20.85630922671949,0.8548585375693005,2.4950329018633144,2.292262960244157,0.14489317465254536,0.009266978075497255,25.351591110229492,0.0,2.0,4.602542765189214,4.57584334647378
15.20054030418396,20.87918796873599,0.8562978251951325,2.495128887194277,2.2834504604773764,0.1429350266321143,0.009925277464482152,25.351591110229492,0.0,2.0,4.580479062326242,4.553639843627826
15.210556507110596,20.901977547217857,0.8577166267208871,2.4952313187419257,2.2744313576557724,0.14079344338802782,0.010556395445144615,25.351591110229492,0.0,2.0,4.558507730711161,4.5315271897993235
15.220654964447021,20.9246759308431,0.8591130323808819,2.4953399006382453,2.2652126565734267,0.1384533056207499,0.011154396297383974,25.41826629638672,0.0,2.0,4.6017161138946205,4.574978642104584
15.230514526367188,20.94728115785904,0.8604849801633195,2.4954543024987585,2.2558013437442974,0.1358995028736963,0.01172043476751548,25.41826629638672,0.0,2.0,4.5799145708065945,4.553036625157107
15.240506649017334,20.96979134991917,0.8618302699690937,2.495574167933443,2.246207746571203,0.13312002470384454,0.012245617872181024,25.41826629638672,0.0,2.0,4.558209573890541,4.531189773512522
15.250556230545044,20.99220475278494,0.8631465998427834,2.4956990840215902,2.2364463825217142,0.13010652016626897,0.012730956643602982,25.484928131103516,0.0,2.0,4.601663067719135,4.5748863818580725
15.260547637939453,21.014519787335193,0.8644316105299065,2.4958286319256944,2.2265380385159133,0.12685616310688388,0.013171155502965926,25.484928131103516,0.0,2.0,4.580135238347671,4.5532178477771925
15.270531177520752,21.036735109059123,0.8656829392325476,2.4959623711043193,2.2165085543766367,0.12337086154250923,0.013569748312430551,25.484928131103516,0.0,2.0,4.558706701049559,4.5316473950035805
15.280547857284546,21.058849659680067,0.8668982698694313,2.496099857825394,2.206389463510307,0.1196583009207066,0.013919540582395109,25.551589965820312,0.0,2.0,4.6024279611585595,4.575612316261044
15.290513753890991,21.08086271608822,0.8680753893641815,2.496240619640256,2.1962158504588585,0.11573118695013836,0.014225720976579637,25.551589965820312,0.0,2.0,4.58118017280458,4.554224085738081
15.300532579421997,21.102773924448712,0.8692122394044048,2.4963842004800214,2.186026437391026,0.11160787938097556,0.014482623379022569,25.551589965820312,0.0,2.0,4.5600319474299615,4.532934379306157
15.310547351837158,21.12458332130729,0.8703069671425232,2.496530141054718,2.1758599879683875,0.10731078424876722,0.014699201546745675,25.551589965820312,0.0,2.0,4.5389827305900905,4.5117426841099055
15.320731401443481,21.14629133020793,0.8713579635796905,2.496678031096885,2.16575508862336,0.10286620198793356,0.014871872660402212,25.618255615234375,0.0,2.0,4.583057749343784,4.556065107880465
15.33054232597351,21.167898744746616,0.8723638909346513,2.49682746455723,2.155746580693803,0.09830157625936771,0.015009481159557572,25.618255615234375,0.0,2.0,4.562185064466655,4.5350518225158405
15.340526580810547,21.189406687421684,0.8733236868657744,2.496978093470264,2.1458654585743666,0.09364424645710442,0.015110731262848063,25.618255615234375,0.0,2.0,4.541407745712533,4.514133038295222
15.350534677505493,21.21081656287163,0.8742365439198714,2.4971295906766384,2.136136867883916,0.08891718875587656,0.015184574034795947,25.618255615234375,0.0,2.0,4.520724097414427,4.49330708220762
15.360701560974121,21.232130001172546,0.8751018585337828,2.4972816814282175,2.1265809112748153,0.08413816841466319,0.015229051715894287,25.69452667236328,0.0,2.0,4.574502856545999,4.547393463717807
15.37053656578064,21.25334880423366,0.8759191691416157,2.4974341005909557,2.1172117549384915,0.07931752243980843,0.01525141017480236,25.69452667236328,0.0,2.0,4.553980229608473,4.526731187869907
15.380562782287598,21.274474891197144,0.876688086235066,2.497586620167586,2.1080387821491557,0.07445989169784531,0.015248420597241323,25.760038375854492,0.0,2.0,4.597439963719774,4.570433434088923
15.390523433685303,21.295510244700974,0.8774082475282792,2.49773900240524,2.099065099385698,0.0695664189248534,0.015224838688453327,25.760038375854492,0.0,2.0,4.577073386041253,4.549929303482832
15.400527000427246,21.316456851998062,0.8780792961991144,2.4978910379008554,2.0902888778811866,0.0646373339884545,0.015178851339962066,25.760038375854492,0.0,2.0,4.556790042913296,4.529507700575391
15.410561800003052,21.337316661706442,0.8787008728338014,2.49804252576845,2.0817044505071887,0.05967187237780044,0.015116075110014162,25.760038375854492,0.0,2.0,4.536587808275001,4.509166506652372
15.420576572418213,21.358091556983684,0.8792726115030136,2.4981932864607197,2.073304746533397,0.05466971128411118,0.015032760359386336,25.818254470825195,0.0,2.0,4.5732231624994055,4.546006329004231
15.430537939071655,21.378783346927822,0.879794143467863,2.498343127193751,2.0650821762991405,0.049630527053392375,0.01493274366593907,25.818254470825195,0.0,2.0,4.55316235897867,4.525808391304139
15.440542936325073,21.39939377015298,0.8802651008083705,2.49849187168893,2.0570305504730477,0.04455490449569978,0.014812967189425765,25.818254470825195,0.0,2.0,4.5331766660683375,4.50568491348946
15.450525522232056,21.419924514810244,0.8806851207997375,2.4986393339600705,2.049146091642489,0.03944307864618473,0.014676962255931826,25.884918212890625,0.0,2.0,4.578254710178073,4.551019117285222
15.460586547851562,21.44037724723823,0.8810538431382223,2.4987853480454403,2.041428300482968,0.03429540727618578,0.014523046187800554,25.884918212890625,0.0,2.0,4.5583974259925775,4.531026403572478
15.470529794692993,21.46075364534418,0.8813709081621118,2.4989297494700753,2.033879968981479,0.029111527228378127,0.014354906534910662,25.884918212890625,0.0,2.0,4.5386096652382655,4.51110261449326
15.4805908203125,21.481055431002655,0.8816359531326668,2.4990723817828298,2.026506973535362,0.023891459832006304,0.014168884720019563,25.884918212890625,0.0,2.0,4.518889531490295,4.491245857838802
15.490534543991089,21.50128439481178,0.8818486192539348,2.499213088858137,2.0193170250170707,0.018636059883321735,0.013970647283520878,25.953765869140625,0.0,2.0,4.566340107198425,4.538969956556404
15.500533819198608,21.52144241151802,0.8820085670301636,2.499351740182972,2.01231898928012,0.013348451999159303,0.013757575556997132,25.953765869140625,0.0,2.0,4.546733168521105,4.519228954734005
15.510550498962402,21.541531440215834,0.8821154954050984,2.4994882160865024,2.0055205793915785,0.008033057263837262,0.013536585427170336,25.953765869140625,0.0,2.0,4.52718774528209,4.499548911060203
15.520586013793945,21.561553508419486,0.8821691564371726,2.49962243983315,1.998927633417442,0.002696119580774626,0.013307018743531908,26.020992279052734,0.0,2.0,4.57323071274355,4.545857077559308
15.530533790588379,21.58151068755161,0.882169368956642,2.499754344077683,1.9925429796813374,-0.0026554328803143614,0.013073215213498057,26.020992279052734,0.0,2.0,4.553786775995032,4.526280989598714
15.540501117706299,21.60140506169505,0.8821160258012924,2.4998838768582923,1.986366296092306,-0.008013535315109788,0.012832103429619343,26.020992279052734,0.0,2.0,4.534397837105803,4.506759351774499
15.550544500350952,21.62123869458235,0.8820091089775216,2.5000109675602182,1.9803938442539106,-0.013368345713541945,0.01258497825707891,26.085004806518555,0.0,2.0,4.577462062985329,4.550071204980137
15.560535907745361,21.641013596783235,0.8818487105658724,2.5001355431218273,1.9746187006110456,-0.01870753924317968,0.012328923911741067,26.085004806518555,0.0,2.0,4.55816307102162,4.530641789032926
15.570512533187866,21.660731691537496,0.8816350627434911,2.5002575321911773,1.9690303562234726,-0.024015254819912967,0.012068224181944474,26.085004806518555,0.0,2.0,4.538912929140294,4.5112606863052065
15.58053708076477,21.680394783131266,0.8813685750711159,2.500376881834843,1.9636156885407745,-0.029271993809659235,0.011800626184433255,26.151592254638672,0.0,2.0,4.5846258754899365,4.557237912852159
15.590520143508911,21.70000453376962,0.8810498673269226,2.5004935303976583,1.95835952419359,-0.03445538076961991,0.011528660783338347,26.151592254638672,0.0,2.0,4.565454619123799,4.537938089629356
15.600525617599487,21.71956244905333,0.8806797859814106,2.500607455689545,1.9532461155625007,-0.039543512402531185,0.011256910934554847,26.151592254638672,0.0,2.0,4.546327408769089,4.518681785989482
15.610524415969849,21.739069888200632,0.8802593630651743,2.5007186835101383,1.9482624595339708,-0.044522214616247335,0.010989508825757941,26.151592254638672,0.0,2.0,4.5272430220384665,4.49946776636747
15.620566844940186,21.758528100081204,0.8797897171757826,2.500827266436123,1.9433995629943923,-0.049388777350350015,0.010728257968415521,26.218202590942383,0.0,2.0,4.573133986851034,4.54562718564624
15.630527019500732,21.77793826924627,0.8792719251673877,2.500933271573402,1.9386537427069122,-0.05415446019779037,0.010473828070719943,26.218202590942383,0.0,2.0,4.554119070411339,4.526484990024268
15.640568017959595,21.797301568245448,0.8787068853850435,2.501036764268323,1.934026106209877,-0.05884328553588473,0.010225691288264784,26.218202590942383,0.0,2.0,4.535143821540212,4.507381905597294
15.650574684143066,21.816619204539514,0.8780952019203143,2.501137801118959,1.9295225003081518,-0.06348955850682192,0.009982345223833376,26.286222457885742,0.0,2.0,4.582525888816016,4.555041649201319
15.660617589950562,21.8358924608962,0.8774371017957927,2.501236427613644,1.925151796371055,-0.06813364440936703,0.009743700909120702,26.286222457885742,0.0,2.0,4.563613798962356,4.536004072938288
15.670557975769043,21.855122720549172,0.8767323941691487,2.501332685565334,1.920925101362325,-0.07281809910413128,0.009508262174452064,26.286222457885742,0.0,2.0,4.544737510002744,4.517001723844013
15.680636644363403,21.87431148141218,0.8759804695570194,2.5014266023812897,1.9168540402459,-0.07758351412487306,0.009275476884701924,26.351581573486328,0.0,2.0,4.589631564516112,4.562158399313528
15.690537452697754,21.893460362946126,0.8751803317304977,2.501518197790259,1.9129514362204605,-0.08246630404599278,0.009043131531961384,26.351581573486328,0.0,2.0,4.570810195537672,4.54321310758326
15.700575351715088,21.91257111515932,0.8743306541828203,2.5016074414267093,1.9092303941372444,-0.08749567224333929,0.008804961497949012,26.351581573486328,0.0,2.0,4.5520191088433455,4.5242975081199415
15.710553407669067,21.93164562288759,0.8734298581624442,2.5016942941157643,1.9057049502507306,-0.09269270047265007,0.008565394652970786,26.351581573486328,0.0,2.0,4.533256080266495,4.505409362591244
15.720593452453613,21.950685913433194,0.8724762040319737,2.5017787382121486,1.9023893207661984,-0.09806833346905629,0.00832330484442195,26.418249130249023,0.0,2.0,4.579532478863931,4.551959558569018
15.730554342269897,21.969694156775493,0.8714678877923295,2.5018607637614414,1.8992978639989666,-0.10362476075586699,0.008081795260561036,26.418249130249023,0.0,2.0,4.560807149800628,4.533111252933168
15.740535974502563,21.988672661971872,0.8704031293344534,2.501940357263021,1.896443779130996,-0.10935467625582086,0.007835883354462884,26.418249130249023,0.0,2.0,4.542102312599224,4.514282810798399
15.750549554824829,22.007623864134835,0.8692802748968671,2.5020174615109867,1.8938391127354468,-0.1152400804008314,0.007583960195360777,26.484922409057617,0.0,2.0,4.588449845901595,4.560904565619898
15.760533809661865,22.026550306746284,0.868097899471448,2.5020920228439154,1.8914931016096859,-0.12125380205638271,0.007328218141455515,26.484922409057617,0.0,2.0,4.569767189380463,4.542100369403424
15.770508289337158,22.045454607342705,0.8668548787890438,2.5021640305603308,1.8894112530716733,-0.12736348216695564,0.007073607234422369,26.484922409057617,0.0,2.0,4.551096621357582,4.523307610957252
15.780572891235352,22.064339414419884,0.8655504233371739,2.5022335013833126,1.887594053384884,-0.13353522087471564,0.006821263606660694,26.484922409057617,0.0,2.0,4.532435331886293,4.504523454020356
15.790552139282227,22.08320735710609,0.8641840724084313,2.502300473492329,1.8860372836756898,-0.13973772090804795,0.006574060365506854,26.55158805847168,0.0,2.0,4.578814908795886,4.551180089091274
15.800590753555298,22.102060998698477,0.8627556538356517,2.502365003761777,1.884732009537195,-0.1459450051849159,0.006333244323455549,26.55158805847168,0.0,2.0,4.560154489804476,4.5323987439190905
15.810563564300537,22.12090279510794,0.8612652190540084,2.502427162160615,1.883665971858165,-0.15213853599157295,0.006099450771395755,26.55158805847168,0.0,2.0,4.541495649432851,4.513618247098524
15.820575952529907,22.1397350659709,0.8597129648954841,2.502487008457676,1.882824275475023,-0.15830778710378188,0.005870320358485672,26.632461547851562,0.0,2.0,4.601759534859457,4.574242846963985
15.830544233322144,22.15855997557565,0.8580991546922564,2.5025445741462744,1.8821910445887926,-0.16444986360670727,0.005643232663445601,26.632461547851562,0.0,2.0,4.583086349470225,4.555450519728697
15.840545415878296,22.17737952843903,0.8564240438592677,2.5025999037951308,1.8817503847265658,-0.17056928208237573,0.005424639841691826,26.632461547851562,0.0,2.0,4.564408461771141,4.536652724486758
15.85053825378418,22.196195578784636,0.8546878075554118,2.502653102206525,1.8814884420289142,-0.1766773072122789,0.005216332183748105,26.68494415283203,0.0,2.0,4.596957162140436,4.569393286793817
15.860663652420044,22.21500985328075,0.8528904801778773,2.5027042529260886,1.8813933246162584,-0.18279087619148354,0.005015477335455694,26.68494415283203,0.0,2.0,4.5782580070800964,4.55057521786895
15.870538711547852,22.233823963938033,0.8510318940452506,2.502753448016155,1.8814537845771906,-0.18893332564549978,0.004825120947194555,26.68494415283203,0.0,2.0,4.559549018286142,4.531746486804176
15.88057565689087,22.252639408593172,0.8491116277335937,2.502800786071231,1.8816580998712056,-0.19513169600940025,0.004644304101704138,26.68494415283203,0.0,2.0,4.5408286174032755,4.512905483405861
15.890530586242676,22.27145756319761,0.8471289746234913,2.5028463658589075,1.8819935418732,-0.2014156105215435,0.00447203469182416,26.751583099365234,0.0,2.0,4.587156721447982,4.559512289649835
15.90053653717041,22.29027966987657,0.8450829437961784,2.502890187886331,1.8824461374653232,-0.20781053051989676,0.004290081307814211,26.751583099365234,0.0,2.0,4.568401472389976,4.540638002732936
15.910523653030396,22.309106829560665,0.8429723575603173,2.5029321216184144,1.8830018203542491,-0.21432666404947617,0.004093651945584226,26.751583099365234,0.0,2.0,4.549630591855026,4.521747206930914
15.920554161071777,22.32794000408348,0.8407960426882265,2.5029719717540195,1.8836469140345555,-0.22095232970951623,0.003872161524222423,26.825477600097656,0.0,2.0,4.603016751797812,4.5754543395122145
15.930557489395142,22.346780024982053,0.8385530630405351,2.5030094909691742,1.8843692039666737,-0.22765168577303355,0.0036282482676927024,26.825477600097656,0.0,2.0,4.58420350299658,4.556523149165496
15.940551519393921,22.365627610738592,0.8362429498172342,2.503044468302427,1.8851583768652596,-0.23436836993278817,0.0033641307267533124,26.825477600097656,0.0,2.0,4.565371609824851,4.537572500655507
15.950605630874634,22.38448339028323,0.8338658659566439,2.5030767208046307,1.8860069737795193,-0.24103391885868378,0.003084373332146995,26.884920120239258,0.0,2.0,4.6046008762715225,4.577036491305803
15.960535764694214,22.403347933020633,0.8314226776389062,2.5031061365700706,1.8869105089392364,-0.24757771974476234,0.0027983928945559157,26.884920120239258,0.0,2.0,4.585724449069987,4.558042665239519
15.970536947250366,22.422221777669684,0.8289149381336866,2.503132687634797,1.8878672713169704,-0.2539339814903714,0.0025120306151593086,26.884920120239258,0.0,2.0,4.566828108523574,4.539028141731928
15.985245943069458,22.441105456926607,0.8263448047426972,2.5031563911259265,1.8888776309674769,-0.2600486745962808,0.0022301018844390706,26.95294189453125,0.0,2.0,4.614399216577719,4.586884975233432
15.991252660751343,22.454330174442635,0.8245099792128776,2.5031713286523773,1.8896176536405298,-0.26416324241799505,0.00203824554599646,26.95294189453125,0.0,2.0,4.6011417604675104,4.573546120237585
16.00131607055664,22.47323183037724,0.8218399873087922,2.5031903629166514,1.8907231505094242,-0.2697832551716102,0.0017703356688006378,26.95294189453125,0.0,2.0,4.582185479108699,4.55447288098441
16.011265754699707,22.492144832589787,0.8191153712169454,2.5032067766306705,1.8918871420379566,-0.27508661615661373,0.0015143726569520732,26.95294189453125,0.0,2.0,4.563209120699652,4.535378751459405
16.02131175994873,22.511069770717494,0.8163393189034484,2.503220685507608,1.8931103440863322,-0.28007113727474936,0.0012692407432253487,27.018165588378906,0.0,2.0,4.607988026404961,4.580428210677331
16.03127098083496,22.53000723477113,0.8135149834898371,2.5032321966170654,1.8943920716342026,-0.2847454686814536,0.0010344027771694196,27.018165588378906,0.0,2.0,4.588966624321185,4.561290610717731
16.041283130645752,22.54895779902983,0.810645386271282,2.5032414006711132,1.895729788568831,-0.28912690387119394,0.000808050295303396,27.018165588378906,0.0,2.0,4.569925175975074,4.542132121224721
16.051266193389893,22.56792200158262,0.8077333488075771,2.503248391198355,1.8971187461379972,-0.2932374192277321,0.0005916096460353651,27.084917068481445,0.0,2.0,4.616160367709073,4.588646597545318
16.06125283241272,22.586900322067887,0.8047814580409464,2.5032532629675575,1.8985520809400624,-0.29710200203355946,0.0003845670660202804,27.084917068481445,0.0,2.0,4.597074253578119,4.569445026064251
16.0712628364563,22.60589316242277,0.8017920354906568,2.5032561217542026,1.9000211372279032,-0.3007486320919801,0.0001891853191254015,27.084917068481445,0.0,2.0,4.577968145728456,4.550222590074179
16.08133602142334,22.624900830427066,0.7987671122856815,2.503257087971492,1.9015158407944477,-0.3042072096841455,5.960494621811305e-06,27.151588439941406,0.0,2.0,4.624088808662027,4.5966215434599205
16.09127140045166,22.643923528249125,0.7957084166300625,2.5032562715791316,1.9030252472644162,-0.3075081431314956,-0.00016827858751005667,27.151588439941406,0.0,2.0,4.604938839472402,4.577356752580871
16.101294994354248,22.662961345719314,0.7926173806367944,2.503253733803263,1.9045376326437626,-0.3106793675868134,-0.00033874448290778134,27.151588439941406,0.0,2.0,4.58576927283298,4.5580714675257346
16.11125922203064,22.682014242873368,0.7894951964038716,2.5032495049713255,1.9060385486854305,-0.3137401189473735,-0.0005069109629669518,27.151588439941406,0.0,2.0,4.566580365272801,4.5387659301005145
16.121302843093872,22.701082022279856,0.7863429175070151,2.503243592020909,1.9075110201623364,-0.31669861275437333,-0.0006758753533704811,27.219837188720703,0.0,2.0,4.614188720789322,4.586663649991058
16.13127112388611,22.720164302969515,0.7831615795322825,2.50323598386056,1.9089353910692475,-0.3195501550354226,-0.0008459859261120626,27.219837188720703,0.0,2.0,4.594958606328466,4.56731848445233
16.141324043273926,22.739260502723855,0.7799523236986579,2.5032266674731334,1.9102916421774356,-0.3222784392326944,-0.0010173848682417488,27.219837188720703,0.0,2.0,4.575710889599293,4.5479548223725175
16.151270627975464,22.758369850613107,0.7767165150356378,2.5032156381700017,1.9115625141291968,-0.32485523617413,-0.001188077498264442,27.28491973876953,0.0,2.0,4.62019138274562,4.59270535030259
16.161280155181885,22.777491428155013,0.7734558418217355,2.503202924256416,1.912736198040277,-0.32724495296534584,-0.0013535205632086776,27.28491973876953,0.0,2.0,4.600908290496305,4.57330776512771
16.171258449554443,22.796624236054374,0.770172374553067,2.503188593705999,1.9138086050154224,-0.32940714264920623,-0.0015112592026732912,27.28491973876953,0.0,2.0,4.581611154065089,4.553895256395102
16.18133783340454,22.81576727622069,0.7668685929363865,2.5031727260711842,1.9147840890133592,-0.3313011683530977,-0.0016608095122797406,27.351581573486328,0.0,2.0,4.627621588934591,4.6001846460888505
16.19126296043396,22.834919635879224,0.7635473732237879,2.5031554089347865,1.9156752008701123,-0.3328888685639885,-0.0018008126667880232,27.351581573486328,0.0,2.0,4.608297409599997,4.580746625800832
16.200932025909424,22.85024772113426,0.7608800003425885,2.5031405843409216,1.9163401569081648,-0.3339171368600735,-0.0019039620452557375,27.351581573486328,0.0,2.0,4.592830856112924,4.565188366897039
16.21090793609619,22.869415109577268,0.7575357129258775,2.5031209463125053,1.917132277152054,-0.3348789959918609,-0.002021604872345797,27.351581573486328,0.0,2.0,4.573489614415622,4.545731686598887
16.220922708511353,22.888590310176248,0.7541836708450803,2.5031001930584904,1.917907539220162,-0.3354659415925755,-0.002127029836217008,27.41824722290039,0.0,2.0,4.619490725243906,4.592013148539427
16.23089623451233,22.90777330576284,0.750827675266893,2.5030784448351184,1.9186963869103437,-0.3356688592194007,-0.0022205918924119443,27.41824722290039,0.0,2.0,4.600130984741908,4.572539464578171
16.240922451019287,22.926964383174994,0.7474715773551018,2.503055824473686,1.9195287488100294,-0.3354868150714111,-0.0023014378710850413,27.41824722290039,0.0,2.0,4.58076417946858,4.553057797279269
16.2509286403656,22.946164118091396,0.7441192059933874,2.5030324534746167,1.920432148417115,-0.3349249002845226,-0.0023707852475284017,27.491378784179688,0.0,2.0,4.633112496238466,4.605723586316523
16.260892152786255,22.9653733412793,0.7407743093178827,2.503008453726115,1.9214300057039988,-0.333994077398698,-0.0024271105602714266,27.491378784179688,0.0,2.0,4.613728356874651,4.586226318718836
16.270910024642944,22.98459310021509,0.7374405055490999,2.50298394692182,1.9225423042651355,-0.3327090647130534,-0.002472473118324656,27.491378784179688,0.0,2.0,4.594336573573361,4.566720453499728
16.28093934059143,23.00382462256481,0.7341212490785217,2.5029590445701584,1.9237850960992349,-0.3310877245342377,-0.0025061187702740007,27.55158805847168,0.0,2.0,4.6340105824042945,4.606635027579249
16.290903568267822,23.023069281219463,0.7308198099382196,2.5029338571672715,1.9251714706731378,-0.3291487628514691,-0.0025297740893530578,27.55158805847168,0.0,2.0,4.614598831448861,4.587110191670138
16.30092740058899,23.042328562618167,0.7275392685345633,2.5029084882997727,1.9267109620526406,-0.3269113064406091,-0.0025422172978641433,27.55158805847168,0.0,2.0,4.595176986342185,4.567574256452202
16.31090259552002,23.0616040334464,0.7242825198998984,2.502883041475981,1.9284102373389531,-0.3243929752640535,-0.002545795005945676,27.618249893188477,0.0,2.0,4.641174206291042,4.613849440514628
16.320968866348267,23.08089731353972,0.7210522934099719,2.50285760478299,1.9302733401403442,-0.32160919162700535,-0.00254000602101318,27.618249893188477,0.0,2.0,4.621725934384806,4.594288284585222
16.330913066864014,23.10021005497653,0.7178511800496975,2.5028322669961316,1.9323027808018036,-0.31857215515871484,-0.002526328582449434,27.618249893188477,0.0,2.0,4.6022640716392464,4.574712482371869
16.340930700302124,23.11954392660727,0.7146816610373482,2.502807110208428,1.9344994897571364,-0.31529183720227566,-0.0025036811883212165,27.618249893188477,0.0,2.0,4.582787387655311,4.555120772315092
16.350901126861572,23.13890060607134,0.7115461263432775,2.5027822112081104,1.936864585968715,-0.3117765968362106,-0.0024753887188164294,27.684917449951172,0.0,2.0,4.628753286432601,4.601365779282634
16.360897064208984,23.15828178521434,0.7084468866609822,2.5027576282346464,1.939399825613314,-0.30803408348534606,-0.002439952550409489,27.684917449951172,0.0,2.0,4.609239922724271,4.5817384727292225
16.370910167694092,23.17768918089273,0.7053861771264495,2.5027334302236675,1.9421085814448724,-0.30407186365619954,-0.0023988281250512974,27.684917449951172,0.0,2.0,4.589707749971132,4.562091223143244
16.380934953689575,23.197124551096987,0.7023661536029996,2.502709669951818,1.9449957134068032,-0.2998984750656699,-0.0023527225111207133,27.75159454345703,0.0,2.0,4.635647973832595,4.608309356481525
16.39089345932007,23.21658971287195,0.6993888751302019,2.5026863756077073,1.9480681478275779,-0.2955249426492144,-0.0023066588652888667,27.75159454345703,0.0,2.0,4.616070537189344,4.588617832429053
16.40091323852539,23.23608655599797,0.6964562764850889,2.502663528247625,1.9513331615369236,-0.2909648887401614,-0.0022627518705800953,27.75159454345703,0.0,2.0,4.596469770649253,4.568901807859525
16.410918474197388,23.255617039358803,0.6935701509046137,2.5026411242820523,1.9547970195505866,-0.28623280459986955,-0.0022180594848509295,27.81824493408203,0.0,2.0,4.642333568341668,4.615042021469833
16.42094087600708,23.27518316985445,0.6907321439812613,2.502619165129897,1.9584628423559527,-0.28134357427072776,-0.002173575918857362,27.81824493408203,0.0,2.0,4.622677483176978,4.595271601147811
16.430898666381836,23.294786969548632,0.6879437573327443,2.5025976557486183,1.962330515650872,-0.27631093642330634,-0.0021283027910271477,27.81824493408203,0.0,2.0,4.602992827902054,4.57547140414556
16.440919876098633,23.314430439696128,0.685206360940585,2.5025765978836967,1.9663959356320224,-0.2711475906030199,-0.0020836129368573828,27.81824493408203,0.0,2.0,4.5832778656387765,4.555639664955295
16.450891494750977,23.33411552195524,0.6825211998422477,2.502555966997259,1.9706513434766135,-0.2658659365765076,-0.0020436428881448385,27.884918212890625,0.0,2.0,4.629060684417887,4.601699720761758
16.460955142974854,23.35384406349061,0.6798893961948053,2.5025357139856745,1.9750857410712819,-0.26047813252472984,-0.0020075408432726808,27.884918212890625,0.0,2.0,4.609275939044039,4.581799050418865
16.47090768814087,23.373617788943278,0.6773119487287538,2.5025157960760533,1.979685732860283,-0.2549968736055589,-0.0019773873498090608,27.884918212890625,0.0,2.0,4.589455862768942,4.561861789993013
16.480982780456543,23.393438279835657,0.6747897272421968,2.5024961446746343,1.984436134593536,-0.24943506262560827,-0.0019538732790397263,27.96076774597168,0.0,2.0,4.644172908456235,4.616908016002265
16.490882396697998,23.413306954613986,0.6723234733871294,2.5024766934982425,1.9893193403838818,-0.24380547601675567,-0.001938226339229498,27.96076774597168,0.0,2.0,4.624273059553447,4.596892265629343
16.500945568084717,23.4332250420943,0.6699138026672425,2.5024573374804113,1.9943151003997273,-0.23812028482045655,-0.0019343958539880214,27.96076774597168,0.0,2.0,4.604333916477527,4.576835963680301
16.51092004776001,23.45319355486584,0.6675612197764452,2.502437983606862,1.9994002263709554,-0.23238942301988041,-0.0019376097087704818,28.01824951171875,0.0,2.0,4.640885454169125,4.613607468277687
16.520941019058228,23.473213256974972,0.6652661390796799,2.5024185564905856,2.004548382554327,-0.22662099744240385,-0.0019491229993154884,28.01824951171875,0.0,2.0,4.620861175002709,4.593466402700832
16.530892372131348,23.49328463764338,0.663028905781869,2.5023989729619585,2.0097310845686978,-0.22082070697210698,-0.0019689552130445136,28.01824951171875,0.0,2.0,4.600795493124146,4.573282676756185
16.54090142250061,23.513407897740226,0.6608498202147457,2.5023791567882503,2.0149195002519162,-0.21499174764222442,-0.0019954134834686693,28.01824951171875,0.0,2.0,4.580688296433819,4.553056166127374
16.550905466079712,23.53358295305338,0.6587291646098635,2.502359036212646,2.02008569338629,-0.2091345465937315,-0.002029881958447696,28.08493423461914,0.0,2.0,4.626130910575532,4.598774032339262
16.560909271240234,23.55380945594917,0.6566672314832372,2.5023385508904563,2.02520525457682,-0.20324665304436848,-0.0020676725820497946,28.08493423461914,0.0,2.0,4.605936129875398,4.578460834470558
16.5708966255188,23.574086832842404,0.6546643478205395,2.5023176663115,2.030257437790266,-0.197323817833368,-0.0021099664924996335,28.08493423461914,0.0,2.0,4.585700898261012,4.558105932338917
16.581130266189575,23.594414326603818,0.6527208921695367,2.5022963464942403,2.0352261762279062,-0.1913597663809374,-0.002154434049037563,28.151586532592773,0.0,2.0,4.6310003992457505,4.6036792979217
16.590906143188477,23.614791030252864,0.6508373203155788,2.5022745612462347,2.040097158875106,-0.1853453222160661,-0.0022040611129948563,28.151586532592773,0.0,2.0,4.610681336032918,4.5832415000267215
16.600907802581787,23.635215902349323,0.6490141920727639,2.5022522436929244,2.044857905976313,-0.17926886405632986,-0.0022594006388904496,28.151586532592773,0.0,2.0,4.590324651648515,4.562764851626422
16.610916137695312,23.655687780430423,0.6472521948547727,2.5022293831433684,2.049496269041583,-0.17311693866711553,-0.0023124930796004422,28.151586532592773,0.0,2.0,4.569931656680641,4.542250652863546
16.620935440063477,23.67620537798582,0.645552145789391,2.502205992039483,2.053999669952961,-0.16687727097241753,-0.0023655913208932276,28.218250274658203,0.0,2.0,4.615096995162863,4.587691076818591
16.630908489227295,23.696767279792443,0.643914978477624,2.5021820727194273,2.058354902676953,-0.16053901155701095,-0.002418375869257504,28.218250274658203,0.0,2.0,4.594629670226847,4.567103564883118
16.640920162200928,23.717371940148016,0.6423417204319387,2.502157623308815,2.062549349338778,-0.15409439410790135,-0.0024716490650065655,28.218250274658203,0.0,2.0,4.574130621934382,4.546483109819134
16.650919198989868,23.73801769049079,0.6408334603482283,2.502132632101941,2.0665710084091704,-0.14753896503476863,-0.002526951199719724,28.284921646118164,0.0,2.0,4.619214249829009,4.591840927732771
16.660931825637817,23.75870275054255,0.6393913148182347,2.5021070872285143,2.0704097292665553,-0.14087154639922803,-0.0025817638433327603,28.284921646118164,0.0,2.0,4.598650918603827,4.571157265302816
16.670886993408203,23.77942524548263,0.6380163961752183,2.502080998468585,2.074056686416565,-0.1340942083525367,-0.002636076640707715,28.284921646118164,0.0,2.0,4.578061605849288,4.550446432816033
16.68097996711731,23.800183222649682,0.636709780488714,2.5020543633053283,2.0775051098434334,-0.12721197657695466,-0.002691173261652778,28.352510452270508,0.0,2.0,4.623974603501962,4.596638179160635
16.690943717956543,23.82097466373032,0.6354724831527657,2.502027166499434,2.080748391619278,-0.1202318792847799,-0.002749304318050334,28.352510452270508,0.0,2.0,4.603332831283042,4.575876077830878
16.70095443725586,23.841797488122108,0.6343054426911119,2.5019993610220723,2.083781017203644,-0.11316166493802833,-0.002811138934452896,28.352510452270508,0.0,2.0,4.582671513214818,4.5550932854952615
16.710914611816406,23.86264956851441,0.6332095337417867,2.501970972401162,2.086599049169987,-0.1060062637554952,-0.0028650397513362595,28.352510452270508,0.0,2.0,4.561992977442857,4.534292124367879
16.72091579437256,23.883528746535504,0.6321855910708402,2.5019420933018104,2.08920035147881,-0.09876859406371091,-0.0029087402554333476,28.420934677124023,0.0,2.0,4.608650243349528,4.581234680792663
16.73091149330139,23.90443285163785,0.6312344382844326,2.501912837452787,2.09158459512165,-0.09144791324055351,-0.002940433153628264,28.420934677124023,0.0,2.0,4.587936589807678,4.560399725429361
16.740915298461914,23.925359722763343,0.6303569225389928,2.501883336436927,2.0937541553938037,-0.08404017400898213,-0.0029573046548378046,28.420934677124023,0.0,2.0,4.567212596700632,4.539553284197452
16.750904083251953,23.946307232870417,0.6295539517116392,2.501853729290352,2.0957132515659103,-0.07653724757689524,-0.0029625407421185602,28.487232208251953,0.0,2.0,4.611745328588969,4.584357949610779
16.760897159576416,23.96727330784659,0.6288265348105776,2.5018241311404235,2.097468358873775,-0.06892705656725566,-0.0029547362240838434,28.487232208251953,0.0,2.0,4.590999752867602,4.563491127660439
16.77092432975769,23.988255944971176,0.6281758184142803,2.501794672590204,2.09902699691774,-0.0611944707048573,-0.002935200449422861,28.487232208251953,0.0,2.0,4.570250558759796,4.542619539032993
16.780903339385986,24.009253219728276,0.6276031088416101,2.5017654658883663,2.1003970969375936,-0.05332285441306899,-0.0029047575313166252,28.551618576049805,0.0,2.0,4.612888170690445,4.585517276440867
16.790893077850342,24.030263278202558,0.627109880627161,2.501736588441286,2.1015845295169573,-0.045295588197389346,-0.00287167139712197,28.551618576049805,0.0,2.0,4.5921302394348835,4.564638050464853
16.800920248031616,24.05128431281687,0.6266977655281983,2.501708008334359,2.1025924825478812,-0.03709769068915409,-0.002844210134846768,28.551618576049805,0.0,2.0,4.571375011500719,4.543760399729102
16.81091070175171,24.072314522120646,0.6263685440780119,2.5016797201723167,2.1034185651727153,-0.028714829412969427,-0.0028126387006401753,28.551618576049805,0.0,2.0,4.550624671645507,4.522886507591872
16.820976972579956,24.093352052627154,0.6261241175346778,2.501651768638099,2.104054955932248,-0.020137454545027907,-0.0027766764473467482,28.620779037475586,0.0,2.0,4.597964877059206,4.570517094781764
16.83090329170227,24.11439494350293,0.625966462638289,2.5016242036637055,2.104487927790346,-0.011360003165833688,-0.0027360571362459465,28.620779037475586,0.0,2.0,4.577221696232213,4.549651812475065
16.840927600860596,24.135441075594716,0.6258975833489089,2.5015970395069727,2.104700183265421,-0.0023830611525832044,-0.0026975800570718275,28.620779037475586,0.0,2.0,4.556490316808958,4.528797237361332
16.850902795791626,24.156488151838147,0.6259194381272032,2.5015702266366113,2.1046739824189182,0.00678460990843111,-0.002666658128098809,28.68492317199707,0.0,2.0,4.59892069588893,4.571487599767414
16.86088991165161,24.17753371247489,0.626033855094951,2.501543678076401,2.1043950969771466,0.016125854819373488,-0.0026441729998607716,28.68492317199707,0.0,2.0,4.5782118986079166,4.550656889673919
16.870888233184814,24.19857518028765,0.6262424501579885,2.5015173199997376,2.10385441316818,0.025615366714169086,-0.002628734445069885,28.68492317199707,0.0,2.0,4.557523179464338,4.529845241185952
16.88093090057373,24.21960991797356,0.6265465514058968,2.5014910764675444,2.103048952060432,0.035221460542683915,-0.002621412367683062,28.75160026550293,0.0,2.0,4.6024982771267355,4.57509530951848
16.890914916992188,24.240635277084046,0.6269471518942922,2.5014648599975753,2.10197893735148,0.044909261150950376,-0.002624223824021777,28.75160026550293,0.0,2.0,4.5818484112661055,4.554324083550637
16.90180516242981,24.261648624887034,0.6274448913887353,2.501438535026207,2.100647403852104,0.05464383502640191,-0.0026417167110226523,28.75160026550293,0.0,2.0,4.561227184783545,4.533580574645078
16.910927057266235,24.282647369848775,0.6280400853553347,2.5014120360209935,2.0990593801826507,0.0643955354475365,-0.002657004381379368,28.75160026550293,0.0,2.0,4.540637440079918,4.512867639582264
16.92093253135681,24.30362898204317,0.6287327732981167,2.501385414272733,2.0972222342057463,0.07413885494417465,-0.00266601673963759,28.818256378173828,0.0,2.0,4.585689998218162,4.558197607181224
16.930907249450684,24.324591012940218,0.6295227691344291,2.5013587403409825,2.0951446864661802,0.0838542726106418,-0.0026689433102256637,28.818256378173828,0.0,2.0,4.565160229178719,4.537546399934528
16.940917253494263,24.345531106940424,0.630409711157776,2.501331995893742,2.092836362871451,0.09352541912995936,-0.0026819417967984946,28.818256378173828,0.0,2.0,4.54466957280271,4.5169334460286175
16.950921058654785,24.366446996734222,0.6313930724809496,2.5013050641503285,2.0903049878247018,0.10313491822939168,-0.0027067248196791776,28.885677337646484,0.0,2.0,4.590578052221927,4.563123939386141
16.9609272480011,24.387336484706083,0.6324721317227167,2.501277792835768,2.087556861278852,0.11266089239772588,-0.002750670027418594,28.885677337646484,0.0,2.0,4.5701609219182595,4.542586424784723
16.97087860107422,24.408197422938507,0.6336459190086644,2.501249999967236,2.084595381190758,0.12207535118375502,-0.002809556390142703,28.885677337646484,0.0,2.0,4.5497895665356705,4.52209393282467
16.980967044830322,24.429027684941214,0.6349131624908068,2.5012216009993247,2.0814215512748353,0.1313469501792424,-0.00286969853883696,28.885677337646484,0.0,2.0,4.529466187551289,4.501648681412409
16.990912437438965,24.44982513933899,0.6362722839149081,2.501192618034948,2.0780333074643376,0.14044655683677934,-0.0029268069783280207,28.951597213745117,0.0,2.0,4.574055997640809,4.546514514348451
17.000940084457397,24.47058762347911,0.6377214474253431,2.5011630607627233,2.074426615273452,0.14935287493870802,-0.0029831126572543625,28.951597213745117,0.0,2.0,4.553822570767912,4.526161242439581
17.01088523864746,24.491312921208145,0.639258668034025,2.501133011730422,2.0705948183679244,0.15805753656582594,-0.003023241241826754,28.951597213745117,0.0,2.0,4.533643337356246,4.505861473115733
17.020933866500854,24.511998746471885,0.6408819341905172,2.501102669736126,2.0665309784274397,0.16656333340178833,-0.0030415642800486462,29.02541160583496,0.0,2.0,4.5861453507550785,4.558686794750847
17.030944347381592,24.53264274432126,0.642589313249433,2.5010722428184553,2.062228281744489,0.17488299000783294,-0.003041123924870959,29.02541160583496,0.0,2.0,4.566066848066572,4.53849017499096
17.040919065475464,24.55324249965559,0.6443790444356786,2.501041903722754,2.057682013613674,0.1830379615011564,-0.0030240943737386765,29.02541160583496,0.0,2.0,4.546049258032645,4.518353778443322
17.05091166496277,24.57379557216718,0.646249614864809,2.5010118012783393,2.0528922420258846,0.1910557669368313,-0.0029948658306219312,29.092819213867188,0.0,2.0,4.592409614132505,4.564998711824188
17.060906410217285,24.594299553716784,0.6481998056689877,2.500982038080517,2.04786547355335,0.19896731474872875,-0.0029564634550257166,29.092819213867188,0.0,2.0,4.5725075312467585,4.544979881234791
17.070884227752686,24.614752135559705,0.6502287102612283,2.5009526874617323,2.0426150979956073,0.20680351333233346,-0.002913292390563906,29.092819213867188,0.0,2.0,4.552673470450569,4.525028412448843
17.081126928329468,24.635151176247206,0.652335719511298,2.5009237755249476,2.0371611123368165,0.21459259331035327,-0.00286933850986686,29.152170181274414,0.0,2.0,4.591288186512962,4.563880211259637
17.09088683128357,24.65549476570091,0.6545204827054026,2.5008952856618896,2.0315296805717673,0.22235758182078177,-0.002830538200841317,29.152170181274414,0.0,2.0,4.571584292398244,4.544060613075494
17.100923776626587,24.675781284192578,0.6567828470157936,2.500867117247538,2.0257527973388614,0.23011526502728166,-0.0028045226726958654,29.152170181274414,0.0,2.0,4.551954430263068,4.524314452605136
17.11089777946472,24.696009466612665,0.6591228055567022,2.500839180893995,2.019869601451009,0.2378779889354258,-0.002783364565492769,29.152170181274414,0.0,2.0,4.5324001448259414,4.504643291948836
17.120935916900635,24.71617847337461,0.6615404453090793,2.5008114281526717,2.0139257510117203,0.2456521814138681,-0.002768179582217113,29.21824836730957,0.0,2.0,4.57789047239267,4.550414166936375
17.130924463272095,24.736287948920037,0.6640358959682132,2.5007837993213347,2.007972135610411,0.2534402669840312,-0.002758803432101546,29.21824836730957,0.0,2.0,4.558475323702817,4.530884335661725
17.140940189361572,24.75633806036352,0.6666092928675215,2.5007562209159,2.002061807457237,0.2612409317992402,-0.0027581638314449503,29.21824836730957,0.0,2.0,4.539137399259324,4.511431207119169
17.15091562271118,24.776329504696783,0.6692607416420276,2.500728615854121,1.99624717813413,0.26904959549575724,-0.0027638385881167183,29.28547477722168,0.0,2.0,4.585960114934718,4.5585415462664
17.160918951034546,24.796263482484488,0.6719902857196292,2.500700920507961,1.9905759177252096,0.2768584975919093,-0.0027759809097229475,29.28547477722168,0.0,2.0,4.566759289112471,4.539227796982382
17.170881748199463,24.816141639034416,0.6747978796187665,2.500673089443604,1.9850891469586966,0.28465772385576565,-0.0027907352818566282,29.28547477722168,0.0,2.0,4.547632837084564,4.5199879290145
17.180928230285645,24.835965991239423,0.6776833668933908,2.500645076946946,1.9798198905482907,0.2924349451477768,-0.002812881995767812,29.351587295532227,0.0,2.0,4.593553744392049,4.566189933582155
17.190887212753296,24.855738848518964,0.6806464580276723,2.5006168203665955,1.9747938630947128,0.30017594181972107,-0.002838888330094158,29.351587295532227,0.0,2.0,4.574554629706715,4.547079596767268
17.200945138931274,24.87546273786576,0.6836867108647425,2.500588292091094,1.9700282071759303,0.307864428883604,-0.0028665002292839387,29.351587295532227,0.0,2.0,4.555623690839329,4.5280369448976305
17.21091055870056,24.895140298068256,0.6868035121135924,2.5005595049162435,1.965527724491141,0.31548256267954333,-0.0028900863027055963,29.351587295532227,0.0,2.0,4.536758614189122,4.509059647582543
17.22091794013977,24.914774149346403,0.6899960663587129,2.5005305013998584,1.9612838972417423,0.3230119885537852,-0.0029098751547869985,29.418249130249023,0.0,2.0,4.583438911782063,4.55602693969278
17.230892419815063,24.934366762052925,0.6932633963036559,2.5005013259803124,1.9572755619065874,0.33043477777593444,-0.0029246262178957093,29.418249130249023,0.0,2.0,4.564681457208421,4.537159378782537
17.240880250930786,24.953920345582457,0.6966043515800608,2.500472014533831,1.9534726881690545,0.33773462914771457,-0.0029368641124268616,29.418249130249023,0.0,2.0,4.545982991342388,4.51835026533388
17.25091791152954,24.973436793775598,0.7000176372847654,2.500442612048108,1.9498432796575838,0.34489914170246105,-0.002942660660016637,29.484922409057617,0.0,2.0,4.5928172135803385,4.56547118591349
17.261218309402466,24.992917692365797,0.7035018575510759,2.5004131684091457,1.9463585987273766,0.35192096734553746,-0.0029451268288277414,29.484922409057617,0.0,2.0,4.574214093970314,4.546759421649597
17.27086615562439,25.012364383787737,0.7070555844418389,2.5003837390317964,1.942999719837906,0.3588013936138483,-0.002939123338442049,29.484922409057617,0.0,2.0,4.555665349340735,4.5281014662766115
17.280879020690918,25.031778083168298,0.7106774446554647,2.5003544137503106,1.939760312227411,0.3655498747420189,-0.002924514652973985,29.484922409057617,0.0,2.0,4.53716997222957,4.5094962931066105
17.290913581848145,25.05116001485216,0.7143661986770814,2.5003252764824864,1.9366487334115527,0.37218355378930207,-0.002901816238789828,29.551589965820312,0.0,2.0,4.58415904956087,4.556773947584358
17.300923347473145,25.07051155044826,0.7181208075968574,2.500296393139201,1.9336851949973655,0.37872486880402345,-0.002873876084270512,29.551589965820312,0.0,2.0,4.565748322017429,4.538255310030152
17.310877561569214,25.089834303384237,0.7219404693587209,2.5002678206306075,1.9308970842810853,0.3851981158622208,-0.0028396665472000693,29.626699447631836,0.0,2.0,4.621104983739839,4.59394638392599
17.320935487747192,25.109130174327287,0.7258246186557298,2.5002396116992993,1.928313582613052,0.3916258377932351,-0.0028016388171896484,29.626699447631836,0.0,2.0,4.602770164288588,4.575505820797535
17.330894231796265,25.128401348116707,0.7297728955828005,2.5002117962935824,1.9259617766209693,0.39802621499387775,-0.0027609616340671063,29.626699447631836,0.0,2.0,4.584481007963713,4.557110298339149
17.34093928337097,25.147650253755234,0.733785095234109,2.5001844096556685,1.9238629768817297,0.4044121038380124,-0.002715429781149692,29.626699447631836,0.0,2.0,4.56623550540453,4.538757786790827
17.350907564163208,25.166879502576624,0.7378611164753329,2.5001575046249425,1.9220323755028348,0.4107915076391336,-0.0026647473731826452,29.684917449951172,0.0,2.0,4.605134466066685,4.577893174935677
17.3609037399292,25.186091822058266,0.7420009179082998,2.5001311358017513,1.920477842577106,0.4171685640054987,-0.002607931581872637,29.684917449951172,0.0,2.0,4.586951988560716,4.559604960121299
17.37087059020996,25.205289985879933,0.7462044841719251,2.5001053660074,1.9192010115906895,0.42354449501402713,-0.002544880055954884,29.684917449951172,0.0,2.0,4.5688060503997105,4.541352590259824
17.380932331085205,25.224476753483604,0.7504718041980498,2.5000802734598007,1.9181974405205924,0.4299194000978878,-0.0024718976596676554,29.751590728759766,0.0,2.0,4.616064249329794,4.588896258800912
17.39089560508728,25.24365481761672,0.7548028744405784,2.5000559570039855,1.9174586132531797,0.43629506598376755,-0.002390418358719931,29.751590728759766,0.0,2.0,4.597963627343307,4.570690709098227
17.400975227355957,25.26282676940488,0.7591977220971362,2.5000324795896103,1.9169728761300362,0.4426757628802441,-0.0023041563632542456,29.751590728759766,0.0,2.0,4.579892525451372,4.552513927934852
17.410915851593018,25.281995076036775,0.7636564251123206,2.500009893473875,1.9167273544696097,0.44906706710753985,-0.002212135905705419,29.751590728759766,0.0,2.0,4.561849003203344,4.5343639503744715
17.420931577682495,25.30116207109775,0.7681791160095216,2.499988252378922,1.9167082706359082,0.4554740842497547,-0.002115454093273717,29.819324493408203,0.0,2.0,4.610192954873837,4.583000199503752
17.43092441558838,25.32032995286635,0.7727659709952375,2.499967593436025,1.9169026215846274,0.4619002685818539,-0.0020163374047769233,29.819324493408203,0.0,2.0,4.592176686086876,4.564878872626702
17.440887451171875,25.339500789238578,0.7774171873000759,2.499947907700523,1.917296307659281,0.46834608930508437,-0.0019218306974562607,29.819324493408203,0.0,2.0,4.574182529585342,4.5467788492018855
17.450892210006714,25.358676467321754,0.782132945320206,2.499929137631275,1.9178661193621254,0.47480747518045946,-0.00183357795425525,29.884918212890625,0.0,2.0,4.620446453118827,4.593320833937643
17.460938453674316,25.377858582665603,0.7869133568298905,2.499911195537213,1.9185767189207894,0.48127470389103416,-0.0017566870502786689,29.884918212890625,0.0,2.0,4.602470026516722,4.575239790607854
17.470900058746338,25.397048308571044,0.7917584093558856,2.4998939733082537,1.9193790854578128,0.48773277085576516,-0.001689437502490052,29.884918212890625,0.0,2.0,4.584512148684211,4.557176500519067
17.481247663497925,25.416246273834872,0.7966679165581557,2.4998773555799834,1.920213932220736,0.4941620504039857,-0.0016363275613375302,29.957942962646484,0.0,2.0,4.638056268854132,4.611039859124563
17.490898847579956,25.435452468740817,0.8016414781501778,2.499861214060479,1.921013153579367,0.5005395720533709,-0.0015938023476263815,29.957942962646484,0.0,2.0,4.620109366701176,4.592989149449184
17.50095009803772,25.45466617957705,0.8066784507255313,2.499845434257998,1.9217052300522395,0.5068399193904813,-0.0015637000711437386,29.957942962646484,0.0,2.0,4.602181804964435,4.574957038901801
17.510905504226685,25.473885985138438,0.8117779329267499,2.499829924374804,1.9222212001105423,0.5130372362875825,-0.0015387591440712916,30.01826286315918,0.0,2.0,4.643293505172476,4.616312881713757
17.52094602584839,25.493109816896443,0.8169387695670599,2.4998146412446856,1.9225015658201998,0.5191068856930254,-0.0015183976035702004,30.01826286315918,0.0,2.0,4.625387953558623,4.598303931377598
17.53093910217285,25.512335073841395,0.8221595712543204,2.4997995559598185,1.922499716087886,0.5250268555508741,-0.0014985894560115669,30.01826286315918,0.0,2.0,4.6075081333936865,4.580320032830822
17.540961027145386,25.5315587659425,0.8274387457341772,2.4997846600937765,1.9221847170816102,0.5307786479857705,-0.0014807459818109918,30.01826286315918,0.0,2.0,4.589657202927921,4.562364357865677
17.550907611846924,25.550777667262178,0.8327745321317134,2.4997699469516816,1.9215399348034488,0.5363469402005602,-0.0014615112084205978,30.084930419921875,0.0,2.0,4.637005995865736,4.609995076550375
17.56090545654297,25.569988454073002,0.8381650320114797,2.4997554275568,1.9205622665874036,0.5417195457173333,-0.0014422333998543816,30.084930419921875,0.0,2.0,4.619196582008885,4.592082487920932
17.570900440216064,25.589187824787352,0.8436082377371119,2.499741112280124,1.919258552285349,0.5468866467760438,-0.0014204429293674917,30.084930419921875,0.0,2.0,4.601425596463317,4.574207728173788
17.581196546554565,25.608372586446066,0.8491020525631144,2.4997270084262073,1.9176432768973963,0.551839951194288,-0.0014006888534972416,30.084930419921875,0.0,2.0,4.5836962612144285,4.5563740333866924
17.59090805053711,25.627539709730716,0.8546442912834075,2.4997130993161756,1.9157338913995936,0.5565695584119292,-0.0013811677874577977,30.151592254638672,0.0,2.0,4.63111017741315,4.604070839345489
17.600926160812378,25.646686348995715,0.8602326580614043,2.4996993785092707,1.9135500895003112,0.5610633893498825,-0.0013629587069628503,30.151592254638672,0.0,2.0,4.6134452325322695,4.586303243865606
17.610915899276733,25.66580987723502,0.8658647275925139,2.499685848477894,1.9111161740741942,0.5653078284598256,-0.0013426322848233635,30.151592254638672,0.0,2.0,4.595829763065979,4.5685846018120335
17.620935201644897,25.68490793669675,0.8715379401392884,2.4996725218343765,1.9084616960019456,0.5692899509613061,-0.0013227255913343349,30.22515869140625,0.0,2.0,4.650067518415055,4.6231434432366925
17.630929708480835,25.70397849055198,0.8772496134220368,2.499659400909731,1.9056211497181883,0.5729982343546506,-0.001301044502033976,30.22515869140625,0.0,2.0,4.632525964283768,4.605500764612441
17.640902280807495,25.723019867636975,0.8829969630789101,2.4996465005633017,1.9026332040516645,0.5764241153032503,-0.001278836979633197,30.22515869140625,0.0,2.0,4.615038921918463,4.587912120485437
17.650928258895874,25.742030809643534,0.888777138361517,2.499633834005873,1.8995418718859258,0.5795629628266592,-0.001254195668248183,30.28491973876953,0.0,2.0,4.655899332259348,4.629013353194138
17.660939693450928,25.761010520604266,0.8945872653054376,2.4996214130858756,1.8963953393555149,0.5824148265356354,-0.001229882907468816,30.28491973876953,0.0,2.0,4.638497876022069,4.611511790014997
17.67090678215027,25.779958703420345,0.9004244919511317,2.4996092455630516,1.8932448543659304,0.5849839711531455,-0.0012031783875572103,30.28491973876953,0.0,2.0,4.6211521933357655,4.594065541077953
17.68103551864624,25.798875574309623,0.9062860296849232,2.499597345970577,1.8901413563548064,0.5872786167954904,-0.001176734762966392,30.357952117919922,0.0,2.0,4.675054096606855,4.6482828332729165
17.69088625907898,25.817761853578116,0.9121691809089053,2.499585717766823,1.8871346148668307,0.5893082709550432,-0.0011487294127594386,30.357952117919922,0.0,2.0,4.657785540406593,4.630915703294991
17.700966835021973,25.836618745378292,0.9180713428700399,2.4995743667263066,1.8842715054525976,0.5910821219601914,-0.0011214039729274296,30.357952117919922,0.0,2.0,4.640569469811637,4.613600595658219
17.710897207260132,25.855447912784243,0.9239899923816588,2.4995632984538707,1.8815969178278389,0.5926066329169104,-0.0010918119464600078,30.357952117919922,0.0,2.0,4.62340406112726,4.596335673477943
17.720919370651245,25.874251446651314,0.9299226583834171,2.4995525288312326,1.8791511315793286,0.5938858504716356,-0.0010619198252366877,30.418254852294922,0.0,2.0,4.66500544802868,4.638181012107612
17.73092770576477,25.893031819774627,0.9358668940456968,2.4995420722279316,1.876970414119926,0.5949204078934485,-0.001028634537879074,30.418254852294922,0.0,2.0,4.647906261893486,4.620983698026094
17.740914344787598,25.911791840502683,0.941820246099752,2.499531971235072,1.875085188820622,0.5957088178083835,-0.0009905967302344981,30.418254852294922,0.0,2.0,4.630849429953534,4.603828217105301
17.75090003013611,25.930534588577395,0.947780244678889,2.499522283209944,1.873519126883508,0.59624961137941,-0.0009457884301458736,30.4881591796875,0.0,2.0,4.6818534595946515,4.655129354346143
17.7608904838562,25.949263337106217,0.9537444157447503,2.499513080368702,1.8722870779873388,0.5965437198255257,-0.0008934510472763053,30.4881591796875,0.0,2.0,4.664838389250519,4.638017235884959
17.770876169204712,25.96798146836807,0.9597103100406049,2.4995044413597,1.8713961782262567,0.5965952780929734,-0.0008330147171007335,30.4881591796875,0.0,2.0,4.6478548931787085,4.620936097925095
17.780974864959717,25.98669239356581,0.9656755432245704,2.4994964451989987,1.8708449298961303,0.5964137743181007,-0.0007650306287767588,30.55158805847168,0.0,2.0,4.692579076054542,4.665919168423137
17.790902376174927,26.00539947011294,0.9716378712748137,2.4994891625669604,1.8706243757594145,0.5960183271786611,-0.0006906057642965173,30.55158805847168,0.0,2.0,4.6756176337827835,4.6488612405425345
17.800975799560547,26.02410593223553,0.9775952932173205,2.499482648006609,1.8707190774712155,0.5954382206904606,-0.0006115147800448484,30.55158805847168,0.0,2.0,4.658676837511718,4.63182328686107
17.810888528823853,26.04281483871187,0.9835461457750492,2.499476948227116,1.8711097762244775,0.5947112998977876,-0.0005277415042647373,30.618249893188477,0.0,2.0,4.706532288257734,4.679953948342046
17.821050882339478,26.061529041118575,0.989489172718849,2.4994721041716663,1.871774528497614,0.5938805080138138,-0.0004404691939633304,30.618249893188477,0.0,2.0,4.689591253986017,4.662916871081499
17.830939292907715,26.080251170390703,0.9954235594022154,2.499468151389197,1.8726916415055044,0.5929906802853635,-0.0003494728365648439,30.618249893188477,0.0,2.0,4.672661865037886,4.645890708005
17.840925693511963,26.09898364758465,1.0013489333957801,2.4994651260494685,1.8738410092142843,0.5920848488081863,-0.0002551325740476338,30.618249893188477,0.0,2.0,4.655741884727566,4.6288731982056905
17.850977897644043,26.11772871011565,1.0072653331393113,2.4994630558099495,1.8752063574519515,0.591201802119636,-0.0001585725512611809,30.68491554260254,0.0,2.0,4.703535091641699,4.6769412027719435
17.860886096954346,26.13648845380716,1.0131731529453945,2.4994619650998438,1.8767756290351487,0.5903735687994552,-5.9086255261501555e-05,30.68491554260254,0.0,2.0,4.686594827219259,4.659904378840505
17.87089967727661,26.155264878816723,1.0190730694600234,2.499461881236728,1.8785418560764406,0.5896245187052678,4.263525763195514e-05,30.68491554260254,0.0,2.0,4.669658148905816,4.6428703467611445
17.881102561950684,26.174059937768288,1.024965959638575,2.499462827523617,1.880502295471093,0.5889699909632864,0.00014706000961964332,30.68491554260254,0.0,2.0,4.652723570357505,4.6258376004873325
17.89120626449585,26.192875575973076,1.0308528007023547,2.499464828402907,1.8826581678490204,0.588414533089713,0.0002533692727152829,30.751815795898438,0.0,2.0,4.700644481385561,4.674033956398797
17.900967836380005,26.211713764706015,1.036734561011181,2.4994679003717666,1.8850132022603547,0.5879519610693354,0.0003611574211719788,30.751815795898438,0.0,2.0,4.683675179507476,4.656967361237633
17.91091251373291,26.230576522345707,1.0426120980973492,2.4994720506283468,1.8875728936294323,0.5875666181391138,0.00046858600929173703,30.751815795898438,0.0,2.0,4.666702999460482,4.639897041510142
17.920921564102173,26.24946592040087,1.0484860776648046,2.4994772606252686,1.8903418310732272,0.5872365393125797,0.0005729024870706971,30.831958770751953,0.0,2.0,4.727371501422059,4.70091095199385
17.9310040473938,26.26838406118717,1.0543569354389153,2.4994834994079955,1.893321242784392,0.5869385017742695,0.0006742924265922685,30.831958770751953,0.0,2.0,4.7103467434222175,4.683789350204323
17.94095468521118,26.287333033344428,1.0602248833968717,2.499490730192787,1.8965068718529914,0.5866512709584234,0.0007710173587508914,30.831958770751953,0.0,2.0,4.693313422948581,4.666658322234531
17.95090365409851,26.306314851286107,1.0660899359672444,2.499498902530806,1.8998880784984309,0.5863567151059683,0.0008624455207045319,30.88495445251465,0.0,2.0,4.727577339731036,4.701115649450554
17.960939407348633,26.32533139069062,1.071951945862038,2.499507954656058,1.9034478584681076,0.586040743392117,0.0009468814239990149,30.88495445251465,0.0,2.0,4.710493778460981,4.683934611003331
17.97091794013977,26.344384330514377,1.0778106460724455,2.4995178207406865,1.9071641350832498,0.5856934909605754,0.0010254092944299586,30.88495445251465,0.0,2.0,4.693396517962891,4.666738992228799
17.980948448181152,26.363475110308077,1.083665691446633,2.499528444242655,1.9110114760523054,0.5853090064853843,0.0010984225062506683,30.955202102661133,0.0,2.0,4.74424037857797,4.717869021403853
17.990885972976685,26.382604909826018,1.089516688260907,2.4995397722478465,1.9149637892905313,0.5848831838633152,0.0011661239767599032,30.955202102661133,0.0,2.0,4.727074326259322,4.70060546120631
18.000911474227905,26.401774651018666,1.0953632075042607,2.4995517358294053,1.9189955581169265,0.5844131074472063,0.0012251517962853463,30.955202102661133,0.0,2.0,4.709891086903752,4.683323831823423
18.010910034179688,26.420984999464263,1.1012047968901417,2.499564249920247,1.9230808576326468,0.58389702351729,0.0012761929933990724,31.01824951171875,0.0,2.0,4.7536362334666205,4.727313507725962
18.02094054222107,26.44023635829974,1.107040992771847,2.4995772244946552,1.9271931743168997,0.5833343983896382,0.0013172183466716857,31.01824951171875,0.0,2.0,4.736382754358915,4.7099622283575435
18.03089213371277,26.459528863273313,1.112871330676784,2.4995905684574056,1.9313056135935573,0.5827255665892579,0.0013499938550376297,31.01824951171875,0.0,2.0,4.719110857491769,4.69259166657457
18.041019439697266,26.478862382976025,1.1186953604197027,2.4996041817581744,1.9353918247667135,0.582074064861206,0.0013707044942211487,31.01824951171875,0.0,2.0,4.701820833724946,4.675202114777465
18.05093288421631,26.49823652928619,1.1245127151858167,2.499617949711803,1.9394270048438733,0.5813938549881901,0.0013814649774140002,31.08492660522461,0.0,2.0,4.748881215086433,4.72252630477868
18.06093120574951,26.517650679803516,1.1303232237763239,2.499631784561963,1.9433893002252476,0.5807100023412651,0.0013845089793159398,31.08492660522461,0.0,2.0,4.731518983295299,4.705065352270807
18.070904970169067,26.53710400997564,1.1361270266162853,2.4996456259198867,1.9472601459230097,0.5800598222388814,0.0013830941555261229,31.08492660522461,0.0,2.0,4.714140508084789,4.687587330222771
18.08095359802246,26.556595528197512,1.1419246841075283,2.4996594254912954,1.9510247215440975,0.5794889320341858,0.0013759214186947217,31.156484603881836,0.0,2.0,4.765777065102433,4.7395117356932515
18.090888738632202,26.576124110296476,1.1477172317627122,2.499673131833116,1.9546711770559233,0.5790458603113887,0.0013648484574890272,31.156484603881836,0.0,2.0,4.748329214993259,4.721965384803513
18.100914001464844,26.595688528529838,1.1535061802306545,2.499686712251329,1.958190774446283,0.5787763452319924,0.0013510029712859443,31.156484603881836,0.0,2.0,4.730869281556726,4.704406163244889
18.110894441604614,26.615287484395175,1.1592934743296086,2.499700152164339,1.9615780841532853,0.5787212196639218,0.0013370801485948728,31.156484603881836,0.0,2.0,4.713399291353346,4.6868361010021635
18.120937824249268,26.63491964265053,1.1650814291523708,2.4997134540347963,1.9648312188395092,0.5789132033894154,0.0013234108461354754,31.218252182006836,0.0,2.0,4.755424843168215,4.72909630932571
18.130900621414185,26.654583665100326,1.1708726433419783,2.499726624914133,1.967951358512326,0.5793763063502849,0.0013111098233998377,31.218252182006836,0.0,2.0,4.737904576791133,4.711476740803279
18.140908241271973,26.67427824016377,1.176669908590273,2.499739685805495,1.9709426941273127,0.5801252373027588,0.0013015828041093433,31.218252182006836,0.0,2.0,4.720380388432656,4.69385249639682
18.150912523269653,26.694002113163414,1.1824761283678065,2.499752666380208,1.9738123830062055,0.5811679857065264,0.0012949791416288219,31.2849178314209,0.0,2.0,4.767023143834891,4.740754889920312
18.160945892333984,26.713754115384724,1.1882942522415345,2.499765593881938,1.9765704081866609,0.582505834488638,0.0012909531816466735,31.2849178314209,0.0,2.0,4.749457505604623,4.723090190618418
18.170889854431152,26.733533189295727,1.1941272202047468,2.499778494060869,1.9792288698772125,0.5841360828785765,0.0012895264130423536,31.2849178314209,0.0,2.0,4.731893967718691,4.705426864653917
18.180944204330444,26.75333840526627,1.1999779269762627,2.4997913946638324,1.9818010554609515,0.5860521118916854,0.0012911049586091712,31.351587295532227,0.0,2.0,4.778454909303045,4.752245772480875
18.19089651107788,26.773168966150035,1.205849178232885,2.499804325140785,1.9842999286456837,0.5882427006655896,0.0012953888839394875,31.351587295532227,0.0,2.0,4.760860321716778,4.734552422295876
18.200965881347656,26.793024199946313,1.211743643555087,2.4998173111328623,1.9867376413119744,0.5906919799815278,0.0013022555655265143,31.351587295532227,0.0,2.0,4.743272867824713,4.71686550095866
18.21089005470276,26.812903555283643,1.2176638174829275,2.499830378281224,1.9891262350240577,0.5933810668893043,0.0013115670392602411,31.351587295532227,0.0,2.0,4.7256942001632645,4.699186660093847
18.220932722091675,26.832806600596395,1.223611994050497,2.499843552660743,1.9914776243334296,0.596288900247354,0.0013237853777060466,31.421154022216797,0.0,2.0,4.77493475878062,4.748700703716209
18.2309091091156,26.852733023822278,1.2295902528564289,2.4998568615480092,1.9938038200384829,0.5993939579746972,0.0013383702860278988,31.421154022216797,0.0,2.0,4.757333233075872,4.731000169994872
18.24088215827942,26.872682632972122,1.2356004609226385,2.4998703286048376,1.9961168256892698,0.6026753998974278,0.0013553469688017646,31.421154022216797,0.0,2.0,4.739743750798046,4.7133109888707345
18.250895977020264,26.89265535707595,1.2416442851050133,2.4998839720694788,1.9984288356430526,0.6061141854912743,0.0013735329347843756,31.484926223754883,0.0,2.0,4.783358258505627,4.757166409080308
18.260931253433228,26.912651246255567,1.2477232127082207,2.4998978051343053,2.000751817657259,0.60969348227947,0.0013932971455365942,31.484926223754883,0.0,2.0,4.765753822951347,4.739463227560405
18.27089214324951,26.932670469029816,1.2538385750840328,2.4999118398409204,2.003097432454395,0.6133989474224348,0.0014135671574615055,31.484926223754883,0.0,2.0,4.748163379287762,4.721773356356302
18.280959844589233,26.952713304986435,1.2599915709240723,2.499926070065055,2.0054759893486622,0.6172182234196822,0.0014320460129625945,31.559206008911133,0.0,2.0,4.80179964863611,4.775704533376325
18.290892839431763,26.97278012488466,1.266183280846602,2.4999404704470964,2.007895239674843,0.6211398778119868,0.0014471265549667646,31.559206008911133,0.0,2.0,4.784188851242636,4.757995637909252
18.300929307937622,26.992871359684905,1.2724146692282325,2.499954984010049,2.0103593388519587,0.6251515940063695,0.0014541678223634555,31.559206008911133,0.0,2.0,4.766592724916584,4.740300751976736
18.311023473739624,27.01298746241622,1.278686558788803,2.49996952794378,2.0128685244660436,0.6292369862085143,0.0014532024477591629,31.559206008911133,0.0,2.0,4.749011677917185,4.722620288369739
18.320953607559204,27.033128868169378,1.284999584618122,2.4999840087818983,2.015419022911331,0.6333748838716484,0.001441128043083294,31.618255615234375,0.0,2.0,4.787963578407547,4.761786557492847
18.330930471420288,27.053295958070617,1.2913541435138365,2.4999983188554524,2.0180039747903864,0.6375387419638258,0.0014187878519230227,31.618255615234375,0.0,2.0,4.770372156798806,4.744096562624227
18.34090805053711,27.073489029012016,1.297750340493502,2.500012325260482,2.0206131782178853,0.6416966893656616,0.0013799113726067262,31.618255615234375,0.0,2.0,4.752796186973162,4.726421402022278
18.350895404815674,27.093708254088916,1.304187932209116,2.5000258772775186,2.023231991137382,0.6458110236589327,0.0013287121077327792,31.684921264648438,0.0,2.0,4.798975822902014,4.772854813510559
18.36090087890625,27.113953638979428,1.3106662792041126,2.5000388548827592,2.0258417515200366,0.6498407937866787,0.0012649587400160645,31.684921264648438,0.0,2.0,4.781383689555712,4.7551646796254
18.37087321281433,27.13422498727491,1.3171843271267476,2.500051151199637,2.0284209249527545,0.6537443852681385,0.0011931296098993982,31.684921264648438,0.0,2.0,4.763807543797894,4.737489964161364
18.380972623825073,27.15452187968744,1.323740615627016,2.5000626800228773,2.030946799051232,0.6574827435985874,0.001111232761316815,31.751590728759766,0.0,2.0,4.809926600741783,4.783861538607879
18.39090919494629,27.17484367212303,1.3303333156585844,2.500073361924427,2.0333974072131924,0.661021434462038,0.0010244241344443664,31.751590728759766,0.0,2.0,4.792334892147105,4.766172505395099
18.40087628364563,27.195189507772447,1.3369602825080316,2.500083129363073,2.0357519115069844,0.6643316461717645,0.0009274780296509342,31.751590728759766,0.0,2.0,4.774760519637843,4.748500277310582
18.410925149917603,27.215558314789288,1.3436191002722306,2.5000918949005615,2.03798769183991,0.6673874808566365,0.0008246372869789298,31.751590728759766,0.0,2.0,4.757204457509939,4.730845838452908
18.42096972465515,27.23594878271045,1.350307105431179,2.5000995714104,2.040079695095418,0.6701652972248512,0.0007087628146882668,31.818260192871094,0.0,2.0,4.803228780725649,4.777123312064107
18.43089246749878,27.25635933651936,1.3570214020964606,2.5001060542150855,2.0420000258045463,0.6726419465604986,0.0005875111334653958,31.818260192871094,0.0,2.0,4.785661142871809,4.759458636119294
18.440892457962036,27.276788112592993,1.3637588664274025,2.5001113172662732,2.0437190805210093,0.674795212401858,0.00046548589574224873,31.818260192871094,0.0,2.0,4.768114746035655,4.741814726632079
18.45091438293457,27.297232944418514,1.370516158405033,2.5001153824011113,2.045206128302976,0.6766042801421317,0.00034844014943007513,31.893238067626953,0.0,2.0,4.822000936200834,4.795996000103368
18.460869550704956,27.31769136541158,1.3772897482351858,2.500118299125062,2.046432296185168,0.6780522738089431,0.0002360429940831326,31.893238067626953,0.0,2.0,4.804443046583804,4.778342251738329
18.470863342285156,27.33816063270123,1.384075955111049,2.500120135219407,2.047371392910257,0.6791258653645661,0.0001329399765096732,31.893238067626953,0.0,2.0,4.7869109911651755,4.760713884249513
18.480998277664185,27.358637766218393,1.390870991987005,2.500120992794681,2.048002516695331,0.6798176009352134,4.0530651969642356e-05,31.95159912109375,0.0,2.0,4.824928717728722,4.798939062306311
18.490878105163574,27.379119604573546,1.3976710322223982,2.500120988097515,2.048310390846595,0.6801271810241458,-3.9340874719317865e-05,31.95159912109375,0.0,2.0,4.807408267044322,4.781323377822344
18.500888109207153,27.399602870538622,1.404472287212031,2.500120248830698,2.0482874660684622,0.6800623713039943,-0.00010623942842558094,31.95159912109375,0.0,2.0,4.789919888046669,4.763739315980098
18.510884523391724,27.420084252517928,1.4112710747608213,2.500118909206516,2.0479344534831774,0.6796362877832408,-0.0001596532373389237,32.01825714111328,0.0,2.0,4.835803850779705,4.80987317502966
18.520930528640747,27.440560490817024,1.4180638678043502,2.5001170872696705,2.0472610180492787,0.6788666468228391,-0.00020294008306850583,32.01825714111328,0.0,2.0,4.818332580497626,4.7923075605918495
18.530900239944458,27.46102846012982,1.4248473256007486,2.500114890732587,2.046283967840399,0.6777724071865723,-0.00023416782318699204,32.01825714111328,0.0,2.0,4.800899713176929,4.77477990613702
18.54087996482849,27.48148523430345,1.4316182979687015,2.500112451530808,2.0450263716896404,0.6763727029648328,-0.0002514696598212887,32.01825714111328,0.0,2.0,4.783507369041453,4.7572923271013865
18.550939559936523,27.50192814953987,1.438373821355556,2.5001098991168407,2.0435175391832714,0.6746854927684388,-0.0002576158046655911,32.08492660522461,0.0,2.0,4.829379256795259,4.803414836839483
18.560914516448975,27.522354861839617,1.4451111055875558,2.5001073184934657,2.0417918357809683,0.6727274798319784,-0.0002572822374605338,32.08492660522461,0.0,2.0,4.812017700615656,4.785959362659452
18.57087779045105,27.542763388057455,1.4518275151441915,2.5001047820986817,2.0398866914733795,0.6705126704023852,-0.000248432119215069,32.08492660522461,0.0,2.0,4.794700680771845,4.768547978694985
18.58091163635254,27.563152123247132,1.4585205426175165,2.5001023828844566,2.0378396482450425,0.66805285066859,-0.00023001756001158683,32.15499496459961,0.0,2.0,4.843800702576851,4.81791478265414
18.59087109565735,27.583519819051467,1.465187787383331,2.5001002032084916,2.035683778848891,0.6653575654228089,-0.00020483650044026102,32.15499496459961,0.0,2.0,4.826516390929471,4.800537496849876
18.600915670394897,27.603865522366046,1.4718269349081279,2.500098320653957,2.0334445780422326,0.6624344168786955,-0.00017003687258498412,32.15499496459961,0.0,2.0,4.809277706330458,4.78320538198876
18.610933542251587,27.624188482916693,1.4784357295044375,2.5000968281032345,2.0311367094346178,0.6592873188977185,-0.00012739368340773186,32.15499496459961,0.0,2.0,4.7920847674278635,4.765918545331554
18.62091326713562,27.644488040300754,1.485011936931902,2.5000958012001804,2.028763559366848,0.6559167388217831,-7.645029389610549e-05,32.21826171875,0.0,2.0,4.834745280248323,4.80881129953187
18.630885124206543,27.664763511518426,1.491553307549972,2.500095327014729,2.0263173623795074,0.6523190696947282,-1.686000775109903e-05,32.21826171875,0.0,2.0,4.817589908722657,4.791563126217207
18.640902042388916,27.6850140904376,1.4980575387207593,2.500095499651049,2.0237818428587735,0.648487320583238,5.27968449280202e-05,32.21826171875,0.0,2.0,4.80047976328297,4.774359689939383
18.650904178619385,27.705238779011847,1.5045222357741896,2.500096401070713,2.0211354915593565,0.6444100800758272,0.00012805758907817358,32.28492736816406,0.0,2.0,4.846362671314835,4.820491129703484
18.660937786102295,27.725436355003684,1.5109448764953282,2.500098079834979,2.0183556042788418,0.6400735655115555,0.00020888261993690826,32.28492736816406,0.0,2.0,4.829286780504174,4.803323091246074
18.670885801315308,27.74560537546142,1.5173227892956846,2.5001005992107803,2.0154211960235844,0.635461772703532,0.0002956749328812084,32.28492736816406,0.0,2.0,4.812256561082432,4.786200225685291
18.6809241771698,27.76574420677887,1.5236531464268412,2.500103996402396,2.012315199127707,0.6305606235194098,0.0003833746130111997,32.361236572265625,0.0,2.0,4.8672551812167315,4.841494499827865
18.690903425216675,27.785851059882898,1.5299330169208147,2.500108249737892,2.0090234880101256,0.6253644033176063,0.00046638363410743064,32.361236572265625,0.0,2.0,4.850253177375597,4.8244012709543735
18.70093584060669,27.80592402211068,1.5361594673894634,2.5001133195592273,2.0055354771679865,0.6198784357531127,0.0005472143829934997,32.361236572265625,0.0,2.0,4.833298218737385,4.807354609226308
18.710871934890747,27.825961085702705,1.5423296725676874,2.500119179599084,2.0018424289073193,0.6141188272996984,0.0006242269539030041,32.41825485229492,0.0,2.0,4.870119305660523,4.844372287259153
18.72096037864685,27.845960164386014,1.5484410108075506,2.5001258077301665,1.9979375806035473,0.6081093391419233,0.0007016827828156192,32.41825485229492,0.0,2.0,4.853212760696617,4.827374884658402
18.73097062110901,27.865919118183026,1.5544911135668185,2.5001332147230024,1.9938171535515887,0.6018761114265038,0.0007796367044051621,32.41825485229492,0.0,2.0,4.836355703491987,4.810426515209467
18.7408926486969,27.885835789927903,1.5604778718484793,2.500141406465968,1.989481583646889,0.5954443299983939,0.0008592416702814443,32.48492431640625,0.0,2.0,4.882299446917947,4.856614712216066
18.75093960762024,27.905708046823314,1.5663994067032458,2.500150407728389,1.984935255550211,0.5888343355631406,0.0009411482639111108,32.48492431640625,0.0,2.0,4.865488585464385,4.839713704852111
18.760910749435425,27.925533818856703,1.5722540159895755,2.5001602235607825,1.9801860044543487,0.5820614933715705,0.0010213056762244607,32.48492431640625,0.0,2.0,4.848730209980014,4.82286475032635
18.770883560180664,27.945311114977233,1.578040136515142,2.500170814018764,1.9752411150250964,0.5751385759962049,0.0010960643760247564,32.551597595214844,0.0,2.0,4.894717218968704,4.8690949683152125
18.780906200408936,27.965038005670063,1.5837563259349416,2.5001821427236943,1.970105425283689,0.5680772801186578,0.0011694057550879747,32.551597595214844,0.0,2.0,4.87801139238971,4.852299760771601
18.79089641571045,27.984712590963603,1.58940126423227,2.500194190488647,1.9647798890876353,0.5608906344904755,0.0012396815182018509,32.551597595214844,0.0,2.0,4.861360843323254,4.835559432040722
18.800890684127808,28.004332964241073,1.594973764704783,2.500206945643896,1.9592625976013156,0.5535917287665835,0.0013117408253026362,32.618255615234375,0.0,2.0,4.907385304611409,4.881825840753192
18.810864448547363,28.023897196074675,1.6004727591983736,2.500220421741227,1.953551370384368,0.5461908914275768,0.0013815799908839226,32.618255615234375,0.0,2.0,4.8907936786340365,4.865145664483199
18.820960998535156,28.04340334334232,1.605897269486525,2.5002345117673745,1.947645529577346,0.5386960519005984,0.001434026245762331,32.618255615234375,0.0,2.0,4.874260345585094,4.848523419535084
18.830952882766724,28.062849453836847,1.6112463917145279,2.500249068919682,1.9415439576647358,0.5311148074366526,0.0014756771972914385,32.618255615234375,0.0,2.0,4.857786467215974,4.831960288548702
18.840929746627808,28.082233572850434,1.6165193155273438,2.5002639834720237,1.9352474679260216,0.5234586880465435,0.0015054592832298573,32.6849250793457,0.0,2.0,4.9038931324607775,4.878309522922534
18.85092520713806,28.1015537592568,1.6217153706224297,2.5002791459833102,1.9287579097435201,0.5157442855038086,0.001525155764319114,32.6849250793457,0.0,2.0,4.8874873529281215,4.861815854300382
18.86090588569641,28.120808103924006,1.6268340788084075,2.5002944294633322,1.922080375557148,0.5079932077020094,0.0015284860845027556,32.6849250793457,0.0,2.0,4.871144362617161,4.845384699412927
18.87093710899353,28.139994774168727,1.631875192955121,2.5003096570010035,1.9152252820504898,0.5002295998592112,0.0015141058198433815,32.6849250793457,0.0,2.0,4.8548653819840215,4.829017304203661
18.880922317504883,28.159112073212146,1.6368387110960019,2.500324654193695,1.9082095001337316,0.49247801678454733,0.0014829823192368209,32.75160217285156,0.0,2.0,4.901074478216232,4.875469852376125
18.890891313552856,28.178158506120816,1.6417248706694585,2.5003392783965483,1.9010565009321467,0.48476156331617004,0.0014399826636868102,32.75160217285156,0.0,2.0,4.884873275453582,4.859181775127806
18.900938749313354,28.197132842767097,1.6465341292075388,2.500353405772883,1.8937954147541587,0.4771010477892801,0.0013832970556721567,32.75160217285156,0.0,2.0,4.868738958703146,4.842960408399523
18.910876989364624,28.21603415970782,1.651267138325966,2.500366906287973,1.8864579803964616,0.46951449258852035,0.0013142402305424546,32.81827926635742,0.0,2.0,4.915049361369998,4.889513593783683
18.920964241027832,28.2348618587322,1.6559247186780983,2.500379623450911,1.8790774480970898,0.46201768118944164,0.0012266302610825699,32.81827926635742,0.0,2.0,4.898998017351705,4.8733768381329865
18.930903673171997,28.253615678549817,1.660507834816299,2.5003914034958847,1.8716878992121952,0.45462368545623066,0.0011276290040419666,32.81827926635742,0.0,2.0,4.883014591011938,4.857307890111858
18.94091796875,28.272295702681717,1.6650175740312467,2.500402120374585,1.864324067156972,0.44734404724100907,0.0010134760371675593,32.88492965698242,0.0,2.0,4.9294094778458035,4.903944893471036
18.950924158096313,28.290902358689767,1.6694551281426404,2.5004116421824976,1.8570198542532095,0.44018812405077623,0.0008888889334834846,32.88492965698242,0.0,2.0,4.913509850806413,4.88796146080755
18.96091341972351,28.309436410401524,1.6738217806347437,2.5004198096138928,1.8498087133093275,0.43316541063485653,0.0007403931124534892,32.88492965698242,0.0,2.0,4.897676774623727,4.872044519791939
18.970895290374756,28.327898950737033,1.6781189169259458,2.500426385854649,1.8427229036430965,0.42628701765040206,0.0005715231418483688,32.95161056518555,0.0,2.0,4.94421063068619,4.918820203354743
18.98090410232544,28.346291392620994,1.68234805198085,2.500431159206728,1.8357942937298777,0.419568038334179,0.0003800707834310483,32.95161056518555,0.0,2.0,4.928457263109766,4.902984769423052
18.990893125534058,28.364615464365134,1.68651087261112,2.5004339501119976,1.8290538962972653,0.4130275881227285,0.00017720167073213215,32.95161056518555,0.0,2.0,4.912766747649505,4.887212188803142
19.000911235809326,28.382873192139318,1.6906092682724532,2.500434695380332,1.8225298292593235,0.40668639867721346,-2.7706072777007364e-05,33.01826095581055,0.0,2.0,4.959376402523011,4.934063175270628
19.010865449905396,28.40106686078103,1.694645325993244,2.500433417834359,1.816245521912088,0.40056269210465595,-0.0002274132137805832,33.01826095581055,0.0,2.0,4.943757447303779,4.918363964987361
19.02099084854126,28.419198960405886,1.698621291938166,2.500430138231216,1.810218254906064,0.39466960314949645,-0.0004276440086786729,33.01826095581055,0.0,2.0,4.9281960040415695,4.902722257175209
19.030903339385986,28.43727211530086,1.7025395055532553,2.500424906193488,1.8044575676407943,0.3890125303323314,-0.0006162432034087552,33.01826095581055,0.0,2.0,4.912690160348255,4.88713612710387
19.04088830947876,28.455289009433226,1.706402324588669,2.5004178544926794,1.7989659852499111,0.38358981010945525,-0.0007915996325997669,33.08492660522461,0.0,2.0,4.959412383621842,4.934101048998351
19.050952434539795,28.47325232171751,1.7102120548450825,2.500409133249692,1.7937402359883896,0.37839281308650297,-0.0009494674169769929,33.08492660522461,0.0,2.0,4.943963417172285,4.918573468974329
19.060924768447876,28.491164673029637,1.7139708852406825,2.500398920030629,1.7887720482170106,0.37340697666279643,-0.0010906967938244072,33.08492660522461,0.0,2.0,4.928564087470532,4.90309543912174
19.0709125995636,28.509028583051713,1.7176808349335992,2.500387368012697,1.7840499189325238,0.3686132244042907,-0.0012175609381573727,33.08492660522461,0.0,2.0,4.913212561867305,4.887665103096162
19.0809268951416,28.52684644934712,1.7213437180500577,2.5003746082089027,1.7795612352434267,0.36398995306973464,-0.0013322083852859781,33.1515998840332,0.0,2.0,4.960014443109148,4.934710581919788
19.09092354774475,28.544620547433453,1.7249611284626456,2.5003607698580166,1.7752944757050746,0.35951504770314,-0.0014331096024068654,33.1515998840332,0.0,2.0,4.9447052897596535,4.919324090011167
19.100908279418945,28.562353044530607,1.7285344411748231,2.500345994681284,1.7712395679567232,0.3551667491543084,-0.0015195653794212887,33.218257904052734,0.0,2.0,4.991555618205904,4.966415344617214
19.110870361328125,28.58004602194363,1.7320648102038336,2.5003304226129806,1.767389678039362,0.35092245449132276,-0.0015927077378864063,33.218257904052734,0.0,2.0,4.976282598675099,4.9510663467665745
19.12095546722412,28.597701507874444,1.7355531582245671,2.5003141873101593,1.7637408403944677,0.34675849717369944,-0.001651941046944342,33.218257904052734,0.0,2.0,4.961048322815572,4.935755886922224
19.130941152572632,28.615321504310565,1.7390001655253586,2.5002974298093283,1.7602916796107413,0.3426501743455306,-0.0016974544141446762,33.218257904052734,0.0,2.0,4.9458510485094935,4.920482199517506
19.14089298248291,28.632908005224888,1.7424062653215187,2.5002802794697403,1.7570416836694271,0.3385729252216668,-0.001730453326570555,33.28492736816406,0.0,2.0,4.992749152983656,4.967621538180287
19.151561975479126,28.646954427269076,1.7451018269833274,2.5002663615140253,1.7545850605081492,0.3353172264430224,-0.001747725886946906,33.28492736816406,0.0,2.0,4.980606370661821,4.9554185884761175
19.16064691543579,28.664485652421657,1.748434611445627,2.5002488221034533,1.7516929721136276,0.33123582759687864,-0.0017582950782469781,33.28492736816406,0.0,2.0,4.965456084096358,4.940192834199253
19.170702695846558,28.681988943307115,1.7517264278819455,2.500231226882496,1.7489977730486137,0.32711975814889316,-0.0017592413269788432,33.35158920288086,0.0,2.0,5.012379010280407,4.987355217181871
19.1807382106781,28.699466251253714,1.7549768144482214,2.500213679411003,1.7464955412379495,0.32294601671771866,-0.0017479368664943431,33.35158920288086,0.0,2.0,4.997239768249747,4.972141548297563
19.19062566757202,28.71691947790952,1.7581850790431564,2.5001963116711146,1.7441803506710034,0.31869158580018253,-0.0017235205457241075,33.35158920288086,0.0,2.0,4.98212550844971,4.956952514573435
19.200626611709595,28.73435045412247,1.7613503043416672,2.5001792525267956,1.7420438510146394,0.31433462445661187,-0.0016864768546904251,33.41825485229492,0.0,2.0,5.02906498173189,5.0041298250368875
19.210582733154297,28.751760915172223,1.7644713605912754,2.5001626105186423,1.7400753357081926,0.30985447120037,-0.0016405485000409218,33.41825485229492,0.0,2.0,5.013949290181399,4.988940252954502
19.220678329467773,28.769152477915284,1.7675469197407796,2.5001464844537313,1.7382619619672381,0.3052320784935893,-0.0015824720489002275,33.41825485229492,0.0,2.0,4.998852018899832,4.973768691942509
19.23066282272339,28.786526627841738,1.7705754644014735,2.5001309980896504,1.7365906238473747,0.30044841223122787,-0.0015133555000034153,33.41825485229492,0.0,2.0,4.9837711459884355,4.958613094438478
19.24062466621399,28.803884721871302,1.7735552886232757,2.5001162449064975,1.7350488117018754,0.2954848453462233,-0.0014357132519354822,33.48493194580078,0.0,2.0,5.030687600406216,5.005766821822753
19.250634908676147,28.821228000297413,1.7764844964552198,2.5001023139284,1.7336259308566557,0.29032190658535717,-0.0013494288526261222,33.48493194580078,0.0,2.0,5.0155890961925875,4.990594319061553
19.260619163513184,28.83855760794869,1.7793610051326034,2.500089256051989,1.7323133127781656,0.2849427616478618,-0.0012626897648809453,33.48493194580078,0.0,2.0,5.0005009087146055,4.9754316470068165
19.27065396308899,28.855874608067037,1.7821826013201876,2.500077044182292,1.7311031543309503,0.27933890991071597,-0.0011809146376276817,33.48493194580078,0.0,2.0,4.985421116675412,4.960276873368564
19.28064489364624,28.8731799872274,1.7849470436208685,2.5000656045089116,1.7299878475686798,0.2735135409928855,-0.0011082695858421329,33.551517486572266,0.0,2.0,5.032190707348056,5.007282467197878
19.29061770439148,28.89047465545123,1.7876521842201174,2.5000548614445446,1.7289596594806325,0.2674822030980348,-0.00104120932403686,33.551517486572266,0.0,2.0,5.017078379868715,4.992095812911824
19.300644636154175,28.907759441859852,1.790296092712605,2.5000447506854244,1.7280096866754573,0.26127274726460653,-0.0009825543526594716,33.551517486572266,0.0,2.0,5.00196897532375,4.976911580228573
19.31061816215515,28.925035063806508,1.792877174017915,2.5000351801540814,1.7271239260919875,0.2549239917981673,-0.0009330295951819749,33.618255615234375,0.0,2.0,5.048837775850109,5.024015098052489
19.320672035217285,28.942302068881126,1.7953942624093133,2.5000260598180515,1.726282451186446,0.24848233534888856,-0.0008922632017026112,33.618255615234375,0.0,2.0,5.033687334910956,5.008790485251485
19.330872297286987,28.95956077231871,1.7978466789306853,2.500017317003389,1.7254586903925169,0.2419981010461189,-0.0008568310528005107,33.618255615234375,0.0,2.0,5.018536403938341,4.993564890972292
19.340611934661865,28.9768111990437,1.8002342466222525,2.5000089222458612,1.7246217879575547,0.235520255951833,-0.0008218859643189122,33.6849250793457,0.0,2.0,5.065292545838735,5.0405535065708795
19.350621700286865,28.99405305768086,1.8025572440827227,2.500000886503255,1.7237398636713313,0.22909003947644166,-0.0007851937579698747,33.6849250793457,0.0,2.0,5.050098397886636,5.025285359244102
19.360636711120605,29.011285745824626,1.804816307661571,2.499993206522964,1.722782755860851,0.2227374447051389,-0.0007508766996633882,33.6849250793457,0.0,2.0,5.034904143159589,5.010016619157713
19.3706111907959,29.02850836322965,1.8070123121011907,2.4999858783414886,1.7217208763394036,0.2164802397443886,-0.0007143268621580986,33.75160217285156,0.0,2.0,5.081623215972925,5.056966346592995
19.38073754310608,29.045719721631905,1.8091462553316955,2.4999789168441073,1.7205264769433863,0.21032554465092154,-0.0006777057227369065,33.75160217285156,0.0,2.0,5.066391095757062,5.041660422705782
19.390625953674316,29.062918362890365,1.8112191578302763,2.499972337942132,1.7191732523889072,0.20427105906357498,-0.000637014847094734,33.75160217285156,0.0,2.0,5.051162544027958,5.026357598448769
19.400652170181274,29.080102580666125,1.813231976728738,2.499966210823275,1.717638378125209,0.19830627738418127,-0.0005865202242549956,33.81825637817383,0.0,2.0,5.097830697682423,5.073254538288836
19.41059422492981,29.09727046543477,1.815185515155465,2.4999606405300288,1.715904254563631,0.19241076631612547,-0.0005264391940817949,33.81825637817383,0.0,2.0,5.08257484792797,5.0579251124063545
19.420716762542725,29.114419963398525,1.817080329026709,2.499955693147573,1.713959428723717,0.18655622090222213,-0.00046230539713209944,33.81825637817383,0.0,2.0,5.067328056699375,5.042604281430577
19.43065881729126,29.131548920824926,1.8189166712443823,2.4999514091957398,1.7117947457328635,0.1807112620014824,-0.00039404330673297974,33.81825637817383,0.0,2.0,5.0520922457193285,5.027293968697331
19.440614938735962,29.148655100471863,1.8206944881959188,2.4999478156368946,1.7094026144985726,0.17484666089846157,-0.0003244107097724169,33.88492202758789,0.0,2.0,5.098735200282536,5.074165234227212
19.45066809654236,29.165736186564363,1.8224134594002466,2.4999449237756317,1.7067745455539884,0.16893881111199383,-0.00025389778144709914,33.88492202758789,0.0,2.0,5.0834880491576975,5.058844316552953
19.460646867752075,29.182789776644675,1.8240730650524837,2.4999427423387908,1.7039020543533407,0.1629712939679979,-0.00018254578147185673,33.88492202758789,0.0,2.0,5.068257392598318,5.043539456771431
19.470610857009888,29.199813386826428,1.8256726468259472,2.4999412607946705,1.7007774054895486,0.15693232595487439,-0.00011405796145222618,33.951602935791016,0.0,2.0,5.114931651084158,5.090440504614265
19.480639696121216,29.21680446510648,1.8272114416592062,2.4999404883010024,1.6973949636078192,0.15081248199716216,-3.9146613988217433e-05,33.951602935791016,0.0,2.0,5.099701824849132,5.075137260264683
19.490623474121094,29.233760417358205,1.8286886007220293,2.4999404914902263,1.6937520317331443,0.14460391764518896,4.042599125617342e-05,33.951602935791016,0.0,2.0,5.084494126476558,5.059855731850775
19.500641345977783,29.25067863919428,1.8301031981398173,2.499941330035781,1.6898492004524581,0.1382987948252933,0.00012869572932160199,34.018253326416016,0.0,2.0,5.131177978550048,5.1067647404280345
19.51059889793396,29.267556544116896,1.8314542265169544,2.4999430803514846,1.685689291749284,0.1318886404783884,0.00022142785017318818,34.018253326416016,0.0,2.0,5.115983540314154,5.0914972749844445
19.520739555358887,29.284391585743535,1.8327405900224454,2.4999457575670827,1.681277690572867,0.125364067105405,0.0003144565312676382,34.018253326416016,0.0,2.0,5.100816680751018,5.076256992127025
19.530648231506348,29.301181287805548,1.833961087368712,2.4999493815022524,1.6766232261536833,0.11871336675824905,0.00041071376581174935,34.018253326416016,0.0,2.0,5.0856790374037395,5.061045533032018
19.540608167648315,29.31792328515786,1.8351143960706702,2.4999539762540772,1.6717393399121492,0.11192417836049577,0.0005087413323329829,34.084922790527344,0.0,2.0,5.132434423276247,5.108025952445692
19.55066728591919,29.334615367480865,1.836199063871763,2.4999595663198058,1.6666434299816755,0.1049828961649714,0.0006099404230725523,34.084922790527344,0.0,2.0,5.1173242210718595,5.092842783319942
19.56063961982727,29.351255516522826,1.8372135000603635,2.4999662021025397,1.6613565519277296,0.09787531746321958,0.0007180963008652464,34.084922790527344,0.0,2.0,5.102247103877883,5.0776923209057685
19.57060170173645,29.36784194695135,1.8381559588857161,2.499973930080632,1.6559042894232157,0.09058426075115197,0.0008271173680544938,34.15159225463867,0.0,2.0,5.149083245223937,5.124752124296902
19.580626010894775,29.384373145610102,1.8390245050160634,2.4999827518946476,1.6503151236876064,0.08308893987268817,0.0009381699588344879,34.15159225463867,0.0,2.0,5.134040505851982,5.109636891554696
19.590601444244385,29.400847895820124,1.8398169738662582,2.499992710517708,1.6446198802466754,0.07536445768857811,0.0010544560495086756,34.15159225463867,0.0,2.0,5.119032249433822,5.094555766715352
19.60063910484314,29.417265293928107,1.8405309425477692,2.500003870602589,1.6388498542633467,0.06738451167640208,0.0011785389550671773,34.15159225463867,0.0,2.0,5.104058168947948,5.079508433046126
19.61061143875122,29.433624744378736,1.8411637262756115,2.5000162832012123,1.6330351253315851,0.05912334018246659,0.0013034719792518461,34.21825408935547,0.0,2.0,5.150978365245958,5.12665210793219
19.62069082260132,29.449925934890604,1.8417123929955825,2.5000299439512577,1.62720180996082,0.05055727082752308,0.0014293989063354747,34.21825408935547,0.0,2.0,5.136038149393335,5.111639455906081
19.63067936897278,29.466168791629848,1.842173781662033,2.500044881770696,1.621371647970249,0.04166439851649046,0.0015582015183999702,34.21825408935547,0.0,2.0,5.121129153076309,5.096657622275896
19.64061999320984,29.482353436048285,1.8425445367737332,2.5000610910573826,1.6155617476688262,0.032428361658037405,0.0016829035704966234,34.2849235534668,0.0,2.0,5.168143883204635,5.143894449025562
19.650649070739746,29.498480135059996,1.8428211653428668,2.5000785356780177,1.6097842815295502,0.022837466863884534,0.0018061358142845592,34.2849235534668,0.0,2.0,5.15326197537941,5.128940479772155
19.660631895065308,29.514549257607268,1.8430000793918961,2.500097229239198,1.6040474786223977,0.012884781823879034,0.0019329980070953766,34.2849235534668,0.0,2.0,5.138406119987847,5.114012144611688
19.670594692230225,29.53056123416543,1.8430776515452099,2.5001171853163475,1.5983553577476288,0.002569486741525085,0.002056973923112218,34.35158920288086,0.0,2.0,5.185495454034318,5.16132210821625
19.68065071105957,29.54651651012523,1.8430502758676721,2.50013835636377,1.592706718061336,-0.008103623642371542,0.0021769451814298386,34.35158920288086,0.0,2.0,5.17065723845122,5.146412138766361
19.690611600875854,29.562415495643243,1.8429144185921975,2.5001607079559354,1.5870961672888761,-0.01912454922736007,0.002290890174003744,34.35158920288086,0.0,2.0,5.155839319270345,5.131522030777137
19.700677156448364,29.578258535903434,1.8426666888765535,2.5001840561229702,1.5815160716710126,-0.030474184474744682,0.0023717660592592026,34.35158920288086,0.0,2.0,5.141039804611716,5.116649898381014
19.71060037612915,29.59404587702967,1.842303927433031,2.500208005089892,1.5759538397490183,-0.042125808841263664,0.0024118534673772335,34.41828918457031,0.0,2.0,5.188218894740452,5.164049501252466
19.720699548721313,29.60977761642843,1.8418232778605426,2.500232214672418,1.5703926995789328,-0.054045435790344765,0.0024273029090904137,34.41828918457031,0.0,2.0,5.173425244112388,5.149184060394739
19.730639457702637,29.625453673304154,1.841222270673018,2.5002565006755737,1.564814292650834,-0.06618918590197174,0.0024268378882455486,34.41828918457031,0.0,2.0,5.158645971041666,5.13433264291244
19.740627765655518,29.64107378716556,1.8404989185102967,2.5002806747559054,1.55920140241014,-0.07850585730166146,0.002405244588215495,34.484920501708984,0.0,2.0,5.20582059012457,5.181726282140992
19.750632524490356,29.65663753903105,1.8396517429208932,2.5003045688079646,1.5535400383958637,-0.09094579421307292,0.002372125808692919,34.484920501708984,0.0,2.0,5.191044168997989,5.166878642170522
19.760632753372192,29.6721443980573,1.8386797431860538,2.500328104229635,1.5478218400381327,-0.10346401139193086,0.0023354917338489875,34.484920501708984,0.0,2.0,5.176281023453562,5.152043965445504
19.770612955093384,29.687593773687773,1.8375823165505505,2.5003512973509543,1.542043166527665,-0.11602644773637898,0.0023039252998747336,34.55159378051758,0.0,2.0,5.223557816019692,5.199538906147316
19.780643939971924,29.702985061786194,1.8363591396453494,2.500374205025738,1.5362046651712442,-0.12861185374498366,0.0022795771687922576,34.55159378051758,0.0,2.0,5.208799837023125,5.184710348429987
19.790607452392578,29.718317677965675,1.8350100244098675,2.5003969291447206,1.5303095216664486,-0.14121420572548002,0.0022672107019676498,34.55159378051758,0.0,2.0,5.194055906503268,5.169895518594551
19.800653219223022,29.73359107971257,1.8335347753812248,2.5004196040445463,1.5243627030358502,-0.15384090878528947,0.002270277048021447,34.618255615234375,0.0,2.0,5.241394583241068,5.217451235720053
19.810607433319092,29.74880478113736,1.8319330660799467,2.50044235768646,1.5183708418680468,-0.16650941303408817,0.0022763751666305065,34.618255615234375,0.0,2.0,5.2266598069562535,5.202646459666965
19.820675134658813,29.763958380805366,1.8302043870239135,2.500464912533074,1.512343652661152,-0.17923974538324783,0.0022290713708690256,34.618255615234375,0.0,2.0,5.211939645385721,5.187855986673752
19.83061981201172,29.77905155497771,1.828347934587258,2.5004869308783766,1.5062869629760756,-0.1920705694172092,0.0021755246025877317,34.618255615234375,0.0,2.0,5.197233809892928,5.173079557354023
19.840622425079346,29.794084055034958,1.8263625270980144,2.50050841792057,1.500210661354884,-0.20503633527134657,0.0021236881112076996,34.68492126464844,0.0,2.0,5.244654170461287,5.220717258320701
19.850868701934814,29.809055741186,1.8242466476619237,2.5005294526640442,1.4941263015309438,-0.21816989308955925,0.0020858055755123323,34.68492126464844,0.0,2.0,5.229958906853816,5.205952404161547
19.860633611679077,29.823966594078744,1.8219984794966426,2.5005502079540687,1.4880457936075888,-0.23149786215007515,0.0020673764775521845,34.68492126464844,0.0,2.0,5.215276529514447,5.191200127968618
19.870640993118286,29.838816699061343,1.8196159841604311,2.500570787322043,1.4819775661890788,-0.24503769019495927,0.002046835809664643,34.75159454345703,0.0,2.0,5.262790095692349,5.238930089073271
19.88063669204712,29.853606184279283,1.8170969650912734,2.5005911970555426,1.4759208729415367,-0.25880505338484555,0.0020385562125006386,34.75159454345703,0.0,2.0,5.248116128074354,5.224187147029158
19.890613794326782,29.868335127672193,1.8144391000227091,2.500611588785668,1.4698672816876892,-0.2728071106811135,0.0020395190181855547,34.75159454345703,0.0,2.0,5.233452372227057,5.209454075960599
19.90061616897583,29.883003489016183,1.8116400418842402,2.500631991819492,1.4638012847974289,-0.2870429836894998,0.0020405920861146496,34.81825256347656,0.0,2.0,5.281037346919024,5.257254327909234
19.91062307357788,29.897611043514274,1.8086974964950755,2.500652347803024,1.4577023207002076,-0.3015015613940619,0.0020249411905266267,34.81825256347656,0.0,2.0,5.266379437067274,5.242527978161331
19.920719146728516,29.912157352253722,1.8056093347007738,2.5006723765347965,1.451548428552509,-0.316163334422596,0.0019787823220015583,34.81825256347656,0.0,2.0,5.251730012078616,5.227809798676905
19.930634260177612,29.926641766954067,1.8023736148479665,2.5006919080642334,1.445321460647009,-0.3310090973332299,0.0019253584148079994,34.81825256347656,0.0,2.0,5.237088811444443,5.213099541746309
19.940600156784058,29.941063515293447,1.798988629893148,2.500710817310392,1.4390148962093026,-0.34601227793278516,0.0018554355053796662,34.88492965698242,0.0,2.0,5.284778504345769,5.261004896160377
19.950634717941284,29.955421813977228,1.7954529208968448,2.5007290015496135,1.43263349354217,-0.36114989662637625,0.0017799532266062216,34.88492965698242,0.0,2.0,5.2701449978534365,5.246303342869789
19.96064305305481,29.96971599099155,1.7917652608813244,2.500746385315892,1.4261941906556845,-0.37639873399371604,0.001693839684101971,34.88492965698242,0.0,2.0,5.255520438058584,5.231610472162902
19.970625400543213,29.98394559036332,1.7879246518209604,2.5007627729776605,1.4197226857342216,-0.3917362554268612,0.0015777289292850708,34.95159149169922,0.0,2.0,5.30329555243235,5.279600397913507
19.98065209388733,29.998110427434835,1.7839302821258551,2.5007779183338625,1.4132462152902252,-0.4071494974352432,0.0014521407444670383,34.95159149169922,0.0,2.0,5.2886822960925,5.264919933437873
19.99061393737793,30.012210594292785,1.7797814499399986,2.500791807028108,1.4067935691145144,-0.4226263312112887,0.0013234036001236588,34.95159149169922,0.0,2.0,5.274077937725284,5.250248152155677
20.00063395500183,30.02624647022021,1.7754775773818905,2.50080437282868,1.4003923704143997,-0.43815692880817075,0.0011914066823662407,35.01825714111328,0.0,2.0,5.32196356488284,5.2983479657432975
20.010576725006104,30.040218705303577,1.7710181435177874,2.5008156533019457,1.3940705889695888,-0.4537370021995027,0.0010583443834839442,35.01825714111328,0.0,2.0,5.307371124357159,5.283689235095864
20.02066445350647,30.054128252959384,1.7664027173025667,2.5008252510056237,1.38785881787453,-0.46935612018595074,0.0008567303592716036,35.01825714111328,0.0,2.0,5.2927856663521515,5.269037310353566
20.03062891960144,30.067976301663904,1.7616308319615817,2.5008328411168717,1.3817732840442987,-0.4850305811630974,0.0006619694754032281,35.01825714111328,0.0,2.0,5.278205861112133,5.254390885491608
20.04061532020569,30.081764188468696,1.7567019225583642,2.500838377130928,1.3758275943657396,-0.5007622132028351,0.0004469424346078718,35.08492660522461,0.0,2.0,5.326206426075341,5.302606511250775
20.050650119781494,30.095493319000933,1.7516153458178323,2.500841892248143,1.3700214867687928,-0.5165656338609067,0.00026108630023347757,35.08492660522461,0.0,2.0,5.311632841077404,5.28796755260292
20.062923908233643,30.10916506518948,1.7463703561599897,2.5008436737200768,1.3643492896870664,-0.5324452016504144,9.852899407749528e-05,35.08492660522461,0.0,2.0,5.297061138940399,5.273330287794151
20.070610284805298,30.122780719462188,1.740966193131593,2.5008438593021887,1.3588013865529596,-0.5483992693213431,-6.485907881298727e-05,35.1515998840332,0.0,2.0,5.345168851120097,5.321652513607388
20.080666542053223,30.13634146295985,1.735402126049971,2.500842381947013,1.3533646758758318,-0.5644262535323341,-0.0002287316021369874,35.1515998840332,0.0,2.0,5.330598527445139,5.307017766057123
20.0906183719635,30.149848344894597,1.7296774486876816,2.500839259480846,1.3480276309637815,-0.5805188746986618,-0.0004004041910842529,35.1515998840332,0.0,2.0,5.316026946847755,5.2923815561403105
20.10063147544861,30.163302322092818,1.7237915660906427,2.5008343318632504,1.3427831644058728,-0.5966658487141667,-0.0005860689075969222,35.218265533447266,0.0,2.0,5.364228319100988,5.340796797433141
20.110596656799316,30.176704336336957,1.7177440041779253,2.5008274569131244,1.3376376667162195,-0.612850659587751,-0.0007980696261395594,35.218265533447266,0.0,2.0,5.349655307559133,5.326160321291272
20.120685338974,30.190055475564467,1.7115345014414862,2.500818194971346,1.3326126197419508,-0.6290514847575669,-0.0010576511111641247,35.218265533447266,0.0,2.0,5.335078781070871,5.3115201906627725
20.130621910095215,30.20335710695005,1.7051629852406958,2.5008062511794775,1.3277435024023714,-0.6452484851673185,-0.0013356784775375536,35.218265533447266,0.0,2.0,5.320497555079616,5.296875242290282
20.140603065490723,30.216611029475278,1.6986296532945173,2.50079137177764,1.3230799471840808,-0.661408757544312,-0.0016466225976277042,35.28493881225586,0.0,2.0,5.3688063115374085,5.345398882474251
20.15061926841736,30.229819589061325,1.6919350665182376,2.5007731307268353,1.3186813348459734,-0.677492188770576,-0.0020131895758268518,35.28493881225586,0.0,2.0,5.354217810145843,5.330748036629099
20.16061544418335,30.242985742463627,1.6850801997957408,2.5007508969434826,1.3146086163161708,-0.6934579362956307,-0.0024458214932689005,35.28493881225586,0.0,2.0,5.339619602417448,5.316087474612412
20.170596837997437,30.256113038653506,1.6780664490804444,2.5007239269084023,1.310918514105727,-0.7092620741243002,-0.002960564893890446,35.35159683227539,0.0,2.0,5.388003948548228,5.364686579716724
20.180726051330566,30.269205532699587,1.6708955952343423,2.5006916259946004,1.3076542605642012,-0.7248737268540122,-0.00350165880239666,35.35159683227539,0.0,2.0,5.373386782702179,5.35000873010291
20.190625429153442,30.282267648864888,1.663569742372228,2.5006538223800696,1.3048467978758476,-0.7402558758274228,-0.0040601885106890225,35.35159683227539,0.0,2.0,5.358751431758854,5.335312798469626
20.20064663887024,30.295304036077805,1.6560913175116587,2.5006106020804872,1.3025093016334175,-0.7553849115733424,-0.004573133275356884,35.41826248168945,0.0,2.0,5.407213021725388,5.383989384034966
20.2105815410614,30.30831940061088,1.648462975658458,2.5005625388244037,1.3006409601469104,-0.7702350507228912,-0.005030988716346656,35.41826248168945,0.0,2.0,5.392542195407825,5.3692595834043555
20.220696687698364,30.321318366316444,1.6406875952479092,2.5005102362913156,1.2992254427904415,-0.7847915811415557,-0.005415220570462646,35.41826248168945,0.0,2.0,5.377843954324847,5.354502320518305
20.230595350265503,30.334305314222988,1.6327681374501937,2.500454501292323,1.2982308737002615,-0.7990505686998955,-0.005719416000644506,35.41826248168945,0.0,2.0,5.363115417289653,5.339714624519387
20.24071168899536,30.347284235972015,1.6247075489627798,2.50039610154612,1.2976116426242121,-0.8130202435233941,-0.005948938185263792,35.484901428222656,0.0,2.0,5.41157844738562,5.388393548523159
20.25063395500183,30.36025861408785,1.6165086333066494,2.500335718200246,1.2973123362203864,-0.8267202402401996,-0.006118488429301341,35.484901428222656,0.0,2.0,5.396795342138275,5.3735522826170055
20.26060914993286,30.373231343425026,1.608173931391655,2.5002739590440295,1.297270888718236,-0.8401839911989291,-0.00622291550569768,35.484901428222656,0.0,2.0,5.381976261887476,5.358674691509338
20.270630359649658,30.386204656795936,1.5997056059860502,2.500211430691184,1.2974167806800252,-0.8534523684696176,-0.006274909918223801,35.55160140991211,0.0,2.0,5.430524202903475,5.4074376226569925
20.280641794204712,30.3991800508442,1.5911053692845236,2.5001486523518053,1.297674030569232,-0.8665749568540907,-0.006271774643766005,35.55160140991211,0.0,2.0,5.415645006090647,5.392500547755673
20.290687561035156,30.412158243935195,1.5823744237352644,2.5000861451749703,1.297963362926791,-0.8796025923192389,-0.006222369320165434,35.55160140991211,0.0,2.0,5.400728749510965,5.377525906325168
20.300650596618652,30.425139168672473,1.5735134559544754,2.500024401477419,1.2982080285994275,-0.8925884149341667,-0.006116967879161911,35.55160140991211,0.0,2.0,5.385776091613757,5.362514308318954
20.31059432029724,30.438122020262963,1.5645226201373257,2.4999639568927794,1.2983378383266038,-0.9055844440789227,-0.005968724576262833,35.61825942993164,0.0,2.0,5.434290990567414,5.411243351760322
20.32070231437683,30.451105348514517,1.5554015944548898,2.499904937207116,1.2982953168015094,-0.9186324432227924,-0.005840221054621325,35.61825942993164,0.0,2.0,5.419285964717354,5.396179706156797
20.330652475357056,30.46408722696262,1.5461496960030507,2.49984707475874,1.2980436986110977,-0.9317617642983118,-0.005737936453850138,35.61825942993164,0.0,2.0,5.40424990895626,5.381084461361749
20.340614557266235,30.4770654796704,1.5367660937312946,2.499789950723415,1.2975700681092543,-0.9449704823131533,-0.0056969982067335955,35.6849250793457,0.0,2.0,5.45281960380283,5.429866631582432
20.35062837600708,30.490037923282728,1.5272501090592046,2.4997329876924246,1.2968856231420376,-0.9582312050956729,-0.005702176906373505,35.6849250793457,0.0,2.0,5.4377457203180635,5.414734107954834
20.36062979698181,30.50300259142724,1.517601492207349,2.4996757272168866,1.2960211994645985,-0.9714846607989364,-0.005757743341132985,35.6849250793457,0.0,2.0,5.422647950246703,5.399577294561588
20.37059211730957,30.515957879284716,1.5078207138988589,2.4996177209688346,1.295016439657688,-0.984647985278804,-0.005848679955341745,35.7515983581543,0.0,2.0,5.4712953124782295,5.448435970922312
20.38062572479248,30.528902588314683,1.4979091730179654,2.4995586013729207,1.2939117744440707,-0.9976193999484491,-0.0059808033235832815,35.7515983581543,0.0,2.0,5.456174648150262,5.433257125786701
20.390610218048096,30.541835891993042,1.487869318185812,2.499498054414183,1.2927399256632097,-1.0102930647097144,-0.006130010810219336,35.7515983581543,0.0,2.0,5.441036515976057,5.418060544311157
20.400604486465454,30.554757236351602,1.4777046584117832,2.499435933941656,1.291522411241515,-1.0225634722697472,-0.006295414270732392,35.818260192871094,0.0,2.0,5.489764173704868,5.466998667530596
20.41058874130249,30.567666215149266,1.467419704577503,2.499372173381909,1.2902670011727844,-1.0343374046455778,-0.006455935939138901,35.818260192871094,0.0,2.0,5.47461690676336,5.451793989896449
20.42070960998535,30.58056244110543,1.4570198364384985,2.4993067349409115,1.2889709384130528,-1.0455352170878398,-0.006632498926060264,35.818260192871094,0.0,2.0,5.459458925404943,5.436578385586502
20.430611848831177,30.593445481027846,1.4465110869181146,2.499239596442219,1.287629114594188,-1.0561077801065777,-0.006789031384266861,35.818260192871094,0.0,2.0,5.444292724709653,5.421354360090351
20.440600156784058,30.60631486487078,1.4358998476411744,2.499171075735815,1.2862400463123473,-1.066031244772087,-0.006907731336515566,35.88490676879883,0.0,2.0,5.493133224628904,5.4704059137024466
20.450650453567505,30.619170145994474,1.4251926250518596,2.499101612838053,1.2848104683657007,-1.0753065763861898,-0.006975722599037776,35.88490676879883,0.0,2.0,5.477979428510366,5.45519534015467
20.46062922477722,30.632010987360943,1.4143957980376725,2.4990317427151547,1.2833548938485015,-1.0839580530743387,-0.006989127033966683,35.88490676879883,0.0,2.0,5.46282548178064,5.4399843349181225
20.470600366592407,30.644837214574068,1.4035153938745772,2.498962010572241,1.2818904989624949,-1.0920311463851657,-0.00694872223184696,35.951602935791016,0.0,2.0,5.511858213771508,5.489227439332984
20.480608224868774,30.657648822009644,1.3925568965184545,2.4988929249126177,1.2804333459859205,-1.0995881390119753,-0.006861195821546245,35.951602935791016,0.0,2.0,5.496731667035574,5.4740446535321405
20.490625381469727,30.670445945727252,1.3815251108649065,2.498824918589162,1.2789952810427005,-1.1067013151922491,-0.006734258894045426,35.951602935791016,0.0,2.0,5.481610811162639,5.458867170544603
20.500629663467407,30.683228814398973,1.370424098750652,2.4987583364493178,1.277583163971885,-1.113445713897942,-0.006577833919413219,36.01826095581055,0.0,2.0,5.530767581313537,5.508232943542884
20.510602474212646,30.695997708748163,1.3592571936639828,2.4986934408766888,1.2762009052371883,-1.119890618133056,-0.006397816826688113,36.01826095581055,0.0,2.0,5.515683215842961,5.493092588839034
20.52068257331848,30.708752939890875,1.3480270894415358,2.4986304384037936,1.2748508982124818,-1.126094125550181,-0.006200018078253575,36.01826095581055,0.0,2.0,5.500607668165967,5.4779606063738235
20.53067684173584,30.72149484358204,1.3367359671617665,2.498569489962199,1.2735359788728364,-1.1321003461439632,-0.005987492236893273,36.01826095581055,0.0,2.0,5.485541525672499,5.462837567927148
20.540621519088745,30.734223789642837,1.325385640460159,2.4985107233606283,1.272260213043803,-1.1379386968090106,-0.005764209398047288,36.084938049316406,0.0,2.0,5.5349167225819755,5.512421444756566
20.550634622573853,30.746940199560775,1.313977700912539,2.4984542371966447,1.271030020020539,-1.1436243126276489,-0.005532116343119257,36.084938049316406,0.0,2.0,5.519892668256371,5.497341033853652
20.560624599456787,30.759644567951923,1.302513657722901,2.498400065136845,1.2698530792632554,-1.1491583284830806,-0.005303073195729639,36.084938049316406,0.0,2.0,5.504879209950583,5.482270742239728
20.570592164993286,30.772337455866708,1.2909950875111982,2.498348171168642,1.2687344133473093,-1.1545259252023354,-0.005076086321714474,36.15160369873047,0.0,2.0,5.554414868129565,5.532013523807732
20.580686569213867,30.785019453135014,1.2794237923012246,2.498298510016108,1.2676746233332652,-1.1596970941313607,-0.004857417119508783,36.15160369873047,0.0,2.0,5.539445198796,5.516987557116636
20.590605974197388,30.797691129318213,1.267801947061195,2.4982510145281003,1.266668975446876,-1.164627546804745,-0.0046419182332762135,36.15160369873047,0.0,2.0,5.524486912950467,5.501972517005396
20.600614309310913,30.810352981999955,1.2561322234146741,2.4982056482705235,1.2657079935973294,-1.1692631684003936,-0.004431929226921145,36.218265533447266,0.0,2.0,5.574190093167859,5.551881332197407
20.6106014251709,30.823005394009165,1.2444178659345462,2.498162382078941,1.264778391768807,-1.1735441793310832,-0.004220881127792261,36.218265533447266,0.0,2.0,5.5592781506401785,5.536913201167842
20.62069320678711,30.835648601402383,1.2326627214979193,2.4981212175097225,1.263864065877801,-1.1774106887751041,-0.004012098729509408,36.218265533447266,0.0,2.0,5.544379782215526,5.521958205392986
20.630588054656982,30.84828265815543,1.220871229217335,2.498082157286714,1.2629444992770587,-1.1808043443604628,-0.0037988154144213203,36.218265533447266,0.0,2.0,5.529496222502155,5.507017581164802
20.64065670967102,30.860907394654213,1.209048386315198,2.4980452502650885,1.2619957784020266,-1.1836726478180033,-0.0035816116833620143,36.28493881225586,0.0,2.0,5.579423257908718,5.557149882770944
20.650615692138672,30.87352238728014,1.1971996809873384,2.4980105588331405,1.2609911309702018,-1.185969967073262,-0.0033544940552982607,36.28493881225586,0.0,2.0,5.564596060574611,5.542266215245636
20.6606285572052,30.88612693941904,1.1853310027443213,2.49797820874041,1.259903080558915,-1.1876632364268727,-0.0031128611406569732,36.28493881225586,0.0,2.0,5.549789322193319,5.527402574840253
20.67059087753296,30.89872007834053,1.1734484751543401,2.4979483567914844,1.2587039592056246,-1.1887396827191286,-0.002854784226331541,36.351600646972656,0.0,2.0,5.599896462046346,5.577713493861786
20.68062686920166,30.911300562540646,1.1615582287936572,2.4979211656898004,1.2573680757535386,-1.1892110059217065,-0.002580948026654398,36.351600646972656,0.0,2.0,5.585159623035951,5.562920323674357
20.690611124038696,30.923866906874355,1.1496661561558115,2.4978967832751073,1.2558724766365268,-1.189112699709251,-0.00229345792802446,36.351600646972656,0.0,2.0,5.570451241219805,5.548155173029281
20.700640439987183,30.93641741756888,1.1377776902956265,2.49787533666293,1.254198624429989,-1.1885000339946479,-0.001994055661117076,36.418270111083984,0.0,2.0,5.620776358901899,5.598682615217017
20.710598945617676,30.94895023621881,1.1258976520004678,2.497856932845114,1.2523320177325747,-1.1874385315061347,-0.0016854373106788684,36.418270111083984,0.0,2.0,5.606154380853003,5.58400442481696
20.720672369003296,30.961463383332433,1.114030190935748,2.4978416533921606,1.2502631889210758,-1.1859951137379552,-0.001369084378513267,36.418270111083984,0.0,2.0,5.591569479332541,5.569362883701414
20.73063635826111,30.97395481125236,1.1021788391932965,2.4978295775205295,1.247987945733637,-1.1842242992849343,-0.0010448602842286292,36.418270111083984,0.0,2.0,5.577024436543243,5.554760775906215
20.740600109100342,30.98642245873698,1.090346673047495,2.497820781448158,1.2455077879338956,-1.1821621446504043,-0.0007131549326090081,36.48494338989258,0.0,2.0,5.6276472729039835,5.605585455399104
20.750621795654297,30.9988643041149,1.0785365250488814,2.4978153348286263,1.2428289096899163,-1.1798206781127119,-0.0003752374236060516,36.48494338989258,0.0,2.0,5.613209855230989,5.5910915545420785
20.760663509368896,31.01127840827328,1.066751223785363,2.497813303499761,1.2399615096676324,-1.1771889972311642,-2.94889267006279e-05,36.48494338989258,0.0,2.0,5.5988199283058115,5.5766447353630975
20.770591259002686,31.023662948415236,1.054993826925608,2.49781477327059,1.2369184026623155,-1.1742322639530542,0.00032479377311394036,36.551597595214844,0.0,2.0,5.649680785905085,5.627705876655125
20.78064513206482,31.036016238420373,1.043267834563177,2.497819834613453,1.2337139221294209,-1.1708981851751512,0.0006891813226130558,36.551597595214844,0.0,2.0,5.635412146931885,5.613380931137034
20.790618896484375,31.048336737256456,1.0315773377598711,2.497828582572842,1.2303625418162774,-1.1671217121778878,0.0010614012825031283,36.551597595214844,0.0,2.0,5.621197841398497,5.5991099180598916
20.8006432056427,31.06062304511202,1.0199271020476712,2.497841089561385,1.2268778393449518,-1.1628348017929713,0.0014412211761487112,36.61826705932617,0.0,2.0,5.672345549477519,5.650456466713264
20.810621738433838,31.07287388807717,1.0083225570243488,2.4978574202521378,1.2232712735017055,-1.1579738094735719,0.001824982496719665,36.61826705932617,0.0,2.0,5.658264911935399,5.636319703737466
20.820696353912354,31.085088093979383,0.9967697082767641,2.4978775882725204,1.2195515620649977,-1.152488706065879,0.0022084328864909247,36.61826705932617,0.0,2.0,5.644244981111147,5.622243263493168
20.830774784088135,31.09726455780228,0.9852749677691102,2.4979015754149954,1.2157232811817935,-1.1463489878014421,0.002587933196365973,36.61826705932617,0.0,2.0,5.630287857893789,5.608229255651509
20.840601921081543,31.109402200593106,0.9738449354252898,2.497929329315623,1.2117871765896584,-1.1395479591856545,0.0029615961009662743,36.6849365234375,0.0,2.0,5.681803460210682,5.65994319260091
20.850688695907593,31.121499933341195,0.962486160303474,2.497960768755668,1.207740603688941,-1.1321021324664982,0.0033241393385932323,36.6849365234375,0.0,2.0,5.667995344742078,5.64607884294916
20.860618829727173,31.133556627337523,0.951204924672877,2.4979958163264606,1.2035784886527001,-1.124047059333969,0.0036859783056240043,36.6849365234375,0.0,2.0,5.654255865507289,5.632282801808245
20.870615482330322,31.145571101447448,0.940007101249069,2.498034483316555,1.1992958940749792,-1.1154273523332825,0.004047099726947801,36.75162124633789,0.0,2.0,5.706088846486463,5.684312762104565
20.88064742088318,31.157542129911377,0.9288981127326774,2.4980767906964365,1.1948888511461797,-1.1062868419061975,0.004416294922999338,36.75162124633789,0.0,2.0,5.692508529120359,5.670676579093325
20.890624284744263,31.169468459505996,0.9178829801813596,2.4981228346138944,1.190356201854245,-1.0966612229615218,0.0047938624272675385,36.75162124633789,0.0,2.0,5.679002135869072,5.657114008117717
20.900623321533203,31.18134884191732,0.9069664265391909,2.49817273231562,1.1857002957753098,-1.0865736256732599,0.005188424012980416,36.818275451660156,0.0,2.0,5.731117323325265,5.709424638481196
20.910590171813965,31.193182086578076,0.896153021972505,2.4982266297980824,1.1809309819633158,-1.0760313243586197,0.00559067120229244,36.818275451660156,0.0,2.0,5.717778885137204,5.6960306885304695
20.92070245742798,31.20496714290289,0.885447336637993,2.4982845142922,1.176066460615143,-1.065027484379212,0.005985023348759517,36.818275451660156,0.0,2.0,5.7045187888467925,5.682714769819321
20.930623769760132,31.216703194349385,0.874854072523269,2.4983463052415855,1.171135843107191,-1.0535435976011778,0.0063712756000833485,36.818275451660156,0.0,2.0,5.691338194311789,5.669478053761583
20.94061303138733,31.228389770903203,0.8643781330046442,2.498411889097284,1.1661789236760733,-1.041559167158976,0.006742809352488453,36.88494110107422,0.0,2.0,5.743878212398798,5.722213077793948
20.95069932937622,31.24002684874604,0.8540246215503494,2.4984810966664575,1.161244917868334,-1.0290553310026376,0.00709477383347942,36.88494110107422,0.0,2.0,5.730872392060898,5.709151860859195
20.960601806640625,31.251614924974064,0.8437987974860661,2.498553705567491,1.1563876425893012,-1.0160204518388454,0.00742299999742115,36.88494110107422,0.0,2.0,5.717946835561626,5.696170662556918
20.970619440078735,31.26315503597837,0.8337059907164435,2.498629464470088,1.151660472425504,-1.0024526224140313,0.007723035788103761,36.95160675048828,0.0,2.0,5.770804097359825,5.74922156359165
20.980748414993286,31.274648728048152,0.8237514882336514,2.4987080458911803,1.147111113230977,-0.9883618748571497,0.007988624602748701,36.95160675048828,0.0,2.0,5.758049028790142,5.7364116748115705
20.99061894416809,31.286097983991752,0.8139404395371735,2.4987891565057394,1.14277913449349,-0.9737656505522992,0.008229388854636885,36.95160675048828,0.0,2.0,5.745370244380313,5.723677892960347
21.00068736076355,31.297505136127928,0.8042777708070897,2.4988725578071866,1.138694492741251,-0.9586908274279675,0.008447693014082436,37.018272399902344,0.0,2.0,5.798526937750702,5.777026987896754
21.010621070861816,31.308872768022876,0.7947681122999741,2.498958041993918,1.1348777408399946,-0.943169385232831,0.008645229126721832,37.018272399902344,0.0,2.0,5.786005499176842,5.7644514490829275
21.020673036575317,31.3202036188835,0.7854157506358593,2.499045378892848,1.1313390009458726,-0.9272378115009346,0.008817266723187053,37.018272399902344,0.0,2.0,5.77355280782663,5.751944517688645
21.030630826950073,31.331500471135268,0.7762245918294284,2.499134271607502,1.1280767635809896,-0.9109354539612593,0.008955278041168193,37.018272399902344,0.0,2.0,5.7611660805662535,5.739503426845738
21.04061007499695,31.34276603161101,0.767198151612918,2.499224401886605,1.125077516373028,-0.8943002557967344,0.009067317421512826,37.08494186401367,0.0,2.0,5.814671211470732,5.79320086774725
21.050615310668945,31.354002824473923,0.7583395674666001,2.499315541150636,1.1223189307661763,-0.8773707210709243,0.009156759621536784,37.08494186401367,0.0,2.0,5.802418218651665,5.780894496053895
21.060645818710327,31.365213112573734,0.7496515991551488,2.499407496848287,1.1197706625419255,-0.8601826680773924,0.009232597958746664,37.08494186401367,0.0,2.0,5.790222997266411,5.768645812507866
21.070627450942993,31.376398803077326,0.7411366656162663,2.4995001421057195,1.1173916964504955,-0.8427689098798545,0.009293542558619616,37.151611328125,0.0,2.0,5.843959587347603,5.822573594776483
21.0806565284729,31.38756134257498,0.7327968869601843,2.499593338134368,1.1151312581046553,-0.8251552851991615,0.00934456219820027,37.151611328125,0.0,2.0,5.831882802060238,5.81044434733332
21.090590476989746,31.398701628142828,0.7246341583980473,2.499686996849928,1.1129307181757748,-0.8073619957354032,0.009384238201574304,37.151611328125,0.0,2.0,5.819858398147425,5.798367415028666
21.100637435913086,31.40981995373513,0.7166501946600696,2.4997809610184527,1.1107294582817615,-0.7894040550404849,0.009406302758709484,37.21826934814453,0.0,2.0,5.873793738114897,5.8524927910183075
21.11058497428894,31.42091603429762,0.7088465984001232,2.499875071157417,1.108473810175339,-0.7712903093939807,0.009409379709728298,37.21826934814453,0.0,2.0,5.861880588377747,5.840528139272611
21.120668411254883,31.431989113878558,0.7012248557763132,2.4999689046468423,1.1061235798102846,-0.7530347487602794,0.009348571556436444,37.21826934814453,0.0,2.0,5.850019158381395,5.828615208419201
21.130653619766235,31.443038094010358,0.6937863711165756,2.5000619346162387,1.1036503094191918,-0.7346395235581812,0.009252566637535828,37.21826934814453,0.0,2.0,5.838210128620536,5.81675472815171
21.1405987739563,31.454061660792977,0.6865324896016184,2.500153820464536,1.1010395728522253,-0.7161167948267526,0.009118398672549816,37.284912109375,0.0,2.0,5.892393202861894,5.87112798472387
21.150636672973633,31.465058416487803,0.6794644020947054,2.500244184134731,1.0982884655529688,-0.6974840376242598,0.008949540422153148,37.284912109375,0.0,2.0,5.880698353434504,5.8593829777824435
21.16061234474182,31.47602698144935,0.6725831199709202,2.5003328038024226,1.095402994017344,-0.6787584092473692,0.008774964926287673,37.284912109375,0.0,2.0,5.869058476218004,5.847693090673072
21.170594215393066,31.486966067936514,0.6658894811388809,2.5004196718903766,1.0923950522266201,-0.6599581770992363,0.00859801736580188,37.351600646972656,0.0,2.0,5.923492837400304,5.902317133695702
21.180683851242065,31.497874519448025,0.659384180369464,2.5005048295071255,1.0892782076899268,-0.6410909071241534,0.00843768344240536,37.351600646972656,0.0,2.0,5.911971089048556,5.890746733087921
21.19063973426819,31.50875131190564,0.6530678849793586,2.500588480947811,1.0860651841739704,-0.6221565275177912,0.008294964983433866,37.351600646972656,0.0,2.0,5.900506320811978,5.879233454684758
21.200625896453857,31.519595532072227,0.6469413153723779,2.5006708310965227,1.0827646239935984,-0.6031428078713242,0.008179256582521556,37.41826629638672,0.0,2.0,5.955125618526039,5.934041611862378
21.210585594177246,31.530406318068074,0.6410053474719243,2.5007520882389342,1.0793780662105645,-0.584034271783064,0.008065220278070636,37.41826629638672,0.0,2.0,5.943781257217469,5.922649996393003
21.22068476676941,31.541182792834782,0.635260973383866,2.5008318266581298,1.0759005464680151,-0.5648192113374793,0.007875863135739182,37.41826629638672,0.0,2.0,5.932495219603691,5.9113168593831045
21.23064422607422,31.551923971009114,0.6297094690986341,2.500909621757688,1.0723156759444583,-0.5454534283094238,0.007686429329251386,37.48493194580078,0.0,2.0,5.987322280751508,5.966332009234319
21.240606784820557,31.562628687455437,0.6243525125046056,2.500985611073435,1.0686049886965336,-0.525905068586197,0.0075157336035165416,37.48493194580078,0.0,2.0,5.976159178450764,5.955123167800872
21.250624895095825,31.573295585938855,0.6191920574632789,2.5010600028369985,1.0647489394961782,-0.5061501876882086,0.0073642914816228295,37.48493194580078,0.0,2.0,5.965056947063473,5.943975374719109
21.26063108444214,31.583923122679067,0.6142302505383325,2.501132945331314,1.0607300835383044,-0.4861733842629648,0.007225442183765902,37.48493194580078,0.0,2.0,5.9540169768092825,5.932890015096917
21.270602226257324,31.5945096070857,0.6094693443271142,2.501204470352731,1.0565373126580304,-0.4659702896570733,0.0070752892675287485,37.55160140991211,0.0,2.0,6.009126521390415,5.98818800882004
21.280644178390503,31.605053274510208,0.6049116082801216,2.501274435714129,1.052166624031217,-0.4455388554750656,0.006917977449518452,37.55160140991211,0.0,2.0,5.998218805644255,5.9772362158847185
21.290603637695312,31.61555236407855,0.6005593065489528,2.5013427874731975,1.0476236172071178,-0.4248859537807874,0.006747416588632196,37.55160140991211,0.0,2.0,5.987377919070708,5.966351460920155
21.300678968429565,31.62600522120632,0.5964145841385321,2.5014093153670527,1.0429232207970893,-0.4040244534165392,0.006557324262767379,37.55160140991211,0.0,2.0,5.976605378416294,5.9555352864186535
21.310948610305786,31.635372050331323,0.5928634891684315,2.5014675148141556,1.0385787210955457,-0.3850849713465367,0.00636287596410061,37.618263244628906,0.0,2.0,6.033070845598152,6.012193789258005
21.321030378341675,31.645733297625622,0.589118486045941,2.501529654086527,1.0336559093096864,-0.3638877396155522,0.006060881033279013,37.618263244628906,0.0,2.0,6.022433607137589,6.001514355431646
21.331026315689087,31.656044914450888,0.5855862957848018,2.501588789532883,1.0286570727275652,-0.34252359133167626,0.005768862763568596,37.618263244628906,0.0,2.0,6.011867433693693,5.9909063359830395
21.340972900390625,31.66630627274264,0.582268516662584,2.501645048668399,1.0236077100593348,-0.3210072521329904,0.005488162027089217,37.6849365234375,0.0,2.0,6.067503149972748,6.0467302503150995
21.351001262664795,31.676516953753637,0.5791666320785487,2.501698656717622,1.0185235133370623,-0.2993463362137947,0.005239011891697516,37.6849365234375,0.0,2.0,6.0570819092385975,6.036268691258965
21.361015796661377,31.68667664237246,0.5762820558094371,2.501749988701613,1.0134087917630628,-0.2775467675028555,0.005031633933513178,37.6849365234375,0.0,2.0,6.046732643321052,6.025879405418127
21.370975971221924,31.696784998919423,0.5736161105414,2.5017992431035063,1.0082541986288458,-0.25562198465322056,0.004814505579272177,37.75161361694336,0.0,2.0,6.102604977900302,6.08193924960734
21.380977153778076,31.70684150254178,0.5711700754823146,2.5018463794334065,1.0030325425512108,-0.2335601552225108,0.004622742580547339,37.75161361694336,0.0,2.0,6.092401411489874,6.071697058498011
21.390961170196533,31.716845321195308,0.5689454114167607,2.501891825759863,0.9977126817634041,-0.2113484244943874,0.00446306772508009,37.75161361694336,0.0,2.0,6.082271176896225,6.061528459434801
21.400980710983276,31.726795338068914,0.5669436241049887,2.5019355844059197,0.9922671831497125,-0.18897944124132882,0.004294912646888151,37.818267822265625,0.0,2.0,6.138354944896219,6.117798795207222
21.410959243774414,31.73669016105732,0.5651664508362452,2.5019778477245116,0.9866712397104155,-0.16642349196184777,0.004157403123159864,37.818267822265625,0.0,2.0,6.128375129352382,6.107781918704915
21.42105007171631,31.746528224269785,0.5636158186873632,2.5020187129909064,0.9809138864995545,-0.14366752283826123,0.004017804819549567,37.818267822265625,0.0,2.0,6.1184726300881955,6.097842613330171
21.430999279022217,31.756307896775223,0.5622938104185357,2.5020581591977247,0.9749945492074309,-0.12069977747162103,0.003860851445663305,37.818267822265625,0.0,2.0,6.108649184779202,6.087982627068396
21.440967798233032,31.76602761256943,0.5612025291294364,2.5020957738931195,0.9689245171393747,-0.09751973761244383,0.0036606968022858117,37.88493347167969,0.0,2.0,6.165067506322735,6.144587633955195
21.450978994369507,31.7756859460684,0.5603441244462057,2.5021312873538584,0.962722642855757,-0.07412828261715647,0.003431205619274575,37.88493347167969,0.0,2.0,6.155406298265669,6.134891267739716
21.460983991622925,31.78528171338815,0.5597206179365308,2.502164285514308,0.9564149725787277,-0.05054037272987094,0.0031694325281708957,37.88493347167969,0.0,2.0,6.1458284805401435,6.125278666523856
21.47095036506653,31.79481397234656,0.5593339129475007,2.502194623912232,0.9500253433980137,-0.02677440508516212,0.0028897635230939922,37.951602935791016,0.0,2.0,6.202507896556921,6.182144026675909
21.48096752166748,31.804282011931736,0.5591856375532629,2.5022220352252336,0.9435729463619357,-0.0028564687197840575,0.002595303603061098,37.951602935791016,0.0,2.0,6.193098585589424,6.1727014441137475
21.49096703529358,31.813685257752528,0.5592771922117606,2.5022464809109985,0.9370682543949853,0.021183842275630815,0.0022853124113479816,37.951602935791016,0.0,2.0,6.183775216459047,6.163345228048292
21.50100803375244,31.823023211487488,0.5596096236433017,2.5022676957464083,0.9305141041121595,0.045316186453390146,0.001958629842596625,38.01826858520508,0.0,2.0,6.240713181170387,6.220468484884671
21.51095485687256,31.832295383890884,0.5601837089997163,2.5022855434119657,0.9239131677091402,0.06950675055809757,0.0015999118445977744,38.01826858520508,0.0,2.0,6.231561682461846,6.2112857151483585
21.52105140686035,31.84150133194716,0.5609998634631782,2.5022996164722735,0.9172700689435175,0.09372750059962982,0.0012129435795605807,38.01826858520508,0.0,2.0,6.222497846719857,6.202191108610333
21.530954360961914,31.850640695984886,0.5620582442342634,2.502309627837488,0.9106002953582102,0.11794460778770212,0.000776509405987568,38.01826858520508,0.0,2.0,6.213522206608475,6.19318522650489
21.54096245765686,31.859713322770705,0.5633586748483834,2.502315069388769,0.9039269220862443,0.14213570538181325,0.00030972771774070935,38.084930419921875,0.0,2.0,6.270807071830962,6.2506560378243625
21.551010370254517,31.86871934660729,0.5649007637921827,2.502315636789218,0.8972871731042873,0.16626950236847834,-0.0002089512416606215,38.084930419921875,0.0,2.0,6.262005587660779,6.2418260934546925
21.560985326766968,31.8776593035913,0.5666838617897598,2.5023109685650957,0.8907194354312366,0.19033962598034024,-0.0007165212673778472,38.084930419921875,0.0,2.0,6.253292062584761,6.2330847347717615
21.570964574813843,31.886534117403567,0.5687072940236164,2.5023013242908245,0.8842657586025344,0.21433259557736645,-0.001213914756560358,38.15160369873047,0.0,2.0,6.310850296554944,6.290828629452824
21.580981254577637,31.895345107156015,0.5709702857330544,2.502286885740614,0.8779589012186182,0.23825511441603364,-0.0016625132453724552,38.15160369873047,0.0,2.0,6.3023067798565835,6.2822590388998805
21.59097933769226,31.904093874958203,0.573472163260936,2.5022681443056554,0.8718252253398467,0.2621088702059548,-0.002086447106286884,38.15160369873047,0.0,2.0,6.293847996968975,6.2737747266032855
21.60098099708557,31.912782228869975,0.5762123066602951,2.5022453247695515,0.8658770221729037,0.28591398147152125,-0.00246759444775486,38.218265533447266,0.0,2.0,6.351644723447825,6.331756496158845
21.610948085784912,31.921412061976465,0.5791903262244349,2.502218841789959,0.8601224401630571,0.30968466469413786,-0.002831812263829122,38.218265533447266,0.0,2.0,6.343346816958276,6.3234345948357715
21.621055126190186,31.929985323324267,0.5824059660530447,2.502188779712958,0.8545616178130953,0.33344375417559613,-0.0031738302821536584,38.218265533447266,0.0,2.0,6.335128907985085,6.31519316492526
21.630999326705933,31.93850392235823,0.585859205546066,2.502155372620993,0.8491889260927727,0.3572040154534221,-0.0035131774689987636,38.218265533447266,0.0,2.0,6.326989562112677,6.307030751536783
21.640978574752808,31.946969684347373,0.589550087149191,2.5021185260896197,0.8439909739923798,0.380975517867118,-0.0038521120308755248,38.284934997558594,0.0,2.0,6.385099578782515,6.365325884566023
21.650994300842285,31.95538426410368,0.5934787529077848,2.5020783151676262,0.8389495499360939,0.40475802282478296,-0.004194834329209615,38.284934997558594,0.0,2.0,6.377108447572,6.357313073738983
21.660990238189697,31.96374912131537,0.597645280586218,2.502034701210263,0.834042045452251,0.4285494412579781,-0.0045196404686895526,38.284934997558594,0.0,2.0,6.369192225442961,6.349375619966406
21.67095112800598,31.97206547306778,0.6020497397731951,2.5019880003908823,0.8292449949598878,0.45234001398888396,-0.004822035749500648,38.35160446166992,0.0,2.0,6.427516903812253,6.407884330748786
21.68100619316101,31.980334310566498,0.6066920458516607,2.501938355492239,0.8245348685632692,0.4761199045078168,-0.005097079388636428,38.35160446166992,0.0,2.0,6.4197430392154615,6.400090513175663
21.690972805023193,31.98855638639846,0.6115720811176829,2.501886180350226,0.8198896715582346,0.49988269207496155,-0.005336493999856652,38.35160446166992,0.0,2.0,6.4120426508753825,6.392370547662148
21.701002597808838,31.99673226080242,0.6166896232269278,2.501831734262545,0.8152919251727723,0.5236219689364351,-0.005545975612096892,38.35160446166992,0.0,2.0,6.404415810225572,6.384724487458666
21.710970401763916,32.004862351503334,0.6220444158596944,2.5017752859998112,0.8107323728370758,0.5473302212712678,-0.005746781687776781,38.41826629638672,0.0,2.0,6.463007647619503,6.443499780053384
21.72104811668396,32.01294702549555,0.6276361411420137,2.501716890072131,0.806208424570669,0.5710119402561957,-0.005923197955009237,38.41826629638672,0.0,2.0,6.455521816669902,6.43599581166096
21.731035232543945,32.0209866577493,0.6334645890219385,2.5016569305325596,0.8017259883878517,0.5946741293764648,-0.006066937172317149,38.41826629638672,0.0,2.0,6.448110098038108,6.428566260097944
21.740954399108887,32.02898172386915,0.6395295933291747,2.501595681690857,0.7972976213853687,0.6183256729705605,-0.006178276697904968,38.48493194580078,0.0,2.0,6.5069109104623335,6.487548949241373
21.751118183135986,32.036932855778446,0.6458310665137746,2.501533308242986,0.7929429967891753,0.641966443424628,-0.006306753430883487,38.48493194580078,0.0,2.0,6.49964042779909,6.480261571217877
21.761012077331543,32.04484091084211,0.6523688649167722,2.501469228853219,0.7886868919969917,0.6655898104221839,-0.006530554999743251,38.48493194580078,0.0,2.0,6.492443997598629,6.473048561108423
21.770952224731445,32.05270703064778,0.6591427855957781,2.501402198717581,0.7845617886573177,0.6891917273241441,-0.006896014034875939,38.55160903930664,0.0,2.0,6.5514579060566325,6.532242840705871
21.781047821044922,32.06053269518742,0.6661527290283904,2.5013312528466916,0.7806023105843577,0.7127982608010368,-0.007293976564222559,38.55160903930664,0.0,2.0,6.54439948266126,6.525169083140769
21.790982484817505,32.068319789082885,0.6733987360739977,2.50125623637935,0.776856669294744,0.7363995883793579,-0.007718747200523268,38.55160903930664,0.0,2.0,6.537412574889408,6.5181673313756665
21.801008701324463,32.07607073558865,0.680880562583425,2.5011765121715857,0.7733836223103946,0.7599548413428259,-0.008244529092762128,38.55160903930664,0.0,2.0,6.5304955830147575,6.511236031923799
21.810945749282837,32.08378861234677,0.6885975524429878,2.5010910391411834,0.7702563265610682,0.7834242999378535,-0.008867167910557307,38.618263244628906,0.0,2.0,6.589735771537186,6.57065638343455
21.82103419303894,32.09147730587262,0.6965485689861086,2.5009988364077906,0.7675624749872433,0.806751498151991,-0.009579740830329203,38.618263244628906,0.0,2.0,6.582941168914188,6.5638490689003
21.830960988998413,32.09914163272959,0.7047319354778536,2.5008994752972558,0.7653999692607402,0.8298829295749172,-0.010289282518509415,38.618263244628906,0.0,2.0,6.576206655509554,6.557102537829883
21.84095549583435,32.106787417675804,0.7131452927016241,2.500793055693529,0.7638712003806241,0.8527350031710588,-0.010991692437825768,38.684932708740234,0.0,2.0,6.6356134127514155,6.616688875778854
21.85099697113037,32.114421505897205,0.7217854277541198,2.500679745245427,0.763076709804729,0.8752221003703167,-0.011675397104819787,38.684932708740234,0.0,2.0,6.628972158464913,6.610037191302629
21.8609721660614,32.12205170967802,0.7306481326705239,2.500559194108587,0.7631101572634189,0.8972328675556277,-0.012444132731713244,38.684932708740234,0.0,2.0,6.6223721738085235,6.603427420788904
21.870946168899536,32.12968680901068,0.7397282407321855,2.500430861680231,0.7640734871929423,0.9186884706887646,-0.013221754486873193,38.7515983581543,0.0,2.0,6.681866616607996,6.663100662215629
21.880980253219604,32.137336636459345,0.7490197132350209,2.500294694437505,0.7660748897073355,0.9394892202439147,-0.014008550067708181,38.7515983581543,0.0,2.0,6.675311486003935,6.656537287050509
21.890990734100342,32.145012176676246,0.758515532935966,2.5001508572881104,0.7692364665756418,0.9595392485132671,-0.014761594929501892,38.7515983581543,0.0,2.0,6.668768826931092,6.649986976453552
21.90105128288269,32.1527256118873,0.7682075644115434,2.4999991268186323,0.7736726131794812,0.9787141631767179,-0.015589385703657272,38.7515983581543,0.0,2.0,6.662226618050745,6.64343769320105
21.910969257354736,32.16049024817477,0.7780866331631398,2.499839206538304,0.7794927278116331,0.996932101091207,-0.016389220979580326,38.81826400756836,0.0,2.0,6.721696919109778,6.703086620354613
21.9210467338562,32.16832033469758,0.7881426834205741,2.499671342859995,0.7867737785993509,1.0140959475003237,-0.017172682277313986,38.81826400756836,0.0,2.0,6.7151017261586565,6.696485626191059
21.931023359298706,32.17623079782378,0.7983647933337441,2.4994961621936365,0.7955755569761968,1.0301319988227338,-0.01783744787545171,38.81826400756836,0.0,2.0,6.708463901567252,6.68984241238796
21.940972089767456,32.18423700408821,0.8087413196421381,2.4993151515206327,0.8059242564546893,1.0449669752317488,-0.018334489818935464,38.88492965698242,0.0,2.0,6.767766261565558,6.749321784494126
21.95099377632141,32.19235443824489,0.8192598874472702,2.499130074878851,0.8178171541562331,1.0585275963146668,-0.018661382647860936,38.88492965698242,0.0,2.0,6.760982225482359,6.742532893626832
21.960978269577026,32.20059834713526,0.8299073778676777,2.498942121807274,0.8312117599436246,1.0707425729748679,-0.0189109265193574,38.88492965698242,0.0,2.0,6.754107976376733,6.73565374077693
21.970954418182373,32.20898353862171,0.8406701198308828,2.4987523697989737,0.8460646675475051,1.0815720215578475,-0.01901001128420743,38.951595306396484,0.0,2.0,6.813097212552559,6.794817120519974
21.98096466064453,32.21752427258767,0.8515340898011208,2.4985625092828325,0.8623069552001751,1.0909829151586028,-0.018933129073538425,38.951595306396484,0.0,2.0,6.805981749177613,6.787696442422597
21.990949153900146,32.22623403022583,0.862484952371719,2.4983742679966565,0.879854631910837,1.0989466945337214,-0.018688331709820285,38.951595306396484,0.0,2.0,6.798730874147365,6.78043985211014
22.000990390777588,32.23512543013304,0.873508152725497,2.4981893354645903,0.8986224246571957,1.1054493200527913,-0.018264503679784442,38.951595306396484,0.0,2.0,6.791330996616412,6.773033595932639
22.01096200942993,32.244210293092365,0.8845890522555913,2.4980096572377652,0.9185331805263595,1.110486279479091,-0.017644434704422278,39.01826095581055,0.0,2.0,6.849691510655436,6.8315635232677945
22.021050214767456,32.25349959124298,0.895713009190756,2.497836773480021,0.939495449169148,1.1140633025789946,-0.016916601187895917,39.01826095581055,0.0,2.0,6.841939751810786,6.823803786333517
22.030964612960815,32.26300347677789,0.9068655285908065,2.497671657235378,0.9614402720082034,1.1162040250472591,-0.01608891163365338,39.01826095581055,0.0,2.0,6.834002178327744,6.815857150423044
22.040954113006592,32.27273147342972,0.9180324322523509,2.497515396752063,0.984307641044655,1.1169475617854825,-0.015143140196890444,39.08493423461914,0.0,2.0,6.891764039506087,6.873782801792903
22.051902532577515,32.280681239541366,0.9269670598130091,2.4973975587340886,1.0032225877538863,1.1165673869217427,-0.014304893010748273,39.08493423461914,0.0,2.0,6.885094849196913,6.867104684727271
22.0609188079834,32.290834647219754,0.9381255522425592,2.497260154930711,1.027587188720738,1.114917407847948,-0.013159433039929723,39.08493423461914,0.0,2.0,6.876564288723887,6.858561711851175
22.070902585983276,32.30123541231852,0.9492612205753879,2.497134628774007,1.0526796495086694,1.1120113919161214,-0.011938778236549236,39.1515998840332,0.0,2.0,6.933666641780909,6.915821734271284
22.080931663513184,32.31189035040777,0.9603617752923301,2.4970213732677027,1.0784072926836519,1.1079033662040267,-0.010711203570749953,39.1515998840332,0.0,2.0,6.924662554182273,6.906802534010166
22.0909321308136,32.32280542382731,0.9714154362682286,2.4969204739532724,1.1046945090329754,1.1026397877969931,-0.009463269425579672,39.1515998840332,0.0,2.0,6.915418402887334,6.8975417164058435
22.100948333740234,32.33398585973124,0.9824108566552534,2.4968322473996594,1.1314667882301765,1.0962616012170696,-0.008176605176934453,39.1515998840332,0.0,2.0,6.905927479903701,6.888032525738601
22.11092519760132,32.34543610489839,0.9933370668568847,2.49675699657505,1.158642085872813,1.0888031111244212,-0.006876411876436902,39.21826171875,0.0,2.0,6.961983766172747,6.94423865134304
22.121002912521362,32.35715978283154,1.0041834154142304,2.4966946368721663,1.186144112245618,1.0802926161864936,-0.00559404429636909,39.21826171875,0.0,2.0,6.951964446770037,6.934198158897471
22.13092851638794,32.369159928351216,1.0149394587717526,2.4966452061320634,1.2139280861855737,1.070744230669759,-0.004287405464408228,39.21826171875,0.0,2.0,6.941682353795057,6.9238932285395425
22.140947818756104,32.38143913348267,1.0255948883867227,2.4966089691311653,1.241949608712269,1.0601719257115074,-0.0029548817983168175,39.28493881225586,0.0,2.0,6.996911687175135,6.979265913397087
22.150946378707886,32.393999595953254,1.0361395188499163,2.4965861891512757,1.2701738704449974,1.0485862619470163,-0.001598793940397538,39.28493881225586,0.0,2.0,6.98607373483529,6.96840214003897
22.16092824935913,32.40684319268369,1.0465632724891618,2.4965770406720855,1.298572522406494,1.0359982465640492,-0.00022974991537981303,39.28493881225586,0.0,2.0,6.97496113197943,6.957261963969815
22.17090940475464,32.41997153818778,1.0568561828984488,2.496581546179658,1.3271187445070143,1.022420261067755,0.0011245926313732694,39.28493881225586,0.0,2.0,6.963570484841994,6.945841969506389
22.18094491958618,32.43338596361723,1.06700843783365,2.496599332729282,1.3557834996769675,1.0078701950685292,0.0024184026160468963,39.351600646972656,0.0,2.0,7.017607306530477,7.000014386513986
22.190941095352173,32.44708749918828,1.0770104024147567,2.496629556820947,1.3845370828166044,0.9923641522201665,0.003610575532588718,39.351600646972656,0.0,2.0,7.005633028609557,6.988007814451622
22.20099639892578,32.461077012104234,1.086852530541355,2.496671479074097,1.4133789334196247,0.9759026327352537,0.004770717263327135,39.351600646972656,0.0,2.0,6.993371643488578,6.975712464388457
22.21090841293335,32.47535527557853,1.0965253040292884,2.4967248080993594,1.44227937037277,0.9584963017850118,0.005879771700841647,39.41826248168945,0.0,2.0,7.046493010712837,7.0289635235248955
22.22099733352661,32.48992263422245,1.1060193672539345,2.496788689921523,1.4711910711936982,0.9401620822911457,0.006878723770205314,39.41826248168945,0.0,2.0,7.033631415220292,7.016065270701225
22.23095154762268,32.50477898310925,1.1153254704311035,2.4968620217786412,1.500067259205907,0.9209061285721961,0.007766422460180881,39.41826248168945,0.0,2.0,7.020475543637989,7.0028711961689805
22.24093723297119,32.519923605111764,1.1244344862978384,2.496943479786605,1.5288321105677665,0.9007480649945199,0.00849828369057114,39.484928131103516,0.0,2.0,7.072665253153431,7.055185395229629
22.250943660736084,32.53535498448066,1.1333374777007188,2.4970314641480384,1.5574040100358566,0.879704394709336,0.009071888757463106,39.484928131103516,0.0,2.0,7.058899420942024,7.041379180148056
22.260921478271484,32.55107072246035,1.1420257102554519,2.497124350500142,1.5856875138787128,0.8578011552299112,0.009477929550874828,39.484928131103516,0.0,2.0,7.04483739387506,7.027275523720424
22.270931720733643,32.56706745764136,1.1504907285012393,2.4972205104498806,1.613588448375776,0.8350662649501325,0.009731560772255718,39.551597595214844,0.0,2.0,7.096091769069201,7.078650306311198
22.280962228775024,32.58334095269349,1.1587243513858678,2.4973186593476133,1.641027230027229,0.8115267637810452,0.00988594202805165,39.551597595214844,0.0,2.0,7.0814241934425075,7.063939606093583
22.290916442871094,32.59988620680852,1.1667186993382817,2.497418017043265,1.6679275054057,0.787218580257188,0.009974845592021846,39.551597595214844,0.0,2.0,7.066466474466785,7.048937774663909
22.300933122634888,32.61669746183314,1.174466336156497,2.49751789118106,1.6942170349810572,0.762193629931194,0.009987799008384665,39.551597595214844,0.0,2.0,7.051222240632305,7.033648486720276
22.31090474128723,32.633768353038114,1.1819603540856252,2.4976175652366965,1.7198486247660782,0.7365038894248139,0.00993699150497782,39.61825942993164,0.0,2.0,7.1012512364419,7.083794596248222
22.32101321220398,32.65109215123766,1.1891943891479726,2.4977164550264708,1.744796405436801,0.710206196444331,0.009835588383436147,39.61825942993164,0.0,2.0,7.0854304635702405,7.067927785743503
22.330939531326294,32.66866198701056,1.1961626386140993,2.4978141960801503,1.769054404138138,0.6833591527439625,0.009701107891077908,39.61825942993164,0.0,2.0,7.069337214370978,7.051787693675377
22.34090518951416,32.68647089450247,1.202860037853767,2.497910088161461,1.7926127794169096,0.6560482129384188,0.009463913955122166,39.68492889404297,0.0,2.0,7.118511157390351,7.101076442483771
22.350978136062622,32.7045120094842,1.209282258677468,2.4980032713727023,1.8154960581347444,0.6283405882573176,0.009142926954411148,39.68492889404297,0.0,2.0,7.101872339156989,7.084390126424805
22.36097288131714,32.72277847973972,1.2154259962855982,2.4980919305928637,1.8376870212948355,0.6003669123506852,0.00855418097289059,39.68492889404297,0.0,2.0,7.084976662992717,7.067446408981795
22.370924472808838,32.74126362982363,1.2212888622153433,2.49817396466602,1.8592387258738978,0.5721766851237617,0.007835377673458642,39.7515983581543,0.0,2.0,7.133338404091127,7.115921548767263
22.380935192108154,32.7599611209442,1.2268691799440083,2.498248014507285,1.880154365408269,0.543875960595436,0.006949663259539843,39.7515983581543,0.0,2.0,7.1159293367345775,7.098464569288161
22.39089870452881,32.77886463143743,1.2321662960284159,2.4983126022860964,1.900440029242427,0.5155548603128154,0.005939152184554142,39.7515983581543,0.0,2.0,7.098279006517033,7.080766159446538
22.40093207359314,32.79796768625796,1.237180676653384,2.498365985506502,1.9200604259279725,0.4873462242006926,0.0047119831785547685,39.81825637817383,0.0,2.0,7.1458685966113435,7.128468934106839
22.410890817642212,32.81726362998192,1.241913847470433,2.498406559151967,1.9390137066145516,0.45933141335719496,0.0033798127522553386,39.81825637817383,0.0,2.0,7.127738671063927,7.110291798848656
22.42099690437317,32.83674559033724,1.2463684172724319,2.498432945359127,1.9572615855284257,0.43164268250189797,0.0018840964008329907,39.81825637817383,0.0,2.0,7.1093855229036675,7.091891645552185
22.430956840515137,32.856406547443385,1.2505480217247362,2.498444247475596,1.9748136185119107,0.4043527250534899,0.00037988114655074625,39.81825637817383,0.0,2.0,7.090815897209761,7.07327529651442
22.440918684005737,32.8762395007843,1.2544571843046095,2.4984404481334246,1.9916595933713306,0.377573300068415,-0.0011418053545460987,39.88493728637695,0.0,2.0,7.137503089831923,7.120077771838225
22.450950145721436,32.89623741940786,1.2581015026762639,2.4984214342512354,2.00780973223754,0.351398382636844,-0.0026591338371875287,39.88493728637695,0.0,2.0,7.118508913229732,7.101038319964911
22.46101689338684,32.916393454935985,1.2614874401033633,2.4983873091412327,2.0232885961305596,0.3259089065404673,-0.0041607639828278396,39.88493728637695,0.0,2.0,7.099319939414305,7.081804409347416
22.470930576324463,32.93670108728395,1.2646221805510678,2.4983383446611693,2.0381363195444857,0.3011692169388605,-0.005626989091396622,39.88493728637695,0.0,2.0,7.079943265569842,7.062383134461633
22.481131553649902,32.95715423313752,1.2675135098336028,2.4982748451126304,2.052400131435037,0.2772343387153918,-0.007068363501551871,39.95159912109375,0.0,2.0,7.125807154950218,7.108364775971173
22.490899085998535,32.97774733497931,1.2701696761379093,2.498197085333534,2.0661379877141988,0.25414086691291327,-0.008474979381536562,39.95159912109375,0.0,2.0,7.106063613330987,7.088578118414991
22.500926971435547,32.99847547010225,1.2725991593989692,2.4981056744434076,2.0794181627829276,0.23189768943366298,-0.009786535715839142,39.95159912109375,0.0,2.0,7.086151733444116,7.068623425142999
22.51093077659607,33.01933436558977,1.2748104811007943,2.4980017698692034,2.0922977649771943,0.21051012683153164,-0.010977381724933519,39.95159912109375,0.0,2.0,7.066076858195072,7.04850596957448
22.52094340324402,33.040320217588395,1.276812242609483,2.4978863631392967,2.1048151848760464,0.18998565122476474,-0.01209288255082022,40.01826095581055,0.0,2.0,7.11124442552904,7.093793516096855
22.530924081802368,33.06142956953357,1.2786130407797487,2.4977601411218875,2.1170027120535915,0.17031423767854936,-0.013136949068828193,40.01826095581055,0.0,2.0,7.090847580030903,7.073355232500375
22.540956735610962,33.082659273526524,1.280221265953886,2.4976240662208955,2.1288898693241407,0.15146513585912014,-0.014052357826248392,40.01826095581055,0.0,2.0,7.070301754266487,7.052768051276147
22.550939798355103,33.104006419694386,1.2816449872460236,2.4974796069314826,2.140492417598004,0.13340927749988468,-0.014816185559750495,40.08871841430664,0.0,2.0,7.1187289230821165,7.101324913071727
22.560935020446777,33.12546819239205,1.2828919987126386,2.4973282038549884,2.1518162820999156,0.11611699827439247,-0.015439003219983097,40.08871841430664,0.0,2.0,7.09788707121381,7.080442467343021
22.570926427841187,33.14704183289049,1.2839697421476626,2.4971713385831085,2.1628662404786128,0.0995491855491247,-0.015909681647052726,40.08871841430664,0.0,2.0,7.076908322116425,7.059422926821441
22.580979347229004,33.16872460631896,1.2848852632442591,2.49701046777259,2.1736429488740967,0.08366557857646993,-0.01624300949138574,40.15153121948242,0.0,2.0,7.117410887507982,7.100036502479521
22.590900897979736,33.19051378385519,1.2856451940787061,2.496846872033399,2.1841474525029714,0.0684238573600123,-0.0164575636331961,40.15153121948242,0.0,2.0,7.096161224099506,7.078746167518936
22.60096549987793,33.212406667206345,1.2862557217749537,2.4966817175744036,2.194385415087416,0.05377674018230555,-0.016552473924825485,40.15153121948242,0.0,2.0,7.074785937565329,7.0573297594628155
22.610904693603516,33.23440062534841,1.2867225563614604,2.4965162224643636,2.204363360753695,0.03967794865078283,-0.01652797829280722,40.21827697753906,0.0,2.0,7.11875777077065,7.1014212549135
22.62100386619568,33.25649308963606,1.28705096499032,2.496351503458359,2.2140878811160616,0.026084576757843054,-0.016399792027861435,40.21827697753906,0.0,2.0,7.097133217245801,7.079755298620735
22.630950927734375,33.2786815633842,1.2872458005725573,2.4961885183272345,2.223566555162014,0.012957145897727784,-0.01618440546921002,40.21827697753906,0.0,2.0,7.075393226455382,7.057973240474274
22.640905618667603,33.30096362493208,1.2873115429624102,2.4960280355868374,2.2328062242970237,0.00026025200669496857,-0.01590172604851677,40.28493118286133,0.0,2.0,7.118919698306803,7.101617693093067
22.65094757080078,33.323336891725575,1.287252331461759,2.495870686949503,2.2418069117129025,-0.012038923435202575,-0.015556867377989555,40.28493118286133,0.0,2.0,7.096950146182754,7.079605472003905
22.660945177078247,33.34579895200079,1.2870719785598776,2.49571719372271,2.250563956592401,-0.023973547035799857,-0.015126475033229113,40.28493118286133,0.0,2.0,7.074874269661185,7.057486124347788
22.670913696289062,33.368347335616505,1.2867739711947699,2.495568448151472,2.2590707299688457,-0.03557520527994065,-0.014607760655525904,40.35160827636719,0.0,2.0,7.118097267273167,7.100825347771797
22.681002378463745,33.3909795302418,1.286361466242993,2.4954253604571397,2.2673267606399876,-0.04687929395058222,-0.013994377050299617,40.35160827636719,0.0,2.0,7.095810359008052,7.078494074534632
22.69092321395874,33.41369305968924,1.2858372493414025,2.4952888435569442,2.2753398669446616,-0.057924380742667224,-0.013295455302646246,40.35160827636719,0.0,2.0,7.0734260457120275,7.056064411951276
22.700955867767334,33.43648558006679,1.2852036973661978,2.495159723707878,2.283128968575266,-0.06875387216047277,-0.012515876180336605,40.35160827636719,0.0,2.0,7.050947000268484,7.033538970433921
22.71092414855957,33.45935498523966,1.284462737129756,2.4950387511439684,2.290722170793898,-0.07941381814503952,-0.011668722012303644,40.41827392578125,0.0,2.0,7.093762098438139,7.076467857914943
22.720993041992188,33.48229948875548,1.283615828527986,2.4949265331043207,2.298155132214656,-0.08995152379435076,-0.010766348183713808,40.41827392578125,0.0,2.0,7.071093498143918,7.053751554054235
22.730956554412842,33.50531768891808,1.2826639568405431,2.494823573846115,2.3054683029103202,-0.10041388540205573,-0.009820518712576701,40.41827392578125,0.0,2.0,7.048336053863851,7.030945225143145
22.740906238555908,33.528408583737516,1.281607667499782,2.4947301393669856,2.312700196601688,-0.11084138075238284,-0.00886579389013223,40.48493576049805,0.0,2.0,7.090877694982487,7.073597993553357
22.750926733016968,33.551571535997795,1.280447125100631,2.4946462768515425,2.319884464483053,-0.12126949205192193,-0.007907873886335678,40.48493576049805,0.0,2.0,7.067938826062486,7.050608790009446
22.760919094085693,33.574806179855614,1.2791822015387788,2.4945718626867692,2.327040682880569,-0.13172086753868503,-0.00697941208310879,40.48493576049805,0.0,2.0,7.044913005379458,7.027531424760985
22.77089762687683,33.59811228061741,1.2778125636445457,2.494506642274356,2.334175385907805,-0.14221488116334768,-0.006068095870119948,40.551605224609375,0.0,2.0,7.087200144571013,7.0699270908513565
22.780972957611084,33.62148957586917,1.276337728030778,2.494450398562924,2.34127634390238,-0.15276200898708314,-0.005183259036725342,40.551605224609375,0.0,2.0,7.063994769077033,7.046668780417358
22.79094910621643,33.644937611807535,1.274757112562988,2.494402967012656,2.3483181889766445,-0.16337217043683144,-0.004302533179071362,40.551605224609375,0.0,2.0,7.040702912603734,7.023322804040533
22.800933837890625,33.668455621189864,1.2730700541290036,2.4943643639223847,2.3552643852374215,-0.1740517545361897,-0.003416174345671508,40.61826705932617,0.0,2.0,7.082724229608736,7.065450190070713
22.810907125473022,33.69204244304165,1.2712758140381188,2.4943346920496596,2.3620736165943383,-0.18481037664967664,-0.0025164169890048464,40.61826705932617,0.0,2.0,7.059256081085866,7.041926556744535
22.821008920669556,33.71569649998427,1.2693735381427724,2.494314066951994,2.3687050630220683,-0.19566201221591453,-0.0016059234828036662,40.61826705932617,0.0,2.0,7.03570436437016,7.018318139414221
22.83095145225525,33.73941583612739,1.267362187809706,2.494302635050516,2.375124376548221,-0.20662954132070757,-0.0006773674134075155,40.61826705932617,0.0,2.0,7.012070747005554,6.994626585171873
22.8409104347229,33.76319819660114,1.2652404708471585,2.494300578973257,2.3813068566370865,-0.2177400939747617,0.00026843819552954337,40.68494415283203,0.0,2.0,7.05377442182847,7.0364337935966015
22.85094165802002,33.78704114463302,1.2630068115102533,2.494308030290994,2.387241302358073,-0.22902295349641683,0.0012225218729323736,40.68494415283203,0.0,2.0,7.029978132629744,7.01257813620941
22.86093235015869,33.81094221533469,1.26065933942863,2.4943250554117435,2.392934362748172,-0.24050734531674461,0.0021840731832417173,40.68494415283203,0.0,2.0,7.006106041676334,6.9886454057138865
22.870906591415405,33.834899121717555,1.2581959102249192,2.4943517308747785,2.3984149722304826,-0.2522176810356767,0.003150751222709154,40.75160598754883,0.0,2.0,7.047572238023749,7.030212714871733
22.880939483642578,33.858909967955405,1.2556141799937055,2.494388056307657,2.4037322682469884,-0.2641695602238784,0.004113851926328138,40.75160598754883,0.0,2.0,7.0235493119746755,7.006127702769932
22.89092230796814,33.882973448193184,1.2529116881958609,2.4944339887901252,2.408954225558839,-0.2763703652928673,0.005071450919495708,40.75160598754883,0.0,2.0,6.999454666499662,6.981969683342443
22.900927782058716,33.90708899897674,1.250085947657355,2.4944894753526476,2.4141604203222515,-0.28881827017258066,0.006024364750494784,40.818267822265625,0.0,2.0,7.040712140489886,7.023325964527571
22.910921096801758,33.931256896069456,1.2471345334701474,2.49455441624621,2.41943851171914,-0.3015028708152535,0.006960005931197995,40.818267822265625,0.0,2.0,7.016469775659825,6.999018791382062
22.92098307609558,33.95547831601351,1.244055142804689,2.4946286360855434,2.4248808397556143,-0.3144117371873276,0.00788357760805413,40.818267822265625,0.0,2.0,6.992153494675211,6.974636406685506
22.93098020553589,33.97975537790655,1.2408455895395778,2.4947120800061384,2.430582369833282,-0.3275333299821227,0.00880434939964708,40.818267822265625,0.0,2.0,6.967760778818239,6.950176273213059
22.940922021865845,34.004091126358006,1.2375038022809919,2.494804721962528,2.4366326658166813,-0.34085727357797996,0.009724555632870521,40.88494110107422,0.0,2.0,7.008733391140544,6.991245385137902
22.951175928115845,34.02848947046337,1.2340277908200519,2.494906563231895,2.4431141068343423,-0.3543771939069885,0.010641598988393002,40.88494110107422,0.0,2.0,6.984173971039982,6.966617080866609
22.96096682548523,34.052955065575674,1.2304156226621705,2.4950174724958005,2.450091889860612,-0.36808795074632145,0.011534436198112154,40.88494110107422,0.0,2.0,6.9595257088263125,6.941898572706048
22.970934629440308,34.077493102519746,1.226665406120411,2.49513710049236,2.4576069780747614,-0.3819864589801614,0.012382335233733366,40.95161437988281,0.0,2.0,7.000243717382428,6.9827108886497795
22.98107409477234,34.10210904299508,1.2227752712925843,2.4952649546758283,2.4656724360105713,-0.39607150206365815,0.013180364770900146,40.95161437988281,0.0,2.0,6.975398920453812,6.9577943864516545
22.990936756134033,34.126808337434234,1.218743362849616,2.495400532730354,2.474272985583145,-0.410340560643742,0.013926965010728766,40.95161437988281,0.0,2.0,6.950448517136296,6.932770939641135
23.00097942352295,34.151596165322566,1.214567851833019,2.495543397799796,2.4833718004841527,-0.4247916739103148,0.014641807933979591,41.01826858520508,0.0,2.0,6.990846046637302,6.9732607285746475
23.01089382171631,34.1764772719471,1.2102469412752004,2.4956932622397257,2.4929199718100024,-0.4394190651588361,0.015323874538537209,41.01826858520508,0.0,2.0,6.9656670781245476,6.948007342615457
23.02097773551941,34.20145589066792,1.2057789081676396,2.495849736091403,2.5028663827684943,-0.4542154092498509,0.01596592718490828,41.01826858520508,0.0,2.0,6.940367789142502,6.922632309157035
23.030917167663574,34.226535782818026,1.2011620869320991,2.496012491885347,2.5131678042153225,-0.469175297587412,0.016579726277803998,41.01826858520508,0.0,2.0,6.914944194294678,6.897131636999787
23.040919542312622,34.25172030650412,1.1963948883333675,2.4961812201935945,2.5237878153803868,-0.4842895497735835,0.01716189202698672,41.084938049316406,0.0,2.0,6.954884704492783,6.937162636807275
23.05132031440735,34.27701252359865,1.19147581075471,2.4963556472536967,2.534703212008821,-0.49954895023032775,0.017717087286707248,41.084938049316406,0.0,2.0,6.929201505216429,6.91140105704574
23.060943603515625,34.30241529522107,1.1864034813450364,2.496535370915824,2.5458963758983515,-0.5149369149387384,0.018217266539022958,41.084938049316406,0.0,2.0,6.903384351529268,6.885504203060852
23.070921897888184,34.32793133938603,1.1811767061606537,2.4967197706290167,2.557355957477277,-0.5304345399940871,0.018650384758118164,41.15160369873047,0.0,2.0,6.94293982469901,6.925148581717059
23.080941438674927,34.35356326649442,1.1757945028420755,2.4969081245289435,2.5690711998387474,-0.5460184187379671,0.01900820922709431,41.15160369873047,0.0,2.0,6.916846399585046,6.8989743028387736
23.090934991836548,34.37931357592957,1.1702561394987914,2.4970996950695556,2.581030121526572,-0.5616617645062499,0.019294584600807588,41.15160369873047,0.0,2.0,6.8906110793063515,6.87265690540574
23.101017236709595,34.40518463604802,1.164561162515781,2.497293830550912,2.593219102770283,-0.5773363270012516,0.019523666903049536,41.21826934814453,0.0,2.0,6.929763859566018,6.911897423677764
23.11089539527893,34.431178681903845,1.1587094112806193,2.4974899899811684,2.6056255531190655,-0.5930116914662292,0.019700526446914727,41.21826934814453,0.0,2.0,6.903238624130937,6.885289188666059
23.120983600616455,34.457297858460436,1.1527010049333428,2.4976877709048733,2.6182456192355494,-0.6086641732760304,0.019854804659006815,41.21826934814453,0.0,2.0,6.8765651460888355,6.858531555012014
23.130982398986816,34.48354432196792,1.1465362661167333,2.4978870813401297,2.631084238253823,-0.6242754773763662,0.020007755847224994,41.21826934814453,0.0,2.0,6.84974146471937,6.831622544295789
23.140907049179077,34.50992031251221,1.1402156697734271,2.4980879631134396,2.6441537936591932,-0.6398345409325504,0.020170204466353932,41.284934997558594,0.0,2.0,6.888323988837165,6.87029226133729
23.15099048614502,34.5364282302011,1.1337397645849252,2.4982904908000374,2.6574732862045636,-0.6553372520081931,0.020335038735916387,41.284934997558594,0.0,2.0,6.861195439286996,6.843077483330941
23.161015033721924,34.56307069076209,1.1271090933970624,2.498494658978215,2.6710662757715604,-0.6707894390231738,0.020496659628222613,41.284934997558594,0.0,2.0,6.8339104173549865,6.815705001494945
23.170933723449707,34.58985053718386,1.120324100497377,2.4987003478047844,2.684953773084716,-0.6862047539083448,0.020637306146640496,41.35160446166992,0.0,2.0,6.8720553157231326,6.853936257761517
23.180938005447388,34.616770812109074,1.113385038709745,2.498907356748494,2.6991543619817207,-0.7016076995973282,0.020760782707911485,41.35160446166992,0.0,2.0,6.844451700632971,6.826244247877437
23.19095230102539,34.64383469336714,1.1062919008534469,2.4991154540834217,2.7136754235524667,-0.7170245259121717,0.020852502499037157,41.35160446166992,0.0,2.0,6.816683450986675,6.79838635519126
23.200931072235107,34.671045388320394,1.0990444015662837,2.499324310556988,2.728516123649763,-0.7324849973906883,0.02091333029213481,41.418270111083984,0.0,2.0,6.854361007650502,6.8361495051005425
23.210896253585815,34.69840603758886,1.0916419652071419,2.4995335856559184,2.743663058240248,-0.7480160960144079,0.020934058445500264,41.418270111083984,0.0,2.0,6.826257331045325,6.807955298505697
23.220977306365967,34.72591959497769,1.0840837651512187,2.499742841716785,2.759093379874664,-0.7636412942023528,0.02090969148758344,41.418270111083984,0.0,2.0,6.797980284477133,6.7795864947865825
23.23092555999756,34.75358875051415,1.0763687678726737,2.4999516248685896,2.7747770768829483,-0.7793775912450899,0.02083875694719232,41.418270111083984,0.0,2.0,6.769527235308792,6.751040465171184
23.240904808044434,34.78141586285742,1.0684958156854947,2.5001594523063986,2.790678697724274,-0.7952329343170015,0.020718841238558997,41.48493957519531,0.0,2.0,6.806546330389974,6.788145068427293
23.25092339515686,34.80940292908068,1.0604637133518418,2.5003658453814337,2.8067614709529125,-0.8112065020371997,0.02055068300507252,41.48493957519531,0.0,2.0,6.777738470919309,6.759243508038109
23.260972499847412,34.83755156316031,1.052271334204369,2.5005702482786814,2.8229859300954603,-0.8272855268027158,0.020319454630143324,41.48493957519531,0.0,2.0,6.748748989019867,6.730159161812958
23.270922422409058,34.86586300323576,1.0439177139445037,2.5007720436792917,2.8393169865448855,-0.8434508290756475,0.020030185682597616,41.551612854003906,0.0,2.0,6.78526255205089,6.766758105661338
23.280994176864624,34.89433814133524,1.0354021252493777,2.5009706398821026,2.8557200646716026,-0.8596740041470274,0.019679497413806205,41.551612854003906,0.0,2.0,6.7559111704441825,6.7373113451070825
23.290921688079834,34.92297754747981,1.026724146070706,2.5011654693140843,2.872165448074284,-0.8759227917995132,0.019275732454412667,41.551612854003906,0.0,2.0,6.726376091674864,6.707679814885503
23.30091118812561,34.95178145407637,1.0178837442927335,2.501355765658342,2.888613464196479,-0.8921505141314473,0.01876498402455024,41.61826705932617,0.0,2.0,6.762357225528469,6.743746558249223
23.3108913898468,34.980749715581176,1.0088813419037304,2.5015404576551803,2.9050293838574657,-0.9083149077257157,0.01815266040395981,41.61826705932617,0.0,2.0,6.732460239854526,6.713752903596996
23.32099938392639,35.0098817390009,0.99971785761925,2.501718234697805,2.921356153110812,-0.9243578558977525,0.01737813992243986,41.61826705932617,0.0,2.0,6.702381183114074,6.683576313376943
23.33094620704651,35.03917636176053,0.990394736604992,2.501887643700815,2.937538058541384,-0.9402339872753004,0.016482893078697877,41.61826705932617,0.0,2.0,6.6721216526671006,6.653218479885476
23.340917110443115,35.06863173624145,0.9809139322194143,2.5020473656705255,2.953492233342968,-0.955885651934097,0.015440843968520206,41.6849365234375,0.0,2.0,6.707438612232857,6.688623264880115
23.3509578704834,35.09824517914284,0.9712779128038637,2.5021961861773154,2.9691374211804717,-0.971270088004676,0.014312371201604971,41.6849365234375,0.0,2.0,6.676831932759565,6.657918867702337
23.360952854156494,35.12801313311245,0.9614895819211606,2.50233331835317,2.984378641966794,-0.9863405275032722,0.01310361113969262,41.6849365234375,0.0,2.0,6.6460548692786485,6.627043576341921
23.370387315750122,35.148940272875485,0.9545488918316669,2.5024220144628115,2.9947621419391295,-0.9966845225372456,0.012237602104370105,41.75160598754883,0.0,2.0,6.690200744913174,6.671308576780114
23.380472421646118,35.18197002175143,0.9434975876519497,2.5025489900583135,3.0105286510141687,-1.0125647070134873,0.010843066260802676,41.75160598754883,0.0,2.0,6.656039355984335,6.637040335948225
23.390453338623047,35.212144290890066,0.9333015166657792,2.5026510754707965,3.0242185624735014,-1.0265810408843636,0.009577314573299663,41.75160598754883,0.0,2.0,6.624822194349799,6.605725622751655
23.400459051132202,35.24245218169504,0.9229673758775144,2.502740538019886,3.0372465581179307,-1.0401757718682467,0.008318051094910277,41.81827163696289,0.0,2.0,6.659280616837068,6.640276371147014
23.410428524017334,35.2728869320685,0.9124994353905987,2.502817570364266,3.049587684223336,-1.0533400369064594,0.007095058971366381,41.81827163696289,0.0,2.0,6.627785577681326,6.608684903568452
23.42052674293518,35.303441591818306,0.9019020415713871,2.502882448843202,3.0612271631470453,-1.066065587127349,0.005883161769087587,41.81827163696289,0.0,2.0,6.59616013807001,6.5769626583788074
23.43045973777771,35.33410914602775,0.8911795764036886,2.502935359518081,3.0721677274667933,-1.0783549909702428,0.004705599084242196,41.81827163696289,0.0,2.0,6.564412252601359,6.5451175884203385
23.440470457077026,35.364882630326974,0.8803363990955168,2.502976590759509,3.0824142739494538,-1.09020796931562,0.0035437469227367607,41.88494110107422,0.0,2.0,6.59841951442824,6.579221430954833
23.450491666793823,35.39575515488169,0.869376858520034,2.5030063595884138,3.09197759503637,-1.1016281724045083,0.0024167891845293657,41.88494110107422,0.0,2.0,6.56645762677101,6.5471635359438505
23.460511922836304,35.426719934205686,0.8583052899007129,2.5030249890087903,3.1008674543202397,-1.1126120331314946,0.0013138389578980928,41.88494110107422,0.0,2.0,6.534396892631147,6.5150064167934865
23.470431327819824,35.45777033353599,0.8471261219855561,2.5030327856973957,3.1091063390738554,-1.1231438876000879,0.00025290756384355526,41.95160675048828,0.0,2.0,6.568148602168844,6.5488574634577335
23.480472326278687,35.48889999230491,0.8358440400575874,2.5030301082362327,3.116725546171548,-1.1331871717421709,-0.0007837298772451001,41.95160675048828,0.0,2.0,6.535920225290467,6.516533887088198
23.490445613861084,35.52010292901733,0.8244641823551905,2.503017263018439,3.123770169277754,-1.1426886873288058,-0.0017771783598706584,41.95160675048828,0.0,2.0,6.503615068596593,6.4841331412596785
23.500465869903564,35.55137364556887,0.8129923076512675,2.5029946643286194,3.1302902674135624,-1.151577703120476,-0.0027359798364681265,41.95160675048828,0.0,2.0,6.471239751542939,6.4516618238719285
23.510457754135132,35.582707171979116,0.8014349375856448,2.5029627274155373,3.136341499242351,-1.1597737889538866,-0.0036415285368698053,42.01827621459961,0.0,2.0,6.504753520825169,6.485279243141205
23.520517349243164,35.61409909123093,0.7897994263902852,2.502921987405846,3.1419775942486785,-1.1671916507080342,-0.0044971535596665235,42.01827621459961,0.0,2.0,6.472263768328772,6.452694612439451
23.530452966690063,35.64554551331673,0.7780939805930905,2.5028730161766295,3.147250222212988,-1.1737469817477448,-0.005284860660078018,42.01827621459961,0.0,2.0,6.439721120056918,6.420056606737089
23.54046630859375,35.67704303238579,0.7663276222888324,2.5028165011386325,3.1522037973587747,-1.1793620052143214,-0.0060063893429256375,42.084938049316406,0.0,2.0,6.473113702578102,6.453555343582875
23.550477266311646,35.708588652880316,0.7545101011806075,2.5027531573698667,3.1568761668260654,-1.1839694722609453,-0.006647702009304219,42.084938049316406,0.0,2.0,6.4404873926947355,6.420834612277011
23.560467958450317,35.74017971814476,0.7426517592413509,2.5026838551870494,3.1612969552115326,-1.1875196716903886,-0.0071966484277557275,42.084938049316406,0.0,2.0,6.407821858848918,6.388074038117928
23.570468187332153,35.771813823616625,0.7307633272821231,2.5026095512862243,3.1654869937829684,-1.1899850183276646,-0.007647886499450752,42.151607513427734,0.0,2.0,6.441148882466406,6.421509368135663
23.580583572387695,35.80348873444904,0.7188556780810395,2.502531216505209,3.1694597683710186,-1.191365351125964,-0.008003208859402443,42.151607513427734,0.0,2.0,6.408424388372972,6.388690438417821
23.59048080444336,35.835202321203504,0.7069395569008049,2.5024497977712725,3.173223094132486,-1.1916855592567543,-0.008265534655172166,42.151607513427734,0.0,2.0,6.375672034283815,6.35584283077141
23.600462913513184,35.86695251352667,0.6950253369114716,2.502366205000306,3.1767815385290974,-1.1909953422060933,-0.008437721810986433,42.218265533447266,0.0,2.0,6.408947581302892,6.389228223812466
23.610431671142578,35.89873727729248,0.6831227991652747,2.5022813320852184,3.1801375557352025,-1.1893605003027958,-0.008522814746781023,42.218265533447266,0.0,2.0,6.376157202864388,6.356342827371579
23.62054181098938,35.93055459525411,0.671241049156848,2.50219604805736,3.183292789969618,-1.1868484887216462,-0.008519420111413276,42.218265533447266,0.0,2.0,6.34334882053884,6.323438415003903
23.630459308624268,35.96240247644958,0.6593885621217026,2.502111214906234,3.186251232362385,-1.1835163043801038,-0.008434144600629401,42.28493881225586,0.0,2.0,6.376627217078179,6.356827746089049
23.640445709228516,35.994278995450514,0.6475733091782964,2.5020276449498273,3.189022507955212,-1.1794075709027594,-0.008266258861726676,42.28493881225586,0.0,2.0,6.343798852251185,6.323903234674735
23.650474309921265,36.02618235489297,0.6358029120392827,2.5019461389807733,3.1916224993034263,-1.1745479972862904,-0.008023100387477984,42.28493881225586,0.0,2.0,6.31096091431226,6.290967949015424
23.660499811172485,36.058110946417216,0.6240848164060647,2.501867431322815,3.194072674234104,-1.1689477015688936,-0.0077070072016788,42.28493881225586,0.0,2.0,6.278115803923641,6.258024219260679
23.67043662071228,36.0900633793672,0.6124264416264121,2.5017921954871394,3.196394103062584,-1.1626020658724396,-0.007331141156730357,42.35160446166992,0.0,2.0,6.31139907462836,6.291419781874987
23.68089485168457,36.12203846386131,0.6008353077941808,2.5017210134382695,3.1986059300777425,-1.1554963042866078,-0.006895499542515873,42.35160446166992,0.0,2.0,6.278552346159971,6.258473902489756
23.690444469451904,36.15403518283526,0.5893191244207593,2.5016544519641024,3.2007231140032437,-1.1476078794191813,-0.0064092448676214995,42.35160446166992,0.0,2.0,6.245704058433978,6.225525037807113
23.700637340545654,36.18605264889654,0.5778858418418419,2.5015930039683374,3.2027568849933155,-1.1389120028006077,-0.0058722669327075745,42.418277740478516,0.0,2.0,6.279026770127293,6.258960108384236
23.710439443588257,36.21809006408868,0.5665436544361598,2.501537134359966,3.204713652391633,-1.1293853242598966,-0.0052958530673590425,42.418277740478516,0.0,2.0,6.246185910776296,6.226017903510903
23.720536470413208,36.25014667875237,0.5553009669834446,2.5014872430707102,3.20659734635256,-1.1190095520653798,-0.004675700590511743,42.418277740478516,0.0,2.0,6.213347681687086,6.1930767764144194
23.730472564697266,36.28222177718602,0.5441663267796655,2.5014437088630936,3.2084110014625815,-1.107775062110684,-0.004027581585267428,42.48493576049805,0.0,2.0,6.246697010671627,6.226538183451175
23.740442037582397,36.31431468425268,0.5331483344666633,2.5014068104101286,3.2101602989151625,-1.095680489253977,-0.003346971267794052,42.48493576049805,0.0,2.0,6.213873220679175,6.193610547422893
23.750478506088257,36.34642479599012,0.5222555531713422,2.501376828314388,3.211853606326106,-1.0827353400002064,-0.0026473972926560393,42.48493576049805,0.0,2.0,6.181055447751054,6.160687276936103
23.760496139526367,36.37855161140923,0.5114964045013979,2.5013539391375135,3.213503426059842,-1.0689576946148474,-0.001928114272889421,42.48493576049805,0.0,2.0,6.148244604791658,6.1277692472922825
23.770437002182007,36.41069477004949,0.5008790822284437,2.501338264450901,3.2151250542447447,-1.0543752094934744,-0.001207397772939123,42.55161666870117,0.0,2.0,6.18167790132715,6.161314926243732
23.780466079711914,36.4428540840424,0.4904114848966861,2.501329853543487,3.2167382375501017,-1.039017873094014,-0.0004717742669697981,42.55161666870117,0.0,2.0,6.148887327175495,6.128416087395296
23.79044508934021,36.47502958778767,0.4801011892591434,2.5013288510422114,3.2183674865169865,-1.0229211510104161,0.0002716377954282285,42.55161666870117,0.0,2.0,6.116104832386399,6.095523579140101
23.8004789352417,36.507221586046576,0.46995540916792744,2.5013353393417703,3.220042500831769,-1.006120573498998,0.0010279699645190695,42.55161666870117,0.0,2.0,6.083330265923277,6.0626372150925585
23.810473442077637,36.53943070169913,0.4599809999640714,2.50134940448739,3.221796665455178,-0.9886534977497277,0.001781760497379095,42.6182746887207,0.0,2.0,6.1168029201745675,6.096222333451779
23.820513248443604,36.571657890928414,0.45018442196178665,2.501370837453685,3.223661962868811,-0.9705614392411701,0.0024966038474259944,42.6182746887207,0.0,2.0,6.084045810952606,6.063352266949444
23.830464124679565,36.60390438559039,0.4405717084661408,2.5013991520459062,3.2256600824309163,-0.9518886273967321,0.003155306967409001,42.6182746887207,0.0,2.0,6.051293637161309,6.0304853514022065
23.840431690216064,36.63617155391626,0.4311484058691897,2.5014336772481616,3.2277959941700076,-0.9326887984373995,0.003736396378622272,42.684940338134766,0.0,2.0,6.0848112941568155,6.064115166520152
23.85047173500061,36.66846072063712,0.421919491740314,2.501473619509014,3.2300558636546906,-0.9130214906813737,0.004239176773345036,42.684940338134766,0.0,2.0,6.052067319217333,6.03125551152287
23.860478162765503,36.700772982515716,0.41288931571432375,2.501518219449341,3.232408746607547,-0.8929522641588038,0.004669924218029867,42.684940338134766,0.0,2.0,6.01932363738048,5.998394495786996
23.870434522628784,36.73310906452529,0.40406156354958656,2.5015668142688763,3.2348121527980274,-0.872547823752271,0.005039609773789665,42.75160598754883,0.0,2.0,6.052862151805359,6.032045337991249
23.880488634109497,36.76546923595346,0.3954392666306574,2.501618863068291,3.2372186818093915,-0.8518709199208041,0.005364227957531792,42.75160598754883,0.0,2.0,6.020118512635782,5.999183729674741
23.890470266342163,36.79785329263132,0.387024870913372,2.501673990359802,3.2395817664734023,-0.8309759284568267,0.00565614943981021,42.75160598754883,0.0,2.0,5.9873730630007085,5.966318748017319
23.900463581085205,36.83026059066668,0.3788203303616261,2.5017319073678483,3.241860971214432,-0.8099058313366597,0.005924054800833062,42.818275451660156,0.0,2.0,6.020926982205062,5.999985568163808
23.910442352294922,36.862690128204285,0.3708272369240568,2.5017924053892964,3.244025441684525,-0.7886904682118389,0.006172342589424418,42.818275451660156,0.0,2.0,5.988180441729698,5.967119018806957
23.92056703567505,36.8951406549912,0.3630469553112573,2.501855329382044,3.2460570218867493,-0.7673444877954463,0.006412225362377273,42.818275451660156,0.0,2.0,5.955433458859271,5.934250492797835
23.93045735359192,36.92761081110361,0.3554807751693637,2.501920636134671,3.247951807267115,-0.7458697671380689,0.0066478869824581075,42.818275451660156,0.0,2.0,5.922686958973604,5.9013808967917125
23.94048285484314,36.96009926731593,0.3481300175056855,2.5019882756907044,3.2497198327147268,-0.7242576636190355,0.00687922562538675,42.88493728637695,0.0,2.0,5.956248172308668,5.935056870932193
23.950807571411133,36.99260485745532,0.3409961302885562,2.5020581778729776,3.251383038235632,-0.7024930206334207,0.007097351628354227,42.88493728637695,0.0,2.0,5.9235059067888525,5.902191102784905
23.960464000701904,37.02512667819876,0.33408071938123757,2.5021301138105625,3.2529714047878513,-0.6805597159054385,0.007283225050953829,42.88493728637695,0.0,2.0,5.8907660742873995,5.869326221192683
23.97048044204712,37.05766414804315,0.32738554529580544,2.5022036853989484,3.2545184798170363,-0.6584438577089616,0.007422072058502551,42.951602935791016,0.0,2.0,5.92434842582842,5.903024286667589
23.98046851158142,37.09021701941042,0.32091247709673015,2.5022783699479683,3.2560568809697505,-0.636137857799677,0.007505620047453212,42.951602935791016,0.0,2.0,5.891613806048286,5.870164365560916
23.99046516418457,37.122785350779445,0.3146634166321826,2.5023536070626142,3.2576145596661625,-0.6136437369816347,0.007531793159482889,42.951602935791016,0.0,2.0,5.858881006782402,5.837304815161425
24.000490427017212,37.15536944481561,0.30864018754966976,2.5024288166018005,3.2592122471965097,-0.5909742239287655,0.007501860508399326,43.01826858520508,0.0,2.0,5.892476543143988,5.8710173816596924
24.010424613952637,37.18796977228984,0.30284444952498013,2.5025034876290655,3.260862543022355,-0.5681501513643978,0.007423074558680723,43.01826858520508,0.0,2.0,5.859744769490247,5.838158871467007
24.02052330970764,37.2205868822838,0.2972775903373905,2.502577058936898,3.2625687595354087,-0.5452032310863778,0.007283682099117579,43.01826858520508,0.0,2.0,5.82701216699216,5.805298191661218
24.030499935150146,37.25322132493912,0.29194071336278105,2.5026490654273386,3.2643279085252193,-0.5221582180484694,0.007113505797436541,43.01826858520508,0.0,2.0,5.7942778131699715,5.772434433860536
24.04044222831726,37.28587358180728,0.2868346523691322,2.5027192385834818,3.2661293859353897,-0.49904469117792805,0.006918236041336677,43.08494186401367,0.0,2.0,5.827880720496419,5.806157684690618
24.05057692527771,37.315276137387855,0.2824370110566168,2.5027806667206765,3.2677744105916418,-0.47820479316213826,0.006729539076483096,43.08494186401367,0.0,2.0,5.798413719375611,5.776574526673677
24.060500621795654,37.35123275901329,0.2773169130986292,2.5028531444240496,3.269792033565037,-0.45272308084375057,0.0064343653592687945,43.08494186401367,0.0,2.0,5.762394125353798,5.740411550669063
24.07047438621521,37.383939771503144,0.27290543867757905,2.5029158667952096,3.271604051032774,-0.42957785209023996,0.006098770780145876,43.151607513427734,0.0,2.0,5.795980756418338,5.774120587561132
24.080668449401855,37.416664647978386,0.268725161321737,2.5029748221864945,3.273358356249796,-0.4064902423526697,0.005678829088526311,43.151607513427734,0.0,2.0,5.763225360338541,5.74123530978271
24.090469121932983,37.44940660928491,0.2647753182980427,2.503029216049249,3.275013680160966,-0.38349807491886284,0.005187970175176227,43.151607513427734,0.0,2.0,5.7304659071131585,5.708344866980893
24.10050320625305,37.4821644393411,0.2610547077744855,2.503078271095279,3.276524569611025,-0.36065234219585457,0.004610530282987446,43.151607513427734,0.0,2.0,5.697703228284918,5.675450143447668
24.110446214675903,37.51493647498975,0.2575616256828043,2.503121244740596,3.2778477740767316,-0.33800155960288536,0.0039734269476422585,43.218265533447266,0.0,2.0,5.731267863830791,5.709141821681278
24.120517253875732,37.54772063265922,0.2542937976164248,2.50315738753715,3.2789429543529782,-0.3156119044557296,0.0032429474785652043,43.218265533447266,0.0,2.0,5.69850086987733,5.676243899565934
24.130470991134644,37.58051447154018,0.25124835220116026,2.5031859831009626,3.279779555094415,-0.2935338519046262,0.002471476764154247,43.218265533447266,0.0,2.0,5.665735513073972,5.643346770358731
24.140429973602295,37.613315282488855,0.24842186693154458,2.503206635533033,3.280334266884635,-0.271830302487853,0.0016528849237132212,43.284934997558594,0.0,2.0,5.6993157952847255,5.6770576548364815
24.150449752807617,37.64612017254411,0.24581032133122202,2.5032189927876587,3.2805940212111424,-0.25055402074161526,0.0008194002864928443,43.284934997558594,0.0,2.0,5.666558452851106,5.644170031534848
24.16053581237793,37.67892617140733,0.24340922151402783,2.5032231253088058,3.2805567535795492,-0.22974698982383215,1.4794644418134773e-05,43.284934997558594,0.0,2.0,5.633810124760104,5.611290672207589
24.170456886291504,37.71173035278435,0.24121371783334394,2.503219453942042,3.2802334486020785,-0.20943882460499072,-0.0007429987397870828,43.35159683227539,0.0,2.0,5.6674075010522555,5.645022405992526
24.180503129959106,37.74452996143085,0.23921872021380383,2.5032083110496246,3.2796466693111896,-0.18964631084962524,-0.0014803701813230013,43.35159683227539,0.0,2.0,5.63468216446434,5.612167539393592
24.190439701080322,37.777322500737796,0.23741910076984157,2.503189996843236,3.2788242172100133,-0.1703612511028889,-0.0021758331795096036,43.35159683227539,0.0,2.0,5.601973074334823,5.579328109427626
24.20046091079712,37.810105748720375,0.23580983589681392,2.503164846845884,3.277792453797387,-0.15157310465134408,-0.0028511168702093108,43.41826629638672,0.0,2.0,5.635622935417911,5.613115980193795
24.21042227745056,37.84287772163731,0.23438604267378985,2.50313304572849,3.276571984006845,-0.13326409559142816,-0.0035071433941286844,43.41826629638672,0.0,2.0,5.602948994783959,5.580313125304578
24.22053599357605,37.875636603396615,0.2331430015332599,2.5030946888652554,3.275175764507427,-0.1154203579470788,-0.004163199661241332,43.41826629638672,0.0,2.0,5.570296566498407,5.547530943832537
24.230469942092896,37.908380670084675,0.2320761272085381,2.5030498301519675,3.2736092984203577,-0.09802968648162041,-0.0048067907520939635,43.48493194580078,0.0,2.0,5.6040023725126105,5.581378275973691
24.240442514419556,37.94110822027632,0.23118089454539234,2.5029985378389856,3.271871943520297,-0.08109291614885912,-0.005451758423929167,43.48493194580078,0.0,2.0,5.571394227189357,5.548641825320024
24.250451803207397,37.97381752242522,0.23045272847632664,2.5029408129465516,3.2699585924052093,-0.06461835650669963,-0.006090612253763068,43.48493194580078,0.0,2.0,5.538812156855262,5.515930623892972
24.26046395301819,38.00650678521711,0.22988695103970733,2.502876857738279,3.267863362354642,-0.04861714329531167,-0.006692629315774453,43.48493194580078,0.0,2.0,5.506257838534557,5.483246324065201
24.270459413528442,38.03917418018198,0.2294787621019717,2.502807111651127,3.26558556778168,-0.03310252521586117,-0.007248324261643684,43.55160903930664,0.0,2.0,5.5400734263974805,5.517209310724813
24.280475616455078,38.071817913042175,0.22922326678397356,2.5027321147831985,3.263133084817395,-0.018078072353817313,-0.0077396523153792415,43.55160903930664,0.0,2.0,5.507576025145389,5.484583310837926
24.290473222732544,38.10443631930387,0.2291155825527078,2.50265252717218,3.260524136308991,-0.003538544359685473,-0.00816827844128027,43.55160903930664,0.0,2.0,5.475111337204332,5.451989049118755
24.300482988357544,38.13702796412376,0.2291509361790653,2.5025689365301327,3.2577858488750944,0.010533185020594967,-0.008540895143143556,43.6182861328125,0.0,2.0,5.5090177708311865,5.486046050059074
24.310433626174927,38.16959171154456,0.22932476534843413,2.5024818744751625,3.2549501777538565,0.0241607370265514,-0.008864410704159874,43.6182861328125,0.0,2.0,5.476618370722441,5.453518198773931
24.320539712905884,38.202126752947,0.22963276323438184,2.5023917905193316,3.252049963526279,0.03737238866701235,-0.00914314603379075,43.6182861328125,0.0,2.0,5.444254875117153,5.421025146045319
24.330506086349487,38.23463259543937,0.23007094321024565,2.5022992174542646,3.2491149567901365,0.05020304969095514,-0.009361159365221703,43.6182861328125,0.0,2.0,5.4119278037715,5.388567346649742
24.340441465377808,38.26710901790697,0.23063567340006394,2.502204765235727,3.2461694508061942,0.06268852542818512,-0.009519463268727503,43.6849365234375,0.0,2.0,5.445939525899398,5.4227343373549
24.350471019744873,38.299556007670326,0.23132368426239783,2.50210900913406,3.243230667474533,0.07486490724368187,-0.009625474134848341,43.6849365234375,0.0,2.0,5.413681501857958,5.3903463660979565
24.360442399978638,38.33197368661644,0.2321320356037116,2.502012269601704,3.2403081380439094,0.08676028200609288,-0.009722714438128902,43.6849365234375,0.0,2.0,5.3814600930576,5.3579936930105525
24.37045407295227,38.364362226563394,0.2330580013647142,2.5019145570058625,3.237402207534501,0.09838829179757022,-0.009820348834036836,43.75161361694336,0.0,2.0,5.415598932499099,5.392290197601663
24.38050413131714,38.39672176799916,0.23409888373622031,2.5018158193477276,3.2345077296366247,0.10974049036204153,-0.00992805353064465,43.75161361694336,0.0,2.0,5.383445747641857,5.360006436680424
24.390464782714844,38.429052420750374,0.2352518009200608,2.501716009214569,3.2316254624759604,0.12078901803271874,-0.01003305633983068,43.75161361694336,0.0,2.0,5.351328811702532,5.327757604945577
24.40043544769287,38.46135435609551,0.23651350229532853,2.501615148965284,3.2287674579430585,0.13148883020295185,-0.010138434508426693,43.818267822265625,0.0,2.0,5.38554345247294,5.362132087220782
24.410425424575806,38.49362794212061,0.23788023539992367,2.501513280371442,3.2259615407345583,0.14178591309199992,-0.010232739837731186,43.818267822265625,0.0,2.0,5.353493479029703,5.329950924691955
24.420531272888184,38.525873893935234,0.2393476881860732,2.501410536740373,3.2232477918559703,0.15162349505811878,-0.010312517163362105,43.818267822265625,0.0,2.0,5.32147849143663,5.297803394659753
24.430474519729614,38.558093347701245,0.24091099731708313,2.501307126617226,3.2206687828868814,0.16094899831042545,-0.010364203805167883,43.818267822265625,0.0,2.0,5.289497371838291,5.265688332163893
24.440450191497803,38.59028784397459,0.24256481380011616,2.5012033446265334,3.2182616976775025,0.16971865115805884,-0.010386964054850342,43.88486099243164,0.0,2.0,5.323771905887881,5.300126650680742
24.450474739074707,38.62245924287082,0.2443034118266127,2.5010995084114396,3.2160524916386786,0.17790132239859327,-0.010373398749098527,43.88486099243164,0.0,2.0,5.2918481694150215,5.268069507021613
24.46051836013794,38.654609597698716,0.2461208337205391,2.500996036092606,3.2140542943421657,0.1854826787475085,-0.01031263047340561,43.88486099243164,0.0,2.0,5.259952675174701,5.23603906754877
24.470444202423096,38.686741053494956,0.24801107831206895,2.5008934242411653,3.21227333885524,0.1924686774269312,-0.010201386213056524,43.95160675048828,0.0,2.0,5.294451295912596,5.270703966487069
24.480478763580322,38.7188557973894,0.24996831555273988,2.5007921814037894,3.2107124834722764,0.19888789850265282,-0.01003839235274819,43.95160675048828,0.0,2.0,5.262600070772305,5.238718039362063
24.490450859069824,38.75095605858343,0.2519871132585476,2.500692826239284,3.2093783806913345,0.2047908228973838,-0.009824464308435315,43.95160675048828,0.0,2.0,5.230770347731422,5.206751878518778
24.50044298171997,38.78304416041306,0.25406263790812217,2.5005958553238745,3.208283281955313,0.21024588635572924,-0.009562046502298348,44.01826477050781,0.0,2.0,5.26523303099769,5.241381751059703
24.510456800460815,38.815122590137456,0.256190804335497,2.500501723271609,3.207448135542092,0.21533312657374068,-0.009257982546243541,44.01826477050781,0.0,2.0,5.233433314027523,5.2094454865537525
24.520532608032227,38.847194089574366,0.2583683581452191,2.5004108307914983,3.2069039381102358,0.2201375631003915,-0.008913981946730392,44.01826477050781,0.0,2.0,5.201647546237019,5.17752124048759
24.530608654022217,38.879261817540396,0.26059288891669646,2.500323561630395,3.206704947061694,0.22474172484564298,-0.00853425411474039,44.08493423461914,0.0,2.0,5.2361491225910415,5.212190899006713
24.54045081138611,38.911329591918914,0.2628627745169893,2.5002402726672117,3.206927981939799,0.2292199618662225,-0.00811733612748926,44.08493423461914,0.0,2.0,5.204375290810058,5.180278162144974
24.550503730773926,38.94340211855951,0.26517707348678143,2.5001613235241047,3.2076737040337524,0.23363322014595378,-0.007668698418065255,44.08493423461914,0.0,2.0,5.172604056983775,5.1483658942207695
24.560471773147583,38.97548516948665,0.26753536680571227,2.500086911901207,3.2090496168583096,0.2380239895984636,-0.007214176854067076,44.08493423461914,0.0,2.0,5.140829878641191,5.116448467606717
24.57043719291687,39.00758549596713,0.26993753962424794,2.500017018986403,3.211139593331569,0.2424098013582399,-0.006766267749585957,44.15160369873047,0.0,2.0,5.1753073884490215,5.1510959557805736
24.5804762840271,39.039710483999855,0.2723835227952818,2.499951523020975,3.2139846504931624,0.24678300392745983,-0.006336426392635458,44.15160369873047,0.0,2.0,5.143500417776813,5.119144950311454
24.590461254119873,39.07186767962242,0.27487307159722457,2.499890221080927,3.217575206935047,0.25111739043889747,-0.00592776259086018,44.15160369873047,0.0,2.0,5.111669342049161,5.087167505529277
24.60047173500061,39.10406427850884,0.27740561625422444,2.4998328728218135,3.2218514531841826,0.2553753913871735,-0.005546437646230838,44.21826171875,0.0,2.0,5.14604724370579,5.1217154678582695
24.6104416847229,39.13630665579006,0.27998018785496737,2.4997792129087366,3.2267107525354333,0.2595159993759941,-0.00518971988199352,44.21826171875,0.0,2.0,5.114140732243411,5.089661694802071
24.620522022247314,39.1685999885209,0.2825954152674741,2.499728963307253,3.232017923110738,0.2635006501501012,-0.004865375544363829,44.21826171875,0.0,2.0,5.0821917314519585,5.057563025654798
24.630478143692017,39.200947990623064,0.28524957836484927,2.4996818269352183,3.237617772150656,0.267298895149979,-0.004565444661397128,44.21826171875,0.0,2.0,5.050196659198298,5.02541584034678
24.640443563461304,39.233352777255234,0.28794070358841894,2.499637560807919,3.2433479097713227,0.2708907416041377,-0.0042914657834825735,44.28493881225586,0.0,2.0,5.084394655213776,5.059785698801514
24.65048623085022,39.265814862202255,0.29066667890747605,2.4995959554046956,3.249052700499458,0.27426869205970267,-0.004030604468887662,44.28493881225586,0.0,2.0,5.05229536576055,5.027533425471063
24.66047167778015,39.29833329012222,0.2934253739955,2.499556936459284,3.254596416374725,0.27743564972094426,-0.003772761719090481,44.28493881225586,0.0,2.0,5.020148425718373,4.995231034044179
24.670453548431396,39.33090591396664,0.29621470770253244,2.4995205294424627,3.259878578024092,0.28039734716138315,-0.0035066611743574242,44.35160446166992,0.0,2.0,5.0541742964903404,5.029429098811232
24.680455923080444,39.36352979108287,0.29903265264715656,2.4994868367978795,3.2648411376560906,0.28315831646329914,-0.003229714103147667,44.35160446166992,0.0,2.0,5.021931555371467,4.997030062617328
24.690452814102173,39.39620162274777,0.30187720189710593,2.499455987477257,3.2694707804684846,0.2857174567167025,-0.0029381626846341335,44.35160446166992,0.0,2.0,4.989649629427887,4.964589322494155
24.70048713684082,39.42891817266641,0.30474630648888146,2.499428063634438,3.2737909455408145,0.28806796399359935,-0.0026472979197500993,44.41826629638672,0.0,2.0,5.023533955467571,4.998646317853466
24.71044087409973,39.46167655750836,0.30763783557502256,2.499403036413466,3.2778460915906793,0.29020080957164207,-0.0023587365461675753,44.41826629638672,0.0,2.0,4.991174838673806,4.966127553479824
24.720545053482056,39.49447438207551,0.3105495680049695,2.499380844669208,3.2816874124167117,0.29210734645246966,-0.0020817929592421218,44.41826629638672,0.0,2.0,4.958785040475847,4.933575564397946
24.730454444885254,39.52730975338884,0.3134792071250034,2.4993613665546217,3.2853626547032526,0.2937814115754032,-0.001815744940816592,44.41826629638672,0.0,2.0,4.9263665000891645,4.900992258593505
24.74046301841736,39.56018120510236,0.31642441334652927,2.499344463729279,3.288908346334392,0.29522075832316474,-0.0015679263270644177,44.48493576049805,0.0,2.0,4.960108540516965,4.9349095067946545
24.750471591949463,39.5930875584827,0.31938284643692916,2.499329958228975,3.2923448699082254,0.29642750379924987,-0.0013360792329727296,44.48493576049805,0.0,2.0,4.927627688994358,4.902263174714198
24.760494709014893,39.62602774367566,0.32235220985624036,2.499317640698483,3.2956729575582706,0.2974083694346746,-0.0011321308638931797,44.48493576049805,0.0,2.0,4.895121670546381,4.8695891061916186
24.77046275138855,39.659000583262305,0.3253302997763802,2.4993072434995125,3.2988700253467615,0.29817516980329095,-0.0009507997853948862,44.551597595214844,0.0,2.0,4.92875775918543,4.903401403650276
24.780571460723877,39.692004560367444,0.3283150533558709,2.4992985244831996,3.3018913122920823,0.29874411484016045,-0.0007972524368513555,44.551597595214844,0.0,2.0,4.896195896320788,4.8706709228398335
24.79044222831726,39.72503761320878,0.33130458702887877,2.499291240769102,3.304673374356485,0.29913460585649304,-0.0006617009074410416,44.551597595214844,0.0,2.0,4.86361344397327,4.837917319393624
24.800511360168457,39.75809698345223,0.33429721951879937,2.499285237396412,3.3071420847219515,0.2993671821378627,-0.0005407405203655773,44.551597595214844,0.0,2.0,4.831013195410308,4.8051433637245955
24.810445547103882,39.79117915923598,0.33729146358633244,2.499280413866831,3.3092224445756617,0.29945949185944,-0.00042361831766761374,44.61826705932617,0.0,2.0,4.864547672525821,4.83885762619705
24.820549964904785,39.824279921297745,0.34028598372068936,2.4992767850555047,3.310850373003928,0.2994236880691034,-0.0003005047741368505,44.61826705932617,0.0,2.0,4.831913134400712,4.806049024957897
24.83049750328064,39.85739452427996,0.3432795168904956,2.4992744459797773,3.311986653638902,0.2992614234734263,-0.0001649192267972565,44.61826705932617,0.0,2.0,4.79927318393966,4.773232460468892
24.84044122695923,39.890517987954986,0.3462707614583805,2.499273534992274,3.312624197056909,0.29896349196613725,-1.4746406061581728e-05,44.68492889404297,0.0,2.0,4.832758367578503,4.806899143591049
24.850570917129517,39.92364543302399,0.3492582664611361,2.4992742019034453,3.3127901889822553,0.29850925163389197,0.00015027749069546504,44.68492889404297,0.0,2.0,4.80011210926897,4.774075987336637
24.860517263412476,39.956772403121334,0.35224033456878656,2.4992765626318056,3.312539901926022,0.2978715406417866,0.0003227393387722539,44.68492889404297,0.0,2.0,4.767474608420578,4.741259015909331
24.870450496673584,39.98989506594691,0.3552150025500705,2.4992806737295434,3.3119401001100903,0.29702571289686425,0.0004999830547025098,44.68492889404297,0.0,2.0,4.734849684642882,4.7084520115429624
24.880481004714966,40.02301026171883,0.3581801012547421,2.4992865551263663,3.311056767328417,0.29595606445131184,0.0006758520075176981,44.751617431640625,0.0,2.0,4.768365109395527,4.742153387689043
24.890455722808838,40.05611543551557,0.36113336719243666,2.4992941844937944,3.30994313117981,0.2946599004766205,0.0008496025547787593,44.751617431640625,0.0,2.0,4.7357629783577035,4.709368992180811
24.90049147605896,40.08920847820313,0.3640725820326159,2.499303529043046,3.308635029820107,0.2931491005503963,0.0010184426806578227,44.818267822265625,0.0,2.0,4.7692614877743384,4.743052932938094
24.91043734550476,40.122287549966956,0.36699572248405304,2.4993145397088226,3.3071506017363683,0.29145070349549035,0.00118291764762579,44.818267822265625,0.0,2.0,4.736689940000772,4.710298990312598
24.920530080795288,40.15535091717543,0.36990110562178796,2.499327160847307,3.3054940827686887,0.289605781890343,0.0013400711793669679,44.818267822265625,0.0,2.0,4.704141633207481,4.677565701485776
24.93047308921814,40.18839685193699,0.3727875390141177,2.499341321501203,3.3036636415952114,0.2876714979271222,0.001491027937555808,44.88492965698242,0.0,2.0,4.737692760560846,4.711304589825635
24.94044065475464,40.221423602784704,0.3756544685138779,2.4993569495151267,3.3016572191428915,0.28571746312896396,0.0016331292129110238,44.88492965698242,0.0,2.0,4.705184625525577,4.678611439011923
24.950541973114014,40.254429417806186,0.37850208456612966,2.4993739619526956,3.299477469042344,0.28382233246385363,0.0017682912243754316,44.88492965698242,0.0,2.0,4.672704853391493,4.645944069081341
24.96048903465271,40.28741260166535,0.3813313811576205,2.4993922854015316,3.297132502092684,0.2820670227882832,0.0018951537387390921,44.88492965698242,0.0,2.0,4.6402553109614,4.613304314283518
24.97045636177063,40.32037154361376,0.3841441570777601,2.499411848062982,3.29463020704227,0.28053101310866263,0.0020166200826856745,44.95159912109375,0.0,2.0,4.673890007457797,4.647131976588159
24.98048162460327,40.35330469933073,0.38694297256342425,2.499432595476725,3.2919757187029703,0.2792860596362294,0.002132028133440053,44.95159912109375,0.0,2.0,4.641494303633019,4.614546180637175
24.99044179916382,40.38621054890085,0.389731054438663,2.4994544797862233,3.289168349077402,0.2783934125784116,0.0022445403037225004,44.95159912109375,0.0,2.0,4.609134179787126,4.581993355506248
25.00045371055603,40.41908753752203,0.3925121776087729,2.499477477998315,3.286202182099202,0.2779018784885587,0.0023550207046100216,45.01826095581055,0.0,2.0,4.642837461304284,4.6158923233826465
25.010433673858643,40.45193403060098,0.3952905823323992,2.4995015852770575,3.2830674148853527,0.27785726274131967,0.002466844796231955,45.01826095581055,0.0,2.0,4.610542057726925,4.583404436919629
25.020517349243164,40.484748288161086,0.39807095326303754,2.4995268222526787,3.2797534198217995,0.2783015989864625,0.0025810428379765215,45.01826095581055,0.0,2.0,4.578288396084254,4.5509556789283145
25.030505180358887,40.51752847322765,0.40085836232463534,2.499553217436409,3.2762518679095325,0.279269885160931,0.0026984845778627235,45.01826095581055,0.0,2.0,4.546078939423893,4.518548473395233
25.04042673110962,40.550272688131194,0.40365817590209885,2.4995807981724805,3.272559291046398,0.280785304409701,0.0028180244903322875,45.08493423461914,0.0,2.0,4.579920986007479,4.55259214779548
25.05045175552368,40.582979029801685,0.4064759301229106,2.4996095860972964,3.2686781534327856,0.28285873298249525,0.0029402898202757076,45.08493423461914,0.0,2.0,4.54779431004444,4.520268061514965
25.06086492538452,40.61564564744604,0.40931720516515163,2.499639637349502,3.264615772548168,0.2854884145010195,0.003071690990682307,45.08493423461914,0.0,2.0,4.515719302291796,4.48799298683498
25.070433616638184,40.648270760693066,0.4121875254134734,2.4996710416300667,3.2603780123498844,0.288665825265153,0.003204994861314771,45.15160369873047,0.0,2.0,4.549678808087747,4.522157240401872
25.08064913749695,40.68085263026698,0.41509230434085365,2.4997033938079523,3.2559659290399083,0.29237968899912586,0.003247574562513742,45.15160369873047,0.0,2.0,4.517700766880602,4.4899795920795
25.090453147888184,40.71338943145332,0.41803696473976193,2.499735687901351,3.251358994963429,0.2966478546941472,0.0031932595807246758,45.15160369873047,0.0,2.0,4.485781597883861,4.45785831831287
25.10046696662903,40.74587902882954,0.4210272579311713,2.4997666868296022,3.2465163762385716,0.3015172284186747,0.002980053815089837,45.218265533447266,0.0,2.0,4.5198751907406045,4.492160393241517
25.11046290397644,40.77831875025353,0.42406961506906754,2.499794857504548,3.2413706247528644,0.3070790432253492,0.0026360214583345492,45.218265533447266,0.0,2.0,4.488068334551647,4.460152741332656
25.120533227920532,40.810705086584676,0.4271715200927379,2.4998191428213468,3.235812591644277,0.31344370218750783,0.002214269667188619,45.218265533447266,0.0,2.0,4.456330752520122,4.428212348152005
25.13046956062317,40.8430328263215,0.43034141218835364,2.499839096354482,3.229597588199654,0.3206829916374215,0.001777097972430816,45.28493881225586,0.0,2.0,4.490608159388686,4.462703498880895
25.140437126159668,40.87529356098026,0.43358811680592324,2.4998548359747654,3.2223328516446568,0.3288003225987337,0.001387454424440611,45.28493881225586,0.0,2.0,4.459016119524587,4.430910729989123
25.150450468063354,40.90747414024336,0.4369200893453924,2.4998673903397273,3.2134566167572776,0.3377231701966343,0.0012331838184799575,45.28493881225586,0.0,2.0,4.427523407856376,4.3992153981353415
25.16044855117798,40.93955459113417,0.4403453003180394,2.499886170264776,3.202155651009689,0.3474428129959047,0.002889381551297497,45.28493881225586,0.0,2.0,4.396152203451051,4.367638722775219
25.170565128326416,40.97150621383721,0.4438710092279304,2.499931858668444,3.1875314891261226,0.35778871447221805,0.006628091419377683,45.35160446166992,0.0,2.0,4.430825430640651,4.402531332483646
25.180473566055298,41.003290210054864,0.44750291307157,2.5000302879623133,3.168424290889811,0.36866570400714804,0.013637191017372078,45.35160446166992,0.0,2.0,4.399787037674192,4.371280783478244
25.190454959869385,41.03485617599647,0.4512452974619817,2.5002148696004203,3.1437502086256197,0.3798423021792944,0.02378965783549347,45.35160446166992,0.0,2.0,4.368999084014053,4.340269355736607
25.20049285888672,41.06614244922793,0.455100311525559,2.5005186713852856,3.1122816252310805,0.39116925379485196,0.037563810669753575,45.35160446166992,0.0,2.0,4.3385273877249295,4.309559252827835
25.210453271865845,41.09707614976621,0.4590684050968598,2.5009761511665776,3.073127909155245,0.4024144765031117,0.05433624563504218,45.418270111083984,0.0,2.0,4.374292874959912,4.345510447794065
25.22054672241211,41.127577867667945,0.46314753107362494,2.5016114843265536,3.0258393395293384,0.4133424934104401,0.07295470196039891,45.418270111083984,0.0,2.0,4.34467025727597,4.315616475458652
25.230479955673218,41.1575653787051,0.46733367048027724,2.502438329124132,2.970297612859896,0.42379732219591376,0.09250111921302329,45.48488998413086,0.0,2.0,4.381390564063059,4.3524865307416825
25.240423917770386,41.18695716566054,0.4716216044295992,2.5034620451905725,2.906769412550922,0.4336924356943765,0.11221900886798788,45.48488998413086,0.0,2.0,4.352944690757794,4.323731426655568
25.250462532043457,41.21567616347121,0.4760055581722187,2.5046813792107736,2.835901825698357,0.4429967460804608,0.1314924612599493,45.48488998413086,0.0,2.0,4.32521343201053,4.295668508849609
25.26053285598755,41.24365615570255,0.4804793345196756,2.506085474749882,2.759246236185414,0.45165067180782154,0.1489886323160039,45.48488998413086,0.0,2.0,4.298260960674435,4.268363243481639
25.270437240600586,41.270845755842245,0.4850364997153031,2.507655072213199,2.678037697491898,0.4596775719920242,0.1646033502683192,45.551605224609375,0.0,2.0,4.337957550257874,4.308150651439143
25.280471563339233,41.29720837333064,0.4896705859602449,2.509368640282169,2.5941575047349263,0.4670232603490895,0.1777097613261478,45.551605224609375,0.0,2.0,4.31267043287891,4.282484074801103
25.290480136871338,41.32272366482894,0.49437457616505304,2.5112029831940075,2.508766312891444,0.47364458381315816,0.18884549750839658,45.551605224609375,0.0,2.0,4.288260015231797,4.257680761659963
25.300472021102905,41.34738534439114,0.4991404545100666,2.5131368420779636,2.4237007387606626,0.4793690550985556,0.19757801011114765,45.61826705932617,0.0,2.0,4.3304597025018765,4.29995021090883
25.310472011566162,41.37120044676551,0.5039584549099518,2.515150043485153,2.339518956194169,0.48403691879590477,0.20487910159726744,45.61826705932617,0.0,2.0,4.3077753542989505,4.276862043110894
25.320513248443604,41.39418232978058,0.5088168023103021,2.5172293983700733,2.257193605565326,0.48739200489550294,0.21081930550159567,45.61826705932617,0.0,2.0,4.2859436056989635,4.254619411967839
25.33051109313965,41.416350709652505,0.5137010105511053,2.5193647480033547,2.176849489213951,0.4891590783810691,0.21615905823147974,45.61826705932617,0.0,2.0,4.264941908087927,4.23320088560608
25.340440034866333,41.43772892993389,0.5185936474134953,2.521548463782679,2.099232664777111,0.48902768892886944,0.22045843973236978,45.6849365234375,0.0,2.0,4.310420456698678,4.278751186205195
25.350446701049805,41.45834305256853,0.5234742473309982,2.5237730769225033,2.023978654814455,0.4867029410604349,0.22442228744078438,45.6849365234375,0.0,2.0,4.290973769637823,4.258886903359957
25.360469341278076,41.47821789837344,0.5283196060486979,2.5260336234450116,1.9514596925673537,0.48194843399057685,0.2275124252939237,45.6849365234375,0.0,2.0,4.27227276395024,4.2397645213615744
25.370443105697632,41.497381125210964,0.5331045544293741,2.52832027917254,1.8816243384866034,0.47460064687967607,0.22965838227717247,45.75160598754883,0.0,2.0,4.319924995028491,4.287496897408435
25.380448818206787,41.51585970126865,0.5378028553755253,2.5306224423798986,1.8145397628288005,0.464621707452669,0.2305659465203306,45.75160598754883,0.0,2.0,4.302596737941354,4.269751575090331
25.390429496765137,41.53368035111667,0.5423882732913163,2.532928001937869,1.7499965036349427,0.45203270734804074,0.23037817641722186,45.75160598754883,0.0,2.0,4.28591810102865,4.252655842350229
25.400461196899414,41.550867839761636,0.5468352067855583,2.5352263692542745,1.6878955858111653,0.4369495716157473,0.22913562418736041,45.81827163696289,0.0,2.0,4.335462048973904,4.302297515484939
25.4104642868042,41.567445851045264,0.5511194055738164,2.537508071185659,1.6280947000660975,0.4195162511723689,0.2270649615809692,45.81827163696289,0.0,2.0,4.319973077232308,4.286403207984784
25.420502424240112,41.583438402748634,0.555218696803807,2.5397635701416243,1.5708446009949442,0.4000164096079446,0.22385012977203794,45.81827163696289,0.0,2.0,4.305046461368116,4.271074843980857
25.430463075637817,41.5988709809263,0.5591133989725392,2.5419823228749987,1.5160716289628828,0.37861631330829254,0.21980296965128893,45.81827163696289,0.0,2.0,4.290651993273472,4.256283553650137
25.440449953079224,41.61376779393365,0.5627850569895677,2.544158262807679,1.4636849134317536,0.35542284061022444,0.21535221624786077,45.884944915771484,0.0,2.0,4.342325326534572,4.308094825613951
25.450480222702026,41.628152572605174,0.566216085150421,2.5462893338714485,1.413667203535358,0.3304968128873922,0.21089017454625875,45.884944915771484,0.0,2.0,4.3288929005259655,4.2942847725695135
25.46045732498169,41.64204905108505,0.5693892268105902,2.5483773037616997,1.3660285588461103,0.30383946951690083,0.2067885242785851,45.884944915771484,0.0,2.0,4.31591092093687,4.280930904625907
25.470444679260254,41.65548129101546,0.5722868950391369,2.550427056670551,1.320833682578176,0.2753864362948965,0.20326853308130463,45.9515380859375,0.0,2.0,4.368819774280504,4.33400695378184
25.4805748462677,41.66847399058065,0.5748904793771031,2.5524451646094737,1.278114833757815,0.2449854304185033,0.20049971390301088,45.9515380859375,0.0,2.0,4.356642373217454,4.321473950889143
25.490434169769287,41.68105173197735,0.5771792762351245,2.5544401307592417,1.2378407582503896,0.21238754514069308,0.19864463397437113,45.9515380859375,0.0,2.0,4.344835264411241,4.309314286087193
25.500478982925415,41.6932388796596,0.579130062656633,2.5564210025456595,1.199985446554599,0.17733642773830166,0.19767653255974219,46.018272399902344,0.0,2.0,4.398967027924841,4.363634560855892
25.510432481765747,41.70505925353422,0.5807168876213473,2.5583963790925335,1.1644731207602932,0.1395520016404724,0.19751974852169182,46.018272399902344,0.0,2.0,4.387806543793272,4.352130483978096
25.520498752593994,41.71653571319015,0.5819110511345823,2.5603738253836577,1.1311707331071936,0.09875173387587281,0.19809129823615554,46.018272399902344,0.0,2.0,4.376937036034823,4.340916837862502
25.53046154975891,41.72768943519737,0.5826809559746714,2.562360338476654,1.0998979302832808,0.05466463532875797,0.1992997864565012,46.018272399902344,0.0,2.0,4.366333521819383,4.329967583420467
25.540464639663696,41.73853973656181,0.5829926227319142,2.5643615759918728,1.0704460878282633,0.007065053120669019,0.2010284971135792,46.08494186401367,0.0,2.0,4.421492490113934,4.385326880824038
25.550477981567383,41.74910372582847,0.5828100414266186,2.5663820630310146,1.0426075656416667,-0.044190364194337306,0.2030925796229673,46.08494186401367,0.0,2.0,4.411343168044433,4.374832557359084
25.560490608215332,41.75939678922388,0.5820968228906079,2.5684231516482092,1.0162370064025843,-0.09905003276755506,0.2050928745199735,46.08494186401367,0.0,2.0,4.401395436061985,4.364536276084503
25.570465087890625,41.76943293239353,0.5808172792766756,2.5704828947934,0.9912148767517642,-0.15741969500396602,0.20676141082809738,46.151611328125,0.0,2.0,4.457161309305944,4.420501804537809
25.58047127723694,41.77922579682659,0.5789383514768677,2.5725549388909124,0.9675938052759799,-0.21884392338794748,0.20746143271096693,46.151611328125,0.0,2.0,4.4475548346441816,4.410547001123382
25.59044599533081,41.78878954440009,0.5764312793683564,2.574628519152818,0.9454008001851925,-0.28298655685919943,0.2070602715671712,46.151611328125,0.0,2.0,4.438094734388014,4.400737090122386
25.600470542907715,41.79813908381266,0.5732716644402114,2.5766913790518626,0.9247795889982191,-0.34924825451451386,0.2052857428575291,46.2182731628418,0.0,2.0,4.494307357593334,4.457154437288978
25.6104257106781,41.80729077282167,0.5694406854362275,2.5787302767436024,0.9058548957780986,-0.41718153344274705,0.20230326849967853,46.2182731628418,0.0,2.0,4.485081612693067,4.447586799523728
25.62052583694458,41.81626255012006,0.5649248199658061,2.580733152109784,0.8888314351660163,-0.4861152407026813,0.1980855519150645,46.2182731628418,0.0,2.0,4.475945540406807,4.438111928143343
25.630450963974,41.825074238821706,0.5597164813172627,2.58268905526343,0.8738624072296118,-0.5556022503791225,0.19296420268359532,46.284942626953125,0.0,2.0,4.532464573941633,4.494853565903134
25.64044427871704,41.83374726697937,0.5538131572860487,2.58458943571658,0.8611249781991301,-0.625015211071033,0.18699451847289528,46.284942626953125,0.0,2.0,4.523449342502515,4.485515482732726
25.650484085083008,41.84230448385166,0.5472174828373904,2.58642741649096,0.8507115483296619,-0.6940266333603103,0.18054818682505774,46.284942626953125,0.0,2.0,4.514463175049183,4.476212756791492
25.660491704940796,41.850769438889756,0.5399352592737328,2.588199338627034,0.8426738792880086,-0.7622726042974117,0.17381162857602314,46.284942626953125,0.0,2.0,4.505485590689236,4.466925334718172
25.67044472694397,41.85916569665938,0.5319751306264153,2.5899036733752743,0.8369553458024719,-0.8295675890611102,0.1670476825787779,46.35160827636719,0.0,2.0,4.562129351020021,4.523830000295846
25.68049454689026,41.86751585756213,0.5233487946936584,2.591539016648982,0.8334243939945547,-0.8954535015790969,0.15997521541823864,46.35160827636719,0.0,2.0,4.553119500903784,4.514529740880247
25.690459728240967,41.87584074341159,0.5140708010391959,2.5931028349921186,0.831861122722331,-0.9598912401249017,0.15275995420526411,46.35160827636719,0.0,2.0,4.544065885351602,4.50519298116524
25.70049500465393,41.88415884173977,0.5041570232968815,2.594592419376306,0.8320264128982163,-1.022574474049805,0.14509190470373637,46.418270111083984,0.0,2.0,4.60063902649551,4.5620542858381015
25.710429668426514,41.8924862749597,0.49362471549861286,2.5960040589840445,0.8336931512367706,-1.0836030522799118,0.13718947402044177,46.418270111083984,0.0,2.0,4.591470954868426,4.552623934729829
25.720529556274414,41.90083703324206,0.48249164791974664,2.597333838999905,0.8366645571740957,-1.1426995600579135,0.12868643012585518,46.418270111083984,0.0,2.0,4.58222735340653,4.543126654969313
25.73048686981201,41.90922359493494,0.4707764091849331,2.598577113329826,0.8408444559110931,-1.2000501270754056,0.11991941443166003,46.418270111083984,0.0,2.0,4.572901209608965,4.533556100043416
25.740525484085083,41.91765776274437,0.4584976513237605,2.599729729862845,0.8461869516927133,-1.255380785025483,0.11053320684212746,46.48493576049805,0.0,2.0,4.6292466075934655,4.590234025083498
25.750483512878418,41.92615151357012,0.44567463739327445,2.6007875024460647,0.8527812555639234,-1.3089222269236296,0.10100715510119038,46.48493576049805,0.0,2.0,4.6197494862329105,4.580517404448308
25.760488986968994,41.93471787255786,0.432325935969367,2.60174861201411,0.8607294767129002,-1.3605026121046324,0.09120002212245397,46.48493576049805,0.0,2.0,4.6101507496722425,4.570709851067187
25.770447731018066,41.94337117324135,0.4184705982159972,2.6026120187842237,0.8701932228663258,-1.410251798315455,0.0814999191323843,46.55160903930664,0.0,2.0,4.666274222224023,4.627199355096905
25.780491828918457,41.95212705103616,0.4041277383885605,2.6033782136278756,0.8812586030515118,-1.4579923757499313,0.07175789146676115,46.55160903930664,0.0,2.0,4.656459927674715,4.617201943749012
25.790472269058228,41.961002009390306,0.3893171859136653,2.6040480546602223,0.8940141651868682,-1.5037765476824225,0.06222869768468575,46.55160903930664,0.0,2.0,4.646516418426153,4.607085930864001
25.800487518310547,41.970012712800866,0.3740597586863103,2.604621942505348,0.908394035055929,-1.5473421634258517,0.05253838665686838,46.61826705932617,0.0,2.0,4.702313990624063,4.663280945113629
25.810442209243774,41.97917511463001,0.35837756715605645,2.6050991090936786,0.9243338607278337,-1.5887261465066906,0.04290459906034793,46.61826705932617,0.0,2.0,4.692094786320015,4.652913985019013
25.820525646209717,41.988503964241865,0.3422928682736662,2.605479982766331,0.9416498961861782,-1.6278358478213655,0.03328948520356451,46.61826705932617,0.0,2.0,4.681717284694405,4.642399242231934
25.830482006072998,41.998011973822734,0.3258284725699629,2.6057654133263037,0.9601205152084766,-1.6646546741134387,0.023816847045679282,46.61826705932617,0.0,2.0,4.671174690015354,4.631729833297453
25.84047770500183,42.00770927131516,0.30900756778512306,2.6059568535270086,0.9794603526553675,-1.6991379080960385,0.014509861560902938,46.684940338134766,0.0,2.0,4.726432040948787,4.687427453238181
25.850492000579834,42.0176030492985,0.2918535756769675,2.606056282680595,0.9993589365177267,-1.7312611246075704,0.00539621104776548,46.684940338134766,0.0,2.0,4.715561482493205,4.676453343870427
25.860541820526123,42.02769719361612,0.27439033987568895,2.6060651642046353,1.0194830432388344,-1.7609888702669492,-0.0035913645546234263,46.684940338134766,0.0,2.0,4.704521096673433,4.665319256576447
25.870444536209106,42.037992454462525,0.2566417890624386,2.6059849659280303,1.0395309843668452,-1.788318737672132,-0.012428948241861582,46.751609802246094,0.0,2.0,4.759335172915453,4.720598850698857
25.880436182022095,42.0484866608987,0.2386319723929899,2.6058171843187257,1.059233955911782,-1.8132446992498614,-0.021088306370896627,46.751609802246094,0.0,2.0,4.747981356507351,4.709173229020728
25.890456438064575,42.05917521909594,0.22038498008490556,2.605563905837272,1.0783644466902595,-1.8357452296272518,-0.029536449410685273,46.751609802246094,0.0,2.0,4.736477541448229,4.697607035139335
25.900458574295044,42.07005143951964,0.2019252602775322,2.6052272119559228,1.0967414643312174,-1.8557856244910993,-0.03776560163980689,46.81827163696289,0.0,2.0,4.790894366633242,4.75251184681808
25.91043996810913,42.08110703488242,0.18327763875389844,2.6048090948195464,1.1142054468490337,-1.8733050681467864,-0.045899936879724594,46.81827163696289,0.0,2.0,4.779133101436687,4.7407087191760064
25.920535564422607,42.09233138390085,0.16446837674316772,2.604305162236423,1.1304504620713196,-1.8880914652781267,-0.05510203618120536,46.81827163696289,0.0,2.0,4.767257686717411,4.728801235245635
25.930453062057495,42.10371183755433,0.14552461365307576,2.603703399640582,1.1454301685170833,-1.90023505941508,-0.06541974710535647,46.81827163696289,0.0,2.0,4.755282253464643,4.716805223387773
25.94047498703003,42.1152357894421,0.1264718548491481,2.602993715432332,1.1591633310525278,-1.909936508112239,-0.07656846857872843,46.884944915771484,0.0,2.0,4.809336929422773,4.771385572332084
25.950494527816772,42.126891432419285,0.1073329268868655,2.6021733686729074,1.1717917899356274,-1.9175203935244758,-0.08732918352065519,46.884944915771484,0.0,2.0,4.797208154080139,4.75926394599355
25.960486888885498,42.13866839992566,0.08812763439822392,2.6012529920558745,1.183444327359148,-1.9232384029468828,-0.09639376004303828,46.884944915771484,0.0,2.0,4.78501958253781,4.74709461089772
25.97045135498047,42.15055711802787,0.06887412676990443,2.600252409027331,1.1941363546542518,-1.9271643325232575,-0.10340368764216783,46.95160675048828,0.0,2.0,4.838917665473312,4.801543628739259
25.980503797531128,42.1625479072503,0.04959031197860426,2.5991910359360975,1.2038627252972292,-1.929301372169569,-0.10858793692918428,46.95160675048828,0.0,2.0,4.8266524321297695,4.7893155881647695
25.990489959716797,42.17463119862596,0.03029398189030091,2.598085197849736,1.2126393368972919,-1.92967703047622,-0.11239173649680857,46.95160675048828,0.0,2.0,4.814365903451467,4.7770716080491304
26.000510454177856,42.18679766542318,0.011002315519733854,2.5969465607894033,1.2205057295473676,-1.9283910335261616,-0.11520341181630257,46.95160675048828,0.0,2.0,4.802069539740552,4.764821787650168
26.010425567626953,42.19903838468149,-0.00826882438021752,2.595782803151349,1.2274956129598937,-1.9256017619647787,-0.1174866176164054,47.018280029296875,0.0,2.0,4.855936114816869,4.819248738408494
26.020506858825684,42.21134487660082,-0.027505309755476857,2.5945986846720164,1.2336705596171835,-1.9214898094201667,-0.11926771865668297,47.018280029296875,0.0,2.0,4.843648387331959,4.807013844819858
26.03048586845398,42.223709178285645,-0.04669479885181118,2.5933980008040356,1.2390607356276804,-1.9162304839096975,-0.1208758606674949,47.018280029296875,0.0,2.0,4.831377778332448,4.794798228247604
26.04041624069214,42.236123563329926,-0.06582659389566778,2.5921806442863864,1.2436924688226179,-1.9099713735059909,-0.12263743331700655,47.08494186401367,0.0,2.0,4.885289138728327,4.849265104478153
26.050503492355347,42.24858060803816,-0.08489119527514126,2.5909442568441605,1.247599354840163,-1.9027996172530142,-0.12467572490140366,47.08494186401367,0.0,2.0,4.873070061884332,4.8371062334143815
26.0604829788208,42.26107330548245,-0.10387954685139662,2.5896873427749556,1.2508300558187226,-1.8947177137350444,-0.1266957484162113,47.08494186401367,0.0,2.0,4.860887778222117,4.824986925395773
26.070433378219604,42.273595029641676,-0.12278245994578664,2.5884103736674975,1.253407076899861,-1.8857076679584546,-0.12869601717384233,47.15162658691406,0.0,2.0,4.914925652952965,4.87957656013466
26.080435514450073,42.2861393172903,-0.14159046917738496,2.5871137785019815,1.2553439921986616,-1.8757297739150598,-0.13060364601081767,47.15162658691406,0.0,2.0,4.90282743126246,4.867547044645051
26.090505123138428,42.29869976224401,-0.16029373166535568,2.58579868578021,1.2566366062730234,-1.8647546204351721,-0.13238617615267134,47.15162658691406,0.0,2.0,4.8907824472445265,4.855573379737283
26.100473165512085,42.31126985339379,-0.17888216162518378,2.5844670935034046,1.257269405537834,-1.8527628879158662,-0.13387701572995925,47.21826934814453,0.0,2.0,4.944921096703168,4.910258941158983
26.110426664352417,42.32384284396024,-0.19734570218322656,2.583122247340603,1.2572102572934618,-1.839784056046216,-0.13501799456407138,47.21826934814453,0.0,2.0,4.932989731022697,4.898403426733227
26.120545148849487,42.33641162327355,-0.215674649845158,2.5817691586763876,1.2564202152150812,-1.8258550259964508,-0.1354812293697536,47.21826934814453,0.0,2.0,4.92112850415993,4.886619526878302
26.130452394485474,42.34896867547709,-0.23386005600189072,2.580414662545848,1.2548588892574404,-1.8111029715690619,-0.13533064814365497,47.28493881225586,0.0,2.0,4.975477152742565,4.941507028930046
26.14044189453125,42.36150613816783,-0.25189454740810396,2.5790640624171135,1.2524991313086435,-1.7957022830279425,-0.13471935334327145,47.28493881225586,0.0,2.0,4.963764231676855,4.929872225452858
26.15048336982727,42.37401595619617,-0.2697725457463263,2.5777216250350636,1.2493293303806912,-1.7798340923638838,-0.13369774630203815,47.28493881225586,0.0,2.0,4.952141233914991,4.918327004643747
26.16049361228943,42.386490035971406,-0.287490229859036,2.5763917104689944,1.2453538621418454,-1.7636680860148273,-0.13220917741052784,47.28493881225586,0.0,2.0,4.9406151894318215,4.906877932672369
26.170442581176758,42.39892043340602,-0.3050455206048516,2.575078811250636,1.2405989869995993,-1.7473849951123364,-0.13030735748086517,47.35161590576172,0.0,2.0,4.995293870302644,4.962080734080587
26.180468797683716,42.41129956930928,-0.3224380778355611,2.573786785229692,1.235111119955624,-1.7311458122236059,-0.1280424281777817,47.35161590576172,0.0,2.0,4.98396660233206,4.950827387241162
26.190480947494507,42.4236204418089,-0.33966902775195906,2.5725189499712395,1.2289596677939953,-1.715082428787821,-0.1254806515059957,47.35161590576172,0.0,2.0,4.972754999920033,4.939687676478496
26.20047688484192,42.43587684457456,-0.35674062141196394,2.571277960971861,1.2222333087645183,-1.6992861772533818,-0.1226819365769392,47.41827392578125,0.0,2.0,5.027713501630191,4.995152104369031
26.210487127304077,42.44806353479278,-0.37365581120765173,2.57006593702783,1.2150353840241592,-1.6838069441131822,-0.11969775002771119,47.41827392578125,0.0,2.0,5.016730525800487,4.984236149696262
26.220557689666748,42.46017635959254,-0.3904178863148809,2.5688843089270494,1.2074791443045358,-1.6686638367654891,-0.11661541506089662,47.41827392578125,0.0,2.0,5.005875244025207,4.973445244677075
26.23048710823059,42.47221228431481,-0.40703017112226186,2.567733870416494,1.1996727193003396,-1.6538455392762121,-0.1134626864113701,47.41827392578125,0.0,2.0,4.995149754412537,4.962781409793257
26.240436553955078,42.48416931691395,-0.4234958137281602,2.5666151262595394,1.1917163244355484,-1.6393316327553225,-0.1102832455986639,47.48495101928711,0.0,2.0,5.050566209876037,5.018681733188057
26.250494480133057,42.49604639036754,-0.43981773565170473,2.5655282812420195,1.183693385413506,-1.6250978321047693,-0.10708382907719668,47.48495101928711,0.0,2.0,5.040082466977447,5.008254090703556
26.26047110557556,42.50784319131688,-0.4559986447274041,2.5644733949576284,1.1756712971865668,-1.6111246508176753,-0.10389302170410701,47.48495101928711,0.0,2.0,5.029728353385574,4.997953290621648
26.270431995391846,42.519559970195864,-0.472040958447142,2.5634505071931493,1.1676950538447686,-1.5973703733624975,-0.1006804754233909,47.55162048339844,0.0,2.0,5.085462825450645,5.054152320120975
26.280490398406982,42.5311973521401,-0.4879466034758974,2.5624597726672227,1.1597957674213146,-1.5837793165876863,-0.0974631552867294,47.55162048339844,0.0,2.0,5.075342481112612,5.044079728227684
26.290446758270264,42.542756193335094,-0.5037167928808309,2.5615013935415964,1.1519887346005442,-1.5702625274877797,-0.09420453014208877,47.55162048339844,0.0,2.0,5.0653465724124995,5.034128731339904
26.300458192825317,42.554237467145875,-0.5193517559375486,2.560575789921293,1.1442833947536322,-1.55671495905227,-0.0909086993741127,47.61827850341797,0.0,2.0,5.121375116088358,5.090602897834711
26.31052303314209,42.56564221502426,-0.534850571922065,2.5596834023421784,1.1366840684827675,-1.5430111779584095,-0.08755754537112101,47.61827850341797,0.0,2.0,5.111598977613132,5.08086592984683
26.32054352760315,42.57697149684234,-0.5502110043446635,2.5588249663905756,1.1291889456322308,-1.5290149492333251,-0.08411337814515954,47.61827850341797,0.0,2.0,5.10194020220856,5.071243287779684
26.330480098724365,42.588226294970355,-0.565429430364958,2.558001396797271,1.1217834832443525,-1.5145866212418408,-0.0805900759892691,47.61827850341797,0.0,2.0,5.09239641222669,5.061732476181605
26.340442657470703,42.599407352728235,-0.5805008257616497,2.557213401288897,1.114433221818382,-1.4995851084916982,-0.07699779050387502,47.6849479675293,0.0,2.0,5.148804844629194,5.118564696621615
26.35046911239624,42.610514962136534,-0.5954187615414371,2.556461600041794,1.1070832946330604,-1.483872924007353,-0.07335792952133763,47.6849479675293,0.0,2.0,5.139459440460255,5.109245915770248
26.36047911643982,42.621548787855424,-0.610175510247593,2.5557462902768266,1.0996638943856558,-1.4673296026491462,-0.0697057547493148,47.6849479675293,0.0,2.0,5.130222153589883,5.1000319024519785
26.370421409606934,42.632507748391866,-0.624762272543033,2.555067349709014,1.0920970290919128,-1.4498632074996078,-0.06609359300032147,47.751609802246094,0.0,2.0,5.186871262879068,5.157085779291218
26.38043737411499,42.6433899727682,-0.6391695050502767,2.5544241532804848,1.0843034932491715,-1.4314174983192653,-0.06256122214276946,47.751609802246094,0.0,2.0,5.177821320227088,5.148052785515841
26.390441179275513,42.65419280601461,-0.653387308522123,2.553815754907478,1.0762066618547952,-1.4119791347671784,-0.059139569998406624,47.751609802246094,0.0,2.0,5.168876754072502,5.139122007542471
26.40047597885132,42.66491286979396,-0.6674058793808547,2.5532409162678302,1.0677393586925163,-1.3915796820420263,-0.05585226310766836,47.81828689575195,0.0,2.0,5.225779364906589,5.196411690700675
26.410492181777954,42.675546173761504,-0.6812159322049336,2.5526981912103,1.0588468243354743,-1.370290264392373,-0.05272002046447134,47.81828689575195,0.0,2.0,5.217021427066965,5.187662024448845
26.420541286468506,42.68608825911168,-0.6948090531476606,2.5521859608832043,1.049490627893764,-1.3482118915852335,-0.04975392852331981,47.81828689575195,0.0,2.0,5.20837131948796,5.179017519401556
26.430469512939453,42.69653436453859,-0.7081779291529644,2.5517025662770867,1.0396483804502594,-1.325461109508897,-0.04694990421376858,47.81828689575195,0.0,2.0,5.199830833014336,5.170480148915558
26.44043493270874,42.706879577487435,-0.7213164157770323,2.551246571311979,1.0293121327845058,-1.3021530031656006,-0.04426702492255923,47.88495635986328,0.0,2.0,5.257057096725547,5.228075796681722
26.45045518875122,42.717118988536136,-0.7342195141539518,2.55081687344122,1.0184908455802222,-1.278402108615139,-0.04169072947681802,47.88495635986328,0.0,2.0,5.248716092485617,5.219733842970341
26.460469007492065,42.72724786431333,-0.7468833399420424,2.550412349373987,1.0072109485400698,-1.2543143927598956,-0.03923390000104101,47.88495635986328,0.0,2.0,5.2404909505593595,5.2115056987929265
26.47044086456299,42.73726182180638,-0.7593049457145538,2.550031824455757,0.9955161436138498,-1.2299694329225808,-0.036890255994263196,47.95162582397461,0.0,2.0,5.297987443889293,5.269358210227738
26.48045802116394,42.74715702007892,-0.7714820789872441,2.549674096461166,0.9834712640339264,-1.2054274737701156,-0.0346759545219374,47.95162582397461,0.0,2.0,5.289973699484929,5.261338245059129
26.4904682636261,42.75693033785665,-0.7834129261895459,2.5493379410401253,0.9711542588981185,-1.1807147262855742,-0.03257362935408166,47.95162582397461,0.0,2.0,5.282080005062529,5.253436685296126
26.50046682357788,42.76657951016391,-0.7950958521745244,2.5490221698965647,0.9586583368976858,-1.1558436551081943,-0.030602174783632214,48.018280029296875,0.0,2.0,5.339846542724289,5.311547397586377
26.51044201850891,42.77610322544389,-0.806529228164972,2.5487255077638236,0.9460789052009315,-1.1308015855460376,-0.028750449385391053,48.018280029296875,0.0,2.0,5.332167169323308,5.303857750613102
26.520541429519653,42.785501141763135,-0.8177112720746283,2.5484466523713847,0.9335147573508011,-1.1055743593234664,-0.027045435464620897,48.018280029296875,0.0,2.0,5.324605181681937,5.296284226728845
26.530500173568726,42.794773874116345,-0.8286400047391946,2.548184145025671,0.9210566757112526,-1.0801348014274261,-0.02547970838957635,48.018280029296875,0.0,2.0,5.317157762143284,5.288824142535188
26.54046106338501,42.80392291939618,-0.8393132111034336,2.547936478024328,0.9087906601025084,-1.0544664510162856,-0.024080443879685484,48.084957122802734,0.0,2.0,5.375314252007261,5.347314178527634
26.550509691238403,42.812950561349126,-0.8497284925658187,2.5477020701396813,0.896786962896483,-1.028547427471641,-0.022826117195676256,48.084957122802734,0.0,2.0,5.368060101444782,5.340046038667464
26.56046724319458,42.821859763169684,-0.8598833619674887,2.547479254279442,0.8851133625739869,-1.0023867403474624,-0.021770858908380437,48.084957122802734,0.0,2.0,5.360907269019981,5.332878511007436
26.57044506072998,42.83065411628846,-0.8697754374678484,2.5472660640959717,0.8738264768246302,-0.9759909952998406,-0.020897501392689883,48.151615142822266,0.0,2.0,5.419283689052014,5.391580061309867
26.580456018447876,42.83933778806551,-0.8794025355007526,2.547060522257032,0.8629870462160139,-0.9493985217113999,-0.020245925407856864,48.151615142822266,0.0,2.0,5.412292927061391,5.384574218385946
26.590457677841187,42.847915527705865,-0.8887628503087421,2.5468605810797054,0.8526491464002564,-0.9226403628677634,-0.01976826364422369,48.151615142822266,0.0,2.0,5.405384862025423,5.37765088226028
26.600457906723022,42.856392640165105,-0.897854988132074,2.5466645320739896,0.8428709722757105,-0.8957738373803682,-0.019469415648221668,48.21828079223633,0.0,2.0,5.463957379561363,5.436541928012273
26.610427856445312,42.864774969851304,-0.906678141997076,2.546470747250145,0.8336994987960559,-0.868853069884963,-0.019308629808211276,48.21828079223633,0.0,2.0,5.457171439590821,5.42974123172418
26.620527982711792,42.873068781053306,-0.9152321110472691,2.546277847560735,0.8251718402631957,-0.841947833625708,-0.019290743614814993,48.21828079223633,0.0,2.0,5.450445921970319,5.423001130516874
26.63048219680786,42.88128060099852,-0.9235173106305656,2.5460846890569178,0.8173021867035994,-0.8151072258444866,-0.01935070538931271,48.28494644165039,0.0,2.0,5.50914668783511,5.4820150255596864
26.640451431274414,42.88941702172518,-0.9315346750727369,2.5458905552650006,0.8100904859993784,-0.7883899375021911,-0.01948594991235585,48.28494644165039,0.0,2.0,5.502498620669421,5.47535337417973
26.650454998016357,42.897484539275744,-0.9392856460007761,2.545694864998769,0.8035172373703577,-0.7618349483682297,-0.019659310744254317,48.28494644165039,0.0,2.0,5.495888113854517,5.468729585042704
26.660480976104736,42.90548940280822,-0.9467721116771948,2.5454969833374697,0.7975536068244272,-0.7354976927978915,-0.019934596044323884,48.28494644165039,0.0,2.0,5.489308009487948,5.462136529252839
26.670440912246704,42.91343748702543,-0.9539964309585267,2.545295914706307,0.7921527927384286,-0.7094120186244305,-0.020295912264408796,48.35161590576172,0.0,2.0,5.548084474743159,5.521222120535515
26.68044137954712,42.921334168898774,-0.9609614176608543,2.545090429770717,0.787263911746837,-0.6836409837710673,-0.020826770855353754,48.35161590576172,0.0,2.0,5.541527782531423,5.514653804903804
26.690439224243164,42.929184266909274,-0.9676704071409538,2.544879053227035,0.782825945251246,-0.6582190424757512,-0.021462997743866168,48.35161590576172,0.0,2.0,5.53498365648264,5.508098664229277
26.700469255447388,42.93699200979927,-0.9741271884262519,2.544660702545596,0.7787843311630739,-0.6332111778035463,-0.022226395148000885,48.41827392578125,0.0,2.0,5.593749234869203,5.567169408389
26.710453510284424,42.94476110839565,-0.9803361974356875,2.544434265484998,0.7750897923697199,-0.6086753152905225,-0.023075621864642158,48.41827392578125,0.0,2.0,5.587200577348308,5.560611623021975
26.720542192459106,42.95249484475568,-0.9863025683406708,2.544198661394791,0.7717068397000778,-0.5846975293419261,-0.024065487117406636,48.41827392578125,0.0,2.0,5.580652820410534,5.55405560999277
26.73046088218689,42.96019619361245,-0.9920322179137232,2.5439527240179,0.7686090531630956,-0.5613423715252944,-0.025131991699038268,48.484947204589844,0.0,2.0,5.639404775385527,5.613109802477998
26.74040389060974,42.967867940305034,-0.9975317906536412,2.54369565212648,0.7657857248789043,-0.5386969216719719,-0.02629666928461961,48.484947204589844,0.0,2.0,5.632835719591626,5.606534872964413
26.750444412231445,42.97551282272151,-1.002808762220138,2.543426635662158,0.7632371996170291,-0.5168339739242784,-0.02751249932405917,48.484947204589844,0.0,2.0,5.626260314813513,5.599954698182689
26.76048183441162,42.98313364021463,-1.0078713448101586,2.543145196518498,0.7609757522875501,-0.49583141493194816,-0.028781192286708716,48.484947204589844,0.0,2.0,5.619676489739746,5.593367245660928
26.770738124847412,42.99073337245032,-1.0127284598285675,2.542851000609534,0.7590250862057427,-0.4757505935244737,-0.03006064228886963,48.55162048339844,0.0,2.0,5.678359939535218,5.652352111648356
26.780462980270386,42.99831529133926,-1.0173896560607982,2.5425437592390354,0.7574192876951813,-0.45665559260850624,-0.03138864830456054,48.55162048339844,0.0,2.0,5.671739944593735,5.645731154457404
26.790488719940186,43.0058830414295,-1.0218649417632102,2.5422234117374263,0.756198627163023,-0.4385723358579106,-0.03266833455841886,48.55162048339844,0.0,2.0,5.665105291404308,5.639096712635891
26.80048656463623,43.0134406995269,-1.0261645793407184,2.5418905314607203,0.7554087673940146,-0.4215305325220499,-0.03389928257007287,48.6182746887207,0.0,2.0,5.723707115008802,5.69799770009743
26.810441970825195,43.02099281350284,-1.0302990778753154,2.5415456398894976,0.7550977513961366,-0.4055463473591847,-0.03506938646243902,48.6182746887207,0.0,2.0,5.717023024319248,5.691316243235222
26.820526838302612,43.02854439707662,-1.0342790662375094,2.5411892587764173,0.7553091506767989,-0.3906293491031777,-0.03619825187350352,48.6182746887207,0.0,2.0,5.710315554677825,5.68461238082075
26.830448150634766,43.036100848215945,-1.0381152327467338,2.540821899528039,0.7560754476325391,-0.37678311420572974,-0.03726320978628423,48.68495178222656,0.0,2.0,5.768855037019265,5.7434484511601065
26.84043264389038,43.04366780963615,-1.0418183390188274,2.540444098227728,0.7574123651923804,-0.36401970842081155,-0.038291214358266296,48.68495178222656,0.0,2.0,5.76207862964665,5.736677637005712
26.850590229034424,43.05125099729371,-1.0453992869577744,2.540056228246417,0.7593191693955971,-0.35235463514612547,-0.03927583643597446,48.68495178222656,0.0,2.0,5.755267581354723,5.729872965723141
26.86046051979065,43.05885603339342,-1.0488691667837413,2.539658702783553,0.7617777410301378,-0.3418099617849302,-0.0402168600894661,48.68495178222656,0.0,2.0,5.748418166727089,5.723030657271372
26.87043309211731,43.06648828480409,-1.0522393155956562,2.5392522302392773,0.764755532515625,-0.3324146477109485,-0.04106109659778896,48.75161361694336,0.0,2.0,5.806776264609729,5.781682940063116
26.880435466766357,43.07415271547899,-1.0555214369642276,2.5388376666025314,0.7682047596040954,-0.3242122596554961,-0.04184293915895625,48.75161361694336,0.0,2.0,5.799830499462662,5.774745690638476
26.890477895736694,43.08185377249448,-1.05872769061126,2.5384155783573488,0.7720716517375059,-0.3172485872804977,-0.04256238365327801,48.75161361694336,0.0,2.0,5.792838022214144,5.767762219144614
26.900460720062256,43.089595345241975,-1.0618706722291285,2.537986749194357,0.7762964851240997,-0.3115639375996763,-0.0431836537362791,48.81827926635742,0.0,2.0,5.851052771501528,5.826267140510037
26.91044044494629,43.097380616339024,-1.0649633461449404,2.5375523179719193,0.7807946054844641,-0.3071917683332491,-0.04368478478833753,48.81827926635742,0.0,2.0,5.843953352566355,5.819177630251079
26.920525074005127,43.10521176310294,-1.068018951006886,2.5371132873217586,0.785449100471289,-0.3041521591756248,-0.04410778632536744,48.81827926635742,0.0,2.0,5.836805244298442,5.812039639958783
26.93046760559082,43.11308960181305,-1.0710508570809532,2.5366704728092944,0.7901033024915971,-0.30245245677502536,-0.04444503348547033,48.88494110107422,0.0,2.0,5.894865126901767,5.870384967613047
26.94045877456665,43.12101317428328,-1.0740724543650322,2.5362242768208914,0.7945605745172772,-0.30208873001079234,-0.04479793080200373,48.88494110107422,0.0,2.0,5.88761694215226,5.863147344427415
26.950462341308594,43.12897942303847,-1.0770970455144,2.5357745741580433,0.7986007298353529,-0.30304895750840793,-0.04513091433976864,48.88494110107422,0.0,2.0,5.880330541626565,5.855871658811515
26.960464000701904,43.13698305381165,-1.0801377807961214,2.535322126723653,0.8020005611942054,-0.30531207109910286,-0.045332871510182025,48.88494110107422,0.0,2.0,5.873013631684644,5.848565579575364
26.97045111656189,43.145016604318755,-1.0832074550158448,2.5348683947733597,0.8045529043275191,-0.30882401774205437,-0.04539568586018741,48.95161819458008,0.0,2.0,5.93093960670269,5.906772419742209
26.980488777160645,43.15307072132817,-1.086318096157988,2.534414316163659,0.8060894441035331,-0.31348573848824535,-0.045416604140428835,48.95161819458008,0.0,2.0,5.92358324554632,5.899427074351915
26.99049186706543,43.16113457969642,-1.0894805702571706,2.5339601535419183,0.8064834993683893,-0.31916644788877335,-0.0454166383066405,48.95161819458008,0.0,2.0,5.916230375228341,5.892085234210718
27.000492095947266,43.16919630140894,-1.0927042899416306,2.533505697697953,0.8056515422061851,-0.32570728762387996,-0.04548547044115725,48.95161819458008,0.0,2.0,5.908894477426207,5.884760455267636
27.010422706604004,43.1772433558277,-1.0959970451257146,2.533050360587393,0.803544352932274,-0.33294690205323507,-0.045580264900803934,49.01828384399414,0.0,2.0,5.96683385006205,5.942975980712354
27.020513772964478,43.185262877677886,-1.0993650222198295,2.5325942210490062,0.8001448314432739,-0.3407241021386297,-0.04564014099234945,49.01828384399414,0.0,2.0,5.9595632096538935,5.935717062458876
27.030474424362183,43.19324198377946,-1.1028127454956926,2.5321376963720788,0.7954658094653699,-0.34886675064992584,-0.04565927138852918,49.01828384399414,0.0,2.0,5.952350724947351,5.928516561913367
27.040465593338013,43.201168066661424,-1.1063429889558403,2.531681127181121,0.789549036891928,-0.35719896632690373,-0.04564849525170062,49.0849494934082,0.0,2.0,6.0104545175837325,5.986892239462984
27.050777435302734,43.20902903889943,-1.1099567745471035,2.531224860392902,0.782455429468457,-0.3655462120426658,-0.045600948782370185,49.0849494934082,0.0,2.0,6.003386134622447,5.979836555381559
27.060460805892944,43.216813527893805,-1.1136533826253778,2.5307690227992707,0.7742675655171032,-0.37373441476337965,-0.045572370417901305,49.0849494934082,0.0,2.0,5.996412204140058,5.9728756530164375
27.07044792175293,43.22451105259989,-1.1174303512480122,2.5303133149175934,0.7650788699559793,-0.38158931285108555,-0.04557425445914515,49.151615142822266,0.0,2.0,6.054787006840124,6.031518340038527
27.080453395843506,43.232112113678575,-1.1212834841691788,2.5298574024794482,0.7549924806820852,-0.3889387395377866,-0.04561362210177495,49.151615142822266,0.0,2.0,6.048019645377665,6.024764955075999
27.090455770492554,43.23960825782197,-1.1252068706263134,2.5294009778575735,0.7441129865996305,-0.3956119503180697,-0.04567441725081991,49.151615142822266,0.0,2.0,6.041372468682271,6.018132260925772
27.101685285568237,43.246992103681585,-1.1291929323889596,2.5289437837162514,0.7325531780521245,-0.4014488643566865,-0.04576957934119202,49.21826934814453,0.0,2.0,6.100082797399577,6.07710692754358
27.110434532165527,43.25425750152571,-1.1332326055422373,2.5284855266744226,0.7204486695708096,-0.40631420889839315,-0.04588635752959348,49.21826934814453,0.0,2.0,6.09368118601376,6.070720998767256
27.12049174308777,43.26139982789177,-1.1373156380667557,2.5280258397449478,0.7079696167582236,-0.410107892411178,-0.04605887632650306,49.21826934814453,0.0,2.0,6.0874126383337845,6.06446876007351
27.130488634109497,43.268416292489206,-1.1414310132144283,2.527564270538484,0.6953117357389685,-0.4127780415966255,-0.046263335388150986,49.21826934814453,0.0,2.0,6.0812778428030665,6.058350942444546
27.14045262336731,43.27530624688843,-1.1455674332372976,2.527100056021377,0.682707264405806,-0.41432050752296923,-0.0466033267962199,49.284950256347656,0.0,2.0,6.140519549157126,6.117854678277598
27.150484085083008,43.28207136994431,-1.1497138139574685,2.526631896919966,0.6703822066844926,-0.414781442010134,-0.04703588891663634,49.284950256347656,0.0,2.0,6.134634295024049,6.111987956371616
27.16045117378235,43.28871553624434,-1.1538597328047506,2.5261593614991247,0.6585503599956721,-0.41424401019459006,-0.0474624820580726,49.284950256347656,0.0,2.0,6.1288715743808755,6.1062445988971605
27.170435190200806,43.295244686153254,-1.1579956993933018,2.5256829034026684,0.6474110287522237,-0.4128085770729327,-0.04782285390108661,49.35160827636719,0.0,2.0,6.188443785929727,6.166076059917067
27.180567026138306,43.30166669162634,-1.1621132789708821,2.525202598398761,0.6371481575630755,-0.410584794017505,-0.04824955571139497,49.35160827636719,0.0,2.0,6.182890765758513,6.160543843845044
27.190438270568848,43.307990986657956,-1.1662051009465377,2.524717899838805,0.6278851200385986,-0.4076722408410942,-0.048681293788667854,49.35160827636719,0.0,2.0,6.177432569956335,6.1551071706304255
27.20045566558838,43.314227985119075,-1.1702647062222185,2.524229315311555,0.6196984301262171,-0.40415368135127017,-0.049012778181768295,49.41828536987305,0.0,2.0,6.237295280330321,6.21522614544305
27.210429191589355,43.32038868429749,-1.174286365384999,2.5237381544044717,0.612629144913126,-0.4000917971003214,-0.04919363944788332,49.41828536987305,0.0,2.0,6.231981555674043,6.209934980004417
27.22053098678589,43.32648431822835,-1.178264886305258,2.523245890519925,0.6066843124177961,-0.3955328462542015,-0.04923806979507462,49.41828536987305,0.0,2.0,6.2267274275549696,6.204703715337207
27.230456590652466,43.33252607423624,-1.18219549290089,2.5227537925244223,0.6018502302048022,-0.3905152768139622,-0.04916757108082179,49.41828536987305,0.0,2.0,6.221521029094383,6.199520335305382
27.240436792373657,43.33852494694748,-1.1860738029296245,2.5222625698331522,0.598103023303287,-0.3850805498392712,-0.049073857822058684,49.48495101928711,0.0,2.0,6.281566900111868,6.259818250455225
27.250470876693726,43.3444916661888,-1.1898958492734812,2.521772475161459,0.5954154223432967,-0.37926974719294904,-0.04893389833255884,49.48495101928711,0.0,2.0,6.276411372353382,6.254685699471296
27.260468006134033,43.35043670652911,-1.193658108401356,2.521284129650562,0.5937629441418621,-0.3731327900888917,-0.04872195473427527,49.48495101928711,0.0,2.0,6.271269622413838,6.249566827643741
27.27043581008911,43.35637027526492,-1.1973576431867852,2.5207983362162167,0.5931149967669621,-0.3667370147466712,-0.04840812679883755,49.55160903930664,0.0,2.0,6.331341056694747,6.3098849965100765
27.280521631240845,43.362302205459294,-1.200992202853493,2.5203172596002577,0.5934258495866097,-0.360149566976225,-0.04773865810822319,49.55160903930664,0.0,2.0,6.326186165887175,6.304752283383095
27.290446043014526,43.36824174921118,-1.2045602750130164,2.519844802994123,0.5946227947587426,-0.35345319101222844,-0.0466859088862702,49.55160903930664,0.0,2.0,6.321015355112019,6.29960288433818
27.300479888916016,43.37419727600607,-1.208061115771767,2.519385399004426,0.5966025697304056,-0.34671268485839235,-0.04510290821366924,49.61827850341797,0.0,2.0,6.381044054592976,6.359871227781062
27.310410737991333,43.38017594951418,-1.2114945788362463,2.518944374134214,0.5992260817070142,-0.3399865754046312,-0.04303332887692353,49.61827850341797,0.0,2.0,6.375809427125007,6.354655190297154
27.32054901123047,43.38618337119776,-1.2148610488381044,2.5185257607702574,0.6023202115437454,-0.3333199538388269,-0.040647353277352194,49.61827850341797,0.0,2.0,6.370538915163239,6.349401318630509
27.330456972122192,43.39222321972861,-1.2181612608065184,2.518132151066971,0.6056732820410115,-0.3267379403274333,-0.038046184016765836,49.6849479675293,0.0,2.0,6.430455857470929,6.409547691445388
27.34043025970459,43.39829689951941,-1.221396140685556,2.5177651861411947,0.6090444437711053,-0.3202552624421256,-0.03533234297431778,49.6849479675293,0.0,2.0,6.425096962020984,6.404200979309708
27.35054659843445,43.40440330228053,-1.2245667184165736,2.5174257777109634,0.6121737613441383,-0.31387845407817966,-0.03253981164247541,49.6849479675293,0.0,2.0,6.419698931840815,6.398812775823208
27.36049461364746,43.41053869517915,-1.2276740910764559,2.517114394278436,0.6147996274428406,-0.30761565436341254,-0.02973738605096237,49.6849479675293,0.0,2.0,6.414265561046243,6.393386848209165
27.370443105697632,43.4166967856694,-1.230719435173583,2.5168310461492416,0.6166739082010654,-0.3014742677388597,-0.026933682478049333,49.751625061035156,0.0,2.0,6.474032816753884,6.453370172409338
27.380443572998047,43.42286894582274,-1.233704024720956,2.5165755634520077,0.6175816590921852,-0.2954669972821683,-0.02416854789800505,49.751625061035156,0.0,2.0,6.468541558899268,6.447881790669802
27.390465259552002,43.429044644079,-1.2366292635014449,2.516347617414587,0.6173592260938783,-0.2896065450121237,-0.02142529979658757,49.751625061035156,0.0,2.0,6.463040300526939,6.4423811641523985
27.40046215057373,43.435212025897606,-1.239496708379661,2.516146785805754,0.6159075660674921,-0.2839115882502795,-0.018755505121882454,49.818275451660156,0.0,2.0,6.522749289363279,6.502295808973286
27.410409212112427,43.44135858013941,-1.242308108184288,2.51597225668655,0.6131934540785562,-0.27840042343920707,-0.016159361702266655,49.818275451660156,0.0,2.0,6.51725598635013,6.4967990750789255
27.420514583587646,43.44747176522343,-1.245065381150867,2.5158235561386006,0.609241356521397,-0.27308875755232026,-0.013580458785280176,49.818275451660156,0.0,2.0,6.511789412713188,6.491327091932441
27.430453300476074,43.45353947131241,-1.2477706026145006,2.515700645657149,0.6041094818672889,-0.2679929476444085,-0.011006943456819884,49.88494873046875,0.0,2.0,6.571598260046185,6.551332424439387
27.44043254852295,43.459550295749395,-1.2504260184954517,2.5156030781402827,0.5978788532556742,-0.263129919203507,-0.008522211772516863,49.88494873046875,0.0,2.0,6.566213277590978,6.54593845622034
27.450455904006958,43.46549362731142,-1.2530340036786858,2.5155299872528167,0.5906216258857903,-0.25850757359791887,-0.006102257424382955,49.88494873046875,0.0,2.0,6.560889360718153,6.540603797496662
27.46046733856201,43.47135951437685,-1.2555969846586263,2.515480966963219,0.5824004260062483,-0.25412981237579585,-0.0037038779920310614,49.88494873046875,0.0,2.0,6.555636586019354,6.535338585004922
27.47043514251709,43.477138642713626,-1.2581174361720924,2.515455867117454,0.5732819258904265,-0.2500030791669884,-0.0013223373825242792,49.951622009277344,0.0,2.0,6.615700197111133,6.595589006837106
27.48045015335083,43.482822442264165,-1.26059791800456,2.5154541711691514,0.5633501512395801,-0.2461374785795356,0.0009644098012612211,49.951622009277344,0.0,2.0,6.610610255615058,6.590483665791709
27.490439414978027,43.488403260159956,-1.2630410779938532,2.51547481908634,0.5527038366512681,-0.24253960620346368,0.0031456269317658206,49.951622009277344,0.0,2.0,6.605617582993623,6.585474118364024
27.50047516822815,43.49387455841199,-1.2654496227328398,2.5155164831008605,0.5414688406803877,-0.23921500843519936,0.005158948446582454,50.018280029296875,0.0,2.0,6.665957301133574,6.645993492036185
27.51047992706299,43.49923112887789,-1.2678262869349979,2.5155775387685653,0.5297821668776801,-0.23616300316499775,0.007030731383341151,50.018280029296875,0.0,2.0,6.661171237731398,6.641188301794897
27.520519733428955,43.504469211313946,-1.2701737809625855,2.515656560115364,0.5177979014292334,-0.23338019564909468,0.008748763681407336,50.018280029296875,0.0,2.0,6.6564986662889245,6.636495521456804
27.530437707901,43.50958662135568,-1.2724947662808022,2.51575210182568,0.5056744495277471,-0.23086006817278681,0.010338011325750579,50.08495330810547,0.0,2.0,6.7171936272500385,6.697364406647656
27.54043173789978,43.51458279315037,-1.2747918370839373,2.5158627056190657,0.4935772368360628,-0.22859610181365242,0.011755478666276204,50.08495330810547,0.0,2.0,6.7127473706922585,6.692896453082716
27.550533533096313,43.51945874951609,-1.2770675137127419,2.515986796068719,0.4816549259589838,-0.2265798297582034,0.013044048733821723,50.08495330810547,0.0,2.0,6.7084172952466545,6.688543954662119
27.560510873794556,43.52421694092457,-1.2793242309310062,2.516123110177902,0.47004595105374214,-0.22480225406399723,0.014197641543102983,50.08495330810547,0.0,2.0,6.704201312039859,6.684304912816086
27.57042646408081,43.52886109890682,-1.2815642961674618,2.5162704207200117,0.4588655923143167,-0.22324563585046564,0.015249180341155605,50.151611328125,0.0,2.0,6.765335379057792,6.745608026250904
27.58046793937683,43.533396007316675,-1.2837897912134828,2.516427687955404,0.4482101497788927,-0.22188273868858024,0.01618644033507815,50.151611328125,0.0,2.0,6.76133032897321,6.74157921117938
27.590450525283813,43.53782728492683,-1.2860024661809488,2.5165938793633176,0.43814894219578837,-0.2206741631274051,0.017040565336218234,50.151611328125,0.0,2.0,6.7574263554464205,6.737651053081204
27.600456476211548,43.54216112127365,-1.2882036270976147,2.5167682538364744,0.4287268061953313,-0.2195708953095157,0.017824528204688616,50.21828079223633,0.0,2.0,6.818877611018946,6.799267787481404
27.61044454574585,43.54640398980415,-1.2903940360986854,2.5169502297324478,0.41995429610415647,-0.21851306934678835,0.01856449997613273,50.21828079223633,0.0,2.0,6.815151823345694,6.795517407470289
27.620508193969727,43.550562305259795,-1.2925738154532187,2.5171393780903633,0.41180988549596154,-0.21743273560382878,0.019257862758567553,50.21828079223633,0.0,2.0,6.811508645398287,6.79184929823711
27.630484580993652,43.55464210436102,-1.2947423479304614,2.517335266271833,0.40424001461424586,-0.21624940378395813,0.01991089008985736,50.284950256347656,0.0,2.0,6.87321186534729,6.853714727665737
27.640442609786987,43.55864878076744,-1.2968981686500833,2.5175372384282326,0.39717149654558853,-0.21487512030409336,0.020466889072846012,50.284950256347656,0.0,2.0,6.869710415541578,6.850188055830329
27.650451183319092,43.562586896233384,-1.2990388944109486,2.5177443489766373,0.3905115370913858,-0.21321421434898546,0.020944739931555507,50.284950256347656,0.0,2.0,6.866274856535857,6.846727042507191
27.660504579544067,43.5664600533654,-1.3011611850003924,2.5179559238019675,0.38416443305944936,-0.21117314448025387,0.02136189331855183,50.284950256347656,0.0,2.0,6.862900944638628,6.843327482805439
27.67062735557556,43.57027094262484,-1.303260808243273,2.5181714506737034,0.3780456934670301,-0.20866821376721673,0.02173117296150509,50.351619720458984,0.0,2.0,6.924859683288093,6.905445675764569
27.680458784103394,43.5740215342466,-1.305332795580976,2.518389991451154,0.37209686115424867,-0.20563738398991277,0.021951744375741353,50.351619720458984,0.0,2.0,6.921593679508023,6.902154075429545
27.690444946289062,43.5777133044304,-1.307371654567702,2.518610117824989,0.36627662721478815,-0.20203724513504911,0.022055744231971812,50.351619720458984,0.0,2.0,6.9183802461696775,6.898915043416636
27.700459957122803,43.58134746406513,-1.3093715950245035,2.5188305560529916,0.36057632452130434,-0.19785421929901653,0.02200698730176459,50.41827392578125,0.0,2.0,6.9804872725810005,6.961179312212197
27.71044611930847,43.584925311848465,-1.3113268527196646,2.519049867684184,0.35502164975997,-0.1931067116489131,0.021835882943688146,50.41827392578125,0.0,2.0,6.977366563349222,6.9580335867399175
27.720497846603394,43.58844859214002,-1.3132320402672035,2.5192666968671804,0.34967597718244087,-0.1878536122779531,0.021502421945308523,50.41827392578125,0.0,2.0,6.974290672326991,6.954932960110537
27.73047184944153,43.59191982023746,-1.3150825669936763,2.5194794531022593,0.3446277125401649,-0.1821946202046403,0.02102379569807884,50.48494338989258,0.0,2.0,7.03655277760546,7.017351073576959
27.740440607070923,43.59534249845309,-1.3168750498834216,2.5196864327936512,0.3399846180434013,-0.17627100264761103,0.020338791687918214,50.48494338989258,0.0,2.0,7.033550620331029,7.0143253660155525
27.750650882720947,43.598721226947646,-1.3186076496720625,2.51988571890134,0.3358556707478811,-0.1702466320788008,0.019498384677461376,50.48494338989258,0.0,2.0,7.030580557245982,7.011332384875764
27.760520696640015,43.602061667553244,-1.3202802357480108,2.520076030246063,0.3323425504264121,-0.16429823197759647,0.01854962260052715,50.48494338989258,0.0,2.0,7.027636856145614,7.00836647904629
27.770459413528442,43.605370395966695,-1.321894461551219,2.5202565280911355,0.329523431884896,-0.15860297589252215,0.017553823102680437,50.551605224609375,0.0,2.0,7.090010586532988,7.0708969206267165
27.78050446510315,43.608654583866304,-1.323453643169345,2.520427777759178,0.3274378025607426,-0.15331203922393086,0.01673764070911436,50.551605224609375,0.0,2.0,7.087096599967873,7.067962446519706
27.79046082496643,43.61192160873748,-1.324962463171073,2.5205921038066905,0.3260875388557896,-0.1485470796372145,0.016178270649528998,50.551605224609375,0.0,2.0,7.08419016936721,7.065036037927419
27.80047869682312,43.615178646737846,-1.326426557151152,2.5207529142091083,0.3254298317528121,-0.14437326068242062,0.016062287026421204,50.61827850341797,0.0,2.0,7.146607489697912,7.127609347751111
27.810444355010986,43.61843224504473,-1.3278519677350527,2.520914720216452,0.3253828281443262,-0.14080951980143253,0.01635215565509494,50.61827850341797,0.0,2.0,7.143695866623793,7.124678132314449
27.820517539978027,43.62168794899742,-1.3292446841172476,2.5210805915526753,0.3258284097683689,-0.1378244752108098,0.016850677943191783,50.61827850341797,0.0,2.0,7.140776974486299,7.121739311183808
27.830451726913452,43.62494995960805,-1.3306101066548999,2.521252315865429,0.32661734490325706,-0.1353332820867414,0.0175205031207752,50.68495178222656,0.0,2.0,7.203183530086119,7.184298782157438
27.84042739868164,43.628220882344266,-1.3319526090393754,2.5214313679400995,0.3275818723627158,-0.13321926557388372,0.018304021702222433,50.68495178222656,0.0,2.0,7.200238844479556,7.181333354334723
27.85049605369568,43.63150159576867,-1.3332753081861723,2.5216186197322763,0.32854630475290225,-0.131350203655704,0.0191526291192393,50.68495178222656,0.0,2.0,7.19728202620359,7.1783551444785605
27.8605318069458,43.63479122361052,-1.3345799953892585,2.5218143943976377,0.32933401187614164,-0.12959651619497864,0.01999917353302418,50.68495178222656,0.0,2.0,7.194314277855745,7.175365333302441
27.87046217918396,43.63808701767881,-1.3358672568479675,2.522018525537166,0.3297437513823375,-0.12784960388376868,0.020812695698385945,50.75160217285156,0.0,2.0,7.2566619414021885,7.237861506742926
27.880505561828613,43.641384099087695,-1.3371367640088923,2.522229883219108,0.32955239073740195,-0.1260365429104489,0.021424566601425624,50.75160217285156,0.0,2.0,7.25367905500854,7.2348556158462864
27.890477657318115,43.64467523341248,-1.338387638763953,2.5224465608778655,0.3285113841372456,-0.12412010764571021,0.021900747818847422,50.75160217285156,0.0,2.0,7.250699442336184,7.231852597648899
27.900437355041504,43.64795063841392,-1.3396188190514442,2.522667985653376,0.3263637117178513,-0.12210083315376495,0.022393287691986966,50.81827926635742,0.0,2.0,7.31309599528749,7.294394506267328
27.910459995269775,43.65119797114761,-1.340829427771845,2.5228946162792254,0.32285631894537425,-0.12001405015261049,0.02294121665747635,50.81827926635742,0.0,2.0,7.31015024649009,7.291424953088754
27.920496463775635,43.65440247688273,-1.3420190709416078,2.5231269498574656,0.3177629555908148,-0.11791889735663694,0.023534463095190448,50.81827926635742,0.0,2.0,7.3072435054001295,7.288494072272076
27.93045735359192,43.65754727467606,-1.3431880158386205,2.523365478593462,0.3108863587696698,-0.11588730360845677,0.024156338625642728,50.88494110107422,0.0,2.0,7.369754880044114,7.351147908167178
27.940444469451904,43.66061385041826,-1.3443373020514058,2.523608842455938,0.3020996202462661,-0.11399973403100072,0.024476071565441435,50.88494110107422,0.0,2.0,7.366974496097785,7.348343147013288
27.950488805770874,43.66358246402649,-1.3454687082521188,2.5238547839867116,0.29127546198470217,-0.11232148552847646,0.024710720268496772,50.88494110107422,0.0,2.0,7.364287504195855,7.345631804667959
27.9604914188385,43.666432415436326,-1.3465846293094736,2.5241024810668233,0.2783689899301566,-0.11091156073287955,0.024792424623704026,50.88494110107422,0.0,2.0,7.361714557029676,7.343034645738928
27.970443725585938,43.66914302955312,-1.3476879726977784,2.5243499228146318,0.2634218313057574,-0.10981090225388083,0.02465820020959937,50.95161819458008,0.0,2.0,7.424664991940336,7.406126342494346
27.980492115020752,43.671694508375644,-1.348781940225394,2.5245947608742,0.24657450634055142,-0.10903697946401238,0.024267147977180763,50.95161819458008,0.0,2.0,7.422378410076867,7.403816691358487
27.990463256835938,43.67406899955134,-1.3498697631471575,2.524834479799211,0.2280766250561895,-0.10857739499989462,0.023628581203179296,50.95161819458008,0.0,2.0,7.420264273912927,7.401680259476386
28.00051522254944,43.6762518209891,-1.350954400681915,2.525065946622542,0.20830938711832697,-0.10839049573918044,0.02260759123671094,51.01826858520508,0.0,2.0,7.4837144658954555,7.465272128914678
28.010473012924194,43.67823231970583,-1.3520382516342895,2.5252858165892076,0.18768386331753342,-0.10840655966853874,0.021336996389987838,51.01826858520508,0.0,2.0,7.481982691896332,7.463520604428348
28.020597457885742,43.680004127153595,-1.3531229124758617,2.525492191416154,0.16664538467783305,-0.10853633215430844,0.019918261931099624,51.01826858520508,0.0,2.0,7.480455127584694,7.461974730094494
28.03044629096985,43.6815652327738,-1.3542090199072505,2.52568391604753,0.14560428022954006,-0.10867866538265468,0.01842588730843572,51.08494186401367,0.0,2.0,7.544548441966415,7.526212036183063
28.040453672409058,43.68291718251742,-1.355296189334335,2.525861208466068,0.12485285973830837,-0.10873211632924436,0.01706835191682076,51.08494186401367,0.0,2.0,7.543429402922336,7.525077883072297
28.05047607421875,43.68406391108187,-1.3563830417466014,2.5260260151202796,0.10458513877310982,-0.10859991633275681,0.015921335909673345,51.08494186401367,0.0,2.0,7.542511040675584,7.524145760824265
28.060465574264526,43.685010830703064,-1.3574672838391175,2.526179977359123,0.08489172798184258,-0.10819668430600655,0.014899733177473425,51.08494186401367,0.0,2.0,7.541787725269162,7.523409913360228
28.070436000823975,43.6857634168466,-1.3585458146465559,2.5263247189801694,0.06570005659730509,-0.10744584950487754,0.014072260628515154,51.151611328125,0.0,2.0,7.606677952604758,7.588447256509974
28.0804660320282,43.68632610072377,-1.3596148347690484,2.5264614459897423,0.04687954250684263,-0.10628517021881928,0.013288892682983227,51.151611328125,0.0,2.0,7.606326161787485,7.588085135617491
28.090444087982178,43.68670143108728,-1.3606699759830008,2.5265909874653265,0.028189277235522173,-0.10466275163261651,0.012632296398854787,51.151611328125,0.0,2.0,7.606155442962825,7.587905017488904
28.100477933883667,43.68688960349122,-1.3617064403117607,2.5267139453495435,0.009408194655299853,-0.10254524405156415,0.011965378184046013,51.2182731628418,0.0,2.0,7.671597638554073,7.65349480614201
28.11042833328247,43.68688845822514,-1.3627191500676998,2.5268305215244844,-0.009710656912119293,-0.09990922172474509,0.011356861068986184,51.2182731628418,0.0,2.0,7.6717865878362845,7.653676178863
28.12059497833252,43.686693597415136,-1.363702857124235,2.5269413105674694,-0.02936696048379192,-0.09674239435784537,0.010819693982135897,51.2182731628418,0.0,2.0,7.672160281020191,7.654043129802787
28.130492687225342,43.68629878930014,-1.3646521703711565,2.5270471461537984,-0.049720585583580376,-0.09302707581753264,0.010351603941487127,51.28493881225586,0.0,2.0,7.738177074662487,7.7202076231512855
28.140442848205566,43.685696435937764,-1.3655614713463464,2.5271486883633463,-0.07089524617519362,-0.08873329734120176,0.009973972505385405,51.28493881225586,0.0,2.0,7.73893588070721,7.720961263084687
28.150487184524536,43.684877933576395,-1.3664247659503272,2.5272466562290554,-0.09295441661236035,-0.08381796193357768,0.009609191647221826,51.28493881225586,0.0,2.0,7.739898645146537,7.721919580042029
28.16049098968506,43.68383426797535,-1.3672355668552663,2.5273409049015925,-0.1159327624309236,-0.07822427132943456,0.009240203199395152,51.28493881225586,0.0,2.0,7.741073040498862,7.7230902745180865
28.170435190200806,43.6825563120922,-1.3679868243836895,2.527431123942274,-0.13979875308148676,-0.07190332518052818,0.008768041289685315,51.35160827636719,0.0,2.0,7.807940161972323,7.7901056464233776
28.180455684661865,43.681035630402626,-1.368671121194562,2.5275154798300976,-0.1644625796732213,-0.06483025880271602,0.00806615849826282,51.35160827636719,0.0,2.0,7.809559394515937,7.791722874628677
28.190452098846436,43.67926485357565,-1.369280992744898,2.527591499339351,-0.18977599554177949,-0.05703160299121011,0.007039137285488093,51.35160827636719,0.0,2.0,7.811410680825847,7.7935732520035375
28.20045232772827,43.67723937496995,-1.3698098765792268,2.5276520097748523,-0.21533538787151982,-0.048664377276002174,0.004838687468572864,51.41827392578125,0.0,2.0,7.878985445997964,7.861297285742875
28.210458517074585,43.67495809765094,-1.3702529314886955,2.527684245172776,-0.24088872070239545,-0.039901031536608574,0.0013552791178188263,51.41827392578125,0.0,2.0,7.88130596874847,7.8636208651248385
28.220540761947632,43.67242351295674,-1.3706076838393884,2.5276707784458563,-0.2659278485792849,-0.031054545213017207,-0.0044106186579553845,51.41827392578125,0.0,2.0,7.883856955277592,7.866178490274244
28.230478048324585,43.66964132663597,-1.3708743477202718,2.5275909857157406,-0.2903935371692256,-0.02231898139442921,-0.011833167901165174,51.41827392578125,0.0,2.0,7.886631466093934,7.868964584605426
28.24046492576599,43.666619222719724,-1.3710555937558297,2.527424923694069,-0.31388808663064227,-0.014003699441130727,-0.021631114616663005,51.48493957519531,0.0,2.0,7.955130647904964,7.937627263553206
28.250475645065308,43.66336553505139,-1.3711557801110965,2.5271575721887984,-0.33679191212653287,-0.006095137425043593,-0.03166324679445053,51.48493957519531,0.0,2.0,7.9583279490544605,7.940849365073321
28.26048731803894,43.659883361441516,-1.3711784741672894,2.526800954574634,-0.35963469658834685,0.0014971288968942571,-0.03916810641823744,51.48493957519531,0.0,2.0,7.961730616026103,7.944283174486333
28.270464181900024,43.656173762376206,-1.371127399015716,2.526382200582508,-0.3822227133348041,0.008628649484301433,-0.04419548645416791,51.551605224609375,0.0,2.0,8.030872090890446,8.013602705347514
28.280476808547974,43.65223963276357,-1.3710076346197808,2.525927955558478,-0.4045303901549787,0.015221275054845503,-0.04621463715109504,51.551605224609375,0.0,2.0,8.034689720347707,8.017458368324915
28.29045271873474,43.6480856895636,-1.3708254224721075,2.5254627211504928,-0.42610449641586423,0.021088170123457362,-0.0466838270314286,51.551605224609375,0.0,2.0,8.038712238354156,8.021520016788962
28.300460815429688,43.64372022843889,-1.3705884709119274,2.5249994360679766,-0.4468172043886533,0.026161293751740818,-0.04586704690866774,51.61827087402344,0.0,2.0,8.108489080183888,8.091475190321582
28.310444355010986,43.639153482574066,-1.3703051888830702,2.524544138184847,-0.4663186934105021,0.03034486517907674,-0.045285533398692235,51.61827087402344,0.0,2.0,8.112903130822762,8.09592802939908
28.320513010025024,43.63439783963176,-1.3699844845046532,2.5240931984302204,-0.48459983593833156,0.03365112472883785,-0.04499444782381511,51.61827087402344,0.0,2.0,8.11749713875594,8.100560852007103
28.33049750328064,43.62946594971085,-1.369635005664745,2.523640580364729,-0.5015560994576801,0.03610947241405175,-0.04573242488812824,51.61827087402344,0.0,2.0,8.122259760982041,8.105362679575995
28.340456247329712,43.62437065351114,-1.3692647606256583,2.523176814614993,-0.517305887548114,0.03782603493987037,-0.047141928053892515,51.68494415283203,0.0,2.0,8.192767853539861,8.176046179092033
28.35048818588257,43.61912387307154,-1.3688805211679342,2.52269394003186,-0.5318558974416059,0.03893416251754316,-0.049616545572921,51.68494415283203,0.0,2.0,8.197835056987588,8.181154604738175
28.36047077178955,43.613736918888776,-1.3684875024946082,2.5221832754472873,-0.5453695685406751,0.03961384585248071,-0.052595162662139476,51.68494415283203,0.0,2.0,8.203037219889882,8.186399957108245
28.37043571472168,43.60821978736013,-1.3680890375085935,2.521639477485421,-0.5579007011721795,0.04005607312034337,-0.05627723399377745,51.75161361694336,0.0,2.0,8.273973557047224,8.257513589346702
28.380495071411133,43.602581585653965,-1.3676865114013612,2.521057786893024,-0.5696105643333094,0.04045790948323925,-0.06006983046173717,51.75161361694336,0.0,2.0,8.279419705373778,8.263007287933963
28.390434741973877,43.59683013116024,-1.3672794306198246,2.520437065991672,-0.580560625979637,0.04099344958243296,-0.06411089907083059,51.75161361694336,0.0,2.0,8.284974440579475,8.268612141187733
28.400485277175903,43.59097241205675,-1.3668657113255194,2.5197769312627156,-0.5908851697053303,0.04180595551931858,-0.06785857867234063,51.81827926635742,0.0,2.0,8.356259211267512,8.340077934145473
28.410419702529907,43.58501438157654,-1.3664420817494112,2.5190802441897397,-0.6006283743889355,0.04298606546184472,-0.07145370879557089,51.81827926635742,0.0,2.0,8.362012851320527,8.345886089909303
28.420531272888184,43.57896145582321,-1.3660045959331277,2.518350117736703,-0.6098766033084602,0.044582072761040294,-0.0744689274537436,51.81827926635742,0.0,2.0,8.367855960976762,8.351785829335943
28.430463314056396,43.57281853620351,-1.3655490339066723,2.517592172559258,-0.6186212165959563,0.04659981726280979,-0.07705617049892892,51.88494110107422,0.0,2.0,8.439431696182558,8.423544722825197
28.440504550933838,43.566590711740176,-1.3650712101076619,2.516811519301441,-0.6268535928607144,0.04903291213301145,-0.07895748730028694,51.88494110107422,0.0,2.0,8.445440589743159,8.429612838582718
28.450475215911865,43.56028346002551,-1.3645670536879577,2.5160147493909957,-0.6344885098194882,0.05186336291706341,-0.08031771263067647,51.88494110107422,0.0,2.0,8.451522898642017,8.435755335752768
28.460488080978394,43.5539032287273,-1.3640326292289389,2.5152074850453614,-0.6414327396528282,0.05508700587243829,-0.08102580898726207,51.88494110107422,0.0,2.0,8.457672008107588,8.441965235896195
28.47044086456299,43.54745755709289,-1.3634640074077298,2.5143959976073362,-0.6475531353104502,0.05870372083726484,-0.08117813055110572,51.95161056518555,0.0,2.0,8.529561836652785,8.514036756024089
28.48048448562622,43.540955286371535,-1.3628571609504967,2.513587007347499,-0.652733745935668,0.06273605065723883,-0.08046375529849563,51.95161056518555,0.0,2.0,8.535822952376193,8.520358082862248
28.490461587905884,43.53440646095411,-1.3622078960237718,2.512789416766133,-0.6568425070808122,0.0671855709982162,-0.07892634782927004,51.95161056518555,0.0,2.0,8.542124341768119,8.526718904964563
28.500460386276245,43.527822351136344,-1.3615120788490322,2.5120116775680303,-0.659776264532415,0.07204393876002119,-0.07646105663978967,52.01827621459961,0.0,2.0,8.61415566996651,8.598925627568255
28.510438680648804,43.52121512601052,-1.3607657898288603,2.511263072214193,-0.661454545905033,0.07727000060730346,-0.07312732093964629,52.01827621459961,0.0,2.0,8.620505820831704,8.605331526326188
28.520566940307617,43.51459758955644,-1.3599656520518753,2.5105520765728713,-0.6618349100620272,0.08280306020037193,-0.06892205490038333,52.01827621459961,0.0,2.0,8.626860388094261,8.611739471952053
28.530475616455078,43.50798277520526,-1.3591089571917372,2.5098874042433166,-0.6609125871295453,0.08856742106736275,-0.0638856093224346,52.08494567871094,0.0,2.0,8.698934128422712,8.683977763999135
28.540432929992676,43.5013835691526,-1.3581937923146672,2.509277015783219,-0.6587217462977192,0.09448538498977835,-0.058054591642741384,52.08494567871094,0.0,2.0,8.705262313390259,8.69035263186297
28.550507068634033,43.49481235232843,-1.3572189699324622,2.508728920479496,-0.6553284751058945,0.10048738599632401,-0.05144644427213276,52.08494567871094,0.0,2.0,8.711557783307423,8.696690974006833
28.5604465007782,43.48828066458409,-1.356183998415625,2.5082498189548894,-0.6508377061428976,0.10650289835787666,-0.044332418894462676,52.08494567871094,0.0,2.0,8.717809488692607,8.702981351391669
28.570431232452393,43.481798780581016,-1.3550890575293648,2.507843163098159,-0.645394517639621,0.11247380469880787,-0.03697035698360173,52.151611328125,0.0,2.0,8.789756574655094,8.775073558859031
28.58049464225769,43.47537530953717,-1.3539348588405102,2.5075101959848287,-0.6391891773020891,0.1183466856161804,-0.029619419551728633,52.151611328125,0.0,2.0,8.795895500246283,8.78124199941126
28.590445518493652,43.469016855758596,-1.3527225598280879,2.5072511312961048,-0.6324283929565593,0.1240873385168518,-0.022188105659964933,52.151611328125,0.0,2.0,8.801966189757641,8.787337770646777
28.600479125976562,43.46272776549061,-1.3514537325527765,2.5070658645440593,-0.6253580904195902,0.12964411194046113,-0.014878086186495179,52.21828842163086,0.0,2.0,8.873746975520977,8.85924768784471
28.610424757003784,43.45650991811557,-1.3501304302532322,2.506953593412437,-0.6182218467238454,0.13497381300221992,-0.0075822328184126,52.21828842163086,0.0,2.0,8.87967435603537,8.865191183689069
28.62052011489868,43.45036267171052,-1.3487552241103407,2.506913695688814,-0.6112807460935538,0.14001442928539995,-0.0004083920171495934,52.21828842163086,0.0,2.0,8.885528915352081,8.871057581296665
28.630467891693115,43.44428281820362,-1.347331310398181,2.50694540368458,-0.604785544105191,0.1447035553688082,0.006742798565192095,52.21828842163086,0.0,2.0,8.891314280311367,8.87685056700584
28.64044451713562,43.43826463713561,-1.3458625818125873,2.507048174990985,-0.5989858414385029,0.14896479046637623,0.01380480931095583,52.28494644165039,0.0,2.0,8.962824492938475,8.948470541911401
28.650478839874268,43.43230002702781,-1.344353690970423,2.507221464562542,-0.5941078329813776,0.15272273248204932,0.02084181395101111,52.28494644165039,0.0,2.0,8.968495358914385,8.954140683993963
28.660523176193237,43.426378738363965,-1.3428100719787113,2.507464493731612,-0.5903496377855842,0.15589812405722028,0.027746055017047702,52.28494644165039,0.0,2.0,8.974122846023175,8.959763425622175
28.670428037643433,43.42048884726931,-1.3412378968395449,2.50777606346537,-0.5878452237582302,0.15842331052541397,0.034543323074546106,52.35161209106445,0.0,2.0,9.045535806264038,9.031272418202011
28.6804621219635,43.414617435518075,-1.339643961759826,2.5081547081181106,-0.5866577319305782,0.16024246084090266,0.04115918664743917,52.35161209106445,0.0,2.0,9.051118197489563,9.036842336654109
28.6904559135437,43.40875133371838,-1.3380355272307385,2.508598708571996,-0.5867755850315006,0.16131846552329024,0.04761189349393265,52.35161209106445,0.0,2.0,9.05669753518208,9.042405520513448
28.700454235076904,43.40287781321626,-1.3364201310898634,2.5091066097264316,-0.5881260766640455,0.16163304398416445,0.053958448621584935,52.41827392578125,0.0,2.0,9.128120034996329,9.113911664770194
28.710422039031982,43.396985033686434,-1.3348054290440858,2.509677594945204,-0.5906098152629987,0.16117923626732744,0.06022528791948485,52.41827392578125,0.0,2.0,9.133735821602682,9.119504307145148
28.720572471618652,43.39106219068507,-1.3331990948098045,2.510311359061681,-0.5941207795901242,0.1599617957008358,0.06654650255405087,52.41827392578125,0.0,2.0,9.13938669823349,9.12512857644537
28.73047399520874,43.38509958130834,-1.331608646152047,2.511008736482352,-0.5985427181340075,0.15800931545920768,0.0729353848417643,52.41827392578125,0.0,2.0,9.14508339234322,9.130795163848028
28.74043321609497,43.37908868905416,-1.3300411828831051,2.5117705673388087,-0.6037583337774322,0.1553757146624825,0.0794601911417824,52.484954833984375,0.0,2.0,9.216708572540725,9.202489217464555
28.750445127487183,43.373022166599526,-1.3285031304210113,2.512598354560257,-0.6096490248953902,0.1521429928545578,0.08611792924672337,52.484954833984375,0.0,2.0,9.222526474648445,9.208270060249841
28.760517597198486,43.366893805494584,-1.3269999920436983,2.5134939639580445,-0.6161086259168845,0.14841158108579178,0.09306189994823286,52.484954833984375,0.0,2.0,9.22841492073095,9.21411774930993
28.77043843269348,43.360698519177035,-1.325536107779553,2.5144605296723332,-0.6230107215125344,0.14431804752752203,0.10029344153327144,52.55162048339844,0.0,2.0,9.300256026692251,9.286015966249185
28.780466079711914,43.35443255846389,-1.324114310952078,2.5155011314237385,-0.6302205940357729,0.14002218375793357,0.10789594344375227,52.55162048339844,0.0,2.0,9.30630355466278,9.292015090120653
28.790460109710693,43.34809361331889,-1.322735717725076,2.5166195833046583,-0.6375773083076839,0.13571105705393885,0.11582272850878511,52.55162048339844,0.0,2.0,9.312434290832652,9.29809317157136
28.800445556640625,43.34168117967404,-1.3213994409427972,2.5178173125127175,-0.6448857939684377,0.13159318305246676,0.12370749062425612,52.6182746887207,0.0,2.0,9.38453080253608,9.370233914615506
28.810420513153076,43.33519668728086,-1.3201025525008987,2.51909344307483,-0.6519561033493007,0.1278658688183843,0.1314870710559556,52.6182746887207,0.0,2.0,9.390828820321396,9.376470974195763
28.82051110267639,43.3286435582356,-1.3188401818271005,2.520445760279711,-0.6585777385909419,0.12471927516369072,0.13891865937510917,52.6182746887207,0.0,2.0,9.397204358481986,9.382781355529913
28.830592393875122,43.322027334117216,-1.3176056869332213,2.521870841926031,-0.6645377506533257,0.1223161717921651,0.1460399146982517,52.6182746887207,0.0,2.0,9.40365082294444,9.389158621740881
28.8404381275177,43.315355792321554,-1.3163909069568573,2.5233649263302316,-0.6696021934785565,0.12079701861615118,0.15270817698837882,52.68494415283203,0.0,2.0,9.476074182457879,9.461610384354879
28.850468397140503,43.30863905261911,-1.315186432320286,2.524923879961101,-0.6735376535869138,0.1202712054229331,0.1590213357182752,52.68494415283203,0.0,2.0,9.482634537078379,9.46809445897316
28.860466480255127,43.301889591679796,-1.3139818984447234,2.5265437856329602,-0.6761082235349923,0.12082002536908323,0.16489716408259278,52.68494415283203,0.0,2.0,9.489231248377756,9.474611407704284
28.870433568954468,43.29512218817906,-1.3127662551073638,2.528220828303281,-0.6770895676742152,0.12250077826418372,0.17045761898380363,52.751617431640625,0.0,2.0,9.561781987350123,9.547180606344465
28.880454301834106,43.2883537822172,-1.3115280043099309,2.5299515976207645,-0.676276721357938,0.12534533691012792,0.17564577537922987,52.751617431640625,0.0,2.0,9.568401815371715,9.553714701862726
28.89049482345581,43.28160325220062,-1.3102553999660804,2.531732961235882,-0.6734861375786843,0.12937324354165838,0.18058259504067425,52.751617431640625,0.0,2.0,9.575002752688885,9.560226868225204
28.900452613830566,43.274891139406215,-1.3089366046892408,2.5335621493476217,-0.6685708760384826,0.13458248857362634,0.185217843878575,52.81827926635742,0.0,2.0,9.647500222541854,9.632734397704978
28.91043186187744,43.268239356422924,-1.3075598332257021,2.535436767247015,-0.6614018914720541,0.14096501032466172,0.18966612688794598,52.81827926635742,0.0,2.0,9.65399748966856,9.639137668837755
28.920523643493652,43.261670855651495,-1.3061135407086888,2.5373541993491027,-0.6519050938528828,0.1484779190689478,0.19377232523515178,52.81827926635742,0.0,2.0,9.660406121502136,9.645449543530765
28.930485010147095,43.255209171026806,-1.3045867083589335,2.539311443959385,-0.6400380119119323,0.15705766159330056,0.19762525452675556,52.88494873046875,0.0,2.0,9.732660853841228,9.717707057856185
28.940441131591797,43.248877833882005,-1.3029692521957188,2.5413052223312445,-0.625846031567085,0.16657997650503964,0.20107350109181066,52.88494873046875,0.0,2.0,9.738819360679026,9.7237642503412
28.9504873752594,43.24269978431176,-1.3012524384775956,2.543331959360573,-0.6094002790959739,0.1768995192374508,0.20420678130973904,52.88494873046875,0.0,2.0,9.744815660974407,9.729656861796796
28.96046280860901,43.236696646706925,-1.2994293560941852,2.5453870597267776,-0.5909044726494042,0.18779482974637396,0.20670179108404466,52.88494873046875,0.0,2.0,9.750627260243885,9.735362598449724
28.970446825027466,43.23088769436193,-1.2974953528251485,2.547463912254024,-0.5706158765475954,0.19904403003705398,0.2085519927681491,52.95161056518555,0.0,2.0,9.82220260721477,9.806933635033744
28.980576276779175,43.225288959322114,-1.2954481913063263,2.5495551518908655,-0.5489333611947838,0.21038260964003583,0.2095582456125749,52.95161056518555,0.0,2.0,9.827590185900837,9.812212696280316
28.99045968055725,43.219912251608804,-1.2932882051551322,2.551652601851196,-0.526285256259501,0.2215699500923251,0.20981984767616577,52.95161056518555,0.0,2.0,9.83274463419014,9.817257582852038
29.00047469139099,43.21476507021504,-1.291018007606378,2.5537499753568422,-0.5030885407482134,0.23239353937264598,0.20961043941744104,53.018280029296875,0.0,2.0,9.90364943261387,9.888156200672869
29.010421752929688,43.20985119868532,-1.288642167531226,2.555844194700001,-0.47967535715794396,0.24266752997184246,0.20920154478698036,53.018280029296875,0.0,2.0,9.908321630321314,9.892718269571386
29.020519018173218,43.20517144515492,-1.286167025240554,2.557933456309456,-0.45628676387026107,0.25223508224712077,0.20864679398698735,53.018280029296875,0.0,2.0,9.912750145274828,9.897036207924911
29.03045153617859,43.20072521914994,-1.2836000949374684,2.560017159392559,-0.43297275729984397,0.2610142232708246,0.20807239086721543,53.08494186401367,0.0,2.0,9.982934794194485,9.967214650358684
29.04045033454895,43.19651163131272,-1.2809495497972014,2.562093209691751,-0.40975054530589317,0.2689580030760195,0.20703167926893246,53.08494186401367,0.0,2.0,9.986883046902147,9.971052312375054
29.050459146499634,43.192530578902286,-1.2782234693160748,2.56415565977237,-0.38640734977964514,0.27614594658715635,0.20537775592270227,53.08494186401367,0.0,2.0,9.99059196843524,9.974650684174836
29.060476303100586,43.188785487222916,-1.2754284720837916,2.566200538237825,-0.3624787823654244,0.2827775599633738,0.20358968318908738,53.08494186401367,0.0,2.0,9.994058828664116,9.978007257027746
29.07043766975403,43.185284137983835,-1.2725691339666592,2.568226840039837,-0.33762358403220355,0.28904161935799716,0.2015726789806609,53.15161895751953,0.0,2.0,10.063306796354562,10.047251461758796
29.080486536026,43.182036114680116,-1.2696484609688057,2.570227348759464,-0.311806852107906,0.2950669183289561,0.19830042125145006,53.15161895751953,0.0,2.0,10.066267853775386,10.05010394347633
29.09045910835266,43.17905201147567,-1.266668013140098,2.572189278159575,-0.2847846903998187,0.3010261084515543,0.19397648022048478,53.15161895751953,0.0,2.0,10.068959227193229,10.052688165303792
29.100441932678223,43.17634561781594,-1.2636276101338888,2.574106527811423,-0.25622752094052936,0.3070778730607171,0.1894751642479332,53.15161895751953,0.0,2.0,10.071366900484245,10.054990449468061
29.11043667793274,43.17393266500498,-1.260525921905052,2.5759786843504964,-0.22612680300733906,0.31328556799259644,0.18490161253052365,53.21827697753906,0.0,2.0,10.13950342538314,10.123130853077534
29.120532035827637,43.17182693695627,-1.25736149874217,2.5778016563007555,-0.19482680690497942,0.319621355960352,0.17959634857611717,53.21827697753906,0.0,2.0,10.141300267247244,10.124826732169055
29.13049006462097,43.170039983383866,-1.2541330123572294,2.579569863317685,-0.16240736284871432,0.326094281554128,0.17396368155247297,53.21827697753906,0.0,2.0,10.142771688737717,10.126199499486136
29.140449285507202,43.168580515446465,-1.2508394817988366,2.5812765772067756,-0.12937831052689414,0.33262580631296507,0.1672821566299204,53.284950256347656,0.0,2.0,10.209966630849351,10.193406503414256
29.15056300163269,43.16745516054612,-1.247480031185787,2.582916278892805,-0.09555259020983133,0.3392918207650385,0.160756352152372,53.284950256347656,0.0,2.0,10.210764164839656,10.194111704399528
29.160494327545166,43.16667198213059,-1.244053073120744,2.584493821191047,-0.06098170954308774,0.3461274257400607,0.15483253427015425,53.284950256347656,0.0,2.0,10.211212284065239,10.19447023063162
29.17045545578003,43.16623706919617,-1.2405569553571676,2.586013881154374,-0.025934583844641257,0.35312354468049145,0.14922404424041838,53.284950256347656,0.0,2.0,10.21130502885033,10.194475863099504
29.18045735359192,43.166154925825204,-1.2369899349178541,2.5874803155247412,0.009580489821702986,0.36031517320662504,0.144151460275175,53.35161209106445,0.0,2.0,10.277101482672082,10.260296377981078
29.190484046936035,43.16642991643564,-1.2333499640663976,2.588897922049453,0.045480304958516626,0.3677155744626974,0.1394110361310564,53.35161209106445,0.0,2.0,10.276472586779633,10.25958517992999
29.200456857681274,43.1670663218414,-1.2296347477702436,2.590270328771392,0.081893965571559,0.37537369236381996,0.1351416627043476,53.41827392578125,0.0,2.0,10.341551044839743,10.324691712201295
29.210428476333618,43.16806960741591,-1.2258415602895982,2.59160134027768,0.11886433178497696,0.38331330562589844,0.13107816470306857,53.41827392578125,0.0,2.0,10.340182215270051,10.323244456040394
29.220524072647095,43.16944634506527,-1.2219673299649492,2.592893187727542,0.15662983385139462,0.3915926046925629,0.12733520550975116,53.41827392578125,0.0,2.0,10.338432824504883,10.32141806801499
29.230466842651367,43.171205167567045,-1.218008510734384,2.594148070121859,0.1952967568587107,0.40023365607389455,0.12363141130854799,53.41827392578125,0.0,2.0,10.33629405527051,10.319203596585881
29.2404568195343,43.17335627451539,-1.2139612557123176,2.595366574477371,0.23513372168000138,0.4092885088798347,0.12008794103119323,53.48494338989258,0.0,2.0,10.399855389686357,10.382799755768355
29.25046968460083,43.17591200059574,-1.209821348675132,2.5965494051109705,0.27622879204253686,0.4187632410991995,0.11644615490570649,53.48494338989258,0.0,2.0,10.396906610812465,10.379778219269316
29.260537147521973,43.17888580612495,-1.205584472304927,2.5976957194030574,0.3187830117966267,0.42868707349993473,0.11281219236256512,53.48494338989258,0.0,2.0,10.39353149861921,10.376331569480465
29.27043843269348,43.18229249975913,-1.2012461802017564,2.5988048925760157,0.36279807767901856,0.4390411956180284,0.1089770574475735,53.551605224609375,0.0,2.0,10.455821635364842,10.438660774792451
29.28042721748352,43.18614702298131,-1.1968021847542687,2.5998751913430413,0.40836343587317764,0.44982821992041416,0.1050696688904688,53.551605224609375,0.0,2.0,10.451550576078171,10.434321214105454
29.29044771194458,43.190464555843064,-1.1922483199906757,2.6009055018273957,0.45537202251126496,0.46100575997070015,0.10094607484391573,53.551605224609375,0.0,2.0,10.446807140778,10.429510631591675
29.300467491149902,43.195259159118045,-1.18758084691106,2.6018938006316112,0.503769385545809,0.4725450152424994,0.09669215518624895,53.61827087402344,0.0,2.0,10.507701824102346,10.490449059835573
29.31044292449951,43.200543908039464,-1.1827964463976477,2.6028385515663124,0.5533619765907066,0.4843774260108843,0.09221390888742631,53.61827087402344,0.0,2.0,10.50197395210325,10.484657484696415
29.320520162582397,43.20632997731953,-1.1778925220619383,2.6037376780730357,0.6040141068134046,0.49643870004032525,0.08758993403543461,53.61827087402344,0.0,2.0,10.49573452474432,10.478355979350237
29.330493927001953,43.212626987882906,-1.172867243430237,2.604589703763165,0.6555110226401715,0.5086295459197923,0.08278222961029987,53.61827087402344,0.0,2.0,10.48897378039348,10.471534856738312
29.340447902679443,43.219442586229356,-1.1677198093136902,2.605393115273706,0.7077139833589978,0.520853860266847,0.07789240583987136,53.6849365234375,0.0,2.0,10.54782601898727,10.530438400313827
29.350539445877075,43.226783010365494,-1.1624504569730814,2.606147270643345,0.7604447802471844,0.5329919299785933,0.07292565519287614,53.6849365234375,0.0,2.0,10.54000381791229,10.5225598581285
29.360482692718506,43.23465294588458,-1.1570606151317133,2.6068517720478095,0.8136066445401633,0.5449344420337251,0.06798532887094078,53.6849365234375,0.0,2.0,10.531642093785702,10.514143622680894
29.37045931816101,43.24305618884206,-1.151552822655386,2.607507080432999,0.8670858598671193,0.5565615411006035,0.06308010924152842,53.75161361694336,0.0,2.0,10.588905419156635,10.571464095529464
29.3805513381958,43.25199557974581,-1.1459307808933747,2.6081137081994434,0.9208355742515366,0.5677686930489547,0.05826475010110667,53.75161361694336,0.0,2.0,10.579458330356196,10.561966496900235
29.390442848205566,43.26147365949057,-1.140199182084023,2.608672651241802,0.9748142157766733,0.578456607708277,0.05353223716511836,53.75161361694336,0.0,2.0,10.569464172707264,10.55192354510649
29.400453090667725,43.27149262215065,-1.1343636399891814,2.6091846407616965,1.0290211673105305,0.5885481793590729,0.04888583130048481,53.818275451660156,0.0,2.0,10.625088933609259,10.60761089598247
29.41043186187744,43.28205495869675,-1.1284303568056995,2.609650707828711,1.083485231665125,0.5979984604719175,0.04433087348271796,53.818275451660156,0.0,2.0,10.613998837952582,10.596475704049094
29.420507192611694,43.29316300767449,-1.1224058937743673,2.6100710244932133,1.13816761917363,0.6067855281639261,0.03972963082427265,53.818275451660156,0.0,2.0,10.602356983418716,10.584790359233452
29.43050742149353,43.30481928880003,-1.1162967421174206,2.6104453186809233,1.1931331570909565,0.6149434868307845,0.035117218055517645,53.818275451660156,0.0,2.0,10.590161584789108,10.57255309302552
29.440444231033325,43.3170263747349,-1.110108960214132,2.610772729314503,1.248329065150795,0.6225243682643568,0.03034645559348062,53.88494110107422,0.0,2.0,10.643599339208583,10.626060585500495
29.450483560562134,43.32978689662959,-1.1038478471514386,2.6110520658865126,1.3038269746217146,0.6296273569220115,0.02551243218351183,53.88494110107422,0.0,2.0,10.63029373895614,10.612716916476476
29.46053123474121,43.34310387449119,-1.0975176520006853,2.6112827318516136,1.3596125854529237,0.6363589131440434,0.02060545630345484,53.88494110107422,0.0,2.0,10.616428009763208,10.598814891685997
29.470430850982666,43.35697988977835,-1.0911215443974431,2.6114637548376702,1.4156212614605235,0.6428278080435263,0.015574663133634448,53.95161437988281,0.0,2.0,10.6682104463232,10.650672570479259
29.480616331100464,43.37141687267072,-1.084661610931715,2.611593834588539,1.4717972617271666,0.6491411895085973,0.0104202586805828,53.95161437988281,0.0,2.0,10.653220973975554,10.635650901653642
29.490453481674194,43.38641609070164,-1.0781389366091538,2.611671653767045,1.5280518092346027,0.6553892710020818,0.005117528431339591,53.95161437988281,0.0,2.0,10.637666128825987,10.62006584049033
29.500516414642334,43.40197795809052,-1.0715538005916918,2.6116958030993436,1.5843169523382976,0.661643427452323,-0.00030616475878251966,54.018272399902344,0.0,2.0,10.687755001792308,10.670235949725157
29.510448217391968,43.418102168485184,-1.0649059045709135,2.611665141554135,1.6405059763763699,0.6679459352140814,-0.005842916462728798,54.018272399902344,0.0,2.0,10.671071537854338,10.653526811371552
29.520532608032227,43.434787664018984,-1.0581946561908757,2.6115788095835932,1.696567220062361,0.6743148503892105,-0.011426069366721026,54.018272399902344,0.0,2.0,10.653823432242469,10.63625521906404
29.530476093292236,43.4520328556381,-1.0514194166745043,2.611436594473866,1.7524308504518538,0.6807402833910531,-0.017018033614039918,54.018272399902344,0.0,2.0,10.636012204092067,10.61842271227387
29.54045581817627,43.4698353181973,-1.0445797712570193,2.611238402469787,1.8080079277052767,0.6871892777670727,-0.02262036432806884,54.084938049316406,0.0,2.0,10.683874076166639,10.666374871095227
29.55046057701111,43.48819185140373,-1.0376756992969323,2.610984260918616,1.8632363798912583,0.6936176134096873,-0.02820094503005604,54.084938049316406,0.0,2.0,10.664947379475366,10.647431654623954
29.560495853424072,43.50709871771363,-1.0307076551265264,2.6106745706975945,1.9180675884241685,0.6999751343583338,-0.03372403902440893,54.084938049316406,0.0,2.0,10.645466952033422,10.627936920942796
29.570441007614136,43.52655177807965,-1.0236766019428098,2.610310123264003,1.9724714723961196,0.706211194464557,-0.039144877188250236,54.1516227722168,0.0,2.0,10.691703599631737,10.674270345827845
29.58047103881836,43.54654665636872,-1.016583991309219,2.60989213100188,2.0264291941713233,0.712279647296276,-0.04442726314233196,54.1516227722168,0.0,2.0,10.67113165722247,10.653688677369802
29.59051775932312,43.56707885809613,-1.0094316889101436,2.6094221571434537,2.079934667135398,0.7181444277361894,-0.04953875517517334,54.1516227722168,0.0,2.0,10.650019604213984,10.632568937210085
29.60049343109131,43.58814375931141,-1.0022218691422062,2.6089018407762534,2.132966506622938,0.7237801531182992,-0.05449929251008427,54.2182731628418,0.0,2.0,10.694618331782063,10.67727024153591
29.61042547225952,43.609736635559244,-0.9949568780430982,2.6083327151968008,2.185530927219032,0.7291785170612417,-0.0593000863589647,54.2182731628418,0.0,2.0,10.672443728229826,10.655092042767789
29.62052607536316,43.63185276691797,-0.9876390806168207,2.6077162217277796,2.2376163901579544,0.7343431888123598,-0.06397854907642864,54.2182731628418,0.0,2.0,10.649743976215797,10.632390500390473
29.630501747131348,43.65448743480395,-0.9802707312603527,2.607053596772455,2.289241979328763,0.7392929371784597,-0.0685237017480794,54.2182731628418,0.0,2.0,10.626524064049178,10.609170543188656
29.640453338623047,43.67763608410181,-0.9728538503512878,2.606346128407593,2.340413175229785,0.7440546517812597,-0.07295012785717216,54.28493881225586,0.0,2.0,10.669066098224459,10.651822181244277
29.65046501159668,43.701294233564816,-0.9653901468043737,2.6055950189767807,2.3911401210887755,0.7486634759417632,-0.07725771570464246,54.28493881225586,0.0,2.0,10.64482296849566,10.62758254278005
29.660475254058838,43.72545714147928,-0.9578809853717846,2.604800857467841,2.4413556690485807,0.7531522632110427,-0.0815772910002039,54.28493881225586,0.0,2.0,10.620074068234983,10.602838730151625
29.670440435409546,43.750119700447684,-0.9503273519820206,2.603963586607124,2.49107074284623,0.7575653204261786,-0.08587411384049158,54.351600646972656,0.0,2.0,10.661111215506784,10.643989869191778
29.680485010147095,43.77527659996132,-0.9427298096833473,2.603083051076622,2.5402125353740836,0.76194052426035,-0.09024154056039009,54.351600646972656,0.0,2.0,10.635369246432004,10.618256440746558
29.69046378135681,43.80092207978328,-0.9350885111548227,2.602158847577476,2.5887875294828704,0.7663242439042127,-0.0945907494355358,54.351600646972656,0.0,2.0,10.609137760890793,10.59203515627866
29.70046353340149,43.827050231822525,-0.9274031703510018,2.601191210852626,2.6367356485846507,0.770755113905595,-0.09892993253065666,54.41827392578125,0.0,2.0,10.64873357953218,10.63174943157756
29.710463762283325,43.853654640676076,-0.919673116171876,2.6001806000715093,2.6840336183031077,0.7752731533344488,-0.10317234645254844,54.41827392578125,0.0,2.0,10.62154395709624,10.60457350768174
29.72055196762085,43.88072843124778,-0.9118973212809102,2.599127964875765,2.7305982831766262,0.7799077961605526,-0.10733751461329434,54.41827392578125,0.0,2.0,10.593883900261417,10.57692874959087
29.730484008789062,43.90826405772414,-0.9040744679961981,2.598034391018055,2.77639512104887,0.7846895429144178,-0.11134734850466033,54.41827392578125,0.0,2.0,10.565760890876756,10.548822591661141
29.74045205116272,43.936253516191556,-0.8962029722295985,2.5969014693147208,2.8213530867501193,0.7896393539870096,-0.11520932831408186,54.48494338989258,0.0,2.0,10.603505513886704,10.586691542637656
29.75047731399536,43.96468822395425,-0.8882810505715096,2.5957308967647346,2.8654396204772694,0.794777687559273,-0.11887050930663466,54.48494338989258,0.0,2.0,10.574483783268887,10.55768970851372
29.760551691055298,43.99355917773095,-0.8803067555450526,2.5945245675919226,2.908593902471183,0.8001157799808549,-0.12236505386627164,54.48494338989258,0.0,2.0,10.545024520242846,10.528251643604102
29.77046227455139,44.02285696993442,-0.8722780162842247,2.5932843364111293,2.9508063880337505,0.8056690627881875,-0.12564319229837162,54.55160140991211,0.0,2.0,10.581460897432102,10.564815588549276
29.78048825263977,44.05257204897751,-0.8641926250521265,2.5920123140839917,2.9920465596768056,0.8114478458445066,-0.12872849612957452,54.55160140991211,0.0,2.0,10.551157519200837,10.534535889870103
29.7904691696167,44.082694665393724,-0.8560482576684226,2.5907105028980504,3.0323147549598883,0.8174668569920589,-0.1315966690844342,54.55160140991211,0.0,2.0,10.520445139969778,10.503848201724912
29.80051898956299,44.11321506554186,-0.8478424492318315,2.589381020302221,3.071602494537885,0.8237379825282048,-0.13426600654807372,54.55160140991211,0.0,2.0,10.489333452614959,10.472762113838677
29.810484647750854,44.14412349518287,-0.8395726095794136,2.588025918943494,3.109923252396917,0.8302753135652905,-0.1367174843597704,54.61827087402344,0.0,2.0,10.524182626778106,10.507742168535957
29.820624113082886,44.1754103163876,-0.8312360272222902,2.5866473229803195,3.147282011146036,0.837087673159733,-0.13896765170000142,54.61827087402344,0.0,2.0,10.492304086364376,10.475890890954268
29.830482244491577,44.20706599651872,-0.8228299143876606,2.585247292121249,3.1836980463715334,0.8441821000725838,-0.1410030512332242,54.61827087402344,0.0,2.0,10.460054993274387,10.443669664892182
29.840510845184326,44.239081142974555,-0.8143514529313984,2.5838278573260656,3.219176109619642,0.851556562019075,-0.14285357076203836,54.61827087402344,0.0,2.0,10.427444688368862,10.41108773193282
29.85122847557068,44.27144645781115,-0.8057978626929626,2.5823908732233054,3.2537350032484538,0.8592067427361034,-0.14451092783508346,54.68518829345703,0.0,2.0,10.461094987821092,10.444870952529849
29.86054253578186,44.30415279688894,-0.7971664423916969,2.5809381911110867,3.287381919059928,0.8671199216435834,-0.14599677610540787,54.68518829345703,0.0,2.0,10.427792743422431,10.411597971391428
29.870456218719482,44.33719111098919,-0.7884546388035798,2.5794715668463244,3.320132585171389,0.8752803830005662,-0.1472957117048644,54.75161361694336,0.0,2.0,10.46028891315909,10.444226005309137
29.88048768043518,44.370552446565085,-0.7796600962124288,2.5779927881528586,3.3519848400688548,0.8836628794517244,-0.148434432580638,54.75161361694336,0.0,2.0,10.426330924726983,10.41029782901342
29.890469551086426,44.40422783950603,-0.7707807266058834,2.5765034618136236,3.3829456750649163,0.8922414363163201,-0.14940065047504078,54.75161361694336,0.0,2.0,10.392057139811278,10.376053939509926
29.90052342414856,44.43820837335729,-0.7618147159373964,2.575005309599867,3.413012001772435,0.9009859952860862,-0.15020119936626777,54.75161361694336,0.0,2.0,10.357476550102126,10.341503245652799
29.910467386245728,44.47248510478239,-0.7527605420339999,2.573500071437251,3.4421848142638205,0.9098696942831233,-0.1508151956329075,54.81827163696289,0.0,2.0,10.388977319016018,10.373135851953867
29.920549631118774,44.50704902809657,-0.7436169588075164,2.5719895021115993,3.4704473982729263,0.9188632897655171,-0.15127242386536555,54.81827163696289,0.0,2.0,10.353813300496974,10.338001638180476
29.930471181869507,44.54189100329927,-0.7343829768720996,2.5704752169746223,3.497794191696749,0.9279465297426625,-0.1515548097157934,54.81827163696289,0.0,2.0,10.318369990354023,10.302587892595541
29.94045352935791,44.5770017916646,-0.7250577964376541,2.568958891761792,3.524206863857756,0.9371001918711745,-0.15168430322028617,54.88494873046875,0.0,2.0,10.349067258545173,10.33341564543771
29.950491428375244,44.6123720034269,-0.7156407709734692,2.5674421164555956,3.5496776002439465,0.9463142838521813,-0.15164148898884774,54.88494873046875,0.0,2.0,10.31309676486985,10.297474172147332
29.960527896881104,44.647992139318944,-0.7061313468353206,2.5659265355332654,3.5741889511313842,0.9555781981648197,-0.1514496459114662,54.88494873046875,0.0,2.0,10.276875720358284,10.261281680573287
29.97044801712036,44.683852572388055,-0.696529063751322,2.5644136856895234,3.59773677370534,0.964884722579061,-0.1510921360511099,54.951602935791016,0.0,2.0,10.30681391461035,10.29134832088643
29.980533123016357,44.71994363204681,-0.6868335567833569,2.5629051601616584,3.6203133998777397,0.9742203424918561,-0.15058839179799896,54.951602935791016,0.0,2.0,10.270124374220389,10.254686364907466
29.990468740463257,44.756255623142806,-0.6770446083599856,2.5614024604111796,3.6419243225134394,0.9835700424586714,-0.14992534031707605,54.951602935791016,0.0,2.0,10.233214008794507,10.217802906067057
30.000524044036865,44.79277889625951,-0.667162193979731,2.5599070444081904,3.662570372716028,0.9929087517060883,-0.14913751368001865,55.01827621459961,0.0,2.0,10.26252389516508,10.247238691494227
30.01068139076233,44.82950386476169,-0.6571865638131732,2.5584201682642815,3.682265688765317,1.0022075837400946,-0.14821751848347547,55.01827621459961,0.0,2.0,10.225204607283052,10.209944964419655
30.023942232131958,44.85902268093864,-0.649139339894207,2.5572375367400366,3.6973375192879194,1.009586775008878,-0.14743476590726914,55.01827621459961,0.0,2.0,10.195211028524783,10.179971230008524
30.030930995941162,44.88865966875737,-0.6410334074301943,2.5560613359465747,3.7118098002654487,1.0168781611319275,-0.1466098273166238,55.01827621459961,0.0,2.0,10.165100068596331,10.149879565553594
30.040967226028442,44.925864779255726,-0.6308198275386748,2.5546004444218906,3.729057199841956,1.0257929441395615,-0.14556358518869308,55.01827621459961,0.0,2.0,10.127303880501902,10.112106715965567
30.05190396308899,44.95200877463646,-0.6236179935077123,2.553584160462083,3.740580864747531,1.031842887288061,-0.1447962824640375,55.08493423461914,0.0,2.0,10.167179215598901,10.15209721089154
30.060930728912354,44.989493745597585,-0.6132578360090266,2.552141873051696,3.756259853957934,1.0401036592853081,-0.14365102469156216,55.08493423461914,0.0,2.0,10.129109757958954,10.114049823923267
30.07095193862915,45.02713091753307,-0.602817867687604,2.5507114516894096,3.771021739351426,1.0477800643374078,-0.1424169646461484,55.08493423461914,0.0,2.0,10.090890944302828,10.07585216975671
30.080981016159058,45.06491111372434,-0.592304676563696,2.5492938219553087,3.7848645317862855,1.0547248554038722,-0.1410905459197718,55.15154266357422,0.0,2.0,10.118927045647894,10.104007168064863
30.090959310531616,45.102825158155845,-0.5817262370616387,2.5478900951891146,3.7977922916373186,1.060810725785038,-0.13962970233760866,55.15154266357422,0.0,2.0,10.080442077359201,10.065541660466542
30.1009624004364,45.14086392730835,-0.5710916533084034,2.5465017201594318,3.809810915133676,1.0659405988972726,-0.13801877530908585,55.218265533447266,0.0,2.0,10.108354610817079,10.093570666909192
30.11093258857727,45.179018390658904,-0.5604108106498766,2.5451302854198636,3.8209338403177897,1.0700561906687953,-0.13624065243302363,55.218265533447266,0.0,2.0,10.069643017444038,10.054876601464464
30.12100911140442,45.21727967879353,-0.5496939716996739,2.5437774135081628,3.831179689114274,1.073140494438332,-0.13430777610630135,55.218265533447266,0.0,2.0,10.03083124187366,10.016081146212178
30.130990505218506,45.255639151515915,-0.5389513656762548,2.5424446580410622,3.840575694948217,1.0752165093080719,-0.1322187593389698,55.218265533447266,0.0,2.0,9.991928703086113,9.977193643531173
30.140944957733154,45.294088463197504,-0.5281928139606896,2.5411334721358987,3.8491532376298347,1.0763415899625874,-0.1299965843326119,55.28492736816406,0.0,2.0,10.019414908485373,10.004791335840698
30.150992393493652,45.33261961216988,-0.5174274322996066,2.5398451693344195,3.8569496356924926,1.0765977088580245,-0.1276423620618124,55.28492736816406,0.0,2.0,9.980360395525397,9.965749385656764
30.160971641540527,45.371224983849324,-0.5066634324747175,2.5385810212204643,3.8640044471888375,1.0760820073949657,-0.1251680764051964,55.28492736816406,0.0,2.0,9.94124098465547,9.926641063248676
30.171167135238647,45.40989736133505,-0.49590803371614145,2.5373421821041955,3.870357255157546,1.0748936642502191,-0.12258255250135969,55.35159683227539,0.0,2.0,9.968553042897861,9.954060133854913
30.181152820587158,45.44862991375109,-0.4851674910338729,2.5361296549536005,3.8760455453619294,1.0731251178527084,-0.11990906112178641,55.35159683227539,0.0,2.0,9.929329095697424,9.914844491152786
30.191054344177246,45.48741617616032,-0.4744472101213153,2.5349442785112726,3.8811048201088854,1.0708523401891885,-0.11715384501089188,55.35159683227539,0.0,2.0,9.890061958995936,9.875584042053744
