t,selected_action,selection_reason,target_source,min_score,selected_score,max_objectness,selected_objectness,selected_terminal_distance,selected_terminal_progress,selected_terminal_lateral_error,detected,confidence
0.15251588821411133,1,target_distance_terminal,truth,0.7853375673294067,0.7853375673294067,0.338006854057312,0.0008721178164705634,2.81265520932575,1.3699823365994401,1.2555245399302832,False,0.338006854057312
0.18988370895385742,5,target_distance_terminal,truth,0.8313148021697998,1.1698789596557617,0.6949554681777954,0.6949554681777954,2.6921903370750133,1.2816717978379832,0.5873958559194502,True,0.6949554681777954
0.22182536125183105,0,target_distance_terminal,truth,0.9488412737846375,1.220632553100586,0.6798635125160217,0.5879530906677246,2.2261607432454316,1.9086052123227355,0.9433086160120485,True,0.6798635125160217
0.2519676685333252,0,target_distance_terminal,truth,0.9844205379486084,1.3771600723266602,0.5615313053131104,0.5615313053131104,2.414045364433217,1.6637846638563283,0.8027638267609293,True,0.5615313053131104
0.28403329849243164,0,target_distance_terminal,truth,1.0334296226501465,1.7072296142578125,0.34272098541259766,0.34272098541259766,2.3215286167575946,1.791948888069778,0.8381441026653849,False,0.34272098541259766
0.3169839382171631,0,target_distance_terminal,truth,1.1223702430725098,1.7702081203460693,0.8658312559127808,0.8658312559127808,2.384872032315798,1.7226752722793555,0.788973062520075,True,0.8658312559127808
0.3499629497528076,1,target_distance_terminal,truth,1.1009190082550049,1.4684767723083496,0.6691713333129883,0.029398662969470024,2.6777142316394555,1.7722827882371526,1.49825339387739,True,0.6691713333129883
0.3869175910949707,1,target_distance_terminal,truth,1.154238224029541,1.456196904182434,0.2867831289768219,0.03776942938566208,2.696520144180654,1.7899570786030552,1.526585489182601,False,0.2867831289768219
0.4172532558441162,1,target_distance_terminal,truth,1.1247320175170898,1.552181363105774,0.1825661063194275,0.0629054605960846,2.648261418802556,2.0619311327781142,1.7740359659656106,False,0.1825661063194275
0.45225024223327637,1,target_distance_terminal,truth,1.1326838731765747,1.5032074451446533,0.31929343938827515,0.15625090897083282,2.601823529768215,2.205737884027769,1.8421050450045082,False,0.31929343938827515
0.485058069229126,1,target_distance_terminal,truth,1.1410422325134277,1.3008348941802979,0.35767441987991333,0.005859833210706711,2.8336243375412455,1.4928731570440819,1.204714098911628,False,0.35767441987991333
0.5179929733276367,0,target_distance_terminal,truth,1.1239864826202393,1.4579167366027832,0.633419394493103,0.633419394493103,2.9628357803591654,1.1523623746007887,0.4803339873609445,True,0.633419394493103
0.5560493469238281,0,target_distance_terminal,truth,1.1482144594192505,1.4951578378677368,0.9113829135894775,0.9113829135894775,3.075041048169155,1.0471124277319377,0.4223851237425848,True,0.9113829135894775
0.5877013206481934,2,target_distance_terminal,truth,1.1025288105010986,1.2169448137283325,0.851999044418335,3.668768476927653e-05,3.176744217641161,1.1046208814710994,1.0444722832163682,True,0.851999044418335
0.6174771785736084,7,target_distance_terminal,truth,1.1047632694244385,1.2281804084777832,0.8443363904953003,7.845951768103987e-05,3.158780772737237,1.0344971337050413,0.6961784591457725,True,0.8443363904953003
0.6551852226257324,7,target_distance_terminal,truth,1.0885992050170898,1.2254985570907593,0.5205596685409546,0.0009467977797612548,2.836353160171978,1.455028217495999,0.9554674136520149,True,0.5205596685409546
0.6843886375427246,7,target_distance_terminal,truth,1.252376914024353,1.3734852075576782,0.023767296224832535,0.010543795302510262,2.593452154003733,1.8165043953066862,1.1625681074454983,False,0.023767296224832535
0.7193827629089355,7,target_distance_terminal,truth,1.2010703086853027,1.3830571174621582,0.03321120887994766,0.018569931387901306,2.653018549496346,1.9465411255216787,1.4839892059545743,False,0.03321120887994766
0.7538928985595703,7,target_distance_terminal,truth,1.1905255317687988,1.2567570209503174,0.30360302329063416,0.0012866007164120674,3.1116441950600264,1.1029195702920327,0.6173434368030121,False,0.30360302329063416
0.7967445850372314,1,target_distance_terminal,truth,1.4471784830093384,2.052304744720459,0.9341531991958618,0.8375594615936279,3.134106264460182,1.0944444980020833,0.6514126384151552,True,0.9341531991958618
0.8235790729522705,1,target_distance_terminal,truth,1.6529067754745483,2.8466603755950928,0.9928445219993591,0.9795256853103638,2.6170194735763084,1.748810987682644,1.0082451937643808,True,0.9928445219993591
0.8546481132507324,6,target_distance_terminal,truth,1.641374945640564,2.830071449279785,0.99569171667099,0.9819757342338562,2.829960580769516,1.5481263597601058,1.0747515141652075,True,0.99569171667099
0.8874459266662598,6,target_distance_terminal,truth,1.9534416198730469,2.9536802768707275,0.9788955450057983,0.904009997844696,2.7375462575997607,1.6674671479504912,1.1178579800107857,True,0.9788955450057983
0.9282839298248291,1,target_distance_terminal,truth,1.8277751207351685,2.963452100753784,0.979785144329071,0.979785144329071,2.4752225346163423,1.8493128785595003,0.8764880730043509,True,0.979785144329071
0.9487037658691406,1,target_distance_terminal,truth,1.9395194053649902,2.7985901832580566,0.9715229272842407,0.8774340152740479,2.600931435923544,1.5908088711836084,0.3911315496988769,True,0.9715229272842407
0.9820206165313721,1,target_distance_terminal,truth,2.0607998371124268,3.4728143215179443,0.6908215880393982,0.21645082533359528,2.3910039061079225,1.8984451107019034,0.7810889376380609,True,0.6908215880393982
1.0157465934753418,5,target_distance_terminal,truth,2.353792667388916,2.7739813327789307,0.487160861492157,0.22916507720947266,2.1279975473140946,2.0883853269011063,0.5211136217975946,False,0.487160861492157
1.0490422248840332,5,target_distance_terminal,truth,2.903879165649414,3.0215256214141846,0.4502526819705963,0.4502526819705963,2.080228031467999,2.1362566957912636,0.5388575458929549,False,0.4502526819705963
1.0805699825286865,2,target_distance_terminal,truth,2.0897886753082275,2.9735989570617676,0.1816253364086151,0.0002548554621171206,2.154325272044638,2.2236065252637345,0.987406443524338,False,0.1816253364086151
1.1137919425964355,2,target_distance_terminal,truth,1.791830062866211,2.6890060901641846,0.08228561282157898,0.00019731797510758042,2.1291348428693864,2.2953132625428765,1.0803522095465112,False,0.08228561282157898
1.1484167575836182,0,target_distance_terminal,truth,1.2463109493255615,1.2463109493255615,0.9695097804069519,0.037935081869363785,2.167073625459644,2.0942051446548504,0.7779149479481778,True,0.9695097804069519
1.1804425716400146,0,target_distance_terminal,truth,1.0903490781784058,1.0903490781784058,0.9736141562461853,0.006643098313361406,2.110939160188768,2.1025540421408513,0.6672258871066515,True,0.9736141562461853
1.2158684730529785,1,target_distance_terminal,truth,0.8550405502319336,1.3496112823486328,0.9997640252113342,0.9997640252113342,2.4222408811887624,1.7229122051726184,0.5262350329838917,True,0.9997640252113342
1.2471024990081787,1,target_distance_terminal,truth,0.803091287612915,1.1481581926345825,0.9999827146530151,0.9999827146530151,2.428996488445417,1.6920851415281546,0.486951299329376,True,0.9999827146530151
1.2890641689300537,1,target_distance_terminal,truth,0.7425152659416199,0.9238382577896118,0.9999511241912842,0.9999511241912842,2.335383704976248,1.7230911259895245,0.21805141237221304,True,0.9999511241912842
1.3133013248443604,6,target_distance_terminal,truth,0.750444769859314,1.0599418878555298,0.9999130964279175,0.9999130964279175,2.3022078195756905,1.6891926426304644,0.4011977313800142,True,0.9999130964279175
1.34647798538208,6,target_distance_terminal,truth,0.7267942428588867,0.9537506103515625,0.9993302822113037,0.9993302822113037,2.0846201606947634,1.8287366385816706,0.3583447187811374,True,0.9993302822113037
1.3790152072906494,6,target_distance_terminal,truth,0.8224971890449524,1.0279992818832397,0.9794986844062805,0.9794986844062805,2.27490203639173,1.552229590673222,0.367222581672899,True,0.9794986844062805
1.4062368869781494,6,target_distance_terminal,truth,0.998930811882019,1.3022167682647705,0.9770379066467285,0.9770379066467285,1.993384345346148,1.8121583724747459,0.6048696986868116,True,0.9770379066467285
1.4277315139770508,6,target_distance_terminal,truth,1.5483156442642212,2.0921037197113037,0.9958997368812561,0.9958997368812561,1.753853884378123,2.0001217679720282,0.5823822784706457,True,0.9958997368812561
1.4488887786865234,1,target_distance_terminal,truth,1.2094333171844482,1.7336971759796143,0.9084829092025757,0.9084829092025757,1.9612735061232414,1.833642910614347,0.8953476456250047,True,0.9084829092025757
1.4829623699188232,6,target_distance_terminal,truth,0.9583107233047485,1.4578371047973633,0.7546951174736023,0.7546951174736023,1.8004783152604629,2.0772073807959286,1.1148001911395846,True,0.7546951174736023
1.5158493518829346,6,target_distance_terminal,truth,0.9335963129997253,1.074794888496399,0.15123102068901062,0.15123102068901062,1.8881439631803951,1.909316108498372,1.165828222405775,False,0.15123102068901062
1.549156665802002,6,target_distance_terminal,truth,1.024181604385376,1.4610233306884766,0.08187849819660187,0.0015709715662524104,1.9406504453917763,1.9502286620019393,1.3879897249085287,False,0.08187849819660187
1.5818676948547363,7,target_distance_terminal,truth,0.9591979384422302,2.0217206478118896,0.9328705668449402,0.9328705668449402,1.9394918047848417,1.3586049611523023,0.549639691242457,True,0.9328705668449402
1.6200487613677979,7,target_distance_terminal,truth,0.9308900237083435,1.599595308303833,0.7467905879020691,0.7467905879020691,1.7300035051076554,1.57442226627817,0.7735664748796596,True,0.7467905879020691
1.6473605632781982,7,target_distance_terminal,truth,1.0790668725967407,1.6625136137008667,0.9856632351875305,0.9856632351875305,1.5942599180717831,2.9601000272522824,1.5925292035152416,True,0.9856632351875305
1.6800990104675293,2,target_distance_terminal,truth,1.0726035833358765,1.5982167720794678,0.8795405030250549,0.3312858045101166,1.7486556137672549,1.563760260443089,1.0692011030111044,True,0.8795405030250549
1.7195603847503662,7,target_distance_terminal,truth,1.0228331089019775,1.7399743795394897,0.07418804615736008,0.07418804615736008,1.8820088370946144,2.4306482912780556,1.834083320741182,False,0.07418804615736008
1.7466886043548584,7,target_distance_terminal,truth,1.080836534500122,1.7707457542419434,0.1994626820087433,0.1994626820087433,1.8266948476981186,2.024291282613768,1.668535626258863,False,0.1994626820087433
1.7802643775939941,2,target_distance_terminal,truth,1.4899613857269287,2.597093105316162,0.5442659854888916,0.0049344440922141075,2.0774873520267128,1.9037467295148867,1.9252625316803293,True,0.5442659854888916
1.814812183380127,11,target_distance_terminal,truth,1.5211563110351562,2.8095057010650635,0.1256570965051651,9.235334800905548e-06,2.19333928896532,0.7598928646083054,1.1895339311496371,False,0.1256570965051651
1.8513948917388916,8,target_distance_terminal,truth,1.6416927576065063,2.994009017944336,0.3103290796279907,0.3103290796279907,2.0585002400956123,0.47730298859622816,0.2839128650246049,False,0.3103290796279907
1.8796005249023438,8,target_distance_terminal,truth,1.524925947189331,2.362058162689209,0.300611674785614,0.300611674785614,2.0609862260377922,0.3947711320687549,0.25310801285944784,False,0.300611674785614
1.915086269378662,8,target_distance_terminal,truth,1.414474606513977,2.0172083377838135,0.6197251081466675,0.14779044687747955,1.9760330386898222,0.4120312732270163,0.2832086266597847,True,0.6197251081466675
1.9543569087982178,8,target_distance_terminal,truth,1.465466022491455,1.9746434688568115,0.31803202629089355,0.14957277476787567,1.9356866905066872,0.3804521179540932,0.28480414472732174,False,0.31803202629089355
1.9810168743133545,12,target_distance_terminal,truth,1.4497534036636353,2.5447282791137695,0.5285587310791016,0.05430710315704346,1.741116066035184,0.9201838409538665,1.1445874008507417,True,0.5285587310791016
2.0172688961029053,8,target_distance_terminal,truth,2.3673133850097656,3.710395574569702,0.02823394350707531,0.014103127643465996,1.9743125401154045,0.20709833522996499,0.183685636137886,False,0.02823394350707531
2.049802541732788,9,target_distance_terminal,truth,3.699948310852051,5.161783218383789,0.012430368922650814,0.001116155064664781,2.094576580829658,0.02684795337221764,0.009518555282481148,False,0.012430368922650814
2.0847699642181396,9,target_distance_terminal,truth,3.1933422088623047,3.636617422103882,0.08055814355611801,0.00011684856872307137,2.0354210803112687,0.04017067026726989,0.017107288950430947,False,0.08055814355611801
2.114564895629883,9,target_distance_terminal,truth,3.300227403640747,3.6850626468658447,0.7084400653839111,0.08894181251525879,1.9262413800304554,0.11014797577495325,0.05935803201672134,True,0.7084400653839111
2.1493189334869385,9,target_distance_terminal,truth,3.2735378742218018,4.113297462463379,0.49182364344596863,0.030858436599373817,1.9392006930694898,0.06707656102256171,0.039552910533757174,False,0.49182364344596863
2.187204122543335,8,target_distance_terminal,truth,2.5622763633728027,3.4232635498046875,0.30476847290992737,0.30476847290992737,1.949649030857764,1.5828444437118483,1.9074930804269528,False,0.30476847290992737
2.2172648906707764,8,target_distance_terminal,truth,3.3005928993225098,4.666176795959473,0.05812840163707733,0.05812840163707733,2.0628499273365453,1.594569294268685,2.02872215437918,False,0.05812840163707733
2.2470903396606445,12,target_distance_terminal,truth,5.448311805725098,5.448311805725098,0.011319899931550026,1.861945634118456e-06,3.7190514370639387,1.6979673939697864,3.7100186793003935,False,0.011319899931550026
2.2860121726989746,12,target_distance_terminal,truth,3.8229925632476807,3.8229925632476807,0.006656579207628965,2.0523161765595432e-06,3.5012119029604474,1.3466786939987023,3.446565526073976,False,0.006656579207628965
2.3142545223236084,13,target_distance_terminal,truth,3.9392330646514893,4.912398338317871,0.03226705640554428,0.0006984836654737592,1.6137342720958818,0.471137493842844,0.6376490851353622,False,0.03226705640554428
2.3501291275024414,13,target_distance_terminal,truth,3.903214454650879,4.92282772064209,0.09539111703634262,0.0009547197842039168,1.8953461484617016,1.440986519192542,1.8189491837246614,False,0.09539111703634262
2.3879902362823486,7,target_distance_terminal,truth,3.446460485458374,4.583563327789307,0.15877768397331238,2.8159241992398165e-05,2.192758725415003,0.4985286228873759,1.5967078589850379,False,0.15877768397331238
2.4136853218078613,12,target_distance_terminal,truth,4.566732406616211,5.51115608215332,0.08186636865139008,0.0002915114746429026,2.3116762090755874,0.8984349088899303,2.0290442258814876,False,0.08186636865139008
2.4483590126037598,14,target_distance_terminal,truth,4.894481182098389,6.302238464355469,0.05500373989343643,0.004342891275882721,1.4425449217010182,2.0612899601948635,1.4424584001062786,False,0.05500373989343643
2.488007068634033,12,target_distance_terminal,truth,4.027376174926758,4.746496677398682,0.02281315065920353,0.0003344478318467736,2.0551710675532067,0.6497755764012144,1.4645853059610487,False,0.02281315065920353
2.516524076461792,14,target_distance_terminal,truth,7.747912883758545,8.319385528564453,0.01615704968571663,0.0009053675457835197,1.793931495413403,2.6708386158597284,1.7092506873444742,False,0.01615704968571663
2.5500190258026123,9,target_distance_terminal,truth,4.514542579650879,5.015206813812256,0.04544413462281227,0.0012052474776282907,1.1825141436932223,1.3246029235159527,0.8317028243196062,False,0.04544413462281227
2.584326982498169,9,target_distance_terminal,truth,3.219114065170288,4.566567897796631,0.5435927510261536,0.00034747732570394874,2.183083945180564,0.025449635533209287,0.022987942803256424,True,0.5435927510261536
2.6164021492004395,12,target_distance_terminal,truth,1.9434233903884888,3.175792694091797,0.24757905304431915,2.1595462385448627e-05,2.0501929465485875,0.2858044538118744,0.4955043500665813,False,0.24757905304431915
2.6491832733154297,7,target_distance_terminal,truth,1.2184240818023682,2.4037983417510986,0.05938335135579109,1.8479651771485806e-05,2.177336492636821,0.7085098009685395,1.4568025434903806,False,0.05938335135579109
2.685377359390259,7,target_distance_terminal,truth,1.2128431797027588,2.049137830734253,0.6548989415168762,9.792012860998511e-06,2.1297113159974828,0.44953358339978994,0.8953904082689857,True,0.6548989415168762
2.719834327697754,12,target_distance_terminal,truth,1.3589928150177002,2.2387964725494385,0.7896425127983093,1.107459502236452e-05,2.363229567574617,0.10415823852832912,0.15537806763627676,True,0.7896425127983093
2.7508795261383057,8,target_distance_terminal,truth,1.0607585906982422,2.1205530166625977,0.07200610637664795,0.07200610637664795,2.100187278042549,0.4717111285196077,0.43898445360911337,False,0.07200610637664795
2.7884275913238525,7,target_distance_terminal,truth,1.2004960775375366,2.2642130851745605,0.2004302740097046,1.890783096314408e-05,2.3981531131018055,0.258703421030681,0.44578878966813545,False,0.2004302740097046
2.8248298168182373,12,target_distance_terminal,truth,1.9281368255615234,3.2954580783843994,0.416638046503067,1.5783134585944936e-05,2.570087535887985,0.12143050765112456,0.1729227272313246,False,0.416638046503067
2.852560520172119,9,target_distance_terminal,truth,1.0500223636627197,1.1453598737716675,0.7608075737953186,0.013163821771740913,2.613357276113271,0.14615665609461156,0.011657023315180337,True,0.7608075737953186
2.8855016231536865,8,target_distance_terminal,truth,1.390750527381897,2.6694681644439697,0.9956940412521362,0.9956940412521362,2.26048386083452,0.6737726546899975,0.5721834411923072,True,0.9956940412521362
2.9240314960479736,13,target_distance_terminal,truth,1.412367582321167,2.661966323852539,0.20951546728610992,0.20951546728610992,2.1365107935658827,0.836172364841412,0.36688280356388403,False,0.20951546728610992
2.952251434326172,8,target_distance_terminal,truth,1.5175095796585083,2.985696315765381,0.6260080337524414,0.6260080337524414,1.9841124010977191,1.431324882131773,1.1832951679683028,True,0.6260080337524414
2.987572431564331,8,target_distance_terminal,truth,1.8054115772247314,3.289980173110962,0.9421324729919434,0.9421324729919434,2.0587252301855754,1.391347473541471,1.0948007991797797,True,0.9421324729919434
3.0212085247039795,8,target_distance_terminal,truth,1.4605355262756348,2.7085604667663574,0.9994072914123535,0.9994072914123535,2.1805795295928614,1.2676066268441315,0.9658187502136887,True,0.9994072914123535
3.0568342208862305,9,target_distance_terminal,truth,1.2192909717559814,1.3393477201461792,0.9963944554328918,0.6653345823287964,2.512599529685521,0.8315695406962429,0.17317131526895535,True,0.9963944554328918
3.0877187252044678,9,target_distance_terminal,truth,1.7202340364456177,1.8342622518539429,0.9904534816741943,0.9731941819190979,2.362231294657611,1.0831602786692982,0.27225212992651787,True,0.9904534816741943
3.120196580886841,9,target_distance_terminal,truth,2.6920199394226074,3.4052329063415527,0.9976547956466675,0.9394512176513672,2.026561397735962,1.504753246729637,0.18918546378315962,True,0.9976547956466675
3.1561617851257324,9,target_distance_terminal,truth,2.5928750038146973,3.611161231994629,0.6067749857902527,0.19827331602573395,2.1463602957755854,1.5307460248607705,0.38521947647997307,True,0.6067749857902527
3.188572645187378,2,target_distance_terminal,truth,1.8649109601974487,2.4601149559020996,0.2271086871623993,1.218333090946544e-05,3.093636084805794,0.7499877612231656,0.8066363133057659,False,0.2271086871623993
3.2492518424987793,8,target_distance_terminal,truth,4.270771026611328,4.632556438446045,0.4141669273376465,0.3805988132953644,2.3551479169111516,1.7452517418610152,0.9368886547529042,False,0.4141669273376465
3.2927825450897217,8,target_distance_terminal,truth,3.7959206104278564,3.7959206104278564,0.6239441633224487,0.0804772675037384,2.3745085905651844,1.886115134834333,1.0169680949222324,True,0.6239441633224487
3.3172526359558105,1,target_distance_terminal,truth,3.2005574703216553,4.667516231536865,0.8304471373558044,4.916264515486546e-07,2.2789893742999636,2.5871412817042017,1.6832361947344738,True,0.8304471373558044
3.3500730991363525,1,target_distance_terminal,truth,2.449195384979248,3.5876522064208984,0.3053513765335083,8.202078447538952e-07,2.553527880119268,2.1875076730109138,1.5550618416951634,False,0.3053513765335083
3.3895320892333984,2,target_distance_terminal,truth,3.2942159175872803,3.888278007507324,0.007046869024634361,1.0064098887596629e-06,2.7122783284432677,2.433237671623989,1.9457776492250578,False,0.007046869024634361
3.4183154106140137,1,target_distance_terminal,truth,1.970654010772705,3.4502813816070557,0.02456125244498253,1.6846548760440783e-06,2.635253323055307,2.319087043380998,1.600130083594727,False,0.02456125244498253
3.4515087604522705,1,target_distance_terminal,truth,1.5476239919662476,2.4532253742218018,0.4197184145450592,1.5719073189757182e-06,2.760934267471402,2.097296629253619,1.3699902157262847,False,0.4197184145450592
3.484407424926758,1,target_distance_terminal,truth,1.4535468816757202,2.0100290775299072,0.36716461181640625,8.102873107418418e-05,3.162284520150645,1.628914904469168,1.1437769595703493,False,0.36716461181640625
3.518658399581909,4,target_distance_terminal,truth,1.8170418739318848,1.8471121788024902,0.966566801071167,0.5617279410362244,3.5048372625139868,1.1713824998424918,0.1173377021314879,True,0.966566801071167
3.551750421524048,2,target_distance_terminal,truth,3.167623519897461,4.177281856536865,0.9324308037757874,0.00038723519537597895,2.916688572829907,2.4208979460215665,1.7542504393419438,True,0.9324308037757874
3.5841708183288574,8,target_distance_terminal,truth,4.343531608581543,5.529074668884277,0.897621214389801,0.897621214389801,2.417925899110858,2.907583821628745,1.4757602264635041,True,0.897621214389801
3.6180546283721924,3,target_distance_terminal,truth,2.3296172618865967,2.7948176860809326,0.8524762988090515,0.8524762988090515,2.4612027850076124,3.1947992765186677,1.7677523735399367,True,0.8524762988090515
3.6517114639282227,3,target_distance_terminal,truth,1.818650245666504,1.8330668210983276,0.6990342140197754,0.6990342140197754,2.6872795330885686,2.82975593610594,1.6206266330605659,True,0.6990342140197754
3.6899304389953613,3,target_distance_terminal,truth,3.022158145904541,3.645995855331421,0.9905351996421814,0.9905351996421814,2.637563171757936,3.6540785353329555,2.2392311072439925,True,0.9905351996421814
3.7170403003692627,3,target_distance_terminal,truth,1.8582634925842285,1.9648131132125854,0.1978408545255661,0.0759722962975502,3.0901549647713322,2.445663731798908,1.5639264810643698,False,0.1978408545255661
3.76055645942688,3,target_distance_terminal,truth,2.3303639888763428,2.8058719635009766,0.7910887598991394,0.7910887598991394,3.1397675535169167,2.610046042068488,1.821212379660518,True,0.7910887598991394
3.7874069213867188,3,target_distance_terminal,truth,2.030103921890259,3.1287708282470703,0.9994088411331177,0.05982247367501259,3.1975980912329804,3.165047699188035,2.4432475586592144,True,0.9994088411331177
3.8282272815704346,3,target_distance_terminal,truth,1.5546715259552002,2.5532827377319336,0.993767499923706,0.02565302513539791,3.4704328036934697,3.4180844699984605,2.932015807761203,True,0.993767499923706
3.8539340496063232,4,target_distance_terminal,truth,2.4129228591918945,3.5546517372131348,0.9988645315170288,0.9988645315170288,2.8410029556620735,2.755798016643865,1.2148344324290588,True,0.9988645315170288
3.880652666091919,9,target_distance_terminal,truth,3.6926681995391846,4.961453437805176,0.9700727462768555,0.9700727462768555,2.406287387491593,4.373486978076097,2.195664014822237,True,0.9700727462768555
3.9131107330322266,9,target_distance_terminal,truth,5.212851524353027,6.488926887512207,0.6612988114356995,0.5684767365455627,2.4790114925454882,4.509906038704053,2.3168987560041514,True,0.6612988114356995
3.9537758827209473,2,target_distance_terminal,truth,6.207656383514404,6.362024307250977,0.8430563807487488,2.397997604930424e-06,3.5396732629455325,4.662253147126205,3.455843308098724,True,0.8430563807487488
3.989025354385376,9,target_distance_terminal,truth,3.889767646789551,5.087615489959717,0.9783082604408264,0.9416375160217285,2.1612477838925868,4.327785608293645,1.835893816585325,True,0.9783082604408264
4.01739764213562,3,target_distance_terminal,truth,5.838026523590088,5.838026523590088,0.9856767654418945,0.004364712629467249,3.300137350972936,4.124356364238383,2.9983272845901037,True,0.9856767654418945
4.049145221710205,3,target_distance_terminal,truth,5.133936882019043,5.133936882019043,0.9995068311691284,0.03359360992908478,2.857601028309961,4.133309536096417,2.495540152623756,True,0.9995068311691284
4.0816285610198975,4,target_distance_terminal,truth,2.517732620239258,3.3605265617370605,0.9999839067459106,0.9999839067459106,2.0048552212866837,3.79862059745244,0.9760793755774709,True,0.9999839067459106
4.124773263931274,3,target_distance_terminal,truth,1.2990477085113525,1.3586819171905518,0.987671971321106,0.987671971321106,2.8088779104935617,4.288580578243497,2.5006812634020084,True,0.987671971321106
4.150904655456543,3,target_distance_terminal,truth,1.5425457954406738,1.6201424598693848,0.9999243021011353,0.9999243021011353,2.6394631405539988,4.460653196876286,2.3853884624853907,True,0.9999243021011353
4.18841028213501,8,target_distance_terminal,truth,2.22112774848938,2.496816396713257,0.9999855756759644,0.9999548196792603,2.7592015538489725,3.123268896259497,1.2144479329675466,True,0.9999855756759644
4.226309299468994,8,target_distance_terminal,truth,2.713046073913574,3.851954936981201,0.9993120431900024,0.9993095397949219,2.7237386243197164,3.4679218613554457,1.6802272933827547,True,0.9993120431900024
4.25565242767334,8,target_distance_terminal,truth,2.7451064586639404,3.707125186920166,0.9978504180908203,0.9978504180908203,2.968048310154394,3.3449366452173765,1.8856439765794784,True,0.9978504180908203
4.285076379776001,3,target_distance_terminal,truth,1.5655289888381958,1.7924869060516357,0.9970017075538635,0.9970017075538635,3.1196130942991465,3.5374470206271815,2.296926630218601,True,0.9970017075538635
4.333391189575195,3,target_distance_terminal,truth,1.226209044456482,1.4339388608932495,0.9996649026870728,0.9996649026870728,3.100315993768636,3.284609582492879,2.027164450120963,True,0.9996649026870728
4.366681814193726,3,target_distance_terminal,truth,1.4294556379318237,1.8097810745239258,0.9999939203262329,0.9999939203262329,3.258185381408335,2.9144504316684228,1.7721813588777,True,0.9999939203262329
4.401684045791626,3,target_distance_terminal,truth,1.369661569595337,1.9238735437393188,0.9999914169311523,0.9999914169311523,3.459772422475712,2.6179271120378544,1.6517860183852386,True,0.9999914169311523
4.439677476882935,8,target_distance_terminal,truth,1.613083004951477,2.7234508991241455,0.999931812286377,0.9536896347999573,3.1516344566452137,3.2232759639115383,2.0038411142488295,True,0.999931812286377
4.467844009399414,8,target_distance_terminal,truth,1.5569905042648315,2.7546164989471436,0.9998243451118469,0.8339707255363464,3.027114620675087,3.923866653723761,2.4627401081483673,True,0.9998243451118469
4.503681182861328,8,target_distance_terminal,truth,2.1021833419799805,3.252389669418335,0.9889046549797058,0.2053428590297699,3.0662461435873762,4.469995862047594,2.8191313021054256,True,0.9889046549797058
4.539921045303345,8,target_distance_terminal,truth,1.2518718242645264,1.8397663831710815,0.9682788252830505,0.6755658388137817,3.0569568381954904,4.056824084521629,2.590638972158909,True,0.9682788252830505
4.567674875259399,3,target_distance_terminal,truth,1.7706177234649658,2.7996418476104736,0.9988604784011841,0.990324854850769,3.145509973310275,4.013749640126758,2.656061151103013,True,0.9988604784011841
4.601827383041382,9,target_distance_terminal,truth,3.3582115173339844,4.340867042541504,0.9868667125701904,0.4709884226322174,2.9963021295595866,2.827650068345056,0.8307553525080346,True,0.9868667125701904
4.643539667129517,9,target_distance_terminal,truth,2.290465831756592,3.487950086593628,0.7541916370391846,0.6167163848876953,2.6880905189946347,3.2031913597520876,0.9581256784981848,True,0.7541916370391846
4.678203105926514,8,target_distance_terminal,truth,3.679187536239624,4.223567008972168,0.9988256096839905,0.997191846370697,2.2763932929732587,4.749139497421076,2.05082897673329,True,0.9988256096839905
4.701739311218262,9,target_distance_terminal,truth,1.509889006614685,2.739290237426758,0.9992390871047974,0.9992390871047974,1.796983323373555,4.649146714129439,1.4014323424676969,True,0.9992390871047974
4.73650598526001,9,target_distance_terminal,truth,1.0579583644866943,2.1881449222564697,0.9996211528778076,0.9986476302146912,2.391604420605094,3.668908086771209,1.13196277130233,True,0.9996211528778076
4.769296407699585,8,target_distance_terminal,truth,1.9922406673431396,2.0725317001342773,0.9992708563804626,0.9992708563804626,2.451448172281949,4.637275050352746,2.154972493822893,True,0.9992708563804626
4.811301946640015,8,target_distance_terminal,truth,1.4369333982467651,1.66318678855896,0.9999227523803711,0.9999227523803711,2.2476422137778673,4.83469676128925,2.016326246419414,True,0.9999227523803711
4.84345817565918,8,target_distance_terminal,truth,1.420231580734253,1.5725154876708984,0.9997920393943787,0.9997920393943787,2.4389352538591207,4.822335504000417,2.2011589778834537,True,0.9997920393943787
4.869861125946045,9,target_distance_terminal,truth,2.2807936668395996,3.374087333679199,0.9998669624328613,0.9997935891151428,1.9089683923511163,4.6150058843779505,1.403289394978045,True,0.9998669624328613
4.906278848648071,3,target_distance_terminal,truth,11.941904067993164,11.941904067993164,0.9994232654571533,0.9329161047935486,3.1451860505530904,4.45585606236098,2.780541819717132,True,0.9994232654571533
4.9371161460876465,9,target_distance_terminal,truth,1.5517255067825317,2.244908332824707,0.9999996423721313,0.9999996423721313,3.2111296688129296,2.8728133428231355,0.8629663806929724,True,0.9999996423721313
4.968195676803589,9,target_distance_terminal,truth,2.096573829650879,2.3896572589874268,0.9999998807907104,0.9999998807907104,2.266980782890283,4.069570391465365,1.1896252165107617,True,0.9999998807907104
5.004360198974609,9,target_distance_terminal,truth,2.2989020347595215,2.4707183837890625,1.0,1.0,2.756264908653931,3.48107019144146,1.0368490071358105,True,1.0
5.037306308746338,9,target_distance_terminal,truth,1.6232019662857056,2.3772072792053223,0.9999992847442627,0.9999992847442627,2.6191608747037938,3.708093246592943,1.1305227653227377,True,0.9999992847442627
5.076900243759155,9,target_distance_terminal,truth,2.06198787689209,2.5589096546173096,0.9999926090240479,0.9999926090240479,2.346814006788994,4.101105606269734,1.2262914190653282,True,0.9999926090240479
5.110589981079102,9,target_distance_terminal,truth,2.190991163253784,2.571967601776123,0.9999698400497437,0.9999698400497437,1.7939652557787256,4.9851224982581765,1.3624907382625575,True,0.9999698400497437
5.149644613265991,9,target_distance_terminal,truth,1.737244963645935,1.9610012769699097,0.9999932050704956,0.9999442100524902,1.884070520284571,4.738102223158178,1.2030894210260314,True,0.9999932050704956
5.184880971908569,9,target_distance_terminal,truth,1.3484448194503784,1.3484448194503784,0.9987769722938538,0.9899341464042664,3.8178318622338163,2.4801045832506,0.6365992837931583,True,0.9987769722938538
5.218888521194458,9,target_distance_terminal,truth,1.2961993217468262,1.2961993217468262,0.9965644478797913,0.9912850260734558,3.0650457332931094,3.2886294925297177,0.6480956582817547,True,0.9965644478797913
5.251031875610352,9,target_distance_terminal,truth,1.3060921430587769,1.3097476959228516,0.9992462396621704,0.9992462396621704,1.9339396239839548,4.447294845547472,0.45079383830572395,True,0.9992462396621704
5.288572072982788,9,target_distance_terminal,truth,1.042155385017395,1.0436444282531738,0.9707121253013611,0.9707121253013611,2.013547386661252,4.3906064187966365,0.394822066103061,True,0.9707121253013611
5.318204402923584,9,target_distance_terminal,truth,0.9125425219535828,0.9633136987686157,0.9940764904022217,0.9791728258132935,2.1319053419485545,4.314128368950139,0.34051588896890395,True,0.9940764904022217
5.351026296615601,9,target_distance_terminal,truth,0.7958424687385559,0.9261017441749573,0.9955770969390869,0.9955770969390869,2.510170054593291,3.9641212526549428,0.30402725602436786,True,0.9955770969390869
5.387093544006348,9,target_distance_terminal,truth,0.7587803602218628,0.928533673286438,0.9997846484184265,0.9997846484184265,2.1967139264029196,4.348465541688395,0.46794861409337846,True,0.9997846484184265
5.419711351394653,9,target_distance_terminal,truth,0.6512579321861267,0.8386449813842773,0.9999898672103882,0.9999898672103882,1.7187979175933188,4.901130629206841,0.5134022067822278,True,0.9999898672103882
5.449910879135132,9,target_distance_terminal,truth,0.9387704730033875,1.2986122369766235,0.999995231628418,0.999995231628418,1.3811322131269679,5.31962920463791,0.5454955445808346,True,0.999995231628418
5.493803977966309,9,target_distance_terminal,truth,0.9244371056556702,1.5673097372055054,0.9999982118606567,0.9999982118606567,1.6070269890879052,5.069995696573508,0.4180624413336077,True,0.9999982118606567
5.520306825637817,9,target_distance_terminal,truth,1.765025019645691,2.6592440605163574,0.9999547004699707,0.9999547004699707,2.7698248223398276,3.928625948685943,0.3148597649067545,True,0.9999547004699707
5.550551176071167,9,target_distance_terminal,truth,2.1954221725463867,3.388141393661499,0.999884843826294,0.999884843826294,3.133960620443347,3.608949286899489,0.44331485278186666,True,0.999884843826294
5.594068765640259,4,target_distance_terminal,truth,2.7430479526519775,3.4974629878997803,0.9949931502342224,0.673734724521637,3.7898773677660658,2.9528356490663694,0.2020188062645271,True,0.9949931502342224
5.6187849044799805,4,target_distance_terminal,truth,3.281160593032837,4.026435375213623,0.983740508556366,0.6979633569717407,3.8305403082081724,2.958120469206585,0.19957808677175382,True,0.983740508556366
5.65240216255188,4,target_distance_terminal,truth,3.1107285022735596,4.030419826507568,0.988377034664154,0.4439578354358673,3.6857281203880037,3.133663562499624,0.21471408503541756,True,0.988377034664154
5.6927878856658936,4,target_distance_terminal,truth,2.4644408226013184,2.83304762840271,0.9936991930007935,0.41262638568878174,3.680796770643313,3.175658877777947,0.2734040659780703,True,0.9936991930007935
5.7226386070251465,4,target_distance_terminal,truth,1.5469874143600464,1.6901063919067383,0.993728518486023,0.25797566771507263,3.6357252401561664,3.2572432566427416,0.45861961977346904,True,0.993728518486023
5.751508474349976,8,target_distance_terminal,truth,1.3101540803909302,1.7539846897125244,0.9990204572677612,0.9990204572677612,2.981738668907751,3.9397425189408475,0.33478319926229533,True,0.9990204572677612
5.785244703292847,8,target_distance_terminal,truth,1.2150468826293945,1.7143528461456299,0.9989498257637024,0.9989498257637024,2.552120746036723,4.388962549753534,0.3163528985173281,True,0.9989498257637024
5.826061725616455,8,target_distance_terminal,truth,1.0891978740692139,1.3220113515853882,0.9998413324356079,0.9998413324356079,2.038310234774769,4.912767574185781,0.354183844852778,True,0.9998413324356079
5.852592706680298,8,target_distance_terminal,truth,1.0343666076660156,1.2421976327896118,0.999930739402771,0.999930739402771,2.4852299489701477,4.498725800448241,0.31514592738615355,True,0.999930739402771
5.884523868560791,8,target_distance_terminal,truth,1.2108428478240967,1.5775196552276611,0.9999884366989136,0.9999884366989136,2.425034285698403,4.596813851540283,0.4364718811565581,True,0.9999884366989136
5.9183509349823,8,target_distance_terminal,truth,1.4441397190093994,1.9745957851409912,0.9993778467178345,0.9993778467178345,2.6545267836334756,4.36438009150486,0.40936959635684433,True,0.9993778467178345
5.960801839828491,8,target_distance_terminal,truth,1.0361961126327515,1.2938451766967773,0.9984453320503235,0.9984453320503235,2.6885398053397687,4.395601241750125,0.6951144391195646,True,0.9984453320503235
5.984826326370239,8,target_distance_terminal,truth,0.958318293094635,1.151458740234375,0.9994433522224426,0.9994433522224426,2.7720108339737597,4.409319876628454,0.9317117021350374,True,0.9994433522224426
6.018349885940552,8,target_distance_terminal,truth,1.0685564279556274,1.197906494140625,0.999950647354126,0.999950647354126,2.777918150345951,4.424358731150623,0.9660744327908959,True,0.999950647354126
6.051828622817993,8,target_distance_terminal,truth,0.9805606603622437,1.1922529935836792,0.9998904466629028,0.9998904466629028,3.382231950139195,3.8126231720161257,0.9957932633722595,True,0.9998904466629028
6.088976144790649,8,target_distance_terminal,truth,0.8591591715812683,1.0216634273529053,0.9999825954437256,0.9999825954437256,3.172419555321831,4.090542237230707,1.1579625470591128,True,0.9999825954437256
6.118479251861572,2,target_distance_terminal,truth,0.7843160629272461,1.0428353548049927,0.9998689889907837,0.995497465133667,3.190559886803629,3.9001911111061283,0.3966887099841735,True,0.9998689889907837
6.152701139450073,2,target_distance_terminal,truth,0.9490875005722046,1.2679921388626099,0.9997971653938293,0.9976521134376526,3.229180780482787,3.882093996959522,0.499373341794079,True,0.9997971653938293
6.193701982498169,2,target_distance_terminal,truth,1.2278714179992676,1.8242738246917725,0.9987057447433472,0.998410701751709,2.832545104342121,4.282442498434873,0.5160328626153943,True,0.9987057447433472
6.223629951477051,2,target_distance_terminal,truth,1.1821198463439941,1.9415699243545532,0.9995960593223572,0.9995960593223572,3.361968842046231,3.7590071277494572,0.42810794149215725,True,0.9995960593223572
6.25061559677124,2,target_distance_terminal,truth,1.7340502738952637,2.402103900909424,0.9999809265136719,0.9999809265136719,3.393253995506449,3.735209433242541,0.4442317550669393,True,0.9999809265136719
6.284523010253906,2,target_distance_terminal,truth,1.3337666988372803,2.2723703384399414,0.9999054670333862,0.9999054670333862,3.9236896435684807,3.1908041447037565,0.37118525358176285,True,0.9999054670333862
6.319627523422241,8,target_distance_terminal,truth,1.115024209022522,1.585607647895813,0.9989542961120605,0.9984179735183716,5.37867859951133,1.718237151575186,0.2741974552921613,True,0.9989542961120605
6.351576566696167,8,target_distance_terminal,truth,0.9991278648376465,1.3859251737594604,0.9976612329483032,0.9906827211380005,6.008864702818878,1.0972878385862943,0.19763988076198244,True,0.9976612329483032
6.390614748001099,8,target_distance_terminal,truth,0.9122034907341003,1.243920087814331,0.9882918000221252,0.8534712791442871,6.229898310044118,0.8644081658557369,0.1858849391151453,True,0.9882918000221252
6.418498992919922,6,target_distance_terminal,truth,1.1724040508270264,1.4430307149887085,0.9402477145195007,0.9402477145195007,6.427509314818091,0.6883358790134914,0.19115365384926933,True,0.9402477145195007
6.450652599334717,6,target_distance_terminal,truth,1.2096891403198242,1.6546974182128906,0.9961812496185303,0.9961812496185303,5.574810851657295,1.5412746668939263,0.14515793338607863,True,0.9961812496185303
6.48239541053772,6,target_distance_terminal,truth,1.1419241428375244,1.8277658224105835,0.9946916699409485,0.9946916699409485,3.611335953650025,3.520990755578677,0.24834247465526507,True,0.9946916699409485
6.515780448913574,6,target_distance_terminal,truth,1.22455894947052,2.5371816158294678,0.9986329674720764,0.9982494115829468,2.0339892939333004,5.141426059513488,0.47867583051080675,True,0.9986329674720764
6.5538904666900635,6,target_distance_terminal,truth,1.0900897979736328,2.148850679397583,0.9991393089294434,0.9991393089294434,1.848294724204334,5.326196228266906,0.3792887396666435,True,0.9991393089294434
6.581221103668213,7,target_distance_terminal,truth,1.9680335521697998,3.0487210750579834,0.9999852180480957,0.9999852180480957,2.2331759815894343,4.973956915030578,0.42123994016307503,True,0.9999852180480957
6.616322040557861,9,target_distance_terminal,truth,4.247913837432861,4.247913837432861,0.9999791383743286,0.010575790889561176,6.272513916182265,0.9320608229545585,0.7030607383459707,True,0.9999791383743286
6.649733304977417,3,target_distance_terminal,truth,3.0619170665740967,4.5463361740112305,0.9999945163726807,0.014772084541618824,6.342070673183429,0.8584665807191039,0.2699223944607922,True,0.9999945163726807
6.681504011154175,7,target_distance_terminal,truth,1.9569754600524902,3.2796597480773926,0.999993085861206,0.999993085861206,1.6887869573227827,5.599200880533386,0.45518598722265047,True,0.999993085861206
6.71824836730957,7,target_distance_terminal,truth,1.5366917848587036,2.4144442081451416,0.9999901056289673,0.9999830722808838,1.8187720109349008,5.480357037651457,0.4477265441366049,True,0.9999901056289673
6.759274005889893,11,target_distance_terminal,truth,1.2749794721603394,2.6021432876586914,0.9999876022338867,0.997804582118988,2.0496881120613013,5.263792341902216,0.4026998038441591,True,0.9999876022338867
6.786642551422119,6,target_distance_terminal,truth,1.2276005744934082,1.914756417274475,0.99997878074646,0.99997878074646,1.716589029188206,5.71549129215978,0.5952058426690656,True,0.99997878074646
6.817556142807007,6,target_distance_terminal,truth,1.1083301305770874,1.358601689338684,0.9998931884765625,0.9997299313545227,3.122042135462307,4.276120421781643,0.5470824500339964,True,0.9998931884765625
6.854921817779541,6,target_distance_terminal,truth,0.9471412897109985,1.12777578830719,0.9999747276306152,0.9999747276306152,3.0701482179056563,4.347652583928808,0.4615365008644087,True,0.9999747276306152
6.884382247924805,6,target_distance_terminal,truth,1.869071364402771,2.412553310394287,0.999542236328125,0.999542236328125,1.6227454891466315,5.903425829014334,0.5427158077037181,True,0.999542236328125
6.921051979064941,7,target_distance_terminal,truth,2.3016326427459717,3.245006799697876,0.9999972581863403,0.9999972581863403,1.4921997078167053,6.056388098872174,0.5238375280753088,True,0.9999972581863403
6.949110746383667,7,target_distance_terminal,truth,2.3058135509490967,2.8636012077331543,0.9999966621398926,0.9999966621398926,1.5550178366501568,6.002994943810578,0.4245978664530803,True,0.9999966621398926
6.9815075397491455,7,target_distance_terminal,truth,1.856929063796997,1.856929063796997,0.9999990463256836,0.9999990463256836,1.5155989875791591,6.071215532204302,0.4218044002532847,True,0.9999990463256836
7.016348600387573,7,target_distance_terminal,truth,1.2737133502960205,1.4505003690719604,0.9999991655349731,0.9999990463256836,1.6260914808785965,5.976466645812683,0.4021427502138891,True,0.9999991655349731
7.051248788833618,7,target_distance_terminal,truth,1.488301157951355,1.714622974395752,0.9999955892562866,0.9999955892562866,1.6892532596616665,5.951511868497931,0.4125867812729441,True,0.9999955892562866
7.082488536834717,7,target_distance_terminal,truth,1.3643372058868408,1.5865044593811035,0.9999940395355225,0.9999940395355225,1.692205806566575,5.982337330765906,0.3961322400681345,True,0.9999940395355225
7.11818528175354,7,target_distance_terminal,truth,3.0354416370391846,3.2708652019500732,0.9999971389770508,0.9999971389770508,1.7396852446888313,5.950374723215396,0.4016371691044324,True,0.9999971389770508
7.150836706161499,7,target_distance_terminal,truth,2.1705117225646973,2.388051748275757,0.999992847442627,0.999992847442627,1.7461264875516045,5.957972949510886,0.3140871420062424,True,0.999992847442627
7.188789367675781,7,target_distance_terminal,truth,3.1327366828918457,4.568671703338623,0.9999953508377075,0.9999953508377075,2.2468434848878442,5.508643072333129,0.5530404310925735,True,0.9999953508377075
7.223627328872681,1,target_distance_terminal,truth,6.0891876220703125,7.408411026000977,0.9999910593032837,0.5948256850242615,2.0824478546470804,5.811102598630768,0.8363797702660569,True,0.9999910593032837
7.257692337036133,7,target_distance_terminal,truth,6.113688945770264,6.881485939025879,0.9999967813491821,0.9999967813491821,2.1119048668853146,5.723396659408803,0.6741067736435861,True,0.9999967813491821
7.289918422698975,4,target_distance_terminal,truth,4.086936950683594,4.086936950683594,0.9998737573623657,0.9820855855941772,3.640983978302456,4.256979581275845,1.0545936316221258,True,0.9998737573623657
7.318515777587891,3,target_distance_terminal,truth,1.9543919563293457,3.019063711166382,0.999817430973053,0.7407257556915283,3.787075984991252,4.026979560312934,0.6796668329371301,True,0.999817430973053
7.3579185009002686,3,target_distance_terminal,truth,2.4180660247802734,3.3802804946899414,0.9999908208847046,0.9920048117637634,3.0498515431734896,4.814980343699058,0.8912590755305173,True,0.9999908208847046
7.391081809997559,3,target_distance_terminal,truth,3.526050329208374,4.817821025848389,0.9999992847442627,0.9969202280044556,3.3849433523078414,4.476186297912328,0.8783278535623943,True,0.9999992847442627
7.419199705123901,2,target_distance_terminal,truth,6.233552932739258,6.935940742492676,0.9999998807907104,0.9999943971633911,2.0570311404792383,5.7937601434003945,0.6315260903632094,True,0.9999998807907104
7.453064441680908,2,target_distance_terminal,truth,4.045181751251221,4.173824310302734,0.9999996423721313,0.9998799562454224,2.1277235637769274,5.697867054874069,0.5979557418966409,True,0.9999996423721313
7.4967732429504395,8,target_distance_terminal,truth,2.6702373027801514,3.4605374336242676,0.9999966621398926,0.9999966621398926,2.191505164230171,5.53998895835692,0.3060451689365214,True,0.9999966621398926
7.518879175186157,8,target_distance_terminal,truth,2.6909449100494385,3.4167587757110596,0.9999994039535522,0.9999974966049194,2.207368766295747,5.50962448016892,0.20677505144632122,True,0.9999994039535522
7.552528381347656,1,target_distance_terminal,truth,2.229736804962158,2.8232853412628174,0.9999991655349731,0.009986752644181252,1.8894973337777938,6.878269778628469,1.704801433452982,True,0.9999991655349731
7.593813896179199,1,target_distance_terminal,truth,1.7729101181030273,1.940567970275879,0.9999997615814209,0.06293579936027527,1.7570807870011815,6.7121772312476224,1.4841340543057995,True,0.9999997615814209
7.6301186084747314,8,target_distance_terminal,truth,0.9591127634048462,1.187598705291748,0.9999904632568359,0.999967098236084,2.2854406377304923,5.356618245416516,0.27956553870105216,True,0.9999904632568359
7.659803152084351,8,target_distance_terminal,truth,0.8624827861785889,1.2808032035827637,0.9999699592590332,0.9999699592590332,2.297531704450308,5.3198385594866995,0.22740467616456972,True,0.9999699592590332
7.686668157577515,8,target_distance_terminal,truth,0.7378363609313965,0.9640296697616577,0.9999988079071045,0.9999988079071045,2.097944476890578,5.5012009478669475,0.2646702852947077,True,0.9999988079071045
7.722202777862549,7,target_distance_terminal,truth,1.3695086240768433,1.7913744449615479,0.9999992847442627,0.9999992847442627,2.1453635696808937,5.680932816390477,1.0615459379551828,True,0.9999992847442627
7.757911205291748,7,target_distance_terminal,truth,1.3262720108032227,2.1545088291168213,0.9999995231628418,0.9999995231628418,2.3095485257965915,5.503482831429704,1.1762885997987496,True,0.9999995231628418
7.785356283187866,7,target_distance_terminal,truth,1.32667076587677,2.364548921585083,0.9999995231628418,0.9999995231628418,2.509005050300023,5.208645039549736,1.029547923432012,True,0.9999995231628418
7.818317890167236,1,target_distance_terminal,truth,1.077718734741211,1.6307700872421265,0.9999817609786987,0.186761736869812,2.476299387806711,5.557227968562044,1.627489928962772,True,0.9999817609786987
7.852267742156982,1,target_distance_terminal,truth,0.9441837072372437,1.104354977607727,0.9999918937683105,0.7485243678092957,2.3175945241532827,5.626055009013985,1.5035444144048,True,0.9999918937683105
7.884215831756592,1,target_distance_terminal,truth,1.2737975120544434,1.4395071268081665,0.9999966621398926,0.9776870012283325,3.1374845207576403,4.624048634582985,1.5387517436166833,True,0.9999966621398926
7.917632341384888,1,target_distance_terminal,truth,1.3103848695755005,1.5116857290267944,0.9999932050704956,0.6809632182121277,2.9557848844853956,4.930407045876151,1.7828369077769863,True,0.9999932050704956
7.950883626937866,1,target_distance_terminal,truth,1.3705229759216309,1.7851686477661133,0.9993808269500732,0.24941012263298035,3.01447844191255,5.7154662154025075,2.594054763030295,True,0.9993808269500732
7.984398126602173,1,target_distance_terminal,truth,2.2536966800689697,2.833439588546753,0.9992653727531433,0.019014136865735054,3.2680797819109424,5.933843341114396,3.006561801687207,True,0.9992653727531433
8.018113851547241,0,target_distance_terminal,truth,1.9255691766738892,2.4487061500549316,0.9653525948524475,5.085842076368863e-06,3.0159044392856784,6.092397405165663,2.826588704279669,True,0.9653525948524475
8.057795524597168,0,target_distance_terminal,truth,1.602260947227478,1.9136371612548828,0.9107746481895447,1.4180418475007173e-05,3.0094836094270114,5.48173407286456,2.553669376925881,True,0.9107746481895447
8.08634901046753,7,target_distance_terminal,truth,0.6400575637817383,1.0309410095214844,0.9675443768501282,0.9675443768501282,2.5973953108607724,4.646911207939117,0.9843704701707471,True,0.9675443768501282
8.118633270263672,7,target_distance_terminal,truth,0.5431416630744934,0.9275863170623779,0.4104504883289337,0.4104504883289337,2.782716976957991,4.439293890719266,1.081447609953978,False,0.4104504883289337
8.15110969543457,7,target_distance_terminal,truth,0.6903365254402161,1.0910236835479736,0.9394840598106384,0.9394840598106384,2.5933240484660893,4.611496576059533,1.080836051278224,True,0.9394840598106384
8.1921968460083,7,target_distance_terminal,truth,0.7881433367729187,1.2475926876068115,0.9676024317741394,0.9642825126647949,2.7091847485523224,4.487044598484079,1.2370016831126234,True,0.9676024317741394
8.219443082809448,7,target_distance_terminal,truth,1.051619291305542,1.8211115598678589,0.9986417889595032,0.9986417889595032,2.40302413132281,4.952530779816985,1.4401238645077874,True,0.9986417889595032
8.260783672332764,7,target_distance_terminal,truth,1.6588131189346313,2.7355988025665283,0.9976884126663208,0.9976233839988708,2.4338884572408617,4.995237880589121,1.6004315305304027,True,0.9976884126663208
8.286220788955688,7,target_distance_terminal,truth,2.5642247200012207,3.4308958053588867,0.9962270259857178,0.9962270259857178,2.4783682538862144,5.030333206963585,1.7719309566768262,True,0.9962270259857178
8.318405389785767,7,target_distance_terminal,truth,3.0050129890441895,3.8539390563964844,0.999761164188385,0.9989141225814819,2.5786961452260404,5.1229278300036745,1.9914558290908142,True,0.999761164188385
8.351803302764893,2,target_distance_terminal,truth,2.6170594692230225,3.910761594772339,0.9999879598617554,0.9999879598617554,2.5981512160980964,4.733117472622555,1.7060822812720629,True,0.9999879598617554
8.386975526809692,7,target_distance_terminal,truth,2.5483639240264893,3.0871071815490723,0.9999517202377319,0.9999517202377319,2.6234719733274887,5.14449826175296,2.1626388806945473,True,0.9999517202377319
8.423374891281128,7,target_distance_terminal,truth,2.1486399173736572,2.446425676345825,0.9999512434005737,0.9999512434005737,2.6038542824623923,5.203126980175742,2.1962159530548955,True,0.9999512434005737
8.46191954612732,7,target_distance_terminal,truth,2.375910758972168,2.5623185634613037,0.9999619722366333,0.9999172687530518,2.62661333030293,5.336513179053291,2.313710197641573,True,0.9999619722366333
8.49390959739685,7,target_distance_terminal,truth,2.419640064239502,2.6561825275421143,0.9999871253967285,0.9999871253967285,2.5090860002241033,5.257360529845336,2.169065661209261,True,0.9999871253967285
8.519612312316895,7,target_distance_terminal,truth,2.569854736328125,2.665257215499878,0.9999980926513672,0.9999980926513672,2.2658498309867805,5.147572908000694,1.8183065877861744,True,0.9999980926513672
8.550925016403198,7,target_distance_terminal,truth,1.998779296875,2.1838855743408203,0.999997615814209,0.999997615814209,2.3161978539669272,5.239176162387441,1.9692410067766366,True,0.999997615814209
8.588191509246826,7,target_distance_terminal,truth,2.0542943477630615,2.2123231887817383,0.9999991655349731,0.9999991655349731,2.259803278340753,5.1392314885549695,1.8746597359370747,True,0.9999991655349731
8.625864505767822,7,target_distance_terminal,truth,1.9631123542785645,2.379606008529663,0.9999959468841553,0.9999935626983643,2.3389247136852096,5.098557516731763,1.9723809601238393,True,0.9999959468841553
8.658583879470825,8,target_distance_terminal,truth,3.0820040702819824,3.941145658493042,0.9999996423721313,0.999996542930603,1.9306311468478297,5.111016209136138,1.4875989434339694,True,0.9999996423721313
8.694030284881592,8,target_distance_terminal,truth,3.076866626739502,3.4587583541870117,0.9999717473983765,0.9999717473983765,1.8479766721184656,5.477204224622449,1.6442793619526928,True,0.9999717473983765
8.736756563186646,8,target_distance_terminal,truth,3.1926181316375732,3.71644926071167,0.9999819993972778,0.999967098236084,1.8471058733358376,5.627211447777864,1.71770962887017,True,0.9999819993972778
8.75196385383606,8,target_distance_terminal,truth,1.7606040239334106,2.593731164932251,0.9999977350234985,0.9999977350234985,1.8714943151797028,5.65827239993648,1.7654792164523507,True,0.9999977350234985
8.785712003707886,8,target_distance_terminal,truth,1.8337552547454834,3.036940813064575,1.0,1.0,1.713325581670174,5.6507358906206395,1.6126616953226285,True,1.0
8.82212495803833,8,target_distance_terminal,truth,1.6035966873168945,2.6076436042785645,1.0,1.0,1.802627630728107,5.5563376721486355,1.677631538695472,True,1.0
8.85159945487976,8,target_distance_terminal,truth,2.0720229148864746,2.4864413738250732,1.0,1.0,1.6423928856515406,5.483437335729781,1.473901026606924,True,1.0
8.887923955917358,4,target_distance_terminal,truth,2.0438554286956787,2.905773162841797,1.0,0.9957660436630249,1.763779389683761,4.497757109912699,0.5844107007695002,True,1.0
8.926720142364502,9,target_distance_terminal,truth,2.167362689971924,3.3592259883880615,1.0,0.9935071468353271,1.361555328385724,4.940591755456876,0.6610521710087806,True,1.0
8.954509973526001,8,target_distance_terminal,truth,2.2546558380126953,3.138040781021118,0.9999998807907104,0.9999998807907104,1.634234464483905,5.389944133225443,1.4453479812729761,True,0.9999998807907104
8.985859632492065,9,target_distance_terminal,truth,1.4752395153045654,2.6950981616973877,1.0,0.9999450445175171,1.0604913192639402,5.4028996539121374,0.7893261855829485,True,1.0
9.018497705459595,9,target_distance_terminal,truth,1.186872959136963,1.9835357666015625,1.0,0.999948263168335,1.0893123798073148,5.3307120251770845,0.7722062210672473,True,1.0
9.053358316421509,9,target_distance_terminal,truth,0.961471676826477,1.705113172531128,0.9999998807907104,0.9999334812164307,1.5508016776798175,4.682682059649908,0.6500654899278713,True,0.9999998807907104
9.086045265197754,8,target_distance_terminal,truth,0.6016302108764648,1.1075143814086914,0.9999998807907104,0.9999998807907104,1.9720021191824686,5.213533708392692,1.7680608738144192,True,0.9999998807907104
9.121397256851196,9,target_distance_terminal,truth,0.7442446947097778,1.2231388092041016,0.9999971389770508,0.5687205195426941,1.5827761032390169,4.688025705234224,0.7997973093768563,True,0.9999971389770508
9.152591228485107,9,target_distance_terminal,truth,0.6853432059288025,1.0825449228286743,0.9999940395355225,0.1453235000371933,1.959771451490361,4.230460891883134,0.7262957392992948,True,0.9999940395355225
9.187005519866943,9,target_distance_terminal,truth,0.8310487270355225,1.2862567901611328,0.9999964237213135,0.33981138467788696,1.9311812030066897,4.246232336182153,0.7608709103372433,True,0.9999964237213135
9.218592405319214,8,target_distance_terminal,truth,0.8031908273696899,1.192742109298706,0.9999114274978638,0.9999114274978638,2.062738958945133,5.010091239034976,1.7994292518769721,True,0.9999114274978638
9.25211763381958,8,target_distance_terminal,truth,1.0330002307891846,1.3853471279144287,0.9968384504318237,0.9968384504318237,2.2905366304843087,4.737675683827816,1.904016147158167,True,0.9968384504318237
9.28396725654602,8,target_distance_terminal,truth,1.1309800148010254,1.69288170337677,0.9994766116142273,0.9994766116142273,2.122952572169186,4.79788856641052,1.7445061559405188,True,0.9994766116142273
9.318909883499146,8,target_distance_terminal,truth,0.9092239141464233,1.2624130249023438,0.9999346733093262,0.9999346733093262,1.987097731646107,4.793242349857326,1.594007080975466,True,0.9999346733093262
9.35866665840149,8,target_distance_terminal,truth,0.6923099160194397,0.9881975650787354,0.9998519420623779,0.9998519420623779,1.954287837494597,4.728789536753043,1.5205648696615106,True,0.9998519420623779
9.392406463623047,9,target_distance_terminal,truth,0.703902542591095,1.150134563446045,0.9992141723632812,0.9978075623512268,1.8925471978088924,4.1383163595512515,0.4935468289576738,True,0.9992141723632812
9.423871517181396,9,target_distance_terminal,truth,0.6865843534469604,1.0825347900390625,0.9998852014541626,0.996551513671875,2.172914980262826,3.8549229332105437,0.5313502076321371,True,0.9998852014541626
9.452617406845093,8,target_distance_terminal,truth,0.7366039156913757,1.0600628852844238,0.9999504089355469,0.9999504089355469,2.1901491310518786,4.6191445077675075,1.735773987432448,True,0.9999504089355469
9.48659372329712,9,target_distance_terminal,truth,0.7586853504180908,1.186655879020691,0.9998993873596191,0.9948548078536987,2.210465838688867,3.786732998782315,0.5713295220642176,True,0.9998993873596191
9.524341821670532,9,target_distance_terminal,truth,0.7850619554519653,1.2982409000396729,0.9991160035133362,0.9932007193565369,2.3272850309791364,3.64684691980118,0.5034627747213727,True,0.9991160035133362
9.55266809463501,9,target_distance_terminal,truth,0.7134992480278015,1.254184365272522,0.9884534478187561,0.9884534478187561,2.3379847495136055,3.630087498042053,0.49143152047652167,True,0.9884534478187561
9.589224576950073,9,target_distance_terminal,truth,0.7409051060676575,1.3352335691452026,0.9821885228157043,0.9821885228157043,2.3070750835606177,3.6309669764586556,0.4731628900925245,True,0.9821885228157043
9.632785320281982,8,target_distance_terminal,truth,0.9017276763916016,1.1798183917999268,0.9858388304710388,0.9858388304710388,2.321251327573392,4.385864329874977,1.7658749618644018,True,0.9858388304710388
9.652737379074097,3,target_distance_terminal,truth,0.9361817240715027,1.229411005973816,0.9639761447906494,0.07338310033082962,2.2420430282287063,4.224714745498682,1.501746209272472,True,0.9639761447906494
9.696740865707397,3,target_distance_terminal,truth,0.8484043478965759,1.2081775665283203,0.8644409775733948,0.00709387194365263,2.2544262620777356,4.06234854663781,1.340120990865361,True,0.8644409775733948
9.721310138702393,3,target_distance_terminal,truth,0.825013279914856,1.1401320695877075,0.7354308366775513,0.003639976028352976,2.3361275509853447,3.8641715681347732,1.2323930932920097,True,0.7354308366775513
9.761717081069946,3,target_distance_terminal,truth,0.8994495868682861,1.259864091873169,0.407759428024292,0.0015217917971313,2.2550518536905795,3.948390816235698,1.2455828728313167,False,0.407759428024292
9.785042524337769,3,target_distance_terminal,truth,0.9733235836029053,1.3162205219268799,0.5276777148246765,0.012678158469498158,2.241126418919153,3.993737939105213,1.2561183276311678,True,0.5276777148246765
9.819330215454102,3,target_distance_terminal,truth,1.0664663314819336,1.3954962491989136,0.29952770471572876,0.008545946329832077,2.1730650789339205,4.063975640573007,1.2894817021365241,False,0.29952770471572876
9.850517749786377,3,target_distance_terminal,truth,1.2193753719329834,1.8016668558120728,0.3627995252609253,0.02230367437005043,2.1810602271059136,4.043275251290187,1.279152721056331,False,0.3627995252609253
9.899062156677246,3,target_distance_terminal,truth,1.262180209159851,1.884730339050293,0.570686936378479,0.046022143214941025,2.1896969771604438,3.9716181334430063,1.266269898419317,True,0.570686936378479
9.936449766159058,3,target_distance_terminal,truth,1.0856800079345703,1.5544323921203613,0.9949170351028442,0.3303679823875427,2.1093999847031597,4.176740893447849,1.3972612193071987,True,0.9949170351028442
9.966820240020752,8,target_distance_terminal,truth,0.7919660210609436,1.0815585851669312,0.999117910861969,0.999117910861969,2.176685492774309,4.439514399789668,1.731926340868043,True,0.999117910861969
10.005460739135742,8,target_distance_terminal,truth,0.8730668425559998,1.1113426685333252,0.9997220635414124,0.9997220635414124,2.0259556375326713,4.621048481411216,1.6949300374210101,True,0.9997220635414124
10.034320831298828,8,target_distance_terminal,truth,0.8107811212539673,1.0844775438308716,0.9998315572738647,0.9998315572738647,1.9958688328017777,4.507554112507763,1.565566404275626,True,0.9998315572738647
10.071547031402588,8,target_distance_terminal,truth,0.8336663842201233,1.0947396755218506,0.9999526739120483,0.9999526739120483,1.8024375806658666,4.542768257089612,1.3670397017682678,True,0.9999526739120483
10.105629205703735,8,target_distance_terminal,truth,0.7481931447982788,0.9900133609771729,0.9999942779541016,0.9999942779541016,1.5314525618017438,4.747321492870832,1.206201019418232,True,0.9999942779541016
10.152791023254395,8,target_distance_terminal,truth,0.8776198029518127,1.0936458110809326,0.9999923706054688,0.9999923706054688,1.6813615503415809,4.66757833126642,1.3379345442205797,True,0.9999923706054688
10.167350769042969,8,target_distance_terminal,truth,0.9772586822509766,1.131394863128662,0.9999935626983643,0.9999935626983643,1.6393407040260601,4.761896661694398,1.3620292917891619,True,0.9999935626983643
10.199548959732056,8,target_distance_terminal,truth,0.8512459397315979,1.0431188344955444,0.9999940395355225,0.9999940395355225,1.7342236810670169,4.468701077728772,1.2556155614223672,True,0.9999940395355225
10.233644247055054,8,target_distance_terminal,truth,0.949637770652771,1.11399507522583,0.9999830722808838,0.9999830722808838,1.7971984429191143,4.449093644938282,1.3315237349601394,True,0.9999830722808838
10.270028352737427,8,target_distance_terminal,truth,1.0476568937301636,1.128258228302002,0.9999929666519165,0.9999929666519165,1.6662229087297418,4.5860393134657595,1.302421588780426,True,0.9999929666519165
10.300084829330444,8,target_distance_terminal,truth,0.8446393609046936,1.1547755002975464,0.9999731779098511,0.9999731779098511,1.9101214357414125,4.301838217396363,1.3852041100833297,True,0.9999731779098511
10.333604574203491,8,target_distance_terminal,truth,0.9573422074317932,1.1850740909576416,0.9999822378158569,0.9999822378158569,1.8741298354001443,4.298673383508815,1.3431716377573486,True,0.9999822378158569
10.377713680267334,8,target_distance_terminal,truth,1.1451098918914795,1.3187458515167236,0.999981164932251,0.999981164932251,1.9391589064896921,4.108708728382879,1.2955241172030167,True,0.999981164932251
10.401304006576538,3,target_distance_terminal,truth,1.3293722867965698,1.491385817527771,0.9999030828475952,0.9997380375862122,2.008361979873789,4.05602938331613,1.3211377443667132,True,0.9999030828475952
10.435002088546753,3,target_distance_terminal,truth,0.958214521408081,1.0521937608718872,0.999874472618103,0.9997311234474182,2.0043559629213146,3.9785155915490593,1.2414316924057367,True,0.999874472618103
10.467427015304565,8,target_distance_terminal,truth,0.8127313852310181,1.0331690311431885,0.9999701976776123,0.9999701976776123,1.7951644747711422,4.1492577385270994,1.160090518175708,True,0.9999701976776123
10.503710746765137,8,target_distance_terminal,truth,0.877068281173706,1.1184749603271484,0.9999359846115112,0.9999359846115112,1.7821701337177442,4.251982904291726,1.2641845294908212,True,0.9999359846115112
10.532570600509644,8,target_distance_terminal,truth,0.8990497589111328,1.1137853860855103,0.9981393814086914,0.997880220413208,1.850566820855558,4.091724599941608,1.2040306583895108,True,0.9981393814086914
10.57079792022705,8,target_distance_terminal,truth,1.0594778060913086,1.2767891883850098,0.9989327788352966,0.9989327788352966,1.7225638719334266,4.302679334710826,1.2721821290004205,True,0.9989327788352966
10.607937574386597,8,target_distance_terminal,truth,1.2021366357803345,1.6803457736968994,0.9977484345436096,0.9977484345436096,1.7604646654624665,4.1603151575528,1.215346866042784,True,0.9977484345436096
10.6380136013031,8,target_distance_terminal,truth,1.079530954360962,1.384520173072815,0.999135434627533,0.999135434627533,1.7709106004502333,4.172264535416859,1.2480683619345452,True,0.999135434627533
10.669576644897461,8,target_distance_terminal,truth,1.0840587615966797,1.4562489986419678,0.9997549653053284,0.9997549653053284,1.733719163690662,4.287240163384507,1.31819051164731,True,0.9997549653053284
10.703037977218628,3,target_distance_terminal,truth,2.078754186630249,2.078754186630249,0.9991464614868164,0.9401980638504028,1.4569384489886181,4.679805684560669,1.2660474338751952,True,0.9991464614868164
10.738065958023071,3,target_distance_terminal,truth,1.9224611520767212,1.9224611520767212,0.9999130964279175,0.9901105761528015,1.420500049104725,4.609839690099362,1.2012737656093389,True,0.9999130964279175
10.780766248703003,3,target_distance_terminal,truth,1.464638352394104,1.464638352394104,0.9995007514953613,0.7419340014457703,1.4516789041364095,4.3622420856064865,1.0533795923063864,True,0.9995007514953613
10.798628091812134,3,target_distance_terminal,truth,1.3719969987869263,1.428739309310913,0.8836896419525146,0.5766996741294861,1.2354077223713877,4.528847638355831,0.9244835157985419,True,0.8836896419525146
10.831919431686401,3,target_distance_terminal,truth,1.5922861099243164,1.7861465215682983,0.8984127044677734,0.19672979414463043,1.237586128361304,4.459842860257516,0.8712154978782323,True,0.8984127044677734
10.86514925956726,3,target_distance_terminal,truth,1.0347651243209839,1.120615005493164,0.8555947542190552,0.10468259453773499,1.5616934370975006,4.113579743000083,0.9800091111816652,True,0.8555947542190552
10.912773132324219,3,target_distance_terminal,truth,1.062648057937622,1.2005431652069092,0.890909731388092,0.7533078789710999,1.4187778946948744,4.0806016986101215,0.7263576331420697,True,0.890909731388092
10.949969291687012,3,target_distance_terminal,truth,1.3120088577270508,1.3222460746765137,0.9963873624801636,0.9029949307441711,1.3690085559691403,4.006242843404788,0.5681571016702917,True,0.9963873624801636
10.966883659362793,3,target_distance_terminal,truth,2.0745198726654053,2.0745198726654053,0.6838469505310059,0.6838469505310059,1.1634521678831167,4.179441479156038,0.4089749361506131,True,0.6838469505310059
10.998659610748291,3,target_distance_terminal,truth,3.3085763454437256,3.448101758956909,0.5681949853897095,0.3684392273426056,0.6346768105690699,4.815005363685632,0.4605450827314336,True,0.5681949853897095
11.040777683258057,3,target_distance_terminal,truth,3.793850898742676,3.9652857780456543,0.8417468070983887,0.033998798578977585,0.7559785777608288,4.705934838417579,0.5320286958862132,True,0.8417468070983887
11.076460123062134,3,target_distance_terminal,truth,2.4030137062072754,2.7221333980560303,0.9803824424743652,0.00048036090447567403,0.8934236571098231,4.570179208270714,0.6402412015943859,True,0.9803824424743652
11.103064060211182,3,target_distance_terminal,truth,1.9341082572937012,2.1155788898468018,0.980471670627594,0.003525062697008252,0.7092839333971117,4.6784206881255805,0.461805872485121,True,0.980471670627594
11.133050441741943,3,target_distance_terminal,truth,1.0140211582183838,1.24320650100708,0.44044628739356995,0.008783338591456413,0.9811228336546695,4.38958782581253,0.5552919808664352,False,0.44044628739356995
11.16623568534851,3,target_distance_terminal,truth,1.324004054069519,1.3704968690872192,0.7689302563667297,0.04760872200131416,0.7221747200727818,5.187910729181042,0.7219429372263817,True,0.7689302563667297
11.200373411178589,2,target_distance_terminal,truth,1.8543000221252441,1.8596055507659912,0.1326313316822052,0.00012926472118124366,0.6387872241877294,5.385824775215853,0.598108633985865,False,0.1326313316822052
11.233864545822144,8,target_distance_terminal,truth,0.6680185794830322,0.8841690421104431,0.9982898831367493,0.9982898831367493,0.9327233104833472,4.339626421044108,0.4563329966165169,True,0.9982898831367493
11.267521142959595,3,target_distance_terminal,truth,0.9239662885665894,0.9654864072799683,0.9985641837120056,0.9984838366508484,0.7967144389165979,4.4570161570536095,0.4368101822243103,True,0.9985641837120056
11.311851978302002,8,target_distance_terminal,truth,0.8976753354072571,1.2826710939407349,0.9997028708457947,0.9997028708457947,0.9450069953887464,4.431150165312261,0.6748633604483174,True,0.9997028708457947
11.335155487060547,2,target_distance_terminal,truth,4.926820755004883,4.926820755004883,0.9818233251571655,0.06052139401435852,0.7888816719745858,4.570365089700514,0.5721250526083893,True,0.9818233251571655
11.367308616638184,3,target_distance_terminal,truth,3.4925718307495117,3.5678131580352783,0.9997039437294006,0.5187060236930847,0.5027781352377821,4.9754886154798195,0.4926395784869015,True,0.9997039437294006
11.40060544013977,7,target_distance_terminal,truth,0.9331425428390503,1.049377679824829,0.9985862970352173,0.9985862970352173,0.6238698282319409,4.813388962259217,0.5711167038981456,True,0.9985862970352173
11.434307098388672,2,target_distance_terminal,truth,1.5481634140014648,1.5481634140014648,0.9971012473106384,0.0511617586016655,0.6183834531019209,5.2422630365093426,0.5884931142602882,True,0.9971012473106384
11.466189622879028,7,target_distance_terminal,truth,1.7991905212402344,1.8045505285263062,0.9938200116157532,0.9938200116157532,0.6243931518510099,4.986458645979938,0.6236581706328094,True,0.9938200116157532
11.508778810501099,7,target_distance_terminal,truth,3.5132813453674316,3.5777807235717773,0.38366711139678955,0.38366711139678955,0.5692720646316967,5.119310046308575,0.5571722844690172,False,0.38366711139678955
11.533953189849854,2,target_distance_terminal,truth,2.6242692470550537,2.6242692470550537,0.3058421015739441,0.003590574488043785,0.9264206427393011,4.180709482968485,0.4557031436904253,False,0.3058421015739441
11.568682432174683,1,target_distance_terminal,truth,2.1745212078094482,2.706928014755249,0.24619464576244354,0.0001266863982891664,1.4354936769895699,3.6474121589347743,0.6100254832003413,False,0.24619464576244354
11.597998142242432,7,target_distance_terminal,truth,2.605445384979248,3.8714988231658936,0.9918632507324219,0.9918632507324219,0.604259784944189,4.7549926960039155,0.5786781552884027,True,0.9918632507324219
11.629566431045532,7,target_distance_terminal,truth,1.2567877769470215,2.026865243911743,0.999962329864502,0.999962329864502,0.38347546499058943,4.888756724470029,0.38288718688074974,True,0.999962329864502
11.66883659362793,7,target_distance_terminal,truth,0.9205700159072876,1.0257816314697266,0.9991263747215271,0.9991263747215271,0.54513466967887,4.614669376266185,0.48456054265415605,True,0.9991263747215271
11.70103144645691,2,target_distance_terminal,truth,1.1790343523025513,1.1790343523025513,0.999187171459198,0.04066503047943115,1.1984207472784394,3.7305451433611068,0.44607026572353986,True,0.999187171459198
11.731858015060425,2,target_distance_terminal,truth,0.614623486995697,0.6976988315582275,0.998925507068634,0.035090122371912,0.8955093111238753,4.058881565325036,0.4712166463891911,True,0.998925507068634
11.766350984573364,2,target_distance_terminal,truth,1.0334575176239014,1.2796895503997803,0.9999932050704956,0.9999932050704956,1.0198370442623539,4.199624407645896,0.8454115917949488,True,0.9999932050704956
11.80370044708252,7,target_distance_terminal,truth,4.30044412612915,5.641709804534912,0.9824278950691223,0.864708662033081,1.1399059729334846,4.851200149538552,1.1349703159138358,True,0.9824278950691223
11.829911708831787,7,target_distance_terminal,truth,2.78410005569458,2.964796304702759,0.9896125197410583,0.9896125197410583,1.0813626283090354,3.9879252273088386,0.7939097116055531,True,0.9896125197410583
11.872780561447144,7,target_distance_terminal,truth,1.2095924615859985,1.6431303024291992,0.9690521955490112,0.9690521955490112,0.7239006900654464,4.376184172072729,0.6634868642216183,True,0.9690521955490112
11.900080919265747,7,target_distance_terminal,truth,1.250866174697876,1.7099186182022095,0.996188223361969,0.7731602191925049,0.6045491421388245,4.695020193918554,0.6019478102877165,True,0.996188223361969
11.933831453323364,7,target_distance_terminal,truth,2.908562660217285,3.570736885070801,0.9725316762924194,0.9704732894897461,0.575215483897327,4.706166630982951,0.5674573249915899,True,0.9725316762924194
11.965162754058838,2,target_distance_terminal,truth,1.4923028945922852,2.787074565887451,0.9975613355636597,0.34633100032806396,0.5277100766567994,4.525312456862373,0.524348838462562,True,0.9975613355636597
12.007175922393799,2,target_distance_terminal,truth,2.6399104595184326,2.6399104595184326,0.9995691180229187,0.3566618263721466,0.5244617811628137,4.2862852463323335,0.4789937251570032,True,0.9995691180229187
12.031152248382568,7,target_distance_terminal,truth,1.3553541898727417,1.623737096786499,0.996145486831665,0.996145486831665,0.5284413532358668,4.307894677229814,0.4919815222036388,True,0.996145486831665
12.062659740447998,7,target_distance_terminal,truth,1.1569072008132935,1.6524606943130493,0.9986901879310608,0.9986901879310608,0.638657632366385,4.071162220154872,0.49666304858382676,True,0.9986901879310608
12.100143194198608,7,target_distance_terminal,truth,1.152184247970581,1.7910747528076172,0.992299497127533,0.992299497127533,1.110755730627517,3.493463094412465,0.6201529444675768,True,0.992299497127533
12.137604236602783,7,target_distance_terminal,truth,1.1280807256698608,1.73003089427948,0.9983667731285095,0.9983667731285095,1.0269144557477567,3.5185780229024104,0.5936164876340728,True,0.9983667731285095
12.163076877593994,7,target_distance_terminal,truth,0.9858694076538086,1.3452171087265015,0.9994951486587524,0.9994951486587524,0.8123534961681536,3.6969869754867077,0.47109192848377635,True,0.9994951486587524
12.197102069854736,7,target_distance_terminal,truth,0.8590495586395264,1.0953620672225952,0.9999839067459106,0.9999839067459106,0.8186206127896215,3.6556778541983643,0.5078894606040637,True,0.9999839067459106
12.232219457626343,7,target_distance_terminal,truth,0.7468697428703308,0.9334697127342224,0.9999927282333374,0.9999927282333374,0.7204562506195799,3.8172139318301475,0.561878217856585,True,0.9999927282333374
12.264784574508667,7,target_distance_terminal,truth,0.6802889108657837,0.8283807635307312,0.999956488609314,0.999956488609314,0.6762694414947342,3.7351740271898626,0.45141234843977684,True,0.999956488609314
12.297255039215088,7,target_distance_terminal,truth,0.6758377552032471,0.8444978594779968,0.9998679161071777,0.9998679161071777,0.6115343849842377,3.7717310312491517,0.4556136011194113,True,0.9998679161071777
12.332114458084106,7,target_distance_terminal,truth,0.6269880533218384,0.8355371356010437,0.9993830919265747,0.9993830919265747,0.6524396006322691,3.686438682539712,0.44907324621711403,True,0.9993830919265747
12.365126132965088,7,target_distance_terminal,truth,0.6791576743125916,0.9525966644287109,0.8095592856407166,0.8095592856407166,0.9370594421358206,3.2845929551963953,0.4013922650552984,True,0.8095592856407166
12.398367881774902,8,target_distance_terminal,truth,0.6171457171440125,0.6980065703392029,0.9941843152046204,0.00013486862007994205,0.8666345994093786,3.39828878704275,0.5426942084004909,True,0.9941843152046204
12.431252479553223,8,target_distance_terminal,truth,0.6642308831214905,0.7335996627807617,0.9733928442001343,0.00020233538816682994,0.8355935334435091,3.4688826588534725,0.6034340894468763,True,0.9733928442001343
12.469807863235474,2,target_distance_terminal,truth,0.6821287274360657,0.8407920598983765,0.9537973999977112,0.641910970211029,0.7970718042125872,3.332965753075951,0.44911314323815643,True,0.9537973999977112
12.501950979232788,2,target_distance_terminal,truth,0.7835723757743835,0.9380215406417847,0.9854674339294434,0.36313581466674805,0.7536961454698784,3.382710508090437,0.4752326492225496,True,0.9854674339294434
12.530996799468994,2,target_distance_terminal,truth,0.8479210734367371,0.9893573522567749,0.9788030982017517,0.09303122758865356,0.8403917333624796,3.25166340452009,0.4797552558831303,True,0.9788030982017517
12.569621562957764,2,target_distance_terminal,truth,0.8050355911254883,0.9110957384109497,0.900266170501709,0.009458293206989765,1.00776908624159,2.990388627934877,0.45404763939818593,True,0.900266170501709
12.616745948791504,2,target_distance_terminal,truth,0.7459201812744141,0.8649675846099854,0.4898054599761963,0.019498050212860107,1.1198638941335601,2.809540285049066,0.3621082032350215,False,0.4898054599761963
12.630669593811035,2,target_distance_terminal,truth,0.6998152136802673,0.8348386883735657,0.644171416759491,0.0550244115293026,1.136038007923463,2.776758716552683,0.372635665887141,True,0.644171416759491
12.663546800613403,8,target_distance_terminal,truth,0.7021856307983398,0.8036698698997498,0.4224536120891571,0.0005596792325377464,1.2956348472624317,2.709018278585055,0.6531684587208411,False,0.4224536120891571
12.69835090637207,2,target_distance_terminal,truth,0.6385982632637024,0.7590222358703613,0.183730810880661,0.032349083572626114,1.382881394926523,2.475186079798907,0.4476624366576586,False,0.183730810880661
12.730428218841553,7,target_distance_terminal,truth,0.6643163561820984,0.8450111150741577,0.7575550079345703,0.7575550079345703,1.5428580926483142,2.2736100502734935,0.38530408017929096,True,0.7575550079345703
12.76966118812561,7,target_distance_terminal,truth,0.6675748825073242,0.903300940990448,0.7398051023483276,0.7398051023483276,1.5621785975489333,2.2283764034797313,0.43794568949110074,True,0.7398051023483276
12.801913738250732,7,target_distance_terminal,truth,0.6404707431793213,0.8868011236190796,0.7961691617965698,0.7961691617965698,1.5916233943249025,2.202480406792194,0.49361483995507544,True,0.7961691617965698
12.830765724182129,7,target_distance_terminal,truth,0.7192835211753845,0.9848511219024658,0.9764313697814941,0.9764313697814941,1.566606124851383,2.2387477178135593,0.5515014134718853,True,0.9764313697814941
12.862875699996948,7,target_distance_terminal,truth,0.6947016716003418,0.9088293313980103,0.9893772602081299,0.9893772602081299,1.54317552712602,2.255299360743123,0.5521915349416436,True,0.9893772602081299
12.89794111251831,2,target_distance_terminal,truth,0.7876681685447693,0.9007866382598877,0.9894412755966187,0.006785745732486248,1.6416148068933163,2.1523844463687873,0.6342591727707027,True,0.9894412755966187
12.931792974472046,7,target_distance_terminal,truth,0.7960343956947327,0.9843565225601196,0.9906659722328186,0.9906659722328186,1.7696109744931294,1.9676500466657325,0.5104545848052358,True,0.9906659722328186
12.964309692382812,7,target_distance_terminal,truth,0.7520062923431396,0.9118403196334839,0.982783317565918,0.982783317565918,1.8208222677606647,1.8862431013997034,0.4136044439490309,True,0.982783317565918
12.997694969177246,7,target_distance_terminal,truth,0.6609904766082764,0.8448774814605713,0.9259669780731201,0.9259669780731201,1.8416479348792265,1.8493946862551174,0.43856238310240414,True,0.9259669780731201
13.038522720336914,7,target_distance_terminal,truth,0.7106325030326843,0.877678394317627,0.9442398548126221,0.9442398548126221,1.9112674881294822,1.7509586826268757,0.3988499198635008,True,0.9442398548126221
13.063319444656372,12,target_distance_terminal,truth,0.6857332587242126,1.021510124206543,0.9831473231315613,0.7868496179580688,1.7688793269577319,1.9104770478789543,0.35091147779957793,True,0.9831473231315613
13.102585554122925,12,target_distance_terminal,truth,0.7256017327308655,1.1211891174316406,0.9966802597045898,0.9810929894447327,1.54618630556708,2.1242668973134524,0.3432705345496144,True,0.9966802597045898
13.139178276062012,1,target_distance_terminal,truth,0.6502549052238464,0.8355026841163635,0.9426566362380981,0.00040109697147272527,1.7520121857250213,1.8979684686194915,0.3040706428348587,True,0.9426566362380981
13.162813901901245,2,target_distance_terminal,truth,0.7080590128898621,0.8185200691223145,0.9597365260124207,0.0005013541667722166,1.982516576066551,1.937973626953092,0.9954715252873715,True,0.9597365260124207
13.19675064086914,7,target_distance_terminal,truth,0.7550350427627563,0.9857983589172363,0.9976770281791687,0.9976770281791687,1.9704320123568182,1.8322155558892574,0.7608654519734933,True,0.9976770281791687
13.230520725250244,7,target_distance_terminal,truth,0.6928701996803284,0.9398233890533447,0.9998365640640259,0.9998365640640259,1.7165973875404226,2.1695423095000925,0.8405709619769278,True,0.9998365640640259
13.26917314529419,7,target_distance_terminal,truth,0.8938344120979309,1.186641812324524,0.9997385144233704,0.9997385144233704,1.5771431744687747,2.416403793516681,0.9570536412238867,True,0.9997385144233704
13.296334505081177,7,target_distance_terminal,truth,0.8809480667114258,1.2584407329559326,0.9971415400505066,0.9971415400505066,1.5547282557580473,2.5354331942652886,1.0400932844300346,True,0.9971415400505066
13.323133945465088,10,target_distance_terminal,truth,0.7632097601890564,1.3596978187561035,0.9999061822891235,0.013080691918730736,1.350601585700857,3.082238572052658,1.1864443957512716,True,0.9999061822891235
13.359589338302612,10,target_distance_terminal,truth,0.9847732782363892,1.7275747060775757,0.9998830556869507,0.03426629677414894,1.368707733294013,3.2300416620988104,1.2705821335546856,True,0.9998830556869507
13.392618417739868,10,target_distance_terminal,truth,0.8221780061721802,1.4975069761276245,0.9999152421951294,0.04992838203907013,1.4731508271298783,3.227185516333558,1.371219652220151,True,0.9999152421951294
13.421074151992798,10,target_distance_terminal,truth,0.9343401193618774,1.956360936164856,0.9460029006004333,0.037985704839229584,1.2921824621838096,3.289217417332932,1.1894390447467553,True,0.9460029006004333
13.463438510894775,1,target_distance_terminal,truth,0.8369548320770264,0.9084092378616333,0.9211384654045105,0.00015992276894394308,1.417426357424034,2.4321857218004386,0.3202444950691689,True,0.9211384654045105
13.487874507904053,7,target_distance_terminal,truth,0.7679833769798279,1.0847628116607666,0.9945300221443176,0.9945300221443176,1.502542938569245,2.6017895605636254,0.8440189318099227,True,0.9945300221443176
13.52397894859314,7,target_distance_terminal,truth,0.7366171479225159,1.1039924621582031,0.9389547109603882,0.9389547109603882,1.7923759613613603,2.6449736262540964,1.3007878401494073,True,0.9389547109603882
13.55858588218689,0,target_distance_terminal,truth,0.7280460000038147,0.8843564391136169,0.9946820139884949,1.922615774674341e-05,1.734476216376714,2.2061580917730734,0.3619575403378726,True,0.9946820139884949
13.60079288482666,0,target_distance_terminal,truth,0.8439896702766418,1.0057293176651,0.9976966977119446,3.8048819988034666e-05,1.7197635370349638,2.2474275877030334,0.314722809606635,True,0.9976966977119446
13.621842622756958,0,target_distance_terminal,truth,0.8599933385848999,1.1016610860824585,0.9955649971961975,0.00013355136616155505,1.7684865115411947,2.230561555445098,0.2924142657164657,True,0.9955649971961975
13.661195039749146,0,target_distance_terminal,truth,0.8400433659553528,1.153446912765503,0.9998182654380798,0.0002234257262898609,1.6754362595805838,2.3538485762053476,0.29649826864529993,True,0.9998182654380798
13.693195819854736,0,target_distance_terminal,truth,0.9645951390266418,1.679266333580017,0.9996670484542847,0.0007114028558135033,1.656057679063223,2.412604532003225,0.3012614671501326,True,0.9996670484542847
13.721644878387451,0,target_distance_terminal,truth,0.9832812547683716,1.7135660648345947,0.9996275901794434,0.0022538998164236546,1.7659894103296414,2.3379898299663715,0.29111146719973824,True,0.9996275901794434
13.756752967834473,0,target_distance_terminal,truth,0.9476577043533325,1.4757803678512573,0.9994750618934631,0.0036702065262943506,1.7827293047654966,2.3523059792385785,0.29482856481234776,True,0.9994750618934631
13.78734564781189,0,target_distance_terminal,truth,0.9781728982925415,1.469774603843689,0.9971237778663635,0.009519881568849087,1.7483556870454289,2.429852529961017,0.3100038143990499,True,0.9971237778663635
13.822051763534546,0,target_distance_terminal,truth,0.9963992834091187,1.4005444049835205,0.9807053208351135,0.014202076010406017,1.8534770491676402,2.3623777492689735,0.3021356128583668,True,0.9807053208351135
13.856802463531494,0,target_distance_terminal,truth,1.0135340690612793,1.2506592273712158,0.9108769297599792,0.02350248582661152,1.7129280842000953,2.5386092213619262,0.3056367791566468,True,0.9108769297599792
13.894093990325928,0,target_distance_terminal,truth,0.9151885509490967,0.9786331057548523,0.8438283205032349,0.004108881577849388,1.9024649344239994,2.387676467148931,0.3024453094762441,True,0.8438283205032349
13.923954963684082,0,target_distance_terminal,truth,0.8536927700042725,0.9295304417610168,0.9235196709632874,0.005070374347269535,1.9798770613492662,2.3503381075153302,0.29249887400261176,True,0.9235196709632874
13.955614805221558,0,target_distance_terminal,truth,0.8247250318527222,0.9776079654693604,0.9562533497810364,0.014166990295052528,2.0274517194844566,2.3361053080894996,0.2792963031655857,True,0.9562533497810364
13.989887237548828,0,target_distance_terminal,truth,0.9117915630340576,1.0809954404830933,0.9789683818817139,0.0025986640248447657,1.944669664918492,2.468096942263683,0.30764343454829723,True,0.9789683818817139
14.022356986999512,0,target_distance_terminal,truth,0.9430704116821289,1.056443452835083,0.9956745505332947,0.008300794288516045,2.0870288914874267,2.3782154546528997,0.36559727528494973,True,0.9956745505332947
14.056599617004395,0,target_distance_terminal,truth,1.075944423675537,1.2279411554336548,0.9980435371398926,0.013781560584902763,2.0718638579694724,2.4385487221032824,0.40004651094259813,True,0.9980435371398926
14.09044623374939,0,target_distance_terminal,truth,0.8740726113319397,0.9742894768714905,0.9993321299552917,0.005795488599687815,2.3477630926812467,2.1982415730100686,0.3653792830293868,True,0.9993321299552917
14.126047372817993,0,target_distance_terminal,truth,0.9011496305465698,1.0089526176452637,0.9998456239700317,0.009803209453821182,2.4104725287446525,2.17622217328378,0.3705401814214172,True,0.9998456239700317
14.154684066772461,0,target_distance_terminal,truth,0.8892308473587036,0.9531848430633545,0.9985793828964233,0.002762526972219348,2.3559465073203736,2.288049174918313,0.39028236942331535,True,0.9985793828964233
14.18790602684021,0,target_distance_terminal,truth,0.9801414012908936,1.0321309566497803,0.9995930790901184,0.005838371813297272,2.409797415673243,2.2764752400200576,0.4013684931455628,True,0.9995930790901184
14.225789308547974,0,target_distance_terminal,truth,0.9814701080322266,1.0159399509429932,0.9994269609451294,0.005608698818832636,2.464852297352375,2.2645096291900155,0.41311463022925765,True,0.9994269609451294
14.257283210754395,0,target_distance_terminal,truth,1.0889875888824463,1.1466236114501953,0.9996261596679688,0.003100460162386298,2.5398276771359845,2.2358289861248237,0.4065690042938699,True,0.9996261596679688
14.288300037384033,0,target_distance_terminal,truth,0.9965239763259888,1.0486551523208618,0.9992251396179199,0.006404052022844553,2.4996705075510586,2.3275159800499545,0.4201838644104196,True,0.9992251396179199
14.322659730911255,0,target_distance_terminal,truth,1.0091571807861328,1.0896433591842651,0.9984266757965088,0.011762745678424835,2.4477722112040325,2.431866710321187,0.4353067810519969,True,0.9984266757965088
14.360620975494385,0,target_distance_terminal,truth,1.0166471004486084,1.1551529169082642,0.9991284012794495,0.003138879546895623,2.378711392305313,2.5497279273390316,0.45646693864392734,True,0.9991284012794495
14.388586282730103,0,target_distance_terminal,truth,1.0059674978256226,1.1209813356399536,0.9998968839645386,0.004323677625507116,2.5131090450705043,2.4583723062869667,0.43389410136910656,True,0.9998968839645386
14.424695014953613,0,target_distance_terminal,truth,0.9169527888298035,0.9353575706481934,0.9994852542877197,0.005222364328801632,2.586368614649927,2.430320240495575,0.41377527022914484,True,0.9994852542877197
14.457559585571289,0,target_distance_terminal,truth,0.8980630040168762,0.9353452324867249,0.9996364116668701,0.019656028598546982,2.4663717421187275,2.596815445489966,0.41767018587753246,True,0.9996364116668701
14.495253324508667,6,target_distance_terminal,truth,0.878045380115509,1.3511618375778198,0.9993877410888672,0.999103844165802,2.3901830518494642,2.9033128208256684,1.0055028361313294,True,0.9993877410888672
14.521117925643921,5,target_distance_terminal,truth,0.9653733968734741,1.2489452362060547,0.9996174573898315,0.002010882832109928,2.364494975716399,2.815291436830969,0.4974833569905882,True,0.9996174573898315
14.55748438835144,0,target_distance_terminal,truth,0.8621355891227722,0.9263706803321838,0.9998379945755005,0.0029749535024166107,2.438688073946767,2.751119520945493,0.30512897917495485,True,0.9998379945755005
14.596112728118896,0,target_distance_terminal,truth,0.9483944177627563,1.0355371236801147,0.9989262223243713,0.007044947240501642,2.407584464106347,2.830778250800237,0.3421294813165967,True,0.9989262223243713
14.622530937194824,0,target_distance_terminal,truth,1.1446208953857422,1.2871137857437134,0.992379903793335,0.0036547831259667873,2.4308141886504875,2.868240219939102,0.3846396596773018,True,0.992379903793335
14.65626049041748,0,target_distance_terminal,truth,1.3355518579483032,1.4781278371810913,0.9950946569442749,0.00879960972815752,2.4024309240097645,2.942209184684979,0.40406732725800293,True,0.9950946569442749
14.698184490203857,0,target_distance_terminal,truth,1.3205246925354004,1.3851555585861206,0.9898479580879211,0.002564026042819023,2.4673848594323324,2.9154273772489914,0.39411854202517765,True,0.9898479580879211
14.721275329589844,0,target_distance_terminal,truth,1.2333076000213623,1.2333076000213623,0.9992963075637817,0.007184911519289017,2.4876249448339034,2.939751747474244,0.3399063546427247,True,0.9992963075637817
14.759416818618774,0,target_distance_terminal,truth,1.1351639032363892,1.1429946422576904,0.999842643737793,0.013021385297179222,2.29629424919693,3.165724772704903,0.2992777774856694,True,0.999842643737793
14.7916738986969,0,target_distance_terminal,truth,0.8255690336227417,0.8255690336227417,0.9999357461929321,0.017123982310295105,2.3891109914315054,3.1201582922408266,0.3282734497218622,True,0.9999357461929321
14.82261872291565,5,target_distance_terminal,truth,0.8724707365036011,1.1481150388717651,0.9998939037322998,0.8672976493835449,2.5065749598123532,3.0611763410771076,0.43502480987741865,True,0.9998939037322998
14.857820987701416,0,target_distance_terminal,truth,0.7435041666030884,0.8249994516372681,0.9996767044067383,0.018875429406762123,2.6380353013796216,2.951224374590731,0.36920872329237825,True,0.9996767044067383
14.889616966247559,0,target_distance_terminal,truth,0.7826850414276123,0.9067867398262024,0.9961282014846802,0.004421282093971968,2.8520430772195784,2.772478305865175,0.34334028463518357,True,0.9961282014846802
14.923702955245972,6,target_distance_terminal,truth,0.7025593519210815,1.0324630737304688,0.9992548823356628,0.9992548823356628,2.89778091028824,2.9877154002868203,1.1605320148975837,True,0.9992548823356628
14.964758157730103,6,target_distance_terminal,truth,0.6868351101875305,0.9918242692947388,0.9993769526481628,0.9993769526481628,2.868224351182533,3.0287106710413365,1.1152274737056502,True,0.9993769526481628
14.99381971359253,6,target_distance_terminal,truth,0.7168264985084534,1.0737154483795166,0.9998817443847656,0.9998817443847656,2.4219011129115606,3.44056876258373,0.8523133423407897,True,0.9998817443847656
15.036762714385986,6,target_distance_terminal,truth,0.7385338544845581,0.9769775867462158,0.9999569654464722,0.9999569654464722,1.9172272532937933,3.898718549912415,0.5251589251642428,True,0.9999569654464722
15.060343503952026,6,target_distance_terminal,truth,0.8119267821311951,1.0885710716247559,0.9999924898147583,0.9999924898147583,1.8321491438646222,3.972762370276868,0.37727540534226833,True,0.9999924898147583
15.089833498001099,6,target_distance_terminal,truth,0.7648563385009766,1.0853018760681152,0.9999923706054688,0.9999923706054688,1.8649197773977726,4.028084097401859,0.5871202302529415,True,0.9999923706054688
15.12527847290039,6,target_distance_terminal,truth,0.8532519340515137,1.247601866722107,0.9999934434890747,0.9999934434890747,1.7104370684026857,4.205426418756416,0.5361395133968881,True,0.9999934434890747
15.162166357040405,6,target_distance_terminal,truth,0.7831406593322754,1.176100730895996,0.9999969005584717,0.9999969005584717,1.8094952993789757,4.085835950062361,0.4108348382894862,True,0.9999969005584717
15.194842338562012,6,target_distance_terminal,truth,0.643966555595398,0.9786077737808228,0.9999985694885254,0.9999985694885254,1.532139524671792,4.39148859622038,0.37469380880399317,True,0.9999985694885254
15.228632926940918,6,target_distance_terminal,truth,0.6779040098190308,0.9174665212631226,0.9999818801879883,0.9999818801879883,1.658513907665123,4.274277383230878,0.36486698740061163,True,0.9999818801879883
15.257750272750854,6,target_distance_terminal,truth,0.694537341594696,0.9191350936889648,0.9999746084213257,0.9999746084213257,1.645603420728459,4.3160618820443135,0.373986599100385,True,0.9999746084213257
15.294723987579346,6,target_distance_terminal,truth,0.8349920511245728,0.9990962743759155,0.9999951124191284,0.9999951124191284,1.5839707016620497,4.422429523400812,0.4405618827246596,True,0.9999951124191284
15.330081701278687,6,target_distance_terminal,truth,0.7953400015830994,0.9541424512863159,0.9999423027038574,0.9999423027038574,1.9437477226579765,4.045567302422476,0.3694481299126072,True,0.9999423027038574
15.362749576568604,6,target_distance_terminal,truth,0.7719933390617371,0.9713736176490784,0.9997122883796692,0.9997122883796692,2.360701919146969,3.643512486558587,0.3613819018532081,True,0.9997122883796692
15.400533199310303,1,target_distance_terminal,truth,0.7194903492927551,0.821444034576416,0.9757704734802246,0.8472374081611633,2.9808490808265597,3.0290794104029497,0.4031967360096296,True,0.9757704734802246
15.435405731201172,1,target_distance_terminal,truth,0.6659078001976013,0.7532160878181458,0.9769747257232666,0.8165135383605957,2.839951889238506,3.1629372239739646,0.3057741009676845,True,0.9769747257232666
15.463215351104736,1,target_distance_terminal,truth,0.6459724307060242,0.7216572761535645,0.946608304977417,0.6275399923324585,2.883870232538519,3.1730563320714804,0.45838132440493595,True,0.946608304977417
15.49754023551941,1,target_distance_terminal,truth,0.621907651424408,0.6722344160079956,0.9879282116889954,0.9407041668891907,2.5464128957109398,3.5936228997847763,0.7701656119263033,True,0.9879282116889954
15.534987211227417,1,target_distance_terminal,truth,0.5800649523735046,0.6963035464286804,0.9976503252983093,0.9976503252983093,2.15601737787572,4.069187042828287,0.8826924572288959,True,0.9976503252983093
15.580757856369019,1,target_distance_terminal,truth,0.5760945677757263,0.6940171718597412,0.9958158135414124,0.9958158135414124,2.1558895805278677,4.087173319196656,0.8902632443075339,True,0.9958158135414124
15.603519916534424,1,target_distance_terminal,truth,0.7197274565696716,0.8531101942062378,0.9998257756233215,0.9963723421096802,2.3257350272619157,4.047358928920276,1.18834372397246,True,0.9998257756233215
15.638152122497559,6,target_distance_terminal,truth,0.6784000396728516,0.887705385684967,0.9999878406524658,0.9999878406524658,2.2855917862317967,3.944449904559777,0.9078383463081066,True,0.9999878406524658
15.67210340499878,1,target_distance_terminal,truth,0.7885289192199707,0.9215097427368164,0.9997178912162781,0.9218477606773376,2.5913937952327024,3.748658792450751,1.1854058433023638,True,0.9997178912162781
15.698376893997192,1,target_distance_terminal,truth,0.7171962261199951,0.7510564923286438,0.9982466697692871,0.2493748813867569,2.415071785753371,4.06348623747732,1.3550578447755133,True,0.9982466697692871
15.731627225875854,1,target_distance_terminal,truth,0.7197641730308533,0.7844260931015015,0.9973709583282471,0.42426207661628723,2.266854365639436,4.398316073008509,1.528545395257501,True,0.9973709583282471
15.769720792770386,1,target_distance_terminal,truth,0.8419400453567505,0.9124791026115417,0.9984015822410583,0.14626875519752502,2.265569275652886,4.606914986387154,1.736207621283166,True,0.9984015822410583
15.802902221679688,6,target_distance_terminal,truth,0.699062705039978,0.7779841423034668,0.9960491061210632,0.9960491061210632,2.0262681827809708,4.68204038007545,1.4744895030355352,True,0.9960491061210632
15.837010145187378,6,target_distance_terminal,truth,0.6199043989181519,0.8042984008789062,0.9998388290405273,0.9998388290405273,1.7052582750591072,4.679580742943875,1.0005868818998738,True,0.9998388290405273
15.86596131324768,7,target_distance_terminal,truth,0.6639323234558105,1.0185225009918213,0.9999696016311646,0.9998816251754761,1.639810725135951,4.778874871814445,1.0147466374639311,True,0.9999696016311646
15.899121046066284,7,target_distance_terminal,truth,0.8754750490188599,1.2676856517791748,0.9999610185623169,0.9997327923774719,1.7135457675429584,4.741308543700016,1.0789490545521527,True,0.9999610185623169
15.933070659637451,7,target_distance_terminal,truth,0.993319034576416,1.3909813165664673,0.9997894167900085,0.9997894167900085,1.709750750015006,4.9912243481351775,1.319532144939598,True,0.9997894167900085
15.965855121612549,6,target_distance_terminal,truth,1.0093659162521362,1.1242247819900513,0.99985671043396,0.99985671043396,1.743706083845354,4.9636893470246966,1.3529757420314508,True,0.99985671043396
16.006016731262207,3,target_distance_terminal,truth,1.3491687774658203,1.7368913888931274,0.9959152340888977,0.9857653975486755,1.660204415512516,4.482429910729704,0.5529063824426995,True,0.9959152340888977
16.036391258239746,3,target_distance_terminal,truth,1.325289011001587,1.6375243663787842,0.9996713399887085,0.9996713399887085,1.3218322146056865,4.923586704156864,0.6808168621824412,True,0.9996713399887085
16.06653642654419,3,target_distance_terminal,truth,1.1385046243667603,1.36751389503479,0.9993454813957214,0.9955669045448303,1.4243476397291133,4.878379296556172,0.8028813179191084,True,0.9993454813957214
16.098862171173096,3,target_distance_terminal,truth,1.4302362203598022,1.6424853801727295,0.9994930028915405,0.9317595362663269,1.3265806236171895,5.2149951347190795,1.0248060364330152,True,0.9994930028915405
16.14361310005188,4,target_distance_terminal,truth,1.4624232053756714,2.8690297603607178,0.9981929659843445,0.007661212235689163,1.2679856703528862,4.869023089276588,0.49193184064761303,True,0.9981929659843445
16.165781497955322,9,target_distance_terminal,truth,2.608222484588623,3.6063454151153564,0.9982917904853821,0.8495944738388062,1.1807223052265008,5.118143004116783,0.7348266645588329,True,0.9982917904853821
16.198120832443237,7,target_distance_terminal,truth,1.4587311744689941,1.7370043992996216,0.9992235898971558,0.9992235898971558,1.2650368460645331,5.5059731407193055,1.1471426601675727,True,0.9992235898971558
16.235474824905396,7,target_distance_terminal,truth,1.159541368484497,1.5044186115264893,0.9997463822364807,0.9997463822364807,1.4836564303027409,5.3297409432329745,1.3148015771300212,True,0.9997463822364807
16.272196531295776,7,target_distance_terminal,truth,1.2090641260147095,1.308061122894287,0.9999282360076904,0.9999282360076904,1.496917854733642,5.360017420678103,1.3453103669679374,True,0.9999282360076904
16.29812240600586,7,target_distance_terminal,truth,0.9064397215843201,1.134683609008789,0.9999222755432129,0.9999222755432129,1.5134260928816823,5.286652080489861,1.3236027997838629,True,0.9999222755432129
16.332670211791992,9,target_distance_terminal,truth,0.8920917510986328,1.494194507598877,0.998054027557373,0.03624311089515686,1.0722435962641652,5.038629549404029,0.4474351775602375,True,0.998054027557373
16.372605323791504,8,target_distance_terminal,truth,0.7993412613868713,1.165582537651062,0.9990680813789368,0.9779336452484131,1.5071682404352627,5.093496198010507,1.2136637683128462,True,0.9990680813789368
16.40064525604248,8,target_distance_terminal,truth,0.7473735213279724,1.077052354812622,0.9838274717330933,0.8883860111236572,1.5762719405369081,5.097530379711087,1.301474132328419,True,0.9838274717330933
16.438685417175293,4,target_distance_terminal,truth,0.8863860368728638,1.0973002910614014,0.9987284541130066,0.0020229278597980738,1.5777048832381328,4.4291717054981445,0.40120160362706075,True,0.9987284541130066
16.46748399734497,4,target_distance_terminal,truth,0.9786015748977661,1.2026067972183228,0.9989567995071411,0.14719851315021515,1.0874327835096373,4.961480495491394,0.44254035385565677,True,0.9989567995071411
16.500088214874268,4,target_distance_terminal,truth,1.5381189584732056,1.8280833959579468,0.9619202017784119,0.391856849193573,0.6412150257922745,5.5295930894750525,0.49010876121077784,True,0.9619202017784119
16.532578945159912,9,target_distance_terminal,truth,1.5917726755142212,1.6917212009429932,0.9939170479774475,0.0010863293427973986,0.7290482129762266,5.3744589692240705,0.4650270196704028,True,0.9939170479774475
16.566243886947632,4,target_distance_terminal,truth,1.253251075744629,1.2855734825134277,0.9799708127975464,0.12941455841064453,0.8879510563151437,5.146386976696287,0.4641838929555476,True,0.9799708127975464
16.602355241775513,9,target_distance_terminal,truth,0.9619331955909729,1.1843808889389038,0.9985326528549194,0.02456767112016678,1.7773954438760315,4.154677472096066,0.36206075906768986,True,0.9985326528549194
16.631635904312134,7,target_distance_terminal,truth,0.799260675907135,1.0945532321929932,0.9945386052131653,0.9537177681922913,2.188578593469417,4.675089746271981,1.8232282178896881,True,0.9945386052131653
16.6666316986084,7,target_distance_terminal,truth,0.7871077060699463,0.9632853269577026,0.9688434600830078,0.7183094620704651,2.2250546078930395,4.601376312705159,1.8414309821050154,True,0.9688434600830078
16.69977641105652,3,target_distance_terminal,truth,0.7941012382507324,0.8389960527420044,0.9698740839958191,0.9673316478729248,2.0723609023347365,4.072876563739806,1.082974283694195,True,0.9698740839958191
16.736639738082886,7,target_distance_terminal,truth,1.1607210636138916,1.3010833263397217,0.9436385631561279,0.09085458517074585,2.3404808707242974,4.6247417209387285,2.02251734091876,True,0.9436385631561279
16.765199184417725,3,target_distance_terminal,truth,1.816932201385498,1.967559814453125,0.9526451230049133,0.8483343124389648,2.2931345808227674,3.917530994922895,1.2841891505982042,True,0.9526451230049133
16.806214809417725,8,target_distance_terminal,truth,0.8614342212677002,1.2367748022079468,0.9550625085830688,0.9550625085830688,2.5293290512377133,3.54767633325189,1.2398044637429968,True,0.9550625085830688
16.830634593963623,9,target_distance_terminal,truth,0.7401654124259949,1.225817084312439,0.8360796570777893,0.054571740329265594,2.3556738271983444,3.436374043866627,0.30100590222071627,True,0.8360796570777893
16.868751049041748,9,target_distance_terminal,truth,0.858027994632721,1.158921718597412,0.5362448692321777,0.10707610845565796,1.9038295917687078,3.853714972384398,0.33896467037011263,True,0.5362448692321777
16.901158332824707,8,target_distance_terminal,truth,0.7637087106704712,1.1060932874679565,0.8941525220870972,0.5728034973144531,2.1549479998088046,4.040230229710157,1.3567553983422134,True,0.8941525220870972
16.932746648788452,8,target_distance_terminal,truth,0.8829745054244995,1.2704956531524658,0.8008462190628052,0.8008462190628052,2.3470741511152435,3.7143903173312265,1.2483903486096766,True,0.8008462190628052
16.966296195983887,8,target_distance_terminal,truth,0.9888864159584045,1.2045358419418335,0.9705528616905212,0.9705528616905212,2.2122263012472727,3.856578809127059,1.2760808211803392,True,0.9705528616905212
16.99844479560852,8,target_distance_terminal,truth,0.8833363652229309,1.1341325044631958,0.9926913380622864,0.9926913380622864,2.0696455883044194,3.944278989762677,1.169224650253985,True,0.9926913380622864
17.03145718574524,8,target_distance_terminal,truth,1.0483267307281494,1.1457023620605469,0.7123628854751587,0.7123628854751587,2.406466475728228,3.4166948787737557,0.9186738598826611,True,0.7123628854751587
17.072773933410645,8,target_distance_terminal,truth,0.7462574243545532,1.046308159828186,0.6969308257102966,0.6969308257102966,2.295891699316634,3.6285519401307478,1.1677962955832921,True,0.6969308257102966
17.100669860839844,8,target_distance_terminal,truth,0.6971610188484192,1.0351295471191406,0.9808562397956848,0.9808562397956848,1.9475758333626552,4.097226258038077,1.2436924577256865,True,0.9808562397956848
17.13104224205017,8,target_distance_terminal,truth,0.6828758716583252,1.0179367065429688,0.9941036105155945,0.9941036105155945,2.0214701511644915,3.8830117392656613,1.0864296058357954,True,0.9941036105155945
17.166318893432617,8,target_distance_terminal,truth,0.6454874873161316,0.937333345413208,0.9977999329566956,0.9977999329566956,2.060713921647744,3.877448472240819,1.1947375842352528,True,0.9977999329566956
17.203755617141724,8,target_distance_terminal,truth,0.7792118787765503,1.0644445419311523,0.9982311129570007,0.9982311129570007,2.0388731156827293,3.783872457372641,1.0173015553503328,True,0.9982311129570007
17.23292374610901,8,target_distance_terminal,truth,0.8388177156448364,1.1238957643508911,0.9982390403747559,0.9982390403747559,1.962838874576948,3.930973301739727,1.111015698031351,True,0.9982390403747559
17.27677631378174,8,target_distance_terminal,truth,0.9547508358955383,1.2013827562332153,0.9937246441841125,0.9937246441841125,2.0282181333390668,3.776420249349933,0.9961411205348717,True,0.9937246441841125
17.301262140274048,8,target_distance_terminal,truth,0.9179503321647644,1.2272212505340576,0.9993807077407837,0.9993807077407837,1.7697117373425768,3.9743527822610396,0.8634527201224937,True,0.9993807077407837
17.33056902885437,8,target_distance_terminal,truth,0.7975649237632751,1.1235827207565308,0.9998977184295654,0.9998977184295654,1.7888275596607612,3.954770069640412,0.8679260311704508,True,0.9998977184295654
17.367883682250977,8,target_distance_terminal,truth,0.7720935940742493,1.1628823280334473,0.9999146461486816,0.9999146461486816,1.8061247661463589,3.9521060184908916,0.9325694164396965,True,0.9999146461486816
17.397562980651855,8,target_distance_terminal,truth,0.8982863426208496,1.1369060277938843,0.9924724102020264,0.9924724102020264,2.166650012698675,3.518444585364768,0.8725837877286235,True,0.9924724102020264
17.438511848449707,8,target_distance_terminal,truth,0.9015005826950073,1.147402048110962,0.9986152648925781,0.9986152648925781,2.0694844891827127,3.6008270911820426,0.8551627099201565,True,0.9986152648925781
17.467792510986328,8,target_distance_terminal,truth,0.9676865339279175,1.1860519647598267,0.9965493679046631,0.9965493679046631,1.9433938531837252,3.7432979595451696,0.8433642005246057,True,0.9965493679046631
17.497400045394897,8,target_distance_terminal,truth,0.90911865234375,1.0988878011703491,0.9976485371589661,0.9976485371589661,2.0166508016760116,3.6231404297689713,0.7455394232820682,True,0.9976485371589661
17.533418655395508,8,target_distance_terminal,truth,0.8831073641777039,1.1324279308319092,0.9960675239562988,0.9960675239562988,2.1481693982142893,3.5397495921743802,0.869373439750755,True,0.9960675239562988
17.562646627426147,8,target_distance_terminal,truth,0.8198757767677307,1.1106839179992676,0.9993013143539429,0.9993013143539429,2.106846034112502,3.5629582760084855,0.7993773726588493,True,0.9993013143539429
17.601897716522217,8,target_distance_terminal,truth,0.8213452100753784,1.0422474145889282,0.9994396567344666,0.9994396567344666,1.9813897327778804,3.667727824836938,0.7469892507338816,True,0.9994396567344666
17.639127254486084,8,target_distance_terminal,truth,0.9422026872634888,1.1143133640289307,0.9995972514152527,0.9995972514152527,1.948565399555812,3.686707238482848,0.7259099274712116,True,0.9995972514152527
17.66529083251953,8,target_distance_terminal,truth,0.7524392008781433,0.990815281867981,0.9999229907989502,0.9999229907989502,1.8586192908981354,3.777914044627977,0.6832054675774196,True,0.9999229907989502
17.699503421783447,8,target_distance_terminal,truth,0.7231695652008057,0.9192085862159729,0.9997251629829407,0.9997251629829407,2.278547658030996,3.283258999404826,0.44601914471876203,True,0.9997251629829407
17.731047868728638,8,target_distance_terminal,truth,0.6611424088478088,0.826962947845459,0.9999649524688721,0.9999649524688721,2.0692649764078754,3.4909997957076704,0.3524240839717922,True,0.9999649524688721
17.764631986618042,8,target_distance_terminal,truth,0.636673092842102,0.808148980140686,0.9999696016311646,0.9999696016311646,2.21653699112313,3.348459380163963,0.31214400833117534,True,0.9999696016311646
17.79695177078247,8,target_distance_terminal,truth,0.7262008190155029,0.8994724154472351,0.9999892711639404,0.9999892711639404,2.097976737961419,3.4898421222876355,0.4478211212969042,True,0.9999892711639404
17.829416036605835,8,target_distance_terminal,truth,0.795377790927887,0.9948235750198364,0.9999986886978149,0.9999986886978149,1.9571020888367703,3.6436826381367653,0.427929911850741,True,0.9999986886978149
17.86597967147827,8,target_distance_terminal,truth,0.821987509727478,1.0281801223754883,0.9999972581863403,0.9999972581863403,2.184811528374757,3.3878234647149723,0.30428610990591226,True,0.9999972581863403
17.896872520446777,8,target_distance_terminal,truth,0.964637279510498,1.127866506576538,0.9999970197677612,0.9999970197677612,1.9881175403135092,3.606030388868888,0.3319565167037827,True,0.9999970197677612
17.930845022201538,8,target_distance_terminal,truth,1.191347599029541,1.362699270248413,0.9999979734420776,0.9999979734420776,1.986421711301991,3.62430163676527,0.33930849423369663,True,0.9999979734420776
17.969169855117798,8,target_distance_terminal,truth,1.3517801761627197,1.384689211845398,0.9999974966049194,0.9999974966049194,1.8156416697675095,3.799310411405874,0.3478957875668474,True,0.9999974966049194
17.996583223342896,8,target_distance_terminal,truth,1.031921625137329,1.1640610694885254,0.999998927116394,0.999998927116394,1.8771774090585742,3.7514039653629143,0.33961798422071954,True,0.999998927116394
18.028738498687744,8,target_distance_terminal,truth,1.0677672624588013,1.2529006004333496,0.9999884366989136,0.9999884366989136,2.6362760094252695,2.99307104645331,0.2805949641969448,True,0.9999884366989136
18.055712699890137,3,target_distance_terminal,truth,1.176021933555603,1.483695149421692,0.9998773336410522,0.9951446652412415,3.176661505426396,2.4927374199079826,0.48844649997229234,True,0.9998773336410522
18.091821432113647,3,target_distance_terminal,truth,1.5661834478378296,1.7053724527359009,0.9998158812522888,0.963374137878418,3.33649333835472,2.3632676595352504,0.5778825152039726,True,0.9998158812522888
18.132768392562866,3,target_distance_terminal,truth,2.350123405456543,2.6370978355407715,0.9999301433563232,0.9875697493553162,3.370785600560406,2.3245879989694624,0.43249936701637887,True,0.9999301433563232
18.157264471054077,2,target_distance_terminal,truth,2.0497424602508545,2.289824962615967,0.9998195767402649,0.0011429758742451668,3.525990638474373,2.1555800267392806,0.2686170577645444,True,0.9998195767402649
18.19303607940674,2,target_distance_terminal,truth,2.1287546157836914,2.534165382385254,0.9954380393028259,0.0006464389152824879,3.460398908105861,2.246376441342635,0.33177442095890386,True,0.9954380393028259
18.227898597717285,7,target_distance_terminal,truth,2.556807041168213,3.163024425506592,0.9065349102020264,0.36468613147735596,3.0574254125355096,2.660601817275487,0.36013307739456757,True,0.9065349102020264
18.255128860473633,7,target_distance_terminal,truth,2.119924306869507,2.822692632675171,0.9944446682929993,0.6535801291465759,3.3945618629185828,2.344368827538269,0.21521338205261603,True,0.9944446682929993
18.287983417510986,7,target_distance_terminal,truth,2.3147521018981934,2.6457557678222656,0.9957031607627869,0.8203133344650269,2.948884289791025,2.8014265856000207,0.2447445976519862,True,0.9957031607627869
18.33060073852539,7,target_distance_terminal,truth,1.3549561500549316,2.431387424468994,0.995307981967926,0.9543081521987915,2.903798559856415,2.858192373525757,0.2696179972221603,True,0.995307981967926
18.355104207992554,7,target_distance_terminal,truth,1.4975669384002686,2.753065824508667,0.9960663914680481,0.9425140619277954,2.8774862232295235,2.928529311229702,0.33556956134382415,True,0.9960663914680481
18.39173173904419,7,target_distance_terminal,truth,1.8772143125534058,3.099212408065796,0.9951398372650146,0.8777177333831787,2.6901511149378576,3.139212324816955,0.41335406842823375,True,0.9951398372650146
18.42288041114807,7,target_distance_terminal,truth,1.2814123630523682,2.0087954998016357,0.9934836030006409,0.880127489566803,2.9880475775869773,2.8857733570180146,0.5525345938136059,True,0.9934836030006409
18.45846199989319,7,target_distance_terminal,truth,1.610089898109436,2.311631202697754,0.9932594895362854,0.6639767289161682,2.0919725709415444,3.8486289761454815,0.6561838573564348,True,0.9932594895362854
18.48720908164978,2,target_distance_terminal,truth,1.3649643659591675,1.6654386520385742,0.9997393488883972,0.9997393488883972,2.4043780009965903,3.4779748515097233,0.318109582393477,True,0.9997393488883972
18.52239441871643,2,target_distance_terminal,truth,1.2439130544662476,1.5813424587249756,0.9996188879013062,0.9996188879013062,2.2447888438840415,3.664937500312882,0.311866384920935,True,0.9996188879013062
18.558703660964966,7,target_distance_terminal,truth,1.0814281702041626,1.1158013343811035,0.9996498823165894,0.9996498823165894,1.9839328814318744,3.9971623133131184,0.5514035754616988,True,0.9996498823165894
18.588163137435913,0,target_distance_terminal,truth,1.1903502941131592,1.8013415336608887,0.9842700958251953,0.00015137658920139074,2.3771296162143645,3.6637697568300958,0.7155001195970373,True,0.9842700958251953
18.619577169418335,6,target_distance_terminal,truth,1.2742528915405273,2.130436897277832,0.999693751335144,0.5709508061408997,2.481605971975679,3.703316361153205,1.035114268209023,True,0.999693751335144
18.66783380508423,6,target_distance_terminal,truth,1.0399739742279053,1.6614265441894531,0.9998469352722168,0.8310915231704712,2.3234767947480965,3.858158528718953,0.9840523702889068,True,0.9998469352722168
18.69739294052124,2,target_distance_terminal,truth,0.9764395952224731,1.389428973197937,0.9998922348022461,0.9996353387832642,2.8892186775540156,3.1162537772201135,0.284132430404849,True,0.9998922348022461
18.72854208946228,1,target_distance_terminal,truth,0.9328863620758057,1.6095807552337646,0.9998830556869507,0.9983901977539062,2.9920411675183196,3.097652726333606,0.6419347234931995,True,0.9998830556869507
18.76881170272827,1,target_distance_terminal,truth,0.9827646017074585,1.5267233848571777,0.9997881054878235,0.9954965114593506,2.9945197838178843,3.1004383677078575,0.4520662999806734,True,0.9997881054878235
18.78872513771057,1,target_distance_terminal,truth,1.3672205209732056,2.186328411102295,0.9987210631370544,0.9501978754997253,2.972396500232746,3.123832657855859,0.3391742267623078,True,0.9987210631370544
18.8197078704834,2,target_distance_terminal,truth,1.1194519996643066,1.4669806957244873,0.9994516968727112,0.9994516968727112,3.0618114162235655,3.057705351532599,0.29916771121495056,True,0.9994516968727112
18.857820987701416,1,target_distance_terminal,truth,1.3177129030227661,1.908233404159546,0.9786480665206909,0.8782232999801636,3.094867273828696,3.080766941372247,0.5829489926201202,True,0.9786480665206909
18.88707661628723,1,target_distance_terminal,truth,1.3246909379959106,1.7560220956802368,0.9714385867118835,0.42389264702796936,3.3386031863296544,2.8441447063189287,0.482240875483243,True,0.9714385867118835
18.926467418670654,1,target_distance_terminal,truth,1.1770610809326172,1.7181777954101562,0.9928754568099976,0.5054019093513489,3.396631647718392,2.797544523323457,0.4648475057346598,True,0.9928754568099976
18.954318046569824,7,target_distance_terminal,truth,1.1950241327285767,2.004938840866089,0.9996337890625,0.9996337890625,3.3513503460436596,2.861524122571801,0.2715263777720158,True,0.9996337890625
18.990111827850342,2,target_distance_terminal,truth,1.1655478477478027,1.4495757818222046,0.9993233680725098,0.9693237543106079,3.4990259296399615,2.7261881895304,0.26292392386627383,True,0.9993233680725098
19.020442247390747,1,target_distance_terminal,truth,1.1418240070343018,1.8376262187957764,0.9994825124740601,0.9236076474189758,3.8703122132181886,2.3777605434811817,0.230309803600261,True,0.9994825124740601
19.05321216583252,2,target_distance_terminal,truth,0.9683129787445068,1.291617751121521,0.999572217464447,0.9761882424354553,3.7861674527364233,2.487675462402021,0.23322040195847765,True,0.999572217464447
19.08955478668213,1,target_distance_terminal,truth,0.8455596566200256,1.4473721981048584,0.9998736381530762,0.9818394184112549,3.822727993080953,2.4605928183689105,0.2006776183483363,True,0.9998736381530762
19.12966537475586,1,target_distance_terminal,truth,0.8710501790046692,1.4318511486053467,0.999863862991333,0.9753143191337585,4.040163368654587,2.2563112324210306,0.25032122403757556,True,0.999863862991333
19.153892517089844,1,target_distance_terminal,truth,0.8601630330085754,1.6449493169784546,0.9973441958427429,0.9765558838844299,4.080055773772778,2.271731526283304,0.45309029603398515,True,0.9973441958427429
19.196749687194824,1,target_distance_terminal,truth,0.8651800751686096,1.5133217573165894,0.9974467754364014,0.9694461822509766,4.265732542095312,2.104242519140023,0.5348080991506844,True,0.9974467754364014
19.220258235931396,2,target_distance_terminal,truth,0.9356500506401062,1.2672584056854248,0.9983232617378235,0.9983232617378235,4.174033264311455,2.218693778810307,0.5232336275859132,True,0.9983232617378235
19.25661563873291,2,target_distance_terminal,truth,1.1017473936080933,1.4553883075714111,0.9995754361152649,0.9975531697273254,3.680058185261369,2.7575392514058192,0.6983138020052576,True,0.9995754361152649
19.289554119110107,2,target_distance_terminal,truth,1.7520079612731934,2.725830316543579,0.9996342658996582,0.9506549835205078,3.578728561149892,2.915488228232975,0.8385060047724683,True,0.9996342658996582
19.320366144180298,7,target_distance_terminal,truth,1.402430772781372,2.0324881076812744,0.9997668862342834,0.9997668862342834,3.4652851636635424,2.984527933488319,0.46091884988622545,True,0.9997668862342834
19.354077339172363,7,target_distance_terminal,truth,1.957892656326294,2.8135077953338623,0.9995054006576538,0.9939708709716797,3.3638932971858053,3.1375463421991245,0.6180515423052236,True,0.9995054006576538
19.388569593429565,8,target_distance_terminal,truth,3.340451717376709,3.340451717376709,0.9998809099197388,0.9998809099197388,1.9844411087653708,4.513077701514362,0.3981919635148012,True,0.9998809099197388
19.424197912216187,8,target_distance_terminal,truth,2.061040163040161,2.4723167419433594,0.9999969005584717,0.9999969005584717,1.8685100362961062,4.672104942941101,0.45518400009870463,True,0.9999969005584717
19.459983587265015,8,target_distance_terminal,truth,1.943164587020874,2.5142807960510254,0.9999998807907104,0.9999998807907104,2.4181672319302367,4.121464051881489,0.4364399828308836,True,0.9999998807907104
19.488399744033813,3,target_distance_terminal,truth,1.2612890005111694,1.5840206146240234,0.9999982118606567,0.9999889135360718,3.1937267863678063,3.376396091671374,0.5119784900165797,True,0.9999982118606567
19.524041652679443,3,target_distance_terminal,truth,1.1365654468536377,1.7144677639007568,0.9999929666519165,0.9999686479568481,3.838951131584556,2.7463994051425016,0.45597315627024537,True,0.9999929666519165
19.562782287597656,3,target_distance_terminal,truth,1.0704269409179688,1.7207081317901611,0.9999964237213135,0.9999964237213135,2.7070242177757313,3.9536987342475762,0.6726421561592828,True,0.9999964237213135
19.58900737762451,3,target_distance_terminal,truth,1.0732803344726562,1.9740060567855835,0.9999719858169556,0.9993693232536316,3.311728408178612,3.3691005975343677,0.7019569913439958,True,0.9999719858169556
19.622292518615723,3,target_distance_terminal,truth,1.2036141157150269,2.0351250171661377,0.9998587369918823,0.9929351210594177,3.6589137945550703,3.045191947180834,0.7052279268942571,True,0.9998587369918823
19.664782762527466,3,target_distance_terminal,truth,1.6147119998931885,2.237828493118286,0.99983811378479,0.29013586044311523,4.078241368610047,2.642118033336271,0.7337371919737227,True,0.99983811378479
19.69466280937195,3,target_distance_terminal,truth,1.5948587656021118,1.9110995531082153,0.9989884495735168,0.7102762460708618,3.7967479206195773,2.9804054917361955,0.834654893463584,True,0.9989884495735168
19.723360538482666,4,target_distance_terminal,truth,1.8555845022201538,2.740300178527832,0.9998660087585449,0.9997372031211853,3.0394327201694638,3.692525120112419,0.32028777791018886,True,0.9998660087585449
19.755956411361694,9,target_distance_terminal,truth,1.8451377153396606,3.1602635383605957,0.999887228012085,0.999887228012085,2.4340559520794085,4.32989671577946,0.37569328515317607,True,0.999887228012085
19.797858715057373,8,target_distance_terminal,truth,1.6216827630996704,2.113682985305786,0.9999150037765503,0.9999150037765503,2.134909211475262,4.66384736839578,0.42848778588084135,True,0.9999150037765503
19.83157753944397,8,target_distance_terminal,truth,1.795426607131958,2.5061585903167725,0.9999659061431885,0.9999659061431885,1.833269264535821,5.026958181317355,0.5106377746693962,True,0.9999659061431885
19.863386869430542,4,target_distance_terminal,truth,1.708130121231079,1.9501067399978638,0.999968409538269,0.999968409538269,1.8904564030516369,4.973677198133576,0.4039545136985931,True,0.999968409538269
19.900763988494873,8,target_distance_terminal,truth,1.9701564311981201,2.312441349029541,0.9993630051612854,0.9993630051612854,2.1838594442753223,4.686956818096752,0.34914221300955395,True,0.9993630051612854
19.931580305099487,8,target_distance_terminal,truth,2.0844805240631104,2.439842462539673,0.9998912811279297,0.9998912811279297,2.3087577757368,4.596604975127816,0.36854201383479923,True,0.9998912811279297
19.96997570991516,8,target_distance_terminal,truth,2.8025062084198,3.152369737625122,0.9999120235443115,0.9999120235443115,2.466988341302221,4.456441143838649,0.3561129204691452,True,0.9999120235443115
20.012803316116333,8,target_distance_terminal,truth,1.8606300354003906,2.750143051147461,0.9999932050704956,0.9999932050704956,2.284129818733464,4.683489287486811,0.3390603218689633,True,0.9999932050704956
20.031251192092896,3,target_distance_terminal,truth,1.8835102319717407,2.3860459327697754,0.9999743700027466,0.9993219375610352,2.657328424896306,4.326043812336059,0.34233035117767985,True,0.9999743700027466
20.063408613204956,3,target_distance_terminal,truth,1.611449956893921,2.068439483642578,0.9999822378158569,0.9976390600204468,2.6496416377506513,4.360732061382268,0.31264882033255237,True,0.9999822378158569
20.095892667770386,3,target_distance_terminal,truth,1.7561841011047363,2.2316277027130127,0.9999793767929077,0.9915698766708374,2.839209905168534,4.190321997530585,0.3376850656154748,True,0.9999793767929077
20.130713939666748,3,target_distance_terminal,truth,1.3321597576141357,1.8780423402786255,0.9999923706054688,0.9960072636604309,2.7612117519485304,4.309128281696764,0.407965091595718,True,0.9999923706054688
20.168421506881714,8,target_distance_terminal,truth,1.2866294384002686,1.7275251150131226,0.999990701675415,0.999990701675415,2.8364252915264916,4.261463331561776,0.4959541811883465,True,0.999990701675415
20.196877479553223,3,target_distance_terminal,truth,1.2418619394302368,1.633373498916626,0.9999786615371704,0.9642716646194458,2.575294788359026,4.573650190762151,0.5925848993387435,True,0.9999786615371704
20.237116813659668,3,target_distance_terminal,truth,1.2672510147094727,1.5847293138504028,0.9999442100524902,0.9992936849594116,2.249441754330395,4.936222467983581,0.6465850642271623,True,0.9999442100524902
20.26733636856079,3,target_distance_terminal,truth,1.326314926147461,1.541417121887207,0.9997854828834534,0.9989885687828064,2.4877549018445477,4.729206967780693,0.7036367849396443,True,0.9997854828834534
20.29755187034607,4,target_distance_terminal,truth,1.7272248268127441,1.8626928329467773,0.9939255118370056,0.9600890278816223,2.378308721939743,4.874142270556344,0.734398842691739,True,0.9939255118370056
20.337422132492065,4,target_distance_terminal,truth,1.7763291597366333,2.071136951446533,0.9945027828216553,0.9945027828216553,2.5456845066170146,4.67916497575103,0.642070647162808,True,0.9945027828216553
20.362423181533813,4,target_distance_terminal,truth,1.5254615545272827,1.6956875324249268,0.9970876574516296,0.9970876574516296,2.2093232640437726,5.0891922660986255,0.7121106620378277,True,0.9970876574516296
20.389004945755005,4,target_distance_terminal,truth,1.497167944908142,1.599189043045044,0.9995477795600891,0.9995477795600891,2.078889905945725,5.307028286128675,0.8669528584699182,True,0.9995477795600891
20.427894115447998,4,target_distance_terminal,truth,1.4206053018569946,1.4875441789627075,0.9997673630714417,0.9997673630714417,2.1308462726901416,5.2913398553440585,0.95001014165514,True,0.9997673630714417
20.456027030944824,3,target_distance_terminal,truth,1.488542914390564,1.5480120182037354,0.9998742341995239,0.999679446220398,2.0932330832226693,5.233280729074479,0.6729039003103107,True,0.9998742341995239
20.48969292640686,3,target_distance_terminal,truth,1.3139530420303345,1.3948636054992676,0.9999102354049683,0.9999102354049683,2.0035261225898675,5.319393733365141,0.599458254270101,True,0.9999102354049683
20.530657291412354,3,target_distance_terminal,truth,1.4113013744354248,1.4525513648986816,0.9998700618743896,0.9998700618743896,1.899533013763888,5.417309149319362,0.571196383600538,True,0.9998700618743896
20.555115461349487,3,target_distance_terminal,truth,1.6462663412094116,1.6578118801116943,0.9996863603591919,0.9996863603591919,1.9077933398082132,5.440101615600432,0.6259500924534619,True,0.9996863603591919
20.593559741973877,3,target_distance_terminal,truth,2.1699156761169434,2.1699156761169434,0.9988875985145569,0.9988875985145569,1.812185602734779,5.566301485085211,0.6585989717575341,True,0.9988875985145569
20.62766122817993,2,target_distance_terminal,truth,2.1260199546813965,2.3780643939971924,0.9991363883018494,0.9288767576217651,1.8163609533927039,5.495479025710247,0.47851208911300597,True,0.9991363883018494
20.656800031661987,2,target_distance_terminal,truth,1.8670138120651245,2.3004820346832275,0.9998853206634521,0.948118269443512,1.7823451252362519,5.560832128235047,0.5460785460708002,True,0.9998853206634521
20.689635276794434,3,target_distance_terminal,truth,1.7410597801208496,2.0140042304992676,0.9998219609260559,0.9998219609260559,1.9243135814567764,5.735818825176943,1.1666856941654338,True,0.9998219609260559
20.722621202468872,2,target_distance_terminal,truth,2.23297119140625,2.9683594703674316,0.999808132648468,0.9514251351356506,2.0278670063608857,5.429728643579475,0.8439593145413197,True,0.999808132648468
20.762258052825928,2,target_distance_terminal,truth,2.203369617462158,2.7561354637145996,0.9998353719711304,0.9790505766868591,1.8058900208655302,5.698315038183026,0.9065008277899215,True,0.9998353719711304
20.7882239818573,2,target_distance_terminal,truth,1.7700868844985962,2.1673190593719482,0.9999802112579346,0.7267389297485352,1.1489713255393716,6.905204073223793,1.0911769502964381,True,0.9999802112579346
20.823410987854004,2,target_distance_terminal,truth,1.2404325008392334,1.5807149410247803,0.9999958276748657,0.9038418531417847,1.281369146606665,6.596137730343674,1.0906610950117712,True,0.9999958276748657
20.854792594909668,2,target_distance_terminal,truth,1.2391326427459717,1.4143732786178589,0.9999449253082275,0.9685376286506653,1.5452219437839354,6.086332661989443,1.0163039817431325,True,0.9999449253082275
20.891916513442993,2,target_distance_terminal,truth,1.3714407682418823,1.8699839115142822,0.9999418258666992,0.9852330088615417,1.6607298590513757,6.048448468744446,1.1448527733662575,True,0.9999418258666992
20.921687364578247,2,target_distance_terminal,truth,1.6222760677337646,2.4586055278778076,0.9995697140693665,0.9123860001564026,1.4610666929971639,6.547006931973805,1.2799763182990125,True,0.9995697140693665
20.955185890197754,2,target_distance_terminal,truth,1.3364579677581787,2.010857105255127,0.9992161989212036,0.7431148886680603,1.806573504991423,6.099541762249717,1.4107826184485017,True,0.9992161989212036
20.991920471191406,2,target_distance_terminal,truth,1.4305874109268188,1.8721950054168701,0.9980066418647766,0.9426367282867432,1.980762457613184,5.912542759147816,1.4834733984116417,True,0.9980066418647766
21.021299839019775,2,target_distance_terminal,truth,1.2391304969787598,1.561498999595642,0.9989618062973022,0.9989618062973022,1.735133720966731,6.1653608619049605,1.3772181029161863,True,0.9989618062973022
21.058048725128174,2,target_distance_terminal,truth,1.3662775754928589,1.7491151094436646,0.9997367262840271,0.9997367262840271,1.6379611153972413,6.260988344668693,1.348159281386293,True,0.9997367262840271
21.08862543106079,2,target_distance_terminal,truth,1.4610252380371094,1.746636152267456,0.9995618462562561,0.9995618462562561,1.501778363690814,6.20479812839419,1.1388605709892006,True,0.9995618462562561
21.122157335281372,2,target_distance_terminal,truth,1.5239638090133667,1.8353126049041748,0.9994780421257019,0.9994780421257019,1.6800363889257932,5.842635037425421,1.0236622242153774,True,0.9994780421257019
21.15783667564392,2,target_distance_terminal,truth,1.5992999076843262,1.8305528163909912,0.9993873834609985,0.9993873834609985,1.8402169815040048,5.511964946801509,0.8602758821771749,True,0.9993873834609985
21.18764066696167,2,target_distance_terminal,truth,1.3755897283554077,1.6657898426055908,0.9983761310577393,0.9837743043899536,2.3020564564815746,5.054811644108227,1.0042614253036652,True,0.9983761310577393
21.227033376693726,1,target_distance_terminal,truth,1.0978726148605347,1.4327698945999146,0.9999450445175171,0.9999450445175171,2.3980150934352666,4.783425562312513,0.6622065105827427,True,0.9999450445175171
21.254377126693726,1,target_distance_terminal,truth,1.0731236934661865,1.6205668449401855,0.9999949932098389,0.9999949932098389,2.4882111240562703,4.6741426412869576,0.5550394113048628,True,0.9999949932098389
21.300746202468872,1,target_distance_terminal,truth,1.155461072921753,1.4547044038772583,0.9988037347793579,0.9988037347793579,2.2978769716520366,4.786957500583855,0.36790688642717023,True,0.9988037347793579
21.326862573623657,2,target_distance_terminal,truth,1.1633838415145874,1.4604138135910034,0.9974601864814758,0.7813025712966919,1.9763701612063174,5.4824512661572165,1.2557799117360993,True,0.9974601864814758
21.361039400100708,1,target_distance_terminal,truth,1.2069975137710571,1.4341862201690674,0.9961721301078796,0.9792623519897461,1.7096117492227876,5.3356175152182015,0.43504689500997673,True,0.9961721301078796
21.392175436019897,1,target_distance_terminal,truth,1.1396414041519165,1.1962963342666626,0.999903678894043,0.8535100221633911,1.3044165761325703,5.761791815814305,0.4949923737564515,True,0.999903678894043
21.43101477622986,1,target_distance_terminal,truth,1.0700132846832275,1.0977803468704224,0.9999771118164062,0.7680338025093079,1.0722765368022742,6.050219920592998,0.628740766617879,True,0.9999771118164062
21.472800731658936,1,target_distance_terminal,truth,1.2434862852096558,1.768524169921875,0.9998255372047424,0.8617103695869446,0.9662591831234107,6.36922829225278,0.8090529812824848,True,0.9998255372047424
21.489110231399536,1,target_distance_terminal,truth,1.1258277893066406,1.137339472770691,0.9993552565574646,0.9366524815559387,1.1368029570867644,5.970033890755036,0.6867479635895196,True,0.9993552565574646
21.52262043952942,1,target_distance_terminal,truth,1.0543180704116821,1.154660940170288,0.9988319277763367,0.9751885533332825,1.0619196105053708,5.947669893869859,0.5531174763300318,True,0.9988319277763367
21.554899215698242,1,target_distance_terminal,truth,0.8809610605239868,1.1935837268829346,0.9990350008010864,0.9803681373596191,1.3424381408245942,5.545833784698827,0.471475436695975,True,0.9990350008010864
21.590497255325317,1,target_distance_terminal,truth,1.0613577365875244,1.3284286260604858,0.9869733452796936,0.980798065662384,1.1661419526590033,5.6935019329099275,0.422538934488251,True,0.9869733452796936
21.62206506729126,1,target_distance_terminal,truth,1.063364028930664,1.4493876695632935,0.9949285984039307,0.9322589039802551,0.7653693069140642,6.154441387456484,0.4709896067964696,True,0.9949285984039307
21.656827211380005,1,target_distance_terminal,truth,1.0289329290390015,1.34279203414917,0.9999394416809082,0.7412198185920715,0.5959773560567463,6.675712167794698,0.5952564825346053,True,0.9999394416809082
21.68726396560669,1,target_distance_terminal,truth,0.9580123424530029,1.2238845825195312,0.9988443851470947,0.8497496843338013,0.6096367009480745,6.5136999992649836,0.5860250864337788,True,0.9988443851470947
21.720979928970337,1,target_distance_terminal,truth,1.0786654949188232,1.6543747186660767,0.9628347158432007,0.6148732900619507,0.6123019454847601,6.4665369660815,0.5815417409220393,True,0.9628347158432007
21.75642466545105,1,target_distance_terminal,truth,1.0132442712783813,1.5482763051986694,0.9932814836502075,0.2009701281785965,0.737340313984581,6.383297270156684,0.6932889241821159,True,0.9932814836502075
21.789288759231567,1,target_distance_terminal,truth,1.1945693492889404,1.8722342252731323,0.9703258872032166,0.1243227943778038,0.7334790220295605,6.344339393189276,0.6946333300335107,True,0.9703258872032166
21.832765102386475,2,target_distance_terminal,truth,2.8808178901672363,3.4086945056915283,0.9874841570854187,0.9874841570854187,0.6745505626987235,6.2220597418025765,0.58667528098773,True,0.9874841570854187
21.85661816596985,2,target_distance_terminal,truth,3.668541431427002,4.890080451965332,0.9930834770202637,0.9930834770202637,0.6755472150292314,6.598571467309828,0.6681138821173148,True,0.9930834770202637
21.89014458656311,2,target_distance_terminal,truth,4.229344844818115,5.313285827636719,0.9137232303619385,0.9137232303619385,0.9460301578788531,7.083149951653532,0.7221519634941381,True,0.9137232303619385
21.920308113098145,2,target_distance_terminal,truth,3.8446617126464844,4.6895222663879395,0.9715238213539124,0.5041527152061462,1.0220494049223112,7.095791894058029,0.7876954618282386,True,0.9715238213539124
21.953471183776855,2,target_distance_terminal,truth,3.5768773555755615,4.136131286621094,0.971295952796936,0.6593747735023499,1.0015267065948077,7.102311910990417,0.7294859252915983,True,0.971295952796936
21.98731231689453,2,target_distance_terminal,truth,3.5917818546295166,4.639101505279541,0.9904329776763916,0.9904329776763916,0.9020084098111961,6.970394177515868,0.6587558963847632,True,0.9904329776763916
22.02286148071289,2,target_distance_terminal,truth,4.861845016479492,6.006156921386719,0.9943314790725708,0.9943314790725708,1.0469908226208304,7.05853558739653,0.7450161165384286,True,0.9943314790725708
22.053749084472656,2,target_distance_terminal,truth,6.145467758178711,7.092902660369873,0.999772846698761,0.999772846698761,0.9174147965555358,6.891956969324628,0.6924113035622504,True,0.999772846698761
22.088130712509155,1,target_distance_terminal,truth,6.173762321472168,6.173762321472168,0.99916672706604,0.030664995312690735,1.2482207672009817,7.143336187504993,0.8418976444027332,True,0.99916672706604
22.126112461090088,1,target_distance_terminal,truth,4.0375542640686035,4.877615451812744,0.9974082112312317,0.03348024934530258,1.1987385365049694,6.9985069056822775,0.8472486100070227,True,0.9974082112312317
22.153991222381592,1,target_distance_terminal,truth,3.72896409034729,4.394958972930908,0.9995167255401611,0.017481524497270584,1.1411270701159284,6.881852116073138,0.8729313626912089,True,0.9995167255401611
22.187018156051636,1,target_distance_terminal,truth,4.640633583068848,5.692290782928467,0.9998987913131714,0.1507592499256134,1.0256811188267885,6.832415759047322,0.6870975295339709,True,0.9998987913131714
22.227121829986572,2,target_distance_terminal,truth,6.357637882232666,6.357637882232666,0.9996894598007202,0.9996894598007202,0.7068745456828633,5.738202040068217,0.659894142506174,True,0.9996894598007202
22.260582447052002,2,target_distance_terminal,truth,10.150227546691895,10.150227546691895,0.9999574422836304,0.9999574422836304,0.8690175143486422,5.954406061902113,0.8689825002318968,True,0.9999574422836304
22.286694049835205,2,target_distance_terminal,truth,13.365056991577148,13.775461196899414,0.9999895095825195,0.9999895095825195,0.7494809666399748,5.424164691905959,0.5792636096894185,True,0.9999895095825195
22.321120977401733,2,target_distance_terminal,truth,8.885072708129883,9.662378311157227,0.9991791844367981,0.9986090064048767,0.6568553889042102,5.448985076694716,0.5192634472012083,True,0.9991791844367981
22.368767261505127,6,target_distance_terminal,truth,1.04303777217865,2.040029525756836,0.9988038539886475,0.9988038539886475,0.30858035677066026,5.623639699627505,0.2759325020418263,True,0.9988038539886475
22.38789963722229,7,target_distance_terminal,truth,1.5114260911941528,1.6180685758590698,0.9985968470573425,0.9961203932762146,0.6791436728705366,5.416590341913429,0.6128309931106427,True,0.9985968470573425
22.42138147354126,7,target_distance_terminal,truth,7.155594348907471,7.155594348907471,0.999903678894043,0.9782701730728149,0.6009075864476173,5.2831490274155986,0.4719435087294716,True,0.999903678894043
22.463157176971436,7,target_distance_terminal,truth,5.655552864074707,7.063324928283691,0.9986721277236938,0.9986721277236938,1.0219126763469186,4.649994015558062,0.46836000158227403,True,0.9986721277236938
22.486664056777954,3,target_distance_terminal,truth,1.1073299646377563,1.3407504558563232,0.999994158744812,0.05513833090662956,0.6432612942360028,5.384466073710568,0.6327126888476791,True,0.999994158744812
22.52415895462036,2,target_distance_terminal,truth,1.3620022535324097,1.7333155870437622,0.9999959468841553,0.9999959468841553,0.542464181431227,5.318289557351587,0.5283022484627584,True,0.9999959468841553
22.55959987640381,2,target_distance_terminal,truth,0.7652022838592529,1.009837031364441,0.9974631071090698,0.9974631071090698,0.7139845930536929,5.6165474902203085,0.6578210001807164,True,0.9974631071090698
22.59427237510681,3,target_distance_terminal,truth,0.9976485967636108,1.322351098060608,0.9881995916366577,0.0011367887491360307,0.5430932520000544,5.311619939197973,0.5420402173945743,True,0.9881995916366577
22.624704122543335,2,target_distance_terminal,truth,0.9961130619049072,1.2574244737625122,0.9767929315567017,0.9278732538223267,0.5680676571259491,5.3871513139934555,0.5263786128519055,True,0.9767929315567017
22.65365195274353,3,target_distance_terminal,truth,0.9786360263824463,1.4320173263549805,0.998994767665863,0.0013232813216745853,0.6135435693120725,5.456441634083776,0.5341149938255769,True,0.998994767665863
22.689021825790405,7,target_distance_terminal,truth,1.2662665843963623,1.2662665843963623,0.9997451901435852,0.9997451901435852,0.7204330487769195,5.056404790559169,0.7204084464127342,True,0.9997451901435852
22.719332218170166,7,target_distance_terminal,truth,1.289138913154602,1.3108408451080322,0.9999291896820068,0.9999291896820068,0.7718216112364447,4.663809016131567,0.6997074416977891,True,0.9999291896820068
22.756577014923096,7,target_distance_terminal,truth,1.2795498371124268,1.2795498371124268,0.9997835755348206,0.9997835755348206,0.6097081715472245,4.8289006563666135,0.6068856179719837,True,0.9997835755348206
22.786097049713135,2,target_distance_terminal,truth,1.3522964715957642,2.1584441661834717,0.9999455213546753,0.8958215117454529,0.5265445248920504,4.93993880128522,0.5146514270756267,True,0.9999455213546753
22.82765769958496,7,target_distance_terminal,truth,4.430705547332764,5.124541759490967,0.999300479888916,0.999300479888916,0.7459949656838026,5.173126312097213,0.6000613783092236,True,0.999300479888916
22.857490301132202,8,target_distance_terminal,truth,9.29326343536377,9.613618850708008,0.9999772310256958,0.998474657535553,1.3977561226199695,5.4971852640422085,1.1295818455326123,True,0.9999772310256958
22.891419649124146,5,target_distance_terminal,truth,17.884910583496094,17.884910583496094,0.9997463822364807,0.00019832767429761589,2.84532875010299,4.993823941223612,2.820567932705386,True,0.9997463822364807
22.932762145996094,2,target_distance_terminal,truth,15.292929649353027,16.540800094604492,0.999060332775116,0.999060332775116,2.309599840241496,2.5117311515136294,1.0554546087544754,True,0.999060332775116
22.95281481742859,5,target_distance_terminal,truth,18.18427085876465,18.18427085876465,0.9993255138397217,8.0616910054232e-06,4.0824316634153135,0.5007392354805724,0.7471404035062604,True,0.9993255138397217
22.986438751220703,10,target_distance_terminal,truth,43.94545364379883,43.94545364379883,0.7346044778823853,2.7185201361135114e-06,4.421378714627062,0.0034311806960182776,0.0052180440908207995,True,0.7346044778823853
23.0214364528656,14,target_distance_terminal,truth,19.239343643188477,19.239343643188477,0.9998829364776611,0.0007857707096263766,4.326955557356092,0.04871937016841861,0.03629195489438259,True,0.9998829364776611
23.0650691986084,8,target_distance_terminal,truth,12.834275245666504,14.16828727722168,0.9999969005584717,0.7137927412986755,0.8238571317029361,4.338511533181416,0.8195251882116998,True,0.9999969005584717
23.086418628692627,4,target_distance_terminal,truth,8.435219764709473,8.435219764709473,0.9999910593032837,3.6218445984559366e-06,1.951499286369775,3.464558110937847,1.7871491940574677,True,0.9999910593032837
23.12174391746521,7,target_distance_terminal,truth,11.228771209716797,12.341571807861328,0.9999121427536011,0.6815875768661499,0.7445946369877298,3.655029722761329,0.49435919850546656,True,0.9999121427536011
23.15214490890503,12,target_distance_terminal,truth,4.509535789489746,5.9702863693237305,0.9999366998672485,0.9999366998672485,1.1128755443929468,3.135246056654129,0.3776035327061001,True,0.9999366998672485
23.189456939697266,9,target_distance_terminal,truth,5.472390174865723,5.472390174865723,0.9991490840911865,2.5575243853381835e-05,2.6272023527880695,2.3269392258070902,1.9097715280218832,True,0.9991490840911865
23.22286319732666,13,target_distance_terminal,truth,5.064754486083984,6.3827619552612305,0.9946276545524597,0.5585052967071533,2.351755783716926,1.9164599436939111,0.8304583881997772,True,0.9946276545524597
23.25587010383606,13,target_distance_terminal,truth,13.072917938232422,13.072917938232422,0.9999681711196899,0.9995879530906677,1.6148084604858948,2.9757552118528308,1.173748137109477,True,0.9999681711196899
23.287736892700195,8,target_distance_terminal,truth,8.936161041259766,9.756979942321777,0.9999927282333374,0.01078138779848814,2.1794154922512115,2.3072241755986367,1.2622384242250746,True,0.9999927282333374
23.319336414337158,7,target_distance_terminal,truth,5.168632984161377,5.168632984161377,0.9998350143432617,0.02196102775633335,1.8819536103402768,2.2491898936091492,0.39796913270548795,True,0.9998350143432617
23.351694583892822,8,target_distance_terminal,truth,4.407562732696533,5.491075038909912,0.9923068881034851,0.0017144815064966679,1.663072282571467,2.5539925349420236,0.6166594278182758,True,0.9923068881034851
23.392447233200073,2,target_distance_terminal,truth,2.1428580284118652,3.1424903869628906,0.42814895510673523,1.0033001672127284e-05,2.0328236704308216,2.0770432112129034,0.22762788052234145,False,0.42814895510673523
23.420447826385498,1,target_distance_terminal,truth,1.5533701181411743,2.103102207183838,0.1630731076002121,4.6453542381641455e-06,1.4034313933432876,2.7557352123444994,0.341438698773269,False,0.1630731076002121
23.454322338104248,12,target_distance_terminal,truth,0.9059215784072876,1.310120701789856,0.9967688322067261,0.9967688322067261,1.1351223912243305,3.0655489868010406,0.36568899741714567,True,0.9967688322067261
23.485826015472412,2,target_distance_terminal,truth,0.8910942077636719,1.080989956855774,0.9529484510421753,0.0053199054673314095,0.8023040362908108,3.467276060450442,0.41589100418971564,True,0.9529484510421753
23.5209903717041,12,target_distance_terminal,truth,2.012612819671631,2.1361398696899414,0.9542744755744934,0.9542744755744934,1.5691825670514878,2.712387717238911,0.548933015558853,True,0.9542744755744934
23.55221700668335,14,target_distance_terminal,truth,7.147247314453125,7.457754611968994,0.9989638328552246,0.046729885041713715,2.7983685401529326,1.479675021895902,0.5976132719628415,True,0.9989638328552246
23.593505859375,14,target_distance_terminal,truth,8.113960266113281,8.113960266113281,0.9984142780303955,0.002667573280632496,2.925840426473793,1.362567212458414,0.5537782002918362,True,0.9984142780303955
23.62389826774597,12,target_distance_terminal,truth,1.6693838834762573,2.9682810306549072,0.9977365732192993,0.9977365732192993,2.172865085816804,2.1121522511174575,0.2546943853824479,True,0.9977365732192993
23.65271258354187,14,target_distance_terminal,truth,5.786174774169922,6.75198221206665,0.9644579291343689,0.009682082571089268,3.832636042251169,0.4948705787636176,0.40937655723198585,True,0.9644579291343689
23.68524742126465,7,target_distance_terminal,truth,0.7555352449417114,1.2574653625488281,0.7631195187568665,0.7631195187568665,3.0634930491681596,1.2706999132602925,0.11085472482712772,True,0.7631195187568665
23.721688508987427,7,target_distance_terminal,truth,0.7371392846107483,1.0348035097122192,0.7810630798339844,0.7810630798339844,3.127847351645829,1.2771043556941826,0.4713019637428519,True,0.7810630798339844
23.7516348361969,7,target_distance_terminal,truth,0.8007687330245972,1.046019434928894,0.7107977271080017,0.7107977271080017,3.267766740069883,1.1816032406152532,0.526238850812945,True,0.7107977271080017
23.786543130874634,7,target_distance_terminal,truth,0.656038761138916,0.9337605834007263,0.8356176018714905,0.08638158440589905,3.1373335446326105,1.3429003904065613,0.5281802029617337,True,0.8356176018714905
23.823991298675537,7,target_distance_terminal,truth,0.7205636501312256,0.9583543539047241,0.9503346681594849,0.04644058644771576,3.374593420197117,1.1431171898910653,0.5403588386570186,True,0.9503346681594849
23.853600025177002,6,target_distance_terminal,truth,0.7279509902000427,0.9048422574996948,0.9921634197235107,0.9921634197235107,3.454359359604826,1.0744660083366588,0.3250492350669173,True,0.9921634197235107
23.885464191436768,6,target_distance_terminal,truth,0.6568611264228821,0.8284685015678406,0.9987366795539856,0.9987366795539856,2.8773504209249667,1.7024732323996108,0.4479481044972709,True,0.9987366795539856
23.919830083847046,6,target_distance_terminal,truth,0.6465437412261963,0.8443037867546082,0.9977419376373291,0.9977419376373291,3.443792079163306,1.1585307796006792,0.3423189885187428,True,0.9977419376373291
23.951340675354004,6,target_distance_terminal,truth,0.6825395822525024,0.8981248140335083,0.9902061820030212,0.9902061820030212,3.3208124456759465,1.3259082147464538,0.367811479399948,True,0.9902061820030212
23.9859402179718,7,target_distance_terminal,truth,0.771645724773407,0.8886016607284546,0.9509485363960266,0.07551176100969315,2.9609192574024794,1.7890303023075795,0.7252723748018658,True,0.9509485363960266
24.028751134872437,7,target_distance_terminal,truth,0.7533740401268005,0.8698905110359192,0.8473173379898071,0.3671848475933075,2.60222356057133,2.3199528012323976,1.0475142047037438,True,0.8473173379898071
24.053146362304688,7,target_distance_terminal,truth,0.694511890411377,0.9455519914627075,0.9473539590835571,0.941130518913269,2.2566791147357343,2.7677132204818613,1.0878096159278055,True,0.9473539590835571
24.088207960128784,7,target_distance_terminal,truth,0.7453535795211792,0.9841957092285156,0.993451714515686,0.993451714515686,1.9113076375167348,3.456892127404005,1.3785123101535743,True,0.993451714515686
24.12035632133484,7,target_distance_terminal,truth,0.6857104897499084,0.9149396419525146,0.9975684285163879,0.9975684285163879,1.6261190484494723,3.7677421442882144,1.2355824792737895,True,0.9975684285163879
24.155186414718628,7,target_distance_terminal,truth,0.6619204878807068,0.9050758481025696,0.9982205033302307,0.9982205033302307,1.5959700968595265,3.819950606618967,1.2086746308240706,True,0.9982205033302307
24.185040712356567,7,target_distance_terminal,truth,0.7523897290229797,1.0168137550354004,0.9969802498817444,0.9965428709983826,1.7176945748000068,3.6451412248386346,1.1655021357542288,True,0.9969802498817444
24.218153715133667,7,target_distance_terminal,truth,0.6343838572502136,0.9241350293159485,0.999340832233429,0.999340832233429,1.553867805692033,3.967934045936679,1.2027661385121546,True,0.999340832233429
24.25594425201416,7,target_distance_terminal,truth,0.533698320388794,0.8880678415298462,0.9993778467178345,0.9993778467178345,1.4559543188988566,4.1308058353017065,1.1760230544775032,True,0.9993778467178345
24.2855544090271,7,target_distance_terminal,truth,0.5787219405174255,0.8926273584365845,0.999116837978363,0.999116837978363,1.7405567247664373,3.621098602498892,1.01726315111097,True,0.999116837978363
24.320383071899414,7,target_distance_terminal,truth,0.5932549238204956,0.8898575305938721,0.9992942810058594,0.9955458641052246,1.8952428281520617,3.360509303959621,0.8029020020031072,True,0.9992942810058594
24.36160635948181,7,target_distance_terminal,truth,0.8044275045394897,0.9121578931808472,0.9995266199111938,0.992113471031189,1.8335068848910892,3.337637876326348,0.45891400994739884,True,0.9995266199111938
24.38761258125305,6,target_distance_terminal,truth,0.9836243391036987,1.2184535264968872,0.9996216297149658,0.9996216297149658,1.9484532789921432,3.2107411205981067,0.12437948070101718,True,0.9996216297149658
24.42044162750244,6,target_distance_terminal,truth,0.970563530921936,1.19638192653656,0.999544084072113,0.999544084072113,1.8539079715682052,3.355246840286166,0.2122417376239758,True,0.999544084072113
24.452927827835083,6,target_distance_terminal,truth,0.9928242564201355,1.1994284391403198,0.9993595480918884,0.9993595480918884,2.123406429900354,3.1159981498072313,0.07667232844217972,True,0.9993595480918884
24.489002466201782,6,target_distance_terminal,truth,0.9789613485336304,1.2054784297943115,0.998613715171814,0.998613715171814,2.495331670877584,2.7762298307339663,0.09852530444700316,True,0.998613715171814
24.518457651138306,6,target_distance_terminal,truth,0.9078948497772217,1.2345733642578125,0.9992502331733704,0.9992502331733704,3.0911710212275767,2.220678225006205,0.1280111563726526,True,0.9992502331733704
24.552335023880005,6,target_distance_terminal,truth,0.7398421168327332,1.1865230798721313,0.9994736313819885,0.9994736313819885,3.2158608690986434,2.1431572281662987,0.26250120772128194,True,0.9994736313819885
24.588595628738403,6,target_distance_terminal,truth,0.6299100518226624,1.1531856060028076,0.9981227517127991,0.9981227517127991,4.027053846909977,1.3645110243376248,0.3332682555243188,True,0.9981227517127991
24.620222806930542,7,target_distance_terminal,truth,0.6281234622001648,1.0912131071090698,0.9938133955001831,0.9938133955001831,3.744102705980986,1.781854125061527,0.899805295472807,True,0.9938133955001831
24.660735607147217,7,target_distance_terminal,truth,0.6378363370895386,0.9445154666900635,0.9997875094413757,0.9997875094413757,2.4429393502410814,3.2662012642856526,1.0853061810737108,True,0.9997875094413757
24.690874576568604,7,target_distance_terminal,truth,0.7525177001953125,1.0470880270004272,0.9994449019432068,0.9994449019432068,1.9701385463993044,3.9326454379129703,1.2132452279636192,True,0.9994449019432068
24.71810507774353,7,target_distance_terminal,truth,0.7866849899291992,1.0083301067352295,0.9976776242256165,0.9976776242256165,1.992944882829491,3.907724174969155,1.1646346776252663,True,0.9976776242256165
24.755237579345703,7,target_distance_terminal,truth,0.748386561870575,0.989342451095581,0.9960665106773376,0.9960665106773376,2.0977924773261574,3.7354196557766826,1.0387914083612084,True,0.9960665106773376
24.796746253967285,7,target_distance_terminal,truth,0.7706317901611328,0.9920556545257568,0.9997032284736633,0.9997032284736633,1.9870916044427465,3.9519705005482484,1.1208138752334609,True,0.9997032284736633
24.81772208213806,7,target_distance_terminal,truth,0.7722700834274292,0.983701229095459,0.9945255517959595,0.9945255517959595,3.003870763421493,2.8924782663653876,1.205136892774121,True,0.9945255517959595
24.852749586105347,7,target_distance_terminal,truth,0.7330021858215332,0.9471129179000854,0.9977715611457825,0.9977715611457825,3.1303528644380822,2.758074562485808,1.1013533143215273,True,0.9977715611457825
24.88595175743103,7,target_distance_terminal,truth,1.0614935159683228,1.1225553750991821,0.9951291084289551,0.9951291084289551,3.084856179315183,2.6813520304261376,0.4503989556923973,True,0.9951291084289551
24.922064304351807,6,target_distance_terminal,truth,1.045400857925415,1.3987514972686768,0.9139105677604675,0.28480836749076843,4.180630812650385,1.59248550883271,0.043785216350847325,True,0.9139105677604675
24.954609632492065,6,target_distance_terminal,truth,0.9858235120773315,1.3700098991394043,0.7057964205741882,0.6149025559425354,4.177039587856917,1.6430000894346584,0.11220847792781531,True,0.7057964205741882
24.99570345878601,6,target_distance_terminal,truth,0.901633083820343,1.2025221586227417,0.6965410709381104,0.6135014891624451,4.401839667135966,1.4497683331347266,0.09252789376167943,True,0.6965410709381104
25.01803708076477,7,target_distance_terminal,truth,0.8372623324394226,1.0986404418945312,0.9413257837295532,0.9413257837295532,4.669827921247036,1.235515296479471,0.13851493661454914,True,0.9413257837295532
25.052691221237183,7,target_distance_terminal,truth,0.8530498147010803,1.1111429929733276,0.9335308074951172,0.923606276512146,5.323181825788489,0.6264234453444896,0.0771473491002189,True,0.9335308074951172
25.08519220352173,6,target_distance_terminal,truth,0.7621352672576904,1.189545750617981,0.9516072273254395,0.7640025615692139,5.609495188019142,0.3785554318531059,0.055291952025374985,True,0.9516072273254395
25.11788558959961,6,target_distance_terminal,truth,0.7551935911178589,1.274467945098877,0.9485791325569153,0.7651252150535583,5.512872057970832,0.5207382795228803,0.05888596681906699,True,0.9485791325569153
25.152134895324707,6,target_distance_terminal,truth,0.8473283648490906,1.894673228263855,0.8963806629180908,0.7670636177062988,5.819152396487229,0.2598094012858851,0.03150542390395249,True,0.8963806629180908
25.18699026107788,6,target_distance_terminal,truth,1.3217120170593262,1.9702123403549194,0.8434459567070007,0.360058456659317,4.729059841910237,1.3993219499714216,0.3119936874940438,True,0.8434459567070007
25.22114396095276,6,target_distance_terminal,truth,1.6464183330535889,2.248478412628174,0.7807782888412476,0.7807782888412476,4.434062880431419,1.7366302742990998,0.22720123206768753,True,0.7807782888412476
25.253738164901733,12,target_distance_terminal,truth,1.3781518936157227,1.6498770713806152,0.9580792188644409,0.9541367292404175,4.051445953705801,2.1971120641519413,0.5375758447320429,True,0.9580792188644409
25.28805661201477,12,target_distance_terminal,truth,1.2519505023956299,1.6839840412139893,0.9837856888771057,0.9837856888771057,3.967892909471106,2.3300198844319495,0.5721179712006902,True,0.9837856888771057
25.319066524505615,12,target_distance_terminal,truth,1.0563068389892578,1.1383531093597412,0.9957376718521118,0.9957376718521118,4.7295970265924545,1.6145858286491281,0.5890645742897885,True,0.9957376718521118
25.351826190948486,12,target_distance_terminal,truth,0.9243968725204468,0.9243968725204468,0.9887183904647827,0.9887183904647827,5.1997032741667075,1.179328067841436,0.4507665725004724,True,0.9887183904647827
25.38684630393982,7,target_distance_terminal,truth,0.7912911176681519,1.1680121421813965,0.9401646852493286,0.39598381519317627,5.971725927756406,0.43692259027255764,0.05368138335435574,True,0.9401646852493286
25.42129421234131,7,target_distance_terminal,truth,0.8718393445014954,1.238002896308899,0.8145687580108643,0.36641785502433777,5.909367310219898,0.5537915679881681,0.05796012934881334,True,0.8145687580108643
25.456068754196167,6,target_distance_terminal,truth,0.9719545841217041,1.3981950283050537,0.8597294688224792,0.048053495585918427,5.800744613450149,0.7198361472420574,0.25435393388780553,True,0.8597294688224792
25.48863124847412,2,target_distance_terminal,truth,0.9516687393188477,1.764343023300171,0.9885364770889282,0.8058678507804871,5.970713318465142,0.6022528808219378,0.09696080941051069,True,0.9885364770889282
25.518445014953613,13,target_distance_terminal,truth,0.9390237927436829,1.1433978080749512,0.9988607168197632,0.9988607168197632,5.9405572514552905,0.7047156450595489,0.41773000046955183,True,0.9988607168197632
25.55244278907776,2,target_distance_terminal,truth,1.0313156843185425,1.7123736143112183,0.9998440742492676,0.7856306433677673,6.220447620752569,0.4708358866902616,0.11491073691082485,True,0.9998440742492676
25.58975124359131,7,target_distance_terminal,truth,0.984960675239563,1.5274423360824585,0.9994930028915405,0.9984424710273743,5.865411889279197,0.8847974143198126,0.08772079802926644,True,0.9994930028915405
25.619041919708252,14,target_distance_terminal,truth,3.1191961765289307,3.1191961765289307,0.9999958276748657,0.0006428248598240316,6.812149202184651,9.6116967608001e-05,0.0001022984196707248,True,0.9999958276748657
25.656123876571655,10,target_distance_terminal,truth,4.194005489349365,4.90040922164917,0.9999994039535522,0.0001178868260467425,6.485438530478621,0.41624162447044044,0.5739586066413483,True,0.9999994039535522
25.68609857559204,10,target_distance_terminal,truth,4.69520378112793,4.69520378112793,0.9999998807907104,0.0001381972833769396,6.699430704958503,0.2549433579595763,0.39034789611684173,True,0.9999998807907104
25.71965479850769,10,target_distance_terminal,truth,5.835761070251465,5.835761070251465,0.9999997615814209,0.0004379526653792709,7.000229248563182,0.011639110162419723,0.007834099345209199,True,0.9999997615814209
25.756189107894897,14,target_distance_terminal,truth,4.4520087242126465,4.4520087242126465,0.9999994039535522,0.14439377188682556,7.0438023296154455,0.041401346162929016,0.03196203453741994,True,0.9999994039535522
25.786946773529053,14,target_distance_terminal,truth,5.605611324310303,5.605611324310303,0.9999992847442627,0.8718680739402771,7.01345514926843,0.14670098500652698,0.09147310710485279,True,0.9999992847442627
25.820082187652588,10,target_distance_terminal,truth,3.117169141769409,3.117169141769409,0.9999998807907104,1.3992952517583035e-05,7.086230009813457,0.15170052103059117,0.13767245494561509,True,0.9999998807907104
25.856268167495728,10,target_distance_terminal,truth,7.367813587188721,7.367813587188721,0.9999998807907104,7.84779513196554e-06,6.992398723780784,0.33941852522564747,0.3799765383368051,True,0.9999998807907104
25.89342713356018,10,target_distance_terminal,truth,10.734071731567383,10.734071731567383,1.0,5.980482455925085e-06,7.341180358368238,0.07056226035596984,0.3053605180336588,True,1.0
25.920334100723267,6,target_distance_terminal,truth,5.658171653747559,6.932835578918457,1.0,0.0007452874560840428,7.354552244984713,0.14690648421776023,0.35664491403619886,True,1.0
25.95673894882202,13,target_distance_terminal,truth,2.7994587421417236,4.297189712524414,1.0,1.0,6.170653892069716,1.423908542372496,0.14346841993448078,True,1.0
25.987531185150146,13,target_distance_terminal,truth,1.327272653579712,2.418104648590088,1.0,1.0,4.89804605446636,2.8050541353594873,0.3738108291666902,True,1.0
26.021981477737427,13,target_distance_terminal,truth,2.8625094890594482,3.9060771465301514,1.0,1.0,4.926074395620337,2.9027972544011775,0.6298686096301122,True,1.0
26.05452799797058,13,target_distance_terminal,truth,1.4865750074386597,2.2949259281158447,1.0,1.0,4.486702617562773,3.481342031952057,0.8233326028224802,True,1.0
26.090714931488037,13,target_distance_terminal,truth,2.661019802093506,3.7520225048065186,1.0,0.9999997615814209,3.9155595975346564,4.24360693034226,1.0578205850485343,True,1.0
26.129055500030518,14,target_distance_terminal,truth,2.1605451107025146,2.457069158554077,1.0,1.0,3.168548656997652,4.986750389843175,0.2945912041943243,True,1.0
26.15851092338562,13,target_distance_terminal,truth,1.246686577796936,2.2516324520111084,1.0,0.9999997615814209,4.030541006121001,4.4118690914417265,1.2065304904714975,True,1.0
26.1879985332489,8,target_distance_terminal,truth,1.5611697435379028,2.4934847354888916,0.9999228715896606,0.9998717308044434,4.479539048156403,4.090035023856307,1.3034200515652212,True,0.9999228715896606
26.228044986724854,8,target_distance_terminal,truth,1.2486441135406494,1.746349573135376,0.9999978542327881,0.9999978542327881,4.841199937537217,3.8285411552202335,1.221125328617998,True,0.9999978542327881
26.268770694732666,9,target_distance_terminal,truth,1.905595302581787,2.442682981491089,0.9999986886978149,0.9999986886978149,6.525077742961732,2.1090394605881473,0.08973860641433494,True,0.9999986886978149
26.291930437088013,4,target_distance_terminal,truth,3.5062944889068604,4.645973205566406,0.9999979734420776,0.9997041821479797,8.350493536994247,0.4029695694586864,0.03317360294290667,True,0.9999979734420776
26.32095193862915,8,target_distance_terminal,truth,2.2134883403778076,2.7285215854644775,0.9999995231628418,0.9895035028457642,8.292696537481408,0.5810597660101635,0.1615710410932022,True,0.9999995231628418
26.357139110565186,9,target_distance_terminal,truth,1.5509581565856934,2.8937129974365234,0.9999998807907104,0.9999998807907104,7.336426412367039,1.6698702963850085,0.08857337400649574,True,0.9999998807907104
26.387977123260498,7,target_distance_terminal,truth,2.2821452617645264,2.2821452617645264,0.9999985694885254,0.0006146113155409694,8.168343782360944,0.9951831518665011,0.8388874081568825,True,0.9999985694885254
26.428754091262817,7,target_distance_terminal,truth,3.955605983734131,3.955605983734131,0.9999996423721313,0.03907626494765282,8.525580873124683,0.7289260438190832,0.6035290749811472,True,0.9999996423721313
26.45764660835266,7,target_distance_terminal,truth,2.7712247371673584,2.7712247371673584,1.0,0.8634846210479736,9.217559557968825,0.14171799990878317,0.0912461944410751,True,1.0
26.48904514312744,7,target_distance_terminal,truth,1.8524386882781982,1.8524386882781982,1.0,0.796340823173523,8.886915712671053,0.5864322167135267,0.30833760989635595,True,1.0
26.524383544921875,7,target_distance_terminal,truth,2.883295774459839,3.2081398963928223,0.9999998807907104,0.9760141372680664,8.960924408245528,0.6203471142491492,0.31337070572059683,True,0.9999998807907104
26.563136339187622,7,target_distance_terminal,truth,1.578673005104065,1.667833685874939,0.9999982118606567,0.9700309038162231,7.456435482553522,2.334475536640761,1.1876561833622516,True,0.9999982118606567
26.591912508010864,7,target_distance_terminal,truth,2.0966672897338867,3.350700616836548,0.9999040365219116,0.9703037738800049,6.559979396061921,3.501144868959412,1.8265493827708585,True,0.9999040365219116
26.62139654159546,7,target_distance_terminal,truth,1.9082560539245605,2.3132474422454834,0.9997140765190125,0.8745747804641724,7.845813536166312,2.1317183217925657,1.0439045096496802,True,0.9997140765190125
26.656973123550415,8,target_distance_terminal,truth,2.6877944469451904,3.60676908493042,0.9999749660491943,0.9999749660491943,7.324604564271177,2.737774725712501,0.7112878043476508,True,0.9999749660491943
26.691457986831665,4,target_distance_terminal,truth,4.283504486083984,5.6304802894592285,0.9999507665634155,0.9997147917747498,9.46383549448409,0.6712380688052499,0.037408904934561255,True,0.9999507665634155
26.720805406570435,4,target_distance_terminal,truth,5.236194610595703,6.645434379577637,0.9999309778213501,0.9987986087799072,8.556999140180304,1.6952356695918562,0.40536720801815024,True,0.9999309778213501
26.75871443748474,9,target_distance_terminal,truth,4.329622745513916,4.329622745513916,0.9999735355377197,0.9997655749320984,7.897515502896888,2.4959617240027367,0.6771394466531054,True,0.9999735355377197
26.78734254837036,8,target_distance_terminal,truth,2.846679925918579,3.2497806549072266,0.9999991655349731,0.9999991655349731,5.422145887531402,5.28544953284169,1.5783598620347248,True,0.9999991655349731
26.82361102104187,8,target_distance_terminal,truth,2.869675636291504,3.2230429649353027,0.9999860525131226,0.9999860525131226,7.045307239791939,3.648639346546207,1.2516259030227395,True,0.9999860525131226
26.857571840286255,8,target_distance_terminal,truth,2.059509754180908,3.2873737812042236,0.9999814033508301,0.9999814033508301,7.169775748296012,3.6889570608295155,1.4694971673833723,True,0.9999814033508301
26.900760889053345,8,target_distance_terminal,truth,1.6188751459121704,2.5647497177124023,0.9999984502792358,0.9999984502792358,6.279968533291522,4.744087828784167,1.5974629990693332,True,0.9999984502792358
26.924627542495728,8,target_distance_terminal,truth,1.4374583959579468,2.383939504623413,0.9999996423721313,0.9999994039535522,5.6133601435285785,5.6676164162322475,1.9579430373420939,True,0.9999996423721313
26.957857847213745,8,target_distance_terminal,truth,1.5316988229751587,1.9494402408599854,0.9999991655349731,0.9999991655349731,6.103331837025636,5.144685786737725,1.5281048119450262,True,0.9999991655349731
26.992027282714844,8,target_distance_terminal,truth,1.0614995956420898,1.484671711921692,0.9999992847442627,0.9999992847442627,6.387344224376481,4.914382634979612,1.323627836543692,True,0.9999992847442627
27.020772695541382,8,target_distance_terminal,truth,1.0022751092910767,1.7199877500534058,0.9999998807907104,0.9999998807907104,5.9271033938346385,5.564547336934487,1.6015853531946485,True,0.9999998807907104
27.056158304214478,8,target_distance_terminal,truth,1.982183814048767,2.7799065113067627,1.0,0.9999998807907104,6.830228845637094,4.6731449491184645,1.2395828706324215,True,1.0
27.094876766204834,4,target_distance_terminal,truth,2.713372230529785,3.308220148086548,0.9999998807907104,0.9999943971633911,5.29207645040963,6.263653349998859,0.8164959586309847,True,0.9999998807907104
27.12266707420349,3,target_distance_terminal,truth,2.183243751525879,2.746673345565796,0.9999998807907104,0.9999963045120239,6.245097973041651,5.675437656405264,2.001166408331714,True,0.9999998807907104
27.1544668674469,4,target_distance_terminal,truth,2.263143539428711,2.267688035964966,0.9999996423721313,0.9999996423721313,5.818296372776684,5.960810780064224,1.0367118997613187,True,0.9999996423721313
27.20074725151062,4,target_distance_terminal,truth,3.5876476764678955,3.8575377464294434,0.9999954700469971,0.9999954700469971,5.069811568744088,6.84173824780097,1.1335663310842625,True,0.9999954700469971
27.227432250976562,4,target_distance_terminal,truth,2.765425443649292,2.803589105606079,0.9999988079071045,0.9999988079071045,5.520407795839323,6.48741064363204,1.2187663114834046,True,0.9999988079071045
27.254759311676025,4,target_distance_terminal,truth,1.9465733766555786,1.987696647644043,0.9999992847442627,0.9999992847442627,6.07260084371929,5.955082052500546,0.9958303242664518,True,0.9999992847442627
27.290040493011475,4,target_distance_terminal,truth,2.40213680267334,2.40213680267334,0.9999997615814209,0.9999997615814209,6.049787395318962,6.065913029530711,1.0765800653832904,True,0.9999997615814209
27.32585620880127,4,target_distance_terminal,truth,2.943289279937744,2.943289279937744,0.9999998807907104,0.9999998807907104,6.208822956768488,6.018985495406936,1.3371106548325922,True,0.9999998807907104
27.35560917854309,4,target_distance_terminal,truth,3.3488779067993164,3.3488779067993164,0.9999997615814209,0.9999997615814209,6.404635431781839,5.929485682699075,1.5703876353502182,True,0.9999997615814209
27.38746666908264,4,target_distance_terminal,truth,2.2701683044433594,2.3209171295166016,1.0,1.0,6.4124097535075775,5.859249597531599,1.0286722506963606,True,1.0
27.42837119102478,4,target_distance_terminal,truth,1.5048075914382935,1.692205786705017,0.9999998807907104,0.9999998807907104,6.294742662050899,5.958577777901978,0.6160031536639273,True,0.9999998807907104
27.453133821487427,4,target_distance_terminal,truth,1.8109601736068726,1.8915324211120605,1.0,1.0,5.826411671419618,6.470264797808403,0.5636766488389153,True,1.0
27.490039825439453,3,target_distance_terminal,truth,1.502454161643982,1.502454161643982,0.9999994039535522,0.9999994039535522,5.9088817981952175,6.648283059659213,1.7654336432454898,True,0.9999994039535522
27.522624254226685,3,target_distance_terminal,truth,1.5420564413070679,1.6036596298217773,1.0,1.0,5.600133582553731,6.904728951939474,1.4626663927500976,True,1.0
27.558541774749756,3,target_distance_terminal,truth,1.3953511714935303,1.5275495052337646,1.0,1.0,5.300033421517056,7.10237940790367,0.9818043116157125,True,1.0
27.588435649871826,3,target_distance_terminal,truth,1.2235630750656128,1.5999977588653564,0.9999998807907104,0.9999998807907104,5.717825681941863,6.640608407063872,0.6515687333464589,True,0.9999998807907104
27.626915216445923,3,target_distance_terminal,truth,1.303735375404358,1.6653103828430176,0.9999998807907104,0.9999998807907104,5.792427099961412,6.543668474146471,0.5972552558791286,True,0.9999998807907104
27.659957885742188,3,target_distance_terminal,truth,1.4607701301574707,1.7365081310272217,1.0,1.0,5.583449946451531,6.749282236586837,0.5639993061527925,True,1.0
27.68953013420105,3,target_distance_terminal,truth,2.1361160278320312,2.459867000579834,0.9999995231628418,0.9999995231628418,5.965925175172588,6.394795275573842,0.8591412521229791,True,0.9999995231628418
27.722084999084473,3,target_distance_terminal,truth,2.855748176574707,3.1471712589263916,0.9999996423721313,0.9999996423721313,5.717477356045902,6.64132268327125,0.8935670590303966,True,0.9999996423721313
27.764025926589966,3,target_distance_terminal,truth,3.391758441925049,3.759600877761841,0.9999996423721313,0.9999979734420776,5.168476967603685,7.21018051790088,1.1601218848353794,True,0.9999996423721313
27.78809881210327,3,target_distance_terminal,truth,4.047112464904785,4.398608684539795,0.9999998807907104,0.9999709129333496,4.883088614840783,7.428278292732519,0.9009257896358482,True,0.9999998807907104
27.823511362075806,3,target_distance_terminal,truth,3.6393446922302246,4.152768135070801,0.9999997615814209,0.9999915361404419,4.7588841845739065,7.497884581486748,0.7018009536217467,True,0.9999997615814209
27.858546257019043,3,target_distance_terminal,truth,2.64401912689209,2.920809507369995,0.9999998807907104,0.9999988079071045,4.84610275608398,7.328545086582125,0.5160503783571013,True,0.9999998807907104
27.888090133666992,3,target_distance_terminal,truth,2.6539244651794434,2.842963695526123,0.9999998807907104,0.999998927116394,4.944509269624932,7.196986991203175,0.4947501970333893,True,0.9999998807907104
27.922198057174683,3,target_distance_terminal,truth,2.704942464828491,2.8900794982910156,0.9999997615814209,0.9999970197677612,4.9528692090497275,7.152173206724234,0.46456210445362434,True,0.9999997615814209
27.95789861679077,3,target_distance_terminal,truth,2.691272497177124,3.003150224685669,0.9999997615814209,0.9999806880950928,5.137215687951583,6.891060069475686,0.40844377372426866,True,0.9999997615814209
27.991009950637817,3,target_distance_terminal,truth,1.617311716079712,1.8211393356323242,0.9999998807907104,0.9999743700027466,5.840459591986494,6.135151260861778,0.2069918022164976,True,0.9999998807907104
28.024471521377563,8,target_distance_terminal,truth,1.3250900506973267,2.41339373588562,1.0,1.0,6.252263809381971,5.682067683642516,0.24924330256698224,True,1.0
28.054943799972534,8,target_distance_terminal,truth,1.4145591259002686,2.181408405303955,0.9999995231628418,0.9999995231628418,7.174427388886391,4.712830770202658,0.19736933907940662,True,0.9999995231628418
28.094617128372192,8,target_distance_terminal,truth,1.534078598022461,2.030290126800537,1.0,1.0,6.068482116458876,5.743882106604636,0.39163146557514206,True,1.0
28.12395668029785,8,target_distance_terminal,truth,1.6584551334381104,2.159944772720337,0.9999994039535522,0.9999994039535522,7.444330088742034,4.328761804283056,0.577384724757905,True,0.9999994039535522
28.154983043670654,3,target_distance_terminal,truth,2.6790080070495605,3.4153573513031006,0.9999998807907104,0.9999958276748657,7.390219474152325,4.532447272020384,1.7986371748740728,True,0.9999998807907104
28.189419507980347,3,target_distance_terminal,truth,2.7130565643310547,3.242340087890625,1.0,1.0,6.793443631627161,5.133928407009982,2.050597874018108,True,1.0
28.22036051750183,9,target_distance_terminal,truth,2.9312174320220947,2.9312174320220947,1.0,0.9984966516494751,11.058380530634036,0.5097486592950907,0.4391304773919601,True,1.0
28.25718355178833,9,target_distance_terminal,truth,4.692712783813477,5.6113972663879395,0.9999998807907104,0.9930101037025452,6.802679054795494,4.838593770434205,1.5160331087968566,True,0.9999998807907104
28.286184072494507,7,target_distance_terminal,truth,4.554997444152832,5.735730171203613,1.0,1.0,5.316346379525743,6.2017794513758755,1.0110809333477109,True,1.0
28.32840895652771,7,target_distance_terminal,truth,1.913031816482544,3.1361262798309326,1.0,0.9999994039535522,5.546345187652599,5.912968398972916,1.159990265828266,True,1.0
28.35180926322937,10,target_distance_terminal,truth,3.5940849781036377,4.455538272857666,1.0,0.012114319019019604,8.718212449623636,2.735313035183311,1.4673763974613327,True,1.0
28.38605546951294,12,target_distance_terminal,truth,1.8882637023925781,2.5771446228027344,1.0,1.0,5.417849300143101,5.9140934382744605,0.9240794154677983,True,1.0
28.41809320449829,13,target_distance_terminal,truth,1.6440882682800293,2.0870723724365234,1.0,0.9999995231628418,6.262585606532991,5.075365857589784,1.2314418498912514,True,1.0
28.45244598388672,13,target_distance_terminal,truth,1.259147047996521,1.6136573553085327,1.0,1.0,6.176301430169509,5.0289420905746764,0.5296329834767656,True,1.0
28.488826513290405,13,target_distance_terminal,truth,1.1897447109222412,1.9000775814056396,1.0,1.0,5.945392992858371,5.197014413816923,0.49090871738931713,True,1.0
28.521179914474487,13,target_distance_terminal,truth,1.409162998199463,2.0138297080993652,1.0,1.0,5.964067939291136,5.2172457814559765,0.9948566829478042,True,1.0
28.55947995185852,13,target_distance_terminal,truth,0.9476685523986816,1.2619407176971436,1.0,1.0,5.957962492627731,5.221127032184316,1.2371490306703086,True,1.0
28.584930896759033,12,target_distance_terminal,truth,1.833985447883606,2.922245979309082,1.0,1.0,5.77572713573526,5.383614720769211,1.0648705292208065,True,1.0
28.61945080757141,2,target_distance_terminal,truth,4.788528919219971,6.011996746063232,1.0,0.9999994039535522,8.164574318615767,2.862395617030411,0.3102716530300954,True,1.0
28.658955097198486,12,target_distance_terminal,truth,2.0497660636901855,3.5202221870422363,1.0,1.0,6.0731140387433316,4.994484605274257,0.9849378019764581,True,1.0
28.684977531433105,12,target_distance_terminal,truth,2.7780849933624268,4.018226623535156,1.0,1.0,8.406092437873037,2.6074375056489156,0.3768161026882291,True,1.0
28.718847274780273,11,target_distance_terminal,truth,1.4937314987182617,2.820838212966919,1.0,1.0,6.7040632378996445,4.290131953841328,0.45956292470198823,True,1.0
28.756202936172485,12,target_distance_terminal,truth,2.993053674697876,4.000275135040283,1.0,1.0,6.252637673595526,4.7164838496539385,0.3953417276660764,True,1.0
28.786184072494507,3,target_distance_terminal,truth,3.3830816745758057,4.462490558624268,1.0,0.9999934434890747,9.033555048052804,1.9271467092706371,0.0992911828481607,True,1.0
28.821699142456055,4,target_distance_terminal,truth,6.488319396972656,6.488319396972656,1.0,0.776465892791748,9.605229074863473,1.3844095895565451,0.6614516450195336,True,1.0
28.854563236236572,5,target_distance_terminal,truth,4.997905731201172,6.352975368499756,1.0,0.988885760307312,6.975998189366135,4.375757773493465,2.2564710109602615,True,1.0
28.886735200881958,12,target_distance_terminal,truth,1.5734307765960693,2.528700590133667,1.0,1.0,7.122520494920486,3.855853436197151,0.2769594154880739,True,1.0
28.91849446296692,12,target_distance_terminal,truth,0.9793243408203125,1.8109246492385864,1.0,1.0,6.751312800428327,4.251727025804965,0.4114598101146006,True,1.0
28.960763692855835,12,target_distance_terminal,truth,1.037400245666504,1.8246102333068848,1.0,1.0,6.7360839207448295,4.274393878962113,0.42511468389816226,True,1.0
28.99077534675598,12,target_distance_terminal,truth,1.7679706811904907,2.3302576541900635,1.0,1.0,6.219111477239002,4.813841210466154,0.3628866224326475,True,1.0
29.0193874835968,12,target_distance_terminal,truth,1.7715853452682495,2.0449180603027344,1.0,1.0,6.190181155521482,4.868530625209356,0.31065793461683794,True,1.0
29.054627418518066,14,target_distance_terminal,truth,4.469869136810303,4.469869136810303,1.0,0.5202920436859131,11.05074965591396,0.032069599173193485,0.08098808537629897,True,1.0
29.08774161338806,7,target_distance_terminal,truth,1.2330024242401123,2.7050585746765137,1.0,1.0,6.458696695818241,4.651157077086246,0.19488239617619355,True,1.0
29.118338584899902,7,target_distance_terminal,truth,0.9904735088348389,1.6880011558532715,1.0,0.9999996423721313,6.523782071647782,4.623497127647179,0.18370603793804102,True,1.0
29.152464628219604,7,target_distance_terminal,truth,1.1558688879013062,1.744908094406128,1.0,0.9999996423721313,6.197218221221957,4.999192162720856,0.3755886070825311,True,1.0
29.185901880264282,13,target_distance_terminal,truth,1.6892443895339966,2.533193826675415,1.0,1.0,6.738878685234973,4.530188750921467,0.8031154451931338,True,1.0
29.222779512405396,13,target_distance_terminal,truth,2.198326826095581,2.9985668659210205,1.0,1.0,6.4409565807565965,4.874333952323262,0.7813803133679036,True,1.0
29.25415873527527,7,target_distance_terminal,truth,1.3002779483795166,2.7806122303009033,1.0,0.9999994039535522,5.917534344211097,5.752851257526336,2.0151970024584815,True,1.0
29.286850452423096,7,target_distance_terminal,truth,1.4092930555343628,1.9607776403427124,1.0,0.9999731779098511,6.475664503755925,5.341802053091823,2.3840075876119657,True,1.0
29.32837677001953,7,target_distance_terminal,truth,0.8069908618927002,1.244606375694275,1.0,0.9999691247940063,6.520659013325399,5.218560357046157,2.043525100435788,True,1.0
29.352052927017212,8,target_distance_terminal,truth,0.9041276574134827,1.403524398803711,1.0,1.0,5.425061295661761,6.06427388490484,0.47793817279839507,True,1.0
29.38701343536377,8,target_distance_terminal,truth,0.7446703314781189,1.2524186372756958,1.0,1.0,5.8896175149481556,5.707839183622493,0.9658798468601212,True,1.0
29.421268224716187,8,target_distance_terminal,truth,0.7433667778968811,1.0487700700759888,1.0,1.0,6.800073459904984,4.838796633100254,0.9575954753943575,True,1.0
29.45594620704651,8,target_distance_terminal,truth,0.5936453342437744,1.07100248336792,1.0,1.0,5.372833573861531,6.293615117420316,0.7116973610641306,True,1.0
29.487181186676025,8,target_distance_terminal,truth,0.6140906810760498,1.0138957500457764,1.0,1.0,5.135377777654823,6.580744892326609,0.6871048161230923,True,1.0
29.520451307296753,3,target_distance_terminal,truth,0.601699709892273,0.7714464664459229,1.0,0.9999996423721313,6.069503333812219,5.704225621336562,0.8139037615081298,True,1.0
29.56038188934326,7,target_distance_terminal,truth,0.6169201731681824,0.9727002382278442,0.9999997615814209,0.9999996423721313,6.543992900339362,5.454756008760703,1.7559919843707132,True,0.9999997615814209
29.587079763412476,3,target_distance_terminal,truth,0.7573592066764832,0.890544056892395,0.9998500347137451,0.9998500347137451,7.388983906254606,4.467647627388904,0.8961987015553197,True,0.9998500347137451
29.61993980407715,3,target_distance_terminal,truth,1.050653338432312,1.2853400707244873,0.9999663829803467,0.9999663829803467,7.054296197754021,4.853974637242144,0.9617412395923349,True,0.9999663829803467
29.658076763153076,2,target_distance_terminal,truth,1.469153881072998,1.6271253824234009,0.9999984502792358,0.9997027516365051,6.904263448746732,5.31236139131647,2.163279440883356,True,0.9999984502792358
29.695452451705933,4,target_distance_terminal,truth,1.6715573072433472,1.8020875453948975,0.999998927116394,0.9995032548904419,6.492742115385234,5.400447216743252,0.22976217394987936,True,0.999998927116394
29.72041392326355,4,target_distance_terminal,truth,1.488831877708435,1.7213211059570312,0.9999983310699463,0.9995735287666321,6.410519021629176,5.524422193741301,0.25830674863435416,True,0.9999983310699463
29.753191709518433,4,target_distance_terminal,truth,1.8314077854156494,1.9913170337677002,0.9999986886978149,0.9998014569282532,6.213107447296299,5.750501350380721,0.3312653190032326,True,0.9999986886978149
29.788769006729126,4,target_distance_terminal,truth,1.9673463106155396,2.0511767864227295,0.9999990463256836,0.9997105002403259,6.238635277112337,5.7415635607222795,0.4921355157216664,True,0.9999990463256836
29.822712898254395,4,target_distance_terminal,truth,1.6008367538452148,1.637283444404602,0.9999960660934448,0.9994045495986938,6.246070526575539,5.766872754976764,0.6634049279204375,True,0.9999960660934448
29.852397441864014,4,target_distance_terminal,truth,1.3146580457687378,1.372849702835083,0.9999955892562866,0.99777752161026,6.3953521327854554,5.637458821106102,0.7306857961308386,True,0.9999955892562866
29.88733410835266,4,target_distance_terminal,truth,1.2548044919967651,1.3873565196990967,0.9999982118606567,0.9963911175727844,6.383333872025804,5.642429774227551,0.7516807664271983,True,0.9999982118606567
29.92601180076599,4,target_distance_terminal,truth,1.330382227897644,1.496901035308838,0.9999992847442627,0.997858464717865,6.0994148182871015,5.927133670654925,0.8592011359061462,True,0.9999992847442627
29.95600914955139,2,target_distance_terminal,truth,1.0949971675872803,1.3085006475448608,0.9999988079071045,0.9999918937683105,6.344992776396335,5.949541009650054,2.013389444926286,True,0.9999988079071045
29.987518787384033,2,target_distance_terminal,truth,0.9889280796051025,1.0930187702178955,0.9999985694885254,0.9999969005584717,6.361042869987298,5.925772794895912,1.999612443674094,True,0.9999985694885254
30.03454899787903,2,target_distance_terminal,truth,0.8475788235664368,0.9993289709091187,0.9999998807907104,0.9999808073043823,6.758388114451807,5.454111703524302,1.9176696824444366,True,0.9999998807907104
30.05578064918518,4,target_distance_terminal,truth,0.8649160861968994,1.0409352779388428,0.9999996423721313,0.9905331134796143,7.9504177871409665,4.05027301213285,1.0901881161761768,True,0.9999996423721313
30.09376883506775,7,target_distance_terminal,truth,0.8064072132110596,1.0844526290893555,0.9999995231628418,0.9999995231628418,8.124094207368005,3.8669328957768596,1.1175732677352033,True,0.9999995231628418
30.120722770690918,7,target_distance_terminal,truth,0.8383684158325195,1.072608232498169,0.9999998807907104,0.9999998807907104,7.4321255990361985,4.5633532048607055,1.1902259775575699,True,0.9999998807907104
30.156107187271118,7,target_distance_terminal,truth,0.6815807819366455,1.0089061260223389,1.0,1.0,6.657539946278369,5.334787484992815,1.343429636080392,True,1.0
30.189634323120117,7,target_distance_terminal,truth,0.5763152241706848,0.9054842591285706,1.0,1.0,5.619183963110824,6.386336352853208,1.3673741517081623,True,1.0
30.21968936920166,7,target_distance_terminal,truth,0.5202146768569946,0.932259202003479,1.0,1.0,5.189686616333909,6.72592353944497,1.008720250785036,True,1.0
