t,x,y,z,vx,vy,vz,target_x,target_y,target_z,dist3,dist_xy
0.133622407913208,0.0,0.0,2.008426555853354,0.0,0.0,-0.0017397504216212106,2.0,0.0,2.0,2.0000177516321074,2.0
0.1436471939086914,0.0,0.0,2.0084093980276077,0.0,0.0,-0.0016919721402489233,2.0,0.0,2.0,2.0000176794156563,2.0
0.15363216400146484,0.0,0.0,2.00839271319836,0.0,0.0,-0.0016451341091316442,2.0,0.0,2.0,2.000017609331185,2.0
0.16361713409423828,0.0,0.0,2.0083764927451946,0.0,0.0,-0.0015991126109838544,2.0,0.0,2.0,2.000017541330753,2.0
0.17364883422851562,0.0,0.0,2.0083607277634887,0.0,0.0,-0.0015540228284565071,2.0,0.0,2.0,2.0000174753658366,2.0
0.18361520767211914,0.0,0.0,2.0083454097132747,0.0,0.0,-0.0015097416281936392,2.0,0.0,2.0,2.0000174113900315,2.0
0.19362163543701172,0.0,0.0,2.00833052978381,0.0,0.0,-0.001466381803679333,2.0,0.0,2.0,2.0000173493563698,2.0
0.20362138748168945,0.0,0.0,2.0083160795323822,0.0,0.0,-0.0014238206771696323,2.0,0.0,2.0,2.000017289219968,2.0
0.21363019943237305,0.0,0.0,2.008302050271424,0.0,0.0,-0.0013821669311543702,2.0,0.0,2.0,2.000017230935451,2.0
0.2236495018005371,0.0,0.0,2.0082884336879867,0.0,0.0,-0.0013412996704612438,2.0,0.0,2.0,2.0000171744595097,2.0
0.23364686965942383,0.0,0.0,2.0082752212252024,0.0,0.0,-0.0013013262934163388,2.0,0.0,2.0,2.00001711974831,2.0
0.24368047714233398,0.0,0.0,2.008262404695861,0.0,0.0,-0.0012621265826130276,2.0,0.0,2.0,2.0000170667600212,2.0
0.25362277030944824,0.0,0.0,2.008249975704207,0.0,0.0,-0.0012238023633337973,2.0,0.0,2.0,2.0000170154523986,2.0
0.2636399269104004,0.0,0.0,2.008237926232925,0.0,0.0,-0.001186236123681545,2.0,0.0,2.0,2.0000169657851954,2.0
0.27365994453430176,0.0,0.0,2.0082262480469697,0.0,0.0,-0.0011495293055458148,2.0,0.0,2.0,2.0000169177176805,2.0
0.28362250328063965,0.0,0.0,2.008214933275784,0.0,0.0,-0.001113566338220625,2.0,0.0,2.0,2.000016871211022,2.0
0.29363512992858887,0.0,0.0,2.008203973844159,0.0,0.0,-0.0010784456535269916,2.0,0.0,2.0,2.0000168262259286,2.0
0.30358290672302246,0.0,0.0,2.008193362040885,0.0,0.0,-0.0010440530859311856,2.0,0.0,2.0,2.0000167827249684,2.0
0.31366777420043945,0.0,0.0,2.00818308997704,0.0,0.0,-0.0010104822502949146,2.0,0.0,2.0,2.0000167406703304,2.0
0.3236348628997803,0.0,0.0,2.008173150131163,0.0,0.0,-0.0009776216500619948,2.0,0.0,2.0,2.000016700026044,2.0
0.3336169719696045,0.0,0.0,2.008163534806593,0.0,0.0,-0.0009455628631297975,2.0,0.0,2.0,2.0000166607557395,2.0
0.3436391353607178,0.0,0.0,2.008154236664019,0.0,0.0,-0.0009141971150673987,2.0,0.0,2.0,2.0000166228248135,2.0
0.35362982749938965,0.0,0.0,2.008145248193119,0.0,0.0,-0.0008836137694074114,2.0,0.0,2.0,2.000016586198256,2.0
0.36360931396484375,0.0,0.0,2.0081365622335476,0.0,0.0,-0.0008537060460563427,2.0,0.0,2.0,2.0000165508427625,2.0
0.37366580963134766,0.0,0.0,2.0081281714758084,0.0,0.0,-0.0008245589283865991,2.0,0.0,2.0,2.0000165167246844,2.0
0.3836221694946289,0.0,0.0,2.0081200689612855,0.0,0.0,-0.000796068032245837,2.0,0.0,2.0,2.000016483812055,2.0
0.3936455249786377,0.0,0.0,2.0081122475984436,0.0,0.0,-0.0007683144753404523,2.0,0.0,2.0,2.000016452072607,2.0
0.4036293029785156,0.0,0.0,2.008104700641882,0.0,0.0,-0.0007411972467433407,2.0,0.0,2.0,2.0000164214757072,2.0
0.41367125511169434,0.0,0.0,2.008097421209696,0.0,0.0,-0.0007147959493050591,2.0,0.0,2.0,2.0000163919903873,2.0
0.423656702041626,0.0,0.0,2.0080904027514985,0.0,0.0,-0.0006890126805952435,2.0,0.0,2.0,2.000016363587229,2.0
0.43364429473876953,0.0,0.0,2.0080836385812537,0.0,0.0,-0.0006639251157198008,2.0,0.0,2.0,2.00001633623646,2.0
0.44365453720092773,0.0,0.0,2.0080771223358025,0.0,0.0,-0.0006394369622779892,2.0,0.0,2.0,2.0000163099098036,2.0
0.4536299705505371,0.0,0.0,2.0080708475528897,0.0,0.0,-0.0006156196042494002,2.0,0.0,2.0,2.000016284578759,2.0
0.4636571407318115,0.0,0.0,2.008064808097686,0.0,0.0,-0.0005923809276540443,2.0,0.0,2.0,2.0000162602163147,2.0
0.47365355491638184,0.0,0.0,2.0080589977122085,0.0,0.0,-0.0005697932419289987,2.0,0.0,2.0,2.000016236795123,2.0
0.48363375663757324,0.0,0.0,2.0080534104418586,0.0,0.0,-0.0005477667467983215,2.0,0.0,2.0,2.0000162142892104,2.0
0.49364542961120605,0.0,0.0,2.0080480402301104,0.0,0.0,-0.0005263693918929912,2.0,0.0,2.0,2.000016192672336,2.0
0.5036275386810303,0.0,0.0,2.0080428813245543,0.0,0.0,-0.0005055137873204718,2.0,0.0,2.0,2.0000161719196177,2.0
0.5136368274688721,0.0,0.0,2.008037927886966,0.0,0.0,-0.0004852640283358474,2.0,0.0,2.0,2.000016152005957,2.0
0.5236444473266602,0.0,0.0,2.0080331743795985,0.0,0.0,-0.0004655355097609683,2.0,0.0,2.0,2.000016132907586,2.0
0.5336251258850098,0.0,0.0,2.008028615191768,0.0,0.0,-0.0004463887498778534,2.0,0.0,2.0,2.0000161146005544,2.0
0.5436074733734131,0.0,0.0,2.0080242450060264,0.0,0.0,-0.00042774272986312154,2.0,0.0,2.0,2.0000160970622,2.0
0.5536739826202393,0.0,0.0,2.008020058426564,0.0,0.0,-0.0004096566116260608,2.0,0.0,2.0,2.000016080269648,2.0
0.5636463165283203,0.0,0.0,2.0080160503348257,0.0,0.0,-0.0003920526016220828,2.0,0.0,2.0,2.000016064201228,2.0
0.5736513137817383,0.0,0.0,2.008012215533724,0.0,0.0,-0.0003749880211141408,2.0,0.0,2.0,2.0000160488350485,2.0
0.5836396217346191,0.0,0.0,2.0080085490916306,0.0,0.0,-0.00035838794300733346,2.0,0.0,2.0,2.0000160341503648,2.0
0.5936293601989746,0.0,0.0,2.0080050460013226,0.0,0.0,-0.0003423075821578395,2.0,0.0,2.0,2.0000160201262096,2.0
0.6036176681518555,0.0,0.0,2.0080017015127467,0.0,0.0,-0.00032667408474940335,2.0,0.0,2.0,2.0000160067427206,2.0
0.6136527061462402,0.0,0.0,2.007998510821412,0.0,0.0,-0.0003115383450815039,2.0,0.0,2.0,2.000015993979888,2.0
0.623654842376709,0.0,0.0,2.0079954693791833,0.0,0.0,-0.0002968305445015666,2.0,0.0,2.0,2.0000159818187937,2.0
0.6336545944213867,0.0,0.0,2.007992572582823,0.0,0.0,-0.00028259981286765786,2.0,0.0,2.0,2.000015970240361,2.0
0.6436479091644287,0.0,0.0,2.007989816074202,0.0,0.0,-0.00026877865800813556,2.0,0.0,2.0,2.0000159592265505,2.0
0.6536457538604736,0.0,0.0,2.00798719545907,0.0,0.0,-0.0002554120769418286,2.0,0.0,2.0,2.0000159487592346,2.0
0.6636598110198975,0.0,0.0,2.0079847065834184,0.0,0.0,-0.00024243694400632605,2.0,0.0,2.0,2.0000159388212944,2.0
0.6736681461334229,0.0,0.0,2.0079823452222056,0.0,0.0,-0.0002299007313751222,2.0,0.0,2.0,2.000015929395375,2.0
0.6836366653442383,0.0,0.0,2.0079801073648564,0.0,0.0,-0.00021774117234233287,2.0,0.0,2.0,2.0000159204650236,2.0
0.6936302185058594,0.0,0.0,2.0079779889770704,0.0,0.0,-0.00020599845890879683,2.0,0.0,2.0,2.0000159120137315,2.0
0.7036590576171875,0.0,0.0,2.0079759862521183,0.0,0.0,-0.0001946137689076611,2.0,0.0,2.0,2.000015904025939,2.0
0.7136666774749756,0.0,0.0,2.007974095341821,0.0,0.0,-0.00018362767681735434,2.0,0.0,2.0,2.0000158964859556,2.0
0.7236394882202148,0.0,0.0,2.0079723126062268,0.0,0.0,-0.00017298327124498915,2.0,0.0,2.0,2.000015889378955,2.0
0.7336223125457764,0.0,0.0,2.0079706343886405,0.0,0.0,-0.00016271646925360088,2.0,0.0,2.0,2.0000158826900742,2.0
0.7436635494232178,0.0,0.0,2.0079690572402678,0.0,0.0,-0.0001527743370811589,2.0,0.0,2.0,2.0000158764053095,2.0
0.7536547183990479,0.0,0.0,2.007967577664015,0.0,0.0,-0.00014319497899938769,2.0,0.0,2.0,2.00001587051049,2.0
0.7636628150939941,0.0,0.0,2.007966192344977,0.0,0.0,-0.00013392729917925038,2.0,0.0,2.0,2.0000158649921946,2.0
0.7736709117889404,0.0,0.0,2.0079648979360547,0.0,0.0,-0.0001250061003353436,2.0,0.0,2.0,2.0000158598368993,2.0
0.7835814952850342,0.0,0.0,2.007963925731829,0.0,0.0,-0.00011807893562166653,2.0,0.0,2.0,2.0000158559654126,2.0
0.7935924530029297,0.0,0.0,2.007962786980958,0.0,0.0,-0.00010972327298657781,2.0,0.0,2.0,2.000015851431309,2.0
0.8036239147186279,0.0,0.0,2.007961730319006,0.0,0.0,-0.000101662186984887,2.0,0.0,2.0,2.0000158472246343,2.0
0.8136043548583984,0.0,0.0,2.007960752685056,0.0,0.0,-9.391046169297044e-05,2.0,0.0,2.0,2.0000158433330752,2.0
0.8235983848571777,0.0,0.0,2.0079598512653347,0.0,0.0,-8.64230393850219e-05,2.0,0.0,2.0,2.000015839745317,2.0
0.8335757255554199,0.0,0.0,2.0079590232227194,0.0,0.0,-7.922921856342934e-05,2.0,0.0,2.0,2.000015836449967,2.0
0.8436422348022461,0.0,0.0,2.007958265875587,0.0,0.0,-7.228748404625815e-05,2.0,0.0,2.0,2.000015833436262,2.0
0.8536050319671631,0.0,0.0,2.0079575765175197,0.0,0.0,-6.562585492158273e-05,2.0,0.0,2.0,2.0000158306933553,2.0
0.8635861873626709,0.0,0.0,2.0079569525914076,0.0,0.0,-5.9204091606495445e-05,2.0,0.0,2.0,2.0000158282110023,2.0
0.8736703395843506,0.0,0.0,2.007956391534174,0.0,0.0,-5.304671205849194e-05,2.0,0.0,2.0,2.000015825978946,2.0
0.8835933208465576,0.0,0.0,2.007955890932166,0.0,0.0,-4.7116304684540877e-05,2.0,0.0,2.0,2.0000158239875314,2.0
0.8936541080474854,0.0,0.0,2.0079554483462845,0.0,0.0,-4.143850629933443e-05,2.0,0.0,2.0,2.0000158222270117,2.0
0.9036188125610352,0.0,0.0,2.00795506147038,0.0,0.0,-3.597695163857698e-05,2.0,0.0,2.0,2.000015820688176,2.0
0.913611888885498,0.0,0.0,2.007954727995791,0.0,0.0,-3.075338975106621e-05,2.0,0.0,2.0,2.000015819361809,2.0
0.923630952835083,0.0,0.0,2.0079544457265652,0.0,0.0,-2.574105102922755e-05,2.0,0.0,2.0,2.00001581823915,2.0
0.933647871017456,0.0,0.0,2.0079542124032517,0.0,0.0,-2.0956976140995634e-05,2.0,0.0,2.0,2.0000158173111924,2.0
0.943619966506958,0.0,0.0,2.0079540259739024,0.0,0.0,-1.6364590012993657e-05,2.0,0.0,2.0,2.0000158165697575,2.0
0.9536018371582031,0.0,0.0,2.007953884392339,0.0,0.0,-1.1983114690956787e-05,2.0,0.0,2.0,2.000015816006695,2.0
0.9636595249176025,0.0,0.0,2.0079537857337053,0.0,0.0,-7.78249338521728e-06,2.0,0.0,2.0,2.000015815614341,2.0
0.9735987186431885,0.0,0.0,2.00795372805801,0.0,0.0,-3.7825334672987783e-06,2.0,0.0,2.0,2.0000158153849736,2.0
0.9835648536682129,0.0,0.0,2.0079537095347186,0.0,0.0,4.617082657902946e-08,2.0,0.0,2.0,2.00001581531131,2.0
0.9936420917510986,0.0,0.0,2.007953728344517,0.0,0.0,3.6879926511191875e-06,2.0,0.0,2.0,2.0000158153861127,2.0
1.0035831928253174,0.0,0.0,2.0079537827823364,0.0,0.0,7.16941704390243e-06,2.0,0.0,2.0,2.0000158156026036,2.0
1.0135867595672607,0.0,0.0,2.007953871122678,0.0,0.0,1.0472002996905466e-05,2.0,0.0,2.0,2.000015815953923,2.0
1.0236077308654785,0.0,0.0,2.0079539917335976,0.0,0.0,1.3621939266589962e-05,2.0,0.0,2.0,2.0000158164335846,2.0
1.033618450164795,0.0,0.0,2.00795414299428,0.0,0.0,1.6605444979519053e-05,2.0,0.0,2.0,2.0000158170351487,2.0
1.043609857559204,0.0,0.0,2.0079543233876187,0.0,0.0,1.944673969946662e-05,2.0,0.0,2.0,2.000015817752588,2.0
1.053612232208252,0.0,0.0,2.007954531395566,0.0,0.0,2.2131559808953932e-05,2.0,0.0,2.0,2.000015818579874,2.0
1.0636296272277832,0.0,0.0,2.00795476559159,0.0,0.0,2.4682953692239843e-05,2.0,0.0,2.0,2.00001581951134,2.0
1.073648452758789,0.0,0.0,2.0079550245587066,0.0,0.0,2.7088826345570162e-05,2.0,0.0,2.0,2.00001582054136,2.0
1.083587884902954,0.0,0.0,2.007955306970509,0.0,0.0,2.937041710055764e-05,2.0,0.0,2.0,2.0000158216646677,2.0
1.093590497970581,0.0,0.0,2.0079556115016017,0.0,0.0,3.151548366232266e-05,2.0,0.0,2.0,2.000015822876,2.0
1.1036388874053955,0.0,0.0,2.0079559369066557,0.0,0.0,3.354374652387314e-05,2.0,0.0,2.0,2.0000158241704145,2.0
1.1135876178741455,0.0,0.0,2.007956281937467,0.0,0.0,3.544324792226541e-05,2.0,0.0,2.0,2.000015825542955,2.0
1.1236577033996582,0.0,0.0,2.0079566454215483,0.0,0.0,3.72337017855576e-05,2.0,0.0,2.0,2.000015826988968,2.0
1.1336390972137451,0.0,0.0,2.007957026215455,0.0,0.0,3.890780821328012e-05,2.0,0.0,2.0,2.000015828503913,2.0
1.143568992614746,0.0,0.0,2.0079574232591635,0.0,0.0,4.048211796480662e-05,2.0,0.0,2.0,2.0000158300835835,2.0
1.1536242961883545,0.0,0.0,2.00795783547657,0.0,0.0,4.1944710828685386e-05,2.0,0.0,2.0,2.000015831723707,2.0
1.1636126041412354,0.0,0.0,2.007958261847933,0.0,0.0,4.33119129526994e-05,2.0,0.0,2.0,2.000015833420236,2.0
1.1736207008361816,0.0,0.0,2.007958701360378,0.0,0.0,4.4575107597706894e-05,2.0,0.0,2.0,2.000015835169148,2.0
1.1835594177246094,0.0,0.0,2.007959153066268,0.0,0.0,4.574965262568806e-05,2.0,0.0,2.0,2.0000158369666807,2.0
1.193598985671997,0.0,0.0,2.0079596160235504,0.0,0.0,4.6827406834704276e-05,2.0,0.0,2.0,2.0000158388090936,2.0
1.203634262084961,0.0,0.0,2.0079600893514966,0.0,0.0,4.782326685881708e-05,2.0,0.0,2.0,2.000015840692889,2.0
1.2135684490203857,0.0,0.0,2.0079605721915836,0.0,0.0,4.873178600119933e-05,2.0,0.0,2.0,2.0000158426146575,2.0
1.2235643863677979,0.0,0.0,2.007961063749015,0.0,0.0,4.956584531119609e-05,2.0,0.0,2.0,2.0000158445712413,2.0
1.233583927154541,0.0,0.0,2.007961563229492,0.0,0.0,5.031807126151825e-05,2.0,0.0,2.0,2.000015846559486,2.0
1.243621587753296,0.0,0.0,2.0079620698870055,0.0,0.0,5.100051363654353e-05,2.0,0.0,2.0,2.0000158485764272,2.0
1.2535836696624756,0.0,0.0,2.0079625829802494,0.0,0.0,5.1606809606346956e-05,2.0,0.0,2.0,2.000015850619119,2.0
1.2636420726776123,0.0,0.0,2.0079631018156987,0.0,0.0,5.2148348015005387e-05,2.0,0.0,2.0,2.000015852684805,2.0
1.2736337184906006,0.0,0.0,2.007963625708044,0.0,0.0,5.261968607471127e-05,2.0,0.0,2.0,2.000015854770761,2.0
1.283616065979004,0.0,0.0,2.00796415401849,0.0,0.0,5.303148453301852e-05,2.0,0.0,2.0,2.0000158568744477,2.0
1.293609857559204,0.0,0.0,2.00796468611939,0.0,0.0,5.337917089133921e-05,2.0,0.0,2.0,2.0000158589933683,2.0
1.3035778999328613,0.0,0.0,2.007965221426687,0.0,0.0,5.3672044767679015e-05,2.0,0.0,2.0,2.0000158611252004,2.0
1.3135993480682373,0.0,0.0,2.0079657593535796,0.0,0.0,5.390430849085856e-05,2.0,0.0,2.0,2.000015863267609,2.0
1.323592185974121,0.0,0.0,2.0079662993474696,0.0,0.0,5.408495021923653e-05,2.0,0.0,2.0,2.0000158654183955,2.0
1.333533763885498,0.0,0.0,2.007966840861706,0.0,0.0,5.4209568050088e-05,2.0,0.0,2.0,2.000015867575384,2.0
1.3435320854187012,0.0,0.0,2.0079673833878755,0.0,0.0,5.4287370655983144e-05,2.0,0.0,2.0,2.00001586973655,2.0
1.3536195755004883,0.0,0.0,2.007967926446022,0.0,0.0,5.431715566059262e-05,2.0,0.0,2.0,2.000015871899983,2.0
1.3635976314544678,0.0,0.0,2.0079684696011864,0.0,0.0,5.430649031193864e-05,2.0,0.0,2.0,2.00001587406395,2.0
1.373655080795288,0.0,0.0,2.0079690124283984,0.0,0.0,5.4252522579234824e-05,2.0,0.0,2.0,2.0000158762267572,2.0
1.3835809230804443,0.0,0.0,2.0079695545334424,0.0,0.0,5.416159761308246e-05,2.0,0.0,2.0,2.0000158783868347,2.0
1.3936262130737305,0.0,0.0,2.0079700955215225,0.0,0.0,5.402995803448217e-05,2.0,0.0,2.0,2.0000158805426076,2.0
1.4035954475402832,0.0,0.0,2.0079706350219886,0.0,0.0,5.386387446907557e-05,2.0,0.0,2.0,2.0000158826925984,2.0
1.4135725498199463,0.0,0.0,2.007971172674344,0.0,0.0,5.366116082514777e-05,2.0,0.0,2.0,2.000015884835369,2.0
1.4235985279083252,0.0,0.0,2.007971708145367,0.0,0.0,5.3427245922838336e-05,2.0,0.0,2.0,2.0000158869695897,2.0
1.4335839748382568,0.0,0.0,2.007972241102578,0.0,0.0,5.3159103217530664e-05,2.0,0.0,2.0,2.0000158890939335,2.0
1.4435875415802002,0.0,0.0,2.00797277123472,0.0,0.0,5.286213508071339e-05,2.0,0.0,2.0,2.0000158912071577,2.0
1.4536046981811523,0.0,0.0,2.007973298242419,0.0,0.0,5.2534921868838484e-05,2.0,0.0,2.0,2.000015893308066,2.0
1.4636099338531494,0.0,0.0,2.0079738218509693,0.0,0.0,5.2182050533687026e-05,2.0,0.0,2.0,2.000015895395562,2.0
1.4736137390136719,0.0,0.0,2.0079743417883646,0.0,0.0,5.180128052522994e-05,2.0,0.0,2.0,2.000015897468557,2.0
1.4835937023162842,0.0,0.0,2.0079748578013787,0.0,0.0,5.1397186827218155e-05,2.0,0.0,2.0,2.0000158995260393,2.0
1.493607521057129,0.0,0.0,2.007975369650757,0.0,0.0,5.096914651655617e-05,2.0,0.0,2.0,2.0000159015670516,2.0
1.503554344177246,0.0,0.0,2.0079758771207707,0.0,0.0,5.052152328107205e-05,2.0,0.0,2.0,2.00001590359073,2.0
1.5136263370513916,0.0,0.0,2.007976380017065,0.0,0.0,5.005494732776095e-05,2.0,0.0,2.0,2.000015905596297,2.0
1.52359938621521,0.0,0.0,2.007976878169195,0.0,0.0,4.957270484789134e-05,2.0,0.0,2.0,2.0000159075830686,2.0
1.53360915184021,0.0,0.0,2.0079773714166445,0.0,0.0,4.907441098969431e-05,2.0,0.0,2.0,2.0000159095504015,2.0
1.543619155883789,0.0,0.0,2.007977859614035,0.0,0.0,4.8562599970070336e-05,2.0,0.0,2.0,2.0000159114977114,2.0
1.5535948276519775,0.0,0.0,2.0079783426194178,0.0,0.0,4.803632986145114e-05,2.0,0.0,2.0,2.000015913424429,2.0
1.5635855197906494,0.0,0.0,2.007978820301173,0.0,0.0,4.749772218842223e-05,2.0,0.0,2.0,2.0000159153300254,2.0
1.5736243724822998,0.0,0.0,2.0079792925275406,0.0,0.0,4.6945529293906174e-05,2.0,0.0,2.0,2.0000159172139704,2.0
1.5835902690887451,0.0,0.0,2.00797975917566,0.0,0.0,4.6382242387596814e-05,2.0,0.0,2.0,2.000015919075771,2.0
1.5935897827148438,0.0,0.0,2.007980220137101,0.0,0.0,4.58085141727086e-05,2.0,0.0,2.0,2.0000159209149904,2.0
1.6035261154174805,0.0,0.0,2.0079806753170955,0.0,0.0,4.5225641668514914e-05,2.0,0.0,2.0,2.000015922731246,2.0
1.6135971546173096,0.0,0.0,2.0079811246114736,0.0,0.0,4.463154957995764e-05,2.0,0.0,2.0,2.0000159245241185,2.0
1.623605728149414,0.0,0.0,2.007981567919023,0.0,0.0,4.402871216216299e-05,2.0,0.0,2.0,2.0000159262932,2.0
1.6335852146148682,0.0,0.0,2.007982005164186,0.0,0.0,4.3419396048354464e-05,2.0,0.0,2.0,2.000015928038185,2.0
1.6435675621032715,0.0,0.0,2.007982436290992,0.0,0.0,4.280528040155779e-05,2.0,0.0,2.0,2.000015929758846,2.0
1.6536097526550293,0.0,0.0,2.007982861257978,0.0,0.0,4.218760917628992e-05,2.0,0.0,2.0,2.000015931455013,2.0
1.663614273071289,0.0,0.0,2.0079832800332134,0.0,0.0,4.1566707741272056e-05,2.0,0.0,2.0,2.000015933126556,2.0
1.6736247539520264,0.0,0.0,2.007983692576207,0.0,0.0,4.094119064547238e-05,2.0,0.0,2.0,2.0000159347733084,2.0
1.6835646629333496,0.0,0.0,2.0079840988449424,0.0,0.0,4.031203735689143e-05,2.0,0.0,2.0,2.000015936395099,2.0
1.6935806274414062,0.0,0.0,2.007984498808002,0.0,0.0,3.968019031329791e-05,2.0,0.0,2.0,2.0000159379917988,2.0
1.7035601139068604,0.0,0.0,2.0079848924421166,0.0,0.0,3.904634768966721e-05,2.0,0.0,2.0,2.0000159395633106,2.0
1.7136216163635254,0.0,0.0,2.0079852797300446,0.0,0.0,3.841102670663115e-05,2.0,0.0,2.0,2.000015941109562,2.0
1.7235815525054932,0.0,0.0,2.0079856606602227,0.0,0.0,3.7775206706018957e-05,2.0,0.0,2.0,2.0000159426305033,2.0
1.7335679531097412,0.0,0.0,2.0079860352409247,0.0,0.0,3.714123969187925e-05,2.0,0.0,2.0,2.000015944126164,2.0
1.7435896396636963,0.0,0.0,2.007986403490301,0.0,0.0,3.6508862236373585e-05,2.0,0.0,2.0,2.000015945596612,2.0
1.7535924911499023,0.0,0.0,2.007986765422084,0.0,0.0,3.587766235735491e-05,2.0,0.0,2.0,2.0000159470419,2.0
1.7635867595672607,0.0,0.0,2.0079871210464484,0.0,0.0,3.524733485085428e-05,2.0,0.0,2.0,2.0000159484620643,2.0
1.7736022472381592,0.0,0.0,2.0079874703709297,0.0,0.0,3.4617653616125454e-05,2.0,0.0,2.0,2.0000159498571324,2.0
1.7836294174194336,0.0,0.0,2.007987813401111,0.0,0.0,3.398845115362791e-05,2.0,0.0,2.0,2.0000159512271223,2.0
1.7938573360443115,0.0,0.0,2.0079880161997252,0.0,0.0,3.361110642017273e-05,2.0,0.0,2.0,2.000015952037085,2.0
1.803931713104248,0.0,0.0,2.0079883821200784,0.0,0.0,3.29203743599624e-05,2.0,0.0,2.0,2.0000159534985955,2.0
1.8139677047729492,0.0,0.0,2.00798870819696,0.0,0.0,3.229544189675545e-05,2.0,0.0,2.0,2.0000159548010252,2.0
1.8252003192901611,0.0,0.0,2.007989028037714,0.0,0.0,3.167338926497526e-05,2.0,0.0,2.0,2.0000159560785975,2.0
1.833977222442627,0.0,0.0,2.007989341679806,0.0,0.0,3.105569273232198e-05,2.0,0.0,2.0,2.00001595733146,2.0
1.8440032005310059,0.0,0.0,2.0079896491649203,0.0,0.0,3.044224375384102e-05,2.0,0.0,2.0,2.000015958559776,2.0
1.8539347648620605,0.0,0.0,2.007989950542534,0.0,0.0,2.983405273734057e-05,2.0,0.0,2.0,2.0000159597637395,2.0
1.863933801651001,0.0,0.0,2.00799024586123,0.0,0.0,2.923068129331904e-05,2.0,0.0,2.0,2.000015960943543,2.0
1.8739368915557861,0.0,0.0,2.0079905351754244,0.0,0.0,2.8632991572959503e-05,2.0,0.0,2.0,2.0000159620994005,2.0
1.8838996887207031,0.0,0.0,2.0079908185373596,0.0,0.0,2.804043535538089e-05,2.0,0.0,2.0,2.000015963231518,2.0
1.8939361572265625,0.0,0.0,2.007991096004168,0.0,0.0,2.7453793426758098e-05,2.0,0.0,2.0,2.000015964340122,2.0
1.9039411544799805,0.0,0.0,2.0079913676300998,0.0,0.0,2.6872457289545216e-05,2.0,0.0,2.0,2.000015965425426,2.0
1.91395902633667,0.0,0.0,2.0079916334737744,0.0,0.0,2.6297163075801763e-05,2.0,0.0,2.0,2.0000159664876627,2.0
1.923943042755127,0.0,0.0,2.0079918935905448,0.0,0.0,2.572726920745954e-05,2.0,0.0,2.0,2.0000159675270504,2.0
1.9339590072631836,0.0,0.0,2.00799214803985,0.0,0.0,2.51634873099809e-05,2.0,0.0,2.0,2.000015968543824,2.0
1.9439280033111572,0.0,0.0,2.007992396877648,0.0,0.0,2.4605157650214103e-05,2.0,0.0,2.0,2.000015969538206,2.0
1.9539525508880615,0.0,0.0,2.007992640163824,0.0,0.0,2.4052978404039335e-05,2.0,0.0,2.0,2.000015970510433,2.0
1.963956356048584,0.0,0.0,2.007992877956575,0.0,0.0,2.350708351920661e-05,2.0,0.0,2.0,2.0000159714607353,2.0
1.9739658832550049,0.0,0.0,2.007993110335761,0.0,0.0,2.297006679573237e-05,2.0,0.0,2.0,2.0000159723894306,2.0
1.9839041233062744,0.0,0.0,2.007993337380575,0.0,0.0,2.2439868641623118e-05,2.0,0.0,2.0,2.0000159732968332,2.0
1.9939000606536865,0.0,0.0,2.0079935591499236,0.0,0.0,2.1914721809341942e-05,2.0,0.0,2.0,2.000015974183177,2.0
2.003922939300537,0.0,0.0,2.007993775691262,0.0,0.0,2.1394924379202942e-05,2.0,0.0,2.0,2.00001597504865,2.0
2.013934850692749,0.0,0.0,2.0079939870763726,0.0,0.0,2.0883312475878217e-05,2.0,0.0,2.0,2.000015975893537,2.0
2.0239531993865967,0.0,0.0,2.007994193380373,0.0,0.0,2.037880967039204e-05,2.0,0.0,2.0,2.000015976718137,2.0
2.033961057662964,0.0,0.0,2.0079943946774645,0.0,0.0,1.9881684710982738e-05,2.0,0.0,2.0,2.0000159775227444,2.0
2.0439252853393555,0.0,0.0,2.0079945910345405,0.0,0.0,1.939094977258702e-05,2.0,0.0,2.0,2.000015978307626,2.0
2.0539660453796387,0.0,0.0,2.0079947825195883,0.0,0.0,1.8907059975119604e-05,2.0,0.0,2.0,2.0000159790730514,2.0
2.063887596130371,0.0,0.0,2.007994969196809,0.0,0.0,1.8429969205990217e-05,2.0,0.0,2.0,2.000015979819276,2.0
2.0740058422088623,0.0,0.0,2.007995151150505,0.0,0.0,1.7962137873936336e-05,2.0,0.0,2.0,2.0000159805466353,2.0
2.0839247703552246,0.0,0.0,2.007995328465073,0.0,0.0,1.7502211212050246e-05,2.0,0.0,2.0,2.000015981255466,2.0
2.0939152240753174,0.0,0.0,2.0079955012215875,0.0,0.0,1.7050251771101574e-05,2.0,0.0,2.0,2.0000159819460905,2.0
2.103957414627075,0.0,0.0,2.00799566949394,0.0,0.0,1.660592261586801e-05,2.0,0.0,2.0,2.000015982618803,2.0
2.1139540672302246,0.0,0.0,2.0079958333736183,0.0,0.0,1.6171468708983695e-05,2.0,0.0,2.0,2.0000159832739683,2.0
2.123969793319702,0.0,0.0,2.00799599294843,0.0,0.0,1.574457203128953e-05,2.0,0.0,2.0,2.0000159839119362,2.0
2.1339473724365234,0.0,0.0,2.0079961482836644,0.0,0.0,1.5323273887567064e-05,2.0,0.0,2.0,2.000015984532967,2.0
2.1440610885620117,0.0,0.0,2.007996299431505,0.0,0.0,1.4907730531055265e-05,2.0,0.0,2.0,2.0000159851372685,2.0
2.1539642810821533,0.0,0.0,2.0079964464672346,0.0,0.0,1.4500673019863056e-05,2.0,0.0,2.0,2.00001598572514,2.0
2.1639647483825684,0.0,0.0,2.0079965894685676,0.0,0.0,1.4100947087871312e-05,2.0,0.0,2.0,2.000015986296892,2.0
2.173988103866577,0.0,0.0,2.0079967285116225,0.0,0.0,1.3708763820930028e-05,2.0,0.0,2.0,2.0000159868528273,2.0
2.1839685440063477,0.0,0.0,2.0079968636666288,0.0,0.0,1.3323896321286367e-05,2.0,0.0,2.0,2.0000159873932266,2.0
2.1939923763275146,0.0,0.0,2.0079969950223533,0.0,0.0,1.2948671069979845e-05,2.0,0.0,2.0,2.0000159879184434,2.0
2.204038143157959,0.0,0.0,2.007997122664592,0.0,0.0,1.2580830437135136e-05,2.0,0.0,2.0,2.000015988428821,2.0
2.2139945030212402,0.0,0.0,2.007997246657146,0.0,0.0,1.2218460464872687e-05,2.0,0.0,2.0,2.0000159889246123,2.0
2.2240121364593506,0.0,0.0,2.0079973670510882,0.0,0.0,1.1861750549102422e-05,2.0,0.0,2.0,2.0000159894060223,2.0
2.234005928039551,0.0,0.0,2.007997483920884,0.0,0.0,1.1513456301410003e-05,2.0,0.0,2.0,2.000015989873347,2.0
2.243966579437256,0.0,0.0,2.0079975973436412,0.0,0.0,1.1172441644560011e-05,2.0,0.0,2.0,2.000015990326895,2.0
2.254066228866577,0.0,0.0,2.0079977073950355,0.0,0.0,1.0838931139298441e-05,2.0,0.0,2.0,2.000015990766968,2.0
2.2639405727386475,0.0,0.0,2.0079978141430495,0.0,0.0,1.0511904224601058e-05,2.0,0.0,2.0,2.000015991193837,2.0
2.2740280628204346,0.0,0.0,2.007997917656479,0.0,0.0,1.0191791769972519e-05,2.0,0.0,2.0,2.000015991607777,2.0
2.283940315246582,0.0,0.0,2.0079980179982164,0.0,0.0,9.877726051721222e-06,2.0,0.0,2.0,2.000015992009039,2.0
2.2939743995666504,0.0,0.0,2.0079981152332844,0.0,0.0,9.570251164090536e-06,2.0,0.0,2.0,2.000015992397882,2.0
2.3039727210998535,0.0,0.0,2.0079982094217756,0.0,0.0,9.268583262364088e-06,2.0,0.0,2.0,2.0000159927745464,2.0
2.3140034675598145,0.0,0.0,2.0079983006266433,0.0,0.0,8.97332857977361e-06,2.0,0.0,2.0,2.0000159931392836,2.0
2.3240036964416504,0.0,0.0,2.0079983889064486,0.0,0.0,8.683749305135524e-06,2.0,0.0,2.0,2.000015993492327,2.0
2.333986520767212,0.0,0.0,2.007998474323002,0.0,0.0,8.400485774511829e-06,2.0,0.0,2.0,2.000015993833923,2.0
2.3440983295440674,0.0,0.0,2.0079985569359295,0.0,0.0,8.123629086352807e-06,2.0,0.0,2.0,2.0000159941643108,2.0
2.3540050983428955,0.0,0.0,2.0079986368261484,0.0,0.0,7.855741300452333e-06,2.0,0.0,2.0,2.0000159944838134,2.0
2.3639392852783203,0.0,0.0,2.007998714075546,0.0,0.0,7.5955429517278495e-06,2.0,0.0,2.0,2.0000159947927574,2.0
2.3740124702453613,0.0,0.0,2.0079987887633375,0.0,0.0,7.343152376779953e-06,2.0,0.0,2.0,2.0000159950914593,2.0
2.3839528560638428,0.0,0.0,2.00799886095822,0.0,0.0,7.096666675583519e-06,2.0,0.0,2.0,2.000015995380194,2.0
2.3939666748046875,0.0,0.0,2.0079989307112087,0.0,0.0,6.854555412765143e-06,2.0,0.0,2.0,2.000015995659165,2.0
2.4039602279663086,0.0,0.0,2.0079989980620043,0.0,0.0,6.6164884597324665e-06,2.0,0.0,2.0,2.0000159959285315,2.0
2.41400408744812,0.0,0.0,2.0079990630583313,0.0,0.0,6.383528903867271e-06,2.0,0.0,2.0,2.000015996188483,2.0
2.4239752292633057,0.0,0.0,2.0079991257474656,0.0,0.0,6.155277379406731e-06,2.0,0.0,2.0,2.0000159964392092,2.0
2.4339680671691895,0.0,0.0,2.007999186182866,0.0,0.0,5.9326249492899965e-06,2.0,0.0,2.0,2.0000159966809234,2.0
2.4439682960510254,0.0,0.0,2.0079992444160575,0.0,0.0,5.715044808859719e-06,2.0,0.0,2.0,2.0000159969138314,2.0
2.4539737701416016,0.0,0.0,2.007999300503646,0.0,0.0,5.5033336120343835e-06,2.0,0.0,2.0,2.00001599713816,2.0
2.463972806930542,0.0,0.0,2.0079993544994874,0.0,0.0,5.2968946141668394e-06,2.0,0.0,2.0,2.000015997354123,2.0
2.47401762008667,0.0,0.0,2.007999406461915,0.0,0.0,5.096472656394429e-06,2.0,0.0,2.0,2.000015997561955,2.0
2.4839532375335693,0.0,0.0,2.0079994564460635,0.0,0.0,4.901432610198476e-06,2.0,0.0,2.0,2.000015997761876,2.0
2.493973731994629,0.0,0.0,2.007999504511214,0.0,0.0,4.712490881418604e-06,2.0,0.0,2.0,2.0000159979541228,2.0
2.504019021987915,0.0,0.0,2.0079995507112978,0.0,0.0,4.5281876297823146e-06,2.0,0.0,2.0,2.0000159981389105,2.0
2.5139927864074707,0.0,0.0,2.0079995950863867,0.0,0.0,4.347320646685168e-06,2.0,0.0,2.0,2.0000159983164,2.0
2.523958921432495,0.0,0.0,2.0079996376680773,0.0,0.0,4.169802960248795e-06,2.0,0.0,2.0,2.000015998486717,2.0
2.5339338779449463,0.0,0.0,2.0079996784980874,0.0,0.0,3.9968777931766166e-06,2.0,0.0,2.0,2.000015998650029,2.0
2.5438899993896484,0.0,0.0,2.007999717619248,0.0,0.0,3.828279226810041e-06,2.0,0.0,2.0,2.0000159988065063,2.0
2.5564794540405273,0.0,0.0,2.007999747719462,0.0,0.0,3.697289406314327e-06,2.0,0.0,2.0,2.0000159989269024,2.0
2.563567638397217,0.0,0.0,2.007999776785109,0.0,0.0,3.5698544103911292e-06,2.0,0.0,2.0,2.0000159990431605,2.0
2.57361102104187,0.0,0.0,2.0079998117101816,0.0,0.0,3.4160532919388656e-06,2.0,0.0,2.0,2.0000159991828563,2.0
2.583566904067993,0.0,0.0,2.0079998451227983,0.0,0.0,3.267486056182283e-06,2.0,0.0,2.0,2.0000159993165028,2.0
2.5937323570251465,0.0,0.0,2.0079998770807617,0.0,0.0,3.125018847027221e-06,2.0,0.0,2.0,2.000015999444331,2.0
2.6036205291748047,0.0,0.0,2.0079999076401247,0.0,0.0,2.9878836563456502e-06,2.0,0.0,2.0,2.0000159995665663,2.0
2.6136324405670166,0.0,0.0,2.007999936859536,0.0,0.0,2.8569211931398306e-06,2.0,0.0,2.0,2.0000159996834417,2.0
2.623650550842285,0.0,0.0,2.007999964794467,0.0,0.0,2.7307484296732224e-06,2.0,0.0,2.0,2.00001599979518,2.0
2.6336379051208496,0.0,0.0,2.007999991486297,0.0,0.0,2.6081239631876083e-06,2.0,0.0,2.0,2.000015999901946,2.0
2.6436057090759277,0.0,0.0,2.0080000169656813,0.0,0.0,2.4881281398438456e-06,2.0,0.0,2.0,2.0000160000038627,2.0
2.6536519527435303,0.0,0.0,2.008000041255332,0.0,0.0,2.3700796632403973e-06,2.0,0.0,2.0,2.000016000101021,2.0
2.663618564605713,0.0,0.0,2.0080000643732805,0.0,0.0,2.254069993537241e-06,2.0,0.0,2.0,2.000016000193493,2.0
2.6736536026000977,0.0,0.0,2.0080000863497247,0.0,0.0,2.1417933803233346e-06,2.0,0.0,2.0,2.0000160002813985,2.0
2.6836118698120117,0.0,0.0,2.0080001072190585,0.0,0.0,2.0324991141058037e-06,2.0,0.0,2.0,2.000016000364876,2.0
2.693627119064331,0.0,0.0,2.0080001270070498,0.0,0.0,1.925414224893863e-06,2.0,0.0,2.0,2.000016000444029,2.0
2.7036290168762207,0.0,0.0,2.0080001457339938,0.0,0.0,1.8205622593843842e-06,2.0,0.0,2.0,2.000016000518937,2.0
2.7136197090148926,0.0,0.0,2.0080001634317663,0.0,0.0,1.7195871557276535e-06,2.0,0.0,2.0,2.000016000589729,2.0
2.7236557006835938,0.0,0.0,2.008000180137213,0.0,0.0,1.6222971096553434e-06,2.0,0.0,2.0,2.0000160006565517,2.0
2.733614206314087,0.0,0.0,2.0080001958947546,0.0,0.0,1.5299596928662492e-06,2.0,0.0,2.0,2.0000160007195826,2.0
2.7436141967773438,0.0,0.0,2.0080002107493216,0.0,0.0,1.441508104782292e-06,2.0,0.0,2.0,2.000016000779002,2.0
2.7536327838897705,0.0,0.0,2.008000224734483,0.0,0.0,1.3559352094684737e-06,2.0,0.0,2.0,2.0000160008349437,2.0
2.763611316680908,0.0,0.0,2.0080002378763218,0.0,0.0,1.2730910791965365e-06,2.0,0.0,2.0,2.0000160008875123,2.0
2.7736356258392334,0.0,0.0,2.0080002502109946,0.0,0.0,1.1944911393952253e-06,2.0,0.0,2.0,2.000016000936852,2.0
2.7836153507232666,0.0,0.0,2.008000261777313,0.0,0.0,1.1192522039930324e-06,2.0,0.0,2.0,2.0000160009831185,2.0
2.793647050857544,0.0,0.0,2.008000272604313,0.0,0.0,1.0465031619749866e-06,2.0,0.0,2.0,2.0000160010264274,2.0
2.803607940673828,0.0,0.0,2.0080002827147165,0.0,0.0,9.76194855298169e-07,2.0,0.0,2.0,2.00001600106687,2.0
2.8136074542999268,0.0,0.0,2.0080002921421927,0.0,0.0,9.09917361570706e-07,2.0,0.0,2.0,2.0000160011045813,2.0
2.823654890060425,0.0,0.0,2.008000300923707,0.0,0.0,8.468427982853801e-07,2.0,0.0,2.0,2.0000160011397083,2.0
2.833613872528076,0.0,0.0,2.0080003090869334,0.0,0.0,7.861410243304782e-07,2.0,0.0,2.0,2.0000160011723622,2.0
2.8436319828033447,0.0,0.0,2.0080003166523697,0.0,0.0,7.271970559342771e-07,2.0,0.0,2.0,2.000016001202625,2.0
2.8537139892578125,0.0,0.0,2.0080003236352026,0.0,0.0,6.695553018857949e-07,2.0,0.0,2.0,2.000016001230557,2.0
2.86365008354187,0.0,0.0,2.008000330046682,0.0,0.0,6.128782519802668e-07,2.0,0.0,2.0,2.000016001256204,2.0
2.8736648559570312,0.0,0.0,2.0080003358951433,0.0,0.0,5.569158725393042e-07,2.0,0.0,2.0,2.0000160012795987,2.0
2.883574962615967,0.0,0.0,2.00800034118676,0.0,0.0,5.014829339572889e-07,2.0,0.0,2.0,2.0000160013007657,2.0
2.8936235904693604,0.0,0.0,2.0080003459261055,0.0,0.0,4.464422148250985e-07,2.0,0.0,2.0,2.000016001319724,2.0
2.903632879257202,0.0,0.0,2.0080003501177797,0.0,0.0,3.9228823609102717e-07,2.0,0.0,2.0,2.000016001336491,2.0
2.9136314392089844,0.0,0.0,2.0080003537820255,0.0,0.0,3.4101384267248574e-07,2.0,0.0,2.0,2.0000160013511485,2.0
2.923685073852539,0.0,0.0,2.0080003569458653,0.0,0.0,2.920895292363648e-07,2.0,0.0,2.0,2.000016001363804,2.0
2.933636426925659,0.0,0.0,2.008000359629602,0.0,0.0,2.449061978770392e-07,2.0,0.0,2.0,2.00001600137454,2.0
2.9436187744140625,0.0,0.0,2.008000361849487,0.0,0.0,1.9960879482493591e-07,2.0,0.0,2.0,2.0000160013834196,2.0
2.9535961151123047,0.0,0.0,2.008000363634397,0.0,0.0,1.5793119383827534e-07,2.0,0.0,2.0,2.0000160013905597,2.0
2.9636294841766357,0.0,0.0,2.0080003650177454,0.0,0.0,1.1915203898706942e-07,2.0,0.0,2.0,2.000016001396093,2.0
2.9736385345458984,0.0,0.0,2.0080003660245747,0.0,0.0,8.252010582681437e-08,2.0,0.0,2.0,2.0000160014001205,2.0
2.983574867248535,0.0,0.0,2.008000366673433,0.0,0.0,4.747887368520684e-08,2.0,0.0,2.0,2.000016001402716,2.0
2.9935967922210693,0.0,0.0,2.0080003669780666,0.0,0.0,1.3616061775917147e-08,2.0,0.0,2.0,2.0000160014039348,2.0
3.003633499145508,0.0,0.0,2.0080003669498656,0.0,0.0,-1.877757778388986e-08,2.0,0.0,2.0,2.000016001403822,2.0
3.013622522354126,0.0,0.0,2.008000366614105,0.0,0.0,-4.786015552072143e-08,2.0,0.0,2.0,2.000016001402479,2.0
3.0236635208129883,0.0,0.0,2.0080003660015344,0.0,0.0,-7.42730076642473e-08,2.0,0.0,2.0,2.0000160014000286,2.0
3.033623456954956,0.0,0.0,2.008000365135217,0.0,0.0,-9.870807839534684e-08,2.0,0.0,2.0,2.000016001396563,2.0
3.04362416267395,0.0,0.0,2.0080003640322404,0.0,0.0,-1.2167797257487905e-07,2.0,0.0,2.0,2.000016001392151,2.0
3.0536487102508545,0.0,0.0,2.0080003627052636,0.0,0.0,-1.43562437298853e-07,2.0,0.0,2.0,2.0000160013868427,2.0
3.063715934753418,0.0,0.0,2.008000361163664,0.0,0.0,-1.6464279611606617e-07,2.0,0.0,2.0,2.000016001380676,2.0
3.0736427307128906,0.0,0.0,2.0080003594143876,0.0,0.0,-1.8512745852862393e-07,2.0,0.0,2.0,2.000016001373679,2.0
3.083616256713867,0.0,0.0,2.0080003574625818,0.0,0.0,-2.051708182227089e-07,2.0,0.0,2.0,2.0000160013658714,2.0
3.0935869216918945,0.0,0.0,2.0080003553120584,0.0,0.0,-2.2488725281060363e-07,2.0,0.0,2.0,2.000016001357269,2.0
3.103614330291748,0.0,0.0,2.0080003529668526,0.0,0.0,-2.437653182026968e-07,2.0,0.0,2.0,2.000016001347888,2.0
3.113645315170288,0.0,0.0,2.008000350446791,0.0,0.0,-2.597996321590284e-07,2.0,0.0,2.0,2.000016001337807,2.0
3.1236250400543213,0.0,0.0,2.008000347778583,0.0,0.0,-2.735104124405109e-07,2.0,0.0,2.0,2.000016001327134,2.0
3.1336605548858643,0.0,0.0,2.0080003449823023,0.0,0.0,-2.854998766034324e-07,2.0,0.0,2.0,2.0000160013159487,2.0
3.1436104774475098,0.0,0.0,2.008000342072823,0.0,0.0,-2.962141584187377e-07,2.0,0.0,2.0,2.00001600130431,2.0
3.153613805770874,0.0,0.0,2.0080003390611596,0.0,0.0,-3.059837619753594e-07,2.0,0.0,2.0,2.000016001292263,2.0
3.1636462211608887,0.0,0.0,2.0080003359554746,0.0,0.0,-3.1505353065224374e-07,2.0,0.0,2.0,2.00001600127984,2.0
3.1736557483673096,0.0,0.0,2.008000332761813,0.0,0.0,-3.236048488729038e-07,2.0,0.0,2.0,2.0000160012670647,2.0
3.18361496925354,0.0,0.0,2.0080003294846547,0.0,0.0,-3.317720895373133e-07,2.0,0.0,2.0,2.0000160012539556,2.0
3.19401478767395,0.0,0.0,2.0080003261273167,0.0,0.0,-3.3965479857464143e-07,2.0,0.0,2.0,2.000016001240526,2.0
3.203611135482788,0.0,0.0,2.008000322692259,0.0,0.0,-3.4732672139352017e-07,2.0,0.0,2.0,2.0000160012267854,2.0
3.2136528491973877,0.0,0.0,2.008000319181301,0.0,0.0,-3.5484248996609285e-07,2.0,0.0,2.0,2.000016001212741,2.0
3.2236602306365967,0.0,0.0,2.008000315595794,0.0,0.0,-3.6224257657135365e-07,2.0,0.0,2.0,2.0000160011983983,2.0
3.2336533069610596,0.0,0.0,2.008000311936735,0.0,0.0,-3.695569638887531e-07,2.0,0.0,2.0,2.0000160011837615,2.0
3.243647813796997,0.0,0.0,2.008000308204866,0.0,0.0,-3.7680786358747895e-07,2.0,0.0,2.0,2.000016001168834,2.0
3.253638744354248,0.0,0.0,2.008000304400734,0.0,0.0,-3.840117304783475e-07,2.0,0.0,2.0,2.0000160011536168,2.0
3.2636349201202393,0.0,0.0,2.008000300524747,0.0,0.0,-3.911807545960583e-07,2.0,0.0,2.0,2.0000160011381123,2.0
3.2737069129943848,0.0,0.0,2.0080002965772037,0.0,0.0,-3.983239666921153e-07,2.0,0.0,2.0,2.000016001122322,2.0
3.283618927001953,0.0,0.0,2.00800029255833,0.0,0.0,-4.0544805663306894e-07,2.0,0.0,2.0,2.0000160011062458,2.0
3.293658494949341,0.0,0.0,2.008000288468289,0.0,0.0,-4.1255798059740145e-07,2.0,0.0,2.0,2.000016001089885,2.0
3.303656578063965,0.0,0.0,2.008000284307204,0.0,0.0,-4.196574101118868e-07,2.0,0.0,2.0,2.00001600107324,2.0
3.313663959503174,0.0,0.0,2.0080002800751666,0.0,0.0,-4.267490651503182e-07,2.0,0.0,2.0,2.000016001056312,2.0
3.323657512664795,0.0,0.0,2.0080002757722424,0.0,0.0,-4.33834960733945e-07,2.0,0.0,2.0,2.0000160010391,2.0
3.333631753921509,0.0,0.0,2.0080002713984824,0.0,0.0,-4.409165896086275e-07,2.0,0.0,2.0,2.000016001021604,2.0
3.343620538711548,0.0,0.0,2.0080002669539225,0.0,0.0,-4.4799505760855813e-07,2.0,0.0,2.0,2.0000160010038255,2.0
3.35359263420105,0.0,0.0,2.0080002624385895,0.0,0.0,-4.5507118396162625e-07,2.0,0.0,2.0,2.000016000985764,2.0
3.3636391162872314,0.0,0.0,2.008000257852505,0.0,0.0,-4.6214557559453537e-07,2.0,0.0,2.0,2.000016000967419,2.0
3.373661994934082,0.0,0.0,2.008000253195683,0.0,0.0,-4.69218682122873e-07,2.0,0.0,2.0,2.0000160009487913,2.0
3.383573055267334,0.0,0.0,2.008000248468135,0.0,0.0,-4.762908366545276e-07,2.0,0.0,2.0,2.0000160009298806,2.0
3.393617868423462,0.0,0.0,2.0080002436698687,0.0,0.0,-4.833622858306182e-07,2.0,0.0,2.0,2.000016000910687,2.0
3.4036412239074707,0.0,0.0,2.008000238800891,0.0,0.0,-4.904332125354397e-07,2.0,0.0,2.0,2.0000160008912107,2.0
3.4136428833007812,0.0,0.0,2.008000233861205,0.0,0.0,-4.975037521951951e-07,2.0,0.0,2.0,2.0000160008714514,2.0
3.4236488342285156,0.0,0.0,2.0080002288520267,0.0,0.0,-5.039778278349399e-07,2.0,0.0,2.0,2.0000160008514145,2.0
3.4336540699005127,0.0,0.0,2.0080002237910906,0.0,0.0,-5.077873596748238e-07,2.0,0.0,2.0,2.0000160008311703,2.0
3.4436333179473877,0.0,0.0,2.0080002187035593,0.0,0.0,-5.094061181610994e-07,2.0,0.0,2.0,2.00001600081082,2.0
3.4536678791046143,0.0,0.0,2.008000213608362,0.0,0.0,-5.094019118386403e-07,2.0,0.0,2.0,2.0000160007904384,2.0
3.463620901107788,0.0,0.0,2.008000208519518,0.0,0.0,-5.081953836385118e-07,2.0,0.0,2.0,2.0000160007700827,2.0
3.473693609237671,0.0,0.0,2.008000203447415,0.0,0.0,-5.06098153436678e-07,2.0,0.0,2.0,2.000016000749794,2.0
3.4836323261260986,0.0,0.0,2.008000198399749,0.0,0.0,-5.033410749095589e-07,2.0,0.0,2.0,2.000016000729603,2.0
3.4936115741729736,0.0,0.0,2.00800019338222,0.0,0.0,-5.00095168809078e-07,2.0,0.0,2.0,2.0000160007095324,2.0
3.5035884380340576,1.093613197041026e-17,-1.3790817372466181e-18,2.008000187634214,5.466511267266078e-14,-6.896835477910141e-15,-2.773798720677847e-06,2.0,0.0,2.0,2.00001600068654,2.0
3.513608455657959,1.6441759723263686e-12,-2.1322884035835792e-13,2.0079993701140855,7.359301694074098e-10,-9.591777007003731e-11,-0.0002041046876823015,2.0,0.0,2.0,2.000015997414932,1.9999999999983558
3.5235819816589355,3.8844893507727666e-11,-5.128557470154277e-12,2.0079956474555622,8.967172185016304e-09,-1.1922176797800624e-09,-0.000552185880753863,2.0,0.0,2.0,2.0000159824918535,1.999999999961155
3.533639430999756,2.5430395515672413e-10,-3.403735113491926e-11,2.0079868063311945,3.957586072487921e-08,-5.3281542357464854e-09,-0.001291336989399973,2.0,0.0,2.0,2.000015946950963,1.999999999745696
3.5435779094696045,9.868946709852896e-10,-1.327862145005114e-10,2.0079692810053857,1.1739385342849013e-07,-1.583355919729989e-08,-0.0022068712923266867,2.0,0.0,2.0,2.0000158763100266,1.9999999990131054
3.5535964965820312,2.868084633790808e-09,-3.8711019077297344e-10,2.0079430723661775,2.7514811422251303e-07,-3.730295159684603e-08,-0.0030157506799855112,2.0,0.0,2.0,2.0000157701693944,1.9999999971319153
3.5635995864868164,6.880554652949157e-09,-9.345488457673934e-10,2.0079092416525675,5.501382181803272e-07,-7.55038535149027e-08,-0.0037444199425814527,2.0,0.0,2.0,2.0000156320842346,1.9999999931194454
3.573659658432007,1.4385166369931559e-08,-1.974062757079109e-09,2.007866915735359,9.795351251361126e-07,-1.368486508792826e-07,-0.00480198177754637,2.0,0.0,2.0,2.0000154576458957,1.9999999856148336
3.5835766792297363,2.711068168774813e-08,-3.77545097010143e-09,2.0078122036944364,1.6006878746357078e-06,-2.2941750617904866e-07,-0.0061617706188634574,2.0,0.0,2.0,2.0000152304629677,1.9999999728893183
3.593616485595703,4.716624552330791e-08,-6.6995567586449735e-09,2.007744461791956,2.451738614770794e-06,-3.631307515620259e-07,-0.007322516800680993,2.0,0.0,2.0,2.000014946950014,1.9999999528337544
3.603611707687378,7.702116982034657e-08,-1.120979523298985e-08,2.007666847720786,3.565134772663875e-06,-5.483267392563046e-07,-0.008162529402778344,2.0,0.0,2.0,2.000014618063903,1.9999999229788301
3.613619565963745,1.194092189244803e-07,-1.786691881651557e-08,2.0075809519389076,4.960907105870364e-06,-7.93730193500944e-07,-0.009032561393766833,2.0,0.0,2.0,2.0000142482481067,1.999999880590781
3.6236190795898438,1.7723499350849808e-07,-2.7305233749065097e-08,2.007486234922246,6.655062516679654e-06,-1.1052182462114727e-06,-0.009894690229425858,2.0,0.0,2.0,2.0000138336455,1.9999998227650064
3.633626937866211,2.535400299598363e-07,-4.019723587074746e-08,2.007383741185063,8.657597015786207e-06,-1.484258410780194e-06,-0.01056461788612142,2.0,0.0,2.0,2.0000133763237273,1.9999997464599706
3.6435985565185547,3.514116885340917e-07,-5.7200793106678903e-08,2.007275637140086,1.0967244382319728e-05,-1.9262315534374386e-06,-0.011026476366705281,2.0,0.0,2.0,2.0000128822708034,1.9999996485883123
3.653646469116211,4.7386450265541605e-07,-7.889758764809987e-08,2.0071634847902917,1.3570695362574408e-05,-2.420968939923646e-06,-0.011393060731600112,2.0,0.0,2.0,2.0000123549759787,1.9999995261354986
3.663601875305176,6.237339687612143e-07,-1.0576075059338926e-07,2.007048119873847,1.6446128945003934e-05,-2.9579184401802283e-06,-0.01166228271323874,2.0,0.0,2.0,2.0000117952297884,1.999999376266034
3.6736578941345215,8.035675430467459e-07,-1.3816930923958743e-07,2.006930233245284,1.9555051274860952e-05,-3.5294705779288057e-06,-0.011918399188322399,2.0,0.0,2.0,2.0000112034344526,1.9999991964324615
3.6835567951202393,1.0154049080611146e-06,-1.7648271924735897e-07,2.0068097846480577,2.283409409737831e-05,-4.14130718209689e-06,-0.012164936753853836,2.0,0.0,2.0,2.000010577859123,1.9999989845950994
3.693584442138672,1.2605324918493499e-06,-2.2120344872578223e-07,2.0066873651533195,2.6196826057230642e-05,-4.8162291819710475e-06,-0.01229139460272355,2.0,0.0,2.0,2.000009919656491,1.99999873946752
3.703572988510132,1.5392406587956698e-06,-2.7315675178101235e-07,2.006564433618133,2.9528622390563874e-05,-5.596514037795797e-06,-0.012279053126870752,2.0,0.0,2.0,2.0000092336858186,1.99999846075936
3.7135980129241943,1.8505314823645397e-06,-3.3367951164952745e-07,2.0064415718651016,3.26882836795335e-05,-6.541494415370418e-06,-0.012306198900978334,2.0,0.0,2.0,2.000008522913265,1.9999981494685453
3.7236175537109375,2.1919145974035875e-06,-4.048023739622154e-07,2.006318228835032,3.552017406495901e-05,-7.73161301828287e-06,-0.012358950355197674,2.0,0.0,2.0,2.000007788075384,1.9999978080854435
3.7336535453796387,2.5593054730115146e-06,-4.894469388181518e-07,2.006194722909882,3.786277133947727e-05,-9.262607539833729e-06,-0.012320740905028143,2.0,0.0,2.0,2.000007034331836,1.9999974406945868
3.7435860633850098,2.9469819118141435e-06,-5.915400281530331e-07,2.006072196165874,3.954930207503148e-05,-1.1239241797057456e-05,-0.012167818543061749,2.0,0.0,2.0,2.0000062709020847,1.9999970530181757
3.753612995147705,3.3475311301106888e-06,-7.160409102295229e-07,2.0059516247903177,4.040218211732926e-05,-1.375457363178287e-05,-0.011935648210901366,2.0,0.0,2.0,2.0000055079236265,1.9999966524689978
3.7636661529541016,3.7512221521401743e-06,-8.684046025471552e-07,2.0058336883998575,4.010792463788044e-05,-1.6796760242810518e-05,-0.011644639009242884,2.0,0.0,2.0,2.000004756755984,1.999996248778036
3.773646116256714,4.1442253784850615e-06,-1.0531645096631436e-06,2.005717928768515,3.816640007360918e-05,-2.0189387262811973e-05,-0.01155427606858275,2.0,0.0,2.0,2.000004029452484,1.9999958557748987
3.783595561981201,4.506691161208329e-06,-1.2721680790306935e-06,2.005602178066467,3.386117253815154e-05,-2.3568891602943232e-05,-0.01160254297647912,2.0,0.0,2.0,2.0000033394113053,1.9999954933092434
3.793647050857544,4.810664737242717e-06,-1.522687583593962e-06,2.005484402815362,2.6311678623470233e-05,-2.6388360535524364e-05,-0.012024231395852004,2.0,0.0,2.0,2.0000027090083536,1.9999951893358423
3.8036043643951416,5.018561781242977e-06,-1.7957883896292078e-06,2.0053612939609664,1.4450192724250698e-05,-2.79606388450572e-05,-0.012581574079554868,2.0,0.0,2.0,2.000002167312381,1.9999949814390248
3.813601016998291,5.0813501121824065e-06,-2.0752066736230563e-06,2.0052334955629365,-2.900668189889116e-06,-2.7528203433697813e-05,-0.012941410584234151,2.0,0.0,2.0,2.0000017660255915,1.9999949186509642
3.8236658573150635,4.938790154803212e-06,-2.337430321488583e-06,2.005103011790859,-2.676870715123383e-05,-2.4426479317368744e-05,-0.013135986209441855,2.0,0.0,2.0,2.000001571399026,1.9999950612112107
3.833632230758667,4.521743132398863e-06,-2.553296681323685e-06,2.0049712402949176,-5.789528403057924e-05,-1.8202167005561984e-05,-0.01318879337918273,2.0,0.0,2.0,2.0000016565704404,1.9999954782584974
3.8435704708099365,3.7553572793655364e-06,-2.690435055172235e-06,2.0048398066301707,-9.66637191782762e-05,-8.676623716556457e-06,-0.013076311932181915,2.0,0.0,2.0,2.000002100579007,1.9999962446445303
3.853644847869873,2.563682235896754e-06,-2.7163312880087127e-06,2.004708894922412,-0.0001428670500495466,3.9928819701024435e-06,-0.01317297808041215,2.0,0.0,2.0,2.00000297974188,1.9999974363196085
3.863661050796509,8.749745160658217e-07,-2.6013710863914166e-06,2.0045753245134743,-0.0001959771052627738,1.9419962278333122e-05,-0.013569384665067888,2.0,0.0,2.0,2.000004358421219,1.9999991250271754
3.873655080795288,-1.377115342027887e-06,-2.320310282391668e-06,2.0044380959069414,-0.0002554353686554871,3.7123423232627943e-05,-0.013831490868380166,2.0,0.0,2.0,2.0000063012810556,2.0000013771166882
3.883584499359131,-4.251843584248746e-06,-1.8534331130188891e-06,2.004299428711286,-0.00032032318812561097,5.6466402152235765e-05,-0.01387320277505665,2.0,0.0,2.0,2.0000088731010903,2.000004251844443
3.893636465072632,-7.79785572351401e-06,-1.1878954013504466e-06,2.004160948716365,-0.00038950364839465364,7.673965372422216e-05,-0.013806123412924394,2.0,0.0,2.0,2.000012126208072,2.000007797856076
3.9035775661468506,-1.2052752405025925e-05,-3.1768686300852246e-07,2.0040237524390294,-0.00046193433861198394,9.730126814571734e-05,-0.013610842533722075,2.0,0.0,2.0,2.000016100369865,2.0000120527524303
3.913623571395874,-1.704398899756582e-05,7.572164279614108e-07,2.003888911364306,-0.0005366089121010426,0.00011759469112542055,-0.013355728075709882,2.0,0.0,2.0,2.0000208248612465,2.000017043989141
3.923598051071167,-2.278959539925145e-05,2.031903523143381e-06,2.003756633613821,-0.0006126908143248874,0.0001372025302952245,-0.01310066418634169,2.0,0.0,2.0,2.0000263176271456,2.0000227895964313
3.933624505996704,-2.9300659297231783e-05,3.498164732645127e-06,2.0036270847418254,-0.0006896342001460775,0.00015588480238936671,-0.012791457897164162,2.0,0.0,2.0,2.0000325895474,2.000029300662356
3.9435811042785645,-3.658398571755554e-05,5.146237398956667e-06,2.0035011707874406,-0.0007670942418398413,0.0001735630600599834,-0.012374151982294666,2.0,0.0,2.0,2.0000396484831557,2.000036583992338
3.9536325931549072,-4.464352342418285e-05,6.966249577420393e-06,2.0033799073437693,-0.0008448527259450965,0.0001902920302993362,-0.011865159892486092,2.0,0.0,2.0,2.000047499413182,2.0000446435355563
3.9636826515197754,-5.34817392260216e-05,8.94944444376581e-06,2.003264080226625,-0.0009228232070181955,0.00020623295484035876,-0.011293670225644903,2.0,0.0,2.0,2.000056145241183,2.0000534817592484
3.9736409187316895,-6.310051707082586e-05,1.1088964179168947e-05,2.0031538101747683,-0.001000978034193022,0.00022159114043484804,-0.010769611336645763,2.0,0.0,2.0,2.000065587097469,2.0000631005478113
3.98357892036438,-7.350311953437867e-05,1.3379916636515454e-05,2.0030487370803525,-0.0010796849467205477,0.00023653898854071836,-0.010236190205371795,2.0,0.0,2.0,2.0000758267769885,2.0000735031642884
3.993631601333618,-8.469825401224327e-05,1.5818518290764022e-05,2.002949226643888,-0.001159614777883385,0.0002511121620165255,-0.009662942325917178,2.0,0.0,2.0,2.000086872707749,2.0000846983165657
4.003603935241699,-9.670270115844928e-05,1.8400401170772186e-05,2.002855468713895,-0.00124173930966046,0.0002651515446180421,-0.009092641785674887,2.0,0.0,2.0,2.0000987411115974,2.0000967027857977
4.013635873794556,-0.00010954452639050377,2.1118633330435747e-05,2.0027672844658078,-0.0013273171778460256,0.00027831076887961567,-0.00854175457844545,2.0,0.0,2.0,2.0001114589979423,2.0001095446378834
4.023616313934326,-0.00012326510490651206,2.3962001825892755e-05,2.00268477164233,-0.0014177034286645294,0.0002900820034149805,-0.007953402528101935,2.0,0.0,2.0,2.000125067136268,2.0001232652484418
4.033607482910156,-0.00013791821939574618,2.691357984455101e-05,2.0026081283098605,-0.00151397904027476,0.0002998450043494027,-0.007378030747599724,2.0,0.0,2.0,2.000139618865803,2.000137918400468
4.043586015701294,-0.00015356720308133096,2.995003281658872e-05,2.002537296315016,-0.0016169901768730284,0.0003069478669294904,-0.006783312633366,2.0,0.0,2.0,2.000155176771244,2.0001535674273154
4.053593158721924,-0.00017028134223958633,3.304156550458097e-05,2.002472022931053,-0.001727014005380565,0.0003107656582140448,-0.006289547148458,2.0,0.0,2.0,2.0001718092088514,2.0001702816151523
4.063584804534912,-0.00018813109603127716,3.615276421150562e-05,2.002411512425511,-0.0018440941222310327,0.0003108148391651875,-0.005805044097709557,2.0,0.0,2.0,2.000189585133528,2.0001881314227563
4.073764801025391,-0.000205223037103388,3.893721305083459e-05,2.0023607325423223,-0.0019548904531292706,0.00030739515262887007,-0.0055268886436249595,2.0,0.0,2.0,2.0002066165371897,2.000205223416091
4.083683490753174,-0.0002254084827057623,4.197599374122294e-05,2.0023057646141726,-0.0020829999400183543,0.00029967605700595423,-0.005503244794808745,2.0,0.0,2.0,2.0002267379105416,2.000225408923152
4.0937230587005615,-0.00024689817133409503,4.491719895110939e-05,2.0022509594596585,-0.0022155982305928626,0.00028790403021138083,-0.005428450475237965,2.0,0.0,2.0,2.0002481652235273,2.0002468986756603
4.103659391403198,-0.0002697310853001596,4.7721360503917347e-05,2.002197643438723,-0.0023513867410524802,0.00027232287231968917,-0.005220266602156717,2.0,0.0,2.0,2.0002709389005457,2.0002697316545555
4.113722085952759,-0.0002939314606138759,5.035226671552278e-05,2.002146703054113,-0.0024888634855957026,0.0002533244861377029,-0.004955211577471361,2.0,0.0,2.0,2.0002950840082354,2.0002939320943587
4.123676776885986,-0.000319509976325216,5.277790947139726e-05,2.0020988684520393,-0.0026268214307532812,0.00023134632921665928,-0.004601161212553983,2.0,0.0,2.0,2.0003206118085703,2.0003195106725906
4.133696794509888,-0.00034646523758514845,5.497091347565441e-05,2.0020543510693645,-0.0027640451162520324,0.00020687345083033088,-0.004309109820250358,2.0,0.0,2.0,2.000347520899461,2.0003464659929047
4.143663167953491,-0.00037478656768871624,5.690829263470286e-05,2.002012856149737,-0.002899964381647712,0.00018027583658054817,-0.003981880450647995,2.0,0.0,2.0,2.0003758000846137,2.0003747873771753
4.153661727905273,-0.00040445807846217606,5.857051316970648e-05,2.0019742630732207,-0.003034021159996648,0.0001518850065642889,-0.0037451918466698693,2.0,0.0,2.0,2.00040543316733,2.000404458935915
4.163689136505127,-0.0004354611936947184,5.994036512763305e-05,2.0019381665662923,-0.003166323240063219,0.00012180616258855386,-0.0034622545875732606,2.0,0.0,2.0,2.000436401009469,2.000435462091711
4.173779487609863,-0.0004677787031423827,6.100112521386931e-05,2.0019047293548624,-0.0032969345544444956,9.005526239809447e-05,-0.003225058413027075,2.0,0.0,2.0,2.0004686864193943,2.000467779633209
4.183650016784668,-0.0005013961383947376,6.173518703543388e-05,2.001873977068633,-0.0034264083944603846,5.641998176297718e-05,-0.0029076186804918133,2.0,0.0,2.0,2.00050227481824,2.0005013970909644
4.193721055984497,-0.0005363043939714223,6.212239302875536e-05,2.0018465628642352,-0.003555173294662395,2.0633461248304576e-05,-0.00256947645460922,2.0,0.0,2.0,2.0005371575784068,2.0005363053585103
4.203693628311157,-0.0005724993632600258,6.213938552826556e-05,2.0018228731248633,-0.0036838474317613607,-1.7690057035360916e-05,-0.0021589313634405864,2.0,0.0,2.0,2.0005733308070197,2.0005725003283095
4.2137291431427,-0.0006099824970329616,6.175894487676658e-05,2.0018034036932217,-0.0038128882444420143,-5.890959406330585e-05,-0.0017251270347521204,2.0,0.0,2.0,2.0006107962684365,2.0006099834502837
4.223703861236572,-0.0006487599836870734,6.0950651877486836e-05,2.0017885512182243,-0.003942770440223806,-0.00010328107388909194,-0.0012456497853648798,2.0,0.0,2.0,2.0006495603815044,2.0006487609121315
4.2336859703063965,-0.0006888416607425355,5.9682702786882836e-05,2.0017785206813197,-0.004073782578033369,-0.00015083254108128004,-0.0007513983222346908,2.0,0.0,2.0,2.0006896330624704,2.000688842550942
4.243654489517212,-0.0007302400787812961,5.792408692616626e-05,2.0017735680710436,-0.004206118089514795,-0.00020134787106543473,-0.0002475957830761239,2.0,0.0,2.0,2.0007310270160255,2.000730240917275
4.253636360168457,-0.0007729687105894175,5.5647370060631834e-05,2.001773605619482,-0.004339850615752325,-0.000254366512786223,0.00026195986941465846,2.0,0.0,2.0,2.000773755599695,2.000772969484448
4.2636542320251465,-0.0008170415721740568,5.2830636927863e-05,2.0017786987968904,-0.0044748942724327475,-0.00030920461293068927,0.000716290386822354,2.0,0.0,2.0,2.00081783288887,2.000817042269658
4.273721218109131,-0.0008624665255985586,4.946149218942611e-05,2.0017846613096264,-0.004610041247337134,-0.0003646281148683513,0.0002808518622707256,2.0,0.0,2.0,2.000863263047561,2.000862467136945
4.283661365509033,-0.0009092417736591546,4.553907533984827e-05,2.0017808598314843,-0.0047449416165742,-0.0004197291247521746,-0.0012344396580683357,2.0,0.0,2.0,2.0009100347968642,2.0009092422918755
4.293684244155884,-0.0009573577816072734,4.107304424095419e-05,2.0017516969127054,-0.00487790238254164,-0.0004731347480734611,-0.005001699757630948,2.0,0.0,2.0,2.0009581249465014,2.000957358203154
4.303648948669434,-0.0010067968012029147,3.608215207703043e-05,2.0016753383159878,-0.005009901971925395,-0.0005247964786869878,-0.010460136265258886,2.0,0.0,2.0,2.0010074984629633,2.0010067971265197
4.313750267028809,-0.001057555566499819,3.058218294051889e-05,2.0015380508280263,-0.005142101284867829,-0.0005750566685199501,-0.0170541763406973,2.0,0.0,2.0,2.0010581468876394,2.0010575558001937
4.323684215545654,-0.0011096486547666192,2.458141488091751e-05,2.001336260515365,-0.005277210043961054,-0.0006251931674197757,-0.023070115232966197,2.0,0.0,2.0,2.001110094956201,2.0011096488057447
4.333654403686523,-0.001163123085346154,1.8071773629707073e-05,2.001087712491229,-0.00541891162516639,-0.0006771589654326585,-0.026036588267913812,2.0,0.0,2.0,2.0011634187746257,2.0011631231669456
4.343674182891846,-0.0012180472620388872,1.1029493991478928e-05,2.0008249008848935,-0.0055667150167582665,-0.0007317542801365268,-0.026192285887491593,2.0,0.0,2.0,2.0012182173042516,2.001218047292433
4.353704929351807,-0.0012744774889506538,3.4235896004061863e-06,2.0005737725272765,-0.005720281638828857,-0.0007901893040007587,-0.023550006201141276,2.0,0.0,2.0,2.001274559743192,2.001274477491879
4.363646745681763,-0.0013324640943307962,-4.78927293724219e-06,2.000359007320244,-0.0058772981352819866,-0.0008531496231121117,-0.019314430399533095,2.0,0.0,2.0,2.001332496300172,2.001332464100061
4.373747110366821,-0.001392031809607235,-1.3658726722715686e-05,2.000191927926913,-0.006036441111600759,-0.0009217482342143998,-0.013993574590047,2.0,0.0,2.0,2.0013920410588923,2.001392031856215
4.383670330047607,-0.0014531892218972939,-2.3243448858188103e-05,2.000076882718812,-0.006194678805016092,-0.0009961819797945943,-0.009225244304494725,2.0,0.0,2.0,2.001453190833529,2.0014531893568637
4.393703937530518,-0.0015159202778200888,-3.360486649922851e-05,2.000004657486898,-0.006351219952501837,-0.0010772756005345933,-0.0054018627950107225,2.0,0.0,2.0,2.001515920565347,2.0015159205599278
4.403674125671387,-0.0015802052717999154,-4.481237350728795e-05,1.9999632719167009,-0.0065053139805013455,-0.0011653994555406062,-0.0032289199367657837,2.0,0.0,2.0,2.0015802061104124,2.0015802057734406
4.413747787475586,-0.0016460234602181758,-5.694001242684795e-05,1.9999356829606936,-0.006658355660099344,-0.0012615872995056293,-0.0024698271825804438,2.0,0.0,2.0,2.0016460253034127,2.001646024270093
4.4237143993377686,-0.0017133740618546433,-7.007317872373974e-05,1.9999089113147253,-0.006811991443907932,-0.001366532328899571,-0.003151552808997388,2.0,0.0,2.0,2.0017133773608777,2.0017133752883662
4.433717250823975,-0.0017822761193002595,-8.430454067857622e-05,1.9998701184491265,-0.006969277745226538,-0.0014815072807671148,-0.004721223966522012,2.0,0.0,2.0,2.0017822821080817,2.0017822778945322
4.443704843521118,-0.0018527789788090703,-9.973867340287045e-05,1.999811229540427,-0.007132429838451488,-0.0016071298676583448,-0.00722825630890155,2.0,0.0,2.0,2.0018527903637846,2.001852781463458
4.453705549240112,-0.0019249553705085825,-0.00011648801151237097,1.9997247399207634,-0.007304561747560699,-0.001744865048439857,-0.010095910348747213,2.0,0.0,2.0,2.0019249776834247,2.0019249587596106
4.463679790496826,-0.0019989052705205266,-0.00013467850000036536,1.9996079113755558,-0.007487245865578378,-0.0018954008503407544,-0.01334991558256279,2.0,0.0,2.0,2.0019989481955656,2.0019989098005677
4.473718643188477,-0.002074742647767784,-0.00015444425077314476,1.9994584457325684,-0.007682417340728025,-0.0020602354689550984,-0.016496506446709736,2.0,0.0,2.0,2.0020748218491176,2.0020747486048442
4.4836554527282715,-0.002152595879956308,-0.00017593231828872443,1.9992780702928097,-0.007890302659241465,-0.0022398385717178736,-0.019588111007281143,2.0,0.0,2.0,2.0021527337652167,2.002152603609682
4.493710041046143,-0.002232593761175178,-0.00019929427802663983,1.9990684080247074,-0.008111498496016507,-0.002435240060517124,-0.02225017175169975,2.0,0.0,2.0,2.0022328204036164,2.0022326036796554
4.503698348999023,-0.002314867094797416,-0.00022468887413958273,1.9988341534594212,-0.00834507585177545,-0.002646168467067749,-0.024575221573746003,2.0,0.0,2.0,2.0023152191081457,2.0023148797014785
4.51372504234314,-0.002399534842295914,-0.0002522693721283568,1.998578789331562,-0.008590407895193764,-0.0028725044531712424,-0.026379517550303645,2.0,0.0,2.0,2.0024000550879544,2.0023995507331893
4.523717880249023,-0.002486710037723811,-0.0002821871388432534,1.9983082560254994,-0.008846205493908868,-0.0031133104106332377,-0.027662447262209663,2.0,0.0,2.0,2.002487444531167,2.0024867299203977
4.533689975738525,-0.0025764901661452727,-0.0003145804564002017,1.9980275704695876,-0.00911127653094939,-0.003367486610746445,-0.028372459250796126,2.0,0.0,2.0,2.002577486242486,2.002576514874531
4.543736934661865,-0.0026689614796777676,-0.00034957603737844115,1.9977423829754068,-0.009384133835719984,-0.0036334169788981995,-0.028607002387257618,2.0,0.0,2.0,2.002670264499907,2.0026689919898137
4.55371618270874,-0.0027641947621383713,-0.00038728278357544105,1.9974567776587042,-0.009663568557386022,-0.003909538845218408,-0.028441270880968803,2.0,0.0,2.0,2.002765846969902,2.0027642322073733
4.56368350982666,-0.0028622522419861234,-0.0004277963887868753,1.9971747924228087,-0.009948824200127718,-0.004194530838229746,-0.027907993343959842,2.0,0.0,2.0,2.0028642905258076,2.002862297929039
4.573732852935791,-0.00296318821834384,-0.0004711981629504263,1.9968993578136816,-0.01023922072917952,-0.004487002628210961,-0.027138811061508374,2.0,0.0,2.0,2.0029656435814047,2.0029632436431535
4.583681106567383,-0.003067053708940434,-0.0005175589824693457,1.9966328221416314,-0.01053471185702402,-0.004786219776932007,-0.026136624300887003,2.0,0.0,2.0,2.003069950702732,2.0030671205732262
4.593708515167236,-0.003173898087243937,-0.0005669417923425389,1.9963768286541448,-0.010834978040315817,-0.005091299312728154,-0.02504528202512526,2.0,0.0,2.0,2.003177254955647,2.003173978315673
4.603736162185669,-0.0032837703329857276,-0.0006194043219802906,1.9961324261715874,-0.01114032265507355,-0.005402149139536516,-0.023813825581398204,2.0,0.0,2.0,2.0032875994895427,2.003283866091188
4.613710880279541,-0.0033967200715049905,-0.0006750017941409184,1.9959004561111724,-0.01145043250783497,-0.005718218757688488,-0.022575444547448264,2.0,0.0,2.0,2.003401028221954,2.0033968337852306
4.62367057800293,-0.0035127958621020755,-0.000733786908375718,1.995681282491828,-0.011765554002554662,-0.006039703560132778,-0.021242469105248667,2.0,0.0,2.0,2.0035175848859725,2.0035129302368886
4.633692502975464,-0.0036320456131390512,-0.0007958119329400491,1.9954754098226724,-0.012085126610210975,-0.00636612853914936,-0.019930800126191153,2.0,0.0,2.0,2.003637312349917,2.0036322036552825
4.643690824508667,-0.003754513173272887,-0.0008611266478025998,1.9952829855077854,-0.012409076829670046,-0.006697649295407506,-0.01853891555187806,2.0,0.0,2.0,2.003760250336123,2.003754698210678
4.653711557388306,-0.0038802383136772537,-0.0009297794381977674,1.9951044493997419,-0.012736486042792762,-0.007033640225568958,-0.01716613355172134,2.0,0.0,2.0,2.003886434010062,2.0038804540176254
4.663666009902954,-0.004009253085487638,-0.0010018141839558765,1.9949399649967885,-0.013066900993232385,-0.007373996945522496,-0.01571737588058518,2.0,0.0,2.0,2.0040158916630744,2.004009503491416
4.673712968826294,-0.0041415821670716555,-0.0010772707935193956,1.9947899658223145,-0.013399167257289154,-0.00771788116317431,-0.014278874087828953,2.0,0.0,2.0,2.004148643773617,2.0041418716955883
4.683662176132202,-0.004277240648264754,-0.0011561825384167569,1.9946546480280887,-0.013732658715986884,-0.008064939767763716,-0.012774990709305399,2.0,0.0,2.0,2.0042847020636536,2.0042775741245737
4.69368314743042,-0.004416235669627634,-0.0012385769434809428,1.9945343734466752,-0.014066330106803757,-0.008414285470314819,-0.011275310152325224,2.0,0.0,2.0,2.004424070141462,2.0044166183428147
4.703698396682739,-0.004558566123969975,-0.0013244743448356854,1.994429338559898,-0.014399632814820073,-0.008765423558745707,-0.009726998628801988,2.0,0.0,2.0,2.004566744092637,2.0045590036846694
4.7137463092803955,-0.004704224243969256,-0.0014138882414248793,1.9943397578479771,-0.014731769340198562,-0.009117467279534731,-0.008184878792142376,2.0,0.0,2.0,2.0047127136132983,2.0047047228411405
4.723681926727295,-0.004853196370318738,-0.001506824847084652,1.994265752463276,-0.015062341402241998,-0.009469831115742273,-0.006617296740050661,2.0,0.0,2.0,2.004861963106741,2.0048537626264427
4.733688116073608,-0.005005464075028671,-0.0016032830817736558,1.9942073287940123,-0.015390859940494528,-0.009821694193844478,-0.005064410979916879,2.0,0.0,2.0,2.0050144728971566,2.0050061050997727
4.74389910697937,-0.005161006766053961,-0.00170325494155568,1.994164489976141,-0.015717328362313293,-0.010172398246547781,-0.00350994161978055,2.0,0.0,2.0,2.005170221529756,2.0051617301685294
4.75369930267334,-0.005319804328787874,-0.0018067242717065301,1.9941370138194368,-0.01604193765203429,-0.010521091192244716,-0.0019835399041490676,2.0,0.0,2.0,2.005329189059192,2.005320618226882
4.763666868209839,-0.005481841669809287,-0.0019136676647716789,1.9941247982637165,-0.016365385212018847,-0.010867036049695028,-0.0004684208876231912,2.0,0.0,2.0,2.0054913605864035,2.0054827546980456
4.773703336715698,-0.005647110944986746,-0.002024052839326319,1.9941275292593044,-0.016688520289318935,-0.011209350312357053,0.0010155759663786656,2.0,0.0,2.0,2.00565672943913,2.005648132258465
4.783658504486084,-0.005815614445224726,-0.0021378402709607168,1.9941450475726805,-0.017012349917464607,-0.011547337802813787,0.002476929041139902,2.0,0.0,2.0,2.0058252989682885,2.005816753722358
4.793708562850952,-0.00598736309817633,-0.0022549831553228174,1.994176941552601,-0.017337729317133597,-0.011880404773864817,0.0039023004285810782,2.0,0.0,2.0,2.0059970822182884,2.0059886305407133
4.803702116012573,-0.006162376975307981,-0.002375430842104509,1.994223011926131,-0.01766547221951721,-0.012208207234015256,0.005298864497598547,2.0,0.0,2.0,2.006172101055667,2.006163783309554
4.813746452331543,-0.006340682360221735,-0.002499128915495786,1.9942827555711506,-0.017996168950967954,-0.012530511656224473,0.006650361615637843,2.0,0.0,2.0,2.00635038470923,2.00634223883639
4.82369327545166,-0.006522312172106618,-0.0026260229540154066,1.9943559607626058,-0.018330391480611656,-0.012847371057474842,0.007980184130519354,2.0,0.0,2.0,2.006531968452027,2.006524030566555
4.833694934844971,-0.006707302908694789,-0.0027560582370501794,1.9944422135913018,-0.018668445366558383,-0.013158810997886643,0.009270237518289788,2.0,0.0,2.0,2.006716891939134,2.0067091955248753
4.8436970710754395,-0.006895695344682376,-0.002889181571162647,1.9945413047380673,-0.019010763021962158,-0.013464954147454794,0.010537402041758893,2.0,0.0,2.0,2.0069051987368836,2.0068977750157497
4.8536906242370605,-0.007087533386542045,-0.0030253393760843105,1.9946527835661128,-0.019357673243673806,-0.01376572856167588,0.011757636766882375,2.0,0.0,2.0,2.00709693639286,2.007089813474727
4.863668441772461,-0.007282866221071435,-0.003164478189006641,1.994776418355054,-0.019709789977306495,-0.01406109647073172,0.012960748293081652,2.0,0.0,2.0,2.007292157298506,2.0072853606168923
4.876136064529419,-0.007481748053321858,-0.0033065420469931646,1.9949118251856712,-0.020067591196156948,-0.014350705755538679,0.014119733929090258,2.0,0.0,2.0,2.0074909194092188,2.0074844711697097
4.883665323257446,-0.0076842389710880836,-0.0034514722054944133,1.9950587830187956,-0.02043164050905804,-0.01463426860655266,0.01526393402165056,2.0,0.0,2.0,2.0076932862612646,2.007687205735321
4.89367938041687,-0.00789040195656579,-0.003599205587768934,1.9952169229958565,-0.020802041389578967,-0.014911311207889492,0.016362929925361685,2.0,0.0,2.0,2.007899324761028,2.0078936277975887
4.903660535812378,-0.00810030120930169,-0.0037496761066031893,1.9953860189383923,-0.02117883381902434,-0.015181648299785657,0.01744944076609832,2.0,0.0,2.0,2.0081091027653426,2.008103802045052
4.913700103759766,-0.008313998154409337,-0.003902815516949962,1.9955657230077177,-0.021561513321670275,-0.015445109638065713,0.018489463063399797,2.0,0.0,2.0,2.008322685716703,2.0083177903787806
4.923669815063477,-0.008531549602285,-0.004058556283752136,1.9957557992493378,-0.021949600410779764,-0.015701958198619647,0.019520529480804343,2.0,0.0,2.0,2.008540134243495,2.0085356500761606
4.933671236038208,-0.008753004884213562,-0.004216833519188003,1.995955938608911,-0.02234214713141144,-0.01595249236230155,0.020504857402287236,2.0,0.0,2.0,2.0087615017091554,2.0087574309299483
4.943707704544067,-0.008978405041596322,-0.004377587245964306,1.996165897670347,-0.022738415202085315,-0.016197345899712424,0.021482823712971184,2.0,0.0,2.0,2.008986833091309,2.0089831744426263
4.953660011291504,-0.009207781813285064,-0.004540762995224368,1.9963853978419928,-0.023137324173163314,-0.01643699617984031,0.022414447004235692,2.0,0.0,2.0,2.0092161641735817,2.0092129128162703
4.963656663894653,-0.009441158075646697,-0.004706311998350512,1.9966141957828951,-0.023538174955438362,-0.016672075789612086,0.023342186676550466,2.0,0.0,2.0,2.009449521837067,2.0094466693945927
4.973740816116333,-0.009678549050653578,-0.004874190559581235,1.996852170686504,-0.023940175671281393,-0.01690297343847584,0.02425246472374055,2.0,0.0,2.0,2.009686925139669,2.0096844598712384
4.983656167984009,-0.009919963894517332,-0.005044358383542293,1.9970991523272823,-0.024342802395810444,-0.017129897883422326,0.025115701004256752,2.0,0.0,2.0,2.009928387214445,2.009926293875783
4.993680477142334,-0.010165397369731008,-0.005216770365223988,1.9973519318742412,-0.024743444733382206,-0.01735155474183707,0.02529078146946313,2.0,0.0,2.0,2.0101739108197707,2.0101721666254493
5.003755331039429,-0.010414826993534531,-0.005391371998907724,1.9976024905198675,-0.025142397532469253,-0.017567984456038743,0.024731115455669524,2.0,0.0,2.0,2.010423485621669,2.010422056058746
5.013721942901611,-0.010668251114477473,-0.005568117503744815,1.997846142543524,-0.025542931008345465,-0.017780552427540938,0.024005366155528087,2.0,0.0,2.0,2.0106771145746474,2.0106759609574802
5.023710250854492,-0.01092569856210651,-0.0057469719972206386,1.9980828000625555,-0.02594735535328684,-0.017989803256451047,0.023339806742762013,2.0,0.0,2.0,2.01093482452322,2.010933910605874
5.033708572387695,-0.0111872151678345,-0.005927901792607198,1.9983127845656499,-0.02635695691915784,-0.018195563984208293,0.022649850487770334,2.0,0.0,2.0,2.011196658999347,2.0111959512872466
5.043649673461914,-0.011452862015068876,-0.006110872023407089,1.9985360430476273,-0.026773838186295064,-0.018397938479276888,0.022031126951365502,2.0,0.0,2.0,2.011462677266336,2.011462144527085
5.053705215454102,-0.011722724080647746,-0.006295849853138243,1.9987542567181447,-0.02720029918614013,-0.018597077204397197,0.02165473440455298,2.0,0.0,2.0,2.0117329614499435,2.0117325757435642
5.06367564201355,-0.01199690392819351,-0.006482802216288648,1.9989699076901675,-0.02763752226115765,-0.018792817601344807,0.021509552493957942,2.0,0.0,2.0,2.0120076116236185,2.0120073479342
5.073760747909546,-0.012275512169512597,-0.006671694698466023,1.9991850563427804,-0.028086019605318834,-0.018985114798807497,0.021546842733517115,2.0,0.0,2.0,2.0122867371526323,2.01228657213311
5.083666086196899,-0.01255866188588134,-0.006862493736235434,1.9994013058879814,-0.028545766312649906,-0.019174186726409553,0.021722181127198103,2.0,0.0,2.0,2.0125704508878215,2.012570361838853
5.093694448471069,-0.012846462114498036,-0.007055168817727243,1.9996195890215416,-0.02901593152998707,-0.01936040421959954,0.02193337023318357,2.0,0.0,2.0,2.012858862455689,2.0128588265086793
5.103693246841431,-0.01313901266991346,-0.007249695157492651,1.9998400174498272,-0.029495739056821537,-0.019544633245971013,0.022157840660891222,2.0,0.0,2.0,2.013152072747582,2.0131520663907807
5.113751411437988,-0.013436408299802489,-0.007446059646860685,2.000063171502514,-0.029984924186561714,-0.01972830365062726,0.02250007734084316,2.0,0.0,2.0,2.013450177695518,2.0134501767045228
5.123698472976685,-0.013738740386440814,-0.007644264516924438,2.000290459406999,-0.03048284127648551,-0.019912949105200247,0.02296580304069519,2.0,0.0,2.0,2.013753270308913,2.0137532493612946
5.133779764175415,-0.014046086106530405,-0.007844325113325862,2.000521618004067,-0.030987308420484746,-0.020099632452791907,0.023218956932320994,2.0,0.0,2.0,2.0140614296696264,2.0140613621231895
5.143671751022339,-0.01435850850724278,-0.008046270031674201,2.000754284012964,-0.03149837556210893,-0.0202901731694536,0.023306339892272317,2.0,0.0,2.0,2.014374719907227,2.0143745786861356
5.153654098510742,-0.014676081548238918,-0.00825014896951297,2.000988251577325,-0.03201770888971769,-0.020486780926089427,0.023521635658664462,2.0,0.0,2.0,2.014693216140305,2.0146929737606634
5.1636881828308105,-0.014998892701420486,-0.008456031188758793,2.0012253200143078,-0.032546013942790504,-0.02069102414781914,0.023910769691256724,2.0,0.0,2.0,2.0150170082310854,2.015016635676097
5.173710584640503,-0.015327028247445437,-0.00866399664942117,2.001465999977218,-0.03308245750846101,-0.020903495742732658,0.024198488300382442,2.0,0.0,2.0,2.0153461848472967,2.015345651649518
5.183689832687378,-0.0156605719833859,-0.00887413147254809,2.001709046834996,-0.03362793571070468,-0.02112506451420101,0.02441236403189981,2.0,0.0,2.0,2.0156808310094303,2.0156801064796426
5.193673849105835,-0.015999623136344596,-0.00908653126093406,2.0019546417632292,-0.034184194053637124,-0.021356590691211246,0.02473183050932599,2.0,0.0,2.0,2.01602104804505,2.016020100479219
5.203687906265259,-0.0163442947486625,-0.009301297219540853,2.0022041555840953,-0.03475209984745903,-0.02159828040928102,0.02519118102638082,2.0,0.0,2.0,2.0163669525652534,2.016365747848204
5.213669300079346,-0.016694701715818237,-0.009518528417050668,2.0024582737403516,-0.0353310978838746,-0.021849479938573245,0.02561471298512896,2.0,0.0,2.0,2.0167186629328495,2.0167171646792417
5.22368049621582,-0.017050954444759105,-0.009738316975229247,2.0027163288054295,-0.035921396291109256,-0.022109716567332405,0.025999511635288554,2.0,0.0,2.0,2.0170762915879514,2.0170744625927974
5.233715534210205,-0.017413169278497852,-0.009960751737176171,2.0029784556632664,-0.03652356277740198,-0.022378640704661897,0.02643867431861283,2.0,0.0,2.0,2.0174399578058377,2.017437759177091
5.243673801422119,-0.01778146536331323,-0.010185916870271879,2.0032453790197633,-0.03713759671306062,-0.02265567688795861,0.02695680242242732,2.0,0.0,2.0,2.017809784729767,2.0178071748475386
5.253673791885376,-0.018155957170799354,-0.010413888981460907,2.0035174480453066,-0.037762529932943184,-0.022939881226997454,0.027450206736663513,2.0,0.0,2.0,2.0181858905929486,2.018182825352476
5.26373291015625,-0.01853675151456321,-0.010644736826862301,2.003794405792831,-0.03839810997505134,-0.023230782441731535,0.027947820586959656,2.0,0.0,2.0,2.0185683850571916,2.0185648187851384
5.273728132247925,-0.018923952992691364,-0.010878525472347697,2.004076395927425,-0.03904381501695399,-0.02352795900505016,0.028448641972876533,2.0,0.0,2.0,2.0189573762929824,2.0189532610449623
5.283653974533081,-0.019317660241336996,-0.011115316203615134,2.004363445100653,-0.03969924435583935,-0.023831196657937696,0.028968592459863232,2.0,0.0,2.0,2.0193529663904726,2.0193482520894843
5.293701887130737,-0.019717969864856702,-0.01135516969589994,2.0046559936777784,-0.04036425374997377,-0.024140518006141528,0.029553351020352336,2.0,0.0,2.0,2.0197552564484065,2.0197498898808837
5.303685903549194,-0.020124976176562212,-0.011598146972673206,2.004954743498478,-0.041038512460278315,-0.024455959744347545,0.03020593413865051,2.0,0.0,2.0,2.020164346252228,2.020158270132703
5.3136982917785645,-0.020538765960974845,-0.011844307779929775,2.0052597485744665,-0.04172067985007328,-0.024777141215184924,0.030771393093663918,2.0,0.0,2.0,2.0205803268697218,2.0205734810637015
5.32361912727356,-0.020959416100627057,-0.012093709788954183,2.00556996351546,-0.04241072094714373,-0.02510430781483453,0.031270447956327586,2.0,0.0,2.0,2.021003276552468,2.0209956010200143
5.333727598190308,-0.021387007827722813,-0.012346415244400687,2.0058851466492085,-0.043109011066037144,-0.02543787269434575,0.03176775273451799,2.0,0.0,2.0,2.0214332797139716,2.0214247127667413
5.3436713218688965,-0.021821624548351765,-0.012602489571047428,2.00620540802882,-0.043815760453992755,-0.025778129773259405,0.032290557797706024,2.0,0.0,2.0,2.021870423969728,2.0218609013071904
5.353668689727783,-0.022263350191771704,-0.012862000088198624,2.0065308745176287,-0.04453072713910479,-0.026125092973688455,0.03279803958646931,2.0,0.0,2.0,2.0223147976754463,2.022304252226929
5.363691329956055,-0.022712267430155978,-0.013125014430292325,2.0068614135998613,-0.045254174063904654,-0.02647894272102823,0.0333160508634203,2.0,0.0,2.0,2.022766487218143,2.022754849905504
5.37368631362915,-0.023168460689515287,-0.013391601173954451,2.0071970329991076,-0.04598580255337988,-0.02683949718747047,0.03379582699909345,2.0,0.0,2.0,2.023225581242679,2.0232127805326816
5.3836705684661865,-0.023632011077859703,-0.013661826546230608,2.007537231800276,-0.04672569294931318,-0.027206693554638558,0.03424401423256317,2.0,0.0,2.0,2.023692163256757,2.023678127016152
5.393733978271484,-0.02410300295332353,-0.01393575712948144,2.0078819285185774,-0.04747412626980072,-0.027580524731600862,0.03469959844014127,2.0,0.0,2.0,2.0241663213996537,2.024150975567641
5.403656244277954,-0.024581522933152536,-0.014213458972030135,2.00823137604036,-0.048231317782361505,-0.027960913602582262,0.035195848643257345,2.0,0.0,2.0,2.0246481474492777,2.024631414706952
5.413670539855957,-0.025067655049920298,-0.014494994803580881,2.0085855742998966,-0.04899637907972157,-0.028347197842034468,0.03563002482909589,2.0,0.0,2.0,2.0251377297581015,2.0251195303990674
5.423697471618652,-0.02556147704721471,-0.014780422041371316,2.0089438704137734,-0.04976937789362142,-0.028739205810948697,0.03602973363687422,2.0,0.0,2.0,2.0256351475503664,2.025615402334169
5.433712482452393,-0.02606306939793577,-0.015069797586713177,2.0093061794429086,-0.050550437380514415,-0.02913682689246422,0.03643552365245104,2.0,0.0,2.0,2.026140484999328,2.026119112978674
5.443683385848999,-0.026572512900825733,-0.01536317693141674,2.0096727181531846,-0.05133961120765711,-0.029539945442645647,0.03688044636706341,2.0,0.0,2.0,2.026653828044411,2.026630745165629
5.453654766082764,-0.027089885439076138,-0.01566061276761867,2.0100436160130823,-0.05213603591778753,-0.029948001113203393,0.03728689939704679,2.0,0.0,2.0,2.0271752594840637,2.0271503788425917
5.4636945724487305,-0.027615257358793995,-0.015962152921546107,2.010418381809611,-0.05293956290782246,-0.03036083868794986,0.03766864261205692,2.0,0.0,2.0,2.027704851520455,2.027678086432868
5.473720073699951,-0.028148699825540573,-0.01626784508381747,2.0107969501255227,-0.05375006649901538,-0.030778359854879322,0.038043282289790474,2.0,0.0,2.0,2.0282426791485566,2.028213941227035
5.483661890029907,-0.028690281787345555,-0.016577735656622235,2.0111793052331812,-0.054567472142677445,-0.03120052886547216,0.03843185812162604,2.0,0.0,2.0,2.0287888154274256,2.0287580143373236
5.493661403656006,-0.029240070258588196,-0.01689187019783255,2.0115654827428417,-0.05539126908916393,-0.03162710907886506,0.03880020535507032,2.0,0.0,2.0,2.029343331822621,2.029310374985024
5.503706455230713,-0.02979812880773596,-0.017210292922733857,2.0119553600076583,-0.05622153786943772,-0.032058205355738514,0.03918134695307728,2.0,0.0,2.0,2.029906295504003,2.0298710889841924
5.513703346252441,-0.030364520537464176,-0.017533048594618413,2.012348982232257,-0.05705774690765404,-0.032493632509063966,0.03953402036927711,2.0,0.0,2.0,2.030477774173488,2.0304402217377264
5.524868965148926,-0.030939303450546532,-0.017860180300652912,2.0127459948340944,-0.057899844354308914,-0.03293346567146666,0.03987022798472776,2.0,0.0,2.0,2.031057828011028,2.031017833585063
5.533726215362549,-0.031522536848980175,-0.01819173281257819,2.013146359214439,-0.0587478199697383,-0.03337779738146041,0.04020394201941817,2.0,0.0,2.0,2.0316465203446774,2.031603986230594
5.543679237365723,-0.032114280127757994,-0.018527751955298245,2.013550186118386,-0.05960185919862182,-0.0338268308310176,0.04056913327917737,2.0,0.0,2.0,2.0322439156350094,2.032198741533828
5.553674936294556,-0.03271459145883808,-0.01886828399084525,2.0139575696275958,-0.06046123524303521,-0.034280289861478574,0.04089516078272788,2.0,0.0,2.0,2.0328500771626863,2.032802160189336
5.563688278198242,-0.03332352263930387,-0.019213372835127814,2.014368003071659,-0.0613259345573343,-0.03473826300147126,0.041193171180573813,2.0,0.0,2.0,2.033465057709691,2.0334142965500193
5.573702096939087,-0.03394112820153312,-0.019563064705610263,2.0147814188206548,-0.06219608137172566,-0.03520088895568504,0.04149052477180398,2.0,0.0,2.0,2.034088915665378,2.0340352077804362
5.583677768707275,-0.03456746291156456,-0.01991740655794174,2.015197910601788,-0.06307178579375802,-0.03566827809395775,0.04181300027339374,2.0,0.0,2.0,2.034721710875729,2.0346649513427013
5.593675374984741,-0.035202579900266324,-0.020276444879490336,2.015617524783305,-0.06395240913410896,-0.03614011595034879,0.0421031021746141,2.0,0.0,2.0,2.035363501325994,2.0353035831171846
5.603674650192261,-0.035846528051800844,-0.02064022398098606,2.0160399726758462,-0.06483809943651989,-0.0366164726451094,0.042390988353629235,2.0,0.0,2.0,2.0360143381985303,2.035951154774239
5.613662958145142,-0.03649935782257906,-0.02100878870845898,2.016465280538997,-0.0657286319673105,-0.03709717473142306,0.04266657251352917,2.0,0.0,2.0,2.0366742766279544,2.036607719619754
5.623678207397461,-0.0371611170181271,-0.021382181793001085,2.016893335822943,-0.0666240312043884,-0.037582154548961605,0.042948253585447876,2.0,0.0,2.0,2.037343368012373,2.037273328345701
5.633744955062866,-0.03783185320526358,-0.021760444942218782,2.0173241608342014,-0.0675239479675512,-0.038071125672191224,0.043214256694165065,2.0,0.0,2.0,2.0380216646175997,2.037948031452736
5.643714666366577,-0.03851161160021811,-0.02214361755895596,2.0177576804505373,-0.06842853139468633,-0.03856406127332886,0.04349590273513795,2.0,0.0,2.0,2.0387092155681494,2.0386318771243412
5.653669357299805,-0.0392004374458747,-0.022531737935112286,2.018193969453432,-0.0693372867614271,-0.03906057553348327,0.04375424705847122,2.0,0.0,2.0,2.0394060713399615,2.0393249136157348
5.663833141326904,-0.039898371355538094,-0.02292484070226661,2.018632747100194,-0.07025022176061618,-0.03956056588426197,0.044004237294935106,2.0,0.0,2.0,2.0401122746174294,2.0400271845689217
5.673715591430664,-0.04060545553711773,-0.023322960397238458,2.019074041640326,-0.07116730690646414,-0.04006392943360157,0.044256070067782274,2.0,0.0,2.0,2.0408278723875846,2.040738735274444
5.683634281158447,-0.04132173189646324,-0.023726130615551,2.019517972833741,-0.07208867550162981,-0.04057067013089669,0.044535205645877846,2.0,0.0,2.0,2.0415529122827802,2.0414596107654845
5.69368052482605,-0.042047240514555564,-0.02413438331636557,2.019964572714579,-0.07301362279654307,-0.0410803427282496,0.044777134525828786,2.0,0.0,2.0,2.0422874393960435,2.0421898542866117
5.703670978546143,-0.04278201702376457,-0.024547747520979126,2.0204135039376663,-0.0739423449382885,-0.041593016554980336,0.04501279230009757,2.0,0.0,2.0,2.043031490733084,2.042929504653558
5.71369481086731,-0.04352610004286027,-0.02496625360212605,2.0208648476964886,-0.07487489604702348,-0.04210869882976339,0.04525837184132595,2.0,0.0,2.0,2.0437851103393196,2.043678603737708
5.723689079284668,-0.04427952809544386,-0.025389931661543318,2.021318778332225,-0.07581135695256751,-0.042627410192888036,0.04553235924712168,2.0,0.0,2.0,2.0445483432605567,2.0444371933664063
5.733694314956665,-0.04504233729117733,-0.025818810155342414,2.0217753188962932,-0.07675099347401594,-0.04314870468323956,0.04576850679508126,2.0,0.0,2.0,2.0453212307078403,2.045205312987231
5.7436699867248535,-0.04581455942061591,-0.026252914644514857,2.0222341504088166,-0.07769404219352322,-0.04367265165053707,0.04600271634652435,2.0,0.0,2.0,2.0461038058977126,2.045982997745754
5.753671169281006,-0.046596228533960324,-0.026692271205674353,2.0226953067365474,-0.07864027393801794,-0.04419903792503658,0.04622357754562899,2.0,0.0,2.0,2.0468961079985015,2.04677028510567
5.76367449760437,-0.04738737557093438,-0.027136903186112702,2.0231586270043094,-0.07958969075692851,-0.044727749101935506,0.046444268698257477,2.0,0.0,2.0,2.0476981709144773,2.047567209437036
5.773707628250122,-0.04818803198971131,-0.027586832919790093,2.023624135685015,-0.08054206674126604,-0.04525851680502496,0.04665491740336164,2.0,0.0,2.0,2.0485100311014577,2.0483738056654675
5.783668279647827,-0.04899822728831853,-0.02804208015202272,2.0240917884151193,-0.08149751789894163,-0.045791251579006396,0.04688039187088815,2.0,0.0,2.0,2.0493317222838674,2.0491901067714346
5.793679475784302,-0.049817990466535525,-0.028502662817883488,2.024561614693969,-0.08245552018383154,-0.04632551098941264,0.047078970664983684,2.0,0.0,2.0,2.050163278557186,2.0500161452603183
5.803694009780884,-0.050647346724799924,-0.02896859528096141,2.0250333657209163,-0.08341621497938924,-0.04686123409016973,0.047275094226571446,2.0,0.0,2.0,2.0510047268451945,2.0508519498349984
5.813689708709717,-0.05148632304405632,-0.029439891580285628,2.0255070656848746,-0.08437945779549559,-0.04739821818264434,0.04746248025012671,2.0,0.0,2.0,2.0518560990607835,2.051697551017957
5.8236916065216064,-0.05233494504673616,-0.029916563891473746,2.0259826777158225,-0.08534541914510864,-0.0479364598971616,0.047665370336517535,2.0,0.0,2.0,2.0527174250238014,2.0525529779898646
5.83371114730835,-0.053193239482559544,-0.030398624174217348,2.0264603419228684,-0.08631387329807444,-0.04847576372193307,0.04786655722360803,2.0,0.0,2.0,2.0535887379665985,2.0534182610974736
5.843670606613159,-0.05406123133142443,-0.03088608284739783,2.0269400686086625,-0.08728494045113065,-0.04901615470413908,0.04808236480645619,2.0,0.0,2.0,2.054470067795845,2.0542934289366808
5.853668928146362,-0.054938945097803615,-0.031378949777904924,2.0274218582216696,-0.08825816924480198,-0.0495573660814281,0.04827094437189183,2.0,0.0,2.0,2.055361443852922,2.055178509660131
5.863696336746216,-0.05582640303510021,-0.031877233554477365,2.027905520983951,-0.08923385175613968,-0.050099570571835936,0.04846538599681036,2.0,0.0,2.0,2.056262890667609,2.0560735291898795
5.873724460601807,-0.05672362857696821,-0.0323809436358548,2.028391026510536,-0.09021158335688731,-0.05064257282674901,0.0486296779138812,2.0,0.0,2.0,2.057174436027213,2.0569785146805883
5.883668899536133,-0.05763064233108826,-0.032890088179939436,2.028878114248529,-0.09119158379580884,-0.051186513976271615,0.048791972031607234,2.0,0.0,2.0,2.0580961016538764,2.0578934904800907
5.893697500228882,-0.05854746710362964,-0.03340467663668186,2.0293668158360103,-0.0921737044135761,-0.05173130634195671,0.04894576345491063,2.0,0.0,2.0,2.0590279154524147,2.058818483193691
5.903681993484497,-0.05947412404243569,-0.0339247173287227,2.029857089089603,-0.0931580896395468,-0.05227699190180076,0.04911523587256358,2.0,0.0,2.0,2.0599699026478753,2.059753517789493
5.913666486740112,-0.06041063471463781,-0.034450218263785054,2.030349036848493,-0.09414430672466412,-0.05282326083997829,0.04926820790521197,2.0,0.0,2.0,2.060922091011989,2.060698619687896
5.923664808273315,-0.06135701646835754,-0.034981184251716244,2.0308424544778387,-0.09513237911471453,-0.053370023015374336,0.04941835713318702,2.0,0.0,2.0,2.0618844995763457,2.0616538100745676
5.933714866638184,-0.06231328755848535,-0.03551761940684603,2.0313373418352403,-0.09612211161569502,-0.05391703199745742,0.049558028533837645,2.0,0.0,2.0,2.0628571512157396,2.0626191110645267
5.9436728954315186,-0.06327946491521941,-0.03605952538452262,2.0318336928800673,-0.09711368677127528,-0.05446417466255564,0.049719005093704506,2.0,0.0,2.0,2.0638400673778414,2.0635945434391396
5.953652620315552,-0.06425556538190931,-0.03660690127071835,2.0323316463512926,-0.09810657386230304,-0.055010872833676804,0.04986593828658129,2.0,0.0,2.0,2.0648332716678643,2.0645801278785068
5.963706016540527,-0.0652416005799345,-0.03715974006338228,2.0328310188320016,-0.09910069517547035,-0.05555672393567266,0.05001298000980208,2.0,0.0,2.0,2.065836777396776,2.0655758797603028
5.973705530166626,-0.06623758181276032,-0.03771803069587471,2.03333183623085,-0.1000956466062089,-0.0561010982493284,0.05014636136132084,2.0,0.0,2.0,2.066850600706674,2.066581814091815
5.9836649894714355,-0.0672435160634758,-0.03828175561480307,2.033833980847535,-0.10109134026336448,-0.05664353741417992,0.05028802196691475,2.0,0.0,2.0,2.0678747509893887,2.0675979414575343
5.993716478347778,-0.06825940885442415,-0.03885089255092024,2.034337517330861,-0.1020871895284481,-0.057183356859167395,0.050414069774540805,2.0,0.0,2.0,2.0689092390105714,2.068624270902489
6.003663063049316,-0.06928526008633412,-0.03942541286220379,2.03484228352433,-0.10308308982266287,-0.05772020228021094,0.050544368546319725,2.0,0.0,2.0,2.069954066038933,2.0696608057336165
6.013697862625122,-0.07032106936612155,-0.040005285191369776,2.035348348039834,-0.10407868207113125,-0.058253670248619306,0.0506648606021517,2.0,0.0,2.0,2.071009236776521,2.070707548907987
6.023650407791138,-0.07136683311630915,-0.0405904747860274,2.0358556215315624,-0.10507406404282879,-0.05878368221224251,0.05079454722388161,2.0,0.0,2.0,2.0720747499964998,2.0717645001248677
6.033700704574585,-0.0724225494706149,-0.04118094688988835,2.0363642148274956,-0.10606917264058054,-0.059310155901561024,0.05092444642975954,2.0,0.0,2.0,2.07315060959426,2.072831660782185
6.043646335601807,-0.07348821704603099,-0.04177666699007229,2.036874204282764,-0.1070644063590855,-0.059833349212873324,0.05108048570260087,2.0,0.0,2.0,2.0742368194290197,2.07390903275277
6.053652286529541,-0.07456383656408395,-0.04237760265888124,2.0373857008128553,-0.10805944069553516,-0.06035323869561574,0.05121018986709776,2.0,0.0,2.0,2.075333386184464,2.0749966200422123
6.063693523406982,-0.0756494066296238,-0.04298372224814638,2.037898381723951,-0.10905467298033539,-0.0608702580066166,0.05132876029692234,2.0,0.0,2.0,2.076440306620325,2.0760944245434056
6.073711156845093,-0.0767449315411811,-0.043594999603019186,2.0384122438741814,-0.11005042645436995,-0.06138484383250388,0.05144421102754898,2.0,0.0,2.0,2.0775575888893725,2.0772024539443366
6.083664417266846,-0.07785041877776698,-0.044211412690262776,2.0389273660598533,-0.11104724444306906,-0.06189748496828911,0.051587726672864015,2.0,0.0,2.0,2.078685245931997,2.0783207191930244
6.0936901569366455,-0.0789658787670872,-0.04483294255615017,2.0394439090069,-0.11204486412269545,-0.062408148275378064,0.051714377102258194,2.0,0.0,2.0,2.0798232953243394,2.0794492342483504
6.103642463684082,-0.08009131994057155,-0.045459569530284835,2.0399616614757456,-0.11304361304597964,-0.06291695114404199,0.05184010461029839,2.0,0.0,2.0,2.080971745637574,2.080588011056968
6.113689422607422,-0.08122675497488806,-0.04609127480332399,2.0404806849116803,-0.11404361737895066,-0.06342375167399619,0.05196517039310263,2.0,0.0,2.0,2.08213061479995,2.0817370658265895
6.12369179725647,-0.08237219774786747,-0.04672803734554454,2.041001066109705,-0.11504522134435381,-0.06392836431780329,0.05211706323471937,2.0,0.0,2.0,2.083299922442657,2.082896415914015
6.133718252182007,-0.08352766296597994,-0.047369832375944776,2.0415229412100064,-0.11604801226533276,-0.06443011930227202,0.05225506813917472,2.0,0.0,2.0,2.0844796899971305,2.084066079413943
6.14367151260376,-0.08469316293619358,-0.04801662894920433,2.042046228323999,-0.11705226245500375,-0.06492862832274238,0.052409139155648495,2.0,0.0,2.0,2.085669932075742,2.0852460718698302
6.153669118881226,-0.08586871178848958,-0.04866839176699955,2.042571074197458,-0.11805766453220122,-0.0654232257164065,0.052556153168860496,2.0,0.0,2.0,2.0868706695753056,2.086436410527615
6.163693189620972,-0.08705432040436428,-0.04932507903484216,2.043097392852751,-0.11906429853420211,-0.06591348712262332,0.05271357430466073,2.0,0.0,2.0,2.0880819153019403,2.0876371092075163
6.173688173294067,-0.08825000078535943,-0.049986645293323834,2.04362531264991,-0.12007191181221706,-0.06639892396803831,0.0528680575584144,2.0,0.0,2.0,2.089303687449849,2.0888481827283982
6.183671236038208,-0.08945576226131763,-0.050653040904234656,2.0441548191240098,-0.12108058897115696,-0.06687937387343794,0.05303992665339279,2.0,0.0,2.0,2.090535998506542,2.090069643098017
6.19367241859436,-0.09067161432778642,-0.05132421527343753,2.044686039379081,-0.12208988225121929,-0.06735462169095892,0.0531988585247734,2.0,0.0,2.0,2.0917788640639756,2.0913015024212522
6.203668594360352,-0.09189756203886962,-0.052000116583827936,2.045218815839118,-0.12309977991591096,-0.06782483118742816,0.05336036177419764,2.0,0.0,2.0,2.093032289166794,2.092543768285122
6.213716268539429,-0.09313361061415179,-0.05268069549018972,2.0457531967728735,-0.12410996690594217,-0.0682901594210867,0.05351516709999885,2.0,0.0,2.0,2.0942962833789545,2.09379644845433
6.223687648773193,-0.0943797625135278,-0.05336590485015348,2.0462892025316477,-0.1251204548175003,-0.0687509940676831,0.05369122750844207,2.0,0.0,2.0,2.0955708529414396,2.095059547942897
6.233721017837524,-0.09563601776181203,-0.05405570043355757,2.046826909542797,-0.12613048114746656,-0.06920740050844489,0.053845793250411965,2.0,0.0,2.0,2.0968560029594965,2.0963330693594346
6.243651866912842,-0.09690237052692473,-0.05475003924715036,2.0473661529094045,-0.1271400025945111,-0.06965970985560428,0.054008547450925204,2.0,0.0,2.0,2.098151727297251,2.097617009446434
6.253683567047119,-0.09817881404337994,-0.05544888088980486,2.047907016113881,-0.12814847399916085,-0.07010792776090036,0.054159687746684275,2.0,0.0,2.0,2.099458024416147,2.098911364039086
6.264068841934204,-0.09946533623798325,-0.05615218439617494,2.0484493777601283,-0.129155795540048,-0.07055211019370523,0.054318075607701334,2.0,0.0,2.0,2.100774882771277,2.100216123611408
6.2736711502075195,-0.10076192450313276,-0.056859908769524736,2.048993319270029,-0.1301615604359256,-0.07099202477598858,0.05446643909943332,2.0,0.0,2.0,2.1021022948468704,2.101531278060687
6.283653736114502,-0.10206856243671372,-0.05757201009138948,2.0495387473495525,-0.13116578783538377,-0.07142748076844986,0.05462348574322871,2.0,0.0,2.0,2.1034402451744802,2.1028568133685934
6.293669700622559,-0.10338523361856798,-0.058288441842794025,2.050085707439353,-0.13216812632676042,-0.07185801517372278,0.05476595701706549,2.0,0.0,2.0,2.104788721355851,2.1041927153797246
6.303678274154663,-0.10471191957162655,-0.059009153044182076,2.0506341235083987,-0.13316882779721664,-0.07228333543337824,0.054923454845996776,2.0,0.0,2.0,2.1061477058823144,2.1055389677063383
6.313742160797119,-0.10604860339124843,-0.05973408920144581,2.051184097112325,-0.1341675833854451,-0.07270288921246128,0.0550657874667278,2.0,0.0,2.0,2.107517186894607,2.106895555375006
6.3236565589904785,-0.10739526551395165,-0.06046319060593591,2.0517354563131516,-0.13516458679233131,-0.0731163643657456,0.05520981536740834,2.0,0.0,2.0,2.1088971430510304,2.1082624605415874
6.333696603775024,-0.10875188868824351,-0.06119639489302911,2.052288230026439,-0.13615974681212598,-0.07352339868973369,0.055343486153103486,2.0,0.0,2.0,2.110287559976942,2.1096396675247977
6.3436689376831055,-0.11011845549318271,-0.061933636715069074,2.052842396735594,-0.13715338269038177,-0.0739238618276792,0.055494726372758534,2.0,0.0,2.0,2.1116884217285588,2.111027160310755
6.353693962097168,-0.11149494971971133,-0.06267484902258039,2.053398020455926,-0.13814514726473373,-0.07431744117903609,0.05562618055681138,2.0,0.0,2.0,2.1130997155790974,2.112424923965784
6.363706588745117,-0.11288135334940817,-0.06341996271774582,2.0539549624585107,-0.13913536266661877,-0.0747041684517318,0.05576808635722192,2.0,0.0,2.0,2.114521421735104,2.113832941602232
6.3737123012542725,-0.11427765070999636,-0.06416890910411775,2.05451330706442,-0.14012378112778587,-0.0750839445790435,0.05589563737023378,2.0,0.0,2.0,2.115953528278562,2.1152511986020466
6.383662462234497,-0.11568382359067642,-0.06492161897629012,2.055072893529282,-0.1411105509697004,-0.07545692085823807,0.05602538929854879,2.0,0.0,2.0,2.1173960143571287,2.116679677706045
6.393686771392822,-0.11709985541623902,-0.06567802516815209,2.055633756928133,-0.14209551085650893,-0.0758232249681292,0.05614626834843768,2.0,0.0,2.0,2.118848865705949,2.118118363263358
6.403674602508545,-0.11852572855752978,-0.06643806239154067,2.0561958973716754,-0.14307885655085253,-0.07618319174983305,0.05628688758356523,2.0,0.0,2.0,2.1203120660827177,2.1195672385405837
6.413703918457031,-0.11996142492330629,-0.06720166814798323,2.056759377318024,-0.14406003577457238,-0.07653694670727001,0.056404395858665884,2.0,0.0,2.0,2.121785600450304,2.121026286344591
6.423693418502808,-0.12140692262260057,-0.06796878201123135,2.057324012397697,-0.14503918547702258,-0.07688489522589495,0.05652661302366758,2.0,0.0,2.0,2.123269443352999,2.122495485667563
6.433750629425049,-0.12286220055964266,-0.06873934745837776,2.0578898422749483,-0.14601600507169465,-0.07722729881472049,0.05663768904137197,2.0,0.0,2.0,2.124763576093244,2.1239748163417413
6.443676471710205,-0.12432723566904129,-0.06951331104673261,2.058456836267416,-0.14699068948267233,-0.07756461435269789,0.056767702492070866,2.0,0.0,2.0,2.1262679761319703,2.1254642562550776
6.4536707401275635,-0.12580200556108756,-0.07029062358050031,2.0590251058395834,-0.14796283289679132,-0.07789711361092728,0.05687984536899378,2.0,0.0,2.0,2.1277826255823813,2.1269637840383835
6.463712453842163,-0.12728648465178644,-0.0710712389289707,2.059594439046085,-0.14893265475436612,-0.07822528881828691,0.05699156447069672,2.0,0.0,2.0,2.129307494456888,2.1284733751647105
6.473733186721802,-0.12878065084590165,-0.07185511626885226,2.06016488668537,-0.14990020035505303,-0.07854955828647689,0.057094825840305855,2.0,0.0,2.0,2.1308425635742716,2.129993008709162
6.483665704727173,-0.13028448233106457,-0.07264221867243663,2.0607363841559474,-0.15086582991001066,-0.07887039253781951,0.05721092025469495,2.0,0.0,2.0,2.132387810871776,2.1315226641052134
6.493685722351074,-0.1317979615853605,-0.0734325137636921,2.0613091542971427,-0.15182973512073825,-0.0791881271673823,0.05734526053787875,2.0,0.0,2.0,2.1339432268684617,2.1330623251787912
6.503678560256958,-0.13332107206802457,-0.07422597169912863,2.061883392903238,-0.15279211293698142,-0.0795029906881372,0.05750697159292461,2.0,0.0,2.0,2.135508802538955,2.134611976778015
6.5136964321136475,-0.13485379632928068,-0.07502256339289583,2.0624591173857394,-0.15375237990302476,-0.07981484172259841,0.05763066059157614,2.0,0.0,2.0,2.137084522910638,2.136171602825855
6.523706912994385,-0.13639611383548494,-0.07582225868637668,2.063036005863855,-0.15471085621906402,-0.08012372258642694,0.05775026570306698,2.0,0.0,2.0,2.138670359863561,2.1377411840827847
6.533699035644531,-0.1379480063456884,-0.0766250271020836,2.0636140185275025,-0.1556672930948158,-0.08042940755637704,0.057848236601300215,2.0,0.0,2.0,2.1402662955737815,2.139320703544912
6.543702602386475,-0.1395094534761357,-0.07743083562708487,2.064192996759081,-0.15662184533901272,-0.08073172221692168,0.05795224128318768,2.0,0.0,2.0,2.1418723063368117,2.1409101419302172
6.553673505783081,-0.14108043578957385,-0.07823964904885045,2.0647730076951305,-0.15757422971425386,-0.08103030926617158,0.05804687323637678,2.0,0.0,2.0,2.1434883759260352,2.1425094807734593
6.563693284988403,-0.1426609312175913,-0.07905142854861483,2.0653539907865492,-0.1585245363145824,-0.08132491096042341,0.05815619994998354,2.0,0.0,2.0,2.145114481474949,2.1441186987948715
6.573731184005737,-0.14425091792868042,-0.07986613256814805,2.0659360570572116,-0.15947234690513445,-0.08161512821930644,0.05825127460277644,2.0,0.0,2.0,2.1467506054010173,2.1457377747920137
6.583661317825317,-0.14585036993912434,-0.08068371571374289,2.066519017484335,-0.1604176649124516,-0.08190071875483403,0.05834373887002456,2.0,0.0,2.0,2.1483967165857276,2.147366683207424
6.593687295913696,-0.14745926225501588,-0.0815041306404045,2.067102880376975,-0.16136036770962023,-0.08218144234885227,0.058428567575866695,2.0,0.0,2.0,2.1500527907265887,2.149005399331585
6.603682041168213,-0.14907756956570595,-0.08232732808080943,2.0676876807462383,-0.16230072692165273,-0.0824572166407348,0.05853819268087593,2.0,0.0,2.0,2.1517188039063497,2.1506538979945997
6.6137003898620605,-0.15070526834908854,-0.08315325792881759,2.068273661627639,-0.16323861261331585,-0.08272789581720309,0.0586591272178688,2.0,0.0,2.0,2.153394740515716,2.1523121557080658
6.623680114746094,-0.15234233413259185,-0.08398186893397572,2.068860946584767,-0.16417417897786227,-0.08299345372438209,0.05880349777475613,2.0,0.0,2.0,2.155080580297063,2.1539801479143157
6.63373589515686,-0.15398874228777612,-0.08481310930391801,2.0694495854892447,-0.1651069626702762,-0.08325373394305985,0.05891543213609672,2.0,0.0,2.0,2.1567763004857277,2.1556578498018357
6.6436779499053955,-0.15564446525398137,-0.08564692637407414,2.0700392361462856,-0.16603728051137773,-0.08350883617985085,0.05901888143686545,2.0,0.0,2.0,2.158481862600982,2.157345233516752
6.653668165206909,-0.15730947923356814,-0.08648326878857164,2.0706298548818705,-0.16696507272534686,-0.0837587869522997,0.05909757631680911,2.0,0.0,2.0,2.1601972413120056,2.159042274938442
6.66369366645813,-0.1589837591709108,-0.08732208534500026,2.0712211634069857,-0.16789058679594746,-0.0840037026549957,0.059167239639329,2.0,0.0,2.0,2.161922402185102,2.1607489486177602
6.673713445663452,-0.16066728368048283,-0.0881633263040169,2.0718131689277457,-0.16881396492448253,-0.08424366963567226,0.059233140654131496,2.0,0.0,2.0,2.1636573236313623,2.162465232754549
6.683676242828369,-0.16236003253113887,-0.08900694265836974,2.0724059148721956,-0.16973553999405772,-0.08447880684294334,0.059323454193480174,2.0,0.0,2.0,2.1654019863845,2.1641911066561237
6.693669319152832,-0.16406198714459078,-0.08985288607203161,2.072999564925114,-0.1706549940556896,-0.08470905247735713,0.05940035655838731,2.0,0.0,2.0,2.16715637687245,2.165926551233829
6.703677415847778,-0.16577312575114037,-0.09070110747041385,2.073593914523506,-0.17157243187776378,-0.08493442133120446,0.05947319462396799,2.0,0.0,2.0,2.1689204658947543,2.1676715441049237
6.713679552078247,-0.16749342865565087,-0.09155155800888086,2.0741889736897443,-0.17248779188808713,-0.08515485653937203,0.05953602856640248,2.0,0.0,2.0,2.1706942333862735,2.169426064893497
6.723673105239868,-0.16922287540108008,-0.09240418807875274,2.0747846941262487,-0.17340126390985686,-0.08537032688976227,0.05961328542583368,2.0,0.0,2.0,2.1724776564129216,2.1711900923543803
6.733766794204712,-0.1709614466042796,-0.0932589473964535,2.075381197924642,-0.17431261421080144,-0.08558066553614499,0.05968618851030214,2.0,0.0,2.0,2.174270718864648,2.1729636062096485
6.743694305419922,-0.17270912121384746,-0.09411578370334214,2.0759784774438397,-0.17522200838804483,-0.08578569200750764,0.059775193600524995,2.0,0.0,2.0,2.176073398390465,2.1747465843513685
6.753657579421997,-0.1744658787977131,-0.09497464216340851,2.076576590300116,-0.17612910240580346,-0.08598501340408092,0.05984046019067864,2.0,0.0,2.0,2.1778856753492755,2.1765390050972155
6.763684272766113,-0.17623169659501497,-0.09583546380041923,2.0771752885863806,-0.1770341752399851,-0.08617827673849611,0.05990387281282527,2.0,0.0,2.0,2.179707516745091,2.178340844171697
6.773716449737549,-0.17800655531434717,-0.0966981858397845,2.0777745888763386,-0.17793722459118083,-0.0863649927929875,0.05995105022621233,2.0,0.0,2.0,2.1815389019707756,2.1801520805065353
6.78367018699646,-0.17979043575344686,-0.09756274008317513,2.078374325167793,-0.17883864924750378,-0.08654462852786551,0.05999990564209878,2.0,0.0,2.0,2.183379803630199,2.1819726927839262
6.793715476989746,-0.18158332359481355,-0.09842905253587583,2.078974551959094,-0.17973873527190118,-0.08671651097776388,0.060045885800704586,2.0,0.0,2.0,2.185230206643511,2.1838026642007065
6.803675413131714,-0.18338520834354943,-0.09929704210775134,2.079575347354408,-0.18063817292335804,-0.08687993215554174,0.060121604025615304,2.0,0.0,2.0,2.1870901002225143,2.1856419813374632
6.813675403594971,-0.18519608643105945,-0.10016662039377296,2.0801770963476485,-0.1815374456720524,-0.08703412045346749,0.06023311589418719,2.0,0.0,2.0,2.1889594913505066,2.1874906372359013
6.823681831359863,-0.18701595844622207,-0.10103769116057126,2.080780143513267,-0.18243706309753127,-0.08717830231350436,0.06038338464583114,2.0,0.0,2.0,2.190838389548515,2.1893486285956167
6.83372688293457,-0.18884482785392304,-0.1019101502755783,2.081384602202182,-0.18333685050962872,-0.08731165612896846,0.06049827732959851,2.0,0.0,2.0,2.192726798447009,2.1912159544764322
6.843669176101685,-0.19068269854186193,-0.10278388617848198,2.081990080728783,-0.18423752243728525,-0.087433576348193,0.060600335745669004,2.0,0.0,2.0,2.1946247028333836,2.1930926138557405
6.853710412979126,-0.19252958233806935,-0.10365878189547309,2.082596512106783,-0.1851394830269971,-0.08754354344129213,0.060682051031006226,2.0,0.0,2.0,2.196532106822891,2.1949786132196376
6.863691806793213,-0.19438549464811142,-0.10453471638400837,2.083203742354608,-0.18604334849719564,-0.08764132013992515,0.060767314504528894,2.0,0.0,2.0,2.198449014372026,2.1968739622589917
6.8737077713012695,-0.19625045613997885,-0.10541156778262814,2.0838118206473855,-0.18694933535465097,-0.08772695631971099,0.06084903283922719,2.0,0.0,2.0,2.200375442054761,2.198778675701003
6.883707046508789,-0.1981244903803955,-0.10628921608862439,2.0844208347868083,-0.18785800893143964,-0.08780077043432431,0.06096212704257613,2.0,0.0,2.0,2.2023114107711717,2.200692771076146
6.893712759017944,-0.20000762460944133,-0.10716754523324615,2.085031016667234,-0.18876924381785998,-0.08786320541603386,0.06106901531786837,2.0,0.0,2.0,2.2042569507401946,2.2026162695964535
6.903652667999268,-0.20189988479546792,-0.1080464441314165,2.085642210367775,-0.18968331642191796,-0.08791481961251885,0.06117183971162458,2.0,0.0,2.0,2.2062120761496202,2.2045491912751096
6.913748741149902,-0.2038013009145487,-0.10892580742277468,2.086254391459989,-0.190600459435517,-0.08795617217433563,0.06126400519223901,2.0,0.0,2.0,2.2081768102852393,2.206491560245668
6.9236931800842285,-0.20571190659038227,-0.10980553495842507,2.0868675823554192,-0.1915213417265211,-0.0879877340969658,0.06137913348507361,2.0,0.0,2.0,2.210151181988771,2.2084434043873715
6.933741569519043,-0.20763173893383255,-0.11068553048798002,2.0874817772775964,-0.1924457272502174,-0.08800980902665584,0.06145037504428941,2.0,0.0,2.0,2.2121352225311792,2.210404755108761
6.943657398223877,-0.2095608353571551,-0.11156570006262213,2.0880965434150327,-0.19337436153768614,-0.08802255602258297,0.06150573798130729,2.0,0.0,2.0,2.2141289464564498,2.2123756440927185
6.953672885894775,-0.21149924245447307,-0.11244595055881579,2.0887118860226,-0.19430792149510923,-0.08802597985274734,0.061563556133873536,2.0,0.0,2.0,2.2161323944871776,2.2143561120952935
6.963793992996216,-0.2134470126447121,-0.11332618786275281,2.089327922367651,-0.19524712093237165,-0.08801985760901918,0.061652277344268466,2.0,0.0,2.0,2.218145617482276,2.2163462055015923
6.973729848861694,-0.21540420527554763,-0.11420631448210679,2.0899450861178597,-0.19619244226982155,-0.08800376463221725,0.06178782304444191,2.0,0.0,2.0,2.220168685829281,2.2183459773038483
6.9836671352386475,-0.21737088267412558,-0.11508622831385057,2.090563838836993,-0.19714410093920975,-0.08797722292345529,0.06197001518724288,2.0,0.0,2.0,2.222201674057382,2.2203554830879084
6.993695497512817,-0.21934710484106126,-0.11596582292499831,2.091184246995518,-0.19810117892269552,-0.08793987806864265,0.06209665818028794,2.0,0.0,2.0,2.2242446382431074,2.2223747757417227
7.003662824630737,-0.22133292508756688,-0.11684498910611497,2.091805678591635,-0.1990638601786648,-0.08789151090887076,0.062190820472686995,2.0,0.0,2.0,2.226297598745272,2.2244039011738166
7.01368522644043,-0.2233284003951283,-0.11772361637920516,2.0924279705239837,-0.20003211419199787,-0.08783211807426951,0.06226409690151495,2.0,0.0,2.0,2.228360598195934,2.2264429087351325
7.023686170578003,-0.22533358615323396,-0.11860159536897262,2.093050980642941,-0.20100597656995453,-0.08776190488465758,0.06234099202998553,2.0,0.0,2.0,2.230433678252795,2.2284918460891165
7.033690452575684,-0.22734853729133353,-0.11947881983971372,2.093674757576697,-0.20198512418121098,-0.08768129307474706,0.06241564421239439,2.0,0.0,2.0,2.232516887992381,2.2305507604544963
7.043666362762451,-0.2293733066121683,-0.12035518786311751,2.09429941702703,-0.2029696420763968,-0.08759067057609794,0.06252515935109583,2.0,0.0,2.0,2.234610277326245,2.232619697010765
7.053666591644287,-0.23140794561762687,-0.12123060116275555,2.0949252355712527,-0.2039588808636317,-0.08749040821369884,0.06263435484526661,2.0,0.0,2.0,2.236713901859605,2.2346986996961715
7.063781976699829,-0.233452499251792,-0.12210496445114832,2.095552113484119,-0.20495261355689573,-0.08738066780819956,0.06274491033581808,2.0,0.0,2.0,2.238827794884853,2.2367878059301227
7.07372260093689,-0.2355070117231415,-0.12297818291227972,2.0961800880336163,-0.20595056664645794,-0.08726143352177267,0.06284839385900595,2.0,0.0,2.0,2.2409519946375225,2.2388870522953446
7.083691835403442,-0.23757152528616807,-0.12385016085673514,2.096809162577084,-0.2069529083370689,-0.08713252150365951,0.06297393918292479,2.0,0.0,2.0,2.2430865357971776,2.2409964732492793
7.093752145767212,-0.23964608303054677,-0.12472080064523819,2.0974395218084143,-0.20795926744698798,-0.08699379313935457,0.06309303780025304,2.0,0.0,2.0,2.2452314615107976,2.24311610384921
7.103675127029419,-0.24173072417239092,-0.1255900035622413,2.0980710211831304,-0.20896966177012538,-0.0868451256134648,0.06320887485730003,2.0,0.0,2.0,2.247386796679454,2.2452459750978817
7.113736629486084,-0.24382548918966432,-0.12645767012419495,2.0987036306810656,-0.2099840198181895,-0.08668653996701586,0.0633123393997766,2.0,0.0,2.0,2.2495525721752094,2.2473861190882345
7.1236937046051025,-0.24593041929402484,-0.12732370157391476,2.099337356950741,-0.21100276336938079,-0.08651812856347571,0.0634394586557708,2.0,0.0,2.0,2.2517288211013944,2.2495365685608926
7.133704423904419,-0.248045558377488,-0.12818800112203285,2.0999724194202485,-0.21202574974066374,-0.08634024072087602,0.06357285945174627,2.0,0.0,2.0,2.2539155886627946,2.251697358921135
7.1436767578125,-0.2501709488407762,-0.12905047642702663,2.1006088688160443,-0.21305306813670605,-0.08615337641369641,0.06371966552884205,2.0,0.0,2.0,2.2561129113937284,2.2538685242207546
7.153656244277954,-0.2523066320053998,-0.129911041424665,2.1012466632402798,-0.2140841979062891,-0.08595832532640159,0.06383421062251401,2.0,0.0,2.0,2.2583208208925587,2.256050097683903
7.1637794971466064,-0.2544526467245061,-0.13076961817859964,2.101885587304382,-0.21511947361227143,-0.08575585589725951,0.06395622312712512,2.0,0.0,2.0,2.2605393387999393,2.2582421104393804
7.173725366592407,-0.25660903277771757,-0.13162613731203773,2.102525620806307,-0.21615825022308338,-0.08554699655896461,0.06403871712301841,2.0,0.0,2.0,2.2627684967224093,2.26044459494978
7.183645486831665,-0.25877582321764303,-0.13248053989480277,2.103166272712504,-0.21720045321206569,-0.08533267450501789,0.06409275439047757,2.0,0.0,2.0,2.2650082986224906,2.2626575774967277
7.1937339305877686,-0.2609530534755823,-0.13333277540456512,2.103807472796829,-0.2182461803462647,-0.08511372097730005,0.0641490646167303,2.0,0.0,2.0,2.2672587700626736,2.2648810871694005
7.203659296035767,-0.2631407589769551,-0.13418280115007725,2.104449375625316,-0.21929554161042036,-0.08489081396427395,0.06424077349094733,2.0,0.0,2.0,2.2695199472874847,2.267115153464258
7.213736534118652,-0.26533897679706414,-0.1350305801292931,2.10509251501891,-0.22034862528914953,-0.08466443816371017,0.0643980629658045,2.0,0.0,2.0,2.2717918861724598,2.2693598078237884
7.2236621379852295,-0.26754774295133993,-0.13587607953758557,2.105737527787698,-0.22140510128548027,-0.08443495370614663,0.06460804062883996,2.0,0.0,2.0,2.274074647045887,2.271615080851996
7.233686923980713,-0.2697670832978714,-0.13671927067081258,2.106384266051156,-0.22246321345035705,-0.08420284412847043,0.06472186478313179,2.0,0.0,2.0,2.2763682442563042,2.273880993234977
7.243675470352173,-0.27199701474259175,-0.13756012726224418,2.1070318578581184,-0.2235235386705092,-0.08396799488040452,0.06479933278461913,2.0,0.0,2.0,2.278672649199137,2.2761575568513823
7.253677129745483,-0.2742375613273906,-0.13839862135148115,2.10768012602726,-0.22458611065800207,-0.0837303665161147,0.0648449723313412,2.0,0.0,2.0,2.280987872235535,2.278444790585093
7.263716459274292,-0.2764887448714625,-0.13923472519810454,2.108328675390782,-0.2256510482277883,-0.08348992394524928,0.06486506530667926,2.0,0.0,2.0,2.2833139109941407,2.2807427110981715
7.273747444152832,-0.2787505918332455,-0.1400684102581452,2.1089774632075255,-0.22671887425796172,-0.08324660575870402,0.0648980499311683,2.0,0.0,2.0,2.285650784091865,2.283051339618234
7.283647060394287,-0.2810231341049779,-0.14089964761765494,2.1096268219525145,-0.2277901956939321,-0.0830003868064708,0.06498390834617097,2.0,0.0,2.0,2.2879985334593824,2.285370702757186
7.293696641921997,-0.2833064031132091,-0.141728409806066,2.110276870350753,-0.22886390390823472,-0.08275167445080275,0.06500532702649493,2.0,0.0,2.0,2.290357190653522,2.2877008267349854
7.303673028945923,-0.2856004200816505,-0.142554673556849,2.1109267189622347,-0.22993994950955318,-0.08250070604646602,0.06496205099065576,2.0,0.0,2.0,2.2927267286377684,2.2900417278360488
7.313696384429932,-0.2879052118343811,-0.1433784168931261,2.11157619030184,-0.23101887972055715,-0.08224763567032016,0.06494070495939143,2.0,0.0,2.0,2.2951071598101853,2.292393428007004
7.3236610889434814,-0.2902208061003576,-0.14419962050691584,2.112225747352778,-0.23210029500077717,-0.08199284571762608,0.06498101656141497,2.0,0.0,2.0,2.2974985287521297,2.2947559502590487
7.333702325820923,-0.2925472199426533,-0.14501827040504464,2.112875840938449,-0.23318245131477086,-0.08173701518336508,0.06503879100094839,2.0,0.0,2.0,2.2999008695779954,2.2971293072916157
7.3436806201934814,-0.2948844524910231,-0.14583435927858002,2.113526610698527,-0.2342637741636487,-0.08148073190492611,0.06511958937825887,2.0,0.0,2.0,2.302314184026131,2.2995134943355335
7.353673458099365,-0.2972324841756751,-0.14664788594706651,2.1141781062931466,-0.23534185744602504,-0.08122468418773353,0.06517511009665874,2.0,0.0,2.0,2.30473845126977,2.3019084883645324
7.363965272903442,-0.29959127362181315,-0.14745885501247902,2.1148301551119157,-0.23641511009919125,-0.08096925410852948,0.06524078097321948,2.0,0.0,2.0,2.307173618122878,2.3043142449846514
7.373728036880493,-0.3019607624291031,-0.14826727463376796,2.115482827572975,-0.237481277955785,-0.08071488058439165,0.0652869151939769,2.0,0.0,2.0,2.3096196266820113,2.306730703071016
7.383658409118652,-0.3043408701582859,-0.14907315693857562,2.116135886900935,-0.238538725361764,-0.0804618035163867,0.06532915482961871,2.0,0.0,2.0,2.312076382005522,2.309157779797968
7.393693923950195,-0.30673150242416347,-0.14987651572867924,2.116789386138826,-0.2395858891335767,-0.0802102176605571,0.0653696935231887,2.0,0.0,2.0,2.3145437898120855,2.3115953785736396
7.403687953948975,-0.30913255020787755,-0.15067736651041985,2.117443363797989,-0.2406217310660294,-0.07996019910283823,0.06543389341231715,2.0,0.0,2.0,2.3170217407068576,2.314043388359011
7.413710355758667,-0.31154389789121645,-0.15147572481332036,2.1180983196206795,-0.2416457983456104,-0.07971171821913862,0.06557120191164395,2.0,0.0,2.0,2.31951014228933,2.316501691578454
7.423694849014282,-0.31396542468778305,-0.15227160612050417,2.1187550307432046,-0.24265738158864403,-0.07946482041577918,0.06577655755742909,2.0,0.0,2.0,2.3220089116986284,2.3189701655435395
7.433729648590088,-0.3163969962872348,-0.1530650279286815,2.119413445262461,-0.24365449798568184,-0.07921986314918048,0.06588842233528763,2.0,0.0,2.0,2.324517910899544,2.3214486742513456
7.443674564361572,-0.3188384687058107,-0.153856008982962,2.1200726966780676,-0.2446378007829071,-0.07897659377236024,0.06596548033216307,2.0,0.0,2.0,2.3270369502733765,2.323937072179467
7.453678131103516,-0.3212897082338133,-0.15464456468990934,2.1207327094145105,-0.24560793385291776,-0.07873477668959171,0.06603301711624379,2.0,0.0,2.0,2.329565890474644,2.3264352238866124
7.46372652053833,-0.3237505860378372,-0.15543070839203732,2.1213933613072338,-0.24656566049613915,-0.07849412166631899,0.06610085289095867,2.0,0.0,2.0,2.332104594436517,2.3289429987061605
7.473717451095581,-0.32622098349109907,-0.15621444971957174,2.1220547731465373,-0.24751204790798906,-0.07825423555413791,0.06618647585215422,2.0,0.0,2.0,2.334652947652678,2.331460275950565
7.483672380447388,-0.3287007942170185,-0.15699579410316464,2.1227172712022244,-0.2484485563492483,-0.07801466315342802,0.0663206828535867,2.0,0.0,2.0,2.3372108584816167,2.333986946911455
7.493710041046143,-0.3311899223129792,-0.15777474379697606,2.123380924427073,-0.24937557109400466,-0.07777528816602809,0.0663957846539767,2.0,0.0,2.0,2.3397782322660996,2.3365229131497505
7.503661632537842,-0.333688280245941,-0.15855129912166513,2.124045069411944,-0.25029495346956065,-0.07753569552339878,0.06643384259729043,2.0,0.0,2.0,2.3423549438665012,2.339068084475188
7.513718366622925,-0.33619580381794884,-0.15932545539535295,2.124709690674207,-0.25120906612610333,-0.07729541191390786,0.06649861344534075,2.0,0.0,2.0,2.3449409249406656,2.341622393665027
7.523699045181274,-0.3387124510531304,-0.16009720392166155,2.125375253771814,-0.2521199968191088,-0.07705410570793055,0.06662450700135267,2.0,0.0,2.0,2.3475361547104705,2.344185795412658
7.533727169036865,-0.3412381971907696,-0.16086653390502523,2.126042232638923,-0.25302901127663213,-0.07681170301031787,0.06677320886214244,2.0,0.0,2.0,2.350140630286687,2.3467582614567912
7.543668508529663,-0.34377302915616753,-0.16163343396618443,2.1267108124339344,-0.2539373571878814,-0.0765681011865267,0.06694883130654171,2.0,0.0,2.0,2.35275434526498,2.3493397751656904
7.553688287734985,-0.34631694236933624,-0.16239789233013752,2.1273810869079472,-0.25484519506239545,-0.07632339260470922,0.06709867809179115,2.0,0.0,2.0,2.355377296906912,2.3519303283649076
7.563724040985107,-0.3488699324317738,-0.163159897783225,2.128052790481742,-0.2557528007991261,-0.07607747957178801,0.06724713610096313,2.0,0.0,2.0,2.358009463271265,2.3545299131093405
7.573710203170776,-0.351431995155068,-0.16391943789138047,2.1287259374744445,-0.2566595001919312,-0.07583033110391932,0.06737577333493126,2.0,0.0,2.0,2.3606508375734525,2.3571385215887437
7.583674430847168,-0.3540031172037421,-0.1646764993081455,2.129400297799843,-0.2575646093043431,-0.075581649558381,0.06750016204470899,2.0,0.0,2.0,2.3633013904917015,2.3597561368135738
7.593731641769409,-0.35658327872145357,-0.16543106411939637,2.1300759095793205,-0.25846718839863864,-0.0753309125495967,0.06762099557991783,2.0,0.0,2.0,2.3659611004363783,2.3623827349786555
7.603678226470947,-0.3591724503894467,-0.1661831076953482,2.1307527979740204,-0.25936658391743694,-0.07507721195791182,0.06776424971045085,2.0,0.0,2.0,2.3686299352448166,2.3650182823732737
7.613726854324341,-0.36177059779437876,-0.16693259468970728,2.1314313087868753,-0.26026222209693733,-0.07481939855073791,0.06794312293862712,2.0,0.0,2.0,2.3713078747191996,2.36766273944915
7.62370753288269,-0.36437768114896385,-0.16767947746388026,2.132111790053297,-0.26115373420330834,-0.0745561308389308,0.06815719825509045,2.0,0.0,2.0,2.373994892864978,2.3703160604185074
7.633707046508789,-0.36699365543726836,-0.16842369520222436,2.1327942142269056,-0.26204030942182877,-0.0742861817731956,0.0683176141334429,2.0,0.0,2.0,2.3766909368527482,2.372978193322866
7.643725872039795,-0.3696184733209253,-0.1691651734196321,2.1334781133429876,-0.2629226603930745,-0.07400794131798388,0.06846630234453642,2.0,0.0,2.0,2.3793959258062727,2.3756490828827994
7.653666734695435,-0.3722520957774068,-0.16990382199443468,2.1341634217175622,-0.26380122895270813,-0.0737200732166378,0.06858719089890566,2.0,0.0,2.0,2.382109808211112,2.3783286809540467
7.663703680038452,-0.3748944883575312,-0.17063953853417868,2.1348498152056794,-0.26467692282401317,-0.0734213125235394,0.0686938812667421,2.0,0.0,2.0,2.3848325214998103,2.3810169430187047
7.673722982406616,-0.3775456278397957,-0.1713722084837537,2.135537282456404,-0.265550740222821,-0.07311061662961306,0.06880014482003284,2.0,0.0,2.0,2.387564030813916,2.383713834817579
7.683662176132202,-0.3802055007914104,-0.1721017081757387,2.1362259261397614,-0.2664238311352406,-0.07278712731314611,0.06893743198276264,2.0,0.0,2.0,2.390304316798874,2.386419331122403
7.6936891078948975,-0.3828741058448497,-0.17282790631430872,2.1369162639283092,-0.26729730719242795,-0.07245023976013693,0.06914181257531342,2.0,0.0,2.0,2.3930533953163193,2.389133418105167
7.703674077987671,-0.3855514501641528,-0.1735506675764192,2.1376089602999078,-0.26817170392500195,-0.07209975932277464,0.06940095223995031,2.0,0.0,2.0,2.3958112992369274,2.3918560900682366
7.713686227798462,-0.38823753912403,-0.1742698583415344,2.1383038648341346,-0.2690461047871148,-0.07173623624459484,0.06956231006070025,2.0,0.0,2.0,2.3985780132894656,2.394587339565542
7.723670959472656,-0.39093237525725016,-0.1749853485135039,2.139000108652918,-0.2699213423305055,-0.07135960359988784,0.06968809190050303,2.0,0.0,2.0,2.4013534778231196,2.3973271564906757
7.733712673187256,-0.39363596860351857,-0.17569700783098874,2.139697457073914,-0.27079745071906347,-0.07097016073992217,0.06977238806107373,2.0,0.0,2.0,2.4041376766454507,2.4000755381348453
7.743684768676758,-0.396348327479884,-0.17640470989464335,2.140395468337164,-0.2716745110011794,-0.07056817208765793,0.06982949301164358,2.0,0.0,2.0,2.406930579767157,2.402832480280024
7.753678798675537,-0.39906946274174004,-0.17710833006641347,2.1410940943656933,-0.27255275866459777,-0.07015381208607797,0.06990242057913613,2.0,0.0,2.0,2.4097321824434617,2.4055979813008768
7.763697624206543,-0.4017993872142968,-0.1778077452779928,2.141793720137991,-0.2734323470078255,-0.06972720547101766,0.07003344313088927,2.0,0.0,2.0,2.4125425073507794,2.408372041588221
7.773699522018433,-0.404538108718607,-0.17850283637448602,2.14249445740345,-0.2743118139313601,-0.06928917712554677,0.07009090952297084,2.0,0.0,2.0,2.4153615566338087,2.411154656772102
7.783664226531982,-0.40728562227149784,-0.17919349138365107,2.143195287118923,-0.2751909004163274,-0.06883992186648792,0.0700712730275352,2.0,0.0,2.0,2.41818925330554,2.4139458101932063
7.793732404708862,-0.41004192815665136,-0.17987959612537488,2.1438959880875132,-0.27607038118068666,-0.06837908252048867,0.07007979721807672,2.0,0.0,2.0,2.421025571934947,2.4167454902358374
7.803680419921875,-0.4128070317677298,-0.18056103463322004,2.1445971338831185,-0.2769504057976737,-0.06790674153285568,0.07016207993099258,2.0,0.0,2.0,2.423870539220862,2.419553690203138
7.8136842250823975,-0.41558093465562046,-0.18123769580831614,2.1452992459619793,-0.2778300131165315,-0.0674238323357642,0.07025746510619274,2.0,0.0,2.0,2.426724175742012,2.4223703998880164
7.823658466339111,-0.4183636285300861,-0.18190947965476564,2.1460023126925902,-0.2787085377766088,-0.06693146310239238,0.07035871423410626,2.0,0.0,2.0,2.4295864614985523,2.425195600067234
7.833709001541138,-0.42115509813639507,-0.18257629891668994,2.1467063149211834,-0.2795849721791355,-0.06643119397491347,0.0704386755089655,2.0,0.0,2.0,2.432457370026395,2.4280292655068996
7.843689680099487,-0.4239553194453213,-0.18323808130987448,2.1474111408005987,-0.28045882820793727,-0.0659242624013353,0.07053257424030304,2.0,0.0,2.0,2.43533686161515,2.4308713633406014
7.85366415977478,-0.42676426199925016,-0.18389476687772668,2.148116833315623,-0.2813289728041326,-0.0654120768272553,0.07059674251530933,2.0,0.0,2.0,2.438224900396439,2.4337218552254036
7.863714694976807,-0.4295818851931698,-0.18454630758658885,2.1488230363014957,-0.28219499405758103,-0.06489530667807153,0.07064702870456903,2.0,0.0,2.0,2.4411214170205944,2.4365806936160848
7.873725652694702,-0.43240814711555486,-0.18519265860094938,2.1495297374969513,-0.2830566371295579,-0.06437417957245734,0.07069162463284098,2.0,0.0,2.0,2.4440263618360833,2.4394478299307436
7.883661508560181,-0.4352430035056487,-0.18583377635786663,2.1502369376791037,-0.28391394919472684,-0.0638486091530894,0.07075630237653827,2.0,0.0,2.0,2.446939683768653,2.4423232133685007
7.893689155578613,-0.43808641316845903,-0.18646961503615314,2.1509451350148363,-0.28476733648337155,-0.06331834905492686,0.07089726887406247,2.0,0.0,2.0,2.4498613653007024,2.4452067960416706
7.903676748275757,-0.4409383368217396,-0.18710012854266864,2.1516551220158724,-0.2856166405496155,-0.0627836956693215,0.07110304574578093,2.0,0.0,2.0,2.452791409455849,2.448098531976759
7.9136998653411865,-0.44379872454028574,-0.1877252807049541,2.152366532455487,-0.28645986339318524,-0.06224636609532671,0.07114966888122833,2.0,0.0,2.0,2.4557297382433987,2.45099836537695
7.9236671924591064,-0.44666751641411817,-0.1883450480521981,2.1530778947864424,-0.2872977265820585,-0.06170673567363052,0.07112382558595072,2.0,0.0,2.0,2.45867619561301,2.453906231501484
7.933694839477539,-0.4495446629537885,-0.18895941023297985,2.153789003038338,-0.2881307622931797,-0.06116555260269962,0.07109773283606348,2.0,0.0,2.0,2.461630713973262,2.456822076284928
7.9436867237091064,-0.45243011520844106,-0.1895683584504429,2.154499891217913,-0.2889588529887878,-0.0606241833133117,0.07108335472583865,2.0,0.0,2.0,2.464593242077327,2.4597458471368303
7.953664302825928,-0.4553238228056047,-0.190171898485093,2.155210744299749,-0.2897818127127524,-0.06008417423446323,0.07109524813667843,2.0,0.0,2.0,2.467563737972382,2.4626774912298512
7.963709115982056,-0.45822573431065583,-0.1907700515829363,2.155922026543238,-0.2905995986017367,-0.05954707626310561,0.07117299998340361,2.0,0.0,2.0,2.470542177694902,2.4656169559378274
7.97370171546936,-0.46113579140945565,-0.1913628586042578,2.1566338621626384,-0.2914105382420565,-0.05901544490730935,0.0711676739021231,2.0,0.0,2.0,2.4735285108900253,2.4685641833685104
7.983656883239746,-0.46405392045875415,-0.1919503841758442,2.1573450706193342,-0.2922140883736874,-0.058490914139207255,0.07106916357015527,2.0,0.0,2.0,2.4765225910864643,2.471519102275645
7.993709325790405,-0.4669800511280553,-0.19253270220699512,2.158055442979549,-0.29301094635603686,-0.05797401594676515,0.07102116976753205,2.0,0.0,2.0,2.479524336871564,2.4744816455336474
8.003666400909424,-0.4699141163817368,-0.19310989242366447,2.1587658116965986,-0.2938008551848899,-0.05746551269662077,0.07106259867134535,2.0,0.0,2.0,2.482533737095497,2.4774517498538
8.0137197971344,-0.4728560375783351,-0.19368204584896948,2.1594763207159833,-0.2945817943441364,-0.056966875109687315,0.07101944181798035,2.0,0.0,2.0,2.4855507265676504,2.4804293413584406
8.023691654205322,-0.47580572133597504,-0.19424926316391886,2.160186034928445,-0.2953534354708086,-0.056478212805031326,0.0709241470487756,2.0,0.0,2.0,2.488575156957445,2.4834143323335462
8.033698320388794,-0.47876307575392407,-0.1948116420434632,2.1608949111628033,-0.29611590537332255,-0.05599913579224892,0.07085963293916794,2.0,0.0,2.0,2.4916069381093817,2.486406636412621
8.043689489364624,-0.48172800810436384,-0.19536927691798436,2.161603440808356,-0.29686897159013165,-0.05552937070572712,0.07085846697152587,2.0,0.0,2.0,2.494646013496546,2.4894061662519253
8.05369758605957,-0.4847004231603921,-0.19592225943255548,2.1623123868267107,-0.29761240502089886,-0.055068610588480976,0.0709462907149651,2.0,0.0,2.0,2.4976923420453474,2.492412831894947
8.063700675964355,-0.48768022236510616,-0.19647067848209435,2.1630226358550693,-0.2983456881851485,-0.05461665264930316,0.07111512254220868,2.0,0.0,2.0,2.5007458879404068,2.495426539942564
8.073712825775146,-0.49066729668412895,-0.19701462368976647,2.163734323532682,-0.29906699652344526,-0.054173997665757326,0.07118696527162545,2.0,0.0,2.0,2.5038065567096335,2.4984471866980593
8.083662271499634,-0.49366152058616924,-0.19755418851371226,2.164446036191252,-0.2997757511447123,-0.05374039199527922,0.07115236390466738,2.0,0.0,2.0,2.506874136343995,2.5014746524103413
8.093734502792358,-0.4966627708022713,-0.19808945926293062,2.165157423770634,-0.3004721999785636,-0.053315127353382445,0.07113039217142476,2.0,0.0,2.0,2.5099484854489957,2.5045088191062845
8.103676795959473,-0.4996709213904799,-0.19862051838303268,2.165868778134865,-0.3011556718993836,-0.05289807192195284,0.07114634843877082,2.0,0.0,2.0,2.513029501841916,2.507549565924446
8.11373496055603,-0.5026858365555652,-0.19914744908796783,2.166580298509834,-0.30182491609680245,-0.052489490748692705,0.07115790630539785,2.0,0.0,2.0,2.5161170677903084,2.5105967623204797
8.12368369102478,-0.5057073699933133,-0.19967033657344763,2.1672920589445765,-0.3024792267552409,-0.05208943692830657,0.07120317061299292,2.0,0.0,2.0,2.5192110471995153,2.5136502675086208
8.133747816085815,-0.5087353662896617,-0.20018926839545748,2.1680041637247847,-0.30311719141389454,-0.0516985007908693,0.07120222669009493,2.0,0.0,2.0,2.52231129725934,2.5167099318859196
8.14371132850647,-0.5117696568977835,-0.20070433787192332,2.1687159561004075,-0.3037380745297704,-0.05131695376738773,0.07115552709074982,2.0,0.0,2.0,2.5254176118804375,2.5197755932925885
8.153675079345703,-0.5148100704343542,-0.20121563862776726,2.169427344763164,-0.3043417579292399,-0.05094475109219171,0.07112976100663353,2.0,0.0,2.0,2.5285298196264003,2.5228470868418524
8.16369366645813,-0.5178564343921188,-0.2017232638556642,2.1701387583608867,-0.3049281365689755,-0.05058183935631977,0.07116382959716958,2.0,0.0,2.0,2.531647782865334,2.5259242465660714
8.173784255981445,-0.5209085726799583,-0.20222730757412877,2.1708504189376665,-0.3054964746411187,-0.050228511588707524,0.07115287202181952,2.0,0.0,2.0,2.53477134696429,2.5290069030629363
8.18365216255188,-0.5239663044778603,-0.20272786499843437,2.171561698002268,-0.30604698447117246,-0.049884459681497434,0.07110431837459558,2.0,0.0,2.0,2.5379002954426464,2.532094882382264
8.193673133850098,-0.5270294552569806,-0.20322502560598596,2.172272545084726,-0.3065803741995057,-0.04954905113898119,0.07106909200383654,2.0,0.0,2.0,2.541034456389546,2.535188016453404
8.203689336776733,-0.5300978574550158,-0.20371887260612426,2.172983227010062,-0.30709740970752025,-0.04922162043968807,0.07107664945327903,2.0,0.0,2.0,2.5441736859305,2.5382861437108253
8.21369981765747,-0.533171351570113,-0.2042094824189985,2.173694247701466,-0.30759888732567553,-0.04890150684562452,0.07113616326507084,2.0,0.0,2.0,2.547317864109221,2.541389110137483
8.223676919937134,-0.536249786065274,-0.20469692490689578,2.1744061316993797,-0.3080856029673139,-0.04858805598999995,0.0712456135203614,2.0,0.0,2.0,2.5504668802313097,2.544496769182953
8.233718872070312,-0.5393330147996258,-0.20518126494013833,2.17511883001451,-0.3085577927880563,-0.04828094231002201,0.07127872722780325,2.0,0.0,2.0,2.5536205897038506,2.547608979324298
8.243677616119385,-0.542420897811922,-0.20566256106745812,2.1758316048005906,-0.3090167409588158,-0.0479790220653049,0.07127837638106675,2.0,0.0,2.0,2.556778806213466,2.5507256047359554
8.253656148910522,-0.5455133100717073,-0.2061408580384663,2.1765443513759806,-0.30946385554798517,-0.047680871150020676,0.07126841063114692,2.0,0.0,2.0,2.5599414003269336,2.5538465234044616
8.263750076293945,-0.5486101409949962,-0.20661618503834597,2.1772570154229633,-0.3099007908226036,-0.04738467891116077,0.07126956014092271,2.0,0.0,2.0,2.5631082591687364,2.5569716264953612
8.273726463317871,-0.5517112973823992,-0.20708855163069997,2.1779696914465236,-0.3103292058691575,-0.04708847842942548,0.07126291782917574,2.0,0.0,2.0,2.566279295883252,2.560100820945431
8.283657550811768,-0.5548167026921323,-0.20755794833121294,2.178682336532092,-0.31075086608324204,-0.04679042834355666,0.0712709015960754,2.0,0.0,2.0,2.569454429185061,2.563234028775008
8.293658971786499,-0.5579262959774284,-0.208024350650854,2.1793949783456723,-0.3111669436972917,-0.046489508724359134,0.07125174135338512,2.0,0.0,2.0,2.572633596992032,2.566371186347859
8.303675413131714,-0.5610400262517529,-0.20848772761142984,2.180107379893113,-0.31157840008847904,-0.04618535550342089,0.0712331921435149,2.0,0.0,2.0,2.575816728131122,2.5695122394392595
8.313697814941406,-0.5641578494513421,-0.2089480489553584,2.1808196015281713,-0.3119855150305134,-0.04587856158287556,0.07120888830792449,2.0,0.0,2.0,2.5790037790515137,2.572657140791439
8.32367467880249,-0.5672797223124725,-0.20940529371089994,2.1815316226833645,-0.3123883478152054,-0.04557024151748498,0.07120339118044956,2.0,0.0,2.0,2.5821947021216296,2.575805844707818
8.333730220794678,-0.570405602218896,-0.2098594532217088,2.182243946232706,-0.3127868989903485,-0.0452617811453726,0.07127554581552496,2.0,0.0,2.0,2.5853894882518706,2.5789583071513196
8.343705654144287,-0.5735354449217287,-0.21031053514943776,2.182957377461068,-0.31318083540433045,-0.04495507379485793,0.07141931996619152,2.0,0.0,2.0,2.5885881498281553,2.58211448380263
8.353676557540894,-0.5766691997835351,-0.21075856941896925,2.1836718567627664,-0.31356915338311697,-0.044652699057270935,0.0714480475131947,2.0,0.0,2.0,2.591790634033416,2.5852743258108326
8.36372423171997,-0.5798068098412413,-0.21120360985611109,2.184386110707685,-0.3139520123763574,-0.0443565529397484,0.07140333764056678,2.0,0.0,2.0,2.5949967974433803,2.5884377799977143
8.373684167861938,-0.5829482233113286,-0.21164572700537895,2.1850998699957236,-0.31432987113800903,-0.04406835661602094,0.07134432499788737,2.0,0.0,2.0,2.598206573761836,2.591604799746054
8.38369369506836,-0.5860933922133592,-0.2120850093033434,2.1858129799843087,-0.3147032198279644,-0.04378984977446732,0.07127954914063289,2.0,0.0,2.0,2.6014199099629125,2.5947753437283927
8.393674850463867,-0.5892422752207371,-0.21252156140163458,2.1865255130895,-0.3150728410763189,-0.043522551708912414,0.07123348690924934,2.0,0.0,2.0,2.604636777150348,2.5979493786159207
8.403668403625488,-0.5923948400437258,-0.21295550215447137,2.1872378530137335,-0.3154397425765322,-0.0432678076598259,0.07124200867546378,2.0,0.0,2.0,2.6078571790234966,2.6011268812926445
8.413708448410034,-0.5955510620890785,-0.2133869649264171,2.187949994315168,-0.315804344107897,-0.04302721191026543,0.07116615376273192,2.0,0.0,2.0,2.6110811004400687,2.6043078375476756
8.42368745803833,-0.5987109229715092,-0.2138160969665299,2.188660963183436,-0.31616775516805257,-0.04280178353795333,0.07102551947076839,2.0,0.0,2.0,2.6143084637285505,2.607492240543283
8.433706045150757,-0.6018744181414118,-0.21424305323090762,2.189370660415309,-0.31653143328396566,-0.04259215367723562,0.07092671596745585,2.0,0.0,2.0,2.61753926821787,2.610680097912498
8.443668127059937,-0.6050415565724392,-0.21466799482487886,2.1900797732085624,-0.31689656818729783,-0.04239896020087427,0.07090511076543388,2.0,0.0,2.0,2.62077358420267,2.6138714313201197
8.453673601150513,-0.6082123554332036,-0.21509108988547973,2.190788440704679,-0.31726357705686126,-0.04222295116622463,0.07081153937184888,2.0,0.0,2.0,2.624011451402045,2.6170662712248127
8.463687181472778,-0.6113868379176325,-0.21551251191789628,2.1914958737481127,-0.31763351287236613,-0.04206436247690103,0.07067640015552928,2.0,0.0,2.0,2.6272528484531454,2.620264654580261
8.473734140396118,-0.6145650391109222,-0.2159324353337231,2.192202063529654,-0.31800747091119286,-0.041923234844276666,0.07056937924095238,2.0,0.0,2.0,2.6304978223893873,2.6234666303138394
8.48366403579712,-0.6177470035532285,-0.216351035018205,2.192907462327225,-0.3183862813899713,-0.04179962610761242,0.07052090755278352,2.0,0.0,2.0,2.6337464634977463,2.626672256861399
8.493706226348877,-0.6209327814621173,-0.2167684866059032,2.1936123624340254,-0.3187701576349444,-0.04169362665098799,0.07045005768623942,2.0,0.0,2.0,2.636998856392518,2.6298815984238075
8.50365924835205,-0.6241224250634919,-0.21718496608262547,2.1943164513585347,-0.3191595190748729,-0.04160519125300148,0.07037173552077389,2.0,0.0,2.0,2.640255043453565,2.6330947212763567
8.51372218132019,-0.6273159906906292,-0.2176006489649842,2.1950197591983565,-0.3195545622950223,-0.04153431591389629,0.07028912210961212,2.0,0.0,2.0,2.6435150962017318,2.6363116957918056
8.523663997650146,-0.6305135359005694,-0.2180157112080514,2.195722304230165,-0.3199554674101525,-0.041481084342235554,0.07022484661649234,2.0,0.0,2.0,2.646779086599944,2.6395325936403338
8.533709287643433,-0.6337151191624327,-0.21843032992401654,2.196424222165711,-0.3203621500339129,-0.04144563332998261,0.07015947236033573,2.0,0.0,2.0,2.6500470963718565,2.642757487537497
8.543701171875,-0.6369207986897656,-0.21884468364494739,2.197125613993905,-0.3207747585061609,-0.04142811212016125,0.07012760516121055,2.0,0.0,2.0,2.653319204659478,2.6459864501018004
8.553662538528442,-0.6401306329754818,-0.21925895231238612,2.1978266205869033,-0.321193017806922,-0.04142863191020727,0.07006163626708804,2.0,0.0,2.0,2.6565954940783665,2.6492195543866583
8.563704490661621,-0.6433446784276253,-0.219673316574523,2.1985267573592377,-0.321617086186988,-0.04144723597281349,0.06996679960527757,2.0,0.0,2.0,2.6598759986837863,2.652456871465867
8.573697328567505,-0.6465629956118368,-0.22008795722142654,2.1992260157948764,-0.3220474412769163,-0.0414838990657817,0.06989142940208451,2.0,0.0,2.0,2.663160791996101,2.655698476607576
8.5836501121521,-0.649785650034004,-0.22050305463081232,2.1999247754417124,-0.3224846089495033,-0.04153857885209911,0.06986799517273239,2.0,0.0,2.0,2.6664499815415756,2.6589444500078687
8.593733072280884,-0.6530127099897682,-0.22091878818850796,2.200623134179192,-0.3229285304578722,-0.04161108887933274,0.06979136782024536,2.0,0.0,2.0,2.669743656666275,2.66219487459914
8.603679418563843,-0.6562442452818105,-0.2213353354488422,2.201320521761036,-0.32337983129784054,-0.04170130696211164,0.0696879318022751,2.0,0.0,2.0,2.673041857845313,2.6654498347016373
8.613677740097046,-0.6594803335378506,-0.2217528728571388,2.2020169421135076,-0.32383921813048716,-0.04180908974847967,0.06960162348321028,2.0,0.0,2.0,2.676344676232096,2.6687094223791004
8.623678922653198,-0.6627210585572035,-0.2221715754252283,2.202712724597813,-0.324307251745735,-0.04193432072040583,0.0695621273095747,2.0,0.0,2.0,2.679652233653612,2.671973735763681
8.633721113204956,-0.665966506585631,-0.22259161648428175,2.2034080046890914,-0.3247837685493802,-0.042076741887386464,0.06948537490442222,2.0,0.0,2.0,2.6829646397850784,2.675242875322814
8.643712759017944,-0.6692167630748749,-0.22301316741708344,2.2041024139802916,-0.3252690110139125,-0.04223630586497891,0.06940090888783426,2.0,0.0,2.0,2.6862819651916467,2.678516940607491
8.653671264648438,-0.6724719155902128,-0.22343639946505242,2.204796008499844,-0.32576290746180925,-0.0424129405267255,0.06931724028252427,2.0,0.0,2.0,2.689604314638456,2.6817960333001327
8.663769960403442,-0.6757320493553115,-0.22386148316471036,2.205488840188102,-0.32626522613613995,-0.04260665387418287,0.06925605434423153,2.0,0.0,2.0,2.6929317902675756,2.6850802527283757
8.673734188079834,-0.6789972455869595,-0.22428858919023856,2.2061810631229415,-0.32677523008012105,-0.0428173829710384,0.06918382722776086,2.0,0.0,2.0,2.6962644981332913,2.68836969427634
8.68367338180542,-0.6822675776150786,-0.22471788793040534,2.2068725507207114,-0.3272923078846408,-0.043045236359046314,0.06911812912773309,2.0,0.0,2.0,2.6996025150608114,2.69166444548368
8.69370698928833,-0.6855431120719484,-0.2251495511137114,2.2075633533861256,-0.32781553233408994,-0.04329027594616583,0.06904014391714954,2.0,0.0,2.0,2.7029459248813477,2.6949645873672976
8.70365595817566,-0.6888239062397112,-0.2255837516037304,2.2082534109871927,-0.328344130676991,-0.043552752728101406,0.0689760644599073,2.0,0.0,2.0,2.706294793798634,2.698270191762454
8.713716983795166,-0.6921100087880095,-0.22602066461808992,2.208942805753335,-0.32887701957689713,-0.043832794318922466,0.06890121903589545,2.0,0.0,2.0,2.709649190638348,2.701581322161334
8.723646640777588,-0.6954014587091008,-0.2264604670691213,2.2096315096965187,-0.3294135143952856,-0.044130694617163575,0.06884475716161673,2.0,0.0,2.0,2.713009166334304,2.7048980325986993
8.733723640441895,-0.6986982877443916,-0.22690333794226322,2.2103195882293214,-0.32995268496476476,-0.044446460231691735,0.06876632153239119,2.0,0.0,2.0,2.7163747720513096,2.708220370103558
8.743717670440674,-0.7020005202491919,-0.22734945634580228,2.2110068631862343,-0.33049420391242407,-0.044780236162040424,0.06869398189549217,2.0,0.0,2.0,2.7197460328198533,2.7115483744030158
8.753716230392456,-0.7053081783880697,-0.22779900220395502,2.211693422335679,-0.331037741704544,-0.0451318957013056,0.06861502088778262,2.0,0.0,2.0,2.723122992176205,2.7148820831591367
8.763683557510376,-0.7086212821949033,-0.2282521535574682,2.2123792195849328,-0.33158339817180066,-0.04550132691482426,0.06854917556482445,2.0,0.0,2.0,2.7265056810640043,2.718221531803982
8.773736953735352,-0.7119398532224431,-0.22870908650344612,2.213064315781987,-0.3321311814184133,-0.04588812764916363,0.0684669026987008,2.0,0.0,2.0,2.7298941401462904,2.721566757172311
8.783671140670776,-0.7152639144949938,-0.22916997334385172,2.2137486070323944,-0.3326815552238739,-0.04629208828650076,0.06839737581001212,2.0,0.0,2.0,2.7332883984404917,2.7249177972997827
8.79366421699524,-0.7185934934203323,-0.22963498374773822,2.2144321962053186,-0.333234704946272,-0.04671272750174783,0.06831586224198626,2.0,0.0,2.0,2.7366885052920487,2.7282746944228675
8.803701639175415,-0.7219286193595627,-0.2301042825401724,2.2151149555599217,-0.33379106950300097,-0.047149751165751395,0.06824156950159677,2.0,0.0,2.0,2.74009449359644,2.731637492371926
8.813730001449585,-0.7252693259051474,-0.2305780317230498,2.215796966898553,-0.3343508027396383,-0.04760269701969163,0.06815661863413648,2.0,0.0,2.0,2.7435064166783696,2.7350062390116716
8.823681354522705,-0.7286156475202409,-0.2310563887688137,2.2164781233320494,-0.3349141423204209,-0.04807131488483755,0.06807887577477917,2.0,0.0,2.0,2.746924313585024,2.73838098274933
8.833736896514893,-0.7319676201854991,-0.23153950887709107,2.217158476460918,-0.33548096524962534,-0.04855523941330261,0.06799004316973639,2.0,0.0,2.0,2.750348237189591,2.7417617733700106
8.843694686889648,-0.7353252787302731,-0.23202754448761742,2.2178379951990337,-0.33605134398706626,-0.049054432872411395,0.06792039346949573,2.0,0.0,2.0,2.753778232540546,2.7451486593373775
8.853708028793335,-0.7386886573338267,-0.23252064706710612,2.2185167953429636,-0.33662485636994355,-0.04956853545829058,0.06783330290286807,2.0,0.0,2.0,2.75721435564383,2.7485416884452496
8.863718271255493,-0.7420577857307249,-0.23301896475206665,2.219194666250142,-0.3372013085704109,-0.05009748748549094,0.06774441801508345,2.0,0.0,2.0,2.760656632023099,2.751940903838709
8.873752355575562,-0.7454326918942102,-0.23352264566520806,2.219871636427304,-0.337780326151525,-0.05064113969621053,0.06764916323379612,2.0,0.0,2.0,2.7641051044171947,2.755346346969827
8.88365387916565,-0.7488134003243558,-0.23403183686373866,2.2205477347259173,-0.33836174273145075,-0.05119956462129396,0.06757574194736497,2.0,0.0,2.0,2.7675598121379954,2.7587580558049236
8.893697023391724,-0.7521999325407754,-0.23454668476123453,2.221223038298893,-0.33894497299831106,-0.05177240186551297,0.06748057596282322,2.0,0.0,2.0,2.771020795426142,2.762176065353173
8.903674125671387,-0.7555923055273608,-0.23506733318709436,2.221897380127056,-0.3395299056477736,-0.05235970214967367,0.06739203863332248,2.0,0.0,2.0,2.774488070387137,2.7656004059540646
8.913731575012207,-0.7589905349126791,-0.2355939259239088,2.2225708067930974,-0.340116176303272,-0.0529611968878527,0.06729122430409644,2.0,0.0,2.0,2.777961668869195,2.7690311066634825
8.923643589019775,-0.762394633486811,-0.2361266045643285,2.223243266891384,-0.34070375601486713,-0.05357689956155964,0.06720557005423299,2.0,0.0,2.0,2.7814416119545182,2.7724681935957016
8.933717489242554,-0.765804612950875,-0.23666550974784947,2.223914830753027,-0.34129227640551546,-0.05420642144342081,0.06710435229145557,2.0,0.0,2.0,2.784927929400635,2.775911691773452
8.943683624267578,-0.7692204821577516,-0.23721077913269312,2.224585411212675,-0.3418817297423718,-0.05484977516236626,0.06701889669221245,2.0,0.0,2.0,2.788420635318193,2.7793616232039238
8.953728437423706,-0.7726422507159751,-0.2377625515900183,2.2252553970221873,-0.34247212178836617,-0.05550702114928155,0.06698815703304972,2.0,0.0,2.0,2.7919197831029403,2.7828180108289415
8.963752508163452,-0.7760699268896677,-0.23832096536219005,2.225925366306068,-0.34306319374922156,-0.056177998533626275,0.0670136800987042,2.0,0.0,2.0,2.795425440367334,2.7862808762779774
8.973706245422363,-0.7795035129172301,-0.23888615339922994,2.2265953861736993,-0.3436538795055576,-0.056861657550549304,0.06697263600296968,2.0,0.0,2.0,2.7989376273222506,2.789750234806891
8.983731031417847,-0.7829430027016971,-0.23945824082989758,2.227264700800529,-0.3442440076407402,-0.057557986616674696,0.06689245095707373,2.0,0.0,2.0,2.802456288618547,2.7932260927801185
8.993712902069092,-0.7863883902111581,-0.240037354990781,2.227933146240765,-0.3448333093179376,-0.05826691082084356,0.06679054603986544,2.0,0.0,2.0,2.8059814169109734,2.796708456899736
9.003692150115967,-0.7898396651635096,-0.240623620826845,2.2286004865154534,-0.3454214867258432,-0.05898836078224814,0.06667986952766854,2.0,0.0,2.0,2.8095129945694444,2.80019732951438
9.013744354248047,-0.7932968152025998,-0.24121716371012442,2.229266748617826,-0.34600826856526834,-0.05972229666469116,0.06657510633072097,2.0,0.0,2.0,2.813051023339451,2.8036927110311756
9.02366590499878,-0.7967598254472793,-0.24181810891251446,2.2299321309253335,-0.3465934919243784,-0.060468837676243364,0.0665077140172581,2.0,0.0,2.0,2.81659551655288,2.8071945994237595
9.033718824386597,-0.8002286763842146,-0.24242657921574332,2.2305966510898485,-0.3471762340752903,-0.06122714700209454,0.06638303306356907,2.0,0.0,2.0,2.8201464681552606,2.8107029879293073
9.043713331222534,-0.8037033414629683,-0.24304269148395122,2.2312596847182036,-0.347756368017452,-0.061997332042489216,0.06622454615778571,2.0,0.0,2.0,2.82370381212165,2.814217862357919
9.053675889968872,-0.8071837953600537,-0.2436665664434792,2.231921189565637,-0.3483339963650472,-0.06277970486544837,0.06608170451898189,2.0,0.0,2.0,2.827267531505282,2.8177392101708825
9.063729763031006,-0.8106700132682558,-0.24429832692195047,2.232581493188257,-0.34890918326951786,-0.06357446989330504,0.06599008654543775,2.0,0.0,2.0,2.830837640521957,2.8212670196247362
9.07376766204834,-0.8141619711498912,-0.24493809759416751,2.2332412603110856,-0.3494819942478051,-0.06438173913589428,0.06597654596403317,2.0,0.0,2.0,2.834414182336589,2.8248012800052487
9.083740711212158,-0.8176596449616055,-0.24558600266295186,2.2339012496391955,-0.3500523525606226,-0.06520129558983925,0.0660309056409238,2.0,0.0,2.0,2.837997208267109,2.8283419806574184
9.093700170516968,-0.8211630070859884,-0.24624215935141275,2.2345615774449645,-0.3506194501202664,-0.06603169934243937,0.06600672982874362,2.0,0.0,2.0,2.8415867129485903,2.8318891068670933
9.10368275642395,-0.8246720237885675,-0.24690667201150182,2.2352211583490114,-0.3511834639777258,-0.06687266416592506,0.06590960136250047,2.0,0.0,2.0,2.845182584649472,2.835442636813095
9.113734245300293,-0.82818666748951,-0.24757964750093786,2.235879665089625,-0.3517448359107032,-0.06772411514990259,0.06578427028657412,2.0,0.0,2.0,2.8487847802922746,2.8390025551277884
9.123703718185425,-0.8317069125853617,-0.2482611878337181,2.236536773483537,-0.35230382959312717,-0.06858561688489725,0.06563724983109775,2.0,0.0,2.0,2.852393258542435,2.842568848096441
9.133728265762329,-0.8352327379580458,-0.2489513930100144,2.2371924809235644,-0.35286099627045303,-0.06945708352195407,0.06551263627638103,2.0,0.0,2.0,2.8560080090009166,2.846141506403134
9.143702030181885,-0.8387641285488115,-0.24965036268726828,2.2378472524405226,-0.35341695852306976,-0.07033847865185218,0.06545282044339734,2.0,0.0,2.0,2.8596290662634694,2.8497205268456374
9.153663396835327,-0.8423010711128494,-0.2503581890950536,2.238501166648976,-0.3539712413516055,-0.07122801504319698,0.06530226283894079,2.0,0.0,2.0,2.8632564342351747,2.853305907486298
9.163707256317139,-0.8458435494370683,-0.25107494887296333,2.23915297399089,-0.3545243342566417,-0.0721253047068539,0.06505295894702685,2.0,0.0,2.0,2.8668900018648813,2.856897642167834
9.173716306686401,-0.8493915585688395,-0.2518007245377725,2.239802366135076,-0.3550776229185183,-0.07303134712393726,0.06483979086556965,2.0,0.0,2.0,2.8705297479254743,2.860495736567546
9.183687686920166,-0.8529451055576904,-0.25253560609860565,2.240450071194096,-0.3556319958353479,-0.07394645561729836,0.0647149200262762,2.0,0.0,2.0,2.8741757504387966,2.864100209083679
9.193721055984497,-0.8565042006206569,-0.25327967824096626,2.241096410703934,-0.35618712581361395,-0.0748691261092424,0.0645335087900276,2.0,0.0,2.0,2.8778280565085237,2.867711080909879
9.203682661056519,-0.8600688524742688,-0.25403301362441827,2.241740579601598,-0.3567435594625151,-0.07579927281691726,0.06430098623626872,2.0,0.0,2.0,2.8814866164413644,2.871328370790179
9.213690042495728,-0.8636390794352182,-0.2547956907305016,2.242382535333293,-0.3573022722997555,-0.07673751656003945,0.06409857271207194,2.0,0.0,2.0,2.8851514543812105,2.8749521076503903
9.223672151565552,-0.8672149077091199,-0.2555677914034036,2.2430227577846935,-0.3578639113352099,-0.07768397952983763,0.06395679105416979,2.0,0.0,2.0,2.888822646649238,2.8785823286806007
9.233733177185059,-0.8707963684728679,-0.2563493965842862,2.243661826717635,-0.3584288068912704,-0.0786383541634511,0.06386485353818676,2.0,0.0,2.0,2.8925002831746633,2.882219076053403
9.243705987930298,-0.8743834955650486,-0.25714058438042126,2.244300233616516,-0.35899718223629096,-0.07960045169524163,0.06382192954635371,2.0,0.0,2.0,2.896184449211986,2.885862394452004
9.253691673278809,-0.8779763208175222,-0.2579414260993496,2.244937950064479,-0.3595682906993143,-0.08056891329795304,0.06370626946756931,2.0,0.0,2.0,2.899875183842628,2.8895123260655122
9.26376986503601,-0.8815748704063934,-0.258751984947709,2.2455742523192113,-0.36014208301619854,-0.08154404080393135,0.06355590472404662,2.0,0.0,2.0,2.903572461102726,2.8931689068341653
9.273754358291626,-0.8851791703222384,-0.2595723301298819,2.2462090551047242,-0.36071824158206484,-0.08252616827289533,0.06340485934279287,2.0,0.0,2.0,2.907276309236179,2.8968321731557696
9.283693552017212,-0.8887892412798238,-0.2604025328042547,2.2468424391725326,-0.36129619680181263,-0.08351562640949538,0.06327890805228291,2.0,0.0,2.0,2.910986765583378,2.9005021564592797
9.293713092803955,-0.8924050962867159,-0.2612426657754788,2.247474548137882,-0.36187481561316964,-0.0845121197776561,0.06313700032315475,2.0,0.0,2.0,2.9147038654763704,2.9041788807590425
9.303674221038818,-0.8960267369369523,-0.26209279995817925,2.248105195726893,-0.3624532157091977,-0.08551600587864652,0.06299659402368347,2.0,0.0,2.0,2.918427604891081,2.9078623586482926
9.313687086105347,-0.899654156160833,-0.26295301069535837,2.2487344340244197,-0.3630303356824391,-0.08652741599129267,0.06285031815475503,2.0,0.0,2.0,2.9221579919374645,2.911552594609025
9.323683977127075,-0.9032873368567326,-0.2638233751116406,2.249362279479886,-0.36360540151697435,-0.08754683759843535,0.0627237337384647,2.0,0.0,2.0,2.925895022046307,2.915249583416136
9.333732604980469,-0.9069262537804993,-0.26470397294809994,2.249988805000807,-0.36417742837703077,-0.08857402666135976,0.06257762640818584,2.0,0.0,2.0,2.9296386877631457,2.9189533120988482
9.343703746795654,-0.9105708746226668,-0.2655948828367612,2.2506138772039193,-0.36474622005463675,-0.08960935285191901,0.06244371295577661,2.0,0.0,2.0,2.9333889570662133,2.922663760679772
9.35366940498352,-0.9142211687597116,-0.2664961890016714,2.2512379388823227,-0.3653121730888511,-0.09065332645971996,0.062383357314847177,2.0,0.0,2.0,2.9371458494827034,2.926380911501378
9.36376404762268,-0.9178771101146221,-0.2674079772999642,2.2518618020259167,-0.36587573524184286,-0.09170565363710484,0.062398357803525026,2.0,0.0,2.0,2.9409094211441227,2.9301047517204086
9.373719930648804,-0.9215386732286446,-0.26833031953259995,2.252485346439786,-0.3664364342265474,-0.09276356006625361,0.062277879428896385,2.0,0.0,2.0,2.9446796480632442,2.933835267964283
9.38365650177002,-0.9252058341931123,-0.2692632668939422,2.2531071100889277,-0.36699571474131676,-0.0938269017203482,0.062075500384299896,2.0,0.0,2.0,2.9484563908040746,2.93757244664635
9.393744945526123,-0.9288785886604575,-0.2702068752913253,2.25372683147208,-0.3675553485500935,-0.09489557094286215,0.06186718407957649,2.0,0.0,2.0,2.952239632478576,2.9413162942071316
9.403675556182861,-0.932556947122805,-0.27116119266136773,2.2543444622086763,-0.3681167661541273,-0.09596853886525497,0.06166120787107961,2.0,0.0,2.0,2.956029388551471,2.945066831249125
9.413676977157593,-0.9362409349652555,-0.2721262574355249,2.2549601681844913,-0.36868148327592704,-0.09704493347905316,0.06149058372215081,2.0,0.0,2.0,2.959825706948328,2.9488240924394766
9.42367148399353,-0.9399305925539871,-0.2731021001471721,2.25557453624285,-0.3692508754773119,-0.0981238934774824,0.06139124960182277,2.0,0.0,2.0,2.9636286862080716,2.952588126735531
9.433741331100464,-0.943625966669826,-0.2740887318812593,2.256187510700553,-0.36982469532649304,-0.09920214762147714,0.06117595428761817,2.0,0.0,2.0,2.967438374294585,2.9563589877748515
9.443715333938599,-0.9473271037751145,-0.2750861376286745,2.2567977233035768,-0.37040369395819267,-0.1002787513732658,0.060859806163998866,2.0,0.0,2.0,2.9712547030601004,2.9601367265318785
9.454546451568604,-0.9510340625402024,-0.2760943039887971,2.2574048996187766,-0.3709892355644065,-0.10135439820637142,0.06059375133526575,2.0,0.0,2.0,2.975077710802752,2.963921406341199
9.463728666305542,-0.9547469122933868,-0.27711322183056153,2.2580099624467316,-0.37158189812613407,-0.1024288980129001,0.06043467618576409,2.0,0.0,2.0,2.9789075504524107,2.9677131016020764
9.4736909866333,-0.9584657201607288,-0.2781428687360683,2.2586132932034673,-0.37218059832787964,-0.10349968472543675,0.06020795700349259,2.0,0.0,2.0,2.9827443249826846,2.9715118833339482
9.483667850494385,-0.9621905442533633,-0.2791832015257956,2.259213902939401,-0.3727852842546093,-0.10456625300854587,0.05991368191073965,2.0,0.0,2.0,2.9865880077364717,2.9753178116762973
9.49367904663086,-0.9659214482758129,-0.28023418277915574,2.259811746927288,-0.373396669947177,-0.10562945837496944,0.059668191916932956,2.0,0.0,2.0,2.99043865985942,2.9791309529022714
9.503690958023071,-0.9696585009118264,-0.28129577939813216,2.260407542473875,-0.37401500787401437,-0.10668923135457603,0.059501228774949066,2.0,0.0,2.0,2.994296414138447,2.982951378676005
9.513720035552979,-0.9734017692010859,-0.2823679500603466,2.2610016019695016,-0.37463971151174846,-0.1077440126433021,0.059302997237936854,2.0,0.0,2.0,2.998161365994178,2.9867791582755885
9.523683786392212,-0.977151318037137,-0.28345064309699475,2.2615936210810297,-0.3752712590227911,-0.10879378359253208,0.05910629678504401,2.0,0.0,2.0,3.002033554135038,2.9906143578807285
9.533698797225952,-0.9809072181110774,-0.28454380747060126,2.2621837017287927,-0.3759099780309966,-0.10983816173422518,0.05890924194718393,2.0,0.0,2.0,3.005913058424811,2.994457049509408
9.543684720993042,-0.984669543245783,-0.2856473883505132,2.262771878177236,-0.3765563790578422,-0.11087713709149752,0.058732411346634636,2.0,0.0,2.0,3.0097999556135373,2.9983073079406752
9.553660869598389,-0.9884383719227696,-0.2867613314990998,2.263358359215731,-0.37721069273698227,-0.11191057762563664,0.05856499471785393,2.0,0.0,2.0,3.013694342396447,3.002165212646291
9.563677310943604,-0.9922137849044905,-0.2878855832362459,2.2639433092959593,-0.377873308801009,-0.11293897357367848,0.05843205212121289,2.0,0.0,2.0,3.0175963139773736,3.0060308454185445
9.573699951171875,-0.9959958640289666,-0.2890200925783363,2.2645268261183444,-0.37854380868147386,-0.11396202030527434,0.0582621421990528,2.0,0.0,2.0,3.0215059610943853,3.0099042893741097
9.583648204803467,-0.9997846877719377,-0.2901648087368581,2.2651085031454152,-0.37922229763365933,-0.11498057875167297,0.058075539851780586,2.0,0.0,2.0,3.025423327017276,3.0137856242971695
9.59370732307434,-1.0035803369093421,-0.29131969305329786,2.265688401436712,-0.3799088812568374,-0.1159958352233587,0.057910821382437354,2.0,0.0,2.0,3.029348499345544,3.0176749334262474
9.603681564331055,-1.0073828924185495,-0.2924847184937751,2.2662669157118494,-0.38060353107164874,-0.11700895380298408,0.05779991208427734,2.0,0.0,2.0,3.033281596318885,3.0215723013299125
9.613682985305786,-1.0111924301869708,-0.29365986329832394,2.266844159594189,-0.38130512468593875,-0.11801962075740226,0.057636320992099685,2.0,0.0,2.0,3.0372227070857405,3.0254778080375515
9.623655557632446,-1.015009017800966,-0.29484510598104674,2.26741955831416,-0.3820135845450619,-0.11902879890874907,0.05744713348901564,2.0,0.0,2.0,3.041171852117381,3.029391525363158
9.633707761764526,-1.0188327269714292,-0.29604043992875323,2.267993393794849,-0.38272951076328315,-0.12003807237306861,0.05733678910640705,2.0,0.0,2.0,3.0451291326682104,3.0333135306965824
9.643705368041992,-1.022663632806777,-0.2972458688195341,2.268566590237744,-0.3834528629213998,-0.12104773675011286,0.05731371925588764,2.0,0.0,2.0,3.0490947110601323,3.037243905849997
9.653671026229858,-1.0265018032086626,-0.29846138821573015,2.2691392420533374,-0.3841821147047152,-0.12205573067996549,0.05718916364819793,2.0,0.0,2.0,3.053068668846804,3.041182724711054
9.663753032684326,-1.0303472955353574,-0.2996869776980112,2.2697101408698375,-0.38491746585776215,-0.12306195316286204,0.056990634317309344,2.0,0.0,2.0,3.0570509606887897,3.0451300491375117
9.673717021942139,-1.0342001750676937,-0.30092262219607196,2.2702790825110273,-0.3856595755536845,-0.124066639473924,0.056799940912945546,2.0,0.0,2.0,3.0610416379678975,3.049085949416675
9.683648109436035,-1.038060510158534,-0.30216830347778006,2.270846234750305,-0.3864086019156813,-0.1250692004608348,0.05663582891935688,2.0,0.0,2.0,3.0650407876388512,3.0530504986015825
9.693702936172485,-1.0419283694361254,-0.30342399542089715,2.2714118078606664,-0.38716439228407173,-0.1260686096971399,0.05648245042875819,2.0,0.0,2.0,3.0690484999790573,3.057023769252949
9.703665494918823,-1.0458038214611483,-0.3046896636771101,2.2719760521204124,-0.38792717078842237,-0.12706436508447355,0.05637379962577175,2.0,0.0,2.0,3.073064867995144,3.0610058330521044
9.7136869430542,-1.0496869323868174,-0.30596526375278754,2.2725390140347943,-0.38869596658412764,-0.12805463375787607,0.05620360520974649,2.0,0.0,2.0,3.0770899633200988,3.0649967582681437
9.723662376403809,-1.053577760888046,-0.3072507367868478,2.273099985804203,-0.3894707788474871,-0.1290390264106589,0.05599058696728824,2.0,0.0,2.0,3.081123781884196,3.068996604274126
9.733736276626587,-1.0574763695300513,-0.3085460260762081,2.2736589456782474,-0.3902520461189315,-0.13001794560942684,0.055811777524898666,2.0,0.0,2.0,3.0851663843286983,3.0730054344960216
9.74367880821228,-1.061382823668707,-0.30985107813669105,2.274216466236578,-0.39103982382741426,-0.1309915488104944,0.05570102139951376,2.0,0.0,2.0,3.0892178871085694,3.0770233154261697
9.75366997718811,-1.0652971823997104,-0.31116583410268805,2.2747726675599815,-0.39183271106742273,-0.13195850066046155,0.05552348206087105,2.0,0.0,2.0,3.093278359860046,3.081050306752622
9.76377272605896,-1.0692194948246572,-0.3124902275371107,2.275326812076646,-0.3926306608201779,-0.13291925090873113,0.055306663765408506,2.0,0.0,2.0,3.0973477853102334,3.0850864574137824
9.773730278015137,-1.0731498133253272,-0.3138242014126362,2.2758788747602723,-0.3934339300912138,-0.13387468993445237,0.05511234229073263,2.0,0.0,2.0,3.1014262135464006,3.089131820517501
9.783710479736328,-1.0770881915285524,-0.3151677055731142,2.2764292462053337,-0.3942426172311475,-0.1348253780971064,0.054972284987416006,2.0,0.0,2.0,3.105513733545277,3.0931864510696214
9.793692588806152,-1.0810346809238025,-0.31652069069655386,2.27697820080877,-0.39505599642887224,-0.13577070328493152,0.054809271262804646,2.0,0.0,2.0,3.109610421968888,3.0972504020008236
9.803685188293457,-1.0849893277451552,-0.31788310220769483,2.2775254087009853,-0.3958742442681503,-0.1367107687619638,0.05463692228630639,2.0,0.0,2.0,3.1137162959147933,3.1013237204411106
9.81367826461792,-1.0889521827278463,-0.31925488801362023,2.278070926329055,-0.3966976151740833,-0.13764545852024415,0.05446562689291422,2.0,0.0,2.0,3.1178314115373866,3.1054064582111813
9.82369089126587,-1.0929232986417754,-0.3206359928578354,2.278614793996096,-0.3975265387213735,-0.1385745594719736,0.05431309438153174,2.0,0.0,2.0,3.121955825220872,3.109498668788435
9.833735942840576,-1.09690273213646,-0.32202635790349426,2.2791571414567118,-0.3983611370067671,-0.13949736000492358,0.05415612697862374,2.0,0.0,2.0,3.12608960478185,3.113600409092159
9.843676090240479,-1.1008905423720972,-0.3234259183641115,2.279698018957775,-0.3992020077313149,-0.14041363084709554,0.05402746365884159,2.0,0.0,2.0,3.13023281278746,3.1177117378683983
9.853677988052368,-1.104886791996162,-0.32483460504081646,2.280237569273751,-0.4000488828480735,-0.14132236309640214,0.053873122437965736,2.0,0.0,2.0,3.1343855230294664,3.1218327168098297
9.863710403442383,-1.1088915407518152,-0.32625233953519933,2.2807754346495805,-0.40090195316021404,-0.14222325527281993,0.0537028611089836,2.0,0.0,2.0,3.1385477606550847,3.1259634036901947
9.873709678649902,-1.1129048522325304,-0.3276790438205709,2.2813116419311137,-0.40176140558292733,-0.14311628763449044,0.053540919409191985,2.0,0.0,2.0,3.1427195889385318,3.130103860067904
9.883684396743774,-1.1169267906337852,-0.32911463964379245,2.2818463866173277,-0.40262736543206906,-0.14400161021478775,0.05341680405149115,2.0,0.0,2.0,3.146901086759439,3.1342541479909527
9.893704414367676,-1.1209574180084028,-0.3305590479278689,2.2823798412127423,-0.4034989727682276,-0.14487861854646364,0.05326363771209611,2.0,0.0,2.0,3.151092328687306,3.138414327202298
9.903675556182861,-1.1249967881726062,-0.3320121851833015,2.2829116040882242,-0.40437597692389887,-0.14574755742481227,0.05309116283443546,2.0,0.0,2.0,3.1552933291418515,3.1425844486981247
9.913671493530273,-1.1290449548672565,-0.333473973900539,2.283441681923948,-0.40525821351476055,-0.14660898283541657,0.05292799810824149,2.0,0.0,2.0,3.1595041395606884,3.1467645639369413
9.923648357391357,-1.1331019693075493,-0.3349443421074412,2.283970307642383,-0.40614546894826514,-0.14746355424283597,0.05280374085026105,2.0,0.0,2.0,3.1637248296922316,3.150954722364101
9.933727264404297,-1.1371678764379995,-0.33642322112165074,2.2844975927261,-0.4070365281231531,-0.14831110437903824,0.05264573637385636,2.0,0.0,2.0,3.1679554524852964,3.155154967456333
9.943678855895996,-1.1412427117680262,-0.3379105434362952,2.2850232145382017,-0.407931126749855,-0.14915239880587322,0.05248214492845207,2.0,0.0,2.0,3.1721960126112707,3.159365333354336
9.953678846359253,-1.145326508997517,-0.33940624995241925,2.285547210325589,-0.40882879833835145,-0.14998800681260846,0.052317714198965165,2.0,0.0,2.0,3.17644654606905,3.1635858532224583
9.963805437088013,-1.1494192973940993,-0.34091028717431204,2.28606967128939,-0.40972935049517034,-0.1508186764941191,0.0521820427858488,2.0,0.0,2.0,3.1807070898671626,3.1678165563522795
9.973726272583008,-1.1535211023643646,-0.3424226068632993,2.2865907571045696,-0.4106319101513545,-0.15164444534419055,0.05202831429169774,2.0,0.0,2.0,3.184977683878835,3.1720574687020435
9.983656644821167,-1.1576319417585412,-0.34394316152666576,2.287110242250914,-0.411536299156724,-0.1524658251597189,0.05187369153615399,2.0,0.0,2.0,3.189258325877688,3.176308608742981
9.993711709976196,-1.1617518331829522,-0.34547190930558247,2.2876281857587673,-0.41244220517089464,-0.15328303664980147,0.05171200808053162,2.0,0.0,2.0,3.1935490395479893,3.18056999526107
10.003686904907227,-1.1658807911109172,-0.3470088094093043,2.2881445298316696,-0.41334965810071045,-0.1540963602477701,0.051561282725845446,2.0,0.0,2.0,3.1978498350305107,3.184841643996252
10.013704538345337,-1.170018830456122,-0.34855382263830703,2.2886593499387526,-0.41425844088644914,-0.15490559509696336,0.05140151651813235,2.0,0.0,2.0,3.2021607350395827,3.1891235712531083
10.023669481277466,-1.1741659658212464,-0.35010690795667626,2.289172640292846,-0.4151689568479151,-0.15571078699390556,0.05126186466698311,2.0,0.0,2.0,3.206481754426625,3.1934157927800304
10.033747673034668,-1.17832221434001,-0.3516680223273519,2.289684471300105,-0.41608101558976673,-0.1565112618126743,0.05109952947243169,2.0,0.0,2.0,3.2108129171608923,3.1977183265720606
10.04367446899414,-1.1824875931363923,-0.35323711701658983,2.290194656216714,-0.416995154979394,-0.15730686692612655,0.05094275370804916,2.0,0.0,2.0,3.2151542233308184,3.2020311899332365
10.053668975830078,-1.1866621246024764,-0.35481414163126807,2.2907032826847993,-0.41791150969927576,-0.1580971205567142,0.0507798216364435,2.0,0.0,2.0,3.219505702750225,3.2063544051582165
10.06368899345398,-1.1908458321857407,-0.3563990411126865,2.2912103116199383,-0.4188304971905206,-0.15888186501136997,0.05063240919385948,2.0,0.0,2.0,3.22386737426913,3.2106879950071687
10.073678255081177,-1.1950387424950475,-0.35799175870062383,2.291715853593166,-0.41975195100372614,-0.1596606141278839,0.050470456758549775,2.0,0.0,2.0,3.2282392731300895,3.2150319851195723
10.083681583404541,-1.1992408802029149,-0.35959223348063163,2.292219737438502,-0.4206760802602558,-0.16043337579288303,0.050311404296863635,2.0,0.0,2.0,3.2326214066744248,3.2193863986699567
10.093676805496216,-1.203452272316765,-0.36120040577535467,2.2927220375708433,-0.42160273844243,-0.16120006301724854,0.05014587813103834,2.0,0.0,2.0,3.237013806801471,3.2237512612085517
10.103684902191162,-1.207672943717256,-0.3628162154277485,2.293222710323085,-0.4225319826889435,-0.16196093126626793,0.0499933883511733,2.0,0.0,2.0,3.241416492504821,3.2281265960357004
10.113692283630371,-1.211902918660532,-0.3644396046650803,2.2937218232087617,-0.4234633343232991,-0.16271596240590389,0.04982657478967397,2.0,0.0,2.0,3.2458294924067657,3.2325124260160987
10.123651504516602,-1.2161422175969279,-0.3660705169325337,2.2942192993292885,-0.4243968069828931,-0.1634656443189184,0.04967342359843407,2.0,0.0,2.0,3.2502528183626502,3.236908770289415
10.133716106414795,-1.2203908595555255,-0.3677088997807121,2.2947152063282945,-0.4253318095976404,-0.16421007780333946,0.049505137074841984,2.0,0.0,2.0,3.254686494292169,3.2413156469691007
10.143706560134888,-1.2246488588407332,-0.36935470302373347,2.295209457293842,-0.42626830650340913,-0.16494985621116925,0.04935131144847202,2.0,0.0,2.0,3.25913052563783,3.2457330696575455
10.153679609298706,-1.2289162283385118,-0.37100788176247645,2.2957021617558944,-0.42720568307806767,-0.16568515629797448,0.04918463393867217,2.0,0.0,2.0,3.263584934764957,3.250161051080035
10.163681268692017,-1.2331929749902513,-0.37266839303127436,2.2961931763859873,-0.42814378516090723,-0.16641650347362535,0.04902372900218779,2.0,0.0,2.0,3.2680497154156702,3.2545995982134
10.173736095428467,-1.23747910465041,-0.3743361993023334,2.296682582610449,-0.4290821438422753,-0.16714414535895256,0.0488539507236225,2.0,0.0,2.0,3.272524881185862,3.259048717518063
10.183650732040405,-1.2417746185077074,-0.37601126518740047,2.2971702983385947,-0.43002066218343543,-0.16786853390163334,0.04869361996345143,2.0,0.0,2.0,3.2770104264349347,3.2635084110123915
10.19370722770691,-1.2460795166483807,-0.37769355923052117,2.2976563856675662,-0.4309589034607115,-0.16858976734201123,0.04852204122536199,2.0,0.0,2.0,3.2815063579120314,3.267978680023541
10.2036714553833,-1.2503937960668101,-0.3793830514610545,2.298140808205262,-0.43189695586539883,-0.16930824937813743,0.04836748588640631,2.0,0.0,2.0,3.2860126705116026,3.2724595229346245
10.2136812210083,-1.2547174530459373,-0.38107971435926796,2.2986236382390652,-0.4328343052435948,-0.1700238558243795,0.04819496353055126,2.0,0.0,2.0,3.2905293685322285,3.2769509376641532
10.223647356033325,-1.2590504804184919,-0.3827835200729808,2.29910475133287,-0.43377109494638416,-0.17073688390345837,0.048032132676515876,2.0,0.0,2.0,3.295056434937855,3.281452918625447
10.23370099067688,-1.2633928716752902,-0.38449444286160034,2.2995842104167212,-0.4347069982607476,-0.1714472291516723,0.04785777380048154,2.0,0.0,2.0,3.2995938705579446,3.285965461092455
10.243698596954346,-1.2677446179933385,-0.38621245653995045,2.3000619738913373,-0.43564214665275597,-0.17215511185392277,0.04769990019076991,2.0,0.0,2.0,3.3041416643640784,3.2904885579517
10.253661394119263,-1.272105709964172,-0.38793753575816015,2.3005381158487825,-0.4365760087693901,-0.17286027275555702,0.04752522822298604,2.0,0.0,2.0,3.3086998153214484,3.295022201568641
10.263703346252441,-1.2764761340634843,-0.3896696535996575,2.3010125284880107,-0.43750861658455714,-0.17356289918883272,0.047363438210801675,2.0,0.0,2.0,3.313268301591469,3.2995663799996624
10.273688793182373,-1.2808558759660362,-0.3914087843709723,2.301485317088748,-0.4384394040246388,-0.17426277569971219,0.047189560164124185,2.0,0.0,2.0,3.317847120010766,3.3041210806118517
10.283671617507935,-1.2852449154709955,-0.3931549004646638,2.301956348574762,-0.4393681664407654,-0.17496004417873734,0.047022224097534523,2.0,0.0,2.0,3.322436239694001,3.3086862846736325
10.29366683959961,-1.2896432303164074,-0.3949079762534298,2.3024257092073506,-0.44029430723425356,-0.1756546677652757,0.0468464497462802,2.0,0.0,2.0,3.3270356478500074,3.3132619716036866
10.303662538528442,-1.294050792087955,-0.3966679860044622,2.3028933230414,-0.44121755699726806,-0.1763469232427485,0.04668083164347831,2.0,0.0,2.0,3.3316453108215436,3.317848114663496
10.313674449920654,-1.298467569414813,-0.39843490671979487,2.303359253471947,-0.44213729278716346,-0.1770368515141308,0.046503225997302305,2.0,0.0,2.0,3.336265204992123,3.3224446844716726
10.323672533035278,-1.3028935261756494,-0.4002087168847906,2.303823452977065,-0.44305346636087917,-0.17772490991723888,0.04634162398781317,2.0,0.0,2.0,3.3408952921189394,3.3270516470778726
10.333707809448242,-1.307328624726181,-0.40198939862943395,2.3042859956754143,-0.44396554430509394,-0.17841116053796066,0.046163790835322266,2.0,0.0,2.0,3.345535543931316,3.331668967431132
10.343679428100586,-1.3117728240211453,-0.40377693587319125,2.304746780826746,-0.4448736924644155,-0.17909612887257376,0.04599944086830159,2.0,0.0,2.0,3.3501859130938385,3.3362966072979985
10.353664875030518,-1.3162260842588276,-0.40557131714505884,2.3052059161448475,-0.44577762767271994,-0.17977993759516211,0.0458228250694257,2.0,0.0,2.0,3.3548463730041695,3.3409345302189646
10.363697528839111,-1.32068836329029,-0.40737253224665193,2.305663265263215,-0.4466775582254763,-0.18046301677422816,0.0456524645860514,2.0,0.0,2.0,3.359516872684518,3.3455826975462126
10.373712301254272,-1.3251596215995387,-0.4091805754567406,2.306118914143953,-0.44757341106435333,-0.18114553958646495,0.04547393402937499,2.0,0.0,2.0,3.3641973845248394,3.350241073780676
10.383673906326294,-1.3296398188674066,-0.4109954425463798,2.3065727918868015,-0.44846544988221687,-0.181827898198937,0.04530767288807137,2.0,0.0,2.0,3.36888786603332,3.3549096228037603
10.393685817718506,-1.3341289170560533,-0.41281713280171944,2.3070250028117005,-0.4493535021891643,-0.18251012729195754,0.04513002554414801,2.0,0.0,2.0,3.373588293351091,3.359588311189929
10.403655290603638,-1.338626876362384,-0.41464564569156387,2.307475423730393,-0.45023775625947615,-0.18319251026538882,0.04495837057112207,2.0,0.0,2.0,3.3782986202019516,3.364277103786224
10.41369104385376,-1.3431336587137828,-0.41648098332881234,2.307924109490058,-0.4511180531653976,-0.18387505276485921,0.04477745647488178,2.0,0.0,2.0,3.3830188185561108,3.368975967486194
10.423714399337769,-1.347649225035999,-0.4183231482909945,2.308371047568373,-0.4519945979591516,-0.18455803089016612,0.04461529670729025,2.0,0.0,2.0,3.3877488533329374,3.3736848682531413
10.433716058731079,-1.3521735363807745,-0.4201721443722728,2.308816318041646,-0.45286696109862024,-0.18524121681963573,0.04443526155944653,2.0,0.0,2.0,3.3924886981693514,3.378403772333612
10.443740606307983,-1.356706550987732,-0.42202797408114406,2.3092597997733795,-0.45373532339240064,-0.1859248224922223,0.04426716863838144,2.0,0.0,2.0,3.3972383054632567,3.3831326430323405
10.453669309616089,-1.3612482282352976,-0.4238906413634055,2.3097015960820895,-0.4545993773177236,-0.18660864739674016,0.04408751018248027,2.0,0.0,2.0,3.4019976493622393,3.387871444971076
10.463773488998413,-1.3657985245868096,-0.4257601480680993,2.310141580587718,-0.45545923396769217,-0.1872927723553984,0.043915513522763364,2.0,0.0,2.0,3.406766679977242,3.3926201396256723
10.473707914352417,-1.370357399066365,-0.4276364977419195,2.310579959138438,-0.4563148624902044,-0.18797711689760058,0.0437512491141168,2.0,0.0,2.0,3.4115453804193785,3.397378691232752
10.483662843704224,-1.3749248067622222,-0.4295196899790781,2.311016532080687,-0.45716596580929303,-0.188661329695341,0.04356489009806145,2.0,0.0,2.0,3.4163336925139856,3.4021470596343635
10.49369215965271,-1.3795007037875255,-0.43140972372023767,2.3114512617135357,-0.45801272704462725,-0.1893453854008399,0.043383977163472656,2.0,0.0,2.0,3.421131573769665,3.4069252056100012
10.503657341003418,-1.384085047594557,-0.43330659709557906,2.311884343062385,-0.4588553406471898,-0.1900292348608963,0.0432384622883758,2.0,0.0,2.0,3.4259390041107065,3.411713091166901
10.513687372207642,-1.3886777941444355,-0.4352103048951135,2.312315873002072,-0.45969315450315684,-0.19071213825864416,0.04306049590517678,2.0,0.0,2.0,3.4307559526354447,3.4165106764086794
10.523656845092773,-1.3932788956926863,-0.43712083691453935,2.3127455527859104,-0.46052644195243014,-0.191394137543933,0.04287909557403626,2.0,0.0,2.0,3.435582348133371,3.4213179171217405
10.533693313598633,-1.3978883078284121,-0.439038184258538,2.3131734148047136,-0.4613552503240707,-0.19207517842163013,0.04269312192442066,2.0,0.0,2.0,3.440418152994561,3.4261347725555202
10.543701410293579,-1.402505986970204,-0.44096233828380377,2.313599504511942,-0.4621799232756615,-0.19275554890296903,0.04253196486606376,2.0,0.0,2.0,3.4452633316457737,3.4309612028049523
10.553662061691284,-1.4071318913624171,-0.4428932924024891,2.3140239687145843,-0.46300020292846833,-0.1934351413003935,0.042354803781074056,2.0,0.0,2.0,3.4501178598014905,3.435797170031136
10.563735008239746,-1.411765977378919,-0.44483103991376177,2.314446613926235,-0.46381635664074106,-0.19411435188953863,0.042178147308572105,2.0,0.0,2.0,3.454981680339386,3.4406426345191807
10.573720693588257,-1.416408204663613,-0.4467755788791374,2.314867476578338,-0.4646284348991452,-0.19479345262546324,0.04199327953403028,2.0,0.0,2.0,3.4598547609086783,3.4454975604077327
10.583659172058105,-1.421058533887723,-0.44872691039221957,2.3152865556764897,-0.46543684021338994,-0.1954729645293894,0.04182928775632002,2.0,0.0,2.0,3.4647370671649105,3.4503619132485457
10.593657970428467,-1.425716928545668,-0.45068503929848647,2.315703985746462,-0.4662414492093256,-0.19615287596978584,0.04165137598607087,2.0,0.0,2.0,3.4696285803797564,3.4552356618864426
10.603685855865479,-1.430383351535432,-0.4526499701826736,2.316119607500165,-0.4670426380933521,-0.19683344836729338,0.04147848940521804,2.0,0.0,2.0,3.4745292544809425,3.460118774550642
10.61367678642273,-1.4350577700412075,-0.45462170995462126,2.3165334982324164,-0.4678405111379779,-0.19751457529836275,0.04129569770890976,2.0,0.0,2.0,3.4794390694745307,3.4650112240341353
10.623656749725342,-1.4397401521384385,-0.4566002636227203,2.3169455566380215,-0.4686354703822237,-0.1981962556145004,0.041120216085346356,2.0,0.0,2.0,3.4843579897660186,3.4699129837754876
10.633743047714233,-1.4444304699225483,-0.4585856355819624,2.31735584838949,-0.4694276467356732,-0.1988781511628947,0.04093731460864402,2.0,0.0,2.0,3.489285998854206,3.474824031126322
10.64368724822998,-1.4491286975209636,-0.4605778271342747,2.3177643891133455,-0.4702175373382865,-0.1995601765346463,0.04077808899284245,2.0,0.0,2.0,3.4942230772947176,3.479744345050422
10.653673648834229,-1.453834812159098,-0.4625768371278762,2.318171311083535,-0.47100495792674607,-0.20024167758915937,0.04059901392046046,2.0,0.0,2.0,3.4991692189898327,3.484673907258655
10.663691759109497,-1.4585487894014495,-0.4645826582204712,2.318576360222732,-0.4717901666905477,-0.20092241793553758,0.04041409163848676,2.0,0.0,2.0,3.504124380252818,3.4896126969893704
10.673712730407715,-1.4632706083488143,-0.4665952818998567,2.3189795677446674,-0.47257328696428974,-0.20160213261196439,0.04022832274413671,2.0,0.0,2.0,3.5090885466717068,3.494560696817838
10.683655500411987,-1.4680002491710646,-0.4686146974568412,2.3193810344204464,-0.4733545993406736,-0.20228081282161134,0.04007309087044271,2.0,0.0,2.0,3.514061710908135,3.4995178900704493
10.693665504455566,-1.4727376933129557,-0.47064089349820704,2.3197810303302404,-0.47413385701143845,-0.20295814436671905,0.03992446101771428,2.0,0.0,2.0,3.5190438821572614,3.5044842612272324
10.703672885894775,-1.47748291942596,-0.4726738559211884,2.320179580175868,-0.4749110324943166,-0.20363413897606217,0.039790995331185984,2.0,0.0,2.0,3.5240350441691546,3.5094597916161834
10.713700294494629,-1.4822359052741616,-0.47471357085044635,2.3205767493268,-0.4756856798590448,-0.20430857449090492,0.03963662628356336,2.0,0.0,2.0,3.529035183522414,3.5144444616937887
10.72367811203003,-1.4869966247396618,-0.4767600231333637,2.320972324509114,-0.4764578096118672,-0.20498170096817947,0.03948194709161797,2.0,0.0,2.0,3.5340442574626456,3.5194382478747825
10.733741760253906,-1.4917650517355703,-0.47881320035544217,2.3213662927289693,-0.4772271029253663,-0.20565354391049814,0.03930826580410122,2.0,0.0,2.0,3.5390622418175828,3.52444112695283
10.743672847747803,-1.496541157789517,-0.48087309116568583,2.321758527575233,-0.4779936694072312,-0.2063245117978964,0.0391427104448368,2.0,0.0,2.0,3.544089099894454,3.5294530734836664
10.753670692443848,-1.501324915097475,-0.4829396878781412,2.3221490795216515,-0.4787573091826429,-0.20699473372020105,0.03896625902540163,2.0,0.0,2.0,3.549124812210304,3.534474063168405
10.763732671737671,-1.5061162953331577,-0.4850129851993813,2.322537931061383,-0.4795183411434217,-0.20766474812598007,0.03881104578457498,2.0,0.0,2.0,3.554169352913009,3.5395040715067303
10.77373456954956,-1.5109152722082346,-0.4870929820047532,2.322925193468698,-0.4802765439051175,-0.2083345825211458,0.038633667662145786,2.0,0.0,2.0,3.5592227104130614,3.5445430765817063
10.78366494178772,-1.5157218179017122,-0.48917967779749233,2.3233105868149235,-0.481032229630609,-0.2090046793808879,0.038447984240307896,2.0,0.0,2.0,3.56428483620302,3.5495910550428453
10.793703556060791,-1.5205359091974582,-0.49127307762310785,2.323694129885339,-0.4817856868958461,-0.20967543081073434,0.03826172781950278,2.0,0.0,2.0,3.5693557141966505,3.5546479888655718
10.803686618804932,-1.5253575258635224,-0.4933731904769895,2.324075931320854,-0.4825373945159382,-0.21034738623235347,0.038106526511393804,2.0,0.0,2.0,3.5744353399530806,3.559713863535104
10.813728332519531,-1.5301866505790653,-0.4954800291948594,2.3244562038398264,-0.4832872186734854,-0.21102055587449722,0.037942972980256826,2.0,0.0,2.0,3.5795237218752622,3.564788667965827
10.823670148849487,-1.53502326479652,-0.4975936067948977,2.3248348071050224,-0.48403538213841524,-0.21169526079275883,0.03778107405156804,2.0,0.0,2.0,3.584620835190629,3.5698723899007656
10.833729028701782,-1.5398673523450903,-0.4997139396719659,2.3252117558099203,-0.48478185188950285,-0.21237160647069686,0.03760716573772114,2.0,0.0,2.0,3.589726672020878,3.5749650199269243
10.843672037124634,-1.5447188971136967,-0.5018410457788434,2.3255870246284465,-0.4855268863942343,-0.21304999276629272,0.03745351235437769,2.0,0.0,2.0,3.5948412211653733,3.5800665489322046
10.853691101074219,-1.5495778841383052,-0.5039749460059013,2.3259607871098096,-0.4862701963334835,-0.2137303739529391,0.037295383005658385,2.0,0.0,2.0,3.5999644910052466,3.5851769693789763
10.8637216091156,-1.5544442951190358,-0.5061156606221202,2.3263329650201694,-0.4870117125152198,-0.21441295009176553,0.037145183842029805,2.0,0.0,2.0,3.605096463770433,3.5902962703697905
10.87371015548706,-1.5593181107913323,-0.5082632118600274,2.32670361134474,-0.48775101550257427,-0.21509764030403886,0.03697931894585254,2.0,0.0,2.0,3.6102371329322875,3.595424440359921
10.883646011352539,-1.5641993079063017,-0.5104176212932361,2.3270725807386565,-0.48848803193504914,-0.215784661800171,0.0368184940411853,2.0,0.0,2.0,3.6153864700302027,3.6005614638006675
10.893682718276978,-1.5690878621640185,-0.5125789121865775,2.327439885656124,-0.48922235170458733,-0.21647388347317678,0.03663911434703087,2.0,0.0,2.0,3.620544460130741,3.6057073243768554
10.90365982055664,-1.5739837461950534,-0.5147471071115487,2.327805404999656,-0.4899540231365936,-0.21716552410994247,0.03646896685041238,2.0,0.0,2.0,3.6257110731404296,3.610862002672788
10.913685083389282,-1.5788869325809394,-0.5169222299118053,2.3281691900195565,-0.4906827612647898,-0.2178594084993388,0.0362860263041909,2.0,0.0,2.0,3.630886294729386,3.6160254794422566
10.92367696762085,-1.583797392408099,-0.5191043034720889,2.3285311927860457,-0.49140877658265775,-0.2185557295060508,0.03612054957514037,2.0,0.0,2.0,3.6360701000321423,3.621197733860212
10.93374514579773,-1.5887150988988188,-0.5212933522461067,2.3288916266697712,-0.4921320722382006,-0.219254416135361,0.03596836750962603,2.0,0.0,2.0,3.6412624901610466,3.626378747478032
10.943684816360474,-1.593640025435919,-0.5234894000616541,2.3292506659728134,-0.4928528291377166,-0.21995557086246195,0.035846239120943965,2.0,0.0,2.0,3.6464634627863095,3.631568501955041
10.95367980003357,-1.5985721452081203,-0.52569247006704,2.3296084065190303,-0.49357059662263597,-0.22065873617695622,0.0356924708934235,2.0,0.0,2.0,3.6516730082252673,3.6367669786986574
10.963725805282593,-1.603511428038078,-0.5279025821942678,2.329964487575772,-0.4942855426602793,-0.221364106074739,0.035527742645689954,2.0,0.0,2.0,3.6568910718463497,3.6419741553570097
10.973714351654053,-1.6084578462406605,-0.5301197595428926,2.3303188905676824,-0.49499759052476616,-0.2220717328235827,0.03534827956887703,2.0,0.0,2.0,3.6621176328757468,3.6471900125375427
10.98367953300476,-1.6134113702978443,-0.5323440253130812,2.3306714725548883,-0.49570675649746565,-0.2227818857171442,0.035172819655922366,2.0,0.0,2.0,3.6673526575782014,3.6524145290867907
10.993678569793701,-1.6183719706460964,-0.5345754057863898,2.3310223036300437,-0.49641275658342826,-0.22349464979332456,0.03499118569051696,2.0,0.0,2.0,3.6725961318840303,3.657647684295058
11.003662109375,-1.6233396147095274,-0.5368139282986018,2.331371363795043,-0.49711550880410593,-0.22421038058511317,0.03482581059559489,2.0,0.0,2.0,3.677848030830277,3.662889454670829
11.013676643371582,-1.6283142677156868,-0.5390596226215335,2.331718702090097,-0.49781441977009594,-0.22492896857997108,0.03463696731324599,2.0,0.0,2.0,3.68310833391667,3.668139814953908
11.02366042137146,-1.6332958900467398,-0.541312518581105,2.332064124957339,-0.49850938967277325,-0.22565080437187304,0.03445150269180688,2.0,0.0,2.0,3.6883769940838254,3.673398735150208
11.033704996109009,-1.6382844409565573,-0.5435726496019041,2.3324076852601388,-0.49920005763134967,-0.2263759702370726,0.034260185812095924,2.0,0.0,2.0,3.693653985949659,3.67866618473351
11.043692350387573,-1.6432798768465655,-0.5458400503430823,2.332749419898137,-0.4998864074336108,-0.2271048269457077,0.03409433560972745,2.0,0.0,2.0,3.6989392801229126,3.683942130597828
11.053648471832275,-1.6482821533558225,-0.5481147579668046,2.3330895640433433,-0.5005680831298098,-0.22783727944488572,0.03393253338034905,2.0,0.0,2.0,3.704232864719791,3.6892265393162837
11.063817501068115,-1.6532912227880445,-0.5503968082912316,2.33342812403001,-0.5012450312222824,-0.22857342366328698,0.03378495675112418,2.0,0.0,2.0,3.7095347038370607,3.6945193740292304
11.073697566986084,-1.6583070369558617,-0.5526862375373495,2.333765169969046,-0.5019169403861821,-0.2293129698942207,0.0336184693464507,2.0,0.0,2.0,3.714844766943625,3.6998205975160428
11.083649158477783,-1.663329545268777,-0.5549830796945769,2.334100510708449,-0.5025839230403141,-0.2300560908732417,0.033453373608711076,2.0,0.0,2.0,3.7201629974024075,3.7051301699112296
11.093663692474365,-1.6683586981221459,-0.5572873708580424,2.3344341461464158,-0.5032457854871881,-0.230802744334716,0.03327055575341941,2.0,0.0,2.0,3.7254893571066545,3.7104480527028367
11.103684425354004,-1.6733944442711481,-0.5595991479629189,2.3347659666366667,-0.5039026198937138,-0.23155339979696302,0.03309922984341016,2.0,0.0,2.0,3.7308237966997506,3.715774205949947
11.113702774047852,-1.6784367324472649,-0.5619184524525942,2.335096065351698,-0.5045540912960774,-0.23230819901453617,0.03291629366526575,2.0,0.0,2.0,3.736166285758467,3.721108590436999
11.123654127120972,-1.6834855082411695,-0.5642453274907855,2.3354243296133514,-0.5052001827569476,-0.23306763309475625,0.0327410766107672,2.0,0.0,2.0,3.7415167726357255,3.726451164179921
11.133703708648682,-1.688540717230525,-0.566579820853738,2.3357508338585022,-0.5058406769647417,-0.23383185400836648,0.03255854875127881,2.0,0.0,2.0,3.746875223236398,3.7318018859615427
11.143690586090088,-1.6936023036886747,-0.5689219818083782,2.3360755715483745,-0.5064757223013805,-0.23460121181274007,0.03239378641288261,2.0,0.0,2.0,3.7522415952321917,3.737160713589805
11.153685092926025,-1.6986702126263393,-0.571271860855933,2.3363986089094757,-0.5071051358516531,-0.23537538661432966,0.03221016108842258,2.0,0.0,2.0,3.7576158538162736,3.7425276058801717
11.163677453994751,-1.7037443889769013,-0.5736295059129656,2.336719823120875,-0.5077293091965671,-0.23615445153516337,0.03203900369356489,2.0,0.0,2.0,3.762997946878843,3.747902521268641
11.173719882965088,-1.7088247818696565,-0.5759949647170026,2.3370393848127957,-0.5083484411410022,-0.23693800761582068,0.03187214484552449,2.0,0.0,2.0,3.7683878527700454,3.7532854223986014
11.183650493621826,-1.713911342400525,-0.5783682799819301,2.337357330933065,-0.5089629420851168,-0.23772572139476625,0.03172296136880879,2.0,0.0,2.0,3.7737855391151744,3.7586762731712513
11.193708658218384,-1.7190040254097314,-0.5807494900098801,2.337673750411717,-0.5095729165623436,-0.23851677224290666,0.03155502367326404,2.0,0.0,2.0,3.7791909812653866,3.7640750405857375
11.20365834236145,-1.7241027873570165,-0.5831386254428867,2.337988447874783,-0.5101788513037852,-0.23931079730096075,0.031388221768673584,2.0,0.0,2.0,3.784604129652205,3.76948169212741
11.21371078491211,-1.7292075893918417,-0.5855357134439941,2.3383014268998727,-0.5107809345047042,-0.2401071516479895,0.031204563345613372,2.0,0.0,2.0,3.79002495663796,3.7748961994333143
11.223645210266113,-1.7343183946657292,-0.5879407756850096,2.3386125839809355,-0.5113795786341636,-0.24090564436812245,0.03103111382221976,2.0,0.0,2.0,3.7954534262038004,3.7803185353157636
11.233715295791626,-1.7394351693061556,-0.5903538314854999,2.338921980765103,-0.5119747867916711,-0.24170576783652942,0.030846688848458998,2.0,0.0,2.0,3.8008895196834,3.785748675201956
11.24373197555542,-1.7445578799355559,-0.5927748966696129,2.3392295929675853,-0.5125668307572981,-0.2425075544712127,0.030681462021486344,2.0,0.0,2.0,3.806333210723161,3.7911865944990275
11.253671646118164,-1.749686494666846,-0.595203986750421,2.3395355624700604,-0.513155555659953,-0.24331067295680073,0.030510946166601827,2.0,0.0,2.0,3.8117844892271115,3.796632270069164
11.263718366622925,-1.7548209803407635,-0.597641115122705,2.3398398751366676,-0.5137410547746836,-0.2441152757735449,0.030357553778727054,2.0,0.0,2.0,3.81724332963268,3.8020856772161626
11.273709297180176,-1.7599613037460144,-0.6000862960351664,2.340142625117574,-0.514323008417179,-0.24492108883441815,0.030186756828091296,2.0,0.0,2.0,3.8227097161278816,3.807546791354853
11.283665418624878,-1.7651074288224233,-0.6025395418202174,2.3404436302233123,-0.5149014402172898,-0.24572835896525297,0.03001958425200568,2.0,0.0,2.0,3.828183605235039,3.8130155848135106
11.293665409088135,-1.7702593198363976,-0.6050008676567267,2.3407429431338453,-0.5154761069372551,-0.24653702794803622,0.029837977672686124,2.0,0.0,2.0,3.8336649751868146,3.8184920307208454
11.30365777015686,-1.775416938353971,-0.6074702879802895,2.341040408137,-0.5160469709085105,-0.24734735012276504,0.029658748723518962,2.0,0.0,2.0,3.8391537829541527,3.82397609945315
11.313720703125,-1.7805802456923694,-0.6099478200430035,2.341336070648224,-0.5166138179696702,-0.2481593573116219,0.029473427171037847,2.0,0.0,2.0,3.84465000363104,3.8294677616210047
11.32365107536316,-1.7857492014645577,-0.6124334820194365,2.3416299678162384,-0.517176671661066,-0.2489734057473239,0.029312452644201657,2.0,0.0,2.0,3.8501536100781895,3.834966986336126
11.333688259124756,-1.7909237646864768,-0.6149272944309523,2.341922311153938,-0.5177352409487168,-0.24978940068733257,0.029156461622377117,2.0,0.0,2.0,3.855664590439074,3.8404737425350093
11.343678951263428,-1.796103891835748,-0.6174292772567902,2.3422131792613423,-0.5182894655760251,-0.25060754633291527,0.029023383230936343,2.0,0.0,2.0,3.8611829184958992,3.8459879966043
11.35364055633545,-1.8012895377754032,-0.6199394509002746,2.3425026616047493,-0.518838889525376,-0.2514274446558581,0.028865580118709343,2.0,0.0,2.0,3.8667085675015143,3.851509713447867
11.363669872283936,-1.8064806536411921,-0.6224578326405126,2.342790486072161,-0.5193834948745193,-0.2522492566078856,0.02870254176096502,2.0,0.0,2.0,3.8722414745598956,3.8570388538307734
11.373716592788696,-1.811677190802098,-0.6249844417728773,2.3430766310828064,-0.5199230927262317,-0.2530728668982829,0.02852386506119266,2.0,0.0,2.0,3.8777815995919958,3.86257537911419
11.383657217025757,-1.8168790990063295,-0.6275192967335487,2.3433610122786033,-0.5204577249017897,-0.2538984748378517,0.028356639876520838,2.0,0.0,2.0,3.8833288952852456,3.8681192489638088
11.393666982650757,-1.8220863277148502,-0.6300624167726804,2.3436436909777885,-0.5209871410855609,-0.25472581975771397,0.028177348021696177,2.0,0.0,2.0,3.8888833271111465,3.873670422936652
11.40368914604187,-1.827298824797893,-0.6326138197215652,2.3439246320017824,-0.5215114253150239,-0.25555510786760255,0.02801593472643426,2.0,0.0,2.0,3.8944448502578135,3.8792288588329042
11.413706064224243,-1.8325165377988426,-0.6351735236743471,2.3442038930450715,-0.5220302539305361,-0.2563859248791046,0.027831490695504505,2.0,0.0,2.0,3.9000134278827683,3.8847945142154576
11.423723459243774,-1.8377394120288737,-0.6377415440473125,2.3444812863570146,-0.5225437097399336,-0.25721846177414726,0.027651179818512114,2.0,0.0,2.0,3.905588998895526,3.890367344049091
11.433736562728882,-1.8429673934856003,-0.6403178979250288,2.344756867079192,-0.5230516615079862,-0.25805257820062305,0.027464381217564005,2.0,0.0,2.0,3.911171524645128,3.8959473042889887
11.443696975708008,-1.8482004272878636,-0.6429026017501416,2.3450306618058665,-0.5235542113832848,-0.25888852055910033,0.02730208636846177,2.0,0.0,2.0,3.916760963028225,3.9015343499597175
11.453678607940674,-1.8534384590411752,-0.6454956737605464,2.3453029196511777,-0.5240511915569901,-0.25972614120495724,0.02714872428800037,2.0,0.0,2.0,3.9223572923410277,3.9071284369036565
11.463776111602783,-1.8586814324573926,-0.6480971305168243,2.3455737034377435,-0.5245425539408008,-0.26056551468318645,0.027012135249307238,2.0,0.0,2.0,3.9279604723422628,3.9127295188621942
11.47373104095459,-1.8639292900579596,-0.6507069883672898,2.345843042761928,-0.525027963522415,-0.26140628912752606,0.026851575338037868,2.0,0.0,2.0,3.933570458693306,3.918337548409764
11.483665227890015,-1.8691819721186518,-0.6533252621457826,2.346110775690922,-0.5255074676926487,-0.2622487821710472,0.02669922925769742,2.0,0.0,2.0,3.9391871878060334,3.923952475696645
11.493836164474487,-1.874439418440178,-0.6559519686147672,2.346376911778925,-0.5259807399680787,-0.2630927562000505,0.026523298381594628,2.0,0.0,2.0,3.944810611082129,3.9295742507672067
11.503669738769531,-1.8797015660900038,-0.6585871233060353,2.346641264204243,-0.5264477534228096,-0.2639385234009846,0.026352195275065302,2.0,0.0,2.0,3.9504406598447805,3.9352028208093346
11.513729333877563,-1.8849683516985032,-0.6612307446607595,2.3469039087102046,-0.5269082614521021,-0.2647860268798846,0.026173980682637845,2.0,0.0,2.0,3.9560772885855027,3.94083813311123
11.523637294769287,-1.8902397094716406,-0.6638828505356901,2.347164801870412,-0.5273621957758824,-0.26563550423951504,0.026009432806456248,2.0,0.0,2.0,3.9617204389056924,3.946480132521306
11.533713102340698,-1.8955155723876242,-0.6665434602521911,2.347424002370385,-0.5278092180291774,-0.2664867340950586,0.0258272306606105,2.0,0.0,2.0,3.9673700604484203,3.95212876297312
11.543658971786499,-1.9007958706954171,-0.6692125923825434,2.3476813910713514,-0.5282492822440081,-0.2673400841933546,0.025654993941004733,2.0,0.0,2.0,3.9730260845273957,3.957783965635035
11.553683757781982,-1.9060805337201896,-0.6718902686657284,2.347937033661759,-0.5286821016430805,-0.2681955437425551,0.025471731953876482,2.0,0.0,2.0,3.9786884583275492,3.9634456813529697
11.563747882843018,-1.911369488560165,-0.6745765121635607,2.3481908962650277,-0.529107662420249,-0.2690536602608021,0.02530776259141638,2.0,0.0,2.0,3.9843571184124555,3.9691138490602866
11.573718070983887,-1.9166626620626561,-0.6772713513606115,2.348443200268326,-0.5295257787459934,-0.2699146729051442,0.025152624362671138,2.0,0.0,2.0,3.9900320243806053,3.9747884084274925
11.583673477172852,-1.9219599791657358,-0.6799748167970636,2.3486940247658645,-0.52993639654857,-0.2707790190102764,0.025018470581112846,2.0,0.0,2.0,3.9957131219049393,3.9804692976652767
11.59370470046997,-1.92726136386734,-0.6826869420723592,2.348943461556207,-0.5303392255046085,-0.2716465533122035,0.024861888109178915,2.0,0.0,2.0,4.0014003574203985,3.9861564546566997
11.603672742843628,-1.932566737883971,-0.6854077597349327,2.3491912647858917,-0.5307343058776539,-0.27251762317707395,0.02470355994083283,2.0,0.0,2.0,4.007093645576431,3.9918498149374604
11.613690614700317,-1.937876023721648,-0.6881373059039093,2.349437462322472,-0.5311215399021993,-0.2733921684769357,0.02453127709329414,2.0,0.0,2.0,4.01279292638592,3.9975493155155086
11.623674869537354,-1.9431891426497299,-0.6908756153210847,2.3496819118229193,-0.5315009496690067,-0.2742703489754544,0.024362350322672335,2.0,0.0,2.0,4.01849812367906,4.003254892029235
11.63372254371643,-1.9485060161080683,-0.693622724355081,2.349924659949325,-0.5318724121990802,-0.27515205040413143,0.024186898702394304,2.0,0.0,2.0,4.024209178288825,4.008966480651013
11.643715858459473,-1.9538265644801274,-0.6963786691788673,2.3501657422471243,-0.53223594008546,-0.27603758730348715,0.02403696907307772,2.0,0.0,2.0,4.029926029087822,4.014684016566691
11.653664827346802,-1.9591507070750769,-0.6991434872161686,2.350405287780024,-0.5325911608716467,-0.2769265585425689,0.02386396210688772,2.0,0.0,2.0,4.035648622310181,4.020407434209854
11.663702249526978,-1.964478359554503,-0.7019172126803062,2.350643000688619,-0.5329379286948203,-0.2778192100326963,0.023682596187793555,2.0,0.0,2.0,4.041376863244106,4.026136663953778
11.673710346221924,-1.969809436737683,-0.7046998842052562,2.3508789192924078,-0.5332760460867104,-0.2787157472178275,0.02350035298593045,2.0,0.0,2.0,4.047110686256835,4.031871636202033
11.683687925338745,-1.975143851325104,-0.7074915417824699,2.3511130905295023,-0.5336054088523925,-0.27961650163429846,0.02334000684855756,2.0,0.0,2.0,4.052850024706403,4.037612279605549
11.693730115890503,-1.9804815149899249,-0.710292227692437,2.3513457106086233,-0.5339258270595261,-0.28052136183374005,0.023184610486132656,2.0,0.0,2.0,4.058594824352371,4.043358522305037
11.703664302825928,-1.9858223382222566,-0.7131019832954398,2.3515768761216598,-0.5342373488351112,-0.2814304826252545,0.02305533643679558,2.0,0.0,2.0,4.064345021067342,4.049110291218482
11.713693380355835,-1.9911662317862155,-0.7159208489726381,2.351806695501256,-0.534539861840576,-0.2823431924834427,0.02290029162306344,2.0,0.0,2.0,4.07010055192053,4.054867513463822
11.723684310913086,-1.9965131063490378,-0.7187488588714697,2.3520348642093447,-0.5348336317964622,-0.2832593841183133,0.022736441066551566,2.0,0.0,2.0,4.075861317190217,4.06063011506203
11.733695983886719,-2.001862876174384,-0.7215860468885917,2.3522613722140933,-0.535118955856835,-0.28417871655273963,0.022564400171373792,2.0,0.0,2.0,4.081627246224374,4.066398025620096
11.743694543838501,-2.007215458839924,-0.7244324433795943,2.352486231375105,-0.5353962865589748,-0.2851010820787024,0.02241416512674357,2.0,0.0,2.0,4.087398272972138,4.072171177466217
11.753669500350952,-2.0125707759919185,-0.727288075636752,2.3527095689020903,-0.5356658762826264,-0.2860256722212293,0.022247352517047028,2.0,0.0,2.0,4.093174344845684,4.077949506468636
11.763728857040405,-2.0179287521156843,-0.7301529635189155,2.352931193362918,-0.5359281824802519,-0.28695225064934105,0.022082801127054734,2.0,0.0,2.0,4.098955383321699,4.083732950036444
11.773726463317871,-2.023289316468645,-0.7330271256327632,2.353151193605124,-0.5361835541369416,-0.28788038657790255,0.021914960905812565,2.0,0.0,2.0,4.10474133855824,4.089521450111757
11.783676147460938,-2.028652401264807,-0.7359105760780822,2.3533695490883813,-0.5364323361289713,-0.2888099544149276,0.021762147661986274,2.0,0.0,2.0,4.1105321534350265,4.095314950794417
11.793717861175537,-2.0340179414817157,-0.7388033275354334,2.3535863664697865,-0.5366746290264414,-0.28974045271745036,0.02159673244246936,2.0,0.0,2.0,4.1163277842668355,4.101113398697214
11.803675889968872,-2.0393858727716205,-0.7417053884952162,2.353801517475345,-0.5369105876814954,-0.2906719334476369,0.02143848760932745,2.0,0.0,2.0,4.122128167128921,4.106916740386855
11.813706636428833,-2.0447561320996677,-0.744616769120476,2.354015145487873,-0.5371402192506158,-0.2916043480181485,0.021288757549308028,2.0,0.0,2.0,4.127933263056475,4.112724924063519
11.823696851730347,-2.050128655970548,-0.7475374792859031,2.3542273932751683,-0.5373634830231758,-0.29253787787949387,0.021165701737960126,2.0,0.0,2.0,4.1337430325308615,4.118537897464453
11.833719730377197,-2.0555033793588104,-0.7504675282454302,2.3544383197205154,-0.5375800643152933,-0.29347201277232066,0.021014227881385107,2.0,0.0,2.0,4.139557427241208,4.124355606751379
11.843685150146484,-2.0608802346792974,-0.7534069229624499,2.3546477065180826,-0.5377898647885965,-0.2944071491674958,0.02086885283356688,2.0,0.0,2.0,4.14537637226287,4.130177995193032
11.853660106658936,-2.0662591530403756,-0.756355673637383,2.354855605420883,-0.5379926042725597,-0.2953430901063874,0.020704394005089107,2.0,0.0,2.0,4.151199815165095,4.136005005404138
11.86374545097351,-2.0716400626843443,-0.7593137881278585,2.3550617887808802,-0.5381881165687509,-0.29628002437660683,0.02053682568504337,2.0,0.0,2.0,4.157027676447383,4.141836576797454
11.873692750930786,-2.0770228908580135,-0.7622812780028825,2.3552663930161137,-0.5383762601042998,-0.2972180531126586,0.020377965720408137,2.0,0.0,2.0,4.162859907489156,4.1476726485312145
11.8836669921875,-2.0824075627959577,-0.7652581520032371,2.35546932873747,-0.5385568761098692,-0.2981569213587186,0.020213325537217646,2.0,0.0,2.0,4.168696437935258,4.1535131573140625
11.893661499023438,-2.087794002915654,-0.7682444184078234,2.355670636980492,-0.538729865646048,-0.29909643247236173,0.02004709604121514,2.0,0.0,2.0,4.174537207727112,4.159358039011304
11.903693437576294,-2.093182134511607,-0.7712400825307093,2.3558703414144433,-0.5388951688968032,-0.3000364722161924,0.019898660825740253,2.0,0.0,2.0,4.18038215371339,4.165207227880381
11.913744688034058,-2.09857188005747,-0.7742451470500952,2.356068520002553,-0.5390526276986275,-0.30097638313767805,0.01973414303598832,2.0,0.0,2.0,4.186231216101812,4.171060656922703
11.923653364181519,-2.1039631609939575,-0.7772596099712025,2.3562650812580292,-0.5392022597120822,-0.3019161996697037,0.019583646936941312,2.0,0.0,2.0,4.192084318833758,4.176918257290667
11.933729887008667,-2.1093558990103016,-0.7802834695742603,2.3564601849023052,-0.5393440348555891,-0.3028556477911434,0.019437680285979624,2.0,0.0,2.0,4.1979414075284796,4.182779960459504
11.943698644638062,-2.1147500157108796,-0.7833167221240225,2.3566539241112525,-0.539478013988302,-0.3037948398784002,0.019316722466279145,2.0,0.0,2.0,4.203802421681561,4.188645697472132
11.953673601150513,-2.1201454331181866,-0.786359363510653,2.3568464078016937,-0.5396041642967273,-0.30473328054461163,0.019172727051976143,2.0,0.0,2.0,4.209667302458295,4.194515399736367
11.963759183883667,-2.1255420734016393,-0.7894113861966603,2.3570373787235255,-0.5397226319185888,-0.30567123709167504,0.019026272588021233,2.0,0.0,2.0,4.21553595950382,4.200388998183862
11.973737955093384,-2.130939860479803,-0.7924727864243992,2.3572268627164266,-0.5398335300859799,-0.3066087167748889,0.01886577804413516,2.0,0.0,2.0,4.221408328931278,4.206266426193679
11.983652114868164,-2.1363387193631747,-0.7955435600655332,2.3574147135455523,-0.5399370308931448,-0.30754602557333377,0.018708048952305288,2.0,0.0,2.0,4.227284333318919,4.212147618171131
11.9937002658844,-2.141738576825296,-0.7986237062252095,2.3576009798976356,-0.5400332625705235,-0.30848319987536826,0.018545214245893008,2.0,0.0,2.0,4.233163914110989,4.218032510887952
12.003689527511597,-2.147139360964835,-0.8017132249932047,2.3577857142401966,-0.5401223923081232,-0.3094206109970681,0.01840723264849652,2.0,0.0,2.0,4.23904701456674,4.223921042632405
12.013702630996704,-2.152541000983114,-0.8048121171329159,2.3579689887525825,-0.5402044351438384,-0.3103577586421392,0.018241741160049715,2.0,0.0,2.0,4.244933580827661,4.229813152933567
12.023651838302612,-2.157943426418981,-0.8079203801941991,2.3581505588455554,-0.5402794979883871,-0.31129488119174387,0.018076016470015957,2.0,0.0,2.0,4.250823532074149,4.235708781070054
12.03371810913086,-2.1633465677666885,-0.8110380140173283,2.3583304726113283,-0.54034761679203,-0.31223185563892936,0.017906908664839957,2.0,0.0,2.0,4.256716813592102,4.241607867721371
12.04372787475586,-2.1687503557460985,-0.8141650174349817,2.3585087947251755,-0.5404088300057448,-0.31316885056248794,0.017765400713268473,2.0,0.0,2.0,4.262613372104421,4.247510353624595
12.053668737411499,-2.1741547211934202,-0.817301390043835,2.3586858233195405,-0.5404630961675199,-0.31410559557249235,0.017641327707959772,2.0,0.0,2.0,4.268513174218785,4.253416179805229
12.063689708709717,-2.179559594375611,-0.8204471281960144,2.358861710359965,-0.5405103719837139,-0.31504197832488745,0.01754229468261707,2.0,0.0,2.0,4.27441617303051,4.2593252861342155
12.073729515075684,-2.1849649048833215,-0.8236022255885875,2.35903653684793,-0.5405505357324351,-0.31597726538315357,0.01741463074235255,2.0,0.0,2.0,4.280322314486526,4.265237611329471
12.083659172058105,-2.1903705812630796,-0.8267666700153985,2.3592099876361012,-0.5405835471052914,-0.31691146814365456,0.017278472198876373,2.0,0.0,2.0,4.2862315091675764,4.271153091960464
12.093683004379272,-2.1957765517221275,-0.8299404502153241,2.359382020218668,-0.5406093355620416,-0.3178443369282337,0.017125154761981502,2.0,0.0,2.0,4.2921436904350365,4.277071664455115
12.10369348526001,-2.2011827437573737,-0.8331235528355111,2.359552534565677,-0.5406278581180685,-0.318776012829921,0.016983169648730194,2.0,0.0,2.0,4.2980587857597525,4.282993264147633
12.113687515258789,-2.206589084416795,-0.8363159651142984,2.3597216226583884,-0.540639047769636,-0.3197061612881009,0.01683078077413123,2.0,0.0,2.0,4.303976738372034,4.288917826053512
12.12367558479309,-2.21199550023428,-0.8395176715253155,2.35988919751938,-0.5406428914639205,-0.3206349125003731,0.016688729678582124,2.0,0.0,2.0,4.30989747549617,4.294845284151354
12.13370966911316,-2.217401917614232,-0.8427286573077866,2.360055298403618,-0.5406393525649738,-0.3215619540561886,0.01652771960572198,2.0,0.0,2.0,4.315820934938394,4.300775572445509
12.143702983856201,-2.2228082626622374,-0.8459489059616083,2.360219789556549,-0.5406284250723629,-0.3224875708121933,0.016374749722013734,2.0,0.0,2.0,4.321747039276393,4.306708624309997
12.153662919998169,-2.2282144613784296,-0.8491784032655124,2.3603827337680157,-0.5406100807519639,-0.32341164035660425,0.016212948053386585,2.0,0.0,2.0,4.327675728006936,4.312644373465339
12.16370439529419,-2.2336204395160353,-0.8524171349268551,2.360544129413779,-0.5405843074208271,-0.3243345367338512,0.01607324763193053,2.0,0.0,2.0,4.333606934997635,4.318582753381584
12.173713445663452,-2.239026122633702,-0.8556650887332259,2.3607041051003783,-0.5405510709504194,-0.32525594678963304,0.015915090979123133,2.0,0.0,2.0,4.339540605165944,4.3245236977553665
12.1836576461792,-2.244431436082612,-0.8589222497118614,2.3608624314194024,-0.5405103788255566,-0.32617608838563716,0.01575484600179044,2.0,0.0,2.0,4.3454766529192534,4.330467139542383
12.193766355514526,-2.249836305448649,-0.862188606015896,2.361019168582019,-0.5404622595700359,-0.3270949433428675,0.015590642827879135,2.0,0.0,2.0,4.351415017616306,4.3364130125546225
12.203681707382202,-2.255240656622624,-0.865464144983804,2.3611743112192176,-0.540406744292955,-0.3280127024000602,0.015444740650903893,2.0,0.0,2.0,4.357355633306899,4.342361250751333
12.213734149932861,-2.2606444157446526,-0.8687488560420223,2.3613280959810634,-0.5403438514296649,-0.32892930056023,0.015313222404629494,2.0,0.0,2.0,4.363298454751372,4.34831178876244
12.223666429519653,-2.2660475090401975,-0.872042727520168,2.361480669147279,-0.5402735747677794,-0.329844821298883,0.015206133078839102,2.0,0.0,2.0,4.369243429036205,4.35426456109512
12.233768701553345,-2.27144986254246,-0.8753457466409672,2.3616320733784804,-0.5401958865741137,-0.33075872547183627,0.015068969206704634,2.0,0.0,2.0,4.3751904942382165,4.360219501857268
12.243682861328125,-2.276851401821369,-0.8786578977641137,2.3617820691801077,-0.5401107128496477,-0.3316713258635344,0.014935571755222128,2.0,0.0,2.0,4.381139564102575,4.366176544136146
12.253682136535645,-2.2822520515594547,-0.8819791677793958,2.3619307025822716,-0.5400179648882297,-0.33258238863543405,0.014785412449977654,2.0,0.0,2.0,4.3870905756496175,4.372135620664345
12.263697862625122,-2.287651735478122,-0.885309540819173,2.362077785425581,-0.5399175250213705,-0.33349201585212407,0.014635719983375218,2.0,0.0,2.0,4.393043445097338,4.378096662685054
12.273699760437012,-2.2930503760518492,-0.8886490026079787,2.3622233815342475,-0.539809280205677,-0.3344000583092952,0.014481724856370814,2.0,0.0,2.0,4.398998108579406,4.384059600547771
12.28369665145874,-2.2984478946298714,-0.8919975371950756,2.3623674915272375,-0.539693101738099,-0.33530662759595603,0.014345370745842937,2.0,0.0,2.0,4.404954495579472,4.390024363168166
12.293713331222534,-2.3038442113432094,-0.8953551284192159,2.3625101827607033,-0.5395688939254624,-0.3362112884427678,0.014188732533644064,2.0,0.0,2.0,4.410912539838468,4.39599087823201
12.303677558898926,-2.3092392452944326,-0.8987217575034232,2.3626513010209154,-0.5394365250564206,-0.3371142800907369,0.014039214730483555,2.0,0.0,2.0,4.416872155352466,4.401959071890125
12.313705682754517,-2.314632914392243,-0.9020974076903012,2.362790909359618,-0.5392959147579415,-0.33801545848713843,0.013881316515191136,2.0,0.0,2.0,4.422833273234754,4.407928869539351
12.323679208755493,-2.3200251357993373,-0.9054820616729846,2.362929006134578,-0.5391469711959889,-0.33891510948362275,0.013744251162827945,2.0,0.0,2.0,4.428795818441337,4.413900195739551
12.333717584609985,-2.3254158259820983,-0.9088757042099033,2.3630658060655514,-0.5389896719280775,-0.3398131223030474,0.01361725605628965,2.0,0.0,2.0,4.434759733389564,4.4198729747991
12.343689203262329,-2.3308049012831473,-0.912278319239081,2.3632014513111628,-0.5388239913028364,-0.34070963594210335,0.013516639033069537,2.0,0.0,2.0,4.440724954212583,4.425847130745911
12.353662014007568,-2.336192278188989,-0.9156898895617797,2.363335988279164,-0.5386500109953215,-0.34160407325007364,0.013384720643789393,2.0,0.0,2.0,4.446691409087241,4.431822587522144
12.363870859146118,-2.341577873824168,-0.9191103949125873,2.3634691630733244,-0.5384677302593908,-0.3424967504654842,0.01325555255072605,2.0,0.0,2.0,4.452659001655211,4.437799269065238
12.373695135116577,-2.3469616054172593,-0.9225398178711726,2.363601018413391,-0.5382772283257803,-0.34338749014522174,0.013109902634084078,2.0,0.0,2.0,4.458627660516275,4.443777100005082
12.383674144744873,-2.352343391183521,-0.9259781387177003,2.363731369732373,-0.5380785677777152,-0.34427640909193463,0.012964921826082184,2.0,0.0,2.0,4.464597296228334,4.4497560054638905
12.393686771392822,-2.3577231500282303,-0.9294253391760732,2.3638602822994743,-0.5378718755592086,-0.34516332109589815,0.012815896252482549,2.0,0.0,2.0,4.470567840714373,4.455735911540821
12.403656959533691,-2.36310080223883,-0.9328813984399306,2.3639877607807294,-0.5376572524109654,-0.3460481834849362,0.012684935115443436,2.0,0.0,2.0,4.4765392217706,4.461716745161257
12.41373062133789,-2.368476269343936,-0.9363462932660415,2.3641138721495834,-0.5374348905343891,-0.34693028041228047,0.012533021497516873,2.0,0.0,2.0,4.482511372949982,4.467698433951666
12.423682928085327,-2.373849474444268,-0.9398199944153269,2.3642384533478698,-0.5372048516107519,-0.34780945551911485,0.012387448716457226,2.0,0.0,2.0,4.488484209384776,4.4736809058089095
12.433702945709229,-2.3792203411703743,-0.9433024704419315,2.364361566467975,-0.5369672341697191,-0.3486851320686563,0.012234232706706346,2.0,0.0,2.0,4.494457664544323,4.479664088663593
12.443695545196533,-2.384588793769374,-0.946793684887618,2.364483219800709,-0.5367220131203051,-0.3495571352116766,0.012102958319872298,2.0,0.0,2.0,4.500431667041212,4.485647909966971
12.453668117523193,-2.3899547561456744,-0.9502935991811664,2.3646036628442335,-0.5364691942360008,-0.35042500091182255,0.011988319640011886,2.0,0.0,2.0,4.506406164185621,4.491632296354046
12.463714361190796,-2.395318152095532,-0.9538021703895315,2.3647230980211833,-0.5362087150764988,-0.351288479990805,0.011903556642697214,2.0,0.0,2.0,4.51238109833494,4.497617173390846
12.473714828491211,-2.400678905317953,-0.9573193505974147,2.364841562916809,-0.5359406689843917,-0.35214664256462,0.011782403065516625,2.0,0.0,2.0,4.51835639727216,4.503602465442379
12.483684778213501,-2.4060369399841597,-0.960845085713302,2.3649587505910885,-0.5356649859884439,-0.3529995118865639,0.011658641878457273,2.0,0.0,2.0,4.524331960066303,4.509588095962244
12.49366044998169,-2.411392179978264,-0.9643793215659145,2.3650746432623833,-0.5353817682235039,-0.3538466850733694,0.011516511761929651,2.0,0.0,2.0,4.53030770881962,4.5155739880371035
12.503690958023071,-2.4167445505243474,-0.967922000422341,2.365189118461767,-0.5350911103880234,-0.35468814401390886,0.011383849945436151,2.0,0.0,2.0,4.53628355768585,4.521560065230595
12.513685464859009,-2.4220939784053166,-0.9714730637346417,2.365302269027815,-0.5347933038335044,-0.35552345628762605,0.011243279059939163,2.0,0.0,2.0,4.542259439438417,4.527546252376725
12.523650169372559,-2.4274403936527644,-0.9750324488596932,2.3654140411458657,-0.5344886236831856,-0.3563525275140464,0.011115940369899888,2.0,0.0,2.0,4.5482352772414965,4.533532476521755
12.533725261688232,-2.4327837295641053,-0.9786000912462741,2.365524484644299,-0.534177521842473,-0.3571747863487863,0.010968738449640008,2.0,0.0,2.0,4.554211005273027,4.539518667400265
12.54369306564331,-2.4381239236547887,-0.9821759219195937,2.365633451298033,-0.5338602932673407,-0.35799022939315295,0.010830157300458925,2.0,0.0,2.0,4.56018654487113,4.545504757814646
12.553663969039917,-2.443460916309088,-0.9857598717604232,2.3657410382746984,-0.5335373071747654,-0.35879851684955394,0.01068404980013958,2.0,0.0,2.0,4.56616183973124,4.551490683231103
12.563699007034302,-2.448794651250228,-0.9893518686326966,2.3658471836650734,-0.5332087617818125,-0.3595996926272597,0.0105501930297782,2.0,0.0,2.0,4.572136823275886,4.557476381612926
12.57370114326477,-2.45412507371667,-0.9929518411834898,2.365952017815426,-0.532874843869939,-0.36039360680603605,0.01041671985715123,2.0,0.0,2.0,4.578111445843623,4.563461792457696
12.583647727966309,-2.4594521301792196,-0.9965597172859252,2.3660556047232033,-0.5325355489216987,-0.3611804470817283,0.010305652892120754,2.0,0.0,2.0,4.584085653347486,4.5694468561825925
12.593682527542114,-2.464775767244912,-1.0001754250231993,2.3661580111967635,-0.5321909820812497,-0.3619598619773221,0.010171097099821728,2.0,0.0,2.0,4.590059391964477,4.575431513267107
12.60368037223816,-2.4700959316386184,-1.0037988908823334,2.3662590606380465,-0.5318409700088378,-0.36273215373175355,0.010043040507110692,2.0,0.0,2.0,4.596032588101198,4.581415703839668
12.613785982131958,-2.475412568376351,-1.007430043717902,2.3663587903639254,-0.5314854479798014,-0.36349721250415284,0.009900252899399848,2.0,0.0,2.0,4.602005183987017,4.587399366761788
12.623682022094727,-2.4807256214136655,-1.0110688121042644,2.366457120526235,-0.5311241766917136,-0.3642553465221245,0.00977191300140806,2.0,0.0,2.0,4.607977111313291,4.5933824396845955
12.633739233016968,-2.4860350325797373,-1.0147151268842654,2.3665541630187623,-0.5307570813960764,-0.3650064198213304,0.009632123923098476,2.0,0.0,2.0,4.613948315346285,4.599364858571283
12.643805265426636,-2.4913407428867105,-1.0183689179000477,2.366649797707577,-0.5303839459818778,-0.36575069801878113,0.009500728160388721,2.0,0.0,2.0,4.619918721776181,4.605346558258028
12.653668642044067,-2.496642690575636,-1.0220301194129895,2.3667442961426164,-0.5300045295398648,-0.3664885548025581,0.009405884139989064,2.0,0.0,2.0,4.625888285556382,4.6113274717476544
12.663745403289795,-2.501940811888778,-1.0256986684624083,2.3668380768117077,-0.529618650542421,-0.36722022124145165,0.00935552871338496,2.0,0.0,2.0,4.631856971759195,4.617307530610816
12.67369270324707,-2.50723504287873,-1.0293745007427444,2.3669311653425025,-0.5292264989820455,-0.36794510883950987,0.009251688491770303,2.0,0.0,2.0,4.637824713659735,4.623286665839942
12.683704614639282,-2.512525320174433,-1.0330575497903676,2.3670230767510847,-0.5288278550388252,-0.3686637076488559,0.009133423350726968,2.0,0.0,2.0,4.643791404150501,4.629264808411184
12.693720817565918,-2.51781157833623,-1.0367477541668704,2.3671137449322104,-0.5284226918048142,-0.36937615031311005,0.008996801424153782,2.0,0.0,2.0,4.649756968362659,4.635241888307336
12.703660249710083,-2.5230937520191543,-1.0404450533303087,2.367203040503118,-0.5280109426317321,-0.37008273122357843,0.008865887225565472,2.0,0.0,2.0,4.655721326659163,4.641217835714482
12.71374225616455,-2.5283717756810122,-1.0441493890380473,2.3672910305365202,-0.5275927139292667,-0.3707834433902943,0.008733137566736219,2.0,0.0,2.0,4.6616844151578425,4.647192581055033
12.72368311882019,-2.5336455846100154,-1.047860703527456,2.36737781957911,-0.5271679964691971,-0.37147851830327394,0.008630666941975054,2.0,0.0,2.0,4.667646173733571,4.653166055585267
12.73371934890747,-2.53891511543799,-1.0515789383043597,2.3674634612090957,-0.5267371720839705,-0.37216737825035984,0.008488709240376579,2.0,0.0,2.0,4.673606539275697,4.6591381916226515
12.743738889694214,-2.5441803078262186,-1.0553040308295545,2.367547555573783,-0.5263002900402881,-0.37285013956830826,0.008332685486615673,2.0,0.0,2.0,4.679565414985557,4.665108923435839
12.753690481185913,-2.5494411013262015,-1.059035920942733,2.367630127600928,-0.5258574151718958,-0.37352688895699115,0.008185082247216051,2.0,0.0,2.0,4.685522737859999,4.671078185631577
12.763696432113647,-2.5546974361097217,-1.0627745491637068,2.367711401507585,-0.5254085420773382,-0.3741977906530908,0.008078619185086604,2.0,0.0,2.0,4.691478461173329,4.6770459134858395
12.773713111877441,-2.5599492535954367,-1.06651985509531,2.3677915578441957,-0.5249540484992047,-0.3748622877699596,0.007942007681963688,2.0,0.0,2.0,4.697432535619811,4.683012043191657
12.783660650253296,-2.565196498441518,-1.0702717739816816,2.367870190210484,-0.5244939715538811,-0.37552048872406785,0.0077877285248099115,2.0,0.0,2.0,4.703384867987106,4.688976513010552
12.793664932250977,-2.570439114428604,-1.074030244516352,2.367947311381148,-0.5240282979971914,-0.37617261372605976,0.007637147605056653,2.0,0.0,2.0,4.70933539778039,4.694939261037865
12.803665399551392,-2.5756770455352225,-1.0777952069816248,2.3680230335652306,-0.5235569751257896,-0.3768189384932252,0.007513953376202152,2.0,0.0,2.0,4.715284072721925,4.700900225832337
12.813742637634277,-2.580910235514031,-1.081566603857223,2.368097597823936,-0.523080095011942,-0.3774594872980366,0.007400332622773903,2.0,0.0,2.0,4.721230850735878,4.706859346147541
12.823675870895386,-2.586138628542428,-1.0853443785715358,2.368171144944672,-0.5225975627779983,-0.37809456288045273,0.007314251316617947,2.0,0.0,2.0,4.727175682400192,4.712816561283269
12.83370041847229,-2.59136216885218,-1.089128475770321,2.3682437232478537,-0.5221095938737622,-0.3787239346674628,0.007194551742871722,2.0,0.0,2.0,4.733118511300158,4.718771810789412
12.843758583068848,-2.5965808015842398,-1.0929188397147849,2.3683150375879203,-0.5216159839918167,-0.3793480258122671,0.007073041951600235,2.0,0.0,2.0,4.7390592550220045,4.7247250349302155
12.85365891456604,-2.601794469695897,-1.096715419068942,2.3683851314112885,-0.5211166944647398,-0.37996699703571474,0.006942409581266632,2.0,0.0,2.0,4.744997856352752,4.730676172784109
12.863690853118896,-2.6070031159960747,-1.1005181637677077,2.368453931447661,-0.5206115713973767,-0.3805811871300094,0.006823458775300483,2.0,0.0,2.0,4.750934249090323,4.736625163508317
12.873708724975586,-2.612206681999967,-1.1043270267629586,2.3685215386840026,-0.5201006763263845,-0.38119061529746,0.006693852317510831,2.0,0.0,2.0,4.756868379932147,4.742571945635012
12.883680820465088,-2.6174051098740594,-1.1081419611786365,2.368587847439576,-0.5195838944309359,-0.38179556383040486,0.006574369858132107,2.0,0.0,2.0,4.762800180156213,4.748516458307364
12.893727779388428,-2.622598340154532,-1.111962923722414,2.368653089734719,-0.5190611919301464,-0.382396219736807,0.00647473992414475,2.0,0.0,2.0,4.768729606373556,4.754458639859299
12.903655290603638,-2.6277863141974045,-1.115789871549103,2.368717425616806,-0.5185326540266542,-0.3829926423574246,0.006396780165032467,2.0,0.0,2.0,4.774656610404339,4.760398429472512
12.913711071014404,-2.6329689753672882,-1.119622760933668,2.3687808959557017,-0.517998696672745,-0.3835844555310046,0.006292703590109682,2.0,0.0,2.0,4.780581136508243,4.7663357680210225
12.923648118972778,-2.6381462702153464,-1.1234615456853982,2.368843317695513,-0.5174593847111629,-0.38417174886795413,0.006195851282663928,2.0,0.0,2.0,4.786503114127785,4.772270598839335
12.933717250823975,-2.643318146666584,-1.1273061794257846,2.368904689439701,-0.5169150980646112,-0.38475417130907497,0.006073210281012775,2.0,0.0,2.0,4.792422487972587,4.778202866490158
12.943681240081787,-2.648484555716704,-1.1311566131597943,2.368964791761927,-0.5163658856522296,-0.38533179202897044,0.005950646277675028,2.0,0.0,2.0,4.798339188280856,4.784132517837677
12.953657150268555,-2.653645448521759,-1.1350127989437107,2.3690236682155836,-0.5158118759750155,-0.385904566515802,0.005825284117629798,2.0,0.0,2.0,4.8042531658954655,4.790059500080695
12.963703393936157,-2.6588007767772717,-1.13887468927672,2.369081405341432,-0.5152529378370037,-0.3864727660687856,0.0057300281610826115,2.0,0.0,2.0,4.810164375501575,4.795983760979143
12.973708629608154,-2.6639504918988073,-1.1427422381014845,2.3691381393178,-0.514689327392906,-0.38703619071585005,0.005607175055406709,2.0,0.0,2.0,4.816072775563439,4.801905248297213
12.98366928100586,-2.6690945471944887,-1.146615398320974,2.3691935062578153,-0.5141208908322544,-0.38759516809405475,0.005468677318234293,2.0,0.0,2.0,4.821978287733263,4.807823911324963
12.993675708770752,-2.674232892915057,-1.1504941279888319,2.369247511655807,-0.5135473866225103,-0.38815013511220603,0.005334836229518335,2.0,0.0,2.0,4.827880860233593,4.81373969754762
13.003678560256958,-2.6793654768630453,-1.1543783894775161,2.3693003311886094,-0.5129684726356303,-0.3887016279478134,0.005237687236513732,2.0,0.0,2.0,4.833780452892585,4.819652553053013
13.013699054718018,-2.684492244487956,-1.1582681492681022,2.369352246360898,-0.5123841562481433,-0.38924978271141986,0.0051423327812865575,2.0,0.0,2.0,4.8396770322169855,4.8255624225862785
13.023658990859985,-2.6896131412984046,-1.162163375338546,2.3694032166174352,-0.5117942520302892,-0.3897949780043275,0.005055309851189067,2.0,0.0,2.0,4.845570540448698,4.83146925127512
13.033720970153809,-2.694728111208755,-1.1660640392081576,2.369453254481739,-0.5111987969485143,-0.39033734890265515,0.004949261646585635,2.0,0.0,2.0,4.8514609231607055,4.837372983521963
13.043700695037842,-2.699837097827417,-1.1699701144663301,2.369502256956158,-0.5105975327706187,-0.3908773492338903,0.004857463277013219,2.0,0.0,2.0,4.857348117312047,4.843273563908939
13.053662538528442,-2.7049400431821793,-1.1738815780884635,2.3695503052161815,-0.5099906159577947,-0.39141497132665454,0.004745214434133242,2.0,0.0,2.0,4.863232073158751,4.849170936285356
13.063669443130493,-2.7100368910222183,-1.177798406804394,2.369597152424849,-0.5093779802529542,-0.39195044625948877,0.004627260839532593,2.0,0.0,2.0,4.869112717625437,4.85506504609992
13.073698282241821,-2.7151275840192226,-1.1817205800139539,2.3696428135889707,-0.5087596746477069,-0.39248386131565327,0.0045053329013625696,2.0,0.0,2.0,4.874989997163629,4.86095583839305
13.083670854568481,-2.720212065227039,-1.1856480778727638,2.3696873576594615,-0.5081356003535175,-0.39301540955546216,0.004409972215255428,2.0,0.0,2.0,4.88086386285169,4.866843258753901
13.094058990478516,-2.725290277705141,-1.1895808812216477,2.369730994642599,-0.5075059833981777,-0.39354490937873465,0.004317201076858301,2.0,0.0,2.0,4.886734276584129,4.872727252939856
13.103668451309204,-2.7303621663490656,-1.193518969353183,2.3697737772022207,-0.5068708233781127,-0.3940723753815229,0.004243585814696368,2.0,0.0,2.0,4.892601189688253,4.878607768106851
13.11371660232544,-2.735427677188031,-1.1974623204054036,2.369815733241011,-0.5062304944627785,-0.39459741789032726,0.004142624771467884,2.0,0.0,2.0,4.89846455241045,4.884484752219945
13.123684883117676,-2.7404867586439163,-1.2014109098889953,2.369856657870505,-0.5055849100815367,-0.39512009118352226,0.004046235166163708,2.0,0.0,2.0,4.904324299090523,4.890358154908351
13.133721351623535,-2.7455393588976897,-1.2053647132025853,2.36989655626433,-0.5049343168374124,-0.3956401164397743,0.0039296351256083726,2.0,0.0,2.0,4.910180379682324,4.896227925523998
13.143682479858398,-2.750585427985363,-1.2093237035245137,2.3699352861080305,-0.5042786368383977,-0.39615752244033,0.003821745455709996,2.0,0.0,2.0,4.916032734268656,4.902094014652629
13.15369200706482,-2.7556249155327937,-1.2132878539549423,2.369972933355668,-0.5036180804468885,-0.3966720637626105,0.0037040886960871496,2.0,0.0,2.0,4.921881319699478,4.907956372441679
13.163705587387085,-2.760657773169029,-1.21725713527636,2.370009414776055,-0.502952608411934,-0.39718373720275985,0.0035984881248181696,2.0,0.0,2.0,4.927726081433386,4.913814950383858
13.173706293106079,-2.765683951826204,-1.2212315185745692,2.370044908998144,-0.5022823431962476,-0.3976924023179739,0.0034997978329031148,2.0,0.0,2.0,4.933566983971052,4.919669699345047
13.183656454086304,-2.77070340412388,-1.2252109731684901,2.370079481804004,-0.5016073272194872,-0.3981980013288584,0.0034190676621990174,2.0,0.0,2.0,4.93940398446452,4.925520571360114
13.193717241287231,-2.7757160840964623,-1.2291954669099607,2.3701131757586573,-0.5009279561954835,-0.39870015877569687,0.003315792087245209,2.0,0.0,2.0,4.945237039277268,4.931367519438157
13.20366883277893,-2.780721948546062,-1.23318496495412,2.370145841808336,-0.5002442006254366,-0.39919887644539,0.003221766625857546,2.0,0.0,2.0,4.9510660923993886,4.937210498560796
13.21367597579956,-2.7857209550590984,-1.237179431521127,2.370177497778694,-0.499556461449364,-0.3996937799933699,0.003104843258181838,2.0,0.0,2.0,4.95689110081434,4.943049464194214
13.223649263381958,-2.790713064638287,-1.2411788276771392,2.3702079619335374,-0.49886480191243565,-0.4001848031967157,0.0029917931299861906,2.0,0.0,2.0,4.962712009078197,4.948884374277699
13.233705997467041,-2.7956982393068026,-1.2451831135580067,2.370237284320218,-0.4981695532408804,-0.4006716626791882,0.00287227211696781,2.0,0.0,2.0,4.968528779777892,4.954715187453298
13.243682861328125,-2.8006764440093592,-1.2491922468150347,2.3702654983088705,-0.49747081426430684,-0.40115427316186403,0.002777429304415742,2.0,0.0,2.0,4.974341376384119,4.960541864511289
13.253665208816528,-2.805647645323546,-1.2532061837470547,2.370292875672126,-0.49676896237935075,-0.4016323283346026,0.002700662658854735,2.0,0.0,2.0,4.9801497812575,4.966364367420659
13.263699054718018,-2.8106118138161262,-1.2572248774604864,2.370319619018566,-0.4960642891595841,-0.40210559894002806,0.0026545506990395236,2.0,0.0,2.0,4.985953974513089,4.972182661139151
13.273700714111328,-2.815568924656152,-1.2612482774402223,2.3703458157190562,-0.49535760097810394,-0.4025734491679359,0.002575257461676677,2.0,0.0,2.0,4.991753931102829,4.977996714086896
13.28370976448059,-2.820518959787198,-1.2652763278960861,2.370371097439658,-0.4946491100804975,-0.40303572503367235,0.002485816370178622,2.0,0.0,2.0,4.9975495972947295,4.983806499815382
13.293687582015991,-2.825461902017684,-1.2693089724701307,2.3703954774616576,-0.49393915373250025,-0.4034921711051152,0.002381905343775021,2.0,0.0,2.0,5.0033409483205675,4.989611992471691
13.303663969039917,-2.8303977388240606,-1.2733461512813207,2.3704186980126094,-0.49322800139328266,-0.40394259380890135,0.002264249559575501,2.0,0.0,2.0,5.009127942871584,4.995413169720755
13.313678503036499,-2.8353264585857434,-1.277387803906243,2.3704407591834875,-0.4925157734639403,-0.40438691158100293,0.0021507475856790328,2.0,0.0,2.0,5.014910559395073,5.0012100098543915
13.3236825466156,-2.840248050382908,-1.2814338693173188,2.3704618481236963,-0.49180239837572876,-0.40482515087210136,0.002073273318811596,2.0,0.0,2.0,5.020688790552978,5.007002491578079
13.333683013916016,-2.8451625048509848,-1.2854842848905401,2.3704820316214654,-0.49108839859280823,-0.40525686233602737,0.0019541017992869307,2.0,0.0,2.0,5.026462621055565,5.012790594580468
13.343687534332275,-2.85006981503588,-1.2895389852427777,2.3705008919258512,-0.4903734162041256,-0.4056821643035521,0.0018206078637993692,2.0,0.0,2.0,5.0322320014185555,5.018574300056057
13.353659868240356,-2.854969968388748,-1.29359790707489,2.370518445880957,-0.4896569580041119,-0.4061011581470845,0.0016927546433180233,2.0,0.0,2.0,5.0379969092768615,5.024353584208138
13.363694667816162,-2.8598629467561394,-1.2976609878306247,2.370534877358681,-0.4889382765110025,-0.4065139706768988,0.0016021897632443488,2.0,0.0,2.0,5.04375732920707,5.030128417902551
13.373691320419312,-2.8647487254423596,-1.3017281650124997,2.370550453995981,-0.48821699766124343,-0.40692037955896326,0.0015091680895092082,2.0,0.0,2.0,5.049513245475894,5.0358987655908924
13.38364839553833,-2.8696272756926384,-1.3057993741530718,2.370565091582225,-0.4874924305685652,-0.4073203989459849,0.0014234385200945377,2.0,0.0,2.0,5.05526461194739,5.0416645871882695
13.393686532974243,-2.874498562010063,-1.3098745511550873,2.3705788454358636,-0.48676419870547855,-0.40771390374784716,0.0013225400417940885,2.0,0.0,2.0,5.061011386223754,5.047425836087332
13.403680801391602,-2.87936254543479,-1.313953630755403,2.370591569420143,-0.4860317229998714,-0.4081009514506319,0.0012264010146494373,2.0,0.0,2.0,5.066753507414039,5.053182461931013
13.41372036933899,-2.8842191815816896,-1.318036548213107,2.37060332140429,-0.4852947264153922,-0.4084814427005357,0.0011229336681577854,2.0,0.0,2.0,5.072490924387339,5.058934409157331
13.423669815063477,-2.8890684232810147,-1.322123237888935,2.37061410097706,-0.4845527532826207,-0.4088554013005311,0.0010377372673914874,2.0,0.0,2.0,5.07822357872637,5.06468161918293
13.433715105056763,-2.893910220601032,-1.3262136333258479,2.3706239649456755,-0.48380588558959087,-0.40922253600339586,0.0009309224843090678,2.0,0.0,2.0,5.083951413213412,5.070424030445835
13.443688154220581,-2.8987445233908704,-1.3303076658988895,2.370632758299525,-0.48305375253819915,-0.40958285052254795,0.0008338103558484712,2.0,0.0,2.0,5.08967435431051,5.076161580505629
13.453664779663086,-2.903571277775976,-1.3344052672461404,2.3706406673836886,-0.4822962276886402,-0.4099362563969103,0.0007487834172990824,2.0,0.0,2.0,5.095392349741322,5.081894203295042
13.463714361190796,-2.908390429360933,-1.3385063679545097,2.3706478210932462,-0.4815331531569555,-0.41028272766609386,0.0006864480832173206,2.0,0.0,2.0,5.101105342117329,5.0876218318676925
13.473705291748047,-2.913201923630304,-1.3426108976999895,2.3706542609830197,-0.48076482123369946,-0.41062202249530266,0.0005964985050795113,2.0,0.0,2.0,5.106813267211966,5.093344398819629
13.48366665840149,-2.918005707051016,-1.3467187849486124,2.370659781626845,-0.47999089734065936,-0.4109542665827478,0.0005116870746272199,2.0,0.0,2.0,5.112516043401281,5.09906183727162
13.493659973144531,-2.9228017234348975,-1.3508299591899946,2.3706643852521503,-0.4792114515516559,-0.4112794003791088,0.00040464679890030744,2.0,0.0,2.0,5.118213601774861,5.10477407794888
13.503659725189209,-2.927589916384988,-1.3549443498927052,2.3706678984566527,-0.47842611850433486,-0.4115976045820687,0.00030174942307209784,2.0,0.0,2.0,5.12390586040683,5.110481051267598
13.51369047164917,-2.9323702259889424,-1.3590618883051389,2.3706703730642924,-0.4776347775398902,-0.4119089466125911,0.0001929606932408428,2.0,0.0,2.0,5.129592750690191,5.116182684625886
13.523678541183472,-2.9371425902895787,-1.3631825067414864,2.370671852088103,-0.47683696664335207,-0.41221365277937144,0.00010932088742926297,2.0,0.0,2.0,5.135274201585317,5.121878903638517
13.533720254898071,-2.9419069437858236,-1.3673061392764072,2.3706725351306974,-0.47603263280095565,-0.4125117629129407,2.6611572136488224e-05,2.0,0.0,2.0,5.1409501502972885,5.127569630881817
13.543691396713257,-2.9466632199499214,-1.3714327206529575,2.3706724530214007,-0.47522141528438616,-0.41280346280939,-3.721059500646814e-05,2.0,0.0,2.0,5.146620520915817,5.133254788034868
13.55366563796997,-2.951411349822065,-1.375562186986093,2.370671689458213,-0.4744034441353889,-0.4130887323467308,-0.00012181105614678292,2.0,0.0,2.0,5.152285239267964,5.138934294716437
13.563687801361084,-2.9561512652513793,-1.379694474523391,2.3706700286804603,-0.4735784302539999,-0.4133677556626768,-0.00020673561043517416,2.0,0.0,2.0,5.157944210365715,5.14460807128038
13.573684453964233,-2.9608828953955286,-1.3838295213612395,2.3706674613453522,-0.4727464344113136,-0.41364059043216145,-0.00031008047752415527,2.0,0.0,2.0,5.163597351935858,5.150276035905143
13.583665609359741,-2.965606169856024,-1.3879672664853455,2.3706638659666988,-0.47190724216403207,-0.4139074619371264,-0.0004049189902006772,2.0,0.0,2.0,5.1692445742565125,5.155938107361939
13.593688249588013,-2.9703210173132475,-1.3921076509939412,2.3706592993987425,-0.47106110135851553,-0.41416848347924046,-0.0005096151114451541,2.0,0.0,2.0,5.174885800028097,5.161594204032478
13.603640079498291,-2.9750273684251045,-1.3962506177708671,2.370653753613546,-0.4702079524072213,-0.41442398151962545,-0.0005936323413597856,2.0,0.0,2.0,5.180520949602671,5.167244246617761
13.613718032836914,-2.979725154739414,-1.400396112833473,2.3706473867371116,-0.4693482465196318,-0.4146741698051192,-0.0006809550599024203,2.0,0.0,2.0,5.186149956844542,5.172888157459388
13.623650789260864,-2.984414311809975,-1.404544084714068,2.3706401981914937,-0.4684821043298087,-0.41491941171577007,-0.0007525060485118278,2.0,0.0,2.0,5.19177274870509,5.1785258633786295
13.633727550506592,-2.989094777572169,-1.4086944850916385,2.370632232131849,-0.467610090791967,-0.4151598941538208,-0.0008441267701322372,2.0,0.0,2.0,5.197389258408545,5.184157294288579
13.643710851669312,-2.9937664937975885,-1.412847268004017,2.370623367562516,-0.4667321454204278,-0.41539599131856686,-0.0009224111288055363,2.0,0.0,2.0,5.202999411672584,5.189782384385869
13.653683185577393,-2.9984294020462774,-1.4170023908706684,2.3706137322738465,-0.465848606758472,-0.41562789469713973,-0.0010089441352867355,2.0,0.0,2.0,5.20860315262392,5.19540106853878
13.663707971572876,-3.003083447174399,-1.421159812819554,2.370603210692907,-0.4649594538969431,-0.41585586788937345,-0.0010906957266980772,2.0,0.0,2.0,5.214200411639322,5.201013285213159
13.673707723617554,-3.007728573142355,-1.4253194955469723,2.3705918599829503,-0.464064842072351,-0.4160800560269284,-0.0011826471946149864,2.0,0.0,2.0,5.219791131198476,5.206618972678204
13.683669328689575,-3.0123647249603995,-1.4294814020515512,2.3705796104732264,-0.4631645439307491,-0.416300665898171,-0.0012625163380831498,2.0,0.0,2.0,5.225375246098322,5.212218070537591
13.693711042404175,-3.0169918458784535,-1.4336454969412984,2.3705665218303253,-0.46225871343523617,-0.4165177258012107,-0.0013585080997068548,2.0,0.0,2.0,5.23095269904177,5.2178105171145255
13.70366644859314,-3.021609879545898,-1.4378117452250412,2.370552480799194,-0.46134700634807435,-0.41673137298072066,-0.0014456075215201836,2.0,0.0,2.0,5.236523420943182,5.223396251200941
13.713700532913208,-3.0262187668753437,-1.4419801128842815,2.370537537856894,-0.46042947793481576,-0.41694159130160907,-0.0015447154039223904,2.0,0.0,2.0,5.2420873519433755,5.22897520920148
13.723676443099976,-3.030818448389268,-1.4461505660673901,2.3705216587807256,-0.45950576007119565,-0.4171485086384878,-0.0016247282263074133,2.0,0.0,2.0,5.24764442583684,5.234547327170787
13.733718633651733,-3.035408861497856,-1.4503230722397797,2.370505088303342,-0.45857582730456936,-0.41735219353832853,-0.0016864420165769289,2.0,0.0,2.0,5.253194593462234,5.240112538516914
13.743672370910645,-3.039989943811576,-1.4544975995622833,2.3704880424804085,-0.4576395738788177,-0.41755276175281336,-0.0017159922015190874,2.0,0.0,2.0,5.258737803929306,5.245670777017393
13.753657817840576,-3.0445616345098343,-1.4586741166935018,2.370470613730359,-0.4566976714571887,-0.41775012786252247,-0.0017796312969132568,2.0,0.0,2.0,5.264273999206144,5.251221978080921
13.763705015182495,-3.0491238780663634,-1.4628525919658166,2.3704524165402723,-0.45575005296946103,-0.4179444379154256,-0.0018572329179424318,2.0,0.0,2.0,5.269803092602374,5.256766082096579
13.77369213104248,-3.053676617269322,-1.4670329955114965,2.3704333870686214,-0.45479687014331527,-0.4181357855540975,-0.0019513560500015953,2.0,0.0,2.0,5.275325019002077,5.262303028318888
13.783650159835815,-3.0582197964082978,-1.4712152983291813,2.3704134320047765,-0.45383799632056065,-0.41832432079787146,-0.0020356937871101044,2.0,0.0,2.0,5.280839712907804,5.26783275767318
13.793715000152588,-3.0627533594483234,-1.4753994725319775,2.3703926105317503,-0.45287371126145026,-0.4185100592574386,-0.002129563974933021,2.0,0.0,2.0,5.286347119523031,5.273355211073204
13.803688764572144,-3.0672772517162836,-1.479585490615431,2.370370928389119,-0.45190377230526524,-0.4186931219801818,-0.0021995064394287893,2.0,0.0,2.0,5.291847181693446,5.278870330837938
13.813681602478027,-3.071791418094839,-1.4837733256587395,2.370348496780931,-0.45092869431607746,-0.4188734161619763,-0.0022959462142303944,2.0,0.0,2.0,5.297339849364467,5.284378059014783
13.823761463165283,-3.076295808110327,-1.4879629498936304,2.370324970357581,-0.44994839442050505,-0.41905098976286265,-0.0024068944569660476,2.0,0.0,2.0,5.302825044762931,5.28987834186143
13.833714485168457,-3.080790368206678,-1.4921543365338272,2.370300357547661,-0.44896271213411226,-0.4192258997690429,-0.0025131582701364307,2.0,0.0,2.0,5.308302712213988,5.295371122942986
13.843690872192383,-3.0852750433066842,-1.4963474593603288,2.370274837678279,-0.4479713323951008,-0.4193982484685346,-0.002582004831153485,2.0,0.0,2.0,5.313772806644031,5.300856344517545
13.853662967681885,-3.0897497769311855,-1.500542292907349,2.3702487272900505,-0.44697451477372446,-0.4195680343424426,-0.0026415520406686027,2.0,0.0,2.0,5.319235291339781,5.306333947705769
13.863713026046753,-3.094214515205022,-1.504738811889733,2.3702220615193608,-0.44597219479625877,-0.4197353699999603,-0.0026863509168753813,2.0,0.0,2.0,5.324690112463683,5.311803876173599
13.873716354370117,-3.098669203979327,-1.5089369922208997,2.370194893643988,-0.4449647290175587,-0.4199003021587404,-0.0027536423850021575,2.0,0.0,2.0,5.33013721750012,5.317266073660395
13.883658170700073,-3.1031137918182923,-1.5131368106388727,2.370166999354159,-0.44395189771748483,-0.4200630412456255,-0.002820222174214361,2.0,0.0,2.0,5.335576537485646,5.322720486739507
13.893673419952393,-3.1075482250421635,-1.517338246125954,2.3701383970315995,-0.4429339214911776,-0.42022372161728005,-0.002906475106797164,2.0,0.0,2.0,5.341008018833623,5.328167060470977
13.903699159622192,-3.1119724525839745,-1.5215412789173628,2.37010886874965,-0.44191066559726366,-0.42038255046226836,-0.0029949765912415855,2.0,0.0,2.0,5.3464315944519525,5.333605742781041
13.913719892501831,-3.116386421246985,-1.5257458913595414,2.370078460388788,-0.4408822168064887,-0.420539658484064,-0.0030884504933438943,2.0,0.0,2.0,5.351847214127547,5.339036480163911
13.92367434501648,-3.1207900789695953,-1.5299520668577558,2.3700471707154134,-0.439848420295337,-0.42069518838172143,-0.003164365026272529,2.0,0.0,2.0,5.357254825776932,5.344459220515744
13.933752536773682,-3.125183373625112,-1.534159789715857,2.370015077042274,-0.4388097046027305,-0.4208491166749969,-0.0032580148722649023,2.0,0.0,2.0,5.362654382943477,5.3498739119407555
13.943684577941895,-3.129566255927307,-1.5383690440707476,2.3699820506628275,-0.4377658832018454,-0.4210015001360577,-0.003342975178606829,2.0,0.0,2.0,5.3680458276281415,5.355280505230629
13.953655004501343,-3.1339386755798744,-1.5425798142106786,2.369948146828358,-0.4367172525925108,-0.4211522498005351,-0.0034396511788717466,2.0,0.0,2.0,5.373429113626309,5.36067895026601
13.963773488998413,-3.1383005841375278,-1.5467920835709665,2.3699133267981725,-0.4356635889960505,-0.4213013463768041,-0.0035174838260953628,2.0,0.0,2.0,5.378804189788727,5.366069198467895
13.973715782165527,-3.1426519315352257,-1.5510058351715437,2.369877796436025,-0.43460511873278757,-0.4214486644378467,-0.003589683446266177,2.0,0.0,2.0,5.384171020125153,5.371451199597662
13.983657836914062,-3.1469926703269087,-1.5552210506564135,2.3698416011325305,-0.4335418125874788,-0.42159411741288394,-0.0036433423190780183,2.0,0.0,2.0,5.389529559686266,5.376824905537073
13.993687868118286,-3.1513227537579547,-1.5594377105660082,2.369804827859563,-0.4324741990365903,-0.42173750375259894,-0.0037179063880566554,2.0,0.0,2.0,5.39487976670732,5.382190268517064
14.003676414489746,-3.155642139601095,-1.5636557935929865,2.3697672494661286,-0.4314021980649993,-0.42187874437008177,-0.0037928953772361764,2.0,0.0,2.0,5.400221581680257,5.387547244569412
14.013701438903809,-3.159950784245864,-1.567875277825941,2.3697289022383297,-0.43032608012664847,-0.4220177121430602,-0.0038809983010393767,2.0,0.0,2.0,5.405554961685954,5.392895788225217
14.02365493774414,-3.164248647204748,-1.572096140158432,2.369689655671598,-0.4292457956031697,-0.42215437180656235,-0.0039644316570514,2.0,0.0,2.0,5.410879855029836,5.398235856653274
14.033705234527588,-3.1685356874446757,-1.5763183573354245,2.369649558655725,-0.42816160600195147,-0.4222886723302947,-0.004055751743207292,2.0,0.0,2.0,5.416196221729437,5.40356740645121
14.043684005737305,-3.1728118655010498,-1.5805419060671708,2.3696086258009132,-0.4270732963456412,-0.42242070891125794,-0.004124135451239932,2.0,0.0,2.0,5.421504020930846,5.408890395700665
14.053672075271606,-3.1770771403378486,-1.584766764246444,2.3695671152926763,-0.42598101907305364,-0.42255057722563333,-0.004175401589819388,2.0,0.0,2.0,5.426803227202421,5.414204781320048
14.063703298568726,-3.1813314723207338,-1.5889929110186147,2.3695252261025797,-0.42488469004903084,-0.42267846593637465,-0.004195784707475206,2.0,0.0,2.0,5.432093812707483,5.419510521931731
14.073715448379517,-3.1855748234775,-1.5932203271804775,2.369483050306479,-0.4237850340109206,-0.4228044632469066,-0.0042488917548237585,2.0,0.0,2.0,5.43737574435394,5.42480757823029
14.083646774291992,-3.189807161171663,-1.5974489949592687,2.3694402208351657,-0.42268185776547795,-0.42292885932470803,-0.0043129300731168645,2.0,0.0,2.0,5.442648963364786,5.430095916431409
14.093696594238281,-3.194028449468087,-1.6016788998941658,2.369396713375169,-0.42157525987980315,-0.4230519259108747,-0.004393753857720863,2.0,0.0,2.0,5.447913432141008,5.435375500574919
14.103662252426147,-3.1982386543806327,-1.6059100301154965,2.3693523533395013,-0.4204650953359253,-0.4231739780722085,-0.004475070547550399,2.0,0.0,2.0,5.453169105542204,5.440646297336607
14.113684177398682,-3.2024377399361192,-1.6101423768988754,2.36930717864577,-0.419351419424365,-0.42329527513162246,-0.004559041786153519,2.0,0.0,2.0,5.458415951903675,5.445908272436949
14.12369441986084,-3.206625669847313,-1.61437593407317,2.369261284131333,-0.41823389245195364,-0.4234161029580889,-0.004611852577393757,2.0,0.0,2.0,5.463653943871804,5.451161392073033
14.133723735809326,-3.210802407730064,-1.6186106975571655,2.3692147997254165,-0.41711322280995883,-0.4235365297433234,-0.004695563624488298,2.0,0.0,2.0,5.46888305698597,5.456405622995043
14.143688917160034,-3.2149679234888806,-1.6228466638522658,2.3691673159114095,-0.41598933185613907,-0.4236567064334769,-0.0047984185716710365,2.0,0.0,2.0,5.474103236561363,5.4616409381608335
14.153680562973022,-3.2191221831375194,-1.6270838312460927,2.369118834125015,-0.41486203080811535,-0.4237767566585836,-0.004896657099931871,2.0,0.0,2.0,5.479314452568535,5.466867307372715
14.163704872131348,-3.2232651519354443,-1.6313221988823643,2.3690694961648817,-0.41373109949897857,-0.42389677176805735,-0.004962721988555669,2.0,0.0,2.0,5.484516683992218,5.472084700001417
14.173729658126831,-3.2273967947395557,-1.6355617663936433,2.3690195594223167,-0.4125969705157409,-0.4240167136742883,-0.005027484869332625,2.0,0.0,2.0,5.489709917343385,5.4772930852148205
14.183682918548584,-3.2315170805547546,-1.639802533028684,2.3689689913770295,-0.4114596253540144,-0.42413661436160466,-0.005080684518472558,2.0,0.0,2.0,5.4948941234623625,5.482492436060758
14.193688869476318,-3.2356259782105132,-1.6440444984064282,2.3689178614308637,-0.4103194742763555,-0.42425644903623,-0.005150613656467783,2.0,0.0,2.0,5.500069280012386,5.487682725563974
14.203659772872925,-3.2397234601377827,-1.6482876621038578,2.3688660003126536,-0.4091763923968242,-0.4243763067302474,-0.0052178013184460605,2.0,0.0,2.0,5.505235352094288,5.492863930206361
14.21368408203125,-3.243809497545275,-1.6525320247498572,2.36881342639715,-0.4080306513414373,-0.4244962443527772,-0.005299342264974604,2.0,0.0,2.0,5.510392316601487,5.498036025652241
14.223659038543701,-3.247884063320533,-1.6567775877988742,2.368760071002989,-0.40688199565419636,-0.4246164182246462,-0.005367105905409779,2.0,0.0,2.0,5.515540146481794,5.5031989894502535
14.23370885848999,-3.251947129373938,-1.6610243540330405,2.368705998096684,-0.4057307964440379,-0.4247368863032105,-0.005450244435946541,2.0,0.0,2.0,5.520678823067188,5.508352798653155
14.243669748306274,-3.255998669644998,-1.665272327055157,2.368651123441841,-0.404576736160654,-0.4248578097675126,-0.005518009467525256,2.0,0.0,2.0,5.525808319999945,5.5134974325346064
14.253658533096313,-3.2600386546451805,-1.669521512058697,2.368595687503001,-0.4034197984874268,-0.42497928820816583,-0.0055672287010683896,2.0,0.0,2.0,5.530928629844544,5.5186328676211325
14.264050006866455,-3.2640670555947455,-1.6737719149900276,2.3685398813801357,-0.4022598736501617,-0.42510141393910267,-0.005587362011655777,2.0,0.0,2.0,5.536039742756098,5.523759081387178
14.273688554763794,-3.2680838448433787,-1.6780235422326197,2.3684838026055535,-0.40109763546455535,-0.4252241284011094,-0.005637240802875543,2.0,0.0,2.0,5.541141643864497,5.52887605256138
14.283657789230347,-3.272088999721439,-1.682276399758512,2.3684271157520405,-0.3999328664441097,-0.42534749561463314,-0.005697241814535144,2.0,0.0,2.0,5.546234294166596,5.533983764537828
14.293682098388672,-3.2760824942668667,-1.686530494294849,2.3683697782275357,-0.3987656307409991,-0.42547152266108806,-0.0057728042333935236,2.0,0.0,2.0,5.551317671328773,5.539082197846111
14.303669452667236,-3.2800643029630936,-1.6907858326223797,2.3683117065183974,-0.39759561849244623,-0.42559626697222214,-0.005837394342493106,2.0,0.0,2.0,5.556391750801971,5.544171333501672
14.313733339309692,-3.2840343985425915,-1.6950424218427724,2.368252964114508,-0.3964230691829858,-0.425721691302078,-0.005912342341536329,2.0,0.0,2.0,5.56145651627405,5.5492511509957785
14.323665142059326,-3.2879927545624033,-1.6993002689338854,2.3681935408580297,-0.3952476315107711,-0.4258478539158348,-0.0059669793087217425,2.0,0.0,2.0,5.566511947335855,5.554321630613701
14.333706855773926,-3.291939343785461,-1.7035593810279872,2.368133501394709,-0.3940698366623955,-0.4259746692726414,-0.006046250306892175,2.0,0.0,2.0,5.571558027862771,5.559382751978222
14.34369683265686,-3.2958741424201223,-1.7078197645141668,2.3680726312958202,-0.3928894027769172,-0.42610213740125824,-0.006122861935102466,2.0,0.0,2.0,5.576594726383505,5.5644344978101135
14.353673219680786,-3.2997971237719717,-1.712081425494291,2.3680110067118814,-0.39170647312225415,-0.4262301304107888,-0.006204172733584803,2.0,0.0,2.0,5.581622027845071,5.569476848023002
14.363695621490479,-3.3037082628577226,-1.7163443684062303,2.3679486143119943,-0.39052087100885235,-0.4263585010680423,-0.006268529022541508,2.0,0.0,2.0,5.586639912437455,5.574509783690855
14.37371301651001,-3.3076075332699317,-1.7206085958337922,2.3678856322510966,-0.38933281108165135,-0.42648697819885995,-0.006327047913695574,2.0,0.0,2.0,5.591648371070704,5.579533284001529
14.383674621582031,-3.311494910350129,-1.7248741074577003,2.3678221655288634,-0.3881421742246317,-0.42661529429994477,-0.006361476815594696,2.0,0.0,2.0,5.59664739059981,5.58454732894738
14.393678665161133,-3.315370371011774,-1.729140899699343,2.3677582677959,-0.3869496616131279,-0.426743028121313,-0.006423288029505946,2.0,0.0,2.0,5.601636954995847,5.58955189903832
14.403672456741333,-3.319233896281933,-1.7334089651932594,2.3676937260089703,-0.3857550034052136,-0.426869907910276,-0.006481050281973487,2.0,0.0,2.0,5.606617033480474,5.594546977545817
14.413725137710571,-3.3230854654519044,-1.7376782938061726,2.3676285564885027,-0.3845585410171559,-0.4269955913336695,-0.006556047632695563,2.0,0.0,2.0,5.611587607871436,5.599532545246117
14.423657178878784,-3.3269250601864457,-1.7419488723197196,2.3675626482495553,-0.38336004164343745,-0.42711986066862795,-0.006621320741437555,2.0,0.0,2.0,5.616548652954635,5.604508584222019
14.433717727661133,-3.3307526608925375,-1.7462206854082785,2.367496065618665,-0.3821598144196019,-0.42724246514035996,-0.006696569324503853,2.0,0.0,2.0,5.621500153162484,5.609475074707135
14.443722009658813,-3.3345682496540165,-1.7504937157313805,2.367428794859295,-0.38095757343239894,-0.4273632996110742,-0.006751167387789984,2.0,0.0,2.0,5.626442088773644,5.614431997898965
14.45367431640625,-3.3383718063945276,-1.7547679450956992,2.367361069629077,-0.3797534748516915,-0.42748225396546,-0.006791831897933955,2.0,0.0,2.0,5.631374453889776,5.619379332670411
14.46370553970337,-3.3421633125489505,-1.759043354459418,2.3672930612132297,-0.37854741518136514,-0.4275993014822222,-0.006803241952559202,2.0,0.0,2.0,5.636297239644765,5.624317059058088
14.473703145980835,-3.3459427512107993,-1.7633199243178246,2.3672248670483986,-0.37734017215347926,-0.4277143277611042,-0.006844402805345396,2.0,0.0,2.0,5.64121043373656,5.62924515851988
14.483650207519531,-3.349710111351317,-1.7675976344790005,2.367156153317616,-0.37613158291053767,-0.427827387578352,-0.006895436792304316,2.0,0.0,2.0,5.646114001136469,5.6341636178682535
14.493674993515015,-3.3534653791730475,-1.7718764655860162,2.3670868755044028,-0.3749217839566119,-0.4279385166096162,-0.006962874985899843,2.0,0.0,2.0,5.651007923323909,5.639072421533706
14.50365424156189,-3.3572085419619433,-1.7761563987174593,2.367016939349909,-0.3737105001824328,-0.42804781253966184,-0.007020302056743444,2.0,0.0,2.0,5.655892179713539,5.643971555099742
14.513689994812012,-3.3609395854682087,-1.7804374157531384,2.366946405994965,-0.37249799380567666,-0.4281552987199748,-0.007087445767879178,2.0,0.0,2.0,5.660766758604915,5.648861002932695
14.523638010025024,-3.364658496536322,-1.7847194990446282,2.366875274104353,-0.37128394579474083,-0.42826108456878126,-0.007133486448780577,2.0,0.0,2.0,5.6656316454106515,5.653740750576512
14.533708572387695,-3.368365261775344,-1.7890026316960954,2.366803618651969,-0.3700689731948418,-0.42836516505011685,-0.007202719105027715,2.0,0.0,2.0,5.670486830485368,5.658610783580349
14.543640613555908,-3.3720598722885633,-1.7932867970186994,2.3667312358587878,-0.3688529254287305,-0.42846764244385477,-0.007270177520694808,2.0,0.0,2.0,5.675332290462746,5.663471091814153
14.553682088851929,-3.3757423179559014,-1.7975719793161384,2.3666581716604194,-0.36763608590824015,-0.4285685632355914,-0.007342734664776863,2.0,0.0,2.0,5.680168017297533,5.668321664292211
14.563743591308594,-3.3794125908377612,-1.801858163430055,2.3665844756859764,-0.36641833609279567,-0.4286680226955344,-0.007390256006009794,2.0,0.0,2.0,5.6849940053967805,5.673162492259794
14.573711633682251,-3.383070684103083,-1.8061453348365468,2.366510318158243,-0.36520030210707793,-0.4287660162366671,-0.007442906310434802,2.0,0.0,2.0,5.689810258164882,5.6779935682071585
14.5836660861969,-3.386716595936706,-1.810433479102564,2.3664356771480706,-0.36398202513441386,-0.4288626089574244,-0.007481057408374433,2.0,0.0,2.0,5.694616771362434,5.6828148894007935
14.59369158744812,-3.3903503264840906,-1.8147225822296178,2.366360594895342,-0.3627641781930418,-0.42895778231717635,-0.007538761217765633,2.0,0.0,2.0,5.69941354686369,5.687626455093661
14.603666305541992,-3.3939718803614403,-1.8190126302832077,2.3662849515055524,-0.3615466337631381,-0.42905161024875593,-0.007585405200731261,2.0,0.0,2.0,5.704200580358232,5.692428268784752
14.613736391067505,-3.3975812624779222,-1.8233036098355306,2.366208786482082,-0.36032995491165304,-0.42914407430884477,-0.007651388632031988,2.0,0.0,2.0,5.708977878218546,5.697220334399227
14.623673439025879,-3.4011784816629063,-1.827595507458375,2.3661319603888176,-0.35911397478281176,-0.42923524037378535,-0.007709671215175481,2.0,0.0,2.0,5.713745439033718,5.702002659562731
14.633720874786377,-3.4047635457563725,-1.8318883102772783,2.3660545278114493,-0.3578990177996655,-0.42932510956351755,-0.007778308317734903,2.0,0.0,2.0,5.718503273077563,5.706775251126291
14.6436607837677,-3.4083364643338587,-1.8361820055410731,2.3659764692426597,-0.3566847838810038,-0.42941374228023343,-0.007826952584216994,2.0,0.0,2.0,5.723251387537981,5.711538117610361
14.653647661209106,-3.411897244113707,-1.8404765809999983,2.3658980388769417,-0.35547129690018403,-0.4295011442915257,-0.007855867367319264,2.0,0.0,2.0,5.727989804539544,5.716291264977229
14.66371202468872,-3.415445892126197,-1.8447720243779426,2.3658194683370577,-0.35425840900092165,-0.42958732633477004,-0.007853507187596654,2.0,0.0,2.0,5.732718544973964,5.72103469946425
14.67371940612793,-3.4189824176000774,-1.8490683230142042,2.3657407863116258,-0.3530469286003285,-0.42967217529499063,-0.007890405763342026,2.0,0.0,2.0,5.73743761867658,5.72576842925326
14.683668851852417,-3.4225068337178524,-1.8533654635023333,2.365661659544935,-0.35183640289719714,-0.4297557036147196,-0.007931579261880048,2.0,0.0,2.0,5.742147015906261,5.7304924660119765
14.69369888305664,-3.426019149763323,-1.8576634323861316,2.3655820556428138,-0.3506269972561624,-0.4298378338813546,-0.007993011332899416,2.0,0.0,2.0,5.74684674243458,5.73520681768521
14.703667402267456,-3.429519376267394,-1.86196221539511,2.365501827527365,-0.34941840851462685,-0.42991852447986384,-0.008048895884800565,2.0,0.0,2.0,5.751536797652257,5.7399114931174795
14.713717699050903,-3.4330075215499463,-1.8662617976928262,2.365421029712134,-0.3482108056354231,-0.42999767056541155,-0.00811079736415539,2.0,0.0,2.0,5.756217191498409,5.744606498860122
14.723678827285767,-3.436483594448942,-1.8705621634572485,2.3653397081535363,-0.3470038739068344,-0.4300752062734995,-0.008147949666506749,2.0,0.0,2.0,5.760887933506784,5.749291841615831
14.73373293876648,-3.4399476041996917,-1.8748632957807525,2.3652579236895455,-0.3457983326767316,-0.4301509487317348,-0.008215603704355213,2.0,0.0,2.0,5.765549034144261,5.753967528089103
14.743670463562012,-3.44339956481803,-1.8791651762441581,2.365175393480493,-0.3445939418175686,-0.4302248319479487,-0.008287039779209094,2.0,0.0,2.0,5.770200486107349,5.758633568987513
14.753696203231812,-3.4468394872756707,-1.8834677859567095,2.3650921589457967,-0.343390742345128,-0.4302967856764475,-0.008358865538322824,2.0,0.0,2.0,5.774842299613546,5.763289971958914
14.763728380203247,-3.4502673825881374,-1.8877711055080282,2.365008325989158,-0.34218844165971296,-0.43036680345586464,-0.008399618092524477,2.0,0.0,2.0,5.779474488786723,5.767936744494963
14.773709058761597,-3.4536832608243855,-1.8920751153890172,2.364924144501447,-0.3409874680273804,-0.43043484078323596,-0.008439678335206266,2.0,0.0,2.0,5.784097075854674,5.772573893132115
14.783668518066406,-3.457087136051442,-1.8963797958958477,2.3648395736710244,-0.33978774608946316,-0.4305009490780931,-0.008469237501437124,2.0,0.0,2.0,5.788710068336171,5.7772014280912956
14.793747186660767,-3.460479021320611,-1.9006851280889545,2.364754676949487,-0.33858959534293437,-0.4305651841957337,-0.00851519175622599,2.0,0.0,2.0,5.793313479588131,5.781819358854185
14.80367636680603,-3.463858932115367,-1.9049910938481005,2.364669296329761,-0.33739271790580755,-0.4306276979703312,-0.008555514560406853,2.0,0.0,2.0,5.797907311555016,5.786427697439714
14.813697576522827,-3.4672268808422815,-1.9092976767086671,2.364583486952665,-0.3361972943643636,-0.4306886196186698,-0.008611753925300105,2.0,0.0,2.0,5.802491577231982,5.791026453478652
14.823639869689941,-3.470582881726787,-1.9136048615779737,2.3644970753836683,-0.33500302500458656,-0.4307481390382917,-0.008666931129536334,2.0,0.0,2.0,5.807066277395175,5.79561563874771
14.833734273910522,-3.4739269454304855,-1.91791263533722,2.3644100986759202,-0.3338098863237219,-0.4308064211000518,-0.008728900469494281,2.0,0.0,2.0,5.811631423336573,5.800195262290407
14.84371042251587,-3.4772590815050464,-1.9222209865171445,2.364322585059519,-0.332617394234388,-0.43086365444397506,-0.00876720878986709,2.0,0.0,2.0,5.816187025270155,5.804765332632875
14.85366678237915,-3.4805792956220256,-1.9265299053001335,2.36423478423413,-0.3314255262338986,-0.4309199550220402,-0.008790788960625176,2.0,0.0,2.0,5.820733104142693,5.809325855176016
14.863712072372437,-3.48388759305165,-1.9308393828688974,2.364146874554917,-0.33023398512562796,-0.4309754279657608,-0.008784471602832652,2.0,0.0,2.0,5.825269676324992,5.813876835267785
14.873701810836792,-3.487183978972933,-1.9351494110149141,2.364058946727122,-0.3290433987841446,-0.43103005959069274,-0.008810659017315562,2.0,0.0,2.0,5.829796752781409,5.818418278368151
14.88368535041809,-3.4904684629876135,-1.9394599814366706,2.3639706298483394,-0.32785344564458,-0.4310838994639314,-0.008850117911892982,2.0,0.0,2.0,5.834314319784982,5.822950194073096
14.893682479858398,-3.4937410500464683,-1.9437710863877178,2.3638818711099576,-0.3266640491304887,-0.43113696258034573,-0.00890373354404931,2.0,0.0,2.0,5.838822379330017,5.827472587772727
14.903670072555542,-3.497001744387912,-1.9480827182453229,2.3637926081988043,-0.32547481526369293,-0.4311892896510092,-0.008944592808522035,2.0,0.0,2.0,5.84332093220199,5.831985464224841
14.913738250732422,-3.5002505480424966,-1.9523948696609592,2.363702904530318,-0.3242859719805125,-0.4312408716287042,-0.008997905403489876,2.0,0.0,2.0,5.847809985035766,5.83648882619681
14.923688650131226,-3.503487463579072,-1.9567075334106032,2.3636127241804616,-0.32309709953363575,-0.4312917699758166,-0.00903282135796446,2.0,0.0,2.0,5.852289538826984,5.840982677005456
14.933730125427246,-3.506712491636956,-1.9610207027673872,2.3635221515330427,-0.32190857970435965,-0.4313419921454405,-0.009085707596388999,2.0,0.0,2.0,5.85675960040089,5.8454670183170805
14.94369912147522,-3.5099256352013666,-1.9653343712826794,2.3634310397902,-0.32072010563182823,-0.43139162018911215,-0.009132789518322366,2.0,0.0,2.0,5.86122016452865,5.849941854103703
14.953681945800781,-3.513126894781846,-1.9696485333361227,2.3633394373117866,-0.3195318384807416,-0.4314407068715168,-0.009188603601328785,2.0,0.0,2.0,5.86567123606038,5.854407186286248
14.963711261749268,-3.516316271353953,-1.9739631839755165,2.3632473515137145,-0.3183434271079405,-0.4314893567489752,-0.00922272770124028,2.0,0.0,2.0,5.870112817968396,5.858863017454422
14.97372817993164,-3.5194937644578217,-1.9782783191345308,2.3631549226242656,-0.3171552429483046,-0.4315376152661359,-0.009265242403868553,2.0,0.0,2.0,5.874544920389388,5.863309349151427
14.98370885848999,-3.5226593761185123,-1.982593935301234,2.363062099232365,-0.31596706952439,-0.43158557637997513,-0.009295297455040336,2.0,0.0,2.0,5.878967544120477,5.867746185455106
14.993684530258179,-3.5258131075618757,-1.986910029761953,2.362968924966374,-0.31477928644652403,-0.43163327762458037,-0.009342327901969271,2.0,0.0,2.0,5.883380695362363,5.8721735299692295
15.003676414489746,-3.528954961919718,-1.9912266002935746,2.362875310484848,-0.3135915700519891,-0.4316808066059033,-0.009375860267470068,2.0,0.0,2.0,5.8877843740759435,5.876591388266958
15.013718366622925,-3.5320849410453494,-1.9955436453257953,2.3627813026894287,-0.3124043473643586,-0.43172817587000795,-0.009429796635965708,2.0,0.0,2.0,5.892178587663643,5.88099976494991
15.023678064346313,-3.5352030493861846,-1.9998611635035572,2.362686747124602,-0.31121731832431937,-0.4317754493998518,-0.009477235272001,2.0,0.0,2.0,5.896563333651539,5.885398667144302
15.033709049224854,-3.53830928902546,-2.004179154008751,2.362591696531189,-0.31003066652510547,-0.4318226397140502,-0.009534126627722994,2.0,0.0,2.0,5.900938620309678,5.88978809994629
15.04374098777771,-3.541403662559339,-2.0084976161733845,2.3624961427088857,-0.30884399293067694,-0.4318697899505468,-0.009569851778676542,2.0,0.0,2.0,5.90530445270005,5.8941680689983915
15.05367374420166,-3.5444861684493323,-2.012816549676146,2.362400378907851,-0.30765714681031686,-0.4319169036388765,-0.009578304232389331,2.0,0.0,2.0,5.909660850624906,5.898538576187845
15.063696384429932,-3.547556804022388,-2.017135954114444,2.3623047098425816,-0.30646987606275705,-0.4319639759460009,-0.009548347051038462,2.0,0.0,2.0,5.914007833441751,5.902899622324293
15.073689460754395,-3.550615567704124,-2.0214558286602706,2.3622092290437195,-0.3052829637190155,-0.43201090032648487,-0.0095595509097386,2.0,0.0,2.0,5.918345408411747,5.907251209121207
15.083716869354248,-3.553662462971601,-2.025776171533324,2.3621134634528484,-0.3040959873798767,-0.43205764478520087,-0.009590220901441078,2.0,0.0,2.0,5.922673552559337,5.911593342726816
15.093690395355225,-3.5566974867644983,-2.0300969806882314,2.362017352530738,-0.30290873576572747,-0.4321041337400565,-0.009636599042500811,2.0,0.0,2.0,5.926992262011798,5.915926023068102
15.103681087493896,-3.559720635497831,-2.0344182530693886,2.361920743780482,-0.3017208598086108,-0.43215027780790927,-0.009681956117777377,2.0,0.0,2.0,5.93130152647637,5.920249249246378
15.113694906234741,-3.5627319018862287,-2.038739984636996,2.361823680382701,-0.30053227476930133,-0.4321959461509728,-0.009729784122198383,2.0,0.0,2.0,5.935601343832495,5.924563016562525
15.123643398284912,-3.565731276873531,-2.043062170043469,2.361726260703817,-0.2993425077600143,-0.4322410255664244,-0.00974831041262687,2.0,0.0,2.0,5.939891713214457,5.928867318217789
15.133700609207153,-3.568718751099094,-2.0473848024377106,2.3616285387925515,-0.2981522827472782,-0.43228530597877596,-0.00980447026723317,2.0,0.0,2.0,5.944172630245928,5.933162146620937
15.143676519393921,-3.5716943197663253,-2.051707873104371,2.3615301426948268,-0.2969612631148097,-0.4323286665483369,-0.009871986971655141,2.0,0.0,2.0,5.9484440682880875,5.93744749782891
15.153667688369751,-3.574657973313263,-2.056031372281604,2.3614310977676753,-0.29576926666117226,-0.43237098632070653,-0.009934544161296594,2.0,0.0,2.0,5.952706020094127,5.94172336306827
15.163681507110596,-3.5776097006362173,-2.0603552890561567,2.3613315804857833,-0.294575973773348,-0.43241217139894317,-0.00996203922903356,2.0,0.0,2.0,5.956958485739956,5.9459897317244765
15.173700094223022,-3.5805494910005033,-2.0646796114225263,2.361231775358235,-0.29338200805663184,-0.4324520816872048,-0.010002479756999624,2.0,0.0,2.0,5.961201465716313,5.950246593153081
15.183677673339844,-3.583477337801678,-2.069004326279626,2.361131569279978,-0.29218718316768794,-0.4324906669826238,-0.010034738842831703,2.0,0.0,2.0,5.965434945939763,5.9544939402025365
15.193709135055542,-3.586393233280852,-2.0733294201195624,2.3610310009374973,-0.2909918274365952,-0.43252786892015543,-0.010081146161776649,2.0,0.0,2.0,5.969658920308373,5.9587317644931295
15.20367693901062,-3.58929717145401,-2.077654879102483,2.360930009308193,-0.28979564603040187,-0.43256370198532235,-0.010112349238101477,2.0,0.0,2.0,5.973873378228013,5.962960059188905
15.213716983795166,-3.592189145310798,-2.081980689525947,2.3608286590481944,-0.28859906733265117,-0.43259815506678145,-0.010161123506038972,2.0,0.0,2.0,5.978078315786885,5.967178816533894
15.223659038543701,-3.5950691503176078,-2.086306837820804,2.3607268317588006,-0.28740178454995885,-0.43263129096653635,-0.010199904291297114,2.0,0.0,2.0,5.982273720377928,5.971388031134272
15.233738660812378,-3.597937179984772,-2.0906333110563917,2.360624583681286,-0.28620407926839814,-0.43266314866466493,-0.01025202465464201,2.0,0.0,2.0,5.986459588330132,5.975587695980578
15.243711709976196,-3.600793229212881,-2.0949600968521516,2.360521852808233,-0.2850055916346989,-0.4326938223775572,-0.010287765063081414,2.0,0.0,2.0,5.990635910331382,5.979777805554285
15.253645658493042,-3.6036372886723917,-2.099287183850123,2.3604189254076964,-0.2838061315434961,-0.43272340167864753,-0.010291963393024536,2.0,0.0,2.0,5.994802694423653,5.9839583507304805
15.263684511184692,-3.606469348035374,-2.103614561522072,2.3603161640443564,-0.28260554823583367,-0.4327519704371418,-0.010252605728331985,2.0,0.0,2.0,5.998959952523398,5.988129321742131
15.273705959320068,-3.609289400036386,-2.1079422198458144,2.360213670811073,-0.28140490982784877,-0.4327795261827568,-0.010259281972326766,2.0,0.0,2.0,6.003107683875765,5.992290711870466
15.283661603927612,-3.612097445177149,-2.112270148902658,2.360110901209025,-0.2802040014318209,-0.43280613537503554,-0.010292980663994247,2.0,0.0,2.0,6.0072458562371756,5.996442521704776
15.29369330406189,-3.6148934788185487,-2.116598339534999,2.3600077569171205,-0.2790026472839737,-0.43283184269957786,-0.01033689841694354,2.0,0.0,2.0,6.011374459675746,6.000584747289332
15.303654670715332,-3.6176774956023263,-2.120926782848163,2.3599042269478576,-0.27780057338209213,-0.4328566745896304,-0.010364711123515568,2.0,0.0,2.0,6.015493488931263,6.0047173840905685
15.31376576423645,-3.620449489589091,-2.12525546997085,2.3598003888664962,-0.27659816837038437,-0.4328805967286272,-0.010404460426834513,2.0,0.0,2.0,6.019602943508133,6.00884042704275
15.323692083358765,-3.623209456595985,-2.129584391750157,2.3596962198651363,-0.2753950806501504,-0.4329036072588353,-0.010422042044428979,2.0,0.0,2.0,6.023702818443293,6.012953872626698
15.333735942840576,-3.625957391495569,-2.133913538827255,2.359591822415949,-0.2741919563973653,-0.43292563712405974,-0.010466823945715624,2.0,0.0,2.0,6.0277931153003514,6.017057716368848
15.343701601028442,-3.628693295303979,-2.138242901018272,2.359486837938249,-0.272988738102458,-0.43294662109149257,-0.010527851860538001,2.0,0.0,2.0,6.031873813584452,6.021151959247915
15.353669881820679,-3.631417165511312,-2.142572467383423,2.359381273929704,-0.27178524189246933,-0.43296644558392666,-0.010581746367192448,2.0,0.0,2.0,6.035944911118415,6.025236598674359
15.363734483718872,-3.634128998183394,-2.1469022254752703,2.3592753445709413,-0.2705811818594917,-0.4329849308032199,-0.010595121256421956,2.0,0.0,2.0,6.040006416150422,6.029311630188117
15.37370753288269,-3.6368287901180794,-2.151232160568915,2.3591693033222683,-0.26937729907545716,-0.4330017932598495,-0.010619468969214677,2.0,0.0,2.0,6.04405833908137,6.033377049196416
15.383670806884766,-3.639516544791405,-2.155562255119378,2.359062949430558,-0.2681736391797733,-0.4330167888097433,-0.010648521353064043,2.0,0.0,2.0,6.0481006685012355,6.037432856328203
15.393685102462769,-3.6421922643807343,-2.1598924893987235,2.3589562840391016,-0.26697033172881723,-0.43302970720158923,-0.010684693152542021,2.0,0.0,2.0,6.052133403011699,6.041479050199446
15.403679370880127,-3.6448559514534384,-2.164222841914123,2.3588493476069896,-0.2657670773259647,-0.43304042133306236,-0.010697091386723284,2.0,0.0,2.0,6.056156543254154,6.045515629135545
15.413711071014404,-3.647507608568598,-2.1685532901454567,2.35874222583352,-0.2645644679760256,-0.43304884173238034,-0.010732207067871515,2.0,0.0,2.0,6.06017009213742,6.049542591059335
15.423656463623047,-3.650147241805213,-2.1728838112468356,2.3586347237945646,-0.26336219425439167,-0.4330550126811747,-0.010764494039060565,2.0,0.0,2.0,6.064174039089647,6.053559937033548
15.433730125427246,-3.6527748543077503,-2.177214383231239,2.3585268737251797,-0.26216037259713615,-0.4330590382300824,-0.010806763811033196,2.0,0.0,2.0,6.068168384547858,6.05756766565946
15.443667650222778,-3.65539044929591,-2.181544985360626,2.3584186647579704,-0.2609585938492746,-0.43306106695633884,-0.010828762404272394,2.0,0.0,2.0,6.072153126888876,6.0615657760301085
15.453690528869629,-3.657994026605951,-2.1858755983036953,2.3583103313322575,-0.2597568771939413,-0.43306121616407056,-0.010835443160403916,2.0,0.0,2.0,6.076128276288084,6.065554264563806
15.46368408203125,-3.6605855862858676,-2.190206203676295,2.3582020664196452,-0.25855501581429347,-0.43305956033948734,-0.010810679353955854,2.0,0.0,2.0,6.080093840943308,6.069533128197707
15.473703861236572,-3.663165129599497,-2.1945367834004244,2.3580939623389665,-0.257353812034595,-0.43305607421375886,-0.010820297375403297,2.0,0.0,2.0,6.08404982430887,6.073502365094557
15.483670711517334,-3.6657326639626175,-2.1988673188564136,2.357985619861362,-0.2561530842221894,-0.43305069291074505,-0.010845815396037729,2.0,0.0,2.0,6.087996206425826,6.077461978937238
15.493675470352173,-3.668288193203187,-2.203197790461589,2.3578769823969687,-0.2549528465244812,-0.4330432729596384,-0.010883154944275166,2.0,0.0,2.0,6.091932983842735,6.081411969691041
15.503650665283203,-3.6708317216197526,-2.2075281768640065,2.3577680191626214,-0.25375286616388776,-0.43303361532917994,-0.010905017358455194,2.0,0.0,2.0,6.095860154409131,6.085352337094161
15.513692617416382,-3.6733632533855474,-2.21185845444769,2.357658797522032,-0.25255361770351564,-0.4330214645389459,-0.01094168995344752,2.0,0.0,2.0,6.09977772077164,6.0892830799181255
15.523664951324463,-3.6758827954338353,-2.2161885970139332,2.357549251111287,-0.25135484736366276,-0.433006571187728,-0.010962011865472186,2.0,0.0,2.0,6.103685679325783,6.093204198534331
15.5337073802948,-3.678390353437572,-2.220518575891678,2.3574395174816516,-0.2501569088035979,-0.43298868718210165,-0.010985918736881116,2.0,0.0,2.0,6.10758403630686,6.097115691201282
15.54365348815918,-3.6808859358825474,-2.2248483600966176,2.3573295946263233,-0.24895969014128574,-0.43296760590156064,-0.010994493133039998,2.0,0.0,2.0,6.111472791490489,6.101017557910544
15.553651332855225,-3.6833695517746494,-2.229177916771481,2.3572195283581756,-0.24776369960055034,-0.4329431571396487,-0.01102179970535856,2.0,0.0,2.0,6.115351947198237,6.104909798404955
15.563708782196045,-3.6858412128408946,-2.233507211655249,2.3571092152138293,-0.2465686467526679,-0.4329152344060256,-0.011036199002521181,2.0,0.0,2.0,6.119221498993697,6.108792414393865
15.573694229125977,-3.688300930037179,-2.2378362096582203,2.3569986818405635,-0.24537505235862267,-0.43288377417665436,-0.011075639799612147,2.0,0.0,2.0,6.1230814489728305,6.1126654065079755
15.583675622940063,-3.6907487177636242,-2.2421648752907344,2.3568877178446135,-0.24418265641899248,-0.43284876034486114,-0.011113513001477223,2.0,0.0,2.0,6.126931788412874,6.116528778377147
15.59365701675415,-3.693184587864776,-2.2464931730523072,2.3567763688872314,-0.24299157608141767,-0.4328102032102757,-0.01115630596731201,2.0,0.0,2.0,6.130772521099441,6.120382531188033
15.603663206100464,-3.6956085524260454,-2.2508210676085874,2.356664687310904,-0.24180147043047395,-0.4327681224262518,-0.011173199189820994,2.0,0.0,2.0,6.1346036514214966,6.1242266663522
15.613697528839111,-3.6980206213665414,-2.2551485238333875,2.3565529237240135,-0.24061251717206145,-0.43272254077933847,-0.011178042613994646,2.0,0.0,2.0,6.138425193279005,6.128061183283524
15.623649597167969,-3.7004208060426045,-2.25947550679404,2.356441219610146,-0.23942458707040756,-0.43267347012972324,-0.01115841676902964,2.0,0.0,2.0,6.142237155532402,6.131886082745308
15.633731603622437,-3.702809119365504,-2.2638019816464374,2.3563296019685476,-0.23823837049315205,-0.43262092250695316,-0.011171027403929541,2.0,0.0,2.0,6.146039541791426,6.135701366920061
15.643691062927246,-3.705185577687773,-2.2681279137320254,2.3562178182079845,-0.23705347220149872,-0.4325649228863925,-0.011181984401285074,2.0,0.0,2.0,6.149832342667223,6.139507041196953
15.653712034225464,-3.7075501945424874,-2.272453268826229,2.356105850540055,-0.23587017030111554,-0.4325055400383203,-0.011216066140831824,2.0,0.0,2.0,6.1536155598972755,6.143303108444267
15.663872480392456,-3.7099029851518606,-2.276778013597932,2.355993517141631,-0.23468812004492856,-0.43244287871764125,-0.011247032125070562,2.0,0.0,2.0,6.15738918757747,6.147089573371213
15.67371416091919,-3.7122439616047864,-2.2811021159804485,2.35588086346467,-0.23350737242632777,-0.4323770896667055,-0.011283801702005599,2.0,0.0,2.0,6.161153230475702,6.150866438187454
15.683659791946411,-3.7145731353936715,-2.2854255454574575,2.355767937043506,-0.23232750317004958,-0.4323083210754082,-0.011295200720679265,2.0,0.0,2.0,6.164907693438788,6.154633705070723
15.69373893737793,-3.716890516048256,-2.289748272993934,2.3556549067666213,-0.23114883764450436,-0.43223672638132216,-0.011312938503871753,2.0,0.0,2.0,6.16865258698108,6.158391374877144
15.703684568405151,-3.7191961152490927,-2.294070270929639,2.3555417283345164,-0.2299711414259599,-0.4321624149074892,-0.011318865754210945,2.0,0.0,2.0,6.1723879117591585,6.1621394509247756
15.7136812210083,-3.7214899436896713,-2.29839151254456,2.3554284354938826,-0.22879476605840995,-0.43208547400784214,-0.011342438399546838,2.0,0.0,2.0,6.176113672321498,6.165877935921121
15.723668098449707,-3.72377201367324,-2.302711971711191,2.3553149394036748,-0.22761936287908813,-0.43200592355710854,-0.011351531226034856,2.0,0.0,2.0,6.179829867830869,6.169606834245686
15.73371934890747,-3.726042335539599,-2.3070316223427425,2.355201350684285,-0.22644523510041945,-0.43192376770645086,-0.011368124292629601,2.0,0.0,2.0,6.183536507081455,6.173326148429319
15.743671655654907,-3.7283009219080867,-2.311350438306087,2.3550876287429694,-0.22527220439534174,-0.43183898591035585,-0.011372368524182188,2.0,0.0,2.0,6.187233592218503,6.177035883058377
15.753732681274414,-3.730547785043356,-2.3156683933688647,2.3549738079846816,-0.22410067332954728,-0.43175159281330083,-0.011394575386097287,2.0,0.0,2.0,6.190921129288274,6.18073604231024
15.764176607131958,-3.7327829390647045,-2.3199854614906315,2.3548597980193784,-0.22293027473943933,-0.43166160038617546,-0.011400793663837129,2.0,0.0,2.0,6.194599118926873,6.184426632110632
15.773725509643555,-3.735006395661855,-2.3243016169704895,2.354745731923019,-0.22176132335313475,-0.4315690837186825,-0.011417426167965733,2.0,0.0,2.0,6.1982675724150225,6.188107656217207
15.78366994857788,-3.737218169796148,-2.3286168350489658,2.3546314591889215,-0.22059368502006022,-0.4314741346528185,-0.011434088098031911,2.0,0.0,2.0,6.2019264881292315,6.191779121731695
15.793720006942749,-3.7394182743063586,-2.3329310920015067,2.3545169932821506,-0.21942743405255263,-0.43137688303482086,-0.011459611686985343,2.0,0.0,2.0,6.205575872229341,6.195441034137047
15.803673267364502,-3.7416067215955096,-2.3372443654333885,2.3544023559741403,-0.21826216322057515,-0.4312774509461802,-0.011462280738956195,2.0,0.0,2.0,6.209215731406091,6.19909339897544
15.813687801361084,-3.743783522852915,-2.341556634348553,2.3542876384710945,-0.21709834104175796,-0.4311760106786673,-0.011486001529225319,2.0,0.0,2.0,6.212846075675125,6.202736221157432
15.823704242706299,-3.7459486920936262,-2.345867879397956,2.3541726538714998,-0.21593565839560655,-0.4310726974379002,-0.011507455523929615,2.0,0.0,2.0,6.216466902390287,6.206369508800094
15.833714723587036,-3.7481022404898283,-2.350178082587521,2.354057429365963,-0.21477421690404958,-0.4309676663048928,-0.011538373392909626,2.0,0.0,2.0,6.220078218984724,6.2099932678706615
15.843653678894043,-3.750244179099462,-2.3544872274354516,2.353941968868128,-0.21361360808786195,-0.4308610505714068,-0.011547383562974618,2.0,0.0,2.0,6.223680032002783,6.21360750477723
15.85369324684143,-3.75237451594222,-2.3587952988895626,2.3538264931191657,-0.21245391153224838,-0.4307530182745925,-0.01154656453411223,2.0,0.0,2.0,6.2272723580198415,6.217212223635686
15.86371636390686,-3.7544932594303884,-2.363102283602711,2.353711128863848,-0.21129486390151644,-0.4306437277373352,-0.011520031688743548,2.0,0.0,2.0,6.230855209221304,6.220807429554312
15.8737051486969,-3.756600417630387,-2.3674081699750666,2.3535959567102065,-0.21013700894960427,-0.4305333888615021,-0.011523017188436914,2.0,0.0,2.0,6.234428595479208,6.224393127970552
15.883670091629028,-3.7586960023071105,-2.371712948396197,2.353480649327774,-0.20898000792058738,-0.43042215698571895,-0.011535625394388507,2.0,0.0,2.0,6.23799250769246,6.227969328487262
15.89367961883545,-3.760780020849589,-2.3760166106951552,2.3533651608328974,-0.20782382716200293,-0.43031019284619576,-0.011564770107463086,2.0,0.0,2.0,6.241546949259418,6.231536037199743
15.90366506576538,-3.7628524800521324,-2.3803191502056165,2.353249399315831,-0.20666804368056632,-0.4301976158967101,-0.011583442909977301,2.0,0.0,2.0,6.2450919210044935,6.235093260223025
15.913787603378296,-3.764913383943934,-2.3846205614330227,2.353133420244876,-0.2055128152438417,-0.4300845570331593,-0.011613982373323378,2.0,0.0,2.0,6.248627429994437,6.238641001563166
15.923676490783691,-3.766962736584706,-2.388920839939411,2.353017195285815,-0.20435769145718305,-0.42997107716306343,-0.011624927253877017,2.0,0.0,2.0,6.252153478987927,6.242179265661423
15.933724641799927,-3.769000538750505,-2.39321998179576,2.3529009123923617,-0.20320277837547232,-0.429857237223728,-0.011631489090454486,2.0,0.0,2.0,6.25567008012231,6.245708054125657
15.943692922592163,-3.77102679193332,-2.397517983523242,2.3527846435996067,-0.20204781934764174,-0.4297430496991983,-0.01161629215800621,2.0,0.0,2.0,6.259177239804703,6.2492273694057205
15.953662157058716,-3.7730414969747357,-2.4018148417897685,2.3526684740652426,-0.20089329357619923,-0.4296285545540866,-0.011624629039398714,2.0,0.0,2.0,6.2626749646323985,6.25273721341573
15.963707208633423,-3.775044658157727,-2.406110553521728,2.3525521555777886,-0.19973890323782445,-0.4295137333703224,-0.011634149785543063,2.0,0.0,2.0,6.266163245710032,6.256237591355105
15.973686456680298,-3.7770362763312355,-2.410405115405963,2.352435704384733,-0.19858481313014004,-0.429398590244636,-0.011662005293697054,2.0,0.0,2.0,6.269642085809004,6.259728505168759
15.983688116073608,-3.7790163546907465,-2.4146985240968966,2.3523189175961337,-0.19743082730297712,-0.4292830784626151,-0.011691090735193938,2.0,0.0,2.0,6.273111477548838,6.263209958963444
15.993669748306274,-3.7809848937308526,-2.418990775545139,2.3522018484548286,-0.19627702815594322,-0.42916713165543036,-0.011724261726722448,2.0,0.0,2.0,6.276571425210726,6.266681954089963
16.00366234779358,-3.7829418951601794,-2.4232818648558916,2.3520845083937902,-0.19512323689078936,-0.4290506237869051,-0.011737619417201308,2.0,0.0,2.0,6.28002193152135,6.270144492700169
16.01370406150818,-3.7848873597295554,-2.4275717857300987,2.351967095253821,-0.19396974562662847,-0.4289334224879255,-0.011744332760235244,2.0,0.0,2.0,6.283463008228266,6.273597575524876
16.023675680160522,-3.7868212909091254,-2.431860530386084,2.351849708258067,-0.19281652524511395,-0.4288153464815186,-0.011726789665092413,2.0,0.0,2.0,6.286894663454298,6.27704120523108
16.033700227737427,-3.7887436940754853,-2.4361480893160596,2.35173243953677,-0.19166433417744624,-0.4286962592144466,-0.01173460798707656,2.0,0.0,2.0,6.2903169059912605,6.280475385572097
16.04370903968811,-3.7906545806867067,-2.440434451560206,2.3516150113142995,-0.1905130986072446,-0.42857597130333047,-0.01174630469932757,2.0,0.0,2.0,6.293729728974025,6.2839001253353715
16.053675174713135,-3.7925539600631386,-2.4447196042345136,2.351497471278891,-0.1893629991597934,-0.4284543271439283,-0.01176481192917514,2.0,0.0,2.0,6.297133141032287,6.287315430577004
16.06375503540039,-3.7944418441605596,-2.449003533077483,2.351379750482829,-0.18821398001643783,-0.4283311787760065,-0.011775702610223955,2.0,0.0,2.0,6.300527146154851,6.290721309228761
16.0737247467041,-3.796318244577412,-2.4532862225129746,2.35126188795515,-0.1870663263141156,-0.4282064344307796,-0.011798073356969292,2.0,0.0,2.0,6.30391175350058,6.294117768360627
16.083651304244995,-3.798183173907269,-2.457567656078824,2.351143871496672,-0.18591966138045318,-0.42807998695059246,-0.011797809145116765,2.0,0.0,2.0,6.30728696991629,6.297504815590548
16.093686819076538,-3.800036642160118,-2.4618478165190703,2.3510259058436747,-0.18477422491303375,-0.42795181503290003,-0.011798660234680996,2.0,0.0,2.0,6.3106528116093585,6.30088245582313
16.103651762008667,-3.80187866190587,-2.4661266865798988,2.3509079243795146,-0.18362987082295515,-0.42782190685498406,-0.011794594325524016,2.0,0.0,2.0,6.314009281996071,6.304250696295333
16.11375904083252,-3.8037092439158444,-2.470404249030803,2.350789934662212,-0.18248671018508014,-0.4276903030235445,-0.011804924589255554,2.0,0.0,2.0,6.317356386955226,6.307609542571866
16.123655080795288,-3.8055283982291748,-2.474680487004746,2.3506719025941325,-0.181344233719613,-0.4275570128600761,-0.011796468461495964,2.0,0.0,2.0,6.320694129498472,6.31095899966142
16.13371706008911,-3.807336132797633,-2.478955384030991,2.350553861151492,-0.18020287356669246,-0.42742213358248954,-0.011818455073017766,2.0,0.0,2.0,6.324022514577366,6.314299070784754
16.143690824508667,-3.809132457980052,-2.48322892446569,2.350435524529141,-0.17906223094135487,-0.4272856937150139,-0.011845988347262729,2.0,0.0,2.0,6.327341531995282,6.317629761679643
16.15364670753479,-3.810917379664196,-2.487501092876767,2.350316910267917,-0.1779221854793208,-0.42714773803235506,-0.011876016070506852,2.0,0.0,2.0,6.3306511843542745,6.3209510740351815
16.16370940208435,-3.8126909021789563,-2.4917718741737347,2.3501981113385955,-0.1767823254491148,-0.42700826947330917,-0.0118771887979872,2.0,0.0,2.0,6.333951477109879,6.3242630082245395
16.173722982406616,-3.8144530283416356,-2.4960412534379617,2.3500793209758677,-0.17564301025274767,-0.4268673425590703,-0.011882653078877654,2.0,0.0,2.0,6.337242419903967,6.327565563283827
16.1836519241333,-3.816203763473762,-2.5003092161243208,2.3499605123247247,-0.17450406062004678,-0.42672494864045385,-0.01187520134537191,2.0,0.0,2.0,6.3405240126246,6.330858740683017
16.193677186965942,-3.8179431126417605,-2.5045757476808044,2.3498417097172086,-0.1733659110380702,-0.4265811239339137,-0.01188881856557482,2.0,0.0,2.0,6.343796257735932,6.334142541639442
16.203715324401855,-3.819671083201774,-2.5088408336867216,2.3497227856168585,-0.1722282407660899,-0.42643582680360187,-0.011889895434255775,2.0,0.0,2.0,6.347059151466008,6.337416969509643
16.213740348815918,-3.8213876809501564,-2.513104459439455,2.349603808038537,-0.17109151378689713,-0.4262890868600199,-0.011912911500213981,2.0,0.0,2.0,6.350312699274561,6.340682026089363
16.223655462265015,-3.82309291619886,-2.5173666105402646,2.349484513967552,-0.16995563741474434,-0.42614088530187866,-0.011942949081288812,2.0,0.0,2.0,6.353556892643007,6.343937717423487
16.233736038208008,-3.8247867968751885,-2.5216272722966098,2.349364919024453,-0.16882063768160052,-0.4259912218638083,-0.011975280639229919,2.0,0.0,2.0,6.356791736095066,6.347184047232407
16.243653535842896,-3.8264693308685946,-2.5258864300165604,2.349245113112867,-0.16768623763172902,-0.4258400729640258,-0.011978379155081391,2.0,0.0,2.0,6.360017238178474,6.350421019184014
16.25366473197937,-3.828140524072382,-2.530144068892629,2.3491254332547884,-0.16655252812032867,-0.42568746100456945,-0.011953158217325118,2.0,0.0,2.0,6.363233419090689,6.353648635051142
16.263696908950806,-3.829800383616613,-2.5344001744173075,2.3490061781529783,-0.16541949131549005,-0.4255334053728047,-0.011891003544960825,2.0,0.0,2.0,6.366440298101588,6.356866897843849
16.27372455596924,-3.831448919947213,-2.538654732680027,2.3488874224494443,-0.16428811114986094,-0.42537803808197905,-0.01187222389904308,2.0,0.0,2.0,6.3696378854104125,6.360075813833686
16.283649921417236,-3.8330861506081084,-2.542907730868287,2.348768672055955,-0.16315820702657322,-0.425221382426413,-0.011875983511001324,2.0,0.0,2.0,6.372826166994789,6.363275396218981
16.293680429458618,-3.83471208919256,-2.547159156213484,2.348649823144894,-0.16202975118672092,-0.42506348362206176,-0.011896332289507618,2.0,0.0,2.0,6.376005146644015,6.366465654572559
16.30365777015686,-3.836326749455319,-2.5514089964588686,2.348530786750463,-0.1609024744257167,-0.42490436379025365,-0.011907159636124875,2.0,0.0,2.0,6.3791748293123165,6.3696465988011415
16.31369686126709,-3.8379301437084385,-2.5556572397175126,2.3484116178112497,-0.15977660113949912,-0.42474410145858943,-0.011927429834266015,2.0,0.0,2.0,6.382335226636566,6.37281823761985
16.323687076568604,-3.839522284743035,-2.5599038747290583,2.3482923292231863,-0.15865173356116266,-0.42458271453165186,-0.011922756347771913,2.0,0.0,2.0,6.385486348623656,6.3759805804176795
16.333725214004517,-3.841103183848053,-2.5641488907206242,2.3481730503571234,-0.1575283920144139,-0.4244203294434621,-0.011941696100726845,2.0,0.0,2.0,6.388628210432867,6.3791336353884045
16.343658208847046,-3.842672857069123,-2.5683922782015793,2.348053456999427,-0.15640642584029646,-0.4242570130934359,-0.01197478181965447,2.0,0.0,2.0,6.3917608073509,6.382277415582761
16.35367250442505,-3.844231316319952,-2.5726340281289355,2.347933547345732,-0.15528558671704606,-0.42409283431916445,-0.012004806459239558,2.0,0.0,2.0,6.394884148654324,6.385411930435009
16.363790273666382,-3.8457785710295873,-2.576874132187472,2.347813490104402,-0.1541654362854716,-0.4239278478131858,-0.011997912714135625,2.0,0.0,2.0,6.3979982509019395,6.388537187388492
16.373710870742798,-3.8473146287366524,-2.581112582904622,2.3476935713237745,-0.1530463116943708,-0.42376219794605724,-0.011989102383223559,2.0,0.0,2.0,6.401103135601402,6.391653192489892
16.383724212646484,-3.8488395002410756,-2.585349374235187,2.34757373785309,-0.15192809988116163,-0.4235959766840954,-0.011973070012645966,2.0,0.0,2.0,6.4041988093502935,6.3947599553414465
16.393796920776367,-3.850353194856319,-2.5895845009851595,2.347454023517411,-0.15081103141972407,-0.42342930846452187,-0.01197464513641161,2.0,0.0,2.0,6.407285282455163,6.397857484526215
16.403713703155518,-3.851855723523893,-2.593817959070487,2.3473342765127443,-0.1496947869498864,-0.4232622426499556,-0.011969194786090768,2.0,0.0,2.0,6.410362557092739,6.400945790563761
16.413697719573975,-3.8533470946506814,-2.5980497448982702,2.3472145354315215,-0.1485796605660384,-0.42309488307791215,-0.01198620912045851,2.0,0.0,2.0,6.413430643659948,6.40402488185528
16.423654794692993,-3.854827319675808,-2.6022798558464104,2.3470945380718544,-0.14746544942078407,-0.4229272611380593,-0.012010438246463993,2.0,0.0,2.0,6.416489539438643,6.407094769969164
16.433729887008667,-3.8562964066782595,-2.6065082893830245,2.346974295100243,-0.14635207464472058,-0.4227594087430732,-0.01203740423636857,2.0,0.0,2.0,6.419539253478821,6.410155463441983
16.443681478500366,-3.8577543625814315,-2.6107350431954197,2.3468538957291103,-0.14523914351076117,-0.4225913106344752,-0.012034416596149504,2.0,0.0,2.0,6.422579798110168,6.413206969848266
16.453678607940674,-3.859201191816666,-2.614960114944974,2.346733628304937,-0.1441268322375915,-0.4224230102010941,-0.012019552526144854,2.0,0.0,2.0,6.42561119411503,6.416249294481854
16.46369242668152,-3.860636900904945,-2.61918350274701,2.34661357134075,-0.14301504331259482,-0.4222545162217565,-0.011986361282217545,2.0,0.0,2.0,6.428633453009154,6.41928244473717
16.473692178726196,-3.862061496374602,-2.6234052049197487,2.3464937803141392,-0.1419042479120198,-0.42208590420918773,-0.011979205809564488,2.0,0.0,2.0,6.431646585150187,6.422306428104912
16.48364520072937,-3.8634749881585675,-2.6276252203988313,2.3463739841906626,-0.1407941852524072,-0.4219171677713804,-0.011976902113865935,2.0,0.0,2.0,6.434650586672227,6.425321255442183
16.493762493133545,-3.8648773833720047,-2.6318435480544102,2.346254143362717,-0.139685005313415,-0.4217483530215917,-0.011994863665973746,2.0,0.0,2.0,6.437645463616331,6.428326935013812
16.503655433654785,-3.866268690015196,-2.636060187170365,2.346134120315292,-0.1385763853648657,-0.4215794558203011,-0.012005925184708293,2.0,0.0,2.0,6.440631217752163,6.431323476069079
16.51367974281311,-3.8676489138762378,-2.640275137132402,2.3460139591018887,-0.13746850248121328,-0.4214105353972212,-0.012027583850032235,2.0,0.0,2.0,6.443607858658523,6.43431088588922
16.523651123046875,-3.8690180611735223,-2.6444883977917892,2.3458936479341066,-0.1363609845613589,-0.42124159294964103,-0.012028368711240285,2.0,0.0,2.0,6.446575393502937,6.43728917234859
16.53369450569153,-3.8703761353896935,-2.648699969153229,2.3457733992162346,-0.13525394046775702,-0.4210726905607087,-0.012020397632615344,2.0,0.0,2.0,6.449533839057727,6.4402583409010195
16.543694972991943,-3.871723140798499,-2.652909851815657,2.345653327850585,-0.13414715923854942,-0.42090385400164965,-0.011987715065342311,2.0,0.0,2.0,6.452483207812582,6.443218397978542
16.553670644760132,-3.8730590816639348,-2.6571180468721836,2.3455335169148652,-0.13304118310814814,-0.4207351945717156,-0.011982525016919465,2.0,0.0,2.0,6.455423510742004,6.446169350221035
16.56375789642334,-3.874383966080765,-2.661324556308657,2.345413667906162,-0.13193572191488856,-0.42056671867477446,-0.01198276762703279,2.0,0.0,2.0,6.458354742264832,6.449111208140099
16.573716402053833,-3.875697798389076,-2.665529382028303,2.3452937783022834,-0.13083086591899049,-0.4203984678040951,-0.012000724302364702,2.0,0.0,2.0,6.461276909232779,6.452043978806285
16.583687782287598,-3.8770005845556303,-2.669732526389516,2.3451736581936364,-0.12972638899452874,-0.4202304378805124,-0.012020118557130748,2.0,0.0,2.0,6.464190010174526,6.4549676709747645
16.593737602233887,-3.8782923276583228,-2.673933991599687,2.3450533387833974,-0.1286222767099922,-0.420062642282924,-0.012043255928216942,2.0,0.0,2.0,6.46709405277552,6.457882290723402
16.603661060333252,-3.8795730298989315,-2.678133779882226,2.344932896871269,-0.1275181457031238,-0.4198950451132039,-0.01203869479305959,2.0,0.0,2.0,6.469989046374435,6.460787843356348
16.613699197769165,-3.8808426921085313,-2.6823318933629228,2.3448125057814884,-0.12641436603563733,-0.4197276934542357,-0.012041999668799987,2.0,0.0,2.0,6.472875004170986,6.463684332907838
16.623685121536255,-3.8821013175444414,-2.68652833448089,2.344692101478781,-0.12531071953633294,-0.41956056486917054,-0.012035110740638453,2.0,0.0,2.0,6.4757519290541525,6.466571765767911
16.633687734603882,-3.883348908304889,-2.690723105579133,2.3445717124820193,-0.12420750056390846,-0.419393699064755,-0.012045251900088209,2.0,0.0,2.0,6.478619827771385,6.469450147249745
16.643704652786255,-3.884585467662402,-2.694916209235033,2.344451258679345,-0.12310434571275089,-0.4192270691822586,-0.012039580925808865,2.0,0.0,2.0,6.481478702474231,6.472319483849763
16.653658151626587,-3.885810995836354,-2.6991076478825375,2.3443309406426973,-0.12200131490266386,-0.41906070857796995,-0.012022455635457976,2.0,0.0,2.0,6.4843285674193,6.475179779246761
16.663716316223145,-3.887025493861327,-2.70329742437005,2.344210899570331,-0.12089829171398947,-0.4188946415797457,-0.011981676121958674,2.0,0.0,2.0,6.487169434611829,6.478031038053071
16.67369294166565,-3.8882289643591506,-2.70748554215541,2.344091153467768,-0.11979592236816151,-0.4187289897796715,-0.011973269183225634,2.0,0.0,2.0,6.4900013112166155,6.480873266597535
16.683673620224,-3.889421413077872,-2.7116720055794774,2.343971459373972,-0.11869381324526353,-0.41856376570566967,-0.01195997892300438,2.0,0.0,2.0,6.492824193794827,6.483706474437564
16.69368290901184,-3.8906028430241113,-2.7158568192846126,2.3438518362549337,-0.11759232392340717,-0.4183990747882845,-0.011973008397821425,2.0,0.0,2.0,6.49563809047228,6.486530668785778
16.703657865524292,-3.8917732610569575,-2.7200399890136495,2.343731962316548,-0.11649131265386968,-0.4182349685684573,-0.011999653178495138,2.0,0.0,2.0,6.49844299532258,6.489345860835214
16.713787078857422,-3.892932670376529,-2.7242215207770575,2.3436118378724564,-0.11539057257370798,-0.41807149222222273,-0.012022674119469114,2.0,0.0,2.0,6.5012389163129525,6.4921520585901185
16.723663568496704,-3.8940810719698593,-2.7284014210336616,2.343491641242957,-0.11428970430650494,-0.41790867219398503,-0.012009023781404091,2.0,0.0,2.0,6.504025869018023,6.494949268258519
16.7337327003479,-3.8952184653925066,-2.732579696795841,2.3433716430388745,-0.11318902180667774,-0.41774661425931486,-0.01199135232539744,2.0,0.0,2.0,6.506803872815658,6.497737495008984
16.743696451187134,-3.8963448522806896,-2.7367563560119472,2.343251874968714,-0.1120883191143587,-0.41758536601290075,-0.011957044111738879,2.0,0.0,2.0,6.509572936749255,6.500516746320155
16.753673315048218,-3.8974602333061266,-2.7409314072138917,2.343132390909099,-0.11098796695932729,-0.41742503481759285,-0.011946322361588936,2.0,0.0,2.0,6.512333070426426,6.50328702907066
16.76377010345459,-3.898564611544587,-2.7451048598292154,2.3430129579494663,-0.1098876378674819,-0.4172656446511913,-0.011936872289289866,2.0,0.0,2.0,6.515084270931985,6.506048352727184
16.77369785308838,-3.8996579871026773,-2.749276723523541,2.3428935392989647,-0.10878750677021674,-0.4171072667844364,-0.011951427217743971,2.0,0.0,2.0,6.51782654314962,6.508800724195875
16.783662796020508,-3.900740360977893,-2.7534470085382545,2.342773949728324,-0.10768718587868292,-0.41694990274964927,-0.011961727341411812,2.0,0.0,2.0,6.520559885248669,6.511544151466822
16.793693780899048,-3.90181173068368,-2.757615725116385,2.3426542550792684,-0.1065867466514255,-0.41679359136407135,-0.011979934325654133,2.0,0.0,2.0,6.523284305498925,6.514278639407794
16.803674459457397,-3.9028720943826416,-2.761782883819266,2.3425344110915303,-0.10548587179408905,-0.4166383181449117,-0.0119821407937529,2.0,0.0,2.0,6.525999807139148,6.51700419364591
16.813734769821167,-3.90392144705638,-2.7659484950072883,2.342414619151363,-0.10438462021620094,-0.41648409696418653,-0.011977046771625595,2.0,0.0,2.0,6.528706403373792,6.519720816879
16.82364773750305,-3.904959785005937,-2.7701125692093562,2.342294934442193,-0.103282871205054,-0.41633091467202993,-0.011955933732422,2.0,0.0,2.0,6.531404101016397,6.522428513109901
16.83370852470398,-3.905987104677918,-2.7742751169357525,2.3421753844958038,-0.10218105185729301,-0.41617880937302915,-0.011957934492917526,2.0,0.0,2.0,6.534092905585716,6.525127286503362
16.843692302703857,-3.907003404449233,-2.7784361488161586,2.3420558223492165,-0.101078779699148,-0.4160277323267487,-0.01194819514348326,2.0,0.0,2.0,6.536772815298555,6.52781714305963
16.8536479473114,-3.9080086795758544,-2.7825956750462306,2.3419363920132397,-0.09997623086342801,-0.4158776873797412,-0.011940916653017018,2.0,0.0,2.0,6.539443840642157,6.530498085807056
16.863674879074097,-3.9090029277798664,-2.7867537059057192,2.341817036131742,-0.09887331466199642,-0.4157286467796478,-0.011925661428218198,2.0,0.0,2.0,6.542105983861786,6.533170120078789
16.873730897903442,-3.9099861458844356,-2.790910251378211,2.341697803028998,-0.09777031290903164,-0.4155806159597652,-0.011925066773108978,2.0,0.0,2.0,6.544759251828045,6.535833250305116
16.883686065673828,-3.9109583328176454,-2.7950653214126717,2.341578577086365,-0.09666698792722245,-0.415433545657364,-0.01191566475458993,2.0,0.0,2.0,6.547403644773585,6.538487482841126
16.89371347427368,-3.911919486000513,-2.799218925542211,2.3414593941905224,-0.09556365635620953,-0.41528743942778723,-0.011924790552862306,2.0,0.0,2.0,6.550039169344502,6.541132822536649
16.90367341041565,-3.912869604887773,-2.803371073222096,2.3413401100047158,-0.09446002743637923,-0.415142241362602,-0.011927117853038294,2.0,0.0,2.0,6.5526658246306235,6.5437692760811865
16.91367793083191,-3.9138086863950465,-2.80752177338364,2.3412207920481554,-0.0933562682127093,-0.4149979394580407,-0.011939895560331308,2.0,0.0,2.0,6.555283618290723,6.546396847679244
16.923685312271118,-3.9147367287370747,-2.8116710348049527,2.341101362389888,-0.09225208140976754,-0.4148544783467763,-0.011940019968972258,2.0,0.0,2.0,6.55789255154861,6.549015542677579
16.933713912963867,-3.9156537260993582,-2.81581886562552,2.3409820640343755,-0.09114728249902365,-0.4147118166240162,-0.011915322030642802,2.0,0.0,2.0,6.560492638447128,6.551625362543695
16.943693161010742,-3.916559671692916,-2.8199652736775427,2.340863181173334,-0.09004171587550641,-0.41456992081544114,-0.011856667578772866,2.0,0.0,2.0,6.563083894155997,6.554226307768922
16.95367193222046,-3.9174545611925016,-2.8241102668551585,2.34074473073504,-0.08893619926321757,-0.41442885201260693,-0.011841632960215278,2.0,0.0,2.0,6.565666322214247,6.556818381130795
16.963720321655273,-3.9183383941452115,-2.828253853276803,2.34062634293633,-0.08783025490950212,-0.4142885540125194,-0.011831104866507035,2.0,0.0,2.0,6.568239909723957,6.559401589031457
16.97373104095459,-3.9192111657661326,-2.8323960405572235,2.340508005082169,-0.08672406552206285,-0.41414903441225387,-0.011843767517151313,2.0,0.0,2.0,6.57080465826064,6.561975933778993
16.9836585521698,-3.9200728740147,-2.836536836470987,2.3403894423912264,-0.08561747193662753,-0.4140102691275119,-0.011866449902979418,2.0,0.0,2.0,6.57336055840488,6.564541420259416
16.993674278259277,-3.920923513571329,-2.8406762483920343,2.3402706692055317,-0.08451032649037099,-0.41387223397896156,-0.011885647133914932,2.0,0.0,2.0,6.575907612646492,6.567098050260899
17.003700971603394,-3.9217630773709846,-2.844814283430716,2.340151864751691,-0.08340225405549609,-0.41373488507125694,-0.011866456314891834,2.0,0.0,2.0,6.5784458303477535,6.569645823918189
17.013678073883057,-3.922591558390272,-2.848950948595516,2.3400332239427875,-0.08229398021149979,-0.4135982754802956,-0.011871138820694797,2.0,0.0,2.0,6.580975221682872,6.572184741394523
17.02366614341736,-3.9234089560820604,-2.8530862513241373,2.339914392553702,-0.08118546820868656,-0.4134623834782175,-0.011893288194244409,2.0,0.0,2.0,6.583495774491933,6.574714808909051
17.03371024131775,-3.9242152665249894,-2.857220198534225,2.3397953507155154,-0.08007653146033908,-0.41332716713637774,-0.011912688661289812,2.0,0.0,2.0,6.586007490688694,6.577236029445781
17.043662309646606,-3.9250104841063465,-2.8613527967142187,2.3396762667575217,-0.07896684132806156,-0.4131925672985578,-0.011896190948836108,2.0,0.0,2.0,6.588510380217423,6.579748404311095
17.053661108016968,-3.925794601820825,-2.8654840519048586,2.3395574727961383,-0.07785662837473366,-0.41305856920460315,-0.011860268698312809,2.0,0.0,2.0,6.591004460021372,6.582251933395585
17.06369948387146,-3.9265676146961197,-2.8696139699569323,2.339439160184575,-0.07674583817949161,-0.41292513001730524,-0.011796144037584624,2.0,0.0,2.0,6.593489741525625,6.5847466183701275
17.073742866516113,-3.927329519325549,-2.8737425564642765,2.339321419272686,-0.07563514673175555,-0.4127922678533788,-0.011760236003365758,2.0,0.0,2.0,6.595966232257341,6.587232462233428
17.08371901512146,-3.928080317188966,-2.8778698170366415,2.339203940898541,-0.07452435227675736,-0.4126599251269193,-0.011731343417895975,2.0,0.0,2.0,6.598433923619668,6.589709472416349
17.093702793121338,-3.9288200071191137,-2.8819957566648116,2.339086681039048,-0.07341369264522211,-0.41252808423953724,-0.011727926288365857,2.0,0.0,2.0,6.600892818059384,6.592177653723379
17.103681325912476,-3.92954859085965,-2.886120380225512,2.338969359955299,-0.07230300931166209,-0.4123966973753251,-0.011734011691130445,2.0,0.0,2.0,6.6033429085204425,6.594637013552657
17.113696098327637,-3.9302660673189798,-2.8902436920341334,2.338851964675937,-0.07119225495697466,-0.4122657309358896,-0.011744288634288853,2.0,0.0,2.0,6.605784198904985,6.597087556531141
17.12369418144226,-3.930972434388576,-2.894365696055741,2.3387345800288335,-0.07008106021881018,-0.4121351307355273,-0.011725554223062823,2.0,0.0,2.0,6.608216697089214,6.599529286243178
17.133716821670532,-3.9316676879117862,-2.898486395885022,2.338617473924032,-0.06896961146182407,-0.4120048956853566,-0.01169445539961986,2.0,0.0,2.0,6.610640418340267,6.601962204295576
17.143665075302124,-3.932351825296505,-2.902605795111369,2.338500773778301,-0.06785780371297855,-0.41187500649503883,-0.01164180850564578,2.0,0.0,2.0,6.613055372122737,6.604386313724605
17.153685808181763,-3.933024845374739,-2.9067238973648157,2.338384480728688,-0.06674625984630067,-0.4117455096965599,-0.011622687078332113,2.0,0.0,2.0,6.615461562744029,6.606801618888344
17.16372013092041,-3.9336867499101453,-2.910840706488589,2.338268341015784,-0.06563457124079215,-0.4116163704881339,-0.0115999325758748,2.0,0.0,2.0,6.617858984229248,6.609208126894644
17.173743724822998,-3.934337537911756,-2.9149562261046618,2.3381523580353623,-0.06452311427469967,-0.4114876219093889,-0.011605315772881057,2.0,0.0,2.0,6.620247641230633,6.61160584230298
17.183640956878662,-3.934977212455739,-2.919070460199468,2.338036193806071,-0.06341176473450938,-0.41135925762954906,-0.011625560963891906,2.0,0.0,2.0,6.622627524804708,6.613994773507008
17.19370174407959,-3.935605773231251,-2.9231834125301344,2.337919835857174,-0.06230036291116399,-0.411231270427423,-0.011643785054308308,2.0,0.0,2.0,6.624998639545009,6.616374925781297
17.203686952590942,-3.9362232182848316,-2.9272950867901204,2.3378034461572663,-0.061188553721020306,-0.4111036395894864,-0.011625488135956888,2.0,0.0,2.0,6.627360997462356,6.618746302922443
17.213719606399536,-3.9368295447350956,-2.931405486683808,2.337687299479762,-0.06007678890576175,-0.4109764104606325,-0.01160769462747914,2.0,0.0,2.0,6.62971461548907,6.621108907924673
17.223670482635498,-3.9374247540806544,-2.935514616358711,2.3375713114391643,-0.05896506284606924,-0.41084959189805076,-0.011587131353372294,2.0,0.0,2.0,6.6320594963806005,6.623462747930673
17.2337167263031,-3.9380088473047765,-2.9396224800204966,2.3374554688473164,-0.05785362326715725,-0.4107232142875619,-0.01158346738719078,2.0,0.0,2.0,6.634395646113263,6.62580782966965
17.243714809417725,-3.938581826164373,-2.9437290820410085,2.337339710195256,-0.05674210823814162,-0.4105972586781665,-0.011562855256374667,2.0,0.0,2.0,6.636723068998616,6.628144160660946
17.253653526306152,-3.939143690561296,-2.9478344267338943,2.3372241529279254,-0.055630820257112544,-0.41047175687206394,-0.011550999795550408,2.0,0.0,2.0,6.639041776784476,6.630471746759171
17.263710021972656,-3.9396944425431086,-2.9519385186435785,2.337108732023656,-0.054519543213657526,-0.4103466959587891,-0.011528289600029055,2.0,0.0,2.0,6.641351773986658,6.632790595867559
17.2737078666687,-3.9402340828886055,-2.956041362236093,2.3369934962753116,-0.05340860654018036,-0.4102221019604513,-0.01152412183767081,2.0,0.0,2.0,6.643653069757174,6.635100714741417
17.283673763275146,-3.9407626147964474,-2.960142962143629,2.336878274743648,-0.05229774719315268,-0.4100979492866497,-0.011516026054338397,2.0,0.0,2.0,6.645945664364541,6.637402112399971
17.293717861175537,-3.9412800389263745,-2.9642433227295495,2.3367631096739356,-0.051187119383166634,-0.40997424127061893,-0.011519208875145154,2.0,0.0,2.0,6.648229566533406,6.6396947954926135
17.303674459457397,-3.941786356899823,-2.968342448332003,2.336647939364964,-0.05007644227160454,-0.4098509448913983,-0.011510956278447617,2.0,0.0,2.0,6.650504780592912,6.641978771541693
17.31372570991516,-3.942281568973988,-2.9724403430632087,2.3365327987963544,-0.048966008236360395,-0.40972807006845274,-0.01151980870997622,2.0,0.0,2.0,6.652771314475148,6.644254046771366
17.323655128479004,-3.942765676437556,-2.9765370109806906,2.336417604331455,-0.047855414621998195,-0.40960557163209793,-0.011512844459487696,2.0,0.0,2.0,6.655029171031957,6.6465206283274405
17.333738565444946,-3.943238676535153,-2.980632455686521,2.336302603025289,-0.046744559574516495,-0.40948342715956126,-0.011483835826463009,2.0,0.0,2.0,6.657278366040942,6.648778519559451
17.343676328659058,-3.943700566164448,-2.984726680609412,2.3361880431054756,-0.04563328033794818,-0.40936160948898537,-0.011421533597400085,2.0,0.0,2.0,6.659518914943658,6.651027723454869
17.353689193725586,-3.9441513432443553,-2.988819689107871,2.3360740487780554,-0.04452220688167486,-0.4092401516676462,-0.011385237066028703,2.0,0.0,2.0,6.661750827797046,6.653268243907842
17.363733768463135,-3.944591009998173,-2.9929114847139595,2.3359603271284843,-0.04341108712824663,-0.40911901866593203,-0.01135629132477863,2.0,0.0,2.0,6.663974097555308,6.655500088759958
17.37371301651001,-3.945019565597365,-2.9970020705703253,2.3358468180588714,-0.04230004777688847,-0.4089982045090866,-0.011349708019793635,2.0,0.0,2.0,6.666188726066685,6.657723262973484
17.383652687072754,-3.9454370100523715,-3.001091449721331,2.335733349856096,-0.04118877124651137,-0.4088776679559302,-0.011340980006695305,2.0,0.0,2.0,6.668394710295467,6.6599377722386395
17.39371681213379,-3.945843341000899,-3.0051796248482217,2.3356199272224454,-0.040077388407898526,-0.4087573993903015,-0.011344755834204663,2.0,0.0,2.0,6.670592053849226,6.66214361998656
17.403667449951172,-3.946238555992943,-3.009266598418901,2.3355065355325664,-0.03896549465082857,-0.4086373465335209,-0.01132757086218444,2.0,0.0,2.0,6.672780759212891,6.664340809497719
17.413735151290894,-3.9466226502981727,-3.0133523725035483,2.335393342501097,-0.037853331305740145,-0.4085175041059184,-0.01131231823983587,2.0,0.0,2.0,6.6749608358481085,6.666529341862377
17.423676013946533,-3.9469956210145045,-3.0174369490618425,2.3352803420974904,-0.03674072209531047,-0.40839783251902095,-0.011284305004631266,2.0,0.0,2.0,6.677132286073591,6.668709219776293
17.433754920959473,-3.947357465011368,-3.021520329759505,2.3351675424783176,-0.03562806659196693,-0.40827833297386096,-0.011279164208870944,2.0,0.0,2.0,6.67929511260787,6.670880445621584
17.443669080734253,-3.9477081807560395,-3.0256025160875355,2.3350548100224464,-0.034514967599986804,-0.4081589458548919,-0.011261616834007534,2.0,0.0,2.0,6.681449312425166,6.673043023148251
17.4537410736084,-3.9480477631472675,-3.0296835089739576,2.3349423301783676,-0.03340144651308264,-0.40803964366045226,-0.011232993589243187,2.0,0.0,2.0,6.6835948950976425,6.6751969526921044
17.463685750961304,-3.948376207793169,-3.0337633091126595,2.3348302325767163,-0.03228737262332955,-0.4079203882338098,-0.011180971728990846,2.0,0.0,2.0,6.685731867926309,6.677342235138022
17.473713636398315,-3.9486935108328898,-3.0378419169597333,2.334718608805831,-0.031173258604320547,-0.4078011909223641,-0.011149791996102262,2.0,0.0,2.0,6.687860236678382,6.679478871758104
17.483662605285645,-3.9489996719020954,-3.041919332968583,2.3346072543440557,-0.03005885388024693,-0.40768200702520296,-0.011115805199225774,2.0,0.0,2.0,6.689979995428906,6.681606866957923
17.493690252304077,-3.9492946877806743,-3.0459955571254214,2.334496234994902,-0.02894433957706875,-0.4075628253724012,-0.01109287369404341,2.0,0.0,2.0,6.692091149058635,6.683726222406417
17.50365900993347,-3.949578558019074,-3.050070589377409,2.33438539641575,-0.027829639073917042,-0.4074436153501205,-0.011071489071714657,2.0,0.0,2.0,6.694193693908288,6.685836942240319
17.51371455192566,-3.949851280273115,-3.054144429277827,2.334274781783218,-0.026714792187019862,-0.4073243542023742,-0.011051836871671213,2.0,0.0,2.0,6.696287634353279,6.687939028748424
17.52370047569275,-3.950112852483787,-3.058217076117337,2.3341644463985243,-0.025599563242347727,-0.4072049919340085,-0.01100893009731808,2.0,0.0,2.0,6.698372975520642,6.690032484371689
17.533729076385498,-3.9503632712354366,-3.062288528715419,2.334054612276228,-0.024484177362787022,-0.40708550380888,-0.010957409993157346,2.0,0.0,2.0,6.700449729440015,6.692117310147046
17.54369306564331,-3.9506025353393732,-3.0663587855780827,2.333945363128573,-0.023368612093916618,-0.4069658328536764,-0.010888865370333069,2.0,0.0,2.0,6.7025179030745115,6.694193508965757
17.55366015434265,-3.950830644726781,-3.070427844681469,2.3338367529551873,-0.022253313763537615,-0.40684594596121054,-0.010835392525153493,2.0,0.0,2.0,6.704577502664751,6.696261084486972
17.563689947128296,-3.9510476015701523,-3.0744957034463636,2.3337287130652453,-0.02113802653312593,-0.40672574552190227,-0.010766745188921862,2.0,0.0,2.0,6.706628530087841,6.698320042119816
17.573696613311768,-3.9512534072551535,-3.078562358418807,2.3336213211572523,-0.020023247083446334,-0.4066051860190218,-0.010719087047287315,2.0,0.0,2.0,6.708670993421122,6.700370386183083
17.583698272705078,-3.9514480681352397,-3.082627805674996,2.333514293075371,-0.018908973534570127,-0.4064841804888545,-0.010684580234848423,2.0,0.0,2.0,6.71070488694868,6.702412125200248
17.59366774559021,-3.951631589153719,-3.0866920403118794,2.3334075449777774,-0.017795352044684607,-0.40636265403753996,-0.010668724943426824,2.0,0.0,2.0,6.712730213242987,6.704445265996071
17.603666305541992,-3.951803976406713,-3.0907550566619175,2.3333009629266948,-0.016682124959960562,-0.4062405016145936,-0.010641814449944473,2.0,0.0,2.0,6.714746974066845,6.706469816069553
17.61371111869812,-3.9519652343536125,-3.094816848100867,2.3331946442870084,-0.015569627152131903,-0.40611767008354105,-0.01062710169560979,2.0,0.0,2.0,6.716755179789166,6.70848578102712
17.623666763305664,-3.9521153711385124,-3.098877407540027,2.3330884201891022,-0.014457818447979214,-0.40599408443610246,-0.010615508527890097,2.0,0.0,2.0,6.718754830619244,6.7104931695297445
17.63370156288147,-3.952254394005213,-3.1029367271491366,2.3329822516829792,-0.013346895080178058,-0.40586969903984293,-0.010619866815989327,2.0,0.0,2.0,6.7207459320808445,6.712491989093571
17.643659830093384,-3.952382310705748,-3.1069947985849526,2.332876096417567,-0.01223649361910218,-0.405744435277654,-0.010604143918538247,2.0,0.0,2.0,6.722728489743048,6.714482247443703
17.653670072555542,-3.952499126401865,-3.11105161288148,2.3327701772741785,-0.011126793281659176,-0.40561827549809526,-0.010580913940043417,2.0,0.0,2.0,6.724702519718661,6.716463949715462
17.663712978363037,-3.9526048487624736,-3.1151071610411023,2.3326645262087347,-0.01001776430682879,-0.4054912012709175,-0.010544517777721663,2.0,0.0,2.0,6.726668030851363,6.718437103246563
17.673738479614258,-3.9526994847818986,-3.1191614339280815,2.3325592641274304,-0.008909597493169908,-0.40536322825870413,-0.010509098699416337,2.0,0.0,2.0,6.72862503571004,6.72040171470627
17.68368649482727,-3.9527830428859887,-3.1232144225883025,2.3324544128202453,-0.007802102949864807,-0.40523435185724566,-0.010454884498543721,2.0,0.0,2.0,6.730573543297644,6.722357792109443
17.693681955337524,-3.952855530004867,-3.127266118099606,2.33235015793923,-0.006695500752518162,-0.4051046110382141,-0.010398145010059723,2.0,0.0,2.0,6.732513569388891,6.724305342154185
17.703670263290405,-3.952916955763892,-3.1313165119984268,2.3322464813709605,-0.00558977235310507,-0.4049740283737947,-0.010333285771188543,2.0,0.0,2.0,6.734445122273892,6.72624437413147
17.713732481002808,-3.9529673295580054,-3.1353655960499136,2.3321434277737088,-0.004485199471476474,-0.40484265370942113,-0.01028095848040193,2.0,0.0,2.0,6.736368213235649,6.728174897227212
17.723682641983032,-3.953006662937344,-3.1394133624414295,2.3320408960402346,-0.003381608453820591,-0.4047104917605768,-0.010220843018229992,2.0,0.0,2.0,6.7382828484633555,6.730096922723492
17.733720064163208,-3.9530349651878836,-3.1434598033163534,2.331939037473458,-0.0022790150391626277,-0.4045775550873716,-0.010149121311667236,2.0,0.0,2.0,6.7401890445605455,6.732010459871197
17.743685245513916,-3.9530522463325504,-3.1475049109383084,2.3318379911296208,-0.0011773615087425414,-0.404443837767853,-0.010055203972093642,2.0,0.0,2.0,6.742086818211608,6.733915518622564
17.753676414489746,-3.953058517383367,-3.1515486776054744,2.331737859828614,-7.711091216537146e-05,-0.40430937238089626,-0.009975659461003731,2.0,0.0,2.0,6.7439761851856455,6.735812109813297
17.763683557510376,-3.953053792663008,-3.1555910957774906,2.3316384927968095,0.0010218854998453818,-0.40417412606950615,-0.009893533507448718,2.0,0.0,2.0,6.745857151763158,6.7377002472720315
17.77373456954956,-3.953038084380339,-3.1596321574816066,2.3315399589787793,0.0021195195255503435,-0.40403808131195795,-0.009816020832058748,2.0,0.0,2.0,6.747729732960135,6.739579942746774
17.78364872932434,-3.953011406577365,-3.163671854603021,2.33144218522915,0.003215837239897097,-0.4039011985391394,-0.009736889328464915,2.0,0.0,2.0,6.74959393834896,6.7414512095280745
17.793689250946045,-3.9529737730029963,-3.1677101786163506,2.3313451452861593,0.004310629852368862,-0.4037634565921185,-0.009672876562894278,2.0,0.0,2.0,6.751449779349311,6.743314060443216
17.803675174713135,-3.9529251979815068,-3.17174712060731,2.3312487820563574,0.005404202329199723,-0.40362477826328846,-0.009594331741397968,2.0,0.0,2.0,6.753297266184701,6.745168508632229
17.81369709968567,-3.9528656940225773,-3.1757826709904355,2.3311532255734013,0.006496312169736978,-0.40348513705447103,-0.009520506897606452,2.0,0.0,2.0,6.755136416331037,6.74701456530472
17.823715209960938,-3.9527952765767846,-3.17981681996815,2.331058372711604,0.0075869482430101455,-0.4033444840567453,-0.009448389349202436,2.0,0.0,2.0,6.756967238305192,6.748852244151388
17.833759546279907,-3.952713960627644,-3.183849557203887,2.3309642117363154,0.008675979407185655,-0.4032027841103404,-0.009384049413767297,2.0,0.0,2.0,6.758789744429759,6.750681558180525
17.843732595443726,-3.952621761540726,-3.187880871917663,2.3308707634254704,0.009763625377619952,-0.4030599665175143,-0.009299934302236535,2.0,0.0,2.0,6.760603948730949,6.752502520510951
17.853681087493896,-3.9525186946003186,-3.1919107528467188,2.3307781401426895,0.010849403234096978,-0.4029160351315112,-0.009230792826983832,2.0,0.0,2.0,6.76240986939575,6.754315143943521
17.8637797832489,-3.952404779849969,-3.195939188783891,2.330686116892243,0.011933253406324862,-0.40277095456771395,-0.009172264799460147,2.0,0.0,2.0,6.764207512302581,6.756119445479438
17.873736143112183,-3.9522800368546727,-3.1999661680773195,2.330594610357829,0.013014975092901919,-0.4026247088723416,-0.009132904193076578,2.0,0.0,2.0,6.765996889622087,6.75791544146404
17.88369107246399,-3.9521444867671254,-3.203991678899119,2.330503487248846,0.014094750689107172,-0.40247724689327197,-0.009086894597257233,2.0,0.0,2.0,6.7677780123827,6.759703149533053
17.89367961883545,-3.9519981491157377,-3.208015708961292,2.3304128509738558,0.015172393977846694,-0.40232856376184645,-0.009042788215686062,2.0,0.0,2.0,6.769550901508036,6.761482585647884
17.90365719795227,-3.95184104596941,-3.212038246049415,2.3303226530319736,0.016247899945667818,-0.4021786449589344,-0.008993434448577833,2.0,0.0,2.0,6.771315572743344,6.763253768015098
17.913779258728027,-3.9516731992792797,-3.2160592778424175,2.3302329257645606,0.01732102444350059,-0.40202751343486703,-0.00895492302011213,2.0,0.0,2.0,6.773072045598997,6.7650167146589935
17.923670768737793,-3.951494632796247,-3.2200787922011207,2.330143592624767,0.01839193186042416,-0.4018751491941475,-0.00890707833676159,2.0,0.0,2.0,6.7748203359157175,6.76677144524521
17.933743953704834,-3.951305368049881,-3.2240967767032433,2.3300548278149433,0.019460646198945556,-0.4017215444888687,-0.008843464801865722,2.0,0.0,2.0,6.776560469640297,6.768517977321739
17.943685293197632,-3.951105427017904,-3.2281132189039483,2.3299668032416045,0.020527208756390993,-0.40156668475800444,-0.008756689107178433,2.0,0.0,2.0,6.778292472945221,6.770256328791722
17.95367980003357,-3.950894832399808,-3.232128106341452,2.329879653160068,0.021591281066943673,-0.4014106001502653,-0.00867603268217331,2.0,0.0,2.0,6.780016370751189,6.771986518155888
17.963686227798462,-3.95067360915359,-3.23614142672685,2.3297933132143975,0.022653011315961095,-0.4012532631999403,-0.008587621022681404,2.0,0.0,2.0,6.781732180342691,6.773708565952236
17.973729610443115,-3.9504417798960207,-3.2401531673830397,2.3297079300273174,0.023712446400989223,-0.4010946569330226,-0.008488432671931877,2.0,0.0,2.0,6.783439926995548,6.775422490445483
17.983665466308594,-3.9501993677121834,-3.2441633155752294,2.3296235893994073,0.024769628726459873,-0.40093476457009936,-0.008376445525604034,2.0,0.0,2.0,6.785139633370494,6.777128310254022
17.99367880821228,-3.949946395431153,-3.248171858432766,2.329540379789223,0.025824424395438545,-0.40077359409493574,-0.008266551822447453,2.0,0.0,2.0,6.786831321930019,6.778826043675907
18.003671884536743,-3.949682886555613,-3.252178783094992,2.329458301299351,0.026877006802453137,-0.40061111673715355,-0.00814506429834741,2.0,0.0,2.0,6.788515011405735,6.780515709574454
18.013691902160645,-3.9494088631867603,-3.256184076453191,2.3293774617226815,0.027927258171046732,-0.4004473405544923,-0.008025148188445633,2.0,0.0,2.0,6.790190724376111,6.782197325433145
18.023669004440308,-3.9491243490733017,-3.260187725544021,2.32929779868831,0.02897518883965674,-0.4002822579068343,-0.00790661793692506,2.0,0.0,2.0,6.791858476642877,6.783870910219676
18.033740043640137,-3.9488293677343114,-3.264189717312153,2.329219271587049,0.030020678799928296,-0.4001158779733729,-0.007800048988547233,2.0,0.0,2.0,6.793518284792417,6.785536482624244
18.043695211410522,-3.9485239428653065,-3.2681900386393985,2.329141837072906,0.03106393808291166,-0.39994816138899475,-0.007683564919338885,2.0,0.0,2.0,6.795170165375944,6.787194061429481
18.05364465713501,-3.9482080970322615,-3.27218867611188,2.329065584089365,0.03210482073589165,-0.3997791107755577,-0.007568006369021007,2.0,0.0,2.0,6.796814140191495,6.788843664253506
18.063786029815674,-3.9478818542909644,-3.276185616328612,2.3289904941734734,0.03314334582540309,-0.39960870317280267,-0.007447818184213826,2.0,0.0,2.0,6.798450227110493,6.790485309993845
18.073729038238525,-3.947545238206119,-3.28018084562409,2.328916632421922,0.03417946826935078,-0.39943692678734566,-0.007323920396001071,2.0,0.0,2.0,6.8000784474586204,6.792119016956892
18.083712100982666,-3.9471982726097448,-3.284174350194197,2.3288440679013918,0.03521327311341452,-0.39926375107867423,-0.007185595841718987,2.0,0.0,2.0,6.801698822882394,6.793744803582616
18.093719244003296,-3.946840980882357,-3.28816611597106,2.328772935161722,0.03624466192634062,-0.39908916926673343,-0.00704044135882254,2.0,0.0,2.0,6.8033113776319905,6.795362687754204
18.10373568534851,-3.9464733873872664,-3.292156128811259,2.328703289919689,0.03727364198879821,-0.3989131577915618,-0.006886463474638805,2.0,0.0,2.0,6.804916132927617,6.7969726881439305
18.113720893859863,-3.946095516584796,-3.2961443743753334,2.3286351863396466,0.03830009063945109,-0.398735716587513,-0.006735408104650291,2.0,0.0,2.0,6.806513109865907,6.798574823378497
18.123666524887085,-3.945707393659438,-3.3001308382870027,2.328568601139355,0.03932410639121935,-0.3985568199485781,-0.006579301084569491,2.0,0.0,2.0,6.808102326381711,6.800169112663991
18.13371515274048,-3.9453090422103383,-3.3041155058563776,2.328503642084287,0.04034579770252719,-0.3983764476697601,-0.00641050796382616,2.0,0.0,2.0,6.80968380516241,6.801755573631602
18.14368200302124,-3.9449004853366274,-3.3080983623029088,2.328440433576176,0.04136519793623937,-0.3981945948609364,-0.006229147353014341,2.0,0.0,2.0,6.811257569174328,6.803334223395676
18.15366530418396,-3.944481746369277,-3.3120793929236565,2.32837904016576,0.0423821905979153,-0.3980112891319214,-0.006050818458682615,2.0,0.0,2.0,6.812823638695431,6.804905079275321
18.163716077804565,-3.9440528491881346,-3.3160585832450735,2.328319425446762,0.04339687798598671,-0.3978265324173009,-0.005870635726371421,2.0,0.0,2.0,6.814382029691363,6.8064681591450125
18.173755884170532,-3.9436138163861365,-3.3200359187964774,2.32826162615012,0.044409302052045005,-0.3976403417855314,-0.005689893662457237,2.0,0.0,2.0,6.815932760498571,6.808023479721185
18.183666229248047,-3.9431646705304333,-3.324011385378212,2.3282056276625207,0.04541950884204775,-0.39745274113258644,-0.005509351970991401,2.0,0.0,2.0,6.817475847056185,6.8095710577954245
18.193710327148438,-3.9427054336425957,-3.3279849690624292,2.3281514168452406,0.04642750304758573,-0.39726377093588966,-0.005333779462829607,2.0,0.0,2.0,6.819011305000765,6.8111109097819496
18.203670024871826,-3.942236127426282,-3.331956656325141,2.3280989597823325,0.0474334050527395,-0.3970734602215593,-0.005156393340725973,2.0,0.0,2.0,6.820539148859844,6.812643051982065
18.213699102401733,-3.9417567724073073,-3.335926433958896,2.328048289899843,0.048437253801309886,-0.3968818561773179,-0.004978065943424996,2.0,0.0,2.0,6.822059395500749,6.814167499792901
18.223747968673706,-3.9412673890967604,-3.3398942893125882,2.3279993977035636,0.049439076939812865,-0.39668901176209204,-0.0048001219028503475,2.0,0.0,2.0,6.823572059956675,6.815684268841059
18.233713626861572,-3.940767997690364,-3.343860210276311,2.3279522671837363,0.05043886739857756,-0.39649498969538616,-0.0046268751707004415,2.0,0.0,2.0,6.825077156912005,6.817193374714488
18.243626832962036,-3.9402586182243087,-3.3478241853367017,2.327906863635557,0.05143670838376894,-0.3962998377562346,-0.0044532619447270275,2.0,0.0,2.0,6.826574700282187,6.81869483312705
18.2536678314209,-3.9397392701460046,-3.3517862034805885,2.3278631820990565,0.05243257580777762,-0.3961036180020254,-0.004284213245987576,2.0,0.0,2.0,6.828064705122054,6.820188659498901
18.2636878490448,-3.9392099732121637,-3.3557462542939835,2.327821167389395,0.05342648401315246,-0.395906378615977,-0.0041195323539717854,2.0,0.0,2.0,6.82954718461623,6.82167486978901
18.273720741271973,-3.938670747598866,-3.3597043279034375,2.3277807161928346,0.05441828991131211,-0.3957081878789267,-0.003973676933563706,2.0,0.0,2.0,6.8310221502515605,6.823153480563043
18.28368616104126,-3.9381216139906687,-3.3636604149363127,2.327741675079596,0.05540811620740408,-0.39550906360702104,-0.003834111049285828,2.0,0.0,2.0,6.832489611784028,6.824624509051958
18.29369831085205,-3.937562591764312,-3.3676145061642817,2.327704025139537,0.05639600027212288,-0.3953090350603755,-0.0036967234933631427,2.0,0.0,2.0,6.83394958434284,6.826087971396723
18.30366539955139,-3.9369937004745905,-3.37156659273827,2.3276677332593585,0.05738193576758938,-0.39510813710265713,-0.003561739666016315,2.0,0.0,2.0,6.8354020826987965,6.827543884058433
18.313769578933716,-3.9364149595318985,-3.3755166661191893,2.3276327838188533,0.05836593394903529,-0.39490640148826545,-0.0034279259330321312,2.0,0.0,2.0,6.836847122470664,6.828992263504368
18.323641061782837,-3.9358263880637225,-3.379464718044874,2.3275991913378955,0.05934804810731281,-0.3947038495700815,-0.0032895050356563293,2.0,0.0,2.0,6.838284720593972,6.8304331260721485
18.333698749542236,-3.9352280049597583,-3.383410740505326,2.3275669999149935,0.060328249165113736,-0.39450051509607875,-0.0031487694809499435,2.0,0.0,2.0,6.839714895319738,6.831866487997654
18.343669414520264,-3.934619829579401,-3.3873547258376004,2.3275362171821685,0.061306500195268766,-0.39429642789438335,-0.0030076921583699874,2.0,0.0,2.0,6.841137663711888,6.8332923660773774
18.353650093078613,-3.934001881632341,-3.3912966666543363,2.3275068369637135,0.06228275441098384,-0.394091616691569,-0.0028686888896783504,2.0,0.0,2.0,6.842553042595647,6.834710777529431
18.363712549209595,-3.9333741811513954,-3.3952365558092805,2.327478846376359,0.06325700810307085,-0.3938860971603463,-0.002729035039544638,2.0,0.0,2.0,6.843961048857718,6.836121739952972
18.373698949813843,-3.932736748416925,-3.3991743863202895,2.3274522420434978,0.06422918401345161,-0.39367989309049706,-0.0025930215408893147,2.0,0.0,2.0,6.8453617001186915,6.8375252712244174
18.3836772441864,-3.9320896045561287,-3.403110151432318,2.327426968581506,0.06519923373286339,-0.39347301744708146,-0.0024623387261510864,2.0,0.0,2.0,6.846755012341179,6.838921390048623
18.39368963241577,-3.9314327708822208,-3.407043844441211,2.3274029790029416,0.06616714679982302,-0.39326547206937906,-0.0023360191085415143,2.0,0.0,2.0,6.848141002060362,6.840310115297426
18.40366816520691,-3.930766268631167,-3.4109754585983865,2.3273802477570826,0.06713295473287151,-0.3930572444271631,-0.0022100934757450326,2.0,0.0,2.0,6.849519686730977,6.841691465733728
18.413667678833008,-3.9300901188460333,-3.4149049870327826,2.327358768055323,0.06809664983668275,-0.3928483267113994,-0.0020864551093409452,2.0,0.0,2.0,6.850891084458971,6.843065459872258
18.423670768737793,-3.9294043426031937,-3.418832422785742,2.327338509226917,0.06905825436640473,-0.392638705171459,-0.001965721716988534,2.0,0.0,2.0,6.852255212176174,6.844432116192887
18.433747053146362,-3.9287089607632244,-3.422757758782188,2.32731942352382,0.07001776905127638,-0.39242837542830283,-0.0018529050600357177,2.0,0.0,2.0,6.853612085736526,6.845791452910162
18.443681716918945,-3.9280039938330633,-3.4266809878711904,2.327301437598521,0.07097529853871579,-0.3922173193748547,-0.0017444047804116827,2.0,0.0,2.0,6.85496171941118,6.8471434878742405
18.453659772872925,-3.9272894610358544,-3.430602102705816,2.327284530087605,0.07193095523448702,-0.3920055242218555,-0.0016375035949373377,2.0,0.0,2.0,6.856304128729336,6.848488237705915
18.46370577812195,-3.9265653806724607,-3.434521095879873,2.327268680606176,0.07288482878334997,-0.39179298655996425,-0.0015326891707667296,2.0,0.0,2.0,6.857639328423076,6.849825718179201
18.473706483840942,-3.9258317701049394,-3.438437959968441,2.3272538665186193,0.07383701135565007,-0.3915797078269205,-0.0014305161209975364,2.0,0.0,2.0,6.858967332280302,6.851155944228462
18.48365068435669,-3.92508864572732,-3.4423526875659483,2.3272400674295626,0.07478760750480108,-0.39136568835465946,-0.0013293409006594067,2.0,0.0,2.0,6.860288153354101,6.852478929943478
18.493668794631958,-3.924336023027375,-3.4462652712915607,2.327227273469523,0.07573668253808986,-0.3911509352729002,-0.0012298635546278062,2.0,0.0,2.0,6.8616018044150895,6.853794688626885
18.503676414489746,-3.923573917006276,-3.4501757038482355,2.3272154625141876,0.07668427784108048,-0.39093545537441127,-0.0011326991051029088,2.0,0.0,2.0,6.862908297257812,6.855103233187795
18.513737440109253,-3.922802342325501,-3.454083978001119,2.327204610716848,0.07763041712786145,-0.3907192557265145,-0.0010380250593195245,2.0,0.0,2.0,6.864207643320156,6.856404576258644
18.52364706993103,-3.9220213134761717,-3.457990086578572,2.3271946965282657,0.07857511113432512,-0.3905023411472684,-0.0009451200873670305,2.0,0.0,2.0,6.865499854022135,6.857698730342544
18.533746480941772,-3.921230845033806,-3.4618940224812276,2.3271856939650926,0.0795183300013872,-0.390284722711177,-0.0008560347207413227,2.0,0.0,2.0,6.8667849406695725,6.858985708038107
18.543650150299072,-3.920430951821571,-3.4657957787009215,2.327177567492701,0.08046006442892024,-0.3900664049788318,-0.0007695393427724388,2.0,0.0,2.0,6.868062914360819,6.8602655221899385
18.553653717041016,-3.919621648763716,-3.4696953482776025,2.3271702950519804,0.08140029411183895,-0.3898473960760122,-0.0006853941443871414,2.0,0.0,2.0,6.86933378693565,6.861538185740227
18.563682556152344,-3.91880295102607,-3.473592724347884,2.327163851786197,0.08233899761483272,-0.38962770494761123,-0.0006036435377080219,2.0,0.0,2.0,6.8705975703451765,6.862803711874432
18.573753833770752,-3.9179748739695897,-3.4774879001368024,2.327158212158816,0.08327615468882046,-0.38940734155500417,-0.000524784758093193,2.0,0.0,2.0,6.871854276708449,6.864062113976915
18.583675622940063,-3.917137433126121,-3.481380868963155,2.327153346853725,0.08421175362867094,-0.389186313556526,-0.00044873312348806357,2.0,0.0,2.0,6.873103918146635,6.86531340561267
18.593676567077637,-3.9162906441236855,-3.485271624223567,2.3271492266360614,0.0851457857349789,-0.3889646298800975,-0.0003758115069101608,2.0,0.0,2.0,6.874346506894456,6.866557600454789
18.603683710098267,-3.9154345226251217,-3.48916015939529,2.3271458219667815,0.08607825376901354,-0.3887422966883885,-0.0003055184232546076,2.0,0.0,2.0,6.875582055230435,6.867794712233067
18.61370348930359,-3.914569084254494,-3.4930464680206765,2.3271431064248547,0.08700916074787045,-0.38851932228126757,-0.00023809581981297018,2.0,0.0,2.0,6.876810575568594,6.8690247546628305
18.623676538467407,-3.913694344579549,-3.4969305437276685,2.327141050942024,0.08793851633764399,-0.3882957140964884,-0.00017348571718693183,2.0,0.0,2.0,6.878032080179553,6.870247741440451
18.633758544921875,-3.9128103191137815,-3.5008123802251343,2.3271396219016296,0.08886631907416788,-0.3880714817638459,-0.0001129488363935688,2.0,0.0,2.0,6.879246581099847,6.871463686242983
18.64370107650757,-3.9119170233232734,-3.504691971286823,2.32713878335309,0.08979258332735768,-0.38784662675489495,-5.50755451931936e-05,2.0,0.0,2.0,6.880454090235293,6.872672602726092
18.653687715530396,-3.911014472589758,-3.5085693106938143,2.3271385122785953,0.09071730469497157,-0.38762115159655985,4.1020869111351034e-07,2.0,0.0,2.0,6.8816546200259054,6.8738745044631155
18.66367769241333,-3.9101026824420306,-3.512444392255254,2.3271387830021544,0.09164046186520693,-0.38739505740582064,5.3313398347837405e-05,2.0,0.0,2.0,6.882848182913668,6.875069405154675
18.673758268356323,-3.9091816686664917,-3.5163172097771658,2.3271395697846686,0.09256202474497645,-0.3871683437170501,0.00010363036279976521,2.0,0.0,2.0,6.884034791544714,6.876257318707553
18.68367099761963,-3.9082514473821646,-3.520187757066564,2.3271408478800497,0.09348195711050716,-0.3869410113940241,0.0001516083037757564,2.0,0.0,2.0,6.885214458885536,6.877438259300826
18.693684816360474,-3.9073120350866546,-3.524056027966871,2.327142593759079,0.09440022124842348,-0.3867130676447076,0.0001971902044732808,2.0,0.0,2.0,6.886387198290603,6.878612241442983
18.703675508499146,-3.906363448622713,-3.527922016421554,2.3271447848731044,0.09531678604410931,-0.38648452483215684,0.00024071001204847918,2.0,0.0,2.0,6.887553023494482,6.879779279975362
18.71366786956787,-3.9054057051102897,-3.53178571653569,2.3271474004913495,0.09623162864506055,-0.3862554038540628,0.00028205079002669196,2.0,0.0,2.0,6.888711948624571,6.880939390045133
18.723703622817993,-3.9044388217934456,-3.535647122668421,2.3271504194550845,0.09714474837328929,-0.3860257342842817,0.0003213896497894496,2.0,0.0,2.0,6.889863988010554,6.88209258702141
18.73377227783203,-3.9034628158612654,-3.5395062295315607,2.3271538167576558,0.0980561562006908,-0.38579555725183867,0.0003575938985491814,2.0,0.0,2.0,6.89100915591965,6.883238886392753
18.743669033050537,-3.902477704194793,-3.543363032259244,2.327157565155863,0.09896590656206114,-0.3855649141895109,0.00039187523066723897,2.0,0.0,2.0,6.892147466453164,6.884378303586902
18.753668069839478,-3.9014835030300183,-3.5472175264137435,2.3271616489775124,0.09987406763317534,-0.3853338504948636,0.00042460274486411727,2.0,0.0,2.0,6.893278933917732,6.885510853686332
18.763687133789062,-3.900480227878809,-3.5510697080157705,2.327166051786025,0.10078071792076429,-0.3851024106718727,0.0004556899164701851,2.0,0.0,2.0,6.894403572189347,6.886636551378036
18.773741483688354,-3.899467893416888,-3.5549195735067607,2.3271707570594122,0.10168594469043013,-0.38487063434223423,0.0004850883315811686,2.0,0.0,2.0,6.8955213946323894,6.887755410840181
18.783653497695923,-3.8984465134414976,-3.558767119683847,2.3271757482970346,0.10258983410009366,-0.384638552090117,0.0005128925344812196,2.0,0.0,2.0,6.896632414037067,6.888867445674435
18.79395842552185,-3.8974161009425097,-3.5626123435987176,2.3271810091364618,0.10349246104543652,-0.3844061843007689,0.0005390257362079985,2.0,0.0,2.0,6.8977366426355715,6.889972668916611
18.803688049316406,-3.8963766682225747,-3.566455242443558,2.3271865245102465,0.10439388668044153,-0.3841735383546287,0.0005638459310625808,2.0,0.0,2.0,6.898834092202375,6.89107109308217
18.813719749450684,-3.895328227087253,-3.5702958134371605,2.3271922803502503,0.10529414843493225,-0.3839406135606621,0.0005869961579688811,2.0,0.0,2.0,6.899924774144965,6.892162730271148
18.823707818984985,-3.8942707890687416,-3.5741340537661,2.3271982581249606,0.10619326376912323,-0.38370740448726737,0.0006080986746674992,2.0,0.0,2.0,6.901008699406163,6.8932475923297245
18.83372688293457,-3.893204365772668,-3.577969960588724,2.327204419279439,0.10709119855553292,-0.383473911938177,0.0006232171198374028,2.0,0.0,2.0,6.902085878025084,6.894325691149013
18.843658685684204,-3.8921289689894936,-3.581803531005342,2.3272107140473075,0.10798796386951051,-0.383240119871351,0.0006356471807717426,2.0,0.0,2.0,6.903156319634873,6.89539703874458
18.853678464889526,-3.8910446104247725,-3.585634761937196,2.327217131996887,0.10888354879266994,-0.3830060132852355,0.0006478993326333194,2.0,0.0,2.0,6.904220035565165,6.8964616469626785
18.86403179168701,-3.889951302113205,-3.589463650189537,2.3272236703140505,0.10977790382990238,-0.38277158225778796,0.0006596451207993969,2.0,0.0,2.0,6.905277037723457,6.897519527866307
18.87371063232422,-3.8888490566202796,-3.5932901924671308,2.3272303230336675,0.11067097777385808,-0.38253681654321475,0.0006708909313514082,2.0,0.0,2.0,6.906327338263858,6.898570693914648
18.883665800094604,-3.8877378869706267,-3.597114385368326,2.3272370889326037,0.11156272790734496,-0.38230170538517655,0.0006823376787449696,2.0,0.0,2.0,6.9073709498959275,6.8996151578977996
18.893664121627808,-3.8866178066135046,-3.6009362254017945,2.3272439695242397,0.11245311311232052,-0.38206624232929315,0.000693718703176283,2.0,0.0,2.0,6.9084078857678985,6.900652932915125
18.903669595718384,-3.8854888293591796,-3.604755709028428,2.327250961532916,0.11334210373914012,-0.381830423430653,0.0007045707320392862,2.0,0.0,2.0,6.90943815907697,6.901684032342014
18.913759469985962,-3.8843509692130653,-3.608572832675971,2.3272580594223897,0.11422969260431967,-0.3815942462402326,0.0007149548382455081,2.0,0.0,2.0,6.91046178305493,6.902708469695487
18.92366886138916,-3.883204240136388,-3.6123875927551232,2.3272652592160727,0.11511589251590411,-0.38135770990414053,0.0007248065622261762,2.0,0.0,2.0,6.911478770953412,6.90372625843826
18.93374466896057,-3.8820486559793035,-3.616199985701575,2.3272725421570977,0.11600071395941709,-0.381120820481702,0.0007312778133283889,2.0,0.0,2.0,6.912489135235293,6.904737411943773
18.943660259246826,-3.8808842301906243,-3.6200100079747046,2.3272798811186726,0.11688423501248987,-0.38088357438658765,0.0007365337203581046,2.0,0.0,2.0,6.9134928876311745,6.905741943248516
18.953659296035767,-3.8797109753052474,-3.6238176559997486,2.3272872739783366,0.1177665479963542,-0.38064597159642266,0.0007420638226027853,2.0,0.0,2.0,6.914490040253776,6.906739864585932
18.963762521743774,-3.8785289029623335,-3.627622926235773,2.3272947219216795,0.11864774180984068,-0.3804080176053485,0.000747457378051224,2.0,0.0,2.0,6.915480604622698,6.90773118743882
18.973713636398315,-3.8773380238671686,-3.6314258152013283,2.327302222676888,0.11952791606352373,-0.38016971836680763,0.0007527247498494775,2.0,0.0,2.0,6.916464591326605,6.908715922521744
18.98365616798401,-3.876138347711701,-3.6352263194668333,2.3273097769592814,0.12040716859442095,-0.37993107824529665,0.0007581362516339333,2.0,0.0,2.0,6.9174420102582355,6.9096940797109365
18.993702173233032,-3.8749298832945125,-3.6390244356414736,2.3273173851414275,0.1212855806610949,-0.37969210048291147,0.000763476404425237,2.0,0.0,2.0,6.918412870553365,6.910665668140995
19.003687381744385,-3.8737126386925502,-3.6428201603482715,2.327325045527856,0.12216321382235504,-0.37945278419496464,0.0007685240348931213,2.0,0.0,2.0,6.919377180643228,6.911630696339064
19.013710498809814,-3.87248662147198,-3.6466134901849125,2.3273327541013042,0.12304011044287225,-0.37921312561104775,0.000773153248876866,2.0,0.0,2.0,6.920334948401957,6.912589172384395
19.023666381835938,-3.8712518388492545,-3.6504044216988834,2.3273405081313636,0.12391629639137042,-0.3789731186903727,0.0007775899440535161,2.0,0.0,2.0,6.921286181441511,6.913541104032686
19.033723831176758,-3.8700082979188046,-3.6541929513855154,2.3273483018966443,0.1247917711457933,-0.37873275920504745,0.0007810347039021389,2.0,0.0,2.0,6.922230887101775,6.914486498908738
19.043678760528564,-3.8687560058083417,-3.6579790756735875,2.3273561281030997,0.1256665304322292,-0.3784920370033504,0.0007842052098533514,2.0,0.0,2.0,6.9231690726418,6.915425364630672
19.053669214248657,-3.8674949697670993,-3.6617627908809864,2.3273639854869073,0.12654055240016857,-0.3782509411918619,0.0007872434929287403,2.0,0.0,2.0,6.924100745650412,6.916357708861126
19.063674926757812,-3.8662251973321258,-3.6655440932065155,2.327371872099308,0.12741380269144018,-0.37800945812668035,0.0007900082386905293,2.0,0.0,2.0,6.925025913864678,6.917283539443464
19.07370948791504,-3.8649466964070665,-3.669322978703872,2.327379784356354,0.12828624486781798,-0.3777675731808381,0.0007923751815982122,2.0,0.0,2.0,6.925944585177219,6.918202864454065
19.08369541168213,-3.8636594752384315,-3.673099443284241,2.3273877176838544,0.12915784638114228,-0.37752527258072566,0.0007941718006281949,2.0,0.0,2.0,6.926856767647118,6.919115692182668
19.09367847442627,-3.8623635423487346,-3.6768734827306844,2.327395666324429,0.13002858746902576,-0.37728254455799565,0.0007955321962651334,2.0,0.0,2.0,6.927762469441031,6.920022031082538
19.10367751121521,-3.8610589063798653,-3.6806450927177,2.3274036279762518,0.1308984616793525,-0.37703937944165117,0.0007967687576017142,2.0,0.0,2.0,6.928661698929574,6.920921889647479
19.113730907440186,-3.859745575989796,-3.6844142688479096,2.32741160093803,0.1317674742254008,-0.3767957729440998,0.0007977886343044359,2.0,0.0,2.0,6.929554464484053,6.921815276343488
19.12365984916687,-3.8584235596891343,-3.688181006705697,2.327419582790626,0.13263564879227102,-0.3765517254937072,0.0007984635081682276,2.0,0.0,2.0,6.930440774304341,6.922702199498787
19.133782386779785,-3.857092865711689,-3.691945301916265,2.3274275636230737,0.13350301732597525,-0.37630724501257323,0.0007974839476545376,2.0,0.0,2.0,6.931320636021139,6.923582667226003
19.14365029335022,-3.8557535018011175,-3.695707150184854,2.327435531279147,0.1343696479516966,-0.3760623385607062,0.0007960722093708121,2.0,0.0,2.0,6.932194056785165,6.924456687263161
19.15371298789978,-3.8544054749763794,-3.6994665473120913,2.3274434855388266,0.13523561133234593,-0.37581701958458347,0.0007947874495518489,2.0,0.0,2.0,6.933061043748027,6.925324266784528
19.16369342803955,-3.8530487915825615,-3.703223489261911,2.3274514265656276,0.1361009721673558,-0.37557130632685887,0.0007933611228758738,2.0,0.0,2.0,6.93392160359685,6.926185412481191
19.173755884170532,-3.851683457329691,-3.7069779721911127,2.3274593522846265,0.136965793328244,-0.3753252187715982,0.0007917814147951848,2.0,0.0,2.0,6.934775742480413,6.9270401306110605
19.183671236038208,-3.850309477353308,-3.7107299924532606,2.327467261720966,0.13783012258330055,-0.3750787759265424,0.0007900562831733294,2.0,0.0,2.0,6.935623466221413,6.927888427053522
19.19367480278015,-3.848926856429333,-3.714479546579965,2.3274751527263824,0.13869398556220625,-0.37483199390841165,0.0007881367014300658,2.0,0.0,2.0,6.936464780381603,6.928730307482117
19.203678846359253,-3.847535599190202,-3.7182266312348515,2.3274830242289792,0.13955738325479072,-0.37458488280188057,0.0007861350113287572,2.0,0.0,2.0,6.9372996905264905,6.929565777523205
19.213732719421387,-3.8461357103922102,-3.721971243158705,2.327490874678854,0.14042029207906628,-0.3743374482869569,0.0007839342951939913,2.0,0.0,2.0,6.9381282023483335,6.9303948429525555
19.223695039749146,-3.844727195113528,-3.7257133791264696,2.3274987025243914,0.1412826708122431,-0.37408969153126087,0.00078158903559836,2.0,0.0,2.0,6.938950321832315,6.931217509839207
19.2337589263916,-3.843310058963236,-3.729453035921319,2.3275065013449336,0.14214445529357503,-0.3738416136619683,0.0007779578249203713,2.0,0.0,2.0,6.939766055188524,6.932033784707319
19.243688106536865,-3.8418843081641056,-3.7331902103056596,2.327514260467396,0.14300559226157747,-0.373593207653827,0.0007738910236850859,2.0,0.0,2.0,6.9405754089344445,6.932843674589528
19.253671646118164,-3.840449949460305,-3.736924898949268,2.3275219796765105,0.14386602657457892,-0.3733444639758481,0.0007699695092322781,2.0,0.0,2.0,6.941378390471816,6.933647186909489
19.263703107833862,-3.8390069901657045,-3.7406570984222753,2.3275296598121606,0.14472570126023387,-0.3730953714102657,0.0007660248774982499,2.0,0.0,2.0,6.942175007678615,6.934444329517753
19.273768186569214,-3.837555438122016,-3.744386805170849,2.3275372998807065,0.1455845700392625,-0.3728459168450747,0.0007619849080242591,2.0,0.0,2.0,6.942965268723344,6.935235110642283
19.283685445785522,-3.8360953015769654,-3.7481140155085186,2.3275448989040943,0.14644259555762584,-0.37259608719158416,0.0007577593318997244,2.0,0.0,2.0,6.943749182044108,6.936019538780159
19.293724536895752,-3.83462658911265,-3.7518387256281507,2.3275524542288455,0.1472997509079711,-0.37234587159600024,0.000753303332224591,2.0,0.0,2.0,6.944526756214186,6.9367976226428425
19.303677558898926,-3.833149309516408,-3.7555609316245353,2.327559965001201,0.14815601910864185,-0.37209526142225174,0.0007488383220153225,2.0,0.0,2.0,6.945298000008918,6.937569371059023
19.31373929977417,-3.8316634717292017,-3.7592806295284915,2.327567430555092,0.14901138811700584,-0.37184425295605744,0.0007442623471155257,2.0,0.0,2.0,6.946062922304209,6.938334792949157
19.323652029037476,-3.8301690847605134,-3.7629978153616976,2.3275748499646,0.1498658553240554,-0.37159284821982613,0.0007395744766619466,2.0,0.0,2.0,6.94682153201329,6.939093897283286
19.333752155303955,-3.828666157647798,-3.7667124852123544,2.3275822168503395,0.15071941749479742,-0.37134105887014035,0.0007335866520934557,2.0,0.0,2.0,6.947573837848718,6.939846693087922
19.34366750717163,-3.8271546993497103,-3.7704246352945576,2.3275895206386537,0.15157209752398845,-0.37108889643630905,0.0007272061105372223,2.0,0.0,2.0,6.948319848324613,6.9405931893887525
19.353677988052368,-3.8256347185484874,-3.7741342619472675,2.3275967617699247,0.15242392210509667,-0.370836375857741,0.0007210500100344105,2.0,0.0,2.0,6.949059572307889,6.941333395044626
19.363694429397583,-3.8241062236859746,-3.7778413616736377,2.327603941680753,0.15327491317597133,-0.3705835138365898,0.0007148992684228537,2.0,0.0,2.0,6.949793018598079,6.942067318799914
19.37371563911438,-3.8225692229788617,-3.781545931135367,2.327611059646614,0.1541250962335626,-0.37033032510310987,0.0007087032317507468,2.0,0.0,2.0,6.950520195788937,6.9427949692949396
19.383708000183105,-3.8210237243458827,-3.78524796712438,2.3276181153372937,0.1549745042760844,-0.3700768208660147,0.0007023815643983465,2.0,0.0,2.0,6.951241112313256,6.9435163549902335
19.393697023391724,-3.8194697353294496,-3.7889474665254324,2.3276251067465354,0.1558231819814137,-0.3698230082235887,0.0006959131529768673,2.0,0.0,2.0,6.951955776260058,6.9442314840812225
19.40368676185608,-3.817907262948112,-3.792644426266502,2.3276320337991345,0.15667118732045165,-0.3695688887862806,0.0006894884256705058,2.0,0.0,2.0,6.952664195394893,6.944940364348334
19.41373109817505,-3.816336313607998,-3.7963388432729666,2.3276388962566945,0.15751858564378224,-0.3693144607646415,0.0006830046841712864,2.0,0.0,2.0,6.953366376962925,6.945643003058694
19.42367649078369,-3.8147568930085023,-3.8000307144393966,2.3276456937576278,0.15836545166804042,-0.3690597201834288,0.0006764222468329787,2.0,0.0,2.0,6.954062327597488,6.946339406872708
19.43376612663269,-3.813169006117363,-3.8037200366323605,2.327652419416759,0.15921185819681552,-0.36880466557108676,0.0006685481554818349,2.0,0.0,2.0,6.954752053000284,6.947029581825747
19.443673133850098,-3.811572657006878,-3.807406806677995,2.327659064304424,0.16005791593050742,-0.3685492893118393,0.0006604778519296791,2.0,0.0,2.0,6.95543555800992,6.947713533185426
19.453688621520996,-3.8099678485534683,-3.8110910213263627,2.327665629912588,0.16090374791144946,-0.36829358532957723,0.0006526796101052696,2.0,0.0,2.0,6.956112846919998,6.9483912651821385
19.46373414993286,-3.8083545823525298,-3.8147726772747346,2.3276721179834787,0.16174948898975886,-0.3680375484331645,0.0006449084724972987,2.0,0.0,2.0,6.95678392294322,6.94906278095237
19.473751544952393,-3.8067328585856743,-3.8184517711673482,2.32767852823017,0.16259528663965003,-0.36778117325854887,0.0006371492861068583,2.0,0.0,2.0,6.957448787994972,6.9497280824295276
19.483733415603638,-3.8051026759147475,-3.8221282995951253,2.327684860438473,0.16344129564503232,-0.3675244547207193,0.0006292310025044255,2.0,0.0,2.0,6.958107442705888,6.950387170257388
19.493756771087646,-3.80346403145223,-3.8258022591033622,2.3276911124216553,0.16428767073145806,-0.36726738864837827,0.000621189621786047,2.0,0.0,2.0,6.958759886307352,6.9510400437718785
19.503676414489746,-3.8018169207792236,-3.8294736461968566,2.327697284606319,0.16513456139840962,-0.3670099712992356,0.0006132457358531061,2.0,0.0,2.0,6.9594061168676395,6.951686701021297
19.513726949691772,-3.8001613380668178,-3.833142457353482,2.327703377276264,0.1659820985216237,-0.3667522012760487,0.000605298051306187,2.0,0.0,2.0,6.960046131273069,6.952327138877381
19.523661375045776,-3.798497276303699,-3.836808689053456,2.327709390525881,0.16683038537075184,-0.36649408090666036,0.000597279936206473,2.0,0.0,2.0,6.960679925433747,6.952961353243488
19.533734560012817,-3.7968247276772584,-3.8404723378398673,2.327715317509498,0.16767947831404328,-0.3662356204315543,0.0005879527088871495,2.0,0.0,2.0,6.961307494318441,6.953589339407651
19.54368829727173,-3.795143683912547,-3.84413340035736,2.3277211491896197,0.16852941677042166,-0.3659768288515084,0.0005784362865790254,2.0,0.0,2.0,6.961928832483186,6.954211092347897
19.55366277694702,-3.79345413653092,-3.8477918733600758,2.327726887316457,0.16938019748763616,-0.36571772025854715,0.0005692336454318933,2.0,0.0,2.0,6.962543934902904,6.954826606953121
19.56367826461792,-3.7917560772847123,-3.8514477537627867,2.3277325341210147,0.17023178075093884,-0.36545831178678945,0.0005601024200709983,2.0,0.0,2.0,6.963152796876583,6.955435878414006
19.57371997833252,-3.7900494984446307,-3.855101038652823,2.327738089479569,0.17108410474445027,-0.3651986203008178,0.0005509889745694032,2.0,0.0,2.0,6.963755414139466,6.9560389024689195
19.58372163772583,-3.788334392980398,-3.85875172527048,2.327743553628176,0.17193709125765613,-0.3649386591564251,0.0005417920944223709,2.0,0.0,2.0,6.964351783129747,6.956635675543002
19.593700885772705,-3.7866107546969743,-3.862399810963807,2.3277489249521377,0.17279065469786165,-0.3646784360511178,0.0005324978828099938,2.0,0.0,2.0,6.964941900971984,6.957226194835694
19.603678703308105,-3.7848785782398227,-3.8660452931178724,2.3277542040578942,0.1736447122067538,-0.3644179506779555,0.0005233283514374553,2.0,0.0,2.0,6.965525765632806,6.957810458284766
19.613728046417236,-3.783137859067344,-3.869688169081259,2.3277593915196633,0.17449918631539102,-0.36415719603989366,0.0005141772663364851,2.0,0.0,2.0,6.966103375749948,6.958388464501352
19.623700618743896,-3.7813885933125215,-3.873328436084429,2.3277644876794805,0.1753540210553041,-0.3638961549911958,0.0005049871469914549,2.0,0.0,2.0,6.966674730461311,6.958960212608231
19.633753061294556,-3.7796307775949565,-3.8769660911516897,2.3277694857305145,0.1762091743985651,-0.36363480412620547,0.0004944528391213495,2.0,0.0,2.0,6.967239828873335,6.959525702033357
19.643657684326172,-3.7778644087828104,-3.8806011310158044,2.3277743763585916,0.17706463973563155,-0.36337310810362505,0.00048373057843175863,2.0,0.0,2.0,6.96779867003328,6.960084932263418
19.653698921203613,-3.7760894837871914,-3.8842335520473608,2.3277791615437153,0.177920408686344,-0.3631110321900917,0.00047335795667466206,2.0,0.0,2.0,6.9683512533675955,6.960637902632735
19.66367268562317,-3.7743059996632082,-3.8878633502886375,2.3277838439100598,0.17877646102046157,-0.3628485452363889,0.00046309588555050365,2.0,0.0,2.0,6.968897578282562,6.961184612425109
19.6737277507782,-3.772513953712977,-3.891490521494768,2.327788423675453,0.17963276909291842,-0.362585621149428,0.00045288084700447005,2.0,0.0,2.0,6.969437644128132,6.961725060981268
19.683674812316895,-3.7707133435471185,-3.8951150611759253,2.327792901307334,0.180489297283766,-0.362322236438372,0.0004426027802330976,2.0,0.0,2.0,6.9699714503963195,6.9622592477723995
19.693716764450073,-3.768904167165303,-3.8987369646130827,2.3277972756080865,0.18134600598523815,-0.3620583684272103,0.00043228759463773614,2.0,0.0,2.0,6.9704989967055955,6.962787172474657
19.703680992126465,-3.7670864229620027,-3.902356226850135,2.3278015475362137,0.18220285416948903,-0.36179399220759006,0.00042209960844045194,2.0,0.0,2.0,6.971020282979803,6.963308834968379
19.713706016540527,-3.7652601097626444,-3.9059728426832665,2.3278057176484137,0.18305979826895996,-0.3615290836567004,0.0004119396181826341,2.0,0.0,2.0,6.971535309350629,6.9638242353608835
19.723652362823486,-3.7634252268173407,-3.9095868066632766,2.3278097864003633,0.18391679571270161,-0.361263617278735,0.0004017433241665506,2.0,0.0,2.0,6.97204407616661,6.964333373981322
19.73375368118286,-3.7615817738456236,-3.9131981130931317,2.327813747289497,0.18477379722212486,-0.3609975691867548,0.0003902802190629913,2.0,0.0,2.0,6.972546583705104,6.964836251415085
19.74367618560791,-3.7597297509058993,-3.916806755993386,2.327817591802641,0.18563078878094272,-0.36073090518457984,0.00037868327862113137,2.0,0.0,2.0,6.973042832276398,6.965332868375062
19.753682136535645,-3.757869158108371,-3.9204127290278485,2.327821322189711,0.1864877695291646,-0.3604635902605143,0.0003674457144866871,2.0,0.0,2.0,6.973532822544208,6.965823225421328
19.763694047927856,-3.755999995506101,-3.924016025504937,2.3278249410810683,0.1873447536481986,-0.3601955873129525,0.0003563181482864929,2.0,0.0,2.0,6.974016554947415,6.966307322870978
19.773712873458862,-3.7541222629063564,-3.9276166383553672,2.3278284489473164,0.18820177697756285,-0.35992685875172475,0.00034527466176823923,2.0,0.0,2.0,6.9744940294117175,6.966785160629003
19.783671379089355,-3.752235959653587,-3.9312145601398716,2.327831846218352,0.18905889470287465,-0.35965736841408086,0.0003341301995274432,2.0,0.0,2.0,6.974965245274165,6.967256738013
19.793676137924194,-3.750341084456117,-3.934809783080114,2.327835131492502,0.18991617967424732,-0.35938708509440204,0.0003229594526346353,2.0,0.0,2.0,6.975430201073453,6.967722053627493
19.803678274154663,-3.748437635219628,-3.9384022991092458,2.327838305915675,0.1907737166743502,-0.35911598240355963,0.00031192641768801896,2.0,0.0,2.0,6.9758888946473405,6.968181105255404
19.813738584518433,-3.7465256089994265,-3.941992099939086,2.327841370134985,0.19163159091377283,-0.3588440431056139,0.0003009386355127233,2.0,0.0,2.0,6.976341322988747,6.968633889857352
19.823670864105225,-3.744605001981723,-3.9455791771456874,2.3278443248128706,0.19248989043097986,-0.35857125651138577,0.00028993055408246197,2.0,0.0,2.0,6.976787482303806,6.969080403605563
19.833749532699585,-3.742675809525077,-3.9491635222393264,2.327847163550433,0.19334869251531972,-0.35829761995321635,0.00027766501945215865,2.0,0.0,2.0,6.977227367754206,6.969520641958829
19.843688011169434,-3.740738026124093,-3.952745126675355,2.3278498779632604,0.19420809584512527,-0.3580231227743777,0.0002652809753528907,2.0,0.0,2.0,6.977660973673301,6.969954599640008
19.85370397567749,-3.73879164531298,-3.956323981788964,2.3278524704586987,0.1950681875850928,-0.3577477534751209,0.00025327352471569455,2.0,0.0,2.0,6.9780882940514894,6.970382270520932
19.86367654800415,-3.7368366598281213,-3.9599000787823413,2.327854943890059,0.19592904210676093,-0.35747149536309947,0.00024140263002551265,2.0,0.0,2.0,6.978509322177726,6.970803647750255
19.87371301651001,-3.734873061711794,-3.9634734086623187,2.3278572989546342,0.19679072379982818,-0.35719432688040914,0.00022963138901087128,2.0,0.0,2.0,6.978924050568162,6.971218723804389
19.883668184280396,-3.7329008424215746,-3.9670439621997677,2.327859536178437,0.19765328404558344,-0.35691622245724447,0.00021775855213655251,2.0,0.0,2.0,6.9793324711269324,6.971627490555102
19.89367389678955,-3.7309199929768435,-3.97061172990923,2.3278616538570653,0.19851676019649184,-0.3566371573257338,0.0002058135881066854,2.0,0.0,2.0,6.979734575158597,6.9720299393788085
19.903664112091064,-3.7289305040779053,-3.9741767020651277,2.327863653099951,0.19938117760302518,-0.35635710810456717,0.0001940462145984141,2.0,0.0,2.0,6.980130353712287,6.972426061263866
19.913785934448242,-3.7269323662586533,-3.9777388687318846,2.3278655349705235,0.2002465446810767,-0.3560760570906807,0.00018235089258898768,2.0,0.0,2.0,6.980519797589779,6.972815846953178
19.923665523529053,-3.7249255700242103,-3.9812982198223157,2.327867300315272,0.20111285881724864,-0.35579399112259874,0.000170652698287654,2.0,0.0,2.0,6.98090289748349,6.973199287090349
19.93376350402832,-3.7229101060154055,-3.9848547451647267,2.3278689424877905,0.20198009577562812,-0.3555109079466753,0.0001576161025624181,2.0,0.0,2.0,6.981279643807656,6.973576372392798
19.94366431236267,-3.7208859650594923,-3.9884084346103963,2.3278704524106213,0.20284824645876673,-0.35522681446859844,0.0001444344467037145,2.0,0.0,2.0,6.981650027038736,6.973947093754442
19.95370054244995,-3.7188531381167294,-3.991959278183576,2.3278718325585936,0.20371728785649254,-0.35494174052723027,0.00013165699490076284,2.0,0.0,2.0,6.982014038413904,6.974311442287583
19.963752269744873,-3.716811616446849,-3.9955072663263476,2.327873086134548,0.20458718564724346,-0.3546557388939432,0.00011904641752391636,2.0,0.0,2.0,6.98237166969932,6.974669409599875
19.97372579574585,-3.7147613916660704,-3.9990523900997395,2.3278742138693644,0.20545790547202084,-0.3543688783723684,0.00010653186865664408,2.0,0.0,2.0,6.982722913202272,6.975020987956922
19.983697414398193,-3.7127024556476576,-4.002594641236381,2.3278752166306806,0.2063294331819283,-0.35408121990993796,9.397392763662339e-05,2.0,0.0,2.0,6.983067761843471,6.975366170231995
19.993724584579468,-3.7106348002534983,-4.006134011967147,2.327876093168831,0.2072017871780413,-0.35379280081553505,8.137405021992586e-05,2.0,0.0,2.0,6.983406208733526,6.975704949587984
20.003675937652588,-3.7085584169527905,-4.009670494722718,2.3278768448595852,0.2080750274828928,-0.35350362158436394,6.89800987221687e-05,2.0,0.0,2.0,6.983738246913866,6.97603731899511
20.01373553276062,-3.7064732964491527,-4.0132040817500405,2.3278774730334146,0.20894924538902687,-0.3532136463637733,5.668188008871503e-05,2.0,0.0,2.0,6.984063868707475,6.976363270706481
20.023670196533203,-3.704379428390341,-4.016734764761471,2.3278779788118706,0.2098245598277332,-0.35292280387863467,4.4459353321300645e-05,2.0,0.0,2.0,6.9843830652732715,6.976682795819681
20.03376579284668,-3.7022768011664238,-4.020262534617796,2.327878361561687,0.21070110098664913,-0.3526309974845938,3.2095298141880043e-05,2.0,0.0,2.0,6.984695826186897,6.976995883929722
20.043673038482666,-3.7001654018176593,-4.023787381109555,2.3278786211132383,0.2115790071822151,-0.35233811072193527,1.9821269953464068e-05,2.0,0.0,2.0,6.985002139343887,6.977302522927866
20.053698778152466,-3.698045216062774,-4.027309292834149,2.3278787577630156,0.2124584015057822,-0.3520440241346258,7.5187744934441845e-06,2.0,0.0,2.0,6.9853019909118,6.977602698953571
20.063756465911865,-3.695916228454802,-4.0308282571856875,2.3278787716971876,0.21333939436283655,-0.35174861615203395,-4.754812628787256e-06,2.0,0.0,2.0,6.9855953654238405,6.9778963965153125
20.0737247467041,-3.6937784226091597,-4.0343442603947315,2.3278786574805035,0.21422205940842773,-0.35145177865949634,-1.829918185245932e-05,2.0,0.0,2.0,6.985882245728222,6.978183598698845
20.08368158340454,-3.6916317814261594,-4.037857287629622,2.327878405041294,0.2151064752281821,-0.3511534030113994,-3.212938293743184e-05,2.0,0.0,2.0,6.986162613273212,6.978464287406217
20.093696117401123,-3.6894762870630955,-4.041367322995841,2.3278780162101302,0.21599270339329296,-0.3508533896178309,-4.557437719129518e-05,2.0,0.0,2.0,6.9864364488590125,6.9787384433314195
20.103673696517944,-3.687311921158218,-4.0448743496525665,2.327877494222463,0.21688079111931324,-0.35055164583502246,-5.883162344724479e-05,2.0,0.0,2.0,6.986703732393641,6.979006046209277
20.113747596740723,-3.6851386649118694,-4.048378349872429,2.3278768398941594,0.21777077632351774,-0.350248091562279,-7.201270440174303e-05,2.0,0.0,2.0,6.986964442812824,6.979267074914939
20.12367010116577,-3.6829564992796406,-4.051879305319691,2.3278760534930263,0.21866266530642736,-0.34994269029797936,-8.536781922484294e-05,2.0,0.0,2.0,6.987218558484974,6.979521507781368
20.133756160736084,-3.6807654054072168,-4.055377197610226,2.327875128497649,0.21955641424988342,-0.34963547038326404,-9.970922812342028e-05,2.0,0.0,2.0,6.9874660575959675,6.979769323277697
20.14365005493164,-3.67856536504338,-4.058872008970775,2.3278740600458194,0.22045194617985378,-0.3493265259574137,-0.00011389836809554172,2.0,0.0,2.0,6.987706919263832,6.980010500728255
20.153669595718384,-3.676356360988472,-4.062363722920238,2.3278728519334617,0.22134912512583646,-0.3490160206355183,-0.0001276845211269649,2.0,0.0,2.0,6.987941124628029,6.9802450210743086
20.163913249969482,-3.674138377661399,-4.0658523249060226,2.327871506125487,0.2222477669368234,-0.3487041731948009,-0.0001415387547694298,2.0,0.0,2.0,6.988168657189281,6.980472867707005
