t,x,y,z,vx,vy,vz,ax,ay,az,yaw,yaw_dot
3.5025086402893066,4.472450088027009e-09,-7.852779029352052e-10,2.0080002569341837,6.696791626222147e-07,-1.1793613639579687e-07,1.0521117353844991e-05,6.673042929186835e-05,-1.1822467382463786e-05,0.0010997486575582902,-0.031415926535897754,-1.5707963267948966
3.522533893585205,3.5589757644744944e-08,-6.305277059213625e-09,2.008000759912002,2.6597543220634513e-06,-4.740455553700913e-07,4.339512951911668e-05,0.00013204143114204433,-2.3816963775658554e-05,0.0021852890729557035,-0.06283185307179551,-1.5707963267948966
3.542510986328125,3.0952366851965864e-08,-5.3333731832552575e-09,2.007985112412157,3.297499563148861e-06,-5.588664987468941e-07,-0.0004977493532298866,0.00019657597600399252,-3.198720024393255e-05,0.003256021932277835,-0.031415926535897754,1.5707963267948966
3.5624423027038574,5.176222105994718e-08,-8.901905091194325e-09,2.0078834812064317,4.816925596683595e-06,-8.827953295258594e-07,-0.0029397447492649363,0.0002573741759264425,-5.257280749638089e-05,0.004342186445488815,-0.004855827535147128,1.3280049500375313
3.582597494125366,2.035606880288547e-07,-3.8447946907927784e-08,2.007825626445245,1.0561047185715033e-05,-2.140640035004031e-06,-0.002842158425972667,0.0003168121810141153,-7.322213228162158e-05,0.005414070387693611,-0.03627175407104488,-1.5707963267948966
3.602430582046509,1.6214024975790668e-07,-2.7651253515883764e-08,2.007599164661668,9.173527272019615e-06,-1.6846994330035447e-06,-0.007203688306499952,0.0003551719900122676,-5.902022500258466e-05,0.006466447761075538,-0.004855827535147128,1.5707963267948966
3.6225664615631104,4.1914428105670584e-07,-7.222807817062287e-08,2.0074564536451307,1.6650864427120163e-05,-2.7273473309587008e-06,-0.007063951961080798,0.0003923687307892199,-4.532945461754103e-05,0.007504864508033436,-0.03314536709171634,-1.4144769778284605
3.6425435543060303,3.8639761507489883e-07,-6.0441255875684e-08,2.0072899109301954,1.4140343061011284e-05,-2.3065598431376918e-06,-0.00973427854622905,0.0003561118638047568,-7.478220399266139e-05,0.008533994228742415,-0.00365549511068064,1.474493599051785
3.662400722503662,8.024696046570896e-07,-1.5133244503076947e-07,2.0069373976654803,1.8589955346183907e-05,-5.274023889818429e-06,-0.011212298506953303,0.00014615396601537684,-0.00021023444088666984,0.009539967894308457,-0.03507142164657839,-1.5707963267948966
3.6825220584869385,1.1896042089900877e-06,-3.078034181975509e-07,2.006715126076624,1.9430437188224213e-05,-1.0818814461279217e-05,-0.011011552256016638,-6.17664540187935e-05,-0.00034395686066399463,0.01053240553154503,-0.01427799077564762,1.0396715435465387
3.7023699283599854,1.7526700008114747e-06,-3.9889068998403354e-07,2.0064437099437606,2.204735518594413e-05,-1.357898614921963e-05,-0.012070827526711883,-0.00035263749046598796,-0.0005319043853707626,0.011522054333515143,-0.03861425015948994,-1.216812969192116
3.7226498126983643,2.1038610015800983e-06,-7.892569583496735e-07,2.0062046631072503,1.2113024037169982e-05,-2.6075859188618252e-05,-0.011830602166336307,-0.0006402538871263534,-0.0007173700988500357,0.012498242592481014,-0.029444226022464548,0.4585012068512695
3.742521286010742,2.6282871563887092e-06,-6.346814598757207e-07,2.0060735998660393,8.421024052465663e-07,-1.185619277692936e-05,-0.012101436256314454,-0.0028227495842551307,0.0003026616435254827,0.013251329686030763,-0.01738437403088744,0.6029925995788554
3.7624735832214355,1.936518751952927e-06,-7.439450807369852e-07,2.00583427106216,-7.719803524901652e-05,4.285014251145976e-06,-0.011828970520024025,-0.004976479172949453,0.0013092176151624322,0.013993413939443323,0.013564559821861,1.547446692637422
3.7825212478637695,3.012409573778868e-06,-6.586181884695874e-07,2.0057157575122613,-8.128304729069695e-05,2.3018568655058377e-05,-0.011648738141897028,-0.007187093975516612,0.002365735420708991,0.014695850513898972,0.04498048635775875,1.5707963267948966
3.8024613857269287,3.889230429662923e-06,-1.5932886876995075e-06,2.0052469160226796,-0.00011896579705588695,1.8531604988551077e-05,-0.01172152494744063,-0.0073403003535027255,0.0021267416969946193,0.015572728791902175,0.020846286661262425,-1.2067099848248164
3.822645425796509,3.1746552810352936e-08,-8.130971827367547e-07,2.005015657909205,-0.0002672862210909753,5.870049339835071e-05,-0.011401404706027289,-0.0074913895676393125,0.0018906258813937912,0.016437237792199553,0.05226221319716018,1.5707963267948966
3.8425588607788086,2.8932484022993666e-06,-2.463409680151901e-06,2.0048436388617064,-0.00017837789523760287,1.1052156582683316e-05,-0.012798349891808622,-0.007669117809491112,0.0016577096426479568,0.017324282827510185,0.020846286661262425,-1.5707963267948966
3.862356424331665,-1.828549025917979e-06,-2.3102241513695715e-06,2.004448960421198,-0.00029640919397975134,3.635377527289298e-05,-0.012817472661583191,-0.007685053109968244,0.0015784926927213882,0.018224097499201966,0.05226221319716018,1.5707963267948966
3.8825631141662598,-9.294792783137509e-06,-1.2726973602747814e-06,2.0041963151275164,-0.0004502674247317762,6.713710515237677e-05,-0.012444100473944238,-0.00770072595297035,0.0014999530638076404,0.01911096814586891,0.08367813973305793,1.5707963267948966
3.9023630619049072,-1.7116809706000132e-05,6.449405511878662e-07,2.0038887072754896,-0.0005418303701735628,0.00010644652312534888,-0.013415089728646266,-0.007532311825046382,0.0014707275712486834,0.019990252790905074,0.0662043042870546,-0.8736917723001669
3.9229488372802734,-2.944876131472478e-05,3.0660662999334904e-06,2.0036244615070777,-0.0006908107006405021,0.00013556851011573703,-0.013006599031792191,-0.007366084583721399,0.0014414651099248518,0.020856677860341313,0.09762023082295235,1.5707963267948966
3.9425230026245117,-3.649492990525557e-05,5.060716163980583e-06,2.0034988479325655,-0.0007567611604151293,0.00016550231603383207,-0.012675101060348153,-0.007041641474263805,0.0013885398088708163,0.021697542346710376,0.10226168278951331,0.23207259832804805
3.9631054401397705,-6.311646931185992e-05,1.0974235512199073e-05,2.003146935313507,-0.0010107908664422954,0.00020674025952724091,-0.011432460132954018,-0.00954634493145405,0.00025864779538408854,0.021572442610328865,0.13367760932541106,1.5707963267948966
3.982451915740967,-8.540679001460272e-05,1.5086152583324818e-05,2.002922592262117,-0.0012264738917000845,0.00020073234575338546,-0.011002261822445177,-0.0120161536631682,-0.0008570836722997863,0.021447397718111265,0.12455965999482288,-0.4558974665294091
4.002397298812866,-0.0001103169860902887,2.061219224662733e-05,2.002760248181357,-0.0014034142053215002,0.00022540691108491117,-0.00923535854931893,-0.01236288658536184,-0.0017115811498055362,0.02131101108761167,0.15597558653072063,1.5707963267948966
4.022510290145874,-0.0001408806926055134,2.4721605064742195e-05,2.00257979412951,-0.0016540942019047634,0.00018272318045905772,-0.008810500632816196,-0.0127042135985912,-0.002554938962098238,0.021174811896589336,0.17721828606391332,1.0621349766596344
4.042534828186035,-0.00015413322743190955,2.9240187115482767e-05,2.002529987951594,-0.0016677730535063716,0.0002371151145985074,-0.007522506032842398,-0.012303482138719629,-0.002741362371693532,0.021912966446515584,0.20863421259981108,1.5707963267948966
4.062533855438232,-0.00018992288911420246,3.3421904840025136e-05,2.0023839690739385,-0.0019098719744948332,0.0001804429852731947,-0.007076958569660275,-0.011907139721075854,-0.002925464272395499,0.022639916083597333,0.17721828606391332,-1.5707963267948966
4.082504749298096,-0.0002273753752484896,4.176326925493783e-05,2.0022999871388603,-0.0020793842645305434,0.00024920420377296947,-0.0053451131278627745,-0.01162227903154604,-0.0032349029587409395,0.023351348667887316,0.20863421259981108,1.5707963267948966
4.10235595703125,-0.00029352667223753794,5.000495837515491e-05,2.0021471156593895,-0.0024468565525446176,0.00021970885102518166,-0.004953193065036912,-0.011503686753208415,-0.003583821613581313,0.024172295486562127,0.24005013913570883,1.5707963267948966
4.122470140457153,-0.0003447566744438851,5.365934751858396e-05,2.002052940358774,-0.00267575102104539,0.00014458283863133848,-0.0044616423640282754,-0.011385892523499393,-0.003927989323940159,0.024980686067317553,0.2714660656716066,1.5707963267948966
4.142486572265625,-0.0003743255899062863,5.6575836622631185e-05,2.002011895811888,-0.0028548390130299912,0.000146283746899863,-0.004093390928304137,-0.011415618286582486,-0.0045767816158543,0.02579424916103671,0.30288199220750434,1.5707963267948966
4.162488698959351,-0.0004337074013786825,5.854334799604724e-05,2.001935240453588,-0.0030834362775551583,4.8334438287257624e-05,-0.0035694748088538884,-0.01144386135045214,-0.005216667852052887,0.02659527784354989,0.3342979187434021,1.5707963267948966
4.1825456619262695,-0.0005010820370230679,6.129142642989322e-05,2.0018742910734,-0.0033960395924544627,1.122083986087282e-05,-0.002922777511790379,-0.01152741136361585,-0.005840406764181488,0.027350435596608633,0.36571384527929984,1.5707963267948966
4.202495574951172,-0.0006097321958509438,6.141635762038282e-05,2.001800623861428,-0.003788544759461289,-8.87741417033643e-05,-0.0020254005514800904,-0.01180877161275048,-0.005101548216596771,0.027057417925109985,0.3971297718151976,1.5707963267948966
4.222666263580322,-0.0006878833140725359,5.8669464421175443e-05,2.0017655078783707,-0.004027485698566492,-0.00018347616825478694,-0.0014871692217465913,-0.01208436277099679,-0.0043698447948951535,0.02676597763234567,0.42854569835109535,1.5707963267948966
4.242541551589966,-0.0007300660747473228,5.803150553312146e-05,2.0017689719234135,-0.004189522616820472,-0.00018761385085162884,-0.0007132530963317589,-0.012589548577817319,-0.004063931703085915,0.026473957389368825,0.4599616248869931,1.5707963267948966
4.262421607971191,-0.0008164077244775464,5.3486686930240374e-05,2.0017599822647174,-0.004446300231105964,-0.00026585825746879753,-0.00018668085788377072,-0.013086911550057586,-0.0037610059297170204,0.02618353193234539,0.42854569835109535,-1.5707963267948966
4.282383918762207,-0.0009573826263092469,4.1285098973378276e-05,2.001795565014751,-0.004886446033036796,-0.0004595704103275224,0.0008120068612081999,-0.014550075750126094,-0.005728768806718949,0.026929996002372433,0.3971297718151976,-1.5707963267948966
4.302442789077759,-0.0010581180604745618,3.081808739686412e-05,2.0018172403246517,-0.005191904908257467,-0.0005936010346928559,0.0013579729773592782,-0.015992334587488027,-0.007669856817082872,0.027664651321447704,0.36571384527929984,-1.5707963267948966
4.322495222091675,-0.0011102646301773046,2.391778716336524e-05,2.0014716523612317,-0.0053404334276535795,-0.0006983397559718913,-0.009909266346374372,-0.01705808636922242,-0.009679781714509452,0.0274225104933485,0.3342979187434021,-1.5707963267948966
4.342776298522949,-0.0012205551499159027,7.88244549355736e-06,2.0012789354446308,-0.0056921166699980975,-0.000911800561335148,-0.009363229053892867,-0.018107524646527616,-0.011661628722103358,0.027181388410061028,0.30288199220750434,-1.5707963267948966
4.362453937530518,-0.0013330695460290897,-6.070974862778417e-06,2.0003065950466064,-0.005938824748747342,-0.0009849222833631568,-0.025633136489985376,-0.019100935596781228,-0.013650534039535825,0.028729825268795136,0.2714660656716066,-1.5707963267948966
4.382390737533569,-0.0015167141999734687,-3.4971500597845363e-05,1.9999177866563276,-0.006438442452503898,-0.0012168871647059306,-0.013421338908821434,-0.02109429584944879,-0.015857939767827227,0.028493893158465816,0.24005013913570883,-1.5707963267948966
4.402524709701538,-0.0016498333301589443,-6.262636883783062e-05,1.9996550429730475,-0.006880017241471234,-0.0015558495164724258,-0.012853812855254077,-0.02305830048599469,-0.01803289922785915,0.02825886231628004,0.20863421259981108,-1.5707963267948966
4.422532558441162,-0.0017837930435674468,-8.601160351449322e-05,1.9998919174930336,-0.00711814045353899,-0.0016571935631430454,-0.0019077529754472611,-0.02291963448401741,-0.021519428851752613,0.027948844644867257,0.17721828606391332,-1.5707963267948966
4.442455530166626,-0.0019307303722201881,-0.0001236893099446628,1.9998593316204103,-0.007575119341432736,-0.0021220332139403864,-0.0013518619609157385,-0.022777713777944627,-0.024956272530343975,0.027640542353956715,0.14580235952801557,-1.5707963267948966
4.4624645709991455,-0.002000138357187056,-0.00013700143153886577,1.9996721748447086,-0.007611241336322361,-0.002125566373201099,-0.006678096110086608,-0.02509771722806602,-0.02688240286232107,0.027375688166729722,0.11438643299211781,-1.5707963267948966
4.482425928115845,-0.002233526389604944,-0.00020104863611185094,1.9991341075620155,-0.00820172654522771,-0.002601356112371062,-0.015931490430968816,-0.026828629888774446,-0.0272283177104962,0.029121743115538487,0.08297050645622006,-1.5707963267948966
4.502609729766846,-0.0024030406707197705,-0.00025854408039251175,1.9988214172563117,-0.008755380000710451,-0.0031493145489261847,-0.015331803201466465,-0.028532162214200244,-0.027566188291357086,0.030842826157607223,0.05155457992032231,-1.5707963267948966
4.522481441497803,-0.002577139985418059,-0.0003152996543195675,1.9980574119804149,-0.009174616578293819,-0.003433858134232835,-0.025756004703792877,-0.0298852120266222,-0.02856649990048895,0.03150668502543512,0.020138653384424554,-1.5707963267948966
4.542600154876709,-0.0027666985159675267,-0.0003897560016123428,1.997548636949268,-0.00978567689959319,-0.004015057477464583,-0.025119320951260564,-0.03121734033922475,-0.029550765750688185,0.03215992359711432,-0.0112772731514732,-1.5707963267948966
4.562505722045898,-0.002862870498233097,-0.00042823484050367425,1.9971767283544555,-0.010005912442204267,-0.0042364631406117265,-0.027955798100269783,-0.03096066698251867,-0.030750709140176108,0.032958406699820794,-0.04269319968737095,-1.5707963267948966
4.582355499267578,-0.0031741483012380596,-0.0005670934527476675,1.9963632197974728,-0.010855964372969927,-0.005102777742871393,-0.02647267378474237,-0.03071371079983949,-0.030826126867366216,0.03365343982797682,-0.0741091262232687,-1.5707963267948966
4.6025004386901855,-0.0033973938711319455,-0.0006753190585198759,1.9958405427817107,-0.011467769697119334,-0.005720020748509745,-0.025792748565401286,-0.030466835009095458,-0.030897501435176656,0.03433720840433482,-0.10552505275916646,-1.5707963267948966
4.6225221157073975,-0.003512628532378168,-0.000733609844146008,1.9956630635684476,-0.01174342069771121,-0.0060175554979833385,-0.023120121012758087,-0.02984385868978919,-0.03064322772040315,0.03503132512443858,-0.1369409792950642,-1.5707963267948966
4.642499923706055,-0.0037534244527520177,-0.0008600726760628562,1.9952077131114654,-0.012334112503764025,-0.006627881980946584,-0.022412649354897923,-0.02922620753531909,-0.03038951389472083,0.035713925072952755,-0.16835690583096197,-1.5707963267948966
4.6624836921691895,-0.004008531118155553,-0.001001162872527634,1.9949193280497048,-0.012992275171870685,-0.007306236886740302,-0.01782792556092698,-0.029093461560271042,-0.030468627075065646,0.03538533359461513,-0.19977283236685972,-1.5707963267948966
4.682410717010498,-0.004415339195246594,-0.0012376853989168044,1.994511507828645,-0.013974290484113316,-0.008321746012192448,-0.01356481349674908,-0.028419938269418032,-0.029918617491652647,0.03601886906349596,-0.23118875890275747,-1.5707963267948966
4.7025065422058105,-0.004700464413695295,-0.0014100676029726732,1.9942474570120678,-0.014536007781265178,-0.008914656195200234,-0.012838193431900275,-0.027752863958460546,-0.029373157762212374,0.036641288540702616,-0.2626046854386552,-1.5707963267948966
4.722491502761841,-0.004852214889471018,-0.001505552965369985,1.9942421489582158,-0.014970500798300847,-0.009337229140186568,-0.008990862214302677,-0.02932998444394831,-0.027810350289964814,0.03697108663339924,-0.294020611974553,-1.5707963267948966
4.742427587509155,-0.005157594860341028,-0.0016977563148789464,1.9940697475384928,-0.015572674510855207,-0.009877955342079484,-0.008248205702397595,-0.030883452671016137,-0.026265208577994706,0.03729330388635953,-0.32543653851045073,-1.5707963267948966
4.762524366378784,-0.005481515847354842,-0.0019119528763074545,1.9941017761212054,-0.016332871073345547,-0.01069724003153196,-0.00276013489813482,-0.03067084431278168,-0.02621864961041602,0.03768599713122651,-0.3568524650463485,-1.5707963267948966
4.78238582611084,-0.005987091476887943,-0.002253432092631765,1.9941553822458915,-0.0173133155479236,-0.01172600677596759,0.001769932449300516,-0.03180563969998671,-0.02544817656794572,0.037748924552780394,-0.38826839158224624,-1.5707963267948966
4.802518367767334,-0.006339793657549924,-0.0024929908521513795,1.9941983346573178,-0.017960624453476595,-0.012227324492472706,0.002525503951978885,-0.032922221510920606,-0.02468477113514935,0.03780750249768482,-0.419684318118144,-1.5707963267948966
4.822481632232666,-0.0065224384373006004,-0.0026244175589368148,1.9943365293078699,-0.018349021498318168,-0.012684762057627266,0.006051803920165032,-0.03542647965985492,-0.022974052383178917,0.037486575647316535,-0.45110024465404175,-1.5707963267948966
4.842604160308838,-0.006896669248392195,-0.0028825945636782742,1.9944650413470335,-0.019082282852918055,-0.013127302720518758,0.00679833295659441,-0.03789345485978636,-0.021283342307660703,0.03716646376242841,-0.4825161711899395,-1.5707963267948966
4.862518310546875,-0.007283480187727485,-0.0031626855988057,1.9947595274217338,-0.019767264858398904,-0.013882869171915271,0.011286924117181078,-0.037756527662599945,-0.020509508322868533,0.03778380224894112,-0.5139320977258377,-1.5707963267948966
4.882389783859253,-0.007890660064276533,-0.0035976705167250042,1.9952017977918899,-0.020824049668604596,-0.014762759521479074,0.014878578492257693,-0.037888458799591684,-0.020694999905695483,0.03809934265872422,-0.5453480242617355,-1.5707963267948966
4.902482271194458,-0.008314727286943364,-0.003897076813178711,1.9955070098734533,-0.021583095186603875,-0.015178471103684412,0.015643655291764876,-0.03801523570607246,-0.020875294276209766,0.038407031517354556,-0.5767639507976332,-1.5707963267948966
4.922549724578857,-0.008531475094179501,-0.004057438442525789,1.9957427229878615,-0.021938261218406703,-0.015592306544196289,0.01822264680990587,-0.03792720068169774,-0.020191669377484227,0.03891182097729885,-0.608179877333531,-1.5707963267948966
4.942476749420166,-0.008977819798700553,-0.004373277673626537,1.9961149914160856,-0.022695909720404524,-0.015989360560316624,0.01900584367791632,-0.037837346774164206,-0.019514867293498106,0.039406121346150104,-0.6395958038694287,-1.5707963267948966
4.962437629699707,-0.009440882011771817,-0.004705398563787857,1.9966033898557924,-0.023516313564229435,-0.016581863349430463,0.022264123475567336,-0.03994687377366362,-0.01893810676259885,0.03872471426868826,-0.6629853459000432,-1.1694771015307248
4.982390642166138,-0.010165530771066788,-0.0052160391796955185,1.9973449189009183,-0.024767401749369436,-0.01728196444048781,0.025020059965469185,-0.0427684905872799,-0.018960867031592086,0.03803568831781823,-0.631569419364145,1.5707963267948966
5.002485752105713,-0.010669618442040014,-0.005565472121349425,1.9978528815660601,-0.025650626159793053,-0.017661403065137343,0.025773927336557097,-0.04554673715396598,-0.01898286911025798,0.03735192438252098,-0.6441612382601312,-0.6295909447993076
5.022510290145874,-0.010926908953191174,-0.005746460806366144,1.9981045386058585,-0.026072005820157184,-0.017937534493780466,0.025471467003031305,-0.04740895541851234,-0.017974329345820387,0.03668408199049633,-0.6352175421186272,0.44718480707519603
5.042489528656006,-0.01145416865021693,-0.0061104137439413056,1.9985569586477552,-0.026901701621041378,-0.018356902658619504,0.02407732639830076,-0.04802340536669736,-0.018733703001425996,0.03706646890874518,-0.666633468654525,-1.5707963267948966
5.062749147415161,-0.01227637777563767,-0.006671590556848738,1.9991947219066086,-0.028167209655897706,-0.018979604532030667,0.02238964880014054,-0.048665209327821674,-0.01951711336563245,0.03642577614349279,-0.6667806799700715,-0.007360565777325689
5.082685947418213,-0.012847128264642464,-0.0070554685197614705,1.9996232363782154,-0.029083688875486135,-0.019400643606880073,0.022269066031827062,-0.05109490261149051,-0.022029998556473075,0.03579734245156135,-0.675281483085266,-0.4250401557597261
5.102573871612549,-0.013439180960739596,-0.007448053189050511,2.0000757355081333,-0.030129543694312547,-0.01986608445526678,0.022978767931975726,-0.053483793575272845,-0.024508340877366884,0.03517363381905325,-0.6594147489823814,0.7933367051442319
5.122304439544678,-0.014046957862532414,-0.007845658081851541,2.0005201668448644,-0.03107771576775988,-0.020238051294399116,0.023197414188662814,-0.05578890074073325,-0.02646177656004894,0.034560821904166664,-0.6881655487203782,-1.4375399868998384
5.14255428314209,-0.014679821695564556,-0.008255840299978931,2.00099098666992,-0.03221622221737649,-0.02078658921553165,0.023882541005582115,-0.05805530808400972,-0.02838738761809557,0.03395262827512329,-0.6567496221844804,1.5707963267948966
5.162567853927612,-0.015000204745511827,-0.00845784460094159,2.001227161481538,-0.03267710572545339,-0.020871947667321693,0.023979417979923028,-0.059812548477977,-0.029786562064889412,0.0333559324767198,-0.6881655487203782,-1.5707963267948966
5.182433366775513,-0.01566582497341428,-0.008881333096450077,2.00171338147326,-0.03389067154967157,-0.021481495935077262,0.024640607222913696,-0.061538896138477954,-0.031164778965896606,0.03276374141420421,-0.6567496221844804,1.5707963267948966
5.202575445175171,-0.01600109728528342,-0.00908837139355976,2.001956483633304,-0.03433002684154576,-0.021537558149534865,0.024847938073750093,-0.06321306811015909,-0.032238623658531404,0.03218197082169159,-0.6881655487203782,-1.5707963267948966
5.222355842590332,-0.01741407230364486,-0.00996203682141057,2.0029769655547676,-0.03661123765531761,-0.02250490042403194,0.026252530180372158,-0.06479609712029295,-0.03330060280725512,0.03160048775622211,-0.6567496221844804,1.5707963267948966
5.242519855499268,-0.01815936036998791,-0.010418864903641556,2.0035082977118606,-0.03792274970234921,-0.023181391400499927,0.026878762010240323,-0.06635031617986116,-0.03434568440145083,0.031023431920124883,-0.6881655487203782,-1.5707963267948966
5.262841463088989,-0.018537587264675442,-0.010645961307139852,2.0037906816601265,-0.038479565464994876,-0.02335184209322715,0.02757156053381952,-0.06784193070422165,-0.035268273781798865,0.03045310766063136,-0.6567496221844804,1.5707963267948966
5.282478094100952,-0.01971849786202697,-0.01135619935135211,2.0046514212627917,-0.04041565767441733,-0.02424246832606225,0.029051988953023303,-0.06933766004621231,-0.03618010404550454,0.029882324190355178,-0.6776679285000777,-1.0459153157798662
5.302572727203369,-0.02054077686238078,-0.011848344762182331,2.005238399674366,-0.04181713481874518,-0.024975061208391342,0.029643964246707448,-0.0708053993796081,-0.037076640537360296,0.02931593665258508,-0.6462520019641795,1.5707963267948966
5.322513580322266,-0.02138743638923784,-0.012347323398575277,2.0058810017479756,-0.04315112762351488,-0.02552728162135548,0.031352034155030135,-0.0722347955332421,-0.03793493316460841,0.02874890574919615,-0.6776679285000773,-1.5707963267948966
5.342529535293579,-0.022264999821194873,-0.012865512498133783,2.006513754630799,-0.044609888767551814,-0.026294440071201873,0.03192137872659214,-0.07363675610920438,-0.03877845520674816,0.028186285289863982,-0.6462520019641795,1.5707963267948966
5.362717866897583,-0.022712756771654755,-0.01312585630113805,2.0068568191917535,-0.04530192299420543,-0.026560954385311787,0.03284869963596518,-0.07497509337341825,-0.039501800986195344,0.02762862714361365,-0.6776679285000773,-1.5707963267948966
5.382416486740112,-0.02363387815329369,-0.013665023311547451,2.0075192819510304,-0.046814588386247635,-0.027358113797567585,0.033395731980456055,-0.0762870602353542,-0.04021194449469785,0.027075333548186344,-0.6462520019641795,1.5707963267948966
5.402499437332153,-0.02410351951549021,-0.013936481910949105,2.0078783279655945,-0.047524326590890675,-0.027650985582222662,0.03433184124662525,-0.07756102613537225,-0.040934666502289004,0.02652681242547137,-0.6776679285000773,-1.5707963267948966
5.422508478164673,-0.026063175227875404,-0.01507017048551548,2.009303443297599,-0.05055963738198612,-0.029172599323367347,0.036155035531775424,-0.07876062780445972,-0.041603358982078224,0.02597498935410528,-0.6462520019641795,1.5707963267948966
5.442610025405884,-0.027090198823504937,-0.015661987087410345,2.0100317024371073,-0.05214663750242903,-0.030011247474804246,0.036669053615877294,-0.0799352260529073,-0.04225934248486508,0.02542754817531822,-0.6776679285000773,-1.5707963267948966
5.462619304656982,-0.027615364543806357,-0.01596247517747693,2.010415376446675,-0.052949151780632614,-0.030392241542997474,0.037383579414554856,-0.08101483487065093,-0.0429680573034405,0.02488647772246347,-0.6462520019641795,1.5707963267948966
5.482438325881958,-0.029239975590912067,-0.016892058453314224,2.01156275701469,-0.05538106339489037,-0.031645593175507754,0.03853560763462943,-0.08208084366120473,-0.043752882524950944,0.024346779802412816,-0.6776679285000773,-1.5707963267948966
5.502535343170166,-0.030364082893300674,-0.01753377249838218,2.0123383027601482,-0.05703314015598806,-0.03252837966812046,0.03901718235598631,-0.08312283903043231,-0.04452338458292557,0.023811412997259442,-0.6462520019641795,1.5707963267948966
5.522410154342651,-0.031522364936845675,-0.018191882638187794,2.0131443894439203,-0.05872991835888092,-0.03339259492875446,0.04000493046379092,-0.08409043926240216,-0.045370309920951875,0.02328031278222194,-0.6776679285000773,-1.5707963267948966
5.54256010055542,-0.03271384474028248,-0.01886886429730635,2.0139491089237262,-0.060421210148220564,-0.03430834322206264,0.04046526148643906,-0.08503489000493716,-0.04620198268306724,0.022753503448144304,-0.6462520019641795,1.5707963267948966
5.562501668930054,-0.033323388403556836,-0.01921357636631978,2.014366084777761,-0.06131215482409528,-0.034757968748436535,0.041019000835665266,-0.08599082456113713,-0.046909526843634315,0.022233956405835142,-0.6776679285000773,-1.5707963267948966
5.582472801208496,-0.03520230591255459,-0.02027650496566739,2.015615641581595,-0.06392456741816069,-0.03614515546190769,0.04193002855220617,-0.08685413250598789,-0.047515051293556015,0.021717125162923876,-0.6462520019641795,1.5707963267948966
5.602636098861694,-0.03649822454868621,-0.021008950832630793,2.016458551333074,-0.06567010109351809,-0.037101408285198416,0.0423592378728573,-0.08769560368377581,-0.04810816740914757,0.02120450810046732,-0.6776679285000773,-1.5707963267948966
5.622414588928223,-0.03783152700247908,-0.02176039466268019,2.017322819034981,-0.06749113861784299,-0.03806545146193484,0.04308558776014412,-0.08855138387053897,-0.04871739968356048,0.02069771044917312,-0.6462520019641795,1.5707963267948966
5.642642259597778,-0.039199116002069115,-0.022531487156486438,2.0181886367536923,-0.0692705405504889,-0.03904578666108921,0.04349450864093476,-0.08938514831082991,-0.04931402330653357,0.02019506921367766,-0.6776679285000773,-1.5707963267948966
5.662513494491577,-0.03989810986769345,-0.02292479623843877,2.0186316044750643,-0.0702238084710872,-0.03955552951966191,0.0438948509192234,-0.09013908534215645,-0.04983087755010107,0.019700429492378012,-0.647335296945938,1.5166315777069617
5.682462215423584,-0.04132066307606748,-0.02372590688501702,2.0195134088072204,-0.07203395616074026,-0.040557219590412155,0.04428394708146536,-0.09087222522863404,-0.05033621405555609,0.019209864765921986,-0.6787512234818358,-1.5707963267948966
5.702459335327148,-0.0427817252938184,-0.02454763526594363,2.0204124865579387,-0.0739129198228939,-0.04158098714003238,0.04491455204130725,-0.09154890341679449,-0.05069388425806019,0.018725444747165965,-0.6500654970380007,1.434286322191758
5.7223570346832275,-0.045041950138913024,-0.025818580966194785,2.02177372809454,-0.07671221735784321,-0.04312476152024527,0.045628064916646685,-0.09218004472629633,-0.050911067787320366,0.018244530387522506,-0.6814814235738984,-1.5707963267948966
5.742562770843506,-0.04659467161770069,-0.02669127249456654,2.022689906438043,-0.07856197080495368,-0.04414508897887477,0.04598817971632269,-0.0927921313675504,-0.051120366959366025,0.017767614952255484,-0.6512017103276131,1.5139856623142656
5.76289176940918,-0.04738704069338338,-0.02713661042192212,2.0231577269217773,-0.07955616909030992,-0.044697852360819273,0.04635337137350397,-0.09341733495093492,-0.051398248794417276,0.0172985419084646,-0.6826176368635108,-1.5707963267948966
5.782374382019043,-0.048996888256916324,-0.028040865208438376,2.0240882229821158,-0.08143060694858535,-0.04572852352055788,0.04669468414558248,-0.09402324208802978,-0.05166741836608682,0.016833387272604763,-0.6520048352938033,1.530640078485379
5.802666187286377,-0.050647022826339205,-0.02896825508593021,2.0250327322917028,-0.083384046420555,-0.04682705578003901,0.04721246708903803,-0.09462639877368223,-0.05191160947678867,0.01637477753422916,-0.6834207618297015,-1.5707963267948966
5.822489023208618,-0.05319287375016905,-0.03039825730254036,2.026459559877669,-0.08627741074413924,-0.04843929852474869,0.04778542384182438,-0.09516577870771628,-0.052194954705118445,0.01592022107585494,-0.6550375601555181,1.41916008370917
5.842529058456421,-0.05493749014571352,-0.03137750071332371,2.0274184222865665,-0.08818596453353808,-0.04948595770016514,0.048099314627809975,-0.09568649710182568,-0.052469499330857115,0.015469494814841325,-0.6864534866914163,-1.5707963267948966
5.862504720687866,-0.05582609327107492,-0.03187689812201739,2.027904780223455,-0.08920253162725655,-0.05006528258014441,0.04838732078733562,-0.09606993233634678,-0.05244244643190897,0.015026728942489838,-0.6550375601555185,1.5707963267948966
5.883001089096069,-0.0585471034004429,-0.033404283232474886,2.0293665961025504,-0.09213734337112368,-0.051691364905925775,0.048925818796257174,-0.09650324778940411,-0.052435868057211,0.014587981348297972,-0.6864534866914163,-1.5707963267948966
5.902578115463257,-0.060409178960064584,-0.03444859699805741,2.0303480010113044,-0.09407160067470549,-0.05273997189694992,0.04921322200801349,-0.0969196741787661,-0.05242394186938303,0.014152959784160481,-0.6556942250104463,1.5379630840484992
5.92238712310791,-0.06231290350852253,-0.03551710903831916,2.031337203027251,-0.09608249793652669,-0.05386286285224232,0.04954698445296122,-0.09689725711493855,-0.05153781286840974,0.013725304266305322,-0.687110151546344,-1.5707963267948966
5.9425272941589355,-0.06425393076839518,-0.03660461524805883,2.032330859449366,-0.09802010963765374,-0.054884835366354856,0.049817244405743595,-0.09686173430992406,-0.050660985613461794,0.013301298230361634,-0.6568620436411932,1.5124053952575434
5.96270489692688,-0.06524108751802182,-0.03715889792059796,2.0328307054744297,-0.09904739199269204,-0.055470926865707725,0.049980868958898896,-0.09650728027067117,-0.05001536135288095,0.012885682918192533,-0.6882779701770909,-1.5707963267948966
5.9834606647491455,-0.0682588321520096,-0.038850039411444895,2.034337364910339,-0.10203116958343544,-0.05709895546106132,0.05040771692404949,-0.09704196107416549,-0.04977000756597488,0.013248784293949826,-0.6568620436411932,1.5707963267948966
6.002575159072876,-0.07031889866580136,-0.040001956059792405,2.0353481928861687,-0.10397720307174005,-0.058091884502152386,0.05067626925760418,-0.09755834526233913,-0.0495225463068176,0.013605364348508361,-0.6882779701770909,-1.5707963267948966
6.0224244594573975,-0.07242217359655263,-0.04118026194753638,2.0363643377406384,-0.10603267217477179,-0.05924394584839492,0.050932683343953275,-0.09783770753067457,-0.04950469054948489,0.013177523830437477,-0.6581750696760924,1.5051450250499254
6.042561769485474,-0.07456241231991152,-0.042375040515435204,2.0373855985735676,-0.10799207235546436,-0.0602338449730831,0.051191986073713905,-0.09809936726492985,-0.0494849001648119,0.012753361064072282,-0.6895909962119902,-1.5707963267948966
6.062505722045898,-0.07564915748373241,-0.04298317478825252,2.0378984414494146,-0.10903124364973707,-0.060814628078634976,0.051347055598483606,-0.09858124035365196,-0.04864414178644555,0.0139007530123184,-0.6581750696760924,1.5707963267948966
6.082457542419434,-0.07896568200825863,-0.044832365734245316,2.0394439860831315,-0.11202589020318805,-0.06234879697929451,0.05173388709966192,-0.09896222669287155,-0.047752448068091834,0.015063923826687853,-0.6895909962119902,-1.5707963267948966
6.102511644363403,-0.08122601678584364,-0.04608883309925982,2.04048175327671,-0.11400879948815619,-0.06329499266745289,0.052046650999915775,-0.09932580794279637,-0.04686839118353868,0.01620954753595068,-0.6581750696760924,1.5707963267948966
6.12243390083313,-0.0835275117632754,-0.047369069472273005,2.0415233027547566,-0.11603301180699717,-0.06435301871164538,0.052300226224231895,-0.09961091343062069,-0.0460594379903343,0.017293241578339925,-0.6895909962119902,-1.5707963267948966
6.142577171325684,-0.08586811237407266,-0.04866528814108457,2.0425728373367846,-0.11802794532370771,-0.06526617412689377,0.05265678852043948,-0.09987973004827652,-0.04525722478976302,0.018360205251217416,-0.6581750696760924,1.5707963267948966
6.162580966949463,-0.08705419384510171,-0.04932424547372554,2.0430980480346266,-0.11905130053587594,-0.06583264942190148,0.052771079982624286,-0.1000213614066041,-0.04514481257681421,0.0178346276560414,-0.6895909962119902,-1.5707963267948966
6.182981729507446,-0.09067141469927022,-0.051323603236638926,2.0446862060228126,-0.1220680425760829,-0.06729440229589699,0.053219548260634755,-0.09959026141113747,-0.044404391722697216,0.017315186045976573,-0.6581750696760924,1.5707963267948966
6.202514410018921,-0.09313266442786967,-0.05267832321036387,2.045754025618577,-0.12405546429350721,-0.06817515438110183,0.05356069468896401,-0.0991504651423684,-0.04367218249192654,0.01680019774249285,-0.6895909962119902,-1.5707963267948966
6.222392559051514,-0.09563562275459936,-0.05405515549064825,2.0468268263796747,-0.12609037379542037,-0.06915197057849123,0.05384610847883784,-0.0988884630820319,-0.04251116768350483,0.016294667103918248,-0.6581750696760924,1.5707963267948966
6.2425537109375,-0.09817718992909306,-0.05544662040414135,2.0479069739984626,-0.12806543519188915,-0.06999069532065817,0.05416698281320122,-0.09861592542155165,-0.04136353170977574,0.015793490822188803,-0.6895909962119902,-1.5707963267948966
6.262787580490112,-0.09946487997960636,-0.05615142492211557,2.048449449751282,-0.12911024416078362,-0.0704748080270097,0.05431950001858881,-0.0984063725565829,-0.04014864655994295,0.015302475089414513,-0.6581750696760924,1.5707963267948966
6.282424688339233,-0.10338481614663586,-0.05828770446567074,2.0500856761105695,-0.13212655368453063,-0.07178382930733754,0.05476762664869387,-0.09809130451164001,-0.0390339862700708,0.014816983067169904,-0.6895909962119902,-1.5707963267948966
6.302497625350952,-0.1060469439832965,-0.05973111419135633,2.0511839598847432,-0.1340851468869666,-0.07255347123309956,0.055059146503369544,-0.09776637705300587,-0.03793237692641947,0.014335703232338504,-0.6581750696760924,1.5707963267948966
6.3224663734436035,-0.10875149284472121,-0.061195653838933044,2.052288248436727,-0.1361205784579134,-0.07344960514418027,0.05534777013432421,-0.09753132684968317,-0.03674155832947213,0.013863251251253365,-0.6895909962119902,-1.5707963267948966
6.342456817626953,-0.11149339446923778,-0.06267191556719666,2.053397945198939,-0.1380687645202114,-0.0741726450345583,0.055620344978735664,-0.0972854857632119,-0.03556476307024397,0.013394918563826784,-0.6581750696760924,1.5707963267948966
6.3625524044036865,-0.1142772827223514,-0.06416825741165481,2.054513192343609,-0.1400867935702191,-0.075020736284723,0.055889476216101214,-0.09687765789844766,-0.034766329289483866,0.012935319707488686,-0.6895909962119902,-1.5707963267948966
6.382362365722656,-0.11709947231842331,-0.06567749177665234,2.055633776590022,-0.1420568953559328,-0.07577185581708179,0.05614980422779309,-0.09643235102812782,-0.03402627145472587,0.012482030821365992,-0.6581750696760924,1.5707963267948966
6.402477502822876,-0.11995986658530655,-0.06719968525252208,2.0567592390606797,-0.14398101877791544,-0.07644505438788858,0.056394945148449026,-0.0959785855084798,-0.033295056218376314,0.01203272373933419,-0.6895909962119902,-1.5707963267948966
6.4225075244903564,-0.12286182363435522,-0.06873906047592683,2.057889842331598,-0.14597993681086224,-0.07720200530765116,0.056640636330760254,-0.09600903091979895,-0.033210822361354086,0.011591973116725083,-0.6581750696760924,1.5707963267948966
6.442615509033203,-0.12580062546158072,-0.070289737136498,2.059024944264125,-0.14790029777309052,-0.07786538033832818,0.05686810072459919,-0.09602459059004619,-0.03312669899493332,0.011155113683762987,-0.6895909962119902,-1.5707963267948966
6.462518692016602,-0.12728622239408482,-0.07107118221783189,2.059594392768752,-0.14890637715793223,-0.07822018695495421,0.056986522246803735,-0.09554283226161277,-0.03243195770895509,0.010727495050214454,-0.6581750696760924,1.5707963267948966
6.483090162277222,-0.13179773374982787,-0.07343254067162477,2.06130890048546,-0.15180659951494316,-0.07919023230509345,0.05730514651941988,-0.095095676293832,-0.031637051316637715,0.010305200055465032,-0.6853990872731117,-1.3612008798509656
6.502500772476196,-0.13485285464360544,-0.07502262021566862,2.0624570364907946,-0.15370397127356553,-0.07981510448808225,0.05750705888712049,-0.09464010033993397,-0.03085176726530038,0.009886661750119907,-0.653983160737214,1.5707963267948966
6.522413015365601,-0.13794774566076598,-0.07662496484963154,2.0636136804646625,-0.15564123148799747,-0.08042202743547684,0.05782427710836165,-0.09424357393377844,-0.029868811768107954,0.009475603822166478,-0.6853990872731117,-1.5707963267948966
6.54267430305481,-0.14107939212582682,-0.07823931423177527,2.064772033907682,-0.1575220636607754,-0.08100967433347317,0.058009709257868115,-0.09383816758754762,-0.02889787729348091,0.009068222905010607,-0.653983160737214,1.5707963267948966
6.562556743621826,-0.14266063360284273,-0.07905118402833335,2.0653538285902835,-0.15849493896483074,-0.08129984709611235,0.058129612877977535,-0.09346965839697419,-0.02791663289214807,0.008669534966430486,-0.6844260473889623,-1.5221443325874162
6.582361698150635,-0.14745903651897252,-0.08150394860715822,2.067102790151534,-0.1613383901429264,-0.08216299388916068,0.058420722557494656,-0.09313306494511571,-0.026872094214450234,0.008275853165733099,-0.6530101208530645,1.5707963267948966
6.602510213851929,-0.15070440801604862,-0.08315251391496592,2.06827283370545,-0.1631976056641283,-0.08269009821023084,0.05858233239482697,-0.09278689567163911,-0.025840488888710097,0.0078857211782165,-0.6793573943940991,-1.3173636770517305
6.62266731262207,-0.15398689395398607,-0.08481141584761581,2.0694460316657546,-0.16504980248832776,-0.08319669930205427,0.05873617498805956,-0.09243120417853624,-0.024821762164747657,0.007499126706136823,-0.6479414678582014,1.5707963267948966
6.642610549926758,-0.1556442817623237,-0.08564663448756517,2.0700384911981993,-0.16601946648103763,-0.083479718610291,0.058949708057595744,-0.09209595078446976,-0.02380685398048098,0.007122473250387479,-0.6793573943940991,-1.5707963267948966
6.662512302398682,-0.15898360550573484,-0.08732179573728102,2.0712210134502413,-0.1678755096036597,-0.08397467448690242,0.059157610815031965,-0.09172543355596745,-0.02277915687207966,0.006751029965952107,-0.6479414678582014,1.5707963267948966
6.682724475860596,-0.16406188012204137,-0.08985267957429482,2.07299915746966,-0.17064427497807444,-0.08468787183952964,0.0593644924763916,-0.09130415839009876,-0.02164349006668719,0.006384711497340741,-0.6774554184349215,-1.4756975288360064
6.702586650848389,-0.16749299794509614,-0.09155069072488185,2.0741877000078266,-0.1724660748881299,-0.08510950609482239,0.05948855144465098,-0.09087442743074098,-0.020522351733688986,0.006021742622607817,-0.6460394918990238,1.5707963267948966
6.722439527511597,-0.17096135976879107,-0.093258633036072,2.0753808748608322,-0.17430532759528236,-0.08554633747777327,0.0596529038332882,-0.09087687941090382,-0.01862973948022063,0.005666329699219775,-0.6748762880574422,-1.4418398079209194
6.742728233337402,-0.17446564118209593,-0.09497316075686726,2.076575042672737,-0.17612277674457702,-0.08590020568098541,0.059762703541712064,-0.09086578339912771,-0.01676106158743491,0.005314184876950602,-0.6434603615215444,1.5707963267948966
6.763123989105225,-0.17623176206596614,-0.095834677551961,2.077175127724636,-0.17704343760291746,-0.08609511002374592,0.059893998213289716,-0.09127401866919749,-0.014186210127247844,0.006563306299890698,-0.6748762880574422,-1.5707963267948966
6.782487392425537,-0.17979091190321037,-0.09755924697637877,2.0783744027351023,-0.17887284466638856,-0.08635335876219613,0.06003760728251821,-0.09166358367563748,-0.011644111106846322,0.00779464222246947,-0.6434603615215444,1.5707963267948966
6.802572250366211,-0.18338558956560985,-0.09929578753763345,2.0795759666373135,-0.18067911800369077,-0.08675144807882977,0.06016844744818396,-0.09237939604639385,-0.009043457015725275,0.00905648490050862,-0.6675349165849713,-1.2037277531713464
6.822627544403076,-0.18701769435891505,-0.10103245349515326,2.080781230091309,-0.18253366963408255,-0.08690659085953276,0.06036204314113874,-0.09307189012560631,-0.006476410580339979,0.010300043031488808,-0.6361189900490736,1.5707963267948966
6.842493057250977,-0.19068332307458438,-0.1027825060513609,2.0819898419366787,-0.1842998345473138,-0.08730087404981558,0.06058499708577583,-0.09320233421320533,-0.005782595057833786,0.009861859930134787,-0.6675349165849713,-1.5707963267948966
6.8624138832092285,-0.19625109124784304,-0.10541068222658313,2.083812096603069,-0.1870153216780518,-0.08764015806547819,0.06087495704413666,-0.09437645490770506,-0.0038831119884340454,0.009429393666956434,-0.6361189900490736,1.5707963267948966
6.882530927658081,-0.20001034972677373,-0.1071641366496145,2.085031452987052,-0.18891433866208251,-0.08769903734602294,0.06105925282381265,-0.09552019141878434,-0.0020090426980504837,0.009000834323003734,-0.664114423862912,-1.39977169069192
6.902446269989014,-0.2019008458867108,-0.10804549896856304,2.0856418494952917,-0.1897820786936647,-0.08782082311762127,0.061137947021384746,-0.0968812920525703,-7.08226148221851e-07,0.008581798789983967,-0.6326984973270138,1.5707963267948966
6.922486782073975,-0.20571595281385768,-0.10980178302641455,2.086866297050116,-0.1917330414156626,-0.08780097768785328,0.06130542435933553,-0.09820951300438109,0.0019807875732967984,0.008166568030970515,-0.6641144238629115,-1.5707963267948966
6.942718982696533,-0.20956202953259345,-0.11156469935658667,2.088096889710193,-0.19349364070533578,-0.08791903046335602,0.061556154076570856,-0.09901597841624536,0.004883366786127635,0.009532194630190099,-0.6326984973270138,1.5707963267948966
6.962640047073364,-0.213448174502475,-0.11332510021295222,2.089328535717756,-0.19536196758599292,-0.08791375795977399,0.061692050775291093,-0.09974035800045965,0.005993683201955245,0.009099739676882128,-0.6544031915321358,-1.0852347102561
6.982623100280762,-0.21934804863810003,-0.1159651205979232,2.0911826340137236,-0.1981941950879764,-0.08787333823937347,0.06196554413586729,-0.100430690839159,0.007046297403540409,0.00867301761664523,-0.6229872649962376,1.5707963267948966
7.002477407455444,-0.22333206343246492,-0.11772110872532815,2.09242365124604,-0.2002095009987454,-0.08772201884605921,0.06213476963007142,-0.10109568798148713,0.008082995107588123,0.008250177700963535,-0.6544031915321353,-1.5707963267948966
7.022449493408203,-0.22734930263773723,-0.11947845465261726,2.093675002541503,-0.20206013053429722,-0.08764236520982434,0.06244408914172152,-0.10170182970811152,0.010886214662466488,0.009745466520915786,-0.6229872649962376,1.5707963267948966
7.042547941207886,-0.23141088479102684,-0.12122893965307979,2.094925932031104,-0.20410002313981795,-0.08739691207085008,0.06265377265695773,-0.10228333535907304,0.013653046755459673,0.011219319531790804,-0.6504448933392735,-1.3728814171517945
7.062591552734375,-0.2334532051272844,-0.12210418343719251,2.0955521326736077,-0.20502263796874878,-0.08730454191578046,0.06274483863216306,-0.10301189755591726,0.014956522900162283,0.01074931693126284,-0.6190289668033753,1.5707963267948966
7.083096027374268,-0.23964666086977354,-0.12472035424534295,2.097439174777969,-0.20801609986572775,-0.08695241147347735,0.06305873427290334,-0.10353745423542071,0.01594301742885584,0.010285425683190241,-0.6470884295231007,-1.402973135986274
7.102529048919678,-0.24382772420605747,-0.12645614890312804,2.0987023758325956,-0.2100919064074196,-0.08662381916330193,0.06325983888658875,-0.10403924964664674,0.01691356115502469,0.00982573447339456,-0.615672502987203,1.5707963267948966
7.122401237487793,-0.248046002465994,-0.1281879953231121,2.0999718125037257,-0.2120685406143689,-0.08634484226736303,0.06350434068098867,-0.10440909143048674,0.017254859043702407,0.009375078670859054,-0.6413196871427336,-1.282359207776529
7.142548084259033,-0.252308278633094,-0.12991141884767687,2.1012437444946195,-0.21416023431504447,-0.0859963994582906,0.0636873698998318,-0.10475655915965207,0.017588078978955667,0.008928525851447324,-0.6099037606068354,1.5707963267948966
7.1624977588653564,-0.25445297874711803,-0.13076999405007306,2.101885018599064,-0.215150766679913,-0.08579677970207279,0.06389385448156232,-0.10500981568844293,0.018069936450176512,0.008491038150505207,-0.6413196871427331,-1.5707963267948966
7.183319330215454,-0.2609532323327637,-0.13333340798797463,2.1038080644948693,-0.21826331495886048,-0.08517731935195035,0.06420421196957275,-0.1054927208688336,0.018895442360457138,0.008059108828853266,-0.6099037606068354,1.5707963267948966
7.202517032623291,-0.26533962819073226,-0.1350331209542674,2.1050937319591956,-0.22037780197284296,-0.08479127232456007,0.06436110792286667,-0.10595206330016015,0.019706929268675715,0.007631146511321203,-0.6254520159076549,-0.7774127650409746
7.222436904907227,-0.26976718161108876,-0.1367199190243178,2.106381974503781,-0.22247392908799132,-0.08426903155164521,0.0645464885666718,-0.10657395787600935,0.019832865893808244,0.007212059887331588,-0.5940360893717571,1.5707963267948966
7.243067741394043,-0.2742380151386954,-0.13840132494570392,2.1076743189416445,-0.224611409690492,-0.08387115807174311,0.0646865711685427,-0.10716976539717182,0.019953620951149543,0.006796844350082917,-0.6254520159076549,-1.5707963267948966
7.262615203857422,-0.2764889872995003,-0.1392354519608505,2.108329176685999,-0.2256770821950717,-0.0835622612831365,0.06493119332772118,-0.10817932044013938,0.020617731086908838,0.00638984140878878,-0.5940360893717571,1.5707963267948966
7.283474683761597,-0.28330644767143426,-0.14172924421476465,2.110276651489861,-0.22885884480293253,-0.08283805851461735,0.06501825078398862,-0.10581989258163384,0.020237147762709837,0.005631585391331252,-0.6254520159076549,-1.5707963267948966
7.3026041984558105,-0.2879046318978958,-0.1433819832813018,2.11157809267415,-0.23095175620926034,-0.08243711365275219,0.06512336690621912,-0.10347340192811606,0.019857493755023593,0.004881363283509045,-0.5940360893717571,1.5707963267948966
7.322383403778076,-0.29254612134578994,-0.1450193869213013,2.1128760974603593,-0.23306394551526816,-0.0818488126966718,0.06505582907565877,-0.10103562980844819,0.02002382944160674,0.006626819934830645,-0.6188151035003244,-1.2389507064283656
7.342530012130737,-0.2972274455989727,-0.14665234761200518,2.1141786545028993,-0.23506040288300156,-0.08144672135371395,0.06520560896597517,-0.09861255320475061,0.02018433596948305,0.008346957964727173,-0.5873991769644267,1.5707963267948966
7.362691164016724,-0.29958924122002334,-0.1474599719520906,2.1148306187432135,-0.2362046556316353,-0.08108227826384873,0.06527856532567175,-0.09547962050791922,0.01966149059826237,0.007552028017547278,-0.6188151035003244,-1.5707963267948966
7.3830885887146,-0.30672932201633785,-0.1498776363334643,2.1167901773398357,-0.23936659894388237,-0.08032111203496319,0.06545309571262167,-0.09305507266864615,0.01971469607301406,0.00906229570211243,-0.5873991769644267,1.5707963267948966
7.402575492858887,-0.3115351041508174,-0.1514801122879947,2.11810115128087,-0.24120358449799226,-0.07992631939412086,0.06564925820060262,-0.09064607014858501,0.019763903650298502,0.01055024016786035,-0.6037411739744267,-0.8170998505000027
7.422383069992065,-0.3163948700769399,-0.15306596739764194,2.1194119616268527,-0.2434477696222763,-0.07931059859261952,0.065798374701902,-0.0895508892407237,0.02034639055328647,0.012163040667655691,-0.5723252474385285,1.5707963267948966
7.442563772201538,-0.32128166258513485,-0.15464807175864848,2.1207304680512973,-0.24522782727026424,-0.07889792917826502,0.06605756393908042,-0.08845471158659361,0.020918890267597925,0.013751901276986984,-0.6037411739744263,-1.5707963267948966
7.46293306350708,-0.3237489971425113,-0.15543132250851427,2.121394720580638,-0.24641909036019863,-0.07855303796999644,0.06623510977483214,-0.08966895599160865,0.021435134870023888,0.013211855980451184,-0.5723252474385285,1.5707963267948966
7.482512474060059,-0.32869539210607224,-0.15699806229039692,2.1227220293879165,-0.24822434791528708,-0.07811925043323659,0.06649398703447247,-0.09085153430396709,0.021942071120857748,0.012676680147617832,-0.6037411739744263,-1.5707963267948966
7.502499341964722,-0.331189471237364,-0.15777511708716313,2.123381003097173,-0.2493405248458903,-0.07781106172025251,0.06643477804120751,-0.09199097497937396,0.02237391722504887,0.012154328809383299,-0.5723252474385285,1.5707963267948966
7.52251935005188,-0.3412382839648787,-0.1608668446876694,2.126042188122554,-0.2530339831764569,-0.0768413185088994,0.06675582923230497,-0.09050135796963761,0.023033560727318197,0.013563683174147106,-0.5961603412662289,-1.1917546913850163
7.542654752731323,-0.3463169647806977,-0.16239902092735325,2.127380110332294,-0.2548291455851422,-0.07637414381648425,0.0670410183971873,-0.08901551199789828,0.023682054479220612,0.01495168127101307,-0.5647444147303311,1.5707963267948966
7.562597751617432,-0.34886960206796447,-0.16315986850558703,2.1280527414043817,-0.2557210491071977,-0.07606583143149896,0.06724217041433855,-0.08935004856142106,0.026538453764708845,0.014383083809223015,-0.5961603412662289,-1.5707963267948966
7.582564115524292,-0.35400191427486005,-0.16467568895432144,2.1294004237789164,-0.25751121426514384,-0.07550682120345832,0.06752418877153915,-0.0896628553457791,0.029356127922200485,0.013819603241709898,-0.5647444147303311,1.5707963267948966
7.602537155151367,-0.3591723633038539,-0.16618208206713808,2.130753028061293,-0.25936104991204084,-0.07496770679801043,0.06777102326821562,-0.08997761883102064,0.03203199327641482,0.0132673533287171,-0.5880292153745494,-1.164240032210917
7.6224446296691895,-0.36699384463478185,-0.16842239153708916,2.132792788265542,-0.2620627896269634,-0.0741510818239435,0.06820300652410649,-0.09007592570304021,0.034793304917690455,0.01272183186634442,-0.5566132888386512,1.5707963267948966
7.6425909996032715,-0.37225312120556725,-0.16989827233481222,2.1341593566419963,-0.26386513114528604,-0.07342792081567491,0.06845202922151271,-0.09015503560912214,0.037516447312273715,0.012181261638743758,-0.588029215374549,-1.5707963267948966
7.662802219390869,-0.3748949656299109,-0.17063765709490486,2.1348498402416825,-0.2647269591725851,-0.07323186334848394,0.06870462153672209,-0.09027163751459687,0.0400853080186081,0.011651464888330285,-0.5566132888386512,1.5707963267948966
7.682480812072754,-0.3828747037854449,-0.17282625091563197,2.136915580719926,-0.2673571793949326,-0.07228601185043673,0.06902793923526011,-0.09036915509147357,0.04236972257740557,0.01112877551414501,-0.570307281759415,-0.6846996460381893
7.702479839324951,-0.3882399267699369,-0.17426334654571896,2.138298330653152,-0.2691653817877143,-0.07141604517443904,0.06924532773989811,-0.09044797685351443,0.04462151994787187,0.010610871034880977,-0.5388913552235168,1.5707963267948966
7.7223961353302,-0.39363655600815817,-0.17569551527089924,2.139697199165052,-0.2708558279197894,-0.0708223081608615,0.0697694247257174,-0.09052126677978185,0.04676608138812764,0.010101379151376353,-0.5703072817594146,-1.5707963267948966
7.742814540863037,-0.39907178078677236,-0.17710246680698408,2.141094574204093,-0.2726668330131363,-0.06986580084412602,0.06996639651917982,-0.09057618993059008,0.04887946456994157,0.009596581131550022,-0.5388913552235168,1.5707963267948966
7.762856721878052,-0.40179992871061554,-0.1778061591110551,2.141793944555929,-0.27348538693019464,-0.06956985842866391,0.0700164847954855,-0.09050864895918502,0.05094680411723588,0.009103360048329252,-0.5703072817594146,-1.5707963267948966
7.782957315444946,-0.4100423284773151,-0.1798785312296724,2.143898063773762,-0.2761042561630393,-0.06828532926145382,0.07026810667326557,-0.08873691577597628,0.04944054269761865,0.008617109299110635,-0.5388913552235168,1.5707963267948966
7.8025431632995605,-0.415582043270387,-0.1812344493566105,2.1453051171383914,-0.2778613441730776,-0.06731145318378053,0.0704356240146013,-0.08697322419454136,0.047949616357225805,0.00813537649979558,-0.5635740727918757,-1.2341358784179413
7.822410345077515,-0.42115488674191476,-0.18257642007783875,2.1467059909267707,-0.27956304742087723,-0.06644050299603509,0.07041546440890688,-0.08632879761688513,0.050377105152939666,0.00766528702461429,-0.5321581462559779,1.5707963267948966
7.842788457870483,-0.4267633700665599,-0.18389499474513504,2.1481158021527644,-0.28128310888201674,-0.06540899609662426,0.07056410586563334,-0.08567595016070152,0.05276739890200473,0.007199589317838455,-0.5635740727918757,-1.5707963267948966
7.862997055053711,-0.42958154333857,-0.18454612090355085,2.1488232017796354,-0.2821591686888878,-0.0648850750183561,0.07067200605477152,-0.0843582220546301,0.05115398237737547,0.006744306475338184,-0.5321581462559779,1.5707963267948966
7.882429599761963,-0.4352415105457729,-0.18583369837658809,2.15023796062388,-0.2838331621165902,-0.06387799756860776,0.07080237502273909,-0.08304124791871777,0.049556396497623716,0.006293302146217084,-0.5407235857802966,-0.4282719762159326
7.902494668960571,-0.43808578209629484,-0.1864703407823876,2.150944799235635,-0.2847015640355833,-0.0633995183373986,0.07081308198996307,-0.08145217531759343,0.04791246573698949,0.0058531282297069965,-0.5093076592443984,1.5707963267948966
7.922427415847778,-0.4495441085459243,-0.18896077948278386,2.1537906671634772,-0.2880733550821383,-0.0613111880494815,0.07126234063327178,-0.07989754891334076,0.04560955562862955,0.005414742612079024,-0.5407235857802961,-1.5707963267948966
7.9424378871917725,-0.4553214516823523,-0.19017803359656404,2.1552169679073945,-0.2896557875945255,-0.06042181551056867,0.07136628636188605,-0.07834625923008005,0.043331899462198564,0.004980523420635108,-0.5093076592443984,1.5707963267948966
7.963023662567139,-0.458224819972166,-0.1907722676226168,2.155922526028456,-0.2905045553240833,-0.05977131744395531,0.07117871029171738,-0.07622584094935662,0.04195683679295899,0.004555712159658813,-0.5407235857802961,-1.5707963267948966
7.982422828674316,-0.46405001544520497,-0.1919593936309157,2.1573469832594205,-0.29200796121363093,-0.058945824010030894,0.071265610323649,-0.07411661069895338,0.04059464885808553,0.004134967612280434,-0.5093076592443984,1.5707963267948966
8.002371311187744,-0.47285494547082724,-0.19368419087508768,2.1594766657385813,-0.2944711027203947,-0.05718119805644173,0.07109972797704787,-0.07190105002873998,0.038690489471533626,0.003721519793988496,-0.5407235857802961,-1.5707963267948966
8.022623062133789,-0.47875860063802617,-0.19482020267873285,2.160899377238583,-0.2958870692403102,-0.05642626263615362,0.0711700571699361,-0.06969762182709148,0.03680638984750987,0.0033120635723749158,-0.5093076592443984,1.5707963267948966
8.042579650878906,-0.4817265154802195,-0.19537152479028178,2.161605153514315,-0.29671529651883827,-0.05575087682191789,0.0709863764014397,-0.06649288991450236,0.035928292370352125,0.002911522295572138,-0.5203421906086128,-0.5517265682107197
8.063542366027832,-0.49066572716361184,-0.19701654906979357,2.16373186847714,-0.29890588747936114,-0.054365494794306975,0.07100055414448292,-0.0628605416499015,0.034385793823671254,0.0025154670367232746,-0.488926264072715,1.5707963267948966
8.08250379562378,-0.4966561764188862,-0.198097083889,2.165152356443427,-0.30012703376581495,-0.05369307873509541,0.07104693520532372,-0.059259255223312234,0.03285831034279725,0.002123283111326279,-0.5203421906086128,-1.5707963267948966
8.10248613357544,-0.49966867354037864,-0.198622513135057,2.165869482332803,-0.30092886975821886,-0.05309648205819288,0.07119096376946993,-0.056056898442197224,0.03153473397652993,0.0017373386065397658,-0.488926264072715,1.5707963267948966
8.12250566482544,-0.5056982501110494,-0.19967822345335567,2.1672936235366156,-0.30201819849929695,-0.05247892074512916,0.07122188281275624,-0.052880254195599545,0.030223441273592014,0.0013551986758419334,-0.5203421906086128,-1.5707963267948966
8.142570972442627,-0.5117673545265398,-0.2007060912886048,2.1687163682719444,-0.3035104398825634,-0.05148657034275533,0.07122650901502164,-0.05024424780610396,0.03006271504542236,0.0009792658272384886,-0.488926264072715,1.5707963267948966
8.162638664245605,-0.5178543166259416,-0.2017247087586964,2.1701392377302158,-0.30472037863352075,-0.050722349729350386,0.07117140072308296,-0.04798835158316686,0.02939826916720209,0.0006087155007583315,-0.5203421906086128,-1.5707963267948966
8.182650327682495,-0.527027980417719,-0.2032260203963834,2.1722735736308283,-0.3064383336907669,-0.04964388365224222,0.07116137584824953,-0.04619871829549941,0.029064364784699502,0.00024228143708130586,-0.488926264072715,1.5707963267948966
8.202505826950073,-0.533165867875747,-0.20421310750440005,2.173696825359202,-0.30734446996279324,-0.04906594333249431,0.0711625878066124,-0.04441607348601879,0.028729510125981836,-0.00012047353015434589,-0.5105142770292765,-1.079400647828077
8.222475528717041,-0.5393322795509786,-0.20518153382501386,2.1751169230361387,-0.3084972388360423,-0.0482920327876306,0.07113018142436825,-0.04541449827553008,0.03220980395600288,-0.0004771071185659109,-0.4790983504933788,1.5707963267948966
8.242570877075195,-0.5455113724175393,-0.20614070292444356,2.17653940764843,-0.3094152845337314,-0.047613437686747084,0.07111710307334247,-0.046385514620248335,0.03564164788162251,-0.0008301267548365532,-0.5105142770292765,-1.5707963267948966
8.262594938278198,-0.5486103963930682,-0.20661519451786187,2.1772569830782644,-0.3099274539834895,-0.04729336443653694,0.0712582931243347,-0.044686563107906335,0.032929207550725655,-0.0011776055638079675,-0.4790983504933788,1.5707963267948966
8.282407999038696,-0.5548177697546884,-0.207554655268625,2.1786818904321668,-0.3108042345293526,-0.04666165043921044,0.0712312958494381,-0.04299226852864685,0.03024726582964423,-0.0015215307342288762,-0.5105142770292765,-1.5707963267948966
8.302584886550903,-0.5579264507952507,-0.20802427301755563,2.179394622937256,-0.3111846689032569,-0.04648372792383378,0.07122910616852263,-0.04255231587120403,0.030226966058905454,-0.0018590536189150944,-0.4790983504933788,1.5707963267948966
8.32233214378357,-0.5704060874614931,-0.20985975520916494,2.182243385126675,-0.312839131137213,-0.045301058041467564,0.07116835659586579,-0.042805863603732265,0.027528690943988847,-0.0021935378260145434,-0.4911840576849631,-0.6042853595792153
8.342578172683716,-0.5766714471327898,-0.21076044892802984,2.1836662914257894,-0.31369761271553037,-0.044777202232305975,0.07112116994281817,-0.04303888246640847,0.024862172750575895,-0.0025245498429742053,-0.45976813114906534,1.5707963267948966
8.362785816192627,-0.5798076853313445,-0.21120493359097386,2.184385237119245,-0.3140439839202018,-0.044498198342036645,0.07136555715174002,-0.04327239341432994,0.02083377445804001,-0.002851159977648998,-0.4911840576849631,-1.5707963267948966
8.382515668869019,-0.5860972339852495,-0.21209099684564836,2.1858119564275453,-0.31491158852556733,-0.04412138740087079,0.0713052963900156,-0.043484512061802774,0.016855688515335077,-0.0031743466728175033,-0.45976813114906534,1.5707963267948966
8.402499675750732,-0.5892435655608301,-0.2125239743686819,2.1865261004383822,-0.315206727073606,-0.04376890828510154,0.0712776626719092,-0.04419649297776948,0.01309711411842597,-0.003491325696041618,-0.4911840576849631,-1.5707963267948966
8.422408819198608,-0.6018760675926924,-0.21424512257448214,2.1893725981749013,-0.3167001446814903,-0.0428001572123444,0.07109318747842747,-0.04537802423023654,0.00961581633358566,-0.003804745549958568,-0.45976813114906534,1.5707963267948966
8.442528247833252,-0.6082192232008239,-0.2150994324068347,2.1907936802476455,-0.3176192440421616,-0.042642281421118394,0.07101398618689152,-0.04652640024097776,0.006179193919286002,-0.004114828480184253,-0.4911840576849631,-1.5707963267948966
8.462491512298584,-0.6113888516078072,-0.21551497437250366,2.191497032209596,-0.3178358299927134,-0.04231076541321496,0.0708197796300277,-0.04739479585823196,0.002647935396954962,-0.004417741048957276,-0.45976813114906534,1.5707963267948966
8.48258638381958,-0.6177551035672832,-0.21636089321890004,2.19291252422281,-0.31879216117460635,-0.04229273737105467,0.07072842284355418,-0.04823336442237763,-0.0008375110341658023,-0.004717395605939623,-0.4911840576849631,-1.5707963267948966
8.502522706985474,-0.6241244202956802,-0.21718742653959563,2.1943169174306045,-0.3193575919085735,-0.04185106293880317,0.07042362701564507,-0.048893082944458724,-0.004298586264208346,-0.005010126669633818,-0.45976813114906534,1.5707963267948966
8.522397994995117,-0.6337169629043233,-0.21843238384569585,2.1964245203397184,-0.32054774488451665,-0.04164858294647655,0.07018603088539432,-0.05041882918011388,-0.007121825530199974,-0.005298469229630037,-0.4911840576849631,-1.5707963267948966
8.542605876922607,-0.6401381013835247,-0.2192669662008306,2.197827162198497,-0.3215710622292541,-0.041818937777306796,0.07007720436202242,-0.05190659046984876,-0.009907391126569019,-0.005583658550300705,-0.45976813114906534,1.5707963267948966
8.562492847442627,-0.6433467649879008,-0.21967542116599792,2.1985270306861437,-0.32182633174666997,-0.04165529727117238,0.07001313267868517,-0.05324472533054484,-0.012804579630047474,-0.005863073941143628,-0.4911840576849631,-1.5707963267948966
8.582398414611816,-0.649794027977588,-0.22051127921265185,2.199926102251765,-0.3229043078033001,-0.04194003405562586,0.06989310279537186,-0.05454690277886348,-0.01566258067293236,-0.0061394005609294484,-0.45976813114906534,1.5707963267948966
8.602467060089111,-0.6562463097919008,-0.22133715807320556,2.201320889352356,-0.32358425132412283,-0.041881698904593666,0.0697424927868318,-0.05541225067064718,-0.018642638610800333,-0.006410332195838588,-0.4911840576849631,-1.5707963267948966
8.622389316558838,-0.6659682221001549,-0.2225929929439365,2.203407674689148,-0.3249507057421187,-0.042213371391881103,0.06947074520732491,-0.055732545580364924,-0.0217783796648327,-0.006676994442935941,-0.45976813114906534,1.5707963267948966
8.642591714859009,-0.6724784028899647,-0.2234418229562645,2.204795736567013,-0.32606836180838816,-0.042679939667943735,0.06933456370573504,-0.05602911869304718,-0.024871330649479412,-0.0069406566537035235,-0.4911840576849631,-1.5707963267948966
8.66260313987732,-0.6757333289095635,-0.22386308892149398,2.205489026763999,-0.32638654881492946,-0.0427668626158567,0.06925950880130666,-0.05572202839541818,-0.028176745658758717,-0.007198861325077001,-0.45976813114906534,1.5707963267948966
8.68243932723999,-0.6822721830307157,-0.2247242796074869,2.2068727601011258,-0.3274977871708152,-0.04336307235510963,0.06911297402468293,-0.05539919126068509,-0.031436660235093915,-0.007454127518690321,-0.4911840576849631,-1.5707963267948966
8.70248031616211,-0.6888245093709696,-0.22558528356803814,2.2082534057444034,-0.3284011383983471,-0.04370447061366557,0.0689665389814125,-0.055480401472234014,-0.034479625963949115,-0.007704405719912563,-0.45976813114906534,1.5707963267948966
8.722412586212158,-0.6986986795793139,-0.226904406460474,2.210319272757999,-0.3299917536563697,-0.0445508576454889,0.06874465907385538,-0.05598863473824526,-0.037319946516571126,-0.007951112899873007,-0.4911840576849631,-1.5707963267948966
8.742542028427124,-0.7053097449525827,-0.2278030749321809,2.2116925594128385,-0.33111639058025455,-0.04532532232282379,0.06858319358693427,-0.056470710078394055,-0.04011978855496486,-0.008194960024774265,-0.45976813114906534,1.5707963267948966
8.76248288154602,-0.708621711576072,-0.2282532756774406,2.2123790878592975,-0.3316255656566302,-0.04561119517012186,0.06852768911021752,-0.056661776525070186,-0.042969241862240895,-0.008433850375981626,-0.4911840576849631,-1.5707963267948966
8.782471656799316,-0.7152655668781321,-0.22917428133455434,2.213747939085656,-0.3327605278874365,-0.04649873158263113,0.06835664656977368,-0.05683078007319219,-0.04577755708467898,-0.00866993732907439,-0.45976813114906534,1.5707963267948966
8.802541494369507,-0.7219289242240129,-0.23010515389758673,2.21511480508043,-0.33382002265387,-0.04723509731516406,0.06822165725709126,-0.05701227496273217,-0.04851662829046489,-0.008901458439173646,-0.4911840576849631,-1.5707963267948966
8.822400331497192,-0.7319677613070872,-0.23153996541880537,2.217158303727997,-0.3354935630245507,-0.048599461270927076,0.06797630401262109,-0.057259948204921716,-0.051153245504346384,-0.009129547905454869,-0.45976813114906534,1.5707963267948966
8.84261965751648,-0.7386890999294239,-0.23252235910519273,2.2185159888292647,-0.3366410488908312,-0.04964856532587057,0.06779145491517369,-0.05748485489651356,-0.053750635618991474,-0.0093549077834283,-0.4911840576849631,-1.5707963267948966
8.86253571510315,-0.742057816334502,-0.2330195517288654,2.2191945173286602,-0.33720308572900026,-0.050154682138749636,0.0677310838178296,-0.05768564496660544,-0.056267904168120525,-0.009575610570262565,-0.45976813114906534,1.5707963267948966
8.882424116134644,-0.7488134274639692,-0.2340340648570522,2.22054720930325,-0.3383586232360565,-0.051304894093437,0.06753738688474151,-0.05786445258559345,-0.058746930862367305,-0.009793637648654424,-0.4911840576849631,-1.5707963267948966
8.902511358261108,-0.7521998621366429,-0.2345473860494487,2.221222646699308,-0.3389362248560403,-0.051841276663092004,0.06745115289881591,-0.05772248368755204,-0.06126031411044334,-0.010006958142671524,-0.45976813114906534,1.5707963267948966
8.922379732131958,-0.7658043762731118,-0.2366655708716602,2.2239146158339476,-0.34126661477024606,-0.0542117126621203,0.067088979274059,-0.057318994337203624,-0.06378474926928358,-0.010217110373510594,-0.4911840576849631,-1.5707963267948966
8.94253158569336,-0.7726411447591206,-0.23776272841901844,2.2252543381173777,-0.3424088416449944,-0.05551232683844963,0.06688255723493644,-0.0569013402219894,-0.06627018140196127,-0.010424660737288994,-0.47016501768449626,1.0509520000233419
8.962627172470093,-0.7760694601769141,-0.23832119417564118,2.2259236906306934,-0.3430142198077323,-0.05619997190598102,0.06680836805570836,-0.056345631813904846,-0.06874301616643202,-0.010627777087590435,-0.501580944220394,-1.5707963267948966
8.982543468475342,-0.7829409760433382,-0.23945910513240024,2.2272577190228766,-0.3441354739221364,-0.05759923727789566,0.06659380260855095,-0.055777759487094444,-0.07117707126172167,-0.010828343461575398,-0.47016501768449626,1.5707963267948966
9.002551555633545,-0.7863877087989891,-0.24003778222212505,2.2279326599866693,-0.34476383544089256,-0.05830920572148291,0.06675408547688477,-0.05521579210174366,-0.07357136868858546,-0.011026288770357889,-0.501580944220394,-1.5707963267948966
9.022483587265015,-0.800227993439437,-0.24242647852715102,2.230596032462586,-0.3471080290180938,-0.061216884371982166,0.06635262902589349,-0.05475796355060566,-0.07588117150596832,-0.011221024758995137,-0.47016501768449626,1.5707963267948966
9.042627811431885,-0.8071810744053287,-0.2436661445692859,2.23192082798067,-0.3481984958341012,-0.06275729482611789,0.06612628198580775,-0.05428644402076045,-0.07815366950155081,-0.011413263930645753,-0.501580944220394,-1.5707963267948966
9.062724351882935,-0.8106693268209566,-0.24429840548343898,2.2325818804367787,-0.3488421869124367,-0.06358087045384297,0.06599440015069329,-0.054292185292401804,-0.08019443618822039,-0.011600928802402684,-0.4909388246415092,0.5321059789442417
9.083681344985962,-0.8211624835996588,-0.24624189891317172,2.234558458678231,-0.35056993862771424,-0.06600474779296553,0.06574267445787726,-0.05449855705437399,-0.08210094703995574,-0.011785816755624292,-0.5223547511774074,-1.5707963267948966
9.102548837661743,-0.828184794735254,-0.24757853951681633,2.235870942799526,-0.35166178913114815,-0.06766555818237484,0.06550512946415242,-0.05468281899155497,-0.08397463262404152,-0.011968279157210937,-0.4909388246415096,1.5707963267948966
9.122478246688843,-0.8352325480464645,-0.24895103007131955,2.237192944794697,-0.3528455598687466,-0.06941938472802744,0.06554309998053648,-0.05538484673956198,-0.08554748661873329,-0.01214835132771112,-0.5223547511774074,-1.5707963267948966
9.142566442489624,-0.8423005815986473,-0.25035663067070074,2.238501365239102,-0.35396004108679524,-0.07114582148506113,0.06529835220652681,-0.056058570464000465,-0.08709137117480537,-0.012326027539039197,-0.4909388246415096,1.5707963267948966
9.162684202194214,-0.8458437173185059,-0.251074651984982,2.2391538320292312,-0.35454379040986256,-0.07209549985697385,0.06520455965577437,-0.056620161949495,-0.08860599444629579,-0.012499659197904594,-0.5223547511774074,-1.5707963267948966
9.183246850967407,-0.8565045074768484,-0.2532791527491536,2.2410966507513677,-0.35622086091752597,-0.07481545701114266,0.06458810922892266,-0.05769807539659771,-0.0898008953085093,-0.012668119750833283,-0.4909388246415096,1.5707963267948966
9.202536821365356,-0.8636405345054018,-0.2547935005006344,2.242385868196549,-0.35738532401162065,-0.0766232193315428,0.06433308143348597,-0.05874270042946488,-0.09097125546049793,-0.012834276611315292,-0.5223547511774074,-1.5707963267948966
9.222426652908325,-0.870796840553618,-0.25634875895979214,2.243661929212813,-0.35847218405395365,-0.07857546149196196,0.06384028113763562,-0.058246056208389664,-0.09281779465409994,-0.012994507423569657,-0.500143806291895,1.110547244275617
9.242499113082886,-0.8779778996124015,-0.2579389532206377,2.2449361253638935,-0.35963201812818424,-0.0804500110848768,0.06357880732154177,-0.05773494900129192,-0.09463174464870437,-0.013152502273933171,-0.5315597328277928,-1.5707963267948966
9.262616634368896,-0.881574919706874,-0.2587516513534848,2.2455740313481747,-0.36014190016181724,-0.08151279661526273,0.06355732751379503,-0.05673541494038212,-0.09659704830672049,-0.013307334138997724,-0.500143806291895,1.5707963267948966
9.282531261444092,-0.8887890377302204,-0.260401356008474,2.2468425062193984,-0.3612665419429084,-0.08346410614812898,0.06328965082498059,-0.055727347229790454,-0.09852823005751402,-0.013459969376044559,-0.5315597328277928,-1.5707963267948966
9.302506685256958,-0.8960262732374856,-0.2620926608103031,2.2481053154063018,-0.3624051150573352,-0.08550264038617444,0.06300822044840072,-0.05516217673690078,-0.1001680894732827,-0.01360843238470051,-0.5006810836065516,1.5439324610620586
9.32243824005127,-0.9069258617585547,-0.26470365229630227,2.249988708999705,-0.3641435193308432,-0.08853970926421013,0.06257669607848161,-0.0561507519338735,-0.10105763938730168,-0.013753421116300268,-0.5320970101424498,-1.5707963267948966
9.342599868774414,-0.9142200265726761,-0.2664947162348963,2.251237482677225,-0.36527614888506765,-0.09056957794580783,0.06230019544643684,-0.05710679592188955,-0.1019256461547847,-0.013896289397826672,-0.5247723666209847,0.36623217607325564
9.362476825714111,-0.9178773066619711,-0.2674074232689243,2.251859962893306,-0.36590126951331586,-0.091643100364932,0.06216439212383269,-0.058392489935469354,-0.1014486465951501,-0.014035447260423651,-0.5561882931568825,-1.5707963267948966
9.382411003112793,-0.9252070945680008,-0.26926054306829306,2.253100434472955,-0.3670816938023089,-0.09366728042925991,0.06188230889857555,-0.05964430648704647,-0.1009689040657511,-0.014172530140636927,-0.5247723666209847,1.5707963267948966
9.402493000030518,-0.9325577480474856,-0.27115997799145236,2.254345776586973,-0.36819917934887264,-0.09584316829519979,0.061790700946240396,-0.060696904954964284,-0.10065698382140119,-0.014307072480391729,-0.5561882931568825,-1.5707963267948966
9.422430753707886,-0.9436268006022133,-0.27408723764165327,2.256187109734166,-0.369909879829917,-0.09905059460784556,0.061203137406952955,-0.06213673087302964,-0.09990922609613052,-0.014437224112558118,-0.5247723666209847,1.5707963267948966
9.442547798156738,-0.9510375197305043,-0.2760881815576852,2.257408276461042,-0.3711667123076829,-0.10104130641591437,0.06091310812722993,-0.06354052631629548,-0.09916205232325848,-0.014565370307508973,-0.5561882931568825,-1.5707963267948966
9.46253252029419,-0.9547480123468134,-0.2771114646757686,2.2580119981072633,-0.37169345775282225,-0.10224993900696729,0.06056726355409744,-0.06542889190946943,-0.09795775325973961,-0.014688565602115768,-0.5247723666209847,1.5707963267948966
9.482458353042603,-0.9621950910862842,-0.2791759750322988,2.2592203975495906,-0.3730205718361593,-0.10419710313009982,0.06027227651630896,-0.06727558774081129,-0.09675969816288636,-0.014809814437513167,-0.5561882931568825,-1.5707963267948966
9.502484321594238,-0.9659229164198859,-0.2802321287301455,2.259814482595108,-0.37354545074905576,-0.10542203893298045,0.059910594460343095,-0.06920253943203826,-0.09547697297249594,-0.014926124633171136,-0.5247723666209847,1.5707963267948966
9.522415399551392,-0.9809084719641085,-0.2845419643517397,2.262184669285816,-0.376033937016523,-0.10965933448286606,0.059003365751396655,-0.07021421029590734,-0.09605237028610822,-0.01503671740466535,-0.5561882931568825,-1.5707963267948966
9.542520999908447,-0.9884432592541571,-0.28675439902436484,2.263361721976365,-0.3774480485051495,-0.11158599407826343,0.05870154078083619,-0.0711911683944935,-0.09661076112727067,-0.015145474313266159,-0.5247723666209847,1.5707963267948966
9.562482595443726,-0.9922149722042681,-0.2878842894859242,2.2639434903004365,-0.3779896458175035,-0.11281477449725537,0.05842845202205977,-0.07212987942528831,-0.09715017666829323,-0.01525015983329562,-0.5561882931568825,-1.5707963267948966
9.582433700561523,-0.9997892519918736,-0.29016005013269314,2.2651090024192397,-0.3794413497049171,-0.11476303229633411,0.05812241686073726,-0.0730349109655865,-0.09767281292504351,-0.015353059238155997,-0.5247723666209847,1.5707963267948966
9.602479696273804,-1.0073838534672102,-0.2924839575245577,2.266266936698426,-0.3806998742526134,-0.1169344234859181,0.05776748529372906,-0.07471562224683403,-0.09770985406595618,-0.015452106025311505,-0.5561882931568825,-1.5707963267948966
9.622434139251709,-1.0188335443951668,-0.29603974334480676,2.2679937891510935,-0.3828096987960719,-0.11996566833401774,0.05732631404599799,-0.0757364236123327,-0.09689518699494588,-0.015548301870549548,-0.5366415267534217,0.9773383201730379
9.642602443695068,-1.026504952102419,-0.29845838152275556,2.2691371994444727,-0.38433436755263956,-0.12189543957079622,0.05701440036160844,-0.07672511330896316,-0.09608221996335803,-0.015642781066178033,-0.5680574532893194,-1.5707963267948966
9.662615776062012,-1.030348093562575,-0.29968599131493284,2.269709729870324,-0.384996110930819,-0.12296207928912581,0.05699993559727089,-0.07759459757168552,-0.09535216981521322,-0.015735302645757447,-0.5366415267534217,1.5707963267948966
9.682530403137207,-1.0380635911419265,-0.30216425470547703,2.2708465754381564,-0.3865564437291685,-0.12486182898658044,0.05668431841208943,-0.07843361756959595,-0.09462293624592395,-0.015826134920523944,-0.5680574532893194,-1.5707963267948966
9.702510118484497,-1.0458044166781795,-0.3046885713696118,2.271975780267664,-0.3879844138586659,-0.1269555530739608,0.05631843248771684,-0.07914276295384765,-0.09401224185502002,-0.015913233687420668,-0.5366415267534217,1.5707963267948966
9.722439050674438,-1.0574767294152219,-0.3085451138619388,2.273659897834416,-0.39028616915187725,-0.12992812667597395,0.05588449321615628,-0.07987263408307163,-0.09333709754671375,-0.0159976946699723,-0.5680574532893194,-1.5707963267948966
9.742569923400879,-1.0652984745277674,-0.31116229881970175,2.274774382610253,-0.39189067804907673,-0.13178811957834186,0.05556370823979091,-0.0805734204562257,-0.0926622410279891,-0.01608053312602606,-0.5366415267534217,1.5707963267948966
9.762577533721924,-1.06921983400835,-0.31248932812638697,2.275327265207269,-0.39266613792448357,-0.1328277887013902,0.05537860945931785,-0.08205175967176792,-0.09096380302371732,-0.016160396303608864,-0.5680574532893194,-1.5707963267948966
9.78261661529541,-1.077089663808883,-0.31516396404759195,2.2764316000722413,-0.394321645618522,-0.1346301829913646,0.05505461610817394,-0.08349280952285543,-0.08927767400766894,-0.016238675360511247,-0.5366415267534217,1.5707963267948966
9.80258584022522,-1.084989822907038,-0.3178819737863427,2.277525439181096,-0.39592451562834585,-0.1365967066866906,0.05464676442767523,-0.08469131554315514,-0.0878567118028677,-0.016313123822984017,-0.5680574532893194,-1.5707963267948966
9.822457313537598,-1.0969031283779613,-0.32202529825933407,2.2791569714540016,-0.398399679043892,-0.13939205677652264,0.05413864745730205,-0.08551007995326303,-0.08680392920261552,-0.016384567272348226,-0.5366415267534217,1.5707963267948966
9.84264850616455,-1.1048882770642308,-0.3248304302395907,2.280236462802423,-0.4001178192068218,-0.14111764826067227,0.053810254278680074,-0.08629896955456882,-0.08575603245089186,-0.016454499222744903,-0.5680574532893194,-1.5707963267948966
9.862523555755615,-1.108891904046203,-0.32625126080565964,2.280775272792252,-0.4009372198981304,-0.14211655010635119,0.05369769408360154,-0.08721703776718308,-0.08453707167888386,-0.016522210923490828,-0.5366415267534217,1.5707963267948966
9.883352756500244,-1.1209575464469532,-0.33055823651175437,2.282379151523566,-0.40350913024337093,-0.14480095751592537,0.05320982337621681,-0.08755135508903611,-0.08392988141619558,-0.016587148969769806,-0.5680574532893194,-1.5707963267948966
9.902513027191162,-1.1290452603908918,-0.33347100114861117,2.283440026305004,-0.4052632972825148,-0.14647348151250913,0.05287744316519591,-0.08786129681479146,-0.08332248435913663,-0.016650629796841454,-0.5366415267534217,1.5707963267948966
9.922402143478394,-1.137167705275215,-0.336422784310052,2.2844969076839265,-0.40701750198622355,-0.14827036981680716,0.05259437526683949,-0.08806371039371,-0.082815994817944,-0.01671141674482822,-0.5680574532893194,-1.5707963267948966
9.942659854888916,-1.1453256804013816,-0.3394047210738823,2.2855454489246227,-0.4087806087406504,-0.14992161390615447,0.05225955092139891,-0.08824314549385451,-0.08230819697977743,-0.016770781250233343,-0.5366415267534217,1.5707963267948966
9.962617635726929,-1.149418997526056,-0.3409100169371635,2.2860694994354835,-0.40969815937054177,-0.15079314486168804,0.05214615371246302,-0.08845624277135199,-0.08176627134815245,-0.016828107537103246,-0.5680574532893194,-1.5707963267948966
9.983184337615967,-1.1617514824136372,-0.3454717687843392,2.287627954084744,-0.4124086000635861,-0.15326774062912266,0.051691200665599374,-0.08920783153170098,-0.08056443178024793,-0.016883025678265565,-0.5366415267534217,1.5707963267948966
10.002529859542847,-1.1700175446145855,-0.34855315671265474,2.2886583979004236,-0.4142000272253331,-0.15486706952809454,0.051353002419898215,-0.08992999219864355,-0.07936962911644939,-0.01693657051976382,-0.5680574532893194,-1.5707963267948966
10.02245831489563,-1.178322015509014,-0.35166774604595075,2.289683989535824,-0.41606155465378364,-0.15648362795087428,0.05106227334890785,-0.09037706971890881,-0.07843431399977505,-0.016987522660265604,-0.5366415267534217,1.5707963267948966
10.042554378509521,-1.1866613505290358,-0.35481304331058194,2.2907018341684804,-0.4178733515236858,-0.15804299393448065,0.05072202454134901,-0.09079832451121615,-0.0775029405120463,-0.01703713535667599,-0.5680574532893194,-1.5707963267948966
10.062551975250244,-1.19084568117132,-0.35639869951971054,2.2912101006622163,-0.41881489101437747,-0.1588486145591513,0.050601531859060994,-0.09117107698152602,-0.07667229238651598,-0.017084830393042413,-0.5366415267534217,1.5707963267948966
10.082563877105713,-1.1992402367988109,-0.35959095103361705,2.2922187112192924,-0.42064183041271314,-0.16037377738782996,0.05025936923852842,-0.09151868256054665,-0.07584445919740285,-0.017131213499266194,-0.5680574532893194,-1.5707963267948966
10.102484703063965,-1.207672716652738,-0.36281602709884797,2.293222536333539,-0.4225081011216378,-0.16194384710807996,0.04996833886578515,-0.09167960444984558,-0.07520278304865699,-0.01717511592924022,-0.5366415267534217,1.5707963267948966
10.122554302215576,-1.2203905204857575,-0.3677089333491214,2.2947149168980387,-0.42529679170248785,-0.16421534885576897,0.0494826560221011,-0.09166265733267473,-0.07473564048980849,-0.01721655079699376,-0.5680574532893194,-1.5707963267948966
10.142608880996704,-1.2289147866805932,-0.37100815624524336,2.2957011240089065,-0.42712970195215993,-0.1657053792024624,0.049137921139888414,-0.0916249105485888,-0.07426717447588377,-0.017256728350617968,-0.5366415267534217,1.5707963267948966
10.162745714187622,-1.2331925493028415,-0.3726685211113075,2.2961930296004147,-0.4281006899499421,-0.16643032794187235,0.049005791400699356,-0.09160998518192894,-0.07377979334323778,-0.017295070859813032,-0.5680574532893194,-1.5707963267948966
10.182372093200684,-1.2460790591629876,-0.37769380998174107,2.2976562002005414,-0.4309127738207634,-0.16861551144054074,0.048507688784831235,-0.0914499084908432,-0.07335645121191599,-0.0173309211970151,-0.5366415267534217,1.5707963267948966
10.202500820159912,-1.2547155930198532,-0.38108076316916367,2.298622885462427,-0.4327400163602273,-0.17007838891345614,0.0481607219300431,-0.0912712585475051,-0.07293093498463513,-0.017365563389036373,-0.5680574532893194,-1.5707963267948966
10.222447156906128,-1.2633923484816287,-0.38449473892042885,2.2995840622318644,-0.43465298192477175,-0.17147666379452497,0.047847328474967865,-0.09059433965799583,-0.07234998583751534,-0.017397745806009786,-0.5366415267534217,1.5707963267948966
10.242529392242432,-1.2721034812405492,-0.38793870350069387,2.300537527165523,-0.43645799630302345,-0.17291786021171596,0.04749906153462462,-0.08990504173481072,-0.07176977976576655,-0.017428752775922065,-0.5680574532893194,-1.5707963267948966
10.262552738189697,-1.2764753698925875,-0.3896699065199552,2.301012484177415,-0.43742943495849873,-0.1735895711897899,0.04735103101811911,-0.08882254865547613,-0.07167529314348775,-0.017457972519709073,-0.5366415267534217,1.5707963267948966
10.283019304275513,-1.2896424022053599,-0.3949083632838263,2.302425614896122,-0.44021188934091476,-0.17569452828797988,0.04684013144422888,-0.08842338013990798,-0.0714991042818342,-0.01748471131139071,-0.5680574532893194,-1.5707963267948966
10.302460432052612,-1.2984642972777023,-0.3984365416665616,2.3033589188565142,-0.4419762354227427,-0.17712270550471002,0.046490179220351376,-0.0880086405004764,-0.07131776047884991,-0.017510323800649284,-0.5366415267534217,1.5707963267948966
10.322381258010864,-1.3073278749151247,-0.4019899063095478,2.304285814367521,-0.4438911426567287,-0.17846305182107686,0.04615278649305668,-0.08737426562009429,-0.07130106904686644,-0.017533443999972642,-0.5680574532893194,-1.5707963267948966
10.342650890350342,-1.316223129706821,-0.4055734260872796,2.3052053619219337,-0.44563218043922753,-0.1798888463480104,0.045801895524989485,-0.08672744482875275,-0.07127718841562207,-0.017555471046383362,-0.5366415267534217,1.5707963267948966
10.36249828338623,-1.3206875940559233,-0.40737311618662175,2.3056632571748623,-0.44660083661970484,-0.1805220109062047,0.04564812608388055,-0.0859851279350919,-0.07130971976666677,-0.017575828966460948,-0.5680574532893194,-1.5707963267948966
10.38329815864563,-1.3341282432415376,-0.41281774602238813,2.307024876450217,-0.4492865626678371,-0.18257140271503514,0.04512223704349985,-0.08532798892103119,-0.07127544135565439,-0.017593695106910008,-0.5366415267534217,1.5707963267948966
10.402465105056763,-1.3431309956717052,-0.41648342653479853,2.3079238013132573,-0.45098644914118496,-0.18399651128477437,0.044770193188955795,-0.08465862790552832,-0.07123426955712554,-0.017610516668777658,-0.5680574532893194,-1.5707963267948966
10.422388076782227,-1.352172915136851,-0.4201727204830869,2.3088161355386694,-0.45280575950394975,-0.18529812049043795,0.04442510035458191,-0.08410973806521205,-0.07107161836660089,-0.017624926252578093,-0.5366415267534217,1.5707963267948966
10.442598581314087,-1.3612458150029614,-0.42389288610823816,2.30970111165052,-0.454482352251332,-0.18671788220554442,0.04407246617279296,-0.08354728272378611,-0.07090367307925259,-0.017638323634233077,-0.5680574532893194,-1.5707963267948966
10.466311693191528,-1.365797941137872,-0.4257606303796371,2.31014161467492,-0.45540238981797804,-0.18733976030831476,0.04391428201666865,-0.08315674318971429,-0.07058955876394024,-0.017650173414861147,-0.5366415267534217,1.5707963267948966
10.48242974281311,-1.374922593463502,-0.4295215223919977,2.311016369540038,-0.4570614887629216,-0.1887483829151657,0.04356116829062134,-0.08275055009549104,-0.07027215530649202,-0.017661034870338075,-0.5680574532893194,-1.5707963267948966
10.502512454986572,-1.379500197374767,-0.4314100980046672,2.31145145127613,-0.45796250567372654,-0.18938307800837986,0.04339793358045817,-0.08201174857716177,-0.07032274521416208,-0.017670357346843416,-0.5366415267534217,1.5707963267948966
10.522479057312012,-1.3978880116404775,-0.4390386155833359,2.3131735484144755,-0.4613261874943727,-0.19211909327032076,0.04270702440540094,-0.08128946796848302,-0.070371557766751,-0.01767663637262819,-0.5680574532893194,-1.5707963267948966
10.542588949203491,-1.4071307445085908,-0.44289507465556155,2.3140241532035053,-0.4629446501986153,-0.19352695274864687,0.042353436685166,-0.08055473386768738,-0.0704131972192365,-0.017681980164259738,-0.5366415267534217,1.5707963267948966
10.56250548362732,-1.4117656811681871,-0.4448315024599189,2.314446607143556,-0.4637887208385793,-0.19415939534798266,0.04217828557350472,-0.08032203037130183,-0.06997118923209641,-0.01768579678997268,-0.5680574532893194,-1.5707963267948966
10.583079099655151,-1.4257168226099919,-0.4506854123015554,2.315703804901304,-0.4662325867854178,-0.19618839505635657,0.0416395480868259,-0.08009014611164868,-0.06952282140726027,-0.017687199565437052,-0.5366415267534217,1.5707963267948966
10.602551221847534,-1.4350574760141246,-0.454623054806214,2.316533058374041,-0.46783192060543777,-0.19757435621732397,0.0412857974711431,-0.07984024112598744,-0.06907306391796933,-0.01768771438135694,-0.5680574532893194,-1.5707963267948966
10.622395277023315,-1.4444305231647654,-0.45858579278366485,2.3173558747387224,-0.4694335304373419,-0.1988925409435632,0.04094195838923156,-0.079459008574583,-0.06872306544260601,-0.01768607418922965,-0.5366415267534217,1.5707963267948966
10.64255976676941,-1.4538350593572977,-0.46257736475210937,2.3181711768439595,-0.4710187645898652,-0.2002634805608285,0.040588260462711905,-0.07906174235876506,-0.06837046368146406,-0.017683575791402218,-0.5680574532893194,-1.5707963267948966
10.662492036819458,-1.458548823647363,-0.46458269218133796,2.318576414417706,-0.4717932154887711,-0.20092569543634398,0.040424454125779094,-0.0785037999097613,-0.06818064348655599,-0.01767977108327984,-0.5366415267534217,1.5707963267948966
10.68265700340271,-1.472737736055226,-0.47064094750193275,2.3197805986467004,-0.4741375330681375,-0.20296376475716865,0.039874788206901435,-0.07791861865007987,-0.06798179235584285,-0.017673546830650706,-0.5645749441882391,-1.3966708717408682
10.702567338943481,-1.4822360307721,-0.47471380566562615,2.3205745601570933,-0.47568994431067085,-0.20432137324119654,0.03952138628931892,-0.07732032744708477,-0.0677782814748945,-0.01766650981678522,-0.5331590176523413,1.5707963267948966
10.722384452819824,-1.4917650740282669,-0.4788133169749595,2.3213659490918594,-0.4772307345351415,-0.20566697570673248,0.039283377952212054,-0.0771820243454445,-0.06805960642357708,-0.017658190924953337,-0.5645749441882391,-1.5707963267948966
10.742539167404175,-1.5013251149707427,-0.4829402864963582,2.3221480856069587,-0.4787728365594189,-0.2070308696110565,0.03893030392856543,-0.07702508022725306,-0.0683275608535325,-0.01764907973309061,-0.5331590176523413,1.5707963267948966
10.762569904327393,-1.5061164100368236,-0.48501327714313847,2.3225378526308487,-0.47953023415975354,-0.207695584530072,0.038789828897049905,-0.07662873276424338,-0.06877713685080808,-0.017638945714254832,-0.5645749441882391,-1.5707963267948966
10.782440662384033,-1.515722313246426,-0.4891809734614155,2.323310122133978,-0.4810587125557486,-0.2090754944887238,0.038437157776004226,-0.07621646099338418,-0.06921129536734834,-0.017628037734774893,-0.5331590176523413,1.5707963267948966
10.802541017532349,-1.5205360177777225,-0.49127354425658976,2.3236943420024962,-0.48179657020679584,-0.20972304708659098,0.03828122575369807,-0.0757836115201059,-0.06963262376921382,-0.017616026983619422,-0.562800048121737,-1.482051523469785
10.822359800338745,-1.5398675051355348,-0.49971440452821453,2.3252115410762886,-0.4847958997782715,-0.2124188478699895,0.03759080038531295,-0.0750824543624394,-0.07019374775312534,-0.017601111253852747,-0.5313841215858393,1.5707963267948966
10.842591524124146,-1.5495783922662263,-0.5039768567963575,2.3259598378924364,-0.48629043534341787,-0.21382819292193023,0.03723893336744414,-0.07436907152000725,-0.07073794233323126,-0.017585469922872143,-0.560736276578313,-1.4676077496236895
10.862746953964233,-1.554444280688238,-0.5061162167100473,2.326332578871329,-0.48701005993382035,-0.2144682625919017,0.03710196701538925,-0.07394573528380224,-0.0710866148141287,-0.017568945531715247,-0.5293203500424148,1.5707963267948966
10.88240098953247,-1.5641992420490414,-0.5104198218032303,2.3270711055596243,-0.4884846142354012,-0.21589336056960143,0.03675075925814798,-0.07350716351981566,-0.07142076890656292,-0.017551712384722397,-0.5607362765783126,-1.5707963267948966
10.902515649795532,-1.5690878083666175,-0.5125794678993246,2.3274396885684787,-0.4892175203886823,-0.21652890607235256,0.03662846337260803,-0.0731406739564881,-0.07170350400076209,-0.017533729070488707,-0.5293203500424148,1.5707963267948966
10.922472476959229,-1.5887151547249558,-0.5212937992540678,2.328891405180587,-0.4921363842826045,-0.21929953457570586,0.0359355593919463,-0.07222001891252475,-0.07230615997872133,-0.017512851201003567,-0.5568752993194579,-1.3777474638521525
10.942677021026611,-1.5985722645559854,-0.5256942904729319,2.3296066152232666,-0.49357149791098753,-0.2207515374205184,0.03558551668208035,-0.07128974732306663,-0.07289119426129265,-0.017491309442079103,-0.5254593727835601,1.5707963267948966
10.96261739730835,-1.6035112705536265,-0.5279031347061142,2.329964093947579,-0.4942682049247181,-0.2214201275467366,0.03549663161242362,-0.07024643600290478,-0.0735613846172077,-0.01746933246898355,-0.5568752993194579,-1.5707963267948966
10.983498811721802,-1.6183717840893415,-0.53457594671378,2.3310223638736636,-0.49639302403180235,-0.22354898133088652,0.03499913061276158,-0.06929534378706606,-0.07416050568543416,-0.01744545747834139,-0.5254593727835601,1.5707963267948966
11.00246524810791,-1.6283134397625907,-0.539061797496204,2.3317188590177276,-0.49776934168705067,-0.22503803490352617,0.03465046548450755,-0.06833486319150815,-0.07474190463257539,-0.017420950273072718,-0.5568752993194579,-1.5707963267948966
11.022408485412598,-1.6382841632056555,-0.5435731854718062,2.3324079589983335,-0.4991721272062532,-0.22642905716002815,0.03428881161740026,-0.06743425827738353,-0.07526411975727143,-0.017394518222938634,-0.5254593727835601,1.5707963267948966
11.042524337768555,-1.648281032075749,-0.5481168534045617,2.3330902581194413,-0.5005117254639526,-0.22793942028628092,0.03394119061640293,-0.06652395777745454,-0.07576937228481885,-0.01736748136163181,-0.5539312257136828,-1.4235926465061333
11.06256365776062,-1.6532908172931915,-0.550397398785092,2.33342783497961,-0.5012030098930302,-0.2286348923033767,0.03374726630486063,-0.06513575782730743,-0.07723188910456512,-0.01733935121926163,-0.522515299177785,1.5707963267948966
11.082431554794312,-1.6633278119377115,-0.5549856389302543,2.3340993143401194,-0.5024918166994226,-0.2301938920120498,0.033400765465958056,-0.0637444007850675,-0.07866283124823566,-0.01731063532673035,-0.5539312257136828,-1.5707963267948966
11.102551937103271,-1.6683580748348288,-0.5572882538146229,2.3344340791731715,-0.5031843478998558,-0.23088986058472574,0.03327254875762878,-0.06299451889241892,-0.07902365794126222,-0.01728132793438468,-0.522515299177785,1.5707963267948966
11.122409343719482,-1.6885403796880984,-0.5665804339141366,2.3357509370985734,-0.5058089469482894,-0.23389057334619748,0.032570988433151045,-0.06248876866486266,-0.0792115209793498,-0.01724910473703979,-0.5532031962188908,-1.5343948520552875
11.142520189285278,-1.6986690219823313,-0.5712740995343113,2.3363989092216095,-0.507053551229354,-0.23547656990182905,0.03222633308669805,-0.061969396439616735,-0.07938589123527422,-0.01721633990261143,-0.521787269682993,1.5707963267948966
11.162457466125488,-1.708824673507222,-0.5759952591451453,2.337039371158741,-0.5083391553147575,-0.23696509983332684,0.03186617904314782,-0.06143032134936503,-0.07958315026001271,-0.017181778429402668,-0.5508458228597743,-1.452927658839065
11.182572841644287,-1.7190039936135697,-0.5807496571584959,2.3376733937188137,-0.509570566179043,-0.23853200769210794,0.031528864417358506,-0.0607802013161229,-0.07981449897428677,-0.017146180147349522,-0.5194298963238762,1.5707963267948966
11.202488899230957,-1.729207517043132,-0.5855362749290335,2.338300544169569,-0.5107795702181528,-0.24013049346573462,0.031186300999006367,-0.06011823495872493,-0.08003173132993108,-0.0171100779589174,-0.5508458228597739,-1.5707963267948966
11.222428798675537,-1.7394351889852928,-0.5903538762340355,2.3389220986490424,-0.511976877824931,-0.2417097863567551,0.030862736866299704,-0.059474131661399594,-0.08022943262670992,-0.017072489520838546,-0.5194298963238762,1.5707963267948966
11.242567300796509,-1.7496865778396642,-0.59520413033686,2.339535941418444,-0.5131598214223557,-0.24331623689955276,0.030521666972910148,-0.05881827604339983,-0.08041332589772043,-0.017034419863212486,-0.5490015605224454,-1.4785832099284635
11.262940406799316,-1.7548209257876817,-0.5976411492601222,2.339839817907672,-0.5137350254784687,-0.2441186339770762,0.030341161557936716,-0.057999584198562056,-0.08069214628971533,-0.016995548687370306,-0.5175856339865472,1.5707963267948966
11.283449411392212,-1.7702592990764063,-0.6050008804602246,2.3407429638454778,-0.5154732801162856,-0.24653855143953946,0.029847251389533522,-0.05702623360508994,-0.08105147797223711,-0.016954920566133066,-0.549001560522445,-1.5707963267948966
11.3024742603302,-1.7805801046309409,-0.609947884950466,2.341336520620028,-0.5166040039015408,-0.24816304275214793,0.029508562980043153,-0.056044804035358026,-0.08139502948080586,-0.016913846255318523,-0.5175856339865472,1.5707963267948966
11.322396993637085,-1.7909236580288292,-0.6149273135139989,2.3419221592719226,-0.5177237609589637,-0.2497913420244809,0.029135578027043668,-0.0549483898558785,-0.08180070173625509,-0.01687099783919356,-0.5457111988204697,-1.406278241696124
11.343129396438599,-1.801289049501255,-0.619939526718961,2.3425014995105005,-0.5188117095685427,-0.2514312760355327,0.02879859006049747,-0.05384537637201174,-0.08218997216080327,-0.016827728968963788,-0.5142952722845715,1.5707963267948966
11.362463235855103,-1.806480376180127,-0.6224578903615011,2.34279028427205,-0.5193552619143695,-0.252254959914333,0.02868726277767577,-0.052733293061216574,-0.0825487062792382,-0.016784247637728407,-0.5457111988204693,-1.5707963267948966
11.382426738739014,-1.8168779536497874,-0.6275195224140553,2.3433606755973995,-0.5203987589098635,-0.2539093876503965,0.028352016065158796,-0.05161545145890078,-0.08289140034441943,-0.01674035534675465,-0.5142952722845715,1.5707963267948966
11.402543067932129,-1.822085897917678,-0.6300625021817087,2.343643763270465,-0.5209437232627951,-0.25473439995422265,0.0281895019125625,-0.050446781640498976,-0.08325919244168972,-0.016695893017128597,-0.5457111988204693,-1.5707963267948966
11.422501564025879,-1.8429671466563404,-0.6403179204616626,2.344757186826177,-0.5230263501346119,-0.2580550625252023,0.02749804501235525,-0.04916227702007824,-0.08365179558620137,-0.016648613879104088,-0.5142952722845715,1.5707963267948966
11.442548513412476,-1.8534374203130628,-0.6454957774132121,2.345303821173973,-0.5239967226946189,-0.25973188590247354,0.027165548588596114,-0.04787442489160815,-0.08402777871884151,-0.01660096750271369,-0.5423113943502695,-1.4008061032849017
11.46250033378601,-1.8586809917377953,-0.6480972077764248,2.345573386559345,-0.5244974990801825,-0.26057357055085784,0.026970550254665677,-0.04645406663998105,-0.084474324575959,-0.016552584967180553,-0.5108954678143718,1.5707963267948966
11.482423782348633,-1.8691801377594128,-0.6533256029547254,2.3461094902905772,-0.5254123630548145,-0.2622673779795772,0.02663998531786882,-0.04503205927792241,-0.08490353604886179,-0.016503850217507297,-0.5423113943502695,-1.5707963267948966
11.502561807632446,-1.8797010302745487,-0.6585872485736942,2.346641462811785,-0.5263934666122713,-0.26395134990941654,0.026369648397023805,-0.04356767446109449,-0.08535032421235264,-0.016454179728222315,-0.5108954678143718,1.5707963267948966
11.522360563278198,-1.8955151279949072,-0.6665436109675996,2.3474241009223653,-0.5277642450263123,-0.26650436497156194,0.025845412518879736,-0.0420307264319095,-0.08647867667170338,-0.016402584146715277,-0.5423113943502695,-1.5707963267948966
11.542513847351074,-1.9060787165911435,-0.6718910677856844,2.3479377321113297,-0.5285894923612545,-0.2682449820618953,0.02551787940899827,-0.040494056184126645,-0.08757824640243748,-0.01635067473085255,-0.5108954678143718,1.5707963267948966
11.562915563583374,-1.9166621735747609,-0.6772717223783516,2.3484432017301655,-0.5294768344100806,-0.2699511725614074,0.025145253343149567,-0.0389792355283237,-0.08798176026188315,-0.016297137858375135,-0.539359484907787,-1.4232008546707586
11.582531929016113,-1.92725940512707,-0.6826883682214017,2.348942850953088,-0.5302412717696472,-0.2717146994174683,0.02481984837138434,-0.037464520687595815,-0.08836806378699807,-0.016243311209468245,-0.5079435583718892,1.5707963267948966
11.60256028175354,-1.9325660840179686,-0.6854081433067162,2.3491911491075497,-0.5306682920177426,-0.2725572339608435,0.02469414343817001,-0.03572552398944382,-0.08944866776905841,-0.01618935600664365,-0.539359484907787,-1.5707963267948966
11.62241268157959,-1.9485054722541415,-0.6936231118123986,2.3499248536947572,-0.5318169490231479,-0.2751920386578657,0.02420804543607336,-0.03381622704771448,-0.09053355576895308,-0.01613376578819858,-0.5079435583718892,1.5707963267948966
11.642679691314697,-1.9591484474455032,-0.6991451301865248,2.350405791569477,-0.5324742225939156,-0.27701331937351376,0.023885928211716586,-0.031911971577144885,-0.0915897436418392,-0.016077913077195007,-0.539359484907787,-1.5707963267948966
11.662537336349487,-1.9644775820409053,-0.7019177520742312,2.3506432697926747,-0.5328616323856348,-0.27787134963863513,0.023715973027483257,-0.030656890215839408,-0.09178396659757554,-0.016021649455745773,-0.5079435583718892,1.5707963267948966
11.682552576065063,-1.9751408622847668,-0.7074935480528182,2.3511143886868133,-0.5334622010936165,-0.279708845284163,0.02339610476892545,-0.02939961878295066,-0.09196308706923749,-0.01596513472266205,-0.5367970680742635,-1.4426754851187162
11.702534437179565,-1.9858217664565143,-0.7131022730516948,2.3515767015092592,-0.5341824523009104,-0.28145704428832385,0.0230212848043114,-0.02830402324970921,-0.09208878829406716,-0.015907031608579605,-0.5053811415383658,1.5707963267948966
11.722429275512695,-2.00186261357512,-0.7215861388931774,2.3522615238827207,-0.535094501551032,-0.2841862032786231,0.02258274446743941,-0.02715937431827572,-0.09220990191880371,-0.015847648424778368,-0.5367970680742635,-1.5707963267948966
11.742632865905762,-2.0125698589997847,-0.7272883122978098,2.3527100132118886,-0.5356262140198343,-0.28603149322529187,0.022266387100754213,-0.02601130636593582,-0.0923167153080929,-0.01578805303869137,-0.5053811415383658,1.5707963267948966
11.762651205062866,-2.017928496391706,-0.7301529428906767,2.3529313610583875,-0.5359029459982406,-0.286949582425646,0.02209900293836748,-0.024654520611937347,-0.09253073540937208,-0.015728132002273125,-0.5360620158510008,-1.53404371563175
11.78261399269104,-2.034017830480968,-0.7388032501312317,2.353586351302375,-0.536663447665882,-0.2897325818696815,0.021601014248483364,-0.02333469230234923,-0.09268631685632932,-0.015666503283410654,-0.504646089315103,1.5707963267948966
11.802515506744385,-2.0447556783427485,-0.744616448662287,2.354015242404372,-0.5371169363364185,-0.2915877404210225,0.021288301986287225,-0.022014040100201148,-0.092827073633306,-0.01560469279288516,-0.5334632701965134,-1.4408590440705193
11.822415351867676,-2.0555032373123887,-0.7504674270273383,2.3544378038888722,-0.537565205224658,-0.29346170761637946,0.020977292116799863,-0.020485001291077658,-0.09290655929977765,-0.01554182298412771,-0.5020473436606157,1.5707963267948966
11.842623949050903,-2.066258536614666,-0.7563552470937154,2.3548542455661443,-0.5379596371101809,-0.2953205175491636,0.02066708572305446,-0.01895863367024691,-0.0929721188198511,-0.015478789208639638,-0.5334632701965134,-1.5707963267948966
11.866315126419067,-2.0716397210134794,-0.7593136682084248,2.355061992005266,-0.5381536366351024,-0.2962677553373591,0.02055990543582673,-0.017419035557353215,-0.09308609223347805,-0.01541592392451457,-0.5020473436606157,1.5707963267948966
11.882635831832886,-2.0877938007550982,-0.7682442588592311,2.3556708734444554,-0.5387097759456702,-0.2990801501003703,0.020070292166501674,-0.015932938273378598,-0.09312136681846897,-0.015351408108714585,-0.5330231669805086,-1.5487911659946452
11.902514457702637,-2.098571083905697,-0.774244487815501,2.356069213314196,-0.5390135932761366,-0.3009428184241288,0.019763910324847735,-0.014449187124630771,-0.0931432372131735,-0.015286752974687847,-0.5016072404446108,1.5707963267948966
11.922396421432495,-2.1093557270529546,-0.7802833025365048,2.356460149900934,-0.5393273036154294,-0.302839113614707,0.019429066315766748,-0.013018717094119732,-0.0931276717389099,-0.015220898899339641,-0.5305286151774866,-1.4460687366437908
11.942542552947998,-2.1201447815980767,-0.7863587086649572,2.3568456914437586,-0.5395733889422456,-0.3047014046766959,0.019125307880688776,-0.011590131041594866,-0.09309930668385881,-0.015154924722885111,-0.49911268864158886,1.5707963267948966
11.96268081665039,-2.125541803582286,-0.7894112274575991,2.357037231959148,-0.5396962527207648,-0.30565511814889096,0.019014281595976665,-0.010234001845644325,-0.09292670853841423,-0.015089142931434006,-0.5305286151774871,-1.5707963267948966
11.98244595527649,-2.1363376851066445,-0.795542903113193,2.3574145041537196,-0.5398873845047263,-0.3075118359403157,0.018713157518885214,-0.008879439039465406,-0.09274326844981452,-0.015023245660468615,-0.4991126886415893,1.5707963267948966
12.002530097961426,-2.141738211567169,-0.7986235003986583,2.3576011780241712,-0.5399968107437337,-0.30846222050100314,0.018565972620878193,-0.0074490671948213225,-0.0926052244411621,-0.014957278523232342,-0.5305286151774871,-1.5707963267948966
12.022415161132812,-2.163346480270891,-0.8110377796990729,2.3583308366766182,-0.5403385353257044,-0.3122078066957252,0.017943279138216583,-0.005961574869339624,-0.09239784202816535,-0.01488891013266731,-0.4991126886415893,1.5707963267948966
12.042534112930298,-2.174154344313507,-0.8173004010552029,2.358686729039283,-0.5404429231170327,-0.3140536029556034,0.01764618529112909,-0.004477829306955666,-0.09218005446580202,-0.014820461284192012,-0.5258805461029374,-1.3383928730674066
12.062479019165039,-2.179559331028055,-0.8204468148215007,2.35886114322485,-0.5404838569672775,-0.3150100979323634,0.017469678197627108,-0.0030254626340981143,-0.09194300826274591,-0.014751778267172111,-0.4944646195670397,1.5707963267948966
12.082508325576782,-2.1903695166143438,-0.8267653890773863,2.3592075910155965,-0.5405298723667753,-0.3168465041052761,0.017175330058516743,-0.0015766743112103083,-0.09169594390143823,-0.01468302385987888,-0.5258805461029379,-1.5707963267948966
12.10252332687378,-2.2011824678158165,-0.8331232306345918,2.359552625065553,-0.5406001252817799,-0.31874418756689155,0.016985500312524753,-8.180842982251504e-05,-0.09157408227340244,-0.014614154011011423,-0.49446461956704013,1.5707963267948966
12.122361421585083,-2.2174017784226505,-0.8427283957514708,2.360055320124347,-0.5406251912184561,-0.3215365225039303,0.016539199925408827,0.0014666707636406702,-0.09146010572766755,-0.014543922941073689,-0.5258805461029379,-1.5707963267948966
12.142465591430664,-2.228213885918814,-0.849177410045235,2.3603832000226928,-0.5405804126616384,-0.32336448837735315,0.016249024169053054,0.0030103915749033405,-0.09133455820376397,-0.014473644986420207,-0.49446461956704013,1.5707963267948966
12.162662506103516,-2.239025968452534,-0.8556648680431471,2.36070410275613,-0.5405360052260292,-0.32523308538986906,0.015924188585226984,0.0043968209730432415,-0.09080895372434823,-0.014402296852725439,-0.5258805461029379,-1.5707963267948966
12.183178663253784,-2.249836158409886,-0.8621883707098934,2.361019531248145,-0.5404471972285663,-0.32707230231312756,0.01562776319367576,0.005989652784776841,-0.09082438565705794,-0.014330478041369624,-0.49446461956704013,1.5707963267948966
12.20258378982544,-2.260643798504664,-0.8687479819993614,2.3613292252054063,-0.5403115207805337,-0.3288888339234381,0.015341871999604038,0.007577093370713493,-0.09082657371817912,-0.014258637909660128,-0.5224577356501174,-1.3996558041538654
12.222423553466797,-2.2714496642893187,-0.8753455770718146,2.3616315135554404,-0.5401753548284003,-0.3307412820409632,0.015028777730967002,0.009271555890378496,-0.09037046097723388,-0.014185828558768312,-0.4910418091142197,1.5707963267948966
12.242611646652222,-2.2822512044138414,-0.8819784460639907,2.3619292567985553,-0.5399730296366237,-0.332544074597918,0.014745789294529719,0.01095995202394681,-0.08990768802608691,-0.01411301437023287,-0.5224577356501179,-1.5707963267948966
12.262881755828857,-2.287651314098616,-0.8853093035370516,2.362077962836386,-0.5398750211227284,-0.33346912685338786,0.014654035078301498,0.012608077822549982,-0.08987031605410081,-0.014040652672377725,-0.49104180911422013,1.5707963267948966
12.282485723495483,-2.298446183373199,-0.8919966570185138,2.3623682402317066,-0.5396064354298066,-0.33526605492631256,0.014373945670685636,0.014249349662018391,-0.08982040717423297,-0.013968287620729854,-0.5224577356501179,-1.5707963267948966
12.302532434463501,-2.309238802757864,-0.8987215898171313,2.362651610171201,-0.5393925136593336,-0.3370964307236867,0.014066737969035277,0.01580857014799845,-0.08915924187686175,-0.01389499208113523,-0.49104180911422013,1.5707963267948966
12.322367668151855,-2.32541556060983,-0.9088755364457674,2.363065761678678,-0.5389631951465835,-0.3397967950995648,0.013604164723638621,0.017462126587412623,-0.08897265485293568,-0.01382019225364054,-0.5192195743177148,-1.4088882601747343
12.3424654006958,-2.3361912222294845,-0.9156892539112208,2.3633350859197857,-0.5385974802347335,-0.3415742942904613,0.013328508614714607,0.019108101983534305,-0.0887755092098275,-0.013745423975781724,-0.48780364778181706,1.5707963267948966
12.362560272216797,-2.341577467811203,-0.9191101951655386,2.363469039956912,-0.538428082062942,-0.34247436302893697,0.013242473009789682,0.020481934013579894,-0.0876974069282459,-0.013671183623865784,-0.5192195743177148,-1.5707963267948966
12.382660150527954,-2.3523418417431725,-0.9259771500963919,2.3637311601281428,-0.5380047494459606,-0.344217540544128,0.012969791474130452,0.021850440493535822,-0.08662055338088658,-0.013596975369617863,-0.48780364778181706,1.5707963267948966
12.402509927749634,-2.3577226691187803,-0.9294248347573757,2.363860502005943,-0.5378236104048587,-0.3451113459760653,0.012838703338722984,0.023509867234361853,-0.08576480397552015,-0.013522960120746177,-0.5192195743177148,-1.5707963267948966
12.422356843948364,-2.3792201635533523,-0.9433019826968239,2.3643618330690734,-0.5369494551993045,-0.34863520663152753,0.012263324478132368,0.02503242983282885,-0.08472799378345834,-0.013446752140399474,-0.48780364778181706,1.5707963267948966
12.44252324104309,-2.3899540450379004,-0.950291563360425,2.3646044152856294,-0.5364336427541108,-0.3503194072246837,0.011995150996288258,0.026547580476069255,-0.08369224275112337,-0.013370606501948566,-0.5150492641843449,-1.3622808201263936
12.462514162063599,-2.3953178594979168,-0.9538014631651717,2.364722609921332,-0.5361813098622511,-0.3512155551746862,0.011836307462376135,0.0275225418330213,-0.08215103173242788,-0.013294490529795904,-0.4836333376484472,1.5707963267948966
12.48242974281311,-2.4060359162506053,-0.9608421021107408,2.3649566822434736,-0.535621119622506,-0.35284322754546266,0.011571178244788684,0.028496276861695036,-0.08061748038707275,-0.013218442641409762,-0.5150492641843449,-1.5707963267948966
12.50256061553955,-2.416744484340773,-0.9679210922885265,2.3651892848081992,-0.5350866441299028,-0.3545957949535047,0.011395033175233354,0.02933793949448361,-0.07901227528161474,-0.013142439854859782,-0.4836333376484472,1.5707963267948966
12.522398710250854,-2.432783890905853,-0.9785992593901996,2.3655245112695353,-0.5341936510748061,-0.35709231536787434,0.010981202462536498,0.03062648317351067,-0.07787410519802469,-0.013065234722137884,-0.5150492641843449,-1.5707963267948966
12.54257607460022,-2.4434615529836763,-0.985756604782336,2.365741527414387,-0.5335682786178453,-0.3586384393953127,0.010720669075280732,0.031909910160335904,-0.07673877007928966,-0.012988118955353215,-0.4836333376484472,1.5707963267948966
12.562557458877563,-2.448794669302444,-0.9893509885274647,2.365847461955283,-0.5332103630022328,-0.3595121488281626,0.010571165098097053,0.03308245894511655,-0.07545400019998451,-0.01291111690483207,-0.5134811815329927,-1.4923921942272766
12.582460880279541,-2.459452182097992,-0.9965562369006293,2.3660563081626353,-0.5325370212037873,-0.36100842244384096,0.010313711997088141,0.03425106359221032,-0.0741741867239843,-0.012834208930936127,-0.48206525499709496,1.5707963267948966
12.602503299713135,-2.4647756284342535,-1.0001744745522438,2.3661577904940043,-0.5321760359854951,-0.3618660522487345,0.010160804079521402,0.03562863465633704,-0.07307084052289828,-0.012757385287406728,-0.5134811815329927,-1.5707963267948966
12.62252163887024,-2.486035055154616,-1.0147145489202936,2.366554249190872,-0.5307584132801603,-0.364950645977904,0.009645891994993737,0.03707360486472308,-0.07227231366291328,-0.012678725391950234,-0.48206525499709496,1.5707963267948966
12.642500638961792,-2.496642712736784,-1.0220279630097862,2.3667446365236056,-0.5300025529549655,-0.3663880973778126,0.009393103072338696,0.03851119961014985,-0.0714726358744122,-0.01260018720396544,-0.507252030231196,-1.2593387617050533
12.662477493286133,-2.501940638098749,-1.0256981523455795,2.36683729745915,-0.5296015060437548,-0.36716904698164693,0.009249508182853637,0.03973195315339515,-0.07036277003183002,-0.012521831429129819,-0.4758361036952983,1.5707963267948966
12.682541370391846,-2.5125246406976407,-1.0330555320010288,2.3670197884739665,-0.5287947014788469,-0.3685652292010629,0.008999854066282889,0.040947663230910245,-0.06925596134052767,-0.012443601195390064,-0.5072520302311965,-1.5707963267948966
12.702537536621094,-2.523093605594242,-1.0404445976648702,2.3672032616822025,-0.527996584049736,-0.37003720955029623,0.00888532887353587,0.04217853107380149,-0.06809488592385793,-0.012365867450114133,-0.4758361036952987,1.5707963267948966
12.72241473197937,-2.538915113612429,-1.0515786096395716,2.3674632253758663,-0.5267370515684506,-0.37213525617095083,0.008486609325260446,0.043386824401420485,-0.06708670863229513,-0.012286980233605487,-0.5072520302311965,-1.5707963267948966
12.742502689361572,-2.5494410969900874,-1.0590346649879048,2.367630505418404,-0.5258572761533901,-0.37346692440684187,0.00824165741442801,0.044589837702003775,-0.06608043202909593,-0.012208234461695406,-0.4758361036952987,1.5707963267948966
12.762702703475952,-2.554697319710709,-1.0627741896797036,2.367711772880587,-0.5253971048280405,-0.3741627445115373,0.008089307270701725,0.04572791201262561,-0.06518015165593907,-0.012129611390702165,-0.5072520302311965,-1.5707963267948966
12.78250789642334,-2.5651960405846164,-1.0702704206085396,2.3678711383379754,-0.5244712044039681,-0.3754573492393366,0.007847500059112137,0.04686135969549441,-0.06428041200140011,-0.012051134101025856,-0.4758361036952987,1.5707963267948966
12.802485466003418,-2.575676918962035,-1.0777949870840131,2.3680235398451295,-0.5235437540842033,-0.3767981832602163,0.007547499354768161,0.04815928399110092,-0.06348893756080015,-0.011971809589623076,-0.5042672985936902,-1.421559744919576
12.822412490844727,-2.591362125037381,-1.0891284371019698,2.3682432154777597,-0.5221048360395649,-0.3787211224602299,0.00716170077803005,0.0493656691967114,-0.0626745228406971,-0.011891404075304101,-0.4728513720577925,1.5707963267948966
12.842654943466187,-2.60179426848171,-1.0967153401448946,2.3683840765641104,-0.5211055059755324,-0.37996646601995915,0.0069246752911159,0.05056639468347452,-0.06185977936479314,-0.011811173857860763,-0.5042672985936907,-1.5707963267948966
12.862550973892212,-2.6070029327162265,-1.100518121906999,2.3684541415024274,-0.520593369878239,-0.380577678513044,0.006837614866470774,0.05169419338598752,-0.06110531078364361,-0.011731563657448953,-0.47285137205779293,1.5707963267948966
12.883743524551392,-2.6225982908428813,-1.1119630010283028,2.368653074797582,-0.5190569185852554,-0.382403856633842,0.006460027881295686,0.05268100734455386,-0.060218929988275986,-0.011650911408884163,-0.5003126795112576,-1.3730653726732323
12.902465581893921,-2.632968827397518,-1.1196230628872073,2.3687799505403055,-0.5179934589644981,-0.3835993768100703,0.006227814602550991,0.0536643815187532,-0.05933319615479712,-0.011570447950990551,-0.4688967529753598,1.5707963267948966
12.922393083572388,-2.6433181400487755,-1.1273062745385654,2.368904441296274,-0.5169139571368955,-0.3847647956286125,0.006062098224727648,0.05480868338676662,-0.058700397465795424,-0.011490120675562621,-0.500312679511258,-1.5707963267948966
12.942498683929443,-2.6536453814345053,-1.135013268219571,2.369023390582155,-0.5158063848566257,-0.38593245485399486,0.005833097478818973,0.05594765735207471,-0.058065112430561554,-0.011409986040365375,-0.46889675297536026,1.5707963267948966
12.962482929229736,-2.6588006087600333,-1.1388748240997055,2.369081528005546,-0.5152356662116644,-0.3864874030732042,0.0057232436870295325,0.05707339819590605,-0.05749544615012943,-0.011330305197523668,-0.500312679511258,-1.5707963267948966
12.98247241973877,-2.66909383262164,-1.1466160331093112,2.3691937321206478,-0.514082985235708,-0.3876315881218644,0.005497432782142621,0.05819381234256834,-0.05692251690302624,-0.011250817499401109,-0.46889675297536026,1.5707963267948966
13.002607583999634,-2.674232567136618,-1.1504943165090915,2.3692480379306615,-0.5135145731573302,-0.3881701505174668,0.005382949831803852,0.05928078172042913,-0.05647265920056706,-0.01117173719353206,-0.4971162383091494,-1.4109742666894576
13.02245569229126,-2.6947279973884557,-1.1660644074231215,2.3694528640550843,-0.5111874348283673,-0.3903744276228309,0.004919705758010961,0.0603904738998101,-0.055991109372863244,-0.011091000997906723,-0.46570031177325166,1.5707963267948966
13.04265832901001,-2.7049395942765213,-1.1738830618778497,2.3695490453416967,-0.5099685727174191,-0.3914893982783311,0.004698691306437635,0.061494852288939104,-0.05550523834467049,-0.01101048004217943,-0.4969378172519936,-1.5618752739370967
13.062467813491821,-2.7100366794816835,-1.1777987210137741,2.369597209442975,-0.5093571353238973,-0.39198122921604295,0.0046380510926286094,0.06254405206364246,-0.054882350343095784,-0.010930773676626702,-0.46552189071609584,1.5707963267948966
13.082521200180054,-2.7202112436830466,-1.1856492804197962,2.369687789613264,-0.5080958042725996,-0.393072626935624,0.004420230918343516,0.06358821415934102,-0.054257015543003564,-0.010851279051769207,-0.4937461753024257,-1.411214229316493
13.10251498222351,-2.730361996900467,-1.1935191904009752,2.369773392174042,-0.5068544358222764,-0.3940934888516605,0.0041937453634271855,0.0645275643468353,-0.05355069160619997,-0.010771442870737044,-0.46233024876652795,1.5707963267948966
13.122437715530396,-2.745539319977648,-1.205364924532525,2.369896436796086,-0.5049307085963821,-0.3956602764752731,0.003927997957325189,0.06545033519751918,-0.05273518781316531,-0.010691276478485293,-0.4937461753024257,-1.5707963267948966
13.142528533935547,-2.755624782770505,-1.2132886227391257,2.369972863832981,-0.5036125085188212,-0.39670682627366277,0.0037149721947831262,0.06636898645666892,-0.05191981464146567,-0.010611337718035397,-0.46233024876652795,1.5707963267948966
13.162668466567993,-2.7606576901178594,-1.2172571638272356,2.370009604050155,-0.5029457360408908,-0.3971848057267888,0.0036103135948213146,0.06692109740574216,-0.0508091830168221,-0.010531886282867243,-0.4910927255882802,-1.438123841087613
13.182426691055298,-2.7707031838107374,-1.2252109479368696,2.3700797092301826,-0.5016017928107636,-0.39818991650196806,0.003400468487795616,0.0674732280654904,-0.049702562536952676,-0.010452662337652595,-0.45967679905238246,1.5707963267948966
13.202514410018921,-2.7757160734586575,-1.229195233363829,2.3701128196782375,-0.5009282898428571,-0.39867539155506093,0.0032915327818238064,0.06793228968342878,-0.04859704654107872,-0.0103738807310847,-0.4910927255882802,-1.5707963267948966
13.222374677658081,-2.7956984910545915,-1.2451829310731473,2.370237525207763,-0.49819679519494525,-0.40065140918664094,0.0028981664473366926,0.06803516067758086,-0.04716723956103538,-0.010293841154992031,-0.45967679905238246,1.5707963267948966
13.24252700805664,-2.8056488128213073,-1.2532052977939647,2.370293435092211,-0.496835022121259,-0.4015805241704437,0.00269308798006315,0.0681429668219971,-0.04574562177585044,-0.010214046366750378,-0.4860585808040119,-1.319089087581471
13.262570142745972,-2.810612204335463,-1.2572243960818348,2.37031900938404,-0.49610384898294135,-0.40205639301150436,0.0025739429256069813,0.0685537755454316,-0.04446746950368213,-0.01013463245831828,-0.4546426542681141,1.5707963267948966
13.283630847930908,-2.825462323777157,-1.2693085708801752,2.370395299235425,-0.49398020472857107,-0.4034524461453647,0.0023733586493276163,0.06918569358681749,-0.043432864791255785,-0.010055290208594376,-0.4860585808040119,-1.5707963267948966
13.302499771118164,-2.8353280486520003,-1.277386237593253,2.3704407606274245,-0.49259017948906375,-0.4043107892011045,0.0021730441962894077,0.06981667346332587,-0.04240207630658118,-0.009976196515394614,-0.4546426542681141,1.5707963267948966
13.322458028793335,-2.845162725969189,-1.285483919010214,2.37048178419543,-0.49110673555398604,-0.4052194306439867,0.0019520183710741788,0.07108547195237719,-0.04085162411005826,-0.009896767777101733,-0.4860585808040119,-1.5707963267948966
13.342478275299072,-2.8549705594924593,-1.293596375122093,2.370518850491698,-0.4896724203070543,-0.4060210481981252,0.0017548751616870961,0.07234441226006619,-0.0393119198215223,-0.009817595974988953,-0.4546426542681141,1.5707963267948966
13.362629175186157,-2.8598627842240525,-1.2976604142824861,2.3705353458267733,-0.4889219892942817,-0.4064569129233749,0.0016250451548841917,0.07279840770556394,-0.038163896406043285,-0.009738718022305953,-0.4834970505803109,-1.4427198156098386
13.383479833602905,-2.8744984190299387,-1.3098741052568301,2.3705786949276826,-0.486748035524887,-0.4076686473519826,0.001315190531087745,0.07409607980483865,-0.03666463922698612,-0.009659082895945272,-0.45208112404441314,1.5707963267948966
13.402522087097168,-2.8842184745302784,-1.3180347117075655,2.3706030722172136,-0.48525322340523985,-0.40838703527091974,0.0011228029712146619,0.0753834114756155,-0.035175903479482386,-0.009579718138094896,-0.48270640756261374,-1.5312641759100298
13.422403812408447,-2.893909909675307,-1.3262131281651341,2.370623869437805,-0.4837736041039548,-0.40917235496828425,0.0009321346419189497,0.07672706472839785,-0.03391664292560615,-0.009500230560159296,-0.451290481026716,1.5707963267948966
13.442569255828857,-2.9035699472934797,-1.3344032750378665,2.3706406173698844,-0.4822257139156194,-0.40983816112461424,0.0007429226034702839,0.0780602045767013,-0.0326652884298655,-0.00942101932439315,-0.47945345718020604,-1.408148807674503
13.462497234344482,-2.9083898857605965,-1.3385057787204868,2.37064755555256,-0.4814774630458264,-0.41022457504150567,0.0006461772073102782,0.07956662184287065,-0.031508309402947,-0.009342341424705379,-0.4480375306443083,1.5707963267948966
13.482440948486328,-2.9180034219054556,-1.3467164950947086,2.3706586158598495,-0.4798711724385707,-0.41084322867129164,0.0004601148637607703,0.08106032299608784,-0.03035819626989666,-0.009263938789940463,-0.47945345718020604,-1.5707963267948966
13.502524614334106,-2.922800909773319,-1.3508293310847765,2.370664343338918,-0.4791288931233504,-0.4112173867309014,0.00041199553682726603,0.08253030708118275,-0.029179420184040454,-0.009186403147306664,-0.4480375306443083,1.5707963267948966
13.522388458251953,-2.941906324617303,-1.3673058304865893,2.370672400270122,-0.47597055190861876,-0.4124816449051952,1.0023277552946467e-05,0.08389032399712672,-0.028091431735008984,-0.009107386792758994,-0.4763659132885527,-1.416419132212221
13.542533159255981,-2.9514088675018386,-1.3755610094449877,2.3706707845115655,-0.47427924173453734,-0.41303264473286,-0.0001713367123762671,0.08523876773323634,-0.027009570916262528,-0.009028660524223828,-0.44494998675265496,1.5707963267948966
13.562392234802246,-2.956150543149275,-1.3796941557738522,2.3706699082710996,-0.4735080409198212,-0.4133382461353369,-0.00021700498764710266,0.08609788724100538,-0.02646862766578882,-0.008950826267288872,-0.4763659132885527,-1.5707963267948966
13.582489967346191,-2.965603427349874,-1.3879661783191841,2.37066378318079,-0.4717775310229334,-0.41386220259019807,-0.0003952455458835247,0.0869523225206477,-0.025926885541788906,-0.008873277038179181,-0.44494998675265496,1.5707963267948966
13.602515697479248,-2.9750268440747805,-1.3962505488493735,2.3706539981158175,-0.4701561792182735,-0.41441816416496663,-0.0005816071240337421,0.08815247094456313,-0.025143795255423425,-0.008795584867998401,-0.47412782861155867,-1.4588920929451854
13.622387170791626,-2.989094411890012,-1.4086945833393312,2.3706320137436854,-0.46757361123172814,-0.41517079897435627,-0.0008560832967027609,0.08930966387178656,-0.024519253406385878,-0.008717289039510237,-0.4427119020756609,1.5707963267948966
13.642569780349731,-2.9984279454534644,-1.4170028615729535,2.3706131538246025,-0.46577591564537313,-0.4156549452217464,-0.001029648629419458,0.09045850470709162,-0.023895503613111446,-0.008639294401516331,-0.4726509108346604,-1.4969504379499732
13.662544965744019,-3.003082968673949,-1.4211599238633765,2.3706031966361367,-0.4649115327874441,-0.4158674421468989,-0.0010944240034428101,0.09160133357091826,-0.023249762507250596,-0.008562042687339504,-0.4412349842987626,1.5707963267948966
13.68238377571106,-3.0123628033014707,-1.4294818796644326,2.3705796008827633,-0.46306814899559307,-0.4163259891576858,-0.0012648948201555558,0.09273562473444387,-0.022605122225730197,-0.008485088551628543,-0.4720437065566916,-1.5404361128964483
13.702491044998169,-3.0169912724654835,-1.4336455914919546,2.370566515118841,-0.4622025737905399,-0.4165282265553212,-0.0013515845883314932,0.09349055982882483,-0.022211547691401195,-0.008408700150621362,-0.44062778002079384,1.5707963267948966
13.722396850585938,-3.0354085858432445,-1.4503233463093594,2.3705049669924576,-0.45854880170628787,-0.4173797163194228,-0.0017121121173258949,0.09457570491248646,-0.021601081727670144,-0.008331023445958007,-0.46729597636013276,-1.3334098169669462
13.742510795593262,-3.0445605748004065,-1.4586752201927131,2.3704690637081995,-0.4566465039835457,-0.41780563968770834,-0.0018779584306162283,0.09565271321173036,-0.0209913833128101,-0.008253660069622295,-0.435880049824235,1.5707963267948966
13.762452363967896,-3.049123530940128,-1.4628528097168851,2.3704520769883026,-0.4557154559191981,-0.41796608698232207,-0.0018803030664651787,0.09675763082370721,-0.020341365823805486,-0.008177477273239114,-0.46729597636013276,-1.5707963267948966
13.782501220703125,-3.0582184153062952,-1.4712161564630728,2.3704128404951232,-0.4537693266346716,-0.4183664254371024,-0.002043093325059239,0.09785385011534933,-0.019692706035335062,-0.008101599368443981,-0.435880049824235,1.5707963267948966
13.802544355392456,-3.067276919053614,-1.4795856837056296,2.3703711028699894,-0.4518709489359863,-0.41871223841047805,-0.002196966907535258,0.09884963302569703,-0.019099175154284567,-0.008025764142163744,-0.46729597636013276,-1.5707963267948966
13.822364807128906,-3.0807901514020304,-1.492154591082897,2.3703009778035935,-0.44894111048544233,-0.41925198747672887,-0.002455696796378595,0.09990740868952531,-0.018757542319018973,-0.007949347204254515,-0.435880049824235,1.5707963267948966
13.842528581619263,-3.089748922013625,-1.5005433594414535,2.370250279076757,-0.4469324515445479,-0.4196237013490638,-0.002613922226126083,0.10095714794563639,-0.018413433632762325,-0.007873248825171479,-0.4628820097645172,-1.3500979970141103
13.862601518630981,-3.0942142131212638,-1.5047390831281446,2.3702216279918313,-0.4459423849406433,-0.41976293205578286,-0.0027387110831373564,0.10193638495713156,-0.01805455670368075,-0.007797429681659972,-0.43146608322861946,1.5707963267948966
13.88293194770813,-3.107548048041109,-1.5173385757915443,2.370138266368034,-0.44291652104789264,-0.420256385421426,-0.0029088325956979776,0.10288321911376709,-0.0175537115466036,-0.00772164526406306,-0.4628820097645172,-1.5707963267948966
13.902591466903687,-3.1163857390534817,-1.5257471808353322,2.370078550423207,-0.440849447900363,-0.4206024483255945,-0.0030625103489683564,0.10382290616716,-0.017052522138016016,-0.007646183857017621,-0.43146608322861946,1.5707963267948966
13.922563552856445,-3.125183242038345,-1.5341600592005125,2.370015167188266,-0.4387969197247142,-0.4208753341024983,-0.003240617527088672,0.10470568792350288,-0.016515069070640577,-0.007570574326140511,-0.46251886215163696,-1.552638946150875
13.942598342895508,-3.1339381807770326,-1.5425808330750779,2.3699488457470608,-0.43669403378886223,-0.42120026244014314,-0.003391275656992988,0.1055817947828024,-0.015977794991291358,-0.007495293385784428,-0.4311029356157392,1.5707963267948966
13.962564945220947,-3.138300408623581,-1.5467922280931055,2.369913697095524,-0.4356469603169049,-0.42131482617723803,-0.003492132077870917,0.10630962760827693,-0.015355018262094934,-0.007420451216697002,-0.4599099301030649,-1.4403497243662855
13.982498407363892,-3.146992037641798,-1.555221554164619,2.369842375336807,-0.4335135326948155,-0.421615709236648,-0.003639795412552444,0.10703227083857021,-0.014733497048874587,-0.007345936839269743,-0.42849400356716716,1.5707963267948966
14.002537250518799,-3.151322578890744,-1.5594377300687494,2.369804538522228,-0.4324571927543043,-0.4217395692394027,-0.0037358610811982556,0.10775949049296968,-0.014356684281046694,-0.00727188115308252,-0.4599099301030649,-1.5707963267948966
14.02242660522461,-3.1685357030156673,-1.5763184887630506,2.369649832901219,-0.4281632546221622,-0.422302646275048,-0.004025685437000663,0.10852216017494282,-0.014136096789164044,-0.007196889246286263,-0.42849400356716716,1.5707963267948966
14.042505741119385,-3.1770772131011187,-1.5847673540128058,2.369567884797059,-0.4259852296634361,-0.4225831308006607,-0.004168876141047611,0.10927943828910945,-0.013911727202357692,-0.007122237863007644,-0.45520515892393787,-1.3355577678385355
14.063106060028076,-3.185574857583526,-1.59322055747481,2.3694821877930767,-0.42378834702336293,-0.4228287070429923,-0.004317099668576922,0.10998697987634325,-0.013900157364571045,-0.007047627379341098,-0.4237892323880401,1.5707963267948966
14.083119869232178,-3.1940284802930616,-1.6016791886539217,2.369396667878209,-0.4215783280161627,-0.4230812886827506,-0.004389104740767047,0.11068283879530273,-0.013781533378079611,-0.006973727934178784,-0.45520515892393787,-1.5707963267948966
14.102518081665039,-3.202437864129077,-1.610143562570594,2.3693074959474307,-0.41935775165353,-0.42335569055739014,-0.004527843138944154,0.11137401855102773,-0.013657805695637428,-0.006900168502003179,-0.4237892323880401,1.5707963267948966
14.12252163887024,-3.210802453294328,-1.61861101033003,2.3692146226945545,-0.4171179081469384,-0.4235678813571047,-0.004696307712921879,0.11197649355469275,-0.013601818182842763,-0.006826481744633654,-0.45520515892393787,-1.5707963267948966
14.142515659332275,-3.2191223761781163,-1.6270850842892297,2.369119336139137,-0.41487238428236584,-0.4238393080133594,-0.004832103356620928,0.11257527853007321,-0.013539853833534822,-0.006753140089573667,-0.4237892323880401,1.5707963267948966
14.162964582443237,-3.223265154640877,-1.6313225158619697,2.369070001779835,-0.41373176488609,-0.42392898278683766,-0.004932751479238552,0.11318081587496205,-0.013686329502627607,-0.006680208107454975,-0.4525513597718436,-1.438106369190173
14.182527303695679,-3.231517113586933,-1.6398038421137693,2.36897001555354,-0.4114621233029919,-0.4242041016724641,-0.005065629191448941,0.11378274094214785,-0.013824114004023984,-0.006607620447291967,-0.4211354332359458,1.5707963267948966
14.202503442764282,-3.2397234771277605,-1.648288029952863,2.3688660610071177,-0.40917806568304493,-0.424413063199063,-0.0052121105355986425,0.11437262012571346,-0.013819657388146457,-0.00653503930019977,-0.4525513597718436,-1.5707963267948966
14.222384452819824,-3.2519471961162716,-1.6610247136708096,2.3687061374186977,-0.4057372123418073,-0.42477264725333075,-0.005429312142201455,0.11497064518606696,-0.01381951120962424,-0.006462007884504788,-0.4211354332359458,1.5707963267948966
14.242598056793213,-3.260038906555993,-1.669522930172511,2.3685962636252116,-0.40343185089375766,-0.42504898005423597,-0.005557824956504321,0.11556486628195774,-0.01381265299216111,-0.006389332891238789,-0.4483096666584858,-1.3587116711269998
14.262693881988525,-3.2640670511962027,-1.6737722504786696,2.3685394902037475,-0.4022594122263335,-0.4251347610948814,-0.005645073745880734,0.11616688644730533,-0.013881206950835842,-0.0063171540976431585,-0.41689374012258806,1.5707963267948966
14.282421827316284,-3.27208896612084,-1.682277726131024,2.3684253300921965,-0.3999300863051638,-0.4254130072577466,-0.005770697995225144,0.11676506625234646,-0.013942142739602485,-0.006245329873171605,-0.4483096666584858,-1.5707963267948966
14.302501440048218,-3.276082408923621,-1.6865308167652102,2.3683698134393225,-0.39875699442565166,-0.4255034954545479,-0.0057614403183608755,0.11729850653928914,-0.013993322326851304,-0.006174679302449973,-0.41689374012258806,1.5707963267948966
14.322394847869873,-3.291939369860889,-1.7035596204348493,2.3681334871131154,-0.39407254689163823,-0.4259964730037349,-0.006035119032882407,0.11775323317960742,-0.013484851854618863,-0.006103049834059966,-0.44810259658683993,-1.5604428232125933
14.342566013336182,-3.2997972399836897,-1.7120822129685667,2.3680115688798007,-0.39171295941093587,-0.42626108555586295,-0.006156466732524049,0.11820502654978009,-0.012976408322423584,-0.006031780009468169,-0.4166866700509422,1.5707963267948966
14.362999200820923,-3.3037082616852853,-1.716344371223882,2.367948972426442,-0.3905211366303222,-0.4263569672376037,-0.0062427890350123935,0.11862115936785729,-0.012506508655318656,-0.005960989681091135,-0.4454952005408668,-1.44042652449623
14.382582187652588,-3.3114949325723644,-1.7248739805238482,2.3678229291492636,-0.38814457353458914,-0.4266023951054224,-0.006361303907869927,0.11903472232800233,-0.012036212680924542,-0.005890557181286342,-0.414079274004969,1.5707963267948966
14.402511358261108,-3.3192339230269106,-1.7334087903404076,2.3676937625715193,-0.38575790204144006,-0.4268514811601239,-0.006478584698497467,0.11939214601507459,-0.011582369623748945,-0.005820291073317834,-0.4454952005408668,-1.5707963267948966
14.422380208969116,-3.3307527392495215,-1.7462204915110406,2.3674962761924747,-0.3821679101296552,-0.42722264890103817,-0.006671746534278831,0.119670730493569,-0.011123294126091698,-0.005749660315329135,-0.414079274004969,1.5707963267948966
14.442520141601562,-3.338372144797376,-1.7547671385150962,2.367361696020087,-0.37977172028440076,-0.42744051940612676,-0.0067860364918999475,0.11994804192391866,-0.010663664740480033,-0.005679396546023172,-0.4413677997068124,-1.3644262850921685
14.462625503540039,-3.342163386968348,-1.7590430898727825,2.3672926402876757,-0.37855493263752193,-0.427572884003141,-0.006864057305990137,0.12031565095976496,-0.01029450715008377,-0.005609656099798511,-0.40995187317091464,1.5707963267948966
14.482398748397827,-3.349710398099536,-1.7675965817637835,2.3671542418414657,-0.37614496284232285,-0.4277750692450004,-0.006975556062192352,0.12068094274843971,-0.009923751748114502,-0.00554028021513792,-0.4413677997068124,-1.5707963267948966
14.50246000289917,-3.3572086142553696,-1.776156153857458,2.3670171411053778,-0.373719076205723,-0.42802389067630714,-0.007005555748982557,0.12057032912435038,-0.009725874794673225,-0.005471675441482101,-0.40995187317091464,1.5707963267948966
14.522359848022461,-3.3683654392201583,-1.7890024512382372,2.366803567350657,-0.37008777552069616,-0.42834746355013753,-0.007196188662592617,0.12045208939222278,-0.009490003212416944,-0.005402675330380828,-0.4409246594112881,-1.5486393120186737
14.542491912841797,-3.3757431120186654,-1.7975712826039651,2.36665856762397,-0.36767988669280627,-0.4285348747173258,-0.007303555230410255,0.12033738023732175,-0.009250511958311315,-0.005334042616656164,-0.40950873287539036,1.5707963267948966
14.562479496002197,-3.3794128707221653,-1.8018579879573242,2.3665847700457987,-0.36644728499106505,-0.42865084722823954,-0.007376176785136968,0.1202272620406626,-0.009069255231114319,-0.005265944680352841,-0.4387635698930188,-1.4627418508814216
14.582448244094849,-3.3867177781315774,-1.8104328064561785,2.3664361978427806,-0.3640438110722608,-0.42883038428054154,-0.0074808177393191995,0.1201207250704834,-0.008883742620255854,-0.005198211455591143,-0.40734764335712104,1.5707963267948966
14.602499723434448,-3.3939722204522487,-1.819012495425137,2.3662850208654147,-0.36158083127356533,-0.4290383895852401,-0.00758434577211049,0.11999926862143734,-0.008693628610210828,-0.0051306859184165375,-0.4386439524156378,-1.5648154529258385
14.622395992279053,-3.4047638665743514,-1.8318882124957494,2.3660547370988296,-0.3579306948457533,-0.42931531153533153,-0.007753323675143676,0.11992723399735516,-0.008429575603529832,-0.005062880494842655,-0.40722802587974005,1.5707963267948966
14.642478466033936,-3.411898499678261,-1.8404761868828312,2.3658986625509737,-0.35553284576747185,-0.42948123665719784,-0.007853906333066965,0.11985816701631391,-0.008162421228627027,-0.004995447257459558,-0.4339240977902903,-1.3348035955275117
14.662457704544067,-3.4154462013765854,-1.8447718865994116,2.3658189355687096,-0.35428956702562786,-0.4295730486887366,-0.007926191759838934,0.11966417650396813,-0.00776796198187391,-0.004928531965957939,-0.40250817125439253,1.5707963267948966
14.68239164352417,-3.422508072617443,-1.8533648747912235,2.3656594304696554,-0.35189819056727834,-0.42972445049573116,-0.00802409632646514,0.11947412402663142,-0.0073719631685376244,-0.004861986215930369,-0.4339240977902903,-1.5707963267948966
14.702516555786133,-3.429519675143304,-1.8619620209381031,2.365502059945003,-0.34944814718347106,-0.4298984879081093,-0.008028161906668874,0.11935186317076535,-0.006906347089525112,-0.004796338817191717,-0.40250817125439253,1.5707963267948966
14.722399950027466,-3.4399478789805085,-1.8748631126859536,2.3652578589060056,-0.34582551900285985,-0.4301328420138959,-0.00820606311213087,0.11917738824640495,-0.006610327358984348,-0.004730297827731108,-0.4339240977902903,-1.5707963267948966
14.742517709732056,-3.446840565338435,-1.8834670717162418,2.3650927959683905,-0.34344368663832553,-0.4302620649032591,-0.008300011748259955,0.11900643340826236,-0.006311494151662742,-0.004664627487568927,-0.40250817125439253,1.5707963267948966
14.762725353240967,-3.4502676416877898,-1.8877709265519864,2.3650087241145545,-0.34221370980368,-0.43034976335472197,-0.008379679365228541,0.11901703963706217,-0.006180850523925219,-0.0045993926459682085,-0.43119065150454583,-1.4341240125076649
14.782573223114014,-3.4570881116875465,-1.896379149041248,2.364840214979265,-0.3398332494024893,-0.4304720342135365,-0.008471017943406229,0.1190292703053786,-0.006045443590808318,-0.004534526558128639,-0.3997747249686481,1.5707963267948966
14.802604913711548,-3.463859086853524,-1.9049910171772195,2.3646692863290246,-0.33740741912742866,-0.43062083532605155,-0.008559281339267066,0.11900376747110698,-0.005942324136391736,-0.004469918771353398,-0.43119065150454583,-1.5707963267948966
14.822401762008667,-3.4739270232356154,-1.917912625525885,2.3644103622150223,-0.3338168074329238,-0.43080565658663467,-0.008700503920317,0.11904502822445505,-0.005760669581453803,-0.004405143162990069,-0.3997747249686481,1.5707963267948966
14.842511415481567,-3.4805795475972423,-1.9265298784707103,2.3642354754076433,-0.33143548915173543,-0.4309190183569231,-0.008787962146106741,0.11908690152529709,-0.0055748082757907744,-0.004340741697681867,-0.42682749298646927,-1.3526384008910597
14.862641334533691,-3.483887604840873,-1.9308393723708002,2.364146377000526,-0.33023458069874057,-0.4309748160836694,-0.008853384162027429,0.11919449629935241,-0.005540357407586077,-0.0042768574669267674,-0.3954115664505715,1.5707963267948966
14.882430076599121,-3.4904684503694168,-1.9394599741682679,2.363968458186172,-0.3278496126297799,-0.43108522891007384,-0.008938285563475383,0.11930235396850637,-0.005499932008679004,-0.004213344475855091,-0.42682749298646927,-1.5707963267948966
14.902464628219604,-3.4937409826337977,-1.943771110914026,2.3638818950322817,-0.3266567744205498,-0.4311398611917298,-0.008894303047118038,0.11936021838792613,-0.005479193901601089,-0.004151118587116364,-0.3954115664505715,1.5707963267948966
14.922423839569092,-3.506712396429251,-1.9610207804550628,2.363522120396447,-0.3218989147282084,-0.43135007897439565,-0.009080298397050917,0.11934580820905699,-0.005440552221074481,-0.0040882426058316094,-0.42605633982141544,-1.5322386685421963
14.942523717880249,-3.513126506432645,-1.9696488672728674,2.363339700953182,-0.3195121276366994,-0.43145845428004187,-0.009161437578148073,0.11933320034781301,-0.0053959949147475645,-0.004025737188286775,-0.3946404132855177,1.5707963267948966
14.962465763092041,-3.5163161728967562,-1.9739632808727432,2.3632475829864106,-0.31833377328575263,-0.4314992331976102,-0.009212684465926957,0.11930038654642486,-0.005364309518483586,-0.003963818779327613,-0.4242945216309377,-1.482705417271002
14.982492685317993,-3.522658990367291,-1.982594335987834,2.363062540642884,-0.3159480761226615,-0.4316061528137144,-0.009291344714751789,0.1192696798415073,-0.005326660701664321,-0.0039022671588162523,-0.39287859509504,1.5707963267948966
15.002497673034668,-3.5258130128530776,-1.9869101358978656,2.362968841394335,-0.31476946932661104,-0.43164401215522935,-0.009342677313375581,0.11930785489862797,-0.005311987589992336,-0.003841284394273923,-0.42415247334026773,-1.563693912261388
15.022412776947021,-3.5383091507462936,-2.004179264805394,2.3625919426069513,-0.310015840985673,-0.43183344583578454,-0.009506006566490458,0.11954237833391711,-0.005214111838084362,-0.003779770796680715,-0.39273654680437,1.5707963267948966
15.042459964752197,-3.5444855435767058,-2.0128169697507734,2.3624010706037435,-0.30762266839145197,-0.4319367045526169,-0.009580989950227476,0.11977447770170663,-0.005110867449010368,-0.003718629558268291,-0.41831589250418544,-1.278967284990773
15.062646389007568,-3.5475565763822936,-2.0171360143016015,2.3623040059974216,-0.3064468342811457,-0.43196902823717415,-0.009643617175130854,0.11994100294257805,-0.004812477574787891,-0.003657971759192367,-0.3868999659682877,1.5707963267948966
15.082698345184326,-3.553661513880795,-2.0257763373244337,2.3621104060849345,-0.30404636815773006,-0.4320622697705768,-0.009716173112787812,0.12010522647001813,-0.0045111952563449565,-0.0035976835216527474,-0.41831589250418544,-1.5707963267948966
15.10249638557434,-3.5597203512950624,-2.034418206069116,2.361920943443565,-0.3016923280299884,-0.432144776560959,-0.009661583054275882,0.12026030749270986,-0.004201525650535613,-0.003538591712819319,-0.3868999659682877,1.5707963267948966
15.122427463531494,-3.56871848864419,-2.0473847218868806,2.361628380946521,-0.29812606877967246,-0.43227667785257545,-0.009799961570683307,0.12035998177078293,-0.0038712304659041237,-0.0034792141479732014,-0.41831589250418544,-1.5707963267948966
15.142506122589111,-3.574656931471265,-2.0560310075464283,2.361431689812494,-0.29571788786264436,-0.43235077886493534,-0.009868955125477122,0.1204578014227041,-0.0035384595802283674,-0.0034202021870989438,-0.3868999659682877,1.5707963267948966
15.162644863128662,-3.577609445671369,-2.0603551373387705,2.3613320228292665,-0.2945509391798002,-0.432396914641993,-0.009939804172348774,0.12057426446890532,-0.0032857850410710422,-0.0033615785778166388,-0.41649539475300834,-1.4797714392360328
15.182466745376587,-3.583476341936024,-2.0690037157745795,2.361132558320153,-0.292138305615806,-0.4324600754286968,-0.01000645253945425,0.12068876555223265,-0.0030297323094730377,-0.003303318671500815,-0.3850794682171106,1.5707963267948966
15.202524423599243,-3.586392986057721,-2.073329247137935,2.3610310689599587,-0.2909671316782535,-0.4325108930458028,-0.010067967342150331,0.12079856171865627,-0.0028506903511724318,-0.0032455001204182445,-0.41631292684041377,-1.561672931165159
15.222418785095215,-3.5979369644375905,-2.0906332119523383,2.360624791377503,-0.2861827208490037,-0.43265354317889104,-0.010225448899936752,0.1208359110606515,-0.002687372718068015,-0.0031871011532524133,-0.384897000304516,1.5707963267948966
15.242472171783447,-3.603636449235008,-2.099286809178601,2.36041964885399,-0.2837656379001663,-0.43270562013226493,-0.010288610024256399,0.12087220891146906,-0.002519578599081327,-0.003129072999186026,-0.410446867492964,-1.2774933594223992
15.26255202293396,-3.6064691671262894,-2.1036144631505658,2.360315475537488,-0.28258822641403236,-0.43274210098703386,-0.010349770062832754,0.12086419659121532,-0.0023076359203734456,-0.003071488423081739,-0.37903094095706624,1.5707963267948966
15.282411575317383,-3.6120967593843276,-2.1122697523744347,2.360107869659102,-0.2801710284242669,-0.4327861020315859,-0.010410627054627454,0.12085548628846993,-0.0020918258237242237,-0.0030142720403930853,-0.410446867492964,-1.5707963267948966
15.302463293075562,-3.614893323989041,-2.1165982192614368,2.3600078860357945,-0.2789873290513209,-0.43281993785428924,-0.010319009922107967,0.12090240222441703,-0.0019485686801657385,-0.002958582008487293,-0.37903094095706624,1.5707963267948966
15.322410583496094,-3.6259572871379375,-2.1339134248547245,2.359591711695903,-0.27418231774468227,-0.4329125558636718,-0.010463069218190879,0.12068303294839929,-0.0012478300365575117,-0.0029023577082693433,-0.410446867492964,-1.5707963267948966
15.342491626739502,-3.6314168113992444,-2.142571878967559,2.359381873570127,-0.27177083218026343,-0.43293052931911674,-0.010520557155169745,0.12046589450013201,-0.0005499997470399876,-0.002846496408720151,-0.37903094095706624,1.5707963267948966
15.362715244293213,-3.6341289768552834,-2.1469019288044935,2.3592757153059467,-0.27057941602971786,-0.4329554228094032,-0.010584226461350352,0.12046619400839023,-0.0003295837223219449,-0.0027910238955299728,-0.40816338986824974,-1.4566224455591747
15.382550239562988,-3.6395164719526947,-2.1555610883068845,2.3590634762520577,-0.26817009508439943,-0.43295978097667004,-0.010639495222040144,0.12046578217509352,-0.00010564814029853709,-0.0027359122344814825,-0.376747463332352,1.5707963267948966
15.40248727798462,-3.6448559236475573,-2.164222607230876,2.3588494354843803,-0.2657642082367752,-0.43301817821201,-0.01070269039882999,0.1204772417987217,-3.2410195640162e-05,-0.0026810524725026756,-0.4074792929197466,-1.536591479369731
15.422393321990967,-3.652774813889197,-2.1772142291988,2.3585270491449415,-0.26215663316362525,-0.43304285260332376,-0.010785278929572466,0.12030651774693199,0.0006308894527927834,-0.002626194350907833,-0.37606336638384885,1.5707963267948966
15.442500352859497,-3.6579938965471634,-2.1858749159830144,2.3583108219665094,-0.259752196159424,-0.43302362348495826,-0.01083725726472635,0.1201374597037845,0.001291589497785123,-0.002571699652091226,-0.4032555356028116,-1.3596084609481363
15.462631940841675,-3.663165149280088,-2.1945365193430972,2.358093111745301,-0.25735601985315637,-0.4330286418214365,-0.01088633502813989,0.11994856955310944,0.0019653760053218046,-0.0025175475081460398,-0.3718396090669138,1.5707963267948966
15.482456922531128,-3.6682882924675013,-2.2031966543257595,2.3578748851272806,-0.25495892263125647,-0.43298261985618713,-0.010936147472874191,0.11976144648650285,0.0026363526634377603,-0.0024637571858659108,-0.4032555356028116,-1.5707963267948966
15.502457857131958,-3.6708317873563376,-2.2075277655053105,2.3577682143197785,-0.25375995328756606,-0.43299197669682254,-0.010894563167208661,0.11955200499229279,0.0032349373345938923,-0.002411078641830312,-0.3718396090669138,1.5707963267948966
15.522362232208252,-3.6783904315583604,-2.220518195009848,2.357439485033886,-0.2501650086621792,-0.4329505065436051,-0.010989382825967493,0.1193092795060796,0.003860477372529736,-0.0023582680662902955,-0.4011055228776126,-1.4632956905349381
15.542474508285522,-3.683369885943459,-2.229176391457963,2.3572192292266383,-0.2477812313409442,-0.43286706082523874,-0.011036023051052803,0.11906883136910351,0.004483710231368868,-0.002305813733801093,-0.36968959634171483,1.5707963267948966
15.56248950958252,-3.6858413325960937,-2.2335067683881844,2.3571092470530366,-0.2465808133181082,-0.4328708718731857,-0.011040091881624983,0.11881919978984395,0.005189124950676483,-0.0022541195217935456,-0.401085378712835,-1.5697891185560087
15.582507371902466,-3.690749201560097,-2.2421631011431695,2.3568879978202784,-0.24420690822435911,-0.4327600635832079,-0.011084660246558858,0.11857165701051711,0.005891137718834529,-0.0022027752068537005,-0.36966945217693725,1.5707963267948966
15.602504253387451,-3.6956086772581456,-2.2508206244783238,2.356665010450486,-0.24181432566720354,-0.4327237718606394,-0.01115705565671832,0.11826186662404593,0.006607103905224681,-0.0021515488245303542,-0.3967964164449773,-1.3563482134020033
15.622353076934814,-3.702809225037391,-2.263801636218976,2.356328935979158,-0.23824813489150412,-0.43258784531705735,-0.011220561306666516,0.11817637303236868,0.0068628424025972395,-0.0021003793488759094,-0.36538048990907956,1.5707963267948966
15.642482042312622,-3.7075505581567163,-2.2724520033878455,2.3561041080707987,-0.23588546178854136,-0.432448011131342,-0.011262060140883219,0.11809094877448979,0.007120973683859095,-0.0020495628132520247,-0.3967964164449773,-1.5707963267948966
15.662525177001953,-3.7099030469289542,-2.276777751268232,2.3559937719310624,-0.23469434887197596,-0.43241699586225485,-0.011222477394303172,0.1178218619675488,0.007671435314480894,-0.001999793804197062,-0.36538048990907956,1.5707963267948966
15.682470321655273,-3.71457338733,-2.285424520288965,2.355768925725171,-0.2323405786531166,-0.4322580772044384,-0.011261978442858351,0.11755563561263041,0.008220137351336771,-0.0019503682059517022,-0.3943670221486757,-1.4493266119798065
15.702506303787231,-3.716890617478909,-2.289747978714107,2.3556548006374762,-0.23115919012629316,-0.43220743332374173,-0.011322317278229143,0.11726309329396441,0.008745249987854168,-0.0019012464632313262,-0.36295109561277794,1.5707963267948966
15.72239637374878,-3.7260423950615964,-2.3070314569195345,2.355201209762415,-0.22645080406855578,-0.43190815877114863,-0.011379970744984754,0.1171332128970794,0.008986665278173149,-0.0018520457832296444,-0.39238540989072446,-1.4717157138973258
15.742488145828247,-3.7305479931269683,-2.315667806550326,2.3549732432011106,-0.2241094332638931,-0.43172599178235727,-0.011416522535694331,0.11700397429524824,0.009230422722184436,-0.0018031908259739644,-0.3609694833548267,1.5707963267948966
15.763427257537842,-3.7350064109935612,-2.324301561262946,2.354745559068399,-0.2217625844531429,-0.43156430105737426,-0.011430155047518988,0.11680514555788543,0.009499083731813782,-0.0017548324244786296,-0.39080455412773496,-1.4917535386454128
15.782429695129395,-3.7394183148391966,-2.3329309294575857,2.354516608207742,-0.21942845823774138,-0.43137161627436205,-0.011464770964138804,0.11660770724409492,0.009769723191386833,-0.0017068161823389398,-0.3593886275918372,1.5707963267948966
15.802509546279907,-3.741606735191933,-2.3372443495213315,2.354402439224132,-0.21826351523206167,-0.43127659658094525,-0.011467750641216759,0.11640950505467064,0.009984523773076966,-0.0016594942601001327,-0.38972387542963816,-1.5167623918900475
15.822488069534302,-3.748102207287298,-2.350178157028833,2.354057589697668,-0.21477007864193912,-0.43097622165427507,-0.011518718295364412,0.11641663147455926,0.009995231864623153,-0.0016122388306953946,-0.3583079488937404,1.5707963267948966
15.842518091201782,-3.7523743250897583,-2.3587956814461557,2.3538268960174302,-0.2124416799161333,-0.4307761673618088,-0.011550493338270061,0.11642313789078465,0.0100110462972038,-0.0015653217738298623,-0.38567234791140237,-1.3682199508830983
15.862452030181885,-3.754493167191254,-2.3631024424949345,2.3537107112326976,-0.21128522939067418,-0.43066026448081485,-0.011578225250003661,0.11641464809235262,0.010068314734858884,-0.001518902761752693,-0.3542564213755046,1.5707963267948966
15.882498025894165,-3.758695589440538,-2.371713630078518,2.3534788460250136,-0.20895702551026665,-0.43045828798078783,-0.011608141903518712,0.11640565637909696,0.010130083356197066,-0.0014728182607733795,-0.38567234791140237,-1.5707963267948966
15.902531147003174,-3.7607798793978495,-2.376016801693675,2.3533652048081213,-0.20780930392049252,-0.43032927819317485,-0.011552023024065595,0.11636481922334682,0.01028152489116353,-0.0014278194358523576,-0.3542564213755046,1.5707963267948966
15.922393083572388,-3.7690003635762483,-2.393220191366044,2.3529008580654063,-0.2031849635184629,-0.4298781876803473,-0.011642084256174596,0.11642016002495703,0.01035610112443765,-0.001382424174893818,-0.38235946683888633,-1.4051522731690858
15.94257378578186,-3.7730407751831567,-2.40181567872083,2.352667742905217,-0.20085601656350208,-0.42967028543094654,-0.011669281550111784,0.1164743427277691,0.010434810943000083,-0.0013373603828335389,-0.3509435403029886,1.5707963267948966
15.962520360946655,-3.7750444774881093,-2.406110728279924,2.352552053236844,-0.1997219345291515,-0.4295299627676957,-0.011642596764733483,0.11611482306254868,0.010873771289258299,-0.0012931543130186578,-0.38235946683888633,-1.5707963267948966
15.982563257217407,-3.779015716977188,-2.414699123550312,2.3523189456015676,-0.19740319912811732,-0.42930810329207225,-0.011668020488295192,0.1157593979506994,0.011312064968871475,-0.0012492719084391517,-0.3509435403029886,1.5707963267948966
16.00247621536255,-3.782941837242042,-2.4232818961957516,2.352084848846981,-0.19511831968527515,-0.42905277877368697,-0.011715638453364858,0.11549184013590082,0.011717859672240196,-0.0012055538923116593,-0.3790058206063476,-1.40311401516795
16.0231192111969,-3.788743671166473,-2.4361480821535273,2.351731970408964,-0.19166214097475137,-0.42869479754535145,-0.011768005941553214,0.11526896709110214,0.012144552490714793,-0.001161818698565184,-0.3475898940704498,1.5707963267948966
16.042585134506226,-3.792553874948301,-2.4447195207724377,2.3514963808257514,-0.1893589732924584,-0.4284476436838401,-0.01179080768331529,0.11504814162519879,0.012570750977709027,-0.001118409775434516,-0.37788531909608336,-1.514771251281677
16.062668085098267,-3.7944418403018605,-2.449003433155601,2.351379864384146,-0.1882132259269886,-0.42832100389475164,-0.0117682462928553,0.11493923589502238,0.01292605328996798,-0.00107580281695022,-0.3464693925601856,1.5707963267948966
16.08346128463745,-3.800036590222432,-2.461847743283726,2.351025714175157,-0.18476858603926435,-0.4279445068174619,-0.011819162525495227,0.11483488044210596,0.013266801220124176,-0.001033167761589946,-0.37480641438288886,-1.4168510911351628
16.10248875617981,-3.80370900189756,-2.4704039573154857,2.3507891271173307,-0.18247292755321404,-0.4276757586813789,-0.011839402213265605,0.11473105647179305,0.01360810423963855,-0.0009908545811368411,-0.3433904878469911,1.5707963267948966
16.122419595718384,-3.8073360430705034,-2.478955311056903,2.3505536407864094,-0.18019376238932522,-0.4274147784170186,-0.011824323910661629,0.11456392382287654,0.013944454930238817,-0.0009491304680115199,-0.37434382490264406,-1.5476668527826476
16.142480850219727,-3.810917016615585,-2.487500795281462,2.350316967247854,-0.1779041452225163,-0.42713252091260545,-0.011842891921151217,0.11439799262127699,0.014281392680263048,-0.0009077233311669574,-0.3429278983667463,1.5707963267948966
16.16241979598999,-3.812690834042005,-2.4917717631048966,2.350198425952796,-0.17677592609232162,-0.426997221440296,-0.011863732785409623,0.11423274098879334,0.014566022105574925,-0.0008667727737521273,-0.37147408262773407,-1.427309213049388
16.18237614631653,-3.8162035169579474,-2.500308775297965,2.3499609806569,-0.17449291137862225,-0.4267030453716189,-0.01188066134668112,0.11406897783344588,0.014851770406685798,-0.0008261354865832052,-0.3400581560918363,1.5707963267948966
16.202556133270264,-3.8179430907676206,-2.5045756135477526,2.349841505370713,-0.17336403082726934,-0.42656784782896395,-0.011898773518970096,0.11382943315780134,0.015097947525887289,-0.0007859601796533614,-0.37147408262773407,-1.5707963267948966
16.222438097000122,-3.8247867652129908,-2.5216272065537844,2.3493653953043148,-0.16881790324496937,-0.4259848714752615,-0.011928227792234103,0.11353220834208293,0.015323876616198802,-0.0007457212422809614,-0.3400581560918363,1.5707963267948966
16.242526292800903,-3.828140436475298,-2.5301438240605334,2.349126684271168,-0.1665502020153525,-0.4256761204087507,-0.011942742435532106,0.11323849920556184,0.015551513699692165,-0.0007057951489418379,-0.3647751748710566,-1.235850938961014
16.263043642044067,-3.8298004243257875,-2.5344001084833514,2.3490054070224984,-0.1654239258837085,-0.425527137445175,-0.011992097553679549,0.11299316013413034,0.015742394441445526,-0.0006660967056028801,-0.33335924833515884,1.5707963267948966
16.282415866851807,-3.833086320422252,-2.5429074899213444,2.3487654344830644,-0.1631664918912938,-0.4252103629820463,-0.01200502509992121,0.11275072132319836,0.015935405831457305,-0.0006267097546193022,-0.3647751748710566,-1.5707963267948966
16.302486896514893,-3.834712143532669,-2.547159100950796,2.348649855164273,-0.16203482097707222,-0.4250585155678456,-0.0118843781280886,0.11257864676418478,0.01601743362997712,-0.0005887627502765256,-0.33335924833515884,1.5707963267948966
16.32250952720642,-3.8411031717885655,-2.5641489158856863,2.3481729540157086,-0.1575267943327089,-0.42442339323401385,-0.011938822287938338,0.11240240872833122,0.016054070695239165,-0.0005505331530476266,-0.3640980401790235,-1.5369395921932316
16.34252905845642,-3.8442312388304325,-2.572634170289569,2.347934069996814,-0.15528048983656004,-0.42410191142829134,-0.011949453178734281,0.11222841376335177,0.016094788133783282,-0.0005126063077728307,-0.3326821136431257,1.5707963267948966
16.36272430419922,-3.8473145916277462,-2.58111266266791,2.347693351232947,-0.1530424054259089,-0.42377045677706104,-0.01201467819044852,0.11209000455373958,0.016143628125816278,-0.00047461765814541895,-0.3601957249073293,-1.3756805632101798
16.382622957229614,-3.8503530308760388,-2.589584839623582,2.347452965262946,-0.1508019749986823,-0.42344706278393757,-0.012023793196224705,0.11195332577625539,0.016196429646993575,-0.0004369336074176566,-0.32877979837143156,1.5707963267948966
16.402520179748535,-3.8518556776663426,-2.5938180510404463,2.3473341915266572,-0.14968994634036356,-0.4232715284681576,-0.011981439851088179,0.11186221721579226,0.01624904138974958,-0.0004000997250583076,-0.3601957249073293,-1.5707963267948966
16.42242407798767,-3.856296322555006,-2.6065083918578,2.3469747336805367,-0.14634348551706045,-0.42276976455099674,-0.011993843657826941,0.1117555218908792,0.016263538229706023,-0.00036340364572663,-0.32877979837143156,1.5707963267948966
16.442543745040894,-3.8592008482038733,-2.6149605332570354,2.3467347865581814,-0.14410943035016283,-0.4224443125480868,-0.012000747248563521,0.11165022760203033,0.016282385165235384,-0.0003270049077867441,-0.35560021698568756,-1.3410209307127996
16.462904691696167,-3.860636822796772,-2.619183613066334,2.3466131444118794,-0.1430072463808818,-0.4222656793907379,-0.012040594590191599,0.11153972017636042,0.016281504652509746,-0.0002908438587156522,-0.3241842904497898,1.5707963267948966
16.482430934906006,-3.863474667077222,-2.627625670182701,2.3463722767472475,-0.1407775453399015,-0.4219400199107015,-0.01204605232190955,0.11143061732148274,0.016285204790788977,-0.0002549785213574251,-0.35560021698568756,-1.5707963267948966
16.502468585968018,-3.8662685888882797,-2.636060308963852,2.34613439749284,-0.1385660445056833,-0.421591797166162,-0.011981650900792222,0.11138358116061493,0.016252673730451035,-0.00021994822249115438,-0.3241842904497898,1.5707963267948966
16.522343397140503,-3.870376010498722,-2.6487000969843155,2.3457733657864286,-0.13524132372370704,-0.42108543000600174,-0.012031630380474676,0.11133439412199723,0.016258609790114124,-0.0001847535434887997,-0.35170729181471305,-1.3761500682461625
16.542541027069092,-3.8730585733437364,-2.657118553243825,2.3455326985598215,-0.13301512275222438,-0.4207601613078419,-0.012034975937577503,0.11128580169973336,0.016269000515994628,-0.0001498507353438477,-0.3202913652788153,1.5707963267948966
16.562586784362793,-3.8743838310885166,-2.6613246757888116,2.3454135458560446,-0.1319220824025193,-0.42057857408163474,-0.01199037078004437,0.1112220098110794,0.01625976977407391,-0.00011576813148239139,-0.35170729181471305,-1.5707963267948966
16.582452297210693,-3.877000032549125,-2.6697329956988045,2.3451737175447875,-0.12969827374911916,-0.42025343216017536,-0.011992347683483895,0.11115898247048446,0.016255196608853512,-8.196945996418688e-05,-0.3202913652788153,1.5707963267948966
16.602511405944824,-3.8782921884633845,-2.6739341030263355,2.3450537496528687,-0.12860836844928308,-0.4200737618329751,-0.012002029346941591,0.11109090114326266,0.016216246026635798,-4.858179530904579e-05,-0.34921831628074473,-1.4463475500964718
16.62240481376648,-3.883348768281346,-2.690723210830816,2.3445716583204383,-0.12419360166140075,-0.4194043908786501,-0.012042634240388622,0.11098577630695441,0.01611498247251664,-1.4923041248354647e-05,-0.317802389744847,1.5707963267948966
16.642524480819702,-3.885810450095777,-2.6991080821120113,2.344330804880652,-0.12197492541141135,-0.4190830554136352,-0.012042598494523622,0.11088208726281652,0.01601953017337353,1.8450101757334937e-05,-0.34486215027211964,-1.352988026363633
16.662439346313477,-3.887025380424484,-2.7032975558363073,2.344210472946912,-0.1208870431359738,-0.41890804187899466,-0.012038882748937321,0.11084829499181519,0.015884249524046476,5.1320679430372386e-05,-0.3134462237362219,1.5707963267948966
16.682434797286987,-3.88942095384376,-2.711672548528414,2.343969707733385,-0.11867040895128575,-0.4185916573296296,-0.012037529971876482,0.11081524698969612,0.015755249624791298,8.39102703787012e-05,-0.34486215027211964,-1.5707963267948966
16.702507972717285,-3.89060271732581,-2.7158569831986377,2.3438517069808027,-0.11757925270673625,-0.41841572367495244,-0.011971274007908119,0.11085172424524103,0.01557250950912526,0.00011556190850661214,-0.3134462237362219,1.5707963267948966
16.722376585006714,-3.895218308956073,-2.7325798491567133,2.34337140964107,-0.11317315906319844,-0.41776199169701467,-0.012020042320181171,0.11088961943844264,0.015378722842774369,0.0001475716465403904,-0.34018255839577494,-1.3368167329776526
16.74261736869812,-3.89745959168937,-2.7409320258118357,2.34313104042908,-0.110954988101846,-0.4174562962292521,-0.012016773105573988,0.1109274687802862,0.015191998065364925,0.00017930358960055063,-0.3087666318598772,1.5707963267948966
16.76252293586731,-3.8985644298426347,-2.7451050359533467,2.3430127720067726,-0.10986927108825528,-0.4172831735115033,-0.011953149328042267,0.11097726631617245,0.015028382158608073,0.00021012990986996903,-0.34018255839577494,-1.5707963267948966
16.782596826553345,-3.9007396165115815,-2.753447704316419,2.3427737530878354,-0.10764923116750637,-0.41698418563402584,-0.011948640707264188,0.1110266579828743,0.014871530131440778,0.00024068744212304088,-0.3087666318598772,1.5707963267948966
16.802574634552002,-3.902871898127562,-2.761783044151838,2.3425347653454076,-0.10546646730787025,-0.41665424602866935,-0.01195660985213834,0.11104519204732295,0.014695303571479223,0.0002710168812309676,-0.3369628696327327,-1.4098118886427757
16.822411060333252,-3.905986930226841,-2.7742752468784135,2.3421751344454016,-0.10216368710259932,-0.41619153439007633,-0.011971322744505825,0.11104811020415967,0.014562030519586652,0.00030134089705673715,-0.30554694309683494,1.5707963267948966
16.842591285705566,-3.9080079941550836,-2.7825961737225304,2.341935770266826,-0.0999426961805528,-0.41590157278312323,-0.011964994930170166,0.11105097248325757,0.014435201509672839,0.00033139574885642685,-0.33439260312705876,-1.442283001511191
16.862632751464844,-3.909002763901641,-2.7867538231843163,2.3418169266940874,-0.09885686929573172,-0.4157400375425271,-0.01194127215983098,0.11113984630238084,0.014335284947277038,0.0003608586385781652,-0.302976676591161,1.5707963267948966
16.882455825805664,-3.9109576674597903,-2.7950657632373956,2.341578175373632,-0.09663319469948799,-0.41545428070898205,-0.011933762554186551,0.1112273922562207,0.014241401366226685,0.0003900580913374226,-0.33356845004514746,-1.5295886726993224
16.902546882629395,-3.912869421255999,-2.8033711514243125,2.3413403437237204,-0.09444156496017851,-0.4151498192970464,-0.011907575684984956,0.11131467669537312,0.01413226376395408,0.0004188055694267008,-0.3021525235092497,1.5707963267948966
16.922386646270752,-3.9156535456404415,-2.815818913191347,2.3409820798246,-0.09112949795990344,-0.4147164096786626,-0.011931230687238623,0.11136218678246736,0.014021753420412238,0.00044763796235878546,-0.3280166552825863,-1.2932065886668287
16.94253420829773,-3.917453860043454,-2.8241104440903566,2.3407435466474893,-0.0889017872075841,-0.4144370278556021,-0.011921991790058463,0.1114087269435363,0.013917462920185046,0.0004762081220649537,-0.2966007287466885,1.5707963267948966
16.962970495224,-3.918338221779312,-2.828253895539536,2.340626144909855,-0.08781316935374965,-0.414292607118697,-0.011846866656502569,0.11144575009156768,0.013814941967627179,0.0005038419096180148,-0.3280166552825863,-1.5707963267948966
16.98243498802185,-3.9200721936006593,-2.836536991218223,2.3403893101747153,-0.08558389286932473,-0.4140172818327345,-0.011836515587427281,0.11148172361744502,0.013718616615305337,0.0005312229413006281,-0.2966007287466885,1.5707963267948966
17.002586364746094,-3.9209233497013343,-2.840676281602231,2.340271237779154,-0.08449427719640455,-0.41387526939199626,-0.011832872855202084,0.11149696414611471,0.013658825091959592,0.0005582016905239665,-0.32661132564830764,-1.5005298450809557
17.022387266159058,-3.924215139542279,-2.8572201870108676,2.339795914628114,-0.08006418232587278,-0.41332579481706383,-0.011859701788656616,0.11148276314243465,0.01359019596196188,0.0005854591097151616,-0.2951953991124099,1.5707963267948966
17.042489290237427,-3.9257941276012938,-2.8654839891573767,2.339558839488617,-0.07783467213866425,-0.4130546295500462,-0.011847722149632561,0.11146819420947668,0.01352728059760559,0.000612462529950609,-0.3202195370827545,-1.251206898517232
17.06276035308838,-3.9273294407330703,-2.873742522153769,2.3393203917038394,-0.075627262508909,-0.41278866700364103,-0.011847751284081819,0.11146829648743395,0.013463884966432442,0.0006392367890164137,-0.2897382560196675,1.5240640531543503
17.082550764083862,-3.928819692345893,-2.8819956066600843,2.33908356629785,-0.07339790034965649,-0.4125199760840126,-0.011834700908106543,0.11146782360236465,0.013406147625257067,0.0006657588449237027,-0.32109789616908113,-1.5679820074706807
17.102497100830078,-3.9295485096150116,-2.886120338815555,2.3389694488737645,-0.07229483825267943,-0.41239247328602385,-0.011717774669357356,0.11148344615526137,0.013339990668161394,0.0006910759821556785,-0.2896819696331834,1.5707963267948966
17.122364282608032,-3.9316676188363324,-2.8984863440890867,2.338617218814211,-0.06896305220247317,-0.4119997413552572,-0.01173021295236678,0.11143681886521374,0.013259951417624736,0.0007164517814263715,-0.31571435804962533,-1.3016194208220977
17.142494440078735,-3.9330245956282477,-2.9067236919671666,2.338382759525125,-0.06673478262427,-0.41173529361791816,-0.01171563217746759,0.11139012828958261,0.013185801357053386,0.000741585415328205,-0.2844492713635325,1.5632543343046423
17.162598609924316,-3.9336867055628355,-2.9108406647843044,2.3382680875394963,-0.0656303339858213,-0.41161229083041895,-0.011626734857442382,0.1113568085428035,0.013086791261245649,0.0007657406547060228,-0.31586519789943024,-1.5707963267948966
17.182524919509888,-3.934977043112939,-2.9190702995360187,2.3380357075892153,-0.06340353280930484,-0.4113514939012538,-0.011611180426872312,0.1113232730902581,0.012993922665714088,0.0007896637818681026,-0.2844492713635325,1.5707963267948966
17.202545881271362,-3.936223184713344,-2.9272950544866925,2.337803842105472,-0.061185542245654215,-0.41110056168484027,-0.01160952999239071,0.11129890719793131,0.012876744563340193,0.0008133948647202608,-0.31200579752447277,-1.3778263080470143
17.222391843795776,-3.9380088218650964,-2.939622445690089,2.337455309842963,-0.05785098132757377,-0.410719792355129,-0.01159119040633938,0.11128173724259931,0.012786087751291038,0.0008369887069099279,-0.280589870988575,1.5707963267948966
17.242503881454468,-3.9391435863228477,-2.947834290057432,2.3372236549939513,-0.05562552394560739,-0.41046492618318386,-0.011574216618290585,0.11126388785482559,0.012701546048793581,0.0008603516859233006,-0.3093551918052957,-1.4382660408360337
17.262738704681396,-3.939694413807026,-2.9519384925428716,2.3371086266872663,-0.05451657004118134,-0.41034406829498066,-0.011545419391080959,0.11128968373598742,0.012618509480922468,0.0008831971665089183,-0.27793926526939794,1.5707963267948966
17.28241467475891,-3.940762485625714,-2.960142855438017,2.3368778964506194,-0.05229053079464246,-0.4100924777139183,-0.011527528874237298,0.11131399372609807,0.012541560664744383,0.0009058169686466284,-0.3080847776361666,-1.5072756183384328
17.302525281906128,-3.941279990336238,-2.964243300632047,2.3367631964833744,-0.05118204532468043,-0.4099719661140708,-0.011505783469602675,0.11134186335441884,0.012473016442304545,0.0009279829161831295,-0.27666885110026884,1.5707963267948966
17.322422981262207,-3.9432386142682905,-2.980632413561303,2.3363025897082954,-0.04673819858484253,-0.4094791598987881,-0.011501025805360809,0.11143864624515398,0.012418968584533127,0.0009502701061121887,-0.3024012305160402,-1.2866189707885667
17.342639684677124,-3.944151084195022,-2.988819516278851,2.3360727607208025,-0.044508480572039204,-0.4092312727029163,-0.011481799400741616,0.11153270131314347,0.012370714050031689,0.0009723330445588176,-0.2722840706320784,1.5058579941980899
17.362500429153442,-3.944590921624393,-2.992911440350464,2.3359598083170314,-0.043402087321407316,-0.409114444774667,-0.011401874582106645,0.11158620200978926,0.012346666036170897,0.0009935325379726511,-0.3029314096668405,-1.5323669517381067
17.38238286972046,-3.9454366426830343,-3.0010912612438494,2.3357319709344244,-0.04116984815779378,-0.40886770659696575,-0.01138179373129285,0.11163731767086066,0.012328055608233498,0.0010145167196358713,-0.27151548313094276,1.5707963267948966
17.402522087097168,-3.9458432341728042,-3.005179569305652,2.3356200281610264,-0.040066566174188765,-0.40875167753599545,-0.011329213978562219,0.11171039570174808,0.012325501429498904,0.0010348525677553652,-0.29945393437641643,-1.3969225622736836
17.422468662261963,-3.9473573715549826,-3.0215202578508458,2.335167304459937,-0.03561863196350089,-0.4082710445461092,-0.011291418394881365,0.1117591194037163,0.01232132428928468,0.0010550969707187289,-0.2680380078405187,1.5707963267948966
17.442537784576416,-3.948047389247678,-3.029683214494944,2.3349416884505856,-0.03338298325895148,-0.4080246164375385,-0.011270115756877636,0.11180533370168627,0.012322351670354503,0.001075131993104938,-0.29451831487661995,-1.3240153518050635
17.46250081062317,-3.9486934323865053,-3.0378418362362294,2.3347178866358633,-0.031165547630665032,-0.40779302142144713,-0.011211295687326083,0.11178426783429267,0.012340694808798533,0.0010946241399112826,-0.2641027878469675,1.5207763514826222
17.482484817504883,-3.949294387975826,-3.045995227056507,2.334493880936217,-0.02893008724313993,-0.407545983053912,-0.011189209983639974,0.11176148545254964,0.012363960075488198,0.001113912287732128,-0.2928880494178534,-1.439263078544295
17.502570867538452,-3.949294631292859,-3.045995461420987,2.3344958369828195,-0.028939167379482527,-0.40755292367596185,-0.011127328745453099,0.11164748947976404,0.012463417818501271,0.0011323801747917448,-0.2630028101984583,1.494261960969756
17.522420644760132,-3.9503632551570025,-3.0622884150331937,2.334053972722662,-0.024483123801937096,-0.4070737861227334,-0.011029009301717409,0.111519209500529,0.012593980949771747,0.0011503448491070672,-0.2881683888275193,-1.2582789314530496
17.542551040649414,-3.950830622384923,-3.070427363078375,2.3338336237936623,-0.022254029373447032,-0.4068205714029745,-0.011005824354348997,0.11139009455404468,0.012728078292369896,0.0011681180271125976,-0.2594172932749266,1.437554777629635
17.562917947769165,-3.951047641546955,-3.074495545408515,2.333727820551071,-0.021142608142436098,-0.4067095871196517,-0.010865337214045326,0.11121025114902272,0.012896998940017564,0.0011846677795595477,-0.2875204790667052,-1.4051592895889309
17.58248281478882,-3.951448263663926,-3.0826271463389228,2.3335107518347273,-0.018920204017641443,-0.4064499328064411,-0.010841479849967967,0.1110301122911408,0.013068933032853225,0.0012010389094146692,-0.25610455253080744,1.5707963267948966
17.602567195892334,-3.9518040517000936,-3.090754863732496,2.3333008426819157,-0.016689889298043492,-0.40622103458701375,-0.010660409074996416,0.11087820818062336,0.013246134977907643,0.0012160496199157954,-0.2850351487493654,-1.446529810927899
17.622437000274658,-3.9522544647801823,-3.1029365441386156,2.3329823464464825,-0.013354091793577513,-0.40585152381679807,-0.010602633319572967,0.11067532159101591,0.013369096976847374,0.001230760856276007,-0.25361922221346767,1.5707963267948966
17.64249300956726,-3.9524994250793157,-3.111050892416877,2.3327705409048827,-0.011142614528301982,-0.40558288206516857,-0.0105778723445754,0.11047239902980105,0.013495679870578306,0.0012453096101389559,-0.2801040121326732,-1.3242394959602777
17.662676572799683,-3.9526049622516886,-3.1151069807483895,2.332664263563956,-0.010029468275491314,-0.40547340760738765,-0.010579093435250953,0.1102302088522145,0.013607717104831742,0.0012597118224921273,-0.25188979514309384,1.4107108494789689
17.682547569274902,-3.952783521699399,-3.1232137196993657,2.3324529345897034,-0.00782728232717801,-0.40520010146952856,-0.010553756519607225,0.10998845934996639,0.01372352292890285,0.0012739529395463102,-0.2773603175100936,-1.273526118349988
17.702568292617798,-3.9529171053605467,-3.131316356386644,2.3322455708115766,-0.0056050493109021425,-0.40495859830762987,-0.01042927195925129,0.10971701782721598,0.013852423367968665,0.0012872756768147634,-0.24885740646765697,1.4251455521218315
17.722383499145508,-3.953035104346041,-3.1434596687847773,2.331938066875537,-0.002292989333616189,-0.4045641243630944,-0.010255090639349033,0.10950401737118234,0.014001047202741123,0.0012994849120126412,-0.27288290503798773,-1.201274928516538
17.74256944656372,-3.953059077522838,-3.151548140993903,2.3317332257666346,-0.00010503791871671889,-0.4042825904496493,-0.01022898002294137,0.10929114560201789,0.014152876786841706,0.001311553294218905,-0.24600896526877714,1.3436969884605299
17.762643814086914,-3.9530539552949207,-3.1555909446563164,2.331637150064352,0.0010054679910250432,-0.40415890865167636,-0.010028867483012446,0.10899196135230697,0.014340490863085474,0.0013220748317880945,-0.27121864137550045,-1.2604838053361656
17.78243398666382,-3.9530120674413944,-3.1636712420870707,2.331436837824867,0.003182323216447519,-0.403870199951647,-0.010002321808665008,0.10869371776726332,0.014530832191699908,0.001332471892923735,-0.24327626074821662,1.3971190313641912
17.802611589431763,-3.952925379802207,-3.1717469584031934,2.3312477144946073,0.0053854065134330345,-0.4036084792081602,-0.009710156329275896,0.10826358889925547,0.014741512864443888,0.0013408108638287607,-0.2678671919945259,-1.2295465623154644
17.82241463661194,-3.9527960475157466,-3.1798161655161077,2.331053780080983,0.007546395944281366,-0.4033115216024739,-0.009683257579219184,0.107835732293355,0.014954656850345993,0.0013490470386209896,-0.24067934223270093,1.359392488091249
17.84254550933838,-3.952714227737477,-3.18384936543256,2.330963085702115,0.008648962611316967,-0.403183437311314,-0.00949345744161365,0.1074296135103505,0.015215610627566201,0.0013558838680361397,-0.26587914204813057,-1.2599899907714818
17.862868547439575,-3.952405032590881,-3.1959390155472973,2.330685036282206,0.011907797505867826,-0.4027537652590608,-0.009272761785817851,0.1069879830657102,0.015404966399457466,0.001361355386501792,-0.23673048967064947,1.457432618874055
17.882659196853638,-3.952145508371175,-3.2039909971004303,2.330499853678623,0.01404316002681446,-0.40244374987317194,-0.009245480581438351,0.10654865160598474,0.015597020425958287,0.0013667527056842057,-0.2621255303595249,-1.2697520344437718
17.902570247650146,-3.951841314061625,-3.2120380875022243,2.3303220229877395,0.016220920135905596,-0.4021627653799749,-0.009059517549932901,0.10606873396599587,0.015851431390863827,0.0013709417419312394,-0.2344148793066081,1.3855325526458406
17.922418117523193,-3.951305591191795,-3.224096642447665,2.33005410172619,0.019438478309742598,-0.4017081765229534,-0.008927469178516976,0.10567693530819468,0.016082601223624107,0.001374433271155641,-0.25666246308663565,-1.1123791890013779
17.94255256652832,-3.950895712273736,-3.2321275739443838,2.329875827459302,0.02154811314586575,-0.40138419577813117,-0.00889994605452455,0.10528683015599957,0.016315812225024783,0.0013778700115832146,-0.23218254129257643,1.2239960897029611
17.962812900543213,-3.9504419769355397,-3.240153040127842,2.329706408200479,0.023692890791339197,-0.4010820240411312,-0.008648457305395067,0.10487445948777614,0.01654214626467907,0.0013796614027581713,-0.252658469493547,-1.0237964100485275
17.982582807540894,-3.949947171624125,-3.248171356986459,2.329533715104201,0.025786272116493474,-0.40074890044623374,-0.00862084647621479,0.10446398932536563,0.016770558320993927,0.0013814152711620947,-0.22999755184678783,1.1330458823379574
18.002602338790894,-3.9496831139454387,-3.252178640914803,2.329456336764761,0.026854169845324377,-0.4005969757941146,-0.008348818313247136,0.10399055838642252,0.01700863603318567,0.0013813030001909585,-0.250146963409823,-1.007470578151759
18.022536754608154,-3.948829548619803,-3.264189603922184,2.329217234863917,0.030002764898681426,-0.40010452434880184,-0.00799754546318389,0.1035604704754996,0.017273234620421067,0.001378970457606333,-0.2263862895417854,1.1880336934018798
18.04246234893799,-3.948208809793542,-3.2721882220475176,2.32905755959352,0.03206969121264171,-0.3997564012074362,-0.007969989333022877,0.10313251595082568,0.017539327543547038,0.001376643482797112,-0.24589483286263603,-0.9754271660425307
18.0627338886261,-3.9478820659619807,-3.276185475492551,2.328988440808471,0.033122335848006515,-0.3995945974067848,-0.007656076238381507,0.10270759536785655,0.017817283202014363,0.001372229232621302,-0.22585886223179363,1.0017985315421196
18.082449674606323,-3.947199105953642,-3.2841737853901067,2.32883559343665,0.03517225527089397,-0.39923546159768397,-0.007628675565668448,0.10228468077509535,0.018096508345010354,0.0013678426372830687,-0.24174722989599173,-0.794418383209905
18.10255002975464,-3.9464735756545757,-3.292155989638683,2.328700629054241,0.037255151486447306,-0.39889937820579446,-0.007158313765202169,0.10190340559703032,0.018341057374805465,0.0013603750720472699,-0.22370389396872303,0.902166796363435
18.122396230697632,-3.945309159373637,-3.3041154038537854,2.3285007495638137,0.040334367547492436,-0.39836639785123273,-0.006708303840672492,0.10152452683783357,0.018591079105390904,0.0013500664557437334,-0.2360492596569972,-0.6172682844137078
18.142565965652466,-3.9444821923034756,-3.312078996848233,2.3283668528175827,0.04236108136614556,-0.39799206295081296,-0.006681404842428662,0.10114709605580556,0.01884267170863491,0.001339848438222192,-0.22142941175569097,0.7309923950653108
18.16261625289917,-3.944052974576738,-3.3160584735155396,2.3283161177078076,0.043384748137057845,-0.3978159168839891,-0.00620248393036202,0.10080812132631757,0.019025526888936817,0.001326514466718465,-0.23356182404349024,-0.6066206143899633
18.182493448257446,-3.943165140528907,-3.3240109744374977,2.3281923324493463,0.04539753067160693,-0.39743355780192813,-0.006176085950381602,0.1004703289440578,0.01921077958685277,0.0013133040898148406,-0.21918598574077208,0.7187919151359079
18.20258593559265,-3.942236208485643,-3.3319565879867814,2.3280957020988597,0.04742558676616615,-0.3970670144869173,-0.005483263504816271,0.10013766764271283,0.019362350518959147,0.0012955711651027795,-0.22947847110232278,-0.5146242680775348
18.22259283065796,-3.941267691333016,-3.3398940455623247,2.327986294769381,0.04942502370363231,-0.3966782285483687,-0.0054575279811188955,0.09980622972277511,0.01951670596997307,0.0012780097306498708,-0.21686547301843584,0.630649904194347
18.24252414703369,-3.940768092330889,-3.3438601574390767,2.3279489827983424,0.05042944310058121,-0.396489974434821,-0.004952713264579469,0.09941300764560355,0.019671927456157236,0.0012572923565094833,-0.2270044527269035,-0.5069489854233833
18.262742519378662,-3.938670759672306,-3.3597043335702783,2.327777747615443,0.054417290672407526,-0.39570899408049026,-0.004259318762950693,0.09905874066719071,0.01979099308764741,0.0012321980746889901,-0.2115298597682722,0.7737296479315647
18.282557487487793,-3.9375626256500516,-3.3676145471573697,2.327692806019468,0.056394935892308894,-0.3953119572056758,-0.004234923641148163,0.09870604236532607,0.01991321964569474,0.0012073560706465638,-0.22264460683976717,-0.5557373535747478
18.30252480506897,-3.9369937378018465,-3.371566605841811,2.3276652325066802,0.05737813721668855,-0.395109638100993,-0.0038102371673664867,0.09829640481722104,0.02002987187323231,0.001180078511796399,-0.2109158432437357,0.5864381798015739
18.322381019592285,-3.935228012976057,-3.3834107791576047,2.327564459339655,0.060327153665350026,-0.3945044489855057,-0.0034046205453804068,0.09782601374411708,0.02016588188832392,0.0011505109189192267,-0.21699887308688037,-0.30415149215723414
18.342482089996338,-3.9340019359254796,-3.391296825742874,2.327496595074938,0.062278992346460005,-0.39409974613468834,-0.003381903473556445,0.09735829982001894,0.020304903610036527,0.0011212467338797226,-0.2083734871076457,0.43126929896173394
18.362522840499878,-3.9333742513113554,-3.3952365823339896,2.3274762854890922,0.06325015783331894,-0.39388866560107727,-0.002985581839956001,0.09700766697400152,0.02047174637386344,0.0010898395010630183,-0.21467670256762483,-0.31516077299895695
18.38240957260132,-3.932089869935971,-3.4031102500479675,2.327416789742674,0.06518681498395297,-0.39347754126711304,-0.002964096406779266,0.09665825058660558,0.02064110498504669,0.0010587580004764528,-0.20587316467366046,0.44017689469821875
18.402522802352905,-3.930766309004031,-3.4109754732919835,2.3273779312818057,0.06712928359285976,-0.39305865292602227,-0.002441504784625757,0.09634688533883631,0.020795782746574957,0.0010246957541338142,-0.21074431648659164,-0.24355759064655924
18.422688245773315,-3.9287089340646504,-3.422757783916945,2.3273172414817993,0.07002094903707648,-0.3924308349125282,-0.0020663224502228336,0.0960831059745686,0.020953820174818685,0.000988633582558381,-0.20172113984487305,0.45115883208592944
18.4425790309906,-3.9272893160266285,-3.4306021991886984,2.327276110374369,0.07193997692551234,-0.39201015703651504,-0.0020469072339327687,0.09581975408732887,0.021114387786813755,0.0009529512268592117,-0.20673260446520914,-0.25057323101680407
18.46295189857483,-3.926565345251198,-3.4345211008915766,2.327266737609418,0.07288849337238021,-0.3917934560286761,-0.0017257179871573484,0.0954998714424308,0.02127237805141842,0.0009157940371734905,-0.20069083218604034,0.30208861395844
18.482425928115845,-3.925088496692349,-3.442352704874773,2.3272324039510903,0.07479529907787934,-0.39136640705875225,-0.0017077703864727422,0.09518084101748138,0.0214329474228868,0.0008790317152879021,-0.2030029478216635,-0.11560578178115843
18.5025053024292,-3.9243360137262027,-3.4462652576998307,2.327225429460857,0.07573762634923849,-0.3911495713113708,-0.001413316399045827,0.09488079035484619,0.021581147353100315,0.000841008543670065,-0.19939272648973239,0.1805110665965559
18.522340536117554,-3.9212307778153193,-3.4618940374555085,2.3271840157372554,0.07952503501289852,-0.39028621591564083,-0.0010216065451304137,0.09458112710923013,0.021723286124011993,0.0008009149244811709,-0.19641722213136115,0.14877521791856196
18.54255175590515,-3.9196213808285263,-3.4696954075052506,2.327163741138017,0.08141366736587698,-0.3898503062418612,-0.001005985585943067,0.09428223691056437,0.021868130848844813,0.0007612527648738708,-0.19595430083649745,0.023146064743184702
18.562589406967163,-3.9188029155444877,-3.4735927243986326,2.3271623262454275,0.08234249119682027,-0.3896277236438806,-0.0007547205654517113,0.09396061209825393,0.022000475065295285,0.0007206984708901362,-0.19482081327716205,0.056674377966769995
18.582435131072998,-3.917137294988162,-3.4813808698121207,2.3271473732922145,0.08421849579347511,-0.3891863671370461,-0.0007407084694865223,0.09364001937965064,0.022135645157846634,0.0006805843444530294,-0.192719916317869,0.10504484796465263
18.60257315635681,-3.915434491668491,-3.4891601593279047,2.327144505542117,0.08608131207371335,-0.3887422817157701,-0.00043553595946080185,0.093316001158079,0.022268005675564927,0.000639207669756037,-0.1914740968328057,0.06229097425316521
18.622403144836426,-3.9128102646350427,-3.500812391459718,2.327138469533518,0.08887146302160508,-0.38807254908890987,-0.00022573375094162642,0.09291454836001195,0.02240976557168739,0.0005970765040504207,-0.18791621110062007,0.17789428660928142
18.642554998397827,-3.911014279131916,-3.5085693509024085,2.327134071488211,0.09072575554843561,-0.3876229136340875,-0.00021420967418970678,0.09251502548664538,0.02255422911469157,0.00055540815753179,-0.1879284397628722,-0.0006114331126072514
18.66259741783142,-3.910102691201787,-3.512444387380948,2.3271377901204313,0.09163950248597229,-0.38739470003897375,-4.438750182532643e-05,0.09217712483472329,0.022639014392579173,0.000513473786003103,-0.18637062852565878,0.07789056186067178
18.68250322341919,-3.9082514881835464,-3.5201877477552634,2.327137002292778,0.09347967768491325,-0.38694104336846386,-3.4533495529569366e-05,0.09184062880779757,0.022727221279653806,0.0004720041479994344,-0.18462730501322655,0.08716617562161133
18.70257544517517,-3.906363455671358,-3.5279220291483764,2.327143971644345,0.09531643647089369,-0.3864860584123421,0.00016062838662313946,0.09160737900844064,0.022768733374938108,0.00043008239066478614,-0.18304007432152725,0.0793615345849652
18.722370862960815,-3.9034627663373045,-3.539506266623099,2.3271531247082553,0.09806148507881586,-0.38579938969198874,0.00029023052672386287,0.09137830662950226,0.0228332914730836,0.0003879702107609367,-0.17975977778840413,0.16401482665615585
18.742536306381226,-3.901483276233216,-3.5472176832725335,2.3271590041290007,0.09988676260072751,-0.3853420479181764,0.0002975727495542732,0.09114948782359558,0.022901491115696206,0.0003463306954286491,-0.17949168733304566,0.013404522767923588
18.762624502182007,-3.900480173052791,-3.5510697446698787,2.3271654691581576,0.10078636363631577,-0.3851060452914659,0.0003983869678379313,0.09089628728127398,0.02298596553777021,0.00030492137412205174,-0.1781742062129008,0.06587405600724239
18.782394647598267,-3.898446283382347,-3.5587672625812554,2.327173495144642,0.10260176075924884,-0.3846454529594649,0.00040407521358679804,0.09064349262946546,0.02307383124011505,0.00026398124601700266,-0.17620238979250846,0.09859082101961736
18.802584409713745,-3.8974160633466215,-3.562612368689544,2.3271805089067823,0.10349618668937509,-0.38440874373399675,0.0004899610179963786,0.09038079855903233,0.023115891497944133,0.0002233649973804835,-0.17635382401929212,-0.007571711339182663
18.82244372367859,-3.893204288714629,-3.5779699962873353,2.327204062229038,0.10709865181166962,-0.3834773565742402,0.0005910562423096031,0.09006969378113439,0.02321035595071574,0.00018272141892985083,-0.17001580321703136,0.3169010401130379
18.84255576133728,-3.891044322433595,-3.5856348948856898,2.327215917211959,0.10889694236569349,-0.38301217743458293,0.0005943081278737828,0.08975951593061517,0.02330810361106587,0.00014254481263537613,-0.17233007386475263,-0.11571353238606363
18.862867832183838,-3.8899512751391714,-3.5894636662434074,2.3272234528545446,0.10978055503108904,-0.3827731241876073,0.0006381016595383676,0.08949967643777837,0.023392027569166612,0.000102979775531501,-0.16880123013179293,0.17644218664798483
18.882522583007812,-3.8877377814030396,-3.5971144445582093,2.327236232869003,0.11156795397395511,-0.3823044163212164,0.0006397694341904276,0.08924029398495996,0.023479318632462623,6.387409804138265e-05,-0.16870274349842163,0.004924331668565429
18.902588605880737,-3.8866178011385695,-3.6009362268824825,2.3272437510575528,0.11245396341126622,-0.38206631970853666,0.0006717833559206593,0.08905819826851505,0.023570903344960915,2.54436826793779e-05,-0.16723418528669587,0.07342791058628784
18.922399282455444,-3.8820485731401813,-3.616199998583298,2.327272361061048,0.11600944323439479,-0.38112209981380485,0.0007150820607128962,0.08891676341818557,0.023644306627576762,-1.2646403543000938e-05,-0.16226682318261165,0.24836810520421082
18.942536115646362,-3.8797106103821424,-3.62381770665483,2.327286657656121,0.11778635909860972,-0.38064845134620073,0.0007144519774390772,0.08877472220225154,0.023721104249516435,-5.028718947199811e-05,-0.16335680869773217,-0.05449927575602587
18.963034629821777,-3.8785288023937246,-3.627622929134177,2.3272945992674234,0.11865795198051575,-0.3804082335408529,0.0007351581116444673,0.08859691314020443,0.023813509860097656,-8.720013604671555e-05,-0.1608859948157031,0.12354069410145385
18.98247528076172,-3.876137935843817,-3.635226324784105,2.327309282550799,0.12042810908823069,-0.3799310128722712,0.0007330486508856862,0.08841873659805399,0.023909083457562142,-0.0001236726872038975,-0.1598551629239533,0.05154159458748975
19.00259232521057,-3.873712531173616,-3.6428201543490277,2.3273249125567186,0.12217395583160046,-0.3794521638520528,0.0007553041999858546,0.08825992192125337,0.023982919762380813,-0.00015946034247502267,-0.15762135432376478,0.11169043000942569
19.022382020950317,-3.8700081806215825,-3.654192948943254,2.3273481829149927,0.12480330720548519,-0.37873238925026786,0.0007696105167305956,0.08805970454252585,0.024091211327492205,-0.00019474134760329108,-0.15483228711635455,0.1394533603705117
19.042538166046143,-3.867494515899281,-3.6617627711183567,2.3273635338464187,0.1265624966417425,-0.3782494574162924,0.000765366450219704,0.08785918973917764,0.02420246414095187,-0.00022959406568611089,-0.15404808862080666,0.03920992477739471
19.062732219696045,-3.866225113735999,-3.665544070288285,2.3273717640061005,0.12742215758250275,-0.37800714013174763,0.0007792713213951715,0.08770342393117724,0.024287764226454497,-0.00026372473880190844,-0.1531566631931538,0.04457127138264294
19.082441091537476,-3.8636591403142972,-3.673099349689364,2.3273872944331857,0.12917466334669866,-0.3775205048485804,0.0007736590163166113,0.08754705170653374,0.0243763021687244,-0.00029743600961729106,-0.1507804259654537,0.11881186138500421
19.102555751800537,-3.861058814368811,-3.680645068439351,2.327403539424239,0.13090796608392372,-0.37703698836829225,0.0007878921596986366,0.08746470271436667,0.024452670436433073,-0.0003304594645050086,-0.14965163794523528,0.056439401010921486
19.1224045753479,-3.8570927409444957,-3.691945289943067,2.3274274884463098,0.1335156606304422,-0.37630614214201275,0.0007908539077201705,0.08735380052261198,0.02451099899766811,-0.0003629452629161464,-0.14591695370295277,0.18673421211412577
19.142531156539917,-3.8544049644063776,-3.6994665065211096,2.3274432307900423,0.13526162076807585,-0.37581530948098835,0.0007832735355278363,0.08724207659644573,0.02457285303962192,-0.00039502430032034835,-0.1458852437897411,0.0015854956605831916
19.162521362304688,-3.8530486733719167,-3.703223477358344,2.3274513716221965,0.13611254758402747,-0.37557012465858597,0.0007878576139024082,0.0870478613156928,0.024649091627862142,-0.0004263688270992239,-0.14436280275441993,0.0761220517660588
19.18247365951538,-3.8503090258032246,-3.7107299447846067,2.327467041430972,0.13785156139739127,-0.37507635278051454,0.000779020107663864,0.08685349499498762,0.024728647477679794,-0.00045731564732498004,-0.14249476238404224,0.09340201851888441
19.202574253082275,-3.847535516654197,-3.7182266181941164,2.3274829693621717,0.1395653247460229,-0.374583592839299,0.0007806070956966529,0.08666672048842526,0.02479024306101243,-0.00048753817428124317,-0.1409255814550212,0.0784590464510515
19.22357940673828,-3.8433099837871305,-3.729453028272622,2.327506453873036,0.14215173942884723,-0.3738407703289278,0.0007738862397324865,0.08647802048131575,0.024878075499718384,-0.0005172031915963165,-0.13753675076139382,0.16944153468136935
19.242592573165894,-3.8404496659726535,-3.7369248620520894,2.3275218261987516,0.14387941313933586,-0.37334230441706145,0.0007632487294902922,0.08628935662675016,0.024969035424427907,-0.000546483914888375,-0.1371887740625155,0.01739883494391581
19.262552738189697,-3.839006952982753,-3.740657075888032,2.3275296270805357,0.1447291994322943,-0.3730931096250796,0.0007626750764131848,0.08607142418251469,0.02504132260969444,-0.0005750481166679461,-0.1359191484587079,0.06348128019038057
19.282578229904175,-3.8360951692189933,-3.748113924830643,2.3275447636869435,0.14644845177541987,-0.3725915326059773,0.0007508916016924204,0.08585387371954759,0.025116931314240396,-0.0006032369173396503,-0.13383227761269234,0.10434354230077769
19.302642345428467,-3.83314928957402,-3.7555609110491868,2.3275599316060447,0.1481580704169704,-0.37209332293288283,0.0007454193040644,0.0856935777624154,0.025160113684301537,-0.0006307046630742465,-0.1324161370806456,0.07080702660233751
19.323518991470337,-3.828666116112768,-3.766712478129912,2.327582187861357,0.15072363014717308,-0.3713403826105864,0.0007313785944177521,0.08553056403882174,0.025227485986539323,-0.0006576101801814214,-0.12888590843681014,0.17651143219177268
19.342641830444336,-3.8256345482829217,-3.774134235624233,2.327596682135611,0.15243260823782945,-0.37083513097561266,0.0007179603519708251,0.08536718420583328,0.025298239436258575,-0.0006841538879051449,-0.1286259738682478,0.012996728428116278
19.362508296966553,-3.8241061862242267,-3.777841348906831,2.3276039262007564,0.15327910056969862,-0.3705822286264631,0.0007132639282340436,0.08533284792951708,0.025369088488597764,-0.0007100053615347716,-0.1272782850808447,0.06738443937015504
19.382500648498535,-3.821023540013944,-3.7852479147746307,2.327618047772486,0.15498540056665175,-0.37007411108116317,0.0006988082504102897,0.08529688047559109,0.0254432098812315,-0.0007355036849956533,-0.12524178484198245,0.101825011943113
19.40260410308838,-3.8179071750509372,-3.7926444117151017,2.327632014209614,0.1566804150557433,-0.3695674759968024,0.0006874230437424566,0.08529383182877118,0.025491872351730324,-0.0007602908787248982,-0.12376665309825707,0.07375658718626887
19.422414302825928,-3.8131688715606322,-3.803720029237324,2.327652402671275,0.1592261942262388,-0.3688038892276427,0.0006675560112527442,0.08546637211674527,0.025565805081618934,-0.0007845197029466235,-0.12026998581214565,0.17483336430557106
19.44253373146057,-3.8099672430950187,-3.8110909887751965,2.3276655952892935,0.1609372144086129,-0.36829180767101594,0.0006516261597148425,0.08563499442884857,0.025642871365620965,-0.0008084089779551959,-0.11994198019960445,0.016400280627060226
19.462504863739014,-3.808354357938261,-3.8147726590690074,2.3276721106255422,0.16177267499455417,-0.36803570612577263,0.0006440768303279361,0.08584021370194293,0.02571597016444844,-0.0008316378644423481,-0.11864988501381957,0.06460475928924403
19.482597589492798,-3.8051017229235438,-3.822128224967664,2.3276848243025547,0.16349149660236928,-0.3675206296472959,0.0006272145454119103,0.08604125154266185,0.02579219765809445,-0.0008545355419407297,-0.11653774859874888,0.10560682075353434
19.50264835357666,-3.80181663747642,-3.8294736280375044,2.3276972726654317,0.16516275960642418,-0.3670082758007773,0.0006119176637470213,0.08610467735104778,0.0258263122410654,-0.0008767444586382677,-0.11511493487914226,0.07114068598033096
19.522377967834473,-3.796824471293831,-3.8404723329501027,2.3277153064389933,0.16770476986411406,-0.36623519712075303,0.0005875460169057017,0.08616200365598915,0.02587469152028173,-0.000898405899790335,-0.11155282176742043,0.1781056555860916
19.54249906539917,-3.793453139809846,-3.8477918585527946,2.3277268762499568,0.1694285605750942,-0.3657171901508883,0.0005693639340820273,0.08621661604556928,0.025926590451855403,-0.0009197495258243575,-0.11123025199791448,0.016128488475297686
19.563063383102417,-3.7917558516393,-3.851447746393112,2.327732532578986,0.1702538393133551,-0.3654575109278991,0.0005598335858878155,0.08622524393827709,0.026005728881697627,-0.0009404687926967333,-0.10993416249210552,0.06480447529044753
19.582571506500244,-3.7883335293471725,-3.85875169003222,2.327743539791163,0.17197841078903187,-0.3649365786779901,0.0005408196004889915,0.08623151099285388,0.02608802004910319,-0.0009608782168937593,-0.1078015434305728,0.10663095307663628
19.602595806121826,-3.784878398033696,-3.8660452727932126,2.327754195972972,0.17366274151882494,-0.36441568815754694,0.0005223765645796368,0.08633294311423007,0.026209507571345533,-0.0009806244167262703,-0.1063589050390914,0.07213191957406995
19.62247109413147,-3.7796306157423127,-3.876966065655056,2.327769477654262,0.17622479577979885,-0.3636321864526181,0.0004943721492524078,0.08622782081120363,0.026291973428501272,-0.0009998377290191657,-0.10277271246429676,0.17930962873973222
19.642529010772705,-3.776088881325375,-3.8842334453353273,2.327779163863661,0.17794829186405572,-0.36310549627204103,0.0004741857354277961,0.08612160594066291,0.026377563892543403,-0.0010187543035004162,-0.10243261248023305,0.0170049992031851
19.662611484527588,-3.774305894583489,-3.8878633081634484,2.3277838459925,0.17878663267145545,-0.3628441296377859,0.0004631717139796941,0.08607734856569975,0.02652067054221467,-0.0010370838457310226,-0.10113428360384091,0.06491644381960704
19.68249249458313,-3.7707129495124017,-3.8951148769655553,2.327792900802508,0.18050772014601743,-0.3623122658179052,0.00044224915227446347,0.0860310613544163,0.026666096796570303,-0.0010551242371697651,-0.09898623788712513,0.10740228583578926
19.70255708694458,-3.7670863557073786,-3.9023561626425294,2.3278015411730597,0.1822092693950261,-0.36178740622693173,0.00042132577552423447,0.08596587291282659,0.026817295080397156,-0.0010725292902429386,-0.0975193368963918,0.0733450495366661
19.722432851791382,-3.761581716087215,-3.9131980490652603,2.3278137408043884,0.18477979333447161,-0.3609909614234087,0.0003903196836981308,0.08603309128596105,0.026995230644027705,-0.0010894179928137154,-0.09392197004055047,0.17986834279206665
19.742550373077393,-3.7578689092835105,-3.920412457294732,2.3278213282023787,0.1865011002724424,-0.3604492623780672,0.0003683647410677196,0.08609706246569473,0.027174974138469338,-0.001106030305739361,-0.09355459349545736,0.018368827254655606
19.762837171554565,-3.755999907729279,-3.924015928666953,2.3278249431867164,0.18735392521193253,-0.3601858386972937,0.0003564015819727477,0.08621596196034284,0.027332016354859014,-0.0011220943928316838,-0.0922608306389896,0.06468814282338808
19.78238534927368,-3.7522355782913523,-3.9312141684658544,2.327831845742007,0.1890794025636584,-0.3596376109056728,0.000333801297623692,0.08633115710028585,0.02749110227815257,-0.0011378892725498024,-0.0900851625094039,0.10878340647928475
19.80258822441101,-3.7484375027514236,-3.9384021983070685,2.327838300227398,0.19078743052101535,-0.35910589770322454,0.00031122006893465444,0.08652165967216804,0.027656282786864862,-0.0011530801188705474,-0.0886119439399069,0.07366092847485017
19.822452068328857,-3.742675659437021,-3.9491634354900467,2.327847157307904,0.19336403190954032,-0.3582888081976224,0.00027772968253355344,0.08672163482928812,0.02786742045482444,-0.001167772276404333,-0.08498986192013502,0.18110410098859386
19.842535257339478,-3.7387910213813673,-3.956323624030511,2.327852477380473,0.1951004241701701,-0.35772933782469174,0.00025422945677271825,0.08691678947026535,0.0280798275321649,-0.0011822075865128745,-0.08459271465734286,0.019857363139608175
19.86249279975891,-3.7368364687933244,-3.959899960880175,2.3278549462087565,0.19594823630262337,-0.3574596821546213,0.00024149715854127282,0.08709651103305831,0.02826449326193969,-0.0011961323250852442,-0.08331893231652865,0.06368911704071056
19.882540464401245,-3.732900073006886,-3.9670434892361164,2.3278595360096586,0.19769192653753803,-0.35689253272896476,0.0002174373494217134,0.0872717702594111,0.028450706232023247,-0.0012098070028227445,-0.08109334746582597,0.11127924253513388
19.902556896209717,-3.7289303127259545,-3.9741765847853157,2.3278636485106188,0.19940016516213216,-0.356345448610063,0.00019343099568167822,0.08741566424392332,0.028626952285107938,-0.001222908118396157,-0.07963335714419051,0.07299951608177313
19.922344207763672,-3.7229099449257586,-3.984854661899409,2.3278689365614524,0.2019959510895062,-0.35550312758473884,0.0001577661343379268,0.08752440880229641,0.02866657508011224,-0.0012355279343440853,-0.07596126069689735,0.18360482236465803
19.942511558532715,-3.718852513942674,-3.9919589883218607,2.3278718439491444,0.20374749836699815,-0.35492937107925854,0.00013293136254127159,0.08762975343511349,0.028709649107765425,-0.0012479096513849112,-0.07555612561773639,0.020256753958047824
19.962512493133545,-3.716811450006699,-3.995507208493519,2.3278730907200273,0.20460446200002824,-0.3546495501380043,0.00011935680759119471,0.0879907077217936,0.02901676071649088,-0.0012598155591802098,-0.07427329285523943,0.0641416381248483
19.98262047767639,-3.7127017388889754,-4.002594375677075,2.3278752251109323,0.20636783113614496,-0.354066144984226,9.404336887085195e-05,0.08834511728444233,0.02932373068213476,-0.0012714897868236345,-0.0720212986284321,0.1125997113403665
20.002569913864136,-3.70855817790953,-4.009670382314417,2.3278768410656943,0.20809933816390627,-0.3534919590046485,6.84324822400788e-05,0.08864437759879888,0.029602397317194534,-0.001282617250396344,-0.07053441351299661,0.07434425577177439
20.022464990615845,-3.704378442620618,-4.016734282426134,2.327877952461291,0.2098751682345974,-0.3528971225385139,4.267073431027596e-05,0.08893763022072296,0.02988128576270074,-0.0012935202105431036,-0.06841903781712766,0.10576878479344742
20.042497158050537,-3.7001651272919402,-4.0237872212965,2.327878608599181,0.21160666345118198,-0.35232168600973096,1.848477373262596e-05,0.08927166232018321,0.03023037007643434,-0.001303901399721061,-0.06682095061359172,0.07990436017679681
20.062764406204224,-3.693778164922527,-4.034344097725024,2.327878646692566,0.21424814505265127,-0.3514349908038398,-1.865892427986425e-05,0.08970142296524397,0.030672614850231247,-0.001313832847826863,-0.06318197770221579,0.18194864556879686
20.08265209197998,-3.689475233466462,-4.041366633639529,2.327878010096086,0.21604640775097833,-0.3508171334546959,-4.5033117502010835e-05,0.09012358259826005,0.031112772512136583,-0.001323551008289739,-0.06265839213809832,0.026179278205873402
20.102584838867188,-3.687311623634448,-4.044874135090341,2.3278774971203147,0.21690948010209163,-0.35053143729364333,-5.8693697633854516e-05,0.09017643052677479,0.031084502192796223,-0.001332845809763929,-0.06145334218410525,0.06025249769965324
20.12244939804077,-3.6807652141536717,-4.055377097705197,2.3278751324781397,0.21957429482103766,-0.34962683313912646,-9.875836641587013e-05,0.09017502813406751,0.031042074418940642,-0.0013416864760617802,-0.05748556991221232,0.19838861359464666
20.142512559890747,-3.6763556934622734,-4.062363428561712,2.327872888394297,0.22137776183827126,-0.34900637928848266,-0.00012567880997140196,0.09017128414998558,0.031004041200884437,-0.0013503241214377895,-0.0571885011157498,0.014853439823125925
20.16305923461914,-3.674138295042604,-4.065852342430324,2.3278715114620687,0.2222548935140593,-0.34870700360521306,-0.0001409874203496536,0.09012316917612671,0.03094895847882066,-0.001358548148956278,-0.055794200876004396,0.06971501198727026
