t,x,y,z,vx,vy,vz,ax,ay,az,yaw,yaw_dot
6.644659757614136,-2.45780132239369e-06,1.0979718627142363e-06,2.0080020282445137,-0.0003674190876640762,0.00016415257182200393,0.00031618631602959825,-0.03649198286301068,0.016306744991621658,0.03141355743894517,0.031415926535897754,1.5707963267948966
6.664730787277222,-9.613933110052179e-06,4.314224662388954e-06,2.0080061590251215,-0.001075761903880029,0.0004834150258387339,0.0008417912157896271,-0.07083423650131394,0.03192309518717671,0.061620098561988135,0.06283185307179551,1.5707963267948966
6.685630798339844,-4.7513510821142436e-05,2.1376456021965296e-05,2.0080372724007804,-0.0028238786069000915,0.001272747611272817,0.002366225489626248,-0.10373934557658941,0.04690507324983559,0.0906240751717409,0.09424777960769326,1.5707963267948966
6.704705715179443,-2.404867068311604e-05,1.089828816908168e-05,2.0079757183208895,-0.002443326901859374,0.0010955160806213988,0.0007487926323652631,-0.13638979803613305,0.06035167060858797,0.11803089045119612,0.12566370614359101,1.5707963267948966
6.724653482437134,-4.2035474997285984e-05,1.9935399506386843e-05,2.0078719226435364,-0.003363032090372337,0.001522597045741941,-0.0006810891684756025,-0.16107784785854518,0.07074446694763491,0.14351845714620076,0.15707963267948877,1.5707963267948966
6.744707822799683,-0.00014310077215054945,6.520554770084297e-05,2.0078886493708215,-0.006822011871244802,0.003037493875181718,0.0024351029552580274,-0.18463235074728856,0.08066739556160395,0.1679209892887751,0.18849555921538652,1.5707963267948966
6.764642000198364,-0.00013169932198806144,6.652709322167568e-05,2.0077450294921855,-0.005979080029102646,0.0028439425504566637,0.000615712767268574,-0.19328787994457994,0.08847891833998586,0.19228843354155567,0.21991148575128427,1.5707963267948966
6.784564018249512,-0.00029048989936111797,0.00014160308797383814,2.0077973715096817,-0.00992712323547842,0.004688403782160207,0.004696091811334432,-0.20143163635200106,0.09590305915765347,0.21556950074740566,0.25132741228718203,1.5707963267948966
6.804623603820801,-0.0002986994517324084,0.0001529577883562053,2.0077699663937496,-0.009153504429578872,0.004648343642818178,0.004723816881247567,-0.20342668022208185,0.11099494264578423,0.24429264742081314,0.2827433388230798,1.5707963267948966
6.825072526931763,-0.0005225735692171431,0.00026909676072472185,2.0079151511851867,-0.013239604958599075,0.0070136626179279175,0.009886083251529152,-0.2051360260806103,0.12542778365465002,0.27171920724007076,0.31415926535897754,1.5707963267948966
6.844605922698975,-0.000734112259444205,0.0003710153236303119,2.008005972187261,-0.01533719503320236,0.008061403482245209,0.011371815836726406,-0.22867781502485116,0.142989187663431,0.29061885695658607,0.3455751918948753,1.5707963267948966
6.864631652832031,-0.0012584476357546575,0.0006275929695541052,2.0083615206545704,-0.021344829780329967,0.011084410208254444,0.016936493246637187,-0.2610316985347042,0.16261406803021902,0.3051297589835644,0.37699111843077304,1.5707963267948966
6.884719371795654,-0.0017396298807617783,0.0008830683919737911,2.0087622037345914,-0.026876075541367134,0.014525625170959395,0.02317751370582643,-0.29183626646146804,0.18136218620276157,0.3188396104882727,0.4084070449666708,1.5707963267948966
6.904672861099243,-0.0019724017448683497,0.0009836443634691882,2.0089296611825995,-0.028685362444479126,0.014825268829875705,0.024085148407814398,-0.3370192157448211,0.18387485945432086,0.3086472476203931,0.43982297150256855,1.5707963267948966
6.924580335617065,-0.0028774344306224512,0.0014488785398836513,2.009758152696158,-0.035898537928658936,0.018507858195418374,0.03263346071755497,-0.3641482234423824,0.17153791374616828,0.319138971081855,0.4712388980384663,1.5707963267948966
6.944595575332642,-0.0036699747644224,0.0018525369342959033,2.0104753145665244,-0.04344135534319515,0.02181793063546134,0.039115397124737925,-0.3899064741230794,0.1595226762305798,0.3289403624121924,0.5026548245743641,1.5707963267948966
6.9645843505859375,-0.004447553787291621,0.0022857991374843666,2.011341361215663,-0.04745046373074597,0.024046688349127657,0.046300358230418184,-0.4399338334278857,0.12583735640189955,0.34017239550889433,0.5340707511102618,1.5707963267948966
6.984604597091675,-0.005487767137223832,0.0027897139187529037,2.012336114237063,-0.05672978604576777,0.026236447874946518,0.05320989360383998,-0.48760875427027345,0.09333456106139613,0.3506574676688145,0.5654866776461596,1.5707963267948966
7.00470757484436,-0.006722946545957958,0.0033310014929156238,2.0134711056745616,-0.06693932532031806,0.027787864485508428,0.06032174274359166,-0.5329603879268341,0.0620008198096314,0.36040541079186944,0.5969026041820573,1.5707963267948966
7.024614334106445,-0.008314294825831625,0.004334644072189334,2.0153176280878173,-0.07395327333805862,0.03404014451540125,0.07191845241376342,-0.5856463878224629,0.006963705861495929,0.3852957642946785,0.5909333745485679,-0.2984614816744724
7.044723272323608,-0.009913870160591785,0.005013277280575318,2.0168346484795725,-0.08617110832798258,0.03364682202757249,0.07986208487015657,-0.6357014026239737,-0.04594300659992496,0.40884548537450166,0.5666165609502158,-1.2158406799176014
7.064668655395508,-0.01068749511974611,0.005482155446691187,2.017661425274538,-0.08994978430195448,0.03659244013708472,0.08396922620030733,-0.7363369654151233,-0.10438728372379823,0.40878957245460273,0.5980324874861136,1.5707963267948966
7.084739446640015,-0.012640227245428194,0.006189348980530692,2.019422547066904,-0.10564290968457968,0.03393998395380771,0.09214164075452642,-0.8321824327404344,-0.16046654809838484,0.4083959600017096,0.5666165609502158,-1.5707963267948966
7.104648590087891,-0.014600619703642114,0.007159332760843009,2.0211577454112266,-0.1146947678614995,0.03847117017725739,0.09567497283840085,-0.914689670840211,-0.21733553464653793,0.388968617183603,0.5980324874861136,1.5707963267948966
7.1248533725738525,-0.01817893262521891,0.008459962458744738,2.0241319018648154,-0.13452023975342436,0.03956767336550835,0.10534479929397937,-0.9382251458949217,-0.13612946745199675,0.3699366633336651,0.5666165609502158,-1.5707963267948966
7.144643545150757,-0.021058439132423105,0.00922934618812101,2.026311536985606,-0.15350138835310165,0.037630899142465826,0.11255664444720573,-0.95951892753273,-0.05806894246324123,0.351316098260479,0.5625388502229343,-0.20388553636407902
7.164657115936279,-0.024321679619138257,0.009975398796874452,2.0286317121312503,-0.1728862785543071,0.03722420693947184,0.11940016033427421,-0.9786049641065709,0.016885273399483963,0.33310309966864277,0.5538026252315045,-0.4368112495714893
7.184633731842041,-0.025701644192118928,0.01052412047312723,2.0298950481690228,-0.17435800159657913,0.04090598924444234,0.12413732952600133,-0.9557087705793399,0.12601248195402384,0.3157833061139666,0.5852185517674027,1.5707963267948966
7.204639196395874,-0.029378388704916058,0.01137449691314531,2.0324398158203927,-0.1932380786270247,0.044480704904418446,0.13028297148519494,-0.9321977037863377,0.23072843873371765,0.2988440090211702,0.5538026252315049,-1.5707963267948966
7.224727392196655,-0.03130513783909201,0.011621266302839637,2.0337941658324215,-0.20068912831700675,0.04137818573795949,0.13380976719659093,-0.8597742006697435,0.32514313115223636,0.2826923525522329,0.5805339225734714,1.3365648670983221
7.244550466537476,-0.03781824137695472,0.012627399437765368,2.0379038399867557,-0.23009565953925867,0.04085708843131043,0.1413510434326541,-0.8978578152577099,0.4086583144625269,0.2669012004135198,0.5491179960375732,-1.5707963267948966
7.264745473861694,-0.04260212530814799,0.013531655936873974,2.040783206035241,-0.24841038242197092,0.04983465963390318,0.14653410158041832,-0.9331531450646449,0.4884885394417485,0.25146319420705365,0.5805339225734709,1.5707963267948966
7.284704208374023,-0.04795750701061873,0.014055456801479856,2.043724194501365,-0.27220423652444314,0.04598066007148387,0.1507149155975751,-0.9763977321946512,0.5624753924822912,0.23670197171867302,0.5491179960375732,-1.5707963267948966
7.304980516433716,-0.05359960320172337,0.01509232452988538,2.046784865827529,-0.2921394807439795,0.05794122221993481,0.15530412490470635,-1.0166279027294793,0.6330089657445264,0.22227428476984226,0.5805339225734709,1.5707963267948966
7.324657440185547,-0.05661522634139625,0.015348529451223754,2.048373080060315,-0.3034933463750793,0.05460588399225714,0.1586209384847549,-1.024032021175932,0.6739202118956323,0.26123234797208433,0.5491179960375732,-1.5707963267948966
7.34461784362793,-0.06615838404603502,0.016938982749538988,2.0532911012733126,-0.33359904008034463,0.06533195142717652,0.16772541426717927,-1.0241478945939364,0.7204006130705906,0.2809481601613421,0.5805339225734709,1.5707963267948966
7.364588499069214,-0.0730351454491147,0.018392674039333038,2.056703059405092,-0.3540737146764119,0.08018369065548377,0.17353251304889175,-1.0231325301941774,0.7643550990840787,0.29958262850604295,0.6119498491093687,1.5707963267948966
7.384740352630615,-0.07664138683579855,0.018954960156610277,2.058478170108658,-0.3649644782589301,0.0805160200861739,0.1771678174287504,-1.0386259627863685,0.8235063155172795,0.28703453198056667,0.5805339225734709,-1.5707963267948966
7.404660940170288,-0.08414934453094747,0.020733768815532648,2.0620781077507337,-0.38587695117116594,0.09755160739653856,0.1827848470196675,-1.0523243818073935,0.8795354727450703,0.27470456000024024,0.6119498491093687,1.5707963267948966
7.4246790409088135,-0.09218042035875854,0.02244505847464711,2.0658228568515073,-0.40970027711921986,0.10523568748732552,0.18909144780318526,-1.0628443320355576,0.930113358287774,0.2609690553491363,0.613634370241356,0.084226056599368
7.444627523422241,-0.10503568051462037,0.025773746524869422,2.0716673194914277,-0.4441390610882762,0.1265694513842813,0.19842204383139442,-1.0740657125802526,0.9778016404924958,0.24330017871325915,0.6450502967772538,1.5707963267948966
7.464677333831787,-0.11413393750028629,0.028503733521150647,2.0756832647789714,-0.4657183560273282,0.146578788089579,0.20311507282308963,-1.0835817089481155,1.0226642227558085,0.2260764576752593,0.613634370241356,-1.5707963267948966
7.484626770019531,-0.11892166667984068,0.02982745920759155,2.0778068606088738,-0.4786959068971297,0.15173553489003075,0.207496254734303,-1.0832205461435336,1.062331807180659,0.2007349052705979,0.6450502967772538,1.5707963267948966
7.5052490234375,-0.13901175418856201,0.0364880291928314,2.086381894017887,-0.5234570933400992,0.1884757553607311,0.21813054521359287,-1.0293930274778027,1.1107098256485253,0.18431558836934897,0.648941229249588,0.19454662361670927
7.524657726287842,-0.14968321826588726,0.04048276414722254,2.090780293889797,-0.5435120287074156,0.21114919714513852,0.22165607376188382,-0.9762072845031525,1.156147603904991,0.16830505535156814,0.663028842709215,0.7043806729813529
7.5445404052734375,-0.15525549301649033,0.04256286990956242,2.0930773035908095,-0.5551913955907612,0.22063907665153853,0.2252731944053202,-0.8856621954234636,1.2018601234807453,0.15311997054390436,0.6361961463279271,-1.3416348190643967
7.5646772384643555,-0.16653052357937473,0.04721892560134971,2.0976123983202704,-0.5720169375321195,0.2451091946449824,0.22818693888556735,-0.7972448994686896,1.2446714140966242,0.13831800960577084,0.6676120728638253,1.5707963267948966
7.584643840789795,-0.17252531303204666,0.04963252536228094,2.099972263661558,-0.5869322250342778,0.2545351059069804,0.2311911294454549,-0.8085810225307786,1.214003529563231,0.10449912941331224,0.648431532241756,-0.9590270311034654
7.60454535484314,-0.19712885927411358,0.06071016170249055,2.1093968673734875,-0.6310022303853579,0.3011632344657511,0.237549490403691,-0.8163703392120241,1.152287563033617,0.08362610376803335,0.6798474587776537,1.5707963267948966
7.6247851848602295,-0.20991262388287277,0.06695983262261183,2.1141632252317026,-0.647395315084239,0.3236023402766415,0.23901900563810086,-0.8226960956519768,1.0918321980625272,0.06343902625047429,0.6500269121715667,-1.4910273303043509
7.644547939300537,-0.21662441154045997,0.07034491109407051,2.1165964699367312,-0.6606254041727325,0.33733787676663857,0.24063684428316912,-0.7748583297276348,1.076647636342011,0.05273841527170749,0.6814428387074649,1.5707963267948966
7.664767265319824,-0.2299887318106369,0.07730595958778161,2.121419055368214,-0.6756491428958694,0.35871461161441787,0.24158697793682077,-0.7276143063316817,1.0609395265510464,0.04232208830803296,0.6531187475778619,-1.4162045564801495
7.684644937515259,-0.23690136871098702,0.08118410260635102,2.123869793132151,-0.6854362704528129,0.3765382622317903,0.24276419255643783,-0.6229857707165805,1.1058571720300558,0.028645560347239345,0.6845346741137597,1.5707963267948966
7.704637289047241,-0.2651332180560949,0.09745154093698534,2.1336360047908385,-0.7180350826248062,0.4288518025179673,0.2445698321860375,-0.5720447184916556,1.1506021347410975,0.019507156701060104,0.6561350203710337,-1.4199826871363008
7.724629878997803,-0.279604960503735,0.10626153638919889,2.138530706113992,-0.7289712198909158,0.45228730916334925,0.24487066926265907,-0.5216620375071287,1.1924727240217314,0.010617853927521627,0.6875509469069314,1.5707963267948966
7.744664192199707,-0.29428538636575846,0.11554842642115869,2.143429662796541,-0.7389052840011805,0.47653180950634255,0.24499618990796815,-0.47183733793598037,1.2315080174282715,0.0019750858784474863,0.6561350203710337,-1.5707963267948966
7.764764308929443,-0.2946384207603881,0.11570478880568028,2.143434036993515,-0.7469605128271607,0.480619093725167,0.2449745753516718,-0.4087202157285013,1.2708765639134745,-0.0057992870133099115,0.6875509469069314,1.5707963267948966
7.784644603729248,-0.3098277357750017,0.12555905582788224,2.1483376960987934,-0.7603353376436978,0.5058633990017619,0.24497970888664777,-0.35617982382267976,1.3045751666727852,-0.013168847934922557,0.6561350203710337,-1.5707963267948966
7.8049376010894775,-0.34093355924515745,0.1467899217199116,2.158138827563458,-0.7841261035004745,0.5575761301241425,0.2446688036828592,-0.31985171694364023,1.3740252755438143,-0.020134526722718323,0.6875509469069314,1.5707963267948966
7.824589252471924,-0.356677653950258,0.15822072444784008,2.163027722235301,-0.7901638836399232,0.5857253314988206,0.24419810243286508,-0.28400668037549087,1.4403825580094187,-0.026902881384163246,0.6561350203710337,-1.5707963267948966
7.844583749771118,-0.3647595853794095,0.16413843673257553,2.165469685751457,-0.797534514083923,0.6003082081408772,0.24391504554719556,-0.276749814815101,1.5038724227940778,-0.0331047539329995,0.6811325814226388,1.2498780525802555
7.864690542221069,-0.38076511545467023,0.1764494583776976,2.1703409612031246,-0.8029925499892635,0.6309956291067352,0.24319242249695008,-0.26896694653706127,1.5643748618906284,-0.039127921632930635,0.649716654886741,-1.5707963267948966
7.884677886962891,-0.39704634458311205,0.18922692327250054,2.1752171641550513,-0.8115624655104257,0.6583692955648206,0.24292594974808623,-0.18626517177095814,1.5805388287266677,-0.044629608445626974,0.6775539986169505,1.391867186510476
7.904669761657715,-0.4133094340429931,0.20271138400300961,2.1800663985362023,-0.8144775037262947,0.690123302804072,0.24197968776620105,-0.10557183555175326,1.5944969659226635,-0.049969816662203716,0.6461380720810528,-1.5707963267948966
7.924714803695679,-0.42154304814733745,0.20958030374581152,2.1825015156279015,-0.8176919733186542,0.7034405474498634,0.24194928769195873,-0.07290799051498328,1.652067388486073,-0.05484418982561699,0.670960507749935,1.2411217834441102
7.944633722305298,-0.44627213770232343,0.23132746860974393,2.189755601700473,-0.8244503791032666,0.7505497106410237,0.24083997592383669,-0.059239063356027806,1.69827085093675,-0.0593937658097089,0.6395445812140368,-1.5707963267948966
7.96462869644165,-0.462772079690498,0.24668106528375378,2.194560226054984,-0.8254981149980445,0.784955188115195,0.2396077532272215,-0.045527697396642745,1.7418408263894694,-0.06380567976232011,0.6575343502790849,0.8994884532524061
7.984658241271973,-0.4794601832625633,0.2625916799979448,2.1993673383329555,-0.8304534160465583,0.8161199373143249,0.23901152017881885,-0.05696517641247623,1.7140253831534944,-0.06777158286038812,0.6261184237431872,-1.5707963267948966
8.004607915878296,-0.5044094401466881,0.28779875163449264,2.2065313103165147,-0.8321268687429204,0.8664611130095657,0.2376143502839231,-0.042816170955935096,1.7263346167408462,-0.07144166348587479,0.6487737081760656,1.1327642216439227
8.024636030197144,-0.5210595955355021,0.30547398757113375,2.211269070075484,-0.8328413778772578,0.9010985969177632,0.23614977532499615,-0.02862853953078289,1.7371698430831484,-0.07499676986871152,0.6173577816401679,-1.5707963267948966
8.044585943222046,-0.5293281548424,0.3145814440691226,2.2136410156689106,-0.8312601483226093,0.9186817030226933,0.23575365580108382,-0.025139140019741095,1.7202771914671868,-0.07817160305216711,0.642589011417201,1.261561488851659
8.064705848693848,-0.5459581232075307,0.3332979773419231,2.2183402479258127,-0.8317230747463654,0.9529133173673051,0.23415932775492948,-0.021055277213528845,1.702785312614378,-0.0812442610526224,0.6111730848813028,-1.5707963267948966
8.084669351577759,-0.5624712099940649,0.35277628106368003,2.2230186233157654,-0.8287487207604664,0.9889688829325345,0.23272991800080264,0.0021999788258281147,1.6774778247780437,-0.08390058519315025,0.6241134353057332,0.6470175212215157
8.104643821716309,-0.5790442049882637,0.3728894519353627,2.2276562688878583,-0.8284739895659441,1.0222628371943614,0.23102607886363347,0.025236703886677352,1.6518678439840548,-0.08646870391442497,0.5929050266926472,-1.5604204306542968
8.124729633331299,-0.5872460935331343,0.38330485656696245,2.2299640028683347,-0.8256373138828008,1.0416186757038874,0.23007553072593873,0.05943859910669532,1.6057778463305081,-0.10460317943327777,0.624320953228545,1.5707963267948966
8.144619464874268,-0.6119502273599449,0.4154493673676649,2.236827052107938,-0.8226167944169969,1.094512836957932,0.22701410322474566,0.08285948418259288,1.5677771391281254,-0.12159728432048093,0.5929050266926472,-1.5707963267948966
8.164704084396362,-0.6283844513211753,0.4376506351344406,2.2413419130320786,-0.8207289547088384,1.1254865401197978,0.22441742249344643,0.10585363798892254,1.5295574057966626,-0.13796741794181974,0.5885923883329731,-0.21563191798370518
8.184706687927246,-0.6365555763143662,0.44917418909727747,2.2435744740174646,-0.8187170615619549,1.146003371883792,0.22291053394272017,0.11239354256027444,1.495291372292093,-0.1370412194221006,0.5862645759409224,-0.1163906196025355
8.204941749572754,-0.6529069737705249,0.47239100855086286,2.2480053380761795,-0.8163989514377005,1.175562901570758,0.22017895107966126,0.11951313802714753,1.4605899917269498,-0.13611747377538136,0.5731741278894726,-0.6545224025724883
8.224653244018555,-0.669163240422067,0.4965519193336261,2.252396391555208,-0.8127540568453869,1.2134240940410794,0.21780761401337123,0.11185300182613855,1.422929425545111,-0.13496207278839698,0.5732360192246575,0.0030945667592430226
8.244558334350586,-0.6934195017101239,0.5338299838304379,2.25887342839876,-0.8069035920545825,1.2625146466268167,0.21386375238663183,0.14125981226773465,1.3882134638017094,-0.13376071753808885,0.5479932806005574,-1.2621369312050046
8.264772415161133,-0.7095273761759385,0.5593555845931705,2.263124030791879,-0.8037868347485169,1.2899283506476553,0.21120045140727028,0.17036573943641686,1.3530899518992516,-0.13257137075494213,0.5622592299234559,0.7132974661449243
8.284786224365234,-0.717470630037175,0.5725338615877249,2.265227835538337,-0.7994236846381657,1.3091533689185983,0.20980963485127488,0.1979860168099147,1.3190140710980094,-0.13144083315913754,0.535780895714653,-1.3239167104401428
8.304815292358398,-0.7334176797563318,0.5989784396360345,2.2693978149404246,-0.7951901918773345,1.3351894935785387,0.2071920407005144,0.22531463376913666,1.284531557981826,-0.13032022846175195,0.5509603759254191,0.7589740105383047
8.324683427810669,-0.7492321996052075,0.6262724649183273,2.2734965794153488,-0.789695015080104,1.3688457030778038,0.2039737883521721,0.22982726406957912,1.2469469915960698,-0.14450400550968606,0.5195444493895209,-1.5707963267948966
8.344584941864014,-0.7728175054804406,0.6680979536486288,2.2795450982094483,-0.783138452060598,1.4113171493636054,0.19964261167331934,0.17742095310013836,1.1771622614097137,-0.12483728502632475,0.5257864341786576,0.31209923945683116
8.364691495895386,-0.7884481627901294,0.6965551265893338,2.283514256312966,-0.7800938949677321,1.4341708470904,0.19733623930059033,0.1274356065173978,1.1083728702969673,-0.1059249521024804,0.5000439979720408,-1.287121810330838
8.384602069854736,-0.8039052821743481,0.7257635102261738,2.287408046461048,-0.7741249087591705,1.4637456086105856,0.1943422415164232,0.12363468714195865,1.0681810880473075,-0.10591229670290964,0.5129937757893548,0.6474888908656995
8.404618740081787,-0.819363264404214,0.755249383014338,2.2912737105469554,-0.7716831631893605,1.4847079563114989,0.19222426725742026,0.12067978022581981,1.0280669922381558,-0.10588224477014962,0.48157784925345704,-1.5707963267948966
8.424692630767822,-0.8269035586195764,0.7703637724557445,2.293159493379559,-0.7655507783061656,1.5006830970146101,0.19029915152665028,0.1255283482873023,0.9815693888469628,-0.10579953218299487,0.507857833597321,1.3139992171931958
8.44474983215332,-0.8496540117033079,0.8160365077397873,2.2987945748538907,-0.7572096449559143,1.53559810294195,0.18637863987816652,0.13724227290721505,0.9253941201924828,-0.10565288579504306,0.4764419070614232,-1.5707963267948966
8.464698314666748,-0.8647699683428224,0.8469298427746274,2.302501027578318,-0.754346515930937,1.5535507587372273,0.18426716981947847,0.1490931275499744,0.8700014983113342,-0.10549171193760047,0.46711965161965896,-0.4661127720882119
8.48463749885559,-0.8796713013174488,0.878430422403994,2.3061142842176885,-0.7475857795792906,1.5768251208429802,0.18093581055768457,0.1654679458945414,0.8126152417047413,-0.1052503353330302,0.4596484054317509,-0.37356230939540325
8.50462818145752,-0.8945888369427042,0.9101256666675057,2.3097119670700907,-0.7441135523776651,1.5925109849641408,0.17883332031010923,0.18173710450821037,0.7561189726961741,-0.10499664937726465,0.4500334848688028,-0.4807460281474052
8.524616241455078,-0.9019813298197595,0.9262486561879708,2.3114817511371033,-0.7410991733898534,1.6041982062927322,0.17744233917028956,0.19738398491981635,0.7096595362355177,-0.10473128580239567,0.45233229607343706,0.11494056023171328
8.544578313827515,-0.9241221059733793,0.9748757789989776,2.3167591895237853,-0.7350235613165192,1.6301661386793647,0.1743614535746389,0.20612876806504044,0.6554784387798238,-0.1044531607040853,0.4214908519393954,-1.5420722067020831
8.564674615859985,-0.9387807596405843,1.0076066285811782,2.3202255471155784,-0.7308120700485605,1.642741092580662,0.1722752733389795,0.21504930557908725,0.6021602462578501,-0.10416284282285906,0.44060958774506,0.9559367902832294
8.584659099578857,-0.9460700370403502,1.024205013362035,2.3219470100289588,-0.7283625231138204,1.6522464189657413,0.17132611778673743,0.22011667827961842,0.5477721184188621,-0.10388777623503831,0.40919366120916223,-1.5707963267948966
8.60494089126587,-0.9750074375723049,1.0909561191610748,2.328711889189454,-0.718773378747153,1.6791709832161317,0.1670330904247286,0.24615633288863256,0.5095880875193025,-0.1035712409561214,0.4088284414085628,-0.01826099002997239
8.624704122543335,-0.9893319578596611,1.124638929089268,2.3320318584612054,-0.7135931804097809,1.6889839458281066,0.1649649324030809,0.27179724709233155,0.4717689465726866,-0.10324254771740199,0.3907452358265431,-0.9041602791009851
8.644545316696167,-0.996446987916013,1.1416231559740178,2.33368397279003,-0.7105127056734029,1.6953195713662395,0.16417892398674208,0.29592884755020543,0.4366435624219156,-0.10293764858141684,0.4039767574195605,0.6615760796508718
8.664636611938477,-1.010596466014354,1.1756145486296177,2.3369469847131255,-0.7043558996398039,1.7037035569605217,0.16212332767434492,0.31969024110861544,0.4018023987844763,-0.10261984589092865,0.37256083088366276,-1.5707963267948966
8.68462085723877,-1.0246902275963108,1.2098530730371224,2.340187838658694,-0.6996586942062745,1.7134069742990923,0.16050492405382374,0.34199684108419837,0.36535604290725704,-0.1023223902600077,0.38994914662491764,0.8694157870627439
8.705679178237915,-1.0386135317301879,1.244191873095364,2.34337749317971,-0.6925984779341373,1.720352817930912,0.1584615653243376,0.3639692473020518,0.32929194821217567,-0.10201121030435804,0.3585332200890199,-1.5707963267948966
8.724652767181396,-1.0455910941170217,1.2614342652551944,2.344965020386792,-0.6908407371711235,1.7238690058428876,0.15766957605826518,0.3762071373558448,0.2878454656143322,-0.10171846686936328,0.3803492273143121,1.09080036126461
8.744644403457642,-1.073036816837007,1.3306601129721845,2.351196848412838,-0.6784013380442937,1.7359161890502413,0.1537587949572061,0.38808748290955386,0.24631420823511496,-0.10139235084401486,0.34893330077841433,-1.5707963267948966
8.764660835266113,-1.0865264373920747,1.3654249629723916,2.3542517682770785,-0.6705213376202672,1.7404325132672005,0.15173432471214132,0.39990142155794833,0.20542482351423078,-0.10105238042135493,0.3384481031110562,-0.5242598833679057
8.784652471542358,-1.086548745864975,1.3654133296111175,2.354252147948769,-0.6710247427923821,1.7395617207890914,0.1517538577125619,0.42075118957018925,0.17231500886397152,-0.10073160492231187,0.3518943917252675,0.6723144307105633
8.805475950241089,-1.0998837147749292,1.4002368383131643,2.3572671008755055,-0.6624036001803532,1.7426800231408515,0.14974255135178216,0.4413156167659112,0.13957710518821878,-0.10039669098021105,0.32047846518936973,-1.5707963267948966
8.824693441390991,-1.113121551702526,1.4351617483412409,2.3602523610392714,-0.6553661951693182,1.7462388362252177,0.14803382265566417,0.4633588324670857,0.10807549380699172,-0.10006613414961056,0.3397540959273373,0.9637815368983782
8.844560623168945,-1.1326351493862836,1.4876066358137938,2.3646564348929955,-0.6431004547251545,1.7494606929204,0.14526381843209346,0.47825321234668894,0.0805232412337744,-0.09971804480286417,0.30833816939143954,-1.5707963267948966
8.86467170715332,-1.1454005204223567,1.522610128523007,2.367541791570025,-0.633387370814012,1.7507974719564114,0.14327305690076678,0.4930366201201874,0.05319143403650865,-0.0993557592188026,0.3120970304379753,0.18794305232678887
8.884669065475464,-1.1517678991669371,1.5400978338925086,2.3689765800070672,-0.6300421181941634,1.7503034510848547,0.14247877781399249,0.499617008109507,0.01587842814278577,-0.09900631073423256,0.2987188506583234,-0.6689089889825972
8.906354427337646,-1.1766483500523783,1.6100964609840367,2.3746221913118912,-0.6118195499191335,1.749985031399768,0.13921136188785735,0.509399986669133,-0.009426226945336031,-0.09864842220908172,0.2824151497940002,-0.81518504321616
8.924594402313232,-1.188782207949225,1.6450925988570644,2.3773867134624993,-0.6015335704235949,1.7495450385016558,0.13724209523845782,0.5192007546206834,-0.034541437011404545,-0.09827580617780443,0.2870772003974831,0.23310253017414517
8.94461441040039,-1.1947918801634148,1.6625405795300894,2.3787785105395454,-0.5968226543269028,1.7476419043832225,0.1369576144790676,0.5259371606755194,-0.06032594380558617,-0.0979459538044463,0.2727775984325116,-0.7149800982485743
8.964832544326782,-1.206622693385679,1.6974796457594223,2.3814980964231496,-0.5862359917346668,1.746179589942302,0.1350021262570437,0.532739971171122,-0.08586452931929373,-0.09760024496543217,0.2751694754216687,0.11959384945785523
8.98462438583374,-1.2182575220736191,1.7323332914940626,2.384216558748116,-0.5760000720587362,1.7428846703030114,0.13400632185336625,0.526886167405416,-0.11581425073697993,-0.09729231011667303,0.2559750762448538,-0.9597199588407435
9.00469183921814,-1.2296725127801889,1.7671658471646154,2.3868772481030835,-0.5655169308857066,1.740272513992669,0.13206369670671103,0.5215063639550975,-0.1453291219449453,-0.09696739523322954,0.26522290385638714,0.4623913805766655
9.024643659591675,-1.2352955319414969,1.7845260085995607,2.388215577300513,-0.5601852186819085,1.7375350523388904,0.13173618259978884,0.5095716465085619,-0.17618946588942366,-0.09667636307918043,0.24519245052299965,-1.0015226666693744
9.044727087020874,-1.2518374354168151,1.836559599497402,2.392143179069423,-0.5438818643133928,1.7315482294603224,0.1293644166187447,0.5081368124811672,-0.21540300264520656,-0.09637572493473952,0.24808093839084355,0.14442439339219515
9.064702272415161,-1.262613528003592,1.8711449134283311,2.3947112131940242,-0.5337313128809762,1.7268553932074249,0.12744005749109819,0.5069611887339192,-0.2537342683746603,-0.09605723441675051,0.22895122562073,-0.9564856385056775
9.084612846374512,-1.2731142101833495,1.9056179536222995,2.3972675262971266,-0.5217954801807219,1.7212036030792377,0.12619207564990392,0.5030210129198064,-0.2938032846599817,-0.09575162073783047,0.23903711134967764,0.5042942864473821
9.104711532592773,-1.283449762516796,1.9399806427408337,2.399772238767107,-0.5117718395241915,1.714935006341066,0.1242802503942442,0.49939502662857177,-0.3328941761597867,-0.0954279113952814,0.21080357608836975,-1.4116767630653948
9.124665260314941,-1.2884926079815044,1.957126980171299,2.4010251210860925,-0.5053698658871085,1.7116809134427593,0.12375223686239892,0.497581352208117,-0.37003960599127106,-0.09512060973308349,0.24098189991173502,1.5089161911682636
9.14471983909607,-1.2985005966598873,1.9912841610816185,2.4034811631033843,-0.4954341641444429,1.7039164834255458,0.12185305009282803,0.4960326228979524,-0.40624801256895293,-0.09479504649037654,0.20956597337583727,-1.5707963267948966
9.164705753326416,-1.307751615748024,2.0236620924511435,2.4057816654688025,-0.48415071631276113,1.6980230941008094,0.12002270769018221,0.5009099494764885,-0.4241460809374799,-0.0944365764731831,0.21376700574147156,0.2100516182817147
9.184603452682495,-1.3220102261022326,2.074458104645831,2.4093282237139904,-0.46787479677759203,1.6864805921987787,0.11689278544322268,0.5149915250796102,-0.4321858214699954,-0.09401198956767097,0.18689596523357865,-1.3435520253946454
9.204713344573975,-1.3312637995791459,2.1081007365490865,2.411647306090317,-0.45743658578666613,1.677755347617017,0.11501691800463854,0.5287811021007847,-0.4403609189314367,-0.09357224910025512,0.20869286665100084,1.0898450708711094
9.22458815574646,-1.3402767493955507,2.1415647562001845,2.4139261562423635,-0.44617743514418523,1.6685444991605822,0.11303424447627877,0.5341363372082726,-0.4598506722965456,-0.09309535737070497,0.1772769401151031,-1.5707963267948966
9.244635105133057,-1.3490934696074899,2.174824371928346,2.4161643912536133,-0.4353618890124564,1.6586539241668008,0.11104341899474197,0.5517031005188132,-0.465581972043336,-0.09258882224504854,0.19399154933702567,0.8357304610961291
9.26461148262024,-1.357689219041355,2.2079039423694655,2.418366776281702,-0.4241560557850142,1.6492833799997,0.10919681507048429,0.5688027538875874,-0.4715038909605168,-0.09206944903768756,0.16257562280112792,-1.5707963267948966
9.284670114517212,-1.3619143534047595,2.224327332769033,2.419447384686346,-0.4188366991162024,1.6430590916769825,0.10810352358819972,0.5676215471790057,-0.49053224225622116,-0.09153519521397122,0.19386972840529504,1.564705280208356
9.304746627807617,-1.3701776320639223,2.2570891571951717,2.4215911843344227,-0.40749445500289166,1.6330610949774667,0.10627826186228859,0.5666350298148628,-0.509209077211265,-0.09098900591982523,0.16245380186939729,-1.5707963267948966
9.32463788986206,-1.3782506183480425,2.2895794226018555,2.423681550487016,-0.3970178198868241,1.620761348524356,0.10395471406455858,0.5658637970404404,-0.5631357304149988,-0.09038379220411714,0.16755027196580796,0.25482350482053384
9.344637393951416,-1.3899119352212967,2.337944659717434,2.426740459592467,-0.3801450156953797,1.6037742096033052,0.1007627668655868,0.5683234977766964,-0.5716531259159426,-0.08970587682726544,0.14179932217191515,-1.2875474896946404
9.36463451385498,-1.397401010271397,2.36990524575712,2.428737819327562,-0.3687545178049761,1.592256023559601,0.09897549153703582,0.5707149588601357,-0.5801643471710995,-0.08902041168066503,0.16397381070532857,1.1087244266706708
9.384635210037231,-1.401054137918969,2.385804533896686,2.4297225049119304,-0.36270860067444105,1.5864999777887063,0.09806563062819883,0.5907923043094339,-0.5908561394868502,-0.08833811940123087,0.13255788416943082,-1.5707963267948966
9.405685663223267,-1.4151044779872926,2.4487816940406586,2.4335682326215586,-0.3394202728351343,1.5624182925321293,0.09437292880622751,0.601700270061229,-0.601293026328332,-0.08758056137929698,0.14593877643098185,0.6690446130775518
9.42462706565857,-1.4217718352661424,2.4799091121332757,2.43543822584058,-0.32728036479378975,1.5502891694986785,0.09262893497756265,0.6122274175077356,-0.6115972047837334,-0.08681799923432809,0.11634283636985465,-1.47979700305636
9.444581747055054,-1.425037011322543,2.4953459447838084,2.4363621144040435,-0.3217914992926957,1.5430584565959955,0.09182592797081958,0.6167760475264515,-0.619635575537677,-0.086067726493106,0.1477587629057524,1.5707963267948966
9.464683771133423,-1.4313491911705984,2.5260826532456333,2.438181469684888,-0.30941187685239485,1.5305857510180418,0.09011211752721636,0.6211586747386669,-0.6276271374033969,-0.08531250475139965,0.11634283636985465,-1.5707963267948966
9.484647274017334,-1.434446700611469,2.5413204215682144,2.4390716677833137,-0.30413838968601653,1.5232098266850722,0.08901985190142113,0.6250963071675406,-0.6323462574633552,-0.08454970403210936,0.1328771012665979,0.8267132448371628
9.504633903503418,-1.4404041942201438,2.5716578314180647,2.4408352059475953,-0.291598350698393,1.5105152403662974,0.08733652137952953,0.6288824781044828,-0.6371216103204493,-0.0837826503930704,0.10146117473070015,-1.5707963267948966
9.52468204498291,-1.4461517681284588,2.60169002417194,2.4425470878725277,-0.2799908706999753,1.496437315047015,0.08528822562702283,0.6302727958339673,-0.6447746371639348,-0.08297450817402137,0.13070677933782227,1.4622802303561055
9.544560194015503,-1.4542809791542408,2.6462612734309667,2.445061318679127,-0.26140585754845763,1.476098228833066,0.08259022717267096,0.6340068596440067,-0.65645147697308,-0.0821181015492065,0.09929085280192451,-1.5707963267948966
9.564660787582397,-1.4593820557980874,2.675651180754964,2.4466967567479845,-0.2486900123701972,1.4628543464824204,0.08095643781935338,0.6375452383056481,-0.6678986334343919,-0.08126067130534557,0.10637030947810633,0.35397283380909084
9.584620952606201,-1.4642400457574265,2.7047340861908364,2.4482845152165353,-0.23627898376663103,1.4483124257700526,0.07899930940409916,0.6319382178080682,-0.6928485166089025,-0.08036937007693663,0.08658094097956015,-0.9894684249273089
9.605367660522461,-1.4710471148263302,2.747862279970458,2.450624454223196,-0.21742239183952367,1.427094235353552,0.07677524606037935,0.627842396236872,-0.7177979184720733,-0.07945852812504269,0.09737752452230541,0.5398291771372632
9.624557971954346,-1.4752702648892861,2.7762589799519515,2.4521441281062244,-0.204906110698624,1.4124951377093593,0.07519517465799619,0.6237935188732723,-0.7419855830961621,-0.07854880469084084,0.07314429442222892,-1.2116615050038249
9.644665956497192,-1.4772822399892245,2.7903521720723505,2.4529040618642144,-0.19844566764154054,1.4050423154695821,0.07476442190109506,0.6286455994258692,-0.7671182091075012,-0.07767840331193597,0.10023817037655469,1.3546937977162887
9.66494369506836,-1.4811251147335902,2.8182979597474636,2.4543838726337004,-0.18582656373859996,1.3894553735124926,0.07321955537190108,0.6332185770142365,-0.7914419180688448,-0.07680830736401155,0.06882224384065694,-1.5707963267948966
9.684701681137085,-1.48470029790577,2.845995814462798,2.455838391586537,-0.17275128777044513,1.375227310674391,0.07173823231922581,0.642444843322684,-0.8089280031598401,-0.07593087793491356,0.08611303103032242,0.864539359483274
9.705058097839355,-1.489595018661065,2.8869412378727035,2.4579568705058725,-0.15339856598111692,1.3523963346165462,0.0695043487739571,0.6593253214226289,-0.8140180771185371,-0.07502551329453357,0.054697104494424664,-1.5707963267948966
9.724746942520142,-1.4925300344565975,2.9138260286441446,2.4593320126421134,-0.140049068430484,1.3360662438494337,0.0680128764209606,0.6755090046108546,-0.8189677028243095,-0.07412204311644638,0.08090105637095357,1.3101975938264454
9.744571208953857,-1.493912158742522,2.9271761658194757,2.460008918261258,-0.13363745302436408,1.328627374970599,0.06728040129223845,0.6907089645312781,-0.8266434849484562,-0.07323579909630804,0.04948512983505582,-1.5707963267948966
9.76463508605957,-1.496445788193534,2.9535828862508433,2.461339938121186,-0.11967718901066064,1.312019970693116,0.0658245328819689,0.7052000334014346,-0.8340527766353474,-0.07235134574993117,0.0737302347614901,1.212255246321714
9.784676551818848,-1.4976499529028755,2.9666740282629043,2.461991390881206,-0.11372824512478244,1.3039085991442363,0.06501646442591359,0.7201196942640027,-0.8458402790831685,-0.07147749329079714,0.042314308225592345,-1.5707963267948966
9.80464506149292,-1.4997795365640625,2.992582267175312,2.463277482833598,-0.0991828737538438,1.286877386175035,0.06359563733946007,0.7342940274695908,-0.8572121336173169,-0.07060553647740637,0.0693881857797991,1.353693877710338
9.82456088066101,-1.5017067980884429,3.018166895626374,2.464530956505784,-0.08662828521763496,1.2701967012039712,0.06207536790423563,0.751003530600968,-0.8594427844347111,-0.0697177391647295,0.03797225924390135,-1.5707963267948966
9.844569206237793,-1.5040298830139205,3.0558996969357755,2.4663575631394044,-0.0659841778053464,1.244794061978516,0.05986207112147649,0.7365568889042194,-0.8587027834681251,-0.06879455443726189,0.0526646693792574,0.7346205067678024
9.864559173583984,-1.505203199541537,3.0806238883913815,2.4675411069947595,-0.0513943817618243,1.2276276460583966,0.058495378223350505,0.72248477488434,-0.8579340459085432,-0.06787541224794887,0.02577351594559385,-1.3445576716831775
9.884636163711548,-1.5057152813641,3.0928591475555347,2.468122804983491,-0.04490850220655688,1.21903051512441,0.05786231599174017,0.7425719476600495,-0.8628936373207222,-0.06697812439857641,0.05520882627654666,1.4717655165476407
9.904927492141724,-1.5067341081692867,3.129032644514133,2.4698297331075536,-0.022622436533948274,1.1928932046207874,0.055871323830418256,0.7660258347272209,-0.8601533917697495,-0.06605617646143215,0.02379289974064891,-1.5707963267948966
9.924728155136108,-1.5070318458487233,3.1527186602023365,2.470934009575886,-0.007076992148249296,1.1757174709804505,0.054559380404217,0.7883278597546408,-0.857421361507108,-0.06513895651061946,0.03608092849429401,0.6144014376822549
9.944562911987305,-1.5070541433456486,3.1760305502700024,2.47200137365925,0.00777355904216753,1.15777757995668,0.05303236586169717,0.8090949068603577,-0.8533958107033401,-0.06420266708054467,0.012898796724358341,-1.1591065884967833
9.964705228805542,-1.506735521961441,3.199015687879351,2.4730492425776824,0.024154259387551016,1.1407493865429732,0.05175762796000199,0.8287991389597704,-0.8494341325509553,-0.06327207379600308,0.03248208014351617,0.9791641709578913
9.984649896621704,-1.506508901881075,3.2103490014399294,2.4735710902421517,0.031047398492275793,1.1314458534588068,0.051348084797204804,0.8572187254325805,-0.8365641428997426,-0.062376664431321685,0.0049740298535807526,-1.3754025144967708
10.004659414291382,-1.50571468308127,3.2328114430771007,2.474585636050263,0.04846471778059268,1.1148398388983545,0.05010946410765661,0.8842898994230254,-0.8241054720547771,-0.06148623668320768,0.029239453739978494,1.213271194319887
10.024655818939209,-1.504704551748991,3.2548725392097877,2.475586784267889,0.06287142302392741,1.096628603436599,0.04916087246277332,0.9062547650703564,-0.8113781188670335,-0.06060991244863447,-0.00217647279591926,-1.5707963267948966
10.044605255126953,-1.5025074498403523,3.2873461660169463,2.47703622414115,0.08733806083863856,1.0708228513093283,0.04738028982697175,0.9086270118248642,-0.7790518074914007,-0.05971292902682482,0.01624405845879151,0.9210265627355385
10.064671039581299,-1.5005788229520287,3.3086089067008557,2.477971946864635,0.10553134563549013,1.055554907106997,0.046194953383831436,0.9106423832783825,-0.7479445526454334,-0.05882167052372408,-0.013387258314160988,-1.481565838647625
10.084587574005127,-1.4983816377762866,3.3294462069612,2.4788851842234094,0.12157353499410092,1.0375806566496402,0.045058118638003346,0.9182486276073835,-0.7198770605986907,-0.057930063377102194,0.011504125918072372,1.244569211611668
10.105252981185913,-1.4957830207220684,3.349991182180563,2.4797724968491353,0.13946454668175956,1.0213131584013877,0.04382900435698083,0.9262468154715321,-0.6903088327678603,-0.057035532527360974,-0.01991180061782538,-1.5707963267948966
10.12463641166687,-1.4928079764043227,3.3702812963347175,2.4806377291430954,0.1580646031081214,1.0077929269274237,0.04269718533613017,0.9336623456901102,-0.6619076192078113,-0.05614744342754176,0.0003377189985052098,1.0124759808165296
10.144577026367188,-1.489487322248728,3.390116902112602,2.481468126624313,0.17614579068558703,0.9901160232288048,0.04127844521297122,0.9410476993265846,-0.6276733799788321,-0.055238686415719315,-0.030782442829736745,-1.5560080914120977
10.165224313735962,-1.485775733333786,3.409795900381943,2.4822827080028107,0.1950358024367472,0.9778932723672998,0.04018269701272608,0.9478583132663744,-0.5948324937974213,-0.054337373465659394,-0.006950185045037305,1.191612889234972
10.184621572494507,-1.4817044733936735,3.4290351146225735,2.4830656458047224,0.21365934768620032,0.9610589008035595,0.03884583688921862,0.9642465503734334,-0.5866017350808519,-0.053420148219351836,-0.03836611158093506,-1.5707963267948966
10.204581499099731,-1.4748758920742233,3.457487692376794,2.4841986474164286,0.24228504963403355,0.9403550204634108,0.03701511349505016,0.9811843405732987,-0.5743294429721904,-0.05247115282771446,-0.02428025835075509,0.7042926615089984
10.224605321884155,-1.4698328765491384,3.4761807183194167,2.4849285182441982,0.2620695336582443,0.9289867024386967,0.035975100754805915,0.9970938012382423,-0.5625907409417168,-0.051531710367577505,-0.04885974272226923,-1.2289742185757069
10.244543552398682,-1.467178377987441,3.4853661186140643,2.4852872561672714,0.2716539315687632,0.9213733212614549,0.03553028462481006,1.0049823093394201,-0.5477922410002867,-0.05062199984469727,-0.029410053254677493,0.9724844733795868
10.264554023742676,-1.4615438135711063,3.503684980393113,2.485987797658837,0.29182637128651295,0.9105600044513292,0.03452686702586809,1.0121408447920124,-0.5336477624091281,-0.04972125107598434,-0.0593870336506539,-1.4988490197988202
10.284664630889893,-1.4585987708361172,3.5127045049589545,2.4863356816755537,0.30132953406577856,0.9036743488675892,0.034177862373241955,1.016019945412158,-0.5217386126798493,-0.04885384614839893,-0.03532052194253765,1.2033255854058122
10.30467414855957,-1.4523687484436725,3.5306744103273378,2.4870095255683253,0.32168358066299624,0.8933540330784161,0.03320939076805239,1.0192827392601307,-0.510384963055322,-0.04799468649522031,-0.0667364484784354,-1.5707963267948966
10.324674606323242,-1.4467702398702158,3.5457172819109597,2.4875668309850596,0.3386844046034926,0.8830315610282046,0.03237715574074275,1.027364806352972,-0.4937561338662909,-0.04714271398776569,-0.049314424768847065,0.8711011854794171
10.344574451446533,-1.4361461956004804,3.5719429337950683,2.4885124899311597,0.3696604448550701,0.8671320416529696,0.030858098127306215,1.040008706737048,-0.47812047820920084,-0.046269293807789116,-0.08073035130474482,-1.5707963267948966
10.364631175994873,-1.4285441900703848,3.589190956224906,2.4891204557994775,0.3905790582010988,0.8577198788241093,0.029941369224563825,1.0516939384639945,-0.4632170760460034,-0.045405137146368485,-0.06585629861345366,0.7437026345645581
10.384629487991333,-1.424581675015152,3.5977125572935353,2.489417488284367,0.40122189535766906,0.8522874939517816,0.029473899781884996,1.0527818406256653,-0.4512158984982849,-0.0445636500867862,-0.08559531996870895,-0.9869510677627646
10.404942750930786,-1.4163466372855222,3.6146688338072406,2.4899981092054673,0.4222835698171453,0.843378147327683,0.028590967724638414,1.053289649426741,-0.43981879649610595,-0.043731030520655106,-0.07984220308084433,0.2876558443932309
10.424652576446533,-1.4076907620859176,3.63139821365045,2.4905674340750816,0.4434018134287177,0.8334676688550202,0.027922666242338613,1.0545972838765625,-0.4281406899385344,-0.04291541583572694,-0.09733134856928105,-0.874457274421836
10.44457459449768,-1.393898927389034,3.656189589353467,2.4914004735431776,0.4754731667078996,0.8201689452875669,0.027067794103270176,1.0510441868151494,-0.4172936381830868,-0.04211483004777905,-0.10076595043633674,-0.17173009335278433
10.464580297470093,-1.384179512335067,3.6725102034651074,2.49193345941305,0.49645514842524363,0.8119266793422397,0.02623343361369898,1.047087216517201,-0.40702947210352963,-0.04132261054199205,-0.11026238071112804,-0.47482151373956505
10.484633445739746,-1.3791320782083978,3.6806028987295183,2.4922116782265977,0.5077925063569194,0.8077637624256191,0.02634906921064186,1.0425862265146184,-0.39999759927416867,-0.040585464867597565,-0.10867797453161065,0.07922030897586918
10.505037307739258,-1.3579133493384805,3.712590836228012,2.49326325533739,0.5512301289598364,0.7917719538469897,0.02548165847626247,1.0286438191787284,-0.39880580663793824,-0.03986542445435467,-0.13546821330001757,-1.3395119384203458
10.524658918380737,-1.3466839477162402,3.7283465805089926,2.493764963097657,0.5716635441926643,0.7838055762886226,0.024691495887733433,1.0146971247502912,-0.3978751272034734,-0.03915192303778298,-0.12600732056778563,0.473044636611597
10.544673681259155,-1.3408605257405102,3.7361831111512163,2.4940216953972714,0.5833027371066813,0.7803727899966052,0.024629653607164154,0.9995439554792375,-0.3993851588249692,-0.03847692277676469,-0.1403672402674485,-0.7179959849831441
10.564674139022827,-1.3289955699208662,3.751710579697426,2.4945066378043133,0.6031425012519501,0.7723683958659808,0.023866818396272874,0.984440889770335,-0.4010857302182969,-0.03780753292973493,-0.14123485910790645,-0.043380942022896996
10.584602355957031,-1.3228373244474803,3.7594478261560695,2.494752702401071,0.6151132443106603,0.7693626535999917,0.023764223641329792,0.9726704415513604,-0.3991409257354155,-0.03717120485370763,-0.14716217358616435,-0.29636572391289473
10.604629516601562,-1.310341312471487,3.7747553650163206,2.4952205948122343,0.6344485659068823,0.7613966719901123,0.02302712239690175,0.9608542598132057,-0.3975089758843209,-0.036539728318834425,-0.15483163339132355,-0.38347299025796033
10.624672174453735,-1.2973181264664482,3.7899723119198656,2.495690324340255,0.6571148341945606,0.7551743276514645,0.02271187113445527,0.9489401844545436,-0.3971154418165193,-0.035932851348450597,-0.16170473416696218,-0.3436550387819315
10.644649267196655,-1.2839868399575904,3.804996389378039,2.4961374154347475,0.6759738416072832,0.7472339156079425,0.021999246808964524,0.9369477018615204,-0.3969661443510787,-0.03533030320445566,-0.16862881574717825,-0.3462040790108034
10.664697408676147,-1.2701435109984593,3.8199320892749276,2.496587645006824,0.6980081307228186,0.7410624256557966,0.021734531019279812,0.9255027622545449,-0.39577001008060647,-0.0347532901316606,-0.17598774539958528,-0.36794648262035157
10.684642553329468,-1.2487048953655027,3.8420303411196293,2.497235748313104,0.728002855731416,0.7304736145977563,0.02102977603303662,0.9146449258874809,-0.3935812330199286,-0.03418246521908211,-0.18887739023439076,-0.644482241740274
10.704956769943237,-1.2263838745947822,3.863809241248574,2.4978610792345077,0.7573175300128997,0.7198548922686766,0.020278797799720187,0.9044588114990526,-0.39360884910271826,-0.03361386092480252,-0.19746386931048532,-0.42932395380472776
10.724725484848022,-1.2110573180068782,3.8781276022007862,2.498259970133824,0.7753037298753507,0.711980227383101,0.01961217471180483,0.8941391949731365,-0.3939014490652274,-0.03304908713047417,-0.20305169163648484,-0.27939111629997626
10.744621515274048,-1.2032031105308871,3.885268035519449,2.4984614161678085,0.7857350670804514,0.7091676896305984,0.01948639224154046,0.8824493133545538,-0.3969452346863152,-0.0325086099880889,-0.20495822724132973,-0.09532678024224417
10.764663934707642,-1.187312703174942,3.899371788896047,2.498844678155738,0.8032664020153011,0.7011969402438292,0.018841597020903766,0.8706694105119922,-0.4001575161817233,-0.031971469368942025,-0.21544153998267435,-0.524165637067231
10.784597873687744,-1.1709886989169729,3.913379981866777,2.4992261652198002,0.8226656831692787,0.694776246811321,0.018477515037221462,0.8580383137826672,-0.40471021670819757,-0.03144777331417656,-0.21964675693713742,-0.2102608477231538
10.804783821105957,-1.1543646227660613,3.927194255669567,2.4995894607210007,0.8396996226228045,0.6866355872131664,0.01785377019918956,0.8453455659822514,-0.4093740500064176,-0.03092723867446351,-0.2283500604326445,-0.43516517477535377
10.8246328830719,-1.145876529061211,3.934085778937811,2.4997732684905003,0.8494175013511763,0.6838426352966128,0.017744040513435713,0.8322706516878233,-0.4096833846105533,-0.030429051357952017,-0.2278354827743394,0.02572888291525466
10.844616174697876,-1.1199680355250887,3.954463090840579,2.5002981419319896,0.8757506072233935,0.6728145826417666,0.01701400250269493,0.8216030772282843,-0.4157028809990797,-0.02992742321492649,-0.24561477083796568,-0.8889644031813138
10.864613056182861,-1.1022894220388835,3.967835838488234,2.500632469790581,0.8920746444936599,0.6644399759698216,0.016420445529852976,0.8107740715755157,-0.42176469899912034,-0.029428771463536414,-0.24449007081073404,0.05623500136158199
10.884575843811035,-1.0842272579425798,3.9811060204204005,2.500960726927941,0.9095835955412109,0.6576911379304969,0.0159708124995854,0.7945920941273915,-0.41692197834130956,-0.028934473271612412,-0.2566681942469833,-0.6089061718124622
10.905084371566772,-1.0658582838547925,3.994198755598212,2.5012766604477648,0.9260158758835934,0.6501403573804219,0.01547214746935542,0.7851784550092635,-0.4097519964321396,-0.028444495079450877,-0.2593731737842959,-0.13524897686563175
10.924647331237793,-1.0471815667536821,4.007120062717457,2.5015804470075715,0.9416238884742564,0.6420124162650203,0.014908131380922613,0.7755947945244348,-0.40313334911595056,-0.02795763441779753,-0.26875871142597996,-0.46927688208420193
10.944623708724976,-1.028150789907948,4.019912039709115,2.5018792600785216,0.9581195454779036,0.6347545901807182,0.014512264993930891,0.7685286851085832,-0.3940606006269039,-0.027477117183908224,-0.2733709829949329,-0.23061357844764707
10.964872598648071,-1.00883517659597,4.032528892020274,2.502164041831768,0.9734174168493889,0.6269587394583962,0.013967501537810926,0.7612181032845807,-0.38563089330024,-0.02699975525436501,-0.28122750370450733,-0.39282603547872164
10.984609842300415,-0.9990466979651839,4.038779547730046,2.5023069005322127,0.9814273896647133,0.6232118097894848,0.013832715322560902,0.7570675504579594,-0.37061508736343524,-0.02653984911750593,-0.2813106080288126,-0.004155216215262492
11.004663467407227,-0.9792670318063447,4.051170619063529,2.5025782773868688,0.9965241645647559,0.6159425216770473,0.013306493665173018,0.752549159359645,-0.35645545983155047,-0.02608279270986847,-0.2920987590849289,-0.5394075528058151
11.024702310562134,-0.9591768433352195,4.063380074465134,2.502845838907663,1.011675991837288,0.6078749324584733,0.01295292566379267,0.7437259903292085,-0.3456386835514331,-0.025632259478662805,-0.2957044109114073,-0.18028259132392144
11.044568061828613,-0.9181247281914007,4.087358379504358,2.503348846240447,1.0410593983217697,0.5926987831336848,0.012070623037818761,0.7336689818249434,-0.32898610917928134,-0.025165486867264133,-0.31475369534018505,-0.9524642214388868
11.064642667770386,-0.8971574849964917,4.099147621129784,2.503585256545915,1.0556308595541197,0.5862777613371378,0.011571951676363462,0.7234505617854184,-0.31327132134780505,-0.024702236749007907,-0.31215528978635465,0.12992027769151981
11.084641933441162,-0.886580460759337,4.104957384355571,2.5036990241147214,1.0621920638240396,0.5821593402853505,0.011298301067293338,0.6957673755851,-0.30335473634492327,-0.024246296527122947,-0.31927084210538936,-0.3557776159517356
11.104641914367676,-0.8651992891482888,4.116540529155741,2.5039201710963503,1.075834312100985,0.5761860548705819,0.010817905132947059,0.6685317650411937,-0.2940800464609211,-0.02379388536673392,-0.32450557759629906,-0.2617367745454846
11.124607801437378,-0.8544021165749683,4.122237497563602,2.5040265854993597,1.0825899538412445,0.5718697526109262,0.010570857316918422,0.65495046901263,-0.2892509491153374,-0.023349762963136175,-0.32636114328562504,-0.09277828446629943
11.144556283950806,-0.8215912110276531,4.139216150845833,2.5043330641402517,1.1032525858575317,0.5619302400418749,0.009869616830674426,0.6453569117262842,-0.2820962315679102,-0.02289424756220915,-0.3404675916640767,-0.7053224189225826
11.1646888256073,-0.7993977347697293,4.150398783173955,2.504525907794291,1.116062578307757,0.556354831986848,0.009416253575995698,0.635618482505094,-0.27554432272222623,-0.022442746678019584,-0.3407401495942337,-0.013627896507850679
11.184665203094482,-0.7881785417540466,4.155914500254683,2.5046179825335124,1.1230605301513035,0.5526877547546514,0.009167051534839077,0.6252378186223826,-0.27111665350316627,-0.021999193379331598,-0.3457971914368949,-0.25285209213306015
11.204642295837402,-0.7655929812909994,4.166914301727288,2.504796953096545,1.135460538107054,0.5473054569004039,0.008731470001087607,0.614744457377402,-0.2671972098754576,-0.021559623515553215,-0.3520410739394513,-0.3121941251278182
11.224595546722412,-0.7427349684107772,4.177763928215751,2.504968142386466,1.1482427449392594,0.5409311509118958,0.008333762684830966,0.602200123151313,-0.2662483213987339,-0.021120606370789843,-0.3578367201677035,-0.2897823114126119
11.244726657867432,-0.7080119706040946,4.193855541241168,2.5052110603648416,1.1662697854082196,0.532535070202499,0.007774969355408262,0.5825240321572264,-0.26137640181601873,-0.02067690493642821,-0.3684080990016745,-0.5285689416985484
11.264610052108765,-0.6845713715229784,4.20445426716068,2.5053624537269856,1.1777252224974835,0.5273520982956359,0.007365830931207078,0.5630539596822545,-0.2570033152192366,-0.02023768309053069,-0.3707871619181926,-0.11895314582590633
11.284641981124878,-0.6727627031733265,4.209706626576042,2.5054375679047167,1.1832523425417993,0.5246132554831758,0.007232379545064028,0.5382698844680561,-0.25007509417583035,-0.019812934104445346,-0.37393746190248844,-0.15751499921479173
11.304553031921387,-0.6369921085750148,4.22532350308515,2.505646972590109,1.2000804699760872,0.5169444929850123,0.006681355034013385,0.5107418682559172,-0.23934780408218648,-0.019382180915791834,-0.38591679423317604,-0.5989666165343799
11.324695587158203,-0.612890161428833,4.235615202494816,2.5057767517428955,1.2100241209702198,0.5122588074281214,0.006297980856169481,0.48370469863071985,-0.2293398042775495,-0.018955997231372618,-0.3870533329243848,-0.05682693456043886
11.344543933868408,-0.5885288878596416,4.245797752030444,2.5059000778246134,1.221087125591317,0.5073392272533972,0.005944989616221711,0.45007594693760616,-0.21566158997032414,-0.018531447991811705,-0.39563500489202896,-0.4290835983822072
11.364647626876831,-0.5640193356456147,4.25590227354966,2.506015299395191,1.2297584253925764,0.503155684852642,0.005578566918185281,0.4171747053992608,-0.20283334058042574,-0.01811160468630767,-0.39875750437211455,-0.15612497400427916
11.384655952453613,-0.539247323650444,4.265893463970309,2.5061235247980935,1.240022264159569,0.49850635225394385,0.005226491469020395,0.3604690927189255,-0.1759321559318852,-0.017692789996707835,-0.4058650402224666,-0.35537679251760323
11.404550313949585,-0.5017982412853979,4.280732443329056,2.5062723529529176,1.2529267478325739,0.492142271808826,0.004697559071357626,0.30941330862082034,-0.17580594691312454,-0.01726712867658985,-0.4144600384998358,-0.4297499138684602
11.42471981048584,-0.47668116354585066,4.290540124809872,2.5063628788240084,1.2586150903848319,0.48862555319423595,0.004356429452333014,0.2596323787090882,-0.17590281452882828,-0.016846703886797838,-0.4170979123453016,-0.1318936922732883
11.444709539413452,-0.45130175330943256,4.300236456047716,2.506445345242081,1.2675602770650434,0.48418822396068256,0.0039897519072981625,0.2324112669890577,-0.17430002230605485,-0.01642593429375296,-0.42437173097858505,-0.36369093166417343
11.464552879333496,-0.4259058476539953,4.309885442048327,2.506521882873409,1.2719417218856346,0.48071403397176476,0.003665395719522271,0.20584118148311834,-0.1732025278974293,-0.01601058559568581,-0.42777151442129346,-0.16998917213542075
11.484647274017334,-0.41306983132919406,4.314681328782779,2.5065571551696033,1.276774009409054,0.4789308014387217,0.003495274374242663,0.18427159612160066,-0.17467961803877616,-0.01560571644487442,-0.42995553678833165,-0.10920111835190927
11.50457763671875,-0.3874440395759689,4.32423012849786,2.506624117594483,1.282057773246081,0.4755345541864239,0.003192816461037507,0.16410507627979257,-0.18539437002295603,-0.015204973892757854,-0.43686620596628956,-0.34553345889789533
11.524565696716309,-0.3617713850731567,4.333703023822182,2.5066849593804523,1.2851419505127772,0.47171909233189213,0.0028926803146988073,0.1443870496475291,-0.19616010217106022,-0.01480951974110398,-0.4405166878539437,-0.18252409438270778
11.544652462005615,-0.3359439246983533,4.343139683793125,2.506741577306885,1.2901170538213904,0.4688222888747789,0.002649479507360155,0.12304177703505556,-0.20805540583358376,-0.014419690375452831,-0.44631765208393714,-0.29004821149967164
11.564679861068726,-0.3101183734648575,4.352473725997555,2.5067917086840903,1.292368571076424,0.46454231656653505,0.002364940092103487,0.10219216235006325,-0.21993987801887324,-0.014035126205512753,-0.450788719869454,-0.22355338927584345
11.584606885910034,-0.2841993707100421,4.361799635816999,2.5068406608852465,1.2953824750868075,0.462277570987859,0.002201757084482762,0.07030632822251512,-0.20806225816015309,-0.01366052865549773,-0.4556831147595162,-0.24471974450310796
11.604564428329468,-0.25825973805327546,4.371034251912929,2.506883988623938,1.2973220230906723,0.4591967692682167,0.0019989637110952247,0.060838605225973695,-0.19807661564361018,-0.013294023386393286,-0.46042292185211897,-0.23699035463013995
11.62459397315979,-0.23230175730513344,4.38017919815524,2.5069213332773463,1.2984447425493462,0.45532851032597793,0.0017367066724662914,0.05144585710130983,-0.18887982008834492,-0.012932510111923479,-0.4654151411184748,-0.2496109633177923
11.644550800323486,-0.20628531414724405,4.389289929779016,2.50695877379575,1.3001937266011938,0.4526660943199705,0.0016130733815170706,0.03812397022070712,-0.16806534150713637,-0.012581952015348312,-0.4699789168243531,-0.22818878529391462
11.664668083190918,-0.18027469307486535,4.398310967231721,2.5069885420041382,1.3008246319450778,0.44950310670459453,0.0013649000380767209,0.02499934322315599,-0.14842835206757513,-0.012236177299642593,-0.47486507252169297,-0.24430778486699278
11.68471074104309,-0.1672689270470984,4.402793589389057,2.507005064992422,1.3007931768810372,0.44802510487947345,0.0013453599276298763,0.010309691466970698,-0.12508318757362738,-0.011906473080309855,-0.4754830192112114,-0.030897334475921134
11.704681634902954,-0.14125196910958757,4.411730566377781,2.507029612656089,1.3008544354334994,0.4457460981613934,0.0011104907608258253,-0.00414476511482252,-0.10303164916781785,-0.011581176155295504,-0.48274876703950875,-0.3632873914148682
11.724631547927856,-0.11525472352991006,4.42055161949008,2.507054382643774,1.300173453371803,0.4420482147012811,0.0010019966444064557,-0.014286040129868205,-0.06869154321934498,-0.011265489165897511,-0.48584030561022784,-0.1545769285359544
11.74463677406311,-0.07627749684804667,4.433706843056088,2.507082003238784,1.2991560210871538,0.4379104206592259,0.0007424548351122754,-0.008224146288334564,-0.05573475932023457,-0.010950739179348402,-0.4953905131381715,-0.4775103763971833
11.76459789276123,-0.050295642733904154,4.44245471969855,2.5070946829540564,1.2990478931141631,0.43691719885296026,0.0005265514084011304,-0.0026731860577561967,-0.04374795334715665,-0.010640323890386952,-0.4962321456817307,-0.042081627177958936
11.784672975540161,-0.037348282810556334,4.446751311815429,2.5071018569636383,1.297714391955402,0.43470914276817035,0.0004892098212470596,-0.006019458643788589,-0.018755555600568116,-0.010342790879124725,-0.4996870112179046,-0.1727432768086956
11.806552648544312,0.0015130721180009656,4.459712256778399,2.5071138493953145,1.2955276838025913,0.43231412454948565,0.0002387911031892193,-0.01331064020198265,0.007453576650818695,-0.010045327438230887,-0.5084270502072537,-0.43700194946745263
11.82468581199646,0.02742047220188413,4.468361701834726,2.5071166357739756,1.295187663116388,0.43271272588322435,4.082439822499621e-05,-0.020709027253651598,0.032157354761092403,-0.009752036446343346,-0.5094030899308821,-0.04880198618142373
11.844603061676025,0.05321176167891126,4.476914887926961,2.5071186579127125,1.292106056685425,0.43077543511371175,-7.429915596511234e-05,-0.018947865227581167,0.04963495057005332,-0.00946573703431613,-0.5160997578104372,-0.33483339397775147
11.864593267440796,0.07905019036690412,4.485541427267808,2.507115297665252,1.2917413334636683,0.43193266391312796,-0.00026078481845641545,-0.017591350803573626,0.06588471866009067,-0.009183505132897882,-0.5182692628913581,-0.10847525404604763
11.884625673294067,0.09190132814601104,4.489786393443059,2.507113808861367,1.2898928962088647,0.4302004903112701,-0.00036794551283503914,0.007095429501463924,0.04078859383636841,-0.0166413445937707,-0.5206435730031482,-0.11871550558950617
11.90461540222168,0.11765350992467957,4.498364963457699,2.5071064372243557,1.2883707799610369,0.4299823744878412,-0.0005763103144361423,-0.0014375976362953993,0.04492739928277044,-0.01596388434982746,-0.526084603279029,-0.272051513794036
11.924628734588623,0.15621324622293217,4.511265846624251,2.507089654183884,1.2857542500548904,0.4308186199120049,-0.0008419002353054734,-0.0018548816022292741,0.040364608522357646,-0.015304420274651214,-0.5326097011255042,-0.3262548923237629
11.944681406021118,0.18192791428211913,4.519889963492813,2.5070697985893915,1.285709957824306,0.4315762438940168,-0.0011415056117306216,-0.0026341968140473704,0.03531783535069875,-0.014658337620206604,-0.5350608309732827,-0.12255649238892552
11.964582443237305,0.1947020794791668,4.52421975018325,2.5070614452420856,1.2833758471962369,0.4322381653115464,-0.0011796085044451657,0.0025232322670332816,0.023427801293793075,-0.014044684953288263,-0.536544655993878,-0.07419125102976487
11.984963655471802,0.24592603647861483,4.541596581694783,2.5070056276351207,1.2808247867381244,0.4349928982112136,-0.0016725429245799564,0.01980250766522263,0.028676356193291626,-0.013430098508190385,-0.5490430854563866,-0.6249214731254282
12.004575967788696,0.27154760622073243,4.550302490907733,2.5069695310895996,1.281387226462651,0.435613261221987,-0.0019351056027631232,0.03631436501625322,0.03324796683547239,-0.012828289145435847,-0.5473852777909269,0.08289038327298215
12.024600267410278,0.2842887420153335,4.554706534937196,2.5069492298115383,1.2795978224330735,0.43737307767089617,-0.002070608614812201,0.03491874373902062,0.04887068210717848,-0.012250157359175158,-0.5515799029899164,-0.20973125994947495
12.044740915298462,0.3098875720031257,4.563464741393541,2.5069054055421667,1.2802793823756993,0.43849493698385994,-0.0023099316799939226,0.0331806478961223,0.06308174193666358,-0.011684162786596439,-0.5557053693123462,-0.2062733161214858
12.064675569534302,0.3226050154993274,4.567875061318355,2.5068812609586035,1.278045115066396,0.4396540103518696,-0.0024331070374441015,0.01937890327493494,0.05464115309965457,-0.011140597499023967,-0.5558975937876993,-0.009611223767658217
12.084605932235718,0.3481688784800177,4.576678486582632,2.5068304063587976,1.2782955118583617,0.44065902004004454,-0.002650579492738392,0.0056775721155508515,0.04579247756281565,-0.01060856060448536,-0.562909957801331,-0.350618200681585
12.104709386825562,0.3736557207897363,4.585516404816366,2.50677503244124,1.2765917936669708,0.4421051969631341,-0.0028644205817125843,0.007740325193684316,0.05187151073681191,-0.010090425168864856,-0.5647179196653282,-0.09039809319986158
12.125027179718018,0.4119386639615317,4.598832451163569,2.5066841496832537,1.2761633721996692,0.4444924244140598,-0.003173315308384206,-0.011662408896556847,0.04870496047371149,-0.009576887262111181,-0.5739086802513325,-0.4595380293002105
12.1447114944458,0.43745832022423303,4.6077318004271,2.5066188016708884,1.27573856534333,0.44543001055356496,-0.0033598117265220564,-0.03076905174297776,0.044957713374344774,-0.009074625011565743,-0.5744240775830254,-0.025769866584646195
12.164646625518799,0.4502135209069187,4.612226332188244,2.506584446138253,1.2752133356422153,0.44684475827952763,-0.0034585262580853794,-0.05993561648768904,0.028113195199617583,-0.008592837364165698,-0.5773805708659832,-0.14782466414788864
12.184698820114136,0.4757038922135995,4.621167724225251,2.5065135886286996,1.2737289802753964,0.4472381120924456,-0.0036256544314486687,-0.0883801563587137,0.011213258321444998,-0.008121755917067418,-0.5824954598362857,-0.25574444851512723
12.2045419216156,0.5012341434326438,4.630204215014108,2.506438144167866,1.2736274752499244,0.4496270892890506,-0.003813801349133462,-0.12625065798826018,-0.00830898018024568,-0.007662528982943065,-0.5856655068868402,-0.15850235252772293
12.225050210952759,0.5394748782806206,4.643769527882176,2.5063199331257815,1.2720744753679551,0.45144280761885586,-0.0040490422429754775,-0.16933949251201458,-0.03890877023137474,-0.007208612029816868,-0.5940857530451722,-0.4210123079166017
12.244735479354858,0.5648796940621634,4.652788586374856,2.5062375402961945,1.2682679173419495,0.4503626463834967,-0.004188762509380131,-0.21109536965094974,-0.06902739755720182,-0.006765148445240944,-0.5953618777189833,-0.06380623369055538
12.264611959457397,0.5903793876101635,4.661931886457131,2.506151900102325,1.2682802407976859,0.4525958149017388,-0.004335853130250286,-0.25010728701084006,-0.09891292741970428,-0.006334533278206884,-0.6014798824896719,-0.30590023853442894
12.284709453582764,0.6156924337006798,4.670962052466188,2.506063944334318,1.2628985570322728,0.4503228104522286,-0.004458322002701971,-0.28785089090400273,-0.12830564564292804,-0.005914031291613329,-0.6046073395818667,-0.15637285460974315
12.304577827453613,0.6411200397984861,4.680137641386095,2.5059735255343125,1.2626156722058601,0.45244926023267057,-0.004572228493361921,-0.3177359326815738,-0.15634790291792447,-0.005507163530891145,-0.6093583266867353,-0.23754935524342713
12.324564933776855,0.6663945156922588,4.68923386647956,2.5058814239861205,1.258921269885424,0.4518790935117057,-0.004664101278550603,-0.3417271804787161,-0.164188336176661,-0.005112764887377108,-0.6132314310763629,-0.1936552194813812
12.344640731811523,0.6915030350895807,4.6982380730405975,2.505787145223742,1.251853285192632,0.44851443434053384,-0.004762492058443162,-0.3649427198739606,-0.17232670528628627,-0.004727893064695573,-0.6181239567602272,-0.24462628419321675
12.36460256576538,0.7166708141199999,4.707353108970103,2.5056931046004407,1.2494772003190444,0.44924658879084134,-0.0047976096197678095,-0.37273312346996673,-0.19015384630599608,-0.004359678867040124,-0.6216601751486408,-0.17681091942067795
12.38458800315857,0.7415852966234895,4.716298824194614,2.5055963045668896,1.241945380890779,0.44526569034873625,-0.004881196512655007,-0.3804338626884993,-0.2079268077563178,-0.004000510566457458,-0.6268775263950519,-0.26086756232055475
12.404600143432617,0.7540802603030785,4.720823046587205,2.505549412377069,1.2405931855295322,0.44540489055847415,-0.004856602602606937,-0.3991356181092079,-0.21655214345651988,-0.003661904608561235,-0.6265491000652932,0.016421316487935655
12.42482590675354,0.7899534484120138,4.733720266170032,2.5054090696877065,1.230595450820429,0.441083635980682,-0.004900380732833278,-0.4279456060666044,-0.2255336084844924,-0.00333371229109865,-0.6379291586848752,-0.5690029309791012
12.444649696350098,0.8144778976783191,4.742496229285639,2.5053104167966076,1.2217567732352468,0.43648246401089336,-0.004963841928894571,-0.4557565613994355,-0.23459703673988488,-0.003013776476216692,-0.6370812007092419,0.04239789878166533
12.464629411697388,0.8279493175664238,4.747341062950799,2.505257445157671,1.2182752725745518,0.43547013487769526,-0.004946241161033994,-0.4736609734471472,-0.23682959955147806,-0.0027116388292100875,-0.641799923829605,-0.2359361560181572
12.484584331512451,0.8522189277436273,4.756002934639971,2.50515799776266,1.208628097348045,0.430708511255469,-0.004997516947315491,-0.49095541893874023,-0.23938634516508195,-0.0024172197077902296,-0.6459411306801259,-0.20706034252604422
12.504619598388672,0.8764095508769709,4.76462973244119,2.505060809474384,1.2015892023304455,0.42743048906175735,-0.004957311527168813,-0.5029371857375871,-0.22843760974076452,-0.0021392135096007458,-0.6503629163221762,-0.22108928210251566
12.52469539642334,0.9122900966747738,4.777354224015441,2.504914100646015,1.1879399213820632,0.4205853915268403,-0.004934274798335962,-0.526933497708531,-0.23378750375943125,-0.0018724806566716113,-0.6584728618002638,-0.40549727390437607
12.544704914093018,0.9359419530590577,4.785718804123722,2.504815058085411,1.1771686852913086,0.41585388469090184,-0.004969115499192593,-0.5500431947178569,-0.23940779702098608,-0.0016127505802495626,-0.6596879648506233,-0.06075515251797725
12.564679622650146,0.9477236003248627,4.789847094182912,2.5047676284227625,1.1725757516680944,0.412809125751173,-0.004919780370006731,-0.5651101142244108,-0.25238452403930395,-0.001369708130106134,-0.6627380532703415,-0.15250442098591055
12.584569931030273,0.9826872864679317,4.8021035639248,2.5046211790114525,1.1566522643790889,0.4047829214237055,-0.004907294173868342,-0.5764867623008412,-0.26018326158683935,-0.0011354585458250685,-0.6717542644315682,-0.45081055806133197
12.60464596748352,1.0057043012279838,4.810146661265141,2.5045228213359416,1.1450129712072505,0.3995005166245115,-0.004927713645699446,-0.5873589887953373,-0.2680720163663543,-0.00090753801317696,-0.6721179471663188,-0.018184136737531276
12.625200510025024,1.0171443061487233,4.8141185661227786,2.5044754601358528,1.1395597083935736,0.39650994232620834,-0.004880494761005624,-0.5978111929664067,-0.27260339650643556,-0.000694429301369432,-0.6756488720980127,-0.17654624658469675
12.644686222076416,1.039815264850392,4.821993931442745,2.5043777252681396,1.1275028909034628,0.39101077008864643,-0.0048923012116148515,-0.6077925471355177,-0.27734919778539513,-0.0004871886701323248,-0.6802155553012752,-0.2283341601631239
12.664665222167969,1.0622613905368,4.829755037539959,2.504282222862046,1.1158919362260558,0.3853408344135112,-0.00484060871689456,-0.5893308939047611,-0.27959685452035793,-0.000292354938344838,-0.6839908300568043,-0.18876373777645394
12.684544563293457,1.0954541364065178,4.841179261241715,2.504138007185899,1.0977186370035286,0.3766235388509482,-0.004816255626069654,-0.5726267948768223,-0.2815365710999434,-0.00010462227832798651,-0.6919214323337712,-0.3965301138483479
12.704638242721558,1.1172950672179622,4.848655275448296,2.5040416733958915,1.0864281162010956,0.3709700898164616,-0.004816515475662163,-0.5565250515405329,-0.28387405370406316,7.774838490464813e-05,-0.6928883013621139,-0.048343451417132144
12.724757432937622,1.13881316740681,4.855985627775492,2.5039445662965747,1.0726695842627219,0.3645791186443249,-0.004843321946016465,-0.5540324630240648,-0.2692170301683165,0.00025406072987448997,-0.6992355863584168,-0.3173642498151441
12.744607925415039,1.1601026859376868,4.863202709373633,2.503846348397693,1.060002566432926,0.35840354664957114,-0.004884736171319199,-0.5304417693507039,-0.27989713904115365,0.0004269273469417953,-0.7013002118099889,-0.10323127257860776
12.764647006988525,1.1811981795324238,4.87031408688595,2.5037487503258538,1.0496226272132865,0.35269847297041323,-0.004874511986506954,-0.5076913475186628,-0.2906165820646241,0.0005946361295916627,-0.7067940961722514,-0.2746942181131251
12.784541130065918,1.2019239523467338,4.87725547630604,2.5036464660892523,1.0355335253526377,0.34560329746105906,-0.004986144112595732,-0.4738738346624542,-0.2904277923898697,0.0007625226984237932,-0.7094978232337987,-0.1351863530773656
12.804639101028442,1.2225420386492432,4.884109449276972,2.5035469066450107,1.0263835746111047,0.3397932982865528,-0.004969257928096208,-0.44133266037253116,-0.29063808540637665,0.0009252386974280945,-0.714502028614663,-0.2502102690432162
12.824621677398682,1.2326496095018191,4.887471891655297,2.5034935029295746,1.0183426725315703,0.3361619932157455,-0.005066999610557804,-0.41415512950479605,-0.3067063312512229,0.0010858727896286544,-0.7139064231446239,0.02978027350195589
12.844816446304321,1.2727916974630655,4.900657346937473,2.5032843786565526,0.9952715058557188,0.3230864525477902,-0.005208456841285271,-0.42057392758627266,-0.36167922333561703,0.001253729283475986,-0.7283609775116218,-0.7227277183498915
12.864675045013428,1.2926125981526762,4.907043158345251,2.5031804711841326,0.986798050877368,0.31531697436753936,-0.005181748976733514,-0.42672764734480445,-0.41499368038299317,0.0014161575049533915,-0.7244358906199997,0.1962543445811038
12.884589195251465,1.3023297268898963,4.910199117656398,2.503122048666136,0.9788783754370266,0.3114448395277609,-0.005355616651830417,-0.43333737167487274,-0.4743647637334815,0.0015812648280435432,-0.7309799538586761,-0.32720316193382004
12.90467119216919,1.3218201975640451,4.916329277225509,2.5030152633175713,0.9701474110435265,0.30137945774914726,-0.0053223861946968785,-0.4397216899583918,-0.5318629993017955,0.00174086884011378,-0.7339872440161104,-0.15036450787171418
12.924639463424683,1.3410311658346419,4.9224575938285895,2.5029046351102435,0.9587888433559765,0.29581580953160974,-0.005445652999290739,-0.45841358044850655,-0.5745480133984,-0.005962265241494557,-0.7381008481307307,-0.20568020573101808
12.944636821746826,1.3695724948704548,4.931252301375953,2.502744334061871,0.9445276339433485,0.28341973200729287,-0.005503171952574451,-0.47370138710563714,-0.6038241382189117,-0.013260302033051704,-0.7460818837786722,-0.39905178239707517
12.964634418487549,1.3883673201526447,4.9367980304393555,2.502631145530429,0.9349060693049578,0.2710589814510764,-0.005839109254300217,-0.48834900330121467,-0.6320821936394916,-0.020288775807091246,-0.748530239114471,-0.12241776678993954
12.984619855880737,1.3977010591842363,4.939623290185521,2.5025815574041843,0.9301637470082779,0.26886206282862873,-0.005752226406367323,-0.5062812202351895,-0.625959257483428,-0.018950180523404664,-0.74967729768602,-0.05735292857744767
13.00468897819519,1.4162019188849018,4.944875737179658,2.5024628103810413,0.9198648774995432,0.25640234036281356,-0.0061181270013053474,-0.5234850275476993,-0.6200480844324779,-0.017645502687671316,-0.7575357675825787,-0.39292349482793476
13.024605989456177,1.434554758691622,4.950027016546856,2.502352984464198,0.9107403672221401,0.24760305916297157,-0.006093036751628368,-0.5512406957647493,-0.5891173909120656,-0.01641586343900609,-0.7589646880449452,-0.0714460231183267
13.044547319412231,1.4616958801295865,4.957189068730734,2.5021663249364163,0.8964320256575806,0.22995103706719877,-0.006481221628666564,-0.5171455560271186,-0.5641411248417785,-0.015219845797812466,-0.7707667761420174,-0.5901044048536086
13.064733028411865,1.4795233023254313,4.961676877469527,2.502033734713684,0.8864197036711144,0.21890983924139082,-0.006773917469479865,-0.48429238173581635,-0.5401401917755281,-0.014054887861644086,-0.7698336481940178,0.046656397399980065
13.084604740142822,1.4884055102201503,4.963782746277017,2.5019644017159592,0.8829142906918115,0.21205211585758393,-0.006939638060471526,-0.45624047504933696,-0.5137469455627577,-0.01294653260495853,-0.7753835076132582,-0.2774929709620233
13.104633569717407,1.5059743641001062,4.967922747723589,2.5018230920718336,0.8740610120891884,0.20203261005081852,-0.007187729475016415,-0.42926581757941124,-0.4883723598731747,-0.011867464315706582,-0.7791455619228871,-0.18810271548144186
13.124769449234009,1.514656716412433,4.969812784995529,2.5017456734851256,0.8687823829870276,0.1942669452161706,-0.0074431544036559225,-0.4134825372694604,-0.46856497540526565,-0.010834342136501484,-0.7812249698058609,-0.10397039414868914
13.144599437713623,1.5319506883370644,4.973605688297296,2.5015947110090946,0.8606653276743421,0.1850865414316504,-0.00764974227826724,-0.3983269450809835,-0.4496178477935999,-0.009829060832567883,-0.7874792064231491,-0.31271183086440946
13.164645195007324,1.5489580940407135,4.977009109678297,2.50142806871159,0.8496674692393011,0.17090095454700474,-0.008134901544624385,-0.38214783509584077,-0.44623183517108483,-0.008848366166747128,-0.792215345978807,-0.2368069777828996
13.184643268585205,1.574200707845644,4.981808222402069,2.501171885429765,0.8362351396491663,0.1540661799939827,-0.008622972901411664,-0.3638559911809979,-0.4298129503348096,-0.007879795014517478,-0.8015531012025132,-0.4668877611853084
13.204683303833008,1.5908538224844009,4.984804639535458,2.500997913224762,0.8291348737770222,0.14562770311456613,-0.008771109518049823,-0.34629097408112847,-0.41416184889493407,-0.006938365893032501,-0.8021187290434493,-0.0282813920468028
13.224689245223999,1.599070407262118,4.986128782281228,2.5009026590737156,0.8241340489921933,0.13844127870384718,-0.009039977417189912,-0.33793966122173164,-0.39985767430642405,-0.0060344261832058765,-0.8066779980064562,-0.22796344815034786
13.24497675895691,1.631680814282937,4.991169420368565,2.5005251592914517,0.8086281115823627,0.11817485489050826,-0.009543507293654009,-0.33217209872988734,-0.3883586879002219,-0.0051337704704638365,-0.8200523108508562,-0.6687156422199969
13.264666080474854,1.6477873129696914,4.993455985334786,2.500333321120137,0.802040075403401,0.11051817547214512,-0.00963739518949968,-0.3266765436118794,-0.3773984460480863,-0.004259371162790237,-0.8174535019546769,0.1299404448089625
13.284587621688843,1.6549595410987017,4.994344137327507,2.5002395576971472,0.7981953673933083,0.10469486182653831,-0.009867446623538192,-0.32443992619009154,-0.3550701623097024,-0.003421671408249171,-0.8237935323248946,-0.3170015185108843
13.304675579071045,1.670858701971958,4.9963684634723124,2.500041579023094,0.7917276699156054,0.0978091447933199,-0.009927711917542019,-0.3223548926174802,-0.3336523298790935,-0.0026090075104735033,-0.8262073196603881,-0.12068936677467335
13.324920415878296,1.6787352030329705,4.997231624171169,2.4999356948623266,0.7878081592971085,0.09183074973321015,-0.010127521667247907,-0.3257824670164182,-0.315714654655255,-0.0018312179479051487,-0.8291102559728691,-0.14514681562405318
13.344631671905518,1.6944259852429648,4.999006255102858,2.49973282884286,0.781258904330557,0.08568967483101425,-0.010156567201895185,-0.32912968879112026,-0.29851508190891746,-0.0010772902327662436,-0.8337883334369565,-0.23390387320436634
13.364681959152222,1.7099797724568728,5.000492035821534,2.499521398444799,0.7745291260353105,0.0756275363019858,-0.010370615800913736,-0.34149125553846027,-0.2876089083323592,-0.000350783769935493,-0.8389969775486805,-0.26043220558620295
13.384541273117065,1.7330874239265395,5.002534759785497,2.49920636118244,0.7649367887640293,0.06435331271298239,-0.010478023454481369,-0.3568939790166194,-0.2791690057910351,0.0003546740379254023,-0.8464584969667737,-0.37307597090465716
13.404620170593262,1.7483137836718643,5.00376653861922,2.4989969175463744,0.7576498144592294,0.05885162016863238,-0.010464063994030513,-0.3717054858839007,-0.2710540880440143,0.0010375257548519326,-0.8475128348792005,-0.052716895621340853
13.424615383148193,1.7634715541538128,5.00478458536479,2.4987854630498663,0.7522262834191517,0.050890376979339846,-0.010492420302130212,-0.38008547512301805,-0.27286784131414443,0.001684937808532873,-0.8546034264308435,-0.3545295775821522
13.44457197189331,1.7859372421470738,5.00615154850685,2.4984717603367366,0.7427081294008845,0.04177521828774287,-0.010425425586709672,-0.3938097127399216,-0.26521047385372043,0.002304363823506391,-0.8597841328803657,-0.25903532247610883
13.464598417282104,1.8007117530887344,5.006934504569908,2.4982637529501948,0.7346988978055253,0.036544801157878413,-0.010373317712036687,-0.4070298915379099,-0.25788646517245134,0.0029029744813654345,-0.8624503909636201,-0.13331290416271901
13.484562158584595,1.8153234686939221,5.007614295068441,2.498056906067625,0.7264302577678876,0.03145756398952771,-0.010309443771401769,-0.4197514660579682,-0.2508918101887481,0.0034810105472177118,-0.8668861607311968,-0.2217884883788379
13.504671335220337,1.8227171769070771,5.0078881159221815,2.4979578116225785,0.7254834534807472,0.028543103030886485,-0.010177202946311654,-0.43075621753790994,-0.23283636822550627,0.004007511629487831,-0.8671497964965544,-0.013181788267879746
13.524646282196045,1.8371852533070772,5.008404525516074,2.497756464356067,0.7182787000297023,0.02371665799766002,-0.01004673347057165,-0.4401294985872957,-0.21967641466548377,0.004504741258025463,-0.8732555594826641,-0.30528814930548265
13.544524431228638,1.8514621980855794,5.008835774508384,2.49755646288268,0.7093859687165976,0.019450362937327145,-0.009951816395158757,-0.4490723150513935,-0.20703980070597053,0.0049839866623053375,-0.8747961150265566,-0.07702777719462706
13.564652681350708,1.8586081909120231,5.00899919163981,2.497459232160073,0.7068593331933698,0.01697272524736884,-0.009839230657269682,-0.466879422071251,-0.18521197933277417,0.005426679600307582,-0.8768982453014007,-0.10510651374220359
13.584563493728638,1.8796878848282765,5.00938656007012,2.497168685249535,0.6956999499310054,0.010030551950225465,-0.009609616274425869,-0.41223122643706456,-0.21944460757932585,0.005841046013605576,-0.8846885923594874,-0.38951735290433387
13.604677677154541,1.8935229766090371,5.009541051310194,2.4969776879556336,0.6879844549137726,0.005307877806458206,-0.009488785274289407,-0.3596627701512263,-0.2526530751746575,0.006239401654250347,-0.8853439542770687,-0.032768095879065484
13.624775886535645,1.9072410171806449,5.009613868380945,2.496792259987841,0.6814557197711175,0.0011438905843667011,-0.009289177294828255,-0.3185378540499396,-0.23711660328234388,0.006603153086680421,-0.8908541722803593,-0.27551090016453283
13.644543409347534,1.9207602090060973,5.009628245307503,2.4966082350920455,0.6735346229400109,-0.002235359685544468,-0.009141172540288518,-0.31371964035618993,-0.2276419053215041,0.006944456050658152,-0.8924221166738877,-0.07839721967641822
13.66464114189148,1.93416846783149,5.009538616370976,2.4964268225724138,0.6673065937522134,-0.006697615994544262,-0.008998989236174593,-0.3091193436074275,-0.21866641035315526,0.0072715150024679044,-0.8974594984270801,-0.25186908765961746
13.684578895568848,1.9473032405581339,5.0094411378194055,2.4962476881405857,0.6574735768384423,-0.009022339023029194,-0.008867136653726102,-0.3091821800778291,-0.2026559325277486,0.007572152565072398,-0.8987649591268512,-0.06527303498855552
13.70463252067566,1.9603908706340796,5.009221189231629,2.4960718792155934,0.6512891658214175,-0.012921679601570634,-0.008712797972394255,-0.3092616520527509,-0.18740373203488173,0.00785951726561854,-0.9036748436668933,-0.24549422700210766
13.724623441696167,1.9732727482418944,5.0089475968412085,2.495899214213264,0.6432116428289465,-0.016157106088677962,-0.008549528393498134,-0.31186853616502563,-0.1764825690508893,0.008120540731811024,-0.905631071170049,-0.09781137515778582
13.744549989700317,1.9860667458813648,5.0085829054471,2.495730315309749,0.6366479474196971,-0.01980480210174818,-0.008369097749981468,-0.3227608749049119,-0.1640829013444855,0.00836193976272272,-0.9099507698704148,-0.21598493501828742
13.764638423919678,1.9987344473552313,5.008154788219444,2.4955646212446183,0.6300872803528114,-0.022967668211371004,-0.008199543453131905,-0.3332368398983056,-0.1523070377137578,0.008591535271305862,-0.9123048744842377,-0.11770523069114525
13.784538269042969,2.011287478353311,5.007642165995368,2.4954042633401055,0.6239272832651901,-0.026397208465691702,-0.007976645898441279,-0.3366858920182839,-0.13099816978730908,0.008793976610786692,-0.916229620115065,-0.1962372815413671
13.804657220840454,2.0236984656048076,5.007089394775127,2.495246502172564,0.6171605241532326,-0.028812079164660602,-0.007798832051725404,-0.3399612468261392,-0.11064765807317652,0.0089856201686314,-0.9184248971920099,-0.10976385384724452
13.824693202972412,2.0298775510641502,5.006780790342801,2.495170519453673,0.6146137365600625,-0.03013631589795947,-0.007663061090555578,-0.3193248254579126,-0.08565210369293565,0.009155155287358724,-0.9194129143627445,-0.04940085853673004
13.844637155532837,2.0421072956424173,5.006162543237585,2.4950191000671733,0.6084267840246476,-0.031608851913178124,-0.00747834558702695,-0.2995058310891001,-0.061789051228223854,0.009314749194303248,-0.9230728540938786,-0.18299698655670493
13.8646399974823,2.0542129253072186,5.00545099424949,2.4948732002616842,0.6021131372553378,-0.03445615366751194,-0.007248560263347284,-0.30903826234635606,-0.04438728568463424,0.009450412725409285,-0.9257313265224321,-0.1329236214276719
13.884626150131226,2.0721121679850634,5.00433661690122,2.494660293622655,0.5920446294861914,-0.037425945439135036,-0.0069561473374265105,-0.32296555138272964,-0.03296034077838304,0.00956731252678471,-0.9309011062581773,-0.2584889867872642
13.904654502868652,2.0838875669508643,5.00358223449231,2.4945230915049392,0.5854507045409921,-0.03797641692494573,-0.00676370316682227,-0.33633442796246377,-0.022196641247257367,0.009675694674464544,-0.9309857525636578,-0.004232315274022014
13.924794673919678,2.089723109420907,5.003150780746483,2.4944563126077677,0.5819613385743674,-0.03951313455992067,-0.006655032053704052,-0.3513782124613732,-0.010736888682683398,0.009768326061249971,-0.933650500745911,-0.13323740911266313
13.944600582122803,2.10129108856032,5.0023591000398095,2.4943251714133785,0.5747884879729198,-0.039619040902712885,-0.006458804826503978,-0.36580455322019756,3.182078203338495e-05,0.00985309551004515,-0.9352080247223644,-0.07787619882266839
13.964924097061157,2.1127837184520133,5.001502569330751,2.494199809285641,0.5692431397168743,-0.041066911018532215,-0.006210816998280333,-0.3787727327906617,0.011474207497460769,0.00991658649934744,-0.9383874601523146,-0.15897177149750696
13.984568119049072,2.129761206469396,5.000249212948425,2.494020096521682,0.5597767223525936,-0.04133681901500937,-0.005850839586098086,-0.39429722183533134,0.025947877912607827,0.009959750285447044,-0.9412668588535476,-0.14396993506164968
14.004668474197388,2.1408768805983547,4.999428592134491,2.4939050742351623,0.5517412112627362,-0.04067960705994251,-0.0056512666388416335,-0.4091411427211697,0.039644633916688155,0.009996479977952447,-0.942105700709337,-0.04194209278947092
14.024950981140137,2.1464416686954175,4.999005885875651,2.4938513964741915,0.5494449391465572,-0.04068461097265001,-0.005484411447895849,-0.42432149741097325,0.05162506430469596,0.010017703553601742,-0.9430996723261917,-0.04969858084273859
14.044560432434082,2.162807966318571,4.997781606787324,2.493693725874686,0.5387063272441879,-0.039799919227977265,-0.005116528242486868,-0.43699549962047957,0.06359255960524358,0.010019601606792007,-0.9466422865166639,-0.17713070952360965
14.064732789993286,2.1734938795798793,4.996999088249507,2.4935933990963077,0.5298447986825381,-0.03841447184636058,-0.004916160590098968,-0.44905568751549985,0.07483152556107531,0.01001630452747602,-0.9464059179957354,0.011818426046428243
14.084558010101318,2.1840993175874557,4.99621354155944,2.4935007442434687,0.5232270064702327,-0.03763698758462889,-0.004623912083178279,-0.45914612585472003,0.08370272979697356,0.009993300895900666,-0.9491575147148703,-0.13757983595674705
14.104681730270386,2.194471382660577,4.995478103590784,2.4934102629068406,0.5139476539236243,-0.03587924681767026,-0.00442431299613806,-0.4687003132892695,0.09197159662104964,0.009965877153852047,-0.949115859273217,0.0020827720826677165
14.124641418457031,2.1991397882828623,4.995146646745746,2.493373274224082,0.5119537133889497,-0.03518055621988071,-0.004264512133206046,-0.4126367648131929,0.11612225757277625,0.009926856653574049,-0.9499594575101376,-0.04217991184602976
14.144591569900513,2.2092999724656504,4.994467807924299,2.493289966555828,0.5042449075876674,-0.032626962593859096,-0.0040663977667147995,-0.3585755595317151,0.13903151972895625,0.009883935413685457,-0.9504998074435727,-0.027017496671755126
14.164680004119873,2.2198169168688766,4.9937744149996695,2.4932105357036503,0.49676114588708126,-0.030920075116360607,-0.0037704194061193358,-0.3157372157776531,0.1175293631505102,0.00982315478080566,-0.9519639723630715,-0.0732082459749428
14.18454384803772,2.2344669418059104,4.9928855133473355,2.4931019380104247,0.4839688681578145,-0.0277611577772993,-0.0034790116461704042,-0.321033430689425,0.11090541236485096,0.009750591120033982,-0.9529465261105088,-0.04912768737186379
14.204627275466919,2.244081771321413,4.992352019224987,2.493034302917845,0.4774972227728967,-0.0256110292224109,-0.003284748819145988,-0.3260916597942663,0.10407305161345591,0.009675229803646795,-0.9533855361443972,-0.021950501694423252
14.224627494812012,2.2533954506088167,4.991896658284335,2.492967438101657,0.46685014321169693,-0.02256755764835236,-0.00317069999574651,-0.3281237647984803,0.0966081217449435,0.009595181809489556,-0.9535494226935484,-0.008194327457555772
14.244648456573486,2.2626666993026934,4.991464122232834,2.492905937675615,0.4602683557059659,-0.020711519591813683,-0.0029796178087039362,-0.3300349251617308,0.08896655722396686,0.009512622569599406,-0.954661064464247,-0.055582088534933405
14.264631748199463,2.271727953850019,4.991152533957602,2.4928463976820847,0.4518948326996415,-0.016795002470403726,-0.0028311313524757784,-0.33132758720515626,0.08299236901820513,0.009423452380878517,-0.9533305395327587,0.06652624657441653
14.28462839126587,2.2806995036565834,4.990832823534941,2.492791653692262,0.4452561618502501,-0.015196656409056254,-0.0026435720802003653,-0.33252343354193187,0.076807452355401,0.009332118026271674,-0.9556042216600704,-0.11368410636558579
14.304633140563965,2.2851262016937937,4.990750938034165,2.4927656337102135,0.4416609520371493,-0.012586068113379428,-0.0025515648515276666,-0.33748759937457173,0.07154815112970342,0.009237266433390944,-0.9530124444979182,0.1295888581076099
14.324700355529785,2.2982252572841912,4.990472742436031,2.49269336827653,0.4314773259211188,-0.008561530750187191,-0.0022723191749273717,-0.3487929555164933,0.06812213666287756,0.0091320190260513,-0.9552891597802908,-0.1138357641186305
14.344774007797241,2.3067843173664646,4.990314894546569,2.4926497412025674,0.4243927179865223,-0.007235562917435498,-0.0020907442129359747,-0.35958235306599917,0.06443079400666844,0.009025222202627027,-0.9549069943585313,0.019108271087975304
14.364614009857178,2.3110128225004525,4.990304529664824,2.4926291506670712,0.4207549179666031,-0.004976293613037756,-0.002005381199527763,-0.37416550240307944,0.05864123491252128,0.008916208116015612,-0.9544239460659032,0.024152414631406494
14.384562492370605,2.3234893061405533,4.990239476099629,2.4925731177536212,0.41025076567781177,-0.0015368239998791817,-0.001734716892904868,-0.36686524757986805,0.06252057976335257,0.00879756159951309,-0.9552647479450593,-0.042040093957806945
14.404689311981201,2.331621424119421,4.990221476664912,2.4925401749682266,0.40298463645075944,-0.00025189785066485486,-0.0015599604591357073,-0.3597839277140493,0.06588718791525991,0.00867791836507778,-0.9557457507745188,-0.02405014147297546
14.424606800079346,2.33964011906219,4.99030061521753,2.4925115372251527,0.3967667533902841,0.0026771071259351436,-0.0013661373918838237,-0.32878917132207547,0.053419835705675614,0.008550368288536727,-0.9549309760732201,0.04073873506493797
14.444506883621216,2.34750847425239,4.990387005743927,2.4924862070844616,0.3904242716383885,0.004430814012551205,-0.0011871074203972773,-0.289100479391926,0.04549409531496282,0.008418962914972966,-0.9560856035706671,-0.05773137487234958
14.464599847793579,2.3552617107686737,4.990484191699747,2.4924641399460303,0.38502670178949727,0.005261312195865424,-0.0010200459118393517,-0.2509036376013859,0.03755330052704786,0.00828711658587614,-0.9565408190352485,-0.02276077322906911
14.484524965286255,2.362821573600799,4.99066777942351,2.4924448022577024,0.37750706028215625,0.007813240761069278,-0.0008756708540356809,-0.25092878029339666,0.03899597087669169,0.008151076017366901,-0.9557953370825429,0.037274097635275893
14.50462007522583,2.3703215331917478,4.990831916041021,2.492428909977067,0.3724892020101342,0.00860366187351973,-0.0007140112934259159,-0.250837850938954,0.039968355071751026,0.008014851196744287,-0.9576238834581097,-0.09142731877833654
14.524971008300781,2.3739440539303436,4.990964840602563,2.4924205347216994,0.3675490919756606,0.010433179304733312,-0.0006820822981549913,-0.24113480993655476,0.06139557313111963,0.007881544139144528,-0.9553595555376337,0.1132163960237964
14.54463267326355,2.38124744365437,4.991187154393535,2.492408460489356,0.362821423440404,0.011865804685994477,-0.0005257858210673782,-0.23167186741408313,0.08167728948595,0.0077480790294906215,-0.9576546256519687,-0.11475350571674703
14.564656496047974,2.3883647943840143,4.991454965869334,2.4923978810287553,0.35588267551831415,0.013739636508870584,-0.0004089168074843998,-0.241979459950808,0.09102754989395402,0.007612140852029444,-0.9558213213977429,0.09166521271128936
14.584633350372314,2.3989093229176577,4.991874535158161,2.4923888825377603,0.34812431042492853,0.015507423781286786,-0.00018489212233245363,-0.23195648984170603,0.09406567675267352,0.007469422202877866,-0.9581862773894421,-0.11824779958495846
14.6062593460083,2.405826071310963,4.992203675631908,2.4923866690807217,0.3435829593930168,0.01741517520130679,-3.69282668981871e-05,-0.22222728595186234,0.09663127141414411,0.007327016861565423,-0.9561860498259311,0.10001137817554628
14.627388715744019,2.4126422585875007,4.992517162315618,2.492387884815443,0.33881741334024273,0.018114571513496915,0.0001210937018954004,-0.22447482587731415,0.10698649468225946,0.007179860754095292,-0.9587574060243749,-0.12856780992218653
14.64529299736023,2.419373568167456,4.992901502261773,2.492391732880048,0.3343064598919673,0.02035133664381098,0.00026322416536495616,-0.22660027593174406,0.1165607330233403,0.0070332829981118936,-0.9561294317324478,0.13139871459635355
14.666966199874878,2.425999519548137,4.993289234329522,2.492398793327824,0.329369250872831,0.02168199148513228,0.00041209238584702634,-0.2345210457254514,0.12422238239686852,0.006882705828523624,-0.958446951232816,-0.11587597501840907
14.688798666000366,2.432539489879531,4.9937481939975585,2.49240840171896,0.32460254943983907,0.024237157671800496,0.0005482475233890331,-0.24209096167609087,0.1311772506378785,0.006732944676042701,-0.955521876262794,0.14625374850110173
14.704749822616577,2.435779472518358,4.993968019431468,2.4924145813572633,0.3224206212423275,0.02471969041988726,0.0006252140333608031,-0.23817447617858384,0.13084658879202912,0.0065840548618959615,-0.9581360084650621,-0.1307066101134069
14.724630117416382,2.4485227250042962,4.995015763685562,2.492446104065045,0.3138122203347509,0.028809402600902215,0.000919023572585977,-0.2408994853598383,0.12662167122452783,0.006423361047589069,-0.9547514541805446,0.16922771422587246
14.744680166244507,2.4547506168838624,4.995616987870088,2.4924657585627856,0.30896848570162305,0.03129849774694493,0.0010458950231020826,-0.24344409879722895,0.12226627550257503,0.006264007581718611,-0.9562482072324565,-0.07483765259559405
14.764652967453003,2.4547666269829986,4.99560526083798,2.4924661924792653,0.3094439808517404,0.030856002856337068,0.001058167268351304,-0.24951888178110088,0.11732522852792988,0.006110564655419349,-0.9555449353442951,0.03516359440807193
14.784540891647339,2.463973179983549,4.9965818665936155,2.4925016703652454,0.3029295413123047,0.034339433423951626,0.0012682995788053924,-0.25566431711733195,0.11588848011826906,0.005950715067764196,-0.954467868193821,0.05385335752370324
14.805925130844116,2.4699802434152494,4.997291726929574,2.4925282159194118,0.29775732640650726,0.036641129286084394,0.0013857280867387452,-0.2615070114561968,0.11424726104422431,0.005792389707127653,-0.9540854671045054,0.019120054465782133
14.824674367904663,2.4729818679307383,4.997671649791088,2.492543317835543,0.296159733949286,0.03802725592498146,0.0014695285875176755,-0.2667742228494062,0.1155367962790189,0.005635085009468385,-0.9536332855100969,0.022609079720425918
14.844695329666138,2.4788513709224387,4.9984553720196905,2.4925738250165734,0.2907739599114267,0.040348186170514506,0.0015806704494032155,-0.2717558727244517,0.1165026386642568,0.005479365160575748,-0.9525771131592085,0.05280861754441979
14.864694118499756,2.484678760233395,4.9993011089183526,2.4926082308805033,0.2869884719235606,0.04306788224958371,0.001731638624698543,-0.2732241540462492,0.11863619589851007,0.0053197502485916445,-0.951794059557622,0.03915268007932404
14.884558200836182,2.4932068471903195,5.000650879669767,2.492663753219374,0.27989139624772463,0.0467375312628939,0.001923543900965647,-0.2817901642726776,0.1181787187181498,0.005154563563796688,-0.9500318934666541,0.08810830454839547
14.904684066772461,2.4987477679591543,5.001609218554585,2.4927032441005768,0.27417358772216777,0.04909370221322389,0.002025000454265676,-0.2899181278185819,0.11738229975861811,0.004991433927130833,-0.9497425977702307,0.014464784821166532
14.92464828491211,2.5042345744869694,5.002618124299311,2.4927464198654388,0.26990327266939873,0.05151195207750364,0.0021652793911789347,-0.2924637584980155,0.11431931202901709,0.004825455824508105,-0.9483389782925977,0.07018097388165057
14.944600820541382,2.5095739896097666,5.003671010369887,2.492790679591031,0.2640305613413882,0.05376560462932006,0.0022601473566875013,-0.29476729275355157,0.11100427480793569,0.0046617122481175865,-0.947671364369477,0.03338069615603789
14.964705467224121,2.512239657224704,5.004221156251054,2.492814577548887,0.2621883737865214,0.055043673624572076,0.0023354209863589294,-0.2976338427791381,0.10590333768740155,0.004500000582870584,-0.9473694532278367,0.015095557082012157
14.984590530395508,2.5174237195350666,5.005342861923201,2.492862175300458,0.2562091476371521,0.057109331498592,0.0024238226268016487,-0.3002467822412123,0.10063476031805686,0.00434053721561764,-0.945789440626692,0.07900063005723545
15.004643201828003,2.522540331513662,5.00653468405164,2.492913002299795,0.25163314742228726,0.06006078428530046,0.0025452925308224223,-0.2826905083828849,0.12038563490001844,0.004179173086789914,-0.9447038466843498,0.054279697117110004
15.02470326423645,2.5275273793655213,5.00776940535948,2.492965151333492,0.2464635223445351,0.06291992422089657,0.00264111645128615,-0.26389501558901435,0.14099952590549752,0.004018505304613891,-0.9430851281962607,0.08093592440445718
15.044491052627563,2.5347914649042043,5.009707281939804,2.493046726796647,0.238300717823934,0.06683681223231296,0.002774770275054034,-0.2479041980013757,0.1560713736987872,0.003855170905742706,-0.9408283373331061,0.11283954315772782
15.064564943313599,2.539508944756315,5.011076183150204,2.493102982477875,0.23349925718768474,0.07009994863873431,0.002850262092313812,-0.23230719685911114,0.17006357237073572,0.0036944439945467565,-0.9399357909475978,0.0446273192754143
15.084541082382202,2.544076301474461,5.012454000268394,2.4931607700996485,0.2275298147301524,0.07208333317789521,0.0029223212027119933,-0.2117218563856685,0.18410668605904876,0.003535047126014386,-0.9386371455367821,0.0649322705407851
15.104639291763306,2.5485858976519378,5.013933368432949,2.493219913038578,0.22349654995219984,0.07589656474044994,0.002991450152907503,-0.19169768267821502,0.19703138905664672,0.0033782856377316947,-0.9366149424994266,0.10111015186777816
15.124643325805664,2.5529247457881987,5.015408620124488,2.493279986586332,0.2175139737476685,0.07782657207551996,0.0030462707310122774,-0.1642842643778203,0.20257168494304195,0.003223740622119609,-0.9364247323216461,0.009510508889021274
15.14455509185791,2.5572001101219763,5.016977619336179,2.4933412953495977,0.21305752181994708,0.08093784196937157,0.0031007135665371173,-0.13303964338827204,0.20032455782309733,0.003071858993716055,-0.9339365446036165,0.12440938590148054
15.164671897888184,2.5614366854949426,5.018636263934684,2.4934039139984385,0.21070082871904033,0.08491730866153761,0.003160653780348651,-0.10279548571855533,0.19753194081459494,0.0029225975333852443,-0.9338239422381043,0.005630118275612439
15.1845543384552,2.565485439368411,5.020332575427347,2.4934665508282183,0.20504801778614204,0.08804364418028537,0.0031873222256755865,-0.09066040403748137,0.21018996291601127,0.0027769517668532707,-0.9310970608516835,0.13634406932103715
15.204740047454834,2.5695690583037805,5.022136280445955,2.4935308430818046,0.2033531047575659,0.09236574247245842,0.003241426201000456,-0.07889163956716005,0.22185563213649753,0.0026338718617454036,-0.9316739735837105,-0.02884563660134898
15.224689722061157,2.5734689378526174,5.024007325089085,2.4935945820295937,0.1981909016094873,0.09626102892004658,0.0032538165690446665,-0.06422698311523463,0.2237352330373691,0.002494997044803527,-0.9282895072712893,0.16922331562105875
15.24449348449707,2.5773753002018918,5.0259647550030415,2.493659796553606,0.19557083816076629,0.10029627551956515,0.00329091598373637,-0.04627183172812029,0.22071024569887143,0.0023589401534705443,-0.9301370509282174,-0.09237718284640373
15.264669179916382,2.5812786298438555,5.028014595752863,2.493726077714353,0.19481999524338506,0.10467604377121438,0.0033367547929691013,-0.028910960098709665,0.2171836771788263,0.0022253504397012217,-0.9270240774667888,0.15564867307142904
15.284526824951172,2.585063155370233,5.030130283639132,2.493792810076745,0.19171821629381441,0.10853909321757377,0.0033693210883666367,-0.016852898929932414,0.21626028854729124,0.0020941590807395205,-0.9292670270365169,-0.11214747848640183
15.30456805229187,2.5888949321762325,5.032344229519363,2.493860606706599,0.19149827257711974,0.1128506552609193,0.0034099127413692353,-0.005210341207930173,0.21480856641049886,0.0019654120576190043,-0.926396714569472,0.14351562335224166
15.325309753417969,2.5926341079028674,5.0346509448956205,2.4939288688051535,0.18931259777694817,0.11740837832244688,0.0034395674502970346,0.00873687930565109,0.21985072950928436,0.0018389986925098124,-0.9291243680531172,-0.13638267418225603
15.344544172286987,2.5980836659571716,5.038159092225138,2.4940292328314144,0.18847841018606354,0.12399343835196919,0.0034873981799617105,0.02984810438417743,0.2071318081703958,0.0017129567358916198,-0.9262373008391358,0.14435336069906768
15.364658117294312,2.6018605720005565,5.040679531125674,2.494099315107523,0.18927995602082504,0.12800750391785382,0.003520417545817857,0.05017681607269553,0.1942475435060419,0.0015893908822155493,-0.9305019360804505,-0.21323176206573535
15.384523630142212,2.6037184138309466,5.041988353498394,2.494134432791499,0.188964538051857,0.13033888891282497,0.0035301560041058407,0.07906644848275865,0.17218004245850183,0.0014703075093621546,-0.9257286743080835,0.23866308861835162
15.404614210128784,2.6075153894342877,5.044628102521645,2.4942053221530305,0.19082569878384653,0.13356288238648986,0.0035583911181454346,0.10686961205737022,0.1502407502079808,0.0013535979309000372,-0.9327714820280231,-0.3521403859969796
15.424768686294556,2.609372085840202,5.046021343900928,2.4942405141822523,0.19042433221726174,0.13640378576429596,0.003556506263442538,0.12508205119448607,0.13488516262477437,0.0012417615514389358,-0.9246199442355238,0.40757688962496097
15.44456934928894,2.615064720866461,5.050257179667234,2.4943465649281564,0.19217258905868592,0.14269397101194675,0.003556176822379468,0.14329554460885233,0.11793961171782998,0.0011323981135137758,-0.9367893987944673,-0.6084727279471736
15.46463680267334,2.6189380088912655,5.053133517114038,2.494417907765422,0.19521445594456782,0.14488327676294682,0.003577749823584891,0.16076844871253979,0.1009905793069197,0.0010252736357428366,-0.9231107326460823,0.6839333074192488
15.484572410583496,2.622786384467746,5.056179530973132,2.494484692512934,0.1963653428873396,0.1500101205814641,0.0034631051689211993,0.17086046361088988,0.08814114526418503,0.0009286747066312139,-0.9419029423810179,-0.939610486746778
15.504636764526367,2.6267485118547853,5.05919650027282,2.494554134008459,0.199879414369318,0.15164366532426668,0.0034807288555225155,0.1804661301920329,0.07519798110297411,0.0008340160431257384,-0.9196192375390302,1.1141852420993859
15.524751424789429,2.6287191911406294,5.060796950922876,2.4945814192065883,0.2007619957883379,0.15452303431751915,0.003262736924843548,0.19028225855593076,0.05910035842661851,0.0007569628670803286,-0.9486697039378784,-1.4525233199424115
15.5445556640625,2.634805854916867,5.065539937958221,2.49466447137653,0.20594891588761738,0.1585292848075918,0.002826263098136668,0.19771267403830473,0.05250046923241061,0.0007088537003678341,-0.9172537774019807,1.5707963267948966
15.564629077911377,2.6389648504296184,5.068720569155592,2.49472113522806,0.20997402579484264,0.159510864522065,0.002839963431395156,0.20472988305208586,0.04560943905679666,0.0006612666508553837,-0.9486697039378784,-1.5707963267948966
15.584571599960327,2.6432028153143903,5.072017074877608,2.4947349081777186,0.21411170473129343,0.16283262570869106,0.0017308699228641956,0.21138177496583696,0.05063203453633781,0.0006850993551758396,-0.9173667960161218,1.5651453960878303
15.604623079299927,2.6475277484798005,5.075284153383679,2.4947696640978116,0.21840240430742217,0.1638896213581856,0.0017447957351396492,0.21761961197165233,0.05495114488262959,0.0007071943892914902,-0.9487827225520196,-1.5707963267948966
15.62464690208435,2.649733268131202,5.076965783872815,2.4947532338388347,0.2209922893410457,0.16558664256796554,0.000776423723602423,0.22837388007187884,0.062361031095845,0.0007883431973522621,-0.9198878757236595,1.4447423414180038
15.644588708877563,2.6541994769892,5.080290441993187,2.494768925211726,0.22566253692536536,0.1669011459361117,0.0007929720738088974,0.23855613922538277,0.06895416867464042,0.0008658964593237363,-0.9513038022595577,-1.5707963267948966
15.664677381515503,2.658776125458414,5.083648794910468,2.4947338254872746,0.23091436582172375,0.16835476847525485,-0.000444522723017412,0.24960843262896404,0.07178934129367007,0.00101652026068613,-0.9204228519351769,1.5440475162190381
15.684579133987427,2.665825072063968,5.088712204666805,2.494690412886107,0.23875618819785935,0.17000429355818655,-0.001286668225898004,0.26028602176075494,0.08056293871960948,0.001213875152748032,-0.9518387784710747,-1.5707963267948966
15.704645872116089,2.670652934530798,5.092128944028373,2.494664935079482,0.24406363128930136,0.17169596017704947,-0.0012604794867167165,0.27035799107356684,0.08845842264529218,0.001403761641066967,-0.9248892044880632,1.3474786991505727
15.724666357040405,2.6731197445622534,5.093821669418032,2.494623962905808,0.24724290542105182,0.17180974216426678,-0.0020527257846872458,0.2831210162444557,0.09601307530581085,0.0016314424616423592,-0.956305131023961,-1.5707963267948966
15.744585990905762,2.680669466040807,5.098977394041149,2.4945406440649,0.25596655190782885,0.1735656675796054,-0.0026340729029699582,0.29349282512703484,0.10528854200422172,0.0018866340037358832,-0.9248892044880632,1.5707963267948966
15.764739751815796,2.6858481558692335,5.102470335037787,2.4944883564650135,0.2619349254087564,0.17575612828747766,-0.0025938684862771852,0.30324130010587425,0.11359763706793917,0.0021322157691164153,-0.956305131023961,-1.5707963267948966
15.78456425666809,2.6911592272317684,5.1059371846805615,2.494403028230209,0.26837531132617476,0.1762618288621654,-0.003388905509426147,0.3132159057421635,0.1178957867078756,0.0024133729346094896,-0.9287175585912668,1.3793786216347081
15.804608345031738,2.696590010021002,5.109486246374987,2.494335751003557,0.2747341139021707,0.1786559678695901,-0.0033379155624627013,0.3225599326987198,0.12138417829380896,0.002683853080882177,-0.960133485127165,-1.5707963267948966
15.824669122695923,2.6993608753921023,5.1112292252677625,2.4942838767253748,0.2781926745813384,0.17854934662438876,-0.003818102415451845,0.32377083603245005,0.1321068564703957,0.002967166317552337,-0.9287175585912673,1.5707963267948966
15.844712257385254,2.704989547136682,5.114827299294745,2.4942081264468734,0.28467742897707665,0.18129053000958856,-0.003756017728624,0.3246496441280379,0.14184927036937212,0.0032394803809564035,-0.960133485127165,-1.5707963267948966
15.864647150039673,2.7107614873762893,5.118400850004845,2.4941095981670047,0.2915710500530024,0.18220460524703852,-0.00430034575690112,0.3260614812634535,0.1553316534667998,0.003529847943830484,-0.9329552780157258,1.3589103555719628
15.884620904922485,2.719678219223318,5.1238776397087005,2.493968270571902,0.30205015858953577,0.18525345294094006,-0.0045753682223924255,0.32887485746989836,0.1660246899512971,0.003826955250518211,-0.9643712045516235,-1.5707963267948966
15.90462851524353,2.7257851643061146,5.127616575895251,2.4938775478121555,0.30865235564395016,0.1886724372178915,-0.004495956893846019,0.3312767381882759,0.1757063812177817,0.004112215197273982,-0.9342007231658664,1.5085240692878532
15.924617290496826,2.732069832929124,5.131337134643461,2.4937738312549445,0.31636847048099187,0.19029388525268523,-0.0047764812341303375,0.32506276156120334,0.21255762239789597,0.004397865829571367,-0.9656166497017642,-1.5707963267948966
15.944551467895508,2.738481983672968,5.135147333341252,2.493673277975904,0.32353543664272577,0.19349917438298259,-0.004882093115348354,0.32478817458675996,0.245044136942556,0.004678501988434683,-0.9382290085166556,1.3693820592554307
15.96459174156189,2.74501761493664,5.139068399843675,2.493576589935412,0.33002565680263085,0.198709670154764,-0.0047858145896999636,0.32417837923033926,0.275702831094734,0.004947407680752857,-0.9696449350525533,-1.5707963267948966
15.98450493812561,2.7517433016124406,5.142946874307835,2.493472000780943,0.33802610335578065,0.20058535565283314,-0.004919609267980528,0.32490928332054814,0.30376232652084373,0.005208181117774704,-0.9385877153172282,1.552860986766258
16.004661083221436,2.7585688361108973,5.147021115995735,2.4933746670478207,0.34452857504743306,0.206926454390551,-0.004812932658672399,0.32527793560211526,0.3300551046599929,0.005457599164223078,-0.9700036418531264,-1.5707963267948966
16.024903774261475,2.765582068352022,5.151043250760024,2.4932698676149467,0.35247177031873583,0.20913988427853744,-0.004950503824562116,0.3267283739437345,0.3516952562304832,0.005700169715960786,-0.9432633820698788,1.3370129891623783
16.044551372528076,2.772716298932115,5.15523127849556,2.4931696939333063,0.35968509351964595,0.2141610866752896,-0.004906098824357853,0.3310173651086426,0.37039163956548493,0.005930482263130916,-0.9746793086057766,-1.5707963267948966
16.064650297164917,2.779976463284177,5.159589753518444,2.4930727728693407,0.3663438468443592,0.2217439817744141,-0.004785275673452717,0.33476903705586497,0.3876618176769492,0.006150054180952841,-0.9432633820698788,1.5707963267948966
16.084539890289307,2.787410995497744,5.163952051968676,2.492975572507649,0.3740481225130344,0.22592643058338271,-0.0047412434208959795,0.33811210551753573,0.3989240361503191,0.006352686146513171,-0.9746793086057766,-1.5707963267948966
16.108562231063843,2.794959779007081,5.168551052420476,2.492882031180706,0.38083975953621285,0.23400691187807635,-0.004612247409763845,0.3409715519520052,0.40891353245622275,0.0065452474166980135,-0.9472839812080665,1.3697663698855056
16.124796628952026,2.7988011761970455,5.170839271917405,2.492831895793388,0.3844991577220753,0.23606855194879126,-0.004662865617007906,0.31651816482538564,0.4058491048969708,0.006726905956364966,-0.9786999077439642,-1.5707963267948966
16.14462971687317,2.8144817124045667,5.1805421720365,2.4926505204251943,0.398454749992213,0.25093348987032554,-0.004401449267831445,0.31947401648363566,0.41741103529442775,0.006888357728645442,-0.9489031185997763,1.4898394572093965
16.1646409034729,2.822514875331166,5.185645032078604,2.4925638794219487,0.40486980305023407,0.25938687867885035,-0.004262143020805529,0.32195224277679957,0.42772064001900434,0.007040770497627,-0.9803190451356745,-1.5707963267948966
16.184580087661743,2.826616878032298,5.188245498930365,2.4925198806247066,0.40913282522766564,0.26326630150362146,-0.004248956908689822,0.3211521719748623,0.42760093954728196,0.007180390585947181,-0.9509151329322787,1.4701956101697888
16.204747676849365,2.834863694797789,5.193596293701124,2.4924363464472608,0.4155450644049051,0.2718098851419226,-0.004104023742217106,0.320016181480034,0.4266140402800688,0.007311520606481088,-0.9823310594681764,-1.5707963267948966
16.224679946899414,2.8432800737426978,5.199108011443457,2.4923534323267162,0.422964354036017,0.2800916636029479,-0.004017166215637314,0.3215481484208803,0.4155718702498063,0.0074276868349383175,-0.9541246813374222,1.4103189065377109
16.24458360671997,2.8518137772703556,5.2048037233076325,2.4922736620571055,0.429697334072034,0.2887029477068041,-0.0038954472239642437,0.317984751859002,0.4047960910801132,0.007532649410706212,-0.98554060787332,-1.5707963267948966
16.26465344429016,2.8604710712786465,5.210657996986613,2.492197266260406,0.4360193863646956,0.2966867649712718,-0.00374380782932446,0.3141807006196353,0.3934996901187097,0.007630036179927431,-0.956198130690145,1.4671238591587477
16.284571647644043,2.8692760323130426,5.216744401500525,2.492122344371931,0.4428341003131485,0.30645802676379624,-0.003641828973283542,0.31206840510972206,0.3859563026739958,0.00771324921201997,-0.9876140572260432,-1.5707963267948966
16.304665327072144,2.878194972450538,5.222950218698873,2.4920510556398625,0.44905189257525713,0.314096439985586,-0.0034867901430189396,0.3096622234371546,0.3777805643287913,0.00778947801569056,-0.9601158545067583,1.3749101359642468
16.32475757598877,2.8872625736735924,5.229419646428642,2.4919792928720548,0.45581535226627806,0.32438269167184924,-0.003420135675749931,0.30363374136579846,0.36587500660665956,0.007854931310299549,-0.9915317810426565,-1.5707963267948966
16.344542980194092,2.896450223375043,5.236025270184691,2.4919120601097577,0.4622288847668472,0.33307600382032837,-0.00327799484399106,0.30146490717381974,0.3502453235128169,0.007910134771766553,-0.9620084953270691,1.4761642857793689
16.364635944366455,2.9057549352097536,5.242755777177168,2.4918480856089067,0.46823412109669765,0.339921255992867,-0.0031192919314136473,0.299011698625597,0.3342136429348028,0.00795912919778556,-0.9934244218629669,-1.5707963267948966
16.384572982788086,2.9152080289727342,5.249752596377436,2.491783048845788,0.4748801369940845,0.34979969563478197,-0.003070929695893969,0.29479080854261974,0.31836610477363814,0.00799992918481954,-0.966920958467044,1.3251731697961455
16.4046368598938,2.9247642978546695,5.256811187536866,2.4917232326666245,0.4807319747678336,0.35600530118753854,-0.002910571585987293,0.29035793910258967,0.30213051686210823,0.008034920966696061,-0.9983368850029422,-1.5707963267948966
16.42485737800598,2.9296012956256177,5.260481001144903,2.491693065308966,0.48404784047808685,0.3615568717106616,-0.0028633057062327372,0.2888117431622085,0.2815865634078115,0.00806152003581016,-0.9669209584670444,1.5707963267948966
16.444546461105347,2.949214956410512,5.27533563333115,2.4915810549794024,0.49604491444501775,0.37679833113691663,-0.00266307170917198,0.2832092097828825,0.2616299175481598,0.008077650181366053,-0.9983368850029422,-1.5707963267948966
16.46461772918701,2.959192115092621,5.282922584293177,2.491529409895665,0.5016517502746939,0.3818294993854057,-0.0025013998566828346,0.27744821240956674,0.2414503292446533,0.008088693863892228,-0.9778794144984304,1.0228735252255872
16.48456645011902,2.9642317200243533,5.2868499784535485,2.4915010865435465,0.5046399762081959,0.3868085484364392,-0.0025034887126441675,0.2715125895972018,0.21860495915204375,0.008095872896717392,-1.0073725125915343,-1.4746549046551927
16.504610300064087,2.9743784193615563,5.294628342550819,2.4914526361808296,0.5100097069478966,0.3909513899752156,-0.0023415397037687877,0.2654374668497128,0.19566365422979579,0.008098230761251608,-0.9759565860556361,1.5707963267948966
16.52483081817627,2.979506639922349,5.298656670559571,2.4914340795213175,0.5129935362448448,0.3958085713077357,-0.0021462128734142396,0.25409562967790544,0.1726259921492428,0.008084476762956523,-1.0073725125915338,-1.5707963267948966
16.545068502426147,3.0002646908762545,5.314807152881589,2.4913499017225478,0.5239055748987695,0.4070077326845898,-0.0019475201752693252,0.2387442390228764,0.15814374477734383,0.008061568169043442,-0.9818245520960645,1.2773980247734684
16.564631938934326,3.0107895379917826,5.322977956241009,2.4913125619112844,0.5285286445016713,0.4100233616504274,-0.0017865502264746995,0.22359657284010478,0.14337137875110526,0.008034786630432658,-1.0132404786319622,-1.5707963267948966
16.584635257720947,3.016110603427275,5.327172400867696,2.491295514975219,0.5313604875814355,0.4137162185311104,-0.0016997925136517584,0.20979204679440155,0.12205566397321675,0.008000550257702927,-0.9818245520960645,1.5707963267948966
16.604665994644165,3.0267788595689584,5.335469713317441,2.4912631167773562,0.5354196632880655,0.4159438421681545,-0.0015401530470347715,0.196153043675606,0.10070044769625291,0.007962818967746163,-1.0132404786319622,-1.5707963267948966
16.624976873397827,3.0321851516177647,5.339716217677424,2.49124583488354,0.5385267272610235,0.4190702130267821,-0.0015424263000701048,0.1893233662716686,0.07780437805416178,0.007923974243799594,-0.9859059428010912,1.3667267915435488
16.64458131790161,3.048474488814485,5.352412482025063,2.491199493245573,0.5455381109275141,0.42368061417311426,-0.0013952984432743956,0.18639326724818522,0.04686097727284842,0.00787933532860237,-1.017321869336989,-1.5707963267948966
16.664648056030273,3.059422323678397,5.360893419769383,2.491173160011121,0.5492348989307437,0.42431109271621703,-0.0012381842206167814,0.1832503676163556,0.01624070996095316,0.007831570672687202,-0.9902663060852595,1.3527781625864765
16.684592485427856,3.0704881597170894,5.369513571172869,2.491148644821335,0.5538506037728775,0.427735809828824,-0.0011155310476662385,0.17248525767752523,-0.009291218163401825,0.007775693493520124,-1.0216822326211572,-1.5707963267948966
16.704630851745605,3.0815989557124475,5.378064736922819,2.4911278854769456,0.5571934148424096,0.42729632082527874,-0.0009605987572498608,0.16181097991868912,-0.03462450656410287,0.007717084567217887,-0.9922199253674195,1.4731153626868831
16.724835634231567,3.0871952768659394,5.382426680257329,2.4911197848029296,0.5592429477099198,0.42927837310167366,-0.0008616300569421006,0.15911475222634583,-0.062079726617888034,0.0076520539356627485,-1.0236358519033173,-1.5707963267948966
16.74458146095276,3.0984117684180448,5.390998014330178,2.491104078157216,0.5623965147751719,0.42776437719500554,-0.0007092592603478135,0.1562069934801728,-0.08927681813065547,0.00758463097809856,-0.9954842597203326,1.4075796091492343
16.76461696624756,3.1097199275563887,5.399687850530558,2.491090642260112,0.5662190976397878,0.4295535704753993,-0.0005768340736486893,0.1566934386412108,-0.1142316287962874,0.007509440659188012,-1.0269001862562304,-1.5707963267948966
16.78460168838501,3.126785052466928,5.41261133556124,2.4910777385498566,0.5710988457433688,0.4284274955323859,-0.00032427087614961167,0.15350547690619112,-0.1363937530714798,0.00742262532721596,-1.0009750067866685,1.2962589734780927
16.804675579071045,3.1382375090021215,5.421151136937706,2.4910727317889645,0.5741355863453939,0.42547928160256354,-0.0001766999628029886,0.15013909787904497,-0.15840188934732352,0.0073342010595998045,-1.0323909333225663,-1.5707963267948966
16.82482624053955,3.1497466572893185,5.429727276907814,2.491075003544413,0.5769993001267707,0.42454413694901266,9.103621917255124e-05,0.1470907220609589,-0.17907236698669252,0.007230370665791768,-1.0010835839694403,1.5653674676562979
16.844538927078247,3.161311958330012,5.438211853821785,2.491079414369553,0.5798182031686485,0.42184154529176054,0.0002696728644876793,0.14913039030173583,-0.19155889120016398,0.007120526656346473,-1.032499510505338,-1.5707963267948966
16.864631175994873,3.1729382655527996,5.446609531413486,2.4910862245715615,0.5828180607082549,0.4178839877575485,0.0004109786910081513,0.15079295877737176,-0.20422664259156995,0.007009933492098957,-1.0086430594021047,1.1928225551616656
16.884593725204468,3.184604184436553,5.454981537814943,2.491095474789794,0.5853398445503596,0.4149685234699492,0.0005698271629767405,0.1575253108376476,-0.21870577969999647,0.006892105917148888,-1.0400589859380025,-1.5707963267948966
16.904655694961548,3.196342907102419,5.463236196333703,2.4911082418790875,0.5885529926724234,0.4104486986821038,0.0007064876869692896,0.1636966282136095,-0.2332946251436207,0.006773882497726214,-1.0086430594021047,1.5707963267948966
16.924742221832275,3.2022117196149598,5.467342816925266,2.4911211833544473,0.589547816931566,0.40839747531903997,0.0009196271017549689,0.1745117539421693,-0.24167134358431747,0.0066454417706020355,-1.0400589859380025,-1.5707963267948966
16.944540977478027,3.2199345156724637,5.479493137628202,2.4911517451677847,0.5936412173956737,0.40124490555940495,0.001108431804473727,0.18508868159945374,-0.24977719290700576,0.006510795119166562,-1.0137811763281572,1.3138904804922635
16.96467137336731,3.231845026247008,5.4874675240168305,2.4911752070017577,0.5974426584439542,0.3961656573108313,0.0012373037978482446,0.19493435936931322,-0.25819987883436446,0.006376456890980455,-1.045197102864055,-1.5707963267948966
16.984580516815186,3.2437532140256065,5.495319284544042,2.491205581297274,0.5993871528452441,0.3904386486908631,0.0014801066005593376,0.20389350065496456,-0.260005674556097,0.0062306361257415815,-1.014729739522667,1.5233681670693944
17.004648685455322,3.255782299106863,5.503075910161113,2.4912364198745536,0.6035489598175918,0.38521617545759157,0.001603267691124073,0.21217501269647818,-0.2623267936751156,0.006085605371239898,-1.0461456660585648,-1.5707963267948966
17.024852991104126,3.261769160874287,5.506886562862498,2.4912540706947417,0.6039795518626985,0.38185760331180735,0.0016932552065970009,0.21118549468256287,-0.24844547947843984,0.005939934629472714,-1.0195089276122222,1.3318369223171311
17.04457712173462,3.2860145403362515,5.521878465835798,2.4913282190154136,0.6104251930908365,0.36984673142326,0.001988356844614245,0.21055168933944426,-0.23379292361033324,0.005780853316848487,-1.0509248541481204,-1.5707963267948966
17.06466007232666,3.298265094745229,5.529229566223565,2.4913691317885225,0.6146269684447979,0.3653086565418658,0.0021023949273497613,0.20956796911959202,-0.22018791971803967,0.005623191675768421,-1.0256868097874818,1.2619022180319295
17.084572792053223,3.3043873163820527,5.5327910099091895,2.4913918856535195,0.61579161061621,0.36093421549890387,0.0021980624954956464,0.21276026450467098,-0.19970378493587804,0.005465344064954727,-1.0571027363233796,-1.5707963267948966
17.104701280593872,3.316745888188919,5.539971056011994,2.4914369295253054,0.6200745291946921,0.35713447928648806,0.0023058036065706877,0.2154481221431747,-0.1804781454063643,0.0053090211121944635,-1.0256868097874818,1.5707963267948966
17.124626398086548,3.322933169295813,5.543421152622659,2.491463384006229,0.6215142329417789,0.3522634630047199,0.002433560793814187,0.21141108372594167,-0.16075431694551984,0.005150394431579097,-1.0571027363233796,-1.5707963267948966
17.14463448524475,3.3479346732597777,5.557173785903514,2.4915601316633404,0.6292898487313143,0.34082340942808104,0.0025187374483645374,0.21042233133742833,-0.1379747489952226,0.004991574029682729,-1.035298031139484,1.0902352591947828
17.164716482162476,3.360562470750865,5.563964111697786,2.4916114942281857,0.6334854048956272,0.3382807046332662,0.0026169955727579418,0.20907377889787065,-0.11651406239625489,0.00483453493420624,-1.0659504973612233,-1.532623311086967
17.18460249900818,3.366896394502385,5.567214195185858,2.4916417700930715,0.6352573800017727,0.3336334624356535,0.002777670307654891,0.208614721617887,-0.10128936258217083,0.004673220249570895,-1.0345345708253255,1.5707963267948966
17.20464253425598,3.3796432153641622,5.5738675660506205,2.4916982474894187,0.6394219067410257,0.3317506807942765,0.0028695383051354118,0.2077749873976891,-0.08717207794548465,0.004513913536953816,-1.0659504973612233,-1.5707963267948966
17.22464942932129,3.386042779268291,5.577044571341973,2.491726375282937,0.641409309938023,0.32707519144786,0.002870554305752919,0.21338584041681244,-0.08180804645346108,0.0043607477537773,-1.037855686442008,1.4047405459607587
17.244569063186646,3.405376607533804,5.586694712859897,2.4918117751530207,0.6476897900922797,0.3211149403240656,0.0029358513442005753,0.21508486200495291,-0.08021468054777606,0.004208720757418923,-1.0692716129779063,-1.5707963267948966
17.264671564102173,3.4183735092399314,5.593101040015721,2.4918713238857713,0.6520044247998475,0.3195207623328409,0.0030185216273418687,0.21629826419551296,-0.07931837403383207,0.0040586295573456135,-1.0450985746239088,1.2086519176998767
17.284579515457153,3.430792115810221,5.599024775257125,2.4919270660922743,0.6559120333155113,0.3147369160224712,0.0030513845338405792,0.21791134220568606,-0.08350473146661137,0.003911379319383654,-1.0765145011598065,-1.5707963267948966
17.30463194847107,3.443954022058858,5.605302508601236,2.4919888663385685,0.6602823567773946,0.31302080527285253,0.0031281556867651193,0.21904102901586855,-0.08818852052063696,0.0037660565428979187,-1.0452857586921143,1.5614371233846125
17.326422214508057,3.4512245802521755,5.608683845061545,2.492026846243635,0.6625235586281032,0.3105368901629367,0.0032481838655278542,0.21804476812263623,-0.08627559301888564,0.003618445780752112,-1.076701685228012,-1.5707963267948966
17.344682455062866,3.464518574090825,5.614877420006009,2.492092523873363,0.6668711825071837,0.30882463461833976,0.0033190939984841976,0.2166520505922861,-0.08506630693387486,0.003472912977987933,-1.0522096773363456,1.2246003945833195
17.364679098129272,3.4778956284883744,5.6209949545334785,2.4921565210134364,0.671117417615146,0.3060271608627185,0.0033105489489694334,0.21437747441086072,-0.09645893908688813,0.0033325119375810248,-1.0836256038722434,-1.5707963267948966
17.384491443634033,3.4981305618397047,5.630123643798395,2.4922604676209397,0.6776985259567865,0.302934403152094,0.003499703745335688,0.21404735680823703,-0.09562575123749482,0.003184169679106045,-1.055431998029004,1.4096802921619744
17.404664516448975,3.511727299383451,5.636163230167776,2.492331088756333,0.6819727683191612,0.3010248765541729,0.0035619230489332817,0.21330943112819387,-0.09543274942001259,0.0030381459315583148,-1.0868479245649016,-1.5707963267948966
17.42470383644104,3.51856573769796,5.639171237936691,2.492367647909944,0.6843718520095102,0.3001626643082631,0.003615137160211356,0.21755996062411787,-0.09429760471449918,0.002894440941574763,-1.0584952303947746,1.4176347085063545
17.44473910331726,3.5322969409547484,5.64515567482087,2.4924405200766295,0.6887607030161833,0.29828264223182893,0.003671608193388368,0.22122890361744993,-0.09381199540195048,0.0027530462118184,-1.0899111569306728,-1.5707963267948966
17.464669942855835,3.546123224005935,5.651113516084505,2.49251550637481,0.6933511645320544,0.29677192326357454,0.0037480732873914845,0.22455015480117602,-0.0844280761376278,0.0026110947146094007,-1.0640953137982638,1.290792156620446
17.484617710113525,3.5670210623741543,5.659983581485432,2.492629709616724,0.7000152598997522,0.29438502143250156,0.0038504481884551176,0.2298075644144518,-0.08189338431638396,0.002466438208375879,-1.0955112403341616,-1.5707963267948966
17.50460958480835,3.5810676480089074,5.665855037193087,2.492707202352449,0.7046587277588627,0.2927666684791632,0.003898351726087592,0.23443496910304928,-0.08005745765722971,0.00232434050068388,-1.0690795021073258,1.3215869113417877
17.524601936340332,3.5881179583275675,5.668781284252251,2.4927486734354325,0.7067935144263079,0.2920570756853236,0.003982024465383569,0.2374244551874039,-0.07834922333147112,0.002182529608581857,-1.1004954286432236,-1.5707963267948966
17.54452657699585,3.6094156402249107,5.677510771161668,2.4928718630910622,0.7136068324897575,0.28979047294220306,0.004122294609525602,0.24442628457874474,-0.07971633427866946,0.0020353263791705097,-1.0725290270288723,1.3983200807175633
17.564652919769287,3.6237370935332796,5.683290517925645,2.4929547063779856,0.7185594832401853,0.28817776493536545,0.00416155292870394,0.25072191786240844,-0.08164773428990756,0.0018909797617049483,-1.1039449535647705,-1.5707963267948966
17.58453130722046,3.63813670728899,5.689054406145708,2.493040109458774,0.7229987244625063,0.28711611814185456,0.004236187671471308,0.24886584296460443,-0.06744192268491637,0.001746420024076466,-1.077850849833617,1.3047051865576753
17.604723691940308,3.6526463112960825,5.69478413509438,2.4931251730050357,0.7279541647610076,0.28590066392148256,0.004269694820734241,0.24661250257326567,-0.05427552124898291,0.0016047794370274329,-1.1092667763695152,-1.5707963267948966
17.624672174453735,3.667237323796652,5.700500576188289,2.4932137576067084,0.7325370719578153,0.28498319972013214,0.004373778972464267,0.25174072698438665,-0.052299892917270184,0.0014609153535378166,-1.0809882148409535,1.4139280764280837
17.64456009864807,3.6819356184292267,5.70618492066844,2.4933021608760213,0.7374631637449104,0.28380436922407265,0.004423206424991298,0.24993367459706445,-0.04866485047778357,0.0013186121379224688,-1.1124041413768513,-1.5707963267948966
17.66469693183899,3.696734727719233,5.7118514807533085,2.4933908793935724,0.7424403947259591,0.28286131689458466,0.004448181207407539,0.24772262206228285,-0.045761373680040386,0.0011793748912776825,-1.0867785637740623,1.281278880139447
17.684622764587402,3.7116292541836153,5.717487668685397,2.493480125873384,0.7472618125545728,0.2817217946066757,0.004481179664207585,0.24000459294569138,-0.03843760415269014,0.001042416567001017,-1.1181944903099605,-1.5707963267948966
17.70467734336853,3.726621966455927,5.723114874306379,2.493569948971571,0.7519829991128252,0.2810211171927849,0.00450068375733719,0.23207999604119697,-0.03173255290273351,0.0009084969671361585,-1.0894849012829422,1.4354794513509184
17.724833250045776,3.734161552752966,5.725916599891475,2.493616775954313,0.7545635824780709,0.2803732999283359,0.004551981251718302,0.23329890436576214,-0.048921626239774856,0.0007768328849044946,-1.12090082781884,-1.5707963267948966
17.744482040405273,3.7645585728967808,5.737101759923485,2.493798575002166,0.7645840402385038,0.27863947349917156,0.0045540415010905414,0.23406406203582172,-0.06130580683007081,0.0006461123896713957,-1.0982944241354584,1.1303201841690758
17.76464343070984,3.779897092228991,5.742661453050074,2.493889776492843,0.7692687606439147,0.2772879228484622,0.004565682010703982,0.23432448649080073,-0.07388061780287164,0.0005184451171601369,-1.1284579539048183,-1.5081764884679938
17.78458046913147,3.7876141617873875,5.745457295813209,2.4939396626720853,0.7719457421889371,0.2771924105973726,0.004694271540722752,0.2323483062748164,-0.09183307109479892,0.00038784074737675524,-1.0970420273689205,1.5707963267948966
17.80466341972351,3.803099393803208,5.750981580824682,2.494033617123279,0.7765694922116189,0.27517626656175104,0.004700748829389324,0.22995826021511984,-0.10978022225290238,0.00026041547986764557,-1.1284579539048183,-1.5707963267948966
17.825031757354736,3.810884778918845,5.753782079215087,2.4940806890359317,0.7790809731316056,0.27552274725110626,0.004681993373903784,0.2278713326689523,-0.12493777243829562,0.00013954460837174986,-1.1039840228930893,1.2236965505864505
17.84485626220703,3.82651181299923,5.759266532485097,2.4941743489042936,0.7836141134405004,0.2728718150855434,0.004683600547566266,0.22537499992705573,-0.14016711243663774,2.166972789917676e-05,-1.1353999494289875,-1.5707963267948966
17.86465573310852,3.842244570170345,5.764816838222387,2.4942667203182096,0.7885202912626045,0.2729919905161214,0.004681775678361624,0.22593204672682185,-0.15459849650369548,-9.266749106591335e-05,-1.1056920047339758,1.485397234750585
17.884546756744385,3.8660128736972323,5.773017962013526,2.49440835909787,0.7956356639383528,0.2705667464920247,0.004710909897476994,0.22919315167054144,-0.16508216741846396,-0.00020739577837192987,-1.137107931269874,-1.5707963267948966
17.904736518859863,3.8819716124031656,5.778395569954355,2.494502528318012,0.8002470404158943,0.26715832833777964,0.00470563966895133,0.23184342715723857,-0.17579785004569387,-0.0003191305939921914,-1.1163243822333078,1.0391774518283103
17.924821615219116,3.8899921029018776,5.781127581551977,2.4945467870114406,0.8027768029599802,0.2672740332764466,0.00462776115589382,0.23674340444869676,-0.18482195753949363,-0.0004212108843304026,-1.1418728792015367,-1.2774248484114459
17.944595336914062,3.9060952790136865,5.786435482580951,2.494639251322375,0.8075547932500762,0.26348508284895517,0.004618338681026281,0.24093908119253654,-0.1941178891391938,-0.000520588324894452,-1.1184809261544864,1.1695976523525164
17.964662313461304,3.9222864765517134,5.791766027275587,2.4947414462421147,0.8121402531807844,0.2619762247175701,0.004875598151531959,0.2418931024922075,-0.20378731192338498,-0.0006340229077520329,-1.1493467812268081,-1.5432927536160879
17.98451042175293,3.9467466783501854,5.799588903220347,2.494896349612576,0.8189871500675489,0.2573312400567553,0.005101280029546014,0.23656894283734828,-0.21509996218002353,-0.0007607340392090441,-1.1226808004990771,1.3332990363865482
18.004684448242188,3.9631733639675586,5.804691746657077,2.4949982148029948,0.8236625851430384,0.25291491703377544,0.005084828893823063,0.23092107757395497,-0.2265558671230929,-0.0008837702302119954,-1.1540967270349751,-1.5707963267948966
18.024615049362183,3.9714143156972805,5.8072566973573645,2.495052975357012,0.8257618842618221,0.25199521673403963,0.005185908754274587,0.22817319932942035,-0.22434925633644065,-0.0010077978980418268,-1.1251892461353146,1.4453740449830388
18.044594526290894,3.9962962312447066,5.8147580605144435,2.495209506369206,0.8327784183274719,0.24644133929444528,0.005189236520699418,0.22526882024856587,-0.22323562519190207,-0.0011305555265695465,-1.1566051726712125,-1.5707963267948966
18.064675331115723,4.01299663932929,5.819642286753523,2.49531305699247,0.8372513505395762,0.2419831565889586,0.005165429114895455,0.22195705287422177,-0.22267388394367502,-0.001249563432087107,-1.1358013054648044,1.0401933603204183
18.084529876708984,4.029801700581295,5.8244649426655615,2.4954134878833676,0.8420188527097099,0.23814825585267277,0.005095307419718194,0.21329998484270152,-0.22074150708010365,-0.0013602817099940328,-1.1638043776883382,-1.400153611176691
18.10468816757202,4.04668415103769,5.82918385964702,2.495515114769184,0.8461967074334871,0.2337479771806212,0.005067023749064602,0.20445440279074878,-0.2193808877642446,-0.0014675061939970456,-1.1385593936515246,1.2622492018406817
18.12471652030945,4.055170390258349,5.831506582053681,2.4955710842733354,0.8485691559505106,0.231469883554165,0.0052005553643144865,0.1950127343943023,-0.21295710083057942,-0.0015785320489764465,-1.1687395204901998,-1.5090063419337607
18.14461064338684,4.072180138897792,5.836093780942852,2.495674772453698,0.8523737319544035,0.2272690486566597,0.005167904648031929,0.1854199818751684,-0.20724393451617062,-0.001685939870305002,-1.1412506394958108,1.3744440497194477
18.164769172668457,4.089306615662683,5.840565215975844,2.4957828457840447,0.8571205067797588,0.22227993361761048,0.005248820050154565,0.18064025342163922,-0.2041975730801987,-0.0017953726171818327,-1.1726665660317088,-1.5707963267948966
18.184611320495605,4.1064848192488705,5.844970147628361,2.4958874559997524,0.8606828585301729,0.21822135088077083,0.005211849042154886,0.17554235274822955,-0.20176163915660705,-0.0019011168371350618,-1.1479649083999994,1.2350828815854697
18.20465326309204,4.1220502684712645,5.848819837303525,2.4959798982611385,0.864944113267011,0.21356677934810286,0.00513560811910737,0.17124853187653524,-0.18297879872740178,-0.0019984572540865868,-1.1793808349358974,-1.5707963267948966
18.224724292755127,4.1481030927970695,5.855099929997544,2.496133330416748,0.8708054931121798,0.20684351700017023,0.005078512657344539,0.16563186257459073,-0.17367364618019487,-0.0020920028689678785,-1.1540122236570678,1.2684305639414806
18.244617223739624,4.165551940470271,5.859202645788792,2.4962344762011734,0.8740596132178059,0.2034564071781964,0.005035765163976571,0.1597336508384123,-0.16516993525919849,-0.0021821898623712054,-1.1854281501929658,-1.5707963267948966
18.26466655731201,4.173444517488717,5.860976070973952,2.4962782620296804,0.8760115142525273,0.20060078810071558,0.004980621446586948,0.15498325019472195,-0.15146809201687628,-0.002264590300667008,-1.1553875822366948,1.5020283978135485
18.2846040725708,4.200697140549424,5.8670516914681174,2.4964293806245927,0.8813448639390189,0.19406064431412323,0.00483772220949376,0.14584894184919872,-0.13404230061951805,-0.002338480616410287,-1.1868035087725928,-1.5707963267948966
18.304637670516968,4.2183525907882,5.87090720689623,2.4965256625909293,0.8841691889820686,0.19154560962578826,0.004790237727085371,0.13655771622785304,-0.1176287344305969,-0.002409490287007244,-1.1676811456502225,0.9561181561185128
18.324971675872803,4.2272200853313535,5.87274659813537,2.4965666659867933,0.8860508110416636,0.18851305133240465,0.004579981206051235,0.13343414866100292,-0.09920433113074406,-0.0024639180043384747,-1.1908360265808282,-1.1577440465302846
18.344552516937256,4.262805465264611,5.880074685702751,2.496754266534201,0.8922012033083623,0.18137897592988286,0.004672076820780304,0.12515444121363056,-0.08370428716066215,-0.0025272998994707164,-1.1770483234973401,0.6893851541744045
18.36469841003418,4.280673959452953,5.883686509187954,2.496847198518993,0.8946200325823094,0.17985181138808085,0.004620919291837678,0.1166996224869527,-0.06917242702537356,-0.0025880103825800605,-1.1965714215940437,-0.9761549048351803
18.384600162506104,4.289642400064018,5.8854065237027084,2.496907132863869,0.896161663435468,0.1771272071168333,0.005002347365260993,0.10630238112445482,-0.05847257929659234,-0.0026706554655239498,-1.1787720894220861,0.8899666085978808
18.404621362686157,4.307586196812214,5.888938045255505,2.497006640338884,0.8981830986273447,0.17605785994308817,0.004948135866079884,0.09582859739438888,-0.04859885033980199,-0.002749937201714668,-1.2024207847059754,-1.1824347641944621
18.428654670715332,4.316595288635898,5.890620076921849,2.497072326363728,0.8997065067282081,0.17349470727126043,0.005381124468472276,0.0872647604563526,-0.04127825034486639,-0.002853330299368366,-1.1802567211763795,1.108203176479794
18.44463038444519,4.343654920219196,5.895739120204033,2.497246779937015,0.9030512196450109,0.17040146235317957,0.005706884473965845,0.075106375055309,-0.03809109541875213,-0.0029774677871414017,-1.211141778593293,-1.5442528708456749
18.46474003791809,4.361730155616,5.899139713876668,2.4973603141002636,0.9044318120394791,0.16966654419578567,0.005646134243348009,0.06295400368619475,-0.035499156447837125,-0.003096751011526187,-1.183395245123354,1.387326673496947
18.48456907272339,4.379873580433535,5.902459125576449,2.4974815933118877,0.9067084340429897,0.16742248035413484,0.005779084464806821,0.05634497352433793,-0.028669700154245935,-0.0032202390823499257,-1.214811171659252,-1.5707963267948966
18.504616260528564,4.398018567728169,5.905802256058091,2.4975965229697317,0.907767615248105,0.166910639501046,0.005713486258706328,0.049540988702166,-0.02264798874060944,-0.003338758330414598,-1.189428560534277,1.2691305562487543
18.524656534194946,4.4071258162040685,5.907443658033016,2.4976496824245826,0.908896320333303,0.1659746749560532,0.005566250902638652,0.03486353731801088,-0.019269598278666623,-0.0034415403497976126,-1.218747010197766,-1.4659224831744533
18.544566869735718,4.434437344789299,5.912392557810851,2.497812423358821,0.9106633439812971,0.1648702861460254,0.005383216583910187,0.021877751711598958,-0.010518643909239846,-0.003532584670648215,-1.1950175136340537,1.186474828185613
18.5646550655365,4.452654124836964,5.9156884002590635,2.4979193753102655,0.9109715976477487,0.16474027155307022,0.005311688810818144,0.008958823663570611,-0.00262456852172305,-0.003619510414824029,-1.2247912270683063,-1.4886856717126307
18.584538459777832,4.470917542221332,5.918959001788259,2.498022004779808,0.9121298060619952,0.16416871710882802,0.005176553876611664,-0.001912443765494137,0.005908680552894782,-0.003694897108646834,-1.198000457553105,1.3395384757600715
18.604581594467163,4.489159031237458,5.922244086844478,2.4981247920384866,0.9119828676738388,0.16436557769970384,0.0051019331040217004,-0.01278078174884006,0.013645630224475002,-0.0037665640610518164,-1.229416384089003,-1.5707963267948966
18.624686002731323,4.498307703234177,5.923874146545452,2.4981720599396855,0.9126123387312394,0.16418365288100417,0.004962995864848866,-0.021289890941634748,0.02311450595011674,-0.0038255735752175486,-1.199993318866598,1.4711532611202394
18.644534587860107,4.525708319840061,5.928792658141053,2.498313561815399,0.9127944911467091,0.16444606300906695,0.00467965056860369,-0.029772466700617655,0.030120198173972556,-0.003868113762957783,-1.231409245402496,-1.5707963267948966
18.664670705795288,4.543957686258283,5.932088027065372,2.498406378507877,0.9121136493932783,0.16511129308376246,0.0046018861863625846,-0.03832281323719483,0.036259517172386325,-0.0039078622089254965,-1.209360988717443,1.102412834252653
18.684577226638794,4.5622239891893885,5.935381010388815,2.4984858761260216,0.9120428703990812,0.16546310712262047,0.0042506020112543725,-0.04682724412614381,0.038414483456553815,-0.003924496640343261,-1.2375303794109296,-1.4084695346743281
18.70466637611389,4.580454911739627,5.938698065611212,2.498570102259064,0.9110208743182696,0.1662473712042484,0.004171962572302459,-0.05538030293399085,0.03990148760267185,-0.003939113286025851,-1.2117411919879204,1.2894593711504587
18.72471785545349,4.598685837687953,5.942029693248,2.4986523954436635,0.9103879531694983,0.1670927132617876,0.00408129541240442,-0.06148186595978714,0.043990488916504374,-0.003948725586436614,-1.2431571185238184,-1.5707963267948966
18.744593620300293,4.616886795372773,5.945385403875417,2.4987322829726972,0.9092763854157384,0.16817721922269413,0.003967086116593911,-0.06938111133017748,0.048158105363958474,-0.003953165774653455,-1.2144455740322693,1.4355772245774556
18.764601945877075,4.635057917541358,5.948758819981659,2.4988108338498507,0.9078093214644485,0.1691757728837936,0.0038879923860333913,-0.07733407195761122,0.05157274630141851,-0.0039559299797587225,-1.2458615005681672,-1.5707963267948966
18.78459334373474,4.653209947701868,5.952168889163163,2.498880814688863,0.9064840609834113,0.17063095635374176,0.0036189456807112245,-0.08398800284620923,0.05299817200859724,-0.00394273149429179,-1.220241432521813,1.2810034023177153
18.804674863815308,4.671322383166538,5.955592170559407,2.4989524059928234,0.9047370028810409,0.17169977994132646,0.0035402324849558827,-0.09073274390369783,0.05377734695957114,-0.00392840092646788,-1.251657359057711,-1.5707963267948966
18.826120853424072,4.680370175252978,5.957324998147595,2.4989838262969353,0.9039330949332729,0.17265332973536773,0.003400900807737451,-0.09366249772610226,0.05768627159462926,-0.003906142940854825,-1.2202614183799532,1.5697970338878875
18.84461808204651,4.698429898535997,5.960789825072457,2.499051064610623,0.9020287493378351,0.1738398966674973,0.003323007564502169,-0.09680764356083056,0.0608466425824225,-0.003883042174724022,-1.2516773449158511,-1.5707963267948966
18.864651203155518,4.716454895734616,5.964299916232309,2.499109210904073,0.9001039629514039,0.1755528225512119,0.003031083106931598,-0.1027560200709167,0.05728348360958935,-0.0038437786549256033,-1.2289124801473255,1.1382432384262842
18.884632110595703,4.743406611909597,5.9696093040738,2.4991916761445188,0.8967774021441677,0.17770215517848642,0.0027489750975745325,-0.11364520480010548,0.04824386143136935,-0.003791366103003263,-1.2603284066832234,-1.5707963267948966
18.904608011245728,4.761318708989626,5.97317237924944,2.499245900860711,0.8943962769582527,0.17857429586112436,0.0026736707811523936,-0.12445387016822183,0.03892400488222472,-0.0037390883368060013,-1.2298764955408634,1.5225955571180005
18.924747228622437,4.770251118925926,5.974988378527286,2.499271577327006,0.8929363317025941,0.17975496118023224,0.0025970997192982783,-0.1326973502548096,0.03392792961807463,-0.003685081967047051,-1.2612924220767614,-1.5707963267948966
18.944597959518433,4.788082756366428,5.97858991052109,2.4993227858944174,0.8901999241081381,0.18038027170507023,0.0025239363079898928,-0.14094380151448332,0.028538102037624413,-0.00363129616964066,-1.235212771426985,1.3039825324888232
18.964765071868896,4.805871685850786,5.98227496330305,2.4993641477012334,0.8876569998726959,0.18272373566254954,0.002241511169421822,-0.1492921886578504,0.023215533795196402,-0.003563392273399914,-1.266628697962883,-1.5707963267948966
18.98453640937805,4.832445431562289,5.98781717183613,2.4994278757861466,0.8834032446838064,0.18480696359922677,0.0020789887567811763,-0.16046394650372417,0.018647956032994194,-0.00349078978732015,-1.2395447639336643,1.3541967014609302
19.004653215408325,4.850080664875452,5.9915167163354885,2.4994687621998093,0.8800832468325791,0.1851309405220091,0.002009891707864517,-0.17151589069860654,0.013684332411765879,-0.003419060201258856,-1.2709606904695623,-1.5707963267948966
19.024996042251587,4.858882031339132,5.993413201278408,2.499486466614693,0.8785581015439897,0.18650256488539135,0.0019200639581317142,-0.1793146324747964,0.011125103952133446,-0.003345806131396701,-1.2408481039969124,1.5056293236324958
19.044745683670044,4.87641681062364,5.997145283777689,2.4995242035687766,0.8748938380434156,0.18669561106652646,0.0018538724692158137,-0.1871112725408525,0.00810304491066289,-0.003273500332280081,-1.2722640305328103,-1.5707963267948966
19.06465220451355,4.893902402332118,6.00094291340246,2.499556595392857,0.8717172104125812,0.18836964687099605,0.0016734733671232166,-0.19370002014148488,0.006525296017263957,-0.0031944881009166753,-1.2477903334112708,1.2236848560769786
19.08455991744995,4.919979795188108,6.006630037005415,2.499602100049902,0.8662184965476155,0.18948547671388563,0.0015017931512090856,-0.19960365734626248,0.005006088836865208,-0.0031101974971261253,-1.2792062599471687,-1.5707963267948966
19.104668140411377,4.937263848358342,6.010420622478944,2.4996315194235064,0.8621669789057945,0.1895664105002231,0.001440420563300676,-0.20555610016601145,0.003008182361517537,-0.003027291084335763,-1.2501575370923808,1.4524361427393995
19.12467122077942,4.9458815412701975,6.012342596293054,2.499646533068592,0.860239753606747,0.19026748785091613,0.0014227423167007432,-0.2101458981076221,-0.004858390539358364,-0.0029481355159442432,-1.2815734636282787,-1.5707963267948966
19.144593715667725,4.963043993165667,6.016146438750623,2.4996744035005123,0.8559896041154225,0.19008979284133104,0.001364560441794445,-0.21489539019296053,-0.012947823961946506,-0.002870265379705002,-1.2536282817137456,1.397259095726655
19.164652347564697,4.980129345299868,6.019987759153661,2.4996982421378284,0.8518615737071882,0.19081085049815316,0.0012337736822506534,-0.21819570819101766,-0.024499758842405437,-0.0027890027899679882,-1.2850442082496436,-1.5707963267948966
19.184608936309814,5.00558753157627,6.025736504825275,2.4997327670320453,0.8452881121287918,0.19100453006872128,0.0011111255988725545,-0.22206279280584873,-0.03621783818576533,-0.0027053269290739286,-1.259828335185696,1.2607936531973785
19.204636096954346,5.022448613675181,6.029548565069419,2.499754453980834,0.8408065572746679,0.19016206364481578,0.0010578431259953603,-0.22612487575786303,-0.0480469818470181,-0.0026231729164804167,-1.291244261721594,-1.5707963267948966
19.224823474884033,5.0308406492354765,6.031486173310381,2.499765091220171,0.8383603007696774,0.19068678664904187,0.0010510216215595287,-0.23110258766775255,-0.05923213226681232,-0.0025453721902806642,-1.259828335185696,1.5707963267948966
19.244571208953857,5.055883959747492,6.03722935248289,2.4997955835577703,0.8312814107960635,0.19021907136104277,0.0009686284588315458,-0.23649913919257393,-0.07058534948870548,-0.0024673923130980537,-1.291244261721594,-1.5707963267948966
19.264668226242065,5.072461921645458,6.041018854222297,2.499814467775269,0.8264963439341008,0.18869287793464337,0.0009200484380234606,-0.24202960734853177,-0.08205267589221778,-0.0023908479978847815,-1.2688823455463227,1.118095808763564
19.284536123275757,5.088937695855446,6.044844616572343,2.49982663458244,0.821492978005997,0.18870312156635535,0.0007641307637177474,-0.24540920911696049,-0.08827551060620051,-0.0023089919992070043,-1.2991095953596692,-1.5113624906673229
19.304572343826294,5.1053182391931475,6.048600596605113,2.4998414607751434,0.8165494871259085,0.186873311999737,0.0007187559509549851,-0.24896974225878418,-0.09474633544360667,-0.0022287584613331283,-1.2676936688237712,1.5707963267948966
19.324780225753784,5.113468225824933,6.050503514742838,2.4998524537561884,0.813922699761389,0.18695250791003276,0.0007996738282824472,-0.2542192678467425,-0.10176483538296376,-0.002158417654434619,-1.2991095953596692,-1.5707963267948966
19.344605445861816,5.129695480504046,6.05422173343501,2.499868020172569,0.8087849046779313,0.18484526194539333,0.0007571978815161007,-0.2595782653409616,-0.10899456343696699,-0.0020893959069658206,-1.2735217856840682,1.2793904837800518
19.364633560180664,5.145818031725903,6.05794749190892,2.4998790392964265,0.8035248223592024,0.18386340675283872,0.0006179196147819175,-0.2648682422779534,-0.1138856879232521,-0.0020156833279134033,-1.3049377122199661,-1.5707963267948966
19.384657859802246,5.16980512712392,6.063436676476598,2.4998980655678817,0.7955313696902591,0.18104315227360387,0.0005967356697477721,-0.2726002219097936,-0.12452869709522695,-0.001945080101083934,-1.276372842413881,1.4282434903042596
19.40466046333313,5.185660719001172,6.0670319211524175,2.499909615901377,0.7900020448997813,0.1784456335500635,0.0005585283125360689,-0.28033214128378336,-0.13523317569893462,-0.0018758900814519006,-1.307788768949779,-1.5707963267948966
19.425148010253906,5.19354820115415,6.068828971179521,2.4999146432127306,0.7871741767455678,0.17755179383114625,0.0005297811779755681,-0.28881009847270345,-0.14606561625391523,-0.0018088708895987082,-1.2788565108308574,1.4466129059460764
19.44457507133484,5.2170451678292995,6.074118706074139,2.4999292176155623,0.7788136767738173,0.17396014033625845,0.00046272928904000617,-0.293265471022517,-0.15026484548332722,-0.0017415729359742697,-1.3102724373667554,-1.5707963267948966
19.46459197998047,5.232562486706335,6.077567563554962,2.4999381283035853,0.7729030580973161,0.17091078539469387,0.00042855919919201815,-0.29781128348005764,-0.15471146839055827,-0.0016756669675770737,-1.2856659474467713,1.2303244959992021
19.484668254852295,5.247976098950903,6.080986255633313,2.4999450978291624,0.7672302659906499,0.1684723793773175,0.0003795930277364022,-0.30791028740977766,-0.16561661295304766,-0.0016105652010346251,-1.3170818739826693,-1.5707963267948966
19.504607677459717,5.263258455127796,6.084321852443428,2.4999523718478587,0.7609721003029051,0.16505092244974,0.0003480212580582861,-0.3178857115324484,-0.17653033309785324,-0.0015468401358114691,-1.2856659474467713,1.5707963267948966
19.524867057800293,5.270862219344091,6.085976867208106,2.4999586102758524,0.758024045085611,0.1635952598857894,0.0004030808025797747,-0.3243355320142585,-0.1839319159250917,-0.0014903665814871851,-1.3170818739826693,-1.5707963267948966
19.54452085494995,5.29347596516743,6.090821118371275,2.4999672923739134,0.7488025284491626,0.15859076119885454,0.0002677019552270755,-0.3279388105297254,-0.1868169471716998,-0.0014285607589432895,-1.2927623543581994,1.2159759812234938
19.564672231674194,5.308386183522235,6.093955364918343,2.4999723647537695,0.7422070148220461,0.15482341556683604,0.00023973755672558275,-0.33162643896764177,-0.18996024670938663,-0.0013681026295550207,-1.3241782808940974,-1.5707963267948966
19.584524393081665,5.323183951116881,6.097027780996377,2.4999785124197555,0.7359819387750091,0.15125166284257452,0.0002718038454808697,-0.3399766284812068,-0.2000791963348837,-0.0013132853597260122,-1.2927623543581994,1.5707963267948966
19.604753732681274,5.337835042037722,6.100012123778525,2.49998368943527,0.7290995960664542,0.14714888380847196,0.0002460765148583008,-0.3482438000687851,-0.2101986346129694,-0.0012596425105502627,-1.3241782808940974,-1.5707963267948966
19.62464165687561,5.352364053091721,6.102920559713375,2.499985476013153,0.7225209206587087,0.1430909725797921,0.00013259225331547784,-0.3534532706668174,-0.21734460832218694,-0.0012019055910293683,-1.2992500549334516,1.2464112980322906
19.644546031951904,5.366750620872102,6.105743226139236,2.4999877490308036,0.7156041891275634,0.13881024933777253,0.00011075376523653867,-0.36301205227954253,-0.22733277819582637,-0.0011458706370382993,-1.3306659814693496,-1.5707963267948966
19.664664030075073,5.380989472727821,6.10847329964461,2.499989738603355,0.7082496491419333,0.13416387147954195,8.83859929487994e-05,-0.37241625785516025,-0.23730166912661638,-0.0010911195083601506,-1.2992500549334516,1.5707963267948966
19.684587240219116,5.395103159293779,6.111125488131397,2.499994050719413,0.7013529340629905,0.1297993011052838,0.00011527431208644038,-0.3783830304425941,-0.242569288233938,-0.00104134474900559,-1.3306659814693496,-1.5707963267948966
19.70466113090515,5.409054145632684,6.113672602983671,2.499996151198454,0.6937259473440995,0.12489421763950319,9.493574176020534e-05,-0.3843087688012717,-0.24795918193790464,-0.0009926996351238763,-1.3062900208104629,1.2187980329443349
19.725087642669678,5.422879232146489,6.116136731677936,2.499994686899324,0.6866708233005175,0.12025170680804367,2.0387553962664287e-05,-0.3895296791486704,-0.2545658258951394,-0.0009420805252885264,-1.3377059473463608,-1.5707963267948966
19.744567155838013,5.436542485872394,6.118493065869985,2.4999974411926633,0.679067968902669,0.11515173270638865,8.394649064079595e-05,-0.3981635699479563,-0.2648594366218128,-0.0008982023713847993,-1.3062900208104629,1.5707963267948966
19.764610290527344,5.450043644188167,6.120742445511209,2.4999989433569363,0.6710195656196805,0.1097521274605211,6.641285001197808e-05,-0.4066527001594879,-0.27509060874671437,-0.0008553281979333958,-1.3377059473463608,-1.5707963267948966
19.784563064575195,5.463403391188777,6.122891442943328,2.499998023193893,0.6633354601807089,0.10443015656206996,-1.334651488273787e-05,-0.4157498506064271,-0.28269719727064563,-0.0008098438706554116,-1.3126509919417073,1.2527477702326761
19.80461835861206,5.47658635275918,6.124922998759857,2.4999975972723836,0.6549309600441842,0.09870001931483857,-2.9097664952147306e-05,-0.42467091522154127,-0.29031890089061546,-0.0007654523514437196,-1.3440669184776053,-1.5707963267948966
19.824645042419434,5.483130573674158,6.125905037797835,2.499998424114867,0.6511003079532902,0.09602170967089002,1.2717537924096423e-05,-0.42960045406114006,-0.29520146580115936,-0.0007263114586485058,-1.3126509919417073,1.5707963267948966
19.844552755355835,5.502491217242943,6.12866460085466,2.4999999051122357,0.6387290759246901,0.08741057742179707,2.011364711544256e-05,-0.43825552981506954,-0.30476598598941984,-0.0006897248969578627,-1.3440669184776053,-1.5707963267948966
19.8645977973938,5.5151775792725495,6.130351224782704,2.500000171836118,0.6298788510402976,0.08122014811106854,6.677821330658766e-06,-0.4467383484185765,-0.3142661543250435,-0.0006540006885302294,-1.3201189139111014,1.197400228325196
19.884516716003418,5.527711777150187,6.131924929918955,2.49999742740315,0.6215142724725282,0.07514546691779338,-4.859434221044244e-05,-0.45634046040697807,-0.32635059660557336,-0.000616763606453988,-1.3506869587664396,-1.528402242766913
19.904629468917847,5.540050165258696,6.133361771202489,2.49999633460025,0.6122932566476358,0.06849889278567046,-6.05648736275907e-05,-0.465725009143924,-0.3382811954986007,-0.0005804412037159082,-1.3201681402535974,1.5259409256421108
19.924925327301025,5.546167298044982,6.1340414755837145,2.4999999670822777,0.6080662474253558,0.06538398638270891,4.769122817735015e-05,-0.4732903828198266,-0.345936634997537,-0.0005532012304149939,-1.3515840667894954,-1.5707963267948966
19.94482421875,5.558233468427076,6.135279458513144,2.500000812051297,0.5985260969388184,0.05838884844518676,3.689439003967722e-05,-0.48069855414139706,-0.35357404828777633,-0.0005265862325068972,-1.3251182709721456,1.3232897908674879
19.96467089653015,5.570143600201777,6.136409196871331,2.500001286547826,0.589737774856115,0.05204838689627439,1.8882977578922004e-05,-0.48807922820704475,-0.3629865770673448,-0.0005003752571160073,-1.3565341975080436,-1.5707963267948966
19.984546661376953,5.587636649627768,6.13782603850656,2.500004098731373,0.5756144610751934,0.04160362548917292,7.022651806809152e-05,-0.49521117616348653,-0.3730450803238951,-0.0004788633117018191,-1.3296916245640658,1.3421286471988925
20.004671573638916,5.599049428759358,6.138582837743266,2.5000054088994186,0.5656401856621831,0.03404319042687146,6.0860409555077504e-05,-0.502191120433298,-0.3829774091554769,-0.00045782631607685495,-1.3611075510999637,-1.5707963267948966
20.02462673187256,5.604695669624742,6.138918271714969,2.500008149884161,0.5610057384002133,0.03056489618312892,0.0001239766599743071,-0.5053718549014182,-0.38802762699340604,-0.00044205638341146607,-1.3311393211298592,1.4984114985052255
20.044580459594727,5.621312158314682,6.139677430506812,2.5000132400260626,0.546145155138417,0.019330825679873626,0.0001500520375574284,-0.5144562834096958,-0.3949820050156409,-0.00042891762643500637,-1.3625552476657572,-1.5707963267948966
20.064639568328857,5.632131576017841,6.139984588888776,2.500016156147692,0.5357670985371991,0.011361957953144618,0.00014160315459230068,-0.5233113086489757,-0.40189835994199674,-0.0004160088418651299,-1.3411800946495016,1.0687576508127794
20.084555864334106,5.642756889411419,6.140145390336753,2.500018234765616,0.525582121785787,0.003597028378589143,0.00014010826308481867,-0.5346932411700186,-0.4093510161098816,-0.0004037585112813672,-1.3680937183460045,-1.3456811848251427
20.104572534561157,5.653160850934163,6.140134967563083,2.500020956985251,0.5147771912308099,-0.004663900757919237,0.00013215382807908087,-0.5457450737465362,-0.41672951520008344,-0.00039172017931770584,-1.3454200467953017,1.1336835775351384
20.124643802642822,5.658295175138101,6.140073249243028,2.500030470308859,0.5096330756170562,-0.00874167355173679,0.0003631047457433706,-0.5557980004933113,-0.4245915876367183,-0.0003952122022302552,-1.3711443801784844,-1.2862166691591348
20.144515991210938,5.673358973182611,6.139629593728222,2.5000514060875374,0.4936130280404086,-0.021227845247034645,0.0006462783604441002,-0.5626472242700951,-0.4269780708304739,-0.0004170771519752428,-1.3533629161326903,0.889073202289703
20.164605140686035,5.683118258054475,6.139119477788898,2.500064246825679,0.4822933188557645,-0.0297919907360377,0.0006377255008177796,-0.5692893449160538,-0.42945065062121696,-0.00043806322058548,-1.3768367971817206,-1.1736940524515127
20.18453025817871,5.692680045925586,6.138440775588913,2.5000986995382357,0.4716188672123626,-0.03836094928361631,0.0011887010176181107,-0.5706445117289121,-0.43215878107470646,-0.0004934659897299624,-1.3599822755598425,0.842726081093903
20.204573392868042,5.7019982045175315,6.137586941028565,2.500122371271076,0.4601925078953055,-0.04703175145524004,0.001178294193299629,-0.5719897316935489,-0.43493216251124833,-0.0005468883105159625,-1.3827661645878178,-1.1391944513987617
20.224661111831665,5.706580701709862,6.137088208898253,2.5001509435948357,0.4546775933720542,-0.05158865918478688,0.0016569421655240658,-0.575392258830032,-0.4351286817823247,-0.000627861949908107,-1.364485613455337,0.9140275566240419
20.244567155838013,5.719961690353511,6.1353335733501035,2.5002170757609847,0.4374242689621629,-0.06494287286264058,0.0021138448641543823,-0.570916072424717,-0.4310658265658723,-0.0007355839595216443,-1.392587325646414,-1.4050856095538578
20.26466393470764,5.728596281363809,6.133948759186316,2.5002591985482323,0.4260491161695561,-0.0735259585283889,0.002098087315062793,-0.5666307960208158,-0.42729025750471866,-0.0008395483394936101,-1.374369853409437,0.9108736118488503
20.28455686569214,5.736983703478126,6.13236065141202,2.5003190825199257,0.41418526390317806,-0.08287162878112689,0.002511598902404155,-0.5631585670100887,-0.4218444463130322,-0.0009646119395658327,-1.3995623057198436,-1.2596226155203283
20.30474543571472,5.745155000619883,6.1306191961065455,2.500369113459361,0.4029554984696392,-0.09125687308995023,0.0024910928950518042,-0.5598440686004894,-0.41673576120659095,-0.0010852566360297963,-1.385644518522088,0.6958893598877802
20.3246431350708,5.749130922370568,6.129653717154481,2.5004036324002903,0.39664231445947806,-0.09630478541323591,0.0027499223503592587,-0.5565689436622117,-0.411050626559482,-0.0012152614652149209,-1.4030746439905686,-0.8715062734240275
20.344573497772217,5.760746895405428,6.126538063705382,2.500497252842819,0.3789646482968722,-0.10976124614481611,0.003051424888186841,-0.5613236656924864,-0.402741434370975,-0.0013605176783801482,-1.403072169420879,0.00012372848448016782
20.364797592163086,5.7682136208151995,6.124262821275234,2.5005579998163947,0.3676929858261205,-0.11773684111698544,0.0030228057930541453,-0.5657957823505376,-0.3948946048126187,-0.0015005216372587214,-1.4130757033743544,-0.5001766976737709
20.384551525115967,5.775413863062466,6.121759621286311,2.5006443930311684,0.35538569675168874,-0.12735887332367957,0.0036696434089338145,-0.5689780136433987,-0.39063481535948896,-0.0016746488683371207,-1.4169860224104576,-0.19551595180515857
20.404783487319946,5.782407580819128,6.119134584018937,2.50071743967774,0.3439762416020448,-0.13513177350567457,0.0036344618992365783,-0.5719292583012989,-0.38671076386712333,-0.0018424547905087614,-1.4250344832430581,-0.40242304163002895
20.42459225654602,5.785804017375284,6.117716770351135,2.500774804560514,0.3378482341054422,-0.14024584995629794,0.0042210744742716645,-0.5716801598962518,-0.3759412162409415,-0.0020377476816242127,-1.4256527371211,-0.0309126939020965
20.444559335708618,5.795672357331082,6.113291681408731,2.5009223023711367,0.32043290595752616,-0.15280271648941574,0.004779370280301453,-0.5691760098438355,-0.36243581310251455,-0.0022628265474089115,-1.4447705137668732,-0.9558888322886538
20.46466636657715,5.801967349806507,6.1101640072501056,2.50101742261818,0.3090748625740985,-0.159921879145634,0.004731931582935932,-0.5666197313365249,-0.3495896016257624,-0.0024796805096068087,-1.4430045447429407,0.08829845119662227
20.484556436538696,5.808013324805678,6.106816806505693,2.501138589433631,0.2972285944327883,-0.1687872348728634,0.005334718889693322,-0.5583043310884005,-0.3337822355202311,-0.0027236949220251715,-1.4597993019391362,-0.8397378598097749
20.504637956619263,5.813846783064483,6.103375321736838,2.5012447232582202,0.2861444750624444,-0.17531104287072108,0.005277880365096106,-0.5501312277995056,-0.31872233086302404,-0.0029586579745160854,-1.4611397557417352,-0.06702269012994755
20.52468466758728,5.816655597732577,6.101545660581565,2.501311481585067,0.2799582406983908,-0.18006207070959887,0.005642245083937782,-0.5442164607415788,-0.29834401285082823,-0.0032026403863396045,-1.4691425347150133,-0.4001389486639084
20.544543743133545,5.824771104204097,6.095931749598838,2.5014922019135546,0.2625765538791011,-0.19111463211280894,0.005908965657556548,-0.5389259189223945,-0.2829215596841749,-0.003456509862112348,-1.4876780268964622,-0.9267746090724449
20.564628839492798,5.829915201171095,6.092053863220671,2.5016096734872666,0.25185066924354643,-0.19662509877952258,0.005837377905534766,-0.5336679948390156,-0.26824931745609193,-0.0037006542519457315,-1.4895801669530249,-0.095107002828132
20.5846049785614,5.834790135294885,6.087955404489415,2.501740948074156,0.2398478799173508,-0.204660216610276,0.006131782557572485,-0.5285254639033053,-0.2533851038820677,-0.003950563564330405,-1.5072595946174827,-0.8839713832228924
20.60465669631958,5.839481729593477,6.083812477243614,2.501862777445137,0.22932862206506327,-0.20958541213349935,0.006050354331886288,-0.5234038325565484,-0.2392561916185014,-0.00419062818054133,-1.510915108034319,-0.18277567084181712
20.624626398086548,5.8439154182128314,6.0794708567175,2.50199556874815,0.21775036132740588,-0.21672893161100465,0.006276126643428705,-0.5138401988733793,-0.21962542645951727,-0.004432226197658267,-1.5277957802928501,-0.8440336129265535
20.6445529460907,5.8481505912663465,6.075057433833026,2.5021244965211165,0.20697692303498108,-0.22215662447664972,0.006325832079379046,-0.5041491305462269,-0.20298795115981913,-0.0046684774550523125,-1.5345423689284736,-0.3373294317811748
20.6646785736084,5.852189930234518,6.070574774847448,2.5022500642066134,0.19698822991530868,-0.2260563492770572,0.006230181542840382,-0.49477222770401835,-0.18711034405224605,-0.00489495771641038,-1.5460664799754888,-0.5762055523507614
20.684569597244263,5.855976429006864,6.0659213985939155,2.502384115000732,0.1858010382310518,-0.23206455982620725,0.006389498448519275,-0.48421128277231484,-0.17590072131601217,-0.00511938014779688,-1.558767262822641,-0.6350391423576074
20.70462131500244,5.859596293332947,6.061245644519992,2.5025108666143163,0.17621938328546102,-0.23547548111365482,0.006284946922272182,-0.4740145350925633,-0.16529064879240238,-0.005334178408387848,-1.5670682560218028,-0.41504965995808885
20.724759340286255,5.8629620764999,6.0564216141360285,2.502644707579169,0.1651762341838204,-0.24064509271118148,0.006404984651915036,-0.46873394323067136,-0.15079650676527018,-0.0055449847873449655,-1.582141553698702,-0.7536648838449622
20.744583129882812,5.866148620811063,6.051554747946575,2.502774737099088,0.1550638355551165,-0.24438620903983901,0.006391682450288025,-0.46483327180766804,-0.14264182027970349,-0.005748104042847733,-1.5914316260893653,-0.4645036195331631
20.764617204666138,5.869157185271103,6.04663901360762,2.5029014080504512,0.1458052372462057,-0.2471617352816818,0.006274766531065437,-0.46104520900220425,-0.1349948300853259,-0.005941952486548718,-1.6025863161307008,-0.5577345020667757
20.784558534622192,5.8719336513128555,6.0416197807990795,2.5030334985549474,0.13546528384275072,-0.2509834542652905,0.00635055857333678,-0.4589817570388927,-0.12977252899039202,-0.006130023431322437,-1.6157315176706062,-0.6572600769952697
20.804718494415283,5.874551295725482,6.036574484922003,2.5031592716341655,0.1263058708347759,-0.2535300856571916,0.006226152425743224,-0.4569677207939689,-0.12495809487163198,-0.006309102180336963,-1.6255195299581215,-0.4894006143757679
20.82492685317993,5.8757740472619515,6.034017579102581,2.503226414667439,0.12122992422947607,-0.2552016352682182,0.006309120973830536,-0.4609724983918988,-0.12728885366892934,-0.006481562583033221,-1.6299972079258254,-0.22388389838519096
20.84453296661377,5.878106191160041,6.02888792522554,2.503351289711613,0.11197157553861457,-0.2577720547164737,0.00617783749540046,-0.4648395349443467,-0.12977948800956787,-0.006645348892093442,-1.6453605824310111,-0.7681687252592884
20.86468505859375,5.880247012536564,6.023710274382412,2.5034813522584147,0.10250265960171234,-0.26020426023640303,0.0062347946129902,-0.4763339784529259,-0.13230424377880967,-0.006803706478750428,-1.655733377202374,-0.5186397385681385
20.884588479995728,5.882209771577332,6.018493888109958,2.5036065604467743,0.09316604707061725,-0.26229386149232725,0.006161537381686468,-0.4881247377947164,-0.12300909526891894,-0.006953169561563663,-1.6687212263043625,-0.649392455099429
20.90502381324768,5.88559745889699,6.00794559576091,2.50385404622708,0.07504945221776853,-0.2661604899485857,0.006047565351043492,-0.479021837532946,-0.12172766823958449,-0.007095522963271071,-1.6984820309740751,-1.4880402334856324
20.924598932266235,5.88700324035169,6.002598109792769,2.5039735693434304,0.06555836498004851,-0.26858490412143965,0.005904298666733475,-0.4701202878143561,-0.12076676388840636,-0.007229809935658466,-1.703921167152226,-0.2719568089075475
20.944545030593872,5.888220967042319,5.997202306597225,2.5040902008011394,0.056243310916124785,-0.2709932648736749,0.005758426019987469,-0.46141820645619114,-0.12012151497018207,-0.0073561369524985185,-1.7209482336655948,-0.8513533256684358
20.964655876159668,5.888263736218319,5.99724791051487,2.5040775728697584,0.05723923112557205,-0.26965336982593474,0.005423324688322684,-0.4671830036240272,-0.09722528708481729,-0.007445171460674083,-1.7104200773995393,0.5264078133027761
20.984639883041382,5.889317554682369,5.991847662062543,2.5041816016407994,0.04798671077776475,-0.271063462871333,0.005179528445830245,-0.46651101543526563,-0.07823386622417296,-0.007517477018624047,-1.7347020266801918,-1.2140974640326263
21.004725456237793,5.890184033242104,5.986411969218283,2.504283684198181,0.03866350148962987,-0.27244537235956257,0.005028506517043262,-0.46580413462145737,-0.060098927169363964,-0.007583711005521079,-1.7434978264445409,-0.43978998821745385
21.02462887763977,5.890874977710583,5.980941439045479,2.504360001442671,0.029614356507443693,-0.2739126959771789,0.0042748910422332476,-0.46751226025530346,-0.051112262868190816,-0.0075973294700236,-1.7590432800476061,-0.7772726801532626
21.04456663131714,5.891373658959815,5.9754535388641035,2.504443979103725,0.020248769740842307,-0.27484889211451236,0.004122843905126823,-0.4690119108186142,-0.04258315867130054,-0.007606677980785365,-1.772535153439025,-0.6745936695709442
21.064670085906982,5.891705924075354,5.969909986669934,2.504514690562169,0.011424909569842191,-0.27656742687946806,0.0037517801892846554,-0.4693231950522317,-0.03275834238318477,-0.007590979255467328,-1.7862025568946134,-0.6833701727794184
21.084576845169067,5.891852307365531,5.964359706118532,2.504588521689938,0.002467791918107008,-0.27758791756401463,0.003613957149933114,-0.4646598833752118,-0.027195558805672176,-0.007569743051691141,-1.8002757109840024,-0.7036577044694514
21.10458993911743,5.891809036476192,5.95880286122063,2.5046592884596675,-0.0067797117370974325,-0.2780792465775954,0.0034628012256347133,-0.46010912580906277,-0.021997785922184453,-0.007545323149780961,-1.815127346087524,-0.7425817551760749
21.124629974365234,5.891605455543843,5.953217066572775,2.504731585788351,-0.015341764428554299,-0.278877677486147,0.003432504635962413,-0.4502471918525476,-0.011656184035389452,-0.0075195590192559895,-1.8284796464538244,-0.6676150183150265
21.144580841064453,5.890942853442331,5.944841099731905,2.504835128599161,-0.02876134222205976,-0.2793303461931595,0.0033213265397030946,-0.4366330834665907,-0.009507595008707747,-0.007491411191192535,-1.8536486783596238,-1.2584515952899666
21.16465401649475,5.890281188458364,5.939252716128512,2.5049000588727917,-0.03736104915095753,-0.2795020762330316,0.0031718045297248684,-0.4234009044032837,-0.0077261273346651005,-0.0074603001207168545,-1.8642581844713373,-0.5304753055856759
21.184601545333862,5.8894224972268665,5.933664994791731,2.504964136641331,-0.046538646170121045,-0.27950817650080584,0.003054808752922677,-0.4190046286721576,-0.0047181795183365936,-0.007422512131141563,-1.8816786909930618,-0.8710253260862277
21.204560041427612,5.887928373800512,5.925845100965117,2.5050480226139915,-0.05908635435796642,-0.2793366067877113,0.0028874382372727956,-0.4236872118958488,0.0021544108010935203,-0.007378791517365239,-1.9049751773804924,-1.1648243193715269
21.224601984024048,5.886661609957629,5.920259235191397,2.505104298657949,-0.06760478273777581,-0.2792285720818146,0.002740320060371284,-0.42811310650973167,0.008574059519768943,-0.007332621670876655,-1.917612507763276,-0.6318665191391792
21.244646310806274,5.885223609323686,5.914676784139432,2.505157641733397,-0.07620918830972567,-0.27899662481775334,0.0025941494023723846,-0.4322854548291116,0.014546646613521409,-0.007284047034189737,-1.934116200823489,-0.8251846530106466
21.264647722244263,5.8852041875220955,5.9146926050352375,2.5051598869090554,-0.07667197269489515,-0.2785295994954004,0.00266111805952109,-0.43720560223298865,0.01978140917305177,-0.007236807827021845,-1.9306633200160803,0.1726440403704288
21.28460717201233,5.882721241348226,5.906347421782689,2.5052371251687666,-0.08948503299703428,-0.2778600753664942,0.0024430507194384225,-0.45201211385120194,0.022192698658715808,-0.007180714352140415,-1.9620792465519783,-1.5707963267948966
21.304645538330078,5.880840182487812,5.900794803735429,2.5052845538799913,-0.09866812336234956,-0.27739474518142554,0.0023000140391378483,-0.46619333461655627,0.024288025279484964,-0.00712262415452831,-1.9762305011767272,-0.7075627312374433
21.324685096740723,5.879858682654347,5.89802819840244,2.5052884512684503,-0.10256989559456531,-0.27700752114534716,0.0017011277903114224,-0.4753736339818929,0.01880409257010728,-0.007027247969720194,-1.9823974867888998,-0.308349280608633
21.344539880752563,5.876615361676497,5.889741067153187,2.505329979239785,-0.11554752274841988,-0.2760903939285298,0.0013341997137220818,-0.4848846188387158,0.007138270969825595,-0.0069149856690071555,-2.0126042484878193,-1.5103380849459835
21.364614009857178,5.874206823004625,5.884219908598467,2.505355287726965,-0.12533653214377016,-0.27606438736267924,0.0011970235964286731,-0.49394102359012054,-0.004539444356047749,-0.006802608350064293,-2.0298666619021257,-0.8631206707153227
21.384556770324707,5.872973627725983,5.8814890178651815,2.505364067587863,-0.1290566225454204,-0.27543464766548353,0.0010335301032378176,-0.500231695441487,-0.0306657675417223,-0.0066841456634313835,-2.0363381224746058,-0.3235730286240024
21.40511202812195,5.868922647360028,5.873276355379518,2.505387841433398,-0.14294833692321107,-0.2747007048939798,0.000727204954158026,-0.5219014273975606,-0.05960475651870622,-0.006553263153240199,-2.0677540490105035,-1.5707963267948966
21.424599409103394,5.865957899342786,5.867768518041746,2.5054010835742693,-0.1535957915826296,-0.27617769564761707,0.0005974433319342677,-0.5426996314057168,-0.08800485630269513,-0.0064230036159738865,-2.0888606827581695,-1.0553316873832985
21.44454002380371,5.862856638216013,5.862366097797067,2.505408677040034,-0.1623636254634306,-0.2746962752800914,0.0003606737819640048,-0.5398275064857269,-0.12987273392795218,-0.006283240669244303,-2.109963579258251,-1.055144825004084
21.464592933654785,5.859501590659984,5.85684345854441,2.505414643134209,-0.17313162426836712,-0.2777037481449935,0.0002363981196716657,-0.5369757396696049,-0.170702349941854,-0.006144495499607617,-2.130199433145898,-1.0117926943823408
21.484534978866577,5.857800071681655,5.854183344513506,2.505412241444391,-0.17702772625246513,-0.2760865848032741,5.874502428066164e-05,-0.5496075074970123,-0.20481002234632809,-0.006000288296631702,-2.1414931745725734,-0.5646870713337693
21.504553079605103,5.854148782495373,5.848618417189109,2.5054122258370404,-0.1881413708996052,-0.28051716200274945,-5.9829334855142515e-05,-0.5616611788268612,-0.2381144590247292,-0.005857360950758562,-2.161401360218664,-0.9954092823045269
21.524711847305298,5.850337513937503,5.8432250864481725,2.505411619365469,-0.19789482119695967,-0.2788446301720696,-0.00012004713827582133,-0.5755379721568339,-0.2631601586120989,-0.005716804445443279,-2.187482922636522,-1.3040781208929042
21.54454493522644,5.844185240522088,5.834909653834874,2.505405553537597,-0.21401696589855787,-0.2821272982908605,-0.000287050782638894,-0.5880141989546304,-0.28041931818807553,-0.005572830601213688,-2.2157155899841974,-1.4116333673837689
21.564613819122314,5.83978650004549,5.829209885286577,2.5053987074811985,-0.22589644437872258,-0.2879062947383023,-0.000397079802077231,-0.5998231223363231,-0.2974407943938478,-0.005430314017002824,-2.2272910717972274,-0.5787740906515015
21.584559202194214,5.835215189097082,5.823589606900345,2.5053936354154627,-0.23633890438468416,-0.28906212873923637,-0.0003933794821362566,-0.6150651411042115,-0.2985291540949927,-0.00529417522519128,-2.243450481718412,-0.8079704960592293
21.604610681533813,5.830364420158029,5.817748570299971,2.5053847180001587,-0.24878624648218764,-0.29504619915397656,-0.0004979126873551274,-0.6295423853992228,-0.2999294205523644,-0.005159366923053129,-2.2539830980179105,-0.5266308149749266
21.624565839767456,5.827894107952437,5.8148685619883915,2.505384597642887,-0.25369804411049457,-0.2956339804206307,-0.0004067019729789099,-0.630646536586912,-0.29164294563769155,-0.005036220088925324,-2.259538030430417,-0.27774662062531874
21.64464783668518,5.820050463737356,5.805905653952531,2.505369907288017,-0.2712222986671732,-0.3035297826914783,-0.0005832769984719684,-0.6333285559521405,-0.30658806349381384,-0.004907869319874018,-2.275193390090131,-0.7827679829857104
21.664727449417114,5.814499189699395,5.799772760755234,2.505357268668238,-0.2839129508873271,-0.30980826134653106,-0.0006801613204749928,-0.6356823632962318,-0.32120540193373576,-0.004780771621804607,-2.2823665212913817,-0.3586565600625313
21.68465542793274,5.811659296527642,5.796672616902413,2.505341722238117,-0.2893674970959816,-0.3127095996704121,-0.000958506462945942,-0.6283547710524982,-0.33012073155789445,-0.004641133407629421,-2.2847920620107947,-0.1212770359706461
21.704622983932495,5.805746763700127,5.790351815961506,2.505321633104879,-0.30186138993936823,-0.3193995759229149,-0.001049947164224832,-0.6210360713920866,-0.33884520679143754,-0.004503224315745806,-2.2926395522044425,-0.3923745096823916
21.724647283554077,5.799591427512884,5.783930873145082,2.5053011127359426,-0.3141125905724791,-0.32537296625288425,-0.0010770669813151325,-0.6042540056913478,-0.3459422263476484,-0.0043692688409701615,-2.2992774196710064,-0.3318933733281959
21.74456214904785,5.789864846283794,5.774031370935946,2.505273702885915,-0.33305011530918105,-0.3353159329633347,-0.0010040963640552626,-0.5871437835193288,-0.3504346717415096,-0.0042460318098124835,-2.3087770356670485,-0.47498079980210495
21.764687061309814,5.7830875396739705,5.767254670738745,2.505252779898623,-0.3446245922862972,-0.34236873571828197,-0.0010877962032238549,-0.5703577240301179,-0.3548293719778528,-0.004124183177173677,-2.31160892735792,-0.14159458454356955
21.784580945968628,5.779560374200909,5.763814908820595,2.505247675072439,-0.35170980111210653,-0.34593139113776017,-0.0009728289607816904,-0.552810331932645,-0.3577562557715488,-0.004014866081426022,-2.3147150387538216,-0.15530556979508336
21.804760694503784,5.764927286003927,5.749669250602129,2.5052078805434372,-0.3766041858011464,-0.3609417630294722,-0.0010716731102329436,-0.5194204237657996,-0.3666403980077948,-0.0039037352976347243,-2.323565643966398,-0.44253026062881506
21.824692487716675,5.7572934953438235,5.742376507631149,2.50518567368484,-0.38666683253822476,-0.36836130600932276,-0.0011486461828193076,-0.4870059475901583,-0.3752720218852883,-0.0037937652501515563,-2.3234699361147575,0.004785392582018488
21.844561100006104,5.753316528566543,5.7386475618645445,2.505174169111523,-0.3937688067365079,-0.372916423656636,-0.0011839966436854314,-0.45732715559182957,-0.38009193299513094,-0.0036859889366555303,-2.325627086486847,-0.10785751860447057
21.86470055580139,5.74535162214636,5.731112899864435,2.505149759108303,-0.40262579771665535,-0.3805654307079665,-0.0012566482658359602,-0.42851573164876083,-0.3847882553641329,-0.0035793651794644625,-2.3256296000220344,-0.00012567675937713574
21.884609937667847,5.737015974288446,5.723395351481331,2.505127703671737,-0.4159387883753654,-0.38906387247082463,-0.001220479172414225,-0.39909973053182746,-0.39346815615421776,-0.0034789789707770683,-2.3293434694199933,-0.18569346989794067
21.904692888259888,5.728619294624685,5.715534814793375,2.5051026049342227,-0.42363412130565037,-0.39701786032729214,-0.0012890633370755986,-0.37058256058702527,-0.40188739944767926,-0.003379606331003068,-2.327481960734638,0.09307543426775311
21.9246506690979,5.724227282337953,5.711527828696922,2.5050943022641987,-0.4309747431159491,-0.4015429551922209,-0.0011842505547416244,-0.33983828028217816,-0.4053607053442823,-0.00329085633349269,-2.3300275961865555,-0.12728177259586637
21.94457697868347,5.710993648350413,5.699287126883218,2.505062476838545,-0.44522399151858705,-0.414160503416476,-0.001134274130447084,-0.30970732516040966,-0.4177909982034239,-0.0032088755916752864,-2.3296348972792007,0.019634945367741352
21.96461033821106,5.702029185294318,5.690919550014039,2.5050391550184696,-0.45112523848274483,-0.4226372807521891,-0.0011976364585433677,-0.28058445695040457,-0.42982024328301344,-0.003127450048905301,-2.326877344785626,0.13787762467873943
21.98454451560974,5.692744939471704,5.682363640575712,2.5050228132120624,-0.46167466316399575,-0.43172872616273833,-0.0010532740286950434,-0.2588693739971586,-0.4420035213698048,-0.0030578397545227677,-2.3280299460852354,-0.05763006498047396
22.004542112350464,5.683388903051345,5.673638637023394,2.505004213917647,-0.4690378437220162,-0.4407781924639482,-0.001011055999600367,-0.2383595042420565,-0.46093967427377647,-0.0029939321938304304,-2.3256703347362495,0.11798056744929397
22.024633646011353,5.673961805086852,5.6647296558452425,2.5049833982676506,-0.47360601694889914,-0.45018084821505083,-0.0010702962500497414,-0.2185786337880867,-0.4792166570121748,-0.002930107346081629,-2.3217796254726895,0.19453546317800274
22.04453468322754,5.664282590299222,5.655647302265176,2.5049703799672947,-0.4817830589501349,-0.4594098341810692,-0.0009015103240117773,-0.19552986907587253,-0.49644477360586925,-0.0028786998341923326,-2.3213277524882048,0.022593649224234014
22.06478476524353,5.654609317437595,5.646358700076135,2.5049517774610743,-0.4854702130933625,-0.46950568246699936,-0.0009585680745786354,-0.17332547329232312,-0.5130342186181841,-0.002827033018945356,-2.3159158770219523,0.2705937733126218
22.084596395492554,5.649660979099195,5.641665220049917,2.5049486090214725,-0.4894456402030082,-0.47398665089455155,-0.0007982592887448577,-0.1571982649186466,-0.5284744260086593,-0.0027868268586965675,-2.3166185949396163,-0.03513589588319821
22.10460591316223,5.639841670398141,5.632078792380945,2.5049320891794475,-0.49243356193272514,-0.48470561442595134,-0.0008535889863576545,-0.14169775312260455,-0.5433240664062187,-0.002746048896389823,-2.310076984226828,0.3270805356394124
22.124654293060303,5.629842663306872,5.622340655950179,2.5049244832546527,-0.4981534798905996,-0.49409373119314154,-0.0006593072175573626,-0.1320020087406796,-0.5599076364692994,-0.0027180730749547808,-2.3085131940176553,0.0781895104586372
22.14461088180542,5.614786193234406,5.607306933471588,2.50490962440017,-0.5034245962501488,-0.5098560009362998,-0.0005641910082773212,-0.11647429561507966,-0.5752719679933943,-0.0026970907890871854,-2.3006025096631606,0.3955342177247356
22.164609670639038,5.6046954099842425,5.596993766115135,2.504897802617691,-0.5056040760872372,-0.5215098629075939,-0.0006179135069534987,-0.10157836845793922,-0.5900105500813727,-0.0026749713680944936,-2.2951784530689467,0.27120282971069276
22.184598445892334,5.599607010631492,5.591782296054821,2.504897665749849,-0.5072969186583423,-0.5265788395418266,-0.00046876587015749055,-0.09467923469922372,-0.6017285561724651,-0.0026618828097958987,-2.293841120337506,0.06686663657202718
22.20474410057068,5.589442579274643,5.581129618273861,2.504887758997169,-0.5091243565795253,-0.5387262733378069,-0.0005218611996122753,-0.08812103093481956,-0.6129290943880166,-0.002647423744264052,-2.2864904785726594,0.3675320882423394
22.22461438179016,5.579217713568899,5.570291287449363,2.5048860471867145,-0.5113369430350173,-0.5496294521633336,-0.00034377490207086444,-0.07858007374133805,-0.6238495863907865,-0.0026432967900550906,-2.281739654671762,0.23754119504486582
22.24468970298767,5.568975873510303,5.559173226532986,2.5048786433869044,-0.512816673774103,-0.5622113055979329,-0.00039658583794996926,-0.06946327497403018,-0.634249529555922,-0.0026375249284520145,-2.2747929564042484,0.34733491337568534
22.264618158340454,5.558714508880193,5.547849930042465,2.504878682410077,-0.5138844258692896,-0.5737845353537736,-0.00023692545365501416,-0.06286519331723425,-0.6411640666922859,-0.002640429173321143,-2.268776670724912,0.3008142839668215
22.284593105316162,5.548434574417237,5.536259662041343,2.504876412272113,-0.5146701498553382,-0.5861667904363617,-0.00019007424351107912,-0.0475006668819006,-0.6420019404311236,-0.0026460694086876775,-2.261886816451701,0.3444927136605491
22.304551601409912,5.538132664653201,5.524407881224197,2.5048720812953,-0.515471670470975,-0.5990133364009922,-0.00024303572265024762,-0.03275372332363797,-0.6426155278033879,-0.0026497553653912005,-2.254944749737878,0.3471033356911457
22.324623584747314,5.527842746057668,5.51231353652725,2.504873872075246,-0.515391068719377,-0.611635852069661,-0.00012005604467481088,-0.019495803509874284,-0.6490897238663366,-0.0026592517719330163,-2.247550722040279,0.3697013848799502
22.344550848007202,5.5123831146079,5.493666174354261,2.504872575067001,-0.5155771325470192,-0.6312490989419615,-0.00010202251529614962,-0.00893105926229948,-0.6428285988346216,-0.002669351140572737,-2.235920718701203,0.5815001669537967
22.364654302597046,5.502070468815864,5.4809130433199345,2.504870000178683,-0.5156536450422311,-0.6440431838400581,-0.00015549296239478604,0.0012095031236185926,-0.6365824094855065,-0.002677345443387563,-2.229403057653693,0.3258830523755085
22.384602069854736,5.496929332142308,5.474421062733659,2.5048705050107865,-0.5151387506777628,-0.6509801662235672,-0.00012440095338447032,0.007029825330692793,-0.6337757228843173,-0.0026850222238721283,-2.22544508474084,0.1978986456426579
22.404512882232666,5.476356451556967,5.44781721248292,2.5048647454985247,-0.5140407180011703,-0.6777117794338116,-0.000202022544394064,0.016349969388140487,-0.623990338514002,-0.002687212095341584,-2.2082545637037327,0.8595260518553527
22.424586534500122,5.466079509168374,5.434138824861371,2.5048601675525157,-0.5136237427298529,-0.690094785972096,-0.00025577315057150133,0.025283480097768717,-0.6143312991144068,-0.0026875408217743825,-2.202191130238782,0.3031716732475376
22.444552183151245,5.4609766123572365,5.427162360345116,2.5048554474964146,-0.5123629903110248,-0.6974084989654487,-0.00034107813030783617,0.03470010069823734,-0.5993150026005774,-0.0026805191136812893,-2.197283922651649,0.24536037935665167
22.46473217010498,5.450736901221859,5.413095313752251,2.5048480903765666,-0.5115780074376861,-0.7092470846844341,-0.00039460522993940933,0.04373490896750821,-0.5845922655861595,-0.002671932189635558,-2.1898864108703613,0.36987558906438345
22.484666109085083,5.440553953668242,5.3986920240421385,2.5048365035100235,-0.50966766534909,-0.7235193507130451,-0.0005330313998981094,0.04972481302796651,-0.5827160142910206,-0.002652994944157427,-2.1803402572674098,0.4773076801475762
22.504576444625854,5.430370928374686,5.384105223716087,2.5048253136043606,-0.5086159809039312,-0.7351541078992615,-0.0005858921296555822,0.05538980970472647,-0.5807438412412265,-0.002632884299850928,-2.1732041943788154,0.35680314442971817
22.52458643913269,5.425312128880778,5.376653422513669,2.5048159384595285,-0.5073124840436823,-0.7429207257490332,-0.000707769648677083,0.05996119609651069,-0.5749576978849406,-0.0026042890071125797,-2.1679256900499784,0.2639252164418515
22.54460120201111,5.410143625572534,5.354047365339346,2.5047910331687775,-0.5047815435925955,-0.7617300171101871,-0.0008541670299835839,0.0647118171448351,-0.5599958665019685,-0.0025671430235975463,-2.155054172752074,0.6435758648952294
22.56489086151123,5.4000612391773855,5.338701745987085,2.5047734389037695,-0.5034422318228325,-0.7727831965373766,-0.0009051338045793686,0.06917110754264383,-0.5453793346572849,-0.002529443397144952,-2.1478751823757976,0.35894951881381143
22.584589958190918,5.390050958214544,5.323051872538962,2.5047516058106525,-0.5008532304855656,-0.7856910574201648,-0.00103822229635999,0.07850727037449719,-0.5262039304345735,-0.0024833159539551734,-2.1383034409814963,0.47858706971506404
22.604615211486816,5.380050196682055,5.30723406445695,2.504730347788177,-0.4991931858133616,-0.7960274642647516,-0.0010874254328772294,0.08742843648710949,-0.5075178907644088,-0.002436960631076136,-2.1309137521340764,0.3694844423709931
22.624584197998047,5.375090876697143,5.299181705492734,2.504717053294298,-0.49744081826562186,-0.8027863108506825,-0.0011780776021873634,0.09666483392828133,-0.47955824666524205,-0.002385718312289405,-2.125696818513366,0.26084668103552033
22.644545078277588,5.360226904447972,5.274789573349274,2.5046782294921703,-0.49401862421411985,-0.8195131253925856,-0.0013173644484048455,0.1066796442591394,-0.43876101965526065,-0.0023271116496195662,-2.1138522856401476,0.5922266436609203
22.664727210998535,5.350368513469151,5.258314218211196,2.5046514206758106,-0.49178856038235663,-0.8278904077495998,-0.0013633226459774286,0.11625371684129573,-0.3991666038302086,-0.0022687492609229196,-2.108191017562128,0.28306340390098494
22.684539794921875,5.34057220367058,5.241506337784434,2.5046191790315144,-0.48898176350378797,-0.839973200567273,-0.0015249445693011736,0.12904976743066793,-0.3652015094004596,-0.002201245666554867,-2.1001543417068165,0.4018337927655713
22.704575061798096,5.330819204085969,5.224636044793598,2.5045882443618432,-0.48627736102335345,-0.8469464106007734,-0.0015682993458297234,0.1413000545170495,-0.33229493971959717,-0.002134330083145493,-2.095135316256409,0.2509512725203722
22.724609851837158,5.325965348389575,5.216014198253247,2.5045690429087317,-0.4847651067506523,-0.8539865184702027,-0.0016865260093257778,0.1471941118301837,-0.3162411118481525,-0.002062028635554621,-2.0909978684578876,0.2068723899260716
22.74453091621399,5.31148078471638,5.190109023814154,2.5045142575773327,-0.48053755202317466,-0.8674928274757046,-0.001840557771926221,0.14990764989138372,-0.31680464737165887,-0.0019820207546020893,-2.081823017656088,0.4587425400899736
22.76456904411316,5.30190018350653,5.172695770464529,2.504477055296953,-0.4775143624611922,-0.8738342729480367,-0.0018794072140255256,0.1523696541120751,-0.31733429428679355,-0.001903105069434795,-2.0775803021391046,0.21213577584917598
22.78455352783203,5.29713497257474,5.163849675368456,2.5044554464684454,-0.47582966731827697,-0.8795780881301952,-0.0019717180222250594,0.16108823702047895,-0.3252461086666105,-0.0018212219914474676,-2.074258928410467,0.166068686431875
22.80465269088745,5.287651152813476,5.146192551500344,2.504415653260997,-0.4725249306572078,-0.8861597016142104,-0.00200733387429766,0.16930178853575933,-0.33286704573558396,-0.0017405673879887216,-2.069325706191258,0.2466611109604555
22.82468318939209,5.278242752885487,5.128363473068133,2.50437483599358,-0.4689047380286249,-0.893628067959561,-0.002041406981644135,0.17380147266380166,-0.3393997261229877,-0.0016601865943090405,-2.064103963602011,0.26108712946235624
22.84461808204651,5.264257645370871,5.1014279665473605,2.504314534857827,-0.46353333477837166,-0.902996068345596,-0.0020397190583352387,0.17917015691158833,-0.3370173084977915,-0.0015821817874510959,-2.057027201294014,0.35383811539984045
22.864718914031982,5.255023152545477,5.08330079940447,2.504273429179223,-0.4598992549053318,-0.9097127806456556,-0.0020705928760607036,0.18417809068559335,-0.33465771740301464,-0.0015054038473876234,-2.052743823799166,0.2141688747423931
22.884597301483154,5.250438782627355,5.0742244724205525,2.504254971501997,-0.4578621210097934,-0.9119363094108615,-0.0020199274099461035,0.1887022650587035,-0.3284174404518371,-0.0014348198524459085,-2.0510339373032,0.08549432479831864
22.904566764831543,5.241319566960979,5.0559204724755125,2.504214290642235,-0.4540453839835943,-0.9184433027647555,-0.0020479268298431107,0.19292082256133708,-0.3223027220998846,-0.0013652988104355783,-2.04610860078404,0.24626682595798588
22.92463493347168,5.232280747139514,5.037530323684519,2.504176199560691,-0.4500529134060943,-0.9238715583938707,-0.001994463335556893,0.1978962250898166,-0.32477478718603636,-0.001301117391884806,-2.0420440634497776,0.2032268667131243
22.94453239440918,5.218872279019767,5.009693682033635,2.5041181565709536,-0.4439214949819144,-0.9328866725352597,-0.0019646815790892065,0.2069538966472157,-0.32796539086162696,-0.001240314287603651,-2.035186874334025,0.3428594557876252
22.96465277671814,5.210035818972162,4.990970152591269,2.504078618887292,-0.439695966130861,-0.9394762553069965,-0.001988886959106694,0.21551709467621458,-0.33096051415036837,-0.001180365828882544,-2.031167183137566,0.2009845598229587
22.984679460525513,5.205653114384164,4.9815971968380195,2.504061128251714,-0.4373980894978558,-0.9416942613260026,-0.001930907663995119,0.2212284198874359,-0.3350910918140028,-0.0011261738751005355,-2.0295462197972736,0.08104816701461903
23.004766702651978,5.196949758278398,4.962696027849746,2.5040222884413486,-0.4329198644278477,-0.9484357519653016,-0.0019528950719572176,0.22652550705415905,-0.339025470679845,-0.0010726836787089728,-2.0245567435046654,0.24947381463040763
23.024566888809204,5.1883266780190835,4.943746600975819,2.503987020084692,-0.428623033709468,-0.952997558957532,-0.001871192685138579,0.22900573907111593,-0.3399719060817493,-0.001025516628244178,-2.021127571109359,0.17145861976533006
23.044538497924805,5.175565651769814,4.915068154868767,2.5039334461134017,-0.4219533910584428,-0.9613071735285017,-0.0018149114379697436,0.22163776352970022,-0.3331294077910513,-0.0009826574202263592,-2.014751097615531,0.31882367469138195
23.064769506454468,5.167170423412137,4.895775833730011,2.5038969541893845,-0.4175937974273786,-0.96790266146202,-0.0018341395035691675,0.2143319453522826,-0.32644571452455495,-0.0009402193652602878,-2.0111835900737214,0.17837537709048945
23.084576845169067,5.163013163502341,4.886133605541979,2.503881340995922,-0.41521499243756776,-0.969620539070417,-0.001765816452782701,0.21125617456686158,-0.3188380851079246,-0.0009032480871581232,-2.0098603896591176,0.06616002073018823
23.104618072509766,5.154750906226455,4.866677925360691,2.5038458464682356,-0.41102122779973893,-0.975922716634558,-0.0017835139967741322,0.20810840266643435,-0.31140932672149585,-0.0008665523995638682,-2.005625173331938,0.2117608163589857
23.1246337890625,5.146617453349394,4.847138562891803,2.5038129226306136,-0.40565121071429394,-0.9810649108828341,-0.0017305615860114588,0.21273103467330975,-0.2963898092164511,-0.00083346920210396,-2.0016233122233094,0.2000930554314273
23.14459228515625,5.13457402001267,4.8175803646771245,2.503761771215681,-0.3984358689447794,-0.9895952385392445,-0.0017231270111645871,0.2110249826547279,-0.27342443027845126,-0.0008009512630477395,-1.99563631187445,0.2993500174429675
23.164574146270752,5.126647389499582,4.797735271727252,2.503727150643381,-0.394233161497556,-0.9948397895580675,-0.0017388224727652053,0.20923126541052178,-0.2511442367876603,-0.0007686274631440138,-1.9930509629857722,0.12926744443388927
23.184600830078125,5.12273884318091,4.78776613239746,2.5037105627236467,-0.3914894761661925,-0.9974529842642156,-0.0017237974502383989,0.20874294298105328,-0.2317770451640707,-0.0007378161659438543,-1.991275859933483,0.08875515261446143
23.20464301109314,5.114950760502027,4.7677719831603795,2.5036759412568186,-0.38732103073478064,-1.0018990658198141,-0.0017382471078045889,0.2080712878288769,-0.21291487719121546,-0.0007071787944335461,-1.9880889433164444,0.15934583085193132
23.224580764770508,5.10346720354942,4.73752066512349,2.503624112526546,-0.38011647045447455,-1.0104370115256747,-0.001747565195324112,0.21221180153359168,-0.2001793259568409,-0.0006753161439473957,-1.9824562449792382,0.28163491686030717
23.24455761909485,5.0959167491027175,4.717245550512265,2.5035889539849583,-0.37552027530093685,-1.0152709525378498,-0.001763597938076577,0.21761507183758894,-0.1944702360653602,-0.0006429818904624249,-1.9800201124389663,0.12180662701359868
23.264620542526245,5.088450205478983,4.696901608471807,2.503553555571501,-0.3711174968637317,-1.0191048567418808,-0.0017761365562881121,0.22259222978159907,-0.18895176902822478,-0.0006109265034285829,-1.977243704007075,0.13882042159456542
23.284562587738037,5.081085750890424,4.676428069747486,2.503517789217026,-0.3662998794221384,-1.02409455008569,-0.0017891861352529505,0.23058231241727944,-0.18201903912226802,-0.0005780658547801253,-1.974080160313704,0.1581771846685509
23.304800033569336,5.073806376330889,4.655910226890039,2.503481892055224,-0.3616126801083571,-1.0276673075010756,-0.0018004216186620558,0.2380513544017962,-0.17529055388645326,-0.0005455379779916322,-1.9715018138438638,0.12891732349200602
23.32469391822815,5.0712791186578245,4.648697648970286,2.503469658194113,-0.35999730127898655,-1.0292497133671237,-0.001791924017048301,0.23855437474782057,-0.16910165436312521,-0.000514379851347979,-1.9709391990410383,0.02813074014127448
23.344528436660767,5.057052544091615,4.607371794827487,2.5033986719704053,-0.35077859289479024,-1.0365192874744626,-0.0017844208371012701,0.2502510826334169,-0.17266758260421555,-0.00048305945660926053,-1.9645722815111846,0.3183458764926872
23.364657878875732,5.0500877661059995,4.586606643735675,2.5033628890127777,-0.34566262051120644,-1.0400073152141551,-0.001793771659069249,0.26122678940173055,-0.176115656372165,-0.00045207947665337793,-1.9628239187465564,0.08741813823140987
23.384597301483154,5.0466318358809295,4.5761986069308085,2.5033454736303082,-0.3433624710524477,-1.0418010454928999,-0.001782028108281329,0.2671484660389989,-0.18646403425447106,-0.00042246341968167075,-1.9617430464056351,0.05404361704606231
23.404650688171387,5.039818383752098,4.555324620650029,2.5033097505338913,-0.3379648113309924,-1.0456309237914811,-0.001790183878038959,0.2725277434098726,-0.1964664609224146,-0.00039316680450242575,-1.958414352230581,0.16643470875270516
23.424675226211548,5.0364281093286145,4.544879909009019,2.5032928061340227,-0.3359185590494466,-1.047044686552145,-0.0017649620992717426,0.27314806392032054,-0.20826102519450576,-0.00036602235050223235,-1.9580593925887246,0.01774798209281947
23.44465184211731,5.026451101838124,4.513423379369648,2.5032409938808238,-0.328376048531575,-1.0519715706373316,-0.0017378923756371423,0.26881393184181507,-0.22013540678374022,-0.00034035296753451316,-1.9533754027928492,0.2341994897937738
23.464643955230713,5.019937046100066,4.492339150254709,2.5032061696618464,-0.32304454497266893,-1.0564895240336325,-0.0017444447687613464,0.2643080770269688,-0.23159043954549333,-0.00031492696981329514,-1.9511724144093785,0.11014941917353305
23.484541654586792,5.016711409283492,4.4818222570404975,2.503190068032134,-0.320625230118134,-1.0571501802312433,-0.00170913043477688,0.2626465167575259,-0.23853954420229903,-0.0002921160616709974,-1.950514759416254,0.03288274965622673
23.504619598388672,5.010351312723068,4.460631096163305,2.503155828511952,-0.3153906622284664,-1.0619881453434163,-0.0017147461477729075,0.2607756835591173,-0.24521095490350306,-0.0002694853866031872,-1.9472623912513392,0.16261840824574048
23.524723768234253,5.004109624314104,4.439450033422029,2.503123278007281,-0.30978857002034077,-1.0643156821975936,-0.0016752175760798569,0.2612786056681138,-0.25713442218979776,-0.0002490585688928695,-1.9450676250785852,0.10973830863769685
23.544586658477783,4.994946652150174,4.407472606855302,2.503073962439145,-0.301653065779478,-1.0700435251167038,-0.0016525551537174494,0.2522345661034257,-0.2500339688628973,-0.00022955778991661066,-1.9408684799602591,0.20995725591630432
23.56471586227417,4.988963435767011,4.386022197651829,2.503040866718707,-0.29669865531695977,-1.074974078084108,-0.0016569522789520248,0.2432097443467577,-0.24303881179027587,-0.0002101744601238151,-1.939090995289546,0.08887423353565183
23.58457374572754,4.983105089904786,4.364547238215601,2.503009011885462,-0.2912410307166998,-1.0780109849961417,-0.0016300709670266317,0.22805934619852158,-0.230178909513598,-0.00019205261478067408,-1.9366597153436875,0.12156399729292833
23.60451340675354,4.974503600221325,4.332118919218392,2.5029603298800054,-0.2835683049186782,-1.084436359806508,-0.0016280530388065643,0.2105623410747324,-0.2198515618295348,-0.0001734527171329693,-1.933075050195869,0.17923325739093166
23.6246075630188,4.968873196729885,4.3103868973967305,2.5029277353622956,-0.27952926182912785,-1.0887322501645684,-0.001631337158696842,0.19339701308310847,-0.20977985883195716,-0.00015498071311970184,-1.9320363356154746,0.051935729019714216
23.644540071487427,4.966132496002459,4.299487186359892,2.5029110589616717,-0.2763971440696775,-1.0907995192826445,-0.001644124555401274,0.1810425585783889,-0.19679540932979597,-0.00013572893061236522,-1.9306603567712486,0.06879894221130112
23.664730072021484,4.960639946192145,4.277632685531658,2.5028781505996758,-0.2728984729353245,-1.0946084131233929,-0.001646648042216774,0.16885175078962075,-0.18415022536929165,-0.00011664836255258814,-1.929415912905207,0.06222219330207501
23.684584379196167,4.9553160432766346,4.255667461483824,2.5028436863831045,-0.2671989413274653,-1.099098553247063,-0.0016884646567280825,0.14641113623354488,-0.16655127107292053,-9.444828831063539e-05,-1.9268029070230064,0.13065029411003515
23.70457434654236,4.94743371382825,4.222581456152975,2.502791630436329,-0.26109705675285094,-1.105209373514739,-0.0017300288768240862,0.11825855283570272,-0.16790159021444756,-6.912216281376684e-05,-1.9247745493954351,0.10141788137856267
23.724652528762817,4.942233585646439,4.200443604955622,2.5027570177023577,-0.2590070683365715,-1.108579807341939,-0.0017311614598026015,0.09086634592981838,-0.16911995816148578,-4.4203955977092934e-05,-1.92483107722117,-0.002826391286747665
23.744571208953857,4.939717892251353,4.189318591700077,2.5027384132863997,-0.2562967476838338,-1.1111497566999615,-0.0017679018895594167,0.06716023958032713,-0.17321936944963354,-1.740960403364264e-05,-1.9234487018919841,0.06911876645929738
23.764715433120728,4.934603839690653,4.167060692570394,2.5027030535287733,-0.25518548154577636,-1.1146529444789017,-0.0017679861709068217,0.04406818548652179,-0.1770558923587288,8.901111199337685e-06,-1.9239087175788772,-0.023000784344651137
23.784554719924927,4.932151868862493,4.1558932650558695,2.5026842363403903,-0.25201664136933133,-1.1167838618990187,-0.0017995186953194016,0.03868241995191692,-0.18317209136824966,3.664994178167641e-05,-1.9222287448751807,0.0839986351848232
23.804643154144287,4.927118913444586,4.133520563428011,2.502648255119154,-0.2512968543189117,-1.1205055054263533,-0.0017985127464595686,0.03329625862136693,-0.18893353271308805,6.385455856063083e-05,-1.9230485063912504,-0.04098807580348307
23.82468867301941,4.922247817104753,4.11108735289751,2.5026111706999172,-0.24707981527157075,-1.123881917170655,-0.001823199050899889,0.03025506085696594,-0.19173409097734567,9.256158545882146e-05,-1.92112709298517,0.09607067030401595
23.84452509880066,4.91490690394608,4.077305260385089,2.502556431510217,-0.2446391390831928,-1.1289892288964518,-0.0018216055594546805,0.024194500206157356,-0.1850089155445203,0.00012141465202556509,-1.9215829725320392,-0.022793977343460448
23.86466693878174,4.910018561251527,4.054688919773549,2.502520025573839,-0.24421498447577644,-1.13262258817423,-0.0018188940096741078,0.018238249963739527,-0.1783356953492586,0.0001496353527846339,-1.9219845221778322,-0.020077482289648785
23.884609699249268,4.907604990715763,4.043367420668458,2.5025020966103675,-0.24342364995025997,-1.1339163855449417,-0.001809478804502507,0.0017015413234958057,-0.16303681818993274,0.0001764777634904835,-1.9218757033310867,0.005440942337275878
23.904568910598755,4.9027357824924716,4.020657489039539,2.5024659440893138,-0.2435505034179913,-1.1370268784261992,-0.0018056858246097928,-0.014297878056325855,-0.14806709517387268,0.00020272071809718063,-1.9228811758648252,-0.050273626686925255
23.924699068069458,4.897900079532229,3.9978646386628034,2.5024304278415688,-0.24303215648568788,-1.1405470725835691,-0.001787696560637795,-0.03669849897645558,-0.13416361697425094,0.00022770229591225998,-1.9231227159543751,-0.012077004477495379
23.944531202316284,4.890632532623204,3.96354869257264,2.50237714009788,-0.24315483309343056,-1.1456073195262382,-0.001773994388431231,-0.05950963467056937,-0.12187184101598726,0.0002522129476774662,-1.924492063645305,-0.06846738454648893
23.96461510658264,4.885756051136342,3.940612979726441,2.5023417122579823,-0.2445668338675152,-1.147923761024139,-0.001768709814390559,-0.08156526506844311,-0.10981059271015396,0.000276149105284572,-1.925864522448013,-0.06862294013540993
23.984586238861084,4.883352785251698,3.9290875230972384,2.5023242372774495,-0.24423087920460831,-1.1500516561333571,-0.0017600051652214724,-0.10304052103691409,-0.09461680332623122,0.00029893547336333075,-1.925638023151341,0.011324964833603346
24.00464415550232,4.878446162639859,3.9060685608160752,2.5022890984529513,-0.24650065251908435,-1.1517951721929778,-0.00175380315324025,-0.12382181614796878,-0.0797968075056606,0.00032117496015189503,-1.9281231520012052,-0.12425644249320911
24.024682760238647,4.873593433785836,3.8829396887096994,2.5022545271564036,-0.24664804909112537,-1.1551697260625808,-0.001735625627675196,-0.15022186175418437,-0.06082370539054582,0.0003422941078577729,-1.9283394210961977,-0.010813454749625251
24.0445613861084,4.866191180919365,3.848201940361436,2.5022030369723103,-0.24956099805031748,-1.1584399094802806,-0.0017127157511929523,-0.17999220158981796,-0.043857932674794674,0.000362504740358352,-1.9315775582420915,-0.16190685729469134
24.064642429351807,4.861162033319955,3.825025480616023,2.5021688564801527,-0.253449303152189,-1.1591509120740306,-0.001705267790903869,-0.20865480363308472,-0.027311971889784237,0.00038220690835032677,-1.933887444669181,-0.11549432135447013
24.08453392982483,4.858676095229817,3.8133780940396846,2.502152385753545,-0.2539232023071647,-1.1609004670404701,-0.0016849894604976919,-0.2154134103854613,-0.018525921259014765,0.00040019856233285817,-1.9338504190017787,0.0018512833701134213
24.10458755493164,4.8535541173310826,3.7901569575480796,2.5021187671804093,-0.258295825103005,-1.1611844084144287,-0.0016768094176601142,-0.22178475777478168,-0.009893794419992323,0.00041772921617322514,-1.9376190202042003,-0.18843006012108088
24.124669790267944,4.848444476913502,3.7668375968130445,2.5020865305691795,-0.2603620287886425,-1.1635878631721308,-0.001636768354062496,-0.225514074908017,0.0009262761522381383,0.0004329201255915239,-1.938580244898239,-0.04806123470193491
24.14458656311035,4.843191899844441,3.743566732922913,2.502053882779077,-0.2649071149295831,-1.1634633391793507,-0.001627961336471938,-0.2289451884916213,0.011482313879719859,0.0004477160834628587,-1.9421473960313635,-0.17835755665622788
24.164665937423706,4.837889434282977,3.7202273773177996,2.502022864921742,-0.2685502085527567,-1.1650063970951043,-0.0015823581462698184,-0.2254047180362846,0.011023634216226564,0.0004599340613040387,-1.9441277805654025,-0.0990192267019463
24.184624671936035,4.829720845014034,3.6852521607753475,2.5019764619716094,-0.27571069121363445,-1.1655108674871826,-0.0015440620872430662,-0.22934173721829185,0.007836655966022664,0.00047057350388652626,-1.9493866897590668,-0.26294545968321703
24.20462965965271,4.8241605153343095,3.6619433109404067,2.501945675539778,-0.2803344047780597,-1.165383897733723,-0.001534546569021434,-0.23298021317538098,0.0049020759498201345,0.00048093161049082335,-1.9515089110173123,-0.10611106291227301
24.224857330322266,4.821314867336242,3.6502830561510624,2.5019309915368395,-0.28357745641729165,-1.1654861639107217,-0.001512461324793691,-0.23487931761321917,0.004400530922402208,0.0004899281986361244,-1.953219664049687,-0.08553765161873894
24.24466609954834,4.8155962274131925,3.6269741871389214,2.5019008408835637,-0.2882920894439328,-1.1654019038717993,-0.0015025748260956461,-0.23654544186635343,0.004050518418405582,0.000498681230431556,-1.956606918613268,-0.16936272817904552
24.2645845413208,4.806765503878605,3.592048243391845,2.501857109097414,-0.2971338173400167,-1.1644396288767058,-0.0014626960442876502,-0.24188463561216392,0.004886069158812986,0.0005059613930317969,-1.9624462382163474,-0.29196598015397424
24.284493446350098,4.80075368491878,3.5687744758298905,2.5018281913949316,-0.3026179382357697,-1.1638677477445114,-0.001445048526739167,-0.23632452256111752,0.005537400876898466,0.0005126680385189978,-1.9648912071912714,-0.12224844874619833
24.304610013961792,4.794654432096295,3.5454982780149655,2.5017993933953924,-0.3072887992440895,-1.1637494478672128,-0.0014347297191964386,-0.23076110801173205,0.006313126579226172,0.000519180461672025,-1.9679983354147947,-0.15535641117616628
24.32468581199646,4.791528228083804,3.5338860386820277,2.501785319798661,-0.31081877141997905,-1.1629832302742407,-0.0014224474633863467,-0.23146854606962516,0.0050400579139186835,0.0005251354280082777,-1.9696423950016668,-0.0822029793436041
24.344592571258545,4.785265523882039,3.5106273091071367,2.5017569762643976,-0.31545320209638344,-1.1628931798741393,-0.0014118867176986809,-0.23193461178850422,0.004004196008832413,0.0005309090209888491,-1.9729942404186147,-0.16759227084739425
24.36469578742981,4.7788251868269604,3.4874113042648456,2.501728775221712,-0.3223162625719004,-1.16167393849906,-0.0014049264464731422,-0.24286663678244638,0.015740602864814622,0.0005369462421341162,-1.9771069484830077,-0.20563540321965057
24.38459873199463,4.768997529255308,3.452591624172782,2.501686355424143,-0.33098154553621084,-1.160476409584999,-0.001403321051692877,-0.24466439805485884,0.025521095289794186,0.0005439180210192741,-1.9826279388467407,-0.2760495181866496
24.40468454360962,4.762328859519109,3.4293878432428637,2.5016583982397527,-0.3358904957226632,-1.1598696805233557,-0.0013923749301583902,-0.24618476509722473,0.03512198126644654,0.000550655202141186,-1.9848914643189506,-0.11317627361049354
24.42456555366516,4.75891931091865,3.4178049401733603,2.5016441584317737,-0.33940623387607566,-1.1590115573834694,-0.0013967421524067195,-0.24278345142762192,0.050090024358546294,0.0005578404256476191,-1.9868363704796144,-0.0972453080331892
24.44459056854248,4.748594036475214,3.383050356284078,2.501602348365227,-0.3475791858835177,-1.157589473246599,-0.0013839818252396135,-0.23273912706591593,0.06730883213742146,0.0005651762939342968,-1.992849181395461,-0.30064054579233
24.46471929550171,4.741596563712589,3.3599131528728052,2.501574782239706,-0.3521353311256677,-1.1560750451944326,-0.001372607161547584,-0.22291131808742362,0.08405571768931831,0.0005722459079934703,-1.9949140872545046,-0.10324529295218099
24.484634399414062,4.734442336595373,3.336776580174273,2.5015470047178456,-0.3582772047348248,-1.1551172255290478,-0.0013736646625545049,-0.2160373501459769,0.10105061089867402,0.0005799413516427817,-1.9990360921521066,-0.20610024488010303
24.504660606384277,4.727234037927635,3.3136955551065195,2.50151964791131,-0.3625301063173448,-1.1529302075417507,-0.001361991310376878,-0.2092706217407615,0.11757280180924444,0.0005873455660920134,-2.0016828853481368,-0.13233965980150586
24.524696826934814,4.723539736197516,3.302136276636377,2.5015054977035476,-0.3662475666699664,-1.1526669388658606,-0.0013723673820966668,-0.20311530805612327,0.13089376805323472,0.0005954936498015584,-2.003520511419028,-0.09188130354456092
24.5445818901062,4.712397375043895,3.2675666452809207,2.5014640110427986,-0.37409667681481845,-1.1500044385877484,-0.0013709749471769181,-0.1972667959194844,0.14421251967274057,0.000604450018959926,-2.009595387228143,-0.30374379045574607
24.564592838287354,4.7048763743030975,3.2445962690313257,2.5014367130132933,-0.37798415182487477,-1.1469899821744531,-0.0013587993242018298,-0.19149315881312481,0.1571738362613362,0.0006130538233853809,-2.0115721133578166,-0.09883630648368502
24.584538221359253,4.6971960694074735,3.2216270005205727,2.5014087571831274,-0.38377899953796213,-1.1452281566221338,-0.001368586320215959,-0.1843931376029607,0.17249968156218692,0.0006227033449040807,-2.0156803009372553,-0.20540937897193245
24.604581594467163,4.689484077889782,3.1987579370138257,2.501381510621181,-0.38739690066604554,-1.1416285747569817,-0.001356039008216633,-0.17741765224808592,0.18738554418275769,0.0006319632694049866,-2.0182740802788475,-0.12968896707961086
24.62467885017395,4.685555911879765,3.1873131600495945,2.5013677200490636,-0.39037771445381225,-1.140757823614342,-0.0013566726138597518,-0.1686553271365872,0.19511348273821985,0.0006411812609399522,-2.0198559228797768,-0.07909213004646531
24.644593954086304,4.673721685897521,3.1531353331148275,2.501327284421618,-0.39669931807666675,-1.1360515966349534,-0.0013376907003253664,-0.15930533831123622,0.2015960340947867,0.0006500071680067838,-2.0255939778182475,-0.2869027469235341
24.66464924812317,4.665756452097186,3.1304550404890477,2.501300661178111,-0.3997935414403357,-1.1319568609014032,-0.0013246055172275542,-0.15014915452812722,0.20783758988956952,0.0006584471794294941,-2.0275100664348735,-0.0958044308313033
24.6845600605011,4.657661349204222,3.107815915187968,2.5012741549439053,-0.40452335085823476,-1.1286678195175721,-0.0013155946641692194,-0.148957379612452,0.2224202693104535,0.0006666690003713485,-2.031381664290103,-0.19357989276147514
24.704543352127075,4.645418834713539,3.074037512633979,2.5012349565101473,-0.4100330011935279,-1.1223920926881261,-0.0012960446237142644,-0.14087885053232066,0.23789549189112974,0.0006744753749475265,-2.0362973593828606,-0.24578475463787886
24.724764108657837,4.637190527904173,3.0516382574251475,2.5012091710143305,-0.41277138935650703,-1.1174834507656888,-0.0012824801908952093,-0.1329917025369444,0.25288880532160213,0.0006819055641294675,-2.0384921107273346,-0.10973756722369998
24.744585514068604,4.6330275669300445,3.0404591150976112,2.501196462517804,-0.4148215688503951,-1.1153796520515724,-0.0012727649251210596,-0.12342524975790298,0.2594968209692403,0.0006886728606754477,-2.0399748696830278,-0.07413794778465821
24.7646644115448,4.624707078352912,3.018203849932014,2.501171145387275,-0.4171960607612053,-1.110125638189995,-0.0012589267516971531,-0.1140567891097544,0.2658647575205002,0.0006950857534585398,-2.043152034565701,-0.1588582441336639
24.78471064567566,4.620499492050618,3.0070900832823333,2.5011589916893766,-0.4191106984568181,-1.1081605406653294,-0.001240280049484519,-0.10575011270974907,0.2680823680605205,0.0007003070701771544,-2.0442348117943685,-0.054138861433372654
24.804630994796753,4.612096674093421,2.984980633776184,2.5011343264820938,-0.4211439240099356,-1.1027772182841369,-0.0012262243256986316,-0.09759811541951607,0.2702398715585789,0.0007052130606288653,-2.0474006021509377,-0.15828951782845824
24.824662446975708,4.6036022656271784,2.962956247187793,2.501110447588417,-0.4243004390016834,-1.0978775076274656,-0.0012000230813479483,-0.0870075981969669,0.2697254504962114,0.0007089091048926858,-2.050432657342605,-0.1516027595833691
24.844585180282593,4.590801818774982,2.93014668761625,2.5010748970249805,-0.42771855268758285,-1.0896383008827046,-0.0011749400435761529,-0.0737291482364797,0.2646791283816573,0.000711959907997976,-2.0550183282248975,-0.22928354411462237
24.864631414413452,4.582233568777124,2.9084065295075647,2.5010515408063245,-0.42906340678814164,-1.084393765153135,-0.0011606725280475425,-0.06081699139697027,0.2598025393382043,0.0007147481493142646,-2.05673054832323,-0.08561100491661922
24.884575605392456,4.577910541626157,2.897597935851736,2.501039940448022,-0.4303956903702026,-1.0811607792898674,-0.0011555633624013041,-0.04773917814225987,0.2557747378501856,0.0007173835853737284,-2.0582657492730805,-0.07676004749253007
24.904730796813965,4.569293932875259,2.876025612741031,2.5010169728203473,-0.43122285428735957,-1.0760845553862206,-0.0011411914748126967,-0.035039981436451866,0.25186762826922265,0.0007197627185593261,-2.060629495955062,-0.11818733409907356
24.924649000167847,4.560600653185903,2.8546149437965918,2.500993864608101,-0.43336508322699185,-1.0694933561799411,-0.0011371662147895121,-0.021677967412621055,0.2525843197427913,0.0007224416668136332,-2.0638043090060365,-0.15874065254872782
24.944592475891113,4.547549080540589,2.822686573001818,2.5009598575406065,-0.435063530899501,-1.0606870294681696,-0.0011216189500591646,-0.008253890851701447,0.2547154052603314,0.0007250816229335299,-2.067640970542559,-0.19183307682613115
24.964709043502808,4.538847033754572,2.80152391301551,2.50093757034039,-0.43509775394844963,-1.0555721685624206,-0.0011070931727009796,0.004764309152538539,0.2567555975695739,0.0007274513585541316,-2.068900913200607,-0.06299713290238707
24.98459005355835,4.534462172420792,2.7910169764301944,2.5009263486309017,-0.4359108776215931,-1.0519916331735968,-0.0011052394129402773,0.016528618016862708,0.25688952808959664,0.0007298624116054168,-2.070417384148976,-0.0758235474184632
25.00456953048706,4.525748027115158,2.7700285302066474,2.5009043899623653,-0.4354656210690692,-1.0468525691876154,-0.001090620302053041,0.027938243894025303,0.2570155207859079,0.0007320040613979466,-2.072151919393401,-0.08672676222123421
25.024651050567627,4.516984691400996,2.7491852871595084,2.5008827029050424,-0.4362951906355596,-1.040657040011113,-0.0010757488897467863,0.03810123279411992,0.2579763723930125,0.0007337045460061975,-2.0747911489343096,-0.13196147704543915
25.044586420059204,4.503880372482348,2.7181071433828325,2.5008508380662646,-0.43598935618375634,-1.0321335848264752,-0.0010514803477130936,0.04720471606522993,0.2652474960147654,0.0007347978957968912,-2.0777158639502424,-0.14623575079664164
25.064696073532104,4.495170619767301,2.6975179918707792,2.5008299554797726,-0.4349564646234586,-1.0267582649998062,-0.001036775455973487,0.05603997274879369,0.2722379596695475,0.0007356516004080681,-2.078776583228122,-0.053035963893988125
25.084547996520996,4.490802549642613,2.6872841658537276,2.5008197791863735,-0.43490209844592875,-1.0234153828371901,-0.0010247525740098135,0.06561858565972083,0.2796196777642786,0.0007359439513448796,-2.0798554710309105,-0.05394439013941543
25.104702472686768,4.482118254842182,2.6668722596645247,2.5007994313322097,-0.43349645955754695,-1.01775160106661,-0.00101003259742662,0.07489525226248706,0.28671023527899825,0.0007360174830605154,-2.081363807541149,-0.0754168255119314
25.124608993530273,4.47343223270467,2.64657820866031,2.500779994116452,-0.4326701042242815,-1.0119441718557713,-0.0009788908838125518,0.08544783954246037,0.2904412501051606,0.0007346603726284958,-2.0831162980772024,-0.08762452680266541
25.144670248031616,4.4604743332467365,2.6163432875508796,2.5007516112116273,-0.4304622256240445,-1.0033960172467336,-0.0009378480240707483,0.09761865803427044,0.2960609569330589,0.0007316849720095445,-2.0853321234099167,-0.11079126663571248
25.164644718170166,4.451885402509081,2.5963349417804786,2.5007330003836477,-0.42839169949192185,-0.9974206437917309,-0.0009232450999467255,0.10936333328032792,0.301435802203409,0.0007285872056185447,-2.086216811296926,-0.04423439435046195
25.184571266174316,4.447594888495881,2.5863679573218072,2.5007245628957273,-0.427554832097881,-0.9945786622372608,-0.0008943300475803423,0.11896055790673055,0.30757058716718405,0.0007240404598115674,-2.086811677208935,-0.02974329560045952
25.204517602920532,4.430561049868543,2.546811878286122,2.5006905963372446,-0.4233433724644255,-0.9826979009396096,-0.0008344992368334286,0.12877375629012322,0.3125547151456234,0.0007170325901537775,-2.0897707471370284,-0.1479534964046625
25.22470712661743,4.422120572780389,2.527220752242368,2.5006740492920168,-0.42067286389054953,-0.9763988380934848,-0.0008202286331472373,0.13821556723796974,0.3173143584649669,0.0007100284418640556,-2.090183539939959,-0.020639640146535854
25.24459719657898,4.417915051777812,2.5174635330764157,2.5006666438965044,-0.41936616605551214,-0.9734515409983808,-0.0007915500147008466,0.14675212281863573,0.32098002247369595,0.0007018003445154102,-2.090695999794784,-0.025622992741247685
25.264700651168823,4.40955763138273,2.4980589332391374,2.500650952710029,-0.41634852329412514,-0.9669968495246734,-0.0007775959071115097,0.15495723488627156,0.32445801816192515,0.0006936180516908745,-2.091729946481585,-0.05169733434005064
25.284559726715088,4.401250426086943,2.4787661546514905,2.5006367593727505,-0.4134804343296697,-0.9608482743543979,-0.0007332789535473281,0.1587884132660779,0.33632569921890965,0.0006835157050013972,-2.0926181193160436,-0.044408641722926134
25.30459690093994,4.3930128162581985,2.459617228820872,2.5006222298287937,-0.4102687253483586,-0.9540058591330719,-0.0007197087527934934,0.16233543394411867,0.34786062356381353,0.0006735225046068344,-2.0935335387682743,-0.04577097261153629
25.32459783554077,4.388918092194566,2.4500793003005534,2.5006158719837392,-0.4086149462075901,-0.9508528058137236,-0.0006899408552666976,0.16371619627029674,0.36264178282137,0.0006623948384400046,-2.093745299799398,-0.01058805155618181
25.34450888633728,4.376741146453442,2.421682471128027,2.5005963747235915,-0.4034426611558101,-0.9408602586465133,-0.0006441104847667086,0.1654936149372563,0.3768364455458758,0.0006495727617730815,-2.0952166673531973,-0.07356837768996982
25.364720582962036,4.368705499653709,2.402941556801453,2.500583621583889,-0.40011681238199376,-0.9331853732122465,-0.0006312455434834159,0.16705559303913203,0.3905767629972241,0.0006369553246204342,-2.0961157155859977,-0.04495241164002017
25.384595155715942,4.364729919832808,2.393589472319197,2.5005783655209908,-0.39792851212289776,-0.9302831091508035,-0.0005955616699771769,0.1682774967491662,0.40708511065106373,0.0006229656414526809,-2.095948755528828,0.008348002858493686
25.404590129852295,4.348981358845818,2.356620389011606,2.500556718924734,-0.39032677454691334,-0.9159237915290441,-0.0005285900038127733,0.16864937827399099,0.4234941546423334,0.0006061636295251896,-2.0979422506201515,-0.09967475456618136
25.424673318862915,4.341208570152461,2.33838767745055,2.5005462672544874,-0.38695137889126097,-0.9072945647598747,-0.0005166318799609232,0.16886418243569148,0.4393342021672801,0.0005897058434785778,-2.0989171441257035,-0.04874467527760107
25.444531679153442,4.337374226255097,2.329291269237165,2.500542246570002,-0.38448033844337187,-0.9039938838636628,-0.0004790359759781729,0.17058072854713124,0.4627649945440644,0.0005719676937351884,-2.0986527804238055,0.013218185094898693
25.464775800704956,4.329718840265037,2.311305460777953,2.500532779080844,-0.3810531909675807,-0.8945119100782679,-0.0004677707777765378,0.1721016548846834,0.48528076529675807,0.0005546162507066104,-2.1005789100775245,-0.09630648268594832
25.484630346298218,4.32594447904858,2.3023243385013994,2.500529320041754,-0.37850639138266096,-0.8911904371259832,-0.00042787504761338375,0.17684661029265528,0.5081307876922543,0.0005358866013581684,-2.0999537823986723,0.031256383942612764
25.504565000534058,4.3184100212003145,2.284603632565277,2.5005208684911118,-0.37492461984474507,-0.8808070970911984,-0.0004173410087233411,0.18127876030213666,0.5300487880514052,0.0005175889065669901,-2.1021602253063736,-0.11032214538506668
25.524685382843018,4.310981506734891,2.2669637267488767,2.5005149472180834,-0.37045117159576363,-0.8733028330978237,-0.00034756019737922967,0.18515790743998517,0.5515228305858983,0.0004961731186730485,-2.1020759589813887,0.004213316249246368
25.54455256462097,4.299966164383066,2.2409229307484213,2.5005066574571924,-0.36448357511875795,-0.8592005513264562,-0.00027754166003929407,0.1844985358231463,0.5649140195891421,0.00047171429053764335,-2.1043393342103274,-0.11316876144693566
25.56479001045227,4.292713341882254,2.2238527658849345,2.500501199368221,-0.36080132184043606,-0.8477732536703142,-0.00026834663915098657,0.18370450330864735,0.5777185394846239,0.0004478935753944698,-2.105840739783001,-0.075070278633671
25.584675788879395,4.289129821566099,2.215330790963183,2.500500627714576,-0.3585253555211995,-0.8439166615530106,-0.00020474539951405085,0.1831213066121148,0.5925366926716472,0.00042154437196622,-2.1056591728586236,0.00907834621886039
25.604681730270386,4.281995892921567,2.198571919776737,2.5004966153948476,-0.35486991309443855,-0.8319232710317691,-0.00019657200752146774,0.18240008916777536,0.6066926402997345,0.00039591396991173764,-2.108179375129066,-0.12601011352211255
25.624597549438477,4.274965123165748,2.1819563043847787,2.500495442661495,-0.3504731930175112,-0.8220995911033085,-0.00012334453485923685,0.18013440071154987,0.6186116930773448,0.00036729677692521636,-2.1086774569314084,-0.02490409011712824
25.644571542739868,4.264555363995567,2.157522030608002,2.500493299499398,-0.3444241250204826,-0.804848903189714,-7.310332367102471e-05,0.17676714997473128,0.6283187730375548,0.0003370655169154017,-2.111639711764009,-0.1481127416300243
25.664637565612793,4.257702008546861,2.141551337497703,2.5004919028745456,-0.34092277000621973,-0.7921897773193612,-6.665700790870568e-05,0.17336211541188223,0.6375080339245841,0.0003077114381404007,-2.1134631292780415,-0.0911708757016294
25.684617042541504,4.254326286542263,2.1336280194296986,2.5004924603004404,-0.3385075565746626,-0.7866574915317673,-2.997291912584216e-05,0.1698766459491862,0.6467264429648768,0.0002778877979420604,-2.113554803208154,-0.004583696505622292
25.704604148864746,4.2475898768352645,2.1180248033154285,2.500491914475933,-0.33514513473602076,-0.7736351310913633,-2.4705977689695643e-05,0.16636047322247768,0.6554231907804261,0.0002489537778361129,-2.116598280941851,-0.15217388668484766
25.72476863861084,4.240963631105521,2.102640794479939,2.500492852453753,-0.3307484944834595,-0.7614921822831222,1.3438676572200222e-05,0.16430428258328314,0.6621230224524738,0.00021943765157663732,-2.117646262143753,-0.05239906009510964
25.74458956718445,4.231142396928181,2.080078242133441,2.5004938620728856,-0.3250628278213646,-0.7419919211404358,3.375684267252973e-05,0.16239896958884617,0.6693758749771724,0.00019014419320217735,-2.121519183287516,-0.19364605718814598
25.764654636383057,4.224673489249975,2.065372738392016,2.5004945733312995,-0.3218345501887745,-0.7285358752071033,3.727439031774994e-05,0.16041593102408605,0.6761493128453876,0.00016176149467044313,-2.123646315698232,-0.10635662053579686
25.784651041030884,4.221486046520865,2.058117855258115,2.500495095248943,-0.3196196346036475,-0.7218087465986902,4.16300670266283e-05,0.1563018458583335,0.6806424870419857,0.00013493739856541888,-2.124203041826083,-0.027836306392559074
25.804662942886353,4.2151246402110525,2.043818088761582,2.500495953092389,-0.31653469092094116,-0.7081542306382382,4.406771931962664e-05,0.15219348447380934,0.6847442946286199,0.00010896974469994462,-2.127705499566682,-0.17512288702994372
25.82465934753418,4.2088583515416635,2.0297949663717723,2.5004965118297955,-0.3126722911683682,-0.6943275641672597,3.627457549096081e-05,0.14834212166790245,0.687055253983431,8.519027459747432e-05,-2.1297204518391233,-0.1007476136220653
25.84457564353943,4.199567283269843,2.009286708079652,2.5004969787606206,-0.3076193501471307,-0.6733350900194738,1.9269176535511003e-05,0.14430393820676232,0.6879239806114792,6.370953085351288e-05,-2.1346229807461503,-0.2451264453513513
25.864663124084473,4.193443488629289,1.9959576351267323,2.5004973754899766,-0.3047735220731878,-0.6595702320726907,2.0334550534274143e-05,0.14028148805678994,0.688516001563009,4.2946838426806794e-05,-2.137135545283331,-0.1256282268590425
25.884613752365112,4.190423077179185,1.9894181755835056,2.5004965136312847,-0.30282389701025353,-0.652027636692072,-1.1352314221830332e-05,0.13691343074871445,0.6905958259387851,2.5616949583510117e-05,-2.1382181014656925,-0.05412780911806525
25.904548168182373,4.181420878824561,1.970195509142456,2.500494694233019,-0.29816890678261654,-0.630505415632969,-5.365076103580474e-05,0.13175771001398462,0.6922993643016282,1.1920226601639363e-05,-2.14434059077263,-0.30612446534687976
25.924691677093506,4.175483511498425,1.9577239578975323,2.5004936227134467,-0.29558481302572104,-0.6166451200484987,-5.3545206819899677e-05,0.12666154172641161,0.6936760785986009,-1.2830678267532408e-06,-2.147018763519638,-0.13390863735038838
25.94452214241028,4.169624324488785,1.9455754629427315,2.500489798431706,-0.2924170250143181,-0.6016314295975137,-0.0001234937245019518,0.12141921631027691,0.6932768005056905,-9.009882073289635e-06,-2.1509349827477062,-0.1958109614034198
25.964611291885376,4.163799921816305,1.9336814500476927,2.5004873262557816,-0.2900404854529381,-0.587772058840247,-0.0001237485814546601,0.11624623864624552,0.6926171792589313,-1.642403608169841e-05,-2.1547969503725195,-0.19309838124066392
25.984574556350708,4.1580491020348855,1.9221117899827305,2.5004820714821525,-0.28708978906420357,-0.5727449945801604,-0.00019357551812527427,0.11123458241800868,0.690884286395444,-1.8688574314932452e-05,-2.1588357074897093,-0.20193785585949087
26.004562854766846,4.149503170540029,1.9052734790973291,2.500474372526886,-0.28330376264197377,-0.551109479157144,-0.0002481712300260059,0.10848782159943608,0.685728720149562,-1.7141096119981824e-05,-2.1659732270729495,-0.356875979162008
26.024595499038696,4.14385860915082,1.8943880869559437,2.500469405778253,-0.2811615709495315,-0.5374472260075844,-0.00024849840724335714,0.10572942355468846,0.6804814381472336,-1.557329574683865e-05,-2.1695466036797724,-0.17866883034114434
26.044607162475586,4.141063922397113,1.889083872314804,2.500464554121532,-0.2798012496493008,-0.5296395064765502,-0.00031697267803809794,0.10373442222341057,0.6757990759645764,-9.529316471134717e-06,-2.1716367851180047,-0.10450907191161818
26.064647674560547,4.135488509587192,1.8786259242523382,2.500458213158697,-0.2777467945725695,-0.516171279518357,-0.000317103881161937,0.10170546031897548,0.6710051815669614,-3.6120277215720894e-06,-2.177126784485612,-0.2744999683803595
26.084589958190918,4.132724255040736,1.873541070657174,2.50045253516163,-0.2765059924139732,-0.5082816843994036,-0.0003892207773324611,0.10233529360485559,0.6641043979107701,6.755207033284276e-06,-2.1789918360932456,-0.09325258038168638
26.104485988616943,4.121748903204858,1.8538131391334673,2.500432750709335,-0.27233545048389113,-0.4799983311856378,-0.0004941650092980231,0.10614535505689762,0.6560766072442336,2.384146969864081e-05,-2.192382476218016,-0.6695320062385157
26.12459635734558,4.116323665278835,1.844343852803155,2.5004228732917344,-0.27017644000216834,-0.46695705036787144,-0.0004935214469661797,0.10971603821444786,0.6480520594486594,4.0432694908082915e-05,-2.1949957415834542,-0.13066326827191332
26.144521951675415,4.113619812634663,1.839748877615058,2.5004136055120307,-0.2692879783019953,-0.45936596515774464,-0.0006186890699342113,0.11260591518994688,0.6373269863220155,6.423961665978543e-05,-2.19856324974112,-0.17837540788328
26.16469979286194,4.108256756401253,1.830688314035227,2.5004012461292295,-0.2670087115212387,-0.4467257879828756,-0.0006171722803573242,0.11528601320114672,0.6267084279327738,8.731869862364938e-05,-2.2041845854021664,-0.28106678305233057
26.184597492218018,4.1029115825038245,1.8219553323096263,2.5003835888468635,-0.2654209767772161,-0.43235659808405247,-0.0007449028111426866,0.11570235055153269,0.6164553969112598,0.0001176107536793352,-2.211561166252652,-0.36882904252428794
26.20460057258606,4.097626325105384,1.8134308127201182,2.5003687162841692,-0.2631037805311725,-0.4201292160526171,-0.0007422556859691065,0.11599713521541097,0.606298830527677,0.00014694262621171974,-2.2164117607889087,-0.24252972681282348
26.22457480430603,4.094980284021387,1.8093121605027371,2.500358440060586,-0.26253249848897725,-0.41266816508029686,-0.0008218387293876937,0.11607762762092189,0.5958681767947096,0.0001797880186589567,-2.2204112638556213,-0.19997515333562976
26.244558811187744,4.0871384991486535,1.797257209276078,2.5003313971495094,-0.2595586333552865,-0.3932628582314108,-0.0008858509024274373,0.11606949470226409,0.5852723819784507,0.00021582630372931808,-2.2321789268899033,-0.5883831517141003
26.264662981033325,4.0819705347647774,1.7895083058501515,2.5003137256396033,-0.25723816982080744,-0.3816624274735831,-0.0008811839323529785,0.11596007815448027,0.5747894348988087,0.00025067328073599866,-2.2365407321641078,-0.21809026371022444
26.28459858894348,4.079389010293765,1.785769959396956,2.500302248800322,-0.2564994595828777,-0.3745834204139606,-0.0009577538858151677,0.11608941208135198,0.5668382575284946,0.0002884873898543795,-2.24100316498651,-0.22312164112010535
26.304535150527954,4.074282242700074,1.7783911293769457,2.5002831538767785,-0.2541771952775875,-0.3633260309829645,-0.0009516166978631271,0.11612078302625226,0.5589034451797764,0.0003250188586434775,-2.2476552635151013,-0.3326049264295694
26.324686765670776,4.069202303051694,1.771312180474336,2.5002604387245047,-0.25231571929038327,-0.35034631107656755,-0.00103457509239997,0.11922370703883071,0.5515240850869247,0.00036514227677201166,-2.256517327227868,-0.4431031856383383
26.344566583633423,4.061674157730864,1.7610894014425933,2.500227821024363,-0.24888058742156555,-0.33281807118899054,-0.0010724222184489817,0.14581617300756347,0.5364414248502176,0.0004066038965764101,-2.2683171505018933,-0.5899911637012645
26.36466908454895,4.05672743031582,1.7545393177931037,2.5002064565918123,-0.2457069558914869,-0.32224090095915103,-0.0010638876946614296,0.17137582686408145,0.5212593251414579,0.0004466067728620843,-2.272963557541722,-0.23232035199143297
26.384608507156372,4.054249288330108,1.7513765638925693,2.500196247519595,-0.2446823575298465,-0.31616890629140354,-0.0007720385983446777,0.1966209676459762,0.5098824263041533,0.03471217123721894,-2.277522706478345,-0.2279574468311507
26.404612064361572,4.049396596970829,1.7451543998196448,2.5001899653701725,-0.24050604981158696,-0.30608568740595643,0.0002535041260811654,0.22083974368314296,0.4984265559520574,0.06761657980494575,-2.282437488485075,-0.24573910033649504
26.42461657524109,4.044502444494766,1.7392022286019695,2.5001663406192067,-0.23918536502466542,-0.294479727755171,0.0006499436959313712,0.24783017152072068,0.485286264815325,0.1000683773463239,-2.2941230150465164,-0.5842763280720753
26.44458770751953,4.0373300569269155,1.7306316413524439,2.500171417031463,-0.23457811974292178,-0.2787101123752821,0.0022052132207529686,0.2816736497102215,0.475730195029463,0.13101523753590164,-2.3057493620373792,-0.5813173495431423
26.464706420898438,4.032697012486867,1.7251519383431078,2.500243721068501,-0.22861837166687585,-0.26929268850047144,0.005123927524697878,0.31405972103041824,0.46598029369228816,0.16063661764453602,-2.3070408388227657,-0.06457383926932181
26.484737396240234,4.030317517779798,1.7225186560978576,2.5002515752916956,-0.22831767851155355,-0.2636652518098379,0.005520585841013696,0.34624217187537804,0.460579672851459,0.18863546118981642,-2.314720462629472,-0.3839811903353141
26.504615306854248,4.02582248551017,1.717337090703262,2.5004015176517367,-0.22108310746621365,-0.254510370183572,0.009562784189881931,0.37697476192904184,0.45485501978429344,0.21537592558455196,-2.3146931591445887,0.0013651742441611603
26.524584770202637,4.021264054620039,1.712383365621636,2.5005303964523153,-0.2186757450272643,-0.24445744816593074,0.011155127209462653,0.399721492179911,0.4396541371127844,0.20342932523687937,-2.3266416805684806,-0.5974260711945956
26.54454755783081,4.0147492678453025,1.7052691460845961,2.5009188974049947,-0.21026713898718077,-0.2306829972632776,0.016514407793220394,0.42564467460669625,0.4356224441528993,0.23140670949899794,-2.3324610202268072,-0.2909669829163297
26.56464648246765,4.01063071796235,1.7007423239112534,2.501297267042837,-0.20150571469915343,-0.222013851716176,0.021411486732151548,0.45028532202896177,0.4312330642244104,0.2580861977094907,-2.3298441882398517,0.13084159934777517
26.58461022377014,4.008526761187698,1.6985564422164465,2.501499535761686,-0.19990954548255682,-0.21746485892095288,0.023167302486661902,0.4778990938079647,0.41872347242771185,0.2431239322299093,-2.3356069236667722,-0.2881367713460259
26.604628086090088,4.0046259202711125,1.6942900480433605,2.5020105276234563,-0.19008720842973717,-0.2092167693461778,0.027883241717503334,0.5041007090398991,0.4060602606490833,0.22853127732162434,-2.3299053131742933,0.2850805246239485
26.62463927268982,4.0007475525132765,1.6902068352852886,2.5025885993728774,-0.18416608154464517,-0.20071882201240526,0.03190587569259744,0.5335377066489122,0.38893282242994115,0.2145226658596577,-2.335050088528341,-0.2572387677023835
26.64473581314087,3.9936462829157686,1.682519810374216,2.5040700690493853,-0.16651016595728765,-0.18454972216248272,0.041224387497092736,0.5634225465586252,0.37210428735962864,0.20060833154973756,-2.3275084763987066,0.3770806064817167
26.66467571258545,3.990430675813589,1.678902114775223,2.5049337686240474,-0.15495629307974151,-0.1772759388953022,0.04510037252579945,0.5916982385755698,0.35527398842721203,0.18704903703009582,-2.316067124255612,0.5720676071547359
26.684618711471558,3.990390144069219,1.6789076324325245,2.5049441053322816,-0.1559020393322797,-0.1773413662181616,0.04527320911776954,0.6235434191516063,0.3346070272541187,0.17428298564316655,-2.3205546194909634,-0.2243747617675762
26.704563856124878,3.9844942475329765,1.6721396228662797,2.506949172194551,-0.13457524745259355,-0.16258210461251918,0.05379061539633861,0.65245534576255,0.3292242958166101,0.199926443418957,-2.2960844473415642,1.2235086074699586
26.724613666534424,3.9819350784318965,1.6689534560739114,2.5080666191310153,-0.12125079189253919,-0.15605322886049633,0.058035548388192214,0.679716929987972,0.32362810547132376,0.22436773248908976,-2.2777852033243393,0.9149622008612468
26.744625329971313,3.9796477418021214,1.6658967335694628,2.5092737735834545,-0.10739743039089743,-0.14963837124742896,0.06275740929175479,0.7053494935399782,0.31782328706163004,0.2476217109371101,-2.254108271722683,1.1838465800828146
26.764702081680298,3.979542927212099,1.6659210961025674,2.509277024919848,-0.1096149836578724,-0.14927912394762985,0.06270236789814311,0.7279784646621661,0.3012684025039646,0.23045973917413223,-2.2684255909041386,-0.7158659590727812
26.784653902053833,3.9774485731117286,1.6630009945931923,2.5105570490443596,-0.0965441057354935,-0.1432004410654696,0.06654541941789428,0.7389464918401254,0.28543360906393733,0.21390869628569967,-2.237009664368241,1.5707963267948966
26.8045654296875,3.9740896994252553,1.6575196226338564,2.513374083273826,-0.06899777235201629,-0.13147471749266215,0.07456797524342323,0.7422678015593315,0.2704930282854359,0.19762378096885033,-2.205593737832343,1.5707963267948966
26.824690341949463,3.972858381799692,1.6549432313927384,2.514903903541634,-0.054125391771320856,-0.12621417137287402,0.07836121088250474,0.7448475006285274,0.25556364042140467,0.18177150812861081,-2.1741778112964454,1.5707963267948966
26.844579219818115,3.972345710700625,1.6537009033501402,2.5156940762318247,-0.04678942458153954,-0.123482706367499,0.07998863030199424,0.7521520872278318,0.2531086125948312,0.16674523421849782,-2.1427618847605476,1.5707963267948966
26.86466884613037,3.9715607942274094,1.6512816871789049,2.517326216484672,-0.031680893217983695,-0.11844843077719334,0.08317666216508529,0.7585511477432678,0.25025272373885504,0.15212531662672396,-2.11134595822465,1.5707963267948966
26.88460683822632,3.9711086938590148,1.6489781087056632,2.5190420401596967,-0.015641356935558574,-0.11317014194997144,0.08666821513503002,0.7648360909365325,0.24550734039858524,0.1381155997696404,-2.079930031688752,1.5707963267948966
26.904545545578003,3.9709672791104036,1.6467597255968738,2.5208141397678214,0.0001945390583048976,-0.10839920374312643,0.08969806556345075,0.7543515729473858,0.24627389927154567,0.12458822480761929,-2.0485141051528544,1.5707963267948966
26.92457413673401,3.971121329626485,1.6446410188254512,2.522632135814703,0.015174792086610043,-0.10347081930293332,0.09205770702552081,0.7436355078132063,0.2464702813437435,0.11143852693326653,-2.0170981786169566,1.5707963267948966
26.944531679153442,3.9716548039393214,1.642587427420333,2.5245285822635197,0.03223514219127675,-0.09936223909996614,0.09498491310556648,0.7475049294480424,0.2564450860101421,0.09884927557650981,-1.9856822520810586,1.5707963267948966
26.96464705467224,3.9724492251431776,1.6406520989777,2.5264472291036797,0.04721717556109148,-0.0941398617701048,0.09683900534438795,0.7505643235895418,0.26566828512034657,0.08661954031983155,-1.9542663255451607,1.5707963267948966
26.984588623046875,3.973034771010815,1.639680453633603,2.527432522502911,0.05692839603219319,-0.09283422071408018,0.0979353378289777,0.7548657480127847,0.2561868862138326,0.07504497216153005,-1.9228503990092627,1.5707963267948966
27.004584789276123,3.9743245536533123,1.637874365697286,2.5294054835445934,0.07206119947826474,-0.08780676250297341,0.0993233112900481,0.7582653351776235,0.24653008785355243,0.06380839530420025,-1.8914344724733647,1.5707963267948966
27.024606704711914,3.976020919077038,1.6360915007935029,2.531421521740199,0.08952245493482776,-0.08469935082963165,0.10092675057942697,0.7270433823095593,0.2463925442995849,0.053106728093599745,-1.8600185459374667,1.5707963267948966
27.04451632499695,3.9791135597957914,1.6336306250386967,2.5344832160992308,0.11344237624670696,-0.07805645519004543,0.10272144828767835,0.6972559017264195,0.2607994151951903,0.042751958562662104,-1.8286026194015688,1.5707963267948966
27.064674854278564,3.9815198974472845,1.6321225767249592,2.5365455208741943,0.12709374724129016,-0.07270298529202031,0.10347556071349878,0.6679633334171828,0.2744168527752728,0.032711351394110036,-1.7971866928656708,1.5707963267948966
27.0845627784729,3.9843746251123697,1.6306625691147818,2.538636614295701,0.14490902885374332,-0.0688104001084434,0.10443223151033927,0.643875227674007,0.27622372957511293,0.023179241203780263,-1.7657707663297728,1.5707963267948966
27.104626178741455,3.9873999888594476,1.6293417137179276,2.5407292741794416,0.15754798464973746,-0.06326995520138576,0.10480297356171056,0.6200668400706749,0.27777909226593817,0.013944194643725299,-1.7508638126947558,0.745347681750852
27.12459897994995,3.9891609474253933,1.6286659224744935,2.5417895168913733,0.1679067660891361,-0.06208995322464362,0.10518947000869655,0.588538554601019,0.2812797190450005,0.005241975208792282,-1.7542540563789286,-0.16951218420864222
27.14453959465027,3.994641623885269,1.6268738178279307,2.5449619511944537,0.1904199159038747,-0.05520954632677243,0.10563758392545636,0.5594387748410719,0.28507752503285827,-0.0031360153586921877,-1.727919819408072,1.3167118485428286
27.164679765701294,3.9985599959892237,1.6258268770738336,2.5470735307939765,0.20132202751598907,-0.049473102161023935,0.10549335839448815,0.5308586056637533,0.2885056811857149,-0.011241357252477362,-1.7490831005122907,-1.0581640552109306
27.18454122543335,4.000764632592621,1.6252967200198514,2.548099102981179,0.2113183336044771,-0.04803830565205393,0.10448736108603232,0.5336434392236887,0.28282527202886465,-0.01878748855316437,-1.7176671739763927,1.5707963267948966
27.204601526260376,4.005097881397331,1.6243921379740187,2.5501846023245824,0.22201368638388813,-0.042438985979136826,0.10403826444189547,0.5357854429193799,0.27709917683781016,-0.026080181336490475,-1.7472698971330176,-1.4801361578312466
27.224652528762817,4.009866781424252,1.6235447727614816,2.5521880380377526,0.23811383361036106,-0.03819190447459865,0.10161186419980606,0.5459262536458196,0.2730710962675924,-0.03280147945178281,-1.7158539705971196,1.5707963267948966
27.24449324607849,4.017334706069378,1.6225086531203483,2.5551873637185536,0.2567761917284557,-0.03038755207065892,0.09959326803912798,0.5634096971559971,0.2689516817132687,-0.03914045494405846,-1.7340579206203959,-0.9101975011638119
27.264606714248657,4.022584012976098,1.6219544118733087,2.557170989654545,0.26820848969010436,-0.025050697286792243,0.09874894538138194,0.5796072072294175,0.2647143222912282,-0.04525455285528942,-1.7089257479811621,1.2566086319616865
27.284674882888794,4.028094934919032,1.621501707173064,2.559093277513873,0.28046989972785014,-0.0198634201862122,0.09679120310611532,0.5919382647461393,0.26189293875608594,-0.05089184797103814,-1.7401082080793433,-1.5591230049090576
27.30469536781311,4.033823486706606,1.6211566205111017,2.5610185578168227,0.29242266089255825,-0.01465523284753393,0.09571873039036267,0.6031530769146692,0.2588969363767171,-0.056320929084469104,-1.7086922815434453,1.5707963267948966
27.324669361114502,4.0367518751621665,1.6210252524347868,2.5619327486069996,0.2977773057090265,-0.011999165871167327,0.09402372866153806,0.614360977348023,0.25917814796495636,-0.061297046353782775,-1.7401082080793433,-1.5707963267948966
27.3446044921875,4.045914287652655,1.620784817235637,2.5646927405267457,0.31490351116481524,-0.004166233541157854,0.0911373801684777,0.6219835382785126,0.25713875310220413,-0.06591935993139585,-1.7086922815434453,1.5707963267948966
27.36469602584839,4.052337213918595,1.6207527743217316,2.566502005284097,0.32741127455490393,0.0009544767113542952,0.08977429883091363,0.6286315030200231,0.25489917458655625,-0.07035841800078654,-1.7401082080793433,-1.5707963267948966
27.384577989578247,4.058938092480857,1.6208253666240426,2.568248773765603,0.33820726392323514,0.006093411839250237,0.0874427170858317,0.6354767666823574,0.25162193361706564,-0.07438829476938201,-1.7086922815434453,1.5707963267948966
27.4045991897583,4.065829740850603,1.620997332976354,2.569982490235931,0.3509771560709934,0.011091781256632266,0.08591605912350289,0.6413519007324305,0.24818933740803129,-0.07824957668592958,-1.7401082080793433,-1.5707963267948966
27.42477536201477,4.069322552670176,1.621125616435206,2.570829918363446,0.356034694158474,0.013695190521979,0.0848831942599357,0.6464650689999041,0.24514593673858456,-0.08178867416730189,-1.7086922815434453,1.5707963267948966
27.444575309753418,4.08400050617762,1.6218861702712901,2.5741632159603958,0.3799058792826789,0.023901190317922292,0.08170138575483367,0.6474340920518125,0.2429539793104237,-0.0850484522617268,-1.7401082080793433,-1.5707963267948966
27.464720487594604,4.091728136513738,1.6224126293394612,2.575780024159105,0.39285781171326944,0.02873678447154328,0.07996906681655483,0.6476314971079078,0.24057442144866512,-0.0881586737897389,-1.719611225234722,1.0248491422310657
27.484610557556152,4.091701909433436,1.622418065459048,2.575782715303904,0.3919858435079885,0.028894820872339747,0.08001418407955968,0.6471129680882398,0.23936007587226865,-0.09103143997556865,-1.75102715177062,-1.5707963267948966
27.504557132720947,4.107843181277103,1.6237816966454726,2.5789341709939966,0.41652343590627383,0.0388553947039267,0.07691243999116228,0.6477954679571706,0.23873148283685117,-0.09365888284970487,-1.719611225234722,1.5707963267948966
27.524704933166504,4.116303215403236,1.6246064966885698,2.5804535195605034,0.429479644704158,0.04362169991623013,0.07501410478489345,0.6476960603645593,0.23785863754251885,-0.09615247424496973,-1.75102715177062,-1.5707963267948966
27.54459810256958,4.1206039286176654,1.6250600678626497,2.5812052388614717,0.4351995035663894,0.046142271458112734,0.07422655217397331,0.6457338666444228,0.23702934573060763,-0.0984156568241936,-1.7210376191982795,1.4994766286170247
27.564722776412964,4.129436900309713,1.6260302517646952,2.5826699421402854,0.4480888405190264,0.05087254880189729,0.07223664737236944,0.6430865049890745,0.23595842372430226,-0.10055418476035242,-1.7524535457341774,-1.5707963267948966
27.584596157073975,4.133930961293552,1.6265542636945418,2.5833978603848435,0.45397135389802945,0.053321785032288675,0.0715062401764742,0.6407669157282689,0.23527732174900337,-0.10248592470156853,-1.7278410260223862,1.2306259855895618
27.6046245098114,4.143138353171359,1.6276676970047261,2.584807365042492,0.4667578437904848,0.058018447525906326,0.0694381738481105,0.6377700611132134,0.23434784657572805,-0.10430147276179859,-1.7592569525582842,-1.5707963267948966
27.624562740325928,4.152586995937233,1.628879448929288,2.5861949619664863,0.4791664001130128,0.06280181603584481,0.06785725243999734,0.6347949137467148,0.23253488829961322,-0.10589645845336562,-1.7288718582573097,1.5192547150487234
27.644498109817505,4.167245700118473,1.6308711887640308,2.588197328222677,0.4981501645135148,0.06985154214553362,0.06506917016645754,0.6331236514142867,0.2307953613362354,-0.10729594458056294,-1.7602877847932077,-1.5707963267948966
27.664637804031372,4.1773351805227295,1.6323142522264364,2.5894771642502925,0.5107898968880591,0.07444830823954349,0.0629101078064367,0.630730127913546,0.22884665946721908,-0.10859340468618213,-1.744592692829741,0.7847545981733317
27.68459725379944,4.187678249568082,1.6338535175717437,2.590726915069253,0.5234328165115814,0.07911912168668668,0.06109410957012454,0.6290651880962373,0.2261208013498152,-0.10968176277746626,-1.776008619365639,-1.5707963267948966
27.704556226730347,4.203668019678892,1.6363327595451702,2.5925275605551255,0.5423947778180005,0.08598298286669939,0.05825478131644062,0.627145243079072,0.22222022149076945,-0.11059136595801267,-1.744592692829741,1.5707963267948966
27.724600076675415,4.214641179550183,1.6380965966160268,2.5936704817023846,0.5549123655519141,0.09038728391727285,0.056034596434410444,0.6244923030041101,0.21818817078517067,-0.1114124796017011,-1.776008619365639,-1.5707963267948966
27.74451208114624,4.220224494999299,1.6390154493356808,2.594229293934699,0.5612257930466774,0.0926431640604543,0.05501145255611427,0.6226749672968775,0.21295488957665992,-0.11208117881441726,-1.745172018795283,1.5418300285177988
27.76467490196228,4.231573387347752,1.6409105512271043,2.5953070662654407,0.5736548993026801,0.09684934939299508,0.0527638239894117,0.6201124095154367,0.20765220934840584,-0.11266815729527853,-1.776587945331181,-1.5707963267948966
27.784589529037476,4.243178812741041,1.64290481398874,2.5963430444164413,0.5862186556452614,0.10137442285943056,0.050536885143298245,0.6143897485523508,0.20323399990678714,-0.11305605067481182,-1.7598923970993816,0.8347774115899709
27.804600715637207,4.261050745960535,1.6460508574128574,2.5978143121687247,0.604883374517521,0.10781480529937423,0.04735262281031441,0.6104402556295832,0.19863815726414416,-0.11326941918725086,-1.7913083236352796,-1.5707963267948966
27.824748277664185,4.273270204403672,1.648246570104296,2.5987386999384197,0.6170470564970147,0.11174083481054616,0.045085670572011675,0.6058164434437996,0.1939494785513305,-0.11341451280671065,-1.7598923970993816,1.5707963267948966
27.844559907913208,4.2794811168396,1.649385234126759,2.5991899542488817,0.6233364096340733,0.11397537180743508,0.04409422716710298,0.5989386928853222,0.19045000055535682,-0.11344716262264065,-1.7913083236352796,-1.5707963267948966
27.864745378494263,4.2920671462734115,1.6517025916672992,2.6000491503310084,0.6352417468042176,0.11774827859821274,0.04182548162004851,0.5915027639913899,0.1868189453109437,-0.11341700675001508,-1.7631146391721437,1.409684223156793
27.884681463241577,4.298464710418436,1.6529020425992982,2.6004607229645895,0.6415507387294404,0.11991317248511453,0.04067140892216047,0.5850198636726879,0.18004155481973438,-0.11327376449904221,-1.7945305657080417,-1.5707963267948966
27.904645204544067,4.311412268260867,1.6553358620569478,2.6012515088130512,0.6531815261143536,0.1234461506085294,0.03840784453162435,0.5779642012994243,0.17325476887704608,-0.11307319763676017,-1.7689755721231344,1.2777496792453658
27.924609184265137,4.3246284883381305,1.6578629766965616,2.601997321102632,0.6655971950467627,0.12747101922342305,0.03614597650620472,0.5684950144502025,0.16814818412610588,-0.11271092274202758,-1.8003914986590324,-1.5707963267948966
27.944535493850708,4.344879590698987,1.6617806995937536,2.6030336987077747,0.6833325340683494,0.13296853510799,0.032845320360407264,0.5557292849475907,0.1612119584553377,-0.11219202113836962,-1.7781890230843798,1.1101237787326301
27.964666604995728,4.358656520007341,1.6644718514355616,2.603668203575041,0.6943167685444699,0.13612360601804566,0.03060704706200143,0.5426409249851429,0.15429904793410848,-0.11162782559392805,-1.8096049496202777,-1.5707963267948966
27.984638214111328,4.3656553813738554,1.6658573807245574,2.603971098612033,0.7004443313910907,0.13806743612759304,0.02958687907369781,0.528219961910322,0.1457929108917696,-0.11098938069076819,-1.7781890230843798,1.5707963267948966
28.004616498947144,4.379768938439183,1.6686473254179106,2.6045406829417166,0.7108624972710936,0.14089897683598748,0.027373819124505514,0.5135566906194342,0.13737599180547733,-0.11030982412751104,-1.8096049496202777,-1.5707963267948966
28.024622678756714,4.3941590612879615,1.671529017852208,2.6050664245114015,0.722792655626282,0.14448737656684948,0.02513610367517809,0.4982088404769416,0.12812764786680048,-0.10949378615658584,-1.7886261222250575,1.048941369761014
28.044536352157593,4.416120130787557,1.675947679084777,2.605767612141377,0.7391162344869798,0.14899944697224116,0.021778671051913726,0.4810195951665417,0.11777474835910567,-0.10853051197056944,-1.8200420487609554,-1.5707963267948966
28.064666509628296,4.430997507826692,1.67895054204247,2.6061815451829435,0.7485637990035953,0.15125295579008358,0.0196179440440681,0.4637185303845573,0.10760681744850151,-0.10753724040808228,-1.7886261222250575,1.5707963267948966
28.08460783958435,4.438556754845783,1.680493346655567,2.6063750176546945,0.7544818610104491,0.1529552910708565,0.01861426715869595,0.4457081589943795,0.09794547362843414,-0.10649537920166427,-1.8200420487609554,-1.5707963267948966
28.10458517074585,4.453734330103757,1.6835714059215219,2.606726074719472,0.7632154381008517,0.15481899295958698,0.016495001259421358,0.4276402033643784,0.08845267846995827,-0.10542680666005612,-1.7999623567084788,1.0039846026238308
28.12466788291931,4.469182696118485,1.6867359438215133,2.607025860619119,0.7741129197286948,0.15777658958431834,0.014162069354970625,0.41198906962767934,0.07942723086484596,-0.10423441069593734,-1.8313782832443768,-1.5707963267948966
28.144577264785767,4.49265590697779,1.6915369324140448,2.6074057717145314,0.7881582285912285,0.16098229991207774,0.011107117388134836,0.39518928838670186,0.06971438065436265,-0.10292327239220231,-1.7999623567084788,1.5707963267948966
28.164720058441162,4.50849698542652,1.6947698835742198,2.6076074176594854,0.7958933521247135,0.1622810929647075,0.009061903520257585,0.378310094232539,0.06019740544477943,-0.10159535610630928,-1.8313782832443768,-1.5707963267948966
28.184590578079224,4.524572432071799,1.6980673971011768,2.607761777634832,0.8053433422559193,0.164387170333078,0.006848808793020536,0.36013882072593983,0.049606597893676954,-0.10016409460014189,-1.8132917968949998,0.904324317468852
28.20462727546692,4.5407501150151015,1.701364367647558,2.6078788170038703,0.8123643656738376,0.16527537206371168,0.004859938443341713,0.34196293746491785,0.0392528841779672,-0.09872100145061316,-1.8447077234308977,-1.5707963267948966
28.224668264389038,4.5489415022482405,1.703043968269031,2.607922408402123,0.8171080469260775,0.166304897166768,0.0039163307891912375,0.3297349801621924,0.03166964735795373,-0.09725941351421838,-1.8132917968949998,1.5707963267948966
28.24458360671997,4.581969820701986,1.7097631779104443,2.607999423179961,0.8321003183352035,0.16851443251820278,-5.090903893289026e-05,0.3159402074710825,0.025158939037942706,-0.09562583895194592,-1.8447077234308977,-1.5707963267948966
28.26466727256775,4.598674087714632,1.7131380690857887,2.6079793889136784,0.8382798859143827,0.16895330127295524,-0.0019470606560985687,0.301991168894538,0.018743803743825484,-0.09398876391142859,-1.8199748454501898,1.2366438990353945
28.284584283828735,4.607101233447006,1.7148423490390043,2.6079514708327025,0.842005641775916,0.1694466862735629,-0.0029572279668531815,0.29006391012966276,0.010443491267752576,-0.09234052847592188,-1.8513907719860878,-1.5707963267948966
28.30460476875305,4.623998553322914,1.7182328269284388,2.607873968132925,0.847685884338863,0.16957402215673564,-0.004787542490680549,0.27792554376341533,0.0023193086543422284,-0.0906906768730267,-1.8199748454501898,1.5707963267948966
28.324604749679565,4.63251741044413,1.7199411044997854,2.607820220568271,0.8511059448282813,0.16986494501968133,-0.005718468644828349,0.26215946838185106,-0.006550051483754342,-0.08903572312862601,-1.8513907719860878,-1.5707963267948966
28.344605684280396,4.658195755287499,1.7250505676835184,2.6076026120593863,0.8594475125220614,0.1701922606329226,-0.008560864641285075,0.22705189545190066,0.0008283272376588217,-0.0872805374622075,-1.832506395066658,0.9442188459714895
28.36471152305603,4.675427811666012,1.7284550513142007,2.6074140554732237,0.8636435138148584,0.17027942323894385,-0.010288956661488411,0.19266832610877507,0.00782464621922371,-0.08552934668687885,-1.863922321602556,-1.5707963267948966
28.384604930877686,4.6841055625833,1.7301604626848952,2.6073066938489875,0.866206835002438,0.1704260007736276,-0.011098895160739756,0.15721072453836082,0.013393118164668032,-0.08378715586891786,-1.832506395066658,1.5707963267948966
28.40468955039978,4.701458816967141,1.7335720161208061,2.607068074405782,0.8690030330196308,0.17074681064991476,-0.012757258930443452,0.12253948551907606,0.018633536413166174,-0.08205009000592454,-1.863922321602556,-1.5707963267948966
28.424647331237793,4.718993692840641,1.7369496771535515,2.606792940826393,0.8746834943232895,0.16993116598766525,-0.014517904887760776,0.10673435481943307,0.00793566093499178,-0.08025689258446349,-1.832506395066658,1.5707963267948966
28.444515705108643,4.754203649616145,1.7437039106861194,2.6061384297746186,0.8821115371054119,0.16896047513414444,-0.017960113419469865,0.09120995845518776,-0.0033378947024703554,-0.07831886682625638,-1.863922321602556,-1.5707963267948966
28.464622974395752,4.771863091524404,1.7470817153681113,2.605763692243376,0.8837811815825488,0.16878336839293326,-0.019507225730847257,0.07576832552578758,-0.014325346553347584,-0.07639467578958699,-1.8549248601159134,0.44987307433213
28.484601974487305,4.771887906773642,1.747069512823744,2.605760184121827,0.8842460696338613,0.16839055369136796,-0.0195917519537286,0.04276619725503296,-0.006811094333523266,-0.07454282705506,-1.874383987568103,-0.9729563726094792
28.50462245941162,4.789579219554039,1.7504364429735586,2.6053535633355636,0.884777750403996,0.16832620070462476,-0.021064196434883754,0.01052866765940902,0.00031081137465296135,-0.07270375697613975,-1.842968061032205,1.5707963267948966
28.52466368675232,4.807366067555107,1.753794165104447,2.604929283399695,0.8869940849977321,0.16811941950308293,-0.02217037416269461,-0.019683745307491684,0.007914814259649579,-0.070854923380092,-1.874383987568103,-1.5707963267948966
28.544561624526978,4.834034502485653,1.7588162221820838,2.6042330595817877,0.8880798958905032,0.16765870821320358,-0.024296729066386507,-0.050568772994125204,0.014451509189098726,-0.06894595670568424,-1.8592330414892315,0.7575473039435732
28.564757108688354,4.851783965056457,1.762172703712704,2.6037334622138704,0.8867659015143123,0.1680099883381163,-0.025656701822008368,-0.0807068033077628,0.02061463454733357,-0.06705418592896811,-1.8906489680251295,-1.5707963267948966
28.58455991744995,4.86782746143513,1.7651422791206144,2.6032673128674717,0.8875211779890763,0.16688470400097047,-0.02665190455507693,-0.11143692986988926,0.02477429080357746,-0.06516377987642585,-1.8592330414892315,1.5707963267948966
28.60456132888794,4.885553587994231,1.768485190577314,2.6027213671293388,0.884991644419891,0.16741932284517536,-0.027936429109755693,-0.14138711601474602,0.028638707808807822,-0.0632917352223426,-1.8906489680251295,-1.5707963267948966
28.624614000320435,4.8944705489985285,1.7701120393433505,2.602436661089216,0.8853595162139597,0.16634863861310373,-0.028633101388783756,-0.17763846333786895,0.03183848338656842,-0.06144582027688805,-1.8592330414892315,1.5707963267948966
28.644554138183594,4.92103994567979,1.775071990146831,2.6015456325890742,0.8822393958424085,0.16605652896681986,-0.0305792823348777,-0.21384973578692193,0.033301919079556,-0.059544799426539834,-1.8906489680251295,-1.5707963267948966
28.66465735435486,4.938639603377301,1.7783998685097473,2.6009222636497973,0.8776092516092847,0.16673550921914887,-0.031751345993807974,-0.2489866260629679,0.03456253357134913,-0.05766511886836798,-1.871593582997265,0.9527692513932262
28.684590339660645,4.94747492953687,1.7800358093778499,2.600592587475454,0.8768201875136179,0.16617391398336814,-0.03255427451782514,-0.28638210037974204,0.036610219341672176,-0.055806035341522425,-1.903009509533163,-1.5707963267948966
28.704601526260376,4.9649516222429195,1.7833667345674238,2.5999304636291956,0.87072831920866,0.16692465561393452,-0.03365198564928171,-0.32261148596282163,0.03842546328078747,-0.05396869666533869,-1.871593582997265,1.5707963267948966
28.724661350250244,4.9824467939268295,1.7866740137381008,2.599250698982395,0.8676020094478777,0.16674482447080996,-0.03462909127466852,-0.3607048400928289,0.03935347637208551,-0.05212847141004546,-1.903009509533163,-1.5707963267948966
28.74450159072876,5.008409726871347,1.7916720073440184,2.598184897940524,0.859239654493176,0.1673102751513483,-0.03627815332358308,-0.3969891017231752,0.04055748180493034,-0.050246048334397934,-1.8781162822799844,1.2446613626589276
28.764599084854126,5.025512763694875,1.795026394035728,2.5974494098988163,0.8509471074951104,0.16813170375076678,-0.037264460080268874,-0.4320654442774391,0.04155045012359135,-0.04838881637794058,-1.9095322088158824,-1.5707963267948966
28.78464651107788,5.034080573515973,1.7966903643112302,2.597076022343403,0.8485927682427888,0.16801132464379204,-0.03766848371081411,-0.4649707436654029,0.04308343689094538,-0.04657816343704699,-1.8781162822799844,1.5707963267948966
28.804556369781494,5.05095729811109,1.800059298416217,2.596313456513785,0.8389738051130614,0.16888644561774926,-0.03858214588222942,-0.4967368136346635,0.04439141732658976,-0.04479215089313447,-1.9095322088158824,-1.5707963267948966
28.824602603912354,5.067780226410008,1.8034208014822535,2.5955334537921035,0.8323111491053053,0.1691724268255828,-0.039472718908528194,-0.5272036939618796,0.04551379531517148,-0.04300586042330831,-1.896742369320216,0.6394919747833239
28.844560623168945,5.092589990750755,1.8085052104261625,2.594329877624141,0.8184357369307197,0.17024632378053584,-0.040718807126507585,-0.5550933661318249,0.047930541007266736,-0.041195630695551995,-1.9281582958561139,-1.5707963267948966
28.864704847335815,5.108845879445905,1.8119198711232645,2.593507381671155,0.8070636239912473,0.17122693647719472,-0.0415248450872624,-0.5819461517647163,0.05008776291600057,-0.03941270266188332,-1.896742369320216,1.5707963267948966
28.884592294692993,5.1169367216970265,1.8136269207872564,2.5930999369549457,0.8023361040579038,0.1715281848548188,-0.041666265880477595,-0.613596445536469,0.052077933939736566,-0.037690729849369504,-1.9281582958561139,-1.5707963267948966
28.904565572738647,5.1328586749136935,1.8170680193143587,2.5922591869796685,0.7897577395574746,0.17258740786280852,-0.04240307899394168,-0.6440401015429883,0.05379999952864643,-0.03599493137551178,-1.896742369320216,1.5707963267948966
28.924622774124146,5.1486117428562945,1.820517998463785,2.5913995246128323,0.778798094848246,0.17336336127721008,-0.043201909012823,-0.671993554543005,0.05502658655137735,-0.03429993892435126,-1.9281582958561139,-1.5707963267948966
28.944591760635376,5.171724034839413,1.8257366865155946,2.5900816813926366,0.7598237062488684,0.17481648135354724,-0.044423226300730985,-0.7005769127899901,0.05460147682389584,-0.032574175520987174,-1.9225234827992248,0.28174065284445327
28.964682579040527,5.186778545338725,1.8292438986439448,2.5891868156364057,0.7455358803700974,0.17590268556181643,-0.04505769308915411,-0.7280161365523281,0.05398774923789717,-0.03087730235858456,-1.9503741360454698,-1.3925326623122514
28.984558582305908,5.201593591826051,1.8327689112898906,2.588290534142173,0.7319979327126075,0.17687531198587098,-0.04532555822261581,-0.7520997340299709,0.04999595569986955,-0.029215890801151487,-1.9189582095095719,1.5707963267948966
29.004547595977783,5.22323761150833,1.8381028040510006,2.58692019997894,0.7098353496298426,0.17849514745795608,-0.046140856322484165,-0.7771030572035055,0.044800842177554305,-0.027545935442009232,-1.9503741360454698,-1.5707963267948966
29.024706602096558,5.23727728422747,1.841681320481215,2.5859919835091736,0.6940521202816772,0.1793391557520445,-0.04667532314379756,-0.8010438741684802,0.03959891069579073,-0.025905678777711192,-1.9224263180483863,1.3973908998541784
29.04456853866577,5.244179437722778,1.8434885270526165,2.5855252370562716,0.685851761267879,0.18002450307365064,-0.04686716865390597,-0.8246220247577499,0.03230637166656302,-0.02431794948814208,-1.9538422445842842,-1.5707963267948966
29.064740896224976,5.257730029010692,1.8470949962725418,2.5845831345070627,0.6691322573301274,0.18059838051901916,-0.047337889396905614,-0.8471552977723694,0.02509484586969824,-0.022758885013477125,-1.936243297490443,0.8799473546920566
29.084644079208374,5.264387448782799,1.8489249515445179,2.584105578618536,0.6606919090027045,0.181444624549823,-0.04762087191637823,-0.8678995917773081,0.01757683295820964,-0.02124234810544317,-1.967659224026341,-1.5707963267948966
29.104626655578613,5.277426372707267,1.8525568634353489,2.5831490124155443,0.6431345712346647,0.1817218530975153,-0.0480307863316338,-0.8876734565604253,0.010163390243730362,-0.019753729353411697,-1.936243297490443,1.5707963267948966
29.124642372131348,5.29013308755627,1.8562456797042166,2.582195286274593,0.6257345003406792,0.18319161717602975,-0.04816031913127215,-0.9067187377131757,0.0028308698334807182,-0.018298916140042733,-1.967659224026341,-1.5707963267948966
29.1445209980011,5.308503278003955,1.8617804619325533,2.5807406230990018,0.5985658243113762,0.1843104932739483,-0.048753532873543386,-0.921049128883175,-0.0023491305013679845,-0.016836135854279365,-1.9720753129240804,-0.22080444488696838
29.164662837982178,5.320289468925615,1.8654658583214636,2.579762281303788,0.5800081365189973,0.18421199115327158,-0.049075865894445736,-0.9345887002194483,-0.0074954692116123685,-0.015401906112298384,-1.9789450059987652,-0.3434846537342384
29.184595584869385,5.331683820176492,1.8691998182252507,2.5787876866470327,0.5606828309918395,0.18527384092327678,-0.04905855696777742,-0.9475046187797822,-0.01419776590006733,-0.014008664115706795,-1.9831050940618506,-0.2080044031542716
29.20467710494995,5.342707154184972,1.8729020138831574,2.5778038052649768,0.5416101368885389,0.1849237309840215,-0.04932502984067734,-0.9596346824230272,-0.0207959448665372,-0.012643241313451816,-1.994127468206462,-0.551118707230569
29.22461199760437,5.34804927678225,1.8747805579562675,2.5773322301472916,0.5312370884809705,0.1855006485867509,-0.048782310669497154,-0.9595027997597314,-0.02970783636926086,-0.01136488615333693,-1.9690840881284257,1.2521690039018152
29.244532346725464,5.368475118952426,1.882229133179413,2.575402226413086,0.49140714455597934,0.18556328591220864,-0.048599352945185983,-0.9554319659907374,-0.03457177393375419,-0.0101032641304181,-2.0005000146643237,-1.5707963267948966
29.264687538146973,5.3781124602910735,1.8859331610927956,2.5744283015192826,0.472341453351996,0.1848233466048925,-0.04878901694648442,-0.9510928318799737,-0.03941941516434044,-0.008867414073570348,-2.0319159412002215,-1.5707963267948966
29.284630060195923,5.378080634835428,1.8859479748753887,2.5744254498795303,0.47138517744270964,0.1852204553394734,-0.048852552960881285,-0.938508850834924,-0.048020398045477496,-0.007688861234756716,-2.0005000146643237,1.5707963267948966
29.304519414901733,5.396057539595401,1.8933651950358816,2.57243355384939,0.4305915378482876,0.18438414681628265,-0.04999610170953041,-0.9377642776411245,-0.05559476139560581,-0.0064360727334335874,-2.0319159412002215,-1.5707963267948966
29.32470941543579,5.404481886666372,1.8970412601103706,2.5714324267451687,0.4118469503885154,0.18319751549207441,-0.050112524290102184,-0.9366300386713007,-0.06304832021527682,-0.005210742057248226,-2.063331867736119,-1.5707963267948966
29.344552278518677,5.412393174441226,1.9007291043227703,2.5704001201355555,0.3897097037806359,0.18278567660336564,-0.05094470802489002,-0.9327473100527082,-0.07027845407353472,-0.003962441277323199,-2.0319159412002215,1.5707963267948966
29.364651203155518,5.420001091828996,1.9043702862881127,2.5693805152725955,0.3710959035854081,0.18130882786266905,-0.0510117127680583,-0.9285868130492672,-0.07738609214718796,-0.0027427861274103454,-2.063331867736119,-1.5707963267948966
29.384538888931274,5.419954313562209,1.9043828322095917,2.5693646506899364,0.3696340078186365,0.18171704410523032,-0.05154329023602765,-0.9197998754527608,-0.07350252562761107,-0.0015523293344078969,-2.094747794272017,-1.5707963267948966
29.404564380645752,5.427163619069419,1.9080027197183709,2.5683335523819113,0.351325801047851,0.18028386850749867,-0.05156266567560168,-0.9110224433297257,-0.06985395638407282,-0.00038985787521375094,-2.063331867736119,1.5707963267948966
29.42465329170227,5.433873752830986,1.9116241351402212,2.5672685947736236,0.3298208819698081,0.1795957137299813,-0.052339285842424296,-0.9003519608230461,-0.06426590133810137,0.0007949892316233513,-2.094747794272017,-1.5707963267948966
29.444527626037598,5.446206986601688,1.9187493174100878,2.565134346393668,0.2904583816144241,0.17683742851409182,-0.05332161643010255,-0.8855853301881792,-0.0582141357436988,0.0020480920689738354,-2.1261637208079147,-1.5707963267948966
29.46461772918701,5.4518400100377375,1.9222748108210126,2.5640684056176832,0.27289241351020693,0.17573103466734047,-0.05326839108213298,-0.871049841887869,-0.05247744592946304,0.003269123056762228,-2.1575796473438125,-1.5707963267948966
29.484591960906982,5.4517912201333445,1.9222659014747956,2.564060069699261,0.27144930837306386,0.17548789167802242,-0.05353028076129325,-0.8571532769289005,-0.048512330514256734,0.004440664048867365,-2.18899557387971,-1.5707963267948966
29.50458264350891,5.457049691206301,1.9257662091679888,2.562990428784388,0.25444339655494874,0.17455529503452466,-0.05343000779805894,-0.8434739559931543,-0.044787063537661,0.005581547376671668,-2.220411500415608,-1.5707963267948966
29.52461528778076,5.4618057021957,1.9292022611276622,2.5618751924913283,0.23348983191818756,0.1724318567377468,-0.05456609259165734,-0.8418992954621275,-0.052648458715975247,0.006767567113710205,-2.2518274269515057,-1.5707963267948966
29.54455828666687,5.468336151804534,1.9343283395045103,2.560211190770559,0.20562497690877266,0.17020129882404358,-0.0551662335328805,-0.8334219544615323,-0.05539508651297982,0.007982665805779315,-2.2832433534874035,-1.5707963267948966
29.564677238464355,5.472282533324226,1.9377211014087612,2.5591095419337404,0.18904151330796995,0.16906560675153248,-0.05499471338745259,-0.8249205034728702,-0.05818052923139261,0.009163700027269682,-2.3146592800233012,-1.5707963267948966
29.584530115127563,5.474056375899482,1.9393978550500317,2.558556702512058,0.17876842072606783,0.16819928360768469,-0.05494168292920097,-0.8136086669234894,-0.05653669111817843,0.010292409160195715,-2.346075206559199,-1.5707963267948966
29.604544401168823,5.477469773503906,1.9427506324325514,2.5574600009531205,0.16260883240011817,0.1670832327653255,-0.054724819077524814,-0.8023608676000461,-0.05510320553944489,0.011388580794645152,-2.3774911330950967,-1.5707963267948966
29.624653100967407,5.48045463509259,1.946073360673202,2.556379228387932,0.14399717753777658,0.1657946178574292,-0.054211155424278304,-0.7920631031607991,-0.05234774834786352,0.012424514278189589,-2.4089070596309945,-1.5707963267948966
29.644564867019653,5.484353838853576,1.9510122981078564,2.554756926377355,0.1184856512253769,0.1638403159532387,-0.05388774371568391,-0.7832339178044816,-0.058202814364166994,0.013437679581815406,-2.4403229861668922,-1.5707963267948966
29.66463589668274,5.486567493799693,1.954277075311409,2.553681925044486,0.10290927967554132,0.1626180066575753,-0.05360911479355434,-0.7744030496231822,-0.06402213280541139,0.01442011823651872,-2.47173891270279,-1.5707963267948966
29.68460512161255,5.48838749628878,1.9575005503387641,2.5526068837968285,0.08536259795060513,0.16068218504357204,-0.053444096491921105,-0.7749955215901997,-0.09893638612894537,0.015369706505726857,-2.5031548392386878,-1.5707963267948966
29.70456600189209,5.490560853559107,1.9622945534694012,2.551017086532827,0.06108169794885094,0.15800044472874722,-0.05276115126202903,-0.7713589274541144,-0.1375690312092303,0.01627727976195365,-2.5345707657745855,-1.5707963267948966
29.72466516494751,5.491628470076844,1.9654245363546885,2.5499651780114236,0.04569286749011237,0.1548732821307622,-0.052426772623768776,-0.7674848982760354,-0.17493777055630474,0.017155761284656647,-2.5659866923104833,-1.5707963267948966
29.744537353515625,5.4920272601511515,1.967019214936278,2.5494597925974856,0.037392973878483574,0.15437811217128034,-0.05171146492790165,-0.7791154477698359,-0.21969500529034272,0.017953522026635745,-2.597402618846381,-1.5707963267948966
29.764710664749146,5.492618562684349,1.9700599301229895,2.548429205858292,0.021701273374534584,0.1495492583257279,-0.05134463826291088,-0.7899174566199831,-0.2629397476203799,0.018724745350554496,-2.6288185453822788,-1.5707963267948966
29.78458285331726,5.492902273264587,1.9731918654628156,2.547445849129364,0.006234089739418243,0.14878721603456233,-0.049956895610006845,-0.7887202321910113,-0.32160393080234984,0.019394018281247174,-2.6602344719181765,-1.5707963267948966
29.804553031921387,5.49286930408342,1.9760994770903644,2.54645063346956,-0.009526135484590834,0.1417849916536168,-0.049562517306884525,-0.7872585955272138,-0.37829082378945933,0.020039941543448098,-2.6916503984540743,-1.5707963267948966
29.8245792388916,5.4927647930740875,1.9776620351150165,2.5459847343332314,-0.016340812112672375,0.14219378232732613,-0.04853714932328487,-0.7634479073385273,-0.4373795518818101,0.020597503000177143,-2.723066324989972,-1.5707963267948966
29.844578742980957,5.491944495834954,1.9819542703915087,2.5445647902215014,-0.038751992267873715,0.13521628350043757,-0.04714965785037996,-0.7427915187560363,-0.46582547799636875,0.021083566354099394,-2.75448225152587,-1.5707963267948966
29.864673614501953,5.491022248496974,1.9845635863217248,2.543626045247953,-0.05340563649224619,0.12562393433744046,-0.046723281467020705,-0.7226599172077814,-0.49323823071480505,0.021550981003161707,-2.7858981780617675,-1.5707963267948966
29.884579181671143,5.48978491688786,1.9872662741417262,2.542735256083963,-0.06854386949627989,0.12262004469158519,-0.04531548151905924,-0.716843441144851,-0.5178160675707462,0.021929735356056385,-2.8173141045976653,-1.5707963267948966
29.90455985069275,5.487375064949859,1.990853348247449,2.541409822703915,-0.09081727373753065,0.11093713251399888,-0.04396617253803962,-0.7059576935097024,-0.5287015389520807,0.022245713589846897,-2.848730031133563,-1.5707963267948966
29.924646377563477,5.485418248923242,1.9929656510848788,2.5405349687512255,-0.10482835845728135,0.10025860957466828,-0.043518216720374064,-0.6951665551199593,-0.5390641415066686,0.022547519423782598,-2.880145957669461,-1.5707963267948966
29.94461750984192,5.484319865425087,1.9940257514329107,2.5401234876054315,-0.11202996648530492,0.09697334585097397,-0.04264844000566997,-0.6764051067533015,-0.5629802700668292,0.022789013556577392,-2.9115618842053586,-1.5707963267948966
29.964677572250366,5.481945211335778,1.9958510789513664,2.5392750920958282,-0.12537453545799612,0.08548308423388856,-0.042190346696791795,-0.6581329291636894,-0.5858769998781831,0.02301829322568344,-2.9429778107412563,-1.5707963267948966
29.98457169532776,5.479278603974891,1.9975319839301275,2.538467695862088,-0.13904913115359857,0.07592203826800477,-0.04094590117015349,-0.6342318913142194,-0.5876734461786741,0.02318041989912829,-2.974393737277154,-1.5707963267948966
30.004608392715454,5.476372336688782,1.998932783936612,2.537653424225959,-0.15150003682965246,0.06415288548787901,-0.04048075564291347,-0.6109635954469832,-0.5891965728047996,0.023332461844824,-3.005809663813052,-1.5707963267948966
30.024629831314087,5.474796173793027,1.9995831241656083,2.5372684127706355,-0.15834784822658415,0.059311696277203715,-0.03971933651727423,-0.5929850672858932,-0.5858195492322169,0.023438915821140736,-3.0372255903489496,-1.5707963267948966
30.044519662857056,5.469721397116181,2.001102810480177,2.5361021931548744,-0.17764360416712602,0.0418897011005563,-0.03859914703466023,-0.5760827311043382,-0.5713092201363349,0.023506189937094975,-3.0373239699822383,-0.004918981664436828
30.064652681350708,5.466054418238011,2.0018272900569656,2.5353349155599547,-0.18899907924437723,0.03060529594176533,-0.03812841331163084,-0.5595213608270867,-0.5571973379664265,0.02356593517220184,-3.0059080434463405,1.5707963267948966
30.084530115127563,5.464084191849882,2.0020657046355095,2.5349606448175184,-0.19595092742534687,0.023817059547463774,-0.03780253412524295,-0.546222563729599,-0.5569045732895181,0.023612612710359852,-2.9880578846167296,0.892507941480547
30.104748249053955,5.455751076934929,2.0024672614399237,2.5331147813605033,-0.21899893848673344,-0.0010074428212340344,-0.0470703834147104,-0.5367842744245341,-0.5515376013886293,0.024301087429736516,-2.956641958080832,1.5707963267948966
30.12462615966797,5.451264365343168,2.002337162108,2.53217827840839,-0.22964110539799645,-0.011984650869535051,-0.04657771003773134,-0.5274496838064217,-0.5461857574699007,0.024961620539157875,-2.925226031544934,1.5707963267948966
30.144543409347534,5.4489408419597725,2.0021250180459744,2.5313101919301144,-0.23484797470315708,-0.019315772600348096,-0.05744080289872392,-0.5188052932363871,-0.5446211331886662,0.026292353412490477,-2.8938101050090363,1.5707963267948966
30.16477632522583,5.444140691976624,2.001629889000278,2.5301667205847975,-0.24513859031889995,-0.0301914958507393,-0.05690206049431232,-0.5102752982354669,-0.5429303314496514,0.027573704581268343,-2.877930064030828,0.7940020489104249
30.1845486164093,5.441651147925918,2.001210518956093,2.529553971902677,-0.2504968308368403,-0.03822460575401107,-0.057324917783344864,-0.4972316264326045,-0.5427595495897993,0.028816896465236348,-2.8639804802908344,0.6974791869996722
